H,連系線確保量,対象年月,ブロック数,取引期間
P,確報値,202509,8,週取引
T,順方向元エリア,逆方向元エリア,週取引：連系線確保量上限値（順方向）[MW],週取引：連系線確保量上限値（逆方向）[MW],週取引：連系線確保量（順方向）[MW],週取引：連系線確保量（逆方向）[MW]
20250901B01,北海道,東北,116.333,150,0,61
20250901B01,東北,東京,555.333,2124,111.354,0
20250901B01,東京,中部,441.966,308,0,0
20250901B01,中部,関西,843.948,0,325.782,0
20250901B01,中部,北陸,266.333,0,0,0
20250901B01,北陸,関西,1179.333,646.667,6.34,14
20250901B01,関西,中国,2504.064,3313.958,332.371,0
20250901B01,関西_関西-中国間(東),中国_関西-中国間(東),2504.064,3313.958,332.371,0
20250901B01,関西_関西-中国間(西),中国_関西-中国間(西),2504.064,3313.958,332.371,0
20250901B01,関西,四国,0,0,0,0
20250901B01,中国,四国,1082.29,241.268,56,44
20250901B01,中国,九州,361.45,0,159.087,0
20250901B02,北海道,東北,116.333,150,0,63
20250901B02,東北,東京,555.333,2124,0,0
20250901B02,東京,中部,870.345,308,0,0
20250901B02,中部,関西,864.722,0,92.182,0
20250901B02,中部,北陸,263.444,0,0,0
20250901B02,北陸,関西,1370.016,644,0,1.92
20250901B02,関西,中国,2503.164,3273.556,123.264,0
20250901B02,関西_関西-中国間(東),中国_関西-中国間(東),2503.164,3273.556,123.264,0
20250901B02,関西_関西-中国間(西),中国_関西-中国間(西),2503.164,3273.556,123.264,0
20250901B02,関西,四国,0,0,0,0
20250901B02,中国,四国,1081.588,440.069,43,43
20250901B02,中国,九州,367.161,0,11,0
20250901B03,北海道,東北,111.556,150,0,150
20250901B03,東北,東京,377.556,2132.454,364,0
20250901B03,東京,中部,0,0,0,0
20250901B03,中部,関西,103.1,0,1.92,0
20250901B03,中部,北陸,234.833,0,0,0
20250901B03,北陸,関西,818.285,349.2,38,35
20250901B03,関西,中国,2509.293,551.071,166,0
20250901B03,関西_関西-中国間(東),中国_関西-中国間(東),2509.293,551.071,166,0
20250901B03,関西_関西-中国間(西),中国_関西-中国間(西),2509.293,551.071,166,0
20250901B03,関西,四国,0,0,0,0
20250901B03,中国,四国,771.114,323.063,28,47
20250901B03,中国,九州,289.579,0,94,0
20250901B04,北海道,東北,0,0,0,0
20250901B04,東北,東京,473.111,2146.639,0,0
20250901B04,東京,中部,485.04,406,0,5.667
20250901B04,中部,関西,565.058,116.667,0,116.667
20250901B04,中部,北陸,115.267,0,0,0
20250901B04,北陸,関西,796.753,996,42,36
20250901B04,関西,中国,2507.616,1539.947,195,24.287
20250901B04,関西_関西-中国間(東),中国_関西-中国間(東),2507.616,1539.947,195,24.287
20250901B04,関西_関西-中国間(西),中国_関西-中国間(西),2507.616,1539.947,195,24.287
20250901B04,関西,四国,0,0,0,0
20250901B04,中国,四国,866.613,75.736,48,67
20250901B04,中国,九州,218.936,291.333,0,77
20250901B05,北海道,東北,0,0,0,0
20250901B05,東北,東京,485.333,194.887,0,0
20250901B05,東京,中部,619.86,406,16.333,0
20250901B05,中部,関西,960.767,116.667,0,116.667
20250901B05,中部,北陸,104.4,0,0,0
20250901B05,北陸,関西,628.508,1172.608,8,0
20250901B05,関西,中国,1202.204,1452.84,206.046,0
20250901B05,関西_関西-中国間(東),中国_関西-中国間(東),1202.204,1452.84,206.046,0
20250901B05,関西_関西-中国間(西),中国_関西-中国間(西),1202.204,1452.84,206.046,0
20250901B05,関西,四国,0,0,0,0
20250901B05,中国,四国,1080.633,110.102,45,91
20250901B05,中国,九州,217.687,286.167,88.05,0
20250901B06,北海道,東北,0,0,0,0
20250901B06,東北,東京,489.222,72.667,0,0
20250901B06,東京,中部,408.723,406,3.333,0
20250901B06,中部,関西,1188.198,116.667,0,116.667
20250901B06,中部,北陸,124.512,0,0,0
20250901B06,北陸,関西,682.212,1273.2,49,36
20250901B06,関西,中国,1222.654,1754.76,172.456,28.877
20250901B06,関西_関西-中国間(東),中国_関西-中国間(東),1222.654,1754.76,172.456,28.877
20250901B06,関西_関西-中国間(西),中国_関西-中国間(西),1222.654,1754.76,172.456,28.877
20250901B06,関西,四国,0,0,0,0
20250901B06,中国,四国,1057.41,378.481,37,67
20250901B06,中国,九州,325.712,238.167,185,0
20250901B07,北海道,東北,0,0,0,0
20250901B07,東北,東京,498.667,2124,0,0
20250901B07,東京,中部,354.667,352.667,0,89.667
20250901B07,中部,関西,1095.253,116.667,0,116.667
20250901B07,中部,北陸,219.667,0,0,0
20250901B07,北陸,関西,1309.965,1225.511,46,14
20250901B07,関西,中国,1098.236,2641.404,195.06,0
20250901B07,関西_関西-中国間(東),中国_関西-中国間(東),1098.236,2641.404,195.06,0
20250901B07,関西_関西-中国間(西),中国_関西-中国間(西),1098.236,2641.404,195.06,0
20250901B07,関西,四国,0,0,0,0
20250901B07,中国,四国,972.519,714.44,30,49
20250901B07,中国,九州,496.369,51.944,104.947,0
20250901B08,北海道,東北,108.222,150,0,91
20250901B08,東北,東京,387,2124.305,387,0
20250901B08,東京,中部,114.487,0,0,0
20250901B08,中部,関西,745.274,372.222,1.92,0
20250901B08,中部,北陸,260.889,0,0,0
20250901B08,北陸,関西,643.536,602.133,40,14
20250901B08,関西,中国,1976.104,3041.872,134.927,6.216
20250901B08,関西_関西-中国間(東),中国_関西-中国間(東),1976.104,3041.872,134.927,6.216
20250901B08,関西_関西-中国間(西),中国_関西-中国間(西),1976.104,3041.872,134.927,6.216
20250901B08,関西,四国,0,0,0,0
20250901B08,中国,四国,1081.762,506.044,27,44
20250901B08,中国,九州,420.993,193.632,123.223,0
20250902B01,北海道,東北,116.333,150,0,61
20250902B01,東北,東京,555.333,2124,245.6,0
20250902B01,東京,中部,0,0,0,0
20250902B01,中部,関西,943.948,500,110.642,0
20250902B01,中部,北陸,266.333,0,0,0
20250902B01,北陸,関西,1179.333,646.667,0,14
20250902B01,関西,中国,2504.064,3313.958,183.891,0
20250902B01,関西_関西-中国間(東),中国_関西-中国間(東),2504.064,3313.958,183.891,0
20250902B01,関西_関西-中国間(西),中国_関西-中国間(西),2504.064,3313.958,183.891,0
20250902B01,関西,四国,0,0,0,0
20250902B01,中国,四国,1082.29,241.268,56,44
20250902B01,中国,九州,381.45,171.611,133.848,0
20250902B02,北海道,東北,116.333,150,0,63
20250902B02,東北,東京,555.333,2124,241,0
20250902B02,東京,中部,420.345,0,0,0
20250902B02,中部,関西,964.722,500,70.182,0
20250902B02,中部,北陸,263.444,0,0,0
20250902B02,北陸,関西,1370.016,644,0,27
20250902B02,関西,中国,2503.164,3273.556,76.134,0
20250902B02,関西_関西-中国間(東),中国_関西-中国間(東),2503.164,3273.556,76.134,0
20250902B02,関西_関西-中国間(西),中国_関西-中国間(西),2503.164,3273.556,76.134,0
20250902B02,関西,四国,0,0,0,0
20250902B02,中国,四国,1081.588,440.069,43,43
20250902B02,中国,九州,387.161,110.556,49.891,0
20250902B03,北海道,東北,111.556,150,0,40.8
20250902B03,東北,東京,377.556,2132.454,334.2,0
20250902B03,東京,中部,778.14,40.667,90,0
20250902B03,中部,関西,333.1,0,1.92,0
20250902B03,中部,北陸,234.833,0,0,0
20250902B03,北陸,関西,818.285,349.2,38,35
20250902B03,関西,中国,2509.293,551.071,267.95,45
20250902B03,関西_関西-中国間(東),中国_関西-中国間(東),2509.293,551.071,267.95,45
20250902B03,関西_関西-中国間(西),中国_関西-中国間(西),2509.293,551.071,267.95,45
20250902B03,関西,四国,0,0,0,0
20250902B03,中国,四国,771.114,323.063,28,47
20250902B03,中国,九州,289.579,53.667,215,0
20250902B04,北海道,東北,150,150,0,24
20250902B04,東北,東京,473.111,2146.639,261,0
20250902B04,東京,中部,485.04,406,0,5.667
20250902B04,中部,関西,565.058,116.667,0,116.667
20250902B04,中部,北陸,115.267,0,0,0
20250902B04,北陸,関西,796.753,996,42,36
20250902B04,関西,中国,2507.616,1539.947,245.165,24.287
20250902B04,関西_関西-中国間(東),中国_関西-中国間(東),2507.616,1539.947,245.165,24.287
20250902B04,関西_関西-中国間(西),中国_関西-中国間(西),2507.616,1539.947,245.165,24.287
20250902B04,関西,四国,0,0,0,0
20250902B04,中国,四国,866.613,75.736,50,69
20250902B04,中国,九州,218.936,291.333,111,0
20250902B05,北海道,東北,150,150,0,7
20250902B05,東北,東京,485.333,194.887,251,1
20250902B05,東京,中部,619.86,406,16.333,0
20250902B05,中部,関西,960.767,116.667,0,116.667
20250902B05,中部,北陸,104.4,0,0,0
20250902B05,北陸,関西,628.508,1172.608,29,29
20250902B05,関西,中国,1202.204,1452.84,255.729,88.285
20250902B05,関西_関西-中国間(東),中国_関西-中国間(東),1202.204,1452.84,255.729,88.285
20250902B05,関西_関西-中国間(西),中国_関西-中国間(西),1202.204,1452.84,255.729,88.285
20250902B05,関西,四国,0,0,0,0
20250902B05,中国,四国,1080.633,110.102,53.398,77.378
20250902B05,中国,九州,217.687,286.167,146,0
20250902B06,北海道,東北,150,150,1.9,6.7
20250902B06,東北,東京,489.222,72.667,266.2,0
20250902B06,東京,中部,408.723,406,0,57.9
20250902B06,中部,関西,1188.198,116.667,0,116.667
20250902B06,中部,北陸,124.512,0,0,0
20250902B06,北陸,関西,682.212,1273.2,49,36
20250902B06,関西,中国,1222.654,1754.76,182.333,19
20250902B06,関西_関西-中国間(東),中国_関西-中国間(東),1222.654,1754.76,182.333,19
20250902B06,関西_関西-中国間(西),中国_関西-中国間(西),1222.654,1754.76,182.333,19
20250902B06,関西,四国,0,0,0,0
20250902B06,中国,四国,1057.41,378.481,38,68
20250902B06,中国,九州,325.712,238.167,185,0
20250902B07,北海道,東北,147.556,150,0,89.7
20250902B07,東北,東京,498.667,2124,439.3,0
20250902B07,東京,中部,354.667,352.667,0,236.537
20250902B07,中部,関西,1095.253,116.667,0,116.667
20250902B07,中部,北陸,219.667,0,0,0
20250902B07,北陸,関西,1309.965,1225.511,46,14
20250902B07,関西,中国,1098.236,2641.404,174.85,46.482
20250902B07,関西_関西-中国間(東),中国_関西-中国間(東),1098.236,2641.404,174.85,46.482
20250902B07,関西_関西-中国間(西),中国_関西-中国間(西),1098.236,2641.404,174.85,46.482
20250902B07,関西,四国,0,0,0,0
20250902B07,中国,四国,972.519,714.44,30,49
20250902B07,中国,九州,496.369,51.944,116.87,0
20250902B08,北海道,東北,108.222,150,0,91
20250902B08,東北,東京,387,2124.305,387,0
20250902B08,東京,中部,114.487,0,0,0
20250902B08,中部,関西,745.274,372.222,36.05,0
20250902B08,中部,北陸,260.889,0,0,0
20250902B08,北陸,関西,643.536,602.133,0,38.685
20250902B08,関西,中国,1976.104,3041.872,26.045,12.955
20250902B08,関西_関西-中国間(東),中国_関西-中国間(東),1976.104,3041.872,26.045,12.955
20250902B08,関西_関西-中国間(西),中国_関西-中国間(西),1976.104,3041.872,26.045,12.955
20250902B08,関西,四国,0,0,0,0
20250902B08,中国,四国,1081.762,506.044,0,39
20250902B08,中国,九州,420.993,193.632,15.8,0
20250903B01,北海道,東北,116.333,150,0,61
20250903B01,東北,東京,555.333,2124,227.4,0
20250903B01,東京,中部,0,0,0,0
20250903B01,中部,関西,943.948,500,156.067,0
20250903B01,中部,北陸,266.333,0,0,0
20250903B01,北陸,関西,1179.333,646.667,8,24
20250903B01,関西,中国,2504.064,3313.958,148.237,0
20250903B01,関西_関西-中国間(東),中国_関西-中国間(東),2504.064,3313.958,148.237,0
20250903B01,関西_関西-中国間(西),中国_関西-中国間(西),2504.064,3313.958,148.237,0
20250903B01,関西,四国,0,0,0,0
20250903B01,中国,四国,1082.29,241.268,56,44
20250903B01,中国,九州,381.45,171.611,98.194,0
20250903B02,北海道,東北,116.333,150,0,63
20250903B02,東北,東京,555.333,2124,111.79,0
20250903B02,東京,中部,420.345,0,0,0
20250903B02,中部,関西,964.722,500,53.117,0
20250903B02,中部,北陸,263.444,0,0,0
20250903B02,北陸,関西,1370.016,644,0,37
20250903B02,関西,中国,2503.164,3273.556,51.579,0
20250903B02,関西_関西-中国間(東),中国_関西-中国間(東),2503.164,3273.556,51.579,0
20250903B02,関西_関西-中国間(西),中国_関西-中国間(西),2503.164,3273.556,51.579,0
20250903B02,関西,四国,0,0,0,0
20250903B02,中国,四国,1081.588,440.069,43,43
20250903B02,中国,九州,387.161,110.556,25.336,0
20250903B03,北海道,東北,111.556,150,0,63
20250903B03,東北,東京,377.556,2132.454,312,0
20250903B03,東京,中部,778.14,40.667,0,0
20250903B03,中部,関西,333.1,0,1.92,0
20250903B03,中部,北陸,234.833,0,0,0
20250903B03,北陸,関西,818.285,349.2,48,45
20250903B03,関西,中国,2509.293,551.071,268.355,47
20250903B03,関西_関西-中国間(東),中国_関西-中国間(東),2509.293,551.071,268.355,47
20250903B03,関西_関西-中国間(西),中国_関西-中国間(西),2509.293,551.071,268.355,47
20250903B03,関西,四国,0,0,0,0
20250903B03,中国,四国,771.114,323.063,28.405,47
20250903B03,中国,九州,289.579,53.667,215,0
20250903B04,北海道,東北,0,0,0,0
20250903B04,東北,東京,473.111,2146.639,0,0
20250903B04,東京,中部,0,0,0,0
20250903B04,中部,関西,565.058,116.667,0,111
20250903B04,中部,北陸,115.267,0,0,0
20250903B04,北陸,関西,796.753,996,8,2
20250903B04,関西,中国,2507.616,1539.947,323.81,68
20250903B04,関西_関西-中国間(東),中国_関西-中国間(東),2507.616,1539.947,323.81,68
20250903B04,関西_関西-中国間(西),中国_関西-中国間(西),2507.616,1539.947,323.81,68
20250903B04,関西,四国,0,0,0,0
20250903B04,中国,四国,866.613,75.736,145,60
20250903B04,中国,九州,218.936,291.333,111,0
20250903B05,北海道,東北,0,0,0,0
20250903B05,東北,東京,485.333,194.887,0,0
20250903B05,東京,中部,0,0,0,0
20250903B05,中部,関西,960.767,116.667,0,116.667
20250903B05,中部,北陸,104.4,0,0,0
20250903B05,北陸,関西,628.508,1172.608,8,1.72
20250903B05,関西,中国,1202.204,1452.84,291.265,93.971
20250903B05,関西_関西-中国間(東),中国_関西-中国間(東),1202.204,1452.84,291.265,93.971
20250903B05,関西_関西-中国間(西),中国_関西-中国間(西),1202.204,1452.84,291.265,93.971
20250903B05,関西,四国,0,0,0,0
20250903B05,中国,四国,1080.633,110.102,184,81
20250903B05,中国,九州,217.687,286.167,96,0
20250903B06,北海道,東北,0,0,0,0
20250903B06,東北,東京,539.222,72.667,0,0
20250903B06,東京,中部,0,0,0,0
20250903B06,中部,関西,1188.198,116.667,0,115
20250903B06,中部,北陸,124.512,0,0,0
20250903B06,北陸,関西,682.212,1273.2,22.877,9.877
20250903B06,関西,中国,1222.654,1754.76,219.677,46.877
20250903B06,関西_関西-中国間(東),中国_関西-中国間(東),1222.654,1754.76,219.677,46.877
20250903B06,関西_関西-中国間(西),中国_関西-中国間(西),1222.654,1754.76,219.677,46.877
20250903B06,関西,四国,0,0,0,0
20250903B06,中国,四国,1057.41,378.481,193,75
20250903B06,中国,九州,325.712,238.167,209.679,0
20250903B07,北海道,東北,0,0,0,0
20250903B07,東北,東京,548.667,2124,0,0
20250903B07,東京,中部,354.667,352.667,0,89.667
20250903B07,中部,関西,1095.253,116.667,0,116.667
20250903B07,中部,北陸,219.667,0,0,0
20250903B07,北陸,関西,1309.965,1225.511,46,14
20250903B07,関西,中国,1098.236,2641.404,177.98,46.482
20250903B07,関西_関西-中国間(東),中国_関西-中国間(東),1098.236,2641.404,177.98,46.482
20250903B07,関西_関西-中国間(西),中国_関西-中国間(西),1098.236,2641.404,177.98,46.482
20250903B07,関西,四国,0,0,0,0
20250903B07,中国,四国,972.519,714.44,30,49
20250903B07,中国,九州,496.369,51.944,120,0
20250903B08,北海道,東北,108.222,150,0,91
20250903B08,東北,東京,387,2124.305,387,0
20250903B08,東京,中部,114.487,0,0,0
20250903B08,中部,関西,745.274,372.222,51.05,0
20250903B08,中部,北陸,260.889,0,0,0
20250903B08,北陸,関西,643.536,602.133,7.13,43.24
20250903B08,関西,中国,1976.104,3041.872,147.91,0
20250903B08,関西_関西-中国間(東),中国_関西-中国間(東),1976.104,3041.872,147.91,0
20250903B08,関西_関西-中国間(西),中国_関西-中国間(西),1976.104,3041.872,147.91,0
20250903B08,関西,四国,0,0,0,0
20250903B08,中国,四国,1081.762,506.044,50,44
20250903B08,中国,九州,420.993,193.632,131.755,0
20250904B01,北海道,東北,116.333,150,0,61
20250904B01,東北,東京,555.333,2124,245,0
20250904B01,東京,中部,0,0,0,0
20250904B01,中部,関西,943.948,500,18.985,0
20250904B01,中部,北陸,266.333,0,0,0
20250904B01,北陸,関西,1179.333,646.667,0,9.161
20250904B01,関西,中国,2504.064,3313.958,140.043,0
20250904B01,関西_関西-中国間(東),中国_関西-中国間(東),2504.064,3313.958,140.043,0
20250904B01,関西_関西-中国間(西),中国_関西-中国間(西),2504.064,3313.958,140.043,0
20250904B01,関西,四国,0,0,0,0
20250904B01,中国,四国,1082.29,241.268,56,44
20250904B01,中国,九州,381.45,171.611,90,0
20250904B02,北海道,東北,116.333,150,0,63
20250904B02,東北,東京,555.333,2124,32.534,0
20250904B02,東京,中部,420.345,0,0,0
20250904B02,中部,関西,964.722,500,18.985,0
20250904B02,中部,北陸,263.444,0,0,0
20250904B02,北陸,関西,1370.016,644,0,27
20250904B02,関西,中国,2503.164,3273.556,74.194,0
20250904B02,関西_関西-中国間(東),中国_関西-中国間(東),2503.164,3273.556,74.194,0
20250904B02,関西_関西-中国間(西),中国_関西-中国間(西),2503.164,3273.556,74.194,0
20250904B02,関西,四国,0,0,0,0
20250904B02,中国,四国,1081.588,440.069,43,43
20250904B02,中国,九州,387.161,110.556,52.169,0
20250904B03,北海道,東北,111.556,150,0,61.7
20250904B03,東北,東京,377.556,2132.454,313.3,0
20250904B03,東京,中部,778.14,40.667,90,0
20250904B03,中部,関西,333.1,0,1.92,0
20250904B03,中部,北陸,234.833,0,0,0
20250904B03,北陸,関西,818.285,349.2,38,35
20250904B03,関西,中国,2509.293,551.071,282.452,4.488
20250904B03,関西_関西-中国間(東),中国_関西-中国間(東),2509.293,551.071,282.452,4.488
20250904B03,関西_関西-中国間(西),中国_関西-中国間(西),2509.293,551.071,282.452,4.488
20250904B03,関西,四国,0,0,0,0
20250904B03,中国,四国,771.114,323.063,28,47
20250904B03,中国,九州,289.579,53.667,215,0
20250904B04,北海道,東北,150,150,0,91.583
20250904B04,東北,東京,523.111,2146.639,193.417,0
20250904B04,東京,中部,485.04,406,0,5.667
20250904B04,中部,関西,565.058,116.667,0,116.667
20250904B04,中部,北陸,115.267,0,0,0
20250904B04,北陸,関西,796.753,996,42,36
20250904B04,関西,中国,2507.616,1539.947,169.133,102
20250904B04,関西_関西-中国間(東),中国_関西-中国間(東),2507.616,1539.947,169.133,102
20250904B04,関西_関西-中国間(西),中国_関西-中国間(西),2507.616,1539.947,169.133,102
20250904B04,関西,四国,0,0,0,0
20250904B04,中国,四国,866.613,75.736,52,74.046
20250904B04,中国,九州,218.936,291.333,111,0
20250904B05,北海道,東北,150,150,0,48
20250904B05,東北,東京,535.333,194.887,210,1
20250904B05,東京,中部,619.86,406,16.333,0
20250904B05,中部,関西,960.767,116.667,0,116.667
20250904B05,中部,北陸,104.4,0,0,0
20250904B05,北陸,関西,628.508,1172.608,8,0
20250904B05,関西,中国,1202.204,1452.84,266.329,100.982
20250904B05,関西_関西-中国間(東),中国_関西-中国間(東),1202.204,1452.84,266.329,100.982
20250904B05,関西_関西-中国間(西),中国_関西-中国間(西),1202.204,1452.84,266.329,100.982
20250904B05,関西,四国,0,0,0,0
20250904B05,中国,四国,1080.633,110.102,57.494,84
20250904B05,中国,九州,217.687,286.167,188.734,0
20250904B06,北海道,東北,150,150,1.9,34.667
20250904B06,東北,東京,539.222,72.667,265.9,72.667
20250904B06,東京,中部,408.723,406,0.483,0
20250904B06,中部,関西,1188.198,116.667,0,116.667
20250904B06,中部,北陸,124.512,0,0,0
20250904B06,北陸,関西,682.212,1273.2,27.085,14.085
20250904B06,関西,中国,1222.654,1754.76,222.218,51.085
20250904B06,関西_関西-中国間(東),中国_関西-中国間(東),1222.654,1754.76,222.218,51.085
20250904B06,関西_関西-中国間(西),中国_関西-中国間(西),1222.654,1754.76,222.218,51.085
20250904B06,関西,四国,0,0,0,0
20250904B06,中国,四国,1057.41,378.481,38,75
20250904B06,中国,九州,325.712,238.167,185,0
20250904B07,北海道,東北,147.556,150,0,100
20250904B07,東北,東京,548.667,2124,429,0
20250904B07,東京,中部,354.667,352.667,0,320.47
20250904B07,中部,関西,1095.253,116.667,0,116.667
20250904B07,中部,北陸,219.667,0,0,0
20250904B07,北陸,関西,1309.965,1225.511,46,14
20250904B07,関西,中国,1098.236,2641.404,84.016,50.035
20250904B07,関西_関西-中国間(東),中国_関西-中国間(東),1098.236,2641.404,84.016,50.035
20250904B07,関西_関西-中国間(西),中国_関西-中国間(西),1098.236,2641.404,84.016,50.035
20250904B07,関西,四国,0,0,0,0
20250904B07,中国,四国,972.519,714.44,30,49
20250904B07,中国,九州,496.369,51.944,114.214,0
20250904B08,北海道,東北,108.222,150,0,91
20250904B08,東北,東京,387,2124.305,360.822,0
20250904B08,東京,中部,114.487,0,0,0
20250904B08,中部,関西,745.274,372.222,77.302,0
20250904B08,中部,北陸,260.889,0,0,0
20250904B08,北陸,関西,643.536,602.133,0,22.629
20250904B08,関西,中国,1976.104,3041.872,147.9,0.935
20250904B08,関西_関西-中国間(東),中国_関西-中国間(東),1976.104,3041.872,147.9,0.935
20250904B08,関西_関西-中国間(西),中国_関西-中国間(西),1976.104,3041.872,147.9,0.935
20250904B08,関西,四国,0,0,0,0
20250904B08,中国,四国,1081.762,506.044,50,44
20250904B08,中国,九州,420.993,193.632,135.028,0
20250905B01,北海道,東北,116.333,150,0,61
20250905B01,東北,東京,555.333,2124,227.4,0
20250905B01,東京,中部,0,0,0,0
20250905B01,中部,関西,943.948,500,18.985,0
20250905B01,中部,北陸,266.333,0,0,0
20250905B01,北陸,関西,1179.333,646.667,0,0
20250905B01,関西,中国,2504.064,3313.958,110.94,8.503
20250905B01,関西_関西-中国間(東),中国_関西-中国間(東),2504.064,3313.958,110.94,8.503
20250905B01,関西_関西-中国間(西),中国_関西-中国間(西),2504.064,3313.958,110.94,8.503
20250905B01,関西,四国,0,0,0,0
20250905B01,中国,四国,1082.29,241.268,56,44
20250905B01,中国,九州,381.45,171.611,90,0
20250905B02,北海道,東北,116.333,150,0,62.25
20250905B02,東北,東京,555.333,2124,27.185,0
20250905B02,東京,中部,420.345,0,0,0
20250905B02,中部,関西,964.722,500,36.05,0
20250905B02,中部,北陸,263.444,0,0,0
20250905B02,北陸,関西,1370.016,644,0,27
20250905B02,関西,中国,2503.164,3273.556,49.94,5.438
20250905B02,関西_関西-中国間(東),中国_関西-中国間(東),2503.164,3273.556,49.94,5.438
20250905B02,関西_関西-中国間(西),中国_関西-中国間(西),2503.164,3273.556,49.94,5.438
20250905B02,関西,四国,0,0,0,0
20250905B02,中国,四国,1081.588,440.069,43,43
20250905B02,中国,九州,387.161,110.556,22.477,0
20250905B03,北海道,東北,0,0,0,0
20250905B03,東北,東京,377.556,2132.454,375,0
20250905B03,東京,中部,778.14,40.667,111,0
20250905B03,中部,関西,333.1,0,22.92,0
20250905B03,中部,北陸,234.833,0,0,0
20250905B03,北陸,関西,818.285,349.2,38,35
20250905B03,関西,中国,2509.293,551.071,245.141,32
20250905B03,関西_関西-中国間(東),中国_関西-中国間(東),2509.293,551.071,245.141,32
20250905B03,関西_関西-中国間(西),中国_関西-中国間(西),2509.293,551.071,245.141,32
20250905B03,関西,四国,0,0,0,0
20250905B03,中国,四国,771.114,323.063,28,47
20250905B03,中国,九州,289.579,53.667,215,0
20250905B04,北海道,東北,0,44.733,0,44.733
20250905B04,東北,東京,73.111,2146.639,73.111,0
20250905B04,東京,中部,485.04,406,0,5.667
20250905B04,中部,関西,565.058,116.667,0,116.667
20250905B04,中部,北陸,115.267,0,0,0
20250905B04,北陸,関西,796.753,996,42,36
20250905B04,関西,中国,2507.616,1539.947,322.42,32.287
20250905B04,関西_関西-中国間(東),中国_関西-中国間(東),2507.616,1539.947,322.42,32.287
20250905B04,関西_関西-中国間(西),中国_関西-中国間(西),2507.616,1539.947,322.42,32.287
20250905B04,関西,四国,0,0,0,0
20250905B04,中国,四国,866.613,75.736,48,67
20250905B04,中国,九州,218.936,291.333,111,0
20250905B05,北海道,東北,0,44.844,0,44.844
20250905B05,東北,東京,85.333,194.887,85.333,1
20250905B05,東京,中部,619.86,406,16.333,0
20250905B05,中部,関西,960.767,116.667,0,116.667
20250905B05,中部,北陸,104.4,0,0,0
20250905B05,北陸,関西,628.508,1172.608,8,0
20250905B05,関西,中国,1202.204,1452.84,277.931,45.085
20250905B05,関西_関西-中国間(東),中国_関西-中国間(東),1202.204,1452.84,277.931,45.085
20250905B05,関西_関西-中国間(西),中国_関西-中国間(西),1202.204,1452.84,277.931,45.085
20250905B05,関西,四国,0,0,0,0
20250905B05,中国,四国,1080.633,110.102,46,81
20250905B05,中国,九州,217.687,286.167,181.257,0
20250905B06,北海道,東北,0,44.4,0,34.667
20250905B06,東北,東京,89.222,72.667,89.222,72.667
20250905B06,東京,中部,408.723,406,3.333,0
20250905B06,中部,関西,1188.198,116.667,0,116.667
20250905B06,中部,北陸,124.512,0,0,0
20250905B06,北陸,関西,682.212,1273.2,49,36
20250905B06,関西,中国,1222.654,1754.76,57,38.844
20250905B06,関西_関西-中国間(東),中国_関西-中国間(東),1222.654,1754.76,57,38.844
20250905B06,関西_関西-中国間(西),中国_関西-中国間(西),1222.654,1754.76,57,38.844
20250905B06,関西,四国,0,0,0,0
20250905B06,中国,四国,1057.41,378.481,38,68
20250905B06,中国,九州,325.712,238.167,185,0
20250905B07,北海道,東北,0,43.65,0,43.65
20250905B07,東北,東京,98.667,2124,98.667,7.65
20250905B07,東京,中部,354.667,352.667,0,352.667
20250905B07,中部,関西,1095.253,116.667,0,115.53
20250905B07,中部,北陸,219.667,0,0,0
20250905B07,北陸,関西,1309.965,1225.511,46,14
20250905B07,関西,中国,1098.236,2641.404,90.466,26.394
20250905B07,関西_関西-中国間(東),中国_関西-中国間(東),1098.236,2641.404,90.466,26.394
20250905B07,関西_関西-中国間(西),中国_関西-中国間(西),1098.236,2641.404,90.466,26.394
20250905B07,関西,四国,0,0,0,0
20250905B07,中国,四国,972.519,714.44,30,49
20250905B07,中国,九州,496.369,51.944,120,0
20250905B08,北海道,東北,0,23.578,0,23.578
20250905B08,東北,東京,0,2124.305,0,0
20250905B08,東京,中部,114.487,0,0,0
20250905B08,中部,関西,745.274,372.222,89.301,0
20250905B08,中部,北陸,260.889,0,0,0
20250905B08,北陸,関西,643.536,602.133,0,68
20250905B08,関西,中国,1976.104,3041.872,147.899,34.306
20250905B08,関西_関西-中国間(東),中国_関西-中国間(東),1976.104,3041.872,147.899,34.306
20250905B08,関西_関西-中国間(西),中国_関西-中国間(西),1976.104,3041.872,147.899,34.306
20250905B08,関西,四国,0,0,0,0
20250905B08,中国,四国,1081.762,506.044,50,44
20250905B08,中国,九州,420.993,193.632,175.1,0
20250906B01,北海道,東北,0,0,0,0
20250906B01,東北,東京,105.333,2124,105.333,0
20250906B01,東京,中部,0,0,0,0
20250906B01,中部,関西,843.948,500,89.809,0
20250906B01,中部,北陸,266.333,0,0,0
20250906B01,北陸,関西,1179.333,646.667,6.86,0
20250906B01,関西,中国,2504.064,3313.958,152.546,0
20250906B01,関西_関西-中国間(東),中国_関西-中国間(東),2504.064,3313.958,152.546,0
20250906B01,関西_関西-中国間(西),中国_関西-中国間(西),2504.064,3313.958,152.546,0
20250906B01,関西,四国,0,0,0,0
20250906B01,中国,四国,1082.29,241.268,56,44
20250906B01,中国,九州,361.45,0,90,0
20250906B02,北海道,東北,0,0,0,0
20250906B02,東北,東京,105.333,2124,81.057,0
20250906B02,東京,中部,420.345,0,0,0
20250906B02,中部,関西,864.722,500,49.983,0
20250906B02,中部,北陸,263.444,0,0,0
20250906B02,北陸,関西,1370.016,644,0,14.76
20250906B02,関西,中国,2503.164,3273.556,49.96,0
20250906B02,関西_関西-中国間(東),中国_関西-中国間(東),2503.164,3273.556,49.96,0
20250906B02,関西_関西-中国間(西),中国_関西-中国間(西),2503.164,3273.556,49.96,0
20250906B02,関西,四国,0,0,0,0
20250906B02,中国,四国,1081.588,440.069,43,43
20250906B02,中国,九州,367.161,0,11,0
20250906B03,北海道,東北,0,0,0,0
20250906B03,東北,東京,0,2132.454,0,0
20250906B03,東京,中部,778.14,40.667,35.1,0
20250906B03,中部,関西,63.1,0,63.1,0
20250906B03,中部,北陸,234.833,0,0,0
20250906B03,北陸,関西,818.285,349.2,48,45
20250906B03,関西,中国,2509.293,551.071,152.1,64.569
20250906B03,関西_関西-中国間(東),中国_関西-中国間(東),2509.293,551.071,152.1,64.569
20250906B03,関西_関西-中国間(西),中国_関西-中国間(西),2509.293,551.071,152.1,64.569
20250906B03,関西,四国,0,0,0,0
20250906B03,中国,四国,771.114,323.063,28,47
20250906B03,中国,九州,209.579,0,181.56,0
20250906B04,北海道,東北,0,4.733,0,4.733
20250906B04,東北,東京,73.111,2146.639,73.111,0
20250906B04,東京,中部,485.04,406,212.607,0
20250906B04,中部,関西,305.058,116.667,101.607,0
20250906B04,中部,北陸,115.267,0,0,0
20250906B04,北陸,関西,796.753,296,8,2
20250906B04,関西,中国,2507.616,1539.947,0,97.575
20250906B04,関西_関西-中国間(東),中国_関西-中国間(東),2507.616,1539.947,0,97.575
20250906B04,関西_関西-中国間(西),中国_関西-中国間(西),2507.616,1539.947,0,97.575
20250906B04,関西,四国,0,0,0,0
20250906B04,中国,四国,866.613,75.736,48,67
20250906B04,中国,九州,158.936,0,0,0
20250906B05,北海道,東北,0,4.844,0,4.844
20250906B05,東北,東京,85.333,194.887,85.333,0
20250906B05,東京,中部,619.86,406,25.962,9.629
20250906B05,中部,関西,760.767,116.667,0,116.667
20250906B05,中部,北陸,104.4,0,0,0
20250906B05,北陸,関西,628.508,472.608,15,7
20250906B05,関西,中国,1202.204,1452.84,0,238.96
20250906B05,関西_関西-中国間(東),中国_関西-中国間(東),1202.204,1452.84,0,238.96
20250906B05,関西_関西-中国間(西),中国_関西-中国間(西),1202.204,1452.84,0,238.96
20250906B05,関西,四国,0,0,0,0
20250906B05,中国,四国,1080.633,110.102,46,65
20250906B05,中国,九州,157.687,0,0,0
20250906B06,北海道,東北,0,4.4,0,4.4
20250906B06,東北,東京,89.222,72.667,89.222,42.4
20250906B06,東京,中部,408.723,406,120,316.766
20250906B06,中部,関西,888.198,116.667,376.764,0
20250906B06,中部,北陸,124.512,0,0,0
20250906B06,北陸,関西,682.212,573.2,28.96,15.96
20250906B06,関西,中国,1222.654,1754.76,334.151,93.223
20250906B06,関西_関西-中国間(東),中国_関西-中国間(東),1222.654,1754.76,334.151,93.223
20250906B06,関西_関西-中国間(西),中国_関西-中国間(西),1222.654,1754.76,334.151,93.223
20250906B06,関西,四国,0,0,0,0
20250906B06,中国,四国,1057.41,378.481,49,68
20250906B06,中国,九州,255.712,0,255.712,0
20250906B07,北海道,東北,0,3.65,0,3.65
20250906B07,東北,東京,548.667,2124,495.35,0
20250906B07,東京,中部,354.667,352.667,72.358,0
20250906B07,中部,関西,1005.253,116.667,45.358,0
20250906B07,中部,北陸,219.667,0,0,0
20250906B07,北陸,関西,1309.965,525.511,46,14
20250906B07,関西,中国,1098.236,2641.404,7.458,86.222
20250906B07,関西_関西-中国間(東),中国_関西-中国間(東),1098.236,2641.404,7.458,86.222
20250906B07,関西_関西-中国間(西),中国_関西-中国間(西),1098.236,2641.404,7.458,86.222
20250906B07,関西,四国,0,0,0,0
20250906B07,中国,四国,972.519,714.44,30,49
20250906B07,中国,九州,466.369,0,20.528,0
20250906B08,北海道,東北,0,0,0,0
20250906B08,東北,東京,387,2124.305,387,0
20250906B08,東京,中部,114.487,0,0,0
20250906B08,中部,関西,655.274,0,165.378,0
20250906B08,中部,北陸,260.889,0,0,0
20250906B08,北陸,関西,643.536,602.133,30,30
20250906B08,関西,中国,1976.104,3041.872,180.255,0
20250906B08,関西_関西-中国間(東),中国_関西-中国間(東),1976.104,3041.872,180.255,0
20250906B08,関西_関西-中国間(西),中国_関西-中国間(西),1976.104,3041.872,180.255,0
20250906B08,関西,四国,0,0,0,0
20250906B08,中国,四国,1081.762,506.044,50,44
20250906B08,中国,九州,400.993,0,124,0
20250907B01,北海道,東北,0,0,0,0
20250907B01,東北,東京,555.333,2124,194,0
20250907B01,東京,中部,0,0,0,0
20250907B01,中部,関西,843.948,0,177.762,0
20250907B01,中部,北陸,266.333,0,0,0
20250907B01,北陸,関西,1179.333,646.667,6.85,24
20250907B01,関西,中国,2504.064,3313.958,216.489,0
20250907B01,関西_関西-中国間(東),中国_関西-中国間(東),2504.064,3313.958,216.489,0
20250907B01,関西_関西-中国間(西),中国_関西-中国間(西),2504.064,3313.958,216.489,0
20250907B01,関西,四国,0,0,0,0
20250907B01,中国,四国,1082.29,241.268,56,10.392
20250907B01,中国,九州,361.45,0,205.7,0
20250907B02,北海道,東北,0,0,0,0
20250907B02,東北,東京,555.333,2124,132.486,0
20250907B02,東京,中部,420.345,0,0,0
20250907B02,中部,関西,864.722,0,141.879,0
20250907B02,中部,北陸,263.444,0,0,0
20250907B02,北陸,関西,1370.016,644,0,13
20250907B02,関西,中国,2503.164,3273.556,132.606,0
20250907B02,関西_関西-中国間(東),中国_関西-中国間(東),2503.164,3273.556,132.606,0
20250907B02,関西_関西-中国間(西),中国_関西-中国間(西),2503.164,3273.556,132.606,0
20250907B02,関西,四国,0,0,0,0
20250907B02,中国,四国,1081.588,440.069,32,2.275
20250907B02,中国,九州,367.161,0,147.7,0
20250907B03,北海道,東北,0,0,0,0
20250907B03,東北,東京,377.556,2132.454,355,0
20250907B03,東京,中部,778.14,40.667,90,0
20250907B03,中部,関西,63.1,0,1.92,0
20250907B03,中部,北陸,234.833,0,0,0
20250907B03,北陸,関西,818.285,349.2,24,21
20250907B03,関西,中国,2509.293,551.071,128.1,64.569
20250907B03,関西_関西-中国間(東),中国_関西-中国間(東),2509.293,551.071,128.1,64.569
20250907B03,関西_関西-中国間(西),中国_関西-中国間(西),2509.293,551.071,128.1,64.569
20250907B03,関西,四国,0,0,0,0
20250907B03,中国,四国,771.114,323.063,40.665,47
20250907B03,中国,九州,209.579,0,205,0
20250907B04,北海道,東北,0,4.733,0,4.733
20250907B04,東北,東京,523.111,2146.639,260.267,0
20250907B04,東京,中部,485.04,406,311.518,0
20250907B04,中部,関西,305.058,0,200.518,0
20250907B04,中部,北陸,115.267,0,0,0
20250907B04,北陸,関西,796.753,296,33,27
20250907B04,関西,中国,2507.616,1539.947,0,150.382
20250907B04,関西_関西-中国間(東),中国_関西-中国間(東),2507.616,1539.947,0,150.382
20250907B04,関西_関西-中国間(西),中国_関西-中国間(西),2507.616,1539.947,0,150.382
20250907B04,関西,四国,0,0,0,0
20250907B04,中国,四国,866.613,75.736,48,67
20250907B04,中国,九州,158.936,0,0,0
20250907B05,北海道,東北,0,4.844,0,4.844
20250907B05,東北,東京,535.333,194.887,232.156,0
20250907B05,東京,中部,619.86,406,133,0
20250907B05,中部,関西,760.767,0,0,0
20250907B05,中部,北陸,104.4,0,0,0
20250907B05,北陸,関西,628.508,472.608,15,7
20250907B05,関西,中国,1202.204,1452.84,38.777,262.9
20250907B05,関西_関西-中国間(東),中国_関西-中国間(東),1202.204,1452.84,38.777,262.9
20250907B05,関西_関西-中国間(西),中国_関西-中国間(西),1202.204,1452.84,38.777,262.9
20250907B05,関西,四国,0,0,0,0
20250907B05,中国,四国,1080.633,110.102,46,75.231
20250907B05,中国,九州,157.687,0,0,0
20250907B06,北海道,東北,0,4.4,0,4.4
20250907B06,東北,東京,539.222,72.667,234,42.4
20250907B06,東京,中部,408.723,406,408.723,0
20250907B06,中部,関西,888.198,0,288.723,0
20250907B06,中部,北陸,124.512,0,0,0
20250907B06,北陸,関西,682.212,573.2,27,14
20250907B06,関西,中国,1222.654,1754.76,246.11,82
20250907B06,関西_関西-中国間(東),中国_関西-中国間(東),1222.654,1754.76,246.11,82
20250907B06,関西_関西-中国間(西),中国_関西-中国間(西),1222.654,1754.76,246.11,82
20250907B06,関西,四国,0,0,0,0
20250907B06,中国,四国,1057.41,378.481,49,68
20250907B06,中国,九州,255.712,0,196.223,0
20250907B07,北海道,東北,0,3.65,0,3.65
20250907B07,東北,東京,548.667,2124,495.35,0
20250907B07,東京,中部,354.667,352.667,108.04,0
20250907B07,中部,関西,1005.253,0,81.04,0
20250907B07,中部,北陸,219.667,0,0,0
20250907B07,北陸,関西,1309.965,525.511,46,14
20250907B07,関西,中国,1098.236,2641.404,68.898,90.75
20250907B07,関西_関西-中国間(東),中国_関西-中国間(東),1098.236,2641.404,68.898,90.75
20250907B07,関西_関西-中国間(西),中国_関西-中国間(西),1098.236,2641.404,68.898,90.75
20250907B07,関西,四国,0,0,0,0
20250907B07,中国,四国,972.519,714.44,30,49
20250907B07,中国,九州,466.369,0,77.44,0
20250907B08,北海道,東北,0,0,0,0
20250907B08,東北,東京,387,2124.305,387,0
20250907B08,東京,中部,114.487,0,0,0
20250907B08,中部,関西,655.274,0,120.476,0
20250907B08,中部,北陸,260.889,0,0,0
20250907B08,北陸,関西,643.536,602.133,30,36.423
20250907B08,関西,中国,1976.104,3041.872,147.93,19
20250907B08,関西_関西-中国間(東),中国_関西-中国間(東),1976.104,3041.872,147.93,19
20250907B08,関西_関西-中国間(西),中国_関西-中国間(西),1976.104,3041.872,147.93,19
20250907B08,関西,四国,0,0,0,0
20250907B08,中国,四国,1081.762,506.044,50,44
20250907B08,中国,九州,400.993,0,157.023,0
20250908B01,北海道,東北,0,0,0,0
20250908B01,東北,東京,555.333,2124,89.044,0
20250908B01,東京,中部,0,0,0,0
20250908B01,中部,関西,843.948,0,82.579,0
20250908B01,中部,北陸,266.333,0,0,0
20250908B01,北陸,関西,1179.333,646.667,0,24
20250908B01,関西,中国,2504.064,3313.958,114.456,0
20250908B01,関西_関西-中国間(東),中国_関西-中国間(東),2504.064,3313.958,114.456,0
20250908B01,関西_関西-中国間(西),中国_関西-中国間(西),2504.064,3313.958,114.456,0
20250908B01,関西,四国,0,0,0,0
20250908B01,中国,四国,1082.29,241.268,56,44
20250908B01,中国,九州,361.45,0,137.275,0
20250908B02,北海道,東北,0,0,0,0
20250908B02,東北,東京,555.333,2124,0,0
20250908B02,東京,中部,420.345,0,0,0
20250908B02,中部,関西,864.722,0,115.868,0
20250908B02,中部,北陸,263.444,0,0,0
20250908B02,北陸,関西,1370.016,644,0,33.888
20250908B02,関西,中国,2503.164,3273.556,49.95,0
20250908B02,関西_関西-中国間(東),中国_関西-中国間(東),2503.164,3273.556,49.95,0
20250908B02,関西_関西-中国間(西),中国_関西-中国間(西),2503.164,3273.556,49.95,0
20250908B02,関西,四国,0,0,0,0
20250908B02,中国,四国,1081.588,440.069,43,43
20250908B02,中国,九州,367.161,0,96.569,0
20250908B03,北海道,東北,0,0,0,0
20250908B03,東北,東京,377.556,2132.454,355,0
20250908B03,東京,中部,778.14,40.667,102.301,0
20250908B03,中部,関西,103.1,0,14.221,0
20250908B03,中部,北陸,234.833,0,0,0
20250908B03,北陸,関西,818.285,349.2,48,45
20250908B03,関西,中国,2509.293,551.071,164.401,49.8
20250908B03,関西_関西-中国間(東),中国_関西-中国間(東),2509.293,551.071,164.401,49.8
20250908B03,関西_関西-中国間(西),中国_関西-中国間(西),2509.293,551.071,164.401,49.8
20250908B03,関西,四国,0,0,0,0
20250908B03,中国,四国,771.114,323.063,28,47
20250908B03,中国,九州,289.579,0,162.769,0
20250908B04,北海道,東北,0,14.733,0,14.733
20250908B04,東北,東京,473.111,2146.639,250.267,0
20250908B04,東京,中部,485.04,406,44.858,0
20250908B04,中部,関西,565.058,116.667,0,66.142
20250908B04,中部,北陸,115.267,0,0,0
20250908B04,北陸,関西,796.753,996,8,2
20250908B04,関西,中国,2507.616,1539.947,0,243.442
20250908B04,関西_関西-中国間(東),中国_関西-中国間(東),2507.616,1539.947,0,243.442
20250908B04,関西_関西-中国間(西),中国_関西-中国間(西),2507.616,1539.947,0,243.442
20250908B04,関西,四国,0,0,0,0
20250908B04,中国,四国,866.613,75.736,48,67
20250908B04,中国,九州,218.936,291.333,19.191,78
20250908B05,北海道,東北,0,14.844,0,14.844
20250908B05,東北,東京,485.333,194.887,231,8.844
20250908B05,東京,中部,619.86,406,49.493,0
20250908B05,中部,関西,960.767,116.667,0,83.507
20250908B05,中部,北陸,104.4,0,0,0
20250908B05,北陸,関西,628.508,1172.608,15,7
20250908B05,関西,中国,1202.204,1452.84,0,346.407
20250908B05,関西_関西-中国間(東),中国_関西-中国間(東),1202.204,1452.84,0,346.407
20250908B05,関西_関西-中国間(西),中国_関西-中国間(西),1202.204,1452.84,0,346.407
20250908B05,関西,四国,0,0,0,0
20250908B05,中国,四国,1080.633,110.102,46,65
20250908B05,中国,九州,217.687,286.167,96,0
20250908B06,北海道,東北,0,14.4,0,14.4
20250908B06,東北,東京,489.222,72.667,234,52.4
20250908B06,東京,中部,0,0,0,0
20250908B06,中部,関西,1188.198,116.667,0,116.667
20250908B06,中部,北陸,124.512,0,0,0
20250908B06,北陸,関西,682.212,1273.2,27,14
20250908B06,関西,中国,1222.654,1754.76,0,180.439
20250908B06,関西_関西-中国間(東),中国_関西-中国間(東),1222.654,1754.76,0,180.439
20250908B06,関西_関西-中国間(西),中国_関西-中国間(西),1222.654,1754.76,0,180.439
20250908B06,関西,四国,0,0,0,0
20250908B06,中国,四国,1057.41,378.481,23,53
20250908B06,中国,九州,325.712,238.167,151.024,0
20250908B07,北海道,東北,0,13.65,0,13.65
20250908B07,東北,東京,498.667,2124,205.35,0
20250908B07,東京,中部,804.667,802.667,0,89.667
20250908B07,中部,関西,1095.253,116.667,0,116.667
20250908B07,中部,北陸,219.667,0,0,0
20250908B07,北陸,関西,1309.965,1225.511,46,14
20250908B07,関西,中国,1098.236,2641.404,0,317.709
20250908B07,関西_関西-中国間(東),中国_関西-中国間(東),1098.236,2641.404,0,317.709
20250908B07,関西_関西-中国間(西),中国_関西-中国間(西),1098.236,2641.404,0,317.709
20250908B07,関西,四国,0,0,0,0
20250908B07,中国,四国,972.519,714.44,19,49
20250908B07,中国,九州,496.369,51.944,2,14.128
20250908B08,北海道,東北,0,0,0,0
20250908B08,東北,東京,387,2124.305,339,0
20250908B08,東京,中部,564.487,422.667,0,267.846
20250908B08,中部,関西,745.274,372.222,36.052,224.978
20250908B08,中部,北陸,260.889,0,0,0
20250908B08,北陸,関西,643.536,602.133,40,14
20250908B08,関西,中国,1976.104,3041.872,0,148.049
20250908B08,関西_関西-中国間(東),中国_関西-中国間(東),1976.104,3041.872,0,148.049
20250908B08,関西_関西-中国間(西),中国_関西-中国間(西),1976.104,3041.872,0,148.049
20250908B08,関西,四国,0,0,0,0
20250908B08,中国,四国,1081.762,506.044,27,44
20250908B08,中国,九州,420.993,193.632,89.116,28.306
20250909B01,北海道,東北,0,0,0,0
20250909B01,東北,東京,555.333,2124,171.318,0
20250909B01,東京,中部,441.966,308,0,22.682
20250909B01,中部,関西,943.948,500,25.815,0
20250909B01,中部,北陸,266.333,0,0,0
20250909B01,北陸,関西,1179.333,646.667,0,14.762
20250909B01,関西,中国,2504.064,3313.958,110.93,44
20250909B01,関西_関西-中国間(東),中国_関西-中国間(東),2504.064,3313.958,110.93,44
20250909B01,関西_関西-中国間(西),中国_関西-中国間(西),2504.064,3313.958,110.93,44
20250909B01,関西,四国,0,0,0,0
20250909B01,中国,四国,1082.29,241.268,56,44
20250909B01,中国,九州,381.45,171.611,119.439,0
20250909B02,北海道,東北,0,0,0,0
20250909B02,東北,東京,555.333,2124,4.409,0
20250909B02,東京,中部,870.345,308,0,30.512
20250909B02,中部,関西,964.722,500,18.985,0
20250909B02,中部,北陸,263.444,0,0,0
20250909B02,北陸,関西,1370.016,644,0,0
20250909B02,関西,中国,2503.164,3273.556,49.93,62.995
20250909B02,関西_関西-中国間(東),中国_関西-中国間(東),2503.164,3273.556,49.93,62.995
20250909B02,関西_関西-中国間(西),中国_関西-中国間(西),2503.164,3273.556,49.93,62.995
20250909B02,関西,四国,0,0,0,0
20250909B02,中国,四国,1081.588,440.069,43,43
20250909B02,中国,九州,387.161,110.556,63.244,0
20250909B03,北海道,東北,0,0,0,0
20250909B03,東北,東京,377.556,2132.454,254,0
20250909B03,東京,中部,1228.14,490.667,102.281,0
20250909B03,中部,関西,333.1,0,14.201,0
20250909B03,中部,北陸,234.833,0,0,0
20250909B03,北陸,関西,818.285,349.2,48,45
20250909B03,関西,中国,2509.293,551.071,164.381,54.012
20250909B03,関西_関西-中国間(東),中国_関西-中国間(東),2509.293,551.071,164.381,54.012
20250909B03,関西_関西-中国間(西),中国_関西-中国間(西),2509.293,551.071,164.381,54.012
20250909B03,関西,四国,0,0,0,0
20250909B03,中国,四国,771.114,323.063,28,47
20250909B03,中国,九州,289.579,53.667,188.227,0
20250909B04,北海道,東北,0,14.733,0,14.733
20250909B04,東北,東京,73.111,2146.639,73.111,0
20250909B04,東京,中部,935.04,856,543.888,0
20250909B04,中部,関西,565.058,116.667,432.888,0
20250909B04,中部,北陸,115.267,0,0,0
20250909B04,北陸,関西,796.753,996,42,36
20250909B04,関西,中国,2507.616,1539.947,183.988,102
20250909B04,関西_関西-中国間(東),中国_関西-中国間(東),2507.616,1539.947,183.988,102
20250909B04,関西_関西-中国間(西),中国_関西-中国間(西),2507.616,1539.947,183.988,102
20250909B04,関西,四国,0,0,0,0
20250909B04,中国,四国,866.613,75.736,50,75.736
20250909B04,中国,九州,218.936,291.333,111,0
20250909B05,北海道,東北,0,14.844,0,14.844
20250909B05,東北,東京,85.333,194.887,85.333,8.844
20250909B05,東京,中部,1069.86,856,397.281,0
20250909B05,中部,関西,960.767,116.667,264.281,0
20250909B05,中部,北陸,104.4,0,0,0
20250909B05,北陸,関西,628.508,1172.608,29,21
20250909B05,関西,中国,1202.204,1452.84,174.381,173
20250909B05,関西_関西-中国間(東),中国_関西-中国間(東),1202.204,1452.84,174.381,173
20250909B05,関西_関西-中国間(西),中国_関西-中国間(西),1202.204,1452.84,174.381,173
20250909B05,関西,四国,0,0,0,0
20250909B05,中国,四国,1080.633,110.102,46,65
20250909B05,中国,九州,217.687,286.167,96,0
20250909B06,北海道,東北,0,14.4,0,14.4
20250909B06,東北,東京,89.222,72.667,89.222,52.4
20250909B06,東京,中部,858.723,856,420.341,0
20250909B06,中部,関西,1188.198,116.667,301.341,0
20250909B06,中部,北陸,124.512,0,0,0
20250909B06,北陸,関西,682.212,1273.2,49,36
20250909B06,関西,中国,1222.654,1754.76,127.441,73
20250909B06,関西_関西-中国間(東),中国_関西-中国間(東),1222.654,1754.76,127.441,73
20250909B06,関西_関西-中国間(西),中国_関西-中国間(西),1222.654,1754.76,127.441,73
20250909B06,関西,四国,0,0,0,0
20250909B06,中国,四国,1057.41,378.481,38,68
20250909B06,中国,九州,325.712,238.167,219,0
20250909B07,北海道,東北,0,13.65,0,13.65
20250909B07,東北,東京,98.667,2124,98.667,0
20250909B07,東京,中部,804.667,802.667,242.86,0
20250909B07,中部,関西,1095.253,116.667,215.86,0
20250909B07,中部,北陸,219.667,0,0,0
20250909B07,北陸,関西,1309.965,1225.511,46,14
20250909B07,関西,中国,1098.236,2641.404,177.96,131.253
20250909B07,関西_関西-中国間(東),中国_関西-中国間(東),1098.236,2641.404,177.96,131.253
20250909B07,関西_関西-中国間(西),中国_関西-中国間(西),1098.236,2641.404,177.96,131.253
20250909B07,関西,四国,0,0,0,0
20250909B07,中国,四国,972.519,714.44,30,49
20250909B07,中国,九州,496.369,51.944,137.761,0
20250909B08,北海道,東北,0,0,0,0
20250909B08,東北,東京,0,2124.305,0,0
20250909B08,東京,中部,564.487,422.667,0,402.1
20250909B08,中部,関西,745.274,372.222,53.117,245.297
20250909B08,中部,北陸,260.889,0,0,0
20250909B08,北陸,関西,643.536,602.133,40,27.894
20250909B08,関西,中国,1976.104,3041.872,0,165.197
20250909B08,関西_関西-中国間(東),中国_関西-中国間(東),1976.104,3041.872,0,165.197
20250909B08,関西_関西-中国間(西),中国_関西-中国間(西),1976.104,3041.872,0,165.197
20250909B08,関西,四国,0,0,0,0
20250909B08,中国,四国,1081.762,506.044,27,44
20250909B08,中国,九州,420.993,193.632,92.287,41
20250910B01,北海道,東北,0,0,0,0
20250910B01,東北,東京,105.333,2124,105.333,0
20250910B01,東京,中部,441.966,308,0,88.667
20250910B01,中部,関西,943.948,500,1.92,88.667
20250910B01,中部,北陸,266.333,0,0,0
20250910B01,北陸,関西,1179.333,646.667,14,5
20250910B01,関西,中国,2504.064,3313.958,29.433,45.365
20250910B01,関西_関西-中国間(東),中国_関西-中国間(東),2504.064,3313.958,29.433,45.365
20250910B01,関西_関西-中国間(西),中国_関西-中国間(西),2504.064,3313.958,29.433,45.365
20250910B01,関西,四国,0,0,0,0
20250910B01,中国,四国,1082.29,241.268,27,44
20250910B01,中国,九州,381.45,171.611,68.074,0
20250910B02,北海道,東北,0,0,0,0
20250910B02,東北,東京,105.333,2124,0,0
20250910B02,東京,中部,870.345,308,0,0
20250910B02,中部,関西,964.722,500,1.92,0
20250910B02,中部,北陸,263.444,0,0,0
20250910B02,北陸,関西,1370.016,644,0,0
20250910B02,関西,中国,2503.164,3273.556,49.93,80.06
20250910B02,関西_関西-中国間(東),中国_関西-中国間(東),2503.164,3273.556,49.93,80.06
20250910B02,関西_関西-中国間(西),中国_関西-中国間(西),2503.164,3273.556,49.93,80.06
20250910B02,関西,四国,0,0,0,0
20250910B02,中国,四国,1081.588,440.069,43,43
20250910B02,中国,九州,387.161,110.556,46.179,0
20250910B03,北海道,東北,0,0,0,0
20250910B03,東北,東京,0,2132.454,0,0
20250910B03,東京,中部,928.14,190.667,90,0
20250910B03,中部,関西,333.1,0,1.92,0
20250910B03,中部,北陸,234.833,0,0,0
20250910B03,北陸,関西,818.285,349.2,38,35
20250910B03,関西,中国,2509.293,551.071,142.1,47
20250910B03,関西_関西-中国間(東),中国_関西-中国間(東),2509.293,551.071,142.1,47
20250910B03,関西_関西-中国間(西),中国_関西-中国間(西),2509.293,551.071,142.1,47
20250910B03,関西,四国,0,0,0,0
20250910B03,中国,四国,771.114,323.063,28,47
20250910B03,中国,九州,289.579,53.667,195.239,0
20250910B04,北海道,東北,0,14.733,0,14.733
20250910B04,東北,東京,73.111,2146.639,73.111,0
20250910B04,東京,中部,635.04,556,452.319,0
20250910B04,中部,関西,565.058,116.667,341.319,0
20250910B04,中部,北陸,0,0,0,0
20250910B04,北陸,関西,796.753,996,0,0
20250910B04,関西,中国,2507.616,1539.947,50.419,108.8
20250910B04,関西_関西-中国間(東),中国_関西-中国間(東),2507.616,1539.947,50.419,108.8
20250910B04,関西_関西-中国間(西),中国_関西-中国間(西),2507.616,1539.947,50.419,108.8
20250910B04,関西,四国,0,0,0,0
20250910B04,中国,四国,866.613,75.736,48,67
20250910B04,中国,九州,218.936,291.333,115.376,0
20250910B05,北海道,東北,0,14.844,0,14.844
20250910B05,東北,東京,85.333,194.887,85.333,8.844
20250910B05,東京,中部,769.86,556,480.112,0
20250910B05,中部,関西,960.767,116.667,347.112,0
20250910B05,中部,北陸,0,0,0,0
20250910B05,北陸,関西,628.508,1172.608,0,0
20250910B05,関西,中国,1202.204,1352.84,174.391,98.179
20250910B05,関西_関西-中国間(東),中国_関西-中国間(東),1202.204,1352.84,174.391,98.179
20250910B05,関西_関西-中国間(西),中国_関西-中国間(西),1202.204,1352.84,174.391,98.179
20250910B05,関西,四国,0,0,0,0
20250910B05,中国,四国,1080.633,110.102,46,81
20250910B05,中国,九州,217.687,286.167,96,0
20250910B06,北海道,東北,0,14.4,0,14.4
20250910B06,東北,東京,89.222,72.667,89.222,52.4
20250910B06,東京,中部,558.723,556,384.165,0
20250910B06,中部,関西,1188.198,116.667,265.165,0
20250910B06,中部,北陸,0,0,0,0
20250910B06,北陸,関西,682.212,1273.2,0,0
20250910B06,関西,中国,1222.654,1654.76,61.265,45
20250910B06,関西_関西-中国間(東),中国_関西-中国間(東),1222.654,1654.76,61.265,45
20250910B06,関西_関西-中国間(西),中国_関西-中国間(西),1222.654,1654.76,61.265,45
20250910B06,関西,四国,0,0,0,0
20250910B06,中国,四国,1057.41,378.481,35,69
20250910B06,中国,九州,325.712,238.167,235,0
20250910B07,北海道,東北,0,13.65,0,13.65
20250910B07,東北,東京,548.667,2124,205.35,0
20250910B07,東京,中部,504.667,502.667,239.377,0
20250910B07,中部,関西,1095.253,116.667,212.377,0
20250910B07,中部,北陸,0,0,0,0
20250910B07,北陸,関西,1309.965,1225.511,0,0
20250910B07,関西,中国,1098.236,2541.404,128.477,50.69
20250910B07,関西_関西-中国間(東),中国_関西-中国間(東),1098.236,2541.404,128.477,50.69
20250910B07,関西_関西-中国間(西),中国_関西-中国間(西),1098.236,2541.404,128.477,50.69
20250910B07,関西,四国,0,0,0,0
20250910B07,中国,四国,972.519,714.44,30,49
20250910B07,中国,九州,496.369,51.944,70.507,0
20250910B08,北海道,東北,0,0,0,0
20250910B08,東北,東京,387,2124.305,339,0
20250910B08,東京,中部,264.487,122.667,0,122.667
20250910B08,中部,関西,745.274,372.222,84.253,0
20250910B08,中部,北陸,260.889,0,0,0
20250910B08,北陸,関西,643.536,602.133,32.662,6.662
20250910B08,関西,中国,1976.104,2941.872,147.9,22.77
20250910B08,関西_関西-中国間(東),中国_関西-中国間(東),1976.104,2941.872,147.9,22.77
20250910B08,関西_関西-中国間(西),中国_関西-中国間(西),1976.104,2941.872,147.9,22.77
20250910B08,関西,四国,0,0,0,0
20250910B08,中国,四国,1081.762,506.044,50,44
20250910B08,中国,九州,420.993,193.632,124,0
20250911B01,北海道,東北,0,0,0,0
20250911B01,東北,東京,555.333,2124,194,0
20250911B01,東京,中部,141.966,8,0,0
20250911B01,中部,関西,943.948,500,1.92,0
20250911B01,中部,北陸,266.333,0,0,0
20250911B01,北陸,関西,1179.333,646.667,6.84,0
20250911B01,関西,中国,2504.064,3213.958,110.94,33
20250911B01,関西_関西-中国間(東),中国_関西-中国間(東),2504.064,3213.958,110.94,33
20250911B01,関西_関西-中国間(西),中国_関西-中国間(西),2504.064,3213.958,110.94,33
20250911B01,関西,四国,0,0,0,0
20250911B01,中国,四国,1082.29,241.268,56,44
20250911B01,中国,九州,381.45,171.611,90,0
20250911B02,北海道,東北,0,0,0,0
20250911B02,東北,東京,555.333,2124,21.815,0
20250911B02,東京,中部,570.345,8,0,0
20250911B02,中部,関西,964.722,500,1.92,0
20250911B02,中部,北陸,263.444,0,0,0
20250911B02,北陸,関西,1370.016,644,0,0
20250911B02,関西,中国,2503.164,3173.556,49.94,43
20250911B02,関西_関西-中国間(東),中国_関西-中国間(東),2503.164,3173.556,49.94,43
20250911B02,関西_関西-中国間(西),中国_関西-中国間(西),2503.164,3173.556,49.94,43
20250911B02,関西,四国,0,0,0,0
20250911B02,中国,四国,1081.588,440.069,43,43
20250911B02,中国,九州,387.161,110.556,11,0
20250911B03,北海道,東北,0,0,0,0
20250911B03,東北,東京,377.556,2132.454,355,0
20250911B03,東京,中部,928.14,190.667,108.5,0
20250911B03,中部,関西,333.1,0,20.42,0
20250911B03,中部,北陸,234.833,0,0,0
20250911B03,北陸,関西,818.285,349.2,38,35
20250911B03,関西,中国,2509.293,451.071,160.6,35
20250911B03,関西_関西-中国間(東),中国_関西-中国間(東),2509.293,451.071,160.6,35
20250911B03,関西_関西-中国間(西),中国_関西-中国間(西),2509.293,451.071,160.6,35
20250911B03,関西,四国,0,0,0,0
20250911B03,中国,四国,771.114,323.063,28,47
20250911B03,中国,九州,289.579,53.667,148,0
20250911B04,北海道,東北,0,14.733,0,14.733
20250911B04,東北,東京,523.111,2146.639,250.267,0
20250911B04,東京,中部,635.04,556,563.357,0
20250911B04,中部,関西,565.058,116.667,452.357,0
20250911B04,中部,北陸,115.267,0,0,0
20250911B04,北陸,関西,796.753,996,42,36
20250911B04,関西,中国,2507.616,1439.947,203.457,102
20250911B04,関西_関西-中国間(東),中国_関西-中国間(東),2507.616,1439.947,203.457,102
20250911B04,関西_関西-中国間(西),中国_関西-中国間(西),2507.616,1439.947,203.457,102
20250911B04,関西,四国,0,0,0,0
20250911B04,中国,四国,866.613,75.736,48,67
20250911B04,中国,九州,218.936,291.333,109.07,0
20250911B05,北海道,東北,0,14.844,0,14.844
20250911B05,東北,東京,535.333,194.887,231,8.844
20250911B05,東京,中部,769.86,556,474.176,0
20250911B05,中部,関西,960.767,116.667,341.176,0
20250911B05,中部,北陸,104.4,0,0,0
20250911B05,北陸,関西,628.508,1172.608,8,0
20250911B05,関西,中国,1202.204,1352.84,174.391,96.115
20250911B05,関西_関西-中国間(東),中国_関西-中国間(東),1202.204,1352.84,174.391,96.115
20250911B05,関西_関西-中国間(西),中国_関西-中国間(西),1202.204,1352.84,174.391,96.115
20250911B05,関西,四国,0,0,0,0
20250911B05,中国,四国,1080.633,110.102,46,81
20250911B05,中国,九州,217.687,286.167,96,0
20250911B06,北海道,東北,0,14.4,0,14.4
20250911B06,東北,東京,539.222,72.667,234,52.4
20250911B06,東京,中部,558.723,556,119.847,0
20250911B06,中部,関西,1188.198,116.667,0.847,0
20250911B06,中部,北陸,124.512,0,0,0
20250911B06,北陸,関西,682.212,1273.2,27.085,14.085
20250911B06,関西,中国,1222.654,1654.76,23.915,83.46
20250911B06,関西_関西-中国間(東),中国_関西-中国間(東),1222.654,1654.76,23.915,83.46
20250911B06,関西_関西-中国間(西),中国_関西-中国間(西),1222.654,1654.76,23.915,83.46
20250911B06,関西,四国,0,0,0,0
20250911B06,中国,四国,1057.41,378.481,33,75
20250911B06,中国,九州,325.712,238.167,88.466,0
20250911B07,北海道,東北,0,13.65,0,13.65
20250911B07,東北,東京,548.667,2124,205.35,0
20250911B07,東京,中部,504.667,502.667,180.737,0
20250911B07,中部,関西,1095.253,116.667,160.672,0
20250911B07,中部,北陸,219.667,0,0,0
20250911B07,北陸,関西,1309.965,1225.511,46,14
20250911B07,関西,中国,1098.236,2541.404,150.687,0
20250911B07,関西_関西-中国間(東),中国_関西-中国間(東),1098.236,2541.404,150.687,0
20250911B07,関西_関西-中国間(西),中国_関西-中国間(西),1098.236,2541.404,150.687,0
20250911B07,関西,四国,0,0,0,0
20250911B07,中国,四国,972.519,714.44,30,49
20250911B07,中国,九州,496.369,51.944,120,0
20250911B08,北海道,東北,0,0,0,0
20250911B08,東北,東京,387,2124.305,339,0
20250911B08,東京,中部,264.487,122.667,0,122.667
20250911B08,中部,関西,745.274,372.222,1.92,122.667
20250911B08,中部,北陸,260.889,0,0,0
20250911B08,北陸,関西,643.536,602.133,40,14
20250911B08,関西,中国,1976.104,2941.872,1.433,44
20250911B08,関西_関西-中国間(東),中国_関西-中国間(東),1976.104,2941.872,1.433,44
20250911B08,関西_関西-中国間(西),中国_関西-中国間(西),1976.104,2941.872,1.433,44
20250911B08,関西,四国,0,0,0,0
20250911B08,中国,四国,1081.762,506.044,27,44
20250911B08,中国,九州,420.993,193.632,95,0
20250912B01,北海道,東北,0,0,0,0
20250912B01,東北,東京,555.333,2124,183.128,0
20250912B01,東京,中部,141.966,8,0,0
20250912B01,中部,関西,943.948,500,1.92,0
20250912B01,中部,北陸,266.333,0,0,0
20250912B01,北陸,関西,1179.333,646.667,6.84,0
20250912B01,関西,中国,2504.064,3213.958,110.94,33
20250912B01,関西_関西-中国間(東),中国_関西-中国間(東),2504.064,3213.958,110.94,33
20250912B01,関西_関西-中国間(西),中国_関西-中国間(西),2504.064,3213.958,110.94,33
20250912B01,関西,四国,0,0,0,0
20250912B01,中国,四国,1082.29,241.268,56,44
20250912B01,中国,九州,381.45,171.611,90,0
20250912B02,北海道,東北,0,0,0,0
20250912B02,東北,東京,555.333,2124,0,0
20250912B02,東京,中部,570.345,8,0,0
20250912B02,中部,関西,964.722,500,1.92,0
20250912B02,中部,北陸,263.444,0,0,0
20250912B02,北陸,関西,1370.016,644,0,0
20250912B02,関西,中国,2503.164,3173.556,49.94,28
20250912B02,関西_関西-中国間(東),中国_関西-中国間(東),2503.164,3173.556,49.94,28
20250912B02,関西_関西-中国間(西),中国_関西-中国間(西),2503.164,3173.556,49.94,28
20250912B02,関西,四国,0,0,0,0
20250912B02,中国,四国,1081.588,440.069,43,43
20250912B02,中国,九州,387.161,110.556,11,0
20250912B03,北海道,東北,0,0,0,0
20250912B03,東北,東京,377.556,2132.454,355,0
20250912B03,東京,中部,928.14,190.667,90,0
20250912B03,中部,関西,333.1,0,1.92,0
20250912B03,中部,北陸,234.833,0,0,0
20250912B03,北陸,関西,818.285,349.2,38,35
20250912B03,関西,中国,2509.293,451.071,234.391,16
20250912B03,関西_関西-中国間(東),中国_関西-中国間(東),2509.293,451.071,234.391,16
20250912B03,関西_関西-中国間(西),中国_関西-中国間(西),2509.293,451.071,234.391,16
20250912B03,関西,四国,0,0,0,0
20250912B03,中国,四国,771.114,323.063,28,47
20250912B03,中国,九州,289.579,53.667,215,0
20250912B04,北海道,東北,0,14.733,0,14.733
20250912B04,東北,東京,523.111,2146.639,250.267,0
20250912B04,東京,中部,635.04,556,390.283,0
20250912B04,中部,関西,565.058,116.667,279.283,0
20250912B04,中部,北陸,115.267,0,0,0
20250912B04,北陸,関西,796.753,996,42,36
20250912B04,関西,中国,2507.616,1439.947,150.17,73.287
20250912B04,関西_関西-中国間(東),中国_関西-中国間(東),2507.616,1439.947,150.17,73.287
20250912B04,関西_関西-中国間(西),中国_関西-中国間(西),2507.616,1439.947,150.17,73.287
20250912B04,関西,四国,0,0,0,0
20250912B04,中国,四国,866.613,75.736,0,38
20250912B04,中国,九州,218.936,291.333,111,0
20250912B05,北海道,東北,0,14.844,0,14.844
20250912B05,東北,東京,535.333,194.887,231,8.844
20250912B05,東京,中部,769.86,556,431.463,0
20250912B05,中部,関西,960.767,116.667,298.463,0
20250912B05,中部,北陸,104.4,0,0,0
20250912B05,北陸,関西,628.508,1172.608,8,0
20250912B05,関西,中国,1202.204,1352.84,151.391,35.115
20250912B05,関西_関西-中国間(東),中国_関西-中国間(東),1202.204,1352.84,151.391,35.115
20250912B05,関西_関西-中国間(西),中国_関西-中国間(西),1202.204,1352.84,151.391,35.115
20250912B05,関西,四国,0,0,0,0
20250912B05,中国,四国,1080.633,110.102,0,43
20250912B05,中国,九州,217.687,286.167,96,0
20250912B06,北海道,東北,0,14.4,0,14.4
20250912B06,東北,東京,539.222,72.667,234,52.4
20250912B06,東京,中部,558.723,556,207.915,0
20250912B06,中部,関西,1188.198,116.667,87.915,0
20250912B06,中部,北陸,124.512,0,0,0
20250912B06,北陸,関西,682.212,1273.2,49,36
20250912B06,関西,中国,1222.654,1654.76,154.624,73
20250912B06,関西_関西-中国間(東),中国_関西-中国間(東),1222.654,1654.76,154.624,73
20250912B06,関西_関西-中国間(西),中国_関西-中国間(西),1222.654,1654.76,154.624,73
20250912B06,関西,四国,0,0,0,0
20250912B06,中国,四国,1057.41,378.481,163,73
20250912B06,中国,九州,325.712,238.167,283,0
20250912B07,北海道,東北,0,13.65,0,13.65
20250912B07,東北,東京,548.667,2124,205.35,0
20250912B07,東京,中部,504.667,502.667,96,0
20250912B07,中部,関西,1095.253,116.667,143.935,0
20250912B07,中部,北陸,219.667,0,0,0
20250912B07,北陸,関西,1309.965,1225.511,46,14
20250912B07,関西,中国,1098.236,2541.404,106.035,62.918
20250912B07,関西_関西-中国間(東),中国_関西-中国間(東),1098.236,2541.404,106.035,62.918
20250912B07,関西_関西-中国間(西),中国_関西-中国間(西),1098.236,2541.404,106.035,62.918
20250912B07,関西,四国,0,0,0,0
20250912B07,中国,四国,972.519,714.44,30,49
20250912B07,中国,九州,496.369,51.944,120,12.228
20250912B08,北海道,東北,0,0,0,0
20250912B08,東北,東京,387,2124.305,339,0
20250912B08,東京,中部,264.487,122.667,0,122.667
20250912B08,中部,関西,745.274,372.222,1.92,122.667
20250912B08,中部,北陸,260.889,0,0,0
20250912B08,北陸,関西,643.536,602.133,40,14
20250912B08,関西,中国,1976.104,2941.872,1.433,44
20250912B08,関西_関西-中国間(東),中国_関西-中国間(東),1976.104,2941.872,1.433,44
20250912B08,関西_関西-中国間(西),中国_関西-中国間(西),1976.104,2941.872,1.433,44
20250912B08,関西,四国,0,0,0,0
20250912B08,中国,四国,1081.762,506.044,27,44
20250912B08,中国,九州,420.993,193.632,95,0
20250913B01,北海道,東北,0,0,0,0
20250913B01,東北,東京,555.333,2124,133.189,0
20250913B01,東京,中部,141.966,8,0,0
20250913B01,中部,関西,843.948,500,0,0
20250913B01,中部,北陸,266.333,0,0,0
20250913B01,北陸,関西,1179.333,646.667,4.66,0
20250913B01,関西,中国,2504.064,3213.958,110.96,21
20250913B01,関西_関西-中国間(東),中国_関西-中国間(東),2504.064,3213.958,110.96,21
20250913B01,関西_関西-中国間(西),中国_関西-中国間(西),2504.064,3213.958,110.96,21
20250913B01,関西,四国,0,0,0,0
20250913B01,中国,四国,1082.29,241.268,56,44
20250913B01,中国,九州,361.45,0,90,0
20250913B02,北海道,東北,0,0,0,0
20250913B02,東北,東京,555.333,2124,145.42,0
20250913B02,東京,中部,570.345,8,0,0
20250913B02,中部,関西,864.722,500,65.635,0
20250913B02,中部,北陸,263.444,0,0,0
20250913B02,北陸,関西,1370.016,644,0,27
20250913B02,関西,中国,2503.164,3173.556,53.372,0
20250913B02,関西_関西-中国間(東),中国_関西-中国間(東),2503.164,3173.556,53.372,0
20250913B02,関西_関西-中国間(西),中国_関西-中国間(西),2503.164,3173.556,53.372,0
20250913B02,関西,四国,0,0,0,0
20250913B02,中国,四国,1081.588,440.069,43,43
20250913B02,中国,九州,367.161,0,11,0
20250913B03,北海道,東北,0,0,0,0
20250913B03,東北,東京,377.556,2132.454,355,0
20250913B03,東京,中部,928.14,190.667,153,0
20250913B03,中部,関西,63.1,0,63,0
20250913B03,中部,北陸,234.833,0,0,0
20250913B03,北陸,関西,818.285,349.2,38,11
20250913B03,関西,中国,2509.293,451.071,239.674,39.364
20250913B03,関西_関西-中国間(東),中国_関西-中国間(東),2509.293,451.071,239.674,39.364
20250913B03,関西_関西-中国間(西),中国_関西-中国間(西),2509.293,451.071,239.674,39.364
20250913B03,関西,四国,0,0,0,0
20250913B03,中国,四国,771.114,323.063,28,47
20250913B03,中国,九州,209.579,0,205,0
20250913B04,北海道,東北,0,4.733,0,0
20250913B04,東北,東京,473.111,2146.639,265,0
20250913B04,東京,中部,635.04,556,238.093,0
20250913B04,中部,関西,305.058,116.667,127.093,0
20250913B04,中部,北陸,115.267,0,0,0
20250913B04,北陸,関西,796.753,296,42,36
20250913B04,関西,中国,2507.616,1439.947,39.153,29.76
20250913B04,関西_関西-中国間(東),中国_関西-中国間(東),2507.616,1439.947,39.153,29.76
20250913B04,関西_関西-中国間(西),中国_関西-中国間(西),2507.616,1439.947,39.153,29.76
20250913B04,関西,四国,0,0,0,0
20250913B04,中国,四国,866.613,75.736,48,67
20250913B04,中国,九州,158.936,0,0,0
20250913B05,北海道,東北,0,4.844,0,4.844
20250913B05,東北,東京,485.333,194.887,232.156,0
20250913B05,東京,中部,769.86,556,37.804,21.471
20250913B05,中部,関西,760.767,116.667,0,116.667
20250913B05,中部,北陸,104.4,0,0,0
20250913B05,北陸,関西,628.508,472.608,22.794,11.794
20250913B05,関西,中国,1202.204,1352.84,9.869,153.236
20250913B05,関西_関西-中国間(東),中国_関西-中国間(東),1202.204,1352.84,9.869,153.236
20250913B05,関西_関西-中国間(西),中国_関西-中国間(西),1202.204,1352.84,9.869,153.236
20250913B05,関西,四国,0,0,0,0
20250913B05,中国,四国,1080.633,110.102,46,81
20250913B05,中国,九州,157.687,0,0,0
20250913B06,北海道,東北,0,4.4,0,4.4
20250913B06,東北,東京,489.222,72.667,234,42.4
20250913B06,東京,中部,558.723,556,92.739,415.3
20250913B06,中部,関西,888.198,116.667,342.904,0
20250913B06,中部,北陸,124.512,0,0,0
20250913B06,北陸,関西,682.212,573.2,49,36
20250913B06,関西,中国,1222.654,1654.76,241.923,26.545
20250913B06,関西_関西-中国間(東),中国_関西-中国間(東),1222.654,1654.76,241.923,26.545
20250913B06,関西_関西-中国間(西),中国_関西-中国間(西),1222.654,1654.76,241.923,26.545
20250913B06,関西,四国,0,0,0,0
20250913B06,中国,四国,1057.41,378.481,38,57
20250913B06,中国,九州,255.712,0,185,0
20250913B07,北海道,東北,0,3.65,0,3.65
20250913B07,東北,東京,498.667,2124,495.35,0
20250913B07,東京,中部,504.667,502.667,0,370.985
20250913B07,中部,関西,1005.253,116.667,55.935,0
20250913B07,中部,北陸,219.667,0,0,0
20250913B07,北陸,関西,1309.965,525.511,46,14
20250913B07,関西,中国,1098.236,2541.404,19,30
20250913B07,関西_関西-中国間(東),中国_関西-中国間(東),1098.236,2541.404,19,30
20250913B07,関西_関西-中国間(西),中国_関西-中国間(西),1098.236,2541.404,19,30
20250913B07,関西,四国,0,0,0,0
20250913B07,中国,四国,972.519,714.44,30,49
20250913B07,中国,九州,466.369,0,2,0
20250913B08,北海道,東北,0,0,0,0
20250913B08,東北,東京,387,2124.305,339,0
20250913B08,東京,中部,264.487,122.667,0,122.667
20250913B08,中部,関西,655.274,0,236.217,0
20250913B08,中部,北陸,260.889,0,0,0
20250913B08,北陸,関西,643.536,602.133,28,48.874
20250913B08,関西,中国,1976.104,2941.872,232.42,0
20250913B08,関西_関西-中国間(東),中国_関西-中国間(東),1976.104,2941.872,232.42,0
20250913B08,関西_関西-中国間(西),中国_関西-中国間(西),1976.104,2941.872,232.42,0
20250913B08,関西,四国,0,0,0,0
20250913B08,中国,四国,1081.762,506.044,50,44
20250913B08,中国,九州,400.993,0,124,0
20250914B01,北海道,東北,0,0,0,0
20250914B01,東北,東京,555.333,2124,213.7,0
20250914B01,東京,中部,141.966,8,0,0
20250914B01,中部,関西,843.948,0,163.504,0
20250914B01,中部,北陸,266.333,0,0,0
20250914B01,北陸,関西,1179.333,646.667,0,24
20250914B01,関西,中国,2504.064,3213.958,184.241,0
20250914B01,関西_関西-中国間(東),中国_関西-中国間(東),2504.064,3213.958,184.241,0
20250914B01,関西_関西-中国間(西),中国_関西-中国間(西),2504.064,3213.958,184.241,0
20250914B01,関西,四国,0,0,0,0
20250914B01,中国,四国,1082.29,241.268,0,38
20250914B01,中国,九州,361.45,0,120.726,0
20250914B02,北海道,東北,0,0,0,0
20250914B02,東北,東京,555.333,2124,90.734,0
20250914B02,東京,中部,570.345,8,0,0
20250914B02,中部,関西,864.722,0,164.23,0
20250914B02,中部,北陸,263.444,0,0,0
20250914B02,北陸,関西,1370.016,644,0,37
20250914B02,関西,中国,2503.164,3173.556,130.967,0
20250914B02,関西_関西-中国間(東),中国_関西-中国間(東),2503.164,3173.556,130.967,0
20250914B02,関西_関西-中国間(西),中国_関西-中国間(西),2503.164,3173.556,130.967,0
20250914B02,関西,四国,0,0,0,0
20250914B02,中国,四国,1081.588,440.069,0,32
20250914B02,中国,九州,367.161,0,79.252,0
20250914B03,北海道,東北,0,0,0,0
20250914B03,東北,東京,377.556,2132.454,355,0
20250914B03,東京,中部,928.14,190.667,153,0
20250914B03,中部,関西,63.1,0,63.1,0
20250914B03,中部,北陸,234.833,0,1.82,0
20250914B03,北陸,関西,818.285,349.2,39.82,11
20250914B03,関西,中国,2509.293,451.071,242.774,2.9
20250914B03,関西_関西-中国間(東),中国_関西-中国間(東),2509.293,451.071,242.774,2.9
20250914B03,関西_関西-中国間(西),中国_関西-中国間(西),2509.293,451.071,242.774,2.9
20250914B03,関西,四国,0,0,0,0
20250914B03,中国,四国,771.114,323.063,0,34
20250914B03,中国,九州,209.579,0,205,0
20250914B04,北海道,東北,0,4.733,0,4.733
20250914B04,東北,東京,473.111,2146.639,150.267,0
20250914B04,東京,中部,635.04,556,197.093,0
20250914B04,中部,関西,305.058,0,86.093,0
20250914B04,中部,北陸,115.267,0,0,0
20250914B04,北陸,関西,796.753,296,42,36
20250914B04,関西,中国,2507.616,1439.947,30,31.607
20250914B04,関西_関西-中国間(東),中国_関西-中国間(東),2507.616,1439.947,30,31.607
20250914B04,関西_関西-中国間(西),中国_関西-中国間(西),2507.616,1439.947,30,31.607
20250914B04,関西,四国,0,0,0,0
20250914B04,中国,四国,866.613,75.736,0,30
20250914B04,中国,九州,158.936,0,0,0
20250914B05,北海道,東北,0,4.844,0,4.844
20250914B05,東北,東京,485.333,194.887,122.156,0
20250914B05,東京,中部,769.86,556,133,0
20250914B05,中部,関西,760.767,0,0,0
20250914B05,中部,北陸,104.4,0,0,0
20250914B05,北陸,関西,628.508,472.608,22.794,11.794
20250914B05,関西,中国,1202.204,1352.84,9.869,186.279
20250914B05,関西_関西-中国間(東),中国_関西-中国間(東),1202.204,1352.84,9.869,186.279
20250914B05,関西_関西-中国間(西),中国_関西-中国間(西),1202.204,1352.84,9.869,186.279
20250914B05,関西,四国,0,0,0,0
20250914B05,中国,四国,1080.633,110.102,46,81
20250914B05,中国,九州,157.687,0,0,0
20250914B06,北海道,東北,0,4.4,0,4.4
20250914B06,東北,東京,489.222,72.667,89.6,0
20250914B06,東京,中部,558.723,556,120,0
20250914B06,中部,関西,888.198,0,0,0
20250914B06,中部,北陸,124.512,0,0,0
20250914B06,北陸,関西,682.212,573.2,49,36
20250914B06,関西,中国,1222.654,1654.76,74.987,37.545
20250914B06,関西_関西-中国間(東),中国_関西-中国間(東),1222.654,1654.76,74.987,37.545
20250914B06,関西_関西-中国間(西),中国_関西-中国間(西),1222.654,1654.76,74.987,37.545
20250914B06,関西,四国,0,0,0,0
20250914B06,中国,四国,1057.41,378.481,49,68
20250914B06,中国,九州,255.712,0,201.967,0
20250914B07,北海道,東北,0,3.65,0,3.65
20250914B07,東北,東京,498.667,2124,385.35,0
20250914B07,東京,中部,504.667,502.667,0,361.985
20250914B07,中部,関西,1005.253,0,53.935,0
20250914B07,中部,北陸,219.667,0,0,0
20250914B07,北陸,関西,1309.965,525.511,46,14
20250914B07,関西,中国,1098.236,2541.404,31.374,24.077
20250914B07,関西_関西-中国間(東),中国_関西-中国間(東),1098.236,2541.404,31.374,24.077
20250914B07,関西_関西-中国間(西),中国_関西-中国間(西),1098.236,2541.404,31.374,24.077
20250914B07,関西,四国,0,0,0,0
20250914B07,中国,四国,972.519,714.44,30,49
20250914B07,中国,九州,466.369,0,0,0
20250914B08,北海道,東北,0,0,0,0
20250914B08,東北,東京,387,2124.305,246,0
20250914B08,東京,中部,264.487,122.667,0,122.667
20250914B08,中部,関西,655.274,0,224.448,0
20250914B08,中部,北陸,260.889,0,0,0
20250914B08,北陸,関西,643.536,602.133,28,58
20250914B08,関西,中国,1976.104,2941.872,211.525,0
20250914B08,関西_関西-中国間(東),中国_関西-中国間(東),1976.104,2941.872,211.525,0
20250914B08,関西_関西-中国間(西),中国_関西-中国間(西),1976.104,2941.872,211.525,0
20250914B08,関西,四国,0,0,0,0
20250914B08,中国,四国,1081.762,506.044,50,44
20250914B08,中国,九州,400.993,0,154.021,0
20250915B01,北海道,東北,0,0,0,0
20250915B01,東北,東京,545.333,2124,213.7,0
20250915B01,東京,中部,141.966,8,0,0
20250915B01,中部,関西,843.948,0,1.92,0
20250915B01,中部,北陸,266.333,0,0,0
20250915B01,北陸,関西,1179.333,646.667,0,0
20250915B01,関西,中国,2504.064,3213.958,59.96,33
20250915B01,関西_関西-中国間(東),中国_関西-中国間(東),2504.064,3213.958,59.96,33
20250915B01,関西_関西-中国間(西),中国_関西-中国間(西),2504.064,3213.958,59.96,33
20250915B01,関西,四国,0,0,0,0
20250915B01,中国,四国,1082.29,241.268,0,38
20250915B01,中国,九州,361.45,0,90,0
20250915B02,北海道,東北,0,0,0,0
20250915B02,東北,東京,545.333,2124,41.534,0
20250915B02,東京,中部,570.345,8,0,0
20250915B02,中部,関西,864.722,0,34.92,0
20250915B02,中部,北陸,263.444,0,0,0
20250915B02,北陸,関西,1370.016,644,0,0
20250915B02,関西,中国,2503.164,3173.556,38.657,0.303
20250915B02,関西_関西-中国間(東),中国_関西-中国間(東),2503.164,3173.556,38.657,0.303
20250915B02,関西_関西-中国間(西),中国_関西-中国間(西),2503.164,3173.556,38.657,0.303
20250915B02,関西,四国,0,0,0,0
20250915B02,中国,四国,1081.588,440.069,0,32
20250915B02,中国,九州,367.161,0,11,0
20250915B03,北海道,東北,0,0,0,0
20250915B03,東北,東京,367.556,2132.454,254,0
20250915B03,東京,中部,928.14,190.667,98.8,0
20250915B03,中部,関西,63.1,0,10.72,0
20250915B03,中部,北陸,234.833,0,0,0
20250915B03,北陸,関西,818.285,349.2,38,11
20250915B03,関西,中国,2509.293,451.071,168.1,19
20250915B03,関西_関西-中国間(東),中国_関西-中国間(東),2509.293,451.071,168.1,19
20250915B03,関西_関西-中国間(西),中国_関西-中国間(西),2509.293,451.071,168.1,19
20250915B03,関西,四国,0,0,0,0
20250915B03,中国,四国,771.114,323.063,0,34
20250915B03,中国,九州,209.579,0,205,0
20250915B04,北海道,東北,0,4.733,0,4.733
20250915B04,東北,東京,463.111,2146.639,150.267,0
20250915B04,東京,中部,635.04,556,350.38,0
20250915B04,中部,関西,305.058,0,239.38,0
20250915B04,中部,北陸,115.267,0,0,0
20250915B04,北陸,関西,796.753,296,42,36
20250915B04,関西,中国,2507.616,1439.947,19,42.607
20250915B04,関西_関西-中国間(東),中国_関西-中国間(東),2507.616,1439.947,19,42.607
20250915B04,関西_関西-中国間(西),中国_関西-中国間(西),2507.616,1439.947,19,42.607
20250915B04,関西,四国,0,0,0,0
20250915B04,中国,四国,866.613,75.736,0,30
20250915B04,中国,九州,158.936,0,0,0
20250915B05,北海道,東北,0,4.844,0,0
20250915B05,東北,東京,475.333,194.887,127,0
20250915B05,東京,中部,769.86,556,133,0
20250915B05,中部,関西,760.767,0,0,0
20250915B05,中部,北陸,104.4,0,0,0
20250915B05,北陸,関西,628.508,472.608,22.794,11.794
20250915B05,関西,中国,1202.204,1352.84,6.292,186.279
20250915B05,関西_関西-中国間(東),中国_関西-中国間(東),1202.204,1352.84,6.292,186.279
20250915B05,関西_関西-中国間(西),中国_関西-中国間(西),1202.204,1352.84,6.292,186.279
20250915B05,関西,四国,0,0,0,0
20250915B05,中国,四国,1080.633,110.102,46,81
20250915B05,中国,九州,157.687,0,0,0
20250915B06,北海道,東北,0,4.4,0,4.4
20250915B06,東北,東京,479.222,72.667,89.6,0
20250915B06,東京,中部,558.723,556,120,0
20250915B06,中部,関西,888.198,0,0,0
20250915B06,中部,北陸,124.512,0,0,0
20250915B06,北陸,関西,682.212,573.2,49,36
20250915B06,関西,中国,1222.654,1654.76,60.374,45.444
20250915B06,関西_関西-中国間(東),中国_関西-中国間(東),1222.654,1654.76,60.374,45.444
20250915B06,関西_関西-中国間(西),中国_関西-中国間(西),1222.654,1654.76,60.374,45.444
20250915B06,関西,四国,0,0,0,0
20250915B06,中国,四国,1057.41,378.481,38,68
20250915B06,中国,九州,255.712,0,185,0
20250915B07,北海道,東北,0,3.65,0,3.65
20250915B07,東北,東京,488.667,2124,385.35,0
20250915B07,東京,中部,504.667,502.667,57.623,0
20250915B07,中部,関西,1005.253,0,30.623,0
20250915B07,中部,北陸,219.667,0,0,0
20250915B07,北陸,関西,1309.965,525.511,46,14
20250915B07,関西,中国,1098.236,2541.404,16.919,26.158
20250915B07,関西_関西-中国間(東),中国_関西-中国間(東),1098.236,2541.404,16.919,26.158
20250915B07,関西_関西-中国間(西),中国_関西-中国間(西),1098.236,2541.404,16.919,26.158
20250915B07,関西,四国,0,0,0,0
20250915B07,中国,四国,972.519,714.44,19,38
20250915B07,中国,九州,466.369,0,0,0
20250915B08,北海道,東北,0,0,0,0
20250915B08,東北,東京,377,2124.305,246,0
20250915B08,東京,中部,264.487,122.667,0,122.667
20250915B08,中部,関西,655.274,0,135.877,0
20250915B08,中部,北陸,260.889,0,0,0
20250915B08,北陸,関西,643.536,602.133,28,31.024
20250915B08,関西,中国,1976.104,2941.872,149.93,0
20250915B08,関西_関西-中国間(東),中国_関西-中国間(東),1976.104,2941.872,149.93,0
20250915B08,関西_関西-中国間(西),中国_関西-中国間(西),1976.104,2941.872,149.93,0
20250915B08,関西,四国,0,0,0,0
20250915B08,中国,四国,1081.762,506.044,52,33
20250915B08,中国,九州,400.993,0,124,0
20250916B01,北海道,東北,0,0,0,0
20250916B01,東北,東京,495.333,2124,141.245,0
20250916B01,東京,中部,141.966,8,0,8
20250916B01,中部,関西,733.948,0,110.972,0
20250916B01,中部,北陸,266.333,0,0,0
20250916B01,北陸,関西,1159.333,646.667,0,0
20250916B01,関西,中国,2504.064,3063.958,169.049,0
20250916B01,関西_関西-中国間(東),中国_関西-中国間(東),2504.064,3063.958,169.049,0
20250916B01,関西_関西-中国間(西),中国_関西-中国間(西),2504.064,3063.958,169.049,0
20250916B01,関西,四国,0,0,0,0
20250916B01,中国,四国,1082.29,241.268,58,33
20250916B01,中国,九州,331.45,0,90,0
20250916B02,北海道,東北,0,0,0,0
20250916B02,東北,東京,495.333,2124,153.058,0
20250916B02,東京,中部,570.345,8,0,8
20250916B02,中部,関西,784.722,0,104.312,0
20250916B02,中部,北陸,263.444,0,0,0
20250916B02,北陸,関西,1350.016,644,0,27
20250916B02,関西,中国,2503.164,3023.556,96.049,0
20250916B02,関西_関西-中国間(東),中国_関西-中国間(東),2503.164,3023.556,96.049,0
20250916B02,関西_関西-中国間(西),中国_関西-中国間(西),2503.164,3023.556,96.049,0
20250916B02,関西,四国,0,0,0,0
20250916B02,中国,四国,1081.588,440.069,47,32
20250916B02,中国,九州,337.161,0,29.334,0
20250916B03,北海道,東北,0,0,0,0
20250916B03,東北,東京,317.556,2132.454,254,0
20250916B03,東京,中部,928.14,190.667,168.87,0
20250916B03,中部,関西,0,0,0,0
20250916B03,中部,北陸,234.833,0,78.87,0
20250916B03,北陸,関西,798.285,349.2,116.87,11
20250916B03,関西,中国,2509.293,0,242.17,0
20250916B03,関西_関西-中国間(東),中国_関西-中国間(東),2509.293,0,242.17,0
20250916B03,関西_関西-中国間(西),中国_関西-中国間(西),2509.293,0,242.17,0
20250916B03,関西,四国,0,0,0,0
20250916B03,中国,四国,771.114,323.063,17,36
20250916B03,中国,九州,249.579,0,215,0
20250916B04,北海道,東北,0,14.733,0,14.733
20250916B04,東北,東京,413.111,2146.639,0,0
20250916B04,東京,中部,0,0,0,0
20250916B04,中部,関西,415.058,116.667,0,88
20250916B04,中部,北陸,115.267,0,0,0
20250916B04,北陸,関西,796.753,996,17.713,11.713
20250916B04,関西,中国,2507.616,0,60,0
20250916B04,関西_関西-中国間(東),中国_関西-中国間(東),2507.616,0,60,0
20250916B04,関西_関西-中国間(西),中国_関西-中国間(西),2507.616,0,60,0
20250916B04,関西,四国,0,0,0,0
20250916B04,中国,四国,866.613,75.736,40,60
20250916B04,中国,九州,198.936,31.333,0,5.247
20250916B05,北海道,東北,0,14.844,0,14.844
20250916B05,東北,東京,425.333,194.887,0,0
20250916B05,東京,中部,0,0,0,0
20250916B05,中部,関西,810.767,116.667,0,116.667
20250916B05,中部,北陸,104.4,0,0,0
20250916B05,北陸,関西,628.508,1172.608,11,0
20250916B05,関西,中国,1202.204,0,84,0
20250916B05,関西_関西-中国間(東),中国_関西-中国間(東),1202.204,0,84,0
20250916B05,関西_関西-中国間(西),中国_関西-中国間(西),1202.204,0,84,0
20250916B05,関西,四国,0,0,0,0
20250916B05,中国,四国,1080.633,110.102,38,84
20250916B05,中国,九州,197.687,126.167,146,0
20250916B06,北海道,東北,0,14.4,0,0
20250916B06,東北,東京,429.222,72.667,0,0
20250916B06,東京,中部,0,0,0,0
20250916B06,中部,関西,1078.198,116.667,0,116.667
20250916B06,中部,北陸,124.512,0,0,0
20250916B06,北陸,関西,682.212,1273.2,49,36
20250916B06,関西,中国,1222.654,194.76,6.518,109.432
20250916B06,関西_関西-中国間(東),中国_関西-中国間(東),1222.654,194.76,6.518,109.432
20250916B06,関西_関西-中国間(西),中国_関西-中国間(西),1222.654,194.76,6.518,109.432
20250916B06,関西,四国,0,0,0,0
20250916B06,中国,四国,1057.41,378.481,39,69
20250916B06,中国,九州,295.712,78.167,185,0
20250916B07,北海道,東北,0,13.65,0,13.65
20250916B07,東北,東京,438.667,2124,438.667,0
20250916B07,東京,中部,504.667,502.667,229.67,0
20250916B07,中部,関西,985.253,116.667,202.67,0
20250916B07,中部,北陸,219.667,0,0,0
20250916B07,北陸,関西,1309.965,1225.511,46,14
20250916B07,関西,中国,1098.236,1081.404,166.97,26.963
20250916B07,関西_関西-中国間(東),中国_関西-中国間(東),1098.236,1081.404,166.97,26.963
20250916B07,関西_関西-中国間(西),中国_関西-中国間(西),1098.236,1081.404,166.97,26.963
20250916B07,関西,四国,0,0,0,0
20250916B07,中国,四国,972.519,714.44,19,38
20250916B07,中国,九州,456.369,0,120,0
20250916B08,北海道,東北,0,0,0,0
20250916B08,東北,東京,327,2124.305,327,0
20250916B08,東京,中部,264.487,122.667,0,122.667
20250916B08,中部,関西,655.274,372.222,1.92,122.667
20250916B08,中部,北陸,260.889,0,0,0
20250916B08,北陸,関西,643.536,602.133,40,0
20250916B08,関西,中国,1976.104,1481.872,3.633,33
20250916B08,関西_関西-中国間(東),中国_関西-中国間(東),1976.104,1481.872,3.633,33
20250916B08,関西_関西-中国間(西),中国_関西-中国間(西),1976.104,1481.872,3.633,33
20250916B08,関西,四国,0,0,0,0
20250916B08,中国,四国,1081.762,506.044,14,33
20250916B08,中国,九州,410.993,63.632,111,0
20250917B01,北海道,東北,0,0,0,0
20250917B01,東北,東京,495.333,2124,72.657,0
20250917B01,東京,中部,141.966,8,0,0
20250917B01,中部,関西,873.948,500,110.942,0
20250917B01,中部,北陸,266.333,0,0,0
20250917B01,北陸,関西,1179.333,646.667,0,24
20250917B01,関西,中国,2504.064,1753.958,145.019,0
20250917B01,関西_関西-中国間(東),中国_関西-中国間(東),2504.064,1753.958,145.019,0
20250917B01,関西_関西-中国間(西),中国_関西-中国間(西),2504.064,1753.958,145.019,0
20250917B01,関西,四国,0,0,0,0
20250917B01,中国,四国,1082.29,241.268,58,33
20250917B01,中国,九州,371.45,51.611,102.071,0
20250917B02,北海道,東北,0,0,0,0
20250917B02,東北,東京,495.333,2124,32.081,0
20250917B02,東京,中部,570.345,8,0,0
20250917B02,中部,関西,904.722,500,104.312,0
20250917B02,中部,北陸,263.444,0,0,0
20250917B02,北陸,関西,1370.016,644,0,37
20250917B02,関西,中国,2503.164,1713.556,53.93,14.668
20250917B02,関西_関西-中国間(東),中国_関西-中国間(東),2503.164,1713.556,53.93,14.668
20250917B02,関西_関西-中国間(西),中国_関西-中国間(西),2503.164,1713.556,53.93,14.668
20250917B02,関西,四国,0,0,0,0
20250917B02,中国,四国,1081.588,440.069,47,32
20250917B02,中国,九州,377.161,10.556,18.114,0
20250917B03,北海道,東北,0,0,0,0
20250917B03,東北,東京,317.556,2132.454,317.556,0
20250917B03,東京,中部,928.14,190.667,108.056,0
20250917B03,中部,関西,183.1,0,19.976,0
20250917B03,中部,北陸,234.833,0,0,0
20250917B03,北陸,関西,818.285,349.2,27,0
20250917B03,関西,中国,2509.293,0,170.356,0
20250917B03,関西_関西-中国間(東),中国_関西-中国間(東),2509.293,0,170.356,0
20250917B03,関西_関西-中国間(西),中国_関西-中国間(西),2509.293,0,170.356,0
20250917B03,関西,四国,0,0,0,0
20250917B03,中国,四国,771.114,323.063,17,36
20250917B03,中国,九州,249.579,0,181,0
20250917B04,北海道,東北,0,14.733,0,14.733
20250917B04,東北,東京,413.111,2146.639,0,0
20250917B04,東京,中部,0,0,0,0
20250917B04,中部,関西,415.058,116.667,0,82
20250917B04,中部,北陸,115.267,0,0,0
20250917B04,北陸,関西,796.753,996,55,0
20250917B04,関西,中国,2507.616,0,45,0
20250917B04,関西_関西-中国間(東),中国_関西-中国間(東),2507.616,0,45,0
20250917B04,関西_関西-中国間(西),中国_関西-中国間(西),2507.616,0,45,0
20250917B04,関西,四国,0,0,0,0
20250917B04,中国,四国,866.613,75.736,26,45
20250917B04,中国,九州,198.936,31.333,108.02,0
20250917B05,北海道,東北,0,14.844,0,14.844
20250917B05,東北,東京,425.333,194.887,0,0
20250917B05,東京,中部,0,0,0,0
20250917B05,中部,関西,810.767,116.667,0,97
20250917B05,中部,北陸,104.4,0,0,0
20250917B05,北陸,関西,628.508,1172.608,42,0
20250917B05,関西,中国,1202.204,0,42,0
20250917B05,関西_関西-中国間(東),中国_関西-中国間(東),1202.204,0,42,0
20250917B05,関西_関西-中国間(西),中国_関西-中国間(西),1202.204,0,42,0
20250917B05,関西,四国,0,0,0,0
20250917B05,中国,四国,1080.633,110.102,23,42
20250917B05,中国,九州,197.687,126.167,169,0
20250917B06,北海道,東北,0,14.4,0,0
20250917B06,東北,東京,429.222,72.667,0,0
20250917B06,東京,中部,0,0,0,0
20250917B06,中部,関西,1078.198,116.667,0,116.667
20250917B06,中部,北陸,124.512,0,0,0
20250917B06,北陸,関西,682.212,1273.2,44.727,3.085
20250917B06,関西,中国,1222.654,194.76,23.915,152.435
20250917B06,関西_関西-中国間(東),中国_関西-中国間(東),1222.654,194.76,23.915,152.435
20250917B06,関西_関西-中国間(西),中国_関西-中国間(西),1222.654,194.76,23.915,152.435
20250917B06,関西,四国,0,0,0,0
20250917B06,中国,四国,1057.41,378.481,37,74
20250917B06,中国,九州,295.712,78.167,8.603,0
20250917B07,北海道,東北,0,13.65,0,13.65
20250917B07,東北,東京,438.667,2124,438.667,0
20250917B07,東京,中部,504.667,502.667,62.667,0
20250917B07,中部,関西,985.253,116.667,35.667,0
20250917B07,中部,北陸,219.667,0,0,0
20250917B07,北陸,関西,1309.965,1225.511,46,14
20250917B07,関西,中国,1098.236,1081.404,11.037,26.996
20250917B07,関西_関西-中国間(東),中国_関西-中国間(東),1098.236,1081.404,11.037,26.996
20250917B07,関西_関西-中国間(西),中国_関西-中国間(西),1098.236,1081.404,11.037,26.996
20250917B07,関西,四国,0,0,0,0
20250917B07,中国,四国,972.519,714.44,19,38
20250917B07,中国,九州,456.369,0,16,0
20250917B08,北海道,東北,0,0,0,0
20250917B08,東北,東京,327,2124.305,327,0
20250917B08,東京,中部,264.487,122.667,0,122.667
20250917B08,中部,関西,655.274,372.222,1.92,122.667
20250917B08,中部,北陸,260.889,0,0,0
20250917B08,北陸,関西,643.536,602.133,40,0
20250917B08,関西,中国,1976.104,1481.872,3.633,33
20250917B08,関西_関西-中国間(東),中国_関西-中国間(東),1976.104,1481.872,3.633,33
20250917B08,関西_関西-中国間(西),中国_関西-中国間(西),1976.104,1481.872,3.633,33
20250917B08,関西,四国,0,0,0,0
20250917B08,中国,四国,1081.762,506.044,14,33
20250917B08,中国,九州,410.993,63.632,111,0
20250918B01,北海道,東北,0,0,0,0
20250918B01,東北,東京,495.333,2124,149.245,0
20250918B01,東京,中部,141.966,8,0,0
20250918B01,中部,関西,873.948,500,110.942,0
20250918B01,中部,北陸,266.333,0,0,0
20250918B01,北陸,関西,1179.333,646.667,0,14
20250918B01,関西,中国,2504.064,1753.958,155.019,0
20250918B01,関西_関西-中国間(東),中国_関西-中国間(東),2504.064,1753.958,155.019,0
20250918B01,関西_関西-中国間(西),中国_関西-中国間(西),2504.064,1753.958,155.019,0
20250918B01,関西,四国,0,0,0,0
20250918B01,中国,四国,1082.29,241.268,58,33
20250918B01,中国,九州,371.45,51.611,112.071,0
20250918B02,北海道,東北,0,0,0,0
20250918B02,東北,東京,495.333,2124,164.545,0
20250918B02,東京,中部,570.345,8,0,0
20250918B02,中部,関西,904.722,500,104.312,0
20250918B02,中部,北陸,263.444,0,0,0
20250918B02,北陸,関西,1370.016,644,0,27
20250918B02,関西,中国,2503.164,1713.556,53.93,4.668
20250918B02,関西_関西-中国間(東),中国_関西-中国間(東),2503.164,1713.556,53.93,4.668
20250918B02,関西_関西-中国間(西),中国_関西-中国間(西),2503.164,1713.556,53.93,4.668
20250918B02,関西,四国,0,0,0,0
20250918B02,中国,四国,1081.588,440.069,47,32
20250918B02,中国,九州,377.161,10.556,28.114,0
20250918B03,北海道,東北,0,0,0,0
20250918B03,東北,東京,317.556,2132.454,202,0
20250918B03,東京,中部,0,0,0,0
20250918B03,中部,関西,183.1,0,1.92,0
20250918B03,中部,北陸,234.833,0,0,0
20250918B03,北陸,関西,818.285,349.2,38,11
20250918B03,関西,中国,2509.293,0,239.391,0
20250918B03,関西_関西-中国間(東),中国_関西-中国間(東),2509.293,0,239.391,0
20250918B03,関西_関西-中国間(西),中国_関西-中国間(西),2509.293,0,239.391,0
20250918B03,関西,四国,0,0,0,0
20250918B03,中国,四国,771.114,323.063,17,36
20250918B03,中国,九州,249.579,0,215,0
20250918B04,北海道,東北,0,0,0,0
20250918B04,東北,東京,413.111,2146.639,0,0
20250918B04,東京,中部,185.04,106,88,0
20250918B04,中部,関西,415.058,116.667,0,0
20250918B04,中部,北陸,115.267,0,0,0
20250918B04,北陸,関西,796.753,996,17.713,11.713
20250918B04,関西,中国,2507.616,0,45,0
20250918B04,関西_関西-中国間(東),中国_関西-中国間(東),2507.616,0,45,0
20250918B04,関西_関西-中国間(西),中国_関西-中国間(西),2507.616,0,45,0
20250918B04,関西,四国,0,0,0,0
20250918B04,中国,四国,866.613,75.736,26,45
20250918B04,中国,九州,198.936,31.333,0,6.268
20250918B05,北海道,東北,0,0,0,0
20250918B05,東北,東京,425.333,194.887,0,0
20250918B05,東京,中部,319.86,106,133,0
20250918B05,中部,関西,810.767,116.667,0,0
20250918B05,中部,北陸,104.4,0,0,0
20250918B05,北陸,関西,628.508,1172.608,11,0
20250918B05,関西,中国,1202.204,0,42,0
20250918B05,関西_関西-中国間(東),中国_関西-中国間(東),1202.204,0,42,0
20250918B05,関西_関西-中国間(西),中国_関西-中国間(西),1202.204,0,42,0
20250918B05,関西,四国,0,0,0,0
20250918B05,中国,四国,1080.633,110.102,23,42
20250918B05,中国,九州,197.687,126.167,25,0
20250918B06,北海道,東北,0,0,0,0
20250918B06,東北,東京,429.222,72.667,0,0
20250918B06,東京,中部,108.723,106,82.451,0
20250918B06,中部,関西,1078.198,116.667,0,37.549
20250918B06,中部,北陸,124.512,0,0,0
20250918B06,北陸,関西,682.212,1273.2,49,36
20250918B06,関西,中国,1222.654,194.76,14.837,81.125
20250918B06,関西_関西-中国間(東),中国_関西-中国間(東),1222.654,194.76,14.837,81.125
20250918B06,関西_関西-中国間(西),中国_関西-中国間(西),1222.654,194.76,14.837,81.125
20250918B06,関西,四国,0,0,0,0
20250918B06,中国,四国,1057.41,378.481,23,53
20250918B06,中国,九州,295.712,78.167,66.915,0
20250918B07,北海道,東北,0,0,0,0
20250918B07,東北,東京,438.667,2124,0,0
20250918B07,東京,中部,54.667,52.667,0,52.667
20250918B07,中部,関西,985.253,116.667,0,79.667
20250918B07,中部,北陸,219.667,0,0,0
20250918B07,北陸,関西,1309.965,1225.511,46,14
20250918B07,関西,中国,1098.236,2391.404,11.037,142.33
20250918B07,関西_関西-中国間(東),中国_関西-中国間(東),1098.236,2391.404,11.037,142.33
20250918B07,関西_関西-中国間(西),中国_関西-中国間(西),1098.236,2391.404,11.037,142.33
20250918B07,関西,四国,0,0,0,0
20250918B07,中国,四国,972.519,714.44,16,46
20250918B07,中国,九州,456.369,0,16,0
20250918B08,北海道,東北,0,0,0,0
20250918B08,東北,東京,327,2124.305,327,0
20250918B08,東京,中部,0,0,0,0
20250918B08,中部,関西,655.274,372.222,1.92,0
20250918B08,中部,北陸,260.889,0,0,0
20250918B08,北陸,関西,643.536,602.133,40,0
20250918B08,関西,中国,1976.104,2791.872,126.3,19
20250918B08,関西_関西-中国間(東),中国_関西-中国間(東),1976.104,2791.872,126.3,19
20250918B08,関西_関西-中国間(西),中国_関西-中国間(西),1976.104,2791.872,126.3,19
20250918B08,関西,四国,0,0,0,0
20250918B08,中国,四国,1081.762,506.044,28.4,33
20250918B08,中国,九州,410.993,63.632,124,0
20250919B01,北海道,東北,0,0,0,0
20250919B01,東北,東京,495.333,2124,0,0
20250919B01,東京,中部,0,0,0,0
20250919B01,中部,関西,873.948,500,93.867,0
20250919B01,中部,北陸,266.333,0,0,0
20250919B01,北陸,関西,1179.333,646.667,0,14
20250919B01,関西,中国,2504.064,3063.958,137.944,0
20250919B01,関西_関西-中国間(東),中国_関西-中国間(東),2504.064,3063.958,137.944,0
20250919B01,関西_関西-中国間(西),中国_関西-中国間(西),2504.064,3063.958,137.944,0
20250919B01,関西,四国,0,0,0,0
20250919B01,中国,四国,1082.29,241.268,58,33
20250919B01,中国,九州,371.45,51.611,107.733,0
20250919B02,北海道,東北,0,0,0,0
20250919B02,東北,東京,495.333,2124,194.428,0
20250919B02,東京,中部,120.345,0,0,0
20250919B02,中部,関西,904.722,500,87.247,0
20250919B02,中部,北陸,263.444,0,0,0
20250919B02,北陸,関西,1370.016,644,0,27
20250919B02,関西,中国,2503.164,3023.556,53.92,21.733
20250919B02,関西_関西-中国間(東),中国_関西-中国間(東),2503.164,3023.556,53.92,21.733
20250919B02,関西_関西-中国間(西),中国_関西-中国間(西),2503.164,3023.556,53.92,21.733
20250919B02,関西,四国,0,0,0,0
20250919B02,中国,四国,1081.588,440.069,47,32
20250919B02,中国,九州,377.161,10.556,23.776,0
20250919B03,北海道,東北,0,0,0,0
20250919B03,東北,東京,317.556,2132.454,254,0
20250919B03,東京,中部,478.14,0,0,0
20250919B03,中部,関西,183.1,0,15.794,0
20250919B03,中部,北陸,234.833,0,0,0
20250919B03,北陸,関西,818.285,349.2,38,11
20250919B03,関西,中国,2509.293,0,177.174,0
20250919B03,関西_関西-中国間(東),中国_関西-中国間(東),2509.293,0,177.174,0
20250919B03,関西_関西-中国間(西),中国_関西-中国間(西),2509.293,0,177.174,0
20250919B03,関西,四国,0,0,0,0
20250919B03,中国,四国,771.114,323.063,17,36
20250919B03,中国,九州,249.579,0,215,0
20250919B04,北海道,東北,0,14.733,0,14.733
20250919B04,東北,東京,413.111,2146.639,140.267,0
20250919B04,東京,中部,185.04,106,185.04,0
20250919B04,中部,関西,415.058,116.667,74.04,0
20250919B04,中部,北陸,115.267,0,0,0
20250919B04,北陸,関西,796.753,996,17.713,11.713
20250919B04,関西,中国,2507.616,0,75.736,0
20250919B04,関西_関西-中国間(東),中国_関西-中国間(東),2507.616,0,75.736,0
20250919B04,関西_関西-中国間(西),中国_関西-中国間(西),2507.616,0,75.736,0
20250919B04,関西,四国,0,0,0,0
20250919B04,中国,四国,866.613,75.736,49.74,75.736
20250919B04,中国,九州,198.936,31.333,0,29.98
20250919B05,北海道,東北,0,14.844,0,14.844
20250919B05,東北,東京,425.333,194.887,222.156,0
20250919B05,東京,中部,319.86,106,319.86,0
20250919B05,中部,関西,810.767,116.667,186.86,0
20250919B05,中部,北陸,104.4,0,0,0
20250919B05,北陸,関西,628.508,1172.608,11,0
20250919B05,関西,中国,1202.204,0,90.936,0
20250919B05,関西_関西-中国間(東),中国_関西-中国間(東),1202.204,0,90.936,0
20250919B05,関西_関西-中国間(西),中国_関西-中国間(西),1202.204,0,90.936,0
20250919B05,関西,四国,0,0,0,0
20250919B05,中国,四国,1080.633,110.102,49,68
20250919B05,中国,九州,197.687,126.167,96,0
20250919B06,北海道,東北,0,14.4,0,14.4
20250919B06,東北,東京,429.222,72.667,234,52.4
20250919B06,東京,中部,108.723,106,108.723,0
20250919B06,中部,関西,1078.198,116.667,0,11.277
20250919B06,中部,北陸,124.512,0,0,0
20250919B06,北陸,関西,682.212,1273.2,49,36
20250919B06,関西,中国,1222.654,194.76,24.837,42.163
20250919B06,関西_関西-中国間(東),中国_関西-中国間(東),1222.654,194.76,24.837,42.163
20250919B06,関西_関西-中国間(西),中国_関西-中国間(西),1222.654,194.76,24.837,42.163
20250919B06,関西,四国,0,0,0,0
20250919B06,中国,四国,1057.41,378.481,37,67
20250919B06,中国,九州,295.712,78.167,185,0
20250919B07,北海道,東北,0,13.65,0,13.65
20250919B07,東北,東京,438.667,2124,438.667,0
20250919B07,東京,中部,54.667,52.667,54.667,0
20250919B07,中部,関西,985.253,116.667,69.602,0
20250919B07,中部,北陸,219.667,0,0,0
20250919B07,北陸,関西,1309.965,1225.511,46,14
20250919B07,関西,中国,1098.236,1081.404,33.902,26.963
20250919B07,関西_関西-中国間(東),中国_関西-中国間(東),1098.236,1081.404,33.902,26.963
20250919B07,関西_関西-中国間(西),中国_関西-中国間(西),1098.236,1081.404,33.902,26.963
20250919B07,関西,四国,0,0,0,0
20250919B07,中国,四国,972.519,714.44,19,38
20250919B07,中国,九州,456.369,0,55,0
20250919B08,北海道,東北,0,0,0,0
20250919B08,東北,東京,327,2124.305,246,0
20250919B08,東京,中部,0,0,0,0
20250919B08,中部,関西,655.274,372.222,56.497,0
20250919B08,中部,北陸,260.889,0,0,0
20250919B08,北陸,関西,643.536,602.133,26.098,0
20250919B08,関西,中国,1976.104,1481.872,149.91,31.424
20250919B08,関西_関西-中国間(東),中国_関西-中国間(東),1976.104,1481.872,149.91,31.424
20250919B08,関西_関西-中国間(西),中国_関西-中国間(西),1976.104,1481.872,149.91,31.424
20250919B08,関西,四国,0,0,0,0
20250919B08,中国,四国,1081.762,506.044,52,33
20250919B08,中国,九州,410.993,63.632,124,0
20250920B01,北海道,東北,0,0,0,0
20250920B01,東北,東京,495.333,2124,341,0
20250920B01,東京,中部,0,0,0,0
20250920B01,中部,関西,733.948,500,0,0
20250920B01,中部,北陸,266.333,0,0,0
20250920B01,北陸,関西,1159.333,646.667,7.03,0
20250920B01,関西,中国,2504.064,1753.958,112.93,15.894
20250920B01,関西_関西-中国間(東),中国_関西-中国間(東),2504.064,1753.958,112.93,15.894
20250920B01,関西_関西-中国間(西),中国_関西-中国間(西),2504.064,1753.958,112.93,15.894
20250920B01,関西,四国,0,0,0,0
20250920B01,中国,四国,1082.29,241.268,58,33
20250920B01,中国,九州,331.45,0,90,0
20250920B02,北海道,東北,0,0,0,0
20250920B02,東北,東京,495.333,2124,234,0
20250920B02,東京,中部,120.345,0,0,0
20250920B02,中部,関西,784.722,500,135.862,0
20250920B02,中部,北陸,263.444,0,0,0
20250920B02,北陸,関西,1350.016,644,0,27
20250920B02,関西,中国,2503.164,1713.556,127.569,0
20250920B02,関西_関西-中国間(東),中国_関西-中国間(東),2503.164,1713.556,127.569,0
20250920B02,関西_関西-中国間(西),中国_関西-中国間(西),2503.164,1713.556,127.569,0
20250920B02,関西,四国,0,0,0,0
20250920B02,中国,四国,1081.588,440.069,47,32
20250920B02,中国,九州,337.161,0,20.333,0
20250920B03,北海道,東北,0,0,0,0
20250920B03,東北,東京,317.556,2132.454,254,0
20250920B03,東京,中部,478.14,0,109,0
20250920B03,中部,関西,0,0,0,0
20250920B03,中部,北陸,234.833,0,19,0
20250920B03,北陸,関西,558.285,349.2,57,11
20250920B03,関西,中国,2509.293,0,189.171,0
20250920B03,関西_関西-中国間(東),中国_関西-中国間(東),2509.293,0,189.171,0
20250920B03,関西_関西-中国間(西),中国_関西-中国間(西),2509.293,0,189.171,0
20250920B03,関西,四国,0,0,0,0
20250920B03,中国,四国,771.114,323.063,17,36
20250920B03,中国,九州,139.579,0,139.579,0
20250920B04,北海道,東北,0,4.733,0,0
20250920B04,東北,東京,413.111,2146.639,155,0
20250920B04,東京,中部,185.04,106,180.26,0
20250920B04,中部,関西,5.058,116.667,5.058,0
20250920B04,中部,北陸,115.267,0,64.202,0
20250920B04,北陸,関西,536.753,296,81.915,11.713
20250920B04,関西,中国,2507.616,0,45,0
20250920B04,関西_関西-中国間(東),中国_関西-中国間(東),2507.616,0,45,0
20250920B04,関西_関西-中国間(西),中国_関西-中国間(西),2507.616,0,45,0
20250920B04,関西,四国,0,0,0,0
20250920B04,中国,四国,866.613,75.736,26,45
20250920B04,中国,九州,78.936,0,0,0
20250920B05,北海道,東北,0,4.844,0,0
20250920B05,東北,東京,425.333,194.887,127,0
20250920B05,東京,中部,319.86,106,209.1,0
20250920B05,中部,関西,440.767,116.667,76.1,0
20250920B05,中部,北陸,104.4,0,0,0
20250920B05,北陸,関西,368.508,472.608,11,0
20250920B05,関西,中国,1202.204,0,67.345,0
20250920B05,関西_関西-中国間(東),中国_関西-中国間(東),1202.204,0,67.345,0
20250920B05,関西_関西-中国間(西),中国_関西-中国間(西),1202.204,0,67.345,0
20250920B05,関西,四国,0,0,0,0
20250920B05,中国,四国,1080.633,110.102,49,67.345
20250920B05,中国,九州,87.687,0,87.687,0
20250920B06,北海道,東北,0,4.4,0,4.4
20250920B06,東北,東京,429.222,72.667,89.6,0
20250920B06,東京,中部,108.723,106,0,106
20250920B06,中部,関西,638.198,116.667,404.04,81.176
20250920B06,中部,北陸,124.512,0,0,0
20250920B06,北陸,関西,422.212,573.2,49,36
20250920B06,関西,中国,1222.654,194.76,274.94,97.905
20250920B06,関西_関西-中国間(東),中国_関西-中国間(東),1222.654,194.76,274.94,97.905
20250920B06,関西_関西-中国間(西),中国_関西-中国間(西),1222.654,194.76,274.94,97.905
20250920B06,関西,四国,0,0,0,0
20250920B06,中国,四国,1057.41,378.481,38,57
20250920B06,中国,九州,195.712,0,195.712,0
20250920B07,北海道,東北,0,3.65,0,3.65
20250920B07,東北,東京,438.667,2124,385.35,0
20250920B07,東京,中部,54.667,52.667,0,52.667
20250920B07,中部,関西,835.253,116.667,407.519,0
20250920B07,中部,北陸,219.667,0,0,0
20250920B07,北陸,関西,1049.965,525.511,32,0
20250920B07,関西,中国,1098.236,1081.404,251.778,0
20250920B07,関西_関西-中国間(東),中国_関西-中国間(東),1098.236,1081.404,251.778,0
20250920B07,関西_関西-中国間(西),中国_関西-中国間(西),1098.236,1081.404,251.778,0
20250920B07,関西,四国,0,0,0,0
20250920B07,中国,四国,972.519,714.44,75,38
20250920B07,中国,九州,426.369,0,120,0
20250920B08,北海道,東北,0,0,0,0
20250920B08,東北,東京,327,2124.305,327,0
20250920B08,東京,中部,0,0,0,0
20250920B08,中部,関西,515.274,0,280.335,0
20250920B08,中部,北陸,260.889,0,0,0
20250920B08,北陸,関西,383.536,602.133,28,57.999
20250920B08,関西,中国,1976.104,1481.872,267.013,0
20250920B08,関西_関西-中国間(東),中国_関西-中国間(東),1976.104,1481.872,267.013,0
20250920B08,関西_関西-中国間(西),中国_関西-中国間(西),1976.104,1481.872,267.013,0
20250920B08,関西,四国,0,0,0,0
20250920B08,中国,四国,1081.762,506.044,52,33
20250920B08,中国,九州,360.993,0,124,0
20250921B01,北海道,東北,0,0,0,0
20250921B01,東北,東京,495.333,2124,251.985,0
20250921B01,東京,中部,0,0,0,0
20250921B01,中部,関西,733.948,0,170.865,0
20250921B01,中部,北陸,266.333,0,0,0
20250921B01,北陸,関西,1159.333,646.667,0,14
20250921B01,関西,中国,2504.064,1753.958,193.602,0
20250921B01,関西_関西-中国間(東),中国_関西-中国間(東),2504.064,1753.958,193.602,0
20250921B01,関西_関西-中国間(西),中国_関西-中国間(西),2504.064,1753.958,193.602,0
20250921B01,関西,四国,0,0,0,0
20250921B01,中国,四国,1082.29,241.268,0,30
20250921B01,中国,九州,331.45,0,130.087,0
20250921B02,北海道,東北,0,0,0,0
20250921B02,東北,東京,495.333,2124,148.339,0
20250921B02,東京,中部,120.345,0,0,0
20250921B02,中部,関西,784.722,0,21.92,0
20250921B02,中部,北陸,263.444,0,0,0
20250921B02,北陸,関西,1350.016,644,0,0
20250921B02,関西,中国,2503.164,1713.556,10.657,13.303
20250921B02,関西_関西-中国間(東),中国_関西-中国間(東),2503.164,1713.556,10.657,13.303
20250921B02,関西_関西-中国間(西),中国_関西-中国間(西),2503.164,1713.556,10.657,13.303
20250921B02,関西,四国,0,0,0,0
20250921B02,中国,四国,1081.588,440.069,0,17
20250921B02,中国,九州,337.161,0,11,0
20250921B03,北海道,東北,0,0,0,0
20250921B03,東北,東京,317.556,2132.454,254,0
20250921B03,東京,中部,478.14,0,98.4,0
20250921B03,中部,関西,0,0,0,0
20250921B03,中部,北陸,234.833,0,8.4,0
20250921B03,北陸,関西,558.285,349.2,46.4,11
20250921B03,関西,中国,2509.293,0,175.3,0
20250921B03,関西_関西-中国間(東),中国_関西-中国間(東),2509.293,0,175.3,0
20250921B03,関西_関西-中国間(西),中国_関西-中国間(西),2509.293,0,175.3,0
20250921B03,関西,四国,0,0,0,0
20250921B03,中国,四国,771.114,323.063,0,23
20250921B03,中国,九州,139.579,0,139.579,0
20250921B04,北海道,東北,0,4.733,0,0
20250921B04,東北,東京,413.111,2146.639,155,0
20250921B04,東京,中部,185.04,106,171.405,0
20250921B04,中部,関西,5.058,0,5.058,0
20250921B04,中部,北陸,115.267,0,55.347,0
20250921B04,北陸,関西,536.753,296,61.347,0
20250921B04,関西,中国,2507.616,0,23,0
20250921B04,関西_関西-中国間(東),中国_関西-中国間(東),2507.616,0,23,0
20250921B04,関西_関西-中国間(西),中国_関西-中国間(西),2507.616,0,23,0
20250921B04,関西,四国,0,0,0,0
20250921B04,中国,四国,866.613,75.736,0,23
20250921B04,中国,九州,78.936,0,0,0
20250921B05,北海道,東北,0,4.844,0,0
20250921B05,東北,東京,425.333,194.887,127,0
20250921B05,東京,中部,319.86,106,133,0
20250921B05,中部,関西,440.767,0,0,0
20250921B05,中部,北陸,104.4,0,0,0
20250921B05,北陸,関西,368.508,472.608,11,0
20250921B05,関西,中国,1202.204,0,54,0
20250921B05,関西_関西-中国間(東),中国_関西-中国間(東),1202.204,0,54,0
20250921B05,関西_関西-中国間(西),中国_関西-中国間(西),1202.204,0,54,0
20250921B05,関西,四国,0,0,0,0
20250921B05,中国,四国,1080.633,110.102,49,54
20250921B05,中国,九州,87.687,0,87.687,0
20250921B06,北海道,東北,0,4.4,0,4.4
20250921B06,東北,東京,429.222,72.667,234,42.4
20250921B06,東京,中部,108.723,106,108.723,0
20250921B06,中部,関西,638.198,0,0,0
20250921B06,中部,北陸,124.512,0,0,0
20250921B06,北陸,関西,422.212,573.2,49,36
20250921B06,関西,中国,1222.654,194.76,44.73,24
20250921B06,関西_関西-中国間(東),中国_関西-中国間(東),1222.654,194.76,44.73,24
20250921B06,関西_関西-中国間(西),中国_関西-中国間(西),1222.654,194.76,44.73,24
20250921B06,関西,四国,0,0,0,0
20250921B06,中国,四国,1057.41,378.481,38,57
20250921B06,中国,九州,195.712,0,195.712,0
20250921B07,北海道,東北,0,3.65,0,3.65
20250921B07,東北,東京,438.667,2124,355.35,0
20250921B07,東京,中部,54.667,52.667,0,52.667
20250921B07,中部,関西,835.253,0,468.91,0
20250921B07,中部,北陸,219.667,0,0,0
20250921B07,北陸,関西,1049.965,525.511,32,63
20250921B07,関西,中国,1098.236,2391.404,227.3,0
20250921B07,関西_関西-中国間(東),中国_関西-中国間(東),1098.236,2391.404,227.3,0
20250921B07,関西_関西-中国間(西),中国_関西-中国間(西),1098.236,2391.404,227.3,0
20250921B07,関西,四国,0,0,0,0
20250921B07,中国,四国,972.519,714.44,68,30.187
20250921B07,中国,九州,426.369,0,120,0
20250921B08,北海道,東北,0,0,0,0
20250921B08,東北,東京,327,2124.305,327,0
20250921B08,東京,中部,0,0,0,0
20250921B08,中部,関西,515.274,0,381.751,0
20250921B08,中部,北陸,260.889,0,0,0
20250921B08,北陸,関西,383.536,602.133,28,58
20250921B08,関西,中国,1976.104,2791.872,308.308,0
20250921B08,関西_関西-中国間(東),中国_関西-中国間(東),1976.104,2791.872,308.308,0
20250921B08,関西_関西-中国間(西),中国_関西-中国間(西),1976.104,2791.872,308.308,0
20250921B08,関西,四国,0,0,0,0
20250921B08,中国,四国,1081.762,506.044,50,31
20250921B08,中国,九州,360.993,0,251.881,0
20250922B01,北海道,東北,0,0,0,0
20250922B01,東北,東京,495.333,2124,222,0
20250922B01,東京,中部,0,0,0,0
20250922B01,中部,関西,733.948,0,1.92,0
20250922B01,中部,北陸,266.333,0,0,0
20250922B01,北陸,関西,1159.333,646.667,7.05,0
20250922B01,関西,中国,2504.064,3063.958,112.95,0
20250922B01,関西_関西-中国間(東),中国_関西-中国間(東),2504.064,3063.958,112.95,0
20250922B01,関西_関西-中国間(西),中国_関西-中国間(西),2504.064,3063.958,112.95,0
20250922B01,関西,四国,0,0,0,0
20250922B01,中国,四国,1082.29,241.268,58,33
20250922B01,中国,九州,331.45,0,90,0
20250922B02,北海道,東北,0,0,0,0
20250922B02,東北,東京,495.333,2124,120.665,0
20250922B02,東京,中部,120.345,0,0,0
20250922B02,中部,関西,784.722,0,159.591,0
20250922B02,中部,北陸,263.444,0,0,0
20250922B02,北陸,関西,1350.016,644,0,27
20250922B02,関西,中国,2503.164,3023.556,151.318,0
20250922B02,関西_関西-中国間(東),中国_関西-中国間(東),2503.164,3023.556,151.318,0
20250922B02,関西_関西-中国間(西),中国_関西-中国間(西),2503.164,3023.556,151.318,0
20250922B02,関西,四国,0,0,0,0
20250922B02,中国,四国,1081.588,440.069,47,32
20250922B02,中国,九州,337.161,0,97.34,0
20250922B03,北海道,東北,0,0,0,0
20250922B03,東北,東京,317.556,2132.454,317.556,0
20250922B03,東京,中部,478.14,0,110.556,0
20250922B03,中部,関西,0,0,0,0
20250922B03,中部,北陸,234.833,0,20.556,0
20250922B03,北陸,関西,798.285,349.2,58.556,11
20250922B03,関西,中国,2509.293,51.071,164.456,36
20250922B03,関西_関西-中国間(東),中国_関西-中国間(東),2509.293,51.071,164.456,36
20250922B03,関西_関西-中国間(西),中国_関西-中国間(西),2509.293,51.071,164.456,36
20250922B03,関西,四国,0,0,0,0
20250922B03,中国,四国,771.114,323.063,17,36
20250922B03,中国,九州,249.579,0,245.097,0
20250922B04,北海道,東北,0,14.733,0,0
20250922B04,東北,東京,463.111,2146.639,265,0
20250922B04,東京,中部,185.04,106,185.04,0
20250922B04,中部,関西,415.058,116.667,97.04,0
20250922B04,中部,北陸,115.267,0,0,0
20250922B04,北陸,関西,796.753,996,42,36
20250922B04,関西,中国,2507.616,1039.947,46,24.287
20250922B04,関西_関西-中国間(東),中国_関西-中国間(東),2507.616,1039.947,46,24.287
20250922B04,関西_関西-中国間(西),中国_関西-中国間(西),2507.616,1039.947,46,24.287
20250922B04,関西,四国,0,0,0,0
20250922B04,中国,四国,866.613,75.736,33.287,70.287
20250922B04,中国,九州,198.936,31.333,0,31.333
20250922B05,北海道,東北,0,14.844,0,0
20250922B05,東北,東京,475.333,194.887,237,0
20250922B05,東京,中部,319.86,106,125.666,0
20250922B05,中部,関西,810.767,116.667,0,7.334
20250922B05,中部,北陸,104.4,0,0,0
20250922B05,北陸,関西,628.508,1172.608,11,0
20250922B05,関西,中国,1202.204,952.84,0,187.721
20250922B05,関西_関西-中国間(東),中国_関西-中国間(東),1202.204,952.84,0,187.721
20250922B05,関西_関西-中国間(西),中国_関西-中国間(西),1202.204,952.84,0,187.721
20250922B05,関西,四国,0,0,0,0
20250922B05,中国,四国,1080.633,110.102,49,84
20250922B05,中国,九州,197.687,126.167,0,93.93
20250922B06,北海道,東北,0,14.4,0,14.4
20250922B06,東北,東京,479.222,72.667,234,52.4
20250922B06,東京,中部,108.723,106,24.93,106
20250922B06,中部,関西,1078.198,116.667,338.738,51.647
20250922B06,中部,北陸,124.512,0,0,0
20250922B06,北陸,関西,682.212,1273.2,49,36
20250922B06,関西,中国,1222.654,1254.76,180.202,75.647
20250922B06,関西_関西-中国間(東),中国_関西-中国間(東),1222.654,1254.76,180.202,75.647
20250922B06,関西_関西-中国間(西),中国_関西-中国間(西),1222.654,1254.76,180.202,75.647
20250922B06,関西,四国,0,0,0,0
20250922B06,中国,四国,1057.41,378.481,38,57
20250922B06,中国,九州,295.712,78.167,295.712,0
20250922B07,北海道,東北,0,13.65,0,13.65
20250922B07,東北,東京,488.667,2124,345.35,0
20250922B07,東京,中部,54.667,52.667,0,17.743
20250922B07,中部,関西,985.253,116.667,78.127,0
20250922B07,中部,北陸,219.667,0,0,0
20250922B07,北陸,関西,1309.965,1225.511,46,14
20250922B07,関西,中国,1098.236,2391.404,42.027,26.963
20250922B07,関西_関西-中国間(東),中国_関西-中国間(東),1098.236,2391.404,42.027,26.963
20250922B07,関西_関西-中国間(西),中国_関西-中国間(西),1098.236,2391.404,42.027,26.963
20250922B07,関西,四国,0,0,0,0
20250922B07,中国,四国,972.519,714.44,19,38
20250922B07,中国,九州,456.369,0,118,0
20250922B08,北海道,東北,0,0,0,0
20250922B08,東北,東京,327,2124.305,327,0
20250922B08,東京,中部,0,0,0,0
20250922B08,中部,関西,655.274,372.222,202.487,0
20250922B08,中部,北陸,260.889,0,0,0
20250922B08,北陸,関西,643.536,602.133,0,58
20250922B08,関西,中国,1976.104,2791.872,161.164,0
20250922B08,関西_関西-中国間(東),中国_関西-中国間(東),1976.104,2791.872,161.164,0
20250922B08,関西_関西-中国間(西),中国_関西-中国間(西),1976.104,2791.872,161.164,0
20250922B08,関西,四国,0,0,0,0
20250922B08,中国,四国,1081.762,506.044,52,33
20250922B08,中国,九州,410.993,63.632,136.227,0
20250923B01,北海道,東北,0,0,0,0
20250923B01,東北,東京,495.333,2124,222,0
20250923B01,東京,中部,0,0,0,0
20250923B01,中部,関西,733.948,500,180.403,0
20250923B01,中部,北陸,266.333,0,0,0
20250923B01,北陸,関西,1159.333,646.667,0,14
20250923B01,関西,中国,2504.064,3063.958,224.08,0
20250923B01,関西_関西-中国間(東),中国_関西-中国間(東),2504.064,3063.958,224.08,0
20250923B01,関西_関西-中国間(西),中国_関西-中国間(西),2504.064,3063.958,224.08,0
20250923B01,関西,四国,0,0,0,0
20250923B01,中国,四国,1082.29,241.268,58,33
20250923B01,中国,九州,331.45,0,135.565,0
20250923B02,北海道,東北,0,0,0,0
20250923B02,東北,東京,495.333,2124,57.288,0
20250923B02,東京,中部,120.345,0,0,0
20250923B02,中部,関西,784.722,500,262.059,0
20250923B02,中部,北陸,263.444,0,0,0
20250923B02,北陸,関西,1350.016,644,0,27
20250923B02,関西,中国,2503.164,3023.556,209.039,0
20250923B02,関西_関西-中国間(東),中国_関西-中国間(東),2503.164,3023.556,209.039,0
20250923B02,関西_関西-中国間(西),中国_関西-中国間(西),2503.164,3023.556,209.039,0
20250923B02,関西,四国,0,0,0,0
20250923B02,中国,四国,1081.588,440.069,49,9
20250923B02,中国,九州,337.161,0,117.324,0
20250923B03,北海道,東北,0,0,0,0
20250923B03,東北,東京,317.556,2132.454,317.556,0
20250923B03,東京,中部,478.14,0,110.556,0
20250923B03,中部,関西,0,0,0,0
20250923B03,中部,北陸,234.833,0,20.556,0
20250923B03,北陸,関西,558.285,349.2,58.556,11
20250923B03,関西,中国,2509.293,51.071,164.456,0
20250923B03,関西_関西-中国間(東),中国_関西-中国間(東),2509.293,51.071,164.456,0
20250923B03,関西_関西-中国間(西),中国_関西-中国間(西),2509.293,51.071,164.456,0
20250923B03,関西,四国,0,0,0,0
20250923B03,中国,四国,771.114,323.063,19,13.797
20250923B03,中国,九州,139.579,0,139.579,0
20250923B04,北海道,東北,0,4.733,0,0
20250923B04,東北,東京,463.111,2146.639,265,0
20250923B04,東京,中部,185.04,106,185.04,0
20250923B04,中部,関西,5.058,0,5.058,0
20250923B04,中部,北陸,115.267,0,68.982,0
20250923B04,北陸,関西,536.753,296,110.982,36
20250923B04,関西,中国,2507.616,1039.947,38.227,82.287
20250923B04,関西_関西-中国間(東),中国_関西-中国間(東),2507.616,1039.947,38.227,82.287
20250923B04,関西_関西-中国間(西),中国_関西-中国間(西),2507.616,1039.947,38.227,82.287
20250923B04,関西,四国,0,0,0,0
20250923B04,中国,四国,866.613,75.736,45.547,75.736
20250923B04,中国,九州,78.936,0,0,0
20250923B05,北海道,東北,0,4.844,0,0
20250923B05,東北,東京,475.333,194.887,237,0
20250923B05,東京,中部,319.86,106,133,0
20250923B05,中部,関西,440.767,0,0,0
20250923B05,中部,北陸,104.4,0,0,0
20250923B05,北陸,関西,368.508,472.608,11,0
20250923B05,関西,中国,1202.204,952.84,11.892,192.279
20250923B05,関西_関西-中国間(東),中国_関西-中国間(東),1202.204,952.84,11.892,192.279
20250923B05,関西_関西-中国間(西),中国_関西-中国間(西),1202.204,952.84,11.892,192.279
20250923B05,関西,四国,0,0,0,0
20250923B05,中国,四国,1080.633,110.102,51,86
20250923B05,中国,九州,87.687,0,0,0
20250923B06,北海道,東北,0,4.4,0,4.4
20250923B06,東北,東京,479.222,72.667,234,42.4
20250923B06,東京,中部,108.723,106,108.723,106
20250923B06,中部,関西,638.198,0,376.302,0
20250923B06,中部,北陸,124.512,0,0,0
20250923B06,北陸,関西,422.212,573.2,49,36
20250923B06,関西,中国,1222.654,1254.76,230.202,26
20250923B06,関西_関西-中国間(東),中国_関西-中国間(東),1222.654,1254.76,230.202,26
20250923B06,関西_関西-中国間(西),中国_関西-中国間(西),1222.654,1254.76,230.202,26
20250923B06,関西,四国,0,0,0,0
20250923B06,中国,四国,1057.41,378.481,39,58
20250923B06,中国,九州,195.712,0,195.712,0
20250923B07,北海道,東北,0,3.65,0,3.65
20250923B07,東北,東京,488.667,2124,355.35,0
20250923B07,東京,中部,54.667,52.667,0,52.667
20250923B07,中部,関西,835.253,0,270.835,0
20250923B07,中部,北陸,219.667,0,0,0
20250923B07,北陸,関西,1049.965,525.511,46,14
20250923B07,関西,中国,1098.236,2391.404,218.445,0
20250923B07,関西_関西-中国間(東),中国_関西-中国間(東),1098.236,2391.404,218.445,0
20250923B07,関西_関西-中国間(西),中国_関西-中国間(西),1098.236,2391.404,218.445,0
20250923B07,関西,四国,0,0,0,0
20250923B07,中国,四国,972.519,714.44,70.465,15.507
20250923B07,中国,九州,426.369,0,120,0
20250923B08,北海道,東北,0,0,0,0
20250923B08,東北,東京,327,2124.305,327,0
20250923B08,東京,中部,0,0,0,0
20250923B08,中部,関西,515.274,0,204.507,0
20250923B08,中部,北陸,260.889,0,0,0
20250923B08,北陸,関西,383.536,602.133,0,48.985
20250923B08,関西,中国,1976.104,2791.872,172.199,0
20250923B08,関西_関西-中国間(東),中国_関西-中国間(東),1976.104,2791.872,172.199,0
20250923B08,関西_関西-中国間(西),中国_関西-中国間(西),1976.104,2791.872,172.199,0
20250923B08,関西,四国,0,0,0,0
20250923B08,中国,四国,1081.762,506.044,54,10
20250923B08,中国,九州,360.993,0,124,0
20250924B01,北海道,東北,0,0,0,0
20250924B01,東北,東京,495.333,2124,158.518,0
20250924B01,東京,中部,0,0,0,0
20250924B01,中部,関西,733.948,0,147.015,0
20250924B01,中部,北陸,266.333,0,0,0
20250924B01,北陸,関西,1159.333,646.667,0,1.92
20250924B01,関西,中国,2504.064,3063.958,202.772,0
20250924B01,関西_関西-中国間(東),中国_関西-中国間(東),2504.064,3063.958,202.772,0
20250924B01,関西_関西-中国間(西),中国_関西-中国間(西),2504.064,3063.958,202.772,0
20250924B01,関西,四国,0,0,0,0
20250924B01,中国,四国,1082.29,241.268,60,10
20250924B01,中国,九州,331.45,0,90,0
20250924B02,北海道,東北,0,0,0,0
20250924B02,東北,東京,495.333,2124,205.21,0
20250924B02,東京,中部,120.345,0,0,0
20250924B02,中部,関西,784.722,0,23.729,0
20250924B02,中部,北陸,263.444,0,0,0
20250924B02,北陸,関西,1350.016,644,0,0
20250924B02,関西,中国,2503.164,3023.556,55.96,0
20250924B02,関西_関西-中国間(東),中国_関西-中国間(東),2503.164,3023.556,55.96,0
20250924B02,関西_関西-中国間(西),中国_関西-中国間(西),2503.164,3023.556,55.96,0
20250924B02,関西,四国,0,0,0,0
20250924B02,中国,四国,1081.588,440.069,49,9
20250924B02,中国,九州,337.161,0,11,0
20250924B03,北海道,東北,0,0,0,0
20250924B03,東北,東京,317.556,2132.454,317.556,0
20250924B03,東京,中部,478.14,0,161.774,0
20250924B03,中部,関西,0,0,0,0
20250924B03,中部,北陸,234.833,0,71.774,0
20250924B03,北陸,関西,798.285,349.2,109.774,11
20250924B03,関西,中国,2509.293,51.071,234.674,0
20250924B03,関西_関西-中国間(東),中国_関西-中国間(東),2509.293,51.071,234.674,0
20250924B03,関西_関西-中国間(西),中国_関西-中国間(西),2509.293,51.071,234.674,0
20250924B03,関西,四国,0,0,0,0
20250924B03,中国,四国,771.114,323.063,19,38
20250924B03,中国,九州,249.579,0,215,0
20250924B04,北海道,東北,0,14.733,0,0
20250924B04,東北,東京,463.111,2146.639,265,0
20250924B04,東京,中部,185.04,106,177.493,0
20250924B04,中部,関西,415.058,116.667,66.493,0
20250924B04,中部,北陸,115.267,0,0,0
20250924B04,北陸,関西,796.753,996,42,36
20250924B04,関西,中国,2507.616,1039.947,19.68,73
20250924B04,関西_関西-中国間(東),中国_関西-中国間(東),2507.616,1039.947,19.68,73
20250924B04,関西_関西-中国間(西),中国_関西-中国間(西),2507.616,1039.947,19.68,73
20250924B04,関西,四国,0,0,0,0
20250924B04,中国,四国,866.613,75.736,54,73
20250924B04,中国,九州,198.936,31.333,0,27
20250924B05,北海道,東北,0,14.844,0,0
20250924B05,東北,東京,475.333,194.887,237,0
20250924B05,東京,中部,319.86,106,33.986,0
20250924B05,中部,関西,810.767,116.667,0,99.014
20250924B05,中部,北陸,104.4,0,0,0
20250924B05,北陸,関西,628.508,1172.608,11,0
20250924B05,関西,中国,1202.204,952.84,0,279.401
20250924B05,関西_関西-中国間(東),中国_関西-中国間(東),1202.204,952.84,0,279.401
20250924B05,関西_関西-中国間(西),中国_関西-中国間(西),1202.204,952.84,0,279.401
20250924B05,関西,四国,0,0,0,0
20250924B05,中国,四国,1080.633,110.102,51,86
20250924B05,中国,九州,197.687,126.167,0,42
20250924B06,北海道,東北,0,14.4,0,14.4
20250924B06,東北,東京,479.222,72.667,234,52.4
20250924B06,東京,中部,108.723,106,108.723,0
20250924B06,中部,関西,1078.198,116.667,421.452,0
20250924B06,中部,北陸,124.512,0,0,0
20250924B06,北陸,関西,682.212,1273.2,49,36
20250924B06,関西,中国,1222.654,1254.76,249.352,19
20250924B06,関西_関西-中国間(東),中国_関西-中国間(東),1222.654,1254.76,249.352,19
20250924B06,関西_関西-中国間(西),中国_関西-中国間(西),1222.654,1254.76,249.352,19
20250924B06,関西,四国,0,0,0,0
20250924B06,中国,四国,1057.41,378.481,39,58
20250924B06,中国,九州,295.712,78.167,295.712,0
20250924B07,北海道,東北,0,13.65,0,13.65
20250924B07,東北,東京,488.667,2124,345.35,0
20250924B07,東京,中部,54.667,52.667,0,9.228
20250924B07,中部,関西,985.253,116.667,45.707,0
20250924B07,中部,北陸,219.667,0,0,0
20250924B07,北陸,関西,1309.965,1225.511,46,14
20250924B07,関西,中国,1098.236,2391.404,9.607,33
20250924B07,関西_関西-中国間(東),中国_関西-中国間(東),1098.236,2391.404,9.607,33
20250924B07,関西_関西-中国間(西),中国_関西-中国間(西),1098.236,2391.404,9.607,33
20250924B07,関西,四国,0,0,0,0
20250924B07,中国,四国,972.519,714.44,19,38
20250924B07,中国,九州,456.369,0,55,0
20250924B08,北海道,東北,0,0,0,0
20250924B08,東北,東京,327,2124.305,327,0
20250924B08,東京,中部,0,0,0,0
20250924B08,中部,関西,655.274,372.222,202.487,0
20250924B08,中部,北陸,260.889,0,0,0
20250924B08,北陸,関西,643.536,602.133,0,58
20250924B08,関西,中国,1976.104,2791.872,161.164,0
20250924B08,関西_関西-中国間(東),中国_関西-中国間(東),1976.104,2791.872,161.164,0
20250924B08,関西_関西-中国間(西),中国_関西-中国間(西),1976.104,2791.872,161.164,0
20250924B08,関西,四国,0,0,0,0
20250924B08,中国,四国,1081.762,506.044,52,33
20250924B08,中国,九州,410.993,63.632,136.227,0
20250925B01,北海道,東北,0,0,0,0
20250925B01,東北,東京,495.333,2124,77.665,0
20250925B01,東京,中部,0,0,0,0
20250925B01,中部,関西,873.948,500,94.297,0
20250925B01,中部,北陸,266.333,0,0,0
20250925B01,北陸,関西,1179.333,646.667,0,0
20250925B01,関西,中国,2504.064,3063.958,151.974,0
20250925B01,関西_関西-中国間(東),中国_関西-中国間(東),2504.064,3063.958,151.974,0
20250925B01,関西_関西-中国間(西),中国_関西-中国間(西),2504.064,3063.958,151.974,0
20250925B01,関西,四国,0,0,0,0
20250925B01,中国,四国,1082.29,241.268,58,33
20250925B01,中国,九州,371.45,51.611,90,0
20250925B02,北海道,東北,0,0,0,0
20250925B02,東北,東京,495.333,2124,0,0
20250925B02,東京,中部,120.345,0,0,0
20250925B02,中部,関西,904.722,500,87.247,0
20250925B02,中部,北陸,263.444,0,0,0
20250925B02,北陸,関西,1370.016,644,0,5.267
20250925B02,関西,中国,2503.164,3023.556,53.95,0
20250925B02,関西_関西-中国間(東),中国_関西-中国間(東),2503.164,3023.556,53.95,0
20250925B02,関西_関西-中国間(西),中国_関西-中国間(西),2503.164,3023.556,53.95,0
20250925B02,関西,四国,0,0,0,0
20250925B02,中国,四国,1081.588,440.069,47,32
20250925B02,中国,九州,377.161,10.556,11,0
20250925B03,北海道,東北,0,0,0,0
20250925B03,東北,東京,317.556,2132.454,317.556,0
20250925B03,東京,中部,478.14,0,90,0
20250925B03,中部,関西,183.1,0,1.92,0
20250925B03,中部,北陸,234.833,0,0,0
20250925B03,北陸,関西,818.285,349.2,38,11
20250925B03,関西,中国,2509.293,51.071,248.658,19
20250925B03,関西_関西-中国間(東),中国_関西-中国間(東),2509.293,51.071,248.658,19
20250925B03,関西_関西-中国間(西),中国_関西-中国間(西),2509.293,51.071,248.658,19
20250925B03,関西,四国,0,0,0,0
20250925B03,中国,四国,771.114,323.063,17,36
20250925B03,中国,九州,249.579,0,215,0
20250925B04,北海道,東北,0,14.733,0,14.733
20250925B04,東北,東京,463.111,2146.639,250.267,0
20250925B04,東京,中部,185.04,106,126.113,0
20250925B04,中部,関西,415.058,116.667,38.113,0
20250925B04,中部,北陸,115.267,0,0,0
20250925B04,北陸,関西,796.753,996,42,36
20250925B04,関西,中国,2507.616,1039.947,24.713,85.7
20250925B04,関西_関西-中国間(東),中国_関西-中国間(東),2507.616,1039.947,24.713,85.7
20250925B04,関西_関西-中国間(西),中国_関西-中国間(西),2507.616,1039.947,24.713,85.7
20250925B04,関西,四国,0,0,0,0
20250925B04,中国,四国,866.613,75.736,52,71
20250925B04,中国,九州,198.936,31.333,0,27
20250925B05,北海道,東北,0,14.844,0,1
20250925B05,東北,東京,475.333,194.887,236,0
20250925B05,東京,中部,319.86,106,16.333,0
20250925B05,中部,関西,810.767,116.667,0,116.667
20250925B05,中部,北陸,104.4,0,0,0
20250925B05,北陸,関西,628.508,1172.608,11,0
20250925B05,関西,中国,1202.204,952.84,0,297.054
20250925B05,関西_関西-中国間(東),中国_関西-中国間(東),1202.204,952.84,0,297.054
20250925B05,関西_関西-中国間(西),中国_関西-中国間(西),1202.204,952.84,0,297.054
20250925B05,関西,四国,0,0,0,0
20250925B05,中国,四国,1080.633,110.102,49,84
20250925B05,中国,九州,197.687,126.167,0,93.93
20250925B06,北海道,東北,0,0,0,0
20250925B06,東北,東京,479.222,72.667,234,38
20250925B06,東京,中部,0,0,0,0
20250925B06,中部,関西,1078.198,116.667,292.744,116.667
20250925B06,中部,北陸,124.512,0,0,0
20250925B06,北陸,関西,682.212,1273.2,49,36
20250925B06,関西,中国,1222.654,1254.76,146.335,142.667
20250925B06,関西_関西-中国間(東),中国_関西-中国間(東),1222.654,1254.76,146.335,142.667
20250925B06,関西_関西-中国間(西),中国_関西-中国間(西),1222.654,1254.76,146.335,142.667
20250925B06,関西,四国,0,0,0,0
20250925B06,中国,四国,1057.41,378.481,39,69
20250925B06,中国,九州,295.712,78.167,276.32,0
20250925B07,北海道,東北,147.556,150,0,85
20250925B07,東北,東京,488.667,2124,274,0
20250925B07,東京,中部,504.667,502.667,25.603,0
20250925B07,中部,関西,985.253,116.667,78.538,0
20250925B07,中部,北陸,219.667,0,0,0
20250925B07,北陸,関西,1309.965,1225.511,46,14
20250925B07,関西,中国,1098.236,2391.404,42.438,34
20250925B07,関西_関西-中国間(東),中国_関西-中国間(東),1098.236,2391.404,42.438,34
20250925B07,関西_関西-中国間(西),中国_関西-中国間(西),1098.236,2391.404,42.438,34
20250925B07,関西,四国,0,0,0,0
20250925B07,中国,四国,972.519,714.44,19,38
20250925B07,中国,九州,456.369,0,62,0
20250925B08,北海道,東北,108.222,150,0,90
20250925B08,東北,東京,327,2124.305,249,0
20250925B08,東京,中部,264.487,122.667,0,122.667
20250925B08,中部,関西,655.274,372.222,89.16,0
20250925B08,中部,北陸,260.889,0,0,0
20250925B08,北陸,関西,643.536,602.133,28,0
20250925B08,関西,中国,1976.104,2791.872,149.9,16.063
20250925B08,関西_関西-中国間(東),中国_関西-中国間(東),1976.104,2791.872,149.9,16.063
20250925B08,関西_関西-中国間(西),中国_関西-中国間(西),1976.104,2791.872,149.9,16.063
20250925B08,関西,四国,0,0,0,0
20250925B08,中国,四国,1081.762,506.044,52,33
20250925B08,中国,九州,410.993,63.632,124,0
20250926B01,北海道,東北,116.333,150,0,50
20250926B01,東北,東京,495.333,2124,101.985,0
20250926B01,東京,中部,141.966,8,0,0
20250926B01,中部,関西,873.948,500,216.202,0
20250926B01,中部,北陸,266.333,0,0,0
20250926B01,北陸,関西,1179.333,646.667,0,14
20250926B01,関西,中国,2504.064,3063.958,259.879,0
20250926B01,関西_関西-中国間(東),中国_関西-中国間(東),2504.064,3063.958,259.879,0
20250926B01,関西_関西-中国間(西),中国_関西-中国間(西),2504.064,3063.958,259.879,0
20250926B01,関西,四国,0,0,0,0
20250926B01,中国,四国,1082.29,241.268,58,33
20250926B01,中国,九州,371.45,51.611,187.241,0
20250926B02,北海道,東北,116.333,150,0,62
20250926B02,東北,東京,495.333,2124,23.985,0
20250926B02,東京,中部,570.345,8,0,0
20250926B02,中部,関西,904.722,500,253.159,0
20250926B02,中部,北陸,263.444,0,0,0
20250926B02,北陸,関西,1370.016,644,0,27
20250926B02,関西,中国,2503.164,3023.556,193.309,0
20250926B02,関西_関西-中国間(東),中国_関西-中国間(東),2503.164,3023.556,193.309,0
20250926B02,関西_関西-中国間(西),中国_関西-中国間(西),2503.164,3023.556,193.309,0
20250926B02,関西,四国,0,0,0,0
20250926B02,中国,四国,1081.588,440.069,42.18,27.18
20250926B02,中国,九州,377.161,10.556,142.471,0
20250926B03,北海道,東北,111.556,150,0,78
20250926B03,東北,東京,317.556,2132.454,277,0
20250926B03,東京,中部,928.14,190.667,80.707,0
20250926B03,中部,関西,183.1,0,90.627,0
20250926B03,中部,北陸,234.833,0,0,0
20250926B03,北陸,関西,818.285,349.2,38,11
20250926B03,関西,中国,2509.293,51.071,215.542,33.231
20250926B03,関西_関西-中国間(東),中国_関西-中国間(東),2509.293,51.071,215.542,33.231
20250926B03,関西_関西-中国間(西),中国_関西-中国間(西),2509.293,51.071,215.542,33.231
20250926B03,関西,四国,0,0,0,0
20250926B03,中国,四国,771.114,323.063,17,36
20250926B03,中国,九州,249.579,0,215,0
20250926B04,北海道,東北,150,150,1.9,0
20250926B04,東北,東京,463.111,2146.639,266.9,0
20250926B04,東京,中部,635.04,556,71.089,0
20250926B04,中部,関西,415.058,116.667,0,39.911
20250926B04,中部,北陸,115.267,0,0,0
20250926B04,北陸,関西,796.753,996,42,36
20250926B04,関西,中国,2507.616,1039.947,0,89.924
20250926B04,関西_関西-中国間(東),中国_関西-中国間(東),2507.616,1039.947,0,89.924
20250926B04,関西_関西-中国間(西),中国_関西-中国間(西),2507.616,1039.947,0,89.924
20250926B04,関西,四国,0,0,0,0
20250926B04,中国,四国,866.613,75.736,52,75.736
20250926B04,中国,九州,198.936,31.333,18,0
20250926B05,北海道,東北,150,150,0,0
20250926B05,東北,東京,475.333,194.887,237,0
20250926B05,東京,中部,769.86,556,16.333,0
20250926B05,中部,関西,810.767,116.667,0,116.667
20250926B05,中部,北陸,104.4,0,0,0
20250926B05,北陸,関西,628.508,1172.608,11.794,0.794
20250926B05,関西,中国,1202.204,952.84,0,297.054
20250926B05,関西_関西-中国間(東),中国_関西-中国間(東),1202.204,952.84,0,297.054
20250926B05,関西_関西-中国間(西),中国_関西-中国間(西),1202.204,952.84,0,297.054
20250926B05,関西,四国,0,0,0,0
20250926B05,中国,四国,1080.633,110.102,49,84
20250926B05,中国,九州,197.687,126.167,0,28.646
20250926B06,北海道,東北,150,150,0,34.667
20250926B06,東北,東京,479.222,72.667,234,72.667
20250926B06,東京,中部,558.723,556,131.906,18.724
20250926B06,中部,関西,1078.198,116.667,483.486,0
20250926B06,中部,北陸,124.512,0,0,0
20250926B06,北陸,関西,682.212,1273.2,49,36
20250926B06,関西,中国,1222.654,1254.76,311.386,42.163
20250926B06,関西_関西-中国間(東),中国_関西-中国間(東),1222.654,1254.76,311.386,42.163
20250926B06,関西_関西-中国間(西),中国_関西-中国間(西),1222.654,1254.76,311.386,42.163
20250926B06,関西,四国,0,0,0,0
20250926B06,中国,四国,1057.41,378.481,38,57
20250926B06,中国,九州,295.712,78.167,295.712,0
20250926B07,北海道,東北,147.556,150,0,85
20250926B07,東北,東京,488.667,2124,274,0
20250926B07,東京,中部,504.667,502.667,89.36,0
20250926B07,中部,関西,985.253,116.667,71.538,0
20250926B07,中部,北陸,219.667,0,0,0
20250926B07,北陸,関西,1309.965,1225.511,46,14
20250926B07,関西,中国,1098.236,2391.404,35.438,30
20250926B07,関西_関西-中国間(東),中国_関西-中国間(東),1098.236,2391.404,35.438,30
20250926B07,関西_関西-中国間(西),中国_関西-中国間(西),1098.236,2391.404,35.438,30
20250926B07,関西,四国,0,0,0,0
20250926B07,中国,四国,972.519,714.44,19,38
20250926B07,中国,九州,456.369,0,55,0
20250926B08,北海道,東北,108.222,150,0,90
20250926B08,東北,東京,327,2124.305,249,0
20250926B08,東京,中部,264.487,122.667,0,122.667
20250926B08,中部,関西,655.274,372.222,185.432,0
20250926B08,中部,北陸,260.889,0,0,0
20250926B08,北陸,関西,643.536,602.133,0,0
20250926B08,関西,中国,1976.104,2791.872,202.109,0
20250926B08,関西_関西-中国間(東),中国_関西-中国間(東),1976.104,2791.872,202.109,0
20250926B08,関西_関西-中国間(西),中国_関西-中国間(西),1976.104,2791.872,202.109,0
20250926B08,関西,四国,0,0,0,0
20250926B08,中国,四国,1081.762,506.044,52,33
20250926B08,中国,九州,410.993,63.632,124,0
20250927B01,北海道,東北,126.333,150,0,25
20250927B01,東北,東京,0,2124,0,0
20250927B01,東京,中部,141.966,8,0,8
20250927B01,中部,関西,733.948,500,103.034,0
20250927B01,中部,北陸,266.333,0,0,0
20250927B01,北陸,関西,1159.333,646.667,0,5.586
20250927B01,関西,中国,2504.064,3063.958,154.625,0
20250927B01,関西_関西-中国間(東),中国_関西-中国間(東),2504.064,3063.958,154.625,0
20250927B01,関西_関西-中国間(西),中国_関西-中国間(西),2504.064,3063.958,154.625,0
20250927B01,関西,四国,0,0,0,0
20250927B01,中国,四国,1082.29,241.268,58,33
20250927B01,中国,九州,331.45,0,90,0
20250927B02,北海道,東北,126.333,150,0,19.31
20250927B02,東北,東京,0,2124,0,0.31
20250927B02,東京,中部,570.345,8,0,8
20250927B02,中部,関西,784.722,500,199.306,0
20250927B02,中部,北陸,263.444,0,0,0
20250927B02,北陸,関西,1350.016,644,0,27
20250927B02,関西,中国,2503.164,3023.556,191.043,0
20250927B02,関西_関西-中国間(東),中国_関西-中国間(東),2503.164,3023.556,191.043,0
20250927B02,関西_関西-中国間(西),中国_関西-中国間(西),2503.164,3023.556,191.043,0
20250927B02,関西,四国,0,0,0,0
20250927B02,中国,四国,1081.588,440.069,47,32
20250927B02,中国,九州,337.161,0,124.328,0
20250927B03,北海道,東北,121.556,150,0,78
20250927B03,東北,東京,0,2132.454,0,0
20250927B03,東京,中部,928.14,190.667,0,0
20250927B03,中部,関西,0,0,0,0
20250927B03,中部,北陸,234.833,0,0,0
20250927B03,北陸,関西,558.285,349.2,38,11
20250927B03,関西,中国,2509.293,301.071,143.4,36
20250927B03,関西_関西-中国間(東),中国_関西-中国間(東),2509.293,301.071,143.4,36
20250927B03,関西_関西-中国間(西),中国_関西-中国間(西),2509.293,301.071,143.4,36
20250927B03,関西,四国,0,0,0,0
20250927B03,中国,四国,771.114,323.063,17,36
20250927B03,中国,九州,139.579,0,139.579,0
20250927B04,北海道,東北,128.667,150,0,70
20250927B04,東北,東京,0,2146.639,0,0
20250927B04,東京,中部,635.04,556,88,0
20250927B04,中部,関西,5.058,116.667,0,0
20250927B04,中部,北陸,115.267,0,0,0
20250927B04,北陸,関西,536.753,296,42,36
20250927B04,関西,中国,2507.616,1289.947,18.68,57.287
20250927B04,関西_関西-中国間(東),中国_関西-中国間(東),2507.616,1289.947,18.68,57.287
20250927B04,関西_関西-中国間(西),中国_関西-中国間(西),2507.616,1289.947,18.68,57.287
20250927B04,関西,四国,0,0,0,0
20250927B04,中国,四国,866.613,75.736,26,56
20250927B04,中国,九州,78.936,0,0,0
20250927B05,北海道,東北,135.333,150,0,14
20250927B05,東北,東京,0,194.887,0,0
20250927B05,東京,中部,769.86,556,52.804,36.471
20250927B05,中部,関西,440.767,116.667,0,116.667
20250927B05,中部,北陸,104.4,0,0,0
20250927B05,北陸,関西,368.508,472.608,11.794,0.794
20250927B05,関西,中国,1202.204,1202.84,13.869,190.279
20250927B05,関西_関西-中国間(東),中国_関西-中国間(東),1202.204,1202.84,13.869,190.279
20250927B05,関西_関西-中国間(西),中国_関西-中国間(西),1202.204,1202.84,13.869,190.279
20250927B05,関西,四国,0,0,0,0
20250927B05,中国,四国,1080.633,110.102,49,84
20250927B05,中国,九州,87.687,0,0,0
20250927B06,北海道,東北,125.556,150,0,34.667
20250927B06,東北,東京,0,72.667,0,72.667
20250927B06,東京,中部,558.723,556,44.847,556
20250927B06,中部,関西,638.198,116.667,224.112,31.73
20250927B06,中部,北陸,124.512,0,0,0
20250927B06,北陸,関西,422.212,573.2,49,36
20250927B06,関西,中国,1222.654,1504.76,218.202,46.459
20250927B06,関西_関西-中国間(東),中国_関西-中国間(東),1222.654,1504.76,218.202,46.459
20250927B06,関西_関西-中国間(西),中国_関西-中国間(西),1222.654,1504.76,218.202,46.459
20250927B06,関西,四国,0,0,0,0
20250927B06,中国,四国,1057.41,378.481,51,70
20250927B06,中国,九州,195.712,0,195.712,0
20250927B07,北海道,東北,117.556,150,0,85
20250927B07,東北,東京,0,2124,0,40
20250927B07,東京,中部,504.667,502.667,0,502.667
20250927B07,中部,関西,835.253,116.667,419.818,0
20250927B07,中部,北陸,219.667,0,0,0
20250927B07,北陸,関西,1049.965,525.511,32,17.728
20250927B07,関西,中国,1098.236,2391.404,222.98,0
20250927B07,関西_関西-中国間(東),中国_関西-中国間(東),1098.236,2391.404,222.98,0
20250927B07,関西_関西-中国間(西),中国_関西-中国間(西),1098.236,2391.404,222.98,0
20250927B07,関西,四国,0,0,0,0
20250927B07,中国,四国,972.519,714.44,75,38
20250927B07,中国,九州,426.369,0,122,0
20250927B08,北海道,東北,118.222,150,0,90
20250927B08,東北,東京,0,2124.305,0,58
20250927B08,東京,中部,264.487,122.667,0,122.667
20250927B08,中部,関西,515.274,0,148.322,0
20250927B08,中部,北陸,260.889,0,0,0
20250927B08,北陸,関西,383.536,602.133,28,33.376
20250927B08,関西,中国,1976.104,2791.872,159.123,0
20250927B08,関西_関西-中国間(東),中国_関西-中国間(東),1976.104,2791.872,159.123,0
20250927B08,関西_関西-中国間(西),中国_関西-中国間(西),1976.104,2791.872,159.123,0
20250927B08,関西,四国,0,0,0,0
20250927B08,中国,四国,1081.762,506.044,52,33
20250927B08,中国,九州,360.993,0,124,0
20250928B01,北海道,東北,126.333,150,0,50
20250928B01,東北,東京,0,2124,0,25
20250928B01,東京,中部,141.966,8,0,8
20250928B01,中部,関西,733.948,0,178.342,0
20250928B01,中部,北陸,266.333,0,0,0
20250928B01,北陸,関西,1159.333,646.667,0,14
20250928B01,関西,中国,2504.064,3063.958,221.519,0
20250928B01,関西_関西-中国間(東),中国_関西-中国間(東),2504.064,3063.958,221.519,0
20250928B01,関西_関西-中国間(西),中国_関西-中国間(西),2504.064,3063.958,221.519,0
20250928B01,関西,四国,0,0,0,0
20250928B01,中国,四国,1082.29,241.268,58,33
20250928B01,中国,九州,331.45,0,133.004,0
20250928B02,北海道,東北,126.333,150,0,53.3
20250928B02,東北,東京,0,2124,0,34.3
20250928B02,東京,中部,570.345,8,0,8
20250928B02,中部,関西,784.722,0,81.629,0
20250928B02,中部,北陸,263.444,0,0,0
20250928B02,北陸,関西,1350.016,644,0,23.729
20250928B02,関西,中国,2503.164,3023.556,76.637,0
20250928B02,関西_関西-中国間(東),中国_関西-中国間(東),2503.164,3023.556,76.637,0
20250928B02,関西_関西-中国間(西),中国_関西-中国間(西),2503.164,3023.556,76.637,0
20250928B02,関西,四国,0,0,0,0
20250928B02,中国,四国,1081.588,440.069,47,32
20250928B02,中国,九州,337.161,0,11,0
20250928B03,北海道,東北,121.556,150,0,78
20250928B03,東北,東京,0,2132.454,0,0
20250928B03,東京,中部,928.14,190.667,192.253,0
20250928B03,中部,関西,0,0,0,0
20250928B03,中部,北陸,234.833,0,102.253,0
20250928B03,北陸,関西,558.285,349.2,140.253,11
20250928B03,関西,中国,2509.293,301.071,146.253,13
20250928B03,関西_関西-中国間(東),中国_関西-中国間(東),2509.293,301.071,146.253,13
20250928B03,関西_関西-中国間(西),中国_関西-中国間(西),2509.293,301.071,146.253,13
20250928B03,関西,四国,0,0,0,0
20250928B03,中国,四国,771.114,323.063,19,38
20250928B03,中国,九州,139.579,0,139.579,0
20250928B04,北海道,東北,128.667,150,0,70
20250928B04,東北,東京,0,2146.639,0,0
20250928B04,東京,中部,635.04,556,88,0
20250928B04,中部,関西,5.058,0,0,0
20250928B04,中部,北陸,115.267,0,0,0
20250928B04,北陸,関西,536.753,296,42,36
20250928B04,関西,中国,2507.616,1289.947,7.271,98.287
20250928B04,関西_関西-中国間(東),中国_関西-中国間(東),2507.616,1289.947,7.271,98.287
20250928B04,関西_関西-中国間(西),中国_関西-中国間(西),2507.616,1289.947,7.271,98.287
20250928B04,関西,四国,0,0,0,0
20250928B04,中国,四国,866.613,75.736,40,75.736
20250928B04,中国,九州,78.936,0,0,0
20250928B05,北海道,東北,135.333,150,0,14
20250928B05,東北,東京,0,194.887,0,0
20250928B05,東京,中部,769.86,556,133,0
20250928B05,中部,関西,440.767,0,0,0
20250928B05,中部,北陸,104.4,0,0,0
20250928B05,北陸,関西,368.508,472.608,11,0
20250928B05,関西,中国,1202.204,1202.84,15.869,192.279
20250928B05,関西_関西-中国間(東),中国_関西-中国間(東),1202.204,1202.84,15.869,192.279
20250928B05,関西_関西-中国間(西),中国_関西-中国間(西),1202.204,1202.84,15.869,192.279
20250928B05,関西,四国,0,0,0,0
20250928B05,中国,四国,1080.633,110.102,51,86
20250928B05,中国,九州,87.687,0,0,0
20250928B06,北海道,東北,125.556,150,0,26.3
20250928B06,東北,東京,0,72.667,0,64.3
20250928B06,東京,中部,558.723,556,197.433,459.11
20250928B06,中部,関西,638.198,0,367.923,0
20250928B06,中部,北陸,124.512,0,0,0
20250928B06,北陸,関西,422.212,573.2,49,36
20250928B06,関西,中国,1222.654,1504.76,213.923,21
20250928B06,関西_関西-中国間(東),中国_関西-中国間(東),1222.654,1504.76,213.923,21
20250928B06,関西_関西-中国間(西),中国_関西-中国間(西),1222.654,1504.76,213.923,21
20250928B06,関西,四国,0,0,0,0
20250928B06,中国,四国,1057.41,378.481,37,56
20250928B06,中国,九州,195.712,0,167,0
20250928B07,北海道,東北,117.556,150,0,85
20250928B07,東北,東京,0,2124,0,40
20250928B07,東京,中部,504.667,502.667,0,502.667
20250928B07,中部,関西,835.253,0,422.027,0
20250928B07,中部,北陸,219.667,0,0,0
20250928B07,北陸,関西,1049.965,525.511,32,1.117
20250928B07,関西,中国,1098.236,2391.404,222.98,0
20250928B07,関西_関西-中国間(東),中国_関西-中国間(東),1098.236,2391.404,222.98,0
20250928B07,関西_関西-中国間(西),中国_関西-中国間(西),1098.236,2391.404,222.98,0
20250928B07,関西,四国,0,0,0,0
20250928B07,中国,四国,972.519,714.44,75,38
20250928B07,中国,九州,426.369,0,120,0
20250928B08,北海道,東北,118.222,150,0,90
20250928B08,東北,東京,0,2124.305,0,58
20250928B08,東京,中部,264.487,122.667,0,122.667
20250928B08,中部,関西,515.274,0,208.663,0
20250928B08,中部,北陸,260.889,0,0,0
20250928B08,北陸,関西,383.536,602.133,27.008,58
20250928B08,関西,中国,1976.104,2791.872,193.848,0
20250928B08,関西_関西-中国間(東),中国_関西-中国間(東),1976.104,2791.872,193.848,0
20250928B08,関西_関西-中国間(西),中国_関西-中国間(西),1976.104,2791.872,193.848,0
20250928B08,関西,四国,0,0,0,0
20250928B08,中国,四国,1081.762,506.044,52,33
20250928B08,中国,九州,360.993,0,139.221,0
20250929B01,北海道,東北,116.333,150,0,50
20250929B01,東北,東京,445.333,2124,164.314,0
20250929B01,東京,中部,141.966,8,0,0
20250929B01,中部,関西,733.948,0,1.92,0
20250929B01,中部,北陸,266.333,0,0,0
20250929B01,北陸,関西,1159.333,646.667,7.56,0
20250929B01,関西,中国,2504.064,3063.958,112.96,33
20250929B01,関西_関西-中国間(東),中国_関西-中国間(東),2504.064,3063.958,112.96,33
20250929B01,関西_関西-中国間(西),中国_関西-中国間(西),2504.064,3063.958,112.96,33
20250929B01,関西,四国,0,0,0,0
20250929B01,中国,四国,1082.29,241.268,58,33
20250929B01,中国,九州,331.45,0,90,0
20250929B02,北海道,東北,116.333,150,0,53.3
20250929B02,東北,東京,445.333,2124,59.236,0
20250929B02,東京,中部,570.345,8,0,4
20250929B02,中部,関西,784.722,0,72.708,0
20250929B02,中部,北陸,263.444,0,0,0
20250929B02,北陸,関西,1350.016,644,0,27
20250929B02,関西,中国,2503.164,3023.556,66.445,0
20250929B02,関西_関西-中国間(東),中国_関西-中国間(東),2503.164,3023.556,66.445,0
20250929B02,関西_関西-中国間(西),中国_関西-中国間(西),2503.164,3023.556,66.445,0
20250929B02,関西,四国,0,0,0,0
20250929B02,中国,四国,1081.588,440.069,49,9
20250929B02,中国,九州,337.161,0,11,0
20250929B03,北海道,東北,111.556,150,0,78
20250929B03,東北,東京,267.556,2132.454,267.556,0
20250929B03,東京,中部,928.14,190.667,196.853,0
20250929B03,中部,関西,0,0,0,0
20250929B03,中部,北陸,234.833,0,106.853,0
20250929B03,北陸,関西,798.285,349.2,144.853,11
20250929B03,関西,中国,2509.293,51.071,269.253,0
20250929B03,関西_関西-中国間(東),中国_関西-中国間(東),2509.293,51.071,269.253,0
20250929B03,関西_関西-中国間(西),中国_関西-中国間(西),2509.293,51.071,269.253,0
20250929B03,関西,四国,0,0,0,0
20250929B03,中国,四国,771.114,323.063,19,38
20250929B03,中国,九州,249.579,0,249.579,0
20250929B04,北海道,東北,150,150,69,14
20250929B04,東北,東京,413.111,2146.639,340,0
20250929B04,東京,中部,635.04,556,276.436,0
20250929B04,中部,関西,415.058,116.667,165.436,0
20250929B04,中部,北陸,115.267,0,0,0
20250929B04,北陸,関西,796.753,996,42,36
20250929B04,関西,中国,2507.616,1039.947,162.723,24.287
20250929B04,関西_関西-中国間(東),中国_関西-中国間(東),2507.616,1039.947,162.723,24.287
20250929B04,関西_関西-中国間(西),中国_関西-中国間(西),2507.616,1039.947,162.723,24.287
20250929B04,関西,四国,0,0,0,0
20250929B04,中国,四国,866.613,75.736,54,73
20250929B04,中国,九州,198.936,31.333,66.02,0
20250929B05,北海道,東北,150,150,0,28.132
20250929B05,東北,東京,425.333,194.887,243,14.132
20250929B05,東京,中部,769.86,556,45.242,0
20250929B05,中部,関西,810.767,116.667,0,87.758
20250929B05,中部,北陸,104.4,0,0,0
20250929B05,北陸,関西,628.508,1172.608,11,0
20250929B05,関西,中国,1202.204,952.84,0,115.358
20250929B05,関西_関西-中国間(東),中国_関西-中国間(東),1202.204,952.84,0,115.358
20250929B05,関西_関西-中国間(西),中国_関西-中国間(西),1202.204,952.84,0,115.358
20250929B05,関西,四国,0,0,0,0
20250929B05,中国,四国,1080.633,110.102,51,86
20250929B05,中国,九州,197.687,126.167,61,0
20250929B06,北海道,東北,150,150,16.8,34.667
20250929B06,東北,東京,429.222,72.667,280.8,72.667
20250929B06,東京,中部,558.723,556,213.67,378.018
20250929B06,中部,関西,1078.198,116.667,504.75,0
20250929B06,中部,北陸,124.512,0,0,0
20250929B06,北陸,関西,682.212,1273.2,49,36
20250929B06,関西,中国,1222.654,1254.76,332.15,47
20250929B06,関西_関西-中国間(東),中国_関西-中国間(東),1222.654,1254.76,332.15,47
20250929B06,関西_関西-中国間(西),中国_関西-中国間(西),1222.654,1254.76,332.15,47
20250929B06,関西,四国,0,0,0,0
20250929B06,中国,四国,1057.41,378.481,37,56
20250929B06,中国,九州,295.712,78.167,295.712,0
20250929B07,北海道,東北,147.556,150,0,85
20250929B07,東北,東京,438.667,2124,294,0
20250929B07,東京,中部,504.667,502.667,0,485.797
20250929B07,中部,関西,985.253,116.667,52.057,0
20250929B07,中部,北陸,219.667,0,0,0
20250929B07,北陸,関西,1309.965,1225.511,46,14
20250929B07,関西,中国,1098.236,2391.404,22,16.69
20250929B07,関西_関西-中国間(東),中国_関西-中国間(東),1098.236,2391.404,22,16.69
20250929B07,関西_関西-中国間(西),中国_関西-中国間(西),1098.236,2391.404,22,16.69
20250929B07,関西,四国,0,0,0,0
20250929B07,中国,四国,972.519,714.44,18,37
20250929B07,中国,九州,456.369,0,79,0
20250929B08,北海道,東北,108.222,150,0,90
20250929B08,東北,東京,277,2124.305,259,0
20250929B08,東京,中部,264.487,122.667,0,122.667
20250929B08,中部,関西,655.274,372.222,203.696,0
20250929B08,中部,北陸,260.889,0,0,0
20250929B08,北陸,関西,643.536,602.133,0,58
20250929B08,関西,中国,1976.104,2791.872,161.873,0
20250929B08,関西_関西-中国間(東),中国_関西-中国間(東),1976.104,2791.872,161.873,0
20250929B08,関西_関西-中国間(西),中国_関西-中国間(西),1976.104,2791.872,161.873,0
20250929B08,関西,四国,0,0,0,0
20250929B08,中国,四国,1081.762,506.044,54,10
20250929B08,中国,九州,410.993,63.632,124.673,0
20250930B01,北海道,東北,116.333,150,0,50
20250930B01,東北,東京,445.333,2124,182.6,0
20250930B01,東京,中部,141.966,8,0,0
20250930B01,中部,関西,873.948,500,74.914,0
20250930B01,中部,北陸,266.333,0,0,0
20250930B01,北陸,関西,1179.333,646.667,0,1.92
20250930B01,関西,中国,2504.064,3063.958,130.171,0
20250930B01,関西_関西-中国間(東),中国_関西-中国間(東),2504.064,3063.958,130.171,0
20250930B01,関西_関西-中国間(西),中国_関西-中国間(西),2504.064,3063.958,130.171,0
20250930B01,関西,四国,0,0,0,0
20250930B01,中国,四国,1082.29,241.268,60,13
20250930B01,中国,九州,371.45,51.611,90,0
20250930B02,北海道,東北,116.333,150,0,53.3
20250930B02,東北,東京,445.333,2124,73.47,0
20250930B02,東京,中部,570.345,8,0,7.53
20250930B02,中部,関西,904.722,500,184.052,0
20250930B02,中部,北陸,263.444,0,0,0
20250930B02,北陸,関西,1370.016,644,0,27
20250930B02,関西,中国,2503.164,3023.556,131.022,0
20250930B02,関西_関西-中国間(東),中国_関西-中国間(東),2503.164,3023.556,131.022,0
20250930B02,関西_関西-中国間(西),中国_関西-中国間(西),2503.164,3023.556,131.022,0
20250930B02,関西,四国,0,0,0,0
20250930B02,中国,四国,1081.588,440.069,49,14
20250930B02,中国,九州,377.161,10.556,60.184,0
20250930B03,北海道,東北,111.556,150,0,78
20250930B03,東北,東京,7.556,662.454,7.556,0
20250930B03,東京,中部,928.14,190.667,169.745,0
20250930B03,中部,関西,183.1,0,81.665,0
20250930B03,中部,北陸,234.833,0,0,0
20250930B03,北陸,関西,818.285,349.2,38,11
20250930B03,関西,中国,2509.293,51.071,173.345,13
20250930B03,関西_関西-中国間(東),中国_関西-中国間(東),2509.293,51.071,173.345,13
20250930B03,関西_関西-中国間(西),中国_関西-中国間(西),2509.293,51.071,173.345,13
20250930B03,関西,四国,0,0,0,0
20250930B03,中国,四国,771.114,323.063,19,38
20250930B03,中国,九州,249.579,0,215,0
20250930B04,北海道,東北,150,150,0,70
20250930B04,東北,東京,0,676.639,0,0
20250930B04,東京,中部,635.04,556,88,0
20250930B04,中部,関西,415.058,116.667,0,0
20250930B04,中部,北陸,115.267,0,0,0
20250930B04,北陸,関西,796.753,996,42,36
20250930B04,関西,中国,2507.616,1039.947,58,24.287
20250930B04,関西_関西-中国間(東),中国_関西-中国間(東),2507.616,1039.947,58,24.287
20250930B04,関西_関西-中国間(西),中国_関西-中国間(西),2507.616,1039.947,58,24.287
20250930B04,関西,四国,0,0,0,0
20250930B04,中国,四国,866.613,75.736,40,75.736
20250930B04,中国,九州,198.936,31.333,0,31.333
20250930B05,北海道,東北,150,150,0,14
20250930B05,東北,東京,0,0,0,0
20250930B05,東京,中部,769.86,556,16.333,0
20250930B05,中部,関西,810.767,116.667,0,116.667
20250930B05,中部,北陸,104.4,0,0,0
20250930B05,北陸,関西,628.508,1172.608,11,0
20250930B05,関西,中国,1202.204,952.84,0,158.915
20250930B05,関西_関西-中国間(東),中国_関西-中国間(東),1202.204,952.84,0,158.915
20250930B05,関西_関西-中国間(西),中国_関西-中国間(西),1202.204,952.84,0,158.915
20250930B05,関西,四国,0,0,0,0
20250930B05,中国,四国,1080.633,110.102,51,86
20250930B05,中国,九州,197.687,126.167,0,126.167
20250930B06,北海道,東北,150,150,0,0
20250930B06,東北,東京,0,0,0,0
20250930B06,東京,中部,558.723,556,120,279.286
20250930B06,中部,関西,1078.198,116.667,115.262,0
20250930B06,中部,北陸,124.512,0,0,0
20250930B06,北陸,関西,682.212,1273.2,49,36
20250930B06,関西,中国,1222.654,1254.76,57.425,23.085
20250930B06,関西_関西-中国間(東),中国_関西-中国間(東),1222.654,1254.76,57.425,23.085
20250930B06,関西_関西-中国間(西),中国_関西-中国間(西),1222.654,1254.76,57.425,23.085
20250930B06,関西,四国,0,0,0,0
20250930B06,中国,四国,1057.41,378.481,37,67
20250930B06,中国,九州,295.712,78.167,269,0
20250930B07,北海道,東北,147.556,150,0,85
20250930B07,東北,東京,0,654,0,40
20250930B07,東京,中部,504.667,502.667,0,347.533
20250930B07,中部,関西,985.253,116.667,0,31.199
20250930B07,中部,北陸,219.667,0,0,0
20250930B07,北陸,関西,1309.965,1225.511,46,14
20250930B07,関西,中国,1098.236,2391.404,63.915,50.599
20250930B07,関西_関西-中国間(東),中国_関西-中国間(東),1098.236,2391.404,63.915,50.599
20250930B07,関西_関西-中国間(西),中国_関西-中国間(西),1098.236,2391.404,63.915,50.599
20250930B07,関西,四国,0,0,0,0
20250930B07,中国,四国,972.519,714.44,18,41
20250930B07,中国,九州,456.369,0,6,0
20250930B08,北海道,東北,108.222,150,0,90
20250930B08,東北,東京,17,654.305,17,58
20250930B08,東京,中部,264.487,122.667,0,122.667
20250930B08,中部,関西,655.274,372.222,343.421,0
20250930B08,中部,北陸,260.889,0,0,0
20250930B08,北陸,関西,643.536,602.133,28,35.862
20250930B08,関西,中国,1976.104,2791.872,274.826,0
20250930B08,関西_関西-中国間(東),中国_関西-中国間(東),1976.104,2791.872,274.826,0
20250930B08,関西_関西-中国間(西),中国_関西-中国間(西),1976.104,2791.872,274.826,0
20250930B08,関西,四国,0,0,0,0
20250930B08,中国,四国,1081.762,506.044,54,10
20250930B08,中国,九州,410.993,63.632,124,0
E
