H,連系線確保量,対象年月,ブロック数,取引期間
P,確報値,202602,8,週取引
T,順方向元エリア,逆方向元エリア,週取引：連系線確保量上限値（順方向）[MW],週取引：連系線確保量上限値（逆方向）[MW],週取引：連系線確保量（順方向）[MW],週取引：連系線確保量（逆方向）[MW]
20260201B01,北海道,東北,0,0,0,0
20260201B01,東北,東京,39,2127.9,0,0
20260201B01,東京,中部,165,0,0,0
20260201B01,中部,関西,965.385,0,152.677,0
20260201B01,中部,北陸,0,0,0,0
20260201B01,北陸,関西,1710,0,0,0
20260201B01,関西,中国,2934,2429.5,227.251,0
20260201B01,関西_関西-中国間(東),中国_関西-中国間(東),2934,2429.5,227.251,0
20260201B01,関西_関西-中国間(西),中国_関西-中国間(西),2934,2429.5,227.251,0
20260201B01,関西,四国,0,0,0,0
20260201B01,中国,四国,1080,0,55,0
20260201B01,中国,九州,367.931,0,220.684,0
20260201B02,北海道,東北,0,0,0,0
20260201B02,東北,東京,39,2127.9,0,0
20260201B02,東京,中部,0,0,0,0
20260201B02,中部,関西,1036.989,0,56.049,0
20260201B02,中部,北陸,0,0,0,0
20260201B02,北陸,関西,1710,0,0,0
20260201B02,関西,中国,2934,2884.5,158.335,0
20260201B02,関西_関西-中国間(東),中国_関西-中国間(東),2934,2884.5,158.335,0
20260201B02,関西_関西-中国間(西),中国_関西-中国間(西),2934,2884.5,158.335,0
20260201B02,関西,四国,0,0,0,0
20260201B02,中国,四国,1080,264,57,0
20260201B02,中国,九州,407.931,0,142.528,0
20260201B03,北海道,東北,115.755,0,0,0
20260201B03,東北,東京,0,2127.9,0,187
20260201B03,東京,中部,720,0,180.537,0
20260201B03,中部,関西,802.184,0,82.078,0
20260201B03,中部,北陸,0,0,0,0
20260201B03,北陸,関西,1462.414,0,8,0
20260201B03,関西,中国,2934,2429.5,244.97,31.163
20260201B03,関西_関西-中国間(東),中国_関西-中国間(東),2934,2429.5,244.97,31.163
20260201B03,関西_関西-中国間(西),中国_関西-中国間(西),2934,2429.5,244.97,31.163
20260201B03,関西,四国,0,0,0,0
20260201B03,中国,四国,1080,264,14,0
20260201B03,中国,九州,259.54,0,116,0
20260201B04,北海道,東北,0,0,0,0
20260201B04,東北,東京,0,45.897,0,0
20260201B04,東京,中部,0,0,0,0
20260201B04,中部,関西,253.816,0,17.671,0
20260201B04,中部,北陸,0,0,0,0
20260201B04,北陸,関西,1467.241,0,8,0
20260201B04,関西,中国,2934,1519.5,408.24,35
20260201B04,関西_関西-中国間(東),中国_関西-中国間(東),2934,1519.5,408.24,35
20260201B04,関西_関西-中国間(西),中国_関西-中国間(西),2934,1519.5,408.24,35
20260201B04,関西,四国,0,0,0,0
20260201B04,中国,四国,912,36,48,0
20260201B04,中国,九州,102.759,0,101.163,0
20260201B05,北海道,東北,0,0,0,0
20260201B05,東北,東京,0,2127.9,0,0
20260201B05,東京,中部,330,0,150,0
20260201B05,中部,関西,226.159,0,15.672,0
20260201B05,中部,北陸,0,0,0,0
20260201B05,北陸,関西,1467.241,0,7,0
20260201B05,関西,中国,2934,1383,159.228,26.97
20260201B05,関西_関西-中国間(東),中国_関西-中国間(東),2934,1383,159.228,26.97
20260201B05,関西_関西-中国間(西),中国_関西-中国間(西),2934,1383,159.228,26.97
20260201B05,関西,四国,0,0,0,0
20260201B05,中国,四国,900,0,60.457,0
20260201B05,中国,九州,102.759,0,102.759,0
20260201B06,北海道,東北,0,0,0,0
20260201B06,東北,東京,0,2127.9,0,0
20260201B06,東京,中部,900,0,259,0
20260201B06,中部,関西,555.908,0,0,0
20260201B06,中部,北陸,0,0,0,0
20260201B06,北陸,関西,1467.241,0,8,0
20260201B06,関西,中国,2934,1792.5,289.762,29.416
20260201B06,関西_関西-中国間(東),中国_関西-中国間(東),2934,1792.5,289.762,29.416
20260201B06,関西_関西-中国間(西),中国_関西-中国間(西),2934,1792.5,289.762,29.416
20260201B06,関西,四国,0,0,0,0
20260201B06,中国,四国,900,36,26,5.473
20260201B06,中国,九州,172.759,0,143.012,0
20260201B07,北海道,東北,0,0,0,0
20260201B07,東北,東京,0,2127.9,0,8
20260201B07,東京,中部,855,0,0,0
20260201B07,中部,関西,1170.649,0,310.261,0
20260201B07,中部,北陸,0,0,0,0
20260201B07,北陸,関西,1467.241,0,8,0
20260201B07,関西,中国,2934,2068.043,219.97,71.002
20260201B07,関西_関西-中国間(東),中国_関西-中国間(東),2934,2068.043,219.97,71.002
20260201B07,関西_関西-中国間(西),中国_関西-中国間(西),2934,2068.043,219.97,71.002
20260201B07,関西,四国,0,0,0,0
20260201B07,中国,四国,1080,216,66,2.543
20260201B07,中国,九州,462.759,0,107.011,0
20260201B08,北海道,東北,17.502,0,0,0
20260201B08,東北,東京,0,2127.9,0,0
20260201B08,東京,中部,675,0,0,0
20260201B08,中部,関西,987.741,0,0,0
20260201B08,中部,北陸,0,0,0,0
20260201B08,北陸,関西,1462.414,0,5.961,0
20260201B08,関西,中国,2934,1614.069,162.97,20
20260201B08,関西_関西-中国間(東),中国_関西-中国間(東),2934,1614.069,162.97,20
20260201B08,関西_関西-中国間(西),中国_関西-中国間(西),2934,1614.069,162.97,20
20260201B08,関西,四国,0,0,0,0
20260201B08,中国,四国,1080,0,66,0
20260201B08,中国,九州,389.172,0,61.163,0
20260202B01,北海道,東北,0,0,0,0
20260202B01,東北,東京,39,2127.9,0,0
20260202B01,東京,中部,165,0,0,0
20260202B01,中部,関西,965.385,0,45.017,0
20260202B01,中部,北陸,0,0,0,0
20260202B01,北陸,関西,1710,0,0,0
20260202B01,関西,中国,2934,2429.5,202.387,0
20260202B01,関西_関西-中国間(東),中国_関西-中国間(東),2934,2429.5,202.387,0
20260202B01,関西_関西-中国間(西),中国_関西-中国間(西),2934,2429.5,202.387,0
20260202B01,関西,四国,0,0,0,0
20260202B01,中国,四国,1080,0,0,0
20260202B01,中国,九州,367.931,0,195.82,0
20260202B02,北海道,東北,0,0,0,0
20260202B02,東北,東京,39,2127.9,0,0
20260202B02,東京,中部,0,0,0,0
20260202B02,中部,関西,1036.989,0,35.044,0
20260202B02,中部,北陸,0,0,0,0
20260202B02,北陸,関西,1710,0,0,0
20260202B02,関西,中国,2934,2884.5,135.39,0
20260202B02,関西_関西-中国間(東),中国_関西-中国間(東),2934,2884.5,135.39,0
20260202B02,関西_関西-中国間(西),中国_関西-中国間(西),2934,2884.5,135.39,0
20260202B02,関西,四国,0,0,0,0
20260202B02,中国,四国,1080,264,0,0
20260202B02,中国,九州,407.931,0,119.583,0
20260202B03,北海道,東北,115.755,0,0,0
20260202B03,東北,東京,0,2127.9,0,240
20260202B03,東京,中部,720,0,299.449,0
20260202B03,中部,関西,1002.184,0,80.961,0
20260202B03,中部,北陸,0,0,0,0
20260202B03,北陸,関西,1712.414,0,8,0
20260202B03,関西,中国,2934,2429.5,238.97,9
20260202B03,関西_関西-中国間(東),中国_関西-中国間(東),2934,2429.5,238.97,9
20260202B03,関西_関西-中国間(西),中国_関西-中国間(西),2934,2429.5,238.97,9
20260202B03,関西,四国,0,0,0,0
20260202B03,中国,四国,1080,264,0,0
20260202B03,中国,九州,379.54,0,202.874,0
20260202B04,北海道,東北,0,0,0,0
20260202B04,東北,東京,0,45.897,0,0
20260202B04,東京,中部,0,0,0,0
20260202B04,中部,関西,613.816,120.69,17.671,120.69
20260202B04,中部,北陸,0,0,0,0
20260202B04,北陸,関西,1717.241,241.379,0,10
20260202B04,関西,中国,2934,1519.5,312.081,21.874
20260202B04,関西_関西-中国間(東),中国_関西-中国間(東),2934,1519.5,312.081,21.874
20260202B04,関西_関西-中国間(西),中国_関西-中国間(西),2934,1519.5,312.081,21.874
20260202B04,関西,四国,0,0,0,0
20260202B04,中国,四国,912,36,0,0
20260202B04,中国,九州,212.759,0,123.603,0
20260202B05,北海道,東北,0,0,0,0
20260202B05,東北,東京,0,2127.9,0,0
20260202B05,東京,中部,330,0,201.7,0
20260202B05,中部,関西,566.159,120.69,67.372,0
20260202B05,中部,北陸,0,0,0,0
20260202B05,北陸,関西,1717.241,241.379,4,0
20260202B05,関西,中国,2934,1383,208.819,19.287
20260202B05,関西_関西-中国間(東),中国_関西-中国間(東),2934,1383,208.819,19.287
20260202B05,関西_関西-中国間(西),中国_関西-中国間(西),2934,1383,208.819,19.287
20260202B05,関西,四国,0,0,0,0
20260202B05,中国,四国,900,0,0,0
20260202B05,中国,九州,212.759,54.54,84.225,0
20260202B06,北海道,東北,0,0,0,0
20260202B06,東北,東京,0,2127.9,0,57
20260202B06,東京,中部,900,0,40.507,0
20260202B06,中部,関西,945.908,120.69,272.663,105.879
20260202B06,中部,北陸,0,0,0,0
20260202B06,北陸,関西,1717.241,241.379,12,4
20260202B06,関西,中国,2934,1792.5,272.943,15.543
20260202B06,関西_関西-中国間(東),中国_関西-中国間(東),2934,1792.5,272.943,15.543
20260202B06,関西_関西-中国間(西),中国_関西-中国間(西),2934,1792.5,272.943,15.543
20260202B06,関西,四国,0,0,0,0
20260202B06,中国,四国,900,36,0,0
20260202B06,中国,九州,282.759,25.805,137,0
20260202B07,北海道,東北,0,0,0,0
20260202B07,東北,東京,0,2127.9,0,78
20260202B07,東京,中部,855,0,0,0
20260202B07,中部,関西,1310.649,120.69,249.582,69.458
20260202B07,中部,北陸,0,0,0,0
20260202B07,北陸,関西,1717.241,241.379,30.579,22.579
20260202B07,関西,中国,2934,2068.043,213.97,143.284
20260202B07,関西_関西-中国間(東),中国_関西-中国間(東),2934,2068.043,213.97,143.284
20260202B07,関西_関西-中国間(西),中国_関西-中国間(西),2934,2068.043,213.97,143.284
20260202B07,関西,四国,0,0,0,0
20260202B07,中国,四国,1080,216,0,0
20260202B07,中国,九州,522.759,0,98,0
20260202B08,北海道,東北,17.502,0,0,0
20260202B08,東北,東京,0,2127.9,0,0
20260202B08,東京,中部,675,0,0,0
20260202B08,中部,関西,1127.741,373.563,5.961,0
20260202B08,中部,北陸,0,0,0,0
20260202B08,北陸,関西,1712.414,0,0,0
20260202B08,関西,中国,2934,1614.069,162.97,40.227
20260202B08,関西_関西-中国間(東),中国_関西-中国間(東),2934,1614.069,162.97,40.227
20260202B08,関西_関西-中国間(西),中国_関西-中国間(西),2934,1614.069,162.97,40.227
20260202B08,関西,四国,0,0,0,0
20260202B08,中国,四国,1080,0,0,0
20260202B08,中国,九州,429.172,0,107.711,0
20260203B01,北海道,東北,0,0,0,0
20260203B01,東北,東京,39,2127.9,0,0
20260203B01,東京,中部,165,0,0,0
20260203B01,中部,関西,1125.385,500,168.03,0
20260203B01,中部,北陸,0,0,0,0
20260203B01,北陸,関西,1710,0,4,0
20260203B01,関西,中国,2934,2429.5,199.771,0
20260203B01,関西_関西-中国間(東),中国_関西-中国間(東),2934,2429.5,199.771,0
20260203B01,関西_関西-中国間(西),中国_関西-中国間(西),2934,2429.5,199.771,0
20260203B01,関西,四国,0,0,0,0
20260203B01,中国,四国,1080,0,0,0
20260203B01,中国,九州,417.931,0,222.081,0
20260203B02,北海道,東北,0,0,0,0
20260203B02,東北,東京,39,2127.9,0,0
20260203B02,東京,中部,0,0,0,0
20260203B02,中部,関西,1206.989,500,132.268,0
20260203B02,中部,北陸,0,0,0,0
20260203B02,北陸,関西,1710,0,9,0
20260203B02,関西,中国,2934,2884.5,128.913,0
20260203B02,関西_関西-中国間(東),中国_関西-中国間(東),2934,2884.5,128.913,0
20260203B02,関西_関西-中国間(西),中国_関西-中国間(西),2934,2884.5,128.913,0
20260203B02,関西,四国,0,0,0,0
20260203B02,中国,四国,1080,264,0,0
20260203B02,中国,九州,447.931,0,156.716,0
20260203B03,北海道,東北,115.755,0,0,0
20260203B03,東北,東京,0,2127.9,0,240
20260203B03,東京,中部,720,0,112.877,0
20260203B03,中部,関西,1192.184,273.563,272.663,17.509
20260203B03,中部,北陸,0,0,0,0
20260203B03,北陸,関西,1712.414,0,8,0
20260203B03,関西,中国,2934,2429.5,268.163,4.786
20260203B03,関西_関西-中国間(東),中国_関西-中国間(東),2934,2429.5,268.163,4.786
20260203B03,関西_関西-中国間(西),中国_関西-中国間(西),2934,2429.5,268.163,4.786
20260203B03,関西,四国,0,0,0,0
20260203B03,中国,四国,1080,264,0,0
20260203B03,中国,九州,379.54,0,222.955,0
20260203B04,北海道,東北,0,0,0,0
20260203B04,東北,東京,0,45.897,0,0
20260203B04,東京,中部,0,0,0,0
20260203B04,中部,関西,613.816,120.69,19.651,120.69
20260203B04,中部,北陸,0,0,0,0
20260203B04,北陸,関西,1717.241,241.379,0,10
20260203B04,関西,中国,2934,1519.5,305.143,0
20260203B04,関西_関西-中国間(東),中国_関西-中国間(東),2934,1519.5,305.143,0
20260203B04,関西_関西-中国間(西),中国_関西-中国間(西),2934,1519.5,305.143,0
20260203B04,関西,四国,0,0,0,0
20260203B04,中国,四国,912,36,0,0
20260203B04,中国,九州,212.759,0,168.239,0
20260203B05,北海道,東北,0,0,0,0
20260203B05,東北,東京,0,2127.9,0,0
20260203B05,東京,中部,330,0,201.7,0
20260203B05,中部,関西,566.159,120.69,69.352,0
20260203B05,中部,北陸,0,0,0,0
20260203B05,北陸,関西,1717.241,241.379,4,0
20260203B05,関西,中国,2934,1383,162.709,19.287
20260203B05,関西_関西-中国間(東),中国_関西-中国間(東),2934,1383,162.709,19.287
20260203B05,関西_関西-中国間(西),中国_関西-中国間(西),2934,1383,162.709,19.287
20260203B05,関西,四国,0,0,0,0
20260203B05,中国,四国,900,0,0,0
20260203B05,中国,九州,212.759,54.54,41.349,0
20260203B06,北海道,東北,0,0,0,0
20260203B06,東北,東京,0,2127.9,0,57
20260203B06,東京,中部,900,0,138.31,0
20260203B06,中部,関西,945.908,120.69,0,120.69
20260203B06,中部,北陸,0,0,0,0
20260203B06,北陸,関西,1717.241,241.379,12,4
20260203B06,関西,中国,2934,1792.5,298.523,26.543
20260203B06,関西_関西-中国間(東),中国_関西-中国間(東),2934,1792.5,298.523,26.543
20260203B06,関西_関西-中国間(西),中国_関西-中国間(西),2934,1792.5,298.523,26.543
20260203B06,関西,四国,0,0,0,0
20260203B06,中国,四国,900,36,0,0
20260203B06,中国,九州,282.759,25.805,137,0
20260203B07,北海道,東北,0,0,0,0
20260203B07,東北,東京,0,2127.9,0,74.726
20260203B07,東京,中部,855,0,155.961,0
20260203B07,中部,関西,1310.649,120.69,25.961,26.114
20260203B07,中部,北陸,0,0,0,0
20260203B07,北陸,関西,1717.241,241.379,49,59.943
20260203B07,関西,中国,2934,2068.043,169.97,132.284
20260203B07,関西_関西-中国間(東),中国_関西-中国間(東),2934,2068.043,169.97,132.284
20260203B07,関西_関西-中国間(西),中国_関西-中国間(西),2934,2068.043,169.97,132.284
20260203B07,関西,四国,0,0,0,0
20260203B07,中国,四国,1080,216,0,0
20260203B07,中国,九州,522.759,0,98,0
20260203B08,北海道,東北,17.502,0,0,0
20260203B08,東北,東京,0,2127.9,0,0
20260203B08,東京,中部,675,0,72,0
20260203B08,中部,関西,1127.741,373.563,0,0
20260203B08,中部,北陸,0,0,0,0
20260203B08,北陸,関西,1712.414,0,5.961,0
20260203B08,関西,中国,2934,1614.069,162.97,22.415
20260203B08,関西_関西-中国間(東),中国_関西-中国間(東),2934,1614.069,162.97,22.415
20260203B08,関西_関西-中国間(西),中国_関西-中国間(西),2934,1614.069,162.97,22.415
20260203B08,関西,四国,0,0,0,0
20260203B08,中国,四国,1080,0,0,0
20260203B08,中国,九州,429.172,0,125.523,0
20260204B01,北海道,東北,0,0,0,0
20260204B01,東北,東京,39,2127.9,0,0
20260204B01,東京,中部,165,0,0,0
20260204B01,中部,関西,1125.385,500,45.017,0
20260204B01,中部,北陸,0,0,0,0
20260204B01,北陸,関西,1710,0,0,0
20260204B01,関西,中国,2934,2429.5,198.814,0
20260204B01,関西_関西-中国間(東),中国_関西-中国間(東),2934,2429.5,198.814,0
20260204B01,関西_関西-中国間(西),中国_関西-中国間(西),2934,2429.5,198.814,0
20260204B01,関西,四国,0,0,0,0
20260204B01,中国,四国,1080,0,0,0
20260204B01,中国,九州,417.931,0,221.124,0
20260204B02,北海道,東北,0,0,0,0
20260204B02,東北,東京,39,2127.9,0,0
20260204B02,東京,中部,0,0,0,0
20260204B02,中部,関西,1206.989,500,102.014,0
20260204B02,中部,北陸,0,0,0,0
20260204B02,北陸,関西,1710,0,9,0
20260204B02,関西,中国,2934,2884.5,121.505,0
20260204B02,関西_関西-中国間(東),中国_関西-中国間(東),2934,2884.5,121.505,0
20260204B02,関西_関西-中国間(西),中国_関西-中国間(西),2934,2884.5,121.505,0
20260204B02,関西,四国,0,0,0,0
20260204B02,中国,四国,1080,264,0,0
20260204B02,中国,九州,447.931,0,151.108,0
20260204B03,北海道,東北,115.755,0,0,0
20260204B03,東北,東京,0,2127.9,0,120
20260204B03,東京,中部,720,0,281.576,0
20260204B03,中部,関西,1192.184,273.563,32.576,0
20260204B03,中部,北陸,0,0,0,0
20260204B03,北陸,関西,1712.414,0,8,0
20260204B03,関西,中国,2934,2429.5,238.97,55.056
20260204B03,関西_関西-中国間(東),中国_関西-中国間(東),2934,2429.5,238.97,55.056
20260204B03,関西_関西-中国間(西),中国_関西-中国間(西),2934,2429.5,238.97,55.056
20260204B03,関西,四国,0,0,0,0
20260204B03,中国,四国,1080,264,0,0
20260204B03,中国,九州,379.54,0,172.685,0
20260204B04,北海道,東北,0,0,0,0
20260204B04,東北,東京,0,45.897,0,0
20260204B04,東京,中部,0,0,0,0
20260204B04,中部,関西,613.816,120.69,19.651,0
20260204B04,中部,北陸,0,0,0,0
20260204B04,北陸,関西,1717.241,241.379,0,11
20260204B04,関西,中国,2934,1519.5,424.5,19.953
20260204B04,関西_関西-中国間(東),中国_関西-中国間(東),2934,1519.5,424.5,19.953
20260204B04,関西_関西-中国間(西),中国_関西-中国間(西),2934,1519.5,424.5,19.953
20260204B04,関西,四国,0,0,0,0
20260204B04,中国,四国,912,36,0,0
20260204B04,中国,九州,212.759,0,212.759,0
20260204B05,北海道,東北,0,0,0,0
20260204B05,東北,東京,0,2127.9,0,0
20260204B05,東京,中部,330,0,179.4,0
20260204B05,中部,関西,566.159,120.69,47.052,0
20260204B05,中部,北陸,0,0,0,0
20260204B05,北陸,関西,1717.241,241.379,4,0
20260204B05,関西,中国,2934,1383,168.517,49.636
20260204B05,関西_関西-中国間(東),中国_関西-中国間(東),2934,1383,168.517,49.636
20260204B05,関西_関西-中国間(西),中国_関西-中国間(西),2934,1383,168.517,49.636
20260204B05,関西,四国,0,0,0,0
20260204B05,中国,四国,900,0,0,0
20260204B05,中国,九州,212.759,54.54,52.8,0
20260204B06,北海道,東北,0,0,0,0
20260204B06,東北,東京,0,2127.9,0,55
20260204B06,東京,中部,900,0,23.068,0
20260204B06,中部,関西,945.908,120.69,272.663,120.69
20260204B06,中部,北陸,0,0,0,0
20260204B06,北陸,関西,1717.241,241.379,12,4
20260204B06,関西,中国,2934,1792.5,304.367,35.89
20260204B06,関西_関西-中国間(東),中国_関西-中国間(東),2934,1792.5,304.367,35.89
20260204B06,関西_関西-中国間(西),中国_関西-中国間(西),2934,1792.5,304.367,35.89
20260204B06,関西,四国,0,0,0,0
20260204B06,中国,四国,900,36,0,0
20260204B06,中国,九州,282.759,25.805,137,0
20260204B07,北海道,東北,0,0,0,0
20260204B07,東北,東京,0,2127.9,0,77.131
20260204B07,東京,中部,855,0,0,0
20260204B07,中部,関西,1310.649,120.69,112.961,87.987
20260204B07,中部,北陸,0,0,0,0
20260204B07,北陸,関西,1717.241,241.379,8,0
20260204B07,関西,中国,2934,2068.043,215.97,134.214
20260204B07,関西_関西-中国間(東),中国_関西-中国間(東),2934,2068.043,215.97,134.214
20260204B07,関西_関西-中国間(西),中国_関西-中国間(西),2934,2068.043,215.97,134.214
20260204B07,関西,四国,0,0,0,0
20260204B07,中国,四国,1080,216,0,0
20260204B07,中国,九州,522.759,0,98,0
20260204B08,北海道,東北,17.502,0,0,0
20260204B08,東北,東京,0,2127.9,0,0
20260204B08,東京,中部,675,0,0,0
20260204B08,中部,関西,1127.741,373.563,5.961,0
20260204B08,中部,北陸,0,0,0,0
20260204B08,北陸,関西,1712.414,0,0,0
20260204B08,関西,中国,2934,1614.069,162.97,40.94
20260204B08,関西_関西-中国間(東),中国_関西-中国間(東),2934,1614.069,162.97,40.94
20260204B08,関西_関西-中国間(西),中国_関西-中国間(西),2934,1614.069,162.97,40.94
20260204B08,関西,四国,0,0,0,0
20260204B08,中国,四国,1080,0,0,0
20260204B08,中国,九州,429.172,0,106.998,0
20260205B01,北海道,東北,0,0,0,0
20260205B01,東北,東京,39,2127.9,0,0
20260205B01,東京,中部,165,0,0,0
20260205B01,中部,関西,1125.385,500,102.228,0
20260205B01,中部,北陸,0,0,0,0
20260205B01,北陸,関西,1710,0,4,0
20260205B01,関西,中国,2934,2429.5,195.874,0
20260205B01,関西_関西-中国間(東),中国_関西-中国間(東),2934,2429.5,195.874,0
20260205B01,関西_関西-中国間(西),中国_関西-中国間(西),2934,2429.5,195.874,0
20260205B01,関西,四国,0,0,0,0
20260205B01,中国,四国,1080,0,0,0
20260205B01,中国,九州,417.931,0,218.184,0
20260205B02,北海道,東北,0,0,0,0
20260205B02,東北,東京,39,2127.9,0,0
20260205B02,東京,中部,0,0,0,0
20260205B02,中部,関西,1206.989,500,35.025,0
20260205B02,中部,北陸,0,0,0,0
20260205B02,北陸,関西,1710,0,0,0
20260205B02,関西,中国,2934,2884.5,123.495,0
20260205B02,関西_関西-中国間(東),中国_関西-中国間(東),2934,2884.5,123.495,0
20260205B02,関西_関西-中国間(西),中国_関西-中国間(西),2934,2884.5,123.495,0
20260205B02,関西,四国,0,0,0,0
20260205B02,中国,四国,1080,264,0,0
20260205B02,中国,九州,447.931,0,153.098,0
20260205B03,北海道,東北,115.755,0,0,0
20260205B03,東北,東京,0,2127.9,0,138.36
20260205B03,東京,中部,720,0,281.576,0
20260205B03,中部,関西,1192.184,273.563,32.576,0
20260205B03,中部,北陸,0,0,0,0
20260205B03,北陸,関西,1712.414,0,8,0
20260205B03,関西,中国,2934,2429.5,238.97,22.512
20260205B03,関西_関西-中国間(東),中国_関西-中国間(東),2934,2429.5,238.97,22.512
20260205B03,関西_関西-中国間(西),中国_関西-中国間(西),2934,2429.5,238.97,22.512
20260205B03,関西,四国,0,0,0,0
20260205B03,中国,四国,1080,264,0,0
20260205B03,中国,九州,379.54,0,205.229,0
20260205B04,北海道,東北,0,0,0,0
20260205B04,東北,東京,0,45.897,0,0
20260205B04,東京,中部,0,0,0,0
20260205B04,中部,関西,613.816,120.69,19.651,0
20260205B04,中部,北陸,0,0,0,0
20260205B04,北陸,関西,1717.241,241.379,0,11
20260205B04,関西,中国,2934,1519.5,424.5,38.289
20260205B04,関西_関西-中国間(東),中国_関西-中国間(東),2934,1519.5,424.5,38.289
20260205B04,関西_関西-中国間(西),中国_関西-中国間(西),2934,1519.5,424.5,38.289
20260205B04,関西,四国,0,0,0,0
20260205B04,中国,四国,912,36,0,0
20260205B04,中国,九州,212.759,0,137.423,0
20260205B05,北海道,東北,0,0,0,0
20260205B05,東北,東京,0,2127.9,0,0
20260205B05,東京,中部,330,0,201.7,0
20260205B05,中部,関西,566.159,120.69,69.352,0
20260205B05,中部,北陸,0,0,0,0
20260205B05,北陸,関西,1717.241,241.379,4,4
20260205B05,関西,中国,2934,1383,252.734,97
20260205B05,関西_関西-中国間(東),中国_関西-中国間(東),2934,1383,252.734,97
20260205B05,関西_関西-中国間(西),中国_関西-中国間(西),2934,1383,252.734,97
20260205B05,関西,四国,0,0,0,0
20260205B05,中国,四国,900,0,0,0
20260205B05,中国,九州,212.759,54.54,94.939,0
20260205B06,北海道,東北,0,0,0,0
20260205B06,東北,東京,0,2127.9,0,57
20260205B06,東京,中部,900,0,25.696,0
20260205B06,中部,関西,945.908,120.69,272.663,120.69
20260205B06,中部,北陸,0,0,0,0
20260205B06,北陸,関西,1717.241,241.379,12,4
20260205B06,関西,中国,2934,1792.5,304.367,36.475
20260205B06,関西_関西-中国間(東),中国_関西-中国間(東),2934,1792.5,304.367,36.475
20260205B06,関西_関西-中国間(西),中国_関西-中国間(西),2934,1792.5,304.367,36.475
20260205B06,関西,四国,0,0,0,0
20260205B06,中国,四国,900,36,0,0
20260205B06,中国,九州,282.759,25.805,137,0
20260205B07,北海道,東北,0,0,0,0
20260205B07,東北,東京,0,2127.9,0,78
20260205B07,東京,中部,855,0,0,0
20260205B07,中部,関西,1310.649,120.69,112.961,50.367
20260205B07,中部,北陸,0,0,0,0
20260205B07,北陸,関西,1717.241,241.379,8,24.893
20260205B07,関西,中国,2934,2068.043,215.97,121.487
20260205B07,関西_関西-中国間(東),中国_関西-中国間(東),2934,2068.043,215.97,121.487
20260205B07,関西_関西-中国間(西),中国_関西-中国間(西),2934,2068.043,215.97,121.487
20260205B07,関西,四国,0,0,0,0
20260205B07,中国,四国,1080,216,0,0
20260205B07,中国,九州,522.759,0,98,0
20260205B08,北海道,東北,17.502,0,0,0
20260205B08,東北,東京,0,2127.9,0,0
20260205B08,東京,中部,675,0,0,0
20260205B08,中部,関西,1127.741,373.563,0,0
20260205B08,中部,北陸,0,0,0,0
20260205B08,北陸,関西,1712.414,0,5.961,0
20260205B08,関西,中国,2934,1614.069,162.97,61.342
20260205B08,関西_関西-中国間(東),中国_関西-中国間(東),2934,1614.069,162.97,61.342
20260205B08,関西_関西-中国間(西),中国_関西-中国間(西),2934,1614.069,162.97,61.342
20260205B08,関西,四国,0,0,0,0
20260205B08,中国,四国,1080,0,0,0
20260205B08,中国,九州,429.172,0,73.869,0
20260206B01,北海道,東北,0,0,0,0
20260206B01,東北,東京,39,2127.9,0,0
20260206B01,東京,中部,165,0,0,0
20260206B01,中部,関西,1125.385,500,129.473,0
20260206B01,中部,北陸,0,0,0,0
20260206B01,北陸,関西,1710,0,0,0
20260206B01,関西,中国,2934,2429.5,202.699,0
20260206B01,関西_関西-中国間(東),中国_関西-中国間(東),2934,2429.5,202.699,0
20260206B01,関西_関西-中国間(西),中国_関西-中国間(西),2934,2429.5,202.699,0
20260206B01,関西,四国,0,0,0,0
20260206B01,中国,四国,1080,0,0,0
20260206B01,中国,九州,417.931,0,225.009,0
20260206B02,北海道,東北,0,0,0,0
20260206B02,東北,東京,39,2127.9,0,0
20260206B02,東京,中部,0,0,0,0
20260206B02,中部,関西,1206.989,500,64.884,0
20260206B02,中部,北陸,0,0,0,0
20260206B02,北陸,関西,1710,0,0,0
20260206B02,関西,中国,2934,2884.5,154.505,0
20260206B02,関西_関西-中国間(東),中国_関西-中国間(東),2934,2884.5,154.505,0
20260206B02,関西_関西-中国間(西),中国_関西-中国間(西),2934,2884.5,154.505,0
20260206B02,関西,四国,0,0,0,0
20260206B02,中国,四国,1080,264,0,0
20260206B02,中国,九州,447.931,0,184.108,0
20260206B03,北海道,東北,115.755,0,0,0
20260206B03,東北,東京,0,2127.9,0,120
20260206B03,東京,中部,720,0,344.13,0
20260206B03,中部,関西,1192.184,273.563,83.13,0
20260206B03,中部,北陸,0,0,0,0
20260206B03,北陸,関西,1712.414,0,9,0
20260206B03,関西,中国,2934,2429.5,238.97,11.071
20260206B03,関西_関西-中国間(東),中国_関西-中国間(東),2934,2429.5,238.97,11.071
20260206B03,関西_関西-中国間(西),中国_関西-中国間(西),2934,2429.5,238.97,11.071
20260206B03,関西,四国,0,0,0,0
20260206B03,中国,四国,1080,264,0,0
20260206B03,中国,九州,379.54,0,216.67,0
20260206B04,北海道,東北,0,0,0,0
20260206B04,東北,東京,0,45.897,0,0
20260206B04,東京,中部,0,0,0,0
20260206B04,中部,関西,613.816,120.69,19.651,0
20260206B04,中部,北陸,0,0,0,0
20260206B04,北陸,関西,1717.241,241.379,0,11
20260206B04,関西,中国,2934,1519.5,424.5,12.48
20260206B04,関西_関西-中国間(東),中国_関西-中国間(東),2934,1519.5,424.5,12.48
20260206B04,関西_関西-中国間(西),中国_関西-中国間(西),2934,1519.5,424.5,12.48
20260206B04,関西,四国,0,0,0,0
20260206B04,中国,四国,912,36,0,0
20260206B04,中国,九州,212.759,0,212.759,0
20260206B05,北海道,東北,0,0,0,0
20260206B05,東北,東京,0,2127.9,0,0
20260206B05,東京,中部,330,0,50.4,0
20260206B05,中部,関西,566.159,120.69,68.052,0
20260206B05,中部,北陸,0,0,0,0
20260206B05,北陸,関西,1717.241,241.379,4,0
20260206B05,関西,中国,2934,1383,161.409,19.287
20260206B05,関西_関西-中国間(東),中国_関西-中国間(東),2934,1383,161.409,19.287
20260206B05,関西_関西-中国間(西),中国_関西-中国間(西),2934,1383,161.409,19.287
20260206B05,関西,四国,0,0,0,0
20260206B05,中国,四国,900,0,0,0
20260206B05,中国,九州,212.759,54.54,81.784,0
20260206B06,北海道,東北,0,0,0,0
20260206B06,東北,東京,0,2127.9,0,57
20260206B06,東京,中部,900,0,140.386,0
20260206B06,中部,関西,945.908,120.69,358.62,0
20260206B06,中部,北陸,0,0,0,0
20260206B06,北陸,関西,1717.241,241.379,12,12
20260206B06,関西,中国,2934,1792.5,326.84,0
20260206B06,関西_関西-中国間(東),中国_関西-中国間(東),2934,1792.5,326.84,0
20260206B06,関西_関西-中国間(西),中国_関西-中国間(西),2934,1792.5,326.84,0
20260206B06,関西,四国,0,0,0,0
20260206B06,中国,四国,900,36,0,0
20260206B06,中国,九州,282.759,25.805,192.335,0
20260206B07,北海道,東北,0,0,0,0
20260206B07,東北,東京,0,2127.9,0,78
20260206B07,東京,中部,855,0,0,0
20260206B07,中部,関西,1310.649,120.69,124.939,0
20260206B07,中部,北陸,0,0,0,0
20260206B07,北陸,関西,1717.241,241.379,0,0
20260206B07,関西,中国,2934,2068.043,215.98,36.475
20260206B07,関西_関西-中国間(東),中国_関西-中国間(東),2934,2068.043,215.98,36.475
20260206B07,関西_関西-中国間(西),中国_関西-中国間(西),2934,2068.043,215.98,36.475
20260206B07,関西,四国,0,0,0,0
20260206B07,中国,四国,1080,216,0,0
20260206B07,中国,九州,522.759,0,98,0
20260206B08,北海道,東北,17.502,0,0,0
20260206B08,東北,東京,0,2127.9,0,0
20260206B08,東京,中部,675,0,0,0
20260206B08,中部,関西,1127.741,373.563,41.929,0
20260206B08,中部,北陸,0,0,0,0
20260206B08,北陸,関西,1712.414,0,0,0
20260206B08,関西,中国,2934,1614.069,162.97,0
20260206B08,関西_関西-中国間(東),中国_関西-中国間(東),2934,1614.069,162.97,0
20260206B08,関西_関西-中国間(西),中国_関西-中国間(西),2934,1614.069,162.97,0
20260206B08,関西,四国,0,0,0,0
20260206B08,中国,四国,1080,0,0,0
20260206B08,中国,九州,429.172,0,147.938,0
20260207B01,北海道,東北,34.901,2.448,0,2.448
20260207B01,東北,東京,39,2127.9,0,0
20260207B01,東京,中部,165,0,0,0
20260207B01,中部,関西,965.385,500,141.122,0
20260207B01,中部,北陸,0,0,0,0
20260207B01,北陸,関西,1710,0,0,0
20260207B01,関西,中国,2934,2429.5,210.658,0
20260207B01,関西_関西-中国間(東),中国_関西-中国間(東),2934,2429.5,210.658,0
20260207B01,関西_関西-中国間(西),中国_関西-中国間(西),2934,2429.5,210.658,0
20260207B01,関西,四国,0,0,0,0
20260207B01,中国,四国,1080,0,0,0
20260207B01,中国,九州,367.931,0,220.284,0
20260207B02,北海道,東北,70.279,2.448,0,2
20260207B02,東北,東京,39,2127.9,0,0
20260207B02,東京,中部,0,0,0,0
20260207B02,中部,関西,1036.989,500,155.255,0
20260207B02,中部,北陸,0,0,0,0
20260207B02,北陸,関西,1710,0,0.99,0
20260207B02,関西,中国,2934,2884.5,161.112,0
20260207B02,関西_関西-中国間(東),中国_関西-中国間(東),2934,2884.5,161.112,0
20260207B02,関西_関西-中国間(西),中国_関西-中国間(西),2934,2884.5,161.112,0
20260207B02,関西,四国,0,0,0,0
20260207B02,中国,四国,1080,264,0,0
20260207B02,中国,九州,407.931,0,155.172,0
20260207B03,北海道,東北,150,0,0,0
20260207B03,東北,東京,0,2127.9,0,187
20260207B03,東京,中部,720,0,3.031,0
20260207B03,中部,関西,802.184,273.563,314.687,40.509
20260207B03,中部,北陸,0,0,0,0
20260207B03,北陸,関西,1462.414,0,8,0
20260207B03,関西,中国,2934,2429.5,272.587,32.874
20260207B03,関西_関西-中国間(東),中国_関西-中国間(東),2934,2429.5,272.587,32.874
20260207B03,関西_関西-中国間(西),中国_関西-中国間(西),2934,2429.5,272.587,32.874
20260207B03,関西,四国,0,0,0,0
20260207B03,中国,四国,1080,264,0,0
20260207B03,中国,九州,259.54,0,181.064,0
20260207B04,北海道,東北,1.414,110.299,0,34
20260207B04,東北,東京,0,45.897,0,0
20260207B04,東京,中部,0,0,0,0
20260207B04,中部,関西,253.816,120.69,19.651,120.69
20260207B04,中部,北陸,0,0,0,0
20260207B04,北陸,関西,1467.241,0,0,0
20260207B04,関西,中国,2934,1519.5,319.21,7.569
20260207B04,関西_関西-中国間(東),中国_関西-中国間(東),2934,1519.5,319.21,7.569
20260207B04,関西_関西-中国間(西),中国_関西-中国間(西),2934,1519.5,319.21,7.569
20260207B04,関西,四国,0,0,0,0
20260207B04,中国,四国,912,36,0,0
20260207B04,中国,九州,102.759,0,78,0
20260207B05,北海道,東北,0,34.72,0,34.72
20260207B05,東北,東京,0,2127.9,0,0
20260207B05,東京,中部,330,0,46.02,0
20260207B05,中部,関西,226.159,120.69,17.652,103.98
20260207B05,中部,北陸,0,0,0,0
20260207B05,北陸,関西,1467.241,0,4,0
20260207B05,関西,中国,2934,1383,135.281,19.287
20260207B05,関西_関西-中国間(東),中国_関西-中国間(東),2934,1383,135.281,19.287
20260207B05,関西_関西-中国間(西),中国_関西-中国間(西),2934,1383,135.281,19.287
20260207B05,関西,四国,0,0,0,0
20260207B05,中国,四国,900,0,0,0
20260207B05,中国,九州,102.759,0,27.509,0
20260207B06,北海道,東北,1.414,0,1.414,0
20260207B06,東北,東京,0,2127.9,0,4.586
20260207B06,東京,中部,900,0,138.31,0
20260207B06,中部,関西,555.908,120.69,0,120.69
20260207B06,中部,北陸,0,0,0,0
20260207B06,北陸,関西,1467.241,0,8,0
20260207B06,関西,中国,2934,1792.5,289.97,3.273
20260207B06,関西_関西-中国間(東),中国_関西-中国間(東),2934,1792.5,289.97,3.273
20260207B06,関西_関西-中国間(西),中国_関西-中国間(西),2934,1792.5,289.97,3.273
20260207B06,関西,四国,0,0,0,0
20260207B06,中国,四国,900,36,0,0
20260207B06,中国,九州,172.759,0,161.769,0
20260207B07,北海道,東北,4.862,0,0,0
20260207B07,東北,東京,0,2127.9,0,8
20260207B07,東京,中部,855,0,205.561,0
20260207B07,中部,関西,1170.649,120.69,75.561,15.6
20260207B07,中部,北陸,0,0,0,0
20260207B07,北陸,関西,1467.241,0,8,0
20260207B07,関西,中国,2934,2068.043,163.97,64.204
20260207B07,関西_関西-中国間(東),中国_関西-中国間(東),2934,2068.043,163.97,64.204
20260207B07,関西_関西-中国間(西),中国_関西-中国間(西),2934,2068.043,163.97,64.204
20260207B07,関西,四国,0,0,0,0
20260207B07,中国,四国,1080,216,0,0
20260207B07,中国,九州,462.759,0,98,0
20260207B08,北海道,東北,107.502,0,0,0
20260207B08,東北,東京,0,2127.9,0,0
20260207B08,東京,中部,675,0,72,0
20260207B08,中部,関西,987.741,0,21.791,0
20260207B08,中部,北陸,0,0,0,0
20260207B08,北陸,関西,1462.414,0,17.78,0
20260207B08,関西,中国,2934,1614.069,162.98,5
20260207B08,関西_関西-中国間(東),中国_関西-中国間(東),2934,1614.069,162.98,5
20260207B08,関西_関西-中国間(西),中国_関西-中国間(西),2934,1614.069,162.98,5
20260207B08,関西,四国,0,0,0,0
20260207B08,中国,四国,1080,0,0,0
20260207B08,中国,九州,389.172,0,54,0
20260208B01,北海道,東北,34.901,2.448,0,2.448
20260208B01,東北,東京,39,2127.9,0,0
20260208B01,東京,中部,165,0,0,0
20260208B01,中部,関西,965.385,0,93.222,0
20260208B01,中部,北陸,0,0,0,0
20260208B01,北陸,関西,1710,0,0,0
20260208B01,関西,中国,2934,2429.5,153.326,1
20260208B01,関西_関西-中国間(東),中国_関西-中国間(東),2934,2429.5,153.326,1
20260208B01,関西_関西-中国間(西),中国_関西-中国間(西),2934,2429.5,153.326,1
20260208B01,関西,四国,0,0,0,0
20260208B01,中国,四国,1080,0,0,0
20260208B01,中国,九州,367.931,0,139.496,0
20260208B02,北海道,東北,70.279,2.448,0,2
20260208B02,東北,東京,39,2127.9,0,0
20260208B02,東京,中部,0,0,0,0
20260208B02,中部,関西,1036.989,0,101.002,0
20260208B02,中部,北陸,0,0,0,0
20260208B02,北陸,関西,1710,0,0,0
20260208B02,関西,中国,2934,2884.5,119.032,0
20260208B02,関西_関西-中国間(東),中国_関西-中国間(東),2934,2884.5,119.032,0
20260208B02,関西_関西-中国間(西),中国_関西-中国間(西),2934,2884.5,119.032,0
20260208B02,関西,四国,0,0,0,0
20260208B02,中国,四国,1080,264,0,0
20260208B02,中国,九州,407.931,0,95.831,0
20260208B03,北海道,東北,150,0,0,0
20260208B03,東北,東京,0,2127.9,0,187
20260208B03,東京,中部,720,0,130.727,0
20260208B03,中部,関西,802.184,0,184.378,0
20260208B03,中部,北陸,0,0,0,0
20260208B03,北陸,関西,1462.414,0,8,0
20260208B03,関西,中国,2934,2429.5,238.97,10.8
20260208B03,関西_関西-中国間(東),中国_関西-中国間(東),2934,2429.5,238.97,10.8
20260208B03,関西_関西-中国間(西),中国_関西-中国間(西),2934,2429.5,238.97,10.8
20260208B03,関西,四国,0,0,0,0
20260208B03,中国,四国,1080,264,0,0
20260208B03,中国,九州,259.54,0,171.404,0
20260208B04,北海道,東北,1.414,110.299,0,34
20260208B04,東北,東京,0,45.897,0,0
20260208B04,東京,中部,0,0,0,0
20260208B04,中部,関西,253.816,0,19.651,0
20260208B04,中部,北陸,0,0,0,0
20260208B04,北陸,関西,1467.241,0,0,0
20260208B04,関西,中国,2934,1519.5,352.527,35
20260208B04,関西_関西-中国間(東),中国_関西-中国間(東),2934,1519.5,352.527,35
20260208B04,関西_関西-中国間(西),中国_関西-中国間(西),2934,1519.5,352.527,35
20260208B04,関西,四国,0,0,0,0
20260208B04,中国,四国,912,36,0,0
20260208B04,中国,九州,102.759,0,78,0
20260208B05,北海道,東北,0,34.72,0,34.72
20260208B05,東北,東京,0,2127.9,0,0
20260208B05,東京,中部,330,0,6.9,0
20260208B05,中部,関西,226.159,0,24.552,0
20260208B05,中部,北陸,0,0,0,0
20260208B05,北陸,関西,1467.241,0,4,0
20260208B05,関西,中国,2934,1383,135.281,97
20260208B05,関西_関西-中国間(東),中国_関西-中国間(東),2934,1383,135.281,97
20260208B05,関西_関西-中国間(西),中国_関西-中国間(西),2934,1383,135.281,97
20260208B05,関西,四国,0,0,0,0
20260208B05,中国,四国,900,0,0,0
20260208B05,中国,九州,102.759,0,0,0
20260208B06,北海道,東北,1.414,0,0,0
20260208B06,東北,東京,0,2127.9,0,40
20260208B06,東京,中部,900,0,277,0
20260208B06,中部,関西,555.908,0,17.652,0
20260208B06,中部,北陸,0,0,0,0
20260208B06,北陸,関西,1467.241,0,8,0
20260208B06,関西,中国,2934,1792.5,290.443,27
20260208B06,関西_関西-中国間(東),中国_関西-中国間(東),2934,1792.5,290.443,27
20260208B06,関西_関西-中国間(西),中国_関西-中国間(西),2934,1792.5,290.443,27
20260208B06,関西,四国,0,0,0,0
20260208B06,中国,四国,900,36,0,0
20260208B06,中国,九州,172.759,0,137,0
20260208B07,北海道,東北,4.862,0,0,0
20260208B07,東北,東京,0,2127.9,0,8
20260208B07,東京,中部,855,0,0,0
20260208B07,中部,関西,1170.649,0,155.357,0
20260208B07,中部,北陸,0,0,0,0
20260208B07,北陸,関西,1467.241,0,0,0
20260208B07,関西,中国,2934,2068.043,213.97,64.204
20260208B07,関西_関西-中国間(東),中国_関西-中国間(東),2934,2068.043,213.97,64.204
20260208B07,関西_関西-中国間(西),中国_関西-中国間(西),2934,2068.043,213.97,64.204
20260208B07,関西,四国,0,0,0,0
20260208B07,中国,四国,1080,216,0,0
20260208B07,中国,九州,462.759,0,98,0
20260208B08,北海道,東北,107.502,0,0,0
20260208B08,東北,東京,0,2127.9,0,0
20260208B08,東京,中部,675,0,0,0
20260208B08,中部,関西,987.741,0,58.517,0
20260208B08,中部,北陸,0,0,0,0
20260208B08,北陸,関西,1462.414,0,0,0
20260208B08,関西,中国,2934,1614.069,162.97,11.296
20260208B08,関西_関西-中国間(東),中国_関西-中国間(東),2934,1614.069,162.97,11.296
20260208B08,関西_関西-中国間(西),中国_関西-中国間(西),2934,1614.069,162.97,11.296
20260208B08,関西,四国,0,0,0,0
20260208B08,中国,四国,1080,0,0,0
20260208B08,中国,九州,389.172,0,54,0
20260209B01,北海道,東北,34.901,0,0,0
20260209B01,東北,東京,39,2127.9,0,0
20260209B01,東京,中部,165,0,0,0
20260209B01,中部,関西,965.385,0,127.397,0
20260209B01,中部,北陸,0,0,0,0
20260209B01,北陸,関西,1710,0,0,0
20260209B01,関西,中国,2934,2229.5,187.591,0
20260209B01,関西_関西-中国間(東),中国_関西-中国間(東),2934,2229.5,187.591,0
20260209B01,関西_関西-中国間(西),中国_関西-中国間(西),2934,2229.5,187.591,0
20260209B01,関西,四国,0,0,0,0
20260209B01,中国,四国,1080,0,0,0
20260209B01,中国,九州,367.931,0,179.147,0
20260209B02,北海道,東北,70.279,0,0,0
20260209B02,東北,東京,39,2127.9,0,0
20260209B02,東京,中部,0,0,0,0
20260209B02,中部,関西,1036.989,0,135.177,0
20260209B02,中部,北陸,0,0,0,0
20260209B02,北陸,関西,1710,0,0,0
20260209B02,関西,中国,2934,2684.5,113.267,0
20260209B02,関西_関西-中国間(東),中国_関西-中国間(東),2934,2684.5,113.267,0
20260209B02,関西_関西-中国間(西),中国_関西-中国間(西),2934,2684.5,113.267,0
20260209B02,関西,四国,0,0,0,0
20260209B02,中国,四国,0,264,0,0
20260209B02,中国,九州,407.931,0,138.593,0
20260209B03,北海道,東北,150,0,0,0
20260209B03,東北,東京,0,2127.9,0,240
20260209B03,東京,中部,720,0,192.648,0
20260209B03,中部,関西,1002.184,0,205.055,0
20260209B03,中部,北陸,0,0,0,0
20260209B03,北陸,関西,1712.414,0,29,0
20260209B03,関西,中国,2934,2229.5,238.97,30.874
20260209B03,関西_関西-中国間(東),中国_関西-中国間(東),2934,2229.5,238.97,30.874
20260209B03,関西_関西-中国間(西),中国_関西-中国間(西),2934,2229.5,238.97,30.874
20260209B03,関西,四国,0,0,0,0
20260209B03,中国,四国,0,264,0,0
20260209B03,中国,九州,379.54,0,181,0
20260209B04,北海道,東北,11.414,120.299,0,34
20260209B04,東北,東京,0,45.897,0,0
20260209B04,東京,中部,0,0,0,0
20260209B04,中部,関西,613.816,120.69,19.651,100
20260209B04,中部,北陸,0,0,0,0
20260209B04,北陸,関西,1717.241,241.379,0,0
20260209B04,関西,中国,2934,1319.5,356.9,35
20260209B04,関西_関西-中国間(東),中国_関西-中国間(東),2934,1319.5,356.9,35
20260209B04,関西_関西-中国間(西),中国_関西-中国間(西),2934,1319.5,356.9,35
20260209B04,関西,四国,0,0,0,0
20260209B04,中国,四国,0,36,0,0
20260209B04,中国,九州,212.759,0,78,0
20260209B05,北海道,東北,9.69,44.72,0,44.72
20260209B05,東北,東京,0,2127.9,0,0
20260209B05,東京,中部,330,0,57.912,0
20260209B05,中部,関西,566.159,120.69,75.564,0
20260209B05,中部,北陸,0,0,0,0
20260209B05,北陸,関西,1717.241,241.379,0,0
20260209B05,関西,中国,2934,1183,97.402,44.081
20260209B05,関西_関西-中国間(東),中国_関西-中国間(東),2934,1183,97.402,44.081
20260209B05,関西_関西-中国間(西),中国_関西-中国間(西),2934,1183,97.402,44.081
20260209B05,関西,四国,0,0,0,0
20260209B05,中国,四国,0,0,0,0
20260209B05,中国,九州,212.759,54.54,0,0
20260209B06,北海道,東北,11.414,6.241,0,0
20260209B06,東北,東京,0,2127.9,0,62
20260209B06,東京,中部,900,0,97.513,0
20260209B06,中部,関西,945.908,120.69,105.732,111.225
20260209B06,中部,北陸,0,0,0,0
20260209B06,北陸,関西,1717.241,241.379,0,0
20260209B06,関西,中国,2934,1592.5,289.99,4.212
20260209B06,関西_関西-中国間(東),中国_関西-中国間(東),2934,1592.5,289.99,4.212
20260209B06,関西_関西-中国間(西),中国_関西-中国間(西),2934,1592.5,289.99,4.212
20260209B06,関西,四国,0,0,0,0
20260209B06,中国,四国,0,36,0,0
20260209B06,中国,九州,282.759,25.805,137,0
20260209B07,北海道,東北,14.862,3.724,0,0
20260209B07,東北,東京,0,2127.9,0,78
20260209B07,東京,中部,855,0,0,0
20260209B07,中部,関西,1310.649,120.69,101.738,6.738
20260209B07,中部,北陸,0,0,0,0
20260209B07,北陸,関西,1717.241,241.379,17.701,9.701
20260209B07,関西,中国,2934,1868.043,158.98,58.571
20260209B07,関西_関西-中国間(東),中国_関西-中国間(東),2934,1868.043,158.98,58.571
20260209B07,関西_関西-中国間(西),中国_関西-中国間(西),2934,1868.043,158.98,58.571
20260209B07,関西,四国,0,0,0,0
20260209B07,中国,四国,0,216,0,0
20260209B07,中国,九州,522.759,0,98,0
20260209B08,北海道,東北,117.502,0,0,0
20260209B08,東北,東京,0,2127.9,0,0
20260209B08,東京,中部,675,0,0,0
20260209B08,中部,関西,1127.741,373.563,46.255,33.738
20260209B08,中部,北陸,0,0,0,0
20260209B08,北陸,関西,1712.414,0,0,0
20260209B08,関西,中国,2934,1414.069,116.97,77.036
20260209B08,関西_関西-中国間(東),中国_関西-中国間(東),2934,1414.069,116.97,77.036
20260209B08,関西_関西-中国間(西),中国_関西-中国間(西),2934,1414.069,116.97,77.036
20260209B08,関西,四国,0,0,0,0
20260209B08,中国,四国,0,0,0,0
20260209B08,中国,九州,429.172,0,84.669,0
20260210B01,北海道,東北,34.901,0,0,0
20260210B01,東北,東京,39,2127.9,0,0
20260210B01,東京,中部,165,0,0,0
20260210B01,中部,関西,1125.385,500,144.462,0
20260210B01,中部,北陸,0,0,0,0
20260210B01,北陸,関西,1710,0,0,0
20260210B01,関西,中国,2934,2229.5,118.051,0
20260210B01,関西_関西-中国間(東),中国_関西-中国間(東),2934,2229.5,118.051,0
20260210B01,関西_関西-中国間(西),中国_関西-中国間(西),2934,2229.5,118.051,0
20260210B01,関西,四国,0,0,0,0
20260210B01,中国,四国,0,0,0,0
20260210B01,中国,九州,417.931,0,196.138,0
20260210B02,北海道,東北,70.279,0,0,0
20260210B02,東北,東京,39,2127.9,0,0
20260210B02,東京,中部,0,0,0,0
20260210B02,中部,関西,1206.989,500,90.239,0
20260210B02,中部,北陸,0,0,0,0
20260210B02,北陸,関西,1710,0,0.97,0
20260210B02,関西,中国,2934,2684.5,91.856,0
20260210B02,関西_関西-中国間(東),中国_関西-中国間(東),2934,2684.5,91.856,0
20260210B02,関西_関西-中国間(西),中国_関西-中国間(西),2934,2684.5,91.856,0
20260210B02,関西,四国,0,0,0,0
20260210B02,中国,四国,0,264,0,0
20260210B02,中国,九州,447.931,0,161.076,0
20260210B03,北海道,東北,150,0,0,0
20260210B03,東北,東京,0,2127.9,0,171.784
20260210B03,東京,中部,720,0,309.691,0
20260210B03,中部,関西,1192.184,273.563,213.417,0
20260210B03,中部,北陸,0,0,0,0
20260210B03,北陸,関西,1712.414,0,29,0
20260210B03,関西,中国,2934,2229.5,238.97,18.553
20260210B03,関西_関西-中国間(東),中国_関西-中国間(東),2934,2229.5,238.97,18.553
20260210B03,関西_関西-中国間(西),中国_関西-中国間(西),2934,2229.5,238.97,18.553
20260210B03,関西,四国,0,0,0,0
20260210B03,中国,四国,0,264,0,0
20260210B03,中国,九州,379.54,0,222.955,0
20260210B04,北海道,東北,11.414,120.299,0,34
20260210B04,東北,東京,0,45.897,0,34
20260210B04,東京,中部,0,0,0,0
20260210B04,中部,関西,613.816,120.69,109.299,31.648
20260210B04,中部,北陸,0,0,0,0
20260210B04,北陸,関西,1717.241,241.379,32,32
20260210B04,関西,中国,2934,1319.5,512.725,35.401
20260210B04,関西_関西-中国間(東),中国_関西-中国間(東),2934,1319.5,512.725,35.401
20260210B04,関西_関西-中国間(西),中国_関西-中国間(西),2934,1319.5,512.725,35.401
20260210B04,関西,四国,0,0,0,0
20260210B04,中国,四国,0,36,0,0
20260210B04,中国,九州,212.759,0,212.759,0
20260210B05,北海道,東北,9.69,44.72,0,44.72
20260210B05,東北,東京,0,2127.9,0,0
20260210B05,東京,中部,330,0,0,0
20260210B05,中部,関西,566.159,120.69,17.652,0
20260210B05,中部,北陸,0,0,0,0
20260210B05,北陸,関西,1717.241,241.379,28,28
20260210B05,関西,中国,2934,1183,127.163,40.287
20260210B05,関西_関西-中国間(東),中国_関西-中国間(東),2934,1183,127.163,40.287
20260210B05,関西_関西-中国間(西),中国_関西-中国間(西),2934,1183,127.163,40.287
20260210B05,関西,四国,0,0,0,0
20260210B05,中国,四国,0,0,0,0
20260210B05,中国,九州,212.759,54.54,7.469,0
20260210B06,北海道,東北,11.414,6.241,0,0
20260210B06,東北,東京,0,2127.9,0,62
20260210B06,東京,中部,900,0,302.32,0
20260210B06,中部,関西,945.908,120.69,77.147,0
20260210B06,中部,北陸,0,0,0,0
20260210B06,北陸,関西,1717.241,241.379,36,28
20260210B06,関西,中国,2934,1592.5,229.398,0
20260210B06,関西_関西-中国間(東),中国_関西-中国間(東),2934,1592.5,229.398,0
20260210B06,関西_関西-中国間(西),中国_関西-中国間(西),2934,1592.5,229.398,0
20260210B06,関西,四国,0,0,0,0
20260210B06,中国,四国,0,36,0,0
20260210B06,中国,九州,282.759,25.805,137,0
20260210B07,北海道,東北,14.862,3.724,0,0
20260210B07,東北,東京,0,2127.9,0,78
20260210B07,東京,中部,855,0,94.571,0
20260210B07,中部,関西,1310.649,120.69,19.571,0
20260210B07,中部,北陸,0,0,0,0
20260210B07,北陸,関西,1717.241,241.379,49,41
20260210B07,関西,中国,2934,1868.043,158.98,46.287
20260210B07,関西_関西-中国間(東),中国_関西-中国間(東),2934,1868.043,158.98,46.287
20260210B07,関西_関西-中国間(西),中国_関西-中国間(西),2934,1868.043,158.98,46.287
20260210B07,関西,四国,0,0,0,0
20260210B07,中国,四国,0,216,0,0
20260210B07,中国,九州,522.759,0,98,0
20260210B08,北海道,東北,117.502,0,0,0
20260210B08,東北,東京,0,2127.9,0,0
20260210B08,東京,中部,675,0,56.561,0
20260210B08,中部,関西,1127.741,373.563,60.387,102
20260210B08,中部,北陸,0,0,0,0
20260210B08,北陸,関西,1712.414,0,20,0
20260210B08,関西,中国,2934,1414.069,116.97,38.251
20260210B08,関西_関西-中国間(東),中国_関西-中国間(東),2934,1414.069,116.97,38.251
20260210B08,関西_関西-中国間(西),中国_関西-中国間(西),2934,1414.069,116.97,38.251
20260210B08,関西,四国,0,0,0,0
20260210B08,中国,四国,0,0,0,0
20260210B08,中国,九州,429.172,0,123.454,0
20260211B01,北海道,東北,34.901,2.448,0,2.448
20260211B01,東北,東京,39,2127.9,0,0
20260211B01,東京,中部,165,0,0,0
20260211B01,中部,関西,965.385,500,91.016,0
20260211B01,中部,北陸,0,0,0,0
20260211B01,北陸,関西,1710,0,4,0
20260211B01,関西,中国,2934,2229.5,160.742,0
20260211B01,関西_関西-中国間(東),中国_関西-中国間(東),2934,2229.5,160.742,0
20260211B01,関西_関西-中国間(西),中国_関西-中国間(西),2934,2229.5,160.742,0
20260211B01,関西,四国,0,0,0,0
20260211B01,中国,四国,0,0,0,0
20260211B01,中国,九州,367.931,0,225.052,0
20260211B02,北海道,東北,70.279,2.448,0,2
20260211B02,東北,東京,39,2127.9,0,0
20260211B02,東京,中部,0,0,0,0
20260211B02,中部,関西,1036.989,500,97.275,0
20260211B02,中部,北陸,0,0,0,0
20260211B02,北陸,関西,1710,0,9,0
20260211B02,関西,中国,2934,2684.5,108.74,0
20260211B02,関西_関西-中国間(東),中国_関西-中国間(東),2934,2684.5,108.74,0
20260211B02,関西_関西-中国間(西),中国_関西-中国間(西),2934,2684.5,108.74,0
20260211B02,関西,四国,0,0,0,0
20260211B02,中国,四国,0,264,0,0
20260211B02,中国,九州,407.931,0,164,0
20260211B03,北海道,東北,150,0,0,0
20260211B03,東北,東京,0,2127.9,0,240
20260211B03,東京,中部,720,0,279.866,0
20260211B03,中部,関西,802.184,0,211.517,0
20260211B03,中部,北陸,0,0,0,0
20260211B03,北陸,関西,1462.414,0,29,0
20260211B03,関西,中国,2934,2229.5,238.97,4.212
20260211B03,関西_関西-中国間(東),中国_関西-中国間(東),2934,2229.5,238.97,4.212
20260211B03,関西_関西-中国間(西),中国_関西-中国間(西),2934,2229.5,238.97,4.212
20260211B03,関西,四国,0,0,0,0
20260211B03,中国,四国,0,264,0,0
20260211B03,中国,九州,259.54,0,209.726,0
20260211B04,北海道,東北,1.414,110.299,0,34
20260211B04,東北,東京,0,45.897,0,0
20260211B04,東京,中部,0,0,0,0
20260211B04,中部,関西,253.816,0,19.651,0
20260211B04,中部,北陸,0,0,0,0
20260211B04,北陸,関西,1467.241,0,8,0
20260211B04,関西,中国,2934,1319.5,419.95,7.569
20260211B04,関西_関西-中国間(東),中国_関西-中国間(東),2934,1319.5,419.95,7.569
20260211B04,関西_関西-中国間(西),中国_関西-中国間(西),2934,1319.5,419.95,7.569
20260211B04,関西,四国,0,0,0,0
20260211B04,中国,四国,0,36,0,0
20260211B04,中国,九州,102.759,0,100,0
20260211B05,北海道,東北,0,34.72,0,34.72
20260211B05,東北,東京,0,2127.9,0,0
20260211B05,東京,中部,330,0,0,0
20260211B05,中部,関西,226.159,0,17.652,0
20260211B05,中部,北陸,0,0,0,0
20260211B05,北陸,関西,1467.241,0,7,0
20260211B05,関西,中国,2934,1183,111.313,19.287
20260211B05,関西_関西-中国間(東),中国_関西-中国間(東),2934,1183,111.313,19.287
20260211B05,関西_関西-中国間(西),中国_関西-中国間(西),2934,1183,111.313,19.287
20260211B05,関西,四国,0,0,0,0
20260211B05,中国,四国,0,0,0,0
20260211B05,中国,九州,102.759,0,59.186,0
20260211B06,北海道,東北,1.414,0,0,0
20260211B06,東北,東京,0,2127.9,0,62
20260211B06,東京,中部,900,0,426.691,0
20260211B06,中部,関西,555.908,0,371.518,0
20260211B06,中部,北陸,0,0,0,0
20260211B06,北陸,関西,1467.241,0,8,0
20260211B06,関西,中国,2934,1592.5,289.97,0
20260211B06,関西_関西-中国間(東),中国_関西-中国間(東),2934,1592.5,289.97,0
20260211B06,関西_関西-中国間(西),中国_関西-中国間(西),2934,1592.5,289.97,0
20260211B06,関西,四国,0,0,0,0
20260211B06,中国,四国,0,36,0,0
20260211B06,中国,九州,172.759,0,164.569,0
20260211B07,北海道,東北,4.862,0,0,0
20260211B07,東北,東京,0,2127.9,0,78
20260211B07,東京,中部,855,0,185.891,0
20260211B07,中部,関西,1170.649,0,250.718,0
20260211B07,中部,北陸,0,0,0,0
20260211B07,北陸,関西,1467.241,0,8,0
20260211B07,関西,中国,2934,1868.043,158.97,51.477
20260211B07,関西_関西-中国間(東),中国_関西-中国間(東),2934,1868.043,158.97,51.477
20260211B07,関西_関西-中国間(西),中国_関西-中国間(西),2934,1868.043,158.97,51.477
20260211B07,関西,四国,0,0,0,0
20260211B07,中国,四国,0,216,0,0
20260211B07,中国,九州,462.759,0,98,0
20260211B08,北海道,東北,107.502,0,0,0
20260211B08,東北,東京,0,2127.9,0,0
20260211B08,東京,中部,675,0,0,0
20260211B08,中部,関西,987.741,0,37.956,0
20260211B08,中部,北陸,0,0,0,0
20260211B08,北陸,関西,1462.414,0,0,0
20260211B08,関西,中国,2934,1414.069,116.97,0
20260211B08,関西_関西-中国間(東),中国_関西-中国間(東),2934,1414.069,116.97,0
20260211B08,関西_関西-中国間(西),中国_関西-中国間(西),2934,1414.069,116.97,0
20260211B08,関西,四国,0,0,0,0
20260211B08,中国,四国,0,0,0,0
20260211B08,中国,九州,389.172,0,54,0
20260212B01,北海道,東北,34.901,0,0,0
20260212B01,東北,東京,39,2127.9,0,0
20260212B01,東京,中部,165,0,0,0
20260212B01,中部,関西,965.385,0,93.265,0
20260212B01,中部,北陸,0,0,0,0
20260212B01,北陸,関西,1710,0,0,0
20260212B01,関西,中国,2934,2229.5,192.032,0
20260212B01,関西_関西-中国間(東),中国_関西-中国間(東),2934,2229.5,192.032,0
20260212B01,関西_関西-中国間(西),中国_関西-中国間(西),2934,2229.5,192.032,0
20260212B01,関西,四国,0,0,0,0
20260212B01,中国,四国,0,0,0,0
20260212B01,中国,九州,367.931,0,211.851,0
20260212B02,北海道,東北,70.279,0,0,0
20260212B02,東北,東京,39,2127.9,0,0
20260212B02,東京,中部,0,0,0,0
20260212B02,中部,関西,1036.989,0,83.98,0
20260212B02,中部,北陸,0,0,0,0
20260212B02,北陸,関西,1710,0,0,0
20260212B02,関西,中国,2934,2684.5,139.673,0
20260212B02,関西_関西-中国間(東),中国_関西-中国間(東),2934,2684.5,139.673,0
20260212B02,関西_関西-中国間(西),中国_関西-中国間(西),2934,2684.5,139.673,0
20260212B02,関西,四国,0,0,0,0
20260212B02,中国,四国,0,264,0,0
20260212B02,中国,九州,407.931,0,152.272,0
20260212B03,北海道,東北,150,0,0,0
20260212B03,東北,東京,0,2127.9,0,126
20260212B03,東京,中部,720,0,132.36,0
20260212B03,中部,関西,1002.184,0,115.011,0
20260212B03,中部,北陸,0,0,0,0
20260212B03,北陸,関西,1712.414,0,29,0
20260212B03,関西,中国,2934,2229.5,142.464,21.389
20260212B03,関西_関西-中国間(東),中国_関西-中国間(東),2934,2229.5,142.464,21.389
20260212B03,関西_関西-中国間(西),中国_関西-中国間(西),2934,2229.5,142.464,21.389
20260212B03,関西,四国,0,0,0,0
20260212B03,中国,四国,0,264,0,0
20260212B03,中国,九州,379.54,0,177.722,0
20260212B04,北海道,東北,11.414,120.299,0,34
20260212B04,東北,東京,0,45.897,0,0
20260212B04,東京,中部,0,0,0,0
20260212B04,中部,関西,613.816,120.69,19.651,100
20260212B04,中部,北陸,0,0,0,0
20260212B04,北陸,関西,1717.241,241.379,32,24
20260212B04,関西,中国,2934,1319.5,388.9,37.203
20260212B04,関西_関西-中国間(東),中国_関西-中国間(東),2934,1319.5,388.9,37.203
20260212B04,関西_関西-中国間(西),中国_関西-中国間(西),2934,1319.5,388.9,37.203
20260212B04,関西,四国,0,0,0,0
20260212B04,中国,四国,0,36,0,0
20260212B04,中国,九州,212.759,0,212.759,0
20260212B05,北海道,東北,9.69,44.72,0,44.72
20260212B05,東北,東京,0,2127.9,0,0
20260212B05,東京,中部,330,0,0,0
20260212B05,中部,関西,566.159,120.69,17.652,0
20260212B05,中部,北陸,0,0,0,0
20260212B05,北陸,関西,1717.241,241.379,28,28
20260212B05,関西,中国,2934,1183,125.223,40.287
20260212B05,関西_関西-中国間(東),中国_関西-中国間(東),2934,1183,125.223,40.287
20260212B05,関西_関西-中国間(西),中国_関西-中国間(西),2934,1183,125.223,40.287
20260212B05,関西,四国,0,0,0,0
20260212B05,中国,四国,0,0,0,0
20260212B05,中国,九州,212.759,54.54,37.209,0
20260212B06,北海道,東北,11.414,6.241,11.414,0
20260212B06,東北,東京,0,2127.9,0,50.586
20260212B06,東京,中部,900,0,87.958,0
20260212B06,中部,関西,945.908,120.69,64.3,120.69
20260212B06,中部,北陸,0,0,0,0
20260212B06,北陸,関西,1717.241,241.379,36,28
20260212B06,関西,中国,2934,1592.5,0,93.114
20260212B06,関西_関西-中国間(東),中国_関西-中国間(東),2934,1592.5,0,93.114
20260212B06,関西_関西-中国間(西),中国_関西-中国間(西),2934,1592.5,0,93.114
20260212B06,関西,四国,0,0,0,0
20260212B06,中国,四国,0,36,0,0
20260212B06,中国,九州,282.759,25.805,143.166,0
20260212B07,北海道,東北,14.862,3.724,0,0
20260212B07,東北,東京,0,2127.9,0,78
20260212B07,東京,中部,855,0,0,0
20260212B07,中部,関西,1310.649,120.69,239.827,0
20260212B07,中部,北陸,0,0,0,0
20260212B07,北陸,関西,1717.241,241.379,45.958,68
20260212B07,関西,中国,2934,1868.043,158.97,109.705
20260212B07,関西_関西-中国間(東),中国_関西-中国間(東),2934,1868.043,158.97,109.705
20260212B07,関西_関西-中国間(西),中国_関西-中国間(西),2934,1868.043,158.97,109.705
20260212B07,関西,四国,0,0,0,0
20260212B07,中国,四国,0,216,0,0
20260212B07,中国,九州,522.759,0,98,0
20260212B08,北海道,東北,117.502,0,0,0
20260212B08,東北,東京,0,2127.9,0,0
20260212B08,東京,中部,675,0,0,0
20260212B08,中部,関西,1127.741,373.563,55.023,0
20260212B08,中部,北陸,0,0,0,0
20260212B08,北陸,関西,1712.414,0,0,0
20260212B08,関西,中国,2934,1414.069,116.97,7.962
20260212B08,関西_関西-中国間(東),中国_関西-中国間(東),2934,1414.069,116.97,7.962
20260212B08,関西_関西-中国間(西),中国_関西-中国間(西),2934,1414.069,116.97,7.962
20260212B08,関西,四国,0,0,0,0
20260212B08,中国,四国,0,0,0,0
20260212B08,中国,九州,429.172,0,153.743,0
20260213B01,北海道,東北,34.901,0,0,0
20260213B01,東北,東京,39,2127.9,0,0
20260213B01,東京,中部,165,0,0,0
20260213B01,中部,関西,1125.385,500,113.448,0
20260213B01,中部,北陸,0,0,0,0
20260213B01,北陸,関西,1710,0,0,0
20260213B01,関西,中国,2934,2229.5,179.174,0
20260213B01,関西_関西-中国間(東),中国_関西-中国間(東),2934,2229.5,179.174,0
20260213B01,関西_関西-中国間(西),中国_関西-中国間(西),2934,2229.5,179.174,0
20260213B01,関西,四国,0,0,0,0
20260213B01,中国,四国,0,0,0,0
20260213B01,中国,九州,417.931,0,257.261,0
20260213B02,北海道,東北,70.279,0,0,0
20260213B02,東北,東京,39,2127.9,0,0
20260213B02,東京,中部,0,0,0,0
20260213B02,中部,関西,1206.989,500,80.21,0
20260213B02,中部,北陸,0,0,0,0
20260213B02,北陸,関西,1710,0,9,0
20260213B02,関西,中国,2934,2684.5,92.707,0
20260213B02,関西_関西-中国間(東),中国_関西-中国間(東),2934,2684.5,92.707,0
20260213B02,関西_関西-中国間(西),中国_関西-中国間(西),2934,2684.5,92.707,0
20260213B02,関西,四国,0,0,0,0
20260213B02,中国,四国,0,264,0,0
20260213B02,中国,九州,447.931,0,162.076,0
20260213B03,北海道,東北,150,0,0,0
20260213B03,東北,東京,0,2127.9,0,126
20260213B03,東京,中部,720,0,50.332,0
20260213B03,中部,関西,1192.184,273.563,158.011,82.028
20260213B03,中部,北陸,0,0,0,0
20260213B03,北陸,関西,1712.414,0,29,0
20260213B03,関西,中国,2934,2229.5,110.955,13.555
20260213B03,関西_関西-中国間(東),中国_関西-中国間(東),2934,2229.5,110.955,13.555
20260213B03,関西_関西-中国間(西),中国_関西-中国間(西),2934,2229.5,110.955,13.555
20260213B03,関西,四国,0,0,0,0
20260213B03,中国,四国,0,264,0,0
20260213B03,中国,九州,379.54,0,221.669,0
20260213B04,北海道,東北,11.414,120.299,0,34
20260213B04,東北,東京,0,45.897,0,0
20260213B04,東京,中部,0,0,0,0
20260213B04,中部,関西,613.816,120.69,53.826,62.175
20260213B04,中部,北陸,0,0,0,0
20260213B04,北陸,関西,1717.241,241.379,32,32
20260213B04,関西,中国,2934,1319.5,426.725,35.401
20260213B04,関西_関西-中国間(東),中国_関西-中国間(東),2934,1319.5,426.725,35.401
20260213B04,関西_関西-中国間(西),中国_関西-中国間(西),2934,1319.5,426.725,35.401
20260213B04,関西,四国,0,0,0,0
20260213B04,中国,四国,0,36,0,0
20260213B04,中国,九州,212.759,0,212.759,0
20260213B05,北海道,東北,9.69,44.72,0,44.72
20260213B05,東北,東京,0,2127.9,0,0
20260213B05,東京,中部,330,0,40.253,0
20260213B05,中部,関西,566.159,120.69,57.905,0
20260213B05,中部,北陸,0,0,0,0
20260213B05,北陸,関西,1717.241,241.379,28,21
20260213B05,関西,中国,2934,1183,143.23,47.998
20260213B05,関西_関西-中国間(東),中国_関西-中国間(東),2934,1183,143.23,47.998
20260213B05,関西_関西-中国間(西),中国_関西-中国間(西),2934,1183,143.23,47.998
20260213B05,関西,四国,0,0,0,0
20260213B05,中国,四国,0,0,0,0
20260213B05,中国,九州,212.759,54.54,185.205,0
20260213B06,北海道,東北,11.414,6.241,11.414,0
20260213B06,東北,東京,0,2127.9,0,50.586
20260213B06,東京,中部,900,0,87.958,0
20260213B06,中部,関西,945.908,120.69,107.3,120.69
20260213B06,中部,北陸,0,0,0,0
20260213B06,北陸,関西,1717.241,241.379,36,28
20260213B06,関西,中国,2934,1592.5,0,96.423
20260213B06,関西_関西-中国間(東),中国_関西-中国間(東),2934,1592.5,0,96.423
20260213B06,関西_関西-中国間(西),中国_関西-中国間(西),2934,1592.5,0,96.423
20260213B06,関西,四国,0,0,0,0
20260213B06,中国,四国,0,36,0,0
20260213B06,中国,九州,282.759,25.805,144.381,0
20260213B07,北海道,東北,14.862,3.724,0,0
20260213B07,東北,東京,0,2127.9,0,78
20260213B07,東京,中部,855,0,58.118,0
20260213B07,中部,関西,1310.649,120.69,19.571,0
20260213B07,中部,北陸,0,0,0,0
20260213B07,北陸,関西,1717.241,241.379,49,41
20260213B07,関西,中国,2934,1868.043,158.98,46.287
20260213B07,関西_関西-中国間(東),中国_関西-中国間(東),2934,1868.043,158.98,46.287
20260213B07,関西_関西-中国間(西),中国_関西-中国間(西),2934,1868.043,158.98,46.287
20260213B07,関西,四国,0,0,0,0
20260213B07,中国,四国,0,216,0,0
20260213B07,中国,九州,522.759,0,98,0
20260213B08,北海道,東北,117.502,0,0,0
20260213B08,東北,東京,0,2127.9,0,0
20260213B08,東京,中部,675,0,102,0
20260213B08,中部,関西,1127.741,373.563,3.826,0
20260213B08,中部,北陸,0,0,0,0
20260213B08,北陸,関西,1712.414,0,0,0
20260213B08,関西,中国,2934,1414.069,116.97,30.705
20260213B08,関西_関西-中国間(東),中国_関西-中国間(東),2934,1414.069,116.97,30.705
20260213B08,関西_関西-中国間(西),中国_関西-中国間(西),2934,1414.069,116.97,30.705
20260213B08,関西,四国,0,0,0,0
20260213B08,中国,四国,0,0,0,0
20260213B08,中国,九州,429.172,0,131,0
20260214B01,北海道,東北,34.901,2.448,0,2.448
20260214B01,東北,東京,0,2127.9,0,0
20260214B01,東京,中部,165,0,0,0
20260214B01,中部,関西,965.385,500,175.16,0
20260214B01,中部,北陸,0,0,0,0
20260214B01,北陸,関西,1710,0,0,0
20260214B01,関西,中国,2934,2229.5,154.677,0
20260214B01,関西_関西-中国間(東),中国_関西-中国間(東),2934,2229.5,154.677,0
20260214B01,関西_関西-中国間(西),中国_関西-中国間(西),2934,2229.5,154.677,0
20260214B01,関西,四国,0,0,0,0
20260214B01,中国,四国,0,0,0,0
20260214B01,中国,九州,367.931,0,203.11,0
20260214B02,北海道,東北,70.279,2.448,0,2
20260214B02,東北,東京,0,2127.9,0,0
20260214B02,東京,中部,0,0,0,0
20260214B02,中部,関西,1036.989,500,109.033,0
20260214B02,中部,北陸,0,0,0,0
20260214B02,北陸,関西,1710,0,9,0
20260214B02,関西,中国,2934,2684.5,130.296,0
20260214B02,関西_関西-中国間(東),中国_関西-中国間(東),2934,2684.5,130.296,0
20260214B02,関西_関西-中国間(西),中国_関西-中国間(西),2934,2684.5,130.296,0
20260214B02,関西,四国,0,0,0,0
20260214B02,中国,四国,0,264,0,0
20260214B02,中国,九州,407.931,0,171.489,0
20260214B03,北海道,東北,150,0,0,0
20260214B03,東北,東京,0,2127.9,0,151
20260214B03,東京,中部,720,0,316.63,0
20260214B03,中部,関西,802.184,273.563,434.876,0
20260214B03,中部,北陸,0,0,0,0
20260214B03,北陸,関西,1462.414,0,8,0
20260214B03,関西,中国,2934,2229.5,238.97,34.93
20260214B03,関西_関西-中国間(東),中国_関西-中国間(東),2934,2229.5,238.97,34.93
20260214B03,関西_関西-中国間(西),中国_関西-中国間(西),2934,2229.5,238.97,34.93
20260214B03,関西,四国,0,0,0,0
20260214B03,中国,四国,0,264,0,0
20260214B03,中国,九州,259.54,0,163.141,0
20260214B04,北海道,東北,1.414,110.299,0,34
20260214B04,東北,東京,0,45.897,0,0
20260214B04,東京,中部,0,0,0,0
20260214B04,中部,関西,253.816,120.69,18.663,100
20260214B04,中部,北陸,0,0,0,0
20260214B04,北陸,関西,1467.241,0,0,0
20260214B04,関西,中国,2934,1319.5,152.405,0
20260214B04,関西_関西-中国間(東),中国_関西-中国間(東),2934,1319.5,152.405,0
20260214B04,関西_関西-中国間(西),中国_関西-中国間(西),2934,1319.5,152.405,0
20260214B04,関西,四国,0,0,0,0
20260214B04,中国,四国,0,36,0,0
20260214B04,中国,九州,102.759,0,4.429,0
20260214B05,北海道,東北,0,34.72,0,34.72
20260214B05,東北,東京,0,2127.9,0,0
20260214B05,東京,中部,330,0,111.3,0
20260214B05,中部,関西,226.159,120.69,127.964,0
20260214B05,中部,北陸,0,0,0,0
20260214B05,北陸,関西,1467.241,0,4,0
20260214B05,関西,中国,2934,1183,14.387,30.268
20260214B05,関西_関西-中国間(東),中国_関西-中国間(東),2934,1183,14.387,30.268
20260214B05,関西_関西-中国間(西),中国_関西-中国間(西),2934,1183,14.387,30.268
20260214B05,関西,四国,0,0,0,0
20260214B05,中国,四国,0,0,0,0
20260214B05,中国,九州,102.759,0,47.548,0
20260214B06,北海道,東北,1.414,0,0,0
20260214B06,東北,東京,0,2127.9,0,62
20260214B06,東京,中部,900,0,205.622,0
20260214B06,中部,関西,555.908,120.69,165.286,0
20260214B06,中部,北陸,0,0,0,0
20260214B06,北陸,関西,1467.241,0,8,0
20260214B06,関西,中国,2934,1592.5,65.02,106.96
20260214B06,関西_関西-中国間(東),中国_関西-中国間(東),2934,1592.5,65.02,106.96
20260214B06,関西_関西-中国間(西),中国_関西-中国間(西),2934,1592.5,65.02,106.96
20260214B06,関西,四国,0,0,0,0
20260214B06,中国,四国,0,36,0,0
20260214B06,中国,九州,172.759,0,21,0
20260214B07,北海道,東北,4.862,0,0,0
20260214B07,東北,東京,0,2127.9,0,8
20260214B07,東京,中部,855,0,0,0
20260214B07,中部,関西,1170.649,120.69,393.614,0
20260214B07,中部,北陸,0,0,0,0
20260214B07,北陸,関西,1467.241,0,8,0
20260214B07,関西,中国,2934,1868.043,158.97,48.337
20260214B07,関西_関西-中国間(東),中国_関西-中国間(東),2934,1868.043,158.97,48.337
20260214B07,関西_関西-中国間(西),中国_関西-中国間(西),2934,1868.043,158.97,48.337
20260214B07,関西,四国,0,0,0,0
20260214B07,中国,四国,0,216,0,0
20260214B07,中国,九州,462.759,0,98,0
20260214B08,北海道,東北,107.502,0,0,0
20260214B08,東北,東京,0,2127.9,0,0
20260214B08,東京,中部,675,0,0,0
20260214B08,中部,関西,987.741,0,252.659,0
20260214B08,中部,北陸,0,0,0,0
20260214B08,北陸,関西,1462.414,0,0,0
20260214B08,関西,中国,2934,1414.069,159.584,0
20260214B08,関西_関西-中国間(東),中国_関西-中国間(東),2934,1414.069,159.584,0
20260214B08,関西_関西-中国間(西),中国_関西-中国間(西),2934,1414.069,159.584,0
20260214B08,関西,四国,0,0,0,0
20260214B08,中国,四国,0,0,0,0
20260214B08,中国,九州,389.172,0,54,0
20260215B01,北海道,東北,34.901,2.448,0,2.448
20260215B01,東北,東京,0,2127.9,0,0
20260215B01,東京,中部,165,0,0,0
20260215B01,中部,関西,965.385,0,290.443,0
20260215B01,中部,北陸,0,0,0,0
20260215B01,北陸,関西,1710,0,4,0
20260215B01,関西,中国,2934,2229.5,272.09,0
20260215B01,関西_関西-中国間(東),中国_関西-中国間(東),2934,2229.5,272.09,0
20260215B01,関西_関西-中国間(西),中国_関西-中国間(西),2934,2229.5,272.09,0
20260215B01,関西,四国,0,0,0,0
20260215B01,中国,四国,0,0,0,0
20260215B01,中国,九州,367.931,0,288.769,0
20260215B02,北海道,東北,70.279,2.448,0,2
20260215B02,東北,東京,0,2127.9,0,0
20260215B02,東京,中部,0,0,0,0
20260215B02,中部,関西,1036.989,0,159.199,0
20260215B02,中部,北陸,0,0,0,0
20260215B02,北陸,関西,1710,0,9,0
20260215B02,関西,中国,2934,2684.5,178.592,0
20260215B02,関西_関西-中国間(東),中国_関西-中国間(東),2934,2684.5,178.592,0
20260215B02,関西_関西-中国間(西),中国_関西-中国間(西),2934,2684.5,178.592,0
20260215B02,関西,四国,0,0,0,0
20260215B02,中国,四国,0,264,0,0
20260215B02,中国,九州,407.931,0,187.051,0
20260215B03,北海道,東北,150,0,0,0
20260215B03,東北,東京,0,2127.9,0,151
20260215B03,東京,中部,720,0,451.853,0
20260215B03,中部,関西,802.184,0,347.542,0
20260215B03,中部,北陸,0,0,0,0
20260215B03,北陸,関西,1462.414,0,8,0
20260215B03,関西,中国,2934,2229.5,91.262,0
20260215B03,関西_関西-中国間(東),中国_関西-中国間(東),2934,2229.5,91.262,0
20260215B03,関西_関西-中国間(西),中国_関西-中国間(西),2934,2229.5,91.262,0
20260215B03,関西,四国,0,0,0,0
20260215B03,中国,四国,0,264,0,0
20260215B03,中国,九州,259.54,0,166.337,0
20260215B04,北海道,東北,1.414,110.299,0,34
20260215B04,東北,東京,0,45.897,0,0
20260215B04,東京,中部,0,0,0,0
20260215B04,中部,関西,253.816,0,18.663,0
20260215B04,中部,北陸,0,0,0,0
20260215B04,北陸,関西,1467.241,0,0,0
20260215B04,関西,中国,2934,1319.5,155.175,76.981
20260215B04,関西_関西-中国間(東),中国_関西-中国間(東),2934,1319.5,155.175,76.981
20260215B04,関西_関西-中国間(西),中国_関西-中国間(西),2934,1319.5,155.175,76.981
20260215B04,関西,四国,0,0,0,0
20260215B04,中国,四国,0,36,0,0
20260215B04,中国,九州,102.759,0,0,0
20260215B05,北海道,東北,0,34.72,0,34.72
20260215B05,東北,東京,0,2127.9,0,0
20260215B05,東京,中部,330,0,111.3,0
20260215B05,中部,関西,226.159,0,127.964,0
20260215B05,中部,北陸,0,0,0,0
20260215B05,北陸,関西,1467.241,0,4,0
20260215B05,関西,中国,2934,1183,93.237,113.012
20260215B05,関西_関西-中国間(東),中国_関西-中国間(東),2934,1183,93.237,113.012
20260215B05,関西_関西-中国間(西),中国_関西-中国間(西),2934,1183,93.237,113.012
20260215B05,関西,四国,0,0,0,0
20260215B05,中国,四国,0,0,0,0
20260215B05,中国,九州,102.759,0,48.685,0
20260215B06,北海道,東北,1.414,0,0,0
20260215B06,東北,東京,0,2127.9,0,62
20260215B06,東京,中部,900,0,579.853,0
20260215B06,中部,関西,555.908,0,319.517,0
20260215B06,中部,北陸,0,0,0,0
20260215B06,北陸,関西,1467.241,0,8,0
20260215B06,関西,中国,2934,1592.5,251.208,28.288
20260215B06,関西_関西-中国間(東),中国_関西-中国間(東),2934,1592.5,251.208,28.288
20260215B06,関西_関西-中国間(西),中国_関西-中国間(西),2934,1592.5,251.208,28.288
20260215B06,関西,四国,0,0,0,0
20260215B06,中国,四国,0,36,0,0
20260215B06,中国,九州,172.759,0,137,0
20260215B07,北海道,東北,4.862,0,0,0
20260215B07,東北,東京,0,2127.9,0,8
20260215B07,東京,中部,855,0,0,0
20260215B07,中部,関西,1170.649,0,330.961,0
20260215B07,中部,北陸,0,0,0,0
20260215B07,北陸,関西,1467.241,0,8,0
20260215B07,関西,中国,2934,1868.043,158.97,34.617
20260215B07,関西_関西-中国間(東),中国_関西-中国間(東),2934,1868.043,158.97,34.617
20260215B07,関西_関西-中国間(西),中国_関西-中国間(西),2934,1868.043,158.97,34.617
20260215B07,関西,四国,0,0,0,0
20260215B07,中国,四国,0,216,0,0
20260215B07,中国,九州,462.759,0,111.72,0
20260215B08,北海道,東北,107.502,0,0,0
20260215B08,東北,東京,0,2127.9,0,0
20260215B08,東京,中部,675,0,0,0
20260215B08,中部,関西,987.741,0,285.301,0
20260215B08,中部,北陸,0,0,0,0
20260215B08,北陸,関西,1462.414,0,12.458,0
20260215B08,関西,中国,2934,1414.069,194.022,0
20260215B08,関西_関西-中国間(東),中国_関西-中国間(東),2934,1414.069,194.022,0
20260215B08,関西_関西-中国間(西),中国_関西-中国間(西),2934,1414.069,194.022,0
20260215B08,関西,四国,0,0,0,0
20260215B08,中国,四国,0,0,0,0
20260215B08,中国,九州,389.172,0,123.987,0
20260216B01,北海道,東北,34.901,0,0,0
20260216B01,東北,東京,0,2127.9,0,0
20260216B01,東京,中部,165,0,0,0
20260216B01,中部,関西,965.385,0,195.585,0
20260216B01,中部,北陸,0,0,0,0
20260216B01,北陸,関西,1710,0,4,0
20260216B01,関西,中国,2934,2229.5,179.102,0
20260216B01,関西_関西-中国間(東),中国_関西-中国間(東),2934,2229.5,179.102,0
20260216B01,関西_関西-中国間(西),中国_関西-中国間(西),2934,2229.5,179.102,0
20260216B01,関西,四国,0,0,0,0
20260216B01,中国,四国,0,0,0,0
20260216B01,中国,九州,367.931,0,195.781,0
20260216B02,北海道,東北,70.279,0,0,0
20260216B02,東北,東京,0,2127.9,0,0
20260216B02,東京,中部,0,0,0,0
20260216B02,中部,関西,1036.989,0,129.873,0
20260216B02,中部,北陸,0,0,0,0
20260216B02,北陸,関西,1710,0,9,0
20260216B02,関西,中国,2934,2684.5,152.986,0
20260216B02,関西_関西-中国間(東),中国_関西-中国間(東),2934,2684.5,152.986,0
20260216B02,関西_関西-中国間(西),中国_関西-中国間(西),2934,2684.5,152.986,0
20260216B02,関西,四国,0,0,0,0
20260216B02,中国,四国,0,264,0,0
20260216B02,中国,九州,407.931,0,162.445,0
20260216B03,北海道,東北,150,0,0,0
20260216B03,東北,東京,0,2127.9,0,204
20260216B03,東京,中部,720,0,540.262,0
20260216B03,中部,関西,1002.184,0,279.262,0
20260216B03,中部,北陸,0,0,0,0
20260216B03,北陸,関西,1712.414,0,29,0
20260216B03,関西,中国,2934,2229.5,91.262,1.8
20260216B03,関西_関西-中国間(東),中国_関西-中国間(東),2934,2229.5,91.262,1.8
20260216B03,関西_関西-中国間(西),中国_関西-中国間(西),2934,2229.5,91.262,1.8
20260216B03,関西,四国,0,0,0,0
20260216B03,中国,四国,0,264,0,0
20260216B03,中国,九州,379.54,0,164.537,0
20260216B04,北海道,東北,11.414,120.299,0,34
20260216B04,東北,東京,0,45.897,0,0
20260216B04,東京,中部,0,0,0,0
20260216B04,中部,関西,613.816,120.69,18.663,100
20260216B04,中部,北陸,0,0,0,0
20260216B04,北陸,関西,1717.241,241.379,32,24
20260216B04,関西,中国,2934,1319.5,208.268,23.268
20260216B04,関西_関西-中国間(東),中国_関西-中国間(東),2934,1319.5,208.268,23.268
20260216B04,関西_関西-中国間(西),中国_関西-中国間(西),2934,1319.5,208.268,23.268
20260216B04,関西,四国,0,0,0,0
20260216B04,中国,四国,0,36,0,0
20260216B04,中国,九州,212.759,0,40.275,0
20260216B05,北海道,東北,9.69,44.72,0,44.72
20260216B05,東北,東京,0,2127.9,0,0
20260216B05,東京,中部,330,0,182.5,0
20260216B05,中部,関西,566.159,120.69,199.164,0
20260216B05,中部,北陸,0,0,0,0
20260216B05,北陸,関西,1717.241,241.379,20.813,18.593
20260216B05,関西,中国,2934,1183,92.589,44.081
20260216B05,関西_関西-中国間(東),中国_関西-中国間(東),2934,1183,92.589,44.081
20260216B05,関西_関西-中国間(西),中国_関西-中国間(西),2934,1183,92.589,44.081
20260216B05,関西,四国,0,0,0,0
20260216B05,中国,四国,0,0,0,0
20260216B05,中国,九州,212.759,54.54,31,0
20260216B06,北海道,東北,11.414,6.241,0,0
20260216B06,東北,東京,0,2127.9,0,62
20260216B06,東京,中部,900,0,208.21,0
20260216B06,中部,関西,945.908,120.69,257.794,0.438
20260216B06,中部,北陸,0,0,0,0
20260216B06,北陸,関西,1717.241,241.379,36,28
20260216B06,関西,中国,2934,1592.5,0,47.395
20260216B06,関西_関西-中国間(東),中国_関西-中国間(東),2934,1592.5,0,47.395
20260216B06,関西_関西-中国間(西),中国_関西-中国間(西),2934,1592.5,0,47.395
20260216B06,関西,四国,0,0,0,0
20260216B06,中国,四国,0,36,0,0
20260216B06,中国,九州,282.759,25.805,71.099,0
20260216B07,北海道,東北,14.862,3.724,0,0
20260216B07,東北,東京,0,2127.9,0,8
20260216B07,東京,中部,855,0,0,0
20260216B07,中部,関西,1310.649,120.69,274.248,0
20260216B07,中部,北陸,0,0,0,0
20260216B07,北陸,関西,1717.241,241.379,0,0
20260216B07,関西,中国,2934,1868.043,60.98,0
20260216B07,関西_関西-中国間(東),中国_関西-中国間(東),2934,1868.043,60.98,0
20260216B07,関西_関西-中国間(西),中国_関西-中国間(西),2934,1868.043,60.98,0
20260216B07,関西,四国,0,0,0,0
20260216B07,中国,四国,0,216,0,0
20260216B07,中国,九州,522.759,0,0,0
20260216B08,北海道,東北,117.502,0,0,0
20260216B08,東北,東京,0,2127.9,0,0
20260216B08,東京,中部,675,0,0,0
20260216B08,中部,関西,1127.741,373.563,111.933,0
20260216B08,中部,北陸,0,0,0,0
20260216B08,北陸,関西,1712.414,0,0,0
20260216B08,関西,中国,2934,1414.069,10.046,0
20260216B08,関西_関西-中国間(東),中国_関西-中国間(東),2934,1414.069,10.046,0
20260216B08,関西_関西-中国間(西),中国_関西-中国間(西),2934,1414.069,10.046,0
20260216B08,関西,四国,0,0,0,0
20260216B08,中国,四国,0,0,0,0
20260216B08,中国,九州,429.172,0,6.56,0
20260217B01,北海道,東北,34.901,0,0,0
20260217B01,東北,東京,0,2127.9,0,0
20260217B01,東京,中部,165,0,0,0
20260217B01,中部,関西,1125.385,500,124.41,0
20260217B01,中部,北陸,0,0,0,0
20260217B01,北陸,関西,1710,0,0,0
20260217B01,関西,中国,2934,2229.5,58.442,0
20260217B01,関西_関西-中国間(東),中国_関西-中国間(東),2934,2229.5,58.442,0
20260217B01,関西_関西-中国間(西),中国_関西-中国間(西),2934,2229.5,58.442,0
20260217B01,関西,四国,0,0,0,0
20260217B01,中国,四国,0,0,0,0
20260217B01,中国,九州,417.931,0,22.248,0
20260217B02,北海道,東北,70.279,0,0,0
20260217B02,東北,東京,0,2127.9,0,0
20260217B02,東京,中部,0,0,0,0
20260217B02,中部,関西,1206.989,500,135.078,0
20260217B02,中部,北陸,0,0,0,0
20260217B02,北陸,関西,1710,0,0,0
20260217B02,関西,中国,2934,2684.5,147.251,0
20260217B02,関西_関西-中国間(東),中国_関西-中国間(東),2934,2684.5,147.251,0
20260217B02,関西_関西-中国間(西),中国_関西-中国間(西),2934,2684.5,147.251,0
20260217B02,関西,四国,0,0,0,0
20260217B02,中国,四国,0,264,0,0
20260217B02,中国,九州,447.931,0,104.857,0
20260217B03,北海道,東北,150,0,0,0
20260217B03,東北,東京,0,2127.9,0,179.39
20260217B03,東京,中部,720,0,261.648,0
20260217B03,中部,関西,1192.184,273.563,196.804,0
20260217B03,中部,北陸,0,0,0,0
20260217B03,北陸,関西,1712.414,0,29,0
20260217B03,関西,中国,2934,2229.5,0,0
20260217B03,関西_関西-中国間(東),中国_関西-中国間(東),2934,2229.5,0,0
20260217B03,関西_関西-中国間(西),中国_関西-中国間(西),2934,2229.5,0,0
20260217B03,関西,四国,0,0,0,0
20260217B03,中国,四国,0,264,0,0
20260217B03,中国,九州,379.54,0,0,0
20260217B04,北海道,東北,11.414,120.299,0,34
20260217B04,東北,東京,0,45.897,0,0
20260217B04,東京,中部,0,0,0,0
20260217B04,中部,関西,613.816,120.69,18.663,100
20260217B04,中部,北陸,0,0,0,0
20260217B04,北陸,関西,1717.241,241.379,31.813,23.813
20260217B04,関西,中国,2934,1319.5,208.081,23.081
20260217B04,関西_関西-中国間(東),中国_関西-中国間(東),2934,1319.5,208.081,23.081
20260217B04,関西_関西-中国間(西),中国_関西-中国間(西),2934,1319.5,208.081,23.081
20260217B04,関西,四国,0,0,0,0
20260217B04,中国,四国,0,36,0,0
20260217B04,中国,九州,212.759,0,0,0
20260217B05,北海道,東北,9.69,44.72,0,44.72
20260217B05,東北,東京,0,2127.9,0,0
20260217B05,東京,中部,330,0,192.1,0
20260217B05,中部,関西,566.159,120.69,208.764,0
20260217B05,中部,北陸,0,0,0,0
20260217B05,北陸,関西,1717.241,241.379,28,24.511
20260217B05,関西,中国,2934,1183,76.32,51.268
20260217B05,関西_関西-中国間(東),中国_関西-中国間(東),2934,1183,76.32,51.268
20260217B05,関西_関西-中国間(西),中国_関西-中国間(西),2934,1183,76.32,51.268
20260217B05,関西,四国,0,0,0,0
20260217B05,中国,四国,0,0,0,0
20260217B05,中国,九州,212.759,54.54,31,0
20260217B06,北海道,東北,11.414,6.241,0,0
20260217B06,東北,東京,0,2127.9,0,62
20260217B06,東京,中部,900,0,373.535,0
20260217B06,中部,関西,945.908,120.69,115.099,0
20260217B06,中部,北陸,0,0,0,0
20260217B06,北陸,関西,1717.241,241.379,36,28
20260217B06,関西,中国,2934,1592.5,9.234,151.395
20260217B06,関西_関西-中国間(東),中国_関西-中国間(東),2934,1592.5,9.234,151.395
20260217B06,関西_関西-中国間(西),中国_関西-中国間(西),2934,1592.5,9.234,151.395
20260217B06,関西,四国,0,0,0,0
20260217B06,中国,四国,0,36,0,0
20260217B06,中国,九州,282.759,25.805,0,0
20260217B07,北海道,東北,14.862,3.724,0,0
20260217B07,東北,東京,0,2127.9,0,8
20260217B07,東京,中部,855,0,153.491,0
20260217B07,中部,関西,1310.649,120.69,214.361,0
20260217B07,中部,北陸,0,0,0,0
20260217B07,北陸,関西,1717.241,241.379,8,0
20260217B07,関西,中国,2934,1868.043,60.98,51.887
20260217B07,関西_関西-中国間(東),中国_関西-中国間(東),2934,1868.043,60.98,51.887
20260217B07,関西_関西-中国間(西),中国_関西-中国間(西),2934,1868.043,60.98,51.887
20260217B07,関西,四国,0,0,0,0
20260217B07,中国,四国,0,216,0,0
20260217B07,中国,九州,522.759,0,0,0
20260217B08,北海道,東北,117.502,0,0,0
20260217B08,東北,東京,0,2127.9,0,0
20260217B08,東京,中部,675,0,68.11,0
20260217B08,中部,関西,1127.741,373.563,123.738,0
20260217B08,中部,北陸,0,0,0,0
20260217B08,北陸,関西,1712.414,0,20,0
20260217B08,関西,中国,2934,1414.069,65.98,9.51
20260217B08,関西_関西-中国間(東),中国_関西-中国間(東),2934,1414.069,65.98,9.51
20260217B08,関西_関西-中国間(西),中国_関西-中国間(西),2934,1414.069,65.98,9.51
20260217B08,関西,四国,0,0,0,0
20260217B08,中国,四国,0,0,0,0
20260217B08,中国,九州,429.172,0,0,0
20260218B01,北海道,東北,34.901,0,0,0
20260218B01,東北,東京,0,2127.9,0,0
20260218B01,東京,中部,165,0,0,0
20260218B01,中部,関西,1125.385,500,271.63,0
20260218B01,中部,北陸,0,0,0,0
20260218B01,北陸,関西,1710,0,0,0
20260218B01,関西,中国,2934,2229.5,256.787,0
20260218B01,関西_関西-中国間(東),中国_関西-中国間(東),2934,2229.5,256.787,0
20260218B01,関西_関西-中国間(西),中国_関西-中国間(西),2934,2229.5,256.787,0
20260218B01,関西,四国,0,0,0,0
20260218B01,中国,四国,0,0,0,0
20260218B01,中国,九州,417.931,0,220.663,0
20260218B02,北海道,東北,70.279,0,0,0
20260218B02,東北,東京,0,2127.9,0,0
20260218B02,東京,中部,0,0,0,0
20260218B02,中部,関西,1206.989,500,206.208,0
20260218B02,中部,北陸,0,0,0,0
20260218B02,北陸,関西,1710,0,0.98,0
20260218B02,関西,中国,2934,2684.5,221.301,0
20260218B02,関西_関西-中国間(東),中国_関西-中国間(東),2934,2684.5,221.301,0
20260218B02,関西_関西-中国間(西),中国_関西-中国間(西),2934,2684.5,221.301,0
20260218B02,関西,四国,0,0,0,0
20260218B02,中国,四国,0,264,0,0
20260218B02,中国,九州,447.931,0,177.927,0
20260218B03,北海道,東北,150,0,0,0
20260218B03,東北,東京,0,2127.9,0,204
20260218B03,東京,中部,720,0,258.703,0
20260218B03,中部,関西,1192.184,273.563,449.914,0
20260218B03,中部,北陸,0,0,0,0
20260218B03,北陸,関西,1712.414,0,29,0
20260218B03,関西,中国,2934,2229.5,238.98,0
20260218B03,関西_関西-中国間(東),中国_関西-中国間(東),2934,2229.5,238.98,0
20260218B03,関西_関西-中国間(西),中国_関西-中国間(西),2934,2229.5,238.98,0
20260218B03,関西,四国,0,0,0,0
20260218B03,中国,四国,0,264,0,0
20260218B03,中国,九州,379.54,0,116,0
20260218B04,北海道,東北,0,0,0,0
20260218B04,東北,東京,0,45.897,0,0
20260218B04,東京,中部,0,0,0,0
20260218B04,中部,関西,613.816,120.69,18.663,100
20260218B04,中部,北陸,0,0,0,0
20260218B04,北陸,関西,1717.241,241.379,31.813,23.813
20260218B04,関西,中国,2934,1319.5,208.081,23.081
20260218B04,関西_関西-中国間(東),中国_関西-中国間(東),2934,1319.5,208.081,23.081
20260218B04,関西_関西-中国間(西),中国_関西-中国間(西),2934,1319.5,208.081,23.081
20260218B04,関西,四国,0,0,0,0
20260218B04,中国,四国,0,36,0,0
20260218B04,中国,九州,212.759,0,16.728,0
20260218B05,北海道,東北,0,0,0,0
20260218B05,東北,東京,0,2127.9,0,0
20260218B05,東京,中部,330,0,107.6,0
20260218B05,中部,関西,566.159,120.69,122.404,0
20260218B05,中部,北陸,0,0,0,0
20260218B05,北陸,関西,1717.241,241.379,20.813,13.813
20260218B05,関西,中国,2934,1183,116.173,44.081
20260218B05,関西_関西-中国間(東),中国_関西-中国間(東),2934,1183,116.173,44.081
20260218B05,関西_関西-中国間(西),中国_関西-中国間(西),2934,1183,116.173,44.081
20260218B05,関西,四国,0,0,0,0
20260218B05,中国,四国,0,0,0,0
20260218B05,中国,九州,212.759,54.54,31,0
20260218B06,北海道,東北,11.414,6.241,0,0
20260218B06,東北,東京,0,2127.9,0,62
20260218B06,東京,中部,900,0,421.517,0
20260218B06,中部,関西,945.908,120.69,163.081,0
20260218B06,中部,北陸,0,0,0,0
20260218B06,北陸,関西,1717.241,241.379,36,28
20260218B06,関西,中国,2934,1592.5,0,126.751
20260218B06,関西_関西-中国間(東),中国_関西-中国間(東),2934,1592.5,0,126.751
20260218B06,関西_関西-中国間(西),中国_関西-中国間(西),2934,1592.5,0,126.751
20260218B06,関西,四国,0,0,0,0
20260218B06,中国,四国,0,36,0,0
20260218B06,中国,九州,282.759,25.805,0,0
20260218B07,北海道,東北,14.862,3.724,0,0
20260218B07,東北,東京,0,2127.9,0,8
20260218B07,東京,中部,855,0,256.469,0
20260218B07,中部,関西,1310.649,120.69,198.534,0
20260218B07,中部,北陸,0,0,0,0
20260218B07,北陸,関西,1717.241,241.379,29.511,21.511
20260218B07,関西,中国,2934,1868.043,60.98,57.714
20260218B07,関西_関西-中国間(東),中国_関西-中国間(東),2934,1868.043,60.98,57.714
20260218B07,関西_関西-中国間(西),中国_関西-中国間(西),2934,1868.043,60.98,57.714
20260218B07,関西,四国,0,0,0,0
20260218B07,中国,四国,0,216,0,0
20260218B07,中国,九州,522.759,0,0,0
20260218B08,北海道,東北,117.502,0,0,0
20260218B08,東北,東京,0,2127.9,0,0
20260218B08,東京,中部,675,0,155.038,0
20260218B08,中部,関西,1127.741,373.563,109.98,56.942
20260218B08,中部,北陸,0,0,0,0
20260218B08,北陸,関西,1712.414,0,20,0
20260218B08,関西,中国,2934,1414.069,65.98,80.21
20260218B08,関西_関西-中国間(東),中国_関西-中国間(東),2934,1414.069,65.98,80.21
20260218B08,関西_関西-中国間(西),中国_関西-中国間(西),2934,1414.069,65.98,80.21
20260218B08,関西,四国,0,0,0,0
20260218B08,中国,四国,0,0,0,0
20260218B08,中国,九州,429.172,0,0,0
20260219B01,北海道,東北,34.901,0,0,0
20260219B01,東北,東京,0,2127.9,0,0
20260219B01,東京,中部,165,0,0,0
20260219B01,中部,関西,1125.385,500,267.87,0
20260219B01,中部,北陸,0,0,0,0
20260219B01,北陸,関西,1710,0,0,0
20260219B01,関西,中国,2934,2229.5,247.387,0
20260219B01,関西_関西-中国間(東),中国_関西-中国間(東),2934,2229.5,247.387,0
20260219B01,関西_関西-中国間(西),中国_関西-中国間(西),2934,2229.5,247.387,0
20260219B01,関西,四国,0,0,0,0
20260219B01,中国,四国,0,0,0,0
20260219B01,中国,九州,417.931,0,212.263,0
20260219B02,北海道,東北,70.279,0,0,0
20260219B02,東北,東京,0,2127.9,0,0
20260219B02,東京,中部,0,0,0,0
20260219B02,中部,関西,1206.989,500,196.372,0
20260219B02,中部,北陸,0,0,0,0
20260219B02,北陸,関西,1710,0,0.98,0
20260219B02,関西,中国,2934,2684.5,204.639,0
20260219B02,関西_関西-中国間(東),中国_関西-中国間(東),2934,2684.5,204.639,0
20260219B02,関西_関西-中国間(西),中国_関西-中国間(西),2934,2684.5,204.639,0
20260219B02,関西,四国,0,0,0,0
20260219B02,中国,四国,0,264,0,0
20260219B02,中国,九州,447.931,0,160.265,0
20260219B03,北海道,東北,150,0,0,0
20260219B03,東北,東京,0,2127.9,0,204
20260219B03,東京,中部,720,0,258.703,0
20260219B03,中部,関西,1192.184,273.563,449.914,0
20260219B03,中部,北陸,0,0,0,0
20260219B03,北陸,関西,1712.414,0,29,0
20260219B03,関西,中国,2934,2229.5,238.98,0
20260219B03,関西_関西-中国間(東),中国_関西-中国間(東),2934,2229.5,238.98,0
20260219B03,関西_関西-中国間(西),中国_関西-中国間(西),2934,2229.5,238.98,0
20260219B03,関西,四国,0,0,0,0
20260219B03,中国,四国,0,264,0,0
20260219B03,中国,九州,379.54,0,116,0
20260219B04,北海道,東北,11.414,120.299,0,34
20260219B04,東北,東京,0,45.897,0,0
20260219B04,東京,中部,0,0,0,0
20260219B04,中部,関西,613.816,120.69,18.663,100
20260219B04,中部,北陸,0,0,0,0
20260219B04,北陸,関西,1717.241,241.379,31.813,23.813
20260219B04,関西,中国,2934,1319.5,208.081,23.081
20260219B04,関西_関西-中国間(東),中国_関西-中国間(東),2934,1319.5,208.081,23.081
20260219B04,関西_関西-中国間(西),中国_関西-中国間(西),2934,1319.5,208.081,23.081
20260219B04,関西,四国,0,0,0,0
20260219B04,中国,四国,0,36,0,0
20260219B04,中国,九州,212.759,0,16.728,0
20260219B05,北海道,東北,9.69,44.72,0,44.72
20260219B05,東北,東京,0,2127.9,0,0
20260219B05,東京,中部,330,0,117.2,0
20260219B05,中部,関西,566.159,120.69,133.864,0
20260219B05,中部,北陸,0,0,0,0
20260219B05,北陸,関西,1717.241,241.379,20.813,15.803
20260219B05,関西,中国,2934,1183,138.793,44.081
20260219B05,関西_関西-中国間(東),中国_関西-中国間(東),2934,1183,138.793,44.081
20260219B05,関西_関西-中国間(西),中国_関西-中国間(西),2934,1183,138.793,44.081
20260219B05,関西,四国,0,0,0,0
20260219B05,中国,四国,0,0,0,0
20260219B05,中国,九州,212.759,54.54,55,0
20260219B06,北海道,東北,11.414,6.241,0,0
20260219B06,東北,東京,0,2127.9,0,62
20260219B06,東京,中部,900,0,349.915,0
20260219B06,中部,関西,945.908,120.69,108.544,0
20260219B06,中部,北陸,0,0,0,0
20260219B06,北陸,関西,1717.241,241.379,36,28
20260219B06,関西,中国,2934,1592.5,0,181.288
20260219B06,関西_関西-中国間(東),中国_関西-中国間(東),2934,1592.5,0,181.288
20260219B06,関西_関西-中国間(西),中国_関西-中国間(西),2934,1592.5,0,181.288
20260219B06,関西,四国,0,0,0,0
20260219B06,中国,四国,0,36,0,0
20260219B06,中国,九州,282.759,25.805,0,0
20260219B07,北海道,東北,14.862,3.724,0,0
20260219B07,東北,東京,0,2127.9,0,8
20260219B07,東京,中部,855,0,289.103,0
20260219B07,中部,関西,1310.649,120.69,214.103,0
20260219B07,中部,北陸,0,0,0,0
20260219B07,北陸,関西,1717.241,241.379,8,0
20260219B07,関西,中国,2934,1868.043,61.238,52.145
20260219B07,関西_関西-中国間(東),中国_関西-中国間(東),2934,1868.043,61.238,52.145
20260219B07,関西_関西-中国間(西),中国_関西-中国間(西),2934,1868.043,61.238,52.145
20260219B07,関西,四国,0,0,0,0
20260219B07,中国,四国,0,216,0,0
20260219B07,中国,九州,522.759,0,0,0
20260219B08,北海道,東北,117.502,0,0,0
20260219B08,東北,東京,0,2127.9,0,0
20260219B08,東京,中部,675,0,170.097,0
20260219B08,中部,関西,1127.741,373.563,109.98,41.883
20260219B08,中部,北陸,0,0,0,0
20260219B08,北陸,関西,1712.414,0,20,0
20260219B08,関西,中国,2934,1414.069,65.98,65.151
20260219B08,関西_関西-中国間(東),中国_関西-中国間(東),2934,1414.069,65.98,65.151
20260219B08,関西_関西-中国間(西),中国_関西-中国間(西),2934,1414.069,65.98,65.151
20260219B08,関西,四国,0,0,0,0
20260219B08,中国,四国,0,0,0,0
20260219B08,中国,九州,429.172,0,0,0
20260220B01,北海道,東北,34.901,0,0,0
20260220B01,東北,東京,0,2127.9,0,0
20260220B01,東京,中部,165,0,0,0
20260220B01,中部,関西,1125.385,500,216.675,0
20260220B01,中部,北陸,0,0,0,0
20260220B01,北陸,関西,1710,0,0,0
20260220B01,関西,中国,2934,2229.5,196.192,0
20260220B01,関西_関西-中国間(東),中国_関西-中国間(東),2934,2229.5,196.192,0
20260220B01,関西_関西-中国間(西),中国_関西-中国間(西),2934,2229.5,196.192,0
20260220B01,関西,四国,0,0,0,0
20260220B01,中国,四国,0,0,0,0
20260220B01,中国,九州,417.931,0,160.068,0
20260220B02,北海道,東北,70.279,0,0,0
20260220B02,東北,東京,0,2127.9,0,0
20260220B02,東京,中部,0,0,0,0
20260220B02,中部,関西,1206.989,500,121.861,0
20260220B02,中部,北陸,0,0,0,0
20260220B02,北陸,関西,1710,0,0,0
20260220B02,関西,中国,2934,2684.5,135.974,0
20260220B02,関西_関西-中国間(東),中国_関西-中国間(東),2934,2684.5,135.974,0
20260220B02,関西_関西-中国間(西),中国_関西-中国間(西),2934,2684.5,135.974,0
20260220B02,関西,四国,0,0,0,0
20260220B02,中国,四国,0,264,0,0
20260220B02,中国,九州,447.931,0,93.6,0
20260220B03,北海道,東北,150,0,0,0
20260220B03,東北,東京,0,2127.9,0,166.7
20260220B03,東京,中部,720,0,134.471,0
20260220B03,中部,関西,1192.184,273.563,213.859,58.177
20260220B03,中部,北陸,0,0,0,0
20260220B03,北陸,関西,1712.414,0,29,0
20260220B03,関西,中国,2934,2229.5,106.055,127.177
20260220B03,関西_関西-中国間(東),中国_関西-中国間(東),2934,2229.5,106.055,127.177
20260220B03,関西_関西-中国間(西),中国_関西-中国間(西),2934,2229.5,106.055,127.177
20260220B03,関西,四国,0,0,0,0
20260220B03,中国,四国,0,264,0,0
20260220B03,中国,九州,379.54,0,116,0
20260220B04,北海道,東北,11.414,120.299,0,34
20260220B04,東北,東京,0,45.897,0,0
20260220B04,東京,中部,0,0,0,0
20260220B04,中部,関西,613.816,120.69,18.663,100
20260220B04,中部,北陸,0,0,0,0
20260220B04,北陸,関西,1717.241,241.379,31.813,23.813
20260220B04,関西,中国,2934,1319.5,208.081,23.081
20260220B04,関西_関西-中国間(東),中国_関西-中国間(東),2934,1319.5,208.081,23.081
20260220B04,関西_関西-中国間(西),中国_関西-中国間(西),2934,1319.5,208.081,23.081
20260220B04,関西,四国,0,0,0,0
20260220B04,中国,四国,0,36,0,0
20260220B04,中国,九州,212.759,0,16.728,0
20260220B05,北海道,東北,9.69,44.72,0,44.72
20260220B05,東北,東京,0,2127.9,0,0
20260220B05,東京,中部,330,0,201.7,0
20260220B05,中部,関西,566.159,120.69,218.364,0
20260220B05,中部,北陸,0,0,0,0
20260220B05,北陸,関西,1717.241,241.379,20.813,13.813
20260220B05,関西,中国,2934,1183,70.922,44.081
20260220B05,関西_関西-中国間(東),中国_関西-中国間(東),2934,1183,70.922,44.081
20260220B05,関西_関西-中国間(西),中国_関西-中国間(西),2934,1183,70.922,44.081
20260220B05,関西,四国,0,0,0,0
20260220B05,中国,四国,0,0,0,0
20260220B05,中国,九州,212.759,54.54,31,0
20260220B06,北海道,東北,11.414,6.241,0,0
20260220B06,東北,東京,0,2127.9,0,62
20260220B06,東京,中部,900,0,337.852,0
20260220B06,中部,関西,945.908,120.69,79.416,0
20260220B06,中部,北陸,0,0,0,0
20260220B06,北陸,関西,1717.241,241.379,36,28
20260220B06,関西,中国,2934,1592.5,0,210.416
20260220B06,関西_関西-中国間(東),中国_関西-中国間(東),2934,1592.5,0,210.416
20260220B06,関西_関西-中国間(西),中国_関西-中国間(西),2934,1592.5,0,210.416
20260220B06,関西,四国,0,0,0,0
20260220B06,中国,四国,0,36,0,0
20260220B06,中国,九州,282.759,25.805,0,0
20260220B07,北海道,東北,14.862,3.724,0,0
20260220B07,東北,東京,0,2127.9,0,8
20260220B07,東京,中部,855,0,123.44,0
20260220B07,中部,関西,1310.649,120.69,191.133,0
20260220B07,中部,北陸,0,0,0,0
20260220B07,北陸,関西,1717.241,241.379,36.66,36.864
20260220B07,関西,中国,2934,1868.043,60.97,81.928
20260220B07,関西_関西-中国間(東),中国_関西-中国間(東),2934,1868.043,60.97,81.928
20260220B07,関西_関西-中国間(西),中国_関西-中国間(西),2934,1868.043,60.97,81.928
20260220B07,関西,四国,0,0,0,0
20260220B07,中国,四国,0,216,0,0
20260220B07,中国,九州,522.759,0,12.91,0
20260220B08,北海道,東北,117.502,0,0,0
20260220B08,東北,東京,0,2127.9,0,0
20260220B08,東京,中部,675,0,68.1,0
20260220B08,中部,関西,1127.741,373.563,123.728,0
20260220B08,中部,北陸,0,0,0,0
20260220B08,北陸,関西,1712.414,0,20,0
20260220B08,関西,中国,2934,1414.069,65.97,24.129
20260220B08,関西_関西-中国間(東),中国_関西-中国間(東),2934,1414.069,65.97,24.129
20260220B08,関西_関西-中国間(西),中国_関西-中国間(西),2934,1414.069,65.97,24.129
20260220B08,関西,四国,0,0,0,0
20260220B08,中国,四国,0,0,0,0
20260220B08,中国,九州,429.172,0,57.942,0
20260221B01,北海道,東北,34.901,2.448,0,2.448
20260221B01,東北,東京,0,2127.9,0,0
20260221B01,東京,中部,165,0,0,0
20260221B01,中部,関西,965.385,500,137.041,0
20260221B01,中部,北陸,0,0,0,0
20260221B01,北陸,関西,1710,0,4,0
20260221B01,関西,中国,2934,2229.5,102.935,44.851
20260221B01,関西_関西-中国間(東),中国_関西-中国間(東),2934,2229.5,102.935,44.851
20260221B01,関西_関西-中国間(西),中国_関西-中国間(西),2934,2229.5,102.935,44.851
20260221B01,関西,四国,0,0,0,0
20260221B01,中国,四国,0,0,0,0
20260221B01,中国,九州,367.931,0,120.005,0
20260221B02,北海道,東北,70.279,2.448,0,2
20260221B02,東北,東京,0,2127.9,0,0
20260221B02,東京,中部,0,0,0,0
20260221B02,中部,関西,1036.989,500,131.788,0
20260221B02,中部,北陸,0,0,0,0
20260221B02,北陸,関西,1710,0,9,0
20260221B02,関西,中国,2934,2684.5,37.97,15.163
20260221B02,関西_関西-中国間(東),中国_関西-中国間(東),2934,2684.5,37.97,15.163
20260221B02,関西_関西-中国間(西),中国_関西-中国間(西),2934,2684.5,37.97,15.163
20260221B02,関西,四国,0,0,0,0
20260221B02,中国,四国,0,264,0,0
20260221B02,中国,九州,407.931,0,64,0
20260221B03,北海道,東北,150,0,0,0
20260221B03,東北,東京,0,2127.9,0,187
20260221B03,東京,中部,720,0,125.749,0
20260221B03,中部,関西,802.184,273.563,54.955,89.893
20260221B03,中部,北陸,0,0,0,0
20260221B03,北陸,関西,1462.414,0,29,0
20260221B03,関西,中国,2934,2229.5,122.97,131.048
20260221B03,関西_関西-中国間(東),中国_関西-中国間(東),2934,2229.5,122.97,131.048
20260221B03,関西_関西-中国間(西),中国_関西-中国間(西),2934,2229.5,122.97,131.048
20260221B03,関西,四国,0,0,0,0
20260221B03,中国,四国,0,264,0,0
20260221B03,中国,九州,259.54,0,0,0
20260221B04,北海道,東北,0,0,0,0
20260221B04,東北,東京,0,45.897,0,0
20260221B04,東京,中部,0,0,0,0
20260221B04,中部,関西,253.816,120.69,19.65,100
20260221B04,中部,北陸,0,0,0,0
20260221B04,北陸,関西,1467.241,0,8,0
20260221B04,関西,中国,2934,1319.5,3.386,23.286
20260221B04,関西_関西-中国間(東),中国_関西-中国間(東),2934,1319.5,3.386,23.286
20260221B04,関西_関西-中国間(西),中国_関西-中国間(西),2934,1319.5,3.386,23.286
20260221B04,関西,四国,0,0,0,0
20260221B04,中国,四国,0,36,0,0
20260221B04,中国,九州,102.759,0,0,0
20260221B05,北海道,東北,0,0,0,0
20260221B05,東北,東京,0,2127.9,0,0
20260221B05,東京,中部,330,0,0,0
20260221B05,中部,関西,226.159,120.69,19.65,0
20260221B05,中部,北陸,0,0,0,0
20260221B05,北陸,関西,1467.241,0,7,0
20260221B05,関西,中国,2934,1183,0,44.286
20260221B05,関西_関西-中国間(東),中国_関西-中国間(東),2934,1183,0,44.286
20260221B05,関西_関西-中国間(西),中国_関西-中国間(西),2934,1183,0,44.286
20260221B05,関西,四国,0,0,0,0
20260221B05,中国,四国,0,0,0,0
20260221B05,中国,九州,102.759,0,0,0
20260221B06,北海道,東北,0,0,0,0
20260221B06,東北,東京,0,2127.9,0,0
20260221B06,東京,中部,900,0,183.096,0
20260221B06,中部,関西,555.908,120.69,21.55,93.904
20260221B06,中部,北陸,0,0,0,0
20260221B06,北陸,関西,1467.241,0,8,0
20260221B06,関西,中国,2934,1592.5,17.516,186.42
20260221B06,関西_関西-中国間(東),中国_関西-中国間(東),2934,1592.5,17.516,186.42
20260221B06,関西_関西-中国間(西),中国_関西-中国間(西),2934,1592.5,17.516,186.42
20260221B06,関西,四国,0,0,0,0
20260221B06,中国,四国,0,36,0,0
20260221B06,中国,九州,172.759,0,21,0
20260221B07,北海道,東北,4.862,0,0,0
20260221B07,東北,東京,0,2127.9,0,8
20260221B07,東京,中部,855,0,0,0
20260221B07,中部,関西,1170.649,120.69,584.197,0
20260221B07,中部,北陸,0,0,0,0
20260221B07,北陸,関西,1467.241,0,8,0
20260221B07,関西,中国,2934,1868.043,158.97,71.754
20260221B07,関西_関西-中国間(東),中国_関西-中国間(東),2934,1868.043,158.97,71.754
20260221B07,関西_関西-中国間(西),中国_関西-中国間(西),2934,1868.043,158.97,71.754
20260221B07,関西,四国,0,0,0,0
20260221B07,中国,四国,0,216,0,0
20260221B07,中国,九州,462.759,0,98,0
20260221B08,北海道,東北,107.502,0,0,0
20260221B08,東北,東京,0,2127.9,0,0
20260221B08,東京,中部,675,0,0,0
20260221B08,中部,関西,987.741,0,399.95,0
20260221B08,中部,北陸,0,0,0,0
20260221B08,北陸,関西,1462.414,0,0,0
20260221B08,関西,中国,2934,1414.069,21.969,0
20260221B08,関西_関西-中国間(東),中国_関西-中国間(東),2934,1414.069,21.969,0
20260221B08,関西_関西-中国間(西),中国_関西-中国間(西),2934,1414.069,21.969,0
20260221B08,関西,四国,0,0,0,0
20260221B08,中国,四国,0,0,0,0
20260221B08,中国,九州,389.172,0,54,0
20260222B01,北海道,東北,34.901,2.448,0,2.448
20260222B01,東北,東京,0,2127.9,0,0
20260222B01,東京,中部,165,0,0,0
20260222B01,中部,関西,965.385,0,239.913,0
20260222B01,中部,北陸,0,0,0,0
20260222B01,北陸,関西,1710,0,4,0
20260222B01,関西,中国,2934,2229.5,107.95,0
20260222B01,関西_関西-中国間(東),中国_関西-中国間(東),2934,2229.5,107.95,0
20260222B01,関西_関西-中国間(西),中国_関西-中国間(西),2934,2229.5,107.95,0
20260222B01,関西,四国,0,0,0,0
20260222B01,中国,四国,0,0,0,0
20260222B01,中国,九州,367.931,0,125,0
20260222B02,北海道,東北,70.279,2.448,0,2
20260222B02,東北,東京,0,2127.9,0,0
20260222B02,東京,中部,0,0,0,0
20260222B02,中部,関西,1036.989,0,117.981,0
20260222B02,中部,北陸,0,0,0,0
20260222B02,北陸,関西,1710,0,0,0
20260222B02,関西,中国,2934,2684.5,0,0
20260222B02,関西_関西-中国間(東),中国_関西-中国間(東),2934,2684.5,0,0
20260222B02,関西_関西-中国間(西),中国_関西-中国間(西),2934,2684.5,0,0
20260222B02,関西,四国,0,0,0,0
20260222B02,中国,四国,0,264,0,0
20260222B02,中国,九州,407.931,0,64,0
20260222B03,北海道,東北,150,0,0,0
20260222B03,東北,東京,0,2127.9,0,187
20260222B03,東京,中部,720,0,509.264,0
20260222B03,中部,関西,802.184,0,248.264,0
20260222B03,中部,北陸,0,0,0,0
20260222B03,北陸,関西,1462.414,0,29,0
20260222B03,関西,中国,2934,2229.5,0,124.693
20260222B03,関西_関西-中国間(東),中国_関西-中国間(東),2934,2229.5,0,124.693
20260222B03,関西_関西-中国間(西),中国_関西-中国間(西),2934,2229.5,0,124.693
20260222B03,関西,四国,0,0,0,0
20260222B03,中国,四国,0,264,0,0
20260222B03,中国,九州,259.54,0,0,0
20260222B04,北海道,東北,0,0,0,0
20260222B04,東北,東京,0,45.897,0,0
20260222B04,東京,中部,0,0,0,0
20260222B04,中部,関西,253.816,0,19.65,0
20260222B04,中部,北陸,0,0,0,0
20260222B04,北陸,関西,1467.241,0,8,0
20260222B04,関西,中国,2934,1319.5,3.386,23.286
20260222B04,関西_関西-中国間(東),中国_関西-中国間(東),2934,1319.5,3.386,23.286
20260222B04,関西_関西-中国間(西),中国_関西-中国間(西),2934,1319.5,3.386,23.286
20260222B04,関西,四国,0,0,0,0
20260222B04,中国,四国,0,36,0,0
20260222B04,中国,九州,102.759,0,0,0
20260222B05,北海道,東北,0,0,0,0
20260222B05,東北,東京,0,2127.9,0,0
20260222B05,東京,中部,330,0,0,0
20260222B05,中部,関西,226.159,0,19.65,0
20260222B05,中部,北陸,0,0,0,0
20260222B05,北陸,関西,1467.241,0,7,0
20260222B05,関西,中国,2934,1183,0,44.286
20260222B05,関西_関西-中国間(東),中国_関西-中国間(東),2934,1183,0,44.286
20260222B05,関西_関西-中国間(西),中国_関西-中国間(西),2934,1183,0,44.286
20260222B05,関西,四国,0,0,0,0
20260222B05,中国,四国,0,0,0,0
20260222B05,中国,九州,102.759,0,0,0
20260222B06,北海道,東北,0,0,0,0
20260222B06,東北,東京,0,2127.9,0,0
20260222B06,東京,中部,900,0,277,0
20260222B06,中部,関西,555.908,0,21.55,0
20260222B06,中部,北陸,0,0,0,0
20260222B06,北陸,関西,1467.241,0,8,0
20260222B06,関西,中国,2934,1592.5,17.516,237.162
20260222B06,関西_関西-中国間(東),中国_関西-中国間(東),2934,1592.5,17.516,237.162
20260222B06,関西_関西-中国間(西),中国_関西-中国間(西),2934,1592.5,17.516,237.162
20260222B06,関西,四国,0,0,0,0
20260222B06,中国,四国,0,36,0,0
20260222B06,中国,九州,172.759,0,0,0
20260222B07,北海道,東北,4.862,0,0,0
20260222B07,東北,東京,0,2127.9,0,0
20260222B07,東京,中部,855,0,0,0
20260222B07,中部,関西,1170.649,0,620.341,0
20260222B07,中部,北陸,0,0,0,0
20260222B07,北陸,関西,1467.241,0,8,0
20260222B07,関西,中国,2934,1868.043,158.97,35.61
20260222B07,関西_関西-中国間(東),中国_関西-中国間(東),2934,1868.043,158.97,35.61
20260222B07,関西_関西-中国間(西),中国_関西-中国間(西),2934,1868.043,158.97,35.61
20260222B07,関西,四国,0,0,0,0
20260222B07,中国,四国,0,216,0,0
20260222B07,中国,九州,462.759,0,98,0
20260222B08,北海道,東北,107.502,0,0,0
20260222B08,東北,東京,0,2127.9,0,0
20260222B08,東京,中部,675,0,0,0
20260222B08,中部,関西,987.741,0,447.631,0
20260222B08,中部,北陸,0,0,0,0
20260222B08,北陸,関西,1462.414,0,0,0
20260222B08,関西,中国,2934,1414.069,69.65,0
20260222B08,関西_関西-中国間(東),中国_関西-中国間(東),2934,1414.069,69.65,0
20260222B08,関西_関西-中国間(西),中国_関西-中国間(西),2934,1414.069,69.65,0
20260222B08,関西,四国,0,0,0,0
20260222B08,中国,四国,0,0,0,0
20260222B08,中国,九州,389.172,0,54,0
20260223B01,北海道,東北,34.901,2.448,0,2.448
20260223B01,東北,東京,0,2127.9,0,0
20260223B01,東京,中部,165,0,0,0
20260223B01,中部,関西,965.385,0,200.573,0
20260223B01,中部,北陸,0,0,0,0
20260223B01,北陸,関西,1710,0,0,0
20260223B01,関西,中国,2934,2229.5,107.95,0
20260223B01,関西_関西-中国間(東),中国_関西-中国間(東),2934,2229.5,107.95,0
20260223B01,関西_関西-中国間(西),中国_関西-中国間(西),2934,2229.5,107.95,0
20260223B01,関西,四国,0,0,0,0
20260223B01,中国,四国,0,0,0,0
20260223B01,中国,九州,367.931,0,125,0
20260223B02,北海道,東北,70.279,2.448,0,2
20260223B02,東北,東京,0,2127.9,0,0
20260223B02,東京,中部,0,0,0,0
20260223B02,中部,関西,1036.989,0,117.981,0
20260223B02,中部,北陸,0,0,0,0
20260223B02,北陸,関西,1710,0,0,0
20260223B02,関西,中国,2934,2684.5,0,0
20260223B02,関西_関西-中国間(東),中国_関西-中国間(東),2934,2684.5,0,0
20260223B02,関西_関西-中国間(西),中国_関西-中国間(西),2934,2684.5,0,0
20260223B02,関西,四国,0,0,0,0
20260223B02,中国,四国,0,264,0,0
20260223B02,中国,九州,407.931,0,64,0
20260223B03,北海道,東北,150,0,0,0
20260223B03,東北,東京,0,2127.9,0,187
20260223B03,東京,中部,720,0,455.517,0
20260223B03,中部,関西,802.184,0,323.288,0
20260223B03,中部,北陸,0,0,0,0
20260223B03,北陸,関西,1462.414,0,29,0
20260223B03,関西,中国,2934,2229.5,0,124.693
20260223B03,関西_関西-中国間(東),中国_関西-中国間(東),2934,2229.5,0,124.693
20260223B03,関西_関西-中国間(西),中国_関西-中国間(西),2934,2229.5,0,124.693
20260223B03,関西,四国,0,0,0,0
20260223B03,中国,四国,0,264,0,0
20260223B03,中国,九州,259.54,0,0,0
20260223B04,北海道,東北,1.414,110.299,0,34
20260223B04,東北,東京,0,45.897,0,0
20260223B04,東京,中部,0,0,0,0
20260223B04,中部,関西,253.816,0,19.65,0
20260223B04,中部,北陸,0,0,0,0
20260223B04,北陸,関西,1467.241,0,8,0
20260223B04,関西,中国,2934,1319.5,3.386,23.286
20260223B04,関西_関西-中国間(東),中国_関西-中国間(東),2934,1319.5,3.386,23.286
20260223B04,関西_関西-中国間(西),中国_関西-中国間(西),2934,1319.5,3.386,23.286
20260223B04,関西,四国,0,0,0,0
20260223B04,中国,四国,0,36,0,0
20260223B04,中国,九州,102.759,0,0,0
20260223B05,北海道,東北,0,34.72,0,34.72
20260223B05,東北,東京,0,2127.9,0,0
20260223B05,東京,中部,330,0,0,0
20260223B05,中部,関西,226.159,0,19.65,0
20260223B05,中部,北陸,0,0,0,0
20260223B05,北陸,関西,1467.241,0,7,0
20260223B05,関西,中国,2934,1183,0,44.286
20260223B05,関西_関西-中国間(東),中国_関西-中国間(東),2934,1183,0,44.286
20260223B05,関西_関西-中国間(西),中国_関西-中国間(西),2934,1183,0,44.286
20260223B05,関西,四国,0,0,0,0
20260223B05,中国,四国,0,0,0,0
20260223B05,中国,九州,102.759,0,0,0
20260223B06,北海道,東北,1.414,0,0,0
20260223B06,東北,東京,0,2127.9,0,40
20260223B06,東京,中部,900,0,484.623,0
20260223B06,中部,関西,555.908,0,246.238,0
20260223B06,中部,北陸,0,0,0,0
20260223B06,北陸,関西,1467.241,0,8,0
20260223B06,関西,中国,2934,1592.5,17.516,237.162
20260223B06,関西_関西-中国間(東),中国_関西-中国間(東),2934,1592.5,17.516,237.162
20260223B06,関西_関西-中国間(西),中国_関西-中国間(西),2934,1592.5,17.516,237.162
20260223B06,関西,四国,0,0,0,0
20260223B06,中国,四国,0,36,0,0
20260223B06,中国,九州,172.759,0,0,0
20260223B07,北海道,東北,4.862,0,0,0
20260223B07,東北,東京,0,2127.9,0,0
20260223B07,東京,中部,855,0,106.2,0
20260223B07,中部,関西,1170.649,0,525.847,0
20260223B07,中部,北陸,0,0,0,0
20260223B07,北陸,関西,1467.241,0,8,0
20260223B07,関西,中国,2934,1868.043,136.676,97.81
20260223B07,関西_関西-中国間(東),中国_関西-中国間(東),2934,1868.043,136.676,97.81
20260223B07,関西_関西-中国間(西),中国_関西-中国間(西),2934,1868.043,136.676,97.81
20260223B07,関西,四国,0,0,0,0
20260223B07,中国,四国,0,216,0,0
20260223B07,中国,九州,462.759,0,86,0
20260223B08,北海道,東北,107.502,0,0,0
20260223B08,東北,東京,0,2127.9,0,0
20260223B08,東京,中部,675,0,0,0
20260223B08,中部,関西,987.741,0,375.05,0
20260223B08,中部,北陸,0,0,0,0
20260223B08,北陸,関西,1462.414,0,20,0
20260223B08,関西,中国,2934,1414.069,21.969,4.9
20260223B08,関西_関西-中国間(東),中国_関西-中国間(東),2934,1414.069,21.969,4.9
20260223B08,関西_関西-中国間(西),中国_関西-中国間(西),2934,1414.069,21.969,4.9
20260223B08,関西,四国,0,0,0,0
20260223B08,中国,四国,0,0,0,0
20260223B08,中国,九州,389.172,0,54,0
20260224B01,北海道,東北,34.901,0,0,0
20260224B01,東北,東京,0,2127.9,0,0
20260224B01,東京,中部,165,0,0,0
20260224B01,中部,関西,965.385,0,233.348,0
20260224B01,中部,北陸,0,0,0,0
20260224B01,北陸,関西,1710,0,0,0
20260224B01,関西,中国,2934,2229.5,107.95,0
20260224B01,関西_関西-中国間(東),中国_関西-中国間(東),2934,2229.5,107.95,0
20260224B01,関西_関西-中国間(西),中国_関西-中国間(西),2934,2229.5,107.95,0
20260224B01,関西,四国,0,0,0,0
20260224B01,中国,四国,0,0,0,0
20260224B01,中国,九州,367.931,0,125,0
20260224B02,北海道,東北,70.279,0,0,0
20260224B02,東北,東京,0,2127.9,0,0
20260224B02,東京,中部,0,0,0,0
20260224B02,中部,関西,1036.989,0,137.074,0
20260224B02,中部,北陸,0,0,0,0
20260224B02,北陸,関西,1710,0,1,0
20260224B02,関西,中国,2934,2684.5,2.474,0
20260224B02,関西_関西-中国間(東),中国_関西-中国間(東),2934,2684.5,2.474,0
20260224B02,関西_関西-中国間(西),中国_関西-中国間(西),2934,2684.5,2.474,0
20260224B02,関西,四国,0,0,0,0
20260224B02,中国,四国,0,264,0,0
20260224B02,中国,九州,407.931,0,64,0
20260224B03,北海道,東北,150,0,0,0
20260224B03,東北,東京,0,2127.9,0,240
20260224B03,東京,中部,720,0,403.183,0
20260224B03,中部,関西,1002.184,0,605.951,0
20260224B03,中部,北陸,0,0,0,0
20260224B03,北陸,関西,1712.414,0,29,0
20260224B03,関西,中国,2934,2229.5,238.97,77
20260224B03,関西_関西-中国間(東),中国_関西-中国間(東),2934,2229.5,238.97,77
20260224B03,関西_関西-中国間(西),中国_関西-中国間(西),2934,2229.5,238.97,77
20260224B03,関西,四国,0,0,0,0
20260224B03,中国,四国,0,264,0,0
20260224B03,中国,九州,379.54,0,116,0
20260224B04,北海道,東北,11.414,120.299,0,34
20260224B04,東北,東京,0,45.897,0,0
20260224B04,東京,中部,0,0,0,0
20260224B04,中部,関西,613.816,120.69,19.65,93
20260224B04,中部,北陸,0,0,0,0
20260224B04,北陸,関西,1717.241,241.379,8,0
20260224B04,関西,中国,2934,1319.5,0,71.517
20260224B04,関西_関西-中国間(東),中国_関西-中国間(東),2934,1319.5,0,71.517
20260224B04,関西_関西-中国間(西),中国_関西-中国間(西),2934,1319.5,0,71.517
20260224B04,関西,四国,0,0,0,0
20260224B04,中国,四国,0,36,0,0
20260224B04,中国,九州,212.759,0,0,0
20260224B05,北海道,東北,9.69,44.72,0,44.72
20260224B05,東北,東京,0,2127.9,0,0
20260224B05,東京,中部,330,0,0,0
20260224B05,中部,関西,566.159,120.69,19.65,0
20260224B05,中部,北陸,0,0,0,0
20260224B05,北陸,関西,1717.241,241.379,7,0
20260224B05,関西,中国,2934,1183,2.152,108.902
20260224B05,関西_関西-中国間(東),中国_関西-中国間(東),2934,1183,2.152,108.902
20260224B05,関西_関西-中国間(西),中国_関西-中国間(西),2934,1183,2.152,108.902
20260224B05,関西,四国,0,0,0,0
20260224B05,中国,四国,0,0,0,0
20260224B05,中国,九州,212.759,54.54,0,54.54
20260224B06,北海道,東北,11.414,6.241,0,0
20260224B06,東北,東京,0,2127.9,0,62
20260224B06,東京,中部,900,0,393.499,0
20260224B06,中部,関西,945.908,120.69,154.049,0
20260224B06,中部,北陸,0,0,0,0
20260224B06,北陸,関西,1717.241,241.379,8,0
20260224B06,関西,中国,2934,1592.5,69.18,54.081
20260224B06,関西_関西-中国間(東),中国_関西-中国間(東),2934,1592.5,69.18,54.081
20260224B06,関西_関西-中国間(西),中国_関西-中国間(西),2934,1592.5,69.18,54.081
20260224B06,関西,四国,0,0,0,0
20260224B06,中国,四国,0,36,0,0
20260224B06,中国,九州,282.759,25.805,0,0
20260224B07,北海道,東北,14.862,3.724,0,0
20260224B07,東北,東京,0,2127.9,0,8
20260224B07,東京,中部,855,0,545.042,0
20260224B07,中部,関西,1310.649,120.69,487.107,0
20260224B07,中部,北陸,0,0,0,0
20260224B07,北陸,関西,1717.241,241.379,8,0
20260224B07,関西,中国,2934,1868.043,60.98,60.854
20260224B07,関西_関西-中国間(東),中国_関西-中国間(東),2934,1868.043,60.98,60.854
20260224B07,関西_関西-中国間(西),中国_関西-中国間(西),2934,1868.043,60.98,60.854
20260224B07,関西,四国,0,0,0,0
20260224B07,中国,四国,0,216,0,0
20260224B07,中国,九州,522.759,0,0,0
20260224B08,北海道,東北,117.502,0,0,0
20260224B08,東北,東京,0,2127.9,0,0
20260224B08,東京,中部,675,0,125,0
20260224B08,中部,関西,1127.741,373.563,142.065,102
20260224B08,中部,北陸,0,0,0,0
20260224B08,北陸,関西,1712.414,0,20,0
20260224B08,関西,中国,2934,1414.069,0,315.48
20260224B08,関西_関西-中国間(東),中国_関西-中国間(東),2934,1414.069,0,315.48
20260224B08,関西_関西-中国間(西),中国_関西-中国間(西),2934,1414.069,0,315.48
20260224B08,関西,四国,0,0,0,0
20260224B08,中国,四国,0,0,0,0
20260224B08,中国,九州,429.172,0,0,0
20260225B01,北海道,東北,34.901,0,0,0
20260225B01,東北,東京,39,2127.9,0,0
20260225B01,東京,中部,165,0,0,0
20260225B01,中部,関西,1125.385,500,143.863,0
20260225B01,中部,北陸,0,0,0,0
20260225B01,北陸,関西,1710,0,0,0
20260225B01,関西,中国,2934,2229.5,0,5.626
20260225B01,関西_関西-中国間(東),中国_関西-中国間(東),2934,2229.5,0,5.626
20260225B01,関西_関西-中国間(西),中国_関西-中国間(西),2934,2229.5,0,5.626
20260225B01,関西,四国,0,0,0,0
20260225B01,中国,四国,0,0,0,0
20260225B01,中国,九州,417.931,0,72.371,0
20260225B02,北海道,東北,70.279,0,0,0
20260225B02,東北,東京,39,2127.9,0,0
20260225B02,東京,中部,0,0,0,0
20260225B02,中部,関西,1206.989,500,137.074,0
20260225B02,中部,北陸,0,0,0,0
20260225B02,北陸,関西,1710,0,1.97,0
20260225B02,関西,中国,2934,2684.5,3.444,0
20260225B02,関西_関西-中国間(東),中国_関西-中国間(東),2934,2684.5,3.444,0
20260225B02,関西_関西-中国間(西),中国_関西-中国間(西),2934,2684.5,3.444,0
20260225B02,関西,四国,0,0,0,0
20260225B02,中国,四国,0,264,0,0
20260225B02,中国,九州,447.931,0,74.271,0
20260225B03,北海道,東北,150,0,0,0
20260225B03,東北,東京,0,2127.9,0,96
20260225B03,東京,中部,720,0,403.028,0
20260225B03,中部,関西,1192.184,273.563,597.225,0
20260225B03,中部,北陸,0,0,0,0
20260225B03,北陸,関西,1712.414,0,29,0
20260225B03,関西,中国,2934,2229.5,238.815,98.978
20260225B03,関西_関西-中国間(東),中国_関西-中国間(東),2934,2229.5,238.815,98.978
20260225B03,関西_関西-中国間(西),中国_関西-中国間(西),2934,2229.5,238.815,98.978
20260225B03,関西,四国,0,0,0,0
20260225B03,中国,四国,0,264,0,0
20260225B03,中国,九州,379.54,0,116,0
20260225B04,北海道,東北,11.414,120.299,0,34
20260225B04,東北,東京,0,45.897,0,0
20260225B04,東京,中部,0,0,0,0
20260225B04,中部,関西,613.816,120.69,19.65,100
20260225B04,中部,北陸,0,0,0,0
20260225B04,北陸,関西,1717.241,241.379,8,0
20260225B04,関西,中国,2934,1319.5,0,23.081
20260225B04,関西_関西-中国間(東),中国_関西-中国間(東),2934,1319.5,0,23.081
20260225B04,関西_関西-中国間(西),中国_関西-中国間(西),2934,1319.5,0,23.081
20260225B04,関西,四国,0,0,0,0
20260225B04,中国,四国,0,36,0,0
20260225B04,中国,九州,212.759,0,0,0
20260225B05,北海道,東北,9.69,44.72,0,44.72
20260225B05,東北,東京,0,2127.9,0,0
20260225B05,東京,中部,330,0,0,0
20260225B05,中部,関西,566.159,120.69,17.67,0
20260225B05,中部,北陸,0,0,0,0
20260225B05,北陸,関西,1717.241,241.379,7,0
20260225B05,関西,中国,2934,1183,0,13
20260225B05,関西_関西-中国間(東),中国_関西-中国間(東),2934,1183,0,13
20260225B05,関西_関西-中国間(西),中国_関西-中国間(西),2934,1183,0,13
20260225B05,関西,四国,0,0,0,0
20260225B05,中国,四国,0,0,0,0
20260225B05,中国,九州,212.759,54.54,0,23.172
20260225B06,北海道,東北,11.414,6.241,0,0
20260225B06,東北,東京,0,2127.9,0,62
20260225B06,東京,中部,900,0,329.649,0
20260225B06,中部,関西,945.908,120.69,89.284,0
20260225B06,中部,北陸,0,0,0,0
20260225B06,北陸,関西,1717.241,241.379,8,0
20260225B06,関西,中国,2934,1592.5,0,106.382
20260225B06,関西_関西-中国間(東),中国_関西-中国間(東),2934,1592.5,0,106.382
20260225B06,関西_関西-中国間(西),中国_関西-中国間(西),2934,1592.5,0,106.382
20260225B06,関西,四国,0,0,0,0
20260225B06,中国,四国,0,36,0,0
20260225B06,中国,九州,282.759,25.805,0,0
20260225B07,北海道,東北,14.862,3.724,0,0
20260225B07,東北,東京,0,2127.9,0,8
20260225B07,東京,中部,855,0,545.042,0
20260225B07,中部,関西,1310.649,120.69,487.107,0
20260225B07,中部,北陸,0,0,0,0
20260225B07,北陸,関西,1717.241,241.379,8,0
20260225B07,関西,中国,2934,1868.043,60.98,60.854
20260225B07,関西_関西-中国間(東),中国_関西-中国間(東),2934,1868.043,60.98,60.854
20260225B07,関西_関西-中国間(西),中国_関西-中国間(西),2934,1868.043,60.98,60.854
20260225B07,関西,四国,0,0,0,0
20260225B07,中国,四国,0,216,0,0
20260225B07,中国,九州,522.759,0,0,0
20260225B08,北海道,東北,117.502,0,0,0
20260225B08,東北,東京,0,2127.9,0,0
20260225B08,東京,中部,675,0,314.841,0
20260225B08,中部,関西,1127.741,373.563,229.906,0
20260225B08,中部,北陸,0,0,0,0
20260225B08,北陸,関西,1712.414,0,20,0
20260225B08,関西,中国,2934,1414.069,0,128.075
20260225B08,関西_関西-中国間(東),中国_関西-中国間(東),2934,1414.069,0,128.075
20260225B08,関西_関西-中国間(西),中国_関西-中国間(西),2934,1414.069,0,128.075
20260225B08,関西,四国,0,0,0,0
20260225B08,中国,四国,0,0,0,0
20260225B08,中国,九州,429.172,0,0,0
20260226B01,北海道,東北,34.901,0,0,0
20260226B01,東北,東京,39,2127.9,0,0
20260226B01,東京,中部,165,0,0,0
20260226B01,中部,関西,1125.385,500,109.733,0
20260226B01,中部,北陸,0,0,0,0
20260226B01,北陸,関西,1710,0,0,0
20260226B01,関西,中国,2934,2229.5,0,44.806
20260226B01,関西_関西-中国間(東),中国_関西-中国間(東),2934,2229.5,0,44.806
20260226B01,関西_関西-中国間(西),中国_関西-中国間(西),2934,2229.5,0,44.806
20260226B01,関西,四国,0,0,0,0
20260226B01,中国,四国,0,0,0,0
20260226B01,中国,九州,417.931,0,33.191,0
20260226B02,北海道,東北,70.279,0,0,0
20260226B02,東北,東京,39,2127.9,0,0
20260226B02,東京,中部,0,0,0,0
20260226B02,中部,関西,1206.989,500,102.944,0
20260226B02,中部,北陸,0,0,0,0
20260226B02,北陸,関西,1710,0,1.97,0
20260226B02,関西,中国,2934,2684.5,0.97,31.656
20260226B02,関西_関西-中国間(東),中国_関西-中国間(東),2934,2684.5,0.97,31.656
20260226B02,関西_関西-中国間(西),中国_関西-中国間(西),2934,2684.5,0.97,31.656
20260226B02,関西,四国,0,0,0,0
20260226B02,中国,四国,0,264,0,0
20260226B02,中国,九州,447.931,0,61.614,0
20260226B03,北海道,東北,150,0,0,0
20260226B03,東北,東京,0,2127.9,0,43
20260226B03,東京,中部,720,0,527.053,0
20260226B03,中部,関西,1192.184,273.563,571.973,0
20260226B03,中部,北陸,0,0,0,0
20260226B03,北陸,関西,1712.414,0,29,0
20260226B03,関西,中国,2934,2229.5,238.97,98.978
20260226B03,関西_関西-中国間(東),中国_関西-中国間(東),2934,2229.5,238.97,98.978
20260226B03,関西_関西-中国間(西),中国_関西-中国間(西),2934,2229.5,238.97,98.978
20260226B03,関西,四国,0,0,0,0
20260226B03,中国,四国,0,264,0,0
20260226B03,中国,九州,379.54,0,116,0
20260226B04,北海道,東北,11.414,120.299,0,34
20260226B04,東北,東京,0,45.897,0,0
20260226B04,東京,中部,0,0,0,0
20260226B04,中部,関西,613.816,120.69,17.67,92.55
20260226B04,中部,北陸,0,0,0,0
20260226B04,北陸,関西,1717.241,241.379,8,0
20260226B04,関西,中国,2934,1319.5,0,23.081
20260226B04,関西_関西-中国間(東),中国_関西-中国間(東),2934,1319.5,0,23.081
20260226B04,関西_関西-中国間(西),中国_関西-中国間(西),2934,1319.5,0,23.081
20260226B04,関西,四国,0,0,0,0
20260226B04,中国,四国,0,36,0,0
20260226B04,中国,九州,212.759,0,0,0
20260226B05,北海道,東北,9.69,44.72,0,44.72
20260226B05,東北,東京,0,2127.9,0,0
20260226B05,東京,中部,0,0,0,0
20260226B05,中部,関西,566.159,120.69,17.67,0
20260226B05,中部,北陸,0,0,0,0
20260226B05,北陸,関西,1717.241,241.379,7,0
20260226B05,関西,中国,2934,1183,0,44.081
20260226B05,関西_関西-中国間(東),中国_関西-中国間(東),2934,1183,0,44.081
20260226B05,関西_関西-中国間(西),中国_関西-中国間(西),2934,1183,0,44.081
20260226B05,関西,四国,0,0,0,0
20260226B05,中国,四国,0,0,0,0
20260226B05,中国,九州,212.759,54.54,0,22.151
20260226B06,北海道,東北,11.414,6.241,11.414,0
20260226B06,東北,東京,0,2127.9,0,0
20260226B06,東京,中部,0,0,0,0
20260226B06,中部,関西,945.908,120.69,118.803,120.69
20260226B06,中部,北陸,0,0,0,0
20260226B06,北陸,関西,1717.241,241.379,8,0
20260226B06,関西,中国,2934,1592.5,0,106.382
20260226B06,関西_関西-中国間(東),中国_関西-中国間(東),2934,1592.5,0,106.382
20260226B06,関西_関西-中国間(西),中国_関西-中国間(西),2934,1592.5,0,106.382
20260226B06,関西,四国,0,0,0,0
20260226B06,中国,四国,0,36,0,0
20260226B06,中国,九州,282.759,25.805,0,0
20260226B07,北海道,東北,14.862,3.724,0,0
20260226B07,東北,東京,0,2127.9,0,0
20260226B07,東京,中部,855,0,374.801,0
20260226B07,中部,関西,1310.649,120.69,486.866,0
20260226B07,中部,北陸,0,0,0,0
20260226B07,北陸,関西,1717.241,241.379,8,0
20260226B07,関西,中国,2934,1868.043,60.739,60.854
20260226B07,関西_関西-中国間(東),中国_関西-中国間(東),2934,1868.043,60.739,60.854
20260226B07,関西_関西-中国間(西),中国_関西-中国間(西),2934,1868.043,60.739,60.854
20260226B07,関西,四国,0,0,0,0
20260226B07,中国,四国,0,216,0,0
20260226B07,中国,九州,522.759,0,0,0
20260226B08,北海道,東北,117.502,0,0,0
20260226B08,東北,東京,0,2127.9,0,0
20260226B08,東京,中部,675,0,200.59,0
20260226B08,中部,関西,1127.741,373.563,263.773,0
20260226B08,中部,北陸,0,0,0,0
20260226B08,北陸,関西,1712.414,0,20,0
20260226B08,関西,中国,2934,1414.069,65.97,160.178
20260226B08,関西_関西-中国間(東),中国_関西-中国間(東),2934,1414.069,65.97,160.178
20260226B08,関西_関西-中国間(西),中国_関西-中国間(西),2934,1414.069,65.97,160.178
20260226B08,関西,四国,0,0,0,0
20260226B08,中国,四国,0,0,0,0
20260226B08,中国,九州,429.172,0,0,0
20260227B01,北海道,東北,34.901,0,0,0
20260227B01,東北,東京,39,2127.9,0,0
20260227B01,東京,中部,165,0,0,0
20260227B01,中部,関西,1125.385,500,213.598,0
20260227B01,中部,北陸,0,0,0,0
20260227B01,北陸,関西,1710,0,4,0
20260227B01,関西,中国,2934,2229.5,107.91,7.711
20260227B01,関西_関西-中国間(東),中国_関西-中国間(東),2934,2229.5,107.91,7.711
20260227B01,関西_関西-中国間(西),中国_関西-中国間(西),2934,2229.5,107.91,7.711
20260227B01,関西,四国,0,0,0,0
20260227B01,中国,四国,0,0,0,0
20260227B01,中国,九州,417.931,0,179.286,0
20260227B02,北海道,東北,70.279,0,0,0
20260227B02,東北,東京,39,2127.9,0,0
20260227B02,東京,中部,0,0,0,0
20260227B02,中部,関西,1206.989,500,140.869,0
20260227B02,中部,北陸,0,0,0,0
20260227B02,北陸,関西,1710,0,1,0
20260227B02,関西,中国,2934,2684.5,37.97,31.701
20260227B02,関西_関西-中国間(東),中国_関西-中国間(東),2934,2684.5,37.97,31.701
20260227B02,関西_関西-中国間(西),中国_関西-中国間(西),2934,2684.5,37.97,31.701
20260227B02,関西,四国,0,0,0,0
20260227B02,中国,四国,0,264,0,0
20260227B02,中国,九州,447.931,0,97.569,0
20260227B03,北海道,東北,150,0,0,0
20260227B03,東北,東京,0,2127.9,0,24.891
20260227B03,東京,中部,720,0,645.59,0
20260227B03,中部,関西,1192.184,273.563,552.973,0
20260227B03,中部,北陸,0,0,0,0
20260227B03,北陸,関西,1712.414,0,29,0
20260227B03,関西,中国,2934,2229.5,238.97,98.978
20260227B03,関西_関西-中国間(東),中国_関西-中国間(東),2934,2229.5,238.97,98.978
20260227B03,関西_関西-中国間(西),中国_関西-中国間(西),2934,2229.5,238.97,98.978
20260227B03,関西,四国,0,0,0,0
20260227B03,中国,四国,0,264,0,0
20260227B03,中国,九州,379.54,0,116,0
20260227B04,北海道,東北,11.414,120.299,0,34
20260227B04,東北,東京,0,45.897,0,0
20260227B04,東京,中部,0,0,0,0
20260227B04,中部,関西,613.816,120.69,17.662,100
20260227B04,中部,北陸,0,0,0,0
20260227B04,北陸,関西,1717.241,241.379,8,0
20260227B04,関西,中国,2934,1319.5,0,112.056
20260227B04,関西_関西-中国間(東),中国_関西-中国間(東),2934,1319.5,0,112.056
20260227B04,関西_関西-中国間(西),中国_関西-中国間(西),2934,1319.5,0,112.056
20260227B04,関西,四国,0,0,0,0
20260227B04,中国,四国,0,36,0,0
20260227B04,中国,九州,212.759,0,0,0
20260227B05,北海道,東北,9.69,44.72,0,44.72
20260227B05,東北,東京,0,2127.9,0,0
20260227B05,東京,中部,330,0,0,0
20260227B05,中部,関西,566.159,120.69,17.662,0
20260227B05,中部,北陸,0,0,0,0
20260227B05,北陸,関西,1717.241,241.379,7,0
20260227B05,関西,中国,2934,1183,0,124.769
20260227B05,関西_関西-中国間(東),中国_関西-中国間(東),2934,1183,0,124.769
20260227B05,関西_関西-中国間(西),中国_関西-中国間(西),2934,1183,0,124.769
20260227B05,関西,四国,0,0,0,0
20260227B05,中国,四国,0,0,0,0
20260227B05,中国,九州,212.759,54.54,0,4.505
20260227B06,北海道,東北,11.414,6.241,0,2
20260227B06,東北,東京,0,2127.9,0,64
20260227B06,東京,中部,900,0,408.448,0
20260227B06,中部,関西,945.908,120.69,469.438,0
20260227B06,中部,北陸,0,0,0,0
20260227B06,北陸,関西,1717.241,241.379,17.155,9.155
20260227B06,関西,中国,2934,1592.5,9.791,116.677
20260227B06,関西_関西-中国間(東),中国_関西-中国間(東),2934,1592.5,9.791,116.677
20260227B06,関西_関西-中国間(西),中国_関西-中国間(西),2934,1592.5,9.791,116.677
20260227B06,関西,四国,0,0,0,0
20260227B06,中国,四国,0,36,0,0
20260227B06,中国,九州,282.759,25.805,0,0
20260227B07,北海道,東北,14.862,3.724,0,0
20260227B07,東北,東京,0,2127.9,0,8
20260227B07,東京,中部,855,0,162.893,0
20260227B07,中部,関西,1310.649,120.69,412.54,0
20260227B07,中部,北陸,0,0,0,0
20260227B07,北陸,関西,1717.241,241.379,8,0
20260227B07,関西,中国,2934,1868.043,60.97,145.411
20260227B07,関西_関西-中国間(東),中国_関西-中国間(東),2934,1868.043,60.97,145.411
20260227B07,関西_関西-中国間(西),中国_関西-中国間(西),2934,1868.043,60.97,145.411
20260227B07,関西,四国,0,0,0,0
20260227B07,中国,四国,0,216,0,0
20260227B07,中国,九州,522.759,0,0,0
20260227B08,北海道,東北,117.502,0,0,0
20260227B08,東北,東京,0,2127.9,0,0
20260227B08,東京,中部,675,0,63.053,0
20260227B08,中部,関西,1127.741,373.563,285.7,0
20260227B08,中部,北陸,0,0,0,0
20260227B08,北陸,関西,1712.414,0,20,0
20260227B08,関西,中国,2934,1414.069,65.97,138.251
20260227B08,関西_関西-中国間(東),中国_関西-中国間(東),2934,1414.069,65.97,138.251
20260227B08,関西_関西-中国間(西),中国_関西-中国間(西),2934,1414.069,65.97,138.251
20260227B08,関西,四国,0,0,0,0
20260227B08,中国,四国,0,0,0,0
20260227B08,中国,九州,429.172,0,0,0
20260228B01,北海道,東北,34.901,2.448,0,2.448
20260228B01,東北,東京,39,2127.9,0,0
20260228B01,東京,中部,165,0,0,0
20260228B01,中部,関西,965.385,500,191.289,0
20260228B01,中部,北陸,0,0,0,0
20260228B01,北陸,関西,1710,0,4,0
20260228B01,関西,中国,2934,2229.5,166.7,0
20260228B01,関西_関西-中国間(東),中国_関西-中国間(東),2934,2229.5,166.7,0
20260228B01,関西_関西-中国間(西),中国_関西-中国間(西),2934,2229.5,166.7,0
20260228B01,関西,四国,0,0,0,0
20260228B01,中国,四国,0,0,0,0
20260228B01,中国,九州,367.931,0,231.01,0
20260228B02,北海道,東北,70.279,2.448,0,2
20260228B02,東北,東京,39,2127.9,0,0
20260228B02,東京,中部,0,0,0,0
20260228B02,中部,関西,1036.989,500,59.928,0
20260228B02,中部,北陸,0,0,0,0
20260228B02,北陸,関西,1710,0,9,0
20260228B02,関西,中国,2934,2684.5,94.224,0
20260228B02,関西_関西-中国間(東),中国_関西-中国間(東),2934,2684.5,94.224,0
20260228B02,関西_関西-中国間(西),中国_関西-中国間(西),2934,2684.5,94.224,0
20260228B02,関西,四国,0,0,0,0
20260228B02,中国,四国,0,264,0,0
20260228B02,中国,九州,407.931,0,151.284,0
20260228B03,北海道,東北,150,0,0,0
20260228B03,東北,東京,0,1062.9,0,6
20260228B03,東京,中部,420,0,105.802,0
20260228B03,中部,関西,802.184,273.563,337.941,0
20260228B03,中部,北陸,0,0,0,0
20260228B03,北陸,関西,1462.414,0,29,0
20260228B03,関西,中国,2934,2229.5,188.079,104.744
20260228B03,関西_関西-中国間(東),中国_関西-中国間(東),2934,2229.5,188.079,104.744
20260228B03,関西_関西-中国間(西),中国_関西-中国間(西),2934,2229.5,188.079,104.744
20260228B03,関西,四国,0,0,0,0
20260228B03,中国,四国,0,264,0,0
20260228B03,中国,九州,259.54,0,121.576,0
20260228B04,北海道,東北,1.414,110.299,0,34
20260228B04,東北,東京,0,0,0,0
20260228B04,東京,中部,0,0,0,0
20260228B04,中部,関西,253.816,120.69,19.658,100
20260228B04,中部,北陸,0,0,0,0
20260228B04,北陸,関西,1467.241,0,8,0
20260228B04,関西,中国,2934,1319.5,27.046,23.286
20260228B04,関西_関西-中国間(東),中国_関西-中国間(東),2934,1319.5,27.046,23.286
20260228B04,関西_関西-中国間(西),中国_関西-中国間(西),2934,1319.5,27.046,23.286
20260228B04,関西,四国,0,0,0,0
20260228B04,中国,四国,0,36,0,0
20260228B04,中国,九州,102.759,0,0,0
20260228B05,北海道,東北,0,34.72,0,34.72
20260228B05,東北,東京,0,1062.9,0,0
20260228B05,東京,中部,30,0,0,0
20260228B05,中部,関西,226.159,120.69,19.658,0
20260228B05,中部,北陸,0,0,0,0
20260228B05,北陸,関西,1467.241,0,7,0
20260228B05,関西,中国,2934,1183,0,44.286
20260228B05,関西_関西-中国間(東),中国_関西-中国間(東),2934,1183,0,44.286
20260228B05,関西_関西-中国間(西),中国_関西-中国間(西),2934,1183,0,44.286
20260228B05,関西,四国,0,0,0,0
20260228B05,中国,四国,0,0,0,0
20260228B05,中国,九州,102.759,0,0,0
20260228B06,北海道,東北,1.414,0,0,0
20260228B06,東北,東京,0,1062.9,0,40
20260228B06,東京,中部,600,0,211.791,0
20260228B06,中部,関西,555.908,120.69,21.558,65.209
20260228B06,中部,北陸,0,0,0,0
20260228B06,北陸,関西,1467.241,0,8,0
20260228B06,関西,中国,2934,1592.5,65.239,74.991
20260228B06,関西_関西-中国間(東),中国_関西-中国間(東),2934,1592.5,65.239,74.991
20260228B06,関西_関西-中国間(西),中国_関西-中国間(西),2934,1592.5,65.239,74.991
20260228B06,関西,四国,0,0,0,0
20260228B06,中国,四国,0,36,0,0
20260228B06,中国,九州,172.759,0,21,0
20260228B07,北海道,東北,4.862,0,0,0
20260228B07,東北,東京,0,2127.9,0,8
20260228B07,東京,中部,555,0,0,0
20260228B07,中部,関西,1170.649,120.69,204.803,1.385
20260228B07,中部,北陸,0,0,0,0
20260228B07,北陸,関西,1467.241,0,8,0
20260228B07,関西,中国,2934,1868.043,52.803,53.278
20260228B07,関西_関西-中国間(東),中国_関西-中国間(東),2934,1868.043,52.803,53.278
20260228B07,関西_関西-中国間(西),中国_関西-中国間(西),2934,1868.043,52.803,53.278
20260228B07,関西,四国,0,0,0,0
20260228B07,中国,四国,0,216,0,0
20260228B07,中国,九州,462.759,0,0,0
20260228B08,北海道,東北,107.502,0,0,0
20260228B08,東北,東京,0,2127.9,0,0
20260228B08,東京,中部,375,0,0,0
20260228B08,中部,関西,987.741,0,105.759,0
20260228B08,中部,北陸,0,0,0,0
20260228B08,北陸,関西,1462.414,0,3.488,0
20260228B08,関西,中国,2934,1414.069,21.969,0
20260228B08,関西_関西-中国間(東),中国_関西-中国間(東),2934,1414.069,21.969,0
20260228B08,関西_関西-中国間(西),中国_関西-中国間(西),2934,1414.069,21.969,0
20260228B08,関西,四国,0,0,0,0
20260228B08,中国,四国,0,0,0,0
20260228B08,中国,九州,389.172,0,54,0
E
