H,電力需給調整力取引所取引結果,対象年月,商品区分,ブロック数
P,速報値,202603,二次調整力2,8
TT,取引情報,北海道,東北,東京,中部,北陸,関西,中国,四国,九州,合計
20260301B01,募集量（TSO別）[MW],0,0,0,0,38,0,0,26,0,64
20260301B01,応札量合計（電源属地別）[MW],107.9,267,310.596,339.547,71,425.402,215.484,30,319,2085.929
20260301B01,落札量合計（電源属地別）[MW],0,210,44.163,184.441,71,196.722,131.494,30,87,954.82
20260301B01,応札件数（電源属地別）[件],4,3,4,6,1,4,7,2,6,37
20260301B01,落札件数（電源属地別）[件],0,3,3,3,1,4,5,2,4,25
20260301B01,最高落札価格（電源属地別）[円/kW・30分],0,3.43,1.2,2.11,1.43,0.82,1.18,7.27,1.44,7.27
20260301B01,最低落札価格（電源属地別）[円/kW・30分],0,2.2,0.89,1.67,1.43,0.36,0.36,0.64,0.36,0.36
20260301B01,平均落札価格（電源属地別）[円/kW・30分],0,2.68,1.06,1.86,1.43,0.54,0.92,3.96,0.99,1.56
20260301B01,最高落札価格（TSO別）[円/kW・30分],0,3.43,1.2,2.11,1.43,0.82,1.18,7.27,1.44,7.27
20260301B01,最低落札価格（TSO別）[円/kW・30分],0,2.2,0.89,1.67,1.43,0.36,0.36,0.64,0.36,0.36
20260301B01,平均落札価格（TSO別）[円/kW・30分],0,2.68,1.06,1.86,1.43,0.54,0.92,3.96,0.99,1.56
20260301B01,落札量合計（TSO別）[MW],0,210,44.163,184.441,71,196.722,131.494,30,87,954.82
20260301B01,（内訳）自エリアからの落札量[MW],0,210,44.163,184.441,71,196.722,131.494,30,87,954.82
20260301B02,募集量（TSO別）[MW],8,146,0,0,32,0,0,24,36,246
20260301B02,応札量合計（電源属地別）[MW],127.7,267,211.16,214.847,71,425.402,215.484,64,352,1948.593
20260301B02,落札量合計（電源属地別）[MW],15,210,69,168.517,71,196.722,131.474,63,170,1094.713
20260301B02,応札件数（電源属地別）[件],5,3,4,3,1,4,7,4,7,38
20260301B02,落札件数（電源属地別）[件],1,3,4,2,1,4,5,4,6,30
20260301B02,最高落札価格（電源属地別）[円/kW・30分],3.82,3.5,1.13,4.56,1.43,0.81,1.37,7.94,1.6,7.94
20260301B02,最低落札価格（電源属地別）[円/kW・30分],3.82,2.48,0.81,2.68,1.43,0.36,0.36,0.51,0.36,0.36
20260301B02,平均落札価格（電源属地別）[円/kW・30分],3.82,2.84,0.93,3.12,1.43,0.54,1.05,3.19,0.94,1.78
20260301B02,最高落札価格（TSO別）[円/kW・30分],3.82,3.5,1.13,4.56,1.43,0.81,1.37,7.94,1.6,7.94
20260301B02,最低落札価格（TSO別）[円/kW・30分],2.54,2.48,0.81,2.68,1.43,0.36,0.36,0.51,0.36,0.36
20260301B02,平均落札価格（TSO別）[円/kW・30分],3.37,2.85,0.93,3.12,1.43,0.54,1.05,3.19,0.94,1.78
20260301B02,落札量合計（TSO別）[MW],23,202,69,168.517,71,196.722,131.474,63,170,1094.713
20260301B02,（内訳）自エリアからの落札量[MW],15,202,69,168.517,71,196.722,131.474,63,170,1086.713
20260301B03,募集量（TSO別）[MW],42,330,0,197,67,130,112,84,217,1179
20260301B03,応札量合計（電源属地別）[MW],112.89,270,983.097,0,131,425.402,215.484,84,337,2558.873
20260301B03,落札量合計（電源属地別）[MW],37.89,239.056,335.729,0,131,320.57,167.98,84,203,1519.225
20260301B03,応札件数（電源属地別）[件],6,3,8,0,2,4,7,3,6,39
20260301B03,落札件数（電源属地別）[件],4,3,4,0,2,4,5,3,3,28
20260301B03,最高落札価格（電源属地別）[円/kW・30分],10,3.53,4.32,0,1.17,0.62,0.76,7.9,0.36,10
20260301B03,最低落札価格（電源属地別）[円/kW・30分],4.92,1.74,0.36,0,1.16,0.36,0.36,0.36,0.36,0.36
20260301B03,平均落札価格（電源属地別）[円/kW・30分],5.69,2.53,2.75,0,1.17,0.42,0.57,2.47,0.36,1.59
20260301B03,最高落札価格（TSO別）[円/kW・30分],10,3.53,4.32,0,1.17,0.62,0.76,7.9,0.36,10
20260301B03,最低落札価格（TSO別）[円/kW・30分],0.36,0.36,3.2,0,1.16,0.36,0.36,0.36,0.36,0.36
20260301B03,平均落札価格（TSO別）[円/kW・30分],4.69,1.93,3.76,0,1.17,0.42,0.59,2.47,0.36,1.59
20260301B03,落札量合計（TSO別）[MW],46.675,330,236,0,131,317.076,153.474,84,221,1519.225
20260301B03,（内訳）自エリアからの落札量[MW],37.89,239.056,236,0,131,317.076,153.474,84,203,1401.496
20260301B04,募集量（TSO別）[MW],23,230,0,197,72,131,122,79,89,943
20260301B04,応札量合計（電源属地別）[MW],144.8,270,1172.511,0,140,346.418,143.954,79,371,2667.683
20260301B04,落札量合計（電源属地別）[MW],26,232,257.7,0,140,346.418,143.954,79,289,1514.072
20260301B04,応札件数（電源属地別）[件],5,3,7,0,2,4,5,3,6,35
20260301B04,落札件数（電源属地別）[件],2,3,3,0,2,4,5,3,5,27
20260301B04,最高落札価格（電源属地別）[円/kW・30分],5.47,5.56,0.36,0,0.35,19.51,0.36,14.54,0.36,19.51
20260301B04,最低落札価格（電源属地別）[円/kW・30分],4.07,2.78,0.36,0,0.35,0.36,0.36,0.36,0.36,0.35
20260301B04,平均落札価格（電源属地別）[円/kW・30分],4.61,4.05,0.36,0,0.35,0.69,0.36,4.78,0.36,1.3
20260301B04,最高落札価格（TSO別）[円/kW・30分],5.56,5.56,0.36,0,0.35,19.51,0.36,14.54,0.36,19.51
20260301B04,最低落札価格（TSO別）[円/kW・30分],4.07,0.36,0.36,0,0.35,0.36,0.36,0.36,0.36,0.35
20260301B04,平均落札価格（TSO別）[円/kW・30分],5.06,3.56,0.36,0,0.35,0.69,0.36,4.78,0.36,1.3
20260301B04,落札量合計（TSO別）[MW],49,230,236.7,0,140,346.418,143.954,79,289,1514.072
20260301B04,（内訳）自エリアからの落札量[MW],26,209,236.7,0,140,346.418,143.954,79,289,1470.072
20260301B05,募集量（TSO別）[MW],9,332,0,0,59,151,84,83,0,718
20260301B05,応札量合計（電源属地別）[MW],128.99,270,0,0,140,425.402,143.954,83,371,1562.346
20260301B05,落札量合計（電源属地別）[MW],18.645,270,0,0,140,411.722,143.954,83,267,1334.321
20260301B05,応札件数（電源属地別）[件],5,3,0,0,2,4,5,3,6,28
20260301B05,落札件数（電源属地別）[件],1,3,0,0,2,4,5,3,5,23
20260301B05,最高落札価格（電源属地別）[円/kW・30分],5.51,6.62,0,0,0.35,0.36,0.36,16.93,0.36,16.93
20260301B05,最低落札価格（電源属地別）[円/kW・30分],5.51,3.34,0,0,0.35,0.36,0.36,0.36,0.36,0.35
20260301B05,平均落札価格（電源属地別）[円/kW・30分],5.51,4.99,0,0,0.35,0.36,0.36,5.07,0.36,1.66
20260301B05,最高落札価格（TSO別）[円/kW・30分],5.51,6.62,0,0,0.35,0.36,0.36,16.93,0.36,16.93
20260301B05,最低落札価格（TSO別）[円/kW・30分],5.51,3.34,0,0,0.35,0.36,0.36,0.36,0.36,0.35
20260301B05,平均落札価格（TSO別）[円/kW・30分],5.51,5.01,0,0,0.35,0.36,0.36,5.07,0.36,1.66
20260301B05,落札量合計（TSO別）[MW],9,279.645,0,0,140,411.722,143.954,83,267,1334.321
20260301B05,（内訳）自エリアからの落札量[MW],9,270,0,0,140,411.722,143.954,83,267,1324.676
20260301B06,募集量（TSO別）[MW],10,245,0,227,50,218,156,119,223,1248
20260301B06,応札量合計（電源属地別）[MW],109,270,1243.502,0,134,425.402,215.484,119,337,2853.388
20260301B06,落札量合計（電源属地別）[MW],10,232,273,0,134,425.402,167.98,119,237,1598.382
20260301B06,応札件数（電源属地別）[件],4,3,8,0,2,4,7,3,6,37
20260301B06,落札件数（電源属地別）[件],1,3,3,0,2,4,5,3,4,25
20260301B06,最高落札価格（電源属地別）[円/kW・30分],5.35,3.65,4.32,0,0.35,0.36,0.64,8.64,0.6,8.64
20260301B06,最低落札価格（電源属地別）[円/kW・30分],5.35,1.79,0.36,0,0.35,0.36,0.36,0.36,0.36,0.35
20260301B06,平均落札価格（電源属地別）[円/kW・30分],5.35,2.61,3.5,0,0.35,0.36,0.51,2.43,0.44,1.44
20260301B06,最高落札価格（TSO別）[円/kW・30分],5.35,3.65,4.32,0,0.35,0.36,0.64,8.64,0.6,8.64
20260301B06,最低落札価格（TSO別）[円/kW・30分],0.36,0.36,3.2,0,0.35,0.36,0.36,0.36,0.36,0.35
20260301B06,平均落札価格（TSO別）[円/kW・30分],2.86,2.49,3.79,0,0.35,0.36,0.5,2.43,0.44,1.44
20260301B06,落札量合計（TSO別）[MW],20,245,250,0,134,411.876,175.506,119,243,1598.382
20260301B06,（内訳）自エリアからの落札量[MW],10,232,250,0,134,411.876,161.98,119,237,1555.856
20260301B07,募集量（TSO別）[MW],1,183,0,36,32,66,3,24,42,387
20260301B07,応札量合計（電源属地別）[MW],107.9,178,1198.949,688.688,71,425.402,215.484,45,383,3313.423
20260301B07,落札量合計（電源属地別）[MW],0,140,359.989,93,71,196.722,134.474,45,227.377,1267.562
20260301B07,応札件数（電源属地別）[件],4,2,14,12,1,4,7,3,8,55
20260301B07,落札件数（電源属地別）[件],0,2,7,4,1,4,5,3,7,33
20260301B07,最高落札価格（電源属地別）[円/kW・30分],0,2.59,9.04,4.08,0.98,0.7,1.94,7.4,1.72,9.04
20260301B07,最低落札価格（電源属地別）[円/kW・30分],0,1.8,1,2.76,0.98,0.36,0.36,1.46,0.36,0.36
20260301B07,平均落札価格（電源属地別）[円/kW・30分],0,2.2,3.55,3.62,0.98,0.49,1.45,3.66,1.08,2.13
20260301B07,最高落札価格（TSO別）[円/kW・30分],9.04,9.04,9.04,4.08,0.98,0.7,1.94,7.4,1.72,9.04
20260301B07,最低落札価格（TSO別）[円/kW・30分],9.04,1.8,1,2.76,0.98,0.36,0.36,1.46,0.36,0.36
20260301B07,平均落札価格（TSO別）[円/kW・30分],9.04,3.3,3.08,3.62,0.98,0.49,1.45,3.66,1.08,2.13
20260301B07,落札量合計（TSO別）[MW],1,183,315.989,93,71,196.722,134.474,45,227.377,1267.562
20260301B07,（内訳）自エリアからの落札量[MW],0,140,315.989,93,71,196.722,134.474,45,227.377,1223.562
20260301B08,募集量（TSO別）[MW],0,0,0,19,38,51,22,37,63,230
20260301B08,応札量合計（電源属地別）[MW],109,178,166.001,697.461,71,425.402,167.614,64,313,2191.478
20260301B08,落札量合計（電源属地別）[MW],3,140,166.001,296.891,71,251.677,112,64,220.516,1325.085
20260301B08,応札件数（電源属地別）[件],4,2,2,16,1,4,6,4,7,46
20260301B08,落札件数（電源属地別）[件],1,2,2,7,1,4,4,4,6,31
20260301B08,最高落札価格（電源属地別）[円/kW・30分],7,2.98,1.81,3.11,0.95,0.67,1.36,7.3,1.29,7.3
20260301B08,最低落札価格（電源属地別）[円/kW・30分],7,2.12,1,2.32,0.95,0.36,0.36,0.36,0.36,0.36
20260301B08,平均落札価格（電源属地別）[円/kW・30分],7,2.55,1.05,2.76,0.95,0.44,0.79,2.09,0.67,1.45
20260301B08,最高落札価格（TSO別）[円/kW・30分],7,2.98,1.81,3.11,0.95,0.67,1.36,7.3,1.29,7.3
20260301B08,最低落札価格（TSO別）[円/kW・30分],7,2.12,1,2.32,0.95,0.36,0.36,0.36,0.36,0.36
20260301B08,平均落札価格（TSO別）[円/kW・30分],7,2.55,1.05,2.76,0.95,0.44,0.79,2.09,0.67,1.45
20260301B08,落札量合計（TSO別）[MW],3,140,166.001,296.891,71,251.677,112,64,220.516,1325.085
20260301B08,（内訳）自エリアからの落札量[MW],3,140,166.001,296.891,71,251.677,112,64,220.516,1325.085
20260302B01,募集量（TSO別）[MW],0,0,0,0,38,0,0,26,0,64
20260302B01,応札量合計（電源属地別）[MW],107.9,178,115.248,654.913,71,425.402,167.614,64,313,2097.077
20260302B01,落札量合計（電源属地別）[MW],0,140,5.269,327.02,71,182.87,87,64,117.842,995.001
20260302B01,応札件数（電源属地別）[件],4,2,2,14,1,4,6,4,7,44
20260302B01,落札件数（電源属地別）[件],0,2,1,8,1,4,4,4,5,29
20260302B01,最高落札価格（電源属地別）[円/kW・30分],0,2.36,1.7,3.39,1.34,1.45,1.25,7.21,2,7.21
20260302B01,最低落札価格（電源属地別）[円/kW・30分],0,2.31,1.7,1.51,1.34,0.48,0.36,0.36,0.36,0.36
20260302B01,平均落札価格（電源属地別）[円/kW・30分],0,2.34,1.7,2.33,1.34,0.86,0.85,1.97,1.51,1.74
20260302B01,最高落札価格（TSO別）[円/kW・30分],0,2.36,1.7,3.39,1.34,1.45,1.25,7.21,2,7.21
20260302B01,最低落札価格（TSO別）[円/kW・30分],0,2.31,1.7,1.51,1.34,0.48,0.36,0.36,0.36,0.36
20260302B01,平均落札価格（TSO別）[円/kW・30分],0,2.34,1.7,2.33,1.34,0.86,0.85,1.97,1.51,1.74
20260302B01,落札量合計（TSO別）[MW],0,140,5.269,327.02,71,182.87,87,64,117.842,995.001
20260302B01,（内訳）自エリアからの落札量[MW],0,140,5.269,327.02,71,182.87,87,64,117.842,995.001
20260302B02,募集量（TSO別）[MW],8,146,0,0,32,0,0,24,36,246
20260302B02,応札量合計（電源属地別）[MW],128.45,178,47.202,637.461,71,425.402,167.614,61,313,2029.129
20260302B02,落札量合計（電源属地別）[MW],15,143.991,47.202,296.895,71,196.722,109,61,170,1110.81
20260302B02,応札件数（電源属地別）[件],5,2,1,14,1,4,6,3,7,43
20260302B02,落札件数（電源属地別）[件],1,2,1,7,1,4,4,3,5,28
20260302B02,最高落札価格（電源属地別）[円/kW・30分],3.82,2.19,1.58,2.82,1.46,1.58,1.56,7.15,2.1,7.15
20260302B02,最低落札価格（電源属地別）[円/kW・30分],3.82,2.14,1.58,1.49,1.46,0.62,0.36,0.36,0.36,0.36
20260302B02,平均落札価格（電源属地別）[円/kW・30分],3.82,2.16,1.58,2.13,1.46,1.04,0.89,2.04,1.23,1.63
20260302B02,最高落札価格（TSO別）[円/kW・30分],3.82,2.19,1.58,2.82,1.46,1.58,1.56,7.15,2.1,7.15
20260302B02,最低落札価格（TSO別）[円/kW・30分],1.58,1.58,1.58,1.49,1.46,0.62,0.36,0.36,0.36,0.36
20260302B02,平均落札価格（TSO別）[円/kW・30分],3.04,2.16,1.58,2.13,1.46,1.04,0.89,2.04,1.23,1.63
20260302B02,落札量合計（TSO別）[MW],23,146,37.193,296.895,71,196.722,109,61,170,1110.81
20260302B02,（内訳）自エリアからの落札量[MW],15,143.991,37.193,296.895,71,196.722,109,61,170,1100.801
20260302B03,募集量（TSO別）[MW],42,330,0,197,67,130,112,84,217,1179
20260302B03,応札量合計（電源属地別）[MW],113.64,181,887.453,241.958,131,494.402,167.614,84,332,2633.067
20260302B03,落札量合計（電源属地別）[MW],31,162,442.785,193.696,131,330.399,120.11,84,259,1753.99
20260302B03,応札件数（電源属地別）[件],6,2,6,4,2,5,6,3,6,40
20260302B03,落札件数（電源属地別）[件],1,2,5,4,2,5,4,3,5,31
20260302B03,最高落札価格（電源属地別）[円/kW・30分],4.6,1.56,4.32,3.54,2.38,7.13,1.98,7.47,2.77,7.47
20260302B03,最低落札価格（電源属地別）[円/kW・30分],4.6,1.19,0.36,2.51,2.37,1.55,0.36,0.36,0.69,0.36
20260302B03,平均落札価格（電源属地別）[円/kW・30分],4.6,1.35,2.17,3.12,2.38,2.96,1.01,1.94,1.53,2.22
20260302B03,最高落札価格（TSO別）[円/kW・30分],4.6,1.56,4.32,3.54,2.38,7.13,1.98,7.47,2.77,7.47
20260302B03,最低落札価格（TSO別）[円/kW・30分],0.36,0.36,3.2,2.51,2.37,1.55,0.36,0.36,0.69,0.36
20260302B03,平均落札価格（TSO別）[円/kW・30分],2.24,0.85,3.76,3.12,2.38,3.04,1.04,1.94,1.55,2.22
20260302B03,落札量合計（TSO別）[MW],69.785,330,236,193.696,124.787,312.722,126,84,277,1753.99
20260302B03,（内訳）自エリアからの落札量[MW],31,162,236,193.696,124.787,312.722,120.11,84,259,1523.315
20260302B04,募集量（TSO別）[MW],23,230,0,197,72,131,122,79,89,943
20260302B04,応札量合計（電源属地別）[MW],134.55,181,875.906,0,140,431.402,157.714,79,332,2331.572
20260302B04,落札量合計（電源属地別）[MW],48.8,181,156,0,140,425.402,157.714,79,249,1436.916
20260302B04,応札件数（電源属地別）[件],5,2,5,0,2,5,5,3,6,33
20260302B04,落札件数（電源属地別）[件],2,2,1,0,2,4,5,3,5,24
20260302B04,最高落札価格（電源属地別）[円/kW・30分],5.3,2.33,1,0,1.1,1.31,1.58,7.25,0.57,7.25
20260302B04,最低落札価格（電源属地別）[円/kW・30分],4.07,1.58,1,0,1.09,0.36,0.36,0.36,0.36,0.36
20260302B04,平均落札価格（電源属地別）[円/kW・30分],4.85,1.95,1,0,1.1,0.59,1.01,1.69,0.42,1.08
20260302B04,最高落札価格（TSO別）[円/kW・30分],5.3,2.33,1,1.31,1.1,1.31,1.58,7.25,0.57,7.25
20260302B04,最低落札価格（TSO別）[円/kW・30分],4.07,1.58,1,0.43,1.09,0.36,0.36,0.36,0.36,0.36
20260302B04,平均落札価格（TSO別）[円/kW・30分],4.85,1.95,1,0.5,1.1,0.62,1.01,1.69,0.42,1.08
20260302B04,落札量合計（TSO別）[MW],48.8,181,156,96.774,140,328.628,157.714,79,249,1436.916
20260302B04,（内訳）自エリアからの落札量[MW],48.8,181,156,0,140,328.628,157.714,79,249,1340.142
20260302B05,募集量（TSO別）[MW],9,332,0,0,59,151,84,83,0,718
20260302B05,応札量合計（電源属地別）[MW],110.74,181,0,0,140,425.402,136.634,83,332,1408.776
20260302B05,落札量合計（電源属地別）[MW],12.99,181,0,0,140,353.454,112.974,83,254,1137.418
20260302B05,応札件数（電源属地別）[件],5,2,0,0,2,4,5,2,6,26
20260302B05,落札件数（電源属地別）[件],3,2,0,0,2,4,4,2,5,22
20260302B05,最高落札価格（電源属地別）[円/kW・30分],6.5,2.42,0,0,0.35,0.48,0.92,0.64,0.36,6.5
20260302B05,最低落札価格（電源属地別）[円/kW・30分],4.49,1.65,0,0,0.35,0.36,0.36,0.36,0.36,0.35
20260302B05,平均落札価格（電源属地別）[円/kW・30分],5.13,2.03,0,0,0.35,0.39,0.67,0.41,0.36,0.72
20260302B05,最高落札価格（TSO別）[円/kW・30分],6.5,2.42,0,0,0.35,0.48,0.92,0.64,0.36,6.5
20260302B05,最低落札価格（TSO別）[円/kW・30分],4.49,1.65,0,0,0.35,0.36,0.36,0.36,0.36,0.35
20260302B05,平均落札価格（TSO別）[円/kW・30分],5.13,2.03,0,0,0.35,0.39,0.67,0.41,0.36,0.72
20260302B05,落札量合計（TSO別）[MW],12.99,181,0,0,140,353.454,112.974,83,254,1137.418
20260302B05,（内訳）自エリアからの落札量[MW],12.99,181,0,0,140,353.454,112.974,83,254,1137.418
20260302B06,募集量（TSO別）[MW],10,245,0,227,50,218,156,119,223,1248
20260302B06,応札量合計（電源属地別）[MW],109,142,1422.754,102.527,134,425.402,136.634,119,332,2923.317
20260302B06,落札量合計（電源属地別）[MW],16,142,250,102.527,134,359.366,89.13,119,202,1414.023
20260302B06,応札件数（電源属地別）[件],4,2,7,1,2,4,5,2,6,33
20260302B06,落札件数（電源属地別）[件],1,2,2,1,2,4,3,2,4,21
20260302B06,最高落札価格（電源属地別）[円/kW・30分],4.27,2.67,4.32,2.48,1.44,1.62,2.1,7.2,1.49,7.2
20260302B06,最低落札価格（電源属地別）[円/kW・30分],4.27,1.54,3.2,2.48,1.43,0.66,0.4,0.36,0.48,0.36
20260302B06,平均落札価格（電源属地別）[円/kW・30分],4.27,1.94,3.79,2.48,1.44,0.91,1.32,1.22,0.73,1.75
20260302B06,最高落札価格（TSO別）[円/kW・30分],4.27,2.67,4.32,2.48,1.44,1.62,2.48,7.2,1.49,7.2
20260302B06,最低落札価格（TSO別）[円/kW・30分],4.27,1.54,3.2,0.74,1.43,0.66,0.4,0.36,0.48,0.36
20260302B06,平均落札価格（TSO別）[円/kW・30分],4.27,1.94,3.79,1.73,1.44,0.9,1.61,1.22,0.72,1.75
20260302B06,落札量合計（TSO別）[MW],16,142,250,165.126,70,252.897,156,119,243,1414.023
20260302B06,（内訳）自エリアからの落札量[MW],16,142,250,68.352,70,252.897,89.13,119,202,1209.379
20260302B07,募集量（TSO別）[MW],1,183,0,36,32,66,3,24,42,387
20260302B07,応札量合計（電源属地別）[MW],107.9,50,1676.129,204.919,71,494.402,413.974,45,354,3417.324
20260302B07,落札量合計（電源属地別）[MW],0,50,454.159,166.307,71,265.722,191.662,45,173,1416.85
20260302B07,応札件数（電源属地別）[件],4,1,11,2,1,5,11,3,7,45
20260302B07,落札件数（電源属地別）[件],0,1,5,2,1,5,9,3,5,31
20260302B07,最高落札価格（電源属地別）[円/kW・30分],0,2.9,7.8,6.7,2.33,4.76,2.67,7.33,3.02,7.8
20260302B07,最低落札価格（電源属地別）[円/kW・30分],0,2.9,1,1.91,2.33,1.78,0.54,1,0.74,0.54
20260302B07,平均落札価格（電源属地別）[円/kW・30分],0,2.9,4.32,3.75,2.33,2.86,1.61,3.48,2.26,3.18
20260302B07,最高落札価格（TSO別）[円/kW・30分],7.8,7.8,7.8,6.7,2.33,4.76,2.67,7.33,3.02,7.8
20260302B07,最低落札価格（TSO別）[円/kW・30分],7.8,2.9,1,1.91,2.33,1.78,0.54,1,0.74,0.54
20260302B07,平均落札価格（TSO別）[円/kW・30分],7.8,5.38,3.47,3.75,2.33,2.86,1.61,3.48,2.26,3.18
20260302B07,落札量合計（TSO別）[MW],1,183,320.159,166.307,71,265.722,191.662,45,173,1416.85
20260302B07,（内訳）自エリアからの落札量[MW],0,50,320.159,166.307,71,265.722,191.662,45,173,1282.85
20260302B08,募集量（TSO別）[MW],0,0,0,19,38,51,22,37,63,230
20260302B08,応札量合計（電源属地別）[MW],109.75,139,213.836,204.919,71,425.402,413.974,64,280,1921.881
20260302B08,落札量合計（電源属地別）[MW],3,120,213.836,136.614,71,196.722,188.722,64,183,1176.894
20260302B08,応札件数（電源属地別）[件],4,2,4,2,1,4,11,4,6,38
20260302B08,落札件数（電源属地別）[件],1,2,4,2,1,4,9,4,5,32
20260302B08,最高落札価格（電源属地別）[円/kW・30分],7,3.44,7.01,5.98,1.85,2.1,1.75,7.37,2.45,7.37
20260302B08,最低落札価格（電源属地別）[円/kW・30分],7,1.83,1,1.98,1.85,1.14,0.36,1.08,0.42,0.36
20260302B08,平均落札価格（電源属地別）[円/kW・30分],7,2.5,1.87,3.98,1.85,1.56,1.04,2.67,1.1,1.93
20260302B08,最高落札価格（TSO別）[円/kW・30分],7,3.44,7.01,5.98,1.85,2.1,1.75,7.37,2.45,7.37
20260302B08,最低落札価格（TSO別）[円/kW・30分],7,1.83,1,1.98,1.85,1.14,0.36,1.08,0.42,0.36
20260302B08,平均落札価格（TSO別）[円/kW・30分],7,2.5,1.87,3.98,1.85,1.56,1.04,2.67,1.1,1.93
20260302B08,落札量合計（TSO別）[MW],3,120,213.836,136.614,71,196.722,188.722,64,183,1176.894
20260302B08,（内訳）自エリアからの落札量[MW],3,120,213.836,136.614,71,196.722,188.722,64,183,1176.894
20260303B01,募集量（TSO別）[MW],0,0,0,0,38,0,0,26,0,64
20260303B01,応札量合計（電源属地別）[MW],107.9,139,36.434,309.746,71,425.402,352.014,64,280,1785.496
20260303B01,落札量合計（電源属地別）[MW],0,120,3.014,217.119,71,196.722,163.248,55,87,913.103
20260303B01,応札件数（電源属地別）[件],4,2,2,6,1,4,9,4,6,38
20260303B01,落札件数（電源属地別）[件],0,2,1,5,1,4,7,4,4,28
20260303B01,最高落札価格（電源属地別）[円/kW・30分],0,3.88,1.05,2.94,1.34,1.45,1.59,6.63,2,6.63
20260303B01,最低落札価格（電源属地別）[円/kW・30分],0,2.16,1.05,2.39,1.34,0.48,0.36,0.36,0.36,0.36
20260303B01,平均落札価格（電源属地別）[円/kW・30分],0,2.88,1.05,2.77,1.34,0.9,1.05,1.22,1.42,1.74
20260303B01,最高落札価格（TSO別）[円/kW・30分],0,3.88,1.05,2.94,1.34,1.45,1.59,6.63,2,6.63
20260303B01,最低落札価格（TSO別）[円/kW・30分],0,2.16,1.05,2.39,1.34,0.48,0.36,0.36,0.36,0.36
20260303B01,平均落札価格（TSO別）[円/kW・30分],0,2.88,1.05,2.77,1.34,0.9,1.05,1.22,1.42,1.74
20260303B01,落札量合計（TSO別）[MW],0,120,3.014,217.119,71,196.722,163.248,55,87,913.103
20260303B01,（内訳）自エリアからの落札量[MW],0,120,3.014,217.119,71,196.722,163.248,55,87,913.103
20260303B02,募集量（TSO別）[MW],8,60,0,0,32,0,0,24,36,160
20260303B02,応札量合計（電源属地別）[MW],128.45,50,0,309.746,71,425.402,352.014,61,313,1710.612
20260303B02,落札量合計（電源属地別）[MW],52,50,0,59.94,71,196.722,163.208,61,170,823.87
20260303B02,応札件数（電源属地別）[件],5,1,0,6,1,4,9,3,7,36
20260303B02,落札件数（電源属地別）[件],3,1,0,2,1,4,7,3,5,26
20260303B02,最高落札価格（電源属地別）[円/kW・30分],4.65,3.78,0,2.88,1.46,1.58,1.88,6.56,2.1,6.56
20260303B02,最低落札価格（電源属地別）[円/kW・30分],3.82,3.78,0,2.46,1.46,0.62,0.36,0.36,0.36,0.36
20260303B02,平均落札価格（電源属地別）[円/kW・30分],4.31,3.78,0,2.76,1.46,1.04,1.22,2.07,1.23,1.73
20260303B02,最高落札価格（TSO別）[円/kW・30分],3.82,4.65,0,2.88,1.46,1.58,1.88,6.56,2.1,6.56
20260303B02,最低落札価格（TSO別）[円/kW・30分],3.82,3.78,0,2.46,1.46,0.62,0.36,0.36,0.36,0.36
20260303B02,平均落札価格（TSO別）[円/kW・30分],3.82,4.07,0,2.76,1.46,1.04,1.22,2.07,1.23,1.73
20260303B02,落札量合計（TSO別）[MW],8,94,0,59.94,71,196.722,163.208,61,170,823.87
20260303B02,（内訳）自エリアからの落札量[MW],8,50,0,59.94,71,196.722,163.208,61,170,779.87
20260303B03,募集量（TSO別）[MW],42,244,0,197,67,130,112,84,217,1093
20260303B03,応札量合計（電源属地別）[MW],113.64,50,1046.541,120.976,131,494.402,413.974,84,332,2786.533
20260303B03,落札量合計（電源属地別）[MW],32,50,468.785,106.846,131,330.399,354.576,84,259,1816.606
20260303B03,応札件数（電源属地別）[件],6,1,10,2,2,5,11,3,6,46
20260303B03,落札件数（電源属地別）[件],2,1,6,2,2,5,9,3,5,35
20260303B03,最高落札価格（電源属地別）[円/kW・30分],5,3.06,4.32,3.47,2.38,4.46,2.36,7.41,2.77,7.41
20260303B03,最低落札価格（電源属地別）[円/kW・30分],3.82,3.06,0.36,3.17,2.37,1.55,0.41,0.36,0.69,0.36
20260303B03,平均落札価格（電源属地別）[円/kW・30分],3.86,3.06,2.04,3.34,2.38,2.41,0.95,1.88,1.53,1.98
20260303B03,最高落札価格（TSO別）[円/kW・30分],5,3.06,4.32,3.47,2.38,4.46,2.36,7.41,2.77,7.41
20260303B03,最低落札価格（TSO別）[円/kW・30分],0.36,0.36,1.99,0.41,2.37,1.55,0.41,0.36,0.41,0.36
20260303B03,平均落札価格（TSO別）[円/kW・30分],1.94,1.03,3.58,2.72,2.38,2.45,1.01,1.88,1.46,1.98
20260303B03,落札量合計（TSO別）[MW],70.785,244,236,172.437,98,312.722,321.662,84,277,1816.606
20260303B03,（内訳）自エリアからの落札量[MW],32,50,236,106.846,98,312.722,321.662,84,259,1500.23
20260303B04,募集量（TSO別）[MW],69,316,0,197,72,131,122,79,89,1075
20260303B04,応札量合計（電源属地別）[MW],126.55,142,1367.136,0,140,431.402,204.899,79,332,2822.987
20260303B04,落札量合計（電源属地別）[MW],83.032,142,513.744,0,140,425.402,181.055,79,249,1813.233
20260303B04,応札件数（電源属地別）[件],5,2,8,0,2,5,6,3,6,37
20260303B04,落札件数（電源属地別）[件],3,2,5,0,2,4,5,3,5,29
20260303B04,最高落札価格（電源属地別）[円/kW・30分],9.47,3.49,1,0,1.1,1.31,2.39,7.18,0.57,9.47
20260303B04,最低落札価格（電源属地別）[円/kW・30分],5.22,1.31,0.36,0,1.09,0.36,0.46,0.36,0.36,0.36
20260303B04,平均落札価格（電源属地別）[円/kW・30分],7.83,2.08,0.55,0,1.1,0.59,1.22,1.65,0.42,1.15
20260303B04,最高落札価格（TSO別）[円/kW・30分],9.47,3.49,1,0.44,1.1,1.31,2.39,7.18,0.57,9.47
20260303B04,最低落札価格（TSO別）[円/kW・30分],0.36,0.36,0.36,0.36,1.09,0.36,0.46,0.36,0.36,0.36
20260303B04,平均落札価格（TSO別）[円/kW・30分],6.69,0.97,0.68,0.42,1.1,0.64,1.22,1.65,0.42,1.15
20260303B04,落札量合計（TSO別）[MW],106.032,316,316.744,96.774,140,328.628,181.055,79,249,1813.233
20260303B04,（内訳）自エリアからの落札量[MW],83.032,126,316.744,0,140,328.628,181.055,79,249,1503.459
20260303B05,募集量（TSO別）[MW],47,418,0,0,59,151,84,83,0,842
20260303B05,応札量合計（電源属地別）[MW],129.74,142,0,0,140,425.402,64.724,83,332,1316.866
20260303B05,落札量合計（電源属地別）[MW],118.74,142,0,0,140,359.804,64.724,83,265,1173.268
20260303B05,応札件数（電源属地別）[件],5,2,0,0,2,4,3,3,6,25
20260303B05,落札件数（電源属地別）[件],4,2,0,0,2,4,3,3,5,23
20260303B05,最高落札価格（電源属地別）[円/kW・30分],9.69,3.64,0,0,0.35,0.48,1.41,7.09,0.36,9.69
20260303B05,最低落札価格（電源属地別）[円/kW・30分],4.49,1.39,0,0,0.35,0.36,0.36,0.36,0.36,0.35
20260303B05,平均落札価格（電源属地別）[円/kW・30分],8.41,2.18,0,0,0.35,0.39,0.75,1.59,0.36,1.51
20260303B05,最高落札価格（TSO別）[円/kW・30分],9.69,9.69,0,0,0.35,0.48,1.41,7.09,0.36,9.69
20260303B05,最低落札価格（TSO別）[円/kW・30分],5.49,1.39,0,0,0.35,0.36,0.36,0.36,0.36,0.35
20260303B05,平均落札価格（TSO別）[円/kW・30分],8.36,3.81,0,0,0.35,0.39,0.66,1.59,0.36,1.51
20260303B05,落札量合計（TSO別）[MW],69.095,191.645,0,0,140,340.528,84,83,265,1173.268
20260303B05,（内訳）自エリアからの落札量[MW],69.095,142,0,0,140,340.528,64.724,83,265,1104.347
20260303B06,募集量（TSO別）[MW],10,245,0,227,50,218,156,119,223,1248
20260303B06,応札量合計（電源属地別）[MW],109,142,1173.141,102.527,134,425.402,181.239,119,332,2718.309
20260303B06,落札量合計（電源属地別）[MW],10,142,363,102.527,134,354.909,157.395,119,202,1584.831
20260303B06,応札件数（電源属地別）[件],4,2,8,1,2,4,5,3,6,35
20260303B06,落札件数（電源属地別）[件],1,2,6,1,2,4,4,3,4,27
20260303B06,最高落札価格（電源属地別）[円/kW・30分],4.18,2.59,4.32,2.44,1.44,1.62,2.4,7.15,1.49,7.15
20260303B06,最低落札価格（電源属地別）[円/kW・30分],4.18,1.58,0.36,2.44,1.43,0.66,0.47,0.36,0.48,0.36
20260303B06,平均落札価格（電源属地別）[円/kW・30分],4.18,1.94,2.72,2.44,1.44,0.91,1.1,1.22,0.73,1.6
20260303B06,最高落札価格（TSO別）[円/kW・30分],4.18,2.59,4.32,2.44,1.44,1.62,2.44,7.15,1.49,7.15
20260303B06,最低落札価格（TSO別）[円/kW・30分],0.36,0.36,3.2,0.66,1.43,0.66,0.47,0.36,0.47,0.36
20260303B06,平均落札価格（TSO別）[円/kW・30分],2.27,1.27,3.79,1.5,1.44,0.95,1.57,1.22,0.7,1.6
20260303B06,落札量合計（TSO別）[MW],20,245,250,165.126,112.413,270.301,159.991,119,243,1584.831
20260303B06,（内訳）自エリアからの落札量[MW],10,142,250,68.352,112.413,270.301,116.395,119,202,1290.461
20260303B07,募集量（TSO別）[MW],1,183,0,36,32,66,3,24,42,387
20260303B07,応札量合計（電源属地別）[MW],107.9,50,1447.577,204.919,71,494.402,390.314,45,374,3185.112
20260303B07,落札量合計（電源属地別）[MW],0,50,534.322,166.307,71,265.722,191.662,45,193,1517.013
20260303B07,応札件数（電源属地別）[件],4,1,13,2,1,5,10,3,7,46
20260303B07,落札件数（電源属地別）[件],0,1,6,2,1,5,9,3,5,32
20260303B07,最高落札価格（電源属地別）[円/kW・30分],0,2.74,6.77,4.27,2.33,2.74,2.79,7.19,2.77,7.19
20260303B07,最低落札価格（電源属地別）[円/kW・30分],0,2.74,1,1.82,2.33,1.09,0.66,0.62,0.74,0.62
20260303B07,平均落札価格（電源属地別）[円/kW・30分],0,2.74,4.08,3.33,2.33,1.91,1.73,3.31,2.23,2.94
20260303B07,最高落札価格（TSO別）[円/kW・30分],3.48,6.77,6.77,4.27,2.33,2.74,2.79,7.19,2.77,7.19
20260303B07,最低落札価格（TSO別）[円/kW・30分],3.48,2.74,1,1.82,2.33,1.09,0.66,0.62,0.74,0.62
20260303B07,平均落札価格（TSO別）[円/kW・30分],3.48,4.11,3.9,3.33,2.33,1.91,1.73,3.31,2.23,2.94
20260303B07,落札量合計（TSO別）[MW],1,183,400.322,166.307,71,265.722,191.662,45,193,1517.013
20260303B07,（内訳）自エリアからの落札量[MW],0,50,400.322,166.307,71,265.722,191.662,45,193,1383.013
20260303B08,募集量（TSO別）[MW],0,0,0,19,38,51,22,37,63,230
20260303B08,応札量合計（電源属地別）[MW],109.75,139,221.457,204.919,71,425.402,413.974,64,280,1929.502
20260303B08,落札量合計（電源属地別）[MW],3,120,221.457,136.614,71,196.722,188.722,64,183,1184.515
20260303B08,応札件数（電源属地別）[件],4,2,3,2,1,4,11,4,6,37
20260303B08,落札件数（電源属地別）[件],1,2,3,2,1,4,9,4,5,31
20260303B08,最高落札価格（電源属地別）[円/kW・30分],7,3.49,3.98,4.28,1.85,2.1,1.93,7.32,2.2,7.32
20260303B08,最低落札価格（電源属地別）[円/kW・30分],7,1.87,1,1.99,1.85,1.14,0.36,0.54,0.42,0.36
20260303B08,平均落札価格（電源属地別）[円/kW・30分],7,2.55,1.76,3.13,1.85,1.56,1.13,2.31,1.06,1.8
20260303B08,最高落札価格（TSO別）[円/kW・30分],7,3.49,3.98,4.28,1.85,2.1,1.93,7.32,2.2,7.32
20260303B08,最低落札価格（TSO別）[円/kW・30分],7,1.87,1,1.99,1.85,1.14,0.36,0.54,0.42,0.36
20260303B08,平均落札価格（TSO別）[円/kW・30分],7,2.55,1.76,3.13,1.85,1.56,1.13,2.31,1.06,1.8
20260303B08,落札量合計（TSO別）[MW],3,120,221.457,136.614,71,196.722,188.722,64,183,1184.515
20260303B08,（内訳）自エリアからの落札量[MW],3,120,221.457,136.614,71,196.722,188.722,64,183,1184.515
20260304B01,募集量（TSO別）[MW],0,0,0,0,38,0,0,26,0,64
20260304B01,応札量合計（電源属地別）[MW],107.9,139,0,249.258,71,425.402,352.014,64,280,1688.574
20260304B01,落札量合計（電源属地別）[MW],0,120,0,173.696,71,196.722,155.403,55,53,824.821
20260304B01,応札件数（電源属地別）[件],4,2,0,5,1,4,9,4,5,34
20260304B01,落札件数（電源属地別）[件],0,2,0,4,1,4,7,4,3,25
20260304B01,最高落札価格（電源属地別）[円/kW・30分],0,3.86,0,2.84,1.34,1.45,1.64,6.5,1.67,6.5
20260304B01,最低落札価格（電源属地別）[円/kW・30分],0,2.15,0,2.39,1.34,0.48,0.36,0.36,0.36,0.36
20260304B01,平均落札価格（電源属地別）[円/kW・30分],0,2.86,0,2.64,1.34,0.9,1.12,1.26,1.18,1.67
20260304B01,最高落札価格（TSO別）[円/kW・30分],0,3.86,0,2.84,1.34,1.45,1.64,6.5,1.67,6.5
20260304B01,最低落札価格（TSO別）[円/kW・30分],0,2.15,0,2.39,1.34,0.48,0.36,0.36,0.36,0.36
20260304B01,平均落札価格（TSO別）[円/kW・30分],0,2.86,0,2.64,1.34,0.9,1.12,1.26,1.18,1.67
20260304B01,落札量合計（TSO別）[MW],0,120,0,173.696,71,196.722,155.403,55,53,824.821
20260304B01,（内訳）自エリアからの落札量[MW],0,120,0,173.696,71,196.722,155.403,55,53,824.821
20260304B02,募集量（TSO別）[MW],8,146,0,0,32,0,0,24,36,246
20260304B02,応札量合計（電源属地別）[MW],124.7,50,16.855,241.958,71,425.402,352.014,61,313,1655.929
20260304B02,落札量合計（電源属地別）[MW],94.995,50,16.855,130.273,71,196.722,163.208,61,170,954.053
20260304B02,応札件数（電源属地別）[件],5,1,1,4,1,4,9,3,7,35
20260304B02,落札件数（電源属地別）[件],3,1,1,3,1,4,7,3,5,28
20260304B02,最高落札価格（電源属地別）[円/kW・30分],4.65,3.65,1.66,2.86,1.46,1.58,1.94,6.36,2.1,6.36
20260304B02,最低落札価格（電源属地別）[円/kW・30分],3.82,3.65,1.66,2.51,1.46,0.62,0.36,0.36,0.36,0.36
20260304B02,平均落札価格（電源属地別）[円/kW・30分],4.48,3.65,1.66,2.68,1.46,1.04,1.26,2.08,1.23,1.92
20260304B02,最高落札価格（TSO別）[円/kW・30分],4.65,4.65,1.66,2.86,1.46,1.58,1.94,6.36,2.1,6.36
20260304B02,最低落札価格（TSO別）[円/kW・30分],4.65,1.66,1.66,2.51,1.46,0.62,0.36,0.36,0.36,0.36
20260304B02,平均落札価格（TSO別）[円/kW・30分],4.65,4.01,1.66,2.68,1.46,1.04,1.26,2.08,1.23,1.92
20260304B02,落札量合計（TSO別）[MW],8,146,7.85,130.273,71,196.722,163.208,61,170,954.053
20260304B02,（内訳）自エリアからの落札量[MW],8,50,7.85,130.273,71,196.722,163.208,61,170,858.053
20260304B03,募集量（TSO別）[MW],42,330,0,197,67,130,112,84,217,1179
20260304B03,応札量合計（電源属地別）[MW],112.89,50,983.276,181.47,131,425.402,413.974,84,332,2714.012
20260304B03,落札量合計（電源属地別）[MW],31,50,554.785,150.273,131,261.399,354.576,84,259,1876.033
20260304B03,応札件数（電源属地別）[件],6,1,9,3,2,4,11,3,6,45
20260304B03,落札件数（電源属地別）[件],1,1,8,3,2,4,9,3,5,36
20260304B03,最高落札価格（電源属地別）[円/kW・30分],3.82,3.34,4.32,3.59,2.38,2.51,2.03,7.62,2.77,7.62
20260304B03,最低落札価格（電源属地別）[円/kW・30分],3.82,3.34,0.36,3.41,2.37,1.55,0.36,0.36,0.69,0.36
20260304B03,平均落札価格（電源属地別）[円/kW・30分],3.82,3.34,1.75,3.48,2.38,1.86,0.8,2.15,1.53,1.83
20260304B03,最高落札価格（TSO別）[円/kW・30分],3.82,3.34,4.32,3.59,2.38,2.51,2.03,7.62,2.77,7.62
20260304B03,最低落札価格（TSO別）[円/kW・30分],0.36,0.36,1.89,0.36,2.37,1.55,0.36,0.36,0.36,0.36
20260304B03,平均落札価格（TSO別）[円/kW・30分],1.9,0.81,3.62,2.94,2.38,1.89,0.84,2.15,1.46,1.83
20260304B03,落札量合計（TSO別）[MW],69.785,330,236,215.864,98,243.722,321.662,84,277,1876.033
20260304B03,（内訳）自エリアからの落札量[MW],31,50,236,150.273,98,243.722,321.662,84,259,1473.657
20260304B04,募集量（TSO別）[MW],23,230,0,197,72,223,122,79,89,1035
20260304B04,応札量合計（電源属地別）[MW],126.55,142,1360.851,0,140,431.402,204.899,79,332,2816.702
20260304B04,落札量合計（電源属地別）[MW],48.8,142,283.744,0,140,431.402,204.899,79,249,1578.845
20260304B04,応札件数（電源属地別）[件],5,2,8,0,2,5,6,3,6,37
20260304B04,落札件数（電源属地別）[件],2,2,3,0,2,5,6,3,5,28
20260304B04,最高落札価格（電源属地別）[円/kW・30分],5.22,4.12,1,0,1.1,19.51,0.87,7.43,0.57,19.51
20260304B04,最低落札価格（電源属地別）[円/kW・30分],4.07,1.63,0.36,0,1.09,0.36,0.36,0.36,0.36,0.36
20260304B04,平均落札価格（電源属地別）[円/kW・30分],4.8,2.51,0.71,0,1.1,0.86,0.55,1.94,0.42,1.07
20260304B04,最高落札価格（TSO別）[円/kW・30分],5.22,4.12,1,0.44,1.1,19.51,0.87,7.43,0.57,19.51
20260304B04,最低落札価格（TSO別）[円/kW・30分],4.07,0.36,0.36,0.36,1.09,0.36,0.36,0.36,0.36,0.36
20260304B04,平均落札価格（TSO別）[円/kW・30分],4.8,1.69,0.87,0.39,1.1,0.99,0.55,1.94,0.42,1.07
20260304B04,落札量合計（TSO別）[MW],48.8,230,195.744,96.774,140,334.628,204.899,79,249,1578.845
20260304B04,（内訳）自エリアからの落札量[MW],48.8,142,195.744,0,140,334.628,204.899,79,249,1394.071
20260304B05,募集量（TSO別）[MW],9,332,0,0,59,244,84,83,0,811
20260304B05,応札量合計（電源属地別）[MW],129.74,142,0,0,140,425.402,204.899,83,332,1457.041
20260304B05,落札量合計（電源属地別）[MW],63.645,142,0,0,140,339.71,181.055,83,231,1180.41
20260304B05,応札件数（電源属地別）[件],5,2,0,0,2,4,6,3,6,28
20260304B05,落札件数（電源属地別）[件],4,2,0,0,2,4,5,3,4,24
20260304B05,最高落札価格（電源属地別）[円/kW・30分],9.69,4.4,0,0,0.35,0.48,0.37,7.57,0.36,9.69
20260304B05,最低落札価格（電源属地別）[円/kW・30分],4.49,1.78,0,0,0.35,0.36,0.36,0.36,0.36,0.35
20260304B05,平均落札価格（電源属地別）[円/kW・30分],7.29,2.7,0,0,0.35,0.39,0.36,2.06,0.36,1.14
20260304B05,最高落札価格（TSO別）[円/kW・30分],9.69,9.69,0,0,0.35,0.48,0.37,7.57,0.36,9.69
20260304B05,最低落札価格（TSO別）[円/kW・30分],9.69,1.78,0,0,0.35,0.36,0.36,0.36,0.36,0.35
20260304B05,平均落札価格（TSO別）[円/kW・30分],9.69,3.72,0,0,0.35,0.39,0.36,2.06,0.36,1.14
20260304B05,落札量合計（TSO別）[MW],14,191.645,0,0,140,339.71,181.055,83,231,1180.41
20260304B05,（内訳）自エリアからの落札量[MW],14,142,0,0,140,339.71,181.055,83,231,1130.765
20260304B06,募集量（TSO別）[MW],10,245,0,227,50,311,156,119,223,1341
20260304B06,応札量合計（電源属地別）[MW],109,142,1171.694,102.527,134,425.402,204.519,119,197,2605.142
20260304B06,落札量合計（電源属地別）[MW],10,142,363,102.527,134,418.131,180.675,119,130,1599.333
20260304B06,応札件数（電源属地別）[件],4,2,8,1,2,4,6,3,4,34
20260304B06,落札件数（電源属地別）[件],1,2,5,1,2,4,5,3,3,26
20260304B06,最高落札価格（電源属地別）[円/kW・30分],4.18,2.15,4.32,1.51,1.44,1.62,1.52,7.27,1.49,7.27
20260304B06,最低落札価格（電源属地別）[円/kW・30分],4.18,2.03,0.36,1.51,1.43,0.66,0.39,0.36,0.58,0.36
20260304B06,平均落札価格（電源属地別）[円/kW・30分],4.18,2.07,2.72,1.51,1.44,0.89,0.82,1.26,1.22,1.56
20260304B06,最高落札価格（TSO別）[円/kW・30分],4.18,2.15,4.32,1.51,1.44,1.62,1.52,7.27,1.49,7.27
20260304B06,最低落札価格（TSO別）[円/kW・30分],0.36,0.36,3.2,0.74,1.43,0.66,0.39,0.36,0.42,0.36
20260304B06,平均落札価格（TSO別）[円/kW・30分],2.27,1.35,3.79,1.16,1.43,1,0.9,1.26,1,1.56
20260304B06,落札量合計（TSO別）[MW],20,245,250,165.126,110.207,311,156,119,223,1599.333
20260304B06,（内訳）自エリアからの落札量[MW],10,142,250,68.352,110.207,283.722,149.103,119,130,1262.384
20260304B07,募集量（TSO別）[MW],1,183,0,36,32,159,3,24,42,480
20260304B07,応札量合計（電源属地別）[MW],107.9,50,1469.04,204.919,71,494.402,365.724,45,272,3079.985
20260304B07,落札量合計（電源属地別）[MW],0,50,531.852,41.52,71,265.722,154.115,45,218,1377.209
20260304B07,応札件数（電源属地別）[件],4,1,15,2,1,5,10,3,6,47
20260304B07,落札件数（電源属地別）[件],0,1,8,1,1,5,8,3,5,32
20260304B07,最高落札価格（電源属地別）[円/kW・30分],0,2.22,5.51,3.95,2.33,2.74,2.8,7.29,3.02,7.29
20260304B07,最低落札価格（電源属地別）[円/kW・30分],0,2.22,1.56,3.95,2.33,1.65,0.79,0.77,1.05,0.77
20260304B07,平均落札価格（電源属地別）[円/kW・30分],0,2.22,4.28,3.95,2.33,2.05,1.46,3.39,2.4,3.02
20260304B07,最高落札価格（TSO別）[円/kW・30分],3.87,5.51,5.51,3.95,2.33,2.74,2.8,7.29,3.02,7.29
20260304B07,最低落札価格（TSO別）[円/kW・30分],3.87,2.22,1.56,3.95,2.33,1.65,0.79,0.77,1.05,0.77
20260304B07,平均落札価格（TSO別）[円/kW・30分],3.87,3.99,4.15,3.95,2.33,2.05,1.46,3.39,2.4,3.02
20260304B07,落札量合計（TSO別）[MW],1,183,397.852,41.52,71,265.722,154.115,45,218,1377.209
20260304B07,（内訳）自エリアからの落札量[MW],0,50,397.852,41.52,71,265.722,154.115,45,218,1243.209
20260304B08,募集量（TSO別）[MW],0,0,0,19,38,144,22,37,63,323
20260304B08,応札量合計（電源属地別）[MW],109.75,139,302.611,212.219,71,494.402,413.974,64,212,2018.956
20260304B08,落札量合計（電源属地別）[MW],3,120,283.966,136.614,71,265.722,188.722,64,183,1316.024
20260304B08,応札件数（電源属地別）[件],4,2,3,3,1,5,11,4,5,38
20260304B08,落札件数（電源属地別）[件],1,2,3,2,1,5,9,4,5,32
20260304B08,最高落札価格（電源属地別）[円/kW・30分],7,3.02,2.71,3.71,1.85,2.1,2.08,7.33,2.45,7.33
20260304B08,最低落札価格（電源属地別）[円/kW・30分],7,1.51,1,2.55,1.85,1.14,0.36,0.57,0.56,0.36
20260304B08,平均落札価格（電源属地別）[円/kW・30分],7,2.14,1.88,3.13,1.85,1.64,1.21,2.34,1.95,1.93
20260304B08,最高落札価格（TSO別）[円/kW・30分],7,3.02,2.71,3.71,1.85,2.1,2.08,7.33,2.45,7.33
20260304B08,最低落札価格（TSO別）[円/kW・30分],7,1.51,1,2.55,1.85,1.14,0.36,0.57,0.56,0.36
20260304B08,平均落札価格（TSO別）[円/kW・30分],7,2.14,1.88,3.13,1.85,1.64,1.21,2.34,1.95,1.93
20260304B08,落札量合計（TSO別）[MW],3,120,283.966,136.614,71,265.722,188.722,64,183,1316.024
20260304B08,（内訳）自エリアからの落札量[MW],3,120,283.966,136.614,71,265.722,188.722,64,183,1316.024
20260305B01,募集量（TSO別）[MW],0,0,0,0,38,28,0,26,0,92
20260305B01,応札量合計（電源属地別）[MW],107.9,139,330.962,241.958,71,425.402,352.014,64,179,1911.236
20260305B01,落札量合計（電源属地別）[MW],0,120,122.834,173.696,71,196.722,163.208,55,77,979.46
20260305B01,応札件数（電源属地別）[件],4,2,4,4,1,4,9,4,4,36
20260305B01,落札件数（電源属地別）[件],0,2,3,4,1,4,7,4,3,28
20260305B01,最高落札価格（電源属地別）[円/kW・30分],0,3.7,1.91,2.82,1.34,1.45,1.7,6.41,1.86,6.41
20260305B01,最低落札価格（電源属地別）[円/kW・30分],0,2.03,1.28,2.39,1.34,0.48,0.36,1.2,0.36,0.36
20260305B01,平均落札価格（電源属地別）[円/kW・30分],0,2.73,1.73,2.63,1.34,0.9,1.12,1.8,1.5,1.7
20260305B01,最高落札価格（TSO別）[円/kW・30分],0,3.7,1.91,2.82,1.34,1.45,1.7,6.41,1.86,6.41
20260305B01,最低落札価格（TSO別）[円/kW・30分],0,2.03,1.28,2.39,1.34,0.48,0.36,1.2,0.36,0.36
20260305B01,平均落札価格（TSO別）[円/kW・30分],0,2.73,1.73,2.63,1.34,0.9,1.12,1.8,1.5,1.7
20260305B01,落札量合計（TSO別）[MW],0,120,122.834,173.696,71,196.722,163.208,55,77,979.46
20260305B01,（内訳）自エリアからの落札量[MW],0,120,122.834,173.696,71,196.722,163.208,55,77,979.46
20260305B02,募集量（TSO別）[MW],8,60,0,0,32,59,0,24,36,219
20260305B02,応札量合計（電源属地別）[MW],124.7,50,71.95,249.258,71,425.402,352.014,61,212,1617.324
20260305B02,落札量合計（電源属地別）[MW],30.624,50,71.95,173.696,71,196.722,163.208,61,170,988.2
20260305B02,応札件数（電源属地別）[件],5,1,2,5,1,4,9,3,5,35
20260305B02,落札件数（電源属地別）[件],2,1,2,4,1,4,7,3,5,29
20260305B02,最高落札価格（電源属地別）[円/kW・30分],4.56,3.36,4.2,3.03,1.46,1.58,2.06,6.19,2.1,6.19
20260305B02,最低落札価格（電源属地別）[円/kW・30分],3.82,3.36,2.15,2.6,1.46,0.62,0.36,0.36,0.36,0.36
20260305B02,平均落札価格（電源属地別）[円/kW・30分],4.28,3.36,2.77,2.81,1.46,1.04,1.33,2.1,1.68,1.95
20260305B02,最高落札価格（TSO別）[円/kW・30分],4.56,4.56,4.2,3.03,1.46,1.58,2.06,6.19,2.1,6.19
20260305B02,最低落札価格（TSO別）[円/kW・30分],3.82,2.15,2.15,2.6,1.46,0.62,0.36,0.36,0.36,0.36
20260305B02,平均落札価格（TSO別）[円/kW・30分],4.19,3.29,2.62,2.81,1.46,1.04,1.33,2.1,1.68,1.95
20260305B02,落札量合計（TSO別）[MW],23,94,35.574,173.696,71,196.722,163.208,61,170,988.2
20260305B02,（内訳）自エリアからの落札量[MW],23,50,35.574,173.696,71,196.722,163.208,61,170,944.2
20260305B03,募集量（TSO別）[MW],42,244,0,197,67,223,112,84,217,1186
20260305B03,応札量合計（電源属地別）[MW],112.89,50,1006.366,181.47,131,563.402,413.974,84,197,2740.102
20260305B03,落札量合計（電源属地別）[MW],31,50,468.785,150.273,131,410.837,347.138,84,163,1836.033
20260305B03,応札件数（電源属地別）[件],6,1,10,3,2,5,11,3,4,45
20260305B03,落札件数（電源属地別）[件],1,1,8,3,2,5,9,3,3,35
20260305B03,最高落札価格（電源属地別）[円/kW・30分],3.82,2.99,5.79,3.86,2.38,2.51,2.16,7.55,2.77,7.55
20260305B03,最低落札価格（電源属地別）[円/kW・30分],3.82,2.99,0.36,3.68,2.37,1.55,0.37,0.36,0.94,0.36
20260305B03,平均落札価格（電源属地別）[円/kW・30分],3.82,2.99,2.37,3.76,2.38,1.83,0.86,2.1,2.37,2.11
20260305B03,最高落札価格（TSO別）[円/kW・30分],3.82,5.79,5.79,3.86,2.38,2.51,2.16,7.55,2.77,7.55
20260305B03,最低落札価格（TSO別）[円/kW・30分],0.36,0.36,3.16,0.37,2.37,1.55,0.37,0.36,0.37,0.36
20260305B03,平均落札価格（TSO別）[円/kW・30分],1.9,1.46,3.76,3.18,2.37,1.84,0.96,2.1,1.87,2.11
20260305B03,落札量合計（TSO別）[MW],69.785,244,236,215.864,98,385.722,285.662,84,217,1836.033
20260305B03,（内訳）自エリアからの落札量[MW],31,50,236,150.273,98,385.722,285.662,84,163,1483.657
20260305B04,募集量（TSO別）[MW],23,316,0,197,72,223,122,79,89,1121
20260305B04,応札量合計（電源属地別）[MW],125.8,142,1137.288,0,71,569.402,204.899,79,197,2526.389
20260305B04,落札量合計（電源属地別）[MW],48.8,142,512.744,0,71,569.402,204.899,79,130,1757.845
20260305B04,応札件数（電源属地別）[件],5,2,7,0,1,6,6,2,4,33
20260305B04,落札件数（電源属地別）[件],2,2,3,0,1,6,6,2,3,25
20260305B04,最高落札価格（電源属地別）[円/kW・30分],5.22,3.73,0.36,0,1.1,19.51,0.9,7.39,0.57,19.51
20260305B04,最低落札価格（電源属地別）[円/kW・30分],4.07,1.43,0.36,0,1.1,0.36,0.36,0.36,0.36,0.36
20260305B04,平均落札価格（電源属地別）[円/kW・30分],4.8,2.24,0.36,0,1.1,1.39,0.56,1.69,0.5,1.09
20260305B04,最高落札価格（TSO別）[円/kW・30分],5.22,3.73,0.36,0.44,19.51,3.08,0.9,7.39,0.57,19.51
20260305B04,最低落札価格（TSO別）[円/kW・30分],0.36,0.36,0.36,0.36,0.36,0.36,0.36,0.36,0.36,0.36
20260305B04,平均落札価格（TSO別）[円/kW・30分],4.69,1.2,0.36,0.38,2.41,1.37,0.56,1.69,0.5,1.09
20260305B04,落札量合計（TSO別）[MW],50,316,337.544,96.774,85,458.628,204.899,79,130,1757.845
20260305B04,（内訳）自エリアからの落札量[MW],48.8,142,337.544,0,71,458.628,204.899,79,130,1471.871
20260305B05,募集量（TSO別）[MW],9,418,0,0,59,244,84,83,0,897
20260305B05,応札量合計（電源属地別）[MW],128.99,142,0,0,140,563.402,181.239,83,303,1541.631
20260305B05,落札量合計（電源属地別）[MW],68.645,142,0,0,140,450.71,181.239,83,202,1267.594
20260305B05,応札件数（電源属地別）[件],5,2,0,0,2,5,5,2,5,26
20260305B05,落札件数（電源属地別）[件],4,2,0,0,2,5,5,2,3,23
20260305B05,最高落札価格（電源属地別）[円/kW・30分],9.69,4.19,0,0,0.35,3.84,0.37,7.53,0.36,9.69
20260305B05,最低落札価格（電源属地別）[円/kW・30分],4.49,1.67,0,0,0.35,0.36,0.36,0.36,0.36,0.35
20260305B05,平均落札価格（電源属地別）[円/kW・30分],7.5,2.56,0,0,0.35,1.44,0.36,1.66,0.36,1.46
20260305B05,最高落札価格（TSO別）[円/kW・30分],9.69,9.69,0,0,0.35,3.84,0.37,7.53,0.36,9.69
20260305B05,最低落札価格（TSO別）[円/kW・30分],5.49,1.67,0,0,0.35,0.36,0.36,0.36,0.36,0.35
20260305B05,平均落札価格（TSO別）[円/kW・30分],7.7,3.82,0,0,0.35,1.44,0.36,1.66,0.36,1.46
20260305B05,落札量合計（TSO別）[MW],19,191.645,0,0,140,450.71,181.239,83,202,1267.594
20260305B05,（内訳）自エリアからの落札量[MW],19,142,0,0,140,450.71,181.239,83,202,1217.949
20260305B06,募集量（TSO別）[MW],10,245,0,227,50,311,156,119,223,1341
20260305B06,応札量合計（電源属地別）[MW],109,142,1210.78,0,134,563.402,157.395,119,332,2767.577
20260305B06,落札量合計（電源属地別）[MW],10,142,363,0,134,556.131,157.395,119,202,1683.526
20260305B06,応札件数（電源属地別）[件],4,2,8,0,2,5,4,3,6,34
20260305B06,落札件数（電源属地別）[件],1,2,6,0,2,5,4,3,4,27
20260305B06,最高落札価格（電源属地別）[円/kW・30分],4.18,2.35,4.32,0,1.44,1.87,1.7,7.06,1.49,7.06
20260305B06,最低落札価格（電源属地別）[円/kW・30分],4.18,1.88,0.36,0,1.43,0.66,0.42,0.36,0.48,0.36
20260305B06,平均落札価格（電源属地別）[円/kW・30分],4.18,2.18,2.72,0,1.44,1.13,0.83,1.24,0.73,1.54
20260305B06,最高落札価格（TSO別）[円/kW・30分],4.18,2.35,4.32,0.75,1.44,1.87,1.7,7.06,1.49,7.06
20260305B06,最低落札価格（TSO別）[円/kW・30分],0.36,0.36,3.2,0.74,1.43,0.66,0.42,0.36,0.42,0.36
20260305B06,平均落札価格（TSO別）[円/kW・30分],2.27,1.42,3.79,0.75,1.44,1.15,1.18,1.24,0.68,1.54
20260305B06,落札量合計（TSO別）[MW],20,245,250,96.774,134,401.101,174.651,119,243,1683.526
20260305B06,（内訳）自エリアからの落札量[MW],10,142,250,0,134,401.101,116.395,119,202,1374.496
20260305B07,募集量（TSO別）[MW],1,183,0,36,32,159,3,24,42,480
20260305B07,応札量合計（電源属地別）[MW],107.9,139,1358.588,204.919,71,563.402,390.314,45,383,3263.123
20260305B07,落札量合計（電源属地別）[MW],0,120,382.45,93,71,334.722,191.662,45,213.275,1451.109
20260305B07,応札件数（電源属地別）[件],4,2,12,2,1,5,10,3,8,47
20260305B07,落札件数（電源属地別）[件],0,2,5,2,1,5,9,3,6,33
20260305B07,最高落札価格（電源属地別）[円/kW・30分],0,1.67,4.93,4.32,2.33,2.74,3.14,6.43,3.02,6.43
20260305B07,最低落札価格（電源属地別）[円/kW・30分],0,0.7,1,1.68,2.33,1.78,1.01,1.28,0.74,0.7
20260305B07,平均落札価格（電源属地別）[円/kW・30分],0,1.1,3.1,3.36,2.33,2.37,2.08,3.27,2.25,2.49
20260305B07,最高落札価格（TSO別）[円/kW・30分],4.35,4.93,4.93,4.32,2.33,2.74,3.14,6.43,3.02,6.43
20260305B07,最低落札価格（TSO別）[円/kW・30分],4.35,0.7,1,1.68,2.33,1.78,1.01,1.28,0.74,0.7
20260305B07,平均落札価格（TSO別）[円/kW・30分],4.35,2.35,2.77,3.36,2.33,2.37,2.08,3.27,2.25,2.49
20260305B07,落札量合計（TSO別）[MW],1,183,318.45,93,71,334.722,191.662,45,213.275,1451.109
20260305B07,（内訳）自エリアからの落札量[MW],0,120,318.45,93,71,334.722,191.662,45,213.275,1387.109
20260305B08,募集量（TSO別）[MW],0,0,0,19,38,144,22,37,63,323
20260305B08,応札量合計（電源属地別）[MW],109,139,289.31,212.219,71,563.402,390.314,64,313,2151.245
20260305B08,落札量合計（電源属地別）[MW],3,120,278.192,136.614,71,334.722,195.662,64,183,1386.19
20260305B08,応札件数（電源属地別）[件],4,2,4,3,1,5,10,4,7,40
20260305B08,落札件数（電源属地別）[件],1,2,4,2,1,5,9,4,5,33
20260305B08,最高落札価格（電源属地別）[円/kW・30分],7,2.58,3.64,3.46,1.85,2.1,2.21,6.75,2.45,7
20260305B08,最低落札価格（電源属地別）[円/kW・30分],7,1.19,1,2.37,1.85,1.14,0.39,0.36,0.42,0.36
20260305B08,平均落札価格（電源属地別）[円/kW・30分],7,1.77,2.04,2.91,1.85,1.54,1.27,1.97,1.4,1.79
20260305B08,最高落札価格（TSO別）[円/kW・30分],7,2.58,3.64,3.46,1.85,2.1,2.21,6.75,2.45,7
20260305B08,最低落札価格（TSO別）[円/kW・30分],7,1.19,1,2.37,1.85,1.14,0.39,0.36,0.42,0.36
20260305B08,平均落札価格（TSO別）[円/kW・30分],7,1.77,2.04,2.91,1.85,1.54,1.27,1.97,1.4,1.79
20260305B08,落札量合計（TSO別）[MW],3,120,278.192,136.614,71,334.722,195.662,64,183,1386.19
20260305B08,（内訳）自エリアからの落札量[MW],3,120,278.192,136.614,71,334.722,195.662,64,183,1386.19
20260306B01,募集量（TSO別）[MW],0,0,0,0,38,28,0,26,0,92
20260306B01,応札量合計（電源属地別）[MW],107.9,139,156,188.77,71,563.402,328.354,64,280,1898.426
20260306B01,落札量合計（電源属地別）[MW],0,120,0,130.273,71,287.713,163.208,64,87,923.194
20260306B01,応札件数（電源属地別）[件],4,2,1,4,1,5,8,4,6,35
20260306B01,落札件数（電源属地別）[件],0,2,0,3,1,5,7,4,4,26
20260306B01,最高落札価格（電源属地別）[円/kW・30分],0,3.23,0,3.08,1.34,2.01,1.84,6.14,2,6.14
20260306B01,最低落札価格（電源属地別）[円/kW・30分],0,1.67,0,2.68,1.34,0.48,0.36,0.36,0.36,0.36
20260306B01,平均落札価格（電源属地別）[円/kW・30分],0,2.32,0,2.91,1.34,1.25,1.2,2.02,1.42,1.69
20260306B01,最高落札価格（TSO別）[円/kW・30分],0,3.23,0,3.08,1.34,2.01,1.84,6.14,2,6.14
20260306B01,最低落札価格（TSO別）[円/kW・30分],0,1.67,0,2.68,1.34,0.48,0.36,0.36,0.36,0.36
20260306B01,平均落札価格（TSO別）[円/kW・30分],0,2.32,0,2.91,1.34,1.25,1.2,2.02,1.42,1.69
20260306B01,落札量合計（TSO別）[MW],0,120,0,130.273,71,287.713,163.208,64,87,923.194
20260306B01,（内訳）自エリアからの落札量[MW],0,120,0,130.273,71,287.713,163.208,64,87,923.194
20260306B02,募集量（TSO別）[MW],8,146,0,0,32,59,0,24,36,305
20260306B02,応札量合計（電源属地別）[MW],125.45,139,96.094,181.47,71,563.402,328.354,61,313,1878.77
20260306B02,落札量合計（電源属地別）[MW],15,120,96.094,46.873,71,334.722,163.208,61,170,1077.897
20260306B02,応札件数（電源属地別）[件],5,2,1,3,1,5,8,3,7,35
20260306B02,落札件数（電源属地別）[件],1,2,1,2,1,5,7,3,5,27
20260306B02,最高落札価格（電源属地別）[円/kW・30分],3.82,3.04,2.23,3.35,1.46,1.63,2.19,5.97,2.1,5.97
20260306B02,最低落札価格（電源属地別）[円/kW・30分],3.82,1.53,2.23,3.25,1.46,0.62,0.36,0.36,0.36,0.36
20260306B02,平均落札価格（電源属地別）[円/kW・30分],3.82,2.16,2.23,3.26,1.46,1.28,1.41,2.12,1.23,1.66
20260306B02,最高落札価格（TSO別）[円/kW・30分],3.82,3.04,2.23,3.35,1.46,1.63,2.19,5.97,2.1,5.97
20260306B02,最低落札価格（TSO別）[円/kW・30分],2.23,1.53,2.23,3.25,1.46,0.62,0.36,0.36,0.36,0.36
20260306B02,平均落札価格（TSO別）[円/kW・30分],3.27,2.17,2.23,3.26,1.46,1.28,1.41,2.12,1.23,1.66
20260306B02,落札量合計（TSO別）[MW],23,146,62.094,46.873,71,334.722,163.208,61,170,1077.897
20260306B02,（内訳）自エリアからの落札量[MW],15,120,62.094,46.873,71,334.722,163.208,61,170,1043.897
20260306B03,募集量（TSO別）[MW],42,330,0,197,67,223,112,84,217,1272
20260306B03,応札量合計（電源属地別）[MW],113.64,50,1194.92,60.488,131,563.402,390.314,84,332,2919.764
20260306B03,落札量合計（電源属地別）[MW],32,50,554.785,60.488,131,477.82,339.662,84,259,1988.755
20260306B03,応札件数（電源属地別）[件],6,1,10,1,2,5,10,3,6,44
20260306B03,落札件数（電源属地別）[件],2,1,8,1,2,5,9,3,5,36
20260306B03,最高落札価格（電源属地別）[円/kW・30分],5,2.91,4.51,3.71,2.38,2.51,2.51,7.35,2.77,7.35
20260306B03,最低落札価格（電源属地別）[円/kW・30分],3.82,2.91,0.36,3.71,2.37,1.55,0.43,0.36,0.69,0.36
20260306B03,平均落札価格（電源属地別）[円/kW・30分],3.86,2.91,2.06,3.71,2.38,1.76,1.06,2.05,1.53,1.87
20260306B03,最高落札価格（TSO別）[円/kW・30分],5,4.51,4.51,3.71,2.38,2.51,2.51,7.35,2.77,7.35
20260306B03,最低落札価格（TSO別）[円/kW・30分],0.36,0.36,2.05,1.55,2.37,1.55,0.43,0.36,0.57,0.36
20260306B03,平均落札価格（TSO別）[円/kW・30分],1.97,1.05,3.92,2.6,2.38,1.79,1.09,2.05,1.47,1.87
20260306B03,落札量合計（TSO別）[MW],70.785,330,236,126.079,131,412.229,321.662,84,277,1988.755
20260306B03,（内訳）自エリアからの落札量[MW],32,50,236,60.488,131,412.229,321.662,84,259,1586.379
20260306B04,募集量（TSO別）[MW],23,230,0,197,72,223,122,79,89,1035
20260306B04,応札量合計（電源属地別）[MW],125.8,142,1043.096,0,140,569.402,181.239,79,332,2612.537
20260306B04,落札量合計（電源属地別）[MW],48.8,142,282.744,0,140,569.402,181.239,79,249,1692.185
20260306B04,応札件数（電源属地別）[件],5,2,7,0,2,6,5,3,6,36
20260306B04,落札件数（電源属地別）[件],2,2,2,0,2,6,5,3,5,27
20260306B04,最高落札価格（電源属地別）[円/kW・30分],5.22,4.21,0.36,0,1.1,19.51,1.56,7.69,0.57,19.51
20260306B04,最低落札価格（電源属地別）[円/kW・30分],4.07,1.68,0.36,0,1.09,0.36,0.36,0.36,0.36,0.36
20260306B04,平均落札価格（電源属地別）[円/kW・30分],4.8,2.57,0.36,0,1.1,1.58,0.8,2.31,0.42,1.29
20260306B04,最高落札価格（TSO別）[円/kW・30分],5.22,4.21,0.36,0.43,1.1,19.51,1.56,7.69,0.57,19.51
20260306B04,最低落札価格（TSO別）[円/kW・30分],4.07,0.36,0.36,0.36,1.09,0.36,0.36,0.36,0.36,0.36
20260306B04,平均落札価格（TSO別）[円/kW・30分],4.8,1.72,0.36,0.38,1.1,1.82,0.8,2.31,0.42,1.29
20260306B04,落札量合計（TSO別）[MW],48.8,230,194.744,96.774,140,472.628,181.239,79,249,1692.185
20260306B04,（内訳）自エリアからの落札量[MW],48.8,142,194.744,0,140,472.628,181.239,79,249,1507.411
20260306B05,募集量（TSO別）[MW],9,332,0,0,59,244,84,83,0,811
20260306B05,応札量合計（電源属地別）[MW],128.99,142,0,0,140,563.402,157.395,83,332,1546.787
20260306B05,落札量合計（電源属地別）[MW],68.645,142,0,0,140,529.131,157.395,83,254,1374.171
20260306B05,応札件数（電源属地別）[件],5,2,0,0,2,5,4,3,6,27
20260306B05,落札件数（電源属地別）[件],4,2,0,0,2,5,4,3,5,25
20260306B05,最高落札価格（電源属地別）[円/kW・30分],9.69,4.46,0,0,0.35,4.36,0.57,8.12,0.36,9.69
20260306B05,最低落札価格（電源属地別）[円/kW・30分],4.49,1.81,0,0,0.35,0.36,0.36,0.36,0.36,0.35
20260306B05,平均落札価格（電源属地別）[円/kW・30分],7.5,2.74,0,0,0.35,1.41,0.42,2.79,0.36,1.52
20260306B05,最高落札価格（TSO別）[円/kW・30分],9.69,9.69,0,0,0.35,4.36,0.57,8.12,0.36,9.69
20260306B05,最低落札価格（TSO別）[円/kW・30分],9.69,1.81,0,0,0.35,0.36,0.36,0.36,0.36,0.35
20260306B05,平均落札価格（TSO別）[円/kW・30分],9.69,3.76,0,0,0.35,1.41,0.42,2.79,0.36,1.52
20260306B05,落札量合計（TSO別）[MW],19,191.645,0,0,140,529.131,157.395,83,254,1374.171
20260306B05,（内訳）自エリアからの落札量[MW],19,142,0,0,140,529.131,157.395,83,254,1324.526
20260306B06,募集量（TSO別）[MW],10,245,0,227,50,311,156,119,223,1341
20260306B06,応札量合計（電源属地別）[MW],109,142,1027.007,163.015,134,563.402,205.265,30,332,2705.689
20260306B06,落札量合計（電源属地別）[MW],10,142,483.05,152.161,134,538.409,205.265,30,202,1896.885
20260306B06,応札件数（電源属地別）[件],4,2,8,2,2,5,5,2,6,36
20260306B06,落札件数（電源属地別）[件],1,2,5,2,2,5,5,2,4,28
20260306B06,最高落札価格（電源属地別）[円/kW・30分],4.18,2.16,4.32,4.71,1.44,1.62,2.05,7.55,1.49,7.55
20260306B06,最低落札価格（電源属地別）[円/kW・30分],4.18,2.04,0.36,1.68,1.43,0.66,0.51,3.79,0.48,0.36
20260306B06,平均落札価格（電源属地別）[円/kW・30分],4.18,2.12,2.33,2.67,1.44,1.04,1.22,5.67,0.73,1.68
20260306B06,最高落札価格（TSO別）[円/kW・30分],4.18,2.16,4.32,4.71,1.44,1.62,2.05,7.55,1.49,7.55
20260306B06,最低落札価格（TSO別）[円/kW・30分],0.36,0.36,0.36,0.74,1.43,0.66,0.51,3.79,0.48,0.36
20260306B06,平均落札価格（TSO別）[円/kW・30分],2.48,1.38,2.92,1.93,1.44,1.1,1.41,5.67,0.7,1.68
20260306B06,落札量合計（TSO別）[MW],18.05,245,372,238.549,134,441.635,174.651,30,243,1896.885
20260306B06,（内訳）自エリアからの落札量[MW],10,142,372,141.775,134,441.635,164.265,30,202,1637.675
20260306B07,募集量（TSO別）[MW],1,183,0,36,32,159,3,24,42,480
20260306B07,応札量合計（電源属地別）[MW],107.9,139,1404.872,265.407,71,563.402,390.314,45,382,3368.895
20260306B07,落札量合計（電源属地別）[MW],0,120,492.012,93,71,334.722,191.662,45,212.34,1559.736
20260306B07,応札件数（電源属地別）[件],4,2,15,3,1,5,10,3,8,51
20260306B07,落札件数（電源属地別）[件],0,2,8,3,1,5,9,3,6,37
20260306B07,最高落札価格（電源属地別）[円/kW・30分],0,1.95,7.58,4.24,2.33,2.74,3.18,6.41,3.02,7.58
20260306B07,最低落札価格（電源属地別）[円/kW・30分],0,0.69,1.78,1.47,2.33,1.78,1.05,1.3,0.74,0.69
20260306B07,平均落札価格（電源属地別）[円/kW・30分],0,1.22,6.05,3.14,2.33,2.29,2.13,3.27,2.25,3.45
20260306B07,最高落札価格（TSO別）[円/kW・30分],7.56,7.56,7.58,4.24,2.33,2.74,3.18,6.41,3.02,7.58
20260306B07,最低落札価格（TSO別）[円/kW・30分],7.56,0.69,1.78,1.47,2.33,1.78,1.05,1.3,0.74,0.69
20260306B07,平均落札価格（TSO別）[円/kW・30分],7.56,2.98,6.01,3.14,2.33,2.29,2.13,3.27,2.25,3.45
20260306B07,落札量合計（TSO別）[MW],1,183,428.012,93,71,334.722,191.662,45,212.34,1559.736
20260306B07,（内訳）自エリアからの落札量[MW],0,120,428.012,93,71,334.722,191.662,45,212.34,1495.736
20260306B08,募集量（TSO別）[MW],0,0,0,19,38,144,22,37,63,323
20260306B08,応札量合計（電源属地別）[MW],109,89,249.681,272.707,71,632.402,390.314,64,313,2191.104
20260306B08,落札量合計（電源属地別）[MW],3,70,193.681,180.037,71,371.713,195.662,64,183,1332.093
20260306B08,応札件数（電源属地別）[件],4,1,4,4,1,6,10,4,7,41
20260306B08,落札件数（電源属地別）[件],1,1,4,3,1,6,9,4,5,34
20260306B08,最高落札価格（電源属地別）[円/kW・30分],7,1.23,4.35,3.45,1.85,2.1,2.31,6.68,2.45,7
20260306B08,最低落札価格（電源属地別）[円/kW・30分],7,1.23,1,2.42,1.85,1.14,0.41,0.5,0.42,0.41
20260306B08,平均落札価格（電源属地別）[円/kW・30分],7,1.23,2.44,3.05,1.85,1.49,1.33,2.05,1.4,1.85
20260306B08,最高落札価格（TSO別）[円/kW・30分],7,1.23,4.35,3.45,1.85,2.1,2.31,6.68,2.45,7
20260306B08,最低落札価格（TSO別）[円/kW・30分],7,1.23,1,2.42,1.85,1.14,0.41,0.5,0.42,0.41
20260306B08,平均落札価格（TSO別）[円/kW・30分],7,1.23,2.44,3.05,1.85,1.49,1.33,2.05,1.4,1.85
20260306B08,落札量合計（TSO別）[MW],3,70,193.681,180.037,71,371.713,195.662,64,183,1332.093
20260306B08,（内訳）自エリアからの落札量[MW],3,70,193.681,180.037,71,371.713,195.662,64,183,1332.093
20260307B01,募集量（TSO別）[MW],0,0,0,0,38,28,0,26,0,92
20260307B01,応札量合計（電源属地別）[MW],11,178,39.805,346.195,71,328.708,191.824,64,116,1346.532
20260307B01,落札量合計（電源属地別）[MW],0,140,0,223.46,71,178.449,131.474,55,67,866.383
20260307B01,応札件数（電源属地別）[件],1,2,2,6,1,4,6,4,3,29
20260307B01,落札件数（電源属地別）[件],0,2,0,4,1,4,5,4,2,22
20260307B01,最高落札価格（電源属地別）[円/kW・30分],0,1.99,0,7.09,0.67,1.86,1.54,6.46,0.48,7.09
20260307B01,最低落札価格（電源属地別）[円/kW・30分],0,1.68,0,2.16,0.67,0.61,0.36,0.44,0.37,0.36
20260307B01,平均落札価格（電源属地別）[円/kW・30分],0,1.84,0,4.39,0.67,1.32,1.18,1.13,0.42,2.04
20260307B01,最高落札価格（TSO別）[円/kW・30分],0,1.99,0,7.09,0.67,1.86,1.54,6.46,0.48,7.09
20260307B01,最低落札価格（TSO別）[円/kW・30分],0,1.68,0,2.16,0.67,0.61,0.36,0.44,0.37,0.36
20260307B01,平均落札価格（TSO別）[円/kW・30分],0,1.84,0,4.39,0.67,1.32,1.18,1.13,0.42,2.04
20260307B01,落札量合計（TSO別）[MW],0,140,0,223.46,71,178.449,131.474,55,67,866.383
20260307B01,（内訳）自エリアからの落札量[MW],0,140,0,223.46,71,178.449,131.474,55,67,866.383
20260307B02,募集量（TSO別）[MW],8,146,0,0,32,59,0,24,36,305
20260307B02,応札量合計（電源属地別）[MW],15.9,178,131.579,376.895,71,328.708,191.824,61,183,1537.906
20260307B02,落札量合計（電源属地別）[MW],3,142.123,76.62,252.651,71,178.449,131.474,61,170,1086.317
20260307B02,応札件数（電源属地別）[件],3,2,3,5,1,4,6,3,4,31
20260307B02,落札件数（電源属地別）[件],1,2,3,5,1,4,5,3,4,28
20260307B02,最高落札価格（電源属地別）[円/kW・30分],4.2,1.96,3.81,8.31,0.82,1.95,1.98,6.43,0.94,8.31
20260307B02,最低落札価格（電源属地別）[円/kW・30分],4.2,1.63,1.6,2.05,0.82,0.69,0.36,0.43,0.45,0.36
20260307B02,平均落札価格（電源属地別）[円/kW・30分],4.2,1.79,2.42,4.92,0.82,1.4,1.5,1.95,0.7,2.24
20260307B02,最高落札価格（TSO別）[円/kW・30分],4.2,2.52,3.81,8.31,0.82,2.05,1.98,6.43,0.94,8.31
20260307B02,最低落札価格（TSO別）[円/kW・30分],2.52,1.63,1.6,2.05,0.82,0.69,0.36,0.43,0.45,0.36
20260307B02,平均落札価格（TSO別）[円/kW・30分],2.98,1.81,2.4,5.07,0.82,1.45,1.5,1.95,0.7,2.24
20260307B02,落札量合計（TSO別）[MW],11,146,64.743,239.884,71,191.216,131.474,61,170,1086.317
20260307B02,（内訳）自エリアからの落札量[MW],3,142.123,64.743,239.884,71,178.449,131.474,61,170,1061.673
20260307B03,募集量（TSO別）[MW],42,330,0,197,67,223,112,84,217,1272
20260307B03,応札量合計（電源属地別）[MW],110.99,270,533.25,91.488,131,328.708,143.954,84,217,1910.39
20260307B03,落札量合計（電源属地別）[MW],53.215,232,380.785,66.99,131,321.437,120.11,84,193.433,1582.97
20260307B03,応札件数（電源属地別）[件],5,3,7,3,2,4,5,3,4,36
20260307B03,落札件数（電源属地別）[件],4,3,4,2,2,4,4,3,4,30
20260307B03,最高落札価格（電源属地別）[円/kW・30分],9.92,1.52,5.77,4.11,0.38,1.62,1.41,7.46,0.74,9.92
20260307B03,最低落札価格（電源属地別）[円/kW・30分],8,1.28,0.36,2.92,0.37,0.37,0.36,0.36,0.46,0.36
20260307B03,平均落札価格（電源属地別）[円/kW・30分],9.63,1.44,2.39,3.99,0.38,0.93,0.78,2.45,0.62,1.76
20260307B03,最高落札価格（TSO別）[円/kW・30分],9.92,1.52,5.77,4.11,0.38,1.62,1.41,7.46,4.11,9.92
20260307B03,最低落札価格（TSO別）[円/kW・30分],0.36,0.36,1.23,0.78,0.37,0.37,0.36,0.36,0.46,0.36
20260307B03,平均落札価格（TSO別）[円/kW・30分],8.32,1.12,3.19,2.11,0.38,0.97,0.78,2.45,0.96,1.76
20260307B03,落札量合計（TSO別）[MW],62,330,274,109.014,131,249.956,126,84,217,1582.97
20260307B03,（内訳）自エリアからの落札量[MW],53.215,232,274,43.423,131,249.956,120.11,84,193.433,1381.137
20260307B04,募集量（TSO別）[MW],21,230,0,197,72,223,122,79,89,1033
20260307B04,応札量合計（電源属地別）[MW],148,181,415.25,0,140,334.708,120.11,79,168,1586.068
20260307B04,落札量合計（電源属地別）[MW],44,162,385.544,0,140,334.708,120.11,79,152,1417.362
20260307B04,応札件数（電源属地別）[件],6,2,6,0,2,5,4,3,3,31
20260307B04,落札件数（電源属地別）[件],3,2,5,0,2,5,4,3,3,27
20260307B04,最高落札価格（電源属地別）[円/kW・30分],6.11,2.24,1.23,0,0.35,19.51,0.37,17.55,0.36,19.51
20260307B04,最低落札価格（電源属地別）[円/kW・30分],3.11,1.86,0.36,0,0.35,0.36,0.36,0.36,0.36,0.35
20260307B04,平均落札価格（電源属地別）[円/kW・30分],5.29,2.02,0.71,0,0.35,0.7,0.36,5.35,0.36,1.16
20260307B04,最高落札価格（TSO別）[円/kW・30分],6.11,2.24,1.23,19.51,0.35,0.36,19.51,17.55,0.36,19.51
20260307B04,最低落札価格（TSO別）[円/kW・30分],0.36,0.36,0.36,0.35,0.35,0.36,0.36,0.36,0.36,0.35
20260307B04,平均落札価格（TSO別）[円/kW・30分],4.04,1.53,0.81,1.21,0.35,0.36,0.63,5.35,0.36,1.16
20260307B04,落札量合計（TSO別）[MW],59,230,302.544,96.774,136,240.044,122,79,152,1417.362
20260307B04,（内訳）自エリアからの落札量[MW],44,162,302.544,0,136,240.044,120.11,79,152,1235.698
20260307B05,募集量（TSO別）[MW],0,332,0,0,59,244,84,83,0,802
20260307B05,応札量合計（電源属地別）[MW],166.69,270,409.25,0,140,328.708,120.11,83,298,1815.758
20260307B05,落札量合計（電源属地別）[MW],42.69,267.174,259.25,0,140,328.708,120.11,83,220,1460.932
20260307B05,応札件数（電源属地別）[件],8,3,6,0,2,4,4,3,5,35
20260307B05,落札件数（電源属地別）[件],5,3,5,0,2,4,4,3,4,30
20260307B05,最高落札価格（電源属地別）[円/kW・30分],7.18,3.16,0.36,0,0.35,0.36,0.36,17.64,0.36,17.64
20260307B05,最低落札価格（電源属地別）[円/kW・30分],4.62,2.16,0.36,0,0.35,0.36,0.36,0.36,0.36,0.35
20260307B05,平均落札価格（電源属地別）[円/kW・30分],5.52,2.77,0.36,0,0.35,0.36,0.36,5.13,0.36,1.22
20260307B05,最高落札価格（TSO別）[円/kW・30分],7.18,3.16,0.36,0,0.35,0.36,0.36,17.64,0.36,17.64
20260307B05,最低落札価格（TSO別）[円/kW・30分],4.62,0.36,0.36,0,0.35,0.36,0.36,0.36,0.36,0.35
20260307B05,平均落札価格（TSO別）[円/kW・30分],5.52,2.3,0.36,0,0.35,0.36,0.36,5.13,0.36,1.22
20260307B05,落札量合計（TSO別）[MW],42.69,332,194.424,0,140,328.708,120.11,83,220,1460.932
20260307B05,（内訳）自エリアからの落札量[MW],42.69,267.174,194.424,0,140,328.708,120.11,83,220,1396.106
20260307B06,募集量（TSO別）[MW],10,245,0,227,50,311,156,119,223,1341
20260307B06,応札量合計（電源属地別）[MW],110.25,270,533.25,0,134,328.708,143.954,119,298,1937.162
20260307B06,落札量合計（電源属地別）[MW],3,232,297,0,134,328.708,143.954,119,260.899,1518.561
20260307B06,応札件数（電源属地別）[件],5,3,7,0,2,4,5,3,5,34
20260307B06,落札件数（電源属地別）[件],1,3,3,0,2,4,5,3,5,26
20260307B06,最高落札価格（電源属地別）[円/kW・30分],3.4,2.18,5.77,0,0.35,0.36,0.86,7.46,0.58,7.46
20260307B06,最低落札価格（電源属地別）[円/kW・30分],3.4,1.61,0.36,0,0.35,0.36,0.36,0.36,0.36,0.35
20260307B06,平均落札価格（電源属地別）[円/kW・30分],3.4,1.87,2.97,0,0.35,0.36,0.59,1.95,0.42,1.26
20260307B06,最高落札価格（TSO別）[円/kW・30分],3.4,2.18,5.77,0.36,0.35,0.36,0.86,7.46,0.58,7.46
20260307B06,最低落札価格（TSO別）[円/kW・30分],0.36,0.36,1.23,0.35,0.35,0.36,0.35,0.36,0.36,0.35
20260307B06,平均落札価格（TSO別）[円/kW・30分],1.06,1.79,3.19,0.35,0.35,0.36,0.58,1.95,0.42,1.26
20260307B06,落札量合計（TSO別）[MW],13,245,274,81.708,68,311,145.954,119,260.899,1518.561
20260307B06,（内訳）自エリアからの落札量[MW],3,232,274,0,68,311,143.954,119,260.899,1411.853
20260307B07,募集量（TSO別）[MW],1,183,0,36,32,159,3,24,42,480
20260307B07,応札量合計（電源属地別）[MW],107.25,181,636.305,302.233,71,328.708,284.764,45,373,2329.26
20260307B07,落札量合計（電源属地別）[MW],0,162,590.872,73.881,71,178.449,172.655,45,257.48,1551.337
20260307B07,応札件数（電源属地別）[件],4,2,8,5,1,4,9,3,7,43
20260307B07,落札件数（電源属地別）[件],0,2,8,4,1,4,8,3,6,36
20260307B07,最高落札価格（電源属地別）[円/kW・30分],0,1.59,8.71,4.67,0.96,1.84,2.68,6.03,1.77,8.71
20260307B07,最低落札価格（電源属地別）[円/kW・30分],0,1.21,1.05,4.19,0.96,0.59,0.52,1.17,0.36,0.36
20260307B07,平均落札価格（電源属地別）[円/kW・30分],0,1.43,6.03,4.38,0.96,1.3,1.69,3.1,1.07,3.3
20260307B07,最高落札価格（TSO別）[円/kW・30分],5.73,5.43,8.71,4.67,0.96,4.19,2.68,6.03,1.77,8.71
20260307B07,最低落札価格（TSO別）[円/kW・30分],5.73,1.21,1.05,4.3,0.96,0.59,0.52,1.17,0.36,0.36
20260307B07,平均落札価格（TSO別）[円/kW・30分],5.73,2.26,6.1,4.38,0.96,1.34,1.69,3.1,1.07,3.3
20260307B07,落札量合計（TSO別）[MW],1,208,543.872,71.114,71,181.216,172.655,45,257.48,1551.337
20260307B07,（内訳）自エリアからの落札量[MW],0,162,543.872,71.114,71,178.449,172.655,45,257.48,1501.57
20260307B08,募集量（TSO別）[MW],0,0,0,19,38,144,22,37,63,323
20260307B08,応札量合計（電源属地別）[MW],125.7,178,183.134,430.473,71,328.708,143.954,64,279,1803.969
20260307B08,落札量合計（電源属地別）[MW],16,140,183.134,294.812,71,242.758,119,64,230,1360.704
20260307B08,応札件数（電源属地別）[件],5,2,4,8,1,4,5,4,6,39
20260307B08,落札件数（電源属地別）[件],1,2,4,7,1,4,4,4,5,32
20260307B08,最高落札価格（電源属地別）[円/kW・30分],4.38,1.79,6.44,3.5,0.62,1.29,2.01,6.33,0.85,6.44
20260307B08,最低落札価格（電源属地別）[円/kW・30分],4.38,1.44,3.27,2.38,0.62,0.36,0.36,0.36,0.36,0.36
20260307B08,平均落札価格（電源属地別）[円/kW・30分],4.38,1.62,4.27,3.01,0.62,0.68,1.03,1.86,0.46,1.85
20260307B08,最高落札価格（TSO別）[円/kW・30分],4.38,1.79,6.44,3.5,0.62,1.29,2.01,6.33,0.85,6.44
20260307B08,最低落札価格（TSO別）[円/kW・30分],4.38,1.44,3.27,2.38,0.62,0.36,0.36,0.36,0.36,0.36
20260307B08,平均落札価格（TSO別）[円/kW・30分],4.38,1.62,4.27,3.01,0.62,0.68,1.03,1.86,0.46,1.85
20260307B08,落札量合計（TSO別）[MW],16,140,183.134,294.812,71,242.758,119,64,230,1360.704
20260307B08,（内訳）自エリアからの落札量[MW],16,140,183.134,294.812,71,242.758,119,64,230,1360.704
20260308B01,募集量（TSO別）[MW],0,0,0,0,38,28,0,26,0,92
20260308B01,応札量合計（電源属地別）[MW],106,178,201.618,226.24,71,328.708,191.824,64,279,1646.39
20260308B01,落札量合計（電源属地別）[MW],0,140,201.214,57.798,71,178.449,131.474,55,86,920.935
20260308B01,応札件数（電源属地別）[件],3,2,3,6,1,4,6,4,6,35
20260308B01,落札件数（電源属地別）[件],0,2,3,2,1,4,5,4,4,25
20260308B01,最高落札価格（電源属地別）[円/kW・30分],0,2.19,1.93,2.53,0.62,0.8,1.74,6.58,0.73,6.58
20260308B01,最低落札価格（電源属地別）[円/kW・30分],0,1.9,1.17,1.79,0.62,0.36,0.36,0.42,0.36,0.36
20260308B01,平均落札価格（電源属地別）[円/kW・30分],0,2.05,1.86,2.22,0.62,0.55,1.33,1.1,0.55,1.32
20260308B01,最高落札価格（TSO別）[円/kW・30分],0,2.19,1.93,2.53,0.62,0.8,1.74,6.58,0.73,6.58
20260308B01,最低落札価格（TSO別）[円/kW・30分],0,1.9,1.17,1.79,0.62,0.36,0.36,0.42,0.36,0.36
20260308B01,平均落札価格（TSO別）[円/kW・30分],0,2.05,1.86,2.22,0.62,0.55,1.33,1.1,0.55,1.32
20260308B01,落札量合計（TSO別）[MW],0,140,201.214,57.798,71,178.449,131.474,55,86,920.935
20260308B01,（内訳）自エリアからの落札量[MW],0,140,201.214,57.798,71,178.449,131.474,55,86,920.935
20260308B02,募集量（TSO別）[MW],8,146,0,0,32,59,0,24,36,305
20260308B02,応札量合計（電源属地別）[MW],110.9,178,181.884,250.71,71,328.708,191.824,61,279,1653.026
20260308B02,落札量合計（電源属地別）[MW],3,140,181.884,4.482,71,186.734,131.474,61,230,1009.574
20260308B02,応札件数（電源属地別）[件],5,2,2,6,1,4,6,3,6,35
20260308B02,落札件数（電源属地別）[件],1,2,2,1,1,4,5,3,5,24
20260308B02,最高落札価格（電源属地別）[円/kW・30分],3.5,2.07,1.95,2.56,0.77,0.93,2.15,6.55,0.94,6.55
20260308B02,最低落札価格（電源属地別）[円/kW・30分],3.5,1.77,1.83,2.56,0.77,0.36,0.36,0.41,0.36,0.36
20260308B02,平均落札価格（電源属地別）[円/kW・30分],3.5,1.92,1.89,2.56,0.77,0.6,1.62,1.94,0.49,1.23
20260308B02,最高落札価格（TSO別）[円/kW・30分],3.5,2.07,1.95,0,0.77,2.56,2.15,6.55,0.94,6.55
20260308B02,最低落札価格（TSO別）[円/kW・30分],1.83,1.77,1.83,0,0.77,0.36,0.36,0.41,0.36,0.36
20260308B02,平均落札価格（TSO別）[円/kW・30分],2.29,1.92,1.89,0,0.77,0.64,1.62,1.94,0.49,1.23
20260308B02,落札量合計（TSO別）[MW],11,146,167.884,0,71,191.216,131.474,61,230,1009.574
20260308B02,（内訳）自エリアからの落札量[MW],3,140,167.884,0,71,186.734,131.474,61,230,991.092
20260308B03,募集量（TSO別）[MW],42,330,0,197,67,223,112,84,217,1272
20260308B03,応札量合計（電源属地別）[MW],91.99,270,730.957,0,131,328.708,143.954,84,298,2078.609
20260308B03,落札量合計（電源属地別）[MW],53.215,232,380.785,0,131,328.708,120.11,84,231,1560.818
20260308B03,応札件数（電源属地別）[件],4,3,8,0,2,4,5,3,5,34
20260308B03,落札件数（電源属地別）[件],3,3,5,0,2,4,4,3,4,28
20260308B03,最高落札価格（電源属地別）[円/kW・30分],9.92,2,5.77,0,0.35,0.67,1.28,7.54,0.58,9.92
20260308B03,最低落札価格（電源属地別）[円/kW・30分],8,1.39,0.36,0,0.35,0.36,0.36,0.36,0.36,0.35
20260308B03,平均落札価格（電源属地別）[円/kW・30分],9.79,1.66,2.39,0,0.35,0.44,0.73,2.54,0.42,1.54
20260308B03,最高落札価格（TSO別）[円/kW・30分],9.92,2,5.77,0,0.35,0.67,1.28,7.54,0.58,9.92
20260308B03,最低落札価格（TSO別）[円/kW・30分],0.36,0.36,1.23,0,0.35,0.36,0.36,0.36,0.36,0.35
20260308B03,平均落札価格（TSO別）[円/kW・30分],8.46,1.28,3.19,0,0.35,0.44,0.73,2.54,0.42,1.54
20260308B03,落札量合計（TSO別）[MW],62,330,274,0,131,322.818,126,84,231,1560.818
20260308B03,（内訳）自エリアからの落札量[MW],53.215,232,274,0,131,322.818,120.11,84,231,1448.143
20260308B04,募集量（TSO別）[MW],21,230,0,197,72,223,122,79,89,1033
20260308B04,応札量合計（電源属地別）[MW],117,181,612.734,0,140,334.708,120.11,79,298,1882.552
20260308B04,落札量合計（電源属地別）[MW],73.656,162,385.544,0,140,334.708,120.11,79,231,1526.018
20260308B04,応札件数（電源属地別）[件],5,2,7,0,2,5,4,3,5,33
20260308B04,落札件数（電源属地別）[件],4,2,5,0,2,5,4,3,4,29
20260308B04,最高落札価格（電源属地別）[円/kW・30分],9,4.22,1.23,0,0.35,19.51,0.36,17.65,0.36,19.51
20260308B04,最低落札価格（電源属地別）[円/kW・30分],3.33,2.86,0.36,0,0.35,0.36,0.36,0.36,0.36,0.35
20260308B04,平均落札価格（電源属地別）[円/kW・30分],7.66,3.45,0.71,0,0.35,0.7,0.36,5.37,0.36,1.46
20260308B04,最高落札価格（TSO別）[円/kW・30分],9,4.22,1.23,0,0.35,19.51,19.51,17.65,0.36,19.51
20260308B04,最低落札価格（TSO別）[円/kW・30分],3.33,0.36,0.36,0,0.35,0.36,0.36,0.36,0.36,0.35
20260308B04,平均落札価格（TSO別）[円/kW・30分],7.66,2.53,0.79,0,0.35,0.6,0.66,5.37,0.36,1.46
20260308B04,落札量合計（TSO別）[MW],73.656,230,317.544,0,140,332.818,122,79,231,1526.018
20260308B04,（内訳）自エリアからの落札量[MW],73.656,162,317.544,0,140,332.818,120.11,79,231,1456.128
20260308B05,募集量（TSO別）[MW],0,332,0,0,59,244,84,83,0,802
20260308B05,応札量合計（電源属地別）[MW],135.69,270,610.97,0,140,328.708,120.11,83,298,1986.478
20260308B05,落札量合計（電源属地別）[MW],30.7,232,460.97,0,140,328.708,120.11,83,220,1615.488
20260308B05,応札件数（電源属地別）[件],7,3,7,0,2,4,4,3,5,35
20260308B05,落札件数（電源属地別）[件],3,3,6,0,2,4,4,3,4,29
20260308B05,最高落札価格（電源属地別）[円/kW・30分],5.1,4.88,0.36,0,0.35,0.36,0.36,17.82,0.36,17.82
20260308B05,最低落札価格（電源属地別）[円/kW・30分],1.49,3.22,0.36,0,0.35,0.36,0.36,0.36,0.36,0.35
20260308B05,平均落札価格（電源属地別）[円/kW・30分],3.55,4.19,0.36,0,0.35,0.36,0.36,5.17,0.36,1.22
20260308B05,最高落札価格（TSO別）[円/kW・30分],5.1,4.88,0.36,0,0.35,0.36,0.36,17.82,0.36,17.82
20260308B05,最低落札価格（TSO別）[円/kW・30分],1.49,0.36,0.36,0,0.35,0.36,0.36,0.36,0.36,0.35
20260308B05,平均落札価格（TSO別）[円/kW・30分],3.55,3.04,0.36,0,0.35,0.36,0.36,5.17,0.36,1.22
20260308B05,落札量合計（TSO別）[MW],30.7,332,360.97,0,140,328.708,120.11,83,220,1615.488
20260308B05,（内訳）自エリアからの落札量[MW],30.7,232,360.97,0,140,328.708,120.11,83,220,1515.488
20260308B06,募集量（TSO別）[MW],10,245,0,227,50,311,156,119,223,1341
20260308B06,応札量合計（電源属地別）[MW],77.25,270,727.836,0,134,328.708,143.954,119,298,2098.748
20260308B06,落札量合計（電源属地別）[MW],3,232,297,0,134,328.708,143.954,119,247.237,1504.899
20260308B06,応札件数（電源属地別）[件],4,3,8,0,2,4,5,3,5,34
20260308B06,落札件数（電源属地別）[件],1,3,4,0,2,4,5,3,5,27
20260308B06,最高落札価格（電源属地別）[円/kW・30分],3.9,2.45,5.77,0,0.35,0.36,1.13,7.76,0.58,7.76
20260308B06,最低落札価格（電源属地別）[円/kW・30分],3.9,1.78,0.36,0,0.35,0.36,0.37,0.36,0.36,0.35
20260308B06,平均落札価格（電源属地別）[円/kW・30分],3.9,2.11,2.97,0,0.35,0.36,0.72,2.15,0.41,1.34
20260308B06,最高落札価格（TSO別）[円/kW・30分],3.9,2.45,5.77,0,0.35,0.36,1.13,7.76,0.58,7.76
20260308B06,最低落札価格（TSO別）[円/kW・30分],0.36,0.36,1.23,0,0.35,0.36,0.36,0.36,0.36,0.35
20260308B06,平均落札価格（TSO別）[円/kW・30分],1.18,2.02,3.19,0,0.35,0.36,0.7,2.15,0.41,1.34
20260308B06,落札量合計（TSO別）[MW],13,245,274,0,134,316.662,156,119,247.237,1504.899
20260308B06,（内訳）自エリアからの落札量[MW],3,232,274,0,134,316.662,143.954,119,247.237,1469.853
20260308B07,募集量（TSO別）[MW],1,183,0,36,32,159,3,24,42,480
20260308B07,応札量合計（電源属地別）[MW],12.25,181,645.104,672.128,71,328.708,191.824,45,373,2520.014
20260308B07,落札量合計（電源属地別）[MW],0,162,599.371,429.688,71,178.449,134.474,45,238.945,1858.927
20260308B07,応札件数（電源属地別）[件],2,2,8,11,1,4,6,3,7,44
20260308B07,落札件数（電源属地別）[件],0,2,8,10,1,4,5,3,6,39
20260308B07,最高落札価格（電源属地別）[円/kW・30分],0,1.6,7.26,4.46,0.94,0.51,3.46,6.24,1.77,7.26
20260308B07,最低落札価格（電源属地別）[円/kW・30分],0,1.2,2.06,2.97,0.94,0.36,1.3,0.88,0.36,0.36
20260308B07,平均落札価格（電源属地別）[円/kW・30分],0,1.43,5.5,3.87,0.94,0.43,2.81,3.08,1.12,3.29
20260308B07,最高落札価格（TSO別）[円/kW・30分],5.76,5.76,7.26,4.46,0.94,0.94,3.46,6.24,1.77,7.26
20260308B07,最低落札価格（TSO別）[円/kW・30分],5.76,1.2,2.06,2.97,0.94,0.36,1.3,0.88,0.36,0.36
20260308B07,平均落札価格（TSO別）[円/kW・30分],5.76,2.33,5.49,3.87,0.94,0.43,2.81,3.08,1.12,3.29
20260308B07,落札量合計（TSO別）[MW],1,208,552.371,429.688,68.233,181.216,134.474,45,238.945,1858.927
20260308B07,（内訳）自エリアからの落札量[MW],0,162,552.371,429.688,68.233,178.449,134.474,45,238.945,1809.16
20260308B08,募集量（TSO別）[MW],0,0,0,19,38,144,22,37,63,323
20260308B08,応札量合計（電源属地別）[MW],126.8,178,0,611.206,71,243.724,191.824,64,279,1765.554
20260308B08,落札量合計（電源属地別）[MW],16,140,0,432.846,71,243.724,131.494,64,230,1329.064
20260308B08,応札件数（電源属地別）[件],5,2,0,10,1,3,6,4,6,37
20260308B08,落札件数（電源属地別）[件],1,2,0,10,1,3,5,4,5,31
20260308B08,最高落札価格（電源属地別）[円/kW・30分],4.38,1.78,0,3.36,0.72,0.36,2.69,6.45,0.85,6.45
20260308B08,最低落札価格（電源属地別）[円/kW・30分],4.38,1.43,0,2.05,0.72,0.36,0.66,0.36,0.36,0.36
20260308B08,平均落札価格（電源属地別）[円/kW・30分],4.38,1.61,0,2.94,0.72,0.36,2.11,1.87,0.46,1.66
20260308B08,最高落札価格（TSO別）[円/kW・30分],4.38,1.78,0,3.36,0.72,2.34,2.69,6.45,0.85,6.45
20260308B08,最低落札価格（TSO別）[円/kW・30分],4.38,1.43,0,2.34,0.72,0.36,0.66,0.36,0.36,0.36
20260308B08,平均落札価格（TSO別）[円/kW・30分],4.38,1.61,0,2.98,0.72,0.51,2.11,1.87,0.46,1.66
20260308B08,落札量合計（TSO別）[MW],16,140,0,411.349,71,265.221,131.494,64,230,1329.064
20260308B08,（内訳）自エリアからの落札量[MW],16,140,0,411.349,71,243.724,131.494,64,230,1307.567
20260309B01,募集量（TSO別）[MW],0,0,0,0,38,28,0,26,0,92
20260309B01,応札量合計（電源属地別）[MW],106,178,0,679.679,71,328.708,191.824,64,279,1898.211
20260309B01,落札量合計（電源属地別）[MW],0,159,0,209.887,71,178.449,131.494,64,86,899.83
20260309B01,応札件数（電源属地別）[件],3,2,0,14,1,4,6,4,6,40
20260309B01,落札件数（電源属地別）[件],0,2,0,5,1,4,5,4,4,25
20260309B01,最高落札価格（電源属地別）[円/kW・30分],0,2.39,0,4.01,0.35,0.82,2.18,6.8,0.99,6.8
20260309B01,最低落札価格（電源属地別）[円/kW・30分],0,2.13,0,2.12,0.35,0.36,0.36,0.36,0.36,0.35
20260309B01,平均落札価格（電源属地別）[円/kW・30分],0,2.24,0,2.74,0.35,0.56,1.65,1.94,0.75,1.62
20260309B01,最高落札価格（TSO別）[円/kW・30分],0,2.39,0,4.01,0.35,0.82,2.18,6.8,0.99,6.8
20260309B01,最低落札価格（TSO別）[円/kW・30分],0,2.13,0,2.12,0.35,0.36,0.36,0.36,0.36,0.35
20260309B01,平均落札価格（TSO別）[円/kW・30分],0,2.24,0,2.74,0.35,0.56,1.65,1.94,0.75,1.62
20260309B01,落札量合計（TSO別）[MW],0,159,0,209.887,71,178.449,131.494,64,86,899.83
20260309B01,（内訳）自エリアからの落札量[MW],0,159,0,209.887,71,178.449,131.494,64,86,899.83
20260309B02,募集量（TSO別）[MW],8,146,0,0,32,59,0,24,36,305
20260309B02,応札量合計（電源属地別）[MW],130.35,178,0,568.076,71,328.708,191.824,61,279,1807.958
20260309B02,落札量合計（電源属地別）[MW],22.45,154,0,333.636,71,178.449,131.474,61,170,1122.009
20260309B02,応札件数（電源属地別）[件],6,2,0,10,1,4,6,3,6,38
20260309B02,落札件数（電源属地別）[件],2,2,0,8,1,4,5,3,5,30
20260309B02,最高落札価格（電源属地別）[円/kW・30分],3.99,2.19,0,2.65,0.35,1.02,2.75,6.73,1.16,6.73
20260309B02,最低落札価格（電源属地別）[円/kW・30分],3.5,1.91,0,1.74,0.35,0.36,0.59,0.36,0.36,0.35
20260309B02,平均落札価格（電源属地別）[円/kW・30分],3.91,2.04,0,2.02,0.35,0.65,2.14,1.93,0.62,1.53
20260309B02,最高落札価格（TSO別）[円/kW・30分],3.99,2.19,0,2.65,0.35,2.65,2.75,6.73,1.16,6.73
20260309B02,最低落札価格（TSO別）[円/kW・30分],2.19,1.91,0,1.74,0.35,0.36,0.59,0.36,0.36,0.35
20260309B02,平均落札価格（TSO別）[円/kW・30分],3.46,2.03,0,2,0.35,0.78,2.14,1.93,0.62,1.53
20260309B02,落札量合計（TSO別）[MW],30.45,146,0,320.869,71,191.216,131.474,61,170,1122.009
20260309B02,（内訳）自エリアからの落札量[MW],22.45,146,0,320.869,71,178.449,131.474,61,170,1101.242
20260309B03,募集量（TSO別）[MW],42,330,0,197,67,223,112,84,217,1272
20260309B03,応札量合計（電源属地別）[MW],94.74,270,940.54,120.976,131,328.708,191.824,84,298,2459.788
20260309B03,落札量合計（電源属地別）[MW],5.74,232,410.785,88.561,131,321.437,167.98,84,264,1705.503
20260309B03,応札件数（電源属地別）[件],5,3,8,2,2,4,6,3,5,38
20260309B03,落札件数（電源属地別）[件],2,3,4,2,2,4,5,3,5,30
20260309B03,最高落札価格（電源属地別）[円/kW・30分],4.45,2.02,5.77,3.69,1.06,1.19,3.25,7.02,1.34,7.02
20260309B03,最低落札価格（電源属地別）[円/kW・30分],3.8,1.41,0.36,3.42,1.05,0.36,1.08,0.36,0.36,0.36
20260309B03,平均落札価格（電源属地別）[円/kW・30分],4.03,1.68,2.24,3.55,1.06,0.56,2.29,1.86,0.68,1.58
20260309B03,最高落札価格（TSO別）[円/kW・30分],4.45,2.02,5.77,3.69,1.06,1.19,3.25,7.02,1.34,7.02
20260309B03,最低落札価格（TSO別）[円/kW・30分],0.36,0.36,1.23,3.42,1.05,0.36,1.08,0.36,0.36,0.36
20260309B03,平均落札価格（TSO別）[円/kW・30分],0.83,1.29,3.19,3.55,1.06,0.56,2.4,1.86,0.7,1.58
20260309B03,落札量合計（TSO別）[MW],44.525,330,274,88.561,131,321.437,154.98,84,277,1705.503
20260309B03,（内訳）自エリアからの落札量[MW],5.74,232,274,88.561,131,321.437,154.98,84,264,1555.718
20260309B04,募集量（TSO別）[MW],21,230,0,197,72,223,122,79,89,1033
20260309B04,応札量合計（電源属地別）[MW],122.75,181,939.871,10.1,140,334.708,110.21,79,298,2215.639
20260309B04,落札量合計（電源属地別）[MW],34.75,162,415.544,10.1,140,334.708,110.21,79,231,1517.312
20260309B04,応札件数（電源属地別）[件],4,2,7,1,2,5,3,3,5,32
20260309B04,落札件数（電源属地別）[件],2,2,4,1,2,5,3,3,4,26
20260309B04,最高落札価格（電源属地別）[円/kW・30分],7,2.57,1.23,19.29,1.43,19.51,1.79,14.05,0.95,19.51
20260309B04,最低落札価格（電源属地別）[円/kW・30分],4,1.77,0.36,19.29,1.42,0.36,0.42,0.36,0.36,0.36
20260309B04,平均落札価格（電源属地別）[円/kW・30分],6.68,2.12,0.69,19.29,1.43,0.71,1.02,4.58,0.53,1.38
20260309B04,最高落札価格（TSO別）[円/kW・30分],7,2.57,1.23,19.51,1.43,0.39,1.79,14.05,0.95,19.51
20260309B04,最低落札価格（TSO別）[円/kW・30分],0.36,0.36,0.36,0.36,1.42,0.36,0.39,0.36,0.36,0.36
20260309B04,平均落札価格（TSO別）[円/kW・30分],4.3,1.6,0.78,3.29,1.43,0.37,0.96,4.58,0.53,1.38
20260309B04,落札量合計（TSO別）[MW],55.75,230,326.544,106.874,132.928,233.216,122,79,231,1517.312
20260309B04,（内訳）自エリアからの落札量[MW],34.75,162,326.544,10.1,132.928,233.216,110.21,79,231,1319.748
20260309B05,募集量（TSO別）[MW],0,332,0,0,59,244,84,83,0,802
20260309B05,応札量合計（電源属地別）[MW],154.04,270,989.208,0,140,328.708,188.375,88,298,2456.331
20260309B05,落札量合計（電源属地別）[MW],51.04,232,611,0,140,328.708,188.375,88,231,1870.123
20260309B05,応札件数（電源属地別）[件],7,3,7,0,2,4,5,3,5,36
20260309B05,落札件数（電源属地別）[件],4,3,5,0,2,4,5,3,4,30
20260309B05,最高落札価格（電源属地別）[円/kW・30分],8.01,2.58,0.36,0,0.91,0.36,0.78,13.89,0.63,13.89
20260309B05,最低落札価格（電源属地別）[円/kW・30分],4.62,1.78,0.36,0,0.9,0.36,0.36,0.36,0.36,0.36
20260309B05,平均落札価格（電源属地別）[円/kW・30分],6.79,2.21,0.36,0,0.91,0.36,0.47,4.12,0.44,1
20260309B05,最高落札価格（TSO別）[円/kW・30分],8.01,2.58,0.36,0,0.91,0.36,0.78,13.89,0.63,13.89
20260309B05,最低落札価格（TSO別）[円/kW・30分],4.62,0.36,0.36,0,0.9,0.36,0.36,0.36,0.36,0.36
20260309B05,平均落札価格（TSO別）[円/kW・30分],6.79,1.66,0.36,0,0.91,0.36,0.47,4.12,0.44,1
20260309B05,落札量合計（TSO別）[MW],51.04,332,511,0,140,328.708,188.375,88,231,1870.123
20260309B05,（内訳）自エリアからの落札量[MW],51.04,232,511,0,140,328.708,188.375,88,231,1770.123
20260309B06,募集量（TSO別）[MW],10,245,0,227,50,311,156,119,223,1341
20260309B06,応札量合計（電源属地別）[MW],75.25,228,1052.046,110.977,134,328.708,188.375,119,298,2534.356
20260309B06,落札量合計（電源属地別）[MW],3,190,339,110.977,134,328.708,188.375,119,269,1682.06
20260309B06,応札件数（電源属地別）[件],5,3,8,2,2,4,5,2,5,36
20260309B06,落札件数（電源属地別）[件],1,3,4,2,2,4,5,2,5,28
20260309B06,最高落札価格（電源属地別）[円/kW・30分],3.1,3.95,5.77,19.29,1.26,0.91,2.91,6.06,1.44,19.29
20260309B06,最低落札価格（電源属地別）[円/kW・30分],3.1,2.19,0.36,0.42,1.25,0.36,1.1,0.36,0.36,0.36
20260309B06,平均落札価格（電源属地別）[円/kW・30分],3.1,2.66,2.64,1.86,1.26,0.5,1.61,1.08,0.76,1.54
20260309B06,最高落札価格（TSO別）[円/kW・30分],3.1,3.95,5.77,19.29,1.26,0.91,2.91,6.06,1.44,19.29
20260309B06,最低落札価格（TSO別）[円/kW・30分],0.36,0.36,1.23,0.36,1.25,0.36,1.1,0.36,0.36,0.36
20260309B06,平均落札価格（TSO別）[円/kW・30分],0.99,2.14,3.19,1.53,1.25,0.52,1.64,1.08,0.76,1.54
20260309B06,落札量合計（TSO別）[MW],13,245,274,173.576,99.362,311,178.122,119,269,1682.06
20260309B06,（内訳）自エリアからの落札量[MW],3,190,274,76.802,99.362,276.825,178.122,119,269,1486.111
20260309B07,募集量（TSO別）[MW],1,183,0,36,32,159,3,24,42,480
20260309B07,応札量合計（電源属地別）[MW],107.25,139,312.252,209.119,71,397.708,489.559,45,382,2152.888
20260309B07,落札量合計（電源属地別）[MW],22.303,139,312.252,82.165,71,247.449,219,45,211.693,1349.862
20260309B07,応札件数（電源属地別）[件],4,2,3,3,1,5,12,3,8,41
20260309B07,落札件数（電源属地別）[件],1,2,3,2,1,5,11,3,7,35
20260309B07,最高落札価格（電源属地別）[円/kW・30分],4.52,2.88,7.26,5.26,1.55,1.86,5.02,4.84,2.46,7.26
20260309B07,最低落札価格（電源属地別）[円/kW・30分],4.52,1.37,3,0.85,1.55,0.36,2.86,2.8,0.36,0.36
20260309B07,平均落札価格（電源属地別）[円/kW・30分],4.52,1.91,5.58,2.68,1.55,1.24,3.83,3.57,1.67,3.04
20260309B07,最高落札価格（TSO別）[円/kW・30分],4.52,6.35,7.26,5.26,1.55,1.86,5.02,4.84,2.46,7.26
20260309B07,最低落札価格（TSO別）[円/kW・30分],4.52,1.37,3,0.85,1.55,0.36,2.86,2.8,0.36,0.36
20260309B07,平均落札価格（TSO別）[円/kW・30分],4.52,2.77,5.52,2.68,1.55,1.24,3.83,3.57,1.67,3.04
20260309B07,落札量合計（TSO別）[MW],1,183,289.555,82.165,71,247.449,219,45,211.693,1349.862
20260309B07,（内訳）自エリアからの落札量[MW],1,139,289.555,82.165,71,247.449,219,45,211.693,1305.862
20260309B08,募集量（TSO別）[MW],0,0,0,19,38,144,22,37,63,323
20260309B08,応札量合計（電源属地別）[MW],124.95,139,265.228,214.218,71,328.708,489.559,64,313,2009.663
20260309B08,落札量合計（電源属地別）[MW],16,120,265.228,136.614,71,178.449,217.336,64,212.138,1280.765
20260309B08,応札件数（電源属地別）[件],5,2,4,4,1,4,12,4,7,43
20260309B08,落札件数（電源属地別）[件],2,2,4,2,1,4,11,4,6,36
20260309B08,最高落札価格（電源属地別）[円/kW・30分],6,3.48,4.9,4.92,0.96,0.9,3.58,5.55,1.32,6
20260309B08,最低落札価格（電源属地別）[円/kW・30分],4.38,1.83,2.01,1.16,0.96,0.36,1.42,1.48,0.36,0.36
20260309B08,平均落札価格（電源属地別）[円/kW・30分],4.48,2.52,2.66,3.04,0.96,0.6,2.4,2.51,0.7,1.95
20260309B08,最高落札価格（TSO別）[円/kW・30分],6,3.48,4.9,4.92,0.96,1.16,3.58,5.55,1.32,6
20260309B08,最低落札価格（TSO別）[円/kW・30分],4.38,1.83,2.01,1.16,0.96,0.36,1.42,1.48,0.36,0.36
20260309B08,平均落札価格（TSO別）[円/kW・30分],4.48,2.52,2.66,3.34,0.96,0.65,2.4,2.51,0.7,1.95
20260309B08,落札量合計（TSO別）[MW],16,120,265.228,117.847,68,200.216,217.336,64,212.138,1280.765
20260309B08,（内訳）自エリアからの落札量[MW],16,120,265.228,117.847,68,178.449,217.336,64,212.138,1258.998
20260310B01,募集量（TSO別）[MW],0,0,0,0,38,28,0,26,0,92
20260310B01,応札量合計（電源属地別）[MW],106,139,191.18,249.258,71,328.708,291.069,64,264,1704.215
20260310B01,落札量合計（電源属地別）[MW],0,120,191.18,173.696,71,178.449,160.108,55,120,1069.433
20260310B01,応札件数（電源属地別）[件],3,2,2,5,1,4,8,4,6,35
20260310B01,落札件数（電源属地別）[件],0,2,2,4,1,4,7,4,5,29
20260310B01,最高落札価格（電源属地別）[円/kW・30分],0,4.02,2.17,2.87,0.35,0.82,2.67,6.68,0.99,6.68
20260310B01,最低落札価格（電源属地別）[円/kW・30分],0,2.24,1.89,2.16,0.35,0.36,0.5,0.36,0.36,0.35
20260310B01,平均落札価格（電源属地別）[円/kW・30分],0,2.98,2.03,2.56,0.35,0.56,1.79,1.06,0.68,1.63
20260310B01,最高落札価格（TSO別）[円/kW・30分],0,4.02,2.17,2.87,0.35,0.82,2.67,6.68,0.99,6.68
20260310B01,最低落札価格（TSO別）[円/kW・30分],0,2.24,1.89,2.16,0.35,0.36,0.5,0.36,0.36,0.35
20260310B01,平均落札価格（TSO別）[円/kW・30分],0,2.98,2.03,2.56,0.35,0.56,1.79,1.06,0.68,1.63
20260310B01,落札量合計（TSO別）[MW],0,120,191.18,173.696,71,178.449,160.108,55,120,1069.433
20260310B01,（内訳）自エリアからの落札量[MW],0,120,191.18,173.696,71,178.449,160.108,55,120,1069.433
20260310B02,募集量（TSO別）[MW],8,146,0,0,32,59,0,24,36,305
20260310B02,応札量合計（電源属地別）[MW],111.65,139,80.292,249.258,71,397.708,291.069,61,313,1713.977
20260310B02,落札量合計（電源属地別）[MW],0,129.62,80.292,135.808,71,247.449,160.068,61,170,1055.237
20260310B02,応札件数（電源属地別）[件],5,2,4,5,1,5,8,3,7,40
20260310B02,落札件数（電源属地別）[件],0,2,4,4,1,5,7,3,5,31
20260310B02,最高落札価格（電源属地別）[円/kW・30分],0,3.88,4.15,3.04,0.35,3.97,3.06,6.73,1.16,6.73
20260310B02,最低落札価格（電源属地別）[円/kW・30分],0,2.13,1.05,2.14,0.35,0.36,0.89,0.36,0.36,0.35
20260310B02,平均落札価格（電源属地別）[円/kW・30分],0,2.81,2.41,2.68,0.35,1.57,2.18,1.93,0.69,1.82
20260310B02,最高落札価格（TSO別）[円/kW・30分],2.21,3.88,4.15,3.04,0.35,3.97,3.06,6.73,1.16,6.73
20260310B02,最低落札価格（TSO別）[円/kW・30分],2.21,1.79,1.05,2.14,0.35,0.36,0.89,0.36,0.36,0.35
20260310B02,平均落札価格（TSO別）[円/kW・30分],2.21,2.7,2.59,2.68,0.35,1.57,2.18,1.93,0.69,1.82
20260310B02,落札量合計（TSO別）[MW],8,146,55.912,135.808,71,247.449,160.068,61,170,1055.237
20260310B02,（内訳）自エリアからの落札量[MW],0,129.62,55.912,135.808,71,247.449,160.068,61,170,1030.857
20260310B03,募集量（TSO別）[MW],42,330,0,197,67,223,112,84,217,1272
20260310B03,応札量合計（電源属地別）[MW],111.74,231,1057.663,120.976,104,328.708,304.779,84,332,2674.866
20260310B03,落札量合計（電源属地別）[MW],23.215,212,430.785,87.188,104,321.437,228.547,84,293,1784.172
20260310B03,応札件数（電源属地別）[件],5,3,8,2,2,4,9,3,6,42
20260310B03,落札件数（電源属地別）[件],2,3,5,2,2,4,8,3,6,35
20260310B03,最高落札価格（電源属地別）[円/kW・30分],4.28,3.59,5.77,3.34,1.27,1.19,3.03,7.12,1.51,7.12
20260310B03,最低落札価格（電源属地別）[円/kW・30分],3.8,1.34,0.36,3.08,1.06,0.36,0.99,0.36,0.36,0.36
20260310B03,平均落札価格（電源属地別）[円/kW・30分],4.2,2.06,2.16,3.21,1.13,0.56,1.43,2,0.74,1.54
20260310B03,最高落札価格（TSO別）[円/kW・30分],4.28,3.59,5.77,3.34,1.27,1.19,3.03,7.12,1.51,7.12
20260310B03,最低落札価格（TSO別）[円/kW・30分],0.36,0.36,1.23,0.36,1.06,0.36,0.99,0.36,0.36,0.36
20260310B03,平均落札価格（TSO別）[円/kW・30分],1.8,1.45,3.19,1.99,1.13,0.61,1.43,2,0.74,1.54
20260310B03,落札量合計（TSO別）[MW],62,330,274,152.779,104,255.846,228.547,84,293,1784.172
20260310B03,（内訳）自エリアからの落札量[MW],23.215,212,274,87.188,104,255.846,228.547,84,293,1561.796
20260310B04,募集量（TSO別）[MW],21,230,0,197,72,223,122,79,89,1033
20260310B04,応札量合計（電源属地別）[MW],117.75,142,939.267,10.5,104,334.708,211.839,79,332,2271.064
20260310B04,落札量合計（電源属地別）[MW],33,142,415.544,10.5,104,334.708,211.839,79,249,1579.591
20260310B04,応札件数（電源属地別）[件],4,2,7,1,2,5,6,3,6,36
20260310B04,落札件数（電源属地別）[件],2,2,4,1,2,5,6,3,5,30
20260310B04,最高落札価格（電源属地別）[円/kW・30分],7.1,4.51,1.23,19.29,1.64,19.51,1.45,14.49,0.95,19.51
20260310B04,最低落札価格（電源属地別）[円/kW・30分],4.75,1.81,0.36,19.29,1.43,0.36,0.39,0.36,0.36,0.36
20260310B04,平均落札価格（電源属地別）[円/kW・30分],4.89,2.76,0.69,19.29,1.5,0.71,0.74,4.68,0.54,1.33
20260310B04,最高落札価格（TSO別）[円/kW・30分],7.1,4.51,1.23,19.29,1.64,19.51,1.45,14.49,0.95,19.51
20260310B04,最低落札価格（TSO別）[円/kW・30分],0.36,0.36,0.36,0.36,1.43,0.36,0.39,0.36,0.36,0.36
20260310B04,平均落札価格（TSO別）[円/kW・30分],4.36,1.55,0.8,2.23,1.5,0.85,0.74,4.68,0.54,1.33
20260310B04,落札量合計（TSO別）[MW],54,230,306.544,107.274,102.468,240.216,211.089,79,249,1579.591
20260310B04,（内訳）自エリアからの落札量[MW],33,126,306.544,10.5,102.468,240.216,211.089,79,249,1357.817
20260310B05,募集量（TSO別）[MW],0,332,0,0,59,244,84,83,0,802
20260310B05,応札量合計（電源属地別）[MW],143.14,142,943.921,0,104,328.708,174.554,30,278,2144.323
20260310B05,落札量合計（電源属地別）[MW],46.39,142,690.324,0,104,328.708,174.554,30,144,1659.976
20260310B05,応札件数（電源属地別）[件],6,2,7,0,2,4,6,2,5,34
20260310B05,落札件数（電源属地別）[件],3,2,6,0,2,4,6,2,3,28
20260310B05,最高落札価格（電源属地別）[円/kW・30分],5.07,4.47,0.36,0,1.11,0.36,0.5,14.03,0.5,14.03
20260310B05,最低落札価格（電源属地別）[円/kW・30分],4.62,1.79,0.36,0,0.91,0.36,0.36,8.9,0.36,0.36
20260310B05,平均落札価格（電源属地別）[円/kW・30分],4.93,2.73,0.36,0,0.97,0.36,0.41,11.47,0.39,0.94
20260310B05,最高落札価格（TSO別）[円/kW・30分],5.07,4.47,0.36,0,1.11,0.36,0.5,14.03,0.5,14.03
20260310B05,最低落札価格（TSO別）[円/kW・30分],4.62,0.36,0.36,0,0.91,0.36,0.36,8.9,0.36,0.36
20260310B05,平均落札価格（TSO別）[円/kW・30分],4.93,1.38,0.36,0,0.97,0.36,0.41,11.47,0.39,0.94
20260310B05,落札量合計（TSO別）[MW],46.39,332,500.324,0,104,328.708,174.554,30,144,1659.976
20260310B05,（内訳）自エリアからの落札量[MW],46.39,142,500.324,0,104,328.708,174.554,30,144,1469.976
20260310B06,募集量（TSO別）[MW],10,245,0,227,50,311,156,119,223,1341
20260310B06,応札量合計（電源属地別）[MW],110.25,228,1022.148,110.477,104,243.724,194.949,119,332,2464.548
20260310B06,落札量合計（電源属地別）[MW],3,190,339,110.477,104,243.724,194.949,119,303,1607.15
20260310B06,応札件数（電源属地別）[件],5,3,8,2,2,3,6,3,6,38
20260310B06,落札件数（電源属地別）[件],1,3,4,2,2,3,6,3,6,30
20260310B06,最高落札価格（電源属地別）[円/kW・30分],3.1,3.38,5.77,19.29,1.47,0.36,2.03,5.77,1.61,19.29
20260310B06,最低落札価格（電源属地別）[円/kW・30分],3.1,1.67,0.36,1.1,1.26,0.36,0.78,0.36,0.36,0.36
20260310B06,平均落札価格（電源属地別）[円/kW・30分],3.1,2.15,2.64,2.41,1.33,0.36,0.97,1.28,0.83,1.49
20260310B06,最高落札価格（TSO別）[円/kW・30分],3.1,3.38,5.77,19.29,1.47,1.26,2.03,5.77,1.61,19.29
20260310B06,最低落札価格（TSO別）[円/kW・30分],0.36,0.36,1.23,0.78,1.26,0.36,0.78,0.36,0.36,0.36
20260310B06,平均落札価格（TSO別）[円/kW・30分],0.99,1.75,3.19,2.16,1.36,0.54,1.01,1.28,0.81,1.49
20260310B06,落札量合計（TSO別）[MW],13,245,274,129.817,68,311,156,119,291.333,1607.15
20260310B06,（内訳）自エリアからの落札量[MW],3,190,274,76.302,68,243.724,156,119,291.333,1421.359
20260310B07,募集量（TSO別）[MW],1,183,0,36,32,159,3,24,42,480
20260310B07,応札量合計（電源属地別）[MW],107.25,139,237.552,209.119,71,328.708,489.559,45,382,2009.188
20260310B07,落札量合計（電源属地別）[MW],22.585,139,237.552,46.037,71,178.449,191.662,45,214.46,1145.745
20260310B07,応札件数（電源属地別）[件],4,2,3,3,1,4,12,3,8,40
20260310B07,落札件数（電源属地別）[件],2,2,3,2,1,4,11,3,7,35
20260310B07,最高落札価格（電源属地別）[円/kW・30分],4.19,1.86,7.26,4.59,1.55,1.54,4.55,4.78,2.46,7.26
20260310B07,最低落札価格（電源属地別）[円/kW・30分],3.38,0.66,2.27,1.78,1.55,0.36,2.39,3.36,0.36,0.36
20260310B07,平均落札価格（電源属地別）[円/kW・30分],4.15,1.09,5.89,4.42,1.55,1,3.48,3.92,1.65,2.91
20260310B07,最高落札価格（TSO別）[円/kW・30分],4.19,4.51,7.26,4.59,1.55,1.78,4.55,4.78,2.46,7.26
20260310B07,最低落札価格（TSO別）[円/kW・30分],3.38,0.66,2.27,4.59,1.55,0.36,2.39,3.36,0.36,0.36
20260310B07,平均落札価格（TSO別）[円/kW・30分],3.56,1.88,6.04,4.59,1.55,1.02,3.48,3.92,1.65,2.91
20260310B07,落札量合計（TSO別）[MW],1.282,183,214.855,43.27,71,181.216,191.662,45,214.46,1145.745
20260310B07,（内訳）自エリアからの落札量[MW],1.282,139,214.855,43.27,71,178.449,191.662,45,214.46,1098.978
20260310B08,募集量（TSO別）[MW],0,0,0,19,38,144,22,37,63,323
20260310B08,応札量合計（電源属地別）[MW],124.95,139,71.883,204.919,71,243.724,489.559,64,313,1722.035
20260310B08,落札量合計（電源属地別）[MW],16,120,71.883,158.111,71,100.736,217.336,64,212.138,1031.204
20260310B08,応札件数（電源属地別）[件],5,2,2,2,1,3,12,4,7,38
20260310B08,落札件数（電源属地別）[件],2,2,2,2,1,3,11,4,6,33
20260310B08,最高落札価格（電源属地別）[円/kW・30分],4.52,3.03,3.31,3.76,0.96,0.36,3.27,5.16,1.32,5.16
20260310B08,最低落札価格（電源属地別）[円/kW・30分],4.38,1.49,3.07,2.45,0.96,0.36,1.11,1.56,0.36,0.36
20260310B08,平均落札価格（電源属地別）[円/kW・30分],4.47,2.13,3.24,3.19,0.96,0.36,2.09,2.6,0.7,1.88
20260310B08,最高落札価格（TSO別）[円/kW・30分],4.52,3.03,3.31,3.76,0.96,3.76,3.27,5.16,1.32,5.16
20260310B08,最低落札価格（TSO別）[円/kW・30分],4.38,1.49,3.07,2.45,0.96,0.36,1.11,1.56,0.36,0.36
20260310B08,平均落札価格（TSO別）[円/kW・30分],4.47,2.13,3.24,3.23,0.96,1.18,2.09,2.6,0.7,1.88
20260310B08,落札量合計（TSO別）[MW],16,120,71.883,114.847,71,144,217.336,64,212.138,1031.204
20260310B08,（内訳）自エリアからの落札量[MW],16,120,71.883,114.847,71,100.736,217.336,64,212.138,987.94
20260311B01,募集量（TSO別）[MW],0,0,0,0,38,28,0,26,0,92
20260311B01,応札量合計（電源属地別）[MW],106,139,0,249.258,71,243.724,291.069,64,313,1477.051
20260311B01,落札量合計（電源属地別）[MW],0,139,0,173.696,71,100.736,160.108,55,120,819.54
20260311B01,応札件数（電源属地別）[件],3,2,0,5,1,3,8,4,7,33
20260311B01,落札件数（電源属地別）[件],0,2,0,4,1,3,7,4,5,26
20260311B01,最高落札価格（電源属地別）[円/kW・30分],0,3.66,0,2.79,0.35,0.36,2.68,6.67,0.99,6.67
20260311B01,最低落札価格（電源属地別）[円/kW・30分],0,2.01,0,2.2,0.35,0.36,0.51,0.36,0.36,0.35
20260311B01,平均落札価格（電源属地別）[円/kW・30分],0,2.6,0,2.56,0.35,0.36,1.8,1.06,0.68,1.58
20260311B01,最高落札価格（TSO別）[円/kW・30分],0,3.66,0,2.79,0.35,0.36,2.68,6.67,0.99,6.67
20260311B01,最低落札価格（TSO別）[円/kW・30分],0,2.01,0,2.2,0.35,0.36,0.51,0.36,0.36,0.35
20260311B01,平均落札価格（TSO別）[円/kW・30分],0,2.6,0,2.56,0.35,0.36,1.8,1.06,0.68,1.58
20260311B01,落札量合計（TSO別）[MW],0,139,0,173.696,71,100.736,160.108,55,120,819.54
20260311B01,（内訳）自エリアからの落札量[MW],0,139,0,173.696,71,100.736,160.108,55,120,819.54
20260311B02,募集量（TSO別）[MW],8,146,0,0,32,59,0,24,36,305
20260311B02,応札量合計（電源属地別）[MW],110.9,139,37.032,249.258,71,243.724,291.069,61,313,1515.983
20260311B02,落札量合計（電源属地別）[MW],13,139,37.032,71.573,71,100.736,160.068,61,170,823.409
20260311B02,応札件数（電源属地別）[件],5,2,1,5,1,3,8,3,7,35
20260311B02,落札件数（電源属地別）[件],2,2,1,2,1,3,7,3,5,26
20260311B02,最高落札価格（電源属地別）[円/kW・30分],4.55,3.46,1.41,2.95,0.35,0.36,3.06,6.73,1.16,6.73
20260311B02,最低落札価格（電源属地別）[円/kW・30分],4.3,1.85,1.41,2.86,0.35,0.36,0.9,0.36,0.36,0.35
20260311B02,平均落札価格（電源属地別）[円/kW・30分],4.49,2.43,1.41,2.91,0.35,0.36,2.19,1.93,0.69,1.58
20260311B02,最高落札価格（TSO別）[円/kW・30分],4.55,3.46,1.41,2.95,0.35,2.86,3.06,6.73,1.16,6.73
20260311B02,最低落札価格（TSO別）[円/kW・30分],1.41,1.41,1.41,2.86,0.35,0.36,0.9,0.36,0.36,0.35
20260311B02,平均落札価格（TSO別）[円/kW・30分],4.31,2.38,1.41,2.93,0.35,0.64,2.19,1.93,0.69,1.58
20260311B02,落札量合計（TSO別）[MW],13.822,146,29.21,58.806,71,113.503,160.068,61,170,823.409
20260311B02,（内訳）自エリアからの落札量[MW],13,139,29.21,58.806,71,100.736,160.068,61,170,802.82
20260311B03,募集量（TSO別）[MW],42,330,0,197,67,223,112,84,217,1272
20260311B03,応札量合計（電源属地別）[MW],110.99,231,949.139,181.47,131,243.724,304.779,84,332,2568.102
20260311B03,落札量合計（電源属地別）[MW],23.215,212,416.785,167.823,131,243.724,207.275,84,259,1744.822
20260311B03,応札件数（電源属地別）[件],5,3,8,3,2,3,9,3,6,42
20260311B03,落札件数（電源属地別）[件],2,3,4,3,2,3,7,3,5,32
20260311B03,最高落札価格（電源属地別）[円/kW・30分],4.28,3.5,5.77,3.5,1.06,0.36,2.88,7.02,1.51,7.02
20260311B03,最低落札価格（電源属地別）[円/kW・30分],3.6,1.29,0.36,3.24,1.05,0.36,0.86,0.36,0.36,0.36
20260311B03,平均落札価格（電源属地別）[円/kW・30分],4.19,2.01,2.82,3.37,1.06,0.36,1.34,1.87,0.7,1.78
20260311B03,最高落札価格（TSO別）[円/kW・30分],4.28,3.5,5.77,3.5,1.06,3.5,2.88,7.02,1.51,7.02
20260311B03,最低落札価格（TSO別）[円/kW・30分],0.36,0.36,3.08,0.36,1.05,0.36,0.86,0.36,0.36,0.36
20260311B03,平均落札価格（TSO別）[円/kW・30分],1.79,1.42,4.3,2.38,1.06,0.87,1.38,1.87,0.71,1.78
20260311B03,落札量合計（TSO別）[MW],62,330,260,195.864,123.683,223,189.275,84,277,1744.822
20260311B03,（内訳）自エリアからの落札量[MW],23.215,212,260,130.273,123.683,185.45,189.275,84,259,1466.896
20260311B04,募集量（TSO別）[MW],21,230,0,197,72,223,122,79,89,1033
20260311B04,応札量合計（電源属地別）[MW],121.75,142,916.572,10.5,140,249.724,211.839,79,332,2203.385
20260311B04,落札量合計（電源属地別）[MW],34.75,142,415.544,10.5,140,249.724,211.839,79,249,1532.357
20260311B04,応札件数（電源属地別）[件],4,2,7,1,2,4,6,3,6,35
20260311B04,落札件数（電源属地別）[件],2,2,5,1,2,4,6,3,5,30
20260311B04,最高落札価格（電源属地別）[円/kW・30分],4.75,4.55,1.23,19.29,1.43,19.51,1.19,14.06,0.95,19.51
20260311B04,最低落札価格（電源属地別）[円/kW・30分],3.9,1.83,0.36,19.29,1.42,0.36,0.36,0.36,0.36,0.36
20260311B04,平均落札価格（電源属地別）[円/kW・30分],4.66,2.79,0.69,19.29,1.43,0.82,0.63,4.58,0.54,1.36
20260311B04,最高落札価格（TSO別）[円/kW・30分],4.75,4.55,1.23,19.29,1.43,19.51,1.19,14.06,0.95,19.51
20260311B04,最低落札価格（TSO別）[円/kW・30分],0.36,0.36,0.36,0.36,1.42,0.36,0.36,0.36,0.36,0.36
20260311B04,平均落札価格（TSO別）[円/kW・30分],3.04,1.86,0.8,2.54,1.42,0.88,0.62,4.58,0.54,1.36
20260311B04,落札量合計（TSO別）[MW],55.75,230,306.544,107.274,123.458,223,158.331,79,249,1532.357
20260311B04,（内訳）自エリアからの落札量[MW],34.75,142,306.544,10.5,123.458,223,158.331,79,249,1326.583
20260311B05,募集量（TSO別）[MW],0,332,0,0,59,244,84,83,0,802
20260311B05,応札量合計（電源属地別）[MW],143.14,142,772.796,0,140,243.724,211.839,83,332,2068.499
20260311B05,落札量合計（電源属地別）[MW],46.39,142,690.324,0,140,243.724,211.839,83,265,1822.277
20260311B05,応札件数（電源属地別）[件],6,2,6,0,2,3,6,3,6,34
20260311B05,落札件数（電源属地別）[件],3,2,6,0,2,3,6,3,5,30
20260311B05,最高落札価格（電源属地別）[円/kW・30分],5.07,4.59,0.36,0,0.91,0.36,0.43,13.81,0.63,13.81
20260311B05,最低落札価格（電源属地別）[円/kW・30分],4.62,1.85,0.36,0,0.9,0.36,0.36,0.36,0.36,0.36
20260311B05,平均落札価格（電源属地別）[円/kW・30分],4.93,2.81,0.36,0,0.91,0.36,0.38,4.33,0.45,0.91
20260311B05,最高落札価格（TSO別）[円/kW・30分],5.07,4.59,0.36,0,0.91,0.91,0.43,13.81,0.63,13.81
20260311B05,最低落札価格（TSO別）[円/kW・30分],4.62,0.36,0.36,0,0.9,0.36,0.36,0.36,0.36,0.36
20260311B05,平均落札価格（TSO別）[円/kW・30分],4.93,1.41,0.36,0,0.91,0.36,0.38,4.33,0.45,0.91
20260311B05,落札量合計（TSO別）[MW],46.39,332,500.324,0,139.724,244,211.839,83,265,1822.277
20260311B05,（内訳）自エリアからの落札量[MW],46.39,142,500.324,0,139.724,243.724,211.839,83,265,1632.001
20260311B06,募集量（TSO別）[MW],10,245,0,227,50,311,156,119,223,1341
20260311B06,応札量合計（電源属地別）[MW],110.25,228,1033.158,110.477,134,243.724,163.969,119,332,2474.578
20260311B06,落札量合計（電源属地別）[MW],3,190,333,110.477,134,243.724,163.969,119,303,1600.17
20260311B06,応札件数（電源属地別）[件],5,3,8,2,2,3,5,3,6,37
20260311B06,落札件数（電源属地別）[件],1,3,3,2,2,3,5,3,6,28
20260311B06,最高落札価格（電源属地別）[円/kW・30分],3.1,4.09,7.26,19.29,1.26,0.36,1.89,6.25,1.61,19.29
20260311B06,最低落札価格（電源属地別）[円/kW・30分],3.1,2.02,0.36,0.64,1.25,0.36,0.75,0.36,0.36,0.36
20260311B06,平均落札価格（電源属地別）[円/kW・30分],3.1,2.69,5.39,1.98,1.26,0.36,0.94,1.27,0.83,2.09
20260311B06,最高落札価格（TSO別）[円/kW・30分],3.1,4.09,7.26,19.29,1.26,1.25,1.89,6.25,1.61,19.29
20260311B06,最低落札価格（TSO別）[円/kW・30分],0.36,0.36,5.77,0.64,1.25,0.36,0.75,0.36,0.36,0.36
20260311B06,平均落札価格（TSO別）[円/kW・30分],0.99,2.16,6.6,2.03,1.26,0.47,0.95,1.27,0.81,2.09
20260311B06,落札量合計（TSO別）[MW],13,245,268,128.837,68,311,156,119,291.333,1600.17
20260311B06,（内訳）自エリアからの落札量[MW],3,190,268,76.302,68,243.724,156,119,291.333,1415.359
20260311B07,募集量（TSO別）[MW],1,183,0,36,32,159,3,24,42,480
20260311B07,応札量合計（電源属地別）[MW],107.25,139,503.625,209.119,71,328.708,489.559,45,373,2266.261
20260311B07,落札量合計（電源属地別）[MW],0,120,386.252,38.767,71,178.449,198.932,45,205.46,1243.86
20260311B07,応札件数（電源属地別）[件],4,2,6,3,1,4,12,3,7,42
20260311B07,落札件数（電源属地別）[件],0,2,5,1,1,4,11,3,6,33
20260311B07,最高落札価格（電源属地別）[円/kW・30分],0,3.35,5.49,0.88,1.55,1.54,4.49,5.48,2.46,5.49
20260311B07,最低落札価格（電源属地別）[円/kW・30分],0,1.76,1.23,0.88,1.55,0.36,2.32,1.91,0.36,0.36
20260311B07,平均落札価格（電源属地別）[円/kW・30分],0,2.42,3.18,0.88,1.55,1,3.22,3.19,1.78,2.41
20260311B07,最高落札価格（TSO別）[円/kW・30分],5.23,5.49,5.49,0.88,1.55,1.54,4.49,5.48,2.46,5.49
20260311B07,最低落札価格（TSO別）[円/kW・30分],5.23,1.76,1.23,0.88,1.55,0.36,2.32,1.91,0.36,0.36
20260311B07,平均落札価格（TSO別）[円/kW・30分],5.23,3.39,2.77,0.88,1.55,1,3.22,3.19,1.78,2.41
20260311B07,落札量合計（TSO別）[MW],1,183,322.252,36,71,181.216,198.932,45,205.46,1243.86
20260311B07,（内訳）自エリアからの落札量[MW],0,120,322.252,36,71,178.449,198.932,45,205.46,1177.093
20260311B08,募集量（TSO別）[MW],0,0,0,19,38,144,22,37,63,323
20260311B08,応札量合計（電源属地別）[MW],124.95,139,173.019,206.918,71,328.708,489.559,64,279,1876.154
20260311B08,落札量合計（電源属地別）[MW],16,120,173.019,136.614,71,178.449,217.336,64,212.138,1188.556
20260311B08,応札件数（電源属地別）[件],5,2,2,3,1,4,12,4,6,39
20260311B08,落札件数（電源属地別）[件],2,2,2,2,1,4,11,4,5,33
20260311B08,最高落札価格（電源属地別）[円/kW・30分],4.52,3.68,2.06,4.64,0.96,0.9,3.2,5.77,1.32,5.77
20260311B08,最低落札価格（電源属地別）[円/kW・30分],4.38,2.02,1.23,3.04,0.96,0.36,1.04,1.3,0.36,0.36
20260311B08,平均落札価格（電源属地別）[円/kW・30分],4.47,2.71,1.31,3.84,0.96,0.6,2.02,2.4,0.62,1.72
20260311B08,最高落札価格（TSO別）[円/kW・30分],4.52,3.68,2.06,4.64,0.96,4.64,3.2,5.77,1.32,5.77
20260311B08,最低落札価格（TSO別）[円/kW・30分],4.38,2.02,1.23,3.04,0.96,0.36,1.04,1.3,0.36,0.36
20260311B08,平均落札価格（TSO別）[円/kW・30分],4.47,2.71,1.31,3.71,0.96,0.98,2.02,2.4,0.62,1.72
20260311B08,落札量合計（TSO別）[MW],16,120,173.019,117.847,68,200.216,217.336,64,212.138,1188.556
20260311B08,（内訳）自エリアからの落札量[MW],16,120,173.019,117.847,68,178.449,217.336,64,212.138,1166.789
20260312B01,募集量（TSO別）[MW],0,0,0,0,38,28,0,26,0,92
20260312B01,応札量合計（電源属地別）[MW],106,139,0,280.958,71,328.708,260.089,64,279,1528.755
20260312B01,落札量合計（電源属地別）[MW],0,139,0,173.696,71,178.449,147.341,55,86,850.486
20260312B01,応札件数（電源属地別）[件],3,2,0,6,1,4,7,4,6,33
20260312B01,落札件数（電源属地別）[件],0,2,0,4,1,4,6,4,4,25
20260312B01,最高落札価格（電源属地別）[円/kW・30分],0,3.88,0,3.71,0.35,0.82,2.59,6.69,0.99,6.69
20260312B01,最低落札価格（電源属地別）[円/kW・30分],0,2.19,0,2.41,0.35,0.36,0.43,0.36,0.36,0.35
20260312B01,平均落札価格（電源属地別）[円/kW・30分],0,2.8,0,2.86,0.35,0.56,1.83,1.06,0.75,1.65
20260312B01,最高落札価格（TSO別）[円/kW・30分],0,3.88,0,3.71,0.35,0.82,2.59,6.69,0.99,6.69
20260312B01,最低落札価格（TSO別）[円/kW・30分],0,2.19,0,2.41,0.35,0.36,0.43,0.36,0.36,0.35
20260312B01,平均落札価格（TSO別）[円/kW・30分],0,2.8,0,2.86,0.35,0.56,1.83,1.06,0.75,1.65
20260312B01,落札量合計（TSO別）[MW],0,139,0,173.696,71,178.449,147.341,55,86,850.486
20260312B01,（内訳）自エリアからの落札量[MW],0,139,0,173.696,71,178.449,147.341,55,86,850.486
20260312B02,募集量（TSO別）[MW],8,146,0,0,32,59,0,24,36,305
20260312B02,応札量合計（電源属地別）[MW],110.9,139,0,241.958,69,328.708,260.089,61,313,1523.655
20260312B02,落札量合計（電源属地別）[MW],38.342,139,0,141.798,69,178.449,147.341,61,170,944.93
20260312B02,応札件数（電源属地別）[件],5,2,0,4,1,4,7,3,7,33
20260312B02,落札件数（電源属地別）[件],4,2,0,4,1,4,6,3,5,29
20260312B02,最高落札価格（電源属地別）[円/kW・30分],4.55,3.59,0,2.92,0.35,1.02,3.02,6.73,1.16,6.73
20260312B02,最低落札価格（電源属地別）[円/kW・30分],4.2,1.95,0,2.22,0.35,0.36,0.86,0.36,0.36,0.35
20260312B02,平均落札価格（電源属地別）[円/kW・30分],4.51,2.54,0,2.73,0.35,0.65,2.26,1.93,0.69,1.71
20260312B02,最高落札価格（TSO別）[円/kW・30分],4.55,4.55,0,2.92,0.35,2.64,3.02,6.73,1.16,6.73
20260312B02,最低落札価格（TSO別）[円/kW・30分],4.2,1.95,0,2.22,0.35,0.36,0.86,0.36,0.36,0.35
20260312B02,平均落札価格（TSO別）[円/kW・30分],4.5,2.64,0,2.74,0.35,0.78,2.26,1.93,0.69,1.71
20260312B02,落札量合計（TSO別）[MW],31.342,146,0,129.031,69,191.216,147.341,61,170,944.93
20260312B02,（内訳）自エリアからの落札量[MW],31.342,139,0,129.031,69,178.449,147.341,61,170,925.163
20260312B03,募集量（TSO別）[MW],42,330,0,197,67,223,112,84,217,1272
20260312B03,応札量合計（電源属地別）[MW],110.99,231,1090.208,181.47,102,328.708,298.205,84,332,2758.581
20260312B03,落札量合計（電源属地別）[MW],23.215,212,416.785,150.273,102,321.437,247.231,84,259,1815.941
20260312B03,応札件数（電源属地別）[件],5,3,8,3,2,4,8,3,6,42
20260312B03,落札件数（電源属地別）[件],2,3,4,3,2,4,8,3,5,34
20260312B03,最高落札価格（電源属地別）[円/kW・30分],4.28,3.49,5.77,3.48,1.27,1.19,3.09,7.01,1.51,7.01
20260312B03,最低落札価格（電源属地別）[円/kW・30分],3.8,1.28,0.36,3.21,1.05,0.36,0.93,0.36,0.36,0.36
20260312B03,平均落札価格（電源属地別）[円/kW・30分],4.22,2,2.82,3.35,1.12,0.56,1.77,1.85,0.7,1.8
20260312B03,最高落札価格（TSO別）[円/kW・30分],4.28,3.49,5.77,3.48,1.27,1.19,3.09,7.01,1.51,7.01
20260312B03,最低落札価格（TSO別）[円/kW・30分],0.36,0.36,3.08,0.36,1.05,0.36,0.93,0.36,0.36,0.36
20260312B03,平均落札価格（TSO別）[円/kW・30分],1.8,1.41,4.3,2.44,1.12,0.61,1.83,1.85,0.71,1.8
20260312B03,落札量合計（TSO別）[MW],62,330,260,215.864,102,255.846,229.231,84,277,1815.941
20260312B03,（内訳）自エリアからの落札量[MW],23.215,212,260,150.273,102,255.846,229.231,84,259,1575.565
20260312B04,募集量（TSO別）[MW],21,230,0,197,72,223,122,79,89,1033
20260312B04,応札量合計（電源属地別）[MW],122,142,985.792,10.5,102,334.708,236.245,79,332,2344.245
20260312B04,落札量合計（電源属地別）[MW],34,142,641.544,10.5,102,334.708,236.245,79,249,1828.997
20260312B04,応札件数（電源属地別）[件],4,2,7,1,2,5,6,3,6,36
20260312B04,落札件数（電源属地別）[件],2,2,5,1,2,5,6,3,5,31
20260312B04,最高落札価格（電源属地別）[円/kW・30分],4.75,4.44,1.23,19.29,1.64,19.51,1.57,13.94,0.95,19.51
20260312B04,最低落札価格（電源属地別）[円/kW・30分],3.9,1.77,0.36,19.29,1.42,0.36,0.38,0.36,0.36,0.36
20260312B04,平均落札価格（電源属地別）[円/kW・30分],4.68,2.71,0.57,19.29,1.49,0.71,0.85,4.56,0.54,1.2
20260312B04,最高落札価格（TSO別）[円/kW・30分],4.75,4.44,1.23,19.51,1.64,0.39,1.57,13.94,0.95,19.51
20260312B04,最低落札価格（TSO別）[円/kW・30分],0.36,0.36,0.36,0.36,1.42,0.36,0.38,0.36,0.36,0.36
20260312B04,平均落札価格（TSO別）[円/kW・30分],3.03,1.81,0.61,3.31,1.49,0.37,0.85,4.56,0.54,1.2
20260312B04,落札量合計（TSO別）[MW],55,230,532.544,107.274,99.718,240.216,236.245,79,249,1828.997
20260312B04,（内訳）自エリアからの落札量[MW],34,142,532.544,10.5,99.718,240.216,236.245,79,249,1623.223
20260312B05,募集量（TSO別）[MW],0,332,0,0,59,244,84,83,0,802
20260312B05,応札量合計（電源属地別）[MW],129.39,142,841.848,0,102,328.708,236.245,30,332,2142.191
20260312B05,落札量合計（電源属地別）[MW],46.39,142,841.08,0,102,328.708,227.616,30,198,1915.794
20260312B05,応札件数（電源属地別）[件],6,2,6,0,2,4,6,2,6,34
20260312B05,落札件数（電源属地別）[件],3,2,6,0,2,4,6,2,4,29
20260312B05,最高落札価格（電源属地別）[円/kW・30分],5.07,4.75,0.36,0,1.11,0.36,0.68,14.08,0.5,14.08
20260312B05,最低落札価格（電源属地別）[円/kW・30分],4.62,1.93,0.36,0,0.9,0.36,0.36,8.91,0.36,0.36
20260312B05,平均落札価格（電源属地別）[円/kW・30分],4.93,2.92,0.36,0,0.97,0.36,0.48,11.5,0.38,0.88
20260312B05,最高落札価格（TSO別）[円/kW・30分],5.07,4.75,0.36,0,1.11,0.36,0.68,14.08,0.5,14.08
20260312B05,最低落札価格（TSO別）[円/kW・30分],4.62,0.36,0.36,0,0.9,0.36,0.36,8.91,0.36,0.36
20260312B05,平均落札価格（TSO別）[円/kW・30分],4.93,1.46,0.36,0,0.97,0.36,0.48,11.5,0.38,0.88
20260312B05,落札量合計（TSO別）[MW],46.39,332,651.08,0,102,328.708,227.616,30,198,1915.794
20260312B05,（内訳）自エリアからの落札量[MW],46.39,142,651.08,0,102,328.708,227.616,30,198,1725.794
20260312B06,募集量（TSO別）[MW],10,245,0,227,50,311,156,119,223,1341
20260312B06,応札量合計（電源属地別）[MW],110.25,228,1013.816,110.477,102,328.708,236.245,30,332,2491.496
20260312B06,落札量合計（電源属地別）[MW],10,190,480,110.477,102,328.708,236.245,30,202,1689.43
20260312B06,応札件数（電源属地別）[件],5,3,8,2,2,4,6,2,6,38
20260312B06,落札件数（電源属地別）[件],1,3,5,2,2,4,6,2,4,29
20260312B06,最高落札価格（電源属地別）[円/kW・30分],4.18,4.3,7.26,19.29,1.47,0.91,2.33,6.28,1.61,19.29
20260312B06,最低落札価格（電源属地別）[円/kW・30分],4.18,2.21,0.36,0.65,1.25,0.36,0.72,1.7,0.36,0.36
20260312B06,平均落札価格（電源属地別）[円/kW・30分],4.18,2.87,3.85,1.99,1.32,0.5,1.38,3.99,0.6,2.08
20260312B06,最高落札価格（TSO別）[円/kW・30分],4.18,4.3,7.26,19.29,1.47,2.21,2.33,6.28,1.61,19.29
20260312B06,最低落札価格（TSO別）[円/kW・30分],0.36,0.36,0.36,0.36,1.25,0.36,0.72,1.7,0.36,0.36
20260312B06,平均落札価格（TSO別）[円/kW・30分],2.27,2.31,4.39,1.54,1.36,0.56,1.54,3.99,0.62,2.08
20260312B06,落札量合計（TSO別）[MW],20,245,415,173.076,68,311,184.354,30,243,1689.43
20260312B06,（内訳）自エリアからの落札量[MW],10,190,415,76.302,68,274.484,184.354,30,202,1450.14
20260312B07,募集量（TSO別）[MW],1,183,0,36,32,159,3,24,42,480
20260312B07,応札量合計（電源属地別）[MW],96.25,139,575.879,209.119,69,397.708,465.715,44,358,2354.671
20260312B07,落札量合計（電源属地別）[MW],10,120,435.174,82.165,69,247.449,219,44,228.693,1455.481
20260312B07,応札件数（電源属地別）[件],3,2,6,3,1,5,11,3,7,41
20260312B07,落札件数（電源属地別）[件],1,2,5,2,1,5,11,3,7,37
20260312B07,最高落札価格（電源属地別）[円/kW・30分],4.19,3.85,9.7,4.84,1.54,4.84,4.29,8.04,2.46,9.7
20260312B07,最低落札価格（電源属地別）[円/kW・30分],4.19,2.16,1.23,0.83,1.54,0.36,2.12,2.1,0.36,0.36
20260312B07,平均落札価格（電源属地別）[円/kW・30分],4.19,2.86,4.13,2.5,1.54,2.07,3.09,5.1,1.78,2.97
20260312B07,最高落札価格（TSO別）[円/kW・30分],9.7,5.22,9.7,4.84,1.54,4.84,4.29,8.04,2.46,9.7
20260312B07,最低落札価格（TSO別）[円/kW・30分],4.19,2.16,1.23,0.83,1.54,0.36,2.12,2.1,0.36,0.36
20260312B07,平均落札価格（TSO別）[円/kW・30分],4.69,3.68,3.94,2.5,1.54,2.07,3.09,5.1,1.78,2.97
20260312B07,落札量合計（TSO別）[MW],11,183,371.174,82.165,69,247.449,219,44,228.693,1455.481
20260312B07,（内訳）自エリアからの落札量[MW],10,120,371.174,82.165,69,247.449,219,44,228.693,1391.481
20260312B08,募集量（TSO別）[MW],0,0,0,19,38,144,22,37,63,323
20260312B08,応札量合計（電源属地別）[MW],98,139,269.267,204.919,71,328.708,465.715,64,264,1904.609
20260312B08,落札量合計（電源属地別）[MW],16,120,269.267,136.614,71,178.449,224.226,64,261,1340.556
20260312B08,応札件数（電源属地別）[件],3,2,3,2,1,4,11,4,6,36
20260312B08,落札件数（電源属地別）[件],1,2,3,2,1,4,11,4,6,34
20260312B08,最高落札価格（電源属地別）[円/kW・30分],4.52,4.37,2.53,4.4,0.96,0.9,3.1,5.65,1.32,5.65
20260312B08,最低落札価格（電源属地別）[円/kW・30分],4.52,2.57,1.23,2.78,0.96,0.36,0.93,0.36,0.36,0.36
20260312B08,平均落札価格（電源属地別）[円/kW・30分],4.52,3.32,1.74,3.59,0.96,0.6,1.88,1.91,0.63,1.73
20260312B08,最高落札価格（TSO別）[円/kW・30分],4.52,4.37,2.53,4.4,0.96,4.4,3.1,5.65,1.32,5.65
20260312B08,最低落札価格（TSO別）[円/kW・30分],4.52,2.57,1.23,2.78,0.96,0.36,0.93,0.36,0.36,0.36
20260312B08,平均落札価格（TSO別）[円/kW・30分],4.52,3.32,1.74,3.44,0.96,1.01,1.88,1.91,0.63,1.73
20260312B08,落札量合計（TSO別）[MW],16,120,269.267,114.847,71,200.216,224.226,64,261,1340.556
20260312B08,（内訳）自エリアからの落札量[MW],16,120,269.267,114.847,71,178.449,224.226,64,261,1318.789
20260313B01,募集量（TSO別）[MW],0,0,0,0,38,28,0,26,0,92
20260313B01,応札量合計（電源属地別）[MW],95,139,0,0,71,328.708,236.245,64,264,1197.953
20260313B01,落札量合計（電源属地別）[MW],10.332,139,0,0,71,281.311,147.371,64,165,878.014
20260313B01,応札件数（電源属地別）[件],2,2,0,0,1,4,6,4,6,25
20260313B01,落札件数（電源属地別）[件],1,2,0,0,1,4,6,4,6,24
20260313B01,最高落札価格（電源属地別）[円/kW・30分],4.6,3.83,0,0,0.35,0.82,2.35,6.19,0.99,6.19
20260313B01,最低落札価格（電源属地別）[円/kW・30分],4.6,2.15,0,0,0.35,0.36,0.36,0.48,0.36,0.35
20260313B01,平均落札価格（電源属地別）[円/kW・30分],4.6,2.75,0,0,0.35,0.49,1.62,1.93,0.59,1.2
20260313B01,最高落札価格（TSO別）[円/kW・30分],4.6,3.83,0,0,0.35,0.82,2.35,6.19,0.99,6.19
20260313B01,最低落札価格（TSO別）[円/kW・30分],4.6,2.15,0,0,0.35,0.36,0.36,0.48,0.36,0.35
20260313B01,平均落札価格（TSO別）[円/kW・30分],4.6,2.75,0,0,0.35,0.49,1.62,1.93,0.59,1.2
20260313B01,落札量合計（TSO別）[MW],10.332,139,0,0,71,281.311,147.371,64,165,878.014
20260313B01,（内訳）自エリアからの落札量[MW],10.332,139,0,0,71,281.311,147.371,64,165,878.014
20260313B02,募集量（TSO別）[MW],8,146,0,0,32,59,0,24,36,305
20260313B02,応札量合計（電源属地別）[MW],100.65,139,0,0,71,397.708,236.245,61,313,1318.603
20260313B02,落札量合計（電源属地別）[MW],34.082,139,0,0,71,367.528,147.371,61,256,1075.981
20260313B02,応札件数（電源属地別）[件],4,2,0,0,1,5,6,3,7,28
20260313B02,落札件数（電源属地別）[件],3,2,0,0,1,5,6,3,6,26
20260313B02,最高落札価格（電源属地別）[円/kW・30分],4.54,3.63,0,0,0.35,4.59,2.8,6.27,1.16,6.27
20260313B02,最低落札価格（電源属地別）[円/kW・30分],3.5,1.98,0,0,0.35,0.36,0.64,0.49,0.36,0.35
20260313B02,平均落札価格（電源属地別）[円/kW・30分],4.38,2.57,0,0,0.35,1.29,2.04,2,0.58,1.47
20260313B02,最高落札価格（TSO別）[円/kW・30分],4.54,3.63,0,0,0.35,4.59,2.8,6.27,1.16,6.27
20260313B02,最低落札価格（TSO別）[円/kW・30分],3.5,1.98,0,0,0.35,0.36,0.64,0.49,0.36,0.35
20260313B02,平均落札価格（TSO別）[円/kW・30分],4.38,2.57,0,0,0.35,1.29,2.04,2,0.58,1.47
20260313B02,落札量合計（TSO別）[MW],34.082,139,0,0,71,367.528,147.371,61,256,1075.981
20260313B02,（内訳）自エリアからの落札量[MW],34.082,139,0,0,71,367.528,147.371,61,256,1075.981
20260313B03,募集量（TSO別）[MW],42,330,0,197,67,223,112,84,217,1272
20260313B03,応札量合計（電源属地別）[MW],98.75,231,260,0,131,328.708,298.205,30,332,1709.663
20260313B03,落札量合計（電源属地別）[MW],62,231,260,0,131,328.708,245.817,30,298,1586.525
20260313B03,応札件数（電源属地別）[件],3,3,2,0,2,4,8,2,6,30
20260313B03,落札件数（電源属地別）[件],3,3,2,0,2,4,8,2,6,30
20260313B03,最高落札価格（電源属地別）[円/kW・30分],9.92,3.7,5.77,0,1.06,1.19,2.99,7.06,1.51,9.92
20260313B03,最低落札価格（電源属地別）[円/kW・30分],3.8,1.39,3.08,0,1.05,0.36,0.83,2.69,0.36,0.36
20260313B03,平均落札価格（電源属地別）[円/kW・30分],6.73,2.13,4.3,0,1.06,0.57,1.67,4.88,0.74,1.97
20260313B03,最高落札価格（TSO別）[円/kW・30分],9.92,3.7,5.77,0,1.06,1.19,2.99,7.06,1.51,9.92
20260313B03,最低落札価格（TSO別）[円/kW・30分],3.8,1.39,3.08,0,1.05,0.36,0.83,2.69,0.36,0.36
20260313B03,平均落札価格（TSO別）[円/kW・30分],6.73,2.13,4.3,0,1.06,0.57,1.67,4.88,0.74,1.97
20260313B03,落札量合計（TSO別）[MW],62,231,260,0,131,328.708,245.817,30,298,1586.525
20260313B03,（内訳）自エリアからの落札量[MW],62,231,260,0,131,328.708,245.817,30,298,1586.525
20260313B04,募集量（TSO別）[MW],21,230,0,197,72,223,122,79,89,1033
20260313B04,応札量合計（電源属地別）[MW],111,142,156,0,140,334.708,205.265,30,332,1450.973
20260313B04,落札量合計（電源属地別）[MW],111,142,156,0,140,334.708,205.265,30,249,1367.973
20260313B04,応札件数（電源属地別）[件],3,2,1,0,2,5,5,2,6,26
20260313B04,落札件数（電源属地別）[件],3,2,1,0,2,5,5,2,5,25
20260313B04,最高落札価格（電源属地別）[円/kW・30分],9,4.63,1.23,0,1.43,19.51,1.64,14.33,0.95,19.51
20260313B04,最低落札価格（電源属地別）[円/kW・30分],3.9,1.87,1.23,0,1.42,0.36,0.38,8.94,0.36,0.36
20260313B04,平均落札価格（電源属地別）[円/kW・30分],7.68,2.84,1.23,0,1.43,0.71,0.95,11.64,0.54,1.87
20260313B04,最高落札価格（TSO別）[円/kW・30分],9,4.63,1.23,19.51,1.43,0.39,1.64,14.33,0.95,19.51
20260313B04,最低落札価格（TSO別）[円/kW・30分],3.9,1.87,1.23,0.36,1.42,0.36,0.38,8.94,0.36,0.36
20260313B04,平均落札価格（TSO別）[円/kW・30分],7.68,2.84,1.23,1.55,1.43,0.37,0.96,11.64,0.54,1.87
20260313B04,落札量合計（TSO別）[MW],111,142,156,96.774,140,240.216,202.983,30,249,1367.973
20260313B04,（内訳）自エリアからの落札量[MW],111,142,156,0,140,240.216,202.983,30,249,1271.199
20260313B05,募集量（TSO別）[MW],0,332,0,0,59,244,84,83,0,802
20260313B05,応札量合計（電源属地別）[MW],129.4,142,0,0,140,328.708,205.265,30,332,1307.373
20260313B05,落札量合計（電源属地別）[MW],93.977,142,0,0,140,328.708,188.651,30,198,1121.336
20260313B05,応札件数（電源属地別）[件],4,2,0,0,2,4,5,2,6,25
20260313B05,落札件数（電源属地別）[件],4,2,0,0,2,4,5,2,4,23
20260313B05,最高落札価格（電源属地別）[円/kW・30分],9.21,4.81,0,0,0.91,0.36,0.66,14.07,0.5,14.07
20260313B05,最低落札価格（電源属地別）[円/kW・30分],4.62,1.96,0,0,0.9,0.36,0.36,8.9,0.36,0.36
20260313B05,平均落札価格（電源属地別）[円/kW・30分],7.18,2.96,0,0,0.91,0.36,0.47,11.49,0.38,1.65
20260313B05,最高落札価格（TSO別）[円/kW・30分],9.21,9.21,0,0,0.91,0.36,0.66,14.07,0.5,14.07
20260313B05,最低落札価格（TSO別）[円/kW・30分],9.21,1.96,0,0,0.9,0.36,0.36,8.9,0.36,0.36
20260313B05,平均落札価格（TSO別）[円/kW・30分],9.21,3.59,0,0,0.91,0.36,0.47,11.49,0.38,1.65
20260313B05,落札量合計（TSO別）[MW],44.332,191.645,0,0,140,328.708,188.651,30,198,1121.336
20260313B05,（内訳）自エリアからの落札量[MW],44.332,142,0,0,140,328.708,188.651,30,198,1071.691
20260313B06,募集量（TSO別）[MW],10,245,0,227,50,311,156,119,223,1341
20260313B06,応札量合計（電源属地別）[MW],99.25,228,268,0,134,328.708,205.265,30,332,1625.223
20260313B06,落札量合計（電源属地別）[MW],33,228,268,0,134,328.708,205.265,30,303,1529.973
20260313B06,応札件数（電源属地別）[件],4,3,2,0,2,4,5,2,6,28
20260313B06,落札件数（電源属地別）[件],3,3,2,0,2,4,5,2,6,27
20260313B06,最高落札価格（電源属地別）[円/kW・30分],4.18,3.61,7.26,0,1.26,0.91,2.26,6.81,1.61,7.26
20260313B06,最低落札価格（電源属地別）[円/kW・30分],3.1,1.6,5.77,0,1.25,0.36,0.66,2.71,0.36,0.36
20260313B06,平均落札価格（電源属地別）[円/kW・30分],4.08,2.17,6.6,0,1.26,0.5,1.42,4.76,0.83,2.23
20260313B06,最高落札価格（TSO別）[円/kW・30分],4.18,4.18,7.26,1.36,1.26,0.91,2.26,6.81,1.61,7.26
20260313B06,最低落札価格（TSO別）[円/kW・30分],4.08,1.6,5.77,0.36,1.25,0.36,0.66,2.71,0.36,0.36
20260313B06,平均落札価格（TSO別）[円/kW・30分],4.17,2.3,6.6,0.94,1.25,0.51,1.55,4.76,0.81,2.23
20260313B06,落札量合計（TSO別）[MW],16,245,268,96.774,99.605,311,172.261,30,291.333,1529.973
20260313B06,（内訳）自エリアからの落札量[MW],16,228,268,0,99.605,311,172.261,30,291.333,1416.199
20260313B07,募集量（TSO別）[MW],1,183,0,36,32,159,3,24,42,480
20260313B07,応札量合計（電源属地別）[MW],96.25,139,335.5,0,71,328.708,465.715,44,383,1863.173
20260313B07,落札量合計（電源属地別）[MW],35.782,139,335.5,0,71,321.437,151,44,313.627,1411.346
20260313B07,応札件数（電源属地別）[件],3,2,3,0,1,4,11,3,8,35
20260313B07,落札件数（電源属地別）[件],2,2,3,0,1,4,11,3,7,33
20260313B07,最高落札価格（電源属地別）[円/kW・30分],8.59,3.33,3.08,0,1.55,1.54,4.04,7.8,2.46,8.59
20260313B07,最低落札価格（電源属地別）[円/kW・30分],4.19,1.75,1.23,0,1.55,0.36,1.88,1.86,0.36,0.36
20260313B07,平均落札価格（電源属地別）[円/kW・30分],5.42,2.32,2.15,0,1.55,0.85,2.65,5,1.21,1.86
20260313B07,最高落札価格（TSO別）[円/kW・30分],8.59,8.59,3.08,0.7,1.55,1.54,4.04,7.8,2.46,8.59
20260313B07,最低落札価格（TSO別）[円/kW・30分],4.19,1.23,1.23,0.7,1.55,0.36,1.88,1.86,0.36,0.36
20260313B07,平均落札価格（TSO別）[円/kW・30分],4.66,2.65,2.14,0.7,1.55,0.87,2.65,5,1.21,1.86
20260313B07,落札量合計（TSO別）[MW],21.282,183,306,36,71,285.437,151,44,313.627,1411.346
20260313B07,（内訳）自エリアからの落札量[MW],21.282,139,306,0,71,285.437,151,44,313.627,1331.346
20260313B08,募集量（TSO別）[MW],0,0,0,19,38,144,22,37,63,323
20260313B08,応札量合計（電源属地別）[MW],116.7,178,156,0,71,328.708,465.715,64,313,1693.123
20260313B08,落札量合計（電源属地別）[MW],35.082,140,156,0,71,282.354,217.336,64,237,1202.772
20260313B08,応札件数（電源属地別）[件],4,2,1,0,1,4,11,4,7,34
20260313B08,落札件数（電源属地別）[件],2,2,1,0,1,4,11,4,6,31
20260313B08,最高落札価格（電源属地別）[円/kW・30分],4.52,2.13,1.23,0,0.96,0.9,3,5.91,1.32,5.91
20260313B08,最低落札価格（電源属地別）[円/kW・30分],4.38,2.08,1.23,0,0.96,0.36,0.87,0.36,0.36,0.36
20260313B08,平均落札価格（電源属地別）[円/kW・30分],4.45,2.11,1.23,0,0.96,0.51,1.82,1.89,0.66,1.27
20260313B08,最高落札価格（TSO別）[円/kW・30分],4.52,2.13,1.23,0.36,0.96,0.9,3,5.91,1.32,5.91
20260313B08,最低落札価格（TSO別）[円/kW・30分],4.38,2.08,1.23,0.36,0.96,0.36,0.87,0.36,0.36,0.36
20260313B08,平均落札価格（TSO別）[円/kW・30分],4.45,2.11,1.23,0.36,0.96,0.52,1.82,1.89,0.66,1.27
20260313B08,落札量合計（TSO別）[MW],35.082,140,156,19,71,263.354,217.336,64,237,1202.772
20260313B08,（内訳）自エリアからの落札量[MW],35.082,140,156,0,71,263.354,217.336,64,237,1183.772
E
