H,電力需給調整力取引所取引結果,対象年月,商品区分,ブロック数
P,速報値,202603,複合商品,8
TT,取引情報,北海道,東北,東京,中部,北陸,関西,中国,四国,九州,合計
20260301B01,募集量（TSO別）[MW],6,228,195,0,105,224,206,91,225,1280
20260301B01,応札量合計（電源属地別）[MW],302.558,582.02,442.432,499.603,105,894.295,547.821,102.543,561.216,4037.488
20260301B01,落札量合計（電源属地別）[MW],6,222.02,99.599,443.484,105,246.017,235.679,93.543,99.27,1550.612
20260301B01,応札件数（電源属地別）[件],9,5,27,12,1,6,7,4,14,85
20260301B01,落札件数（電源属地別）[件],4,5,25,11,1,6,5,4,11,72
20260301B01,最高落札価格（電源属地別）[円/kW・30分],4.2,19.51,19.51,19.48,1.43,18.97,1.18,7.27,19.51,19.51
20260301B01,最低落札価格（電源属地別）[円/kW・30分],2.5,1.43,0.36,0.33,1.43,0.36,0.36,0.36,0.33,0.33
20260301B01,平均落札価格（電源属地別）[円/kW・30分],3.04,2.73,7.91,2.06,1.43,1.83,1,1.96,2.82,2.34
20260301B01,最高落札価格（TSO別）[円/kW・30分],4.2,19.51,19.51,2.11,1.43,6.5,19.48,7.27,19.51,19.51
20260301B01,最低落札価格（TSO別）[円/kW・30分],2.5,1.43,0.36,1.67,1.43,0.36,0.33,0.36,0.33,0.33
20260301B01,平均落札価格（TSO別）[円/kW・30分],3.04,2.73,7.91,1.86,1.43,0.94,1.9,1.96,2.7,2.34
20260301B01,落札量合計（TSO別）[MW],6,222.02,99.599,327.894,105,255.506,206.05,93.543,235,1550.612
20260301B01,（内訳）自エリアからの落札量[MW],6,222.02,99.599,327.894,105,206.407,157.679,93.543,99.27,1317.412
20260301B02,募集量（TSO別）[MW],26,322,258,0,101,324,204,92,328,1655
20260301B02,応札量合計（電源属地別）[MW],319.358,596.52,452.954,377.881,101,920.891,550.621,105.473,614.216,4038.914
20260301B02,落札量合計（電源属地別）[MW],18,236.52,196.558,370.581,101,272.613,238.479,105.473,184.216,1723.44
20260301B02,応札件数（電源属地別）[件],9,6,34,13,1,13,9,7,16,108
20260301B02,落札件数（電源属地別）[件],3,6,33,12,1,13,7,7,14,96
20260301B02,最高落札価格（電源属地別）[円/kW・30分],3.82,19.51,19.51,19.51,1.43,19.51,19.51,19.51,19.51,19.51
20260301B02,最低落札価格（電源属地別）[円/kW・30分],2,1.43,0.35,0.33,1.43,0.36,0.36,0.36,0.33,0.33
20260301B02,平均落札価格（電源属地別）[円/kW・30分],3.54,3.77,5.06,3.83,1.43,2.48,1.36,4.57,2.11,3.13
20260301B02,最高落札価格（TSO別）[円/kW・30分],3.82,19.51,19.51,4.56,1.43,19.51,1.37,7.94,19.51,19.51
20260301B02,最低落札価格（TSO別）[円/kW・30分],2,0.35,0.36,2.68,1.43,0.33,0.36,0.36,0.33,0.33
20260301B02,平均落札価格（TSO別）[円/kW・30分],3.24,3.1,7.14,3.21,1.43,2.62,1.14,2.32,3.81,3.13
20260301B02,落札量合計（TSO別）[MW],26,288.52,136.558,180.02,87,347.506,204,91,362.836,1723.44
20260301B02,（内訳）自エリアからの落札量[MW],18,228.52,136.558,180.02,87,232.102,204,91,184.216,1361.416
20260301B03,募集量（TSO別）[MW],72,471,412,217,164,489,341,181,503,2850
20260301B03,応札量合計（電源属地別）[MW],322.558,666.52,1208.124,23.557,164,920.891,550.621,97.473,661.216,4614.96
20260301B03,落札量合計（電源属地別）[MW],63.215,313.576,409.456,23.557,164,517.213,315.829,97.473,326.216,2230.535
20260301B03,応札件数（電源属地別）[件],10,6,43,12,2,13,9,5,14,114
20260301B03,落札件数（電源属地別）[件],7,6,37,12,2,13,7,5,11,100
20260301B03,最高落札価格（電源属地別）[円/kW・30分],10.4,19.51,19.51,19.51,1.17,19.51,19.51,19.51,19.51,19.51
20260301B03,最低落札価格（電源属地別）[円/kW・30分],4.92,1.43,0.36,0.33,1.16,0.36,0.36,0.36,0.33,0.33
20260301B03,平均落札価格（電源属地別）[円/kW・30分],6.74,3.14,4.74,17.85,1.17,1.47,0.76,4.83,1.07,2.59
20260301B03,最高落札価格（TSO別）[円/kW・30分],10.4,19.51,19.51,19.51,1.17,19.51,0.76,19.51,19.51,19.51
20260301B03,最低落札価格（TSO別）[円/kW・30分],0.36,0.36,0.36,19.47,1.16,0.33,0.36,0.36,0.33,0.33
20260301B03,平均落札価格（TSO別）[円/kW・30分],5.96,2.52,6.15,19.48,1.17,1.74,0.55,4.83,1.1,2.59
20260301B03,落札量合計（TSO別）[MW],72,404.52,309.727,20,131,455.587,341,97.473,399.228,2230.535
20260301B03,（内訳）自エリアからの落札量[MW],63.215,313.576,309.727,20,131,427.613,254.894,97.473,326.216,1943.714
20260301B04,募集量（TSO別）[MW],108,358,616,252,291,565,560,271,439,3460
20260301B04,応札量合計（電源属地別）[MW],397.468,665.17,1399.058,19.658,268,770.171,336.031,173.473,830.369,4859.398
20260301B04,落札量合計（電源属地別）[MW],26,305.17,484.247,19.658,268,770.171,336.031,173.473,358.369,2741.119
20260301B04,応札件数（電源属地別）[件],9,5,43,10,2,12,7,5,15,108
20260301B04,落札件数（電源属地別）[件],2,5,39,10,2,12,7,5,14,96
20260301B04,最高落札価格（電源属地別）[円/kW・30分],5.47,17.54,19.51,19.51,0.35,19.51,19.51,19.51,19.51,19.51
20260301B04,最低落札価格（電源属地別）[円/kW・30分],4.07,1.43,0.35,19.47,0.35,0.36,0.36,0.36,0.36,0.35
20260301B04,平均落札価格（電源属地別）[円/kW・30分],4.61,4.4,2.46,19.48,0.35,1.13,0.52,3.86,1.23,1.93
20260301B04,最高落札価格（TSO別）[円/kW・30分],5.56,17.54,19.51,19.51,0.35,19.51,19.51,19.51,19.51,19.51
20260301B04,最低落札価格（TSO別）[円/kW・30分],0.35,0.36,0.35,19.47,0.35,0.35,0.36,0.36,0.36,0.35
20260301B04,平均落札価格（TSO別）[円/kW・30分],3.52,4.26,2.62,19.48,0.35,1.19,0.49,3.86,1.23,1.93
20260301B04,落札量合計（TSO別）[MW],108,257.17,450.247,19.658,264,715.171,395.031,173.473,358.369,2741.119
20260301B04,（内訳）自エリアからの落札量[MW],26,236.17,450.247,19.658,264,711.171,336.031,173.473,358.369,2575.119
20260301B05,募集量（TSO別）[MW],24,458,794,0,249,513,360,270,448,3116
20260301B05,応札量合計（電源属地別）[MW],513.558,666.52,147.651,17.678,249,913.233,336.031,137.473,831.854,3812.998
20260301B05,落札量合計（電源属地別）[MW],33.645,344.52,147.651,0,249,479.955,315.086,137.473,353.854,2061.184
20260301B05,応札件数（電源属地別）[件],11,6,33,9,2,9,7,5,16,98
20260301B05,落札件数（電源属地別）[件],4,6,33,0,2,9,7,5,15,81
20260301B05,最高落札価格（電源属地別）[円/kW・30分],5.51,19.51,19.51,0,0.35,19.51,19.51,19.51,19.51,19.51
20260301B05,最低落札価格（電源属地別）[円/kW・30分],2.5,1.43,0.36,0,0.35,0.36,0.36,0.36,0.36,0.35
20260301B05,平均落札価格（電源属地別）[円/kW・30分],4.87,5.24,10.29,0,0.35,1.26,0.53,5.08,1.32,2.67
20260301B05,最高落札価格（TSO別）[円/kW・30分],5.51,19.51,19.51,0,0.35,19.51,19.51,19.51,19.51,19.51
20260301B05,最低落札価格（TSO別）[円/kW・30分],2.5,1.43,0.36,0,0.35,0.35,0.36,0.36,0.36,0.35
20260301B05,平均落札価格（TSO別）[円/kW・30分],4.62,5.24,10.29,0,0.35,1.24,0.53,5.08,1.32,2.67
20260301B05,落札量合計（TSO別）[MW],24,354.165,147.651,0,240,492.233,311.808,137.473,353.854,2061.184
20260301B05,（内訳）自エリアからの落札量[MW],24,344.52,147.651,0,240,479.955,311.808,137.473,353.854,2039.261
20260301B06,募集量（TSO別）[MW],21,528,423,257,210,616,279,226,501,3061
20260301B06,応札量合計（電源属地別）[MW],340.658,666.52,1457.58,21.558,210,920.891,550.621,148.473,558.844,4875.145
20260301B06,落札量合計（電源属地別）[MW],11,306.52,431.778,21.558,210,700.213,315.829,148.473,287.844,2433.215
20260301B06,応札件数（電源属地別）[件],9,6,38,11,2,13,9,5,17,110
20260301B06,落札件数（電源属地別）[件],2,6,32,11,2,13,7,5,15,93
20260301B06,最高落札価格（電源属地別）[円/kW・30分],5.35,19.51,19.51,19.51,0.35,19.51,19.51,19.51,19.51,19.51
20260301B06,最低落札価格（電源属地別）[円/kW・30分],1.2,1.43,0.36,19.47,0.35,0.36,0.36,0.36,0.33,0.33
20260301B06,平均落札価格（電源属地別）[円/kW・30分],4.97,3.22,4.16,19.48,0.35,1.15,0.69,3.76,1.63,2.21
20260301B06,最高落札価格（TSO別）[円/kW・30分],5.35,19.51,19.51,19.51,0.35,19.51,19.51,19.51,19.51,19.51
20260301B06,最低落札価格（TSO別）[円/kW・30分],0.36,0.36,0.36,19.47,0.35,0.36,0.36,0.36,0.33,0.33
20260301B06,平均落札価格（TSO別）[円/kW・30分],2.78,2.47,5.61,19.48,0.35,1.35,0.61,3.76,1.19,2.21
20260301B06,落札量合計（TSO別）[MW],21,415.52,312.778,21.558,202,595.042,279,148.473,437.844,2433.215
20260301B06,（内訳）自エリアからの落札量[MW],11,306.52,312.778,21.558,202,549.087,238.588,148.473,287.844,2077.848
20260301B07,募集量（TSO別）[MW],15,377,442,93,120,471,233,124,359,2234
20260301B07,応札量合計（電源属地別）[MW],346.558,406.52,1606.495,1953.139,120,920.891,550.621,137.473,547.55,6589.247
20260301B07,落札量合計（電源属地別）[MW],14,166.52,546.835,436.88,120,269.823,239.659,134.473,235.144,2163.334
20260301B07,応札件数（電源属地別）[件],11,5,49,25,1,13,9,6,17,136
20260301B07,落札件数（電源属地別）[件],1,5,40,16,1,12,6,6,11,98
20260301B07,最高落札価格（電源属地別）[円/kW・30分],1.65,19.51,19.51,19.48,0.98,19.51,19.2,19.5,19.19,19.51
20260301B07,最低落札価格（電源属地別）[円/kW・30分],1.65,1.43,0.36,0.33,0.98,0.36,0.36,0.36,0.33,0.33
20260301B07,平均落札価格（電源属地別）[円/kW・30分],1.65,3.62,5.28,3.85,0.98,2.31,1.69,3.3,1.51,3.3
20260301B07,最高落札価格（TSO別）[円/kW・30分],9.04,19.51,19.51,4.08,0.98,19.51,3.39,19.5,19.2,19.51
20260301B07,最低落札価格（TSO別）[円/kW・30分],1.65,1.43,0.36,2.76,0.98,0.33,0.36,0.36,0.33,0.33
20260301B07,平均落札価格（TSO別）[円/kW・30分],2.14,4.72,4.99,3.62,0.98,3.2,1.69,3.3,2.03,3.3
20260301B07,落札量合計（TSO別）[MW],15,270.52,441.835,93,111,505.506,233,134.473,359,2163.334
20260301B07,（内訳）自エリアからの落札量[MW],14,166.52,441.835,93,111,269.823,219.02,134.473,235.144,1684.815
20260301B08,募集量（TSO別）[MW],27,98,402,19,118,374,227,113,319,1697
20260301B08,応札量合計（電源属地別）[MW],362.718,406.52,386.029,1266.117,118,920.891,407.011,126.473,449.016,4442.775
20260301B08,落札量合計（電源属地別）[MW],27,166.52,234.729,799.407,118,335.782,169.106,116,236.532,2203.076
20260301B08,応札件数（電源属地別）[件],8,5,33,29,1,13,8,7,16,120
20260301B08,落札件数（電源属地別）[件],3,5,31,16,1,13,6,6,15,96
20260301B08,最高落札価格（電源属地別）[円/kW・30分],7.2,19.51,19.51,19.47,0.95,19.51,19.51,7.3,19.51,19.51
20260301B08,最低落札価格（電源属地別）[円/kW・30分],1.16,1.43,0.36,0.33,0.95,0.36,0.36,0.36,0.33,0.33
20260301B08,平均落札価格（電源属地別）[円/kW・30分],2.03,3.92,4.72,2.69,0.95,1.99,1.26,1.6,1.77,2.52
20260301B08,最高落札価格（TSO別）[円/kW・30分],7.2,19.51,19.51,3.11,0.95,19.51,19.51,7.3,19.51,19.51
20260301B08,最低落札価格（TSO別）[円/kW・30分],1.16,1.43,0.36,2.32,0.95,0.36,0.33,0.36,0.33,0.33
20260301B08,平均落札価格（TSO別）[円/kW・30分],2.03,3.92,4.72,2.76,0.95,1.55,1.77,1.6,2.45,2.52
20260301B08,落札量合計（TSO別）[MW],27,166.52,234.729,549.925,98,389.506,255.396,116,366,2203.076
20260301B08,（内訳）自エリアからの落札量[MW],27,166.52,234.729,549.925,98,274.554,159.192,116,236.532,1862.452
20260302B01,募集量（TSO別）[MW],6,228,195,0,105,224,206,91,225,1280
20260302B01,応札量合計（電源属地別）[MW],322.558,395.85,232.059,867.603,105,846.87,404.211,91,447.216,3712.367
20260302B01,落札量合計（電源属地別）[MW],6,155.85,115.68,771.469,105,196.722,141.306,91,119.832,1702.859
20260302B01,応札件数（電源属地別）[件],10,4,17,19,1,5,6,5,15,82
20260302B01,落札件数（電源属地別）[件],2,4,17,14,1,4,4,5,6,57
20260302B01,最高落札価格（電源属地別）[円/kW・30分],2.85,19.51,19.51,3.39,1.34,1.45,1.25,7.21,2,19.51
20260302B01,最低落札価格（電源属地別）[円/kW・30分],2,2.31,0.35,0.33,1.34,0.48,0.36,0.36,0.33,0.33
20260302B01,平均落札価格（電源属地別）[円/kW・30分],2.57,3.9,4.9,2.24,1.34,0.9,0.98,1.49,1.49,2.16
20260302B01,最高落札価格（TSO別）[円/kW・30分],2.85,19.51,19.51,3.39,1.34,2.71,2.71,7.21,3.39,19.51
20260302B01,最低落札価格（TSO別）[円/kW・30分],2,0.35,0.36,1.51,1.34,0.33,0.36,0.36,0.33,0.33
20260302B01,平均落札価格（TSO別）[円/kW・30分],2.57,2.96,11.1,2.35,1.34,1.17,1.3,1.49,1.72,2.16
20260302B01,落札量合計（TSO別）[MW],6,225.85,45.68,530.407,105,255.506,209.416,91,234,1702.859
20260302B01,（内訳）自エリアからの落札量[MW],6,155.85,45.68,530.407,105,182.87,94.148,91,119.832,1330.787
20260302B02,募集量（TSO別）[MW],26,322,258,0,101,324,204,92,328,1655
20260302B02,応札量合計（電源属地別）[MW],319.358,406.52,266.06,1031.881,101,920.891,407.011,105.473,447.216,4005.41
20260302B02,落札量合計（電源属地別）[MW],18,170.511,230.76,762.024,101,268.823,163.306,93.137,177.342,1984.903
20260302B02,応札件数（電源属地別）[件],9,5,31,24,1,13,8,6,15,112
20260302B02,落札件数（電源属地別）[件],3,5,31,12,1,11,4,5,9,81
20260302B02,最高落札価格（電源属地別）[円/kW・30分],3.82,19.51,19.51,2.82,1.46,18.99,1.56,19.51,18,19.51
20260302B02,最低落札価格（電源属地別）[円/kW・30分],2,1.43,0.35,0.33,1.46,0.62,0.36,0.36,0.33,0.33
20260302B02,平均落札価格（電源属地別）[円/kW・30分],3.52,3.56,4.44,2.12,1.46,2.6,1.08,2.11,1.73,2.44
20260302B02,最高落札価格（TSO別）[円/kW・30分],3.82,19.51,19.51,2.82,1.46,2.82,19.51,19.51,18.99,19.51
20260302B02,最低落札価格（TSO別）[円/kW・30分],1.58,0.35,0.36,1.49,1.46,0.62,0.33,0.36,0.33,0.33
20260302B02,平均落札価格（TSO別）[円/kW・30分],2.92,2.26,9.25,2.28,1.46,1.46,1.92,1.89,2.41,2.44
20260302B02,落札量合計（TSO別）[MW],26,288.52,104.751,434.73,87,347.506,229.396,92,375,1984.903
20260302B02,（内訳）自エリアからの落札量[MW],18,170.511,104.751,434.73,87,196.722,159.286,92,177.342,1440.342
20260302B03,募集量（TSO別）[MW],72,471,412,217,164,489,341,181,503,2850
20260302B03,応札量合計（電源属地別）[MW],322.558,460.42,1115.384,466.557,165.994,1011.891,407.011,97.473,703.146,4750.434
20260302B03,落札量合計（電源属地別）[MW],33.215,238.42,519.416,466.557,164,513.577,218.08,97.473,274.216,2524.954
20260302B03,応札件数（電源属地別）[件],10,6,41,16,3,14,8,5,16,119
20260302B03,落札件数（電源属地別）[件],2,6,38,16,2,14,6,5,13,102
20260302B03,最高落札価格（電源属地別）[円/kW・30分],4.98,19.51,19.51,19.51,2.38,19.51,19.51,19.51,19.51,19.51
20260302B03,最低落札価格（電源属地別）[円/kW・30分],4.6,0.36,0.36,0.33,2.37,1.55,0.36,0.36,0.33,0.33
20260302B03,平均落札価格（電源属地別）[円/kW・30分],4.63,2.4,3.92,3.86,2.38,3.36,1.33,4.37,2.32,3.18
20260302B03,最高落札価格（TSO別）[円/kW・30分],4.98,19.51,19.51,3.54,2.38,19.51,19.51,19.51,19.51,19.51
20260302B03,最低落札価格（TSO別）[円/kW・30分],0.36,0.36,0.36,2.51,2.37,0.33,0.36,0.36,0.33,0.33
20260302B03,平均落札価格（TSO別）[円/kW・30分],2.33,1.56,6.27,3.12,2.38,3.99,1.84,4.37,2.49,3.18
20260302B03,落札量合計（TSO別）[MW],72,406.42,312.631,193.696,131,568.432,294.086,97.473,449.216,2524.954
20260302B03,（内訳）自エリアからの落札量[MW],33.215,238.42,312.631,193.696,131,495.9,218.07,97.473,274.216,1994.621
20260302B04,募集量（TSO別）[MW],108,358,616,252,291,565,560,271,439,3460
20260302B04,応札量合計（電源属地別）[MW],336.468,475.17,1195.757,19.658,268,923.171,379.279,168.473,683.369,4449.345
20260302B04,落札量合計（電源属地別）[MW],108,254.17,454.151,19.658,268,917.171,360.542,168.473,334.369,2884.534
20260302B04,応札件数（電源属地別）[件],9,4,42,10,2,12,8,5,15,107
20260302B04,落札件数（電源属地別）[件],3,4,38,10,2,11,8,5,14,95
20260302B04,最高落札価格（電源属地別）[円/kW・30分],5.3,17.54,19.51,19.51,1.1,19.51,19.51,19.51,19.51,19.51
20260302B04,最低落札価格（電源属地別）[円/kW・30分],4,1.43,0.35,19.47,1.09,0.36,0.36,0.36,0.36,0.35
20260302B04,平均落札価格（電源属地別）[円/kW・30分],4.92,2.75,2.94,19.48,1.1,1.16,1.36,2.52,1.37,1.97
20260302B04,最高落札価格（TSO別）[円/kW・30分],5.3,17.54,19.51,19.51,1.1,19.51,19.51,19.51,19.51,19.51
20260302B04,最低落札価格（TSO別）[円/kW・30分],4,1.43,0.35,0.43,1.09,0.36,0.36,0.36,0.36,0.35
20260302B04,平均落札価格（TSO別）[円/kW・30分],4.92,2.75,2.94,3.7,1.1,1.42,1.1,2.52,1.37,1.97
20260302B04,落札量合計（TSO別）[MW],108,254.17,454.151,116.432,264,637.171,547.768,168.473,334.369,2884.534
20260302B04,（内訳）自エリアからの落札量[MW],108,254.17,454.151,19.658,264,633.171,360.542,168.473,334.369,2596.534
20260302B05,募集量（TSO別）[MW],24,458,794,0,249,513,360,270,448,3116
20260302B05,応札量合計（電源属地別）[MW],325.558,476.52,242.278,19.658,249,913.233,365.36,143.473,687.991,3423.071
20260302B05,落札量合計（電源属地別）[MW],24,255.52,242.278,19.658,249,522.049,247.964,143.473,355.941,2059.883
20260302B05,応札件数（電源属地別）[件],11,5,35,10,2,9,8,4,18,102
20260302B05,落札件数（電源属地別）[件],6,5,35,10,2,9,7,4,16,94
20260302B05,最高落札価格（電源属地別）[円/kW・30分],6.5,19.51,19.51,19.51,0.35,19.51,19.51,19.5,19.51,19.51
20260302B05,最低落札価格（電源属地別）[円/kW・30分],2,1.43,0.36,19.47,0.35,0.36,0.36,0.36,0.36,0.35
20260302B05,平均落札価格（電源属地別）[円/kW・30分],4.49,2.91,9.15,19.48,0.35,1.21,1.04,2.11,1.43,2.54
20260302B05,最高落札価格（TSO別）[円/kW・30分],6.5,19.51,19.51,0,0.92,19.51,19.51,19.5,19.51,19.51
20260302B05,最低落札価格（TSO別）[円/kW・30分],2,1.43,0.36,0,0.35,0.35,0.36,0.36,0.36,0.35
20260302B05,平均落札価格（TSO別）[円/kW・30分],4.49,2.91,9.15,0,0.41,1.96,0.89,2.11,1.43,2.54
20260302B05,落札量合計（TSO別）[MW],24,255.52,242.278,0,240,511.891,286.78,143.473,355.941,2059.883
20260302B05,（内訳）自エリアからの落札量[MW],24,255.52,242.278,0,213,452.955,217.686,143.473,355.941,1904.853
20260302B06,募集量（TSO別）[MW],21,528,423,257,210,616,279,226,501,3061
20260302B06,応札量合計（電源属地別）[MW],340.658,515.52,1770.282,982.26,210,920.891,365.356,148.473,717.012,5970.452
20260302B06,落札量合計（電源属地別）[MW],21,415.52,315.682,577.846,210,456.072,176.425,148.473,223.042,2544.06
20260302B06,応札件数（電源属地別）[件],9,6,38,14,2,13,8,4,18,112
20260302B06,落札件数（電源属地別）[件],2,6,30,13,2,13,6,4,15,91
20260302B06,最高落札価格（電源属地別）[円/kW・30分],4.27,19.51,19.51,19.51,1.44,19.51,19.51,19.51,19.51,19.51
20260302B06,最低落札価格（電源属地別）[円/kW・30分],1.33,0.36,0.36,0.61,1.43,0.66,0.4,0.36,0.33,0.33
20260302B06,平均落札価格（電源属地別）[円/kW・30分],3.57,2.56,5.74,2.31,1.44,2.02,1.78,2.79,2.24,2.65
20260302B06,最高落札価格（TSO別）[円/kW・30分],4.27,19.51,19.51,19.51,1.44,19.51,19.51,19.51,19.51,19.51
20260302B06,最低落札価格（TSO別）[円/kW・30分],1.33,0.36,0.36,0.74,0.61,0.43,0.4,0.36,0.33,0.33
20260302B06,平均落札価格（TSO別）[円/kW・30分],3.57,2.56,5.74,3.78,1.21,2.4,1.62,2.79,1.45,2.65
20260302B06,落札量合計（TSO別）[MW],21,415.52,315.682,186.684,202,593.891,222.768,148.473,438.042,2544.06
20260302B06,（内訳）自エリアからの落札量[MW],21,415.52,315.682,89.91,146,328.788,122.139,148.473,223.042,1810.554
20260302B07,募集量（TSO別）[MW],15,377,442,93,120,471,233,124,359,2234
20260302B07,応札量合計（電源属地別）[MW],346.558,276.52,2380.823,749.845,120,994.791,793.575,137.473,483.291,6282.876
20260302B07,落札量合計（電源属地別）[MW],14,96.52,798.253,501.139,120,341.613,300.619,134.473,182.291,2488.908
20260302B07,応札件数（電源属地別）[件],11,4,46,15,1,14,14,6,12,123
20260302B07,落札件数（電源属地別）[件],1,4,38,14,1,14,12,6,10,100
20260302B07,最高落札価格（電源属地別）[円/kW・30分],1.65,19.51,19.51,19.51,2.33,19.51,19.51,19.5,19.51,19.51
20260302B07,最低落札価格（電源属地別）[円/kW・30分],1.65,1.43,0.36,0.33,2.33,1.78,0.54,0.36,0.33,0.33
20260302B07,平均落札価格（電源属地別）[円/kW・30分],1.65,5.17,5.54,4.28,2.33,3.92,2.21,3.24,2.93,4.16
20260302B07,最高落札価格（TSO別）[円/kW・30分],7.8,19.51,19.51,6.7,19.51,19.51,2.67,19.5,19.51,19.51
20260302B07,最低落札価格（TSO別）[円/kW・30分],1.65,1.43,0.36,1.91,2.33,0.33,0.54,0.36,0.33,0.33
20260302B07,平均落札価格（TSO別）[円/kW・30分],2.06,5.94,5.31,3.75,2.98,4.48,1.73,3.24,2.87,4.16
20260302B07,落札量合計（TSO別）[MW],15,270.52,623.253,166.307,115.359,571.996,233,134.473,359,2488.908
20260302B07,（内訳）自エリアからの落札量[MW],14,96.52,623.253,166.307,111,341.613,219,134.473,182.291,1888.457
20260302B08,募集量（TSO別）[MW],27,98,402,19,118,374,227,113,319,1697
20260302B08,応札量合計（電源属地別）[MW],362.718,466.52,433.864,508.439,118,920.891,791.603,126.473,414.516,4143.024
20260302B08,落札量合計（電源属地別）[MW],27,166.52,282.564,501.139,118,272.613,295.707,116,197.516,1977.059
20260302B08,応札件数（電源属地別）[件],8,5,35,15,1,13,13,7,14,111
20260302B08,落札件数（電源属地別）[件],3,5,33,14,1,13,11,6,13,99
20260302B08,最高落札価格（電源属地別）[円/kW・30分],7.2,19.51,19.51,19.51,1.85,19.51,19.51,7.37,19.51,19.51
20260302B08,最低落札価格（電源属地別）[円/kW・30分],1.16,1.43,0.36,0.33,1.85,1.14,0.36,0.36,0.33,0.33
20260302B08,平均落札価格（電源属地別）[円/kW・30分],2.03,3.99,4.72,4.08,1.85,3.25,1.43,1.92,2.26,3.18
20260302B08,最高落札価格（TSO別）[円/kW・30分],7.2,19.51,19.51,5.98,1.85,19.51,1.98,7.37,19.51,19.51
20260302B08,最低落札価格（TSO別）[円/kW・30分],1.16,1.43,0.36,1.98,1.85,0.33,0.36,0.36,0.33,0.33
20260302B08,平均落札価格（TSO別）[円/kW・30分],2.03,3.99,4.72,3.82,1.85,3.46,1.17,1.92,2.92,3.18
20260302B08,落札量合計（TSO別）[MW],27,166.52,282.564,295.367,98,389.506,227,116,375.102,1977.059
20260302B08,（内訳）自エリアからの落札量[MW],27,166.52,282.564,295.367,98,262.941,220.09,116,197.516,1665.998
20260303B01,募集量（TSO別）[MW],6,228,195,0,105,224,206,91,225,1280
20260303B01,応札量合計（電源属地別）[MW],322.558,452.02,168.27,584.603,105,894.295,703.529,102.543,412.716,3745.534
20260303B01,落札量合計（電源属地別）[MW],6,152.02,128.45,569.999,105,245.147,267.433,91,95.67,1660.719
20260303B01,応札件数（電源属地別）[件],10,4,25,11,1,6,10,6,13,86
20260303B01,落札件数（電源属地別）[件],2,4,25,6,1,6,7,6,9,66
20260303B01,最高落札価格（電源属地別）[円/kW・30分],2.91,19.51,19.51,2.94,1.34,18.97,1.59,6.63,19,19.51
20260303B01,最低落札価格（電源属地別）[円/kW・30分],1.5,1.43,0.35,0.33,1.34,0.48,0.36,0.36,0.33,0.33
20260303B01,平均落札価格（電源属地別）[円/kW・30分],2.45,3.05,6.16,2.76,1.34,2.06,1.22,1.24,2.59,2.51
20260303B01,最高落札価格（TSO別）[円/kW・30分],2.91,19.51,19.51,2.94,1.34,18.97,2.94,6.63,19,19.51
20260303B01,最低落札価格（TSO別）[円/kW・30分],1.5,0.35,0.36,2.39,1.34,0.48,0.36,0.36,0.33,0.33
20260303B01,平均落札価格（TSO別）[円/kW・30分],2.45,2.3,12.74,2.77,1.34,1.48,1.24,1.24,2.92,2.51
20260303B01,落札量合計（TSO別）[MW],6,222.02,58.45,482.673,105,255.506,206.07,91,234,1660.719
20260303B01,（内訳）自エリアからの落札量[MW],6,152.02,58.45,482.673,105,204.514,189.433,91,95.67,1384.76
20260303B02,募集量（TSO別）[MW],26,188,258,0,101,324,204,92,328,1521
20260303B02,応札量合計（電源属地別）[MW],319.358,278.42,218.858,594.881,101,920.891,706.329,105.473,445.716,3690.926
20260303B02,落札量合計（電源属地別）[MW],70,98.42,67.558,241.821,101,272.613,272.205,95.091,182.716,1401.424
20260303B02,応札件数（電源属地別）[件],9,5,30,16,1,13,12,6,14,106
20260303B02,落札件数（電源属地別）[件],6,5,28,10,1,13,10,6,12,91
20260303B02,最高落札価格（電源属地別）[円/kW・30分],4.65,19.51,19.51,19.48,1.46,19.51,19.51,19.51,19.51,19.51
20260303B02,最低落札価格（電源属地別）[円/kW・30分],1.5,1.43,0.36,0.33,1.46,0.62,0.36,0.36,0.33,0.33
20260303B02,平均落札価格（電源属地別）[円/kW・30分],4.13,6.07,13.48,3.59,1.46,2.84,1.75,2.48,2.24,3.36
20260303B02,最高落札価格（TSO別）[円/kW・30分],4,19.51,19.51,2.88,1.46,19.51,1.88,19.51,19.51,19.51
20260303B02,最低落札価格（TSO別）[円/kW・30分],1.5,1.43,0.36,2.46,1.46,0.62,0.36,0.36,0.33,0.33
20260303B02,平均落札価格（TSO別）[円/kW・30分],3.68,5.56,13.48,2.76,1.46,2.76,1.33,1.91,3.23,3.36
20260303B02,落札量合計（TSO別）[MW],26,142.42,67.558,59.94,87,347.506,204,92,375,1401.424
20260303B02,（内訳）自エリアからの落札量[MW],26,98.42,67.558,59.94,87,244.225,204,92,182.716,1061.859
20260303B03,募集量（TSO別）[MW],72,385,412,217,164,489,341,181,503,2764
20260303B03,応札量合計（電源属地別）[MW],322.558,278.42,1274.472,247.557,165.994,1005.591,793.571,97.473,713.116,4898.752
20260303B03,落札量合計（電源属地別）[MW],33.215,98.42,545.416,247.557,164,472.986,558.779,97.473,274.216,2492.062
20260303B03,応札件数（電源属地別）[件],10,5,45,14,3,14,14,5,16,126
20260303B03,落札件数（電源属地別）[件],3,5,39,14,2,14,12,5,13,107
20260303B03,最高落札価格（電源属地別）[円/kW・30分],5,19.51,19.51,19.51,2.38,19.51,19.51,19.51,19.51,19.51
20260303B03,最低落札価格（電源属地別）[円/kW・30分],3.82,1.43,0.36,0.33,2.37,1.55,0.41,0.36,0.33,0.33
20260303B03,平均落札価格（電源属地別）[円/kW・30分],3.9,5.56,3.72,4.7,2.38,3.13,1.23,4.32,2.32,3
20260303B03,最高落札価格（TSO別）[円/kW・30分],5,19.51,19.51,3.47,2.38,19.51,2.36,19.51,19.51,19.51
20260303B03,最低落札価格（TSO別）[円/kW・30分],0.36,0.36,0.36,0.41,2.37,0.33,0.41,0.36,0.33,0.33
20260303B03,平均落札価格（TSO別）[円/kW・30分],1.99,2.21,6.14,2.72,2.38,3.73,1.08,4.32,2.13,3
20260303B03,落札量合計（TSO別）[MW],72,292.42,312.631,172.437,131,576.016,341,97.473,497.085,2492.062
20260303B03,（内訳）自エリアからの落札量[MW],33.215,98.42,312.631,106.846,131,455.309,341,97.473,274.216,1850.11
20260303B04,募集量（TSO別）[MW],305,588,616,252,291,565,560,271,439,3887
20260303B04,応札量合計（電源属地別）[MW],334.518,535.17,1686.987,19.658,268,923.171,442.224,168.473,685.258,5063.459
20260303B04,落札量合計（電源属地別）[MW],184.524,235.17,833.595,19.658,268,917.171,360.542,168.473,336.258,3323.391
20260303B04,応札件数（電源属地別）[件],8,4,45,10,2,12,9,5,16,111
20260303B04,落札件数（電源属地別）[件],5,4,42,10,2,11,8,5,15,102
20260303B04,最高落札価格（電源属地別）[円/kW・30分],9.47,17.54,19.51,19.51,1.1,19.51,19.51,19.51,19.51,19.51
20260303B04,最低落札価格（電源属地別）[円/kW・30分],2.95,1.31,0.35,19.47,1.09,0.36,0.46,0.36,0.36,0.35
20260303B04,平均落札価格（電源属地別）[円/kW・30分],6.14,2.97,1.77,19.48,1.1,1.16,1.73,2.5,1.47,1.98
20260303B04,最高落札価格（TSO別）[円/kW・30分],9.47,17.54,19.51,19.51,1.1,19.51,19.51,19.51,19.51,19.51
20260303B04,最低落札価格（TSO別）[円/kW・30分],0.35,0.35,0.35,0.36,1.09,0.36,0.36,0.36,0.36,0.35
20260303B04,平均落札価格（TSO別）[円/kW・30分],3.93,1.51,2.95,3.64,1.1,1.4,1.37,2.5,1.47,1.98
20260303B04,落札量合計（TSO別）[MW],311.968,487.17,454.151,116.432,264,637.171,547.768,168.473,336.258,3323.391
20260303B04,（内訳）自エリアからの落札量[MW],184.524,219.17,454.151,19.658,264,637.171,360.542,168.473,336.258,2643.947
20260303B05,募集量（TSO別）[MW],190,615,794,0,249,513,360,270,448,3439
20260303B05,応札量合計（電源属地別）[MW],379.908,525.85,229.053,19.658,249,865.808,149.626,158.473,687.991,3265.367
20260303B05,落札量合計（電源属地別）[MW],250.55,525.85,229.053,19.658,249,561.95,149.626,158.473,353.941,2498.101
20260303B05,応札件数（電源属地別）[件],10,4,28,10,2,8,6,5,18,91
20260303B05,落札件数（電源属地別）[件],7,4,28,10,2,8,6,5,16,86
20260303B05,最高落札価格（電源属地別）[円/kW・30分],9.69,19.51,19.51,19.51,0.35,19.51,19.51,19.5,19.51,19.51
20260303B05,最低落札価格（電源属地別）[円/kW・30分],3.95,1.39,0.36,19.47,0.35,0.36,0.36,0.36,0.36,0.35
20260303B05,平均落札価格（電源属地別）[円/kW・30分],6.71,2.95,8.76,19.48,0.35,0.63,1.37,2.56,1.44,2.87
20260303B05,最高落札価格（TSO別）[円/kW・30分],9.69,19.51,19.51,0,0.35,19.51,19.51,19.5,19.51,19.51
20260303B05,最低落札価格（TSO別）[円/kW・30分],3.95,1.39,0.36,0,0.35,0.35,0.36,0.36,0.35,0.35
20260303B05,平均落札価格（TSO別）[円/kW・30分],6.28,4.17,5.62,0,0.35,1.49,0.91,2.56,1.43,2.87
20260303B05,落札量合計（TSO別）[MW],200.905,374.85,429.698,0,240,464.466,273.768,158.473,355.941,2498.101
20260303B05,（内訳）自エリアからの落札量[MW],200.905,325.205,229.053,0,240,437.808,149.626,158.473,353.941,2095.011
20260303B06,募集量（TSO別）[MW],21,528,423,257,210,616,279,226,501,3061
20260303B06,応札量合計（電源属地別）[MW],340.658,522.42,1480.523,767.634,210,920.891,371.244,163.473,687.042,5463.885
20260303B06,落札量合計（電源属地別）[MW],11,238.42,504.682,329.14,210,627.91,253.293,163.473,223.042,2560.96
20260303B06,応札件数（電源属地別）[件],9,6,39,13,2,13,8,5,17,112
20260303B06,落札件数（電源属地別）[件],2,6,34,12,2,13,7,5,15,96
20260303B06,最高落札価格（電源属地別）[円/kW・30分],4.18,19.51,19.51,19.51,1.44,19.51,19.51,19.51,19.51,19.51
20260303B06,最低落札価格（電源属地別）[円/kW・30分],1.4,1.43,0.36,2.44,1.43,0.66,0.47,0.36,0.33,0.33
20260303B06,平均落札価格（電源属地別）[円/kW・30分],3.93,3.08,3.72,3.56,1.44,1.66,1.55,2.56,2.24,2.53
20260303B06,最高落札価格（TSO別）[円/kW・30分],4.18,19.51,19.51,19.51,2.4,19.51,19.51,19.51,19.51,19.51
20260303B06,最低落札価格（TSO別）[円/kW・30分],0.36,0.36,0.36,0.66,1.43,0.51,0.47,0.36,0.33,0.33
20260303B06,平均落札価格（TSO別）[円/kW・30分],2.23,1.92,5.74,3.58,1.5,1.83,1.79,2.56,2.16,2.53
20260303B06,落札量合計（TSO別）[MW],21,417.42,315.682,186.684,202,593.891,222.768,163.473,438.042,2560.96
20260303B06,（内訳）自エリアからの落札量[MW],11,238.42,315.682,89.91,188.413,543.302,158.007,163.473,223.042,1931.249
20260303B07,募集量（TSO別）[MW],15,377,442,93,120,471,233,124,359,2234
20260303B07,応札量合計（電源属地別）[MW],346.558,278.42,2216.099,501.139,120,994.891,721.623,137.473,537.248,5853.451
20260303B07,落札量合計（電源属地別）[MW],14,98.42,942.244,501.139,120,341.613,299.647,134.473,206.278,2657.814
20260303B07,応札件数（電源属地別）[件],11,5,48,14,1,14,13,6,15,127
20260303B07,落札件数（電源属地別）[件],2,5,39,14,1,14,12,6,12,105
20260303B07,最高落札価格（電源属地別）[円/kW・30分],1.65,19.51,19.51,19.51,2.33,19.51,19.51,19.5,19.51,19.51
20260303B07,最低落札価格（電源属地別）[円/kW・30分],1.5,1.43,0.36,0.33,2.33,1.09,0.66,0.36,0.33,0.33
20260303B07,平均落札価格（電源属地別）[円/kW・30分],1.63,5.33,5.03,3.4,2.33,3.18,2.28,3.18,3.15,3.81
20260303B07,最高落札価格（TSO別）[円/kW・30分],3.48,19.51,19.51,4.27,19.51,19.51,2.79,19.5,19.51,19.51
20260303B07,最低落札価格（TSO別）[円/kW・30分],1.5,1.43,0.36,1.82,0.76,0.33,0.66,0.36,0.33,0.33
20260303B07,平均落札価格（TSO別）[円/kW・30分],1.75,4.71,5.19,3.33,4.06,3,1.85,3.18,3.18,3.81
20260303B07,落札量合計（TSO別）[MW],15,272.42,767.244,166.307,138.374,571.996,233,134.473,359,2657.814
20260303B07,（内訳）自エリアからの落札量[MW],14,98.42,767.244,166.307,111,339.307,219.03,134.473,206.278,2056.059
20260303B08,募集量（TSO別）[MW],27,98,402,19,118,374,227,113,319,1697
20260303B08,応札量合計（電源属地別）[MW],362.718,468.42,478.04,508.439,118,920.891,792.603,126.473,414.516,4190.1
20260303B08,落札量合計（電源属地別）[MW],27,168.42,326.74,501.139,118,272.613,296.707,116,197.516,2024.135
20260303B08,応札件数（電源属地別）[件],8,6,34,15,1,13,14,7,14,112
20260303B08,落札件数（電源属地別）[件],3,6,32,14,1,13,12,6,13,100
20260303B08,最高落札価格（電源属地別）[円/kW・30分],7.2,19.51,19.51,19.51,1.85,19.51,19.51,7.32,19.51,19.51
20260303B08,最低落札価格（電源属地別）[円/kW・30分],1.16,1.43,0.36,0.33,1.85,1.14,0.36,0.36,0.33,0.33
20260303B08,平均落札価格（電源属地別）[円/kW・30分],2.03,4.2,4.49,3.51,1.85,3.25,1.6,1.72,2.22,3.07
20260303B08,最高落札価格（TSO別）[円/kW・30分],7.2,19.51,19.51,4.28,1.85,19.51,1.99,7.32,19.51,19.51
20260303B08,最低落札価格（TSO別）[円/kW・30分],1.16,1.43,0.36,1.99,1.85,1.14,0.36,0.36,0.33,0.33
20260303B08,平均落札価格（TSO別）[円/kW・30分],2.03,4.2,4.49,3.12,1.85,3.1,1.24,1.72,3.22,3.07
20260303B08,落札量合計（TSO別）[MW],27,168.42,326.74,275.367,118,389.506,227,116,376.102,2024.135
20260303B08,（内訳）自エリアからの落札量[MW],27,168.42,326.74,275.367,118,244.16,220.07,116,197.516,1693.273
20260304B01,募集量（TSO別）[MW],6,228,195,0,105,224,206,91,225,1280
20260304B01,応札量合計（電源属地別）[MW],328.558,466.52,131.836,471.203,105,894.295,701.557,102.543,477.716,3679.228
20260304B01,落札量合計（電源属地別）[MW],6,166.52,125.436,463.903,105,246.017,267.433,91,65.716,1537.025
20260304B01,応札件数（電源属地別）[件],11,5,23,9,1,6,9,6,12,82
20260304B01,落札件数（電源属地別）[件],2,5,23,8,1,6,7,6,10,68
20260304B01,最高落札価格（電源属地別）[円/kW・30分],1.49,19.51,19.51,19.37,1.34,18.97,1.64,6.5,19.51,19.51
20260304B01,最低落札価格（電源属地別）[円/kW・30分],1,1.43,0.35,0.33,1.34,0.48,0.36,0.36,0.33,0.33
20260304B01,平均落札価格（電源属地別）[円/kW・30分],1.33,4.3,6.11,2.84,1.34,2.12,1.26,1.26,4.03,2.72
20260304B01,最高落札価格（TSO別）[円/kW・30分],1.49,19.51,19.51,2.84,1.34,19.37,18.97,6.5,19.51,19.51
20260304B01,最低落札価格（TSO別）[円/kW・30分],1,0.35,0.36,2.39,1.34,0.33,0.36,0.36,0.33,0.33
20260304B01,平均落札価格（TSO別）[円/kW・30分],1.33,3.13,13.38,2.64,1.34,2,1.81,1.26,2.74,2.72
20260304B01,落札量合計（TSO別）[MW],6,236.52,55.436,387.738,105,255.506,206.07,91,193.755,1537.025
20260304B01,（内訳）自エリアからの落札量[MW],6,166.52,55.436,387.738,105,213.473,155.433,91,65.716,1246.316
20260304B02,募集量（TSO別）[MW],26,322,258,0,101,324,204,92,328,1655
20260304B02,応札量合計（電源属地別）[MW],316.358,278.42,235.713,486.881,101,920.891,705.357,105.473,445.716,3595.809
20260304B02,落札量合計（電源属地別）[MW],112.995,98.42,180.413,356.913,101,268.823,268.433,93,179.21,1659.207
20260304B02,応札件数（電源属地別）[件],9,5,31,15,1,13,12,6,14,106
20260304B02,落札件数（電源属地別）[件],6,5,31,9,1,11,8,5,10,86
20260304B02,最高落札価格（電源属地別）[円/kW・30分],4.65,19.51,19.51,18.99,1.46,18.99,19.2,19.51,19,19.51
20260304B02,最低落札価格（電源属地別）[円/kW・30分],1,1.43,0.35,0.33,1.46,0.62,0.36,0.36,0.33,0.33
20260304B02,平均落札価格（電源属地別）[円/kW・30分],4.34,5.98,5.39,3.12,1.46,2.6,1.54,2.11,1.91,2.99
20260304B02,最高落札価格（TSO別）[円/kW・30分],4.65,19.51,19.51,2.86,1.46,18.99,1.94,19.51,19.51,19.51
20260304B02,最低落札価格（TSO別）[円/kW・30分],1,0.35,0.36,2.51,1.46,0.62,0.36,0.36,0.33,0.33
20260304B02,平均落札価格（TSO別）[円/kW・30分],3.89,3.53,12.25,2.64,1.46,2.51,1.39,1.92,2.73,2.99
20260304B02,落札量合計（TSO別）[MW],26,290.42,75.408,161.873,87,347.506,204,92,375,1659.207
20260304B02,（内訳）自エリアからの落札量[MW],26,98.42,75.408,161.873,87,264.846,204,92,179.21,1188.757
20260304B03,募集量（TSO別）[MW],72,471,412,217,164,489,341,181,503,2850
20260304B03,応札量合計（電源属地別）[MW],322.558,278.42,1211.207,362.557,165.994,920.891,793.571,97.473,703.146,4855.817
20260304B03,落札量合計（電源属地別）[MW],33.215,98.42,631.416,362.557,164,349.48,558.779,97.473,274.216,2569.556
20260304B03,応札件数（電源属地別）[件],10,5,44,15,3,13,14,5,16,125
20260304B03,落札件数（電源属地別）[件],2,5,41,15,2,13,12,5,13,108
20260304B03,最高落札価格（電源属地別）[円/kW・30分],4.7,19.51,19.51,19.51,2.38,19.51,19.51,19.51,19.51,19.51
20260304B03,最低落札価格（電源属地別）[円/kW・30分],3.82,1.43,0.36,0.33,2.37,1.55,0.36,0.36,0.33,0.33
20260304B03,平均落札価格（電源属地別）[円/kW・30分],3.88,5.76,3.24,4.42,2.38,3.11,1.06,4.55,2.32,2.91
20260304B03,最高落札価格（TSO別）[円/kW・30分],4.7,19.51,19.51,3.59,2.38,19.51,2.03,19.51,19.51,19.51
20260304B03,最低落札価格（TSO別）[円/kW・30分],0.36,0.36,0.36,0.36,2.37,0.33,0.36,0.36,0.33,0.33
20260304B03,平均落札価格（TSO別）[円/kW・30分],1.98,1.76,6.17,2.94,2.38,3.97,0.9,4.55,2.03,2.91
20260304B03,落札量合計（TSO別）[MW],72,378.42,312.631,215.864,131,503.984,341,97.473,517.184,2569.556
20260304B03,（内訳）自エリアからの落札量[MW],33.215,98.42,312.631,150.273,131,331.803,341,97.473,274.216,1770.031
20260304B04,募集量（TSO別）[MW],239,358,616,252,291,778,560,271,439,3804
20260304B04,応札量合計（電源属地別）[MW],316.468,535.17,1678.922,19.658,268,923.171,442.224,168.473,685.258,5037.344
20260304B04,落札量合計（電源属地別）[MW],111.556,235.17,601.815,19.658,268,923.171,442.224,168.473,336.258,3106.325
20260304B04,応札件数（電源属地別）[件],8,4,44,10,2,12,9,5,16,110
20260304B04,落札件数（電源属地別）[件],5,4,39,10,2,12,9,5,15,101
20260304B04,最高落札価格（電源属地別）[円/kW・30分],5.22,17.54,19.51,19.51,1.1,19.51,19.51,19.51,19.51,19.51
20260304B04,最低落札価格（電源属地別）[円/kW・30分],1,1.43,0.35,19.47,1.09,0.36,0.36,0.36,0.36,0.35
20260304B04,平均落札価格（電源属地別）[円/kW・30分],4.88,3.34,2.26,19.48,1.1,1.28,0.79,2.63,1.47,1.88
20260304B04,最高落札価格（TSO別）[円/kW・30分],5.22,17.54,19.51,19.51,1.1,19.51,19.51,19.51,19.51,19.51
20260304B04,最低落札価格（TSO別）[円/kW・30分],0.35,0.36,0.35,0.36,1.09,0.36,0.36,0.36,0.36,0.35
20260304B04,平均落札価格（TSO別）[円/kW・30分],3.03,2.57,2.89,3.61,1.1,1.38,0.79,2.63,1.47,1.88
20260304B04,落札量合計（TSO別）[MW],239,257.17,452.371,116.432,264,830.397,442.224,168.473,336.258,3106.325
20260304B04,（内訳）自エリアからの落札量[MW],111.556,169.17,452.371,19.658,264,826.397,442.224,168.473,336.258,2790.107
20260304B05,募集量（TSO別）[MW],124,458,794,0,249,726,360,270,448,3429
20260304B05,応札量合計（電源属地別）[MW],333.558,536.52,242.298,19.658,249,913.233,442.224,155.93,687.991,3580.412
20260304B05,落札量合計（電源属地別）[MW],173.645,536.52,242.298,19.658,249,605.167,352.522,155.93,368.253,2702.993
20260304B05,応札件数（電源属地別）[件],11,5,35,10,2,9,9,5,18,104
20260304B05,落札件数（電源属地別）[件],9,5,35,10,2,9,8,5,15,98
20260304B05,最高落札価格（電源属地別）[円/kW・30分],9.69,19.51,19.51,19.51,0.35,19.51,19.51,19.5,19.51,19.51
20260304B05,最低落札価格（電源属地別）[円/kW・30分],0.5,1.43,0.36,19.47,0.35,0.36,0.36,0.36,0.36,0.35
20260304B05,平均落札価格（電源属地別）[円/kW・30分],5.76,3.46,9.17,19.48,0.35,1.09,0.58,2.55,1.39,2.71
20260304B05,最高落札価格（TSO別）[円/kW・30分],9.69,19.51,19.51,0,0.35,19.51,19.51,19.5,19.51,19.51
20260304B05,最低落札価格（TSO別）[円/kW・30分],0.5,1.43,0.36,0,0.35,0.35,0.36,0.36,0.36,0.35
20260304B05,平均落札価格（TSO別）[円/kW・30分],5.42,4.62,5.57,0,0.35,1.49,0.64,2.55,1.43,2.71
20260304B05,落札量合計（TSO別）[MW],124,218.165,610.298,0,240,724.891,273.768,155.93,355.941,2702.993
20260304B05,（内訳）自エリアからの落札量[MW],124,168.52,242.298,0,240,605.167,261.456,155.93,355.941,2153.312
20260304B06,募集量（TSO別）[MW],21,528,423,257,210,830,279,226,501,3275
20260304B06,応札量合計（電源属地別）[MW],300.658,523.42,1477.296,737.048,210,920.891,441.084,163.473,551.042,5324.912
20260304B06,落札量合計（電源属地別）[MW],11,238.42,502.902,329.14,210,767.604,323.688,163.473,206.953,2753.18
20260304B06,応札件数（電源属地別）[件],8,6,38,13,2,13,9,5,15,109
20260304B06,落札件数（電源属地別）[件],2,6,32,12,2,13,8,5,14,94
20260304B06,最高落札価格（電源属地別）[円/kW・30分],4.18,19.51,19.51,19.51,1.44,19.51,19.51,19.51,19.51,19.51
20260304B06,最低落札価格（電源属地別）[円/kW・30分],1,1.43,0.36,1.51,1.43,0.66,0.39,0.36,0.33,0.33
20260304B06,平均落札価格（電源属地別）[円/kW・30分],3.89,3.22,3.68,2.69,1.44,1.49,1.18,2.59,2.8,2.32
20260304B06,最高落札価格（TSO別）[円/kW・30分],4.18,19.51,19.51,19.51,1.51,19.51,19.51,19.51,19.51,19.51
20260304B06,最低落札価格（TSO別）[円/kW・30分],0.36,0.36,0.36,0.74,1.43,0.41,0.39,0.36,0.33,0.33
20260304B06,平均落札価格（TSO別）[円/kW・30分],2.21,1.99,5.68,3.27,1.44,1.65,1.35,2.59,1.8,2.32
20260304B06,落札量合計（TSO別）[MW],21,417.42,313.902,186.684,202,807.891,222.768,163.473,418.042,2753.18
20260304B06,（内訳）自エリアからの落札量[MW],11,238.42,313.902,89.91,186.207,595.642,162.474,163.473,206.953,1967.981
20260304B07,募集量（TSO別）[MW],15,377,442,93,120,685,233,124,359,2448
20260304B07,応札量合計（電源属地別）[MW],346.558,278.42,2234.184,501.139,120,994.791,649.825,137.473,430.774,5693.164
20260304B07,落札量合計（電源属地別）[MW],14,98.42,936.396,501.139,120,341.613,213.988,134.473,231.804,2591.833
20260304B07,応札件数（電源属地別）[件],11,5,49,14,1,14,14,6,12,126
20260304B07,落札件数（電源属地別）[件],2,5,40,14,1,14,12,6,10,104
20260304B07,最高落札価格（電源属地別）[円/kW・30分],1.58,19.51,19.51,19.51,2.33,19.51,19.51,19.5,19.51,19.51
20260304B07,最低落札価格（電源属地別）[円/kW・30分],1,1.43,0.36,0.33,2.33,1.65,0.79,0.36,0.33,0.33
20260304B07,平均落札価格（電源属地別）[円/kW・30分],1.5,4.96,5.14,2.9,2.33,3.29,2.24,3.21,2.96,3.77
20260304B07,最高落札価格（TSO別）[円/kW・30分],3.87,19.51,19.51,19.51,2.8,19.51,19.51,19.5,3.95,19.51
20260304B07,最低落札価格（TSO別）[円/kW・30分],1,1.43,0.36,0.33,0.89,1.18,0.33,0.36,1.05,0.33
20260304B07,平均落札価格（TSO別）[円/kW・30分],1.66,4.9,5.21,8.97,2.43,2.44,2.85,3.21,2.69,3.77
20260304B07,落札量合計（TSO別）[MW],15,272.42,761.396,65.077,111,688.891,184.576,134.473,359,2591.833
20260304B07,（内訳）自エリアからの落札量[MW],14,98.42,761.396,65.077,71,341.613,167.495,134.473,218,1871.474
20260304B08,募集量（TSO別）[MW],27,98,402,19,118,588,227,113,319,1911
20260304B08,応札量合計（電源属地別）[MW],362.718,468.42,611.535,508.439,118,994.791,794.575,126.473,478.531,4463.482
20260304B08,落札量合計（電源属地別）[MW],27,168.42,441.59,501.139,118,341.613,298.679,116,248.531,2260.972
20260304B08,応札件数（電源属地別）[件],8,6,33,15,1,14,15,7,13,112
20260304B08,落札件数（電源属地別）[件],3,6,31,14,1,14,13,6,13,101
20260304B08,最高落札価格（電源属地別）[円/kW・30分],7.2,19.51,19.51,19.51,1.85,19.51,19.51,7.33,19.51,19.51
20260304B08,最低落札価格（電源属地別）[円/kW・30分],1.16,1.43,0.36,0.33,1.85,1.14,0.36,0.36,0.33,0.33
20260304B08,平均落札価格（電源属地別）[円/kW・30分],2.03,3.86,3.81,3.66,1.85,2.98,1.82,1.73,2.89,3.06
20260304B08,最高落札価格（TSO別）[円/kW・30分],7.2,19.51,19.51,3.71,1.85,19.51,2.55,7.33,19.51,19.51
20260304B08,最低落札価格（TSO別）[円/kW・30分],1.16,1.43,0.36,2.55,1.85,0.33,0.36,0.36,0.33,0.33
20260304B08,平均落札価格（TSO別）[円/kW・30分],2.03,3.86,3.81,3.32,1.85,3.46,1.34,1.73,2.88,3.06
20260304B08,落札量合計（TSO別）[MW],27,168.42,441.59,204.347,115.02,633.275,227,116,328.32,2260.972
20260304B08,（内訳）自エリアからの落札量[MW],27,168.42,441.59,204.347,115.02,341.613,220.07,116,248.531,1882.591
20260305B01,募集量（TSO別）[MW],6,228,195,0,105,398,206,91,225,1454
20260305B01,応札量合計（電源属地別）[MW],328.558,441.35,530.623,477.603,105,846.87,701.557,102.543,443.716,3977.82
20260305B01,落札量合計（電源属地別）[MW],6,141.35,246.095,470.303,105,198.592,267.433,91,89.716,1615.489
20260305B01,応札件数（電源属地別）[件],11,3,19,10,1,5,9,6,11,75
20260305B01,落札件数（電源属地別）[件],2,3,17,9,1,5,7,6,10,60
20260305B01,最高落札価格（電源属地別）[円/kW・30分],1.49,19.51,19.51,19.48,1.34,18.97,1.7,6.41,19.51,19.51
20260305B01,最低落札価格（電源属地別）[円/kW・30分],0.5,2.03,0.36,0.33,1.34,0.48,0.36,0.36,0.33,0.33
20260305B01,平均落札価格（電源属地別）[円/kW・30分],1.17,3.02,3.53,2.88,1.34,1.07,1.3,1.59,3.55,2.37
20260305B01,最高落札価格（TSO別）[円/kW・30分],1.49,19.51,19.51,2.82,1.34,19.48,1.7,6.41,19.51,19.51
20260305B01,最低落札価格（TSO別）[円/kW・30分],0.5,1.91,0.36,2.39,1.34,0.33,0.36,0.36,0.33,0.33
20260305B01,平均落札価格（TSO別）[円/kW・30分],1.17,2.66,4.17,2.67,1.34,2.06,1.16,1.59,2.58,2.37
20260305B01,落札量合計（TSO別）[MW],6,211.35,176.095,308.738,105,360.157,179.433,91,177.716,1615.489
20260305B01,（内訳）自エリアからの落札量[MW],6,141.35,176.095,308.738,105,198.592,179.433,91,89.716,1295.924
20260305B02,募集量（TSO別）[MW],26,188,258,0,101,537,204,92,328,1734
20260305B02,応札量合計（電源属地別）[MW],316.358,278.42,329.685,491.881,101,920.891,707.329,105.473,476.716,3727.753
20260305B02,落札量合計（電源属地別）[MW],33.624,98.42,178.385,484.581,101,272.613,273.205,105.473,233.716,1781.017
20260305B02,応札件数（電源属地別）[件],9,5,31,15,1,13,13,6,12,105
20260305B02,落札件数（電源属地別）[件],4,5,29,14,1,13,11,6,12,95
20260305B02,最高落札価格（電源属地別）[円/kW・30分],4.56,19.51,19.51,19.51,1.46,19.51,19.51,19.51,19.51,19.51
20260305B02,最低落札価格（電源属地別）[円/kW・30分],0.5,1.43,0.36,0.33,1.46,0.62,0.36,0.36,0.33,0.33
20260305B02,平均落札価格（電源属地別）[円/kW・30分],3.99,5.77,6.55,3.39,1.46,2.84,1.94,3.81,2.51,3.34
20260305B02,最高落札価格（TSO別）[円/kW・30分],4.56,19.51,19.51,3.03,1.46,19.51,2.06,6.19,19.51,19.51
20260305B02,最低落札価格（TSO別）[円/kW・30分],0.5,1.43,0.36,2.6,1.46,0.62,0.36,0.36,0.33,0.33
20260305B02,平均落札価格（TSO別）[円/kW・30分],3.82,4.98,7.48,2.83,1.46,3.26,1.42,1.51,3.45,3.34
20260305B02,落札量合計（TSO別）[MW],26,142.42,142.009,191.808,87,542.506,204,92,353.274,1781.017
20260305B02,（内訳）自エリアからの落札量[MW],26,98.42,142.009,191.808,87,272.613,204,92,233.716,1347.566
20260305B03,募集量（TSO別）[MW],72,385,412,217,164,703,341,181,503,2978
20260305B03,応札量合計（電源属地別）[MW],322.558,278.42,1271.498,368.557,165.994,1096.591,795.543,97.473,567.146,4963.78
20260305B03,落札量合計（電源属地別）[MW],33.215,98.42,582.617,368.557,164,607.48,560.751,97.473,177.216,2689.729
20260305B03,応札件数（電源属地別）[件],10,5,44,15,3,14,15,5,14,125
20260305B03,落札件数（電源属地別）[件],2,5,40,15,2,14,13,5,11,107
20260305B03,最高落札価格（電源属地別）[円/kW・30分],4.95,19.51,19.51,19.51,2.38,19.51,19.51,19.51,19.51,19.51
20260305B03,最低落札価格（電源属地別）[円/kW・30分],3.82,1.43,0.36,0.33,2.37,1.55,0.37,0.36,0.33,0.33
20260305B03,平均落札価格（電源属地別）[円/kW・30分],3.9,5.51,3.91,4.66,2.38,2.5,1.19,4.5,3.52,3.09
20260305B03,最高落札価格（TSO別）[円/kW・30分],4.95,19.51,19.51,3.86,2.38,19.51,2.16,19.51,19.51,19.51
20260305B03,最低落札価格（TSO別）[円/kW・30分],0.36,0.36,0.36,0.37,2.37,0.33,0.37,0.36,0.33,0.33
20260305B03,平均落札価格（TSO別）[円/kW・30分],1.99,2.57,5.87,3.18,2.38,3.26,1.15,4.5,2.42,3.09
20260305B03,落札量合計（TSO別）[MW],72,292.42,349.832,215.864,131,774.984,341,97.473,415.156,2689.729
20260305B03,（内訳）自エリアからの落札量[MW],33.215,98.42,349.832,150.273,131,582.365,341,97.473,177.216,1960.794
20260305B04,募集量（TSO別）[MW],239,588,616,252,291,778,560,271,439,4034
20260305B04,応札量合計（電源属地別）[MW],336.468,535.17,1455.359,19.658,147,1098.871,444.196,163.473,549.258,4749.453
20260305B04,落札量合計（電源属地別）[MW],111.556,235.17,830.815,19.658,147,1098.871,444.196,163.473,311.258,3361.997
20260305B04,応札件数（電源属地別）[件],9,4,43,10,1,13,10,4,14,108
20260305B04,落札件数（電源属地別）[件],4,4,39,10,1,13,10,4,13,98
20260305B04,最高落札価格（電源属地別）[円/kW・30分],5.22,17.54,19.51,19.51,1.1,19.51,19.51,19.51,19.51,19.51
20260305B04,最低落札価格（電源属地別）[円/kW・30分],0.5,1.43,0.35,19.47,1.1,0.36,0.36,0.36,0.36,0.35
20260305B04,平均落札価格（電源属地別）[円/kW・30分],4.77,3.11,1.62,19.48,1.1,1.56,0.89,2.58,1.64,1.84
20260305B04,最高落札価格（TSO別）[円/kW・30分],5.22,17.54,19.51,19.51,19.51,19.51,19.51,19.51,19.51,19.51
20260305B04,最低落札価格（TSO別）[円/kW・30分],0.35,0.35,0.35,0.36,0.36,0.36,0.36,0.36,0.36,0.35
20260305B04,平均落札価格（TSO別）[円/kW・30分],2.41,1.68,2.68,3.61,2.01,1.62,0.84,2.58,1.64,1.84
20260305B04,落札量合計（TSO別）[MW],239,487.17,451.371,116.432,207.7,850.171,535.422,163.473,311.258,3361.997
20260305B04,（内訳）自エリアからの落札量[MW],111.556,235.17,451.371,19.658,147,850.171,444.196,163.473,311.258,2733.853
20260305B05,募集量（TSO別）[MW],124,615,794,0,249,726,360,270,448,3586
20260305B05,応札量合計（電源属地別）[MW],351.558,536.52,242.298,19.658,249,1088.933,373.216,143.473,657.941,3662.597
20260305B05,落札量合計（電源属地別）[MW],173.645,536.52,242.298,19.658,249,713.955,319.026,143.473,337.941,2735.516
20260305B05,応札件数（電源属地別）[件],11,5,35,10,2,10,9,4,16,102
20260305B05,落札件数（電源属地別）[件],7,5,35,10,2,10,9,4,14,96
20260305B05,最高落札価格（電源属地別）[円/kW・30分],9.69,19.51,19.51,19.51,0.35,19.51,19.51,19.5,19.51,19.51
20260305B05,最低落札価格（電源属地別）[円/kW・30分],0.5,1.43,0.36,19.47,0.35,0.36,0.36,0.36,0.36,0.35
20260305B05,平均落札価格（電源属地別）[円/kW・30分],5.96,3.31,9.17,19.48,0.35,1.65,0.72,2.83,1.49,2.86
20260305B05,最高落札価格（TSO別）[円/kW・30分],9.69,19.51,19.51,0,0.48,19.51,19.51,19.5,19.51,19.51
20260305B05,最低落札価格（TSO別）[円/kW・30分],0.5,1.43,0.36,0,0.35,0.35,0.36,0.36,0.36,0.35
20260305B05,平均落札価格（TSO別）[円/kW・30分],5.37,4.48,5.96,0,0.36,2.1,0.73,2.83,1.45,2.86
20260305B05,落札量合計（TSO別）[MW],124,385.52,442.943,0,240,742.613,308.026,143.473,348.941,2735.516
20260305B05,（内訳）自エリアからの落札量[MW],124,335.875,242.298,0,213,686.955,308.026,143.473,337.941,2391.568
20260305B06,募集量（TSO別）[MW],21,528,423,257,210,830,279,226,501,3275
20260305B06,応札量合計（電源属地別）[MW],340.658,538.42,1516.382,259.958,210,1096.591,301.681,153.473,687.042,5104.205
20260305B06,落札量合計（電源属地別）[MW],11,238.42,502.902,197.094,210,905.604,255.265,153.473,223.042,2696.8
20260305B06,応札件数（電源属地別）[件],9,6,38,12,2,14,8,5,17,111
20260305B06,落札件数（電源属地別）[件],2,6,33,12,2,14,8,5,15,97
20260305B06,最高落札価格（電源属地別）[円/kW・30分],4.18,19.51,19.51,19.51,1.44,19.51,19.51,19.51,19.51,19.51
20260305B06,最低落札価格（電源属地別）[円/kW・30分],0.5,1.43,0.36,1.1,1.43,0.66,0.42,0.36,0.33,0.33
20260305B06,平均落札価格（電源属地別）[円/kW・30分],3.85,3.33,3.68,3.11,1.44,1.55,1.37,2.72,2.24,2.33
20260305B06,最高落札価格（TSO別）[円/kW・30分],4.18,19.51,19.51,19.51,1.7,19.51,19.51,19.51,19.51,19.51
20260305B06,最低落札価格（TSO別）[円/kW・30分],0.36,0.36,0.36,0.74,1.43,0.43,0.42,0.36,0.33,0.33
20260305B06,平均落札価格（TSO別）[円/kW・30分],2.19,2.06,5.68,4.16,1.45,1.68,1.53,2.72,1.55,2.33
20260305B06,落札量合計（TSO別）[MW],21,417.42,313.902,118.332,202,807.891,224.74,153.473,438.042,2696.8
20260305B06,（内訳）自エリアからの落札量[MW],11,238.42,313.902,21.558,188.248,658.994,151.376,153.473,223.042,1960.013
20260305B07,募集量（TSO別）[MW],15,377,442,93,120,685,233,124,359,2448
20260305B07,応札量合計（電源属地別）[MW],346.558,468.42,1984.347,500.557,120,1096.591,723.595,137.473,544.26,5921.801
20260305B07,落札量合計（電源属地別）[MW],14,168.42,647.609,500.557,120,410.613,301.619,134.473,224.565,2521.856
20260305B07,応札件数（電源属地別）[件],11,6,46,14,1,14,14,6,15,127
20260305B07,落札件数（電源属地別）[件],2,6,37,14,1,14,13,6,12,105
20260305B07,最高落札価格（電源属地別）[円/kW・30分],1.65,19.51,19.51,19.51,2.33,19.51,19.51,19.5,19.51,19.51
20260305B07,最低落札価格（電源属地別）[円/kW・30分],0.5,0.7,0.36,0.33,2.33,1.78,1.01,0.36,0.33,0.33
20260305B07,平均落札価格（電源属地別）[円/kW・30分],1.49,2.96,4.78,3.34,2.33,3.34,2.73,3.17,2.95,3.51
20260305B07,最高落札価格（TSO別）[円/kW・30分],4.35,19.51,19.51,4.32,3.14,19.51,3.14,19.5,19.51,19.51
20260305B07,最低落札価格（TSO別）[円/kW・30分],0.5,0.7,0.36,1.68,2.33,0.33,1.01,0.36,0.33,0.33
20260305B07,平均落札価格（TSO別）[円/kW・30分],1.68,3.58,4.82,3.36,2.62,3.31,2.17,3.17,3.27,3.51
20260305B07,落札量合計（TSO別）[MW],15,272.42,542.609,93,111,765.064,233,134.473,355.29,2521.856
20260305B07,（内訳）自エリアからの落札量[MW],14,168.42,542.609,93,71,410.613,219.03,134.473,224.565,1877.71
20260305B08,募集量（TSO別）[MW],27,98,402,19,118,588,227,113,319,1911
20260305B08,応札量合計（電源属地別）[MW],362.718,468.42,603.161,508.439,118,1096.591,723.595,126.473,449.016,4456.413
20260305B08,落札量合計（電源属地別）[MW],27,168.42,440.743,501.139,118,410.613,309.969,116,199.016,2290.9
20260305B08,応札件数（電源属地別）[件],8,6,34,15,1,14,14,7,16,115
20260305B08,落札件数（電源属地別）[件],3,6,32,14,1,14,13,6,14,103
20260305B08,最高落札価格（電源属地別）[円/kW・30分],7.2,19.51,19.51,19.51,1.85,19.51,19.51,6.75,19.51,19.51
20260305B08,最低落札価格（電源属地別）[円/kW・30分],1.16,1.19,0.36,0.33,1.85,1.14,0.39,0.36,0.33,0.33
20260305B08,平均落札価格（電源属地別）[円/kW・30分],2.03,3.54,4.02,3.47,1.85,2.67,1.87,1.53,2.66,2.95
20260305B08,最高落札価格（TSO別）[円/kW・30分],7.2,19.51,19.51,3.46,1.85,19.51,2.21,6.75,19.51,19.51
20260305B08,最低落札価格（TSO別）[円/kW・30分],1.16,1.19,0.36,2.37,1.85,0.33,0.39,0.36,0.33,0.33
20260305B08,平均落札価格（TSO別）[円/kW・30分],2.03,3.54,4.02,2.89,1.85,3.17,1.35,1.53,2.79,2.95
20260305B08,落札量合計（TSO別）[MW],27,168.42,440.743,181.657,98,703.275,227,116,328.805,2290.9
20260305B08,（内訳）自エリアからの落札量[MW],27,168.42,440.743,181.657,98,410.613,227,116,199.016,1868.449
20260306B01,募集量（TSO別）[MW],6,228,195,0,105,398,206,91,225,1454
20260306B01,応札量合計（電源属地別）[MW],328.558,466.52,287.836,366.603,105,1069.995,630.577,91,414.216,3760.305
20260306B01,落札量合計（電源属地別）[MW],6,166.52,125.436,359.303,105,337.008,267.433,91,101.216,1558.916
20260306B01,応札件数（電源属地別）[件],11,5,24,9,1,7,8,5,14,84
20260306B01,落札件数（電源属地別）[件],2,5,23,8,1,7,7,5,12,70
20260306B01,最高落札価格（電源属地別）[円/kW・30分],1.49,19.51,19.51,19.48,1.34,18.97,1.84,6.14,19.51,19.51
20260306B01,最低落札価格（電源属地別）[円/kW・30分],0.34,1.43,0.35,0.33,1.34,0.48,0.36,0.36,0.33,0.33
20260306B01,平均落札価格（電源属地別）[円/kW・30分],1.12,3.84,6.11,3.22,1.34,2.09,1.4,1.53,3.51,2.75
20260306B01,最高落札価格（TSO別）[円/kW・30分],1.49,19.51,19.51,3.08,1.34,19.48,1.84,6.14,19.51,19.51
20260306B01,最低落札価格（TSO別）[円/kW・30分],0.34,0.35,0.36,2.68,1.34,0.33,0.36,0.36,0.33,0.33
20260306B01,平均落札価格（TSO別）[円/kW・30分],1.12,2.8,13.38,2.96,1.34,2.51,1.24,1.53,2.77,2.75
20260306B01,落札量合計（TSO別）[MW],6,236.52,55.436,225.803,94,481.508,189.433,91,179.216,1558.916
20260306B01,（内訳）自エリアからの落札量[MW],6,166.52,55.436,225.803,94,337.008,189.433,91,101.216,1266.416
20260306B02,募集量（TSO別）[MW],26,322,258,0,101,537,204,92,328,1868
20260306B02,応札量合計（電源属地別）[MW],316.358,468.42,419.878,380.881,101,1096.591,636.349,105.473,447.216,3972.166
20260306B02,落札量合計（電源属地別）[MW],18,168.42,268.578,373.581,101,410.613,273.205,105.473,184.216,1903.086
20260306B02,応札件数（電源属地別）[件],9,6,31,14,1,14,12,6,15,108
20260306B02,落札件数（電源属地別）[件],3,6,29,13,1,14,11,6,13,96
20260306B02,最高落札価格（電源属地別）[円/kW・30分],3.82,19.51,19.51,19.51,1.46,19.51,19.51,19.51,19.51,19.51
20260306B02,最低落札価格（電源属地別）[円/kW・30分],0.34,1.43,0.36,0.33,1.46,0.62,0.36,0.36,0.33,0.33
20260306B02,平均落札価格（電源属地別）[円/kW・30分],3.34,3.88,5.06,3.9,1.46,2.43,2.04,3.82,2.38,3.19
20260306B02,最高落札価格（TSO別）[円/kW・30分],3.82,19.51,19.51,3.35,1.46,19.51,2.19,5.97,19.51,19.51
20260306B02,最低落札価格（TSO別）[円/kW・30分],0.34,1.43,0.36,3.25,1.46,0.33,0.36,0.36,0.33,0.33
20260306B02,平均落札価格（TSO別）[円/kW・30分],3,3.18,7.71,3.26,1.46,3.3,1.56,1.53,3.01,3.19
20260306B02,落札量合計（TSO別）[MW],26,290.42,138.578,46.873,87,678.016,204,92,340.199,1903.086
20260306B02,（内訳）自エリアからの落札量[MW],18,168.42,138.578,46.873,87,410.613,204,92,184.216,1349.7
20260306B03,募集量（TSO別）[MW],72,471,412,217,164,703,341,181,503,3064
20260306B03,応札量合計（電源属地別）[MW],322.558,278.42,1422.851,141.557,165.994,1096.591,724.563,131.473,703.146,4987.153
20260306B03,落札量合計（電源属地別）[MW],33.215,98.42,631.416,141.557,164,712.498,560.751,131.473,274.216,2747.546
20260306B03,応札件数（電源属地別）[件],10,5,45,13,3,14,14,5,16,125
20260306B03,落札件数（電源属地別）[件],3,5,41,13,2,14,13,5,13,109
20260306B03,最高落札価格（電源属地別）[円/kW・30分],5,19.51,19.51,19.51,2.38,19.51,19.51,19.51,19.51,19.51
20260306B03,最低落札価格（電源属地別）[円/kW・30分],3.82,1.43,0.36,0.33,2.37,1.55,0.43,0.36,0.33,0.33
20260306B03,平均落札価格（電源属地別）[円/kW・30分],3.9,5.45,3.51,6.06,2.38,2.34,1.38,3.4,2.32,2.79
20260306B03,最高落札価格（TSO別）[円/kW・30分],5,19.51,19.51,19.49,2.38,19.51,2.51,19.51,19.51,19.51
20260306B03,最低落札価格（TSO別）[円/kW・30分],0.36,0.36,0.36,1.55,2.37,0.33,0.43,0.36,0.33,0.33
20260306B03,平均落札価格（TSO別）[円/kW・30分],2.02,1.95,6.39,2.99,2.38,2.89,1.17,3.4,2.15,2.79
20260306B03,落札量合計（TSO別）[MW],72,378.42,312.631,129.014,131,734.824,341,131.473,517.184,2747.546
20260306B03,（内訳）自エリアからの落札量[MW],33.215,98.42,312.631,63.423,131,646.907,341,131.473,274.216,2032.285
20260306B04,募集量（TSO別）[MW],239,358,616,252,291,778,560,271,439,3804
20260306B04,応札量合計（電源属地別）[MW],336.468,535.17,1362.947,19.658,268,1098.871,373.216,204.473,685.258,4884.061
20260306B04,落札量合計（電源属地別）[MW],111.556,235.17,602.595,19.658,268,1098.871,373.216,204.473,336.258,3249.797
20260306B04,応札件数（電源属地別）[件],9,4,44,10,2,13,9,5,16,112
20260306B04,落札件数（電源属地別）[件],5,4,39,10,2,13,9,5,15,102
20260306B04,最高落札価格（電源属地別）[円/kW・30分],5.22,17.54,19.51,19.51,1.1,19.51,19.51,19.51,19.51,19.51
20260306B04,最低落札価格（電源属地別）[円/kW・30分],0.34,1.43,0.35,19.47,1.09,0.36,0.36,0.36,0.36,0.34
20260306B04,平均落札価格（電源属地別）[円/kW・30分],4.77,3.4,2.14,19.48,1.1,1.68,1.3,2.37,1.47,2.04
20260306B04,最高落札価格（TSO別）[円/kW・30分],5.22,17.54,19.51,19.51,1.1,19.51,19.51,19.51,19.51,19.51
20260306B04,最低落札価格（TSO別）[円/kW・30分],0.34,0.36,0.35,0.36,1.09,0.36,0.36,0.36,0.36,0.34
20260306B04,平均落札価格（TSO別）[円/kW・30分],2.99,2.6,2.73,3.61,1.1,1.92,1.27,2.37,1.47,2.04
20260306B04,落札量合計（TSO別）[MW],239,257.17,453.151,116.432,264,850.171,529.142,204.473,336.258,3249.797
20260306B04,（内訳）自エリアからの落札量[MW],111.556,169.17,453.151,19.658,264,846.171,373.216,204.473,336.258,2777.653
20260306B05,募集量（TSO別）[MW],124,458,794,0,249,726,360,270,448,3429
20260306B05,応札量合計（電源属地別）[MW],351.558,525.85,229.033,19.658,249,1041.508,301.681,208.473,686.941,3613.702
20260306B05,落札量合計（電源属地別）[MW],173.645,525.85,229.033,19.658,249,730.291,255.265,208.473,355.941,2747.156
20260306B05,応札件数（電源属地別）[件],11,4,28,10,2,9,8,5,17,94
20260306B05,落札件数（電源属地別）[件],7,4,28,10,2,9,8,5,16,89
20260306B05,最高落札価格（電源属地別）[円/kW・30分],9.69,19.51,19.51,19.51,0.35,19.51,19.51,19.5,19.51,19.51
20260306B05,最低落札価格（電源属地別）[円/kW・30分],0.34,1.81,0.36,19.47,0.35,0.36,0.36,0.36,0.36,0.34
20260306B05,平均落札価格（電源属地別）[円/kW・30分],5.95,3.55,8.74,19.48,0.35,1.32,0.88,2.51,1.43,2.76
20260306B05,最高落札価格（TSO別）[円/kW・30分],9.69,19.51,19.51,0,0.48,19.51,19.51,19.5,19.51,19.51
20260306B05,最低落札価格（TSO別）[円/kW・30分],0.34,1.81,0.36,0,0.35,0.35,0.35,0.36,0.36,0.34
20260306B05,平均落札価格（TSO別）[円/kW・30分],5.67,4.82,5.36,0,0.36,1.91,0.78,2.51,1.43,2.76
20260306B05,落札量合計（TSO別）[MW],124,207.495,597.033,0,240,695.188,319.026,208.473,355.941,2747.156
20260306B05,（内訳）自エリアからの落札量[MW],124,157.85,229.033,0,213,672.53,255.265,208.473,355.941,2216.092
20260306B06,募集量（TSO別）[MW],21,528,459,257,210,830,279,226,501,3311
20260306B06,応札量合計（電源属地別）[MW],340.658,538.42,1334.389,681.776,210,1096.591,445.291,43.473,687.042,5377.64
20260306B06,落札量合計（電源属地別）[MW],12.95,238.42,624.732,367.558,210,877.897,353.014,43.473,223.042,2951.086
20260306B06,応札件数（電源属地別）[件],9,6,39,14,2,14,9,4,17,114
20260306B06,落札件数（電源属地別）[件],3,6,34,13,2,14,9,4,15,100
20260306B06,最高落札価格（電源属地別）[円/kW・30分],4.18,19.51,19.51,19.51,1.44,19.51,19.51,19.51,19.51,19.51
20260306B06,最低落札価格（電源属地別）[円/kW・30分],0.34,1.43,0.36,1.68,1.43,0.66,0.51,3.79,0.33,0.33
20260306B06,平均落札価格（電源属地別）[円/kW・30分],3.38,3.26,3.23,3.66,1.44,1.53,1.67,9.96,2.24,2.49
20260306B06,最高落札価格（TSO別）[円/kW・30分],4.18,19.51,19.51,4.71,2.05,19.51,2.05,19.51,19.51,19.51
20260306B06,最低落札価格（TSO別）[円/kW・30分],0.34,0.36,0.36,0.74,1.43,0.66,0.51,3.79,0.33,0.33
20260306B06,平均落札価格（TSO別）[円/kW・30分],2.23,2.02,4.45,1.93,1.5,2.23,1.4,9.96,2.22,2.49
20260306B06,落札量合計（TSO別）[MW],21,417.42,437.682,238.549,202,868.92,279,43.473,443.042,2951.086
20260306B06,（内訳）自エリアからの落札量[MW],12.95,238.42,437.682,141.775,168,763.401,262.099,43.473,223.042,2290.842
20260306B07,募集量（TSO別）[MW],15,377,408,93,120,685,233,124,359,2414
20260306B07,応札量合計（電源属地別）[MW],346.558,468.42,2136.003,517.557,120,1096.591,723.595,137.473,541.261,6087.458
20260306B07,落札量合計（電源属地別）[MW],14,168.42,862.543,517.557,120,410.613,301.619,134.473,221.631,2750.856
20260306B07,応札件数（電源属地別）[件],11,6,50,15,1,14,14,6,14,131
20260306B07,落札件数（電源属地別）[件],2,6,41,15,1,14,13,6,11,109
20260306B07,最高落札価格（電源属地別）[円/kW・30分],1.55,19.51,19.51,19.51,2.33,19.51,19.51,19.5,19.51,19.51
20260306B07,最低落札価格（電源属地別）[円/kW・30分],0.34,0.69,0.36,0.33,2.33,1.78,1.05,0.36,0.33,0.33
20260306B07,平均落札価格（電源属地別）[円/kW・30分],1.38,3.07,6.76,3.68,2.33,3.28,2.78,3.17,2.8,4.28
20260306B07,最高落札価格（TSO別）[円/kW・30分],7.56,19.51,19.51,4.24,4.06,19.51,3.18,19.5,19.51,19.51
20260306B07,最低落札価格（TSO別）[円/kW・30分],0.34,0.69,0.36,1.47,2.33,0.33,1.05,0.36,0.33,0.33
20260306B07,平均落札価格（TSO別）[円/kW・30分],1.79,4.5,6.75,3.14,2.73,3.51,2.16,3.17,3.24,4.28
20260306B07,落札量合計（TSO別）[MW],15,272.42,757.543,93,111,775.42,233,134.473,359,2750.856
20260306B07,（内訳）自エリアからの落札量[MW],14,168.42,757.543,93,71,410.613,219.03,134.473,221.631,2089.71
20260306B08,募集量（TSO別）[MW],27,98,368,19,118,588,227,113,319,1877
20260306B08,応札量合計（電源属地別）[MW],362.718,218.42,505.776,624.439,118,1170.491,723.595,126.473,449.016,4298.928
20260306B08,落札量合計（電源属地別）[MW],27,98.42,298.476,617.139,118,447.604,327.034,116,199.016,2248.689
20260306B08,応札件数（電源属地別）[件],8,5,35,16,1,15,14,7,16,117
20260306B08,落札件数（電源属地別）[件],3,5,33,15,1,15,13,6,14,105
20260306B08,最高落札価格（電源属地別）[円/kW・30分],7.2,19.51,19.51,19.51,1.85,19.51,19.51,6.68,19.51,19.51
20260306B08,最低落札価格（電源属地別）[円/kW・30分],1.16,1.23,0.36,0.33,1.85,1.14,0.41,0.36,0.33,0.33
20260306B08,平均落札価格（電源属地別）[円/kW・30分],2.03,4.26,5.24,3.48,1.85,2.53,1.86,1.58,2.66,3.05
20260306B08,最高落札価格（TSO別）[円/kW・30分],7.2,19.51,19.51,3.45,1.85,19.51,2.31,6.68,19.51,19.51
20260306B08,最低落札価格（TSO別）[円/kW・30分],1.16,1.23,0.36,2.42,1.85,0.33,0.41,0.36,0.33,0.33
20260306B08,平均落札価格（TSO別）[円/kW・30分],2.03,4.26,5.24,3.11,1.85,3.02,1.47,1.58,2.77,3.05
20260306B08,落札量合計（TSO別）[MW],27,98.42,298.476,297.657,98,754.497,227,116,331.639,2248.689
20260306B08,（内訳）自エリアからの落札量[MW],27,98.42,298.476,297.657,98,447.604,227,116,199.016,1809.173
20260307B01,募集量（TSO別）[MW],18,260,273,0,105,398,206,91,225,1576
20260307B01,応札量合計（電源属地別）[MW],83.668,393.92,169.841,731.857,105,673.818,476.841,102.543,245.741,2983.229
20260307B01,落札量合計（電源属地別）[MW],18,153.92,155.636,724.557,105,180.319,235.679,91,77.741,1741.852
20260307B01,応札件数（電源属地別）[件],6,5,24,9,1,5,6,6,9,71
20260307B01,落札件数（電源属地別）[件],1,5,24,8,1,5,5,6,8,63
20260307B01,最高落札価格（電源属地別）[円/kW・30分],1,19.51,19.51,18.99,0.67,18.96,1.54,6.46,19.51,19.51
20260307B01,最低落札価格（電源属地別）[円/kW・30分],1,1.43,0.35,0.5,0.67,0.61,0.36,0.36,0.37,0.35
20260307B01,平均落札価格（電源属地別）[円/kW・30分],1,2.18,4.53,4.29,0.67,1.5,1.29,1.19,2.95,2.96
20260307B01,最高落札価格（TSO別）[円/kW・30分],1,19.51,19.51,7.09,0.67,18.99,1.54,6.46,19.51,19.51
20260307B01,最低落札価格（TSO別）[円/kW・30分],1,0.35,0.36,2.16,0.67,0.5,0.36,0.36,0.36,0.35
20260307B01,平均落札価格（TSO別）[円/kW・30分],1,1.61,11.69,4.44,0.67,2.7,1.2,1.19,2.1,2.96
20260307B01,落札量合計（TSO別）[MW],18,255.92,53.636,524.38,94,391.496,137.679,91,175.741,1741.852
20260307B01,（内訳）自エリアからの落札量[MW],18,153.92,53.636,524.38,94,180.319,137.679,91,77.741,1330.675
20260307B02,募集量（TSO別）[MW],38,354,336,0,101,537,204,92,328,1990
20260307B02,応札量合計（電源属地別）[MW],69.558,408.42,441.678,781.635,101,747.839,481.613,105.473,473.811,3611.027
20260307B02,落札量合計（電源属地別）[MW],30,170.543,290.378,774.335,101,254.34,240.451,105.473,229.841,2196.361
20260307B02,応札件数（電源属地別）[件],7,6,32,14,1,13,9,6,10,98
20260307B02,落札件数（電源属地別）[件],5,6,30,13,1,13,8,6,9,91
20260307B02,最高落札価格（電源属地別）[円/kW・30分],4.5,19.51,19.51,18.99,0.82,18.99,19.51,18.89,19.51,19.51
20260307B02,最低落札価格（電源属地別）[円/kW・30分],1.5,1.43,0.36,0.5,0.82,0.69,0.36,0.36,0.45,0.36
20260307B02,平均落札価格（電源属地別）[円/kW・30分],3.94,3.45,4.7,5.15,0.82,3.2,2,3.33,1.41,3.69
20260307B02,最高落札価格（TSO別）[円/kW・30分],4.5,19.51,19.51,8.31,0.82,18.99,1.98,6.43,19.51,19.51
20260307B02,最低落札価格（TSO別）[円/kW・30分],1.5,1.43,0.36,2.05,0.82,0.69,0.36,0.36,0.36,0.36
20260307B02,平均落札価格（TSO別）[円/kW・30分],3.64,3.05,7.29,4.58,0.82,4.32,1.62,1.42,3.47,3.69
20260307B02,落札量合計（TSO別）[MW],38,322.42,130.501,416.621,87,537,204,92,368.819,2196.361
20260307B02,（内訳）自エリアからの落札量[MW],30,170.543,130.501,416.621,87,227.814,204,92,229.841,1588.32
20260307B03,募集量（TSO別）[MW],84,503,490,217,164,703,341,181,503,3186
20260307B03,応札量合計（電源属地別）[MW],342.658,668.42,758.277,171.958,164,747.839,339.971,97.473,614.226,3904.822
20260307B03,落札量合計（電源属地別）[MW],75.215,308.42,454.512,171.958,164,594.552,225.36,97.473,363.659,2455.149
20260307B03,応札件数（電源属地別）[件],10,7,42,14,2,13,9,5,11,113
20260307B03,落札件数（電源属地別）[件],6,7,37,14,2,13,8,5,11,103
20260307B03,最高落札価格（電源属地別）[円/kW・30分],9.92,19.51,19.51,19.51,0.38,19.51,19.51,19.51,19.51,19.51
20260307B03,最低落札価格（電源属地別）[円/kW・30分],3.5,1.28,0.36,0.33,0.37,0.37,0.36,0.36,0.46,0.33
20260307B03,平均落札価格（電源属地別）[円/kW・30分],7.84,2.4,4.07,5.41,0.38,1.72,1.34,4.8,1.23,2.61
20260307B03,最高落札価格（TSO別）[円/kW・30分],9.92,19.51,19.51,19.51,0.38,19.51,19.51,19.51,19.51,19.51
20260307B03,最低落札価格（TSO別）[円/kW・30分],0.36,0.36,0.36,0.78,0.37,0.37,0.33,0.36,0.46,0.33
20260307B03,平均落札価格（TSO別）[円/kW・30分],7.06,1.91,5.21,4.76,0.38,1.77,1.85,4.8,1.38,2.61
20260307B03,落札量合計（TSO別）[MW],84,406.42,347.727,128.672,131,616.891,255.74,97.473,387.226,2455.149
20260307B03,（内訳）自エリアからの落札量[MW],75.215,308.42,347.727,63.081,131,517.107,183.074,97.473,363.659,2086.756
20260307B04,募集量（TSO別）[MW],251,390,582,252,291,778,560,271,439,3814
20260307B04,応札量合計（電源属地別）[MW],607.568,477.07,641.797,19.658,268,751.969,268.436,190.473,519.854,3744.825
20260307B04,落札量合計（電源属地別）[MW],153.556,237.07,535.691,19.658,268,751.969,268.436,190.473,310.854,2735.707
20260307B04,応札件数（電源属地別）[件],12,5,42,10,2,13,8,5,13,110
20260307B04,落札件数（電源属地別）[件],5,5,40,10,2,13,8,5,13,101
20260307B04,最高落札価格（電源属地別）[円/kW・30分],6.11,19.51,19.51,19.51,0.35,19.51,19.51,19.51,19.51,19.51
20260307B04,最低落札価格（電源属地別）[円/kW・30分],1.95,1.43,0.35,19.47,0.35,0.36,0.36,0.36,0.36,0.35
20260307B04,平均落札価格（電源属地別）[円/kW・30分],4.78,3.05,2.37,19.48,0.35,1.2,0.79,3.78,1.46,2.01
20260307B04,最高落札価格（TSO別）[円/kW・30分],6.11,19.51,19.51,19.51,0.35,19.51,19.51,19.51,19.51,19.51
20260307B04,最低落札価格（TSO別）[円/kW・30分],0.35,0.36,0.35,0.35,0.35,0.36,0.36,0.36,0.36,0.35
20260307B04,平均落札価格（TSO別）[円/kW・30分],3.34,2.56,2.94,4.29,0.35,1.15,0.91,3.78,1.46,2.01
20260307B04,落札量合計（TSO別）[MW],251,259.07,416.247,116.432,264,657.305,270.326,190.473,310.854,2735.707
20260307B04,（内訳）自エリアからの落札量[MW],153.556,191.07,416.247,19.658,264,657.305,268.436,190.473,310.854,2471.599
20260307B05,募集量（TSO別）[MW],136,490,760,0,249,726,360,270,448,3439
20260307B05,応札量合計（電源属地別）[MW],699.358,668.42,631.801,19.658,249,745.989,268.436,169.473,582.854,4034.989
20260307B05,落札量合計（電源属地別）[MW],108.676,564.594,405.401,0,249,709.345,268.436,169.473,353.854,2828.779
20260307B05,応札件数（電源属地別）[件],12,7,40,10,2,12,8,5,15,111
20260307B05,落札件数（電源属地別）[件],7,7,38,0,2,12,8,5,14,93
20260307B05,最高落札価格（電源属地別）[円/kW・30分],7.18,19.51,19.51,0,0.35,19.51,19.51,19.51,19.51,19.51
20260307B05,最低落札価格（電源属地別）[円/kW・30分],2,1.43,0.36,0,0.35,0.36,0.36,0.36,0.36,0.35
20260307B05,平均落札価格（電源属地別）[円/kW・30分],4.85,3.08,2.91,0,0.35,1.13,0.78,4.22,1.32,2.02
20260307B05,最高落札価格（TSO別）[円/kW・30分],7.18,19.51,19.51,0,0.35,19.51,19.51,19.51,19.51,19.51
20260307B05,最低落札価格（TSO別）[円/kW・30分],2,0.36,0.36,0,0.35,0.36,0.35,0.36,0.36,0.35
20260307B05,平均落札価格（TSO別）[円/kW・30分],4.31,3.04,3.03,0,0.35,1.12,0.77,4.22,1.32,2.02
20260307B05,落札量合計（TSO別）[MW],136,360.42,582.251,0,240,711.041,275.74,169.473,353.854,2828.779
20260307B05,（内訳）自エリアからの落札量[MW],108.676,295.594,340.575,0,240,667.755,225.15,169.473,353.854,2401.077
20260307B06,募集量（TSO別）[MW],33,560,501,257,210,830,279,226,501,3397
20260307B06,応札量合計（電源属地別）[MW],309.918,668.42,747.328,19.658,210,747.839,339.971,139.473,582.854,3765.461
20260307B06,落札量合計（電源属地別）[MW],23,326.056,470.142,19.658,210,747.839,293.555,139.473,412.753,2642.476
20260307B06,応札件数（電源属地別）[件],9,7,37,10,2,13,9,5,15,107
20260307B06,落札件数（電源属地別）[件],5,7,32,10,2,13,9,5,15,98
20260307B06,最高落札価格（電源属地別）[円/kW・30分],4.5,19.51,19.51,19.51,0.35,19.51,19.51,19.51,19.51,19.51
20260307B06,最低落札価格（電源属地別）[円/kW・30分],0.95,1.43,0.35,19.47,0.35,0.36,0.36,0.36,0.36,0.35
20260307B06,平均落札価格（電源属地別）[円/kW・30分],2.45,2.67,3.5,19.48,0.35,1.1,1,3.57,1.27,1.96
20260307B06,最高落札価格（TSO別）[円/kW・30分],4.5,19.51,19.51,19.51,0.35,19.51,19.51,19.51,19.51,19.51
20260307B06,最低落札価格（TSO別）[円/kW・30分],0.36,0.35,0.36,0.35,0.35,0.36,0.35,0.36,0.36,0.35
20260307B06,平均落札価格（TSO別）[円/kW・30分],1.82,2.04,4.75,4.06,0.35,1.09,1.07,3.57,1.27,1.96
20260307B06,落札量合計（TSO別）[MW],33,449.42,336.778,101.366,144,807.891,214.694,139.473,415.854,2642.476
20260307B06,（内訳）自エリアからの落札量[MW],23,326.056,336.778,19.658,144,730.131,212.694,139.473,412.753,2344.543
20260307B07,募集量（TSO別）[MW],27,409,520,93,120,685,233,124,359,2570
20260307B07,応札量合計（電源属地別）[MW],353.968,478.42,1104.674,1360.657,120,747.839,612.482,134.473,467.975,5380.488
20260307B07,落札量合計（電源属地別）[MW],26,238.42,833.741,502.657,120,254.34,281.612,134.473,271.485,2662.728
20260307B07,応札件数（電源属地別）[件],9,6,43,18,1,13,12,6,15,123
20260307B07,落札件数（電源属地別）[件],1,6,41,16,1,13,11,6,13,108
20260307B07,最高落札価格（電源属地別）[円/kW・30分],0.74,19.51,19.51,19.47,0.96,19.47,19.51,19.49,19.51,19.51
20260307B07,最低落札価格（電源属地別）[円/kW・30分],0.74,1.21,0.36,0.5,0.96,0.59,0.52,0.36,0.36,0.36
20260307B07,平均落札価格（電源属地別）[円/kW・30分],0.74,2.69,6.5,4.94,0.96,3.18,2.3,3.11,1.94,4.16
20260307B07,最高落札価格（TSO別）[円/kW・30分],5.73,19.51,19.51,19.47,0.96,19.39,19.51,19.49,19.51,19.51
20260307B07,最低落札価格（TSO別）[円/kW・30分],0.74,1.21,0.36,0.5,0.96,0.59,0.52,0.36,0.36,0.36
20260307B07,平均落札価格（TSO別）[円/kW・30分],0.92,3.34,6.54,7.48,0.96,3.53,2.66,3.11,2.44,4.16
20260307B07,落札量合計（TSO別）[MW],27,297.42,773.741,92.771,111,685,195.318,134.473,346.005,2662.728
20260307B07,（内訳）自エリアからの落札量[MW],26,238.42,773.741,92.771,111,250.449,177.457,134.473,271.485,2075.796
20260307B08,募集量（TSO別）[MW],39,130,480,19,118,588,227,113,319,2033
20260307B08,応札量合計（電源属地別）[MW],355.368,408.42,524.414,667.957,118,747.839,338.003,120.473,343.541,3624.015
20260307B08,落札量合計（電源属地別）[MW],39,168.42,373.114,660.657,118,318.649,220.052,116,243.541,2257.433
20260307B08,応札件数（電源属地別）[件],9,6,34,19,1,13,8,7,13,110
20260307B08,落札件数（電源属地別）[件],2,6,32,18,1,13,7,7,12,98
20260307B08,最高落札価格（電源属地別）[円/kW・30分],4.38,19.51,19.51,19.51,0.62,19.51,19.51,6.33,19.51,19.51
20260307B08,最低落札価格（電源属地別）[円/kW・30分],0.79,1.43,0.36,0.5,0.62,0.36,0.36,0.36,0.36,0.36
20260307B08,平均落札価格（電源属地別）[円/kW・30分],2.26,3.32,5.59,3.52,0.62,2.34,1.51,1.43,1.44,2.98
20260307B08,最高落札価格（TSO別）[円/kW・30分],4.38,19.51,19.51,3.5,0.62,19.51,19.51,6.33,19.51,19.51
20260307B08,最低落札価格（TSO別）[円/kW・30分],0.79,1.43,0.36,2.38,0.62,0.36,0.36,0.36,0.36,0.36
20260307B08,平均落札価格（TSO別）[円/kW・30分],2.26,3.32,5.59,3.04,0.62,2.45,3.47,1.43,1.52,2.98
20260307B08,落札量合計（TSO別）[MW],39,168.42,373.114,411.175,98,588,189.183,116,274.541,2257.433
20260307B08,（内訳）自エリアからの落札量[MW],39,168.42,373.114,411.175,98,314.949,165.834,116,243.541,1930.033
20260308B01,募集量（TSO別）[MW],18,260,273,0,105,398,206,91,225,1576
20260308B01,応札量合計（電源属地別）[MW],316.668,393.92,502.474,264.603,105,723.093,476.841,102.543,341.741,3226.883
20260308B01,落札量合計（電源属地別）[MW],18,153.92,425.67,238.328,105,229.594,235.679,91,96.741,1593.932
20260308B01,応札件数（電源属地別）[件],8,5,25,11,1,7,6,6,12,81
20260308B01,落札件数（電源属地別）[件],1,5,24,10,1,7,5,6,10,69
20260308B01,最高落札価格（電源属地別）[円/kW・30分],1,19.51,19.51,19.37,0.62,18.96,1.74,6.58,19.51,19.51
20260308B01,最低落札価格（電源属地別）[円/kW・30分],1,1.43,0.36,0.5,0.62,0.36,0.36,0.36,0.36,0.36
20260308B01,平均落札価格（電源属地別）[円/kW・30分],1,2.37,3.12,2.75,0.62,2.05,1.46,1.17,2.56,2.26
20260308B01,最高落札価格（TSO別）[円/kW・30分],1,19.51,19.51,2.53,0.62,19.37,18.99,6.58,19.51,19.51
20260308B01,最低落札価格（TSO別）[円/kW・30分],1,1.43,0.36,1.79,0.62,0.36,0.36,0.36,0.36,0.36
20260308B01,平均落札価格（TSO別）[円/kW・30分],1,2.19,3.5,2.22,0.62,2.33,1.63,1.17,2.16,2.26
20260308B01,落札量合計（TSO別）[MW],18,255.92,323.67,57.798,94,398,179.803,91,175.741,1593.932
20260308B01,（内訳）自エリアからの落札量[MW],18,153.92,323.67,57.798,94,229.594,156.679,91,96.741,1221.402
20260308B02,募集量（TSO別）[MW],38,354,336,0,101,537,204,92,328,1990
20260308B02,応札量合計（電源属地別）[MW],302.558,408.42,576.381,311.981,101,747.839,481.613,105.473,359.841,3395.106
20260308B02,落札量合計（電源属地別）[MW],30,168.42,425.081,298.706,101,262.625,262.401,105.473,239.841,1893.547
20260308B02,応札件数（電源属地別）[件],9,6,31,15,1,13,9,6,12,102
20260308B02,落札件数（電源属地別）[件],5,6,29,14,1,13,8,6,10,92
20260308B02,最高落札価格（電源属地別）[円/kW・30分],4.8,19.51,19.51,18.99,0.77,18.99,19.51,18.89,19.51,19.51
20260308B02,最低落札価格（電源属地別）[円/kW・30分],1.5,1.43,0.36,0.5,0.77,0.36,0.36,0.36,0.36,0.36
20260308B02,平均落札価格（電源属地別）[円/kW・30分],4.05,3.57,3.47,3.82,0.77,2.57,1.99,3.32,1.15,2.77
20260308B02,最高落札価格（TSO別）[円/kW・30分],4.8,19.51,19.51,0,0.77,18.99,2.15,6.55,19.51,19.51
20260308B02,最低落札価格（TSO別）[円/kW・30分],1.5,1.43,0.36,0,0.77,0.36,0.36,0.36,0.36,0.36
20260308B02,平均落札価格（TSO別）[円/kW・30分],3.59,2.77,4.43,0,0.77,2.96,1.76,1.41,2.55,2.77
20260308B02,落札量合計（TSO別）[MW],38,322.42,263.081,0,87,537,204,92,350.046,1893.547
20260308B02,（内訳）自エリアからの落札量[MW],30,168.42,263.081,0,87,259.041,204,92,239.841,1343.383
20260308B03,募集量（TSO別）[MW],84,503,490,217,164,703,341,181,503,3186
20260308B03,応札量合計（電源属地別）[MW],207.658,668.42,955.984,19.658,164,747.839,339.971,97.473,577.226,3778.229
20260308B03,落札量合計（電源属地別）[MW],75.215,308.42,454.512,19.658,164,627.611,222.02,97.473,377.226,2346.135
20260308B03,応札件数（電源属地別）[件],9,7,43,10,2,13,9,5,12,110
20260308B03,落札件数（電源属地別）[件],5,7,38,10,2,13,8,5,11,99
20260308B03,最高落札価格（電源属地別）[円/kW・30分],9.92,19.51,19.51,19.51,0.35,19.51,19.51,19.51,19.51,19.51
20260308B03,最低落札価格（電源属地別）[円/kW・30分],3.38,1.39,0.36,19.47,0.35,0.36,0.36,0.36,0.36,0.35
20260308B03,平均落札価格（電源属地別）[円/kW・30分],7.93,2.55,4.07,19.48,0.35,1.3,1.28,4.88,1.09,2.41
20260308B03,最高落札価格（TSO別）[円/kW・30分],9.92,19.51,19.51,19.51,0.35,19.51,19.51,19.51,19.51,19.51
20260308B03,最低落札価格（TSO別）[円/kW・30分],0.36,0.36,0.36,19.47,0.35,0.35,0.36,0.36,0.36,0.35
20260308B03,平均落札価格（TSO別）[円/kW・30分],7.14,2.02,5.21,19.48,0.35,1.37,1.01,4.88,1.08,2.41
20260308B03,落札量合計（TSO別）[MW],84,406.42,347.727,19.658,131,616.891,255.74,97.473,387.226,2346.135
20260308B03,（内訳）自エリアからの落札量[MW],75.215,308.42,347.727,19.658,131,541.605,179.734,97.473,377.226,2078.058
20260308B04,募集量（TSO別）[MW],251,390,582,252,291,778,560,271,439,3814
20260308B04,応札量合計（電源属地別）[MW],543.568,477.07,837.285,19.658,268,751.969,268.436,190.473,582.854,3939.313
20260308B04,落札量合計（電源属地別）[MW],153.556,237.07,533.695,19.658,268,751.969,268.436,190.473,335.854,2758.711
20260308B04,応札件数（電源属地別）[件],11,5,42,10,2,13,8,5,15,111
20260308B04,落札件数（電源属地別）[件],6,5,39,10,2,13,8,5,14,102
20260308B04,最高落札価格（電源属地別）[円/kW・30分],9,19.51,19.51,19.51,0.35,19.51,19.51,19.51,19.51,19.51
20260308B04,最低落札価格（電源属地別）[円/kW・30分],2.14,1.43,0.35,19.47,0.35,0.36,0.36,0.36,0.36,0.35
20260308B04,平均落札価格（電源属地別）[円/kW・30分],5.96,4.23,2.3,19.48,0.35,1.2,0.78,3.79,1.37,2.15
20260308B04,最高落札価格（TSO別）[円/kW・30分],9,19.51,19.51,19.51,0.35,19.51,19.51,19.51,19.51,19.51
20260308B04,最低落札価格（TSO別）[円/kW・30分],0.35,0.36,0.35,19.47,0.35,0.35,0.36,0.36,0.36,0.35
20260308B04,平均落札価格（TSO別）[円/kW・30分],4.24,3.46,2.86,19.48,0.35,1.15,0.91,3.79,1.37,2.15
20260308B04,落札量合計（TSO別）[MW],251,259.07,414.251,19.658,264,754.079,270.326,190.473,335.854,2758.711
20260308B04,（内訳）自エリアからの落札量[MW],153.556,191.07,414.251,19.658,264,750.079,268.436,190.473,335.854,2587.377
20260308B05,募集量（TSO別）[MW],136,490,760,0,249,726,360,270,448,3439
20260308B05,応札量合計（電源属地別）[MW],566.358,655.85,820.356,19.658,249,745.989,268.436,169.473,582.854,4077.974
20260308B05,落札量合計（電源属地別）[MW],112,347.28,593.956,0,249,709.345,268.436,169.473,353.854,2803.344
20260308B05,応札件数（電源属地別）[件],11,5,34,10,2,12,8,5,15,102
20260308B05,落札件数（電源属地別）[件],5,5,32,0,2,12,8,5,14,83
20260308B05,最高落札価格（電源属地別）[円/kW・30分],5.1,19.51,19.51,0,0.35,19.51,19.51,19.51,19.51,19.51
20260308B05,最低落札価格（電源属地別）[円/kW・30分],1.49,3.22,0.36,0,0.35,0.36,0.36,0.36,0.36,0.35
20260308B05,平均落札価格（電源属地別）[円/kW・30分],2.16,4.53,1.89,0,0.35,1.13,0.78,4.24,1.32,1.86
20260308B05,最高落札価格（TSO別）[円/kW・30分],5.1,19.51,19.51,0,0.35,19.51,19.51,19.51,19.51,19.51
20260308B05,最低落札価格（TSO別）[円/kW・30分],1.49,0.36,0.36,0,0.35,0.36,0.35,0.36,0.36,0.35
20260308B05,平均落札価格（TSO別）[円/kW・30分],2.35,3.7,2.34,0,0.35,1.12,0.77,4.24,1.32,1.86
20260308B05,落札量合計（TSO別）[MW],136.3,347.85,569.086,0,240,711.041,275.74,169.473,353.854,2803.344
20260308B05,（内訳）自エリアからの落札量[MW],112,247.85,493.956,0,240,667.755,225.15,169.473,353.854,2510.038
20260308B06,募集量（TSO別）[MW],33,560,501,257,210,830,279,226,501,3397
20260308B06,応札量合計（電源属地別）[MW],172.918,668.42,941.914,19.658,210,747.839,339.971,139.473,582.854,3823.047
20260308B06,落札量合計（電源属地別）[MW],23,308.42,487.778,19.658,210,747.839,293.555,139.473,399.091,2628.814
20260308B06,応札件数（電源属地別）[件],8,7,38,10,2,13,9,5,15,107
20260308B06,落札件数（電源属地別）[件],5,7,33,10,2,13,9,5,15,99
20260308B06,最高落札価格（電源属地別）[円/kW・30分],5.3,19.51,19.51,19.51,0.35,19.51,19.51,19.51,19.51,19.51
20260308B06,最低落札価格（電源属地別）[円/kW・30分],0.95,1.43,0.35,19.47,0.35,0.36,0.37,0.36,0.36,0.35
20260308B06,平均落札価格（電源属地別）[円/kW・30分],2.72,2.95,3.39,19.48,0.35,1.1,1.16,3.74,1.29,2.01
20260308B06,最高落札価格（TSO別）[円/kW・30分],5.3,19.51,19.51,19.51,0.35,19.51,19.51,19.51,19.51,19.51
20260308B06,最低落札価格（TSO別）[円/kW・30分],0.36,0.35,0.36,19.47,0.35,0.35,0.36,0.36,0.36,0.35
20260308B06,平均落札価格（TSO別）[円/kW・30分],2,2.13,4.75,19.48,0.35,1.1,1.2,3.74,1.25,2.01
20260308B06,落札量合計（TSO別）[MW],33,449.42,336.778,19.658,202,807.891,224.74,139.473,415.854,2628.814
20260308B06,（内訳）自エリアからの落札量[MW],23,308.42,336.778,19.658,202,735.793,212.694,139.473,399.091,2376.907
20260308B07,募集量（TSO別）[MW],27,409,520,93,120,685,233,124,359,2570
20260308B07,応札量合計（電源属地別）[MW],120.968,478.42,1129.224,2123.239,120,747.839,481.613,134.473,462.498,5798.274
20260308B07,落札量合計（電源属地別）[MW],26,238.42,857.191,1077.498,120,254.34,243.431,134.473,246.473,3197.826
20260308B07,応札件数（電源属地別）[件],7,6,43,24,1,13,9,6,12,121
20260308B07,落札件数（電源属地別）[件],1,6,41,16,1,13,8,6,10,102
20260308B07,最高落札価格（電源属地別）[円/kW・30分],0.74,19.51,19.51,19.47,0.94,19.47,19.51,19.49,19.49,19.51
20260308B07,最低落札価格（電源属地別）[円/kW・30分],0.74,1.2,0.36,0.5,0.94,0.36,1.3,0.36,0.36,0.36
20260308B07,平均落札価格（電源属地別）[円/kW・30分],0.74,2.69,6.08,3.95,0.94,2.57,3.35,3.1,1.67,3.92
20260308B07,最高落札価格（TSO別）[円/kW・30分],5.76,19.51,19.51,4.46,0.94,19.47,4.2,19.49,19.51,19.51
20260308B07,最低落札価格（TSO別）[円/kW・30分],0.74,1.2,0.36,2.97,0.94,0.36,1.3,0.36,0.36,0.36
20260308B07,平均落札価格（TSO別）[円/kW・30分],0.93,3.23,6.13,3.93,0.94,3.28,3.11,3.1,2.8,3.92
20260308B07,落札量合計（TSO別）[MW],27,297.42,797.191,542.851,111,695.891,233,134.473,359,3197.826
20260308B07,（内訳）自エリアからの落札量[MW],26,238.42,797.191,542.851,111,250.449,219.03,134.473,246.473,2565.887
20260308B08,募集量（TSO別）[MW],39,130,480,19,118,588,227,113,319,2033
20260308B08,応札量合計（電源属地別）[MW],356.468,408.42,218.228,1763.039,118,593.839,481.613,120.473,343.541,4403.621
20260308B08,落札量合計（電源属地別）[MW],39,168.42,66.928,1153.264,118,431.401,240.451,116,243.541,2577.005
20260308B08,応札件数（電源属地別）[件],9,6,30,22,1,13,9,7,13,110
20260308B08,落札件数（電源属地別）[件],2,6,28,21,1,13,8,7,12,98
20260308B08,最高落札価格（電源属地別）[円/kW・30分],4.38,19.51,19.51,19.51,0.72,19.51,19.51,6.45,19.51,19.51
20260308B08,最低落札価格（電源属地別）[円/kW・30分],0.79,1.43,0.36,0.5,0.72,0.36,0.66,0.36,0.36,0.36
20260308B08,平均落札価格（電源属地別）[円/kW・30分],2.26,3.31,12.23,3.19,0.72,1.65,2.65,1.44,1.43,2.75
20260308B08,最高落札価格（TSO別）[円/kW・30分],4.38,19.51,19.51,3.36,0.72,19.51,19.47,6.45,19.51,19.51
20260308B08,最低落札価格（TSO別）[円/kW・30分],0.79,1.43,0.36,2.34,0.72,0.36,0.36,0.36,0.36,0.36
20260308B08,平均落札価格（TSO別）[円/kW・30分],2.26,3.31,12.23,2.92,0.72,1.85,2.39,1.44,3.03,2.75
20260308B08,落札量合計（TSO別）[MW],39,168.42,66.928,903.782,98,588,227,116,369.875,2577.005
20260308B08,（内訳）自エリアからの落札量[MW],39,168.42,66.928,903.782,98,350.952,210.679,116,243.541,2197.302
20260309B01,募集量（TSO別）[MW],18,260,273,0,105,398,206,91,225,1576
20260309B01,応札量合計（電源属地別）[MW],318.668,408.42,130.036,885.211,105,673.818,476.841,91,341.741,3430.735
20260309B01,落札量合計（電源属地別）[MW],18,194.02,130.036,592.953,105,180.022,235.679,91,93.252,1639.962
20260309B01,応札件数（電源属地別）[件],8,6,22,19,1,5,6,5,12,84
20260309B01,落札件数（電源属地別）[件],2,6,22,15,1,5,5,5,8,69
20260309B01,最高落札価格（電源属地別）[円/kW・30分],1.75,19.51,19.51,18.99,0.35,18.96,2.18,6.8,18.89,19.51
20260309B01,最低落札価格（電源属地別）[円/kW・30分],1.5,1.43,0.35,0.5,0.35,0.36,0.36,0.36,0.36,0.35
20260309B01,平均落札価格（電源属地別）[円/kW・30分],1.72,3.63,5.03,2.47,0.35,0.72,1.82,1.47,2.13,2.31
20260309B01,最高落札価格（TSO別）[円/kW・30分],1.75,19.51,19.51,4.01,0.35,18.99,4.01,6.8,18.96,19.51
20260309B01,最低落札価格（TSO別）[円/kW・30分],1.5,0.35,0.36,2.12,0.35,0.35,0.36,0.36,0.36,0.35
20260309B01,平均落札価格（TSO別）[円/kW・30分],1.72,2.7,11.69,2.67,0.35,1.54,1.89,1.47,2.1,2.31
20260309B01,落札量合計（TSO別）[MW],18,270.42,53.636,274.856,94,398,206.05,91,234,1639.962
20260309B01,（内訳）自エリアからの落札量[MW],18,194.02,53.636,274.856,94,178.449,156.679,91,93.252,1153.892
20260309B02,募集量（TSO別）[MW],38,354,336,0,101,537,204,92,328,1990
20260309B02,応札量合計（電源属地別）[MW],321.258,408.42,217.058,927.589,101,747.839,481.613,105.473,339.841,3650.091
20260309B02,落札量合計（電源属地別）[MW],30,182.42,213.758,804.606,101,254.34,238.479,103.473,177.341,2105.417
20260309B02,応札件数（電源属地別）[件],10,6,29,19,1,13,9,6,11,104
20260309B02,落札件数（電源属地別）[件],6,6,29,18,1,13,7,6,9,95
20260309B02,最高落札価格（電源属地別）[円/kW・30分],4.8,19.51,19.51,18.99,0.35,18.99,19.2,18.89,19,19.51
20260309B02,最低落札価格（電源属地別）[円/kW・30分],1.5,1.43,0.35,0.5,0.35,0.36,0.59,0.36,0.36,0.35
20260309B02,平均落札価格（電源属地別）[円/kW・30分],3.55,3.55,3.96,2.38,0.35,2.67,2.53,3.37,1.35,2.57
20260309B02,最高落札価格（TSO別）[円/kW・30分],4.8,19.51,19.51,2.65,0.35,18.99,2.75,16,19.2,19.51
20260309B02,最低落札価格（TSO別）[円/kW・30分],1.5,0.35,0.36,1.74,0.35,0.35,0.59,0.36,0.36,0.35
20260309B02,平均落札価格（TSO別）[円/kW・30分],3.26,2.11,12.1,1.98,0.35,2.09,2.34,1.74,3.26,2.57
20260309B02,落札量合計（TSO別）[MW],38,322.42,65.758,350.239,87,537,204,92,409,2105.417
20260309B02,（内訳）自エリアからの落札量[MW],30,174.42,65.758,350.239,87,227.724,204,92,177.341,1408.482
20260309B03,募集量（TSO別）[MW],84,503,490,217,164,703,341,181,503,3186
20260309B03,応札量合計（電源属地別）[MW],301.658,668.42,1168.471,252.658,165.994,747.839,483.581,97.473,599.156,4485.25
20260309B03,落札量合計（電源属地別）[MW],45.215,308.42,487.416,252.658,164,594.552,304.191,97.473,328.935,2582.86
20260309B03,応札件数（電源属地別）[件],9,7,43,12,3,13,10,5,14,116
20260309B03,落札件数（電源属地別）[件],5,7,37,12,2,13,9,5,12,102
20260309B03,最高落札価格（電源属地別）[円/kW・30分],4.5,19.51,19.51,19.51,1.06,19.51,19.51,19.51,19.51,19.51
20260309B03,最低落札価格（電源属地別）[円/kW・30分],3.21,0.36,0.36,3.42,1.05,0.36,1.08,0.36,0.36,0.36
20260309B03,平均落札価格（電源属地別）[円/kW・30分],3.85,2.45,3.93,4.79,1.06,1.4,2.8,4.3,1.45,2.64
20260309B03,最高落札価格（TSO別）[円/kW・30分],4.5,19.51,19.51,19.51,1.06,19.51,19.51,19.51,19.51,19.51
20260309B03,最低落札価格（TSO別）[円/kW・30分],0.36,0.36,0.36,3.42,1.05,0.36,0.36,0.36,0.36,0.36
20260309B03,平均落札価格（TSO別）[円/kW・30分],2.24,1.94,5.33,6.28,1.06,1.71,2.61,4.3,1.76,2.64
20260309B03,落札量合計（TSO別）[MW],84,406.42,350.631,106.846,131,618.264,341,97.473,447.226,2582.86
20260309B03,（内訳）自エリアからの落札量[MW],45.215,308.42,350.631,106.846,131,550.107,256.812,97.473,328.935,2175.439
20260309B04,募集量（TSO別）[MW],251,390,582,252,291,778,560,271,439,3814
20260309B04,応札量合計（電源属地別）[MW],475.068,477.07,1169.322,29.758,268,751.969,240.725,182.473,584.743,4179.128
20260309B04,落札量合計（電源属地別）[MW],126.806,237.07,568.595,29.758,268,751.969,240.725,182.473,337.743,2743.139
20260309B04,応札件数（電源属地別）[件],10,5,43,11,2,13,8,5,16,113
20260309B04,落札件数（電源属地別）[件],4,5,39,11,2,13,8,5,15,102
20260309B04,最高落札価格（電源属地別）[円/kW・30分],7,19.51,19.51,19.51,1.43,19.51,19.51,19.51,19.51,19.51
20260309B04,最低落札価格（電源属地別）[円/kW・30分],2.07,1.43,0.35,19.29,1.42,0.36,0.42,0.36,0.36,0.35
20260309B04,平均落札価格（電源属地別）[円/kW・30分],6.17,3.1,2.35,19.41,1.43,1.21,1.84,3.6,1.74,2.34
20260309B04,最高落札価格（TSO別）[円/kW・30分],7,19.51,19.51,19.51,1.43,19.51,19.51,19.51,19.51,19.51
20260309B04,最低落札価格（TSO別）[円/kW・30分],0.35,0.36,0.35,0.36,1.42,0.36,0.39,0.36,0.36,0.35
20260309B04,平均落札価格（TSO別）[円/kW・30分],3.51,2.61,3.06,5.81,1.43,1.16,1.77,3.6,1.74,2.34
20260309B04,落札量合計（TSO別）[MW],254.25,259.07,419.151,126.532,260.928,650.477,252.515,182.473,337.743,2743.139
20260309B04,（内訳）自エリアからの落札量[MW],126.806,191.07,419.151,29.758,260.928,650.477,240.725,182.473,337.743,2439.131
20260309B05,募集量（TSO別）[MW],136,490,760,0,249,726,360,270,448,3439
20260309B05,応札量合計（電源属地別）[MW],627.958,668.42,1215.986,21.653,249,745.989,327.458,169.473,587.791,4613.728
20260309B05,落札量合計（電源属地別）[MW],78.676,308.42,692.679,21.653,249,745.989,281.042,169.473,308.491,2855.423
20260309B05,応札件数（電源属地別）[件],11,7,42,11,2,12,9,5,18,117
20260309B05,落札件数（電源属地別）[件],6,7,36,11,2,12,9,5,16,104
20260309B05,最高落札価格（電源属地別）[円/kW・30分],8.01,19.51,19.51,19.51,0.91,19.51,19.51,19.49,19.51,19.51
20260309B05,最低落札価格（電源属地別）[円/kW・30分],2,1.43,0.36,19,0.9,0.36,0.36,0.36,0.36,0.36
20260309B05,平均落札価格（電源属地別）[円/kW・30分],5.5,3.02,1.64,19.43,0.91,1.09,0.91,3.77,1.81,1.89
20260309B05,最高落札価格（TSO別）[円/kW・30分],8.01,19.51,19.51,0,0.91,19.51,19.51,19.49,19.51,19.51
20260309B05,最低落札価格（TSO別）[円/kW・30分],0.36,0.36,0.36,0,0.9,0.36,0.36,0.36,0.36,0.36
20260309B05,平均落札価格（TSO別）[円/kW・30分],3.84,2.45,1.88,0,0.91,1.69,0.86,3.77,1.61,1.89
20260309B05,落札量合計（TSO別）[MW],136,360.42,583.355,0,240,732.694,275.74,169.473,357.741,2855.423
20260309B05,（内訳）自エリアからの落札量[MW],78.676,260.42,583.355,0,240,658.755,234.036,169.473,308.491,2533.206
20260309B06,募集量（TSO別）[MW],33,560,501,257,210,830,279,226,501,3397
20260309B06,応札量合計（電源属地別）[MW],303.318,658.42,1267.168,1310.89,210,747.839,329.447,132.473,584.852,5544.407
20260309B06,落札量合計（電源属地別）[MW],23,238.42,558.822,335.69,210,747.839,283.031,132.473,291.146,2820.421
20260309B06,応札件数（電源属地別）[件],11,7,37,14,2,13,10,4,16,114
20260309B06,落札件数（電源属地別）[件],3,7,33,12,2,13,10,4,16,100
20260309B06,最高落札価格（電源属地別）[円/kW・30分],4.2,19.51,19.51,19.51,1.26,19.51,19.51,19.51,19.51,19.51
20260309B06,最低落札価格（電源属地別）[円/kW・30分],0.36,1.43,0.35,0.42,1.25,0.36,1.1,0.36,0.36,0.35
20260309B06,平均落札価格（電源属地別）[円/kW・30分],1.22,3.85,3.04,2.01,1.26,1.27,2.25,2.95,2.04,2.18
20260309B06,最高落札価格（TSO別）[円/kW・30分],4.2,19.51,19.51,19.51,1.26,19.51,19.51,19.51,19.51,19.51
20260309B06,最低落札価格（TSO別）[円/kW・30分],0.36,0.35,0.36,0.36,0.42,0.36,0.42,0.36,0.36,0.35
20260309B06,平均落札価格（TSO別）[円/kW・30分],0.96,2.21,4.8,3.35,1.15,1.37,2.09,2.95,1.51,2.18
20260309B06,落札量合計（TSO別）[MW],33,449.42,337.822,193.234,202,807.891,226.729,132.473,437.852,2820.421
20260309B06,（内訳）自エリアからの落札量[MW],23,238.42,337.822,96.46,175.362,556.7,211.042,132.473,291.146,2062.425
20260309B07,募集量（TSO別）[MW],27,409,520,93,120,685,233,124,359,2570
20260309B07,応札量合計（電源属地別）[MW],327.968,468.42,796.84,1137.528,120,839.239,843.086,134.473,478.973,5146.527
20260309B07,落札量合計（電源属地別）[MW],48.303,187.42,468.04,497.24,120,323.34,329.213,134.473,226.696,2334.725
20260309B07,応札件数（電源属地別）[件],8,6,38,14,1,14,15,6,17,119
20260309B07,落札件数（電源属地別）[件],2,6,37,12,1,14,14,6,15,107
20260309B07,最高落札価格（電源属地別）[円/kW・30分],4.52,19.51,19.51,19.47,1.55,19.47,19.51,19.49,19.51,19.51
20260309B07,最低落札価格（電源属地別）[円/kW・30分],0.95,1.37,0.35,0.85,1.55,0.36,2.86,0.36,0.36,0.35
20260309B07,平均落札価格（電源属地別）[円/kW・30分],2.6,3.5,6.34,3.09,1.55,2.74,4.38,3.27,2.84,3.8
20260309B07,最高落札価格（TSO別）[円/kW・30分],4.52,19.51,19.51,19.47,5.02,19.51,5.02,19.49,19.51,19.51
20260309B07,最低落札価格（TSO別）[円/kW・30分],0.95,0.35,0.36,0.85,1.55,0.36,0.85,0.36,0.36,0.35
20260309B07,平均落札価格（TSO別）[円/kW・30分],1.08,3.39,7.06,4.63,2.8,3.32,3.65,3.27,2.16,3.8
20260309B07,落札量合計（TSO別）[MW],27,288.42,388.343,93,111,701.486,233,134.473,358.003,2334.725
20260309B07,（内訳）自エリアからの落札量[MW],27,187.42,388.343,93,71,323.34,219.03,134.473,226.696,1670.302
20260309B08,募集量（TSO別）[MW],39,130,480,19,118,588,227,113,319,2033
20260309B08,応札量合計（電源属地別）[MW],353.868,468.42,539.48,506.539,118,747.839,843.086,120.473,377.541,4075.246
20260309B08,落札量合計（電源属地別）[MW],39,168.42,388.18,497.24,118,254.34,326.293,116,224.679,2132.152
20260309B08,応札件数（電源属地別）[件],9,6,35,14,1,13,15,7,14,114
20260309B08,落札件数（電源属地別）[件],3,6,33,12,1,13,14,7,13,102
20260309B08,最高落札価格（電源属地別）[円/kW・30分],6,19.51,19.51,19.51,0.96,19.51,19.51,5.55,19.51,19.51
20260309B08,最低落札価格（電源属地別）[円/kW・30分],0.79,1.43,0.36,1.16,0.96,0.36,1.42,0.36,0.36,0.36
20260309B08,平均落札価格（電源属地別）[円/kW・30分],2.3,4.18,4.57,3.17,0.96,2.7,2.98,1.8,1.74,3.06
20260309B08,最高落札価格（TSO別）[円/kW・30分],6,19.51,19.51,4.92,0.96,19.51,4.92,5.55,19.51,19.51
20260309B08,最低落札価格（TSO別）[円/kW・30分],0.79,1.43,0.36,1.16,0.96,0.36,1.42,0.36,0.36,0.36
20260309B08,平均落札価格（TSO別）[円/kW・30分],2.3,4.18,4.57,3.87,0.96,2.77,2.49,1.8,2.32,3.06
20260309B08,落札量合計（TSO別）[MW],39,168.42,388.18,177.758,98,588,227,116,329.794,2132.152
20260309B08,（内訳）自エリアからの落札量[MW],39,168.42,388.18,177.758,98,254.34,220.08,116,224.679,1686.457
20260310B01,募集量（TSO別）[MW],18,260,273,0,105,398,206,91,225,1576
20260310B01,応札量合計（電源属地別）[MW],334.068,453.92,438.532,473.204,105,723.093,570.563,102.543,275.741,3476.664
20260310B01,落札量合計（電源属地別）[MW],18,153.92,362.132,465.904,105,229.594,264.293,91,130.741,1820.584
20260310B01,応札件数（電源属地別）[件],9,5,24,8,1,7,8,6,12,80
20260310B01,落札件数（電源属地別）[件],3,5,23,7,1,7,7,6,11,70
20260310B01,最高落札価格（電源属地別）[円/kW・30分],1.85,19.51,19.51,19.37,0.35,18.96,2.67,6.68,19.51,19.51
20260310B01,最低落札価格（電源属地別）[円/kW・30分],1,1.43,0.36,2.16,0.35,0.36,0.5,0.36,0.36,0.35
20260310B01,平均落札価格（電源属地別）[円/kW・30分],1.09,3.36,3.43,2.76,0.35,2.06,2.08,1.14,2.16,2.48
20260310B01,最高落札価格（TSO別）[円/kW・30分],1.85,19.51,19.51,2.87,0.35,19.37,2.67,6.68,19.51,19.51
20260310B01,最低落札価格（TSO別）[円/kW・30分],1,1.43,0.36,2.16,0.35,0.35,0.5,0.36,0.36,0.35
20260310B01,平均落札価格（TSO別）[円/kW・30分],1.09,2.8,4.01,2.56,0.35,2.45,1.99,1.14,2.23,2.48
20260310B01,落札量合計（TSO別）[MW],18,255.92,260.132,312.971,94,398,206.07,91,184.491,1820.584
20260310B01,（内訳）自エリアからの落札量[MW],18,153.92,260.132,312.971,94,229.594,206.07,91,130.741,1496.428
20260310B02,募集量（TSO別）[MW],38,354,336,0,101,537,204,92,328,1990
20260310B02,応札量合計（電源属地別）[MW],327.558,468.42,297.35,482.982,101,845.639,577.324,105.473,373.841,3579.587
20260310B02,落札量合計（電源属地別）[MW],30,178.04,274.05,475.682,101,323.34,271.054,105.473,178.841,1937.48
20260310B02,応札件数（電源属地別）[件],10,6,33,13,1,14,12,6,12,107
20260310B02,落札件数（電源属地別）[件],4,6,33,12,1,14,11,6,10,97
20260310B02,最高落札価格（電源属地別）[円/kW・30分],4,19.51,19.51,18.99,0.35,18.99,19.51,18.89,19.51,19.51
20260310B02,最低落札価格（電源属地別）[円/kW・30分],1.5,1.43,0.35,2.14,0.35,0.36,0.89,0.36,0.36,0.35
20260310B02,平均落札価格（電源属地別）[円/kW・30分],3.57,4.35,3.77,3.17,0.35,2.94,2.85,3.32,1.57,3
20260310B02,最高落札価格（TSO別）[円/kW・30分],4,19.51,19.51,3.04,0.35,18.99,3.06,6.73,19.51,19.51
20260310B02,最低落札価格（TSO別）[円/kW・30分],1.5,0.35,0.36,2.14,0.35,0.35,0.89,0.36,0.36,0.35
20260310B02,平均落札価格（TSO別）[円/kW・30分],3.29,2.64,7.73,2.68,0.35,3.09,2.35,1.4,3.09,3
20260310B02,落札量合計（TSO別）[MW],38,322.42,121.67,135.808,87,590.743,204,92,345.839,1937.48
20260310B02,（内訳）自エリアからの落札量[MW],30,178.04,121.67,135.808,87,323.34,204,92,178.841,1350.699
20260310B03,募集量（TSO別）[MW],84,503,490,217,164,703,341,181,503,3186
20260310B03,応札量合計（電源属地別）[MW],364.458,728.42,1285.594,245.658,165.994,747.839,548.557,126.473,570.045,4783.038
20260310B03,落札量合計（電源属地別）[MW],45.215,308.42,507.416,245.658,164,594.552,354.592,126.473,329.727,2676.053
20260310B03,応札件数（電源属地別）[件],11,7,43,12,3,13,14,5,16,124
20260310B03,落札件数（電源属地別）[件],4,7,38,12,2,13,13,5,14,108
20260310B03,最高落札価格（電源属地別）[円/kW・30分],4.28,19.51,19.51,19.51,1.27,19.51,19.51,19.51,19.51,19.51
20260310B03,最低落札価格（電源属地別）[円/kW・30分],3.33,1.34,0.36,3.08,1.06,0.36,0.99,0.36,0.36,0.36
20260310B03,平均落札価格（電源属地別）[円/kW・30分],3.79,2.94,3.79,4.51,1.14,1.4,1.95,3.49,1.56,2.53
20260310B03,最高落札価格（TSO別）[円/kW・30分],4.28,19.51,19.51,19.51,1.27,19.51,19.51,19.51,19.51,19.51
20260310B03,最低落札価格（TSO別）[円/kW・30分],0.36,0.36,0.36,0.36,1.06,0.36,0.99,0.36,0.36,0.36
20260310B03,平均落札価格（TSO別）[円/kW・30分],2.21,2.22,5.33,3.98,1.13,1.65,1.99,3.49,1.89,2.53
20260310B03,落札量合計（TSO別）[MW],84,426.42,350.631,172.437,134,616.891,316.086,126.473,449.115,2676.053
20260310B03,（内訳）自エリアからの落札量[MW],45.215,308.42,350.631,106.846,134,528.961,316.086,126.473,329.727,2246.359
20260310B04,募集量（TSO別）[MW],251,390,582,252,291,778,560,271,439,3814
20260310B04,応札量合計（電源属地別）[MW],503.068,537.07,1168.718,30.158,247,751.969,399.842,245.473,684.819,4568.117
20260310B04,落札量合計（電源属地別）[MW],128.556,237.07,568.595,30.158,247,751.969,399.842,245.473,335.819,2944.482
20260310B04,応札件数（電源属地別）[件],11,5,43,11,2,13,11,5,16,117
20260310B04,落札件数（電源属地別）[件],3,5,39,11,2,13,11,5,15,104
20260310B04,最高落札価格（電源属地別）[円/kW・30分],7.1,19.51,19.51,19.51,1.64,19.51,19.51,19.51,19.51,19.51
20260310B04,最低落札価格（電源属地別）[円/kW・30分],1.89,1.43,0.35,19.29,1.43,0.36,0.39,0.36,0.36,0.35
20260310B04,平均落札価格（電源属地別）[円/kW・30分],4.34,3.69,2.35,19.41,1.52,1.21,1.3,2.8,1.58,2.17
20260310B04,最高落札価格（TSO別）[円/kW・30分],7.1,19.51,19.51,19.51,1.64,19.51,19.51,19.51,19.51,19.51
20260310B04,最低落札価格（TSO別）[円/kW・30分],0.35,0.36,0.35,0.36,1.43,0.36,0.39,0.36,0.36,0.35
20260310B04,平均落札価格（TSO別）[円/kW・30分],3.2,2.58,3.06,4.9,1.51,1.34,1.3,2.8,1.58,2.17
20260310B04,落札量合計（TSO別）[MW],256,259.07,419.151,126.932,232.468,670.477,399.092,245.473,335.819,2944.482
20260310B04,（内訳）自エリアからの落札量[MW],128.556,155.07,419.151,30.158,232.468,657.477,399.092,245.473,335.819,2603.264
20260310B05,募集量（TSO別）[MW],136,490,760,0,249,726,360,270,448,3439
20260310B05,応札量合計（電源属地別）[MW],450.058,525.85,1157.344,19.658,247,745.989,357.674,43.473,631.067,4178.113
20260310B05,落札量合計（電源属地別）[MW],78.676,225.85,749.324,19.658,247,745.989,352.781,43.473,230.017,2692.768
20260310B05,応札件数（電源属地別）[件],10,4,35,10,2,12,11,4,16,104
20260310B05,落札件数（電源属地別）[件],6,4,30,10,2,12,11,4,13,92
20260310B05,最高落札価格（電源属地別）[円/kW・30分],5.07,19.51,19.51,19.51,1.11,19.51,19.51,19.49,19.51,19.51
20260310B05,最低落札価格（電源属地別）[円/kW・30分],1.77,1.79,0.36,19.47,0.91,0.36,0.36,8.9,0.36,0.36
20260310B05,平均落札価格（電源属地別）[円/kW・30分],4.07,3.74,1.37,19.48,0.99,1.09,0.84,13.7,1.92,1.84
20260310B05,最高落札価格（TSO別）[円/kW・30分],5.07,19.51,19.51,0,1.11,19.51,19.51,19.49,19.51,19.51
20260310B05,最低落札価格（TSO別）[円/kW・30分],1.77,0.36,0.36,0,0.91,0.36,0.36,8.9,0.36,0.36
20260310B05,平均落札価格（TSO別）[円/kW・30分],3.29,2.12,1.77,0,0.99,1.63,0.92,13.7,1.42,1.84
20260310B05,落札量合計（TSO別）[MW],136,347.85,570,0,240,730.699,277.729,43.473,347.017,2692.768
20260310B05,（内訳）自エリアからの落札量[MW],78.676,157.85,559.324,0,240,696.96,249.414,43.473,230.017,2255.714
20260310B06,募集量（TSO別）[MW],33,560,501,257,210,830,279,226,501,3397
20260310B06,応札量合計（電源属地別）[MW],359.418,658.42,1237.14,1310.39,210,593.839,290.932,181.473,552.017,5393.629
20260310B06,落札量合計（電源属地別）[MW],23,238.42,558.692,356.657,210,593.839,290.932,181.473,447.684,2900.697
20260310B06,応札件数（電源属地別）[件],11,7,37,14,2,13,11,5,16,116
20260310B06,落札件数（電源属地別）[件],4,7,33,13,2,13,11,5,16,104
20260310B06,最高落札価格（電源属地別）[円/kW・30分],4.1,19.51,19.51,19.51,1.47,19.51,19.51,19.51,19.51,19.51
20260310B06,最低落札価格（電源属地別）[円/kW・30分],0.8,1.43,0.35,1.1,1.26,0.36,0.78,0.36,0.36,0.35
20260310B06,平均落札価格（電源属地別）[円/kW・30分],1.55,3.4,3.04,2.54,1.32,1.36,1.6,2.39,1.69,2.13
20260310B06,最高落札価格（TSO別）[円/kW・30分],4.1,19.51,19.51,19.51,1.47,19.51,19.51,19.51,19.51,19.51
20260310B06,最低落札価格（TSO別）[円/kW・30分],0.36,0.35,0.36,0.78,0.83,0.36,0.78,0.36,0.36,0.35
20260310B06,平均落札価格（TSO別）[円/kW・30分],1.19,1.97,4.79,4.44,1.32,1.28,1.79,2.39,1.7,2.13
20260310B06,落札量合計（TSO別）[MW],33,449.42,337.692,149.475,202,884.891,226.729,181.473,436.017,2900.697
20260310B06,（内訳）自エリアからの落札量[MW],23,238.42,337.692,95.96,174,593.839,226.729,181.473,436.017,2307.13
20260310B07,募集量（TSO別）[MW],27,409,520,93,120,685,233,124,359,2570
20260310B07,応札量合計（電源属地別）[MW],352.968,468.42,571.496,940.254,120,747.839,845.075,134.473,473.684,4654.209
20260310B07,落札量合計（電源属地別）[MW],48.303,187.42,391.996,497.24,120,254.34,331.202,134.473,224.174,2189.148
20260310B07,応札件数（電源属地別）[件],9,6,37,14,1,13,16,6,14,116
20260310B07,落札件数（電源属地別）[件],5,6,36,12,1,13,15,6,12,106
20260310B07,最高落札価格（電源属地別）[円/kW・30分],4.19,19.51,19.51,19.47,1.55,19.47,19.51,19.49,19.5,19.51
20260310B07,最低落札価格（電源属地別）[円/kW・30分],1.1,0.66,0.35,1.78,1.55,0.36,2.39,0.36,0.36,0.35
20260310B07,平均落札価格（電源属地別）[円/kW・30分],2.56,2.78,6.45,3.44,1.55,2.98,3.99,3.39,2.42,3.72
20260310B07,最高落札価格（TSO別）[円/kW・30分],4.19,19.51,19.51,19.47,4.55,19.47,19.51,19.49,19.5,19.51
20260310B07,最低落札価格（TSO別）[円/kW・30分],1.1,0.35,0.36,4.59,1.55,0.36,1.55,0.36,0.36,0.35
20260310B07,平均落札価格（TSO別）[円/kW・30分],1.28,2.69,7.57,9.22,2.63,2.53,4.1,3.39,2.9,3.72
20260310B07,落札量合計（TSO別）[MW],27,288.67,312.049,62.928,111,685,216.314,134.473,351.714,2189.148
20260310B07,（内訳）自エリアからの落札量[MW],27,187.42,312.049,62.928,71,250.449,198.443,134.473,224.174,1467.936
20260310B08,募集量（TSO別）[MW],39,130,483,19,118,588,227,113,319,2036
20260310B08,応札量合計（電源属地別）[MW],378.868,468.42,325.799,506.539,118,593.839,846.075,120.473,377.541,3735.554
20260310B08,落札量合計（電源属地別）[MW],39,168.42,174.499,497.24,118,253.627,329.282,116,224.679,1920.747
20260310B08,応札件数（電源属地別）[件],10,6,31,14,1,13,17,7,14,113
20260310B08,落札件数（電源属地別）[件],3,6,29,12,1,13,16,7,13,100
20260310B08,最高落札価格（電源属地別）[円/kW・30分],4.52,19.51,19.51,19.51,0.96,19.51,19.51,5.16,19.51,19.51
20260310B08,最低落札価格（電源属地別）[円/kW・30分],0.79,1.43,0.36,2.45,0.96,0.36,1.11,0.36,0.36,0.36
20260310B08,平均落札価格（電源属地別）[円/kW・30分],2.3,3.86,6.52,3.57,0.96,2.7,2.8,1.84,1.74,3.11
20260310B08,最高落札価格（TSO別）[円/kW・30分],4.52,19.51,19.51,3.76,0.96,19.51,3.27,5.16,19.51,19.51
20260310B08,最低落札価格（TSO別）[円/kW・30分],0.79,1.43,0.36,2.45,0.96,0.36,1.11,0.36,0.36,0.36
20260310B08,平均落札価格（TSO別）[円/kW・30分],2.3,3.86,6.52,3.37,0.96,3.04,2.11,1.84,2.81,3.11
20260310B08,落札量合計（TSO別）[MW],39,168.42,174.499,158.1,98,607.658,227,116,332.07,1920.747
20260310B08,（内訳）自エリアからの落札量[MW],39,168.42,174.499,158.1,98,214.736,220.08,116,224.679,1413.514
20260311B01,募集量（TSO別）[MW],18,260,276,0,105,398,206,91,225,1579
20260311B01,応札量合計（電源属地別）[MW],334.068,468.42,128.046,484.604,105,519.818,571.563,102.543,375.741,3089.803
20260311B01,落札量合計（電源属地別）[MW],18,194.02,128.046,477.304,105,179.606,265.293,91,130.741,1589.01
20260311B01,応札件数（電源属地別）[件],9,6,21,9,1,5,9,6,13,79
20260311B01,落札件数（電源属地別）[件],2,6,21,8,1,5,8,6,11,68
20260311B01,最高落札価格（電源属地別）[円/kW・30分],1.1,19.51,19.51,19.37,0.35,18.96,19.51,6.67,19.51,19.51
20260311B01,最低落札価格（電源属地別）[円/kW・30分],1,1.43,0.35,2.2,0.35,0.36,0.51,0.36,0.36,0.35
20260311B01,平均落札価格（電源属地別）[円/kW・30分],1.01,4.03,4.8,2.82,0.35,0.75,2.16,1.15,2.16,2.45
20260311B01,最高落札価格（TSO別）[円/kW・30分],1.1,19.51,19.51,2.79,0.35,19.51,19.51,6.67,19.51,19.51
20260311B01,最低落札価格（TSO別）[円/kW・30分],1,0.35,0.36,2.2,0.35,0.36,0.51,0.36,0.36,0.35
20260311B01,平均落札価格（TSO別）[円/kW・30分],1.01,2.99,11.39,2.52,0.35,2.02,2.05,1.15,2.3,2.45
20260311B01,落札量合計（TSO別）[MW],18,270.42,51.646,297.959,105,373.184,206.06,91,175.741,1589.01
20260311B01,（内訳）自エリアからの落札量[MW],18,194.02,51.646,297.959,105,179.606,206.06,91,130.741,1274.032
20260311B02,募集量（TSO別）[MW],38,354,339,0,101,537,204,92,328,1993
20260311B02,応札量合計（電源属地別）[MW],327.558,468.42,254.09,493.982,101,593.839,578.324,105.473,393.841,3316.527
20260311B02,落札量合計（電源属地別）[MW],37.178,187.42,230.79,486.682,101,253.627,272.054,105.473,178.841,1853.065
20260311B02,応札件数（電源属地別）[件],10,6,30,13,1,13,13,6,13,105
20260311B02,落札件数（電源属地別）[件],6,6,30,12,1,13,12,6,10,96
20260311B02,最高落札価格（電源属地別）[円/kW・30分],4.55,19.51,19.51,18.99,0.35,18.99,19.51,18.89,19.51,19.51
20260311B02,最低落札価格（電源属地別）[円/kW・30分],1.5,1.43,0.35,2.27,0.35,0.36,0.9,0.36,0.36,0.35
20260311B02,平均落札価格（電源属地別）[円/kW・30分],3.83,3.95,3.87,3.23,0.35,2.67,2.92,3.32,1.57,2.96
20260311B02,最高落札価格（TSO別）[円/kW・30分],4.55,19.51,19.51,2.95,0.35,18.99,3.06,6.73,19.51,19.51
20260311B02,最低落札価格（TSO別）[円/kW・30分],1.41,0.35,0.36,2.86,0.35,0.35,0.9,0.36,0.36,0.35
20260311B02,平均落札価格（TSO別）[円/kW・30分],3.78,2.46,8.81,2.93,0.35,3,2.38,1.4,3.07,2.96
20260311B02,落札量合計（TSO別）[MW],38,322.42,94.968,58.806,87,612.235,204,92,343.636,1853.065
20260311B02,（内訳）自エリアからの落札量[MW],37.178,187.42,94.968,58.806,87,253.289,204,92,178.841,1193.502
20260311B03,募集量（TSO別）[MW],84,503,493,217,164,703,341,181,503,3189
20260311B03,応札量合計（電源属地別）[MW],364.458,728.42,1177.07,368.658,165.994,593.839,548.557,97.473,548.115,4592.584
20260311B03,落札量合計（電源属地別）[MW],45.215,308.42,493.416,368.658,164,593.839,346.645,97.473,274.115,2691.781
20260311B03,応札件数（電源属地別）[件],11,7,43,13,3,13,14,5,14,123
20260311B03,落札件数（電源属地別）[件],4,7,37,13,2,13,13,5,13,107
20260311B03,最高落札価格（電源属地別）[円/kW・30分],4.28,19.51,19.51,19.51,1.06,19.51,19.51,19.51,19.51,19.51
20260311B03,最低落札価格（電源属地別）[円/kW・30分],3.35,1.29,0.36,3.24,1.05,0.36,0.86,0.36,0.36,0.36
20260311B03,平均落札価格（電源属地別）[円/kW・30分],3.8,2.89,4.4,4.22,1.06,1.4,1.84,4.31,1.66,2.71
20260311B03,最高落札価格（TSO別）[円/kW・30分],4.28,19.51,19.51,19.51,1.06,19.51,19.51,19.51,19.51,19.51
20260311B03,最低落札価格（TSO別）[円/kW・30分],0.36,0.36,0.36,0.36,1.05,0.36,0.86,0.36,0.36,0.36
20260311B03,平均落札価格（TSO別）[円/kW・30分],2.21,2.19,6.28,3.94,1.06,2.33,1.79,4.31,1.3,2.71
20260311B03,落札量合計（TSO別）[MW],84,426.42,336.631,215.522,131,693.891,257.729,97.473,449.115,2691.781
20260311B03,（内訳）自エリアからの落札量[MW],45.215,308.42,336.631,149.931,131,414.813,253.292,97.473,274.115,2010.89
20260311B04,募集量（TSO別）[MW],251,390,581,252,291,778,560,271,439,3813
20260311B04,応札量合計（電源属地別）[MW],503.068,537.07,1144.033,30.158,268,597.969,417.688,189.93,683.019,4370.935
20260311B04,落札量合計（電源属地別）[MW],126.806,237.07,566.605,30.158,268,597.969,417.688,189.93,334.019,2768.245
20260311B04,応札件数（電源属地別）[件],11,5,42,11,2,13,11,5,15,115
20260311B04,落札件数（電源属地別）[件],3,5,39,11,2,13,11,5,14,103
20260311B04,最高落札価格（電源属地別）[円/kW・30分],4.75,19.51,19.51,19.51,1.43,19.51,19.51,19.51,19.51,19.51
20260311B04,最低落札価格（電源属地別）[円/kW・30分],2.11,1.43,0.35,19.29,1.42,0.36,0.36,0.36,0.36,0.35
20260311B04,平均落札価格（電源属地別）[円/kW・30分],4.34,3.72,2.29,19.41,1.43,1.42,1.11,3.22,1.49,2.21
20260311B04,最高落札価格（TSO別）[円/kW・30分],4.75,19.51,19.51,19.51,1.43,19.51,19.51,19.51,19.51,19.51
20260311B04,最低落札価格（TSO別）[円/kW・30分],0.35,0.35,0.35,0.36,1.42,0.36,0.36,0.36,0.36,0.35
20260311B04,平均落札価格（TSO別）[円/kW・30分],2.95,2.84,2.98,5.16,1.43,1.47,1.18,3.22,1.49,2.21
20260311B04,落札量合計（TSO別）[MW],254.25,259.07,417.161,126.932,251.458,571.245,364.18,189.93,334.019,2768.245
20260311B04,（内訳）自エリアからの落札量[MW],126.806,169.07,417.161,30.158,251.458,571.245,364.18,189.93,334.019,2454.027
20260311B05,募集量（TSO別）[MW],136,490,759,0,249,726,360,270,448,3438
20260311B05,応札量合計（電源属地別）[MW],454.058,538.42,999.384,19.658,249,593.839,417.688,169.473,686.067,4127.587
20260311B05,落札量合計（電源属地別）[MW],78.676,238.42,762.489,19.658,249,593.839,417.688,169.473,366.329,2895.572
20260311B05,応札件数（電源属地別）[件],10,6,41,10,2,13,11,5,17,115
20260311B05,落札件数（電源属地別）[件],6,6,37,10,2,13,11,5,15,105
20260311B05,最高落札価格（電源属地別）[円/kW・30分],5.07,19.51,19.51,19.51,0.91,19.51,19.51,19.49,19.51,19.51
20260311B05,最低落札価格（電源属地別）[円/kW・30分],1.95,1.43,0.36,19.47,0.9,0.36,0.36,0.36,0.36,0.36
20260311B05,平均落札価格（電源属地別）[円/kW・30分],4.11,3.83,1.52,19.48,0.91,1.29,0.73,3.76,1.4,1.8
20260311B05,最高落札価格（TSO別）[円/kW・30分],5.07,19.51,19.51,0,0.91,19.51,19.51,19.49,19.51,19.51
20260311B05,最低落札価格（TSO別）[円/kW・30分],1.85,0.36,0.36,0,0.9,0.36,0.36,0.36,0.36,0.36
20260311B05,平均落札価格（TSO別）[円/kW・30分],3.56,2.22,1.9,0,0.91,1.58,0.9,3.76,1.42,1.8
20260311B05,落札量合計（TSO別）[MW],136,360.42,583.165,0,240,774.768,277.729,169.473,354.017,2895.572
20260311B05,（内訳）自エリアからの落札量[MW],78.676,170.42,572.489,0,240,593.839,277.729,169.473,354.017,2456.643
20260311B06,募集量（TSO別）[MW],33,560,504,257,210,830,279,226,501,3400
20260311B06,応札量合計（電源属地別）[MW],359.418,658.42,1248.15,1310.39,210,593.839,274.078,137.473,552.017,5343.785
20260311B06,落札量合計（電源属地別）[MW],23,238.42,552.692,430.198,210,593.839,274.078,137.473,390.017,2849.717
20260311B06,応札件数（電源属地別）[件],11,7,37,14,2,13,10,5,16,115
20260311B06,落札件数（電源属地別）[件],4,7,33,13,2,13,10,5,16,103
20260311B06,最高落札価格（電源属地別）[円/kW・30分],4.1,19.51,19.51,19.51,1.26,19.51,19.51,19.51,19.51,19.51
20260311B06,最低落札価格（電源属地別）[円/kW・30分],0.8,1.43,0.35,0.64,1.25,0.36,0.75,0.36,0.36,0.35
20260311B06,平均落札価格（電源属地別）[円/kW・30分],1.55,3.88,4.69,2.04,1.26,1.36,1.58,3.03,1.74,2.47
20260311B06,最高落札価格（TSO別）[円/kW・30分],4.1,19.51,19.51,19.51,1.52,19.51,19.51,19.51,19.51,19.51
20260311B06,最低落札価格（TSO別）[円/kW・30分],0.36,0.35,0.36,0.64,0.36,0.36,0.75,0.36,0.36,0.35
20260311B06,平均落札価格（TSO別）[円/kW・30分],1.19,2.23,7.58,4.34,1.13,1.23,1.57,3.03,1.7,2.47
20260311B06,落札量合計（TSO別）[MW],33,449.42,331.692,148.495,202,884.891,226.729,137.473,436.017,2849.717
20260311B06,（内訳）自エリアからの落札量[MW],23,238.42,331.692,95.96,144,535.34,226.729,137.473,378.35,2110.964
20260311B07,募集量（TSO別）[MW],27,409,523,93,120,685,233,124,359,2573
20260311B07,応札量合計（電源属地別）[MW],352.968,468.42,833.954,1143.33,120,747.839,846.075,134.473,468.173,5115.232
20260311B07,落札量合計（電源属地別）[MW],26,168.42,517.414,497.24,120,254.34,332.202,134.473,218.663,2268.752
20260311B07,応札件数（電源属地別）[件],9,6,40,14,1,13,17,6,15,121
20260311B07,落札件数（電源属地別）[件],4,6,37,12,1,13,16,6,13,108
20260311B07,最高落札価格（電源属地別）[円/kW・30分],4.5,19.51,19.51,19.47,1.55,19.47,19.51,19.49,19.51,19.51
20260311B07,最低落札価格（電源属地別）[円/kW・30分],1.07,1.43,0.36,0.88,1.55,0.36,2.32,0.36,0.36,0.36
20260311B07,平均落札価格（電源属地別）[円/kW・30分],1.25,4.1,4.81,3.01,1.55,2.98,3.97,3.14,2.84,3.53
20260311B07,最高落札価格（TSO別）[円/kW・30分],5.23,19.51,19.51,19.47,18.99,19.47,19.51,19.49,19.51,19.51
20260311B07,最低落札価格（TSO別）[円/kW・30分],1.07,1.43,0.36,0.88,0.88,0.36,1.55,0.36,0.36,0.36
20260311B07,平均落札価格（TSO別）[円/kW・30分],1.4,4.59,4.67,7.39,1.81,3.23,3.65,3.14,2.12,3.53
20260311B07,落札量合計（TSO別）[MW],27,288.42,396.414,57.699,112.85,685,220.693,134.473,346.203,2268.752
20260311B07,（内訳）自エリアからの落札量[MW],26,168.42,396.414,55.658,71,250.449,206.723,134.473,218.663,1527.8
20260311B08,募集量（TSO別）[MW],39,130,483,19,118,588,227,113,319,2036
20260311B08,応札量合計（電源属地別）[MW],378.868,468.42,387.377,499.239,118,747.839,846.075,120.473,341.741,3908.032
20260311B08,落札量合計（電源属地別）[MW],39,168.42,236.077,497.24,118,254.34,329.282,116,222.879,1981.238
20260311B08,応札件数（電源属地別）[件],10,6,30,13,1,13,17,7,12,109
20260311B08,落札件数（電源属地別）[件],3,6,28,12,1,13,16,7,11,97
20260311B08,最高落札価格（電源属地別）[円/kW・30分],4.52,19.51,19.51,19.51,0.96,19.51,19.51,5.77,19.51,19.51
20260311B08,最低落札価格（電源属地別）[円/kW・30分],0.79,1.43,0.36,3.04,0.96,0.36,1.04,0.36,0.36,0.36
20260311B08,平均落札価格（電源属地別）[円/kW・30分],2.3,4.35,4.25,4.24,0.96,2.7,2.73,1.74,1.53,3.12
20260311B08,最高落札価格（TSO別）[円/kW・30分],4.52,19.51,19.51,4.64,0.96,19.51,3.2,5.77,19.51,19.51
20260311B08,最低落札価格（TSO別）[円/kW・30分],0.79,1.43,0.36,3.04,0.96,0.36,1.04,0.36,0.36,0.36
20260311B08,平均落札価格（TSO別）[円/kW・30分],2.3,4.35,4.25,4.02,0.96,3.66,2.06,1.74,2.17,3.12
20260311B08,落札量合計（TSO別）[MW],39,168.42,236.077,177.758,98,588,227,116,330.983,1981.238
20260311B08,（内訳）自エリアからの落札量[MW],39,168.42,236.077,177.758,98,254.34,220.08,116,222.879,1532.554
20260312B01,募集量（TSO別）[MW],18,260,276,0,105,398,206,91,225,1579
20260312B01,応札量合計（電源属地別）[MW],309.068,441.35,115.011,511.304,105,673.818,553.709,102.543,341.741,3153.544
20260312B01,落札量合計（電源属地別）[MW],18,166.95,115.011,500.329,105,180.319,251.556,91,96.741,1524.906
20260312B01,応札件数（電源属地別）[件],8,3,14,10,1,5,7,6,12,66
20260312B01,落札件数（電源属地別）[件],2,3,14,10,1,5,6,6,10,57
20260312B01,最高落札価格（電源属地別）[円/kW・30分],1.1,19.51,19.51,19.37,0.35,18.96,2.59,6.69,19.51,19.51
20260312B01,最低落札価格（電源属地別）[円/kW・30分],1,2.19,0.35,1.54,0.35,0.36,0.43,0.36,0.36,0.35
20260312B01,平均落札価格（電源属地別）[円/kW・30分],1.01,3.04,4.26,3.03,0.35,0.75,2.09,1.14,2.74,2.36
20260312B01,最高落札価格（TSO別）[円/kW・30分],1.1,19.51,19.51,3.71,0.35,19.37,2.59,6.69,19.51,19.51
20260312B01,最低落札価格（TSO別）[円/kW・30分],1,0.35,0.36,2.41,0.35,0.35,0.43,0.36,0.36,0.35
20260312B01,平均落札価格（TSO別）[円/kW・30分],1.01,2.19,11.99,2.93,0.35,1.94,1.88,1.14,2.66,2.36
20260312B01,落札量合計（TSO別）[MW],18,243.35,38.611,317.971,94,373.677,172.556,91,175.741,1524.906
20260312B01,（内訳）自エリアからの落札量[MW],18,166.95,38.611,317.971,94,180.319,172.556,91,96.741,1176.148
20260312B02,募集量（TSO別）[MW],38,354,339,0,101,537,204,92,328,1993
20260312B02,応札量合計（電源属地別）[MW],277.558,455.85,198.084,479.822,101,694.774,554.709,105.473,373.841,3241.111
20260312B02,落札量合計（電源属地別）[MW],45,174.85,174.784,479.822,101,201.275,252.556,105.473,178.841,1713.601
20260312B02,応札件数（電源属地別）[件],8,4,19,11,1,9,8,6,12,78
20260312B02,落札件数（電源属地別）[件],7,4,19,11,1,9,7,6,10,74
20260312B02,最高落札価格（電源属地別）[円/kW・30分],4.55,19.51,19.51,18.99,0.35,18.99,19.2,18.89,19.51,19.51
20260312B02,最低落札価格（電源属地別）[円/kW・30分],1.5,1.95,0.35,2.22,0.35,0.36,0.86,0.36,0.36,0.35
20260312B02,平均落札価格（電源属地別）[円/kW・30分],4.16,4.03,3.82,3.11,0.35,1.46,2.58,3.32,1.57,2.72
20260312B02,最高落札価格（TSO別）[円/kW・30分],4.55,19.51,19.51,2.92,0.35,18.99,3.02,6.73,19.51,19.51
20260312B02,最低落札価格（TSO別）[円/kW・30分],1.5,0.35,0.36,2.22,0.35,0.35,0.86,0.36,0.36,0.35
20260312B02,平均落札価格（TSO別）[円/kW・30分],4.08,2.52,13.3,2.74,0.35,2.86,2.43,1.4,2.13,2.72
20260312B02,落札量合計（TSO別）[MW],38,309.85,46.784,129.031,87,511.186,204,92,295.75,1713.601
20260312B02,（内訳）自エリアからの落札量[MW],38,174.85,46.784,129.031,87,201.275,204,92,178.841,1151.781
20260312B03,募集量（TSO別）[MW],84,503,493,217,164,703,341,181,503,3189
20260312B03,応札量合計（電源属地別）[MW],314.458,715.85,1295.366,363.798,164,694.774,570.42,194.473,566.63,4879.769
20260312B03,落札量合計（電源属地別）[MW],45.215,295.85,470.643,363.798,164,541.487,418.566,157.473,272.63,2729.662
20260312B03,応札件数（電源属地別）[件],9,5,31,12,2,9,9,5,14,96
20260312B03,落札件数（電源属地別）[件],4,5,25,12,2,9,9,5,12,83
20260312B03,最高落札価格（電源属地別）[円/kW・30分],4.28,19.51,19.51,19.5,1.27,19.51,19.2,19.51,19.51,19.51
20260312B03,最低落札価格（電源属地別）[円/kW・30分],3.44,1.28,0.36,3.21,1.05,0.36,0.93,0.36,0.36,0.36
20260312B03,平均落札価格（電源属地別）[円/kW・30分],3.85,2.82,4.11,4.13,1.13,0.81,1.97,2.79,1.56,2.48
20260312B03,最高落札価格（TSO別）[円/kW・30分],4.28,19.51,19.51,3.48,1.27,19.51,3.32,19.51,19.51,19.51
20260312B03,最低落札価格（TSO別）[円/kW・30分],0.36,0.36,0.36,0.36,1.05,0.36,0.93,0.36,0.36,0.36
20260312B03,平均落札価格（TSO別）[円/kW・30分],2.24,2.12,5.99,2.44,1.14,2.36,1.89,2.79,1.34,2.48
20260312B03,落札量合計（TSO別）[MW],84,413.85,313.858,215.864,140,612.821,341,157.473,450.796,2729.662
20260312B03,（内訳）自エリアからの落札量[MW],45.215,295.85,313.858,150.273,140,355.144,317.973,157.473,272.63,2048.416
20260312B04,募集量（TSO別）[MW],251,390,807,252,291,778,560,271,439,4039
20260312B04,応札量合計（電源属地別）[MW],433.068,524.5,1258.87,28.298,221,698.904,483.174,284.473,681.469,4613.756
20260312B04,落札量合計（電源属地別）[MW],127.556,224.5,771.822,28.298,221,698.904,483.174,284.473,332.469,3172.196
20260312B04,応札件数（電源属地別）[件],9,3,32,10,2,9,7,5,14,91
20260312B04,落札件数（電源属地別）[件],3,3,28,10,2,9,7,5,13,80
20260312B04,最高落札価格（電源属地別）[円/kW・30分],4.75,17.54,19.51,19.5,1.64,19.51,19.2,19.51,19.51,19.51
20260312B04,最低落札価格（電源属地別）[円/kW・30分],1.77,1.77,0.35,19.29,1.42,0.36,0.38,0.36,0.36,0.35
20260312B04,平均落札価格（電源属地別）[円/kW・30分],4.29,3.62,1.53,19.41,1.52,0.74,1.1,2.43,1.41,1.78
20260312B04,最高落札価格（TSO別）[円/kW・30分],4.75,17.54,19.51,19.51,1.64,19.51,19.2,19.51,19.51,19.51
20260312B04,最低落札価格（TSO別）[円/kW・30分],0.35,0.35,0.35,0.36,1.42,0.36,0.38,0.36,0.36,0.35
20260312B04,平均落札価格（TSO別）[円/kW・30分],2.91,2.72,1.81,5.61,1.52,0.67,1.06,2.62,1.41,1.78
20260312B04,落札量合計（TSO別）[MW],255,246.5,622.378,125.072,211.718,685.908,432.678,260.473,332.469,3172.196
20260312B04,（内訳）自エリアからの落札量[MW],127.556,156.5,622.378,28.298,211.718,604.412,432.678,260.473,332.469,2776.482
20260312B05,募集量（TSO別）[MW],136,490,985,0,249,726,360,270,448,3664
20260312B05,応札量合計（電源属地別）[MW],409.058,525.85,1110.93,15.81,221,694.774,483.174,43.473,681.479,4185.548
20260312B05,落札量合計（電源属地別）[MW],78.676,225.85,978.382,15.81,221,694.774,390.897,43.473,234.346,2883.208
20260312B05,応札件数（電源属地別）[件],9,4,29,8,2,9,7,4,14,86
20260312B05,落札件数（電源属地別）[件],6,4,28,8,2,9,7,4,12,80
20260312B05,最高落札価格（電源属地別）[円/kW・30分],5.07,19.51,19.51,19.5,1.11,19.51,19.2,19.49,19.51,19.51
20260312B05,最低落札価格（電源属地別）[円/kW・30分],2,1.93,0.36,19.47,0.9,0.36,0.36,8.91,0.36,0.36
20260312B05,平均落札価格（電源属地別）[円/kW・30分],4.14,3.91,1.45,19.48,1,0.62,0.56,13.72,1.58,1.65
20260312B05,最高落札価格（TSO別）[円/kW・30分],5.07,19.51,19.51,0,1.11,19.51,19.2,19.49,19.51,19.51
20260312B05,最低落札価格（TSO別）[円/kW・30分],1.93,0.36,0.36,0,0.36,0.36,0.36,8.91,0.36,0.36
20260312B05,平均落札価格（TSO別）[円/kW・30分],3.4,2.27,1.71,0,0.95,1.11,0.52,13.72,1.17,1.65
20260312B05,落札量合計（TSO別）[MW],136,358.526,788.382,0,240,675.636,290.712,43.473,350.479,2883.208
20260312B05,（内訳）自エリアからの落札量[MW],78.676,168.526,788.382,0,221,560.042,278.113,43.473,234.346,2372.558
20260312B06,募集量（TSO別）[MW],33,560,558,257,210,830,279,226,501,3454
20260312B06,応札量合計（電源属地別）[MW],299.418,645.85,1274.425,1223.492,210,675.816,483.174,43.473,548.479,5404.127
20260312B06,落札量合計（電源属地別）[MW],23,225.85,678.909,331.342,210,628.515,390.897,43.473,217.479,2749.465
20260312B06,応札件数（電源属地別）[件],9,5,27,12,2,6,7,4,14,86
20260312B06,落札件数（電源属地別）[件],2,5,24,10,2,6,7,4,12,72
20260312B06,最高落札価格（電源属地別）[円/kW・30分],4.18,19.51,19.51,19.5,1.47,19.5,19.2,19.51,19.51,19.51
20260312B06,最低落札価格（電源属地別）[円/kW・30分],0.8,2.21,0.35,0.65,1.25,0.36,0.72,1.7,0.36,0.35
20260312B06,平均落札価格（電源属地別）[円/kW・30分],2.27,4.04,3.61,2,1.34,0.64,1.56,8.8,1.85,2.24
20260312B06,最高落札価格（TSO別）[円/kW・30分],4.18,19.51,19.51,19.5,2.33,19.5,19.2,19.51,19.51,19.51
20260312B06,最低落札価格（TSO別）[円/kW・30分],0.36,0.35,0.36,0.36,0.65,0.36,0.72,1.7,0.36,0.35
20260312B06,平均落札価格（TSO別）[円/kW・30分],1.69,2.26,5.18,3.04,1.33,0.91,1.51,8.8,1.2,2.24
20260312B06,落札量合計（TSO別）[MW],33,436.85,457.909,188.886,202,735.868,219,43.473,432.479,2749.465
20260312B06,（内訳）自エリアからの落札量[MW],23,225.85,457.909,92.112,176,416.142,206.61,43.473,217.479,1858.575
20260312B07,募集量（TSO別）[MW],27,409,523,93,120,685,233,124,359,2573
20260312B07,応札量合計（電源属地別）[MW],259.968,455.85,882.058,499.58,120,767.216,767.779,122.93,396.686,4272.067
20260312B07,落札量合計（電源属地別）[MW],26,155.85,544.383,495.38,120,251.317,325.441,122.93,244.409,2285.71
20260312B07,応札件数（電源属地別）[件],6,4,28,12,1,7,12,5,12,87
20260312B07,落札件数（電源属地別）[件],2,4,25,11,1,7,12,5,11,78
20260312B07,最高落札価格（電源属地別）[円/kW・30分],4.19,19.51,19.51,19.47,1.54,19.47,19.2,19.49,19.49,19.51
20260312B07,最低落札価格（電源属地別）[円/kW・30分],0.83,2.16,0.36,0.83,1.54,0.36,2.12,0.36,0.36,0.36
20260312B07,平均落札価格（電源属地別）[円/kW・30分],2.12,4.5,5.43,2.88,1.54,2.34,3.48,2.36,2.3,3.45
20260312B07,最高落札価格（TSO別）[円/kW・30分],9.7,19.51,19.51,19.47,4.17,19.49,4.84,19.49,2.46,19.51
20260312B07,最低落札価格（TSO別）[円/kW・30分],0.83,2.16,0.36,0.83,1.54,0.36,2.12,0.36,0.36,0.36
20260312B07,平均落札価格（TSO別）[円/kW・30分],2.4,5.28,5.18,4.47,2.39,3.04,3.19,2.36,1.44,3.45
20260312B07,落札量合計（TSO別）[MW],27,275.85,423.383,93,111,640.547,233,122.93,359,2285.71
20260312B07,（内訳）自エリアからの落札量[MW],26,155.85,423.383,93,71,251.317,219.03,122.93,228.693,1591.203
20260312B08,募集量（TSO別）[MW],39,130,483,19,118,588,227,113,319,2036
20260312B08,応札量合計（電源属地別）[MW],270.668,455.85,518.203,493.452,118,675.816,767.779,108.93,341.752,3750.45
20260312B08,落札量合計（電源属地別）[MW],39,155.85,366.903,493.452,118,182.317,329.411,108.93,270.752,2064.615
20260312B08,応札件数（電源属地別）[件],6,4,20,10,1,6,12,6,11,76
20260312B08,落札件数（電源属地別）[件],2,4,18,10,1,6,12,6,11,70
20260312B08,最高落札価格（電源属地別）[円/kW・30分],4.52,19.51,19.51,19.47,0.96,19.5,19.2,5.65,19.51,19.51
20260312B08,最低落札価格（電源属地別）[円/kW・30分],0.79,2.57,0.36,2.78,0.96,0.36,0.93,0.36,0.36,0.36
20260312B08,平均落札価格（電源属地別）[円/kW・30分],2.32,4.92,3.15,3.87,0.96,1,2.28,1.3,1.24,2.64
20260312B08,最高落札価格（TSO別）[円/kW・30分],4.52,19.51,19.51,4.4,0.96,19.5,3.1,5.65,19.51,19.51
20260312B08,最低落札価格（TSO別）[円/kW・30分],0.79,2.57,0.36,2.78,0.96,0.36,0.93,0.36,0.36,0.36
20260312B08,平均落札価格（TSO別）[円/kW・30分],2.32,4.92,3.15,3.73,0.96,2.92,1.89,1.3,1.51,2.64
20260312B08,落札量合計（TSO別）[MW],39,155.85,366.903,182.031,118,543.273,227,108.93,323.628,2064.615
20260312B08,（内訳）自エリアからの落札量[MW],39,155.85,366.903,182.031,118,182.317,227,108.93,270.752,1650.783
20260313B01,募集量（TSO別）[MW],18,260,276,0,105,398,206,91,225,1579
20260313B01,応札量合計（電源属地別）[MW],240.668,441.35,111.842,5.376,105,673.818,482.174,91,273.752,2424.98
20260313B01,落札量合計（電源属地別）[MW],18,243.35,35.442,5.376,105,288.87,251.556,91,173.752,1212.346
20260313B01,応札件数（電源属地別）[件],5,3,12,3,1,5,6,5,11,51
20260313B01,落札件数（電源属地別）[件],4,3,11,3,1,5,6,5,11,49
20260313B01,最高落札価格（電源属地別）[円/kW・30分],4.6,19.51,19.51,18.99,0.35,18.96,2.35,6.19,19.51,19.51
20260313B01,最低落札価格（電源属地別）[円/kW・30分],1.1,2.15,0.36,18.99,0.35,0.36,0.36,0.36,0.36,0.35
20260313B01,平均落札価格（電源属地別）[円/kW・30分],3.25,2.73,11.4,18.99,0.35,0.6,1.87,1.46,1.5,1.9
20260313B01,最高落札価格（TSO別）[円/kW・30分],4.6,19.51,19.51,0,0.35,18.99,2.35,6.19,19.51,19.51
20260313B01,最低落札価格（TSO別）[円/kW・30分],1.1,2.15,0.36,0,0.35,0.36,0.36,0.36,0.36,0.35
20260313B01,平均落札価格（TSO別）[円/kW・30分],3.25,2.73,11.4,0,0.35,0.95,1.79,1.46,1.65,1.9
20260313B01,落札量合計（TSO別）[MW],18,243.35,35.442,0,105,296.771,206.06,91,216.723,1212.346
20260313B01,（内訳）自エリアからの落札量[MW],18,243.35,35.442,0,105,288.87,206.06,91,173.752,1161.474
20260313B02,募集量（TSO別）[MW],38,354,349,0,101,537,204,92,328,2003
20260313B02,応札量合計（電源属地別）[MW],242.568,441.35,194.14,11.894,101,773.616,482.174,93.93,371.852,2712.524
20260313B02,落札量合計（電源属地別）[MW],38,295.35,42.84,11.894,101,447.868,251.556,93.93,263.852,1546.29
20260313B02,応札件数（電源属地別）[件],6,3,17,6,1,7,6,5,11,62
20260313B02,落札件数（電源属地別）[件],5,3,15,6,1,7,6,5,10,58
20260313B02,最高落札価格（電源属地別）[円/kW・30分],4.54,19.51,19.51,18.99,0.35,18.99,2.8,18.89,19.51,19.51
20260313B02,最低落札価格（電源属地別）[円/kW・30分],1.5,1.98,0.36,18.99,0.35,0.36,0.64,0.36,0.36,0.35
20260313B02,平均落札価格（電源属地別）[円/kW・30分],4.11,2.64,12.8,18.99,0.35,1.28,2.3,1.8,1.04,2.16
20260313B02,最高落札価格（TSO別）[円/kW・30分],4.54,19.51,19.51,0,0.35,18.99,2.8,6.27,19.51,19.51
20260313B02,最低落札価格（TSO別）[円/kW・30分],1.5,1.98,0.36,0,0.35,0.36,0.64,0.36,0.36,0.35
20260313B02,平均落札価格（TSO別）[円/kW・30分],4.11,2.64,12.8,0,0.35,1.89,2.22,1.45,1.04,2.16
20260313B02,落札量合計（TSO別）[MW],38,295.35,42.84,0,101,509.188,204.06,92,263.852,1546.29
20260313B02,（内訳）自エリアからの落札量[MW],38,295.35,42.84,0,101,447.868,204.06,92,263.852,1484.97
20260313B03,募集量（TSO別）[MW],84,503,497,217,164,703,341,181,503,3193
20260313B03,応札量合計（電源属地別）[MW],259.468,652.35,460.044,15.87,164,675.816,569.42,31.93,563.141,3392.039
20260313B03,落札量合計（電源属地別）[MW],84,300.35,308.744,15.87,164,544.868,409.95,31.93,444.141,2303.853
20260313B03,応札件数（電源属地別）[件],6,4,22,8,2,6,8,3,12,71
20260313B03,落札件数（電源属地別）[件],6,4,20,8,2,6,8,3,11,68
20260313B03,最高落札価格（電源属地別）[円/kW・30分],9.92,19.51,19.51,19.49,1.06,19.5,2.99,19.49,19.51,19.51
20260313B03,最低落札価格（電源属地別）[円/kW・30分],3.69,1.39,0.36,19.47,1.05,0.36,0.83,2.69,0.36,0.36
20260313B03,平均落札価格（電源属地別）[円/kW・30分],6,2.19,5.77,19.47,1.06,0.65,1.85,5.76,1.24,2.29
20260313B03,最高落札価格（TSO別）[円/kW・30分],9.92,19.51,19.51,19.49,1.06,19.5,2.99,19.49,19.51,19.51
20260313B03,最低落札価格（TSO別）[円/kW・30分],3.69,1.39,0.36,19.47,1.05,0.36,0.83,2.69,0.36,0.36
20260313B03,平均落札価格（TSO別）[円/kW・30分],6,2.19,5.77,19.47,1.06,0.73,1.64,5.76,1.4,2.29
20260313B03,落札量合計（TSO別）[MW],84,300.35,308.744,15.87,164,563.949,341,31.93,494.01,2303.853
20260313B03,（内訳）自エリアからの落札量[MW],84,300.35,308.744,15.87,164,544.868,341,31.93,444.141,2234.903
20260313B04,募集量（TSO別）[MW],251,390,582,252,291,778,560,271,439,3814
20260313B04,応札量合計（電源属地別）[MW],380.068,510,357.564,15.87,268,679.946,438.551,31.93,679.969,3361.898
20260313B04,落札量合計（電源属地別）[MW],251,220,357.564,15.87,268,679.946,438.551,31.93,330.969,2593.83
20260313B04,応札件数（電源属地別）[件],7,2,22,8,2,6,5,3,13,68
20260313B04,落札件数（電源属地別）[件],5,2,22,8,2,6,5,3,12,65
20260313B04,最高落札価格（電源属地別）[円/kW・30分],9,4.63,19.51,19.49,1.43,19.51,1.64,19.49,19.51,19.51
20260313B04,最低落札価格（電源属地別）[円/kW・30分],3.69,1.87,0.35,19.47,1.42,0.36,0.38,8.94,0.36,0.35
20260313B04,平均落札価格（電源属地別）[円/kW・30分],6.34,2.75,4.09,19.47,1.43,0.6,1.18,12.11,1.32,2.35
20260313B04,最高落札価格（TSO別）[円/kW・30分],9,4.63,19.51,19.51,1.43,19.47,1.64,19.49,19.51,19.51
20260313B04,最低落札価格（TSO別）[円/kW・30分],3.69,1.87,0.35,0.36,1.42,0.36,0.38,8.94,0.36,0.35
20260313B04,平均落札価格（TSO別）[円/kW・30分],6.34,2.75,4.09,4.08,1.43,0.5,1.15,12.11,1.32,2.35
20260313B04,落札量合計（TSO別）[MW],251,220,357.564,112.644,268,623.223,398.5,31.93,330.969,2593.83
20260313B04,（内訳）自エリアからの落札量[MW],251,220,357.564,15.87,268,585.454,398.5,31.93,330.969,2459.287
20260313B05,募集量（TSO別）[MW],136,490,760,0,249,726,360,270,448,3439
20260313B05,応札量合計（電源属地別）[MW],374.068,511.35,199.513,17.798,249,675.816,438.551,31.93,681.967,3179.993
20260313B05,落札量合計（電源属地別）[MW],128.321,212.029,199.513,17.798,249,675.816,362.052,31.93,213.967,2090.426
20260313B05,応札件数（電源属地別）[件],6,3,20,9,2,6,5,3,14,68
20260313B05,落札件数（電源属地別）[件],6,3,20,9,2,6,5,3,12,66
20260313B05,最高落札価格（電源属地別）[円/kW・30分],9.21,19.51,19.51,19.5,0.91,19.5,0.66,19.49,19.51,19.51
20260313B05,最低落札価格（電源属地別）[円/kW・30分],2,1.96,0.36,19.47,0.9,0.36,0.36,8.9,0.36,0.36
20260313B05,平均落札価格（電源属地別）[円/kW・30分],6.58,3.01,7.02,19.48,0.91,0.47,0.52,11.97,1.72,2.25
20260313B05,最高落札価格（TSO別）[円/kW・30分],9.21,19.51,19.51,0,0.91,19.5,0.66,19.49,19.51,19.51
20260313B05,最低落札価格（TSO別）[円/kW・30分],1.96,1.96,0.36,0,0.36,0.36,0.36,8.9,0.36,0.36
20260313B05,平均落札価格（TSO別）[円/kW・30分],5.26,3.76,7.02,0,0.88,1.03,0.45,11.97,1.24,2.25
20260313B05,落札量合計（TSO別）[MW],136,204.35,199.513,0,240,658.666,269,31.93,350.967,2090.426
20260313B05,（内訳）自エリアからの落札量[MW],78.676,154.705,199.513,0,219.015,541.084,204.449,31.93,213.967,1643.339
20260313B06,募集量（TSO別）[MW],33,560,501,257,210,830,279,226,501,3397
20260313B06,応札量合計（電源属地別）[MW],256.418,631.35,551.439,266.504,210,675.816,438.551,31.93,548.967,3610.975
20260313B06,落札量合計（電源属地別）[MW],50,249.35,465.739,17.798,210,675.816,355.159,31.93,444.634,2500.426
20260313B06,応札件数（電源属地別）[件],7,4,20,10,2,6,5,3,14,71
20260313B06,落札件数（電源属地別）[件],5,4,19,9,2,6,5,3,14,67
20260313B06,最高落札価格（電源属地別）[円/kW・30分],4.18,19.51,19.51,19.5,1.26,19.5,2.26,19.49,19.51,19.51
20260313B06,最低落札価格（電源属地別）[円/kW・30分],0.8,1.6,0.35,19.47,1.25,0.36,0.66,2.71,0.36,0.35
20260313B06,平均落札価格（電源属地別）[円/kW・30分],3.04,2.38,5.05,19.48,1.26,0.66,1.58,5.65,1.57,2.24
20260313B06,最高落札価格（TSO別）[円/kW・30分],4.18,19.51,19.51,19.5,2.15,19.5,2.26,19.49,19.51,19.51
20260313B06,最低落札価格（TSO別）[円/kW・30分],0.8,0.35,0.36,0.36,0.71,0.36,0.66,2.71,0.36,0.35
20260313B06,平均落札価格（TSO別）[円/kW・30分],2.54,1.69,7.42,3.82,1.25,0.86,1.43,5.65,1.58,2.24
20260313B06,落札量合計（TSO別）[MW],33,422.35,309.739,114.572,202,735.868,218,31.93,432.967,2500.426
20260313B06,（内訳）自エリアからの落札量[MW],33,249.35,309.739,17.798,175.605,642.868,218,31.93,432.967,2111.257
20260313B07,募集量（TSO別）[MW],27,409,520,93,120,685,233,124,359,2570
20260313B07,応札量合計（電源属地別）[MW],239.968,441.35,614.009,640.098,120,675.816,766.779,45.93,474.186,4018.136
20260313B07,落札量合計（電源属地別）[MW],41.5,160.35,444.709,17.798,120,472.054,324.441,45.93,344.216,1970.998
20260313B07,応札件数（電源属地別）[件],5,3,25,11,1,6,11,4,14,80
20260313B07,落札件数（電源属地別）[件],4,3,24,9,1,6,11,4,12,74
20260313B07,最高落札価格（電源属地別）[円/kW・30分],8.59,19.51,19.51,19.47,1.55,19.47,4.04,19.49,19.51,19.51
20260313B07,最低落札価格（電源属地別）[円/kW・30分],1,1.75,0.35,19.39,1.55,0.36,1.88,1.86,0.36,0.35
20260313B07,平均落札価格（電源属地別）[円/kW・30分],4.86,2.59,3.31,19.45,1.55,0.94,3.18,5.61,1.68,2.5
20260313B07,最高落札価格（TSO別）[円/kW・30分],8.59,19.51,19.51,19.47,1.98,19.47,4.04,19.49,19.51,19.51
20260313B07,最低落札価格（TSO別）[円/kW・30分],1,0.35,0.36,0.7,0.36,0.36,0.7,1.86,0.36,0.35
20260313B07,平均落札価格（TSO別）[円/kW・30分],3.96,2.29,3.87,6.9,1.53,1.74,2.48,5.61,1.69,2.5
20260313B07,落札量合計（TSO別）[MW],27,261.35,358.209,53.798,111,616.868,165,45.93,331.843,1970.998
20260313B07,（内訳）自エリアからの落札量[MW],27,160.35,358.209,17.798,71,414.084,151.03,45.93,323.843,1569.244
20260313B08,募集量（TSO別）[MW],39,130,480,19,118,588,227,113,319,2033
20260313B08,応札量合計（電源属地別）[MW],259.368,381.35,352.085,372.998,118,675.816,766.779,65.93,371.764,3364.09
20260313B08,落札量合計（電源属地別）[MW],39,141.35,200.785,17.798,118,406.974,321.521,65.93,244.764,1556.122
20260313B08,応札件数（電源属地別）[件],6,3,19,10,1,6,11,5,11,72
20260313B08,落札件数（電源属地別）[件],4,3,17,9,1,6,11,5,10,66
20260313B08,最高落札価格（電源属地別）[円/kW・30分],4.52,19.51,19.51,19.47,0.96,19.5,3,5.91,19.51,19.51
20260313B08,最低落札価格（電源属地別）[円/kW・30分],2,2.08,0.36,19.39,0.96,0.36,0.87,0.36,0.36,0.36
20260313B08,平均落札価格（電源属地別）[円/kW・30分],4.28,2.27,3.88,19.45,0.96,0.64,2.16,1.89,1.18,1.99
20260313B08,最高落札価格（TSO別）[円/kW・30分],4.52,19.51,19.51,0.36,0.96,19.5,3,5.91,19.51,19.51
20260313B08,最低落札価格（TSO別）[円/kW・30分],2,2.08,0.36,0.36,0.96,0.36,0.36,0.36,0.36,0.36
20260313B08,平均落札価格（TSO別）[円/kW・30分],4.28,2.27,3.88,0.36,0.96,1.69,1.76,1.89,1.35,1.99
20260313B08,落札量合計（TSO別）[MW],39,141.35,200.785,19,98,495.666,227,65.93,269.391,1556.122
20260313B08,（内訳）自エリアからの落札量[MW],39,141.35,200.785,0,98,382.084,220.11,65.93,243.764,1391.023
E
