H,電力需給調整力取引所取引結果,対象年月,商品区分,ブロック数
P,確報値,202602,三次調整力1,8
TT,調達区分,取引情報,北海道,東北,東京,中部,北陸,関西,中国,四国,九州,合計
20260201B01,システム約定結果,募集量（TSO別）[MW],0,0,0,0,112,0,55,85,282,534
20260201B01,システム約定結果,応札量合計（電源属地別）[MW],376.69,190,379.702,446.908,116,1190.5,547.342,93,519,3859.142
20260201B01,システム約定結果,落札量合計（電源属地別）[MW],17.69,70,303.302,345.706,116,306.422,236.07,30,157,1582.19
20260201B01,システム約定結果,応札件数（電源属地別）[件],5,1,4,7,1,6,7,3,7,41
20260201B01,システム約定結果,落札件数（電源属地別）[件],2,1,3,6,1,5,7,2,6,33
20260201B01,システム約定結果,最高落札価格（電源属地別）[円/kW・30分],4.3,2.36,2.68,2.98,1.51,8.2,2.42,6.53,2.04,8.2
20260201B01,システム約定結果,最低落札価格（電源属地別）[円/kW・30分],2.45,2.36,2.22,1.65,1.51,0.36,0.36,1.13,0.36,0.36
20260201B01,システム約定結果,平均落札価格（電源属地別）[円/kW・30分],2.66,2.36,2.45,2.47,1.51,4.48,1.83,3.83,1.28,2.6
20260201B01,システム約定結果,最高落札価格（TSO別）[円/kW・30分],4.3,2.36,2.68,2.98,1.51,8.2,2.42,8.2,8.2,8.2
20260201B01,システム約定結果,最低落札価格（TSO別）[円/kW・30分],2.45,2.36,2.22,1.65,1.51,0.36,0.36,0.36,0.36,0.36
20260201B01,システム約定結果,平均落札価格（TSO別）[円/kW・30分],2.66,2.36,2.45,2.43,1.51,3.09,1.78,3.79,3.33,2.6
20260201B01,システム約定結果,落札量合計（TSO別）[MW],17.69,70,303.302,281.012,116,208.186,219,85,282,1582.19
20260201B01,システム約定結果,（内訳）自エリアからの落札量[MW],17.69,70,303.302,281.012,116,208.186,219,30,157,1402.19
20260201B01,追加調達結果,募集量（TSO別）[MW],-,-,-,-,-,-,-,-,-,-
20260201B01,追加調達結果,応札量合計（電源属地別）[MW],0,0,0,0,0,0,0,0,0,0
20260201B01,追加調達結果,約定量合計（電源属地別）[MW],0,0,0,0,0,0,0,0,0,0
20260201B01,追加調達結果,応札件数（電源属地別）[件],0,0,0,0,0,0,0,0,0,0
20260201B01,追加調達結果,約定件数（電源属地別）[件],0,0,0,0,0,0,0,0,0,0
20260201B01,追加調達結果,最高約定価格（電源属地別）[円/kW・30分],0,0,0,0,0,0,0,0,0,0
20260201B01,追加調達結果,最低約定価格（電源属地別）[円/kW・30分],0,0,0,0,0,0,0,0,0,0
20260201B01,追加調達結果,平均約定価格（電源属地別）[円/kW・30分],0,0,0,0,0,0,0,0,0,0
20260201B01,追加調達結果,最高約定価格（TSO別）[円/kW・30分],0,0,0,0,0,0,0,0,0,0
20260201B01,追加調達結果,最低約定価格（TSO別）[円/kW・30分],0,0,0,0,0,0,0,0,0,0
20260201B01,追加調達結果,平均約定価格（TSO別）[円/kW・30分],0,0,0,0,0,0,0,0,0,0
20260201B01,追加調達結果,約定量合計（TSO別）[MW],0,0,0,0,0,0,0,0,0,0
20260201B01,追加調達結果,（内訳）自エリアからの約定量[MW],0,0,0,0,0,0,0,0,0,0
20260201B01,合計（確報値）,募集量（TSO別）[MW],0,0,0,0,112,0,55,85,282,534
20260201B01,合計（確報値）,応札量合計（電源属地別）[MW],376.69,190,379.702,446.908,116,1190.5,547.342,93,519,3859.142
20260201B01,合計（確報値）,約定量合計（電源属地別）[MW],17.69,70,303.302,345.706,116,306.422,236.07,30,157,1582.19
20260201B01,合計（確報値）,応札件数（電源属地別）[件],5,1,4,7,1,6,7,3,7,41
20260201B01,合計（確報値）,約定件数（電源属地別）[件],2,1,3,6,1,5,7,2,6,33
20260201B01,合計（確報値）,最高約定価格（電源属地別）[円/kW・30分],4.3,2.36,2.68,2.98,1.51,8.2,2.42,6.53,2.04,8.2
20260201B01,合計（確報値）,最低約定価格（電源属地別）[円/kW・30分],2.45,2.36,2.22,1.65,1.51,0.36,0.36,1.13,0.36,0.36
20260201B01,合計（確報値）,平均約定価格（電源属地別）[円/kW・30分],2.66,2.36,2.45,2.47,1.51,4.48,1.83,3.83,1.28,2.6
20260201B01,合計（確報値）,最高約定価格（TSO別）[円/kW・30分],4.3,2.36,2.68,2.98,1.51,8.2,2.42,8.2,8.2,8.2
20260201B01,合計（確報値）,最低約定価格（TSO別）[円/kW・30分],2.45,2.36,2.22,1.65,1.51,0.36,0.36,0.36,0.36,0.36
20260201B01,合計（確報値）,平均約定価格（TSO別）[円/kW・30分],2.66,2.36,2.45,2.43,1.51,3.09,1.78,3.79,3.33,2.6
20260201B01,合計（確報値）,約定量合計（TSO別）[MW],17.69,70,303.302,281.012,116,208.186,219,85,282,1582.19
20260201B01,合計（確報値）,（内訳）自エリアからの約定量[MW],17.69,70,303.302,281.012,116,208.186,219,30,157,1402.19
20260201B02,システム約定結果,募集量（TSO別）[MW],0,50,0,0,93,23,193,87,244,690
20260201B02,システム約定結果,応札量合計（電源属地別）[MW],363.99,190,627.735,385.908,102,1190.5,547.342,93,548.97,4049.445
20260201B02,システム約定結果,落札量合計（電源属地別）[MW],22.25,70,476.435,339.706,102,499.722,285.03,30,180,2005.143
20260201B02,システム約定結果,応札件数（電源属地別）[件],5,1,5,4,1,6,7,3,8,40
20260201B02,システム約定結果,落札件数（電源属地別）[件],2,1,3,4,1,6,7,2,6,32
20260201B02,システム約定結果,最高落札価格（電源属地別）[円/kW・30分],13.78,2.46,2.37,3.91,1.51,8.18,2.47,6.56,2.09,13.78
20260201B02,システム約定結果,最低落札価格（電源属地別）[円/kW・30分],6,2.46,1.93,2.2,1.51,0.36,0.36,1.09,0.36,0.36
20260201B02,システム約定結果,平均落札価格（電源属地別）[円/kW・30分],12.73,2.46,2.1,2.86,1.51,5.36,1.73,3.83,1.2,3.03
20260201B02,システム約定結果,最高落札価格（TSO別）[円/kW・30分],13.78,2.46,2.37,3.91,1.51,8.18,6.76,8.18,6.76,13.78
20260201B02,システム約定結果,最低落札価格（TSO別）[円/kW・30分],6,2.46,1.93,2.2,1.51,0.36,0.36,0.36,0.36,0.36
20260201B02,システム約定結果,平均落札価格（TSO別）[円/kW・30分],12.73,2.46,2.1,2.86,1.51,5.07,1.69,5.54,2.17,3.03
20260201B02,システム約定結果,落札量合計（TSO別）[MW],22.25,70,476.435,339.706,102,404.752,259,87,244,2005.143
20260201B02,システム約定結果,（内訳）自エリアからの落札量[MW],22.25,70,476.435,339.706,102,404.752,258.03,30,180,1883.173
20260201B02,追加調達結果,募集量（TSO別）[MW],-,-,-,-,-,-,-,-,-,-
20260201B02,追加調達結果,応札量合計（電源属地別）[MW],0,0,0,0,0,0,0,0,0,0
20260201B02,追加調達結果,約定量合計（電源属地別）[MW],0,0,0,0,0,0,0,0,0,0
20260201B02,追加調達結果,応札件数（電源属地別）[件],0,0,0,0,0,0,0,0,0,0
20260201B02,追加調達結果,約定件数（電源属地別）[件],0,0,0,0,0,0,0,0,0,0
20260201B02,追加調達結果,最高約定価格（電源属地別）[円/kW・30分],0,0,0,0,0,0,0,0,0,0
20260201B02,追加調達結果,最低約定価格（電源属地別）[円/kW・30分],0,0,0,0,0,0,0,0,0,0
20260201B02,追加調達結果,平均約定価格（電源属地別）[円/kW・30分],0,0,0,0,0,0,0,0,0,0
20260201B02,追加調達結果,最高約定価格（TSO別）[円/kW・30分],0,0,0,0,0,0,0,0,0,0
20260201B02,追加調達結果,最低約定価格（TSO別）[円/kW・30分],0,0,0,0,0,0,0,0,0,0
20260201B02,追加調達結果,平均約定価格（TSO別）[円/kW・30分],0,0,0,0,0,0,0,0,0,0
20260201B02,追加調達結果,約定量合計（TSO別）[MW],0,0,0,0,0,0,0,0,0,0
20260201B02,追加調達結果,（内訳）自エリアからの約定量[MW],0,0,0,0,0,0,0,0,0,0
20260201B02,合計（確報値）,募集量（TSO別）[MW],0,50,0,0,93,23,193,87,244,690
20260201B02,合計（確報値）,応札量合計（電源属地別）[MW],383.24,190,627.735,385.908,102,1190.5,547.342,93,548.97,4068.695
20260201B02,合計（確報値）,約定量合計（電源属地別）[MW],22.25,70,476.435,339.706,102,499.722,285.03,30,180,2005.143
20260201B02,合計（確報値）,応札件数（電源属地別）[件],7,1,5,4,1,6,7,3,8,42
20260201B02,合計（確報値）,約定件数（電源属地別）[件],3,1,3,4,1,6,7,2,6,33
20260201B02,合計（確報値）,最高約定価格（電源属地別）[円/kW・30分],13.78,2.46,2.37,3.91,1.51,8.18,2.47,6.56,2.09,13.78
20260201B02,合計（確報値）,最低約定価格（電源属地別）[円/kW・30分],6,2.46,1.93,2.2,1.51,0.36,0.36,1.09,0.36,0.36
20260201B02,合計（確報値）,平均約定価格（電源属地別）[円/kW・30分],12.73,2.46,2.1,2.86,1.51,5.36,1.73,3.83,1.2,3.03
20260201B02,合計（確報値）,最高約定価格（TSO別）[円/kW・30分],13.78,2.46,2.37,3.91,1.51,8.18,6.76,8.18,6.76,13.78
20260201B02,合計（確報値）,最低約定価格（TSO別）[円/kW・30分],6,2.46,1.93,2.2,1.51,0.36,0.36,0.36,0.36,0.36
20260201B02,合計（確報値）,平均約定価格（TSO別）[円/kW・30分],12.73,2.46,2.1,2.86,1.51,5.07,1.69,5.54,2.17,3.03
20260201B02,合計（確報値）,約定量合計（TSO別）[MW],22.25,70,476.435,339.706,102,404.752,259,87,244,2005.143
20260201B02,合計（確報値）,（内訳）自エリアからの約定量[MW],22.25,70,476.435,339.706,102,404.752,258.03,30,180,1883.173
20260201B03,システム約定結果,募集量（TSO別）[MW],0,380,356,27,140,383,329,134,261,2010
20260201B03,システム約定結果,応札量合計（電源属地別）[MW],363.99,640,1130.429,251.908,169,1190.5,547.342,169,419,4881.169
20260201B03,システム約定結果,落札量合計（電源属地別）[MW],44.99,280,680,235.933,169,649.605,294.03,120,203,2676.558
20260201B03,システム約定結果,応札件数（電源属地別）[件],5,3,10,4,2,6,7,3,6,46
20260201B03,システム約定結果,落札件数（電源属地別）[件],4,3,7,4,2,6,7,3,3,39
20260201B03,システム約定結果,最高落札価格（電源属地別）[円/kW・30分],15.9,2.48,5.11,3.71,1.81,8.7,3.54,7.27,1.24,15.9
20260201B03,システム約定結果,最低落札価格（電源属地別）[円/kW・30分],10.99,1.66,0.35,2.23,1.62,0.36,1.3,0.36,1.05,0.35
20260201B03,システム約定結果,平均落札価格（電源属地別）[円/kW・30分],13.96,2.07,1.87,3.54,1.69,4.48,2.65,1.37,1.21,2.88
20260201B03,システム約定結果,最高落札価格（TSO別）[円/kW・30分],15.9,2.48,5.11,3.71,1.81,8.7,8.7,7.27,3.71,15.9
20260201B03,システム約定結果,最低落札価格（TSO別）[円/kW・30分],10.99,0.35,0.36,2.23,1.62,0.36,0.36,0.36,0.36,0.35
20260201B03,システム約定結果,平均落札価格（TSO別）[円/kW・30分],13.96,1.38,2.44,3.45,1.69,4.62,3.67,1.39,1.4,2.88
20260201B03,システム約定結果,落札量合計（TSO別）[MW],44.99,467,493,153.855,161,494.713,409,134,319,2676.558
20260201B03,システム約定結果,（内訳）自エリアからの落札量[MW],44.99,280,493,153.855,161,494.713,286.02,120,203,2236.578
20260201B03,追加調達結果,募集量（TSO別）[MW],-,-,-,-,-,-,-,-,-,-
20260201B03,追加調達結果,応札量合計（電源属地別）[MW],0,0,0,0,0,0,0,0,0,0
20260201B03,追加調達結果,約定量合計（電源属地別）[MW],0,0,0,0,0,0,0,0,0,0
20260201B03,追加調達結果,応札件数（電源属地別）[件],0,0,0,0,0,0,0,0,0,0
20260201B03,追加調達結果,約定件数（電源属地別）[件],0,0,0,0,0,0,0,0,0,0
20260201B03,追加調達結果,最高約定価格（電源属地別）[円/kW・30分],0,0,0,0,0,0,0,0,0,0
20260201B03,追加調達結果,最低約定価格（電源属地別）[円/kW・30分],0,0,0,0,0,0,0,0,0,0
20260201B03,追加調達結果,平均約定価格（電源属地別）[円/kW・30分],0,0,0,0,0,0,0,0,0,0
20260201B03,追加調達結果,最高約定価格（TSO別）[円/kW・30分],0,0,0,0,0,0,0,0,0,0
20260201B03,追加調達結果,最低約定価格（TSO別）[円/kW・30分],0,0,0,0,0,0,0,0,0,0
20260201B03,追加調達結果,平均約定価格（TSO別）[円/kW・30分],0,0,0,0,0,0,0,0,0,0
20260201B03,追加調達結果,約定量合計（TSO別）[MW],0,0,0,0,0,0,0,0,0,0
20260201B03,追加調達結果,（内訳）自エリアからの約定量[MW],0,0,0,0,0,0,0,0,0,0
20260201B03,合計（確報値）,募集量（TSO別）[MW],0,380,356,27,140,383,329,134,261,2010
20260201B03,合計（確報値）,応札量合計（電源属地別）[MW],403.99,640,1130.429,251.908,169,1190.5,547.342,169,419,4921.169
20260201B03,合計（確報値）,約定量合計（電源属地別）[MW],44.99,280,680,235.933,169,649.605,294.03,120,203,2676.558
20260201B03,合計（確報値）,応札件数（電源属地別）[件],8,3,10,4,2,6,7,3,6,49
20260201B03,合計（確報値）,約定件数（電源属地別）[件],5,3,7,4,2,6,7,3,3,40
20260201B03,合計（確報値）,最高約定価格（電源属地別）[円/kW・30分],15.9,2.48,5.11,3.71,1.81,8.7,3.54,7.27,1.24,15.9
20260201B03,合計（確報値）,最低約定価格（電源属地別）[円/kW・30分],10.99,1.66,0.35,2.23,1.62,0.36,1.3,0.36,1.05,0.35
20260201B03,合計（確報値）,平均約定価格（電源属地別）[円/kW・30分],13.96,2.07,1.87,3.54,1.69,4.48,2.65,1.37,1.21,2.88
20260201B03,合計（確報値）,最高約定価格（TSO別）[円/kW・30分],15.9,2.48,5.11,3.71,1.81,8.7,8.7,7.27,3.71,15.9
20260201B03,合計（確報値）,最低約定価格（TSO別）[円/kW・30分],10.99,0.35,0.36,2.23,1.62,0.36,0.36,0.36,0.36,0.35
20260201B03,合計（確報値）,平均約定価格（TSO別）[円/kW・30分],13.96,1.38,2.44,3.45,1.69,4.62,3.67,1.39,1.4,2.88
20260201B03,合計（確報値）,約定量合計（TSO別）[MW],44.99,467,493,153.855,161,494.713,409,134,319,2676.558
20260201B03,合計（確報値）,（内訳）自エリアからの約定量[MW],44.99,280,493,153.855,161,494.713,286.02,120,203,2236.578
20260201B04,システム約定結果,募集量（TSO別）[MW],0,132,718,66,258,559,470,265,361,2829
20260201B04,システム約定結果,応札量合計（電源属地別）[MW],380.79,450,956.857,0,266,961.5,547.342,316,821,4699.489
20260201B04,システム約定結果,落札量合計（電源属地別）[MW],35,210,718,0,266,924.24,327.123,250,319,3049.363
20260201B04,システム約定結果,応札件数（電源属地別）[件],7,2,9,0,2,6,7,4,6,43
20260201B04,システム約定結果,落札件数（電源属地別）[件],3,2,8,0,2,5,7,4,3,34
20260201B04,システム約定結果,最高落札価格（電源属地別）[円/kW・30分],14.45,3.29,1.27,0,0.35,11.49,1.41,10.56,0.36,14.45
20260201B04,システム約定結果,最低落札価格（電源属地別）[円/kW・30分],10.99,2.16,0.35,0,0.35,0.36,0.36,0.36,0.36,0.35
20260201B04,システム約定結果,平均落札価格（電源属地別）[円/kW・30分],13.51,2.54,0.41,0,0.35,4.22,0.97,1.55,0.36,2
20260201B04,システム約定結果,最高落札価格（TSO別）[円/kW・30分],14.45,3.29,1.27,0,0.35,11.49,11.49,10.56,9.52,14.45
20260201B04,システム約定結果,最低落札価格（TSO別）[円/kW・30分],10.99,2.16,0.35,0,0.35,0.36,0.35,0.36,0.36,0.35
20260201B04,システム約定結果,平均落札価格（TSO別）[円/kW・30分],13.51,2.54,0.41,0,0.35,5.43,1.94,1.36,0.5,2
20260201B04,システム約定結果,落札量合計（TSO別）[MW],35,210,718,0,258,559,552.363,298,419,3049.363
20260201B04,システム約定結果,（内訳）自エリアからの落札量[MW],35,210,718,0,258,524,292.123,250,319,2606.123
20260201B04,追加調達結果,募集量（TSO別）[MW],-,-,-,-,-,-,-,-,-,-
20260201B04,追加調達結果,応札量合計（電源属地別）[MW],0,0,0,0,0,0,0,0,0,0
20260201B04,追加調達結果,約定量合計（電源属地別）[MW],0,0,0,0,0,0,0,0,0,0
20260201B04,追加調達結果,応札件数（電源属地別）[件],0,0,0,0,0,0,0,0,0,0
20260201B04,追加調達結果,約定件数（電源属地別）[件],0,0,0,0,0,0,0,0,0,0
20260201B04,追加調達結果,最高約定価格（電源属地別）[円/kW・30分],0,0,0,0,0,0,0,0,0,0
20260201B04,追加調達結果,最低約定価格（電源属地別）[円/kW・30分],0,0,0,0,0,0,0,0,0,0
20260201B04,追加調達結果,平均約定価格（電源属地別）[円/kW・30分],0,0,0,0,0,0,0,0,0,0
20260201B04,追加調達結果,最高約定価格（TSO別）[円/kW・30分],0,0,0,0,0,0,0,0,0,0
20260201B04,追加調達結果,最低約定価格（TSO別）[円/kW・30分],0,0,0,0,0,0,0,0,0,0
20260201B04,追加調達結果,平均約定価格（TSO別）[円/kW・30分],0,0,0,0,0,0,0,0,0,0
20260201B04,追加調達結果,約定量合計（TSO別）[MW],0,0,0,0,0,0,0,0,0,0
20260201B04,追加調達結果,（内訳）自エリアからの約定量[MW],0,0,0,0,0,0,0,0,0,0
20260201B04,合計（確報値）,募集量（TSO別）[MW],0,132,718,66,258,559,470,265,361,2829
20260201B04,合計（確報値）,応札量合計（電源属地別）[MW],396,450,956.857,0,266,961.5,547.342,316,821,4714.699
20260201B04,合計（確報値）,約定量合計（電源属地別）[MW],35,210,718,0,266,924.24,327.123,250,319,3049.363
20260201B04,合計（確報値）,応札件数（電源属地別）[件],8,2,9,0,2,6,7,4,6,44
20260201B04,合計（確報値）,約定件数（電源属地別）[件],3,2,8,0,2,5,7,4,3,34
20260201B04,合計（確報値）,最高約定価格（電源属地別）[円/kW・30分],14.45,3.29,1.27,0,0.35,11.49,1.41,10.56,0.36,14.45
20260201B04,合計（確報値）,最低約定価格（電源属地別）[円/kW・30分],10.99,2.16,0.35,0,0.35,0.36,0.36,0.36,0.36,0.35
20260201B04,合計（確報値）,平均約定価格（電源属地別）[円/kW・30分],13.51,2.54,0.41,0,0.35,4.22,0.97,1.55,0.36,2
20260201B04,合計（確報値）,最高約定価格（TSO別）[円/kW・30分],14.45,3.29,1.27,0,0.35,11.49,11.49,10.56,9.52,14.45
20260201B04,合計（確報値）,最低約定価格（TSO別）[円/kW・30分],10.99,2.16,0.35,0,0.35,0.36,0.35,0.36,0.36,0.35
20260201B04,合計（確報値）,平均約定価格（TSO別）[円/kW・30分],13.51,2.54,0.41,0,0.35,5.43,1.94,1.36,0.5,2
20260201B04,合計（確報値）,約定量合計（TSO別）[MW],35,210,718,0,258,559,552.363,298,419,3049.363
20260201B04,合計（確報値）,（内訳）自エリアからの約定量[MW],35,210,718,0,258,524,292.123,250,319,2606.123
20260201B05,システム約定結果,募集量（TSO別）[MW],72,0,40,150,221,412,227,225,318,1665
20260201B05,システム約定結果,応札量合計（電源属地別）[MW],422.89,260,783.973,0,228,1192.5,547.342,280,742,4456.705
20260201B05,システム約定結果,落札量合計（電源属地別）[MW],77,140,190,0,228,544.941,300.625,208,284.434,1973
20260201B05,システム約定結果,応札件数（電源属地別）[件],7,1,8,0,2,7,7,5,6,43
20260201B05,システム約定結果,落札件数（電源属地別）[件],2,1,3,0,2,6,7,5,4,30
20260201B05,システム約定結果,最高落札価格（電源属地別）[円/kW・30分],0.37,2.23,0.36,0,0.35,12.31,0.56,15.71,0.38,15.71
20260201B05,システム約定結果,最低落札価格（電源属地別）[円/kW・30分],0.36,2.23,0.35,0,0.35,0.36,0.36,0.36,0.36,0.35
20260201B05,システム約定結果,平均落札価格（電源属地別）[円/kW・30分],0.37,2.23,0.35,0,0.35,7.39,0.46,2.27,0.36,2.65
20260201B05,システム約定結果,最高落札価格（TSO別）[円/kW・30分],0.37,2.23,0.36,0.35,0.35,12.31,10.2,15.71,12.31,15.71
20260201B05,システム約定結果,最低落札価格（TSO別）[円/kW・30分],0.36,2.23,0.35,0.35,0.35,0.36,0.35,0.36,0.36,0.35
20260201B05,システム約定結果,平均落札価格（TSO別）[円/kW・30分],0.37,2.23,0.36,0.35,0.35,6.17,2.23,3.54,1.58,2.65
20260201B05,システム約定結果,落札量合計（TSO別）[MW],77,140,40,150,221,412,319,264,350,1973
20260201B05,システム約定結果,（内訳）自エリアからの落札量[MW],77,140,40,0,221,392.713,254.148,208,284.434,1617.295
20260201B05,追加調達結果,募集量（TSO別）[MW],-,-,-,-,-,-,-,-,-,-
20260201B05,追加調達結果,応札量合計（電源属地別）[MW],0,0,0,0,0,0,0,0,0,0
20260201B05,追加調達結果,約定量合計（電源属地別）[MW],0,0,0,0,0,0,0,0,0,0
20260201B05,追加調達結果,応札件数（電源属地別）[件],0,0,0,0,0,0,0,0,0,0
20260201B05,追加調達結果,約定件数（電源属地別）[件],0,0,0,0,0,0,0,0,0,0
20260201B05,追加調達結果,最高約定価格（電源属地別）[円/kW・30分],0,0,0,0,0,0,0,0,0,0
20260201B05,追加調達結果,最低約定価格（電源属地別）[円/kW・30分],0,0,0,0,0,0,0,0,0,0
20260201B05,追加調達結果,平均約定価格（電源属地別）[円/kW・30分],0,0,0,0,0,0,0,0,0,0
20260201B05,追加調達結果,最高約定価格（TSO別）[円/kW・30分],0,0,0,0,0,0,0,0,0,0
20260201B05,追加調達結果,最低約定価格（TSO別）[円/kW・30分],0,0,0,0,0,0,0,0,0,0
20260201B05,追加調達結果,平均約定価格（TSO別）[円/kW・30分],0,0,0,0,0,0,0,0,0,0
20260201B05,追加調達結果,約定量合計（TSO別）[MW],0,0,0,0,0,0,0,0,0,0
20260201B05,追加調達結果,（内訳）自エリアからの約定量[MW],0,0,0,0,0,0,0,0,0,0
20260201B05,合計（確報値）,募集量（TSO別）[MW],72,0,40,150,221,412,227,225,318,1665
20260201B05,合計（確報値）,応札量合計（電源属地別）[MW],499.89,260,783.973,0,228,1192.5,547.342,280,742,4533.705
20260201B05,合計（確報値）,約定量合計（電源属地別）[MW],77,140,190,0,228,544.941,300.625,208,284.434,1973
20260201B05,合計（確報値）,応札件数（電源属地別）[件],15,1,8,0,2,7,7,5,6,51
20260201B05,合計（確報値）,約定件数（電源属地別）[件],8,1,3,0,2,6,7,5,4,36
20260201B05,合計（確報値）,最高約定価格（電源属地別）[円/kW・30分],0.37,2.23,0.36,0,0.35,12.31,0.56,15.71,0.38,15.71
20260201B05,合計（確報値）,最低約定価格（電源属地別）[円/kW・30分],0.36,2.23,0.35,0,0.35,0.36,0.36,0.36,0.36,0.35
20260201B05,合計（確報値）,平均約定価格（電源属地別）[円/kW・30分],0.37,2.23,0.35,0,0.35,7.39,0.46,2.27,0.36,2.65
20260201B05,合計（確報値）,最高約定価格（TSO別）[円/kW・30分],0.37,2.23,0.36,0.35,0.35,12.31,10.2,15.71,12.31,15.71
20260201B05,合計（確報値）,最低約定価格（TSO別）[円/kW・30分],0.36,2.23,0.35,0.35,0.35,0.36,0.35,0.36,0.36,0.35
20260201B05,合計（確報値）,平均約定価格（TSO別）[円/kW・30分],0.37,2.23,0.36,0.35,0.35,6.17,2.23,3.54,1.58,2.65
20260201B05,合計（確報値）,約定量合計（TSO別）[MW],77,140,40,150,221,412,319,264,350,1973
20260201B05,合計（確報値）,（内訳）自エリアからの約定量[MW],77,140,40,0,221,392.713,254.148,208,284.434,1617.295
20260201B06,システム約定結果,募集量（TSO別）[MW],0,171,707,0,171,476,278,194,288,2285
20260201B06,システム約定結果,応札量合計（電源属地別）[MW],363.99,451.5,862.399,250.206,179,1192.5,547.342,207,369.97,4423.907
20260201B06,システム約定結果,落札量合計（電源属地別）[MW],31,250,603.399,0,179,804.891,261.238,168,203,2500.528
20260201B06,システム約定結果,応札件数（電源属地別）[件],5,3,12,2,2,7,7,5,7,50
20260201B06,システム約定結果,落札件数（電源属地別）[件],1,2,8,0,2,6,7,5,3,34
20260201B06,システム約定結果,最高落札価格（電源属地別）[円/kW・30分],0.36,1.89,5.27,0,1.81,8.7,2.31,6.83,1.45,8.7
20260201B06,システム約定結果,最低落札価格（電源属地別）[円/kW・30分],0.36,1.51,0.35,0,1.8,0.36,0.65,0.36,1.04,0.35
20260201B06,システム約定結果,平均落札価格（電源属地別）[円/kW・30分],0.36,1.64,2.95,0,1.81,3.67,1.7,1.26,1.31,2.56
20260201B06,システム約定結果,最高落札価格（TSO別）[円/kW・30分],0.36,1.89,5.27,0,1.81,8.7,8.7,6.83,7.19,8.7
20260201B06,システム約定結果,最低落札価格（TSO別）[円/kW・30分],0.36,1.51,0.35,0,1.8,0.36,0.36,0.36,0.36,0.35
20260201B06,システム約定結果,平均落札価格（TSO別）[円/kW・30分],0.36,1.64,2.95,0,1.81,4.77,1.81,1.14,1.35,2.56
20260201B06,システム約定結果,落札量合計（TSO別）[MW],31,250,603.399,0,171,527.921,383.208,194,340,2500.528
20260201B06,システム約定結果,（内訳）自エリアからの落札量[MW],31,250,603.399,0,171,527.921,261.238,168,203,2215.558
20260201B06,追加調達結果,募集量（TSO別）[MW],-,-,-,-,-,-,-,-,-,-
20260201B06,追加調達結果,応札量合計（電源属地別）[MW],0,0,0,0,0,0,0,0,0,0
20260201B06,追加調達結果,約定量合計（電源属地別）[MW],0,0,0,0,0,0,0,0,0,0
20260201B06,追加調達結果,応札件数（電源属地別）[件],0,0,0,0,0,0,0,0,0,0
20260201B06,追加調達結果,約定件数（電源属地別）[件],0,0,0,0,0,0,0,0,0,0
20260201B06,追加調達結果,最高約定価格（電源属地別）[円/kW・30分],0,0,0,0,0,0,0,0,0,0
20260201B06,追加調達結果,最低約定価格（電源属地別）[円/kW・30分],0,0,0,0,0,0,0,0,0,0
20260201B06,追加調達結果,平均約定価格（電源属地別）[円/kW・30分],0,0,0,0,0,0,0,0,0,0
20260201B06,追加調達結果,最高約定価格（TSO別）[円/kW・30分],0,0,0,0,0,0,0,0,0,0
20260201B06,追加調達結果,最低約定価格（TSO別）[円/kW・30分],0,0,0,0,0,0,0,0,0,0
20260201B06,追加調達結果,平均約定価格（TSO別）[円/kW・30分],0,0,0,0,0,0,0,0,0,0
20260201B06,追加調達結果,約定量合計（TSO別）[MW],0,0,0,0,0,0,0,0,0,0
20260201B06,追加調達結果,（内訳）自エリアからの約定量[MW],0,0,0,0,0,0,0,0,0,0
20260201B06,合計（確報値）,募集量（TSO別）[MW],0,171,707,0,171,476,278,194,288,2285
20260201B06,合計（確報値）,応札量合計（電源属地別）[MW],394.99,451.5,862.399,250.206,179,1192.5,547.342,207,369.97,4454.907
20260201B06,合計（確報値）,約定量合計（電源属地別）[MW],31,250,603.399,0,179,804.891,261.238,168,203,2500.528
20260201B06,合計（確報値）,応札件数（電源属地別）[件],7,3,12,2,2,7,7,5,7,52
20260201B06,合計（確報値）,約定件数（電源属地別）[件],2,2,8,0,2,6,7,5,3,35
20260201B06,合計（確報値）,最高約定価格（電源属地別）[円/kW・30分],0.36,1.89,5.27,0,1.81,8.7,2.31,6.83,1.45,8.7
20260201B06,合計（確報値）,最低約定価格（電源属地別）[円/kW・30分],0.36,1.51,0.35,0,1.8,0.36,0.65,0.36,1.04,0.35
20260201B06,合計（確報値）,平均約定価格（電源属地別）[円/kW・30分],0.36,1.64,2.95,0,1.81,3.67,1.7,1.26,1.31,2.56
20260201B06,合計（確報値）,最高約定価格（TSO別）[円/kW・30分],0.36,1.89,5.27,0,1.81,8.7,8.7,6.83,7.19,8.7
20260201B06,合計（確報値）,最低約定価格（TSO別）[円/kW・30分],0.36,1.51,0.35,0,1.8,0.36,0.36,0.36,0.36,0.35
20260201B06,合計（確報値）,平均約定価格（TSO別）[円/kW・30分],0.36,1.64,2.95,0,1.81,4.77,1.81,1.14,1.35,2.56
20260201B06,合計（確報値）,約定量合計（TSO別）[MW],31,250,603.399,0,171,527.921,383.208,194,340,2500.528
20260201B06,合計（確報値）,（内訳）自エリアからの約定量[MW],31,250,603.399,0,171,527.921,261.238,168,203,2215.558
20260201B07,システム約定結果,募集量（TSO別）[MW],0,148,446,114,115,410,271,111,260,1875
20260201B07,システム約定結果,応札量合計（電源属地別）[MW],359,303,1188.874,1086.096,123,1190.5,717.67,121,561,5650.14
20260201B07,システム約定結果,落札量合計（電源属地別）[MW],0,140,566.962,900.582,123,306.422,285.317,45,201,2568.283
20260201B07,システム約定結果,応札件数（電源属地別）[件],3,2,15,7,1,6,11,4,9,58
20260201B07,システム約定結果,落札件数（電源属地別）[件],0,2,6,6,1,5,11,3,7,41
20260201B07,システム約定結果,最高落札価格（電源属地別）[円/kW・30分],0,1.63,4.77,4.61,3.22,6.91,4.27,6.05,4.79,6.91
20260201B07,システム約定結果,最低落札価格（電源属地別）[円/kW・30分],0,1.63,1.75,1.9,3.22,0.36,2.01,1.78,2.47,0.36
20260201B07,システム約定結果,平均落札価格（電源属地別）[円/kW・30分],0,1.63,3.36,3.27,3.22,4.13,3.08,3.31,3.61,3.31
20260201B07,システム約定結果,最高落札価格（TSO別）[円/kW・30分],0,3.93,4.77,4.61,3.22,6.91,4.27,6.91,4.79,6.91
20260201B07,システム約定結果,最低落札価格（TSO別）[円/kW・30分],0,1.63,1.75,1.9,3.22,0.36,2.01,1.78,1.9,0.36
20260201B07,システム約定結果,平均落札価格（TSO別）[円/kW・30分],0,1.75,3.35,3.25,3.22,3.61,3.16,3.94,3.66,3.31
20260201B07,システム約定結果,落札量合計（TSO別）[MW],0,148,558.962,590.321,115,410,336,111,299,2568.283
20260201B07,システム約定結果,（内訳）自エリアからの落札量[MW],0,140,558.962,590.321,115,295.422,275.03,45,201,2220.735
20260201B07,追加調達結果,募集量（TSO別）[MW],-,-,-,-,-,-,-,-,-,-
20260201B07,追加調達結果,応札量合計（電源属地別）[MW],0,0,0,0,0,0,0,0,0,0
20260201B07,追加調達結果,約定量合計（電源属地別）[MW],0,0,0,0,0,0,0,0,0,0
20260201B07,追加調達結果,応札件数（電源属地別）[件],0,0,0,0,0,0,0,0,0,0
20260201B07,追加調達結果,約定件数（電源属地別）[件],0,0,0,0,0,0,0,0,0,0
20260201B07,追加調達結果,最高約定価格（電源属地別）[円/kW・30分],0,0,0,0,0,0,0,0,0,0
20260201B07,追加調達結果,最低約定価格（電源属地別）[円/kW・30分],0,0,0,0,0,0,0,0,0,0
20260201B07,追加調達結果,平均約定価格（電源属地別）[円/kW・30分],0,0,0,0,0,0,0,0,0,0
20260201B07,追加調達結果,最高約定価格（TSO別）[円/kW・30分],0,0,0,0,0,0,0,0,0,0
20260201B07,追加調達結果,最低約定価格（TSO別）[円/kW・30分],0,0,0,0,0,0,0,0,0,0
20260201B07,追加調達結果,平均約定価格（TSO別）[円/kW・30分],0,0,0,0,0,0,0,0,0,0
20260201B07,追加調達結果,約定量合計（TSO別）[MW],0,0,0,0,0,0,0,0,0,0
20260201B07,追加調達結果,（内訳）自エリアからの約定量[MW],0,0,0,0,0,0,0,0,0,0
20260201B07,合計（確報値）,募集量（TSO別）[MW],0,148,446,114,115,410,271,111,260,1875
20260201B07,合計（確報値）,応札量合計（電源属地別）[MW],359,303,1340.036,1563.678,123,1190.5,717.67,121,561,6278.884
20260201B07,合計（確報値）,約定量合計（電源属地別）[MW],0,140,566.962,900.582,123,306.422,285.317,45,201,2568.283
20260201B07,合計（確報値）,応札件数（電源属地別）[件],3,2,21,24,1,6,11,4,9,81
20260201B07,合計（確報値）,約定件数（電源属地別）[件],0,2,11,21,1,5,11,3,7,61
20260201B07,合計（確報値）,最高約定価格（電源属地別）[円/kW・30分],0,1.63,4.77,3.87,3.22,6.91,4.27,6.05,4.79,6.91
20260201B07,合計（確報値）,最低約定価格（電源属地別）[円/kW・30分],0,1.63,0.36,0.36,3.22,0.36,2.01,1.78,2.47,0.36
20260201B07,合計（確報値）,平均約定価格（電源属地別）[円/kW・30分],0,1.63,2.41,1.95,3.22,4.13,3.08,3.31,3.61,2.63
20260201B07,合計（確報値）,最高約定価格（TSO別）[円/kW・30分],0,1.63,4.77,3.87,3.22,6.91,4.27,6.91,4.79,6.91
20260201B07,合計（確報値）,最低約定価格（TSO別）[円/kW・30分],0,0.36,0.36,0.36,3.22,0.36,2.01,1.78,0.36,0.36
20260201B07,合計（確報値）,平均約定価格（TSO別）[円/kW・30分],0,1.56,2.44,1.98,3.22,3.34,3.16,3.94,2.55,2.63
20260201B07,合計（確報値）,約定量合計（TSO別）[MW],0,148,558.962,590.321,115,410,336,111,299,2568.283
20260201B07,合計（確報値）,（内訳）自エリアからの約定量[MW],0,140,558.962,590.321,115,295.422,275.03,45,201,2220.735
20260201B08,システム約定結果,募集量（TSO別）[MW],0,0,57,6,110,284,280,96,252,1085
20260201B08,システム約定結果,応札量合計（電源属地別）[MW],363.99,190,745.356,949.582,130,1190.5,547.342,109,491,4716.77
20260201B08,システム約定結果,落札量合計（電源属地別）[MW],33,70,582.252,943.582,130,499.722,302.03,30,198,2788.586
20260201B08,システム約定結果,応札件数（電源属地別）[件],5,1,8,7,1,6,7,3,8,46
20260201B08,システム約定結果,落札件数（電源属地別）[件],2,1,6,6,1,6,7,2,6,37
20260201B08,システム約定結果,最高落札価格（電源属地別）[円/kW・30分],11.4,1.98,4.04,4.75,2.28,7.42,3.21,6.24,3.45,11.4
20260201B08,システム約定結果,最低落札価格（電源属地別）[円/kW・30分],10,1.98,1.75,1.83,2.28,0.36,1.02,1.52,1.27,0.36
20260201B08,システム約定結果,平均落札価格（電源属地別）[円/kW・30分],11.27,1.98,2.88,3.12,2.28,4.95,2.41,3.88,2.31,3.3
20260201B08,システム約定結果,最高落札価格（TSO別）[円/kW・30分],11.4,1.98,4.04,4.75,2.28,7.42,6.12,7.42,7.42,11.4
20260201B08,システム約定結果,最低落札価格（TSO別）[円/kW・30分],10,1.98,1.75,1.83,2.28,0.36,1.02,1.52,1.12,0.36
20260201B08,システム約定結果,平均落札価格（TSO別）[円/kW・30分],11.27,1.98,2.88,3.12,2.28,4.16,3.09,4.81,3.33,3.3
20260201B08,システム約定結果,落札量合計（TSO別）[MW],33,70,582.252,943.582,124.039,342.713,345,96,252,2788.586
20260201B08,システム約定結果,（内訳）自エリアからの落札量[MW],33,70,582.252,943.582,124.039,342.713,279.03,30,198,2602.616
20260201B08,追加調達結果,募集量（TSO別）[MW],-,-,-,-,-,-,-,-,-,-
20260201B08,追加調達結果,応札量合計（電源属地別）[MW],0,0,0,0,0,0,0,0,0,0
20260201B08,追加調達結果,約定量合計（電源属地別）[MW],0,0,0,0,0,0,0,0,0,0
20260201B08,追加調達結果,応札件数（電源属地別）[件],0,0,0,0,0,0,0,0,0,0
20260201B08,追加調達結果,約定件数（電源属地別）[件],0,0,0,0,0,0,0,0,0,0
20260201B08,追加調達結果,最高約定価格（電源属地別）[円/kW・30分],0,0,0,0,0,0,0,0,0,0
20260201B08,追加調達結果,最低約定価格（電源属地別）[円/kW・30分],0,0,0,0,0,0,0,0,0,0
20260201B08,追加調達結果,平均約定価格（電源属地別）[円/kW・30分],0,0,0,0,0,0,0,0,0,0
20260201B08,追加調達結果,最高約定価格（TSO別）[円/kW・30分],0,0,0,0,0,0,0,0,0,0
20260201B08,追加調達結果,最低約定価格（TSO別）[円/kW・30分],0,0,0,0,0,0,0,0,0,0
20260201B08,追加調達結果,平均約定価格（TSO別）[円/kW・30分],0,0,0,0,0,0,0,0,0,0
20260201B08,追加調達結果,約定量合計（TSO別）[MW],0,0,0,0,0,0,0,0,0,0
20260201B08,追加調達結果,（内訳）自エリアからの約定量[MW],0,0,0,0,0,0,0,0,0,0
20260201B08,合計（確報値）,募集量（TSO別）[MW],0,0,57,6,110,284,280,96,252,1085
20260201B08,合計（確報値）,応札量合計（電源属地別）[MW],393.99,190,896.518,1427.164,130,1190.5,547.342,109,491,5375.514
20260201B08,合計（確報値）,約定量合計（電源属地別）[MW],33,70,582.252,943.582,130,499.722,302.03,30,198,2788.586
20260201B08,合計（確報値）,応札件数（電源属地別）[件],7,1,14,19,1,6,7,3,8,66
20260201B08,合計（確報値）,約定件数（電源属地別）[件],3,1,11,16,1,6,7,2,6,53
20260201B08,合計（確報値）,最高約定価格（電源属地別）[円/kW・30分],11.4,1.98,4.04,4.03,2.28,7.42,3.21,6.24,3.45,11.4
20260201B08,合計（確報値）,最低約定価格（電源属地別）[円/kW・30分],10,1.98,0.36,0.36,2.28,0.36,1.02,1.52,1.27,0.36
20260201B08,合計（確報値）,平均約定価格（電源属地別）[円/kW・30分],11.27,1.98,2.11,1.85,2.28,4.95,2.41,3.88,2.31,2.71
20260201B08,合計（確報値）,最高約定価格（TSO別）[円/kW・30分],11.4,1.98,4.04,4.03,2.28,7.42,6.12,7.42,7.42,11.4
20260201B08,合計（確報値）,最低約定価格（TSO別）[円/kW・30分],10,1.98,0.36,0.36,2.28,0.36,1.02,1.52,1.12,0.36
20260201B08,合計（確報値）,平均約定価格（TSO別）[円/kW・30分],11.27,1.98,2.11,1.85,2.28,4.16,3.09,4.81,3.33,2.71
20260201B08,合計（確報値）,約定量合計（TSO別）[MW],33,70,582.252,943.582,124.039,342.713,345,96,252,2788.586
20260201B08,合計（確報値）,（内訳）自エリアからの約定量[MW],33,70,582.252,943.582,124.039,342.713,279.03,30,198,2602.616
20260202B01,システム約定結果,募集量（TSO別）[MW],0,0,0,0,112,0,55,85,282,534
20260202B01,システム約定結果,応札量合計（電源属地別）[MW],339.69,190,940.757,472,100,1190.5,547.342,93,458,4331.289
20260202B01,システム約定結果,落札量合計（電源属地別）[MW],29,70,675.357,436.738,100,499.722,236.07,30,157,2233.887
20260202B01,システム約定結果,応札件数（電源属地別）[件],5,1,6,4,1,6,7,3,7,40
20260202B01,システム約定結果,落札件数（電源属地別）[件],2,1,4,4,1,6,7,2,5,32
20260202B01,システム約定結果,最高落札価格（電源属地別）[円/kW・30分],4.27,2.42,2.68,2.74,2.09,8.66,2.05,6.7,1.86,8.66
20260202B01,システム約定結果,最低落札価格（電源属地別）[円/kW・30分],2.45,2.42,1.96,2.23,2.09,0.36,0.36,0.89,0.36,0.36
20260202B01,システム約定結果,平均落札価格（電源属地別）[円/kW・30分],3.28,2.42,2.12,2.5,2.09,5.71,1.56,3.8,0.99,2.9
20260202B01,システム約定結果,最高落札価格（TSO別）[円/kW・30分],4.27,2.42,2.68,2.74,2.09,8.66,2.05,8.66,7.16,8.66
20260202B01,システム約定結果,最低落札価格（TSO別）[円/kW・30分],2.45,2.42,1.96,2.23,2.09,0.36,0.36,0.64,0.36,0.36
20260202B01,システム約定結果,平均落札価格（TSO別）[円/kW・30分],3.28,2.42,2.12,2.5,2.09,5.09,1.52,5.65,3.41,2.9
20260202B01,システム約定結果,落札量合計（TSO別）[MW],29,70,675.357,436.738,100,336.792,219,85,282,2233.887
20260202B01,システム約定結果,（内訳）自エリアからの落札量[MW],29,70,675.357,436.738,100,336.792,219,30,157,2053.887
20260202B01,追加調達結果,募集量（TSO別）[MW],-,-,-,-,-,-,-,-,-,-
20260202B01,追加調達結果,応札量合計（電源属地別）[MW],0,0,0,0,0,0,0,0,0,0
20260202B01,追加調達結果,約定量合計（電源属地別）[MW],0,0,0,0,0,0,0,0,0,0
20260202B01,追加調達結果,応札件数（電源属地別）[件],0,0,0,0,0,0,0,0,0,0
20260202B01,追加調達結果,約定件数（電源属地別）[件],0,0,0,0,0,0,0,0,0,0
20260202B01,追加調達結果,最高約定価格（電源属地別）[円/kW・30分],0,0,0,0,0,0,0,0,0,0
20260202B01,追加調達結果,最低約定価格（電源属地別）[円/kW・30分],0,0,0,0,0,0,0,0,0,0
20260202B01,追加調達結果,平均約定価格（電源属地別）[円/kW・30分],0,0,0,0,0,0,0,0,0,0
20260202B01,追加調達結果,最高約定価格（TSO別）[円/kW・30分],0,0,0,0,0,0,0,0,0,0
20260202B01,追加調達結果,最低約定価格（TSO別）[円/kW・30分],0,0,0,0,0,0,0,0,0,0
20260202B01,追加調達結果,平均約定価格（TSO別）[円/kW・30分],0,0,0,0,0,0,0,0,0,0
20260202B01,追加調達結果,約定量合計（TSO別）[MW],0,0,0,0,0,0,0,0,0,0
20260202B01,追加調達結果,（内訳）自エリアからの約定量[MW],0,0,0,0,0,0,0,0,0,0
20260202B01,合計（確報値）,募集量（TSO別）[MW],0,0,0,0,112,0,55,85,282,534
20260202B01,合計（確報値）,応札量合計（電源属地別）[MW],352.99,190,940.757,908.738,100,1190.5,547.342,93,458,4781.327
20260202B01,合計（確報値）,約定量合計（電源属地別）[MW],29,70,675.357,436.738,100,499.722,236.07,30,157,2233.887
20260202B01,合計（確報値）,応札件数（電源属地別）[件],7,1,6,16,1,6,7,3,7,54
20260202B01,合計（確報値）,約定件数（電源属地別）[件],3,1,4,12,1,6,7,2,5,41
20260202B01,合計（確報値）,最高約定価格（電源属地別）[円/kW・30分],4.27,2.42,2.68,0.36,2.09,8.66,2.05,6.7,1.86,8.66
20260202B01,合計（確報値）,最低約定価格（電源属地別）[円/kW・30分],2.45,2.42,1.96,0.36,2.09,0.36,0.36,0.89,0.36,0.36
20260202B01,合計（確報値）,平均約定価格（電源属地別）[円/kW・30分],3.28,2.42,2.12,0.36,2.09,5.71,1.56,3.8,0.99,2.49
20260202B01,合計（確報値）,最高約定価格（TSO別）[円/kW・30分],4.27,2.42,2.68,0.36,2.09,8.66,2.05,8.66,7.16,8.66
20260202B01,合計（確報値）,最低約定価格（TSO別）[円/kW・30分],2.45,2.42,1.96,0.36,2.09,0.36,0.36,0.64,0.36,0.36
20260202B01,合計（確報値）,平均約定価格（TSO別）[円/kW・30分],3.28,2.42,2.12,0.36,2.09,5.09,1.52,5.65,3.41,2.49
20260202B01,合計（確報値）,約定量合計（TSO別）[MW],29,70,675.357,436.738,100,336.792,219,85,282,2233.887
20260202B01,合計（確報値）,（内訳）自エリアからの約定量[MW],29,70,675.357,436.738,100,336.792,219,30,157,2053.887
20260202B02,システム約定結果,募集量（TSO別）[MW],0,50,0,0,93,23,193,87,244,690
20260202B02,システム約定結果,応札量合計（電源属地別）[MW],224.99,190,1077.437,355,100,1190.5,547.342,93,520.97,4299.239
20260202B02,システム約定結果,落札量合計（電源属地別）[MW],3,70,926.137,329.803,100,499.722,285.03,30,180,2423.692
20260202B02,システム約定結果,応札件数（電源属地別）[件],5,1,7,3,1,6,7,3,9,42
20260202B02,システム約定結果,落札件数（電源属地別）[件],1,1,5,3,1,6,7,2,6,32
20260202B02,システム約定結果,最高落札価格（電源属地別）[円/kW・30分],6,2.33,2.63,2.77,2.17,7.92,2.32,6.49,2.23,7.92
20260202B02,システム約定結果,最低落札価格（電源属地別）[円/kW・30分],6,2.33,2,2.19,2.17,0.36,0.36,1.18,0.36,0.36
20260202B02,システム約定結果,平均落札価格（電源属地別）[円/kW・30分],6,2.33,2.19,2.43,2.17,5.27,1.63,3.84,1.3,2.75
20260202B02,システム約定結果,最高落札価格（TSO別）[円/kW・30分],6,2.33,2.63,2.77,2.17,7.92,7.92,6.54,7.92,7.92
20260202B02,システム約定結果,最低落札価格（TSO別）[円/kW・30分],6,2.33,2,2.19,2.17,0.36,0.36,0.87,0.36,0.36
20260202B02,システム約定結果,平均落札価格（TSO別）[円/kW・30分],6,2.33,2.19,2.43,2.17,5.02,1.58,4.99,2.33,2.75
20260202B02,システム約定結果,落札量合計（TSO別）[MW],3,70,926.137,329.803,100,404.752,259,87,244,2423.692
20260202B02,システム約定結果,（内訳）自エリアからの落札量[MW],3,70,926.137,329.803,100,404.752,258.02,30,180,2301.712
20260202B02,追加調達結果,募集量（TSO別）[MW],-,-,-,-,-,-,-,-,-,-
20260202B02,追加調達結果,応札量合計（電源属地別）[MW],0,0,0,0,0,0,0,0,0,0
20260202B02,追加調達結果,約定量合計（電源属地別）[MW],0,0,0,0,0,0,0,0,0,0
20260202B02,追加調達結果,応札件数（電源属地別）[件],0,0,0,0,0,0,0,0,0,0
20260202B02,追加調達結果,約定件数（電源属地別）[件],0,0,0,0,0,0,0,0,0,0
20260202B02,追加調達結果,最高約定価格（電源属地別）[円/kW・30分],0,0,0,0,0,0,0,0,0,0
20260202B02,追加調達結果,最低約定価格（電源属地別）[円/kW・30分],0,0,0,0,0,0,0,0,0,0
20260202B02,追加調達結果,平均約定価格（電源属地別）[円/kW・30分],0,0,0,0,0,0,0,0,0,0
20260202B02,追加調達結果,最高約定価格（TSO別）[円/kW・30分],0,0,0,0,0,0,0,0,0,0
20260202B02,追加調達結果,最低約定価格（TSO別）[円/kW・30分],0,0,0,0,0,0,0,0,0,0
20260202B02,追加調達結果,平均約定価格（TSO別）[円/kW・30分],0,0,0,0,0,0,0,0,0,0
20260202B02,追加調達結果,約定量合計（TSO別）[MW],0,0,0,0,0,0,0,0,0,0
20260202B02,追加調達結果,（内訳）自エリアからの約定量[MW],0,0,0,0,0,0,0,0,0,0
20260202B02,合計（確報値）,募集量（TSO別）[MW],0,50,0,0,93,23,193,87,244,690
20260202B02,合計（確報値）,応札量合計（電源属地別）[MW],224.99,260,1077.437,684.803,100,1190.5,547.342,93,520.97,4699.042
20260202B02,合計（確報値）,約定量合計（電源属地別）[MW],3,70,926.137,329.803,100,499.722,285.03,30,180,2423.692
20260202B02,合計（確報値）,応札件数（電源属地別）[件],5,3,7,10,1,6,7,3,9,51
20260202B02,合計（確報値）,約定件数（電源属地別）[件],1,2,5,7,1,6,7,2,6,37
20260202B02,合計（確報値）,最高約定価格（電源属地別）[円/kW・30分],6,2.01,2.63,0.36,2.17,7.92,2.32,6.49,2.23,7.92
20260202B02,合計（確報値）,最低約定価格（電源属地別）[円/kW・30分],6,2.01,2,0.36,2.17,0.36,0.36,1.18,0.36,0.36
20260202B02,合計（確報値）,平均約定価格（電源属地別）[円/kW・30分],6,2.01,2.19,0.36,2.17,5.27,1.63,3.84,1.3,2.46
20260202B02,合計（確報値）,最高約定価格（TSO別）[円/kW・30分],6,2.01,2.63,0.36,2.17,7.92,7.92,6.54,7.92,7.92
20260202B02,合計（確報値）,最低約定価格（TSO別）[円/kW・30分],6,2.01,2,0.36,2.17,0.36,0.36,0.87,0.36,0.36
20260202B02,合計（確報値）,平均約定価格（TSO別）[円/kW・30分],6,2.01,2.19,0.36,2.17,5.02,1.58,4.99,2.33,2.46
20260202B02,合計（確報値）,約定量合計（TSO別）[MW],3,70,926.137,329.803,100,404.752,259,87,244,2423.692
20260202B02,合計（確報値）,（内訳）自エリアからの約定量[MW],3,70,926.137,329.803,100,404.752,258.02,30,180,2301.712
20260202B03,システム約定結果,募集量（TSO別）[MW],0,380,356,27,140,383,329,134,261,2010
20260202B03,システム約定結果,応札量合計（電源属地別）[MW],225.74,450,981.392,91,170,1190.5,762.04,169,415,4454.672
20260202B03,システム約定結果,落札量合計（電源属地別）[MW],63.1,210,679.869,91,169,601.722,294.03,169,210,2487.721
20260202B03,システム約定結果,応札件数（電源属地別）[件],5,2,13,1,3,6,12,3,7,52
20260202B03,システム約定結果,落札件数（電源属地別）[件],2,2,7,1,2,6,12,3,6,41
20260202B03,システム約定結果,最高落札価格（電源属地別）[円/kW・30分],8.81,2.18,5.11,4.56,6.15,6.17,19.51,6.98,5.92,19.51
20260202B03,システム約定結果,最低落札価格（電源属地別）[円/kW・30分],8.8,1.22,0.36,4.56,5.95,1.19,2.65,0.36,3.6,0.36
20260202B03,システム約定結果,平均落札価格（電源属地別）[円/kW・30分],8.8,1.86,2.62,4.56,6.02,4.39,4.35,0.97,4.43,3.69
20260202B03,システム約定結果,最高落札価格（TSO別）[円/kW・30分],8.81,4.49,5.11,4.56,6.15,6.17,19.51,6.98,5.92,19.51
20260202B03,システム約定結果,最低落札価格（TSO別）[円/kW・30分],8.8,0.36,0.36,0.36,5.95,1.19,0.36,0.36,1.19,0.36
20260202B03,システム約定結果,平均落札価格（TSO別）[円/kW・30分],8.8,1.33,3.7,3.26,6.01,4.3,4.1,1.43,4.38,3.69
20260202B03,システム約定結果,落札量合計（TSO別）[MW],63.1,450,362.42,87.488,161,494.713,409,134,326,2487.721
20260202B03,システム約定結果,（内訳）自エリアからの落札量[MW],63.1,210,362.42,60.488,161,494.713,286.03,120,210,1967.751
20260202B03,追加調達結果,募集量（TSO別）[MW],-,-,-,-,-,-,-,-,-,-
20260202B03,追加調達結果,応札量合計（電源属地別）[MW],0,0,0,0,0,0,0,0,0,0
20260202B03,追加調達結果,約定量合計（電源属地別）[MW],0,0,0,0,0,0,0,0,0,0
20260202B03,追加調達結果,応札件数（電源属地別）[件],0,0,0,0,0,0,0,0,0,0
20260202B03,追加調達結果,約定件数（電源属地別）[件],0,0,0,0,0,0,0,0,0,0
20260202B03,追加調達結果,最高約定価格（電源属地別）[円/kW・30分],0,0,0,0,0,0,0,0,0,0
20260202B03,追加調達結果,最低約定価格（電源属地別）[円/kW・30分],0,0,0,0,0,0,0,0,0,0
20260202B03,追加調達結果,平均約定価格（電源属地別）[円/kW・30分],0,0,0,0,0,0,0,0,0,0
20260202B03,追加調達結果,最高約定価格（TSO別）[円/kW・30分],0,0,0,0,0,0,0,0,0,0
20260202B03,追加調達結果,最低約定価格（TSO別）[円/kW・30分],0,0,0,0,0,0,0,0,0,0
20260202B03,追加調達結果,平均約定価格（TSO別）[円/kW・30分],0,0,0,0,0,0,0,0,0,0
20260202B03,追加調達結果,約定量合計（TSO別）[MW],0,0,0,0,0,0,0,0,0,0
20260202B03,追加調達結果,（内訳）自エリアからの約定量[MW],0,0,0,0,0,0,0,0,0,0
20260202B03,合計（確報値）,募集量（TSO別）[MW],0,380,356,27,140,383,329,134,261,2010
20260202B03,合計（確報値）,応札量合計（電源属地別）[MW],288.84,450,981.392,182,170,1190.5,762.04,169,415,4608.772
20260202B03,合計（確報値）,約定量合計（電源属地別）[MW],63.1,210,679.869,91,169,601.722,294.03,169,210,2487.721
20260202B03,合計（確報値）,応札件数（電源属地別）[件],9,2,13,5,3,6,12,3,7,60
20260202B03,合計（確報値）,約定件数（電源属地別）[件],4,2,7,4,2,6,12,3,6,46
20260202B03,合計（確報値）,最高約定価格（電源属地別）[円/kW・30分],8.81,2.18,5.11,0.36,6.15,6.17,19.51,6.98,5.92,19.51
20260202B03,合計（確報値）,最低約定価格（電源属地別）[円/kW・30分],8.8,1.22,0.36,0.36,5.95,1.19,2.65,0.36,3.6,0.36
20260202B03,合計（確報値）,平均約定価格（電源属地別）[円/kW・30分],8.8,1.86,2.62,0.36,6.02,4.39,4.35,0.97,4.43,3.53
20260202B03,合計（確報値）,最高約定価格（TSO別）[円/kW・30分],8.81,4.49,5.11,0.36,6.15,6.17,19.51,6.98,5.92,19.51
20260202B03,合計（確報値）,最低約定価格（TSO別）[円/kW・30分],8.8,0.36,0.36,0.36,5.95,1.19,0.36,0.36,0.36,0.36
20260202B03,合計（確報値）,平均約定価格（TSO別）[円/kW・30分],8.8,1.33,3.7,0.36,6.01,4.3,4.1,1.43,3.99,3.53
20260202B03,合計（確報値）,約定量合計（TSO別）[MW],63.1,450,362.42,87.488,161,494.713,409,134,326,2487.721
20260202B03,合計（確報値）,（内訳）自エリアからの約定量[MW],63.1,210,362.42,60.488,161,494.713,286.03,120,210,1967.751
20260202B04,システム約定結果,募集量（TSO別）[MW],0,132,718,66,258,559,470,265,361,2829
20260202B04,システム約定結果,応札量合計（電源属地別）[MW],259.79,260,1012.89,0,248,1192.5,519.43,316,521,4329.61
20260202B04,システム約定結果,落札量合計（電源属地別）[MW],46.79,140,718,0,248,923.794,376.269,286,307.65,3046.503
20260202B04,システム約定結果,応札件数（電源属地別）[件],6,1,10,0,3,7,6,4,7,44
20260202B04,システム約定結果,落札件数（電源属地別）[件],3,1,8,0,3,6,6,4,5,36
20260202B04,システム約定結果,最高落札価格（電源属地別）[円/kW・30分],12.99,1.64,1.27,0,2.83,8.93,19.51,7.37,2.76,19.51
20260202B04,システム約定結果,最低落札価格（電源属地別）[円/kW・30分],2.14,1.64,0.35,0,1,0.36,0.91,0.36,1.09,0.35
20260202B04,システム約定結果,平均落札価格（電源属地別）[円/kW・30分],6.64,1.64,0.42,0,2.71,3.43,2.63,0.84,1.89,2.13
20260202B04,システム約定結果,最高落札価格（TSO別）[円/kW・30分],12.99,1.64,1.27,0,7.38,8.93,19.51,7.37,7.38,19.51
20260202B04,システム約定結果,最低落札価格（TSO別）[円/kW・30分],2.14,1.64,0.35,0,1,0.36,0.36,0.36,0.36,0.35
20260202B04,システム約定結果,平均落札価格（TSO別）[円/kW・30分],6.64,1.64,0.42,0,2.89,4.1,2.82,0.82,1.47,2.13
20260202B04,システム約定結果,落札量合計（TSO別）[MW],46.79,140,718,0,258,601.713,554,298,430,3046.503
20260202B04,システム約定結果,（内訳）自エリアからの落札量[MW],46.79,140,718,0,248,601.713,376.269,250,307.65,2688.422
20260202B04,追加調達結果,募集量（TSO別）[MW],-,-,-,-,-,-,-,-,-,-
20260202B04,追加調達結果,応札量合計（電源属地別）[MW],0,0,0,0,0,0,0,0,0,0
20260202B04,追加調達結果,約定量合計（電源属地別）[MW],0,0,0,0,0,0,0,0,0,0
20260202B04,追加調達結果,応札件数（電源属地別）[件],0,0,0,0,0,0,0,0,0,0
20260202B04,追加調達結果,約定件数（電源属地別）[件],0,0,0,0,0,0,0,0,0,0
20260202B04,追加調達結果,最高約定価格（電源属地別）[円/kW・30分],0,0,0,0,0,0,0,0,0,0
20260202B04,追加調達結果,最低約定価格（電源属地別）[円/kW・30分],0,0,0,0,0,0,0,0,0,0
20260202B04,追加調達結果,平均約定価格（電源属地別）[円/kW・30分],0,0,0,0,0,0,0,0,0,0
20260202B04,追加調達結果,最高約定価格（TSO別）[円/kW・30分],0,0,0,0,0,0,0,0,0,0
20260202B04,追加調達結果,最低約定価格（TSO別）[円/kW・30分],0,0,0,0,0,0,0,0,0,0
20260202B04,追加調達結果,平均約定価格（TSO別）[円/kW・30分],0,0,0,0,0,0,0,0,0,0
20260202B04,追加調達結果,約定量合計（TSO別）[MW],0,0,0,0,0,0,0,0,0,0
20260202B04,追加調達結果,（内訳）自エリアからの約定量[MW],0,0,0,0,0,0,0,0,0,0
20260202B04,合計（確報値）,募集量（TSO別）[MW],0,132,718,66,258,559,470,265,361,2829
20260202B04,合計（確報値）,応札量合計（電源属地別）[MW],286.79,260,1012.89,0,248,1192.5,519.43,316,521,4356.61
20260202B04,合計（確報値）,約定量合計（電源属地別）[MW],46.79,140,718,0,248,923.794,376.269,286,307.65,3046.503
20260202B04,合計（確報値）,応札件数（電源属地別）[件],7,1,10,0,3,7,6,4,7,45
20260202B04,合計（確報値）,約定件数（電源属地別）[件],3,1,8,0,3,6,6,4,5,36
20260202B04,合計（確報値）,最高約定価格（電源属地別）[円/kW・30分],12.99,1.64,1.27,0,2.83,8.93,19.51,7.37,2.76,19.51
20260202B04,合計（確報値）,最低約定価格（電源属地別）[円/kW・30分],2.14,1.64,0.35,0,1,0.36,0.91,0.36,1.09,0.35
20260202B04,合計（確報値）,平均約定価格（電源属地別）[円/kW・30分],6.64,1.64,0.42,0,2.71,3.43,2.63,0.84,1.89,2.13
20260202B04,合計（確報値）,最高約定価格（TSO別）[円/kW・30分],12.99,1.64,1.27,0,7.38,8.93,19.51,7.37,7.38,19.51
20260202B04,合計（確報値）,最低約定価格（TSO別）[円/kW・30分],2.14,1.64,0.35,0,1,0.36,0.36,0.36,0.36,0.35
20260202B04,合計（確報値）,平均約定価格（TSO別）[円/kW・30分],6.64,1.64,0.42,0,2.89,4.1,2.82,0.82,1.47,2.13
20260202B04,合計（確報値）,約定量合計（TSO別）[MW],46.79,140,718,0,258,601.713,554,298,430,3046.503
20260202B04,合計（確報値）,（内訳）自エリアからの約定量[MW],46.79,140,718,0,248,601.713,376.269,250,307.65,2688.422
20260202B05,システム約定結果,募集量（TSO別）[MW],72,0,40,150,221,412,227,225,318,1665
20260202B05,システム約定結果,応札量合計（電源属地別）[MW],226.89,260,1624.414,0,228,1031.3,506.548,280,512.98,4670.132
20260202B05,システム約定結果,落札量合計（電源属地別）[MW],77,140,401.633,0,228,545.832,240.925,208,299,2140.39
20260202B05,システム約定結果,応札件数（電源属地別）[件],6,1,18,0,2,6,6,5,9,53
20260202B05,システム約定結果,落札件数（電源属地別）[件],3,1,12,0,2,5,6,5,5,39
20260202B05,システム約定結果,最高落札価格（電源属地別）[円/kW・30分],12.49,1.7,2.14,0,1.46,7.45,19.51,10.25,3.87,19.51
20260202B05,システム約定結果,最低落札価格（電源属地別）[円/kW・30分],7.21,1.7,0.35,0,1.27,0.36,0.36,0.36,0.36,0.35
20260202B05,システム約定結果,平均落札価格（電源属地別）[円/kW・30分],12.32,1.7,0.97,0,1.34,2.91,2.19,2.27,2.47,2.43
20260202B05,システム約定結果,最高落札価格（TSO別）[円/kW・30分],12.49,1.7,2.14,0.35,1.46,7.45,19.51,10.25,3.87,19.51
20260202B05,システム約定結果,最低落札価格（TSO別）[円/kW・30分],7.21,1.7,0.35,0.35,1.27,0.35,0.35,0.36,0.36,0.35
20260202B05,システム約定結果,平均落札価格（TSO別）[円/kW・30分],12.32,1.7,1.59,0.35,1.34,2.83,2.93,1.84,2.16,2.43
20260202B05,システム約定結果,落札量合計（TSO別）[MW],77,140,199.933,150,224,412,319,268.457,350,2140.39
20260202B05,システム約定結果,（内訳）自エリアからの落札量[MW],77,140,199.933,0,224,344.717,206.03,208,299,1698.68
20260202B05,追加調達結果,募集量（TSO別）[MW],-,-,-,-,-,-,-,-,-,-
20260202B05,追加調達結果,応札量合計（電源属地別）[MW],0,0,0,0,0,0,0,0,0,0
20260202B05,追加調達結果,約定量合計（電源属地別）[MW],0,0,0,0,0,0,0,0,0,0
20260202B05,追加調達結果,応札件数（電源属地別）[件],0,0,0,0,0,0,0,0,0,0
20260202B05,追加調達結果,約定件数（電源属地別）[件],0,0,0,0,0,0,0,0,0,0
20260202B05,追加調達結果,最高約定価格（電源属地別）[円/kW・30分],0,0,0,0,0,0,0,0,0,0
20260202B05,追加調達結果,最低約定価格（電源属地別）[円/kW・30分],0,0,0,0,0,0,0,0,0,0
20260202B05,追加調達結果,平均約定価格（電源属地別）[円/kW・30分],0,0,0,0,0,0,0,0,0,0
20260202B05,追加調達結果,最高約定価格（TSO別）[円/kW・30分],0,0,0,0,0,0,0,0,0,0
20260202B05,追加調達結果,最低約定価格（TSO別）[円/kW・30分],0,0,0,0,0,0,0,0,0,0
20260202B05,追加調達結果,平均約定価格（TSO別）[円/kW・30分],0,0,0,0,0,0,0,0,0,0
20260202B05,追加調達結果,約定量合計（TSO別）[MW],0,0,0,0,0,0,0,0,0,0
20260202B05,追加調達結果,（内訳）自エリアからの約定量[MW],0,0,0,0,0,0,0,0,0,0
20260202B05,合計（確報値）,募集量（TSO別）[MW],72,0,40,150,221,412,227,225,318,1665
20260202B05,合計（確報値）,応札量合計（電源属地別）[MW],300,260,1624.414,0,228,1031.3,506.548,280,512.98,4743.242
20260202B05,合計（確報値）,約定量合計（電源属地別）[MW],77,140,401.633,0,228,545.832,240.925,183,299,2115.39
20260202B05,合計（確報値）,応札件数（電源属地別）[件],11,1,18,0,2,6,6,5,9,58
20260202B05,合計（確報値）,約定件数（電源属地別）[件],7,1,12,0,2,5,6,4,5,42
20260202B05,合計（確報値）,最高約定価格（電源属地別）[円/kW・30分],12.49,1.7,2.14,0,1.46,7.45,19.51,10.25,3.87,19.51
20260202B05,合計（確報値）,最低約定価格（電源属地別）[円/kW・30分],7.21,1.7,0.35,0,1.27,0.36,0.36,0.36,0.36,0.35
20260202B05,合計（確報値）,平均約定価格（電源属地別）[円/kW・30分],12.32,1.7,0.97,0,1.34,2.91,2.19,1.35,2.47,2.35
20260202B05,合計（確報値）,最高約定価格（TSO別）[円/kW・30分],12.49,1.7,2.14,0.35,1.46,7.45,19.51,10.25,3.87,19.51
20260202B05,合計（確報値）,最低約定価格（TSO別）[円/kW・30分],7.21,1.7,0.35,0.35,1.27,0.35,0.35,0.36,0.36,0.35
20260202B05,合計（確報値）,平均約定価格（TSO別）[円/kW・30分],12.32,1.7,1.59,0.35,1.34,2.83,2.93,1.1,2.16,2.35
20260202B05,合計（確報値）,約定量合計（TSO別）[MW],77,140,199.933,150,224,412,319,243.457,350,2115.39
20260202B05,合計（確報値）,（内訳）自エリアからの約定量[MW],77,140,199.933,0,224,344.717,206.03,183,299,1673.68
20260202B06,システム約定結果,募集量（TSO別）[MW],0,171,707,0,171,476,278,194,288,2285
20260202B06,システム約定結果,応札量合計（電源属地別）[MW],224.99,511.5,971.307,489.582,179,1031.3,647.907,207,520.97,4783.556
20260202B06,システム約定結果,落札量合計（電源属地別）[MW],31,210,764,477.582,178.211,521.782,267.075,189.457,224,2863.107
20260202B06,システム約定結果,応札件数（電源属地別）[件],5,3,11,4,2,6,11,5,9,56
20260202B06,システム約定結果,落札件数（電源属地別）[件],2,2,8,2,2,5,11,5,6,43
20260202B06,システム約定結果,最高落札価格（電源属地別）[円/kW・30分],7.81,2.57,5.27,3.54,4.81,6.37,19.51,7.47,4.51,19.51
20260202B06,システム約定結果,最低落札価格（電源属地別）[円/kW・30分],7.8,2.14,0.36,2.48,4.62,0.36,1.47,0.36,2.31,0.36
20260202B06,システム約定結果,平均落札価格（電源属地別）[円/kW・30分],7.8,2.28,2.12,2.86,4.68,2.94,3.25,2.31,3.07,2.82
20260202B06,システム約定結果,最高落札価格（TSO別）[円/kW・30分],7.81,2.57,5.27,3.54,4.81,6.37,19.51,7.47,4.51,19.51
20260202B06,システム約定結果,最低落札価格（TSO別）[円/kW・30分],7.8,0.36,0.36,2.48,2.7,0.36,1.47,0.36,0.36,0.36
20260202B06,システム約定結果,平均落札価格（TSO別）[円/kW・30分],7.8,1.87,2.26,3.01,4.63,2.76,3.71,2.14,2.72,2.82
20260202B06,システム約定結果,落札量合計（TSO別）[MW],31,267,707,204.919,171,528.713,385.475,207,361,2863.107
20260202B06,システム約定結果,（内訳）自エリアからの落札量[MW],31,210,707,204.919,167,428.99,267.075,169,224,2408.984
20260202B06,追加調達結果,募集量（TSO別）[MW],-,-,-,-,-,-,-,-,-,-
20260202B06,追加調達結果,応札量合計（電源属地別）[MW],0,0,0,0,0,0,0,0,0,0
20260202B06,追加調達結果,約定量合計（電源属地別）[MW],0,0,0,0,0,0,0,0,0,0
20260202B06,追加調達結果,応札件数（電源属地別）[件],0,0,0,0,0,0,0,0,0,0
20260202B06,追加調達結果,約定件数（電源属地別）[件],0,0,0,0,0,0,0,0,0,0
20260202B06,追加調達結果,最高約定価格（電源属地別）[円/kW・30分],0,0,0,0,0,0,0,0,0,0
20260202B06,追加調達結果,最低約定価格（電源属地別）[円/kW・30分],0,0,0,0,0,0,0,0,0,0
20260202B06,追加調達結果,平均約定価格（電源属地別）[円/kW・30分],0,0,0,0,0,0,0,0,0,0
20260202B06,追加調達結果,最高約定価格（TSO別）[円/kW・30分],0,0,0,0,0,0,0,0,0,0
20260202B06,追加調達結果,最低約定価格（TSO別）[円/kW・30分],0,0,0,0,0,0,0,0,0,0
20260202B06,追加調達結果,平均約定価格（TSO別）[円/kW・30分],0,0,0,0,0,0,0,0,0,0
20260202B06,追加調達結果,約定量合計（TSO別）[MW],0,0,0,0,0,0,0,0,0,0
20260202B06,追加調達結果,（内訳）自エリアからの約定量[MW],0,0,0,0,0,0,0,0,0,0
20260202B06,合計（確報値）,募集量（TSO別）[MW],0,171,707,0,171,476,278,194,288,2285
20260202B06,合計（確報値）,応札量合計（電源属地別）[MW],255.99,511.5,971.307,967.164,179,1031.3,647.907,207,520.97,5292.138
20260202B06,合計（確報値）,約定量合計（電源属地別）[MW],31,210,764,477.582,178.211,521.782,267.075,164.457,224,2838.107
20260202B06,合計（確報値）,応札件数（電源属地別）[件],8,3,11,21,2,6,11,5,9,76
20260202B06,合計（確報値）,約定件数（電源属地別）[件],3,2,8,17,2,5,11,4,6,58
20260202B06,合計（確報値）,最高約定価格（電源属地別）[円/kW・30分],7.81,2.57,5.27,0.36,4.81,6.37,19.51,5.43,4.51,19.51
20260202B06,合計（確報値）,最低約定価格（電源属地別）[円/kW・30分],7.8,2.14,0.36,0.36,4.62,0.36,1.47,0.36,2.31,0.36
20260202B06,合計（確報値）,平均約定価格（電源属地別）[円/kW・30分],7.8,2.28,2.12,0.36,4.68,2.94,3.25,1.52,3.07,2.36
20260202B06,合計（確報値）,最高約定価格（TSO別）[円/kW・30分],7.81,2.57,5.27,0.36,4.81,6.37,19.51,5.43,4.51,19.51
20260202B06,合計（確報値）,最低約定価格（TSO別）[円/kW・30分],7.8,0.36,0.36,0.36,2.7,0.36,0.36,0.36,0.36,0.36
20260202B06,合計（確報値）,平均約定価格（TSO別）[円/kW・30分],7.8,1.87,2.26,0.36,4.63,2.41,3.15,1.41,2.04,2.36
20260202B06,合計（確報値）,約定量合計（TSO別）[MW],31,267,707,204.919,171,528.713,385.475,182,361,2838.107
20260202B06,合計（確報値）,（内訳）自エリアからの約定量[MW],31,210,707,204.919,167,428.99,267.075,144,224,2383.984
20260202B07,システム約定結果,募集量（TSO別）[MW],0,148,446,114,115,410,271,111,260,1875
20260202B07,システム約定結果,応札量合計（電源属地別）[MW],220,250,1297.224,481.682,123,1029.3,834.099,121,709,5065.305
20260202B07,システム約定結果,落札量合計（電源属地別）[MW],0,70,524,477.582,123,338.522,280.896,88,212,2114
20260202B07,システム約定結果,応札件数（電源属地別）[件],3,1,12,3,1,5,13,6,10,54
20260202B07,システム約定結果,落札件数（電源属地別）[件],0,1,6,2,1,5,13,5,6,39
20260202B07,システム約定結果,最高落札価格（電源属地別）[円/kW・30分],0,2.66,4.2,2.57,5.56,6.55,19.51,8.92,5.37,19.51
20260202B07,システム約定結果,最低落札価格（電源属地別）[円/kW・30分],0,2.66,0.36,1.82,5.56,1.28,3.02,3.18,3.31,0.36
20260202B07,システム約定結果,平均落札価格（電源属地別）[円/kW・30分],0,2.66,2.26,2.09,5.56,4.89,4.64,6.05,3.82,3.48
20260202B07,システム約定結果,最高落札価格（TSO別）[円/kW・30分],0,4.2,4.2,2.57,7.99,6.55,19.51,8.92,5.56,19.51
20260202B07,システム約定結果,最低落札価格（TSO別）[円/kW・30分],0,0.36,0.36,1.82,3.02,1.28,1.82,2.57,1.82,0.36
20260202B07,システム約定結果,平均落札価格（TSO別）[円/kW・30分],0,3.29,1.98,2.21,6.01,4.32,4.16,4.28,3.56,3.48
20260202B07,システム約定結果,落札量合計（TSO別）[MW],0,148,446,228,115,410,336,121,310,2114
20260202B07,システム約定結果,（内訳）自エリアからの落札量[MW],0,70,446,228,92.421,333.522,275.03,66,212,1722.973
20260202B07,追加調達結果,募集量（TSO別）[MW],-,-,-,-,-,-,-,-,-,-
20260202B07,追加調達結果,応札量合計（電源属地別）[MW],0,0,0,0,0,0,0,0,0,0
20260202B07,追加調達結果,約定量合計（電源属地別）[MW],0,0,0,0,0,0,0,0,0,0
20260202B07,追加調達結果,応札件数（電源属地別）[件],0,0,0,0,0,0,0,0,0,0
20260202B07,追加調達結果,約定件数（電源属地別）[件],0,0,0,0,0,0,0,0,0,0
20260202B07,追加調達結果,最高約定価格（電源属地別）[円/kW・30分],0,0,0,0,0,0,0,0,0,0
20260202B07,追加調達結果,最低約定価格（電源属地別）[円/kW・30分],0,0,0,0,0,0,0,0,0,0
20260202B07,追加調達結果,平均約定価格（電源属地別）[円/kW・30分],0,0,0,0,0,0,0,0,0,0
20260202B07,追加調達結果,最高約定価格（TSO別）[円/kW・30分],0,0,0,0,0,0,0,0,0,0
20260202B07,追加調達結果,最低約定価格（TSO別）[円/kW・30分],0,0,0,0,0,0,0,0,0,0
20260202B07,追加調達結果,平均約定価格（TSO別）[円/kW・30分],0,0,0,0,0,0,0,0,0,0
20260202B07,追加調達結果,約定量合計（TSO別）[MW],0,0,0,0,0,0,0,0,0,0
20260202B07,追加調達結果,（内訳）自エリアからの約定量[MW],0,0,0,0,0,0,0,0,0,0
20260202B07,合計（確報値）,募集量（TSO別）[MW],0,148,446,114,115,410,271,111,260,1875
20260202B07,合計（確報値）,応札量合計（電源属地別）[MW],220,250,1297.224,959.264,123,1029.3,834.099,121,709,5542.887
20260202B07,合計（確報値）,約定量合計（電源属地別）[MW],0,70,524,477.582,123,338.522,280.896,63,212,2089
20260202B07,合計（確報値）,応札件数（電源属地別）[件],3,1,12,23,1,5,13,6,10,74
20260202B07,合計（確報値）,約定件数（電源属地別）[件],0,1,6,20,1,5,13,4,6,56
20260202B07,合計（確報値）,最高約定価格（電源属地別）[円/kW・30分],0,2.66,4.2,0.36,5.56,6.55,19.51,8.92,5.37,19.51
20260202B07,合計（確報値）,最低約定価格（電源属地別）[円/kW・30分],0,2.66,0.36,0.36,5.56,1.28,3.02,3.18,3.31,0.36
20260202B07,合計（確報値）,平均約定価格（電源属地別）[円/kW・30分],0,2.66,2.26,0.36,5.56,4.89,4.64,5.28,3.82,3.03
20260202B07,合計（確報値）,最高約定価格（TSO別）[円/kW・30分],0,4.2,4.2,0.36,5.56,6.55,19.51,8.92,5.56,19.51
20260202B07,合計（確報値）,最低約定価格（TSO別）[円/kW・30分],0,0.36,0.36,0.36,3.02,0.36,0.36,0.36,0.36,0.36
20260202B07,合計（確報値）,平均約定価格（TSO別）[円/kW・30分],0,3.29,1.98,0.36,5.54,4.06,3.89,3.25,3.24,3.03
20260202B07,合計（確報値）,約定量合計（TSO別）[MW],0,148,446,228,93,410,336,118,310,2089
20260202B07,合計（確報値）,（内訳）自エリアからの約定量[MW],0,70,446,228,92.421,333.522,275.03,63,212,1719.973
20260202B08,システム約定結果,募集量（TSO別）[MW],0,0,57,6,110,284,280,96,252,1085
20260202B08,システム約定結果,応札量合計（電源属地別）[MW],313.99,250,535.063,477.582,130,1190.5,789.729,109,491,4286.864
20260202B08,システム約定結果,落札量合計（電源属地別）[MW],34,70,383.763,477.582,130,499.722,282.03,54,198,2129.097
20260202B08,システム約定結果,応札件数（電源属地別）[件],5,1,6,2,1,6,12,4,8,45
20260202B08,システム約定結果,落札件数（電源属地別）[件],2,1,4,2,1,6,12,3,6,37
20260202B08,システム約定結果,最高落札価格（電源属地別）[円/kW・30分],5,3.48,6.55,2.59,3.75,5.65,3.69,7.04,3.85,7.04
20260202B08,システム約定結果,最低落札価格（電源属地別）[円/kW・30分],3.11,3.48,1.75,1.44,3.75,0.36,1.44,2.52,1.63,0.36
20260202B08,システム約定結果,平均落札価格（電源属地別）[円/kW・30分],3.28,3.48,2.74,1.85,3.75,4.32,2.31,5.36,2.69,3.01
20260202B08,システム約定結果,最高落札価格（TSO別）[円/kW・30分],5,3.48,6.55,2.59,3.75,5.65,5.65,7.04,5.65,7.04
20260202B08,システム約定結果,最低落札価格（TSO別）[円/kW・30分],3.11,3.48,1.75,1.44,3.75,0.36,1.44,2.52,1.55,0.36
20260202B08,システム約定結果,平均落札価格（TSO別）[円/kW・30分],3.28,3.48,2.74,1.84,3.75,3.76,2.95,5.41,3.18,3.01
20260202B08,システム約定結果,落札量合計（TSO別）[MW],34,70,383.763,471.621,130,342.713,345,100,252,2129.097
20260202B08,システム約定結果,（内訳）自エリアからの落札量[MW],34,70,383.763,471.621,130,342.713,279.02,54,198,1963.117
20260202B08,追加調達結果,募集量（TSO別）[MW],-,-,-,-,-,-,-,-,-,-
20260202B08,追加調達結果,応札量合計（電源属地別）[MW],0,0,0,0,0,0,0,0,0,0
20260202B08,追加調達結果,約定量合計（電源属地別）[MW],0,0,0,0,0,0,0,0,0,0
20260202B08,追加調達結果,応札件数（電源属地別）[件],0,0,0,0,0,0,0,0,0,0
20260202B08,追加調達結果,約定件数（電源属地別）[件],0,0,0,0,0,0,0,0,0,0
20260202B08,追加調達結果,最高約定価格（電源属地別）[円/kW・30分],0,0,0,0,0,0,0,0,0,0
20260202B08,追加調達結果,最低約定価格（電源属地別）[円/kW・30分],0,0,0,0,0,0,0,0,0,0
20260202B08,追加調達結果,平均約定価格（電源属地別）[円/kW・30分],0,0,0,0,0,0,0,0,0,0
20260202B08,追加調達結果,最高約定価格（TSO別）[円/kW・30分],0,0,0,0,0,0,0,0,0,0
20260202B08,追加調達結果,最低約定価格（TSO別）[円/kW・30分],0,0,0,0,0,0,0,0,0,0
20260202B08,追加調達結果,平均約定価格（TSO別）[円/kW・30分],0,0,0,0,0,0,0,0,0,0
20260202B08,追加調達結果,約定量合計（TSO別）[MW],0,0,0,0,0,0,0,0,0,0
20260202B08,追加調達結果,（内訳）自エリアからの約定量[MW],0,0,0,0,0,0,0,0,0,0
20260202B08,合計（確報値）,募集量（TSO別）[MW],0,0,57,6,110,284,280,96,252,1085
20260202B08,合計（確報値）,応札量合計（電源属地別）[MW],344.99,250,535.063,955.164,130,1190.5,789.729,109,491,4795.446
20260202B08,合計（確報値）,約定量合計（電源属地別）[MW],34,70,383.763,477.582,130,499.722,282.03,30,198,2105.097
20260202B08,合計（確報値）,応札件数（電源属地別）[件],7,1,6,21,1,6,12,4,8,66
20260202B08,合計（確報値）,約定件数（電源属地別）[件],3,1,4,19,1,6,12,2,6,54
20260202B08,合計（確報値）,最高約定価格（電源属地別）[円/kW・30分],5,3.48,6.55,0.36,3.75,5.65,3.69,5.51,3.85,6.55
20260202B08,合計（確報値）,最低約定価格（電源属地別）[円/kW・30分],3.11,3.48,1.75,0.36,3.75,0.36,1.44,2.52,1.63,0.36
20260202B08,合計（確報値）,平均約定価格（電源属地別）[円/kW・30分],3.28,3.48,2.74,0.36,3.75,4.32,2.31,4.02,2.69,2.63
20260202B08,合計（確報値）,最高約定価格（TSO別）[円/kW・30分],5,3.48,6.55,0.36,3.75,5.65,5.65,5.65,5.65,6.55
20260202B08,合計（確報値）,最低約定価格（TSO別）[円/kW・30分],3.11,3.48,1.75,0.36,3.75,0.36,1.44,2.52,0.36,0.36
20260202B08,合計（確報値）,平均約定価格（TSO別）[円/kW・30分],3.28,3.48,2.74,0.36,3.75,3.76,2.95,4.9,3.13,2.63
20260202B08,合計（確報値）,約定量合計（TSO別）[MW],34,70,383.763,471.621,130,342.713,345,76,252,2105.097
20260202B08,合計（確報値）,（内訳）自エリアからの約定量[MW],34,70,383.763,471.621,130,342.713,279.02,30,198,1939.117
20260203B01,システム約定結果,募集量（TSO別）[MW],0,0,0,0,112,0,55,85,282,534
20260203B01,システム約定結果,応札量合計（電源属地別）[MW],235.69,250,540.15,948.582,116,1190.5,619.401,93,491,4484.323
20260203B01,システム約定結果,落札量合計（電源属地別）[MW],17.69,70,388.75,845.015,116,306.422,236.08,43,157,2179.957
20260203B01,システム約定結果,応札件数（電源属地別）[件],5,1,4,6,1,6,8,4,8,43
20260203B01,システム約定結果,落札件数（電源属地別）[件],2,1,3,6,1,5,8,3,6,35
20260203B01,システム約定結果,最高落札価格（電源属地別）[円/kW・30分],4.3,4.06,2.23,2.6,1.89,7.65,2.45,6.35,2.11,7.65
20260203B01,システム約定結果,最低落札価格（電源属地別）[円/kW・30分],2.45,4.06,1.75,1.41,1.89,0.36,0.36,1.37,0.36,0.36
20260203B01,システム約定結果,平均落札価格（電源属地別）[円/kW・30分],2.66,4.06,2.05,2.11,1.89,4.27,1.69,4.48,1.36,2.4
20260203B01,システム約定結果,最高落札価格（TSO別）[円/kW・30分],4.3,4.06,2.23,2.6,1.89,7.65,2.45,7.65,7.65,7.65
20260203B01,システム約定結果,最低落札価格（TSO別）[円/kW・30分],2.45,4.06,1.75,1.41,1.89,0.36,0.36,1.37,0.36,0.36
20260203B01,システム約定結果,平均落札価格（TSO別）[円/kW・30分],2.66,4.06,2.05,2.16,1.89,2.89,1.67,3.7,3.16,2.4
20260203B01,システム約定結果,落札量合計（TSO別）[MW],17.69,70,388.75,787.804,112,217.713,219,85,282,2179.957
20260203B01,システム約定結果,（内訳）自エリアからの落札量[MW],17.69,70,388.75,787.804,112,217.713,219,43,157,2012.957
20260203B01,追加調達結果,募集量（TSO別）[MW],-,-,-,-,-,-,-,-,-,-
20260203B01,追加調達結果,応札量合計（電源属地別）[MW],0,0,0,0,0,0,0,0,0,0
20260203B01,追加調達結果,約定量合計（電源属地別）[MW],0,0,0,0,0,0,0,0,0,0
20260203B01,追加調達結果,応札件数（電源属地別）[件],0,0,0,0,0,0,0,0,0,0
20260203B01,追加調達結果,約定件数（電源属地別）[件],0,0,0,0,0,0,0,0,0,0
20260203B01,追加調達結果,最高約定価格（電源属地別）[円/kW・30分],0,0,0,0,0,0,0,0,0,0
20260203B01,追加調達結果,最低約定価格（電源属地別）[円/kW・30分],0,0,0,0,0,0,0,0,0,0
20260203B01,追加調達結果,平均約定価格（電源属地別）[円/kW・30分],0,0,0,0,0,0,0,0,0,0
20260203B01,追加調達結果,最高約定価格（TSO別）[円/kW・30分],0,0,0,0,0,0,0,0,0,0
20260203B01,追加調達結果,最低約定価格（TSO別）[円/kW・30分],0,0,0,0,0,0,0,0,0,0
20260203B01,追加調達結果,平均約定価格（TSO別）[円/kW・30分],0,0,0,0,0,0,0,0,0,0
20260203B01,追加調達結果,約定量合計（TSO別）[MW],0,0,0,0,0,0,0,0,0,0
20260203B01,追加調達結果,（内訳）自エリアからの約定量[MW],0,0,0,0,0,0,0,0,0,0
20260203B01,合計（確報値）,募集量（TSO別）[MW],0,0,0,0,112,0,55,85,282,534
20260203B01,合計（確報値）,応札量合計（電源属地別）[MW],235.69,250,540.15,1362.583,116,1190.5,619.401,93,491,4898.324
20260203B01,合計（確報値）,約定量合計（電源属地別）[MW],17.69,70,388.75,845.015,116,306.422,236.08,20,157,2156.957
20260203B01,合計（確報値）,応札件数（電源属地別）[件],5,1,4,16,1,6,8,4,8,53
20260203B01,合計（確報値）,約定件数（電源属地別）[件],2,1,3,14,1,5,8,2,6,42
20260203B01,合計（確報値）,最高約定価格（電源属地別）[円/kW・30分],4.3,4.06,2.23,2.49,1.89,7.65,2.45,6.35,2.11,7.65
20260203B01,合計（確報値）,最低約定価格（電源属地別）[円/kW・30分],2.45,4.06,1.75,0.36,1.89,0.36,0.36,1.37,0.36,0.36
20260203B01,合計（確報値）,平均約定価格（電源属地別）[円/kW・30分],2.66,4.06,2.05,1.39,1.89,4.27,1.69,2.86,1.36,2.09
20260203B01,合計（確報値）,最高約定価格（TSO別）[円/kW・30分],4.3,4.06,2.23,2.49,1.89,7.65,2.45,7.65,7.65,7.65
20260203B01,合計（確報値）,最低約定価格（TSO別）[円/kW・30分],2.45,4.06,1.75,0.36,1.89,0.36,0.36,0.36,0.36,0.36
20260203B01,合計（確報値）,平均約定価格（TSO別）[円/kW・30分],2.66,4.06,2.05,1.47,1.89,2.89,1.67,2.34,3.07,2.09
20260203B01,合計（確報値）,約定量合計（TSO別）[MW],17.69,70,388.75,787.804,112,217.713,219,62,282,2156.957
20260203B01,合計（確報値）,（内訳）自エリアからの約定量[MW],17.69,70,388.75,787.804,112,217.713,219,20,157,1989.957
20260203B02,システム約定結果,募集量（TSO別）[MW],0,50,0,0,93,23,193,87,244,690
20260203B02,システム約定結果,応札量合計（電源属地別）[MW],223.99,250,435.011,832.582,102,1190.5,619.401,93,520.97,4267.454
20260203B02,システム約定結果,落札量合計（電源属地別）[MW],22.25,70,283.711,537.212,102,184.713,285.03,54,180,1718.916
20260203B02,システム約定結果,応札件数（電源属地別）[件],5,1,7,5,1,6,8,4,9,46
20260203B02,システム約定結果,落札件数（電源属地別）[件],2,1,5,3,1,4,8,3,6,33
20260203B02,システム約定結果,最高落札価格（電源属地別）[円/kW・30分],13.16,3.97,5.59,2.58,1.97,0.87,2.86,6.29,2.23,13.16
20260203B02,システム約定結果,最低落札価格（電源属地別）[円/kW・30分],6,3.97,1.63,1.41,1.97,0.36,0.6,1.46,0.36,0.36
20260203B02,システム約定結果,平均落札価格（電源属地別）[円/kW・30分],12.19,3.97,2.37,1.92,1.97,0.57,1.96,4.81,1.3,2.1
20260203B02,システム約定結果,最高落札価格（TSO別）[円/kW・30分],13.16,3.97,5.59,2.58,1.97,0.87,2.86,6.29,2.86,13.16
20260203B02,システム約定結果,最低落札価格（TSO別）[円/kW・30分],6,3.97,1.63,1.41,1.97,0.36,0.6,1.46,0.36,0.36
20260203B02,システム約定結果,平均落札価格（TSO別）[円/kW・30分],12.19,3.97,2.37,1.86,1.97,0.57,1.87,3.8,1.62,2.1
20260203B02,システム約定結果,落札量合計（TSO別）[MW],22.25,70,283.711,470.242,93,184.713,259,92,244,1718.916
20260203B02,システム約定結果,（内訳）自エリアからの落札量[MW],22.25,70,283.711,470.242,93,184.713,258,54,180,1615.916
20260203B02,追加調達結果,募集量（TSO別）[MW],-,-,-,-,-,-,-,-,-,-
20260203B02,追加調達結果,応札量合計（電源属地別）[MW],0,0,0,0,0,0,0,0,0,0
20260203B02,追加調達結果,約定量合計（電源属地別）[MW],0,0,0,0,0,0,0,0,0,0
20260203B02,追加調達結果,応札件数（電源属地別）[件],0,0,0,0,0,0,0,0,0,0
20260203B02,追加調達結果,約定件数（電源属地別）[件],0,0,0,0,0,0,0,0,0,0
20260203B02,追加調達結果,最高約定価格（電源属地別）[円/kW・30分],0,0,0,0,0,0,0,0,0,0
20260203B02,追加調達結果,最低約定価格（電源属地別）[円/kW・30分],0,0,0,0,0,0,0,0,0,0
20260203B02,追加調達結果,平均約定価格（電源属地別）[円/kW・30分],0,0,0,0,0,0,0,0,0,0
20260203B02,追加調達結果,最高約定価格（TSO別）[円/kW・30分],0,0,0,0,0,0,0,0,0,0
20260203B02,追加調達結果,最低約定価格（TSO別）[円/kW・30分],0,0,0,0,0,0,0,0,0,0
20260203B02,追加調達結果,平均約定価格（TSO別）[円/kW・30分],0,0,0,0,0,0,0,0,0,0
20260203B02,追加調達結果,約定量合計（TSO別）[MW],0,0,0,0,0,0,0,0,0,0
20260203B02,追加調達結果,（内訳）自エリアからの約定量[MW],0,0,0,0,0,0,0,0,0,0
20260203B02,合計（確報値）,募集量（TSO別）[MW],0,50,0,0,93,23,193,87,244,690
20260203B02,合計（確報値）,応札量合計（電源属地別）[MW],243.24,250,435.011,1267.859,102,1190.5,619.401,93,520.97,4721.981
20260203B02,合計（確報値）,約定量合計（電源属地別）[MW],22.25,70,283.711,537.212,102,184.713,285.03,30,180,1694.916
20260203B02,合計（確報値）,応札件数（電源属地別）[件],8,1,7,16,1,6,8,4,9,60
20260203B02,合計（確報値）,約定件数（電源属地別）[件],4,1,5,12,1,4,8,2,6,43
20260203B02,合計（確報値）,最高約定価格（電源属地別）[円/kW・30分],13.16,3.97,5.59,2.36,1.97,0.87,2.86,6.29,2.23,13.16
20260203B02,合計（確報値）,最低約定価格（電源属地別）[円/kW・30分],6,3.97,1.63,0.36,1.97,0.36,0.6,1.46,0.36,0.36
20260203B02,合計（確報値）,平均約定価格（電源属地別）[円/kW・30分],12.19,3.97,2.37,0.74,1.97,0.57,1.96,3.88,1.3,1.67
20260203B02,合計（確報値）,最高約定価格（TSO別）[円/kW・30分],13.16,3.97,5.59,2.36,1.97,0.87,2.86,6.29,2.86,13.16
20260203B02,合計（確報値）,最低約定価格（TSO別）[円/kW・30分],6,3.97,1.63,0.36,1.97,0.36,0.36,1.46,0.36,0.36
20260203B02,合計（確報値）,平均約定価格（TSO別）[円/kW・30分],12.19,3.97,2.37,0.52,1.97,0.57,1.86,3.03,1.61,1.67
20260203B02,合計（確報値）,約定量合計（TSO別）[MW],22.25,70,283.711,470.242,93,184.713,259,68,244,1694.916
20260203B02,合計（確報値）,（内訳）自エリアからの約定量[MW],22.25,70,283.711,470.242,93,184.713,258,30,180,1591.916
20260203B03,システム約定結果,募集量（TSO別）[MW],0,380,356,27,140,383,329,134,261,2010
20260203B03,システム約定結果,応札量合計（電源属地別）[MW],222.99,450,974.247,477.582,170,1190.5,834.099,169,415,4903.418
20260203B03,システム約定結果,落札量合計（電源属地別）[MW],54.1,210,596,477.582,161,490.213,286.03,119.807,210,2604.732
20260203B03,システム約定結果,応札件数（電源属地別）[件],5,2,12,2,3,6,13,4,7,54
20260203B03,システム約定結果,落札件数（電源属地別）[件],3,2,8,2,2,6,13,4,6,46
20260203B03,システム約定結果,最高落札価格（電源属地別）[円/kW・30分],11.55,2.31,5.62,3.83,6.15,6.13,19.51,6.98,5.92,19.51
20260203B03,システム約定結果,最低落札価格（電源属地別）[円/kW・30分],10.99,1.32,0.36,2.84,5.95,1.19,3.19,0.36,3.6,0.36
20260203B03,システム約定結果,平均落札価格（電源属地別）[円/kW・30分],11.52,1.98,2.98,3.19,6.02,4.99,4.77,2.2,4.43,3.96
20260203B03,システム約定結果,最高落札価格（TSO別）[円/kW・30分],11.55,5.62,5.62,3.83,6.15,6.13,19.51,6.98,5.92,19.51
20260203B03,システム約定結果,最低落札価格（TSO別）[円/kW・30分],10.99,0.36,0.36,2.84,5.95,1.19,2.84,0.36,2.84,0.36
20260203B03,システム約定結果,平均落札価格（TSO別）[円/kW・30分],11.52,2.31,3.23,3.33,6.02,4.74,4.41,2.94,3.87,3.96
20260203B03,システム約定結果,落札量合計（TSO別）[MW],54.1,450,356,204.919,161,494.713,409,149,326,2604.732
20260203B03,システム約定結果,（内訳）自エリアからの落札量[MW],54.1,210,356,204.919,161,454.213,286.01,119.807,210,2056.049
20260203B03,追加調達結果,募集量（TSO別）[MW],-,-,-,-,-,-,-,-,-,-
20260203B03,追加調達結果,応札量合計（電源属地別）[MW],0,0,0,0,0,0,0,0,0,0
20260203B03,追加調達結果,約定量合計（電源属地別）[MW],0,0,0,0,0,0,0,0,0,0
20260203B03,追加調達結果,応札件数（電源属地別）[件],0,0,0,0,0,0,0,0,0,0
20260203B03,追加調達結果,約定件数（電源属地別）[件],0,0,0,0,0,0,0,0,0,0
20260203B03,追加調達結果,最高約定価格（電源属地別）[円/kW・30分],0,0,0,0,0,0,0,0,0,0
20260203B03,追加調達結果,最低約定価格（電源属地別）[円/kW・30分],0,0,0,0,0,0,0,0,0,0
20260203B03,追加調達結果,平均約定価格（電源属地別）[円/kW・30分],0,0,0,0,0,0,0,0,0,0
20260203B03,追加調達結果,最高約定価格（TSO別）[円/kW・30分],0,0,0,0,0,0,0,0,0,0
20260203B03,追加調達結果,最低約定価格（TSO別）[円/kW・30分],0,0,0,0,0,0,0,0,0,0
20260203B03,追加調達結果,平均約定価格（TSO別）[円/kW・30分],0,0,0,0,0,0,0,0,0,0
20260203B03,追加調達結果,約定量合計（TSO別）[MW],0,0,0,0,0,0,0,0,0,0
20260203B03,追加調達結果,（内訳）自エリアからの約定量[MW],0,0,0,0,0,0,0,0,0,0
20260203B03,合計（確報値）,募集量（TSO別）[MW],0,380,356,27,140,383,329,134,261,2010
20260203B03,合計（確報値）,応札量合計（電源属地別）[MW],275.1,450,974.247,955.164,170,1190.5,834.099,169,415,5433.11
20260203B03,合計（確報値）,約定量合計（電源属地別）[MW],54.1,210,596,477.582,161,490.213,286.03,94.807,210,2579.732
20260203B03,合計（確報値）,応札件数（電源属地別）[件],8,2,12,21,3,6,13,4,7,76
20260203B03,合計（確報値）,約定件数（電源属地別）[件],4,2,8,19,2,6,13,3,6,63
20260203B03,合計（確報値）,最高約定価格（電源属地別）[円/kW・30分],11.55,2.31,5.62,0.36,6.15,6.13,19.51,6.98,5.92,19.51
20260203B03,合計（確報値）,最低約定価格（電源属地別）[円/kW・30分],10.99,1.32,0.36,0.36,5.95,1.19,3.19,0.36,3.6,0.36
20260203B03,合計（確報値）,平均約定価格（電源属地別）[円/kW・30分],11.52,1.98,2.98,0.36,6.02,4.99,4.77,1.45,4.43,3.43
20260203B03,合計（確報値）,最高約定価格（TSO別）[円/kW・30分],11.55,5.62,5.62,0.36,6.15,6.13,19.51,6.98,5.92,19.51
20260203B03,合計（確報値）,最低約定価格（TSO別）[円/kW・30分],10.99,0.36,0.36,0.36,5.95,0.36,0.36,0.36,0.36,0.36
20260203B03,合計（確報値）,平均約定価格（TSO別）[円/kW・30分],11.52,2.31,3.23,0.36,6.02,4.54,3.54,2.51,2.99,3.43
20260203B03,合計（確報値）,約定量合計（TSO別）[MW],54.1,450,356,204.919,161,494.713,409,124,326,2579.732
20260203B03,合計（確報値）,（内訳）自エリアからの約定量[MW],54.1,210,356,204.919,161,454.213,286.01,94.807,210,2031.049
20260203B04,システム約定結果,募集量（TSO別）[MW],0,132,718,66,258,559,470,265,361,2829
20260203B04,システム約定結果,応札量合計（電源属地別）[MW],237.79,260,1039.998,10.5,248,1192.5,549.13,316,521,4374.918
20260203B04,システム約定結果,落札量合計（電源属地別）[MW],35,140,718,10.5,248,916.856,391.857,286,299,3045.213
20260203B04,システム約定結果,応札件数（電源属地別）[件],6,1,10,1,3,7,7,4,7,46
20260203B04,システム約定結果,落札件数（電源属地別）[件],3,1,8,1,3,6,7,4,5,38
20260203B04,システム約定結果,最高落札価格（電源属地別）[円/kW・30分],12.76,1.69,1.27,19.29,2.83,9.65,19.51,7.57,2.76,19.51
20260203B04,システム約定結果,最低落札価格（電源属地別）[円/kW・30分],10.99,1.69,0.35,19.29,1.5,0.36,1.1,0.36,1.09,0.35
20260203B04,システム約定結果,平均落札価格（電源属地別）[円/kW・30分],12.65,1.69,0.41,19.29,2.71,3.7,2.8,0.91,1.9,2.35
20260203B04,システム約定結果,最高落札価格（TSO別）[円/kW・30分],12.76,1.69,1.27,19.29,7.98,9.65,19.51,7.57,7.98,19.51
20260203B04,システム約定結果,最低落札価格（TSO別）[円/kW・30分],10.99,1.69,0.35,19.29,1.5,0.36,0.36,0.36,0.36,0.35
20260203B04,システム約定結果,平均落札価格（TSO別）[円/kW・30分],12.65,1.69,0.41,19.29,2.92,4.39,2.86,0.89,1.74,2.35
20260203B04,システム約定結果,落札量合計（TSO別）[MW],35,140,718,10.5,258,601.713,554,298,430,3045.213
20260203B04,システム約定結果,（内訳）自エリアからの落札量[MW],35,140,718,10.5,248,601.713,380.255,250,299,2682.468
20260203B04,追加調達結果,募集量（TSO別）[MW],-,-,-,-,-,-,-,-,-,-
20260203B04,追加調達結果,応札量合計（電源属地別）[MW],0,0,0,0,0,0,0,0,0,0
20260203B04,追加調達結果,約定量合計（電源属地別）[MW],0,0,0,0,0,0,0,0,0,0
20260203B04,追加調達結果,応札件数（電源属地別）[件],0,0,0,0,0,0,0,0,0,0
20260203B04,追加調達結果,約定件数（電源属地別）[件],0,0,0,0,0,0,0,0,0,0
20260203B04,追加調達結果,最高約定価格（電源属地別）[円/kW・30分],0,0,0,0,0,0,0,0,0,0
20260203B04,追加調達結果,最低約定価格（電源属地別）[円/kW・30分],0,0,0,0,0,0,0,0,0,0
20260203B04,追加調達結果,平均約定価格（電源属地別）[円/kW・30分],0,0,0,0,0,0,0,0,0,0
20260203B04,追加調達結果,最高約定価格（TSO別）[円/kW・30分],0,0,0,0,0,0,0,0,0,0
20260203B04,追加調達結果,最低約定価格（TSO別）[円/kW・30分],0,0,0,0,0,0,0,0,0,0
20260203B04,追加調達結果,平均約定価格（TSO別）[円/kW・30分],0,0,0,0,0,0,0,0,0,0
20260203B04,追加調達結果,約定量合計（TSO別）[MW],0,0,0,0,0,0,0,0,0,0
20260203B04,追加調達結果,（内訳）自エリアからの約定量[MW],0,0,0,0,0,0,0,0,0,0
20260203B04,合計（確報値）,募集量（TSO別）[MW],0,132,718,66,258,559,470,265,361,2829
20260203B04,合計（確報値）,応札量合計（電源属地別）[MW],270.8,260,1039.998,10.5,248,1192.5,549.13,316,521,4407.928
20260203B04,合計（確報値）,約定量合計（電源属地別）[MW],35,140,718,10.5,248,916.856,391.857,286,299,3045.213
20260203B04,合計（確報値）,応札件数（電源属地別）[件],9,1,10,1,3,7,7,4,7,49
20260203B04,合計（確報値）,約定件数（電源属地別）[件],4,1,8,1,3,6,7,4,5,39
20260203B04,合計（確報値）,最高約定価格（電源属地別）[円/kW・30分],12.76,1.69,1.27,19.29,2.83,9.65,19.51,7.57,2.76,19.51
20260203B04,合計（確報値）,最低約定価格（電源属地別）[円/kW・30分],10.99,1.69,0.35,19.29,1.5,0.36,1.1,0.36,1.09,0.35
20260203B04,合計（確報値）,平均約定価格（電源属地別）[円/kW・30分],12.65,1.69,0.41,19.29,2.71,3.7,2.8,0.91,1.9,2.35
20260203B04,合計（確報値）,最高約定価格（TSO別）[円/kW・30分],12.76,1.69,1.27,19.29,7.98,9.65,19.51,7.57,7.98,19.51
20260203B04,合計（確報値）,最低約定価格（TSO別）[円/kW・30分],10.99,1.69,0.35,19.29,1.5,0.36,0.36,0.36,0.36,0.35
20260203B04,合計（確報値）,平均約定価格（TSO別）[円/kW・30分],12.65,1.69,0.41,19.29,2.92,4.39,2.86,0.89,1.74,2.35
20260203B04,合計（確報値）,約定量合計（TSO別）[MW],35,140,718,10.5,258,601.713,554,298,430,3045.213
20260203B04,合計（確報値）,（内訳）自エリアからの約定量[MW],35,140,718,10.5,248,601.713,380.255,250,299,2682.468
20260203B05,システム約定結果,募集量（TSO別）[MW],72,0,40,150,221,412,227,225,318,1665
20260203B05,システム約定結果,応札量合計（電源属地別）[MW],265.89,260,1434.381,0,228,1192.5,332.321,280,512.98,4506.072
20260203B05,システム約定結果,落札量合計（電源属地別）[MW],72,140,359.614,0,228,499.722,199.721,220,308.651,2027.708
20260203B05,システム約定結果,応札件数（電源属地別）[件],6,1,16,0,2,7,5,6,9,52
20260203B05,システム約定結果,落札件数（電源属地別）[件],5,1,10,0,2,6,5,6,5,40
20260203B05,システム約定結果,最高落札価格（電源属地別）[円/kW・30分],13.28,1.85,1.67,0,1.46,9.23,19.51,14.98,3.87,19.51
20260203B05,システム約定結果,最低落札価格（電源属地別）[円/kW・30分],1.85,1.85,0.35,0,1.27,0.36,0.36,0.36,0.36,0.35
20260203B05,システム約定結果,平均落札価格（電源属地別）[円/kW・30分],7.17,1.85,0.74,0,1.34,6.07,2.34,3.47,2.41,3.13
20260203B05,システム約定結果,最高落札価格（TSO別）[円/kW・30分],13.28,1.85,1.67,0.35,1.46,9.23,19.51,14.98,3.87,19.51
20260203B05,システム約定結果,最低落札価格（TSO別）[円/kW・30分],1.85,1.85,0.35,0.35,1.27,0.36,0.35,0.36,0.35,0.35
20260203B05,システム約定結果,平均落札価格（TSO別）[円/kW・30分],7.17,1.85,1.24,0.35,1.34,5.36,3.64,4.24,2.17,3.13
20260203B05,システム約定結果,落札量合計（TSO別）[MW],72,140,157.914,150,224,412,251.794,270,350,2027.708
20260203B05,システム約定結果,（内訳）自エリアからの落札量[MW],72,140,157.914,0,224,392.713,180.434,220,308.651,1695.712
20260203B05,追加調達結果,募集量（TSO別）[MW],-,-,-,-,-,-,-,-,-,-
20260203B05,追加調達結果,応札量合計（電源属地別）[MW],0,0,0,0,0,0,0,0,0,0
20260203B05,追加調達結果,約定量合計（電源属地別）[MW],0,0,0,0,0,0,0,0,0,0
20260203B05,追加調達結果,応札件数（電源属地別）[件],0,0,0,0,0,0,0,0,0,0
20260203B05,追加調達結果,約定件数（電源属地別）[件],0,0,0,0,0,0,0,0,0,0
20260203B05,追加調達結果,最高約定価格（電源属地別）[円/kW・30分],0,0,0,0,0,0,0,0,0,0
20260203B05,追加調達結果,最低約定価格（電源属地別）[円/kW・30分],0,0,0,0,0,0,0,0,0,0
20260203B05,追加調達結果,平均約定価格（電源属地別）[円/kW・30分],0,0,0,0,0,0,0,0,0,0
20260203B05,追加調達結果,最高約定価格（TSO別）[円/kW・30分],0,0,0,0,0,0,0,0,0,0
20260203B05,追加調達結果,最低約定価格（TSO別）[円/kW・30分],0,0,0,0,0,0,0,0,0,0
20260203B05,追加調達結果,平均約定価格（TSO別）[円/kW・30分],0,0,0,0,0,0,0,0,0,0
20260203B05,追加調達結果,約定量合計（TSO別）[MW],0,0,0,0,0,0,0,0,0,0
20260203B05,追加調達結果,（内訳）自エリアからの約定量[MW],0,0,0,0,0,0,0,0,0,0
20260203B05,合計（確報値）,募集量（TSO別）[MW],72,0,40,150,221,412,227,225,318,1665
20260203B05,合計（確報値）,応札量合計（電源属地別）[MW],331,260,1445.081,0,228,1192.5,332.321,280,512.98,4581.882
20260203B05,合計（確報値）,約定量合計（電源属地別）[MW],72,140,330.314,0,228,499.722,199.721,195,308.651,1973.408
20260203B05,合計（確報値）,応札件数（電源属地別）[件],10,1,17,0,2,7,5,6,9,57
20260203B05,合計（確報値）,約定件数（電源属地別）[件],7,1,11,0,2,6,5,5,5,42
20260203B05,合計（確報値）,最高約定価格（電源属地別）[円/kW・30分],13.28,1.85,1.67,0,1.46,9.23,19.51,14.98,3.87,19.51
20260203B05,合計（確報値）,最低約定価格（電源属地別）[円/kW・30分],1.85,1.85,0.35,0,1.27,0.36,0.36,0.36,0.36,0.35
20260203B05,合計（確報値）,平均約定価格（電源属地別）[円/kW・30分],7.17,1.85,0.77,0,1.34,6.07,2.34,2.38,2.41,3.06
20260203B05,合計（確報値）,最高約定価格（TSO別）[円/kW・30分],13.28,1.85,1.67,0.35,1.46,9.23,19.51,14.98,3.87,19.51
20260203B05,合計（確報値）,最低約定価格（TSO別）[円/kW・30分],1.85,1.85,0.35,0.35,1.27,0.36,0.35,0.36,0.35,0.35
20260203B05,合計（確報値）,平均約定価格（TSO別）[円/kW・30分],7.17,1.85,1.44,0.35,1.34,5.36,3.64,3.45,2.17,3.06
20260203B05,合計（確報値）,約定量合計（TSO別）[MW],72,140,128.614,150,224,412,251.794,245,350,1973.408
20260203B05,合計（確報値）,（内訳）自エリアからの約定量[MW],72,140,128.614,0,224,392.713,180.434,195,308.651,1641.412
20260203B06,システム約定結果,募集量（TSO別）[MW],0,171,707,0,171,476,278,194,288,2285
20260203B06,システム約定結果,応札量合計（電源属地別）[MW],221.99,511.5,954.515,9.4,179,1192.5,618.43,207,486.97,4381.305
20260203B06,システム約定結果,落札量合計（電源属地別）[MW],31,210,764,0,179,819.236,260.355,167.457,224,2655.048
20260203B06,システム約定結果,応札件数（電源属地別）[件],5,3,11,2,2,7,11,6,8,55
20260203B06,システム約定結果,落札件数（電源属地別）[件],2,2,9,0,2,6,11,6,6,44
20260203B06,システム約定結果,最高落札価格（電源属地別）[円/kW・30分],10.28,3,5.27,0,4.81,5.96,19.51,7.05,4.51,19.51
20260203B06,システム約定結果,最低落札価格（電源属地別）[円/kW・30分],10.27,1.81,0.36,0,4.62,0.36,1.82,0.36,2.31,0.36
20260203B06,システム約定結果,平均落札価格（電源属地別）[円/kW・30分],10.27,2.21,2.38,0,4.68,2.97,3.65,1.73,3.07,2.94
20260203B06,システム約定結果,最高落札価格（TSO別）[円/kW・30分],10.28,3,5.27,0,4.81,5.96,19.51,7.05,5.96,19.51
20260203B06,システム約定結果,最低落札価格（TSO別）[円/kW・30分],10.27,0.36,0.36,0,2.7,0.36,0.36,0.36,0.36,0.36
20260203B06,システム約定結果,平均落札価格（TSO別）[円/kW・30分],10.27,1.82,2.54,0,4.63,3.97,2.68,1.48,2.7,2.94
20260203B06,システム約定結果,落札量合計（TSO別）[MW],31,267,707,0,171,528.713,382.335,207,361,2655.048
20260203B06,システム約定結果,（内訳）自エリアからの落札量[MW],31,210,707,0,167,516.713,260.355,158,224,2274.068
20260203B06,追加調達結果,募集量（TSO別）[MW],-,-,-,-,-,-,-,-,-,-
20260203B06,追加調達結果,応札量合計（電源属地別）[MW],0,0,0,0,0,0,0,0,0,0
20260203B06,追加調達結果,約定量合計（電源属地別）[MW],0,0,0,0,0,0,0,0,0,0
20260203B06,追加調達結果,応札件数（電源属地別）[件],0,0,0,0,0,0,0,0,0,0
20260203B06,追加調達結果,約定件数（電源属地別）[件],0,0,0,0,0,0,0,0,0,0
20260203B06,追加調達結果,最高約定価格（電源属地別）[円/kW・30分],0,0,0,0,0,0,0,0,0,0
20260203B06,追加調達結果,最低約定価格（電源属地別）[円/kW・30分],0,0,0,0,0,0,0,0,0,0
20260203B06,追加調達結果,平均約定価格（電源属地別）[円/kW・30分],0,0,0,0,0,0,0,0,0,0
20260203B06,追加調達結果,最高約定価格（TSO別）[円/kW・30分],0,0,0,0,0,0,0,0,0,0
20260203B06,追加調達結果,最低約定価格（TSO別）[円/kW・30分],0,0,0,0,0,0,0,0,0,0
20260203B06,追加調達結果,平均約定価格（TSO別）[円/kW・30分],0,0,0,0,0,0,0,0,0,0
20260203B06,追加調達結果,約定量合計（TSO別）[MW],0,0,0,0,0,0,0,0,0,0
20260203B06,追加調達結果,（内訳）自エリアからの約定量[MW],0,0,0,0,0,0,0,0,0,0
20260203B06,合計（確報値）,募集量（TSO別）[MW],0,171,707,0,171,476,278,194,288,2285
20260203B06,合計（確報値）,応札量合計（電源属地別）[MW],252.99,511.5,999.615,9.4,179,1192.5,618.43,207,486.97,4457.405
20260203B06,合計（確報値）,約定量合計（電源属地別）[MW],31,210,751.105,0,179,819.236,260.355,150.457,224,2625.153
20260203B06,合計（確報値）,応札件数（電源属地別）[件],8,3,12,2,2,7,11,6,8,59
20260203B06,合計（確報値）,約定件数（電源属地別）[件],3,2,10,0,2,6,11,5,6,45
20260203B06,合計（確報値）,最高約定価格（電源属地別）[円/kW・30分],10.28,3,5.27,0,4.81,5.96,19.51,5.55,4.51,19.51
20260203B06,合計（確報値）,最低約定価格（電源属地別）[円/kW・30分],10.27,1.81,0.36,0,4.62,0.36,1.82,0.36,2.31,0.36
20260203B06,合計（確報値）,平均約定価格（電源属地別）[円/kW・30分],10.27,2.21,2.39,0,4.68,2.97,3.65,1.13,3.07,2.92
20260203B06,合計（確報値）,最高約定価格（TSO別）[円/kW・30分],10.28,3,5.27,0,4.81,5.96,19.51,5.55,5.96,19.51
20260203B06,合計（確報値）,最低約定価格（TSO別）[円/kW・30分],10.27,0.36,0.36,0,2.7,0.36,0.36,0.36,0.36,0.36
20260203B06,合計（確報値）,平均約定価格（TSO別）[円/kW・30分],10.27,1.82,2.56,0,4.63,3.97,2.68,0.98,2.7,2.92
20260203B06,合計（確報値）,約定量合計（TSO別）[MW],31,267,694.105,0,171,528.713,382.335,190,361,2625.153
20260203B06,合計（確報値）,（内訳）自エリアからの約定量[MW],31,210,694.105,0,167,516.713,260.355,141,224,2244.173
20260203B07,システム約定結果,募集量（TSO別）[MW],0,148,446,114,115,410,271,111,260,1875
20260203B07,システム約定結果,応札量合計（電源属地別）[MW],218,250,1128.905,3,123,1190.5,834.099,121,706,4574.504
20260203B07,システム約定結果,落札量合計（電源属地別）[MW],0,73.274,660.687,0,123,499.722,316.03,115.287,212,2000
20260203B07,システム約定結果,応札件数（電源属地別）[件],3,1,12,1,1,6,13,5,9,51
20260203B07,システム約定結果,落札件数（電源属地別）[件],0,1,10,0,1,6,13,5,5,41
20260203B07,システム約定結果,最高落札価格（電源属地別）[円/kW・30分],0,2.78,3.11,0,5.56,6.43,19.51,8.77,5.37,19.51
20260203B07,システム約定結果,最低落札価格（電源属地別）[円/kW・30分],0,2.78,0.36,0,5.56,1.28,3.5,0.36,3.31,0.36
20260203B07,システム約定結果,平均落札価格（電源属地別）[円/kW・30分],0,2.78,1.09,0,5.56,5.26,5.06,4.01,3.57,3.53
20260203B07,システム約定結果,最高落札価格（TSO別）[円/kW・30分],0,2.78,3.11,0.36,5.64,7.85,19.51,8.77,6.16,19.51
20260203B07,システム約定結果,最低落札価格（TSO別）[円/kW・30分],0,0.36,0.36,0.36,5.56,1.28,3.5,0.36,0.36,0.36
20260203B07,システム約定結果,平均落札価格（TSO別）[円/kW・30分],0,1.56,1.45,0.36,5.59,5.03,5.24,4.07,3.81,3.53
20260203B07,システム約定結果,落札量合計（TSO別）[MW],0,148,446,114,115,410,336,121,310,2000
20260203B07,システム約定結果,（内訳）自エリアからの落札量[MW],0,73.274,446,0,74,404.713,275.02,110,212,1595.007
20260203B07,追加調達結果,募集量（TSO別）[MW],-,-,-,-,-,-,-,-,-,-
20260203B07,追加調達結果,応札量合計（電源属地別）[MW],0,0,0,0,0,0,0,0,0,0
20260203B07,追加調達結果,約定量合計（電源属地別）[MW],0,0,0,0,0,0,0,0,0,0
20260203B07,追加調達結果,応札件数（電源属地別）[件],0,0,0,0,0,0,0,0,0,0
20260203B07,追加調達結果,約定件数（電源属地別）[件],0,0,0,0,0,0,0,0,0,0
20260203B07,追加調達結果,最高約定価格（電源属地別）[円/kW・30分],0,0,0,0,0,0,0,0,0,0
20260203B07,追加調達結果,最低約定価格（電源属地別）[円/kW・30分],0,0,0,0,0,0,0,0,0,0
20260203B07,追加調達結果,平均約定価格（電源属地別）[円/kW・30分],0,0,0,0,0,0,0,0,0,0
20260203B07,追加調達結果,最高約定価格（TSO別）[円/kW・30分],0,0,0,0,0,0,0,0,0,0
20260203B07,追加調達結果,最低約定価格（TSO別）[円/kW・30分],0,0,0,0,0,0,0,0,0,0
20260203B07,追加調達結果,平均約定価格（TSO別）[円/kW・30分],0,0,0,0,0,0,0,0,0,0
20260203B07,追加調達結果,約定量合計（TSO別）[MW],0,0,0,0,0,0,0,0,0,0
20260203B07,追加調達結果,（内訳）自エリアからの約定量[MW],0,0,0,0,0,0,0,0,0,0
20260203B07,合計（確報値）,募集量（TSO別）[MW],0,148,446,114,115,410,271,111,260,1875
20260203B07,合計（確報値）,応札量合計（電源属地別）[MW],218,250,1128.905,3,123,1190.5,834.099,121,706,4574.504
20260203B07,合計（確報値）,約定量合計（電源属地別）[MW],0,73.274,660.687,0,123,499.722,316.03,96,212,1980.713
20260203B07,合計（確報値）,応札件数（電源属地別）[件],3,1,12,1,1,6,13,5,9,51
20260203B07,合計（確報値）,約定件数（電源属地別）[件],0,1,10,0,1,6,13,4,5,40
20260203B07,合計（確報値）,最高約定価格（電源属地別）[円/kW・30分],0,2.78,3.11,0,5.56,6.43,19.51,8.77,5.37,19.51
20260203B07,合計（確報値）,最低約定価格（電源属地別）[円/kW・30分],0,2.78,0.36,0,5.56,1.28,3.5,0.36,3.31,0.36
20260203B07,合計（確報値）,平均約定価格（電源属地別）[円/kW・30分],0,2.78,1.09,0,5.56,5.26,5.06,3.24,3.57,3.49
20260203B07,合計（確報値）,最高約定価格（TSO別）[円/kW・30分],0,2.78,3.11,0.36,5.64,6.43,19.51,8.77,6.16,19.51
20260203B07,合計（確報値）,最低約定価格（TSO別）[円/kW・30分],0,0.36,0.36,0.36,5.56,1.28,3.5,0.36,0.36,0.36
20260203B07,合計（確報値）,平均約定価格（TSO別）[円/kW・30分],0,1.56,1.45,0.36,5.59,5,5.24,3.57,3.81,3.49
20260203B07,合計（確報値）,約定量合計（TSO別）[MW],0,148,446,114,115,404.713,336,107,310,1980.713
20260203B07,合計（確報値）,（内訳）自エリアからの約定量[MW],0,73.274,446,0,74,404.713,275.02,96,212,1581.007
20260203B08,システム約定結果,募集量（TSO別）[MW],0,0,57,6,110,284,280,96,252,1085
20260203B08,システム約定結果,応札量合計（電源属地別）[MW],222.99,250,506.53,0,130,1190.5,789.729,109,457,3655.749
20260203B08,システム約定結果,落札量合計（電源属地別）[MW],13,70,289.23,0,130,499.722,282.03,54,198,1535.982
20260203B08,システム約定結果,応札件数（電源属地別）[件],5,1,6,0,1,6,12,4,7,42
20260203B08,システム約定結果,落札件数（電源属地別）[件],2,1,4,0,1,6,12,3,6,35
20260203B08,システム約定結果,最高落札価格（電源属地別）[円/kW・30分],11.4,3.65,2.68,0,3.75,5.98,3.9,6.73,3.85,11.4
20260203B08,システム約定結果,最低落札価格（電源属地別）[円/kW・30分],5,3.65,1.75,0,3.75,0.36,1.64,2.21,1.63,0.36
20260203B08,システム約定結果,平均落札価格（電源属地別）[円/kW・30分],9.92,3.65,1.98,0,3.75,4.41,2.53,5.2,2.44,3.34
20260203B08,システム約定結果,最高落札価格（TSO別）[円/kW・30分],11.4,3.65,2.68,2.68,3.75,5.98,5.98,6.73,5.36,11.4
20260203B08,システム約定結果,最低落札価格（TSO別）[円/kW・30分],5,3.65,1.75,2.68,3.75,0.36,1.64,2.21,1.63,0.36
20260203B08,システム約定結果,平均落札価格（TSO別）[円/kW・30分],9.92,3.65,1.96,2.68,3.75,3.86,3.16,5.27,3.02,3.34
20260203B08,システム約定結果,落札量合計（TSO別）[MW],13,70,283.23,6,124.039,342.713,345,100,252,1535.982
20260203B08,システム約定結果,（内訳）自エリアからの落札量[MW],13,70,283.23,0,124.039,342.713,279.02,54,198,1364.002
20260203B08,追加調達結果,募集量（TSO別）[MW],-,-,-,-,-,-,-,-,-,-
20260203B08,追加調達結果,応札量合計（電源属地別）[MW],0,0,0,0,0,0,0,0,0,0
20260203B08,追加調達結果,約定量合計（電源属地別）[MW],0,0,0,0,0,0,0,0,0,0
20260203B08,追加調達結果,応札件数（電源属地別）[件],0,0,0,0,0,0,0,0,0,0
20260203B08,追加調達結果,約定件数（電源属地別）[件],0,0,0,0,0,0,0,0,0,0
20260203B08,追加調達結果,最高約定価格（電源属地別）[円/kW・30分],0,0,0,0,0,0,0,0,0,0
20260203B08,追加調達結果,最低約定価格（電源属地別）[円/kW・30分],0,0,0,0,0,0,0,0,0,0
20260203B08,追加調達結果,平均約定価格（電源属地別）[円/kW・30分],0,0,0,0,0,0,0,0,0,0
20260203B08,追加調達結果,最高約定価格（TSO別）[円/kW・30分],0,0,0,0,0,0,0,0,0,0
20260203B08,追加調達結果,最低約定価格（TSO別）[円/kW・30分],0,0,0,0,0,0,0,0,0,0
20260203B08,追加調達結果,平均約定価格（TSO別）[円/kW・30分],0,0,0,0,0,0,0,0,0,0
20260203B08,追加調達結果,約定量合計（TSO別）[MW],0,0,0,0,0,0,0,0,0,0
20260203B08,追加調達結果,（内訳）自エリアからの約定量[MW],0,0,0,0,0,0,0,0,0,0
20260203B08,合計（確報値）,募集量（TSO別）[MW],0,0,57,6,110,284,280,96,252,1085
20260203B08,合計（確報値）,応札量合計（電源属地別）[MW],232.99,250,506.53,0,130,1190.5,789.729,109,457,3665.749
20260203B08,合計（確報値）,約定量合計（電源属地別）[MW],13,70,289.23,0,130,499.722,282.03,30,198,1511.982
20260203B08,合計（確報値）,応札件数（電源属地別）[件],6,1,6,0,1,6,12,4,7,43
20260203B08,合計（確報値）,約定件数（電源属地別）[件],2,1,4,0,1,6,12,2,6,34
20260203B08,合計（確報値）,最高約定価格（電源属地別）[円/kW・30分],11.4,3.65,2.68,0,3.75,5.98,3.9,5.73,3.85,11.4
20260203B08,合計（確報値）,最低約定価格（電源属地別）[円/kW・30分],5,3.65,1.75,0,3.75,0.36,1.64,2.21,1.63,0.36
20260203B08,合計（確報値）,平均約定価格（電源属地別）[円/kW・30分],9.92,3.65,1.98,0,3.75,4.41,2.53,3.97,2.44,3.28
20260203B08,合計（確報値）,最高約定価格（TSO別）[円/kW・30分],11.4,3.65,2.68,2.68,3.75,5.98,5.98,5.73,5.36,11.4
20260203B08,合計（確報値）,最低約定価格（TSO別）[円/kW・30分],5,3.65,1.75,2.68,3.75,0.36,1.64,2.21,1.63,0.36
20260203B08,合計（確報値）,平均約定価格（TSO別）[円/kW・30分],9.92,3.65,1.96,2.68,3.75,3.86,3.16,4.81,3.02,3.28
20260203B08,合計（確報値）,約定量合計（TSO別）[MW],13,70,283.23,6,124.039,342.713,345,76,252,1511.982
20260203B08,合計（確報値）,（内訳）自エリアからの約定量[MW],13,70,283.23,0,124.039,342.713,279.02,30,198,1340.002
20260204B01,システム約定結果,募集量（TSO別）[MW],0,0,0,0,112,0,55,85,282,534
20260204B01,システム約定結果,応札量合計（電源属地別）[MW],237.69,250,597.294,466,116,1190.5,619.401,93,457,4026.885
20260204B01,システム約定結果,落札量合計（電源属地別）[MW],17.69,70,431.894,430.738,116,499.722,236.08,43,157,2002.124
20260204B01,システム約定結果,応札件数（電源属地別）[件],5,1,6,4,1,6,8,4,7,42
20260204B01,システム約定結果,落札件数（電源属地別）[件],2,1,5,4,1,6,8,3,5,35
20260204B01,システム約定結果,最高落札価格（電源属地別）[円/kW・30分],4.3,4.13,2.11,2.47,1.89,8.11,2.63,7.03,2.11,8.11
20260204B01,システム約定結果,最低落札価格（電源属地別）[円/kW・30分],2.45,4.13,1.75,2.25,1.89,0.36,0.4,0.45,0.36,0.36
20260204B01,システム約定結果,平均落札価格（電源属地別）[円/kW・30分],2.66,4.13,1.99,2.34,1.89,5.36,1.86,3.63,1.08,2.93
20260204B01,システム約定結果,最高落札価格（TSO別）[円/kW・30分],4.3,4.13,2.11,2.47,1.89,8.11,2.63,8.11,8.11,8.11
20260204B01,システム約定結果,最低落札価格（TSO別）[円/kW・30分],2.45,4.13,1.75,2.25,1.89,0.36,0.4,0.45,0.36,0.36
20260204B01,システム約定結果,平均落札価格（TSO別）[円/kW・30分],2.66,4.13,1.99,2.34,1.89,4.46,1.8,5.83,3.51,2.93
20260204B01,システム約定結果,落札量合計（TSO別）[MW],17.69,70,431.894,430.738,116,349.802,219,85,282,2002.124
20260204B01,システム約定結果,（内訳）自エリアからの落札量[MW],17.69,70,431.894,430.738,116,349.802,219,43,157,1835.124
20260204B01,追加調達結果,募集量（TSO別）[MW],-,-,-,-,-,-,-,-,-,-
20260204B01,追加調達結果,応札量合計（電源属地別）[MW],0,0,0,0,0,0,0,0,0,0
20260204B01,追加調達結果,約定量合計（電源属地別）[MW],0,0,0,0,0,0,0,0,0,0
20260204B01,追加調達結果,応札件数（電源属地別）[件],0,0,0,0,0,0,0,0,0,0
20260204B01,追加調達結果,約定件数（電源属地別）[件],0,0,0,0,0,0,0,0,0,0
20260204B01,追加調達結果,最高約定価格（電源属地別）[円/kW・30分],0,0,0,0,0,0,0,0,0,0
20260204B01,追加調達結果,最低約定価格（電源属地別）[円/kW・30分],0,0,0,0,0,0,0,0,0,0
20260204B01,追加調達結果,平均約定価格（電源属地別）[円/kW・30分],0,0,0,0,0,0,0,0,0,0
20260204B01,追加調達結果,最高約定価格（TSO別）[円/kW・30分],0,0,0,0,0,0,0,0,0,0
20260204B01,追加調達結果,最低約定価格（TSO別）[円/kW・30分],0,0,0,0,0,0,0,0,0,0
20260204B01,追加調達結果,平均約定価格（TSO別）[円/kW・30分],0,0,0,0,0,0,0,0,0,0
20260204B01,追加調達結果,約定量合計（TSO別）[MW],0,0,0,0,0,0,0,0,0,0
20260204B01,追加調達結果,（内訳）自エリアからの約定量[MW],0,0,0,0,0,0,0,0,0,0
20260204B01,合計（確報値）,募集量（TSO別）[MW],0,0,0,0,112,0,55,85,282,534
20260204B01,合計（確報値）,応札量合計（電源属地別）[MW],237.69,250,597.294,466,116,1190.5,619.401,93,457,4026.885
20260204B01,合計（確報値）,約定量合計（電源属地別）[MW],17.69,70,431.894,430.738,116,499.722,236.08,20,157,1979.124
20260204B01,合計（確報値）,応札件数（電源属地別）[件],5,1,6,4,1,6,8,4,7,42
20260204B01,合計（確報値）,約定件数（電源属地別）[件],2,1,5,4,1,6,8,2,5,34
20260204B01,合計（確報値）,最高約定価格（電源属地別）[円/kW・30分],4.3,4.13,2.11,2.47,1.89,8.11,2.63,7.03,2.11,8.11
20260204B01,合計（確報値）,最低約定価格（電源属地別）[円/kW・30分],2.45,4.13,1.75,2.25,1.89,0.36,0.4,0.45,0.36,0.36
20260204B01,合計（確報値）,平均約定価格（電源属地別）[円/kW・30分],2.66,4.13,1.99,2.34,1.89,5.36,1.86,2.1,1.08,2.91
20260204B01,合計（確報値）,最高約定価格（TSO別）[円/kW・30分],4.3,4.13,2.11,2.47,1.89,8.11,2.63,8.11,8.11,8.11
20260204B01,合計（確報値）,最低約定価格（TSO別）[円/kW・30分],2.45,4.13,1.75,2.25,1.89,0.36,0.4,0.45,0.36,0.36
20260204B01,合計（確報値）,平均約定価格（TSO別）[円/kW・30分],2.66,4.13,1.99,2.34,1.89,4.46,1.8,6.15,3.51,2.91
20260204B01,合計（確報値）,約定量合計（TSO別）[MW],17.69,70,431.894,430.738,116,349.802,219,62,282,1979.124
20260204B01,合計（確報値）,（内訳）自エリアからの約定量[MW],17.69,70,431.894,430.738,116,349.802,219,20,157,1812.124
20260204B02,システム約定結果,募集量（TSO別）[MW],0,50,0,0,93,23,193,87,244,690
20260204B02,システム約定結果,応札量合計（電源属地別）[MW],224.99,250,598.65,354,102,1190.5,619.401,93,520.97,3953.511
20260204B02,システム約定結果,落札量合計（電源属地別）[MW],3,70,400.334,328.803,102,184.713,285.03,54,180,1607.88
20260204B02,システム約定結果,応札件数（電源属地別）[件],5,1,11,3,1,6,8,4,9,48
20260204B02,システム約定結果,落札件数（電源属地別）[件],1,1,8,3,1,4,8,3,6,35
20260204B02,システム約定結果,最高落札価格（電源属地別）[円/kW・30分],6,3.99,2.21,2.53,1.97,0.87,2.92,6.98,2.23,6.98
20260204B02,システム約定結果,最低落札価格（電源属地別）[円/kW・30分],6,3.99,1.74,2.34,1.97,0.36,0.66,0.52,0.36,0.36
20260204B02,システム約定結果,平均落札価格（電源属地別）[円/kW・30分],6,3.99,2.11,2.42,1.97,0.57,2.01,4.32,1.3,2.04
20260204B02,システム約定結果,最高落札価格（TSO別）[円/kW・30分],6,3.99,2.21,2.53,1.97,0.87,2.92,6.98,2.8,6.98
20260204B02,システム約定結果,最低落札価格（TSO別）[円/kW・30分],6,3.99,1.74,2.34,1.97,0.36,0.66,0.52,0.36,0.36
20260204B02,システム約定結果,平均落札価格（TSO別）[円/kW・30分],6,3.99,2.11,2.42,1.97,0.57,1.93,3.57,1.61,2.04
20260204B02,システム約定結果,落札量合計（TSO別）[MW],3,70,400.334,261.833,93,184.713,259,92,244,1607.88
20260204B02,システム約定結果,（内訳）自エリアからの落札量[MW],3,70,400.334,261.833,93,184.713,258.02,54,180,1504.9
20260204B02,追加調達結果,募集量（TSO別）[MW],-,-,-,-,-,-,-,-,-,-
20260204B02,追加調達結果,応札量合計（電源属地別）[MW],0,0,0,0,0,0,0,0,0,0
20260204B02,追加調達結果,約定量合計（電源属地別）[MW],0,0,0,0,0,0,0,0,0,0
20260204B02,追加調達結果,応札件数（電源属地別）[件],0,0,0,0,0,0,0,0,0,0
20260204B02,追加調達結果,約定件数（電源属地別）[件],0,0,0,0,0,0,0,0,0,0
20260204B02,追加調達結果,最高約定価格（電源属地別）[円/kW・30分],0,0,0,0,0,0,0,0,0,0
20260204B02,追加調達結果,最低約定価格（電源属地別）[円/kW・30分],0,0,0,0,0,0,0,0,0,0
20260204B02,追加調達結果,平均約定価格（電源属地別）[円/kW・30分],0,0,0,0,0,0,0,0,0,0
20260204B02,追加調達結果,最高約定価格（TSO別）[円/kW・30分],0,0,0,0,0,0,0,0,0,0
20260204B02,追加調達結果,最低約定価格（TSO別）[円/kW・30分],0,0,0,0,0,0,0,0,0,0
20260204B02,追加調達結果,平均約定価格（TSO別）[円/kW・30分],0,0,0,0,0,0,0,0,0,0
20260204B02,追加調達結果,約定量合計（TSO別）[MW],0,0,0,0,0,0,0,0,0,0
20260204B02,追加調達結果,（内訳）自エリアからの約定量[MW],0,0,0,0,0,0,0,0,0,0
20260204B02,合計（確報値）,募集量（TSO別）[MW],0,50,0,0,93,23,193,87,244,690
20260204B02,合計（確報値）,応札量合計（電源属地別）[MW],224.99,250,598.65,354,102,1190.5,619.401,93,520.97,3953.511
20260204B02,合計（確報値）,約定量合計（電源属地別）[MW],3,70,400.334,328.803,102,184.713,285.03,30,180,1583.88
20260204B02,合計（確報値）,応札件数（電源属地別）[件],5,1,11,3,1,6,8,4,9,48
20260204B02,合計（確報値）,約定件数（電源属地別）[件],1,1,8,3,1,4,8,2,6,34
20260204B02,合計（確報値）,最高約定価格（電源属地別）[円/kW・30分],6,3.99,2.21,2.53,1.97,0.87,2.92,6.98,2.23,6.98
20260204B02,合計（確報値）,最低約定価格（電源属地別）[円/kW・30分],6,3.99,1.74,2.34,1.97,0.36,0.66,0.52,0.36,0.36
20260204B02,合計（確報値）,平均約定価格（電源属地別）[円/kW・30分],6,3.99,2.11,2.42,1.97,0.57,2.01,3.75,1.3,2
20260204B02,合計（確報値）,最高約定価格（TSO別）[円/kW・30分],6,3.99,2.21,2.53,1.97,0.87,2.92,6.98,2.8,6.98
20260204B02,合計（確報値）,最低約定価格（TSO別）[円/kW・30分],6,3.99,1.74,2.34,1.97,0.36,0.66,0.52,0.36,0.36
20260204B02,合計（確報値）,平均約定価格（TSO別）[円/kW・30分],6,3.99,2.11,2.42,1.97,0.57,1.93,3.06,1.61,2
20260204B02,合計（確報値）,約定量合計（TSO別）[MW],3,70,400.334,261.833,93,184.713,259,68,244,1583.88
20260204B02,合計（確報値）,（内訳）自エリアからの約定量[MW],3,70,400.334,261.833,93,184.713,258.02,30,180,1480.9
20260204B03,システム約定結果,募集量（TSO別）[MW],0,380,356,27,140,383,329,134,261,2010
20260204B03,システム約定結果,応札量合計（電源属地別）[MW],224.99,450,767.888,0,170,1190.5,834.099,169,415,4221.477
20260204B03,システム約定結果,落札量合計（電源属地別）[MW],54.1,330,535.576,0,169,673.107,286.03,169,210,2426.813
20260204B03,システム約定結果,応札件数（電源属地別）[件],5,2,12,0,3,6,13,4,7,52
20260204B03,システム約定結果,落札件数（電源属地別）[件],3,2,7,0,2,6,13,4,6,43
20260204B03,システム約定結果,最高落札価格（電源属地別）[円/kW・30分],11.55,2.17,5.11,0,6.15,6.78,19.51,7.12,5.92,19.51
20260204B03,システム約定結果,最低落札価格（電源属地別）[円/kW・30分],10.99,1.21,0.36,0,5.95,1.19,2.9,0.36,3.6,0.36
20260204B03,システム約定結果,平均落札価格（電源属地別）[円/kW・30分],11.52,1.62,1.98,0,6.02,4.37,4.5,1.63,4.43,3.57
20260204B03,システム約定結果,最高落札価格（TSO別）[円/kW・30分],11.55,2.17,5.11,0.36,6.15,6.78,19.51,7.12,6.78,19.51
20260204B03,システム約定結果,最低落札価格（TSO別）[円/kW・30分],10.99,0.36,0.36,0.36,5.95,1.19,0.36,0.36,1.19,0.36
20260204B03,システム約定結果,平均落札価格（TSO別）[円/kW・30分],11.52,1.28,2.79,0.36,6.02,4.98,3.78,1.96,3.66,3.57
20260204B03,システム約定結果,落札量合計（TSO別）[MW],54.1,450,356,27,161,494.713,409,149,326,2426.813
20260204B03,システム約定結果,（内訳）自エリアからの落札量[MW],54.1,330,356,0,161,494.713,286.03,120,210,2011.843
20260204B03,追加調達結果,募集量（TSO別）[MW],-,-,-,-,-,-,-,-,-,-
20260204B03,追加調達結果,応札量合計（電源属地別）[MW],0,0,0,0,0,0,0,0,0,0
20260204B03,追加調達結果,約定量合計（電源属地別）[MW],0,0,0,0,0,0,0,0,0,0
20260204B03,追加調達結果,応札件数（電源属地別）[件],0,0,0,0,0,0,0,0,0,0
20260204B03,追加調達結果,約定件数（電源属地別）[件],0,0,0,0,0,0,0,0,0,0
20260204B03,追加調達結果,最高約定価格（電源属地別）[円/kW・30分],0,0,0,0,0,0,0,0,0,0
20260204B03,追加調達結果,最低約定価格（電源属地別）[円/kW・30分],0,0,0,0,0,0,0,0,0,0
20260204B03,追加調達結果,平均約定価格（電源属地別）[円/kW・30分],0,0,0,0,0,0,0,0,0,0
20260204B03,追加調達結果,最高約定価格（TSO別）[円/kW・30分],0,0,0,0,0,0,0,0,0,0
20260204B03,追加調達結果,最低約定価格（TSO別）[円/kW・30分],0,0,0,0,0,0,0,0,0,0
20260204B03,追加調達結果,平均約定価格（TSO別）[円/kW・30分],0,0,0,0,0,0,0,0,0,0
20260204B03,追加調達結果,約定量合計（TSO別）[MW],0,0,0,0,0,0,0,0,0,0
20260204B03,追加調達結果,（内訳）自エリアからの約定量[MW],0,0,0,0,0,0,0,0,0,0
20260204B03,合計（確報値）,募集量（TSO別）[MW],0,380,356,27,140,383,329,134,261,2010
20260204B03,合計（確報値）,応札量合計（電源属地別）[MW],277.1,450,813.988,0,170,1190.5,834.099,169,415,4319.687
20260204B03,合計（確報値）,約定量合計（電源属地別）[MW],54.1,330,513.465,0,169,673.107,286.03,144,210,2379.702
20260204B03,合計（確報値）,応札件数（電源属地別）[件],8,2,13,0,3,6,13,4,7,56
20260204B03,合計（確報値）,約定件数（電源属地別）[件],4,2,8,0,2,6,13,3,6,44
20260204B03,合計（確報値）,最高約定価格（電源属地別）[円/kW・30分],11.55,2.17,5.11,0,6.15,6.78,19.51,7.12,5.92,19.51
20260204B03,合計（確報値）,最低約定価格（電源属地別）[円/kW・30分],10.99,1.21,0.36,0,5.95,1.19,2.9,0.36,3.6,0.36
20260204B03,合計（確報値）,平均約定価格（電源属地別）[円/kW・30分],11.52,1.62,2.01,0,6.02,4.37,4.5,1.07,4.43,3.58
20260204B03,合計（確報値）,最高約定価格（TSO別）[円/kW・30分],11.55,2.17,5.11,0.36,6.15,6.78,19.51,7.12,6.78,19.51
20260204B03,合計（確報値）,最低約定価格（TSO別）[円/kW・30分],10.99,0.36,0.36,0.36,5.95,1.19,0.36,0.36,1.19,0.36
20260204B03,合計（確報値）,平均約定価格（TSO別）[円/kW・30分],11.52,1.28,2.88,0.36,6.02,4.98,3.78,1.38,3.66,3.58
20260204B03,合計（確報値）,約定量合計（TSO別）[MW],54.1,450,333.889,27,161,494.713,409,124,326,2379.702
20260204B03,合計（確報値）,（内訳）自エリアからの約定量[MW],54.1,330,333.889,0,161,494.713,286.03,95,210,1964.732
20260204B04,システム約定結果,募集量（TSO別）[MW],0,132,718,66,258,559,470,265,361,2829
20260204B04,システム約定結果,応札量合計（電源属地別）[MW],242.79,260,957.098,10.5,248,1192.5,549.13,316,521,4297.018
20260204B04,システム約定結果,落札量合計（電源属地別）[MW],60,140,718,10.5,247,1037.213,348.973,278.527,242,3082.213
20260204B04,システム約定結果,応札件数（電源属地別）[件],6,1,10,1,3,7,7,4,7,46
20260204B04,システム約定結果,落札件数（電源属地別）[件],4,1,9,1,2,6,7,4,4,38
20260204B04,システム約定結果,最高落札価格（電源属地別）[円/kW・30分],12.76,1.79,2.21,19.29,2.83,7.47,19.51,7.41,2.76,19.51
20260204B04,システム約定結果,最低落札価格（電源属地別）[円/kW・30分],10.99,1.79,0.35,19.29,2.64,0.36,0.84,0.36,1.09,0.35
20260204B04,システム約定結果,平均落札価格（電源属地別）[円/kW・30分],12.65,1.79,0.56,19.29,2.72,2.63,2.64,1.17,2.06,2.19
20260204B04,システム約定結果,最高落札価格（TSO別）[円/kW・30分],12.76,1.79,2.21,19.29,7.47,7.47,19.51,7.41,7.47,19.51
20260204B04,システム約定結果,最低落札価格（TSO別）[円/kW・30分],10.99,1.79,0.35,19.29,2.64,0.36,0.36,0.36,0.36,0.35
20260204B04,システム約定結果,平均落札価格（TSO別）[円/kW・30分],12.65,1.79,0.56,19.29,2.92,3.47,1.78,1.08,2.29,2.19
20260204B04,システム約定結果,落札量合計（TSO別）[MW],60,140,718,10.5,258,601.713,554,310,430,3082.213
20260204B04,システム約定結果,（内訳）自エリアからの落札量[MW],60,140,718,10.5,247,601.713,333.385,250,242,2602.598
20260204B04,追加調達結果,募集量（TSO別）[MW],-,-,-,-,-,-,-,-,-,-
20260204B04,追加調達結果,応札量合計（電源属地別）[MW],0,0,0,0,0,0,0,0,0,0
20260204B04,追加調達結果,約定量合計（電源属地別）[MW],0,0,0,0,0,0,0,0,0,0
20260204B04,追加調達結果,応札件数（電源属地別）[件],0,0,0,0,0,0,0,0,0,0
20260204B04,追加調達結果,約定件数（電源属地別）[件],0,0,0,0,0,0,0,0,0,0
20260204B04,追加調達結果,最高約定価格（電源属地別）[円/kW・30分],0,0,0,0,0,0,0,0,0,0
20260204B04,追加調達結果,最低約定価格（電源属地別）[円/kW・30分],0,0,0,0,0,0,0,0,0,0
20260204B04,追加調達結果,平均約定価格（電源属地別）[円/kW・30分],0,0,0,0,0,0,0,0,0,0
20260204B04,追加調達結果,最高約定価格（TSO別）[円/kW・30分],0,0,0,0,0,0,0,0,0,0
20260204B04,追加調達結果,最低約定価格（TSO別）[円/kW・30分],0,0,0,0,0,0,0,0,0,0
20260204B04,追加調達結果,平均約定価格（TSO別）[円/kW・30分],0,0,0,0,0,0,0,0,0,0
20260204B04,追加調達結果,約定量合計（TSO別）[MW],0,0,0,0,0,0,0,0,0,0
20260204B04,追加調達結果,（内訳）自エリアからの約定量[MW],0,0,0,0,0,0,0,0,0,0
20260204B04,合計（確報値）,募集量（TSO別）[MW],0,132,718,66,258,559,470,265,361,2829
20260204B04,合計（確報値）,応札量合計（電源属地別）[MW],283,260,1004.198,10.5,248,1192.5,549.13,316,521,4384.328
20260204B04,合計（確報値）,約定量合計（電源属地別）[MW],60,140,715.098,10.5,247,1037.213,348.973,253.527,242,3054.311
20260204B04,合計（確報値）,応札件数（電源属地別）[件],9,1,11,1,3,7,7,4,7,50
20260204B04,合計（確報値）,約定件数（電源属地別）[件],5,1,9,1,2,6,7,3,4,38
20260204B04,合計（確報値）,最高約定価格（電源属地別）[円/kW・30分],12.76,1.79,2.21,19.29,2.83,7.47,19.51,7.41,2.76,19.51
20260204B04,合計（確報値）,最低約定価格（電源属地別）[円/kW・30分],10.99,1.79,0.35,19.29,2.64,0.36,0.84,0.36,1.09,0.35
20260204B04,合計（確報値）,平均約定価格（電源属地別）[円/kW・30分],12.65,1.79,0.56,19.29,2.72,2.63,2.64,0.79,2.06,2.17
20260204B04,合計（確報値）,最高約定価格（TSO別）[円/kW・30分],12.76,1.79,2.21,19.29,7.47,7.47,19.51,7.41,7.47,19.51
20260204B04,合計（確報値）,最低約定価格（TSO別）[円/kW・30分],10.99,1.79,0.35,19.29,2.64,0.36,0.36,0.36,0.36,0.35
20260204B04,合計（確報値）,平均約定価格（TSO別）[円/kW・30分],12.65,1.79,0.56,19.29,2.92,3.47,1.78,0.74,2.29,2.17
20260204B04,合計（確報値）,約定量合計（TSO別）[MW],60,140,715.098,10.5,258,601.713,554,285,430,3054.311
20260204B04,合計（確報値）,（内訳）自エリアからの約定量[MW],60,140,715.098,10.5,247,601.713,333.385,225,242,2574.696
20260204B05,システム約定結果,募集量（TSO別）[MW],72,0,40,150,221,412,227,225,318,1665
20260204B05,システム約定結果,応札量合計（電源属地別）[MW],265.89,260,1507.403,0,228,1192.5,504.76,280,512.98,4751.533
20260204B05,システム約定結果,落札量合計（電源属地別）[MW],72,140,379.333,0,228,527.83,270.77,220,299,2136.933
20260204B05,システム約定結果,応札件数（電源属地別）[件],6,1,18,0,2,7,6,6,9,55
20260204B05,システム約定結果,落札件数（電源属地別）[件],5,1,12,0,2,6,6,6,5,43
20260204B05,システム約定結果,最高落札価格（電源属地別）[円/kW・30分],13.28,1.84,1.85,0,1.46,7.7,1.31,12.54,3.87,13.28
20260204B05,システム約定結果,最低落札価格（電源属地別）[円/kW・30分],1.85,1.84,0.35,0,1.27,0.36,0.36,0.36,0.36,0.35
20260204B05,システム約定結果,平均落札価格（電源属地別）[円/kW・30分],7.17,1.84,0.89,0,1.34,4.84,0.92,3.02,2.47,2.63
20260204B05,システム約定結果,最高落札価格（TSO別）[円/kW・30分],13.28,1.84,1.85,0.35,1.46,7.7,7.7,12.54,6.36,13.28
20260204B05,システム約定結果,最低落札価格（TSO別）[円/kW・30分],1.85,1.84,0.35,0.35,1.27,0.36,0.35,0.36,0.36,0.35
20260204B05,システム約定結果,平均落札価格（TSO別）[円/kW・30分],7.17,1.84,1.37,0.35,1.34,3.93,2.04,3.88,2.57,2.63
20260204B05,システム約定結果,落札量合計（TSO別）[MW],72,140,199.933,150,224,412,319,270,350,2136.933
20260204B05,システム約定結果,（内訳）自エリアからの落札量[MW],72,140,199.933,0,224,392.713,224.273,220,299,1771.919
20260204B05,追加調達結果,募集量（TSO別）[MW],-,-,-,-,-,-,-,-,-,-
20260204B05,追加調達結果,応札量合計（電源属地別）[MW],0,0,0,0,0,0,0,0,0,0
20260204B05,追加調達結果,約定量合計（電源属地別）[MW],0,0,0,0,0,0,0,0,0,0
20260204B05,追加調達結果,応札件数（電源属地別）[件],0,0,0,0,0,0,0,0,0,0
20260204B05,追加調達結果,約定件数（電源属地別）[件],0,0,0,0,0,0,0,0,0,0
20260204B05,追加調達結果,最高約定価格（電源属地別）[円/kW・30分],0,0,0,0,0,0,0,0,0,0
20260204B05,追加調達結果,最低約定価格（電源属地別）[円/kW・30分],0,0,0,0,0,0,0,0,0,0
20260204B05,追加調達結果,平均約定価格（電源属地別）[円/kW・30分],0,0,0,0,0,0,0,0,0,0
20260204B05,追加調達結果,最高約定価格（TSO別）[円/kW・30分],0,0,0,0,0,0,0,0,0,0
20260204B05,追加調達結果,最低約定価格（TSO別）[円/kW・30分],0,0,0,0,0,0,0,0,0,0
20260204B05,追加調達結果,平均約定価格（TSO別）[円/kW・30分],0,0,0,0,0,0,0,0,0,0
20260204B05,追加調達結果,約定量合計（TSO別）[MW],0,0,0,0,0,0,0,0,0,0
20260204B05,追加調達結果,（内訳）自エリアからの約定量[MW],0,0,0,0,0,0,0,0,0,0
20260204B05,合計（確報値）,募集量（TSO別）[MW],72,0,40,150,221,412,227,225,318,1665
20260204B05,合計（確報値）,応札量合計（電源属地別）[MW],331,260,1537.703,0,228,1192.5,504.76,280,512.98,4846.943
20260204B05,合計（確報値）,約定量合計（電源属地別）[MW],72,140,350.033,0,228,527.83,270.77,195,299,2082.633
20260204B05,合計（確報値）,応札件数（電源属地別）[件],11,1,19,0,2,7,6,6,9,61
20260204B05,合計（確報値）,約定件数（電源属地別）[件],8,1,13,0,2,6,6,5,5,46
20260204B05,合計（確報値）,最高約定価格（電源属地別）[円/kW・30分],13.28,1.84,1.85,0,1.46,7.7,1.31,12.54,3.87,13.28
20260204B05,合計（確報値）,最低約定価格（電源属地別）[円/kW・30分],1.85,1.84,0.35,0,1.27,0.36,0.36,0.36,0.36,0.35
20260204B05,合計（確報値）,平均約定価格（電源属地別）[円/kW・30分],7.17,1.84,0.93,0,1.34,4.84,0.92,2.06,2.47,2.57
20260204B05,合計（確報値）,最高約定価格（TSO別）[円/kW・30分],13.28,1.84,1.85,0.35,1.46,7.7,7.7,12.54,6.36,13.28
20260204B05,合計（確報値）,最低約定価格（TSO別）[円/kW・30分],1.85,1.84,0.35,0.35,1.27,0.36,0.35,0.36,0.36,0.35
20260204B05,合計（確報値）,平均約定価格（TSO別）[円/kW・30分],7.17,1.84,1.37,0.35,1.34,3.93,2.04,3.21,2.57,2.57
20260204B05,合計（確報値）,約定量合計（TSO別）[MW],72,140,199.933,120.7,224,412,319,245,350,2082.633
20260204B05,合計（確報値）,（内訳）自エリアからの約定量[MW],72,140,199.933,0,224,392.713,224.273,195,299,1746.919
20260204B06,システム約定結果,募集量（TSO別）[MW],0,171,707,0,171,476,278,194,288,2285
20260204B06,システム約定結果,応札量合計（電源属地別）[MW],224.99,511.5,951.868,486.982,179,1192.5,689.349,207,483.97,4927.159
20260204B06,システム約定結果,落札量合計（電源属地別）[MW],31,212,762,480.21,167,564.417,271.02,161.613,224,2873.26
20260204B06,システム約定結果,応札件数（電源属地別）[件],5,3,11,4,2,7,12,6,8,58
20260204B06,システム約定結果,落札件数（電源属地別）[件],2,2,9,3,2,6,12,6,6,48
20260204B06,システム約定結果,最高落札価格（電源属地別）[円/kW・30分],10.28,2.36,5.27,5.48,4.81,6.92,19.51,8.3,4.51,19.51
20260204B06,システム約定結果,最低落札価格（電源属地別）[円/kW・30分],10.27,2.34,0.35,3.26,4.62,0.36,1.32,0.36,2.31,0.35
20260204B06,システム約定結果,平均落札価格（電源属地別）[円/kW・30分],10.27,2.35,2.1,4.05,4.69,4.23,2.99,2.24,3.07,3.27
20260204B06,システム約定結果,最高落札価格（TSO別）[円/kW・30分],10.28,2.36,5.27,5.48,4.81,6.92,19.51,8.3,6.92,19.51
20260204B06,システム約定結果,最低落札価格（TSO別）[円/kW・30分],10.27,0.36,0.35,3.26,2.7,0.36,0.36,0.36,2.31,0.35
20260204B06,システム約定結果,平均落札価格（TSO別）[円/kW・30分],10.27,1.94,2.23,4.37,4.64,3.98,2.71,3.33,3.92,3.27
20260204B06,システム約定結果,落札量合計（TSO別）[MW],31,267,707,207.547,171,528.713,393,207,361,2873.26
20260204B06,システム約定結果,（内訳）自エリアからの落札量[MW],31,212,707,207.547,167,314.55,271.02,158,224,2292.117
20260204B06,追加調達結果,募集量（TSO別）[MW],-,-,-,-,-,-,-,-,-,-
20260204B06,追加調達結果,応札量合計（電源属地別）[MW],0,0,0,0,0,0,0,0,0,0
20260204B06,追加調達結果,約定量合計（電源属地別）[MW],0,0,0,0,0,0,0,0,0,0
20260204B06,追加調達結果,応札件数（電源属地別）[件],0,0,0,0,0,0,0,0,0,0
20260204B06,追加調達結果,約定件数（電源属地別）[件],0,0,0,0,0,0,0,0,0,0
20260204B06,追加調達結果,最高約定価格（電源属地別）[円/kW・30分],0,0,0,0,0,0,0,0,0,0
20260204B06,追加調達結果,最低約定価格（電源属地別）[円/kW・30分],0,0,0,0,0,0,0,0,0,0
20260204B06,追加調達結果,平均約定価格（電源属地別）[円/kW・30分],0,0,0,0,0,0,0,0,0,0
20260204B06,追加調達結果,最高約定価格（TSO別）[円/kW・30分],0,0,0,0,0,0,0,0,0,0
20260204B06,追加調達結果,最低約定価格（TSO別）[円/kW・30分],0,0,0,0,0,0,0,0,0,0
20260204B06,追加調達結果,平均約定価格（TSO別）[円/kW・30分],0,0,0,0,0,0,0,0,0,0
20260204B06,追加調達結果,約定量合計（TSO別）[MW],0,0,0,0,0,0,0,0,0,0
20260204B06,追加調達結果,（内訳）自エリアからの約定量[MW],0,0,0,0,0,0,0,0,0,0
20260204B06,合計（確報値）,募集量（TSO別）[MW],0,171,707,0,171,476,278,194,288,2285
20260204B06,合計（確報値）,応札量合計（電源属地別）[MW],255.99,511.5,951.868,964.564,179,1192.5,689.349,207,483.97,5435.741
20260204B06,合計（確報値）,約定量合計（電源属地別）[MW],31,212,762,480.21,167,564.417,271.02,151.613,224,2863.26
20260204B06,合計（確報値）,応札件数（電源属地別）[件],8,3,11,22,2,7,12,6,8,79
20260204B06,合計（確報値）,約定件数（電源属地別）[件],3,2,9,19,2,6,12,5,6,64
20260204B06,合計（確報値）,最高約定価格（電源属地別）[円/kW・30分],10.28,2.36,5.27,4.68,4.81,6.92,19.51,8.3,4.51,19.51
20260204B06,合計（確報値）,最低約定価格（電源属地別）[円/kW・30分],10.27,2.34,0.35,0.36,4.62,0.36,1.32,0.36,2.31,0.35
20260204B06,合計（確報値）,平均約定価格（電源属地別）[円/kW・30分],10.27,2.35,2.1,0.38,4.69,4.23,2.99,1.9,3.07,2.64
20260204B06,合計（確報値）,最高約定価格（TSO別）[円/kW・30分],10.28,2.36,5.27,4.68,4.81,6.92,19.51,8.3,6.92,19.51
20260204B06,合計（確報値）,最低約定価格（TSO別）[円/kW・30分],10.27,0.36,0.35,0.36,2.7,0.36,0.36,0.36,0.36,0.35
20260204B06,合計（確報値）,平均約定価格（TSO別）[円/kW・30分],10.27,1.94,2.23,0.41,4.64,2.52,2.71,3.12,3.45,2.64
20260204B06,合計（確報値）,約定量合計（TSO別）[MW],31,267,707,207.547,171,528.713,393,197,361,2863.26
20260204B06,合計（確報値）,（内訳）自エリアからの約定量[MW],31,212,707,207.547,167,314.55,271.02,148,224,2282.117
20260204B07,システム約定結果,募集量（TSO別）[MW],0,148,446,114,115,410,271,111,260,1875
20260204B07,システム約定結果,応札量合計（電源属地別）[MW],220,250,1146.054,481.882,123,1190.5,834.099,121,644,5010.535
20260204B07,システム約定結果,落札量合計（電源属地別）[MW],0,70.869,523.131,477.582,123,499.722,280.317,64,212,2250.621
20260204B07,システム約定結果,応札件数（電源属地別）[件],3,1,13,3,1,6,13,5,9,54
20260204B07,システム約定結果,落札件数（電源属地別）[件],0,1,9,2,1,6,13,4,5,41
20260204B07,システム約定結果,最高落札価格（電源属地別）[円/kW・30分],0,2.44,4.44,4.03,5.56,6.76,19.51,7.77,5.14,19.51
20260204B07,システム約定結果,最低落札価格（電源属地別）[円/kW・30分],0,2.44,0.36,2.43,5.56,1.28,2.91,2.11,3.31,0.36
20260204B07,システム約定結果,平均落札価格（電源属地別）[円/kW・30分],0,2.44,1.55,3,5.56,5.49,4.44,5.25,3.52,3.63
20260204B07,システム約定結果,最高落札価格（TSO別）[円/kW・30分],0,4.44,4.44,4.03,5.56,6.76,19.51,7.77,6.76,19.51
20260204B07,システム約定結果,最低落札価格（TSO別）[円/kW・30分],0,0.36,0.36,2.43,5.56,1.28,2.43,2.11,2.43,0.36
20260204B07,システム約定結果,平均落札価格（TSO別）[円/kW・30分],0,2.1,1.51,2.88,5.56,5.19,4.18,4.82,4.46,3.63
20260204B07,システム約定結果,落札量合計（TSO別）[MW],0,148,446,364.621,115,410,336,121,310,2250.621
20260204B07,システム約定結果,（内訳）自エリアからの落札量[MW],0,70.869,446,364.621,115,404.713,275,64,212,1952.203
20260204B07,追加調達結果,募集量（TSO別）[MW],-,-,-,-,-,-,-,-,-,-
20260204B07,追加調達結果,応札量合計（電源属地別）[MW],0,0,0,0,0,0,0,0,0,0
20260204B07,追加調達結果,約定量合計（電源属地別）[MW],0,0,0,0,0,0,0,0,0,0
20260204B07,追加調達結果,応札件数（電源属地別）[件],0,0,0,0,0,0,0,0,0,0
20260204B07,追加調達結果,約定件数（電源属地別）[件],0,0,0,0,0,0,0,0,0,0
20260204B07,追加調達結果,最高約定価格（電源属地別）[円/kW・30分],0,0,0,0,0,0,0,0,0,0
20260204B07,追加調達結果,最低約定価格（電源属地別）[円/kW・30分],0,0,0,0,0,0,0,0,0,0
20260204B07,追加調達結果,平均約定価格（電源属地別）[円/kW・30分],0,0,0,0,0,0,0,0,0,0
20260204B07,追加調達結果,最高約定価格（TSO別）[円/kW・30分],0,0,0,0,0,0,0,0,0,0
20260204B07,追加調達結果,最低約定価格（TSO別）[円/kW・30分],0,0,0,0,0,0,0,0,0,0
20260204B07,追加調達結果,平均約定価格（TSO別）[円/kW・30分],0,0,0,0,0,0,0,0,0,0
20260204B07,追加調達結果,約定量合計（TSO別）[MW],0,0,0,0,0,0,0,0,0,0
20260204B07,追加調達結果,（内訳）自エリアからの約定量[MW],0,0,0,0,0,0,0,0,0,0
20260204B07,合計（確報値）,募集量（TSO別）[MW],0,148,446,114,115,410,271,111,260,1875
20260204B07,合計（確報値）,応札量合計（電源属地別）[MW],220,250,1146.054,959.464,123,1190.5,834.099,121,644,5488.117
20260204B07,合計（確報値）,約定量合計（電源属地別）[MW],0,70.869,523.131,477.582,123,499.722,280.317,39,212,2225.621
20260204B07,合計（確報値）,応札件数（電源属地別）[件],3,1,13,22,1,6,13,5,9,73
20260204B07,合計（確報値）,約定件数（電源属地別）[件],0,1,9,19,1,6,13,3,5,57
20260204B07,合計（確報値）,最高約定価格（電源属地別）[円/kW・30分],0,2.44,4.44,0.36,5.56,6.76,19.51,7.77,5.14,19.51
20260204B07,合計（確報値）,最低約定価格（電源属地別）[円/kW・30分],0,2.44,0.36,0.36,5.56,1.28,2.91,2.11,3.31,0.36
20260204B07,合計（確報値）,平均約定価格（電源属地別）[円/kW・30分],0,2.44,1.55,0.36,5.56,5.49,4.44,5.53,3.52,3.05
20260204B07,合計（確報値）,最高約定価格（TSO別）[円/kW・30分],0,4.44,4.44,0.36,5.56,6.76,19.51,7.77,6.76,19.51
20260204B07,合計（確報値）,最低約定価格（TSO別）[円/kW・30分],0,0.36,0.36,0.36,5.56,1.28,0.36,0.36,0.36,0.36
20260204B07,合計（確報値）,平均約定価格（TSO別）[円/kW・30分],0,2.1,1.51,0.36,5.56,5.19,3.72,2.91,4.45,3.05
20260204B07,合計（確報値）,約定量合計（TSO別）[MW],0,148,446,364.621,115,410,336,96,310,2225.621
20260204B07,合計（確報値）,（内訳）自エリアからの約定量[MW],0,70.869,446,364.621,115,404.713,275,39,212,1927.203
20260204B08,システム約定結果,募集量（TSO別）[MW],0,0,57,6,110,284,280,96,252,1085
20260204B08,システム約定結果,応札量合計（電源属地別）[MW],224.99,250,567.942,477.582,130,959.5,789.729,109,391,3899.743
20260204B08,システム約定結果,落札量合計（電源属地別）[MW],13,70,416.642,477.582,130,422.009,301.03,54,198,2082.263
20260204B08,システム約定結果,応札件数（電源属地別）[件],5,1,7,2,1,5,12,4,7,44
20260204B08,システム約定結果,落札件数（電源属地別）[件],2,1,5,2,1,5,12,3,6,37
20260204B08,システム約定結果,最高落札価格（電源属地別）[円/kW・30分],11.4,3.56,3.35,3.77,3.75,5.57,3.63,6.99,3.85,11.4
20260204B08,システム約定結果,最低落札価格（電源属地別）[円/kW・30分],5,3.56,1.75,1.79,3.75,0.36,1.37,0.82,1.63,0.36
20260204B08,システム約定結果,平均落札価格（電源属地別）[円/kW・30分],9.92,3.56,2.34,2.49,3.75,4.63,2.36,4.4,2.69,3.11
20260204B08,システム約定結果,最高落札価格（TSO別）[円/kW・30分],11.4,3.56,3.35,3.77,3.75,5.57,5.57,6.99,5.57,11.4
20260204B08,システム約定結果,最低落札価格（TSO別）[円/kW・30分],5,3.56,1.75,1.79,3.75,0.36,1.37,0.82,1.63,0.36
20260204B08,システム約定結果,平均落札価格（TSO別）[円/kW・30分],9.92,3.56,2.34,2.5,3.75,4.12,2.85,4.65,3.28,3.11
20260204B08,システム約定結果,落札量合計（TSO別）[MW],13,70,416.642,471.621,130,284,345,100,252,2082.263
20260204B08,システム約定結果,（内訳）自エリアからの落札量[MW],13,70,416.642,471.621,130,265,279.03,54,198,1897.293
20260204B08,追加調達結果,募集量（TSO別）[MW],-,-,-,-,-,-,-,-,-,-
20260204B08,追加調達結果,応札量合計（電源属地別）[MW],0,0,0,0,0,0,0,0,0,0
20260204B08,追加調達結果,約定量合計（電源属地別）[MW],0,0,0,0,0,0,0,0,0,0
20260204B08,追加調達結果,応札件数（電源属地別）[件],0,0,0,0,0,0,0,0,0,0
20260204B08,追加調達結果,約定件数（電源属地別）[件],0,0,0,0,0,0,0,0,0,0
20260204B08,追加調達結果,最高約定価格（電源属地別）[円/kW・30分],0,0,0,0,0,0,0,0,0,0
20260204B08,追加調達結果,最低約定価格（電源属地別）[円/kW・30分],0,0,0,0,0,0,0,0,0,0
20260204B08,追加調達結果,平均約定価格（電源属地別）[円/kW・30分],0,0,0,0,0,0,0,0,0,0
20260204B08,追加調達結果,最高約定価格（TSO別）[円/kW・30分],0,0,0,0,0,0,0,0,0,0
20260204B08,追加調達結果,最低約定価格（TSO別）[円/kW・30分],0,0,0,0,0,0,0,0,0,0
20260204B08,追加調達結果,平均約定価格（TSO別）[円/kW・30分],0,0,0,0,0,0,0,0,0,0
20260204B08,追加調達結果,約定量合計（TSO別）[MW],0,0,0,0,0,0,0,0,0,0
20260204B08,追加調達結果,（内訳）自エリアからの約定量[MW],0,0,0,0,0,0,0,0,0,0
20260204B08,合計（確報値）,募集量（TSO別）[MW],0,0,57,6,110,284,280,96,252,1085
20260204B08,合計（確報値）,応札量合計（電源属地別）[MW],234.99,250,567.942,955.164,130,959.5,789.729,109,391,4387.325
20260204B08,合計（確報値）,約定量合計（電源属地別）[MW],13,70,416.642,477.582,130,422.009,301.03,30,198,2058.263
20260204B08,合計（確報値）,応札件数（電源属地別）[件],6,1,7,20,1,5,12,4,7,63
20260204B08,合計（確報値）,約定件数（電源属地別）[件],2,1,5,18,1,5,12,2,6,52
20260204B08,合計（確報値）,最高約定価格（電源属地別）[円/kW・30分],11.4,3.56,3.35,0.36,3.75,5.57,3.63,6.99,3.85,11.4
20260204B08,合計（確報値）,最低約定価格（電源属地別）[円/kW・30分],5,3.56,1.75,0.36,3.75,0.36,1.37,0.82,1.63,0.36
20260204B08,合計（確報値）,平均約定価格（電源属地別）[円/kW・30分],9.92,3.56,2.34,0.36,3.75,4.63,2.36,3.91,2.69,2.59
20260204B08,合計（確報値）,最高約定価格（TSO別）[円/kW・30分],11.4,3.56,3.35,0.36,3.75,5.57,5.57,6.99,5.57,11.4
20260204B08,合計（確報値）,最低約定価格（TSO別）[円/kW・30分],5,3.56,1.75,0.36,3.75,0.36,1.37,0.36,1.63,0.36
20260204B08,合計（確報値）,平均約定価格（TSO別）[円/kW・30分],9.92,3.56,2.34,0.36,3.75,4.12,2.85,4.42,3.28,2.59
20260204B08,合計（確報値）,約定量合計（TSO別）[MW],13,70,416.642,471.621,130,284,345,76,252,2058.263
20260204B08,合計（確報値）,（内訳）自エリアからの約定量[MW],13,70,416.642,471.621,130,265,279.03,30,198,1873.293
20260205B01,システム約定結果,募集量（TSO別）[MW],0,0,0,0,112,0,55,85,282,534
20260205B01,システム約定結果,応札量合計（電源属地別）[MW],237.69,250,468.258,470,116,959.5,619.401,93,491,3704.849
20260205B01,システム約定結果,落札量合計（電源属地別）[MW],17.69,70,298.994,434.738,116,228.709,236.08,43,157,1602.211
20260205B01,システム約定結果,応札件数（電源属地別）[件],5,1,7,4,1,5,8,4,8,43
20260205B01,システム約定結果,落札件数（電源属地別）[件],2,1,6,4,1,4,8,3,6,35
20260205B01,システム約定結果,最高落札価格（電源属地別）[円/kW・30分],4.3,4.08,2.21,2.48,1.89,8.12,2.38,7.12,2.11,8.12
20260205B01,システム約定結果,最低落札価格（電源属地別）[円/kW・30分],2.45,4.08,1.75,2.28,1.89,0.36,0.36,0.36,0.36,0.36
20260205B01,システム約定結果,平均落札価格（電源属地別）[円/kW・30分],2.66,4.08,1.98,2.36,1.89,5.83,1.66,3.55,1.36,2.66
20260205B01,システム約定結果,最高落札価格（TSO別）[円/kW・30分],4.3,4.08,2.21,2.48,1.89,8.12,2.38,8.12,8.12,8.12
20260205B01,システム約定結果,最低落札価格（TSO別）[円/kW・30分],2.45,4.08,1.75,2.28,1.89,0.36,0.36,0.36,0.36,0.36
20260205B01,システム約定結果,平均落札価格（TSO別）[円/kW・30分],2.66,4.08,1.98,2.36,1.89,4.38,1.61,3.61,3.41,2.66
20260205B01,システム約定結果,落札量合計（TSO別）[MW],17.69,70,298.994,377.527,112,140,219,85,282,1602.211
20260205B01,システム約定結果,（内訳）自エリアからの落札量[MW],17.69,70,298.994,377.527,112,140,219,43,157,1435.211
20260205B01,追加調達結果,募集量（TSO別）[MW],-,-,-,-,-,-,-,-,-,-
20260205B01,追加調達結果,応札量合計（電源属地別）[MW],0,0,0,0,0,0,0,0,0,0
20260205B01,追加調達結果,約定量合計（電源属地別）[MW],0,0,0,0,0,0,0,0,0,0
20260205B01,追加調達結果,応札件数（電源属地別）[件],0,0,0,0,0,0,0,0,0,0
20260205B01,追加調達結果,約定件数（電源属地別）[件],0,0,0,0,0,0,0,0,0,0
20260205B01,追加調達結果,最高約定価格（電源属地別）[円/kW・30分],0,0,0,0,0,0,0,0,0,0
20260205B01,追加調達結果,最低約定価格（電源属地別）[円/kW・30分],0,0,0,0,0,0,0,0,0,0
20260205B01,追加調達結果,平均約定価格（電源属地別）[円/kW・30分],0,0,0,0,0,0,0,0,0,0
20260205B01,追加調達結果,最高約定価格（TSO別）[円/kW・30分],0,0,0,0,0,0,0,0,0,0
20260205B01,追加調達結果,最低約定価格（TSO別）[円/kW・30分],0,0,0,0,0,0,0,0,0,0
20260205B01,追加調達結果,平均約定価格（TSO別）[円/kW・30分],0,0,0,0,0,0,0,0,0,0
20260205B01,追加調達結果,約定量合計（TSO別）[MW],0,0,0,0,0,0,0,0,0,0
20260205B01,追加調達結果,（内訳）自エリアからの約定量[MW],0,0,0,0,0,0,0,0,0,0
20260205B01,合計（確報値）,募集量（TSO別）[MW],0,0,0,0,112,0,55,85,282,534
20260205B01,合計（確報値）,応札量合計（電源属地別）[MW],237.69,250,468.258,904.738,116,959.5,619.401,93,491,4139.587
20260205B01,合計（確報値）,約定量合計（電源属地別）[MW],17.69,70,298.994,434.738,116,228.709,236.08,20,157,1579.211
20260205B01,合計（確報値）,応札件数（電源属地別）[件],5,1,7,17,1,5,8,4,8,56
20260205B01,合計（確報値）,約定件数（電源属地別）[件],2,1,6,13,1,4,8,2,6,43
20260205B01,合計（確報値）,最高約定価格（電源属地別）[円/kW・30分],4.3,4.08,2.21,0.36,1.89,8.12,2.38,7.12,2.11,8.12
20260205B01,合計（確報値）,最低約定価格（電源属地別）[円/kW・30分],2.45,4.08,1.75,0.36,1.89,0.36,0.36,0.36,0.36,0.36
20260205B01,合計（確報値）,平均約定価格（電源属地別）[円/kW・30分],2.66,4.08,1.98,0.36,1.89,5.83,1.66,2.05,1.36,2.08
20260205B01,合計（確報値）,最高約定価格（TSO別）[円/kW・30分],4.3,4.08,2.21,0.36,1.89,8.12,2.38,8.12,8.12,8.12
20260205B01,合計（確報値）,最低約定価格（TSO別）[円/kW・30分],2.45,4.08,1.75,0.36,1.89,0.36,0.36,0.36,0.36,0.36
20260205B01,合計（確報値）,平均約定価格（TSO別）[円/kW・30分],2.66,4.08,1.98,0.36,1.89,4.38,1.61,2.16,3.22,2.08
20260205B01,合計（確報値）,約定量合計（TSO別）[MW],17.69,70,298.994,377.527,112,140,219,62,282,1579.211
20260205B01,合計（確報値）,（内訳）自エリアからの約定量[MW],17.69,70,298.994,377.527,112,140,219,20,157,1412.211
20260205B02,システム約定結果,募集量（TSO別）[MW],0,50,0,0,93,23,193,87,244,690
20260205B02,システム約定結果,応札量合計（電源属地別）[MW],224.99,250,437.918,354,102,959.5,619.401,93,520.97,3561.779
20260205B02,システム約定結果,落札量合計（電源属地別）[MW],3,70,286.618,328.803,102,228.709,285.03,54,180,1538.16
20260205B02,システム約定結果,応札件数（電源属地別）[件],5,1,5,3,1,5,8,4,9,41
20260205B02,システム約定結果,落札件数（電源属地別）[件],1,1,3,3,1,4,8,3,6,30
20260205B02,システム約定結果,最高落札価格（電源属地別）[円/kW・30分],6,3.99,2.26,2.52,1.97,7.79,2.72,6.98,2.23,7.79
20260205B02,システム約定結果,最低落札価格（電源属地別）[円/kW・30分],6,3.99,1.65,2.34,1.97,0.36,0.46,0.52,0.36,0.36
20260205B02,システム約定結果,平均落札価格（電源属地別）[円/kW・30分],6,3.99,2.19,2.42,1.97,5.6,1.81,4.32,1.3,2.72
20260205B02,システム約定結果,最高落札価格（TSO別）[円/kW・30分],6,3.99,2.26,2.52,1.97,7.79,7.79,7.79,7.79,7.79
20260205B02,システム約定結果,最低落札価格（TSO別）[円/kW・30分],6,3.99,1.65,2.34,1.97,0.36,0.46,0.52,0.36,0.36
20260205B02,システム約定結果,平均落札価格（TSO別）[円/kW・30分],6,3.99,2.19,2.42,1.97,4.51,1.75,5.76,2.43,2.72
20260205B02,システム約定結果,落札量合計（TSO別）[MW],3,70,286.618,328.803,102,152.739,259,92,244,1538.16
20260205B02,システム約定結果,（内訳）自エリアからの落札量[MW],3,70,286.618,328.803,102,152.739,258.02,54,180,1435.18
20260205B02,追加調達結果,募集量（TSO別）[MW],-,-,-,-,-,-,-,-,-,-
20260205B02,追加調達結果,応札量合計（電源属地別）[MW],0,0,0,0,0,0,0,0,0,0
20260205B02,追加調達結果,約定量合計（電源属地別）[MW],0,0,0,0,0,0,0,0,0,0
20260205B02,追加調達結果,応札件数（電源属地別）[件],0,0,0,0,0,0,0,0,0,0
20260205B02,追加調達結果,約定件数（電源属地別）[件],0,0,0,0,0,0,0,0,0,0
20260205B02,追加調達結果,最高約定価格（電源属地別）[円/kW・30分],0,0,0,0,0,0,0,0,0,0
20260205B02,追加調達結果,最低約定価格（電源属地別）[円/kW・30分],0,0,0,0,0,0,0,0,0,0
20260205B02,追加調達結果,平均約定価格（電源属地別）[円/kW・30分],0,0,0,0,0,0,0,0,0,0
20260205B02,追加調達結果,最高約定価格（TSO別）[円/kW・30分],0,0,0,0,0,0,0,0,0,0
20260205B02,追加調達結果,最低約定価格（TSO別）[円/kW・30分],0,0,0,0,0,0,0,0,0,0
20260205B02,追加調達結果,平均約定価格（TSO別）[円/kW・30分],0,0,0,0,0,0,0,0,0,0
20260205B02,追加調達結果,約定量合計（TSO別）[MW],0,0,0,0,0,0,0,0,0,0
20260205B02,追加調達結果,（内訳）自エリアからの約定量[MW],0,0,0,0,0,0,0,0,0,0
20260205B02,合計（確報値）,募集量（TSO別）[MW],0,50,0,0,93,23,193,87,244,690
20260205B02,合計（確報値）,応札量合計（電源属地別）[MW],224.99,250,437.918,682.803,102,959.5,619.401,93,520.97,3890.582
20260205B02,合計（確報値）,約定量合計（電源属地別）[MW],3,70,286.618,328.803,102,228.709,285.03,30,180,1514.16
20260205B02,合計（確報値）,応札件数（電源属地別）[件],5,1,5,13,1,5,8,4,9,51
20260205B02,合計（確報値）,約定件数（電源属地別）[件],1,1,3,10,1,4,8,2,6,36
20260205B02,合計（確報値）,最高約定価格（電源属地別）[円/kW・30分],6,3.99,2.26,0.36,1.97,7.79,2.72,6.98,2.23,7.79
20260205B02,合計（確報値）,最低約定価格（電源属地別）[円/kW・30分],6,3.99,1.65,0.36,1.97,0.36,0.46,0.52,0.36,0.36
20260205B02,合計（確報値）,平均約定価格（電源属地別）[円/kW・30分],6,3.99,2.19,0.36,1.97,5.6,1.81,3.75,1.3,2.24
20260205B02,合計（確報値）,最高約定価格（TSO別）[円/kW・30分],6,3.99,2.26,0.36,1.97,7.79,7.79,7.79,7.79,7.79
20260205B02,合計（確報値）,最低約定価格（TSO別）[円/kW・30分],6,3.99,1.65,0.36,1.97,0.36,0.46,0.52,0.36,0.36
20260205B02,合計（確報値）,平均約定価格（TSO別）[円/kW・30分],6,3.99,2.19,0.36,1.97,4.51,1.75,6.01,2.43,2.24
20260205B02,合計（確報値）,約定量合計（TSO別）[MW],3,70,286.618,328.803,102,152.739,259,68,244,1514.16
20260205B02,合計（確報値）,（内訳）自エリアからの約定量[MW],3,70,286.618,328.803,102,152.739,258.02,30,180,1411.18
20260205B03,システム約定結果,募集量（TSO別）[MW],0,380,356,27,140,383,329,134,261,2010
20260205B03,システム約定結果,応札量合計（電源属地別）[MW],224.99,450,816.339,0,170,959.5,834.099,169,415,4038.928
20260205B03,システム約定結果,落札量合計（電源属地別）[MW],54.1,311.64,553.936,0,169,595.394,286.03,169,210,2349.1
20260205B03,システム約定結果,応札件数（電源属地別）[件],5,2,12,0,3,5,13,4,7,51
20260205B03,システム約定結果,落札件数（電源属地別）[件],3,2,9,0,2,5,13,4,6,44
20260205B03,システム約定結果,最高落札価格（電源属地別）[円/kW・30分],11.55,2.16,5.11,0,6.15,6.76,19.51,7.12,5.92,19.51
20260205B03,システム約定結果,最低落札価格（電源属地別）[円/kW・30分],10.99,1.2,0.36,0,5.95,1.19,2.63,0.36,3.6,0.36
20260205B03,システム約定結果,平均落札価格（電源属地別）[円/kW・30分],11.52,1.63,1.93,0,6.02,4.45,3.96,1.63,4.43,3.49
20260205B03,システム約定結果,最高落札価格（TSO別）[円/kW・30分],11.55,2.16,5.11,0.36,6.15,6.76,19.51,7.12,5.92,19.51
20260205B03,システム約定結果,最低落札価格（TSO別）[円/kW・30分],10.99,0.36,0.36,0.36,5.95,0.54,0.54,0.36,0.36,0.36
20260205B03,システム約定結果,平均落札価格（TSO別）[円/kW・30分],11.52,1.28,2.73,0.36,6.01,4.8,4.23,1.96,3.16,3.49
20260205B03,システム約定結果,落札量合計（TSO別）[MW],54.1,450,356,27,161,417,409,149,326,2349.1
20260205B03,システム約定結果,（内訳）自エリアからの落札量[MW],54.1,311.64,356,0,161,413.894,286.03,120,210,1912.664
20260205B03,追加調達結果,募集量（TSO別）[MW],-,-,-,-,-,-,-,-,-,-
20260205B03,追加調達結果,応札量合計（電源属地別）[MW],0,0,0,0,0,0,0,0,0,0
20260205B03,追加調達結果,約定量合計（電源属地別）[MW],0,0,0,0,0,0,0,0,0,0
20260205B03,追加調達結果,応札件数（電源属地別）[件],0,0,0,0,0,0,0,0,0,0
20260205B03,追加調達結果,約定件数（電源属地別）[件],0,0,0,0,0,0,0,0,0,0
20260205B03,追加調達結果,最高約定価格（電源属地別）[円/kW・30分],0,0,0,0,0,0,0,0,0,0
20260205B03,追加調達結果,最低約定価格（電源属地別）[円/kW・30分],0,0,0,0,0,0,0,0,0,0
20260205B03,追加調達結果,平均約定価格（電源属地別）[円/kW・30分],0,0,0,0,0,0,0,0,0,0
20260205B03,追加調達結果,最高約定価格（TSO別）[円/kW・30分],0,0,0,0,0,0,0,0,0,0
20260205B03,追加調達結果,最低約定価格（TSO別）[円/kW・30分],0,0,0,0,0,0,0,0,0,0
20260205B03,追加調達結果,平均約定価格（TSO別）[円/kW・30分],0,0,0,0,0,0,0,0,0,0
20260205B03,追加調達結果,約定量合計（TSO別）[MW],0,0,0,0,0,0,0,0,0,0
20260205B03,追加調達結果,（内訳）自エリアからの約定量[MW],0,0,0,0,0,0,0,0,0,0
20260205B03,合計（確報値）,募集量（TSO別）[MW],0,380,356,27,140,383,329,134,261,2010
20260205B03,合計（確報値）,応札量合計（電源属地別）[MW],277.1,450,816.339,0,170,959.5,834.099,169,415,4091.038
20260205B03,合計（確報値）,約定量合計（電源属地別）[MW],54.1,311.64,553.936,0,169,595.394,286.03,144,210,2324.1
20260205B03,合計（確報値）,応札件数（電源属地別）[件],8,2,12,0,3,5,13,4,7,54
20260205B03,合計（確報値）,約定件数（電源属地別）[件],4,2,9,0,2,5,13,3,6,44
20260205B03,合計（確報値）,最高約定価格（電源属地別）[円/kW・30分],11.55,2.16,5.11,0,6.15,6.76,19.51,7.12,5.92,19.51
20260205B03,合計（確報値）,最低約定価格（電源属地別）[円/kW・30分],10.99,1.2,0.36,0,5.95,1.19,2.63,0.36,3.6,0.36
20260205B03,合計（確報値）,平均約定価格（電源属地別）[円/kW・30分],11.52,1.63,1.93,0,6.02,4.45,3.96,1.07,4.43,3.48
20260205B03,合計（確報値）,最高約定価格（TSO別）[円/kW・30分],11.55,2.16,5.11,0.36,6.15,6.76,19.51,7.12,5.92,19.51
20260205B03,合計（確報値）,最低約定価格（TSO別）[円/kW・30分],10.99,0.36,0.36,0.36,5.95,0.54,0.54,0.36,0.36,0.36
20260205B03,合計（確報値）,平均約定価格（TSO別）[円/kW・30分],11.52,1.28,2.73,0.36,6.01,4.8,4.23,1.38,3.16,3.48
20260205B03,合計（確報値）,約定量合計（TSO別）[MW],54.1,450,356,27,161,417,409,124,326,2324.1
20260205B03,合計（確報値）,（内訳）自エリアからの約定量[MW],54.1,311.64,356,0,161,413.894,286.03,95,210,1887.664
20260205B04,システム約定結果,募集量（TSO別）[MW],0,132,718,66,258,559,470,265,361,2829
20260205B04,システム約定結果,応札量合計（電源属地別）[MW],242.79,260,1034.434,10.5,248,961.5,549.13,316,521,4143.354
20260205B04,システム約定結果,落札量合計（電源属地別）[MW],60,140,718,10.5,247,959.5,322.789,278.527,299,3035.316
20260205B04,システム約定結果,応札件数（電源属地別）[件],6,1,10,1,3,6,7,4,7,45
20260205B04,システム約定結果,落札件数（電源属地別）[件],4,1,8,1,2,5,7,4,5,37
20260205B04,システム約定結果,最高落札価格（電源属地別）[円/kW・30分],12.76,1.77,1.27,19.29,2.83,7.41,19.51,7.47,2.76,19.51
20260205B04,システム約定結果,最低落札価格（電源属地別）[円/kW・30分],10.99,1.77,0.35,19.29,2.64,0.36,0.91,0.36,1.09,0.35
20260205B04,システム約定結果,平均落札価格（電源属地別）[円/kW・30分],12.65,1.77,0.41,19.29,2.72,2.7,2.96,1.17,1.9,2.18
20260205B04,システム約定結果,最高落札価格（TSO別）[円/kW・30分],12.76,1.77,1.27,19.29,7.41,7.47,19.51,7.47,2.76,19.51
20260205B04,システム約定結果,最低落札価格（TSO別）[円/kW・30分],10.99,1.77,0.35,19.29,0.36,0.36,0.36,0.36,0.36,0.35
20260205B04,システム約定結果,平均落札価格（TSO別）[円/kW・30分],12.65,1.77,0.41,19.29,2.85,3.71,2.49,1,1.43,2.18
20260205B04,システム約定結果,落札量合計（TSO別）[MW],60,140,718,10.5,258,559,554,305.816,430,3035.316
20260205B04,システム約定結果,（内訳）自エリアからの落札量[MW],60,140,718,10.5,247,524,291.973,245.816,299,2536.289
20260205B04,追加調達結果,募集量（TSO別）[MW],-,-,-,-,-,-,-,-,-,-
20260205B04,追加調達結果,応札量合計（電源属地別）[MW],0,0,0,0,0,0,0,0,0,0
20260205B04,追加調達結果,約定量合計（電源属地別）[MW],0,0,0,0,0,0,0,0,0,0
20260205B04,追加調達結果,応札件数（電源属地別）[件],0,0,0,0,0,0,0,0,0,0
20260205B04,追加調達結果,約定件数（電源属地別）[件],0,0,0,0,0,0,0,0,0,0
20260205B04,追加調達結果,最高約定価格（電源属地別）[円/kW・30分],0,0,0,0,0,0,0,0,0,0
20260205B04,追加調達結果,最低約定価格（電源属地別）[円/kW・30分],0,0,0,0,0,0,0,0,0,0
20260205B04,追加調達結果,平均約定価格（電源属地別）[円/kW・30分],0,0,0,0,0,0,0,0,0,0
20260205B04,追加調達結果,最高約定価格（TSO別）[円/kW・30分],0,0,0,0,0,0,0,0,0,0
20260205B04,追加調達結果,最低約定価格（TSO別）[円/kW・30分],0,0,0,0,0,0,0,0,0,0
20260205B04,追加調達結果,平均約定価格（TSO別）[円/kW・30分],0,0,0,0,0,0,0,0,0,0
20260205B04,追加調達結果,約定量合計（TSO別）[MW],0,0,0,0,0,0,0,0,0,0
20260205B04,追加調達結果,（内訳）自エリアからの約定量[MW],0,0,0,0,0,0,0,0,0,0
20260205B04,合計（確報値）,募集量（TSO別）[MW],0,132,718,66,258,559,470,265,361,2829
20260205B04,合計（確報値）,応札量合計（電源属地別）[MW],283,260,1034.434,10.5,248,961.5,549.13,316,521,4183.564
20260205B04,合計（確報値）,約定量合計（電源属地別）[MW],60,140,718,10.5,247,959.5,322.789,253.527,299,3010.316
20260205B04,合計（確報値）,応札件数（電源属地別）[件],9,1,10,1,3,6,7,4,7,48
20260205B04,合計（確報値）,約定件数（電源属地別）[件],5,1,8,1,2,5,7,3,5,37
20260205B04,合計（確報値）,最高約定価格（電源属地別）[円/kW・30分],12.76,1.77,1.27,19.29,2.83,7.41,19.51,7.47,2.76,19.51
20260205B04,合計（確報値）,最低約定価格（電源属地別）[円/kW・30分],10.99,1.77,0.35,19.29,2.64,0.36,0.91,0.36,1.09,0.35
20260205B04,合計（確報値）,平均約定価格（電源属地別）[円/kW・30分],12.65,1.77,0.41,19.29,2.72,2.7,2.96,0.79,1.9,2.16
20260205B04,合計（確報値）,最高約定価格（TSO別）[円/kW・30分],12.76,1.77,1.27,19.29,7.41,7.47,19.51,7.47,2.76,19.51
20260205B04,合計（確報値）,最低約定価格（TSO別）[円/kW・30分],10.99,1.77,0.35,19.29,0.36,0.36,0.36,0.36,0.36,0.35
20260205B04,合計（確報値）,平均約定価格（TSO別）[円/kW・30分],12.65,1.77,0.41,19.29,2.85,3.71,2.49,0.65,1.43,2.16
20260205B04,合計（確報値）,約定量合計（TSO別）[MW],60,140,718,10.5,258,559,554,280.816,430,3010.316
20260205B04,合計（確報値）,（内訳）自エリアからの約定量[MW],60,140,718,10.5,247,524,291.973,220.816,299,2511.289
20260205B05,システム約定結果,募集量（TSO別）[MW],72,0,40,150,221,412,227,225,318,1665
20260205B05,システム約定結果,応札量合計（電源属地別）[MW],265.89,260,1413.075,0,228,961.5,549.13,280,483.98,4441.575
20260205B05,システム約定結果,落札量合計（電源属地別）[MW],72,140,359.614,0,228,440.28,313.932,208,295.054,2056.88
20260205B05,システム約定結果,応札件数（電源属地別）[件],6,1,16,0,2,6,7,5,8,51
20260205B05,システム約定結果,落札件数（電源属地別）[件],5,1,10,0,2,5,7,5,4,39
20260205B05,システム約定結果,最高落札価格（電源属地別）[円/kW・30分],13.28,1.83,1.72,0,1.46,7.67,19.51,12.46,3.87,19.51
20260205B05,システム約定結果,最低落札価格（電源属地別）[円/kW・30分],1.85,1.83,0.35,0,1.27,0.36,0.36,0.36,0.36,0.35
20260205B05,システム約定結果,平均落札価格（電源属地別）[円/kW・30分],7.17,1.83,0.76,0,1.34,5.66,1.83,2.59,2.5,2.77
20260205B05,システム約定結果,最高落札価格（TSO別）[円/kW・30分],13.28,1.83,1.72,0.35,1.46,7.67,19.51,12.46,3.87,19.51
20260205B05,システム約定結果,最低落札価格（TSO別）[円/kW・30分],1.85,1.83,0.35,0.35,1.27,0.36,0.35,0.36,0.35,0.35
20260205B05,システム約定結果,平均落札価格（TSO別）[円/kW・30分],7.17,1.83,1.29,0.35,1.34,4.39,3.12,3.41,2.18,2.77
20260205B05,システム約定結果,落札量合計（TSO別）[MW],72,140,157.914,150,224,412,284.439,266.527,350,2056.88
20260205B05,システム約定結果,（内訳）自エリアからの落札量[MW],72,140,157.914,0,224,315,216.932,208,295.054,1628.9
20260205B05,追加調達結果,募集量（TSO別）[MW],-,-,-,-,-,-,-,-,-,-
20260205B05,追加調達結果,応札量合計（電源属地別）[MW],0,0,0,0,0,0,0,0,0,0
20260205B05,追加調達結果,約定量合計（電源属地別）[MW],0,0,0,0,0,0,0,0,0,0
20260205B05,追加調達結果,応札件数（電源属地別）[件],0,0,0,0,0,0,0,0,0,0
20260205B05,追加調達結果,約定件数（電源属地別）[件],0,0,0,0,0,0,0,0,0,0
20260205B05,追加調達結果,最高約定価格（電源属地別）[円/kW・30分],0,0,0,0,0,0,0,0,0,0
20260205B05,追加調達結果,最低約定価格（電源属地別）[円/kW・30分],0,0,0,0,0,0,0,0,0,0
20260205B05,追加調達結果,平均約定価格（電源属地別）[円/kW・30分],0,0,0,0,0,0,0,0,0,0
20260205B05,追加調達結果,最高約定価格（TSO別）[円/kW・30分],0,0,0,0,0,0,0,0,0,0
20260205B05,追加調達結果,最低約定価格（TSO別）[円/kW・30分],0,0,0,0,0,0,0,0,0,0
20260205B05,追加調達結果,平均約定価格（TSO別）[円/kW・30分],0,0,0,0,0,0,0,0,0,0
20260205B05,追加調達結果,約定量合計（TSO別）[MW],0,0,0,0,0,0,0,0,0,0
20260205B05,追加調達結果,（内訳）自エリアからの約定量[MW],0,0,0,0,0,0,0,0,0,0
20260205B05,合計（確報値）,募集量（TSO別）[MW],72,0,40,150,221,412,227,225,318,1665
20260205B05,合計（確報値）,応札量合計（電源属地別）[MW],331,260,1434.721,0,228,961.5,549.13,280,483.98,4528.331
20260205B05,合計（確報値）,約定量合計（電源属地別）[MW],72,140,330.314,0,228,440.28,313.932,183,295.054,2002.58
20260205B05,合計（確報値）,応札件数（電源属地別）[件],11,1,17,0,2,6,7,5,8,57
20260205B05,合計（確報値）,約定件数（電源属地別）[件],8,1,11,0,2,5,7,4,4,42
20260205B05,合計（確報値）,最高約定価格（電源属地別）[円/kW・30分],13.28,1.83,1.72,0,1.46,7.67,19.51,9.64,3.87,19.51
20260205B05,合計（確報値）,最低約定価格（電源属地別）[円/kW・30分],1.85,1.83,0.35,0,1.27,0.36,0.36,0.36,0.36,0.35
20260205B05,合計（確報値）,平均約定価格（電源属地別）[円/kW・30分],7.17,1.83,0.8,0,1.34,5.66,1.83,1.24,2.5,2.68
20260205B05,合計（確報値）,最高約定価格（TSO別）[円/kW・30分],13.28,1.83,1.72,0.35,1.46,7.67,19.51,9.64,3.87,19.51
20260205B05,合計（確報値）,最低約定価格（TSO別）[円/kW・30分],1.85,1.83,0.35,0.35,1.27,0.36,0.35,0.36,0.35,0.35
20260205B05,合計（確報値）,平均約定価格（TSO別）[円/kW・30分],7.17,1.83,1.29,0.35,1.34,4.39,3.12,2.47,2.34,2.68
20260205B05,合計（確報値）,約定量合計（TSO別）[MW],72,140,157.914,150,224,412,284.439,241.527,320.7,2002.58
20260205B05,合計（確報値）,（内訳）自エリアからの約定量[MW],72,140,157.914,0,224,315,216.932,183,295.054,1603.9
20260205B06,システム約定結果,募集量（TSO別）[MW],0,171,707,0,171,476,278,194,288,2285
20260205B06,システム約定結果,応札量合計（電源属地別）[MW],224.99,511.5,915.207,486.982,179,961.5,690.489,207,520.97,4697.638
20260205B06,システム約定結果,落札量合計（電源属地別）[MW],31,210,764,477.582,178,475.704,276.222,176.613,224,2813.121
20260205B06,システム約定結果,応札件数（電源属地別）[件],5,3,12,4,2,6,12,6,9,59
20260205B06,システム約定結果,落札件数（電源属地別）[件],2,2,11,2,2,5,12,6,6,48
20260205B06,システム約定結果,最高落札価格（電源属地別）[円/kW・30分],10.28,2.46,5.54,5.05,4.81,6.99,19.51,8.32,4.51,19.51
20260205B06,システム約定結果,最低落札価格（電源属地別）[円/kW・30分],10.27,2.27,0.36,3.33,4.62,0.36,1.1,0.36,2.31,0.36
20260205B06,システム約定結果,平均落札価格（電源属地別）[円/kW・30分],10.27,2.4,2.34,3.94,4.68,3.61,2.81,2.7,3.07,3.19
20260205B06,システム約定結果,最高落札価格（TSO別）[円/kW・30分],10.28,2.46,5.54,5.05,4.81,7.32,19.51,8.32,5.05,19.51
20260205B06,システム約定結果,最低落札価格（TSO別）[円/kW・30分],10.27,0.36,0.36,3.33,0.69,0.36,0.36,0.36,0.36,0.36
20260205B06,システム約定結果,平均落札価格（TSO別）[円/kW・30分],10.27,1.96,2.5,4.19,4.58,4.09,3.08,2.15,3.16,3.19
20260205B06,システム約定結果,落札量合計（TSO別）[MW],31,267,707,204.919,171,476,390.2,205.002,361,2813.121
20260205B06,システム約定結果,（内訳）自エリアからの落札量[MW],31,210,707,204.919,167,392.704,268.22,156.002,224,2360.845
20260205B06,追加調達結果,募集量（TSO別）[MW],-,-,-,-,-,-,-,-,-,-
20260205B06,追加調達結果,応札量合計（電源属地別）[MW],0,0,0,0,0,0,0,0,0,0
20260205B06,追加調達結果,約定量合計（電源属地別）[MW],0,0,0,0,0,0,0,0,0,0
20260205B06,追加調達結果,応札件数（電源属地別）[件],0,0,0,0,0,0,0,0,0,0
20260205B06,追加調達結果,約定件数（電源属地別）[件],0,0,0,0,0,0,0,0,0,0
20260205B06,追加調達結果,最高約定価格（電源属地別）[円/kW・30分],0,0,0,0,0,0,0,0,0,0
20260205B06,追加調達結果,最低約定価格（電源属地別）[円/kW・30分],0,0,0,0,0,0,0,0,0,0
20260205B06,追加調達結果,平均約定価格（電源属地別）[円/kW・30分],0,0,0,0,0,0,0,0,0,0
20260205B06,追加調達結果,最高約定価格（TSO別）[円/kW・30分],0,0,0,0,0,0,0,0,0,0
20260205B06,追加調達結果,最低約定価格（TSO別）[円/kW・30分],0,0,0,0,0,0,0,0,0,0
20260205B06,追加調達結果,平均約定価格（TSO別）[円/kW・30分],0,0,0,0,0,0,0,0,0,0
20260205B06,追加調達結果,約定量合計（TSO別）[MW],0,0,0,0,0,0,0,0,0,0
20260205B06,追加調達結果,（内訳）自エリアからの約定量[MW],0,0,0,0,0,0,0,0,0,0
20260205B06,合計（確報値）,募集量（TSO別）[MW],0,171,707,0,171,476,278,194,288,2285
20260205B06,合計（確報値）,応札量合計（電源属地別）[MW],255.99,511.5,915.207,964.564,179,961.5,690.489,207,520.97,5206.22
20260205B06,合計（確報値）,約定量合計（電源属地別）[MW],31,210,764,477.582,178,475.704,276.222,151.613,224,2788.121
20260205B06,合計（確報値）,応札件数（電源属地別）[件],8,3,12,22,2,6,12,6,9,80
20260205B06,合計（確報値）,約定件数（電源属地別）[件],3,2,11,18,2,5,12,5,6,64
20260205B06,合計（確報値）,最高約定価格（電源属地別）[円/kW・30分],10.28,2.46,5.54,0.36,4.81,6.99,19.51,8.32,4.51,19.51
20260205B06,合計（確報値）,最低約定価格（電源属地別）[円/kW・30分],10.27,2.27,0.36,0.36,4.62,0.36,1.1,0.36,2.31,0.36
20260205B06,合計（確報値）,平均約定価格（電源属地別）[円/kW・30分],10.27,2.4,2.34,0.36,4.68,3.61,2.81,1.91,3.07,2.54
20260205B06,合計（確報値）,最高約定価格（TSO別）[円/kW・30分],10.28,2.46,5.54,0.36,4.81,7.32,19.51,8.32,4.51,19.51
20260205B06,合計（確報値）,最低約定価格（TSO別）[円/kW・30分],10.27,0.36,0.36,0.36,0.69,0.36,0.36,0.36,0.36,0.36
20260205B06,合計（確報値）,平均約定価格（TSO別）[円/kW・30分],10.27,1.96,2.5,0.36,4.58,3.48,2.5,1.41,2.04,2.54
20260205B06,合計（確報値）,約定量合計（TSO別）[MW],31,267,707,204.919,171,476,390.2,180.002,361,2788.121
20260205B06,合計（確報値）,（内訳）自エリアからの約定量[MW],31,210,707,204.919,167,392.704,268.22,131.002,224,2335.845
20260205B07,システム約定結果,募集量（TSO別）[MW],0,148,446,114,115,410,271,111,260,1875
20260205B07,システム約定結果,応札量合計（電源属地別）[MW],220,250,1155.038,481.882,123,1190.5,791.517,121,705,5037.937
20260205B07,システム約定結果,落札量合計（電源属地別）[MW],0,70,524,477.582,123,499.722,275.03,69.287,212,2250.621
20260205B07,システム約定結果,応札件数（電源属地別）[件],3,1,13,3,1,6,12,5,10,54
20260205B07,システム約定結果,落札件数（電源属地別）[件],0,1,10,2,1,6,12,4,6,42
20260205B07,システム約定結果,最高落札価格（電源属地別）[円/kW・30分],0,2.41,4.9,3.68,5.56,6.8,19.51,7.77,5.37,19.51
20260205B07,システム約定結果,最低落札価格（電源属地別）[円/kW・30分],0,2.41,0.36,2.46,5.56,1.28,2.34,2.11,3.31,0.36
20260205B07,システム約定結果,平均落札価格（電源属地別）[円/kW・30分],0,2.41,2.03,2.89,5.56,5.52,4.12,5.34,3.86,3.72
20260205B07,システム約定結果,最高落札価格（TSO別）[円/kW・30分],0,4.21,4.9,3.68,5.56,6.8,19.51,7.77,6.52,19.51
20260205B07,システム約定結果,最低落札価格（TSO別）[円/kW・30分],0,0.36,0.36,2.46,5.56,1.28,2.34,2.11,2.46,0.36
20260205B07,システム約定結果,平均落札価格（TSO別）[円/kW・30分],0,1.67,2.21,2.86,5.56,5.23,4.6,4.76,3.85,3.72
20260205B07,システム約定結果,落札量合計（TSO別）[MW],0,148,446,364.621,115,410,336,121,310,2250.621
20260205B07,システム約定結果,（内訳）自エリアからの落札量[MW],0,70,446,364.621,115,404.713,275.03,64,212,1951.364
20260205B07,追加調達結果,募集量（TSO別）[MW],-,-,-,-,-,-,-,-,-,-
20260205B07,追加調達結果,応札量合計（電源属地別）[MW],0,0,0,0,0,0,0,0,0,0
20260205B07,追加調達結果,約定量合計（電源属地別）[MW],0,0,0,0,0,0,0,0,0,0
20260205B07,追加調達結果,応札件数（電源属地別）[件],0,0,0,0,0,0,0,0,0,0
20260205B07,追加調達結果,約定件数（電源属地別）[件],0,0,0,0,0,0,0,0,0,0
20260205B07,追加調達結果,最高約定価格（電源属地別）[円/kW・30分],0,0,0,0,0,0,0,0,0,0
20260205B07,追加調達結果,最低約定価格（電源属地別）[円/kW・30分],0,0,0,0,0,0,0,0,0,0
20260205B07,追加調達結果,平均約定価格（電源属地別）[円/kW・30分],0,0,0,0,0,0,0,0,0,0
20260205B07,追加調達結果,最高約定価格（TSO別）[円/kW・30分],0,0,0,0,0,0,0,0,0,0
20260205B07,追加調達結果,最低約定価格（TSO別）[円/kW・30分],0,0,0,0,0,0,0,0,0,0
20260205B07,追加調達結果,平均約定価格（TSO別）[円/kW・30分],0,0,0,0,0,0,0,0,0,0
20260205B07,追加調達結果,約定量合計（TSO別）[MW],0,0,0,0,0,0,0,0,0,0
20260205B07,追加調達結果,（内訳）自エリアからの約定量[MW],0,0,0,0,0,0,0,0,0,0
20260205B07,合計（確報値）,募集量（TSO別）[MW],0,148,446,114,115,410,271,111,260,1875
20260205B07,合計（確報値）,応札量合計（電源属地別）[MW],220,250,1155.038,959.464,123,1190.5,791.517,121,705,5515.519
20260205B07,合計（確報値）,約定量合計（電源属地別）[MW],0,70,524,477.582,123,499.722,275.03,44.287,212,2225.621
20260205B07,合計（確報値）,応札件数（電源属地別）[件],3,1,13,19,1,6,12,5,10,70
20260205B07,合計（確報値）,約定件数（電源属地別）[件],0,1,10,16,1,6,12,3,6,55
20260205B07,合計（確報値）,最高約定価格（電源属地別）[円/kW・30分],0,2.41,4.9,0.36,5.56,6.8,19.51,7.77,5.37,19.51
20260205B07,合計（確報値）,最低約定価格（電源属地別）[円/kW・30分],0,2.41,0.36,0.36,5.56,1.28,2.34,2.11,3.31,0.36
20260205B07,合計（確報値）,平均約定価格（電源属地別）[円/kW・30分],0,2.41,2.03,0.36,5.56,5.52,4.12,5.64,3.86,3.16
20260205B07,合計（確報値）,最高約定価格（TSO別）[円/kW・30分],0,4.21,4.9,0.36,5.56,6.8,19.51,7.77,6.52,19.51
20260205B07,合計（確報値）,最低約定価格（TSO別）[円/kW・30分],0,0.36,0.36,0.36,5.56,1.28,2.34,0.36,0.36,0.36
20260205B07,合計（確報値）,平均約定価格（TSO別）[円/kW・30分],0,1.67,2.21,0.36,5.56,5.23,4.6,3.11,3.42,3.16
20260205B07,合計（確報値）,約定量合計（TSO別）[MW],0,148,446,364.621,115,404.713,336,101.287,310,2225.621
20260205B07,合計（確報値）,（内訳）自エリアからの約定量[MW],0,70,446,364.621,115,404.713,275.03,44.287,212,1931.651
20260205B08,システム約定結果,募集量（TSO別）[MW],0,0,57,6,110,284,280,96,252,1085
20260205B08,システム約定結果,応札量合計（電源属地別）[MW],224.99,250,566.52,477.582,130,1190.5,747.147,109,491,4186.739
20260205B08,システム約定結果,落札量合計（電源属地別）[MW],13,70,415.22,477.582,130,499.722,282.03,54,198,2139.554
20260205B08,システム約定結果,応札件数（電源属地別）[件],5,1,7,2,1,6,11,4,8,45
20260205B08,システム約定結果,落札件数（電源属地別）[件],2,1,5,2,1,6,11,3,6,37
20260205B08,システム約定結果,最高落札価格（電源属地別）[円/kW・30分],11.4,3.57,3.92,3.47,3.75,5.64,3.25,6.99,3.85,11.4
20260205B08,システム約定結果,最低落札価格（電源属地別）[円/kW・30分],5,3.57,1.75,1.82,3.75,0.36,1.03,0.82,1.63,0.36
20260205B08,システム約定結果,平均落札価格（電源属地別）[円/kW・30分],9.92,3.57,2.43,2.41,3.75,4.32,1.99,4.4,2.69,3.04
20260205B08,システム約定結果,最高落札価格（TSO別）[円/kW・30分],11.4,3.57,3.92,3.47,3.75,5.64,5.64,6.99,5.64,11.4
20260205B08,システム約定結果,最低落札価格（TSO別）[円/kW・30分],5,3.57,1.75,1.82,3.75,0.36,1.03,0.82,1.13,0.36
20260205B08,システム約定結果,平均落札価格（TSO別）[円/kW・30分],9.92,3.57,2.43,2.41,3.75,3.75,2.65,4.85,3.29,3.04
20260205B08,システム約定結果,落札量合計（TSO別）[MW],13,70,415.22,477.582,124.039,342.713,345,100,252,2139.554
20260205B08,システム約定結果,（内訳）自エリアからの落札量[MW],13,70,415.22,477.582,124.039,342.713,279,54,198,1973.554
20260205B08,追加調達結果,募集量（TSO別）[MW],-,-,-,-,-,-,-,-,-,-
20260205B08,追加調達結果,応札量合計（電源属地別）[MW],0,0,0,0,0,0,0,0,0,0
20260205B08,追加調達結果,約定量合計（電源属地別）[MW],0,0,0,0,0,0,0,0,0,0
20260205B08,追加調達結果,応札件数（電源属地別）[件],0,0,0,0,0,0,0,0,0,0
20260205B08,追加調達結果,約定件数（電源属地別）[件],0,0,0,0,0,0,0,0,0,0
20260205B08,追加調達結果,最高約定価格（電源属地別）[円/kW・30分],0,0,0,0,0,0,0,0,0,0
20260205B08,追加調達結果,最低約定価格（電源属地別）[円/kW・30分],0,0,0,0,0,0,0,0,0,0
20260205B08,追加調達結果,平均約定価格（電源属地別）[円/kW・30分],0,0,0,0,0,0,0,0,0,0
20260205B08,追加調達結果,最高約定価格（TSO別）[円/kW・30分],0,0,0,0,0,0,0,0,0,0
20260205B08,追加調達結果,最低約定価格（TSO別）[円/kW・30分],0,0,0,0,0,0,0,0,0,0
20260205B08,追加調達結果,平均約定価格（TSO別）[円/kW・30分],0,0,0,0,0,0,0,0,0,0
20260205B08,追加調達結果,約定量合計（TSO別）[MW],0,0,0,0,0,0,0,0,0,0
20260205B08,追加調達結果,（内訳）自エリアからの約定量[MW],0,0,0,0,0,0,0,0,0,0
20260205B08,合計（確報値）,募集量（TSO別）[MW],0,0,57,6,110,284,280,96,252,1085
20260205B08,合計（確報値）,応札量合計（電源属地別）[MW],234.99,250,566.52,955.164,130,1190.5,747.157,109,491,4674.331
20260205B08,合計（確報値）,約定量合計（電源属地別）[MW],13,70,415.22,477.582,130,499.722,215.248,30,198,2048.772
20260205B08,合計（確報値）,応札件数（電源属地別）[件],6,1,7,17,1,6,12,4,8,62
20260205B08,合計（確報値）,約定件数（電源属地別）[件],2,1,5,15,1,6,11,2,6,49
20260205B08,合計（確報値）,最高約定価格（電源属地別）[円/kW・30分],11.4,3.57,3.92,0.36,3.75,5.64,3.13,6.99,3.85,11.4
20260205B08,合計（確報値）,最低約定価格（電源属地別）[円/kW・30分],5,3.57,1.75,0.36,3.75,0.36,0.36,0.82,1.63,0.36
20260205B08,合計（確報値）,平均約定価格（電源属地別）[円/kW・30分],9.92,3.57,2.43,0.36,3.75,4.32,1.6,3.91,2.69,2.54
20260205B08,合計（確報値）,最高約定価格（TSO別）[円/kW・30分],11.4,3.57,3.92,0.36,3.75,5.64,5.64,6.99,5.64,11.4
20260205B08,合計（確報値）,最低約定価格（TSO別）[円/kW・30分],5,3.57,1.75,0.36,3.75,0.36,1.03,0.82,0.36,0.36
20260205B08,合計（確報値）,平均約定価格（TSO別）[円/kW・30分],9.92,3.57,2.43,0.36,3.75,3.75,2.5,4.79,3.29,2.54
20260205B08,合計（確報値）,約定量合計（TSO別）[MW],13,70,415.22,477.582,124.039,342.713,278.218,76,252,2048.772
20260205B08,合計（確報値）,（内訳）自エリアからの約定量[MW],13,70,415.22,477.582,124.039,342.713,212.218,30,198,1882.772
20260206B01,システム約定結果,募集量（TSO別）[MW],0,0,0,0,112,0,55,85,282,534
20260206B01,システム約定結果,応札量合計（電源属地別）[MW],237.69,250,401.298,470,116,1190.5,619.401,93,491,3868.889
20260206B01,システム約定結果,落札量合計（電源属地別）[MW],17.69,70,249.898,401.738,116,306.422,236.08,43,157,1597.828
20260206B01,システム約定結果,応札件数（電源属地別）[件],5,1,3,4,1,6,8,4,8,40
20260206B01,システム約定結果,落札件数（電源属地別）[件],2,1,2,4,1,5,8,3,6,32
20260206B01,システム約定結果,最高落札価格（電源属地別）[円/kW・30分],4.3,4.38,1.92,2.46,1.89,7.02,2.23,7.12,2.11,7.12
20260206B01,システム約定結果,最低落札価格（電源属地別）[円/kW・30分],2.45,4.38,1.75,2.12,1.89,0.36,0.36,0.36,0.36,0.36
20260206B01,システム約定結果,平均落札価格（電源属地別）[円/kW・30分],2.66,4.38,1.84,2.27,1.89,3.93,1.55,3.55,1.36,2.43
20260206B01,システム約定結果,最高落札価格（TSO別）[円/kW・30分],4.3,4.38,1.92,2.46,1.89,7.02,2.23,7.12,7.02,7.12
20260206B01,システム約定結果,最低落札価格（TSO別）[円/kW・30分],2.45,4.38,1.75,2.12,1.89,0.36,0.36,0.36,0.36,0.36
20260206B01,システム約定結果,平均落札価格（TSO別）[円/kW・30分],2.66,4.38,1.84,2.27,1.89,2.68,1.49,5.26,2.55,2.43
20260206B01,システム約定結果,落札量合計（TSO別）[MW],17.69,70,249.898,340.527,116,217.713,219,85,282,1597.828
20260206B01,システム約定結果,（内訳）自エリアからの落札量[MW],17.69,70,249.898,340.527,116,217.713,219,43,157,1430.828
20260206B01,追加調達結果,募集量（TSO別）[MW],-,-,-,-,-,-,-,-,-,-
20260206B01,追加調達結果,応札量合計（電源属地別）[MW],0,0,0,0,0,0,0,0,0,0
20260206B01,追加調達結果,約定量合計（電源属地別）[MW],0,0,0,0,0,0,0,0,0,0
20260206B01,追加調達結果,応札件数（電源属地別）[件],0,0,0,0,0,0,0,0,0,0
20260206B01,追加調達結果,約定件数（電源属地別）[件],0,0,0,0,0,0,0,0,0,0
20260206B01,追加調達結果,最高約定価格（電源属地別）[円/kW・30分],0,0,0,0,0,0,0,0,0,0
20260206B01,追加調達結果,最低約定価格（電源属地別）[円/kW・30分],0,0,0,0,0,0,0,0,0,0
20260206B01,追加調達結果,平均約定価格（電源属地別）[円/kW・30分],0,0,0,0,0,0,0,0,0,0
20260206B01,追加調達結果,最高約定価格（TSO別）[円/kW・30分],0,0,0,0,0,0,0,0,0,0
20260206B01,追加調達結果,最低約定価格（TSO別）[円/kW・30分],0,0,0,0,0,0,0,0,0,0
20260206B01,追加調達結果,平均約定価格（TSO別）[円/kW・30分],0,0,0,0,0,0,0,0,0,0
20260206B01,追加調達結果,約定量合計（TSO別）[MW],0,0,0,0,0,0,0,0,0,0
20260206B01,追加調達結果,（内訳）自エリアからの約定量[MW],0,0,0,0,0,0,0,0,0,0
20260206B01,合計（確報値）,募集量（TSO別）[MW],0,0,0,0,112,0,55,85,282,534
20260206B01,合計（確報値）,応札量合計（電源属地別）[MW],237.69,250,401.298,671.87,116,1190.5,619.401,93,491,4070.759
20260206B01,合計（確報値）,約定量合計（電源属地別）[MW],17.69,70,249.898,401.738,116,306.422,236.08,20,157,1574.828
20260206B01,合計（確報値）,応札件数（電源属地別）[件],5,1,3,9,1,6,8,4,8,45
20260206B01,合計（確報値）,約定件数（電源属地別）[件],2,1,2,7,1,5,8,2,6,34
20260206B01,合計（確報値）,最高約定価格（電源属地別）[円/kW・30分],4.3,4.38,1.92,2.3,1.89,7.02,2.23,7.12,2.11,7.12
20260206B01,合計（確報値）,最低約定価格（電源属地別）[円/kW・30分],2.45,4.38,1.75,0.36,1.89,0.36,0.36,0.36,0.36,0.36
20260206B01,合計（確報値）,平均約定価格（電源属地別）[円/kW・30分],2.66,4.38,1.84,1.31,1.89,3.93,1.55,2.05,1.36,2.15
20260206B01,合計（確報値）,最高約定価格（TSO別）[円/kW・30分],4.3,4.38,1.92,2.3,1.89,7.02,2.23,7.12,7.02,7.12
20260206B01,合計（確報値）,最低約定価格（TSO別）[円/kW・30分],2.45,4.38,1.75,0.36,1.89,0.36,0.36,0.36,0.36,0.36
20260206B01,合計（確報値）,平均約定価格（TSO別）[円/kW・30分],2.66,4.38,1.84,1.15,1.89,2.68,1.49,5.42,2.52,2.15
20260206B01,合計（確報値）,約定量合計（TSO別）[MW],17.69,70,249.898,340.527,116,217.713,219,62,282,1574.828
20260206B01,合計（確報値）,（内訳）自エリアからの約定量[MW],17.69,70,249.898,340.527,116,217.713,219,20,157,1407.828
20260206B02,システム約定結果,募集量（TSO別）[MW],0,50,0,0,93,23,193,87,244,690
20260206B02,システム約定結果,応札量合計（電源属地別）[MW],224.99,250,471.914,350,102,1190.5,619.401,93,487.97,3789.775
20260206B02,システム約定結果,落札量合計（電源属地別）[MW],3,70,320.614,298.803,102,306.422,285.03,54,180,1619.869
20260206B02,システム約定結果,応札件数（電源属地別）[件],5,1,7,3,1,6,8,4,8,43
20260206B02,システム約定結果,落札件数（電源属地別）[件],1,1,5,3,1,5,8,3,5,32
20260206B02,システム約定結果,最高落札価格（電源属地別）[円/kW・30分],6,4.31,1.95,2.48,1.97,6.87,2.58,6.98,1.97,6.98
20260206B02,システム約定結果,最低落札価格（電源属地別）[円/kW・30分],6,4.31,1.35,2.16,1.97,0.36,0.39,0.52,0.36,0.36
20260206B02,システム約定結果,平均落札価格（電源属地別）[円/kW・30分],6,4.31,1.83,2.32,1.97,3.91,1.69,4.32,0.96,2.4
20260206B02,システム約定結果,最高落札価格（TSO別）[円/kW・30分],6,4.31,1.95,2.48,1.97,6.87,6.87,6.98,6.87,6.98
20260206B02,システム約定結果,最低落札価格（TSO別）[円/kW・30分],6,4.31,1.35,2.16,1.97,0.36,0.39,0.52,0.36,0.36
20260206B02,システム約定結果,平均落札価格（TSO別）[円/kW・30分],6,4.31,1.83,2.32,1.97,2.94,1.63,5.38,2.02,2.4
20260206B02,システム約定結果,落札量合計（TSO別）[MW],3,70,320.614,298.803,102,230.452,259,92,244,1619.869
20260206B02,システム約定結果,（内訳）自エリアからの落札量[MW],3,70,320.614,298.803,102,230.452,258.03,54,180,1516.899
20260206B02,追加調達結果,募集量（TSO別）[MW],-,-,-,-,-,-,-,-,-,-
20260206B02,追加調達結果,応札量合計（電源属地別）[MW],0,0,0,0,0,0,0,0,0,0
20260206B02,追加調達結果,約定量合計（電源属地別）[MW],0,0,0,0,0,0,0,0,0,0
20260206B02,追加調達結果,応札件数（電源属地別）[件],0,0,0,0,0,0,0,0,0,0
20260206B02,追加調達結果,約定件数（電源属地別）[件],0,0,0,0,0,0,0,0,0,0
20260206B02,追加調達結果,最高約定価格（電源属地別）[円/kW・30分],0,0,0,0,0,0,0,0,0,0
20260206B02,追加調達結果,最低約定価格（電源属地別）[円/kW・30分],0,0,0,0,0,0,0,0,0,0
20260206B02,追加調達結果,平均約定価格（電源属地別）[円/kW・30分],0,0,0,0,0,0,0,0,0,0
20260206B02,追加調達結果,最高約定価格（TSO別）[円/kW・30分],0,0,0,0,0,0,0,0,0,0
20260206B02,追加調達結果,最低約定価格（TSO別）[円/kW・30分],0,0,0,0,0,0,0,0,0,0
20260206B02,追加調達結果,平均約定価格（TSO別）[円/kW・30分],0,0,0,0,0,0,0,0,0,0
20260206B02,追加調達結果,約定量合計（TSO別）[MW],0,0,0,0,0,0,0,0,0,0
20260206B02,追加調達結果,（内訳）自エリアからの約定量[MW],0,0,0,0,0,0,0,0,0,0
20260206B02,合計（確報値）,募集量（TSO別）[MW],0,50,0,0,93,23,193,87,244,690
20260206B02,合計（確報値）,応札量合計（電源属地別）[MW],224.99,250,471.914,549.87,102,1190.5,619.401,93,487.97,3989.645
20260206B02,合計（確報値）,約定量合計（電源属地別）[MW],3,70,320.614,298.803,102,306.422,285.03,30,180,1595.869
20260206B02,合計（確報値）,応札件数（電源属地別）[件],5,1,7,7,1,6,8,4,8,47
20260206B02,合計（確報値）,約定件数（電源属地別）[件],1,1,5,5,1,5,8,2,5,33
20260206B02,合計（確報値）,最高約定価格（電源属地別）[円/kW・30分],6,4.31,1.95,2.33,1.97,6.87,2.58,6.98,1.97,6.98
20260206B02,合計（確報値）,最低約定価格（電源属地別）[円/kW・30分],6,4.31,1.35,0.36,1.97,0.36,0.39,0.52,0.36,0.36
20260206B02,合計（確報値）,平均約定価格（電源属地別）[円/kW・30分],6,4.31,1.83,1.01,1.97,3.91,1.69,3.75,0.96,2.12
20260206B02,合計（確報値）,最高約定価格（TSO別）[円/kW・30分],6,4.31,1.95,2.33,1.97,6.87,6.87,6.98,6.87,6.98
20260206B02,合計（確報値）,最低約定価格（TSO別）[円/kW・30分],6,4.31,1.35,0.36,1.97,0.36,0.39,0.52,0.36,0.36
20260206B02,合計（確報値）,平均約定価格（TSO別）[円/kW・30分],6,4.31,1.83,1.01,1.97,2.94,1.63,5.49,2.02,2.12
20260206B02,合計（確報値）,約定量合計（TSO別）[MW],3,70,320.614,298.803,102,230.452,259,68,244,1595.869
20260206B02,合計（確報値）,（内訳）自エリアからの約定量[MW],3,70,320.614,298.803,102,230.452,258.03,30,180,1492.899
20260206B03,システム約定結果,募集量（TSO別）[MW],0,380,356,0,140,383,329,134,261,1983
20260206B03,システム約定結果,応札量合計（電源属地別）[MW],224.99,450,899.653,0,170,1190.5,834.099,169,415,4353.242
20260206B03,システム約定結果,落札量合計（電源属地別）[MW],54.1,330,559.13,0,170,621.553,286.03,169,210,2399.813
20260206B03,システム約定結果,応札件数（電源属地別）[件],5,2,11,0,3,6,13,4,7,51
20260206B03,システム約定結果,落札件数（電源属地別）[件],3,2,6,0,3,6,13,4,6,43
20260206B03,システム約定結果,最高落札価格（電源属地別）[円/kW・30分],11.55,2.02,5.11,0,6.15,6.66,19.51,7.16,5.92,19.51
20260206B03,システム約定結果,最低落札価格（電源属地別）[円/kW・30分],10.99,1.1,0.36,0,1,1.19,2.36,0.36,3.6,0.36
20260206B03,システム約定結果,平均落札価格（電源属地別）[円/kW・30分],11.52,1.49,1.75,0,5.99,4.57,3.99,1.63,4.43,3.46
20260206B03,システム約定結果,最高落札価格（TSO別）[円/kW・30分],11.55,2.02,5.11,0,6.15,6.66,19.51,7.16,5.95,19.51
20260206B03,システム約定結果,最低落札価格（TSO別）[円/kW・30分],10.99,0.36,0.36,0,5.95,1.19,0.36,0.36,0.36,0.36
20260206B03,システム約定結果,平均落札価格（TSO別）[円/kW・30分],11.52,1.19,2.51,0,6.02,4.91,3.73,1.97,3.16,3.46
20260206B03,システム約定結果,落札量合計（TSO別）[MW],54.1,450,356,0,161,494.713,409,149,326,2399.813
20260206B03,システム約定結果,（内訳）自エリアからの落札量[MW],54.1,330,356,0,161,494.713,286.02,120,210,2011.833
20260206B03,追加調達結果,募集量（TSO別）[MW],-,-,-,-,-,-,-,-,-,-
20260206B03,追加調達結果,応札量合計（電源属地別）[MW],0,0,0,0,0,0,0,0,0,0
20260206B03,追加調達結果,約定量合計（電源属地別）[MW],0,0,0,0,0,0,0,0,0,0
20260206B03,追加調達結果,応札件数（電源属地別）[件],0,0,0,0,0,0,0,0,0,0
20260206B03,追加調達結果,約定件数（電源属地別）[件],0,0,0,0,0,0,0,0,0,0
20260206B03,追加調達結果,最高約定価格（電源属地別）[円/kW・30分],0,0,0,0,0,0,0,0,0,0
20260206B03,追加調達結果,最低約定価格（電源属地別）[円/kW・30分],0,0,0,0,0,0,0,0,0,0
20260206B03,追加調達結果,平均約定価格（電源属地別）[円/kW・30分],0,0,0,0,0,0,0,0,0,0
20260206B03,追加調達結果,最高約定価格（TSO別）[円/kW・30分],0,0,0,0,0,0,0,0,0,0
20260206B03,追加調達結果,最低約定価格（TSO別）[円/kW・30分],0,0,0,0,0,0,0,0,0,0
20260206B03,追加調達結果,平均約定価格（TSO別）[円/kW・30分],0,0,0,0,0,0,0,0,0,0
20260206B03,追加調達結果,約定量合計（TSO別）[MW],0,0,0,0,0,0,0,0,0,0
20260206B03,追加調達結果,（内訳）自エリアからの約定量[MW],0,0,0,0,0,0,0,0,0,0
20260206B03,合計（確報値）,募集量（TSO別）[MW],0,380,356,0,140,383,329,134,261,1983
20260206B03,合計（確報値）,応札量合計（電源属地別）[MW],277.1,450,899.653,0,170,1190.5,834.099,169,415,4405.352
20260206B03,合計（確報値）,約定量合計（電源属地別）[MW],54.1,330,559.13,0,170,621.553,286.03,144,210,2374.813
20260206B03,合計（確報値）,応札件数（電源属地別）[件],8,2,11,0,3,6,13,4,7,54
20260206B03,合計（確報値）,約定件数（電源属地別）[件],4,2,6,0,3,6,13,3,6,43
20260206B03,合計（確報値）,最高約定価格（電源属地別）[円/kW・30分],11.55,2.02,5.11,0,6.15,6.66,19.51,7.16,5.92,19.51
20260206B03,合計（確報値）,最低約定価格（電源属地別）[円/kW・30分],10.99,1.1,0.36,0,1,1.19,2.36,0.36,3.6,0.36
20260206B03,合計（確報値）,平均約定価格（電源属地別）[円/kW・30分],11.52,1.49,1.75,0,5.99,4.57,3.99,1.09,4.43,3.44
20260206B03,合計（確報値）,最高約定価格（TSO別）[円/kW・30分],11.55,2.02,5.11,0,6.15,6.66,19.51,7.16,5.95,19.51
20260206B03,合計（確報値）,最低約定価格（TSO別）[円/kW・30分],10.99,0.36,0.36,0,5.95,1.19,0.36,0.36,0.36,0.36
20260206B03,合計（確報値）,平均約定価格（TSO別）[円/kW・30分],11.52,1.19,2.51,0,6.02,4.91,3.73,1.4,3.16,3.44
20260206B03,合計（確報値）,約定量合計（TSO別）[MW],54.1,450,356,0,161,494.713,409,124,326,2374.813
20260206B03,合計（確報値）,（内訳）自エリアからの約定量[MW],54.1,330,356,0,161,494.713,286.02,95,210,1986.833
20260206B04,システム約定結果,募集量（TSO別）[MW],0,132,718,0,258,559,470,265,361,2763
20260206B04,システム約定結果,応札量合計（電源属地別）[MW],242.79,260,1077.622,0,248,1192.5,549.13,316,521,4407.042
20260206B04,システム約定結果,落札量合計（電源属地別）[MW],60,140,718,0,247,1037.213,329.5,286,242,3059.713
20260206B04,システム約定結果,応札件数（電源属地別）[件],6,1,10,0,3,7,7,4,7,45
20260206B04,システム約定結果,落札件数（電源属地別）[件],3,1,7,0,2,6,7,4,4,34
20260206B04,システム約定結果,最高落札価格（電源属地別）[円/kW・30分],12.76,1.82,0.36,0,2.83,7.6,19.51,7.6,2.76,19.51
20260206B04,システム約定結果,最低落札価格（電源属地別）[円/kW・30分],10.99,1.82,0.35,0,2.64,0.36,0.89,0.36,1.09,0.35
20260206B04,システム約定結果,平均落札価格（電源属地別）[円/kW・30分],12.7,1.82,0.36,0,2.72,2.68,2.79,0.88,2.06,2.09
20260206B04,システム約定結果,最高落札価格（TSO別）[円/kW・30分],12.76,1.82,0.36,0,6.28,7.6,19.51,7.6,7.6,19.51
20260206B04,システム約定結果,最低落札価格（TSO別）[円/kW・30分],10.99,1.82,0.35,0,2.64,0.36,0.36,0.36,0.36,0.35
20260206B04,システム約定結果,平均落札価格（TSO別）[円/kW・30分],12.7,1.82,0.36,0,2.87,3.53,1.78,0.86,2.36,2.09
20260206B04,システム約定結果,落札量合計（TSO別）[MW],60,140,718,0,258,601.713,554,298,430,3059.713
20260206B04,システム約定結果,（内訳）自エリアからの落札量[MW],60,140,718,0,247,601.713,302.31,250,242,2561.023
20260206B04,追加調達結果,募集量（TSO別）[MW],-,-,-,-,-,-,-,-,-,-
20260206B04,追加調達結果,応札量合計（電源属地別）[MW],0,0,0,0,0,0,0,0,0,0
20260206B04,追加調達結果,約定量合計（電源属地別）[MW],0,0,0,0,0,0,0,0,0,0
20260206B04,追加調達結果,応札件数（電源属地別）[件],0,0,0,0,0,0,0,0,0,0
20260206B04,追加調達結果,約定件数（電源属地別）[件],0,0,0,0,0,0,0,0,0,0
20260206B04,追加調達結果,最高約定価格（電源属地別）[円/kW・30分],0,0,0,0,0,0,0,0,0,0
20260206B04,追加調達結果,最低約定価格（電源属地別）[円/kW・30分],0,0,0,0,0,0,0,0,0,0
20260206B04,追加調達結果,平均約定価格（電源属地別）[円/kW・30分],0,0,0,0,0,0,0,0,0,0
20260206B04,追加調達結果,最高約定価格（TSO別）[円/kW・30分],0,0,0,0,0,0,0,0,0,0
20260206B04,追加調達結果,最低約定価格（TSO別）[円/kW・30分],0,0,0,0,0,0,0,0,0,0
20260206B04,追加調達結果,平均約定価格（TSO別）[円/kW・30分],0,0,0,0,0,0,0,0,0,0
20260206B04,追加調達結果,約定量合計（TSO別）[MW],0,0,0,0,0,0,0,0,0,0
20260206B04,追加調達結果,（内訳）自エリアからの約定量[MW],0,0,0,0,0,0,0,0,0,0
20260206B04,合計（確報値）,募集量（TSO別）[MW],0,132,718,0,258,559,470,265,361,2763
20260206B04,合計（確報値）,応札量合計（電源属地別）[MW],300.8,260,1077.622,0,248,1192.5,549.13,316,521,4465.052
20260206B04,合計（確報値）,約定量合計（電源属地別）[MW],60,140,718,0,247,1037.213,329.5,255,242,3028.713
20260206B04,合計（確報値）,応札件数（電源属地別）[件],9,1,10,0,3,7,7,4,7,48
20260206B04,合計（確報値）,約定件数（電源属地別）[件],4,1,7,0,2,6,7,3,4,34
20260206B04,合計（確報値）,最高約定価格（電源属地別）[円/kW・30分],12.76,1.82,0.36,0,2.83,7.6,19.51,7.6,2.76,19.51
20260206B04,合計（確報値）,最低約定価格（電源属地別）[円/kW・30分],10.99,1.82,0.35,0,2.64,0.36,0.89,0.36,1.09,0.35
20260206B04,合計（確報値）,平均約定価格（電源属地別）[円/kW・30分],12.7,1.82,0.36,0,2.72,2.68,2.79,0.93,2.06,2.1
20260206B04,合計（確報値）,最高約定価格（TSO別）[円/kW・30分],12.76,1.82,0.36,0,6.28,7.6,19.51,7.6,7.6,19.51
20260206B04,合計（確報値）,最低約定価格（TSO別）[円/kW・30分],10.99,1.82,0.35,0,2.64,0.36,0.36,0.36,0.36,0.35
20260206B04,合計（確報値）,平均約定価格（TSO別）[円/kW・30分],12.7,1.82,0.36,0,2.87,3.53,1.78,0.9,2.36,2.1
20260206B04,合計（確報値）,約定量合計（TSO別）[MW],60,140,718,0,258,601.713,554,267,430,3028.713
20260206B04,合計（確報値）,（内訳）自エリアからの約定量[MW],60,140,718,0,247,601.713,302.31,219,242,2530.023
20260206B05,システム約定結果,募集量（TSO別）[MW],72,0,40,0,221,412,227,225,318,1515
20260206B05,システム約定結果,応札量合計（電源属地別）[MW],265.89,260,1664.503,0,228,1192.5,549.13,280,512.98,4953.003
20260206B05,システム約定結果,落札量合計（電源属地別）[MW],72,140,250.333,0,228,499.722,270.78,220,314.168,1995.003
20260206B05,システム約定結果,応札件数（電源属地別）[件],6,1,18,0,2,7,7,6,9,56
20260206B05,システム約定結果,落札件数（電源属地別）[件],5,1,10,0,2,6,7,6,5,42
20260206B05,システム約定結果,最高落札価格（電源属地別）[円/kW・30分],13.28,1.85,1.83,0,1.46,7.73,19.51,16.53,3.87,19.51
20260206B05,システム約定結果,最低落札価格（電源属地別）[円/kW・30分],1.85,1.85,0.35,0,1.27,0.36,0.36,0.36,0.36,0.35
20260206B05,システム約定結果,平均落札価格（電源属地別）[円/kW・30分],7.17,1.85,1.15,0,1.34,5.11,2.03,3.64,2.37,3.01
20260206B05,システム約定結果,最高落札価格（TSO別）[円/kW・30分],13.28,1.85,1.83,0,1.46,7.73,19.51,16.53,7.73,19.51
20260206B05,システム約定結果,最低落札価格（TSO別）[円/kW・30分],1.85,1.85,0.35,0,1.27,0.35,0.35,0.36,0.36,0.35
20260206B05,システム約定結果,平均落札価格（TSO別）[円/kW・30分],7.17,1.85,1.35,0,1.34,3.9,3.18,4.49,2.27,3.01
20260206B05,システム約定結果,落札量合計（TSO別）[MW],72,140,199.933,0,224,412,319,278.07,350,1995.003
20260206B05,システム約定結果,（内訳）自エリアからの落札量[MW],72,140,199.933,0,224,363.152,224.293,220,314.168,1757.546
20260206B05,追加調達結果,募集量（TSO別）[MW],-,-,-,-,-,-,-,-,-,-
20260206B05,追加調達結果,応札量合計（電源属地別）[MW],0,0,0,0,0,0,0,0,0,0
20260206B05,追加調達結果,約定量合計（電源属地別）[MW],0,0,0,0,0,0,0,0,0,0
20260206B05,追加調達結果,応札件数（電源属地別）[件],0,0,0,0,0,0,0,0,0,0
20260206B05,追加調達結果,約定件数（電源属地別）[件],0,0,0,0,0,0,0,0,0,0
20260206B05,追加調達結果,最高約定価格（電源属地別）[円/kW・30分],0,0,0,0,0,0,0,0,0,0
20260206B05,追加調達結果,最低約定価格（電源属地別）[円/kW・30分],0,0,0,0,0,0,0,0,0,0
20260206B05,追加調達結果,平均約定価格（電源属地別）[円/kW・30分],0,0,0,0,0,0,0,0,0,0
20260206B05,追加調達結果,最高約定価格（TSO別）[円/kW・30分],0,0,0,0,0,0,0,0,0,0
20260206B05,追加調達結果,最低約定価格（TSO別）[円/kW・30分],0,0,0,0,0,0,0,0,0,0
20260206B05,追加調達結果,平均約定価格（TSO別）[円/kW・30分],0,0,0,0,0,0,0,0,0,0
20260206B05,追加調達結果,約定量合計（TSO別）[MW],0,0,0,0,0,0,0,0,0,0
20260206B05,追加調達結果,（内訳）自エリアからの約定量[MW],0,0,0,0,0,0,0,0,0,0
20260206B05,合計（確報値）,募集量（TSO別）[MW],72,0,40,0,221,412,227,225,318,1515
20260206B05,合計（確報値）,応札量合計（電源属地別）[MW],331,260,1664.503,0,228,1192.5,565.007,280,512.98,5033.99
20260206B05,合計（確報値）,約定量合計（電源属地別）[MW],72,140,250.333,0,228,499.722,199.475,195,314.168,1898.698
20260206B05,合計（確報値）,応札件数（電源属地別）[件],11,1,18,0,2,7,9,6,9,63
20260206B05,合計（確報値）,約定件数（電源属地別）[件],8,1,10,0,2,6,8,5,5,45
20260206B05,合計（確報値）,最高約定価格（電源属地別）[円/kW・30分],13.28,1.85,1.83,0,1.46,7.73,19.51,16.53,3.87,19.51
20260206B05,合計（確報値）,最低約定価格（電源属地別）[円/kW・30分],1.85,1.85,0.35,0,1.27,0.36,0.36,0.36,0.36,0.35
20260206B05,合計（確報値）,平均約定価格（電源属地別）[円/kW・30分],7.17,1.85,1.15,0,1.34,5.11,2.18,2.45,2.37,2.94
20260206B05,合計（確報値）,最高約定価格（TSO別）[円/kW・30分],13.28,1.85,1.83,0,1.46,7.73,19.51,16.53,7.73,19.51
20260206B05,合計（確報値）,最低約定価格（TSO別）[円/kW・30分],1.85,1.85,0.35,0,1.27,0.35,0.35,0.36,0.36,0.35
20260206B05,合計（確報値）,平均約定価格（TSO別）[円/kW・30分],7.17,1.85,1.35,0,1.34,3.9,3.64,3.66,2.27,2.94
20260206B05,合計（確報値）,約定量合計（TSO別）[MW],72,140,199.933,0,224,412,247.695,253.07,350,1898.698
20260206B05,合計（確報値）,（内訳）自エリアからの約定量[MW],72,140,199.933,0,224,363.152,152.988,195,314.168,1661.241
20260206B06,システム約定結果,募集量（TSO別）[MW],0,171,707,0,171,476,278,194,288,2285
20260206B06,システム約定結果,応札量合計（電源属地別）[MW],224.99,511.5,1217.889,479.082,179,1192.5,690.489,207,486.97,5189.42
20260206B06,システム約定結果,落札量合計（電源属地別）[MW],31,210,764,409.277,179,556.03,271.02,158,224,2802.327
20260206B06,システム約定結果,応札件数（電源属地別）[件],5,3,13,3,2,7,12,6,8,59
20260206B06,システム約定結果,落札件数（電源属地別）[件],2,2,8,2,2,6,12,6,6,46
20260206B06,システム約定結果,最高落札価格（電源属地別）[円/kW・30分],10.28,2.43,5.54,5.07,4.81,6.96,19.51,8.33,4.51,19.51
20260206B06,システム約定結果,最低落札価格（電源属地別）[円/kW・30分],10.27,2.3,0.36,3.33,4.62,0.36,1.07,0.36,2.31,0.36
20260206B06,システム約定結果,平均落札価格（電源属地別）[円/kW・30分],10.27,2.39,2.71,3.91,4.68,4.82,2.79,2.31,3.07,3.5
20260206B06,システム約定結果,最高落札価格（TSO別）[円/kW・30分],10.28,5.54,5.54,5.07,4.81,6.96,19.51,8.33,4.81,19.51
20260206B06,システム約定結果,最低落札価格（TSO別）[円/kW・30分],10.27,0.36,0.36,3.33,2.7,0.36,0.36,0.36,2.31,0.36
20260206B06,システム約定結果,平均落札価格（TSO別）[円/kW・30分],10.27,1.99,2.89,4.2,4.63,4.87,3,3.12,3.21,3.5
20260206B06,システム約定結果,落札量合計（TSO別）[MW],31,267,707,136.614,171,528.713,393,207,361,2802.327
20260206B06,システム約定結果,（内訳）自エリアからの落札量[MW],31,210,707,136.614,167,469.03,271.02,158,224,2373.664
20260206B06,追加調達結果,募集量（TSO別）[MW],-,-,-,-,-,-,-,-,-,-
20260206B06,追加調達結果,応札量合計（電源属地別）[MW],0,0,0,0,0,0,0,0,0,0
20260206B06,追加調達結果,約定量合計（電源属地別）[MW],0,0,0,0,0,0,0,0,0,0
20260206B06,追加調達結果,応札件数（電源属地別）[件],0,0,0,0,0,0,0,0,0,0
20260206B06,追加調達結果,約定件数（電源属地別）[件],0,0,0,0,0,0,0,0,0,0
20260206B06,追加調達結果,最高約定価格（電源属地別）[円/kW・30分],0,0,0,0,0,0,0,0,0,0
20260206B06,追加調達結果,最低約定価格（電源属地別）[円/kW・30分],0,0,0,0,0,0,0,0,0,0
20260206B06,追加調達結果,平均約定価格（電源属地別）[円/kW・30分],0,0,0,0,0,0,0,0,0,0
20260206B06,追加調達結果,最高約定価格（TSO別）[円/kW・30分],0,0,0,0,0,0,0,0,0,0
20260206B06,追加調達結果,最低約定価格（TSO別）[円/kW・30分],0,0,0,0,0,0,0,0,0,0
20260206B06,追加調達結果,平均約定価格（TSO別）[円/kW・30分],0,0,0,0,0,0,0,0,0,0
20260206B06,追加調達結果,約定量合計（TSO別）[MW],0,0,0,0,0,0,0,0,0,0
20260206B06,追加調達結果,（内訳）自エリアからの約定量[MW],0,0,0,0,0,0,0,0,0,0
20260206B06,合計（確報値）,募集量（TSO別）[MW],0,171,707,0,171,476,278,194,288,2285
20260206B06,合計（確報値）,応札量合計（電源属地別）[MW],255.99,511.5,1217.889,888.359,179,1192.5,690.499,207,486.97,5629.707
20260206B06,合計（確報値）,約定量合計（電源属地別）[MW],31,210,764,409.277,179,556.03,177.898,148,224,2699.205
20260206B06,合計（確報値）,応札件数（電源属地別）[件],8,3,13,16,2,7,13,6,8,76
20260206B06,合計（確報値）,約定件数（電源属地別）[件],3,2,8,13,2,6,12,5,6,57
20260206B06,合計（確報値）,最高約定価格（電源属地別）[円/kW・30分],10.28,2.43,5.54,0.36,4.81,6.96,19.51,8.33,4.51,19.51
20260206B06,合計（確報値）,最低約定価格（電源属地別）[円/kW・30分],10.27,2.3,0.36,0.36,4.62,0.36,0.36,0.36,2.31,0.36
20260206B06,合計（確報値）,平均約定価格（電源属地別）[円/kW・30分],10.27,2.39,2.71,0.36,4.68,4.82,2.58,1.96,3.07,2.96
20260206B06,合計（確報値）,最高約定価格（TSO別）[円/kW・30分],10.28,5.54,5.54,0.36,4.81,6.96,19.51,8.33,4.81,19.51
20260206B06,合計（確報値）,最低約定価格（TSO別）[円/kW・30分],10.27,0.36,0.36,0.36,2.7,0.36,0.36,0.36,0.36,0.36
20260206B06,合計（確報値）,平均約定価格（TSO別）[円/kW・30分],10.27,1.99,2.89,0.36,4.63,4.54,1.69,2.9,2.17,2.96
20260206B06,合計（確報値）,約定量合計（TSO別）[MW],31,267,707,136.614,171,528.713,299.878,197,361,2699.205
20260206B06,合計（確報値）,（内訳）自エリアからの約定量[MW],31,210,707,136.614,167,469.03,177.898,148,224,2270.542
20260206B07,システム約定結果,募集量（TSO別）[MW],0,148,446,0,115,410,271,111,260,1761
20260206B07,システム約定結果,応札量合計（電源属地別）[MW],220,250,1385.275,477.582,123,1190.5,690.489,121,709,5166.846
20260206B07,システム約定結果,落札量合計（電源属地別）[MW],0,70,524,477.582,123,499.722,280.307,64,212,2250.611
20260206B07,システム約定結果,応札件数（電源属地別）[件],3,1,14,2,1,6,12,5,10,54
20260206B07,システム約定結果,落札件数（電源属地別）[件],0,1,8,2,1,6,12,4,6,40
20260206B07,システム約定結果,最高落札価格（電源属地別）[円/kW・30分],0,2.44,4.85,3.63,5.56,6.77,19.51,7.77,5.37,19.51
20260206B07,システム約定結果,最低落札価格（電源属地別）[円/kW・30分],0,2.44,0.36,2.42,5.56,1.28,2.07,2.11,3.31,0.36
20260206B07,システム約定結果,平均落札価格（電源属地別）[円/kW・30分],0,2.44,2.64,2.85,5.56,5.5,3.79,5.65,3.82,3.81
20260206B07,システム約定結果,最高落札価格（TSO別）[円/kW・30分],0,4.85,4.85,3.63,5.56,6.77,19.51,7.77,5.37,19.51
20260206B07,システム約定結果,最低落札価格（TSO別）[円/kW・30分],0,0.36,0.36,2.42,5.56,1.28,2.07,2.11,2.42,0.36
20260206B07,システム約定結果,平均落札価格（TSO別）[円/kW・30分],0,3.13,2.45,2.77,5.56,5.21,4.32,5.51,3.55,3.81
20260206B07,システム約定結果,落札量合計（TSO別）[MW],0,148,446,356.611,123,410,336,121,310,2250.611
20260206B07,システム約定結果,（内訳）自エリアからの落札量[MW],0,70,446,356.611,123,404.713,275.01,64,212,1951.334
20260206B07,追加調達結果,募集量（TSO別）[MW],-,-,-,-,-,-,-,-,-,-
20260206B07,追加調達結果,応札量合計（電源属地別）[MW],0,0,0,0,0,0,0,0,0,0
20260206B07,追加調達結果,約定量合計（電源属地別）[MW],0,0,0,0,0,0,0,0,0,0
20260206B07,追加調達結果,応札件数（電源属地別）[件],0,0,0,0,0,0,0,0,0,0
20260206B07,追加調達結果,約定件数（電源属地別）[件],0,0,0,0,0,0,0,0,0,0
20260206B07,追加調達結果,最高約定価格（電源属地別）[円/kW・30分],0,0,0,0,0,0,0,0,0,0
20260206B07,追加調達結果,最低約定価格（電源属地別）[円/kW・30分],0,0,0,0,0,0,0,0,0,0
20260206B07,追加調達結果,平均約定価格（電源属地別）[円/kW・30分],0,0,0,0,0,0,0,0,0,0
20260206B07,追加調達結果,最高約定価格（TSO別）[円/kW・30分],0,0,0,0,0,0,0,0,0,0
20260206B07,追加調達結果,最低約定価格（TSO別）[円/kW・30分],0,0,0,0,0,0,0,0,0,0
20260206B07,追加調達結果,平均約定価格（TSO別）[円/kW・30分],0,0,0,0,0,0,0,0,0,0
20260206B07,追加調達結果,約定量合計（TSO別）[MW],0,0,0,0,0,0,0,0,0,0
20260206B07,追加調達結果,（内訳）自エリアからの約定量[MW],0,0,0,0,0,0,0,0,0,0
20260206B07,合計（確報値）,募集量（TSO別）[MW],0,148,446,0,115,410,271,111,260,1761
20260206B07,合計（確報値）,応札量合計（電源属地別）[MW],220,250,1385.275,955.164,123,1190.5,690.499,121,709,5644.438
20260206B07,合計（確報値）,約定量合計（電源属地別）[MW],0,70,524,477.582,123,499.722,181.983,30,212,2118.287
20260206B07,合計（確報値）,応札件数（電源属地別）[件],3,1,14,17,1,6,13,5,10,70
20260206B07,合計（確報値）,約定件数（電源属地別）[件],0,1,8,15,1,6,12,2,6,51
20260206B07,合計（確報値）,最高約定価格（電源属地別）[円/kW・30分],0,2.44,4.85,0.36,5.56,6.77,19.51,7.14,5.37,19.51
20260206B07,合計（確報値）,最低約定価格（電源属地別）[円/kW・30分],0,2.44,0.36,0.36,5.56,1.28,2.07,2.11,3.31,0.36
20260206B07,合計（確報値）,平均約定価格（電源属地別）[円/kW・30分],0,2.44,2.64,0.36,5.56,5.5,3.49,4.63,3.82,3.18
20260206B07,合計（確報値）,最高約定価格（TSO別）[円/kW・30分],0,4.85,4.85,0.36,5.56,6.77,19.51,7.14,5.37,19.51
20260206B07,合計（確報値）,最低約定価格（TSO別）[円/kW・30分],0,0.36,0.36,0.36,5.56,1.28,2.07,0.36,0.36,0.36
20260206B07,合計（確報値）,平均約定価格（TSO別）[円/kW・30分],0,3.13,2.45,0.36,5.56,5.22,4.31,4.24,2.73,3.18
20260206B07,合計（確報値）,約定量合計（TSO別）[MW],0,148,446,356.611,123,404.713,242.963,87,310,2118.287
20260206B07,合計（確報値）,（内訳）自エリアからの約定量[MW],0,70,446,356.611,123,404.713,181.973,30,212,1824.297
20260206B08,システム約定結果,募集量（TSO別）[MW],0,0,57,0,110,284,280,96,252,1079
20260206B08,システム約定結果,応札量合計（電源属地別）[MW],224.99,250,893.898,477.582,130,1190.5,789.729,109,491,4556.699
20260206B08,システム約定結果,落札量合計（電源属地別）[MW],13,70,697.604,459.277,130,499.722,282.03,54,198,2403.633
20260206B08,システム約定結果,応札件数（電源属地別）[件],5,1,9,2,1,6,12,4,8,48
20260206B08,システム約定結果,落札件数（電源属地別）[件],2,1,7,2,1,6,12,3,6,40
20260206B08,システム約定結果,最高落札価格（電源属地別）[円/kW・30分],11.4,3.55,6.16,3.44,3.75,5.66,3.03,6.96,3.85,11.4
20260206B08,システム約定結果,最低落札価格（電源属地別）[円/kW・30分],5,3.55,1.75,1.8,3.75,0.36,0.83,0.66,1.63,0.36
20260206B08,システム約定結果,平均落札価格（電源属地別）[円/kW・30分],9.92,3.55,2.88,2.34,3.75,4.33,1.7,4.37,2.69,3.06
20260206B08,システム約定結果,最高落札価格（TSO別）[円/kW・30分],11.4,3.55,6.16,3.44,3.75,5.66,5.66,6.96,5.66,11.4
20260206B08,システム約定結果,最低落札価格（TSO別）[円/kW・30分],5,3.55,1.75,1.8,3.75,0.36,0.83,0.66,0.93,0.36
20260206B08,システム約定結果,平均落札価格（TSO別）[円/kW・30分],9.92,3.55,2.88,2.35,3.75,3.76,2.46,4.83,3.18,3.06
20260206B08,システム約定結果,落札量合計（TSO別）[MW],13,70,697.604,453.316,130,342.713,345,100,252,2403.633
20260206B08,システム約定結果,（内訳）自エリアからの落札量[MW],13,70,697.604,453.316,130,342.713,279.03,54,198,2237.663
20260206B08,追加調達結果,募集量（TSO別）[MW],-,-,-,-,-,-,-,-,-,-
20260206B08,追加調達結果,応札量合計（電源属地別）[MW],0,0,0,0,0,0,0,0,0,0
20260206B08,追加調達結果,約定量合計（電源属地別）[MW],0,0,0,0,0,0,0,0,0,0
20260206B08,追加調達結果,応札件数（電源属地別）[件],0,0,0,0,0,0,0,0,0,0
20260206B08,追加調達結果,約定件数（電源属地別）[件],0,0,0,0,0,0,0,0,0,0
20260206B08,追加調達結果,最高約定価格（電源属地別）[円/kW・30分],0,0,0,0,0,0,0,0,0,0
20260206B08,追加調達結果,最低約定価格（電源属地別）[円/kW・30分],0,0,0,0,0,0,0,0,0,0
20260206B08,追加調達結果,平均約定価格（電源属地別）[円/kW・30分],0,0,0,0,0,0,0,0,0,0
20260206B08,追加調達結果,最高約定価格（TSO別）[円/kW・30分],0,0,0,0,0,0,0,0,0,0
20260206B08,追加調達結果,最低約定価格（TSO別）[円/kW・30分],0,0,0,0,0,0,0,0,0,0
20260206B08,追加調達結果,平均約定価格（TSO別）[円/kW・30分],0,0,0,0,0,0,0,0,0,0
20260206B08,追加調達結果,約定量合計（TSO別）[MW],0,0,0,0,0,0,0,0,0,0
20260206B08,追加調達結果,（内訳）自エリアからの約定量[MW],0,0,0,0,0,0,0,0,0,0
20260206B08,合計（確報値）,募集量（TSO別）[MW],0,0,57,0,110,284,280,96,252,1079
20260206B08,合計（確報値）,応札量合計（電源属地別）[MW],234.99,250,893.898,936.859,130,1190.5,789.739,109,491,5025.986
20260206B08,合計（確報値）,約定量合計（電源属地別）[MW],13,70,697.604,459.277,130,499.722,223.763,30,198,2321.366
20260206B08,合計（確報値）,応札件数（電源属地別）[件],6,1,9,13,1,6,13,4,8,61
20260206B08,合計（確報値）,約定件数（電源属地別）[件],2,1,7,11,1,6,12,2,6,48
20260206B08,合計（確報値）,最高約定価格（電源属地別）[円/kW・30分],11.4,3.55,6.16,0.36,3.75,5.66,2.91,6.96,3.85,11.4
20260206B08,合計（確報値）,最低約定価格（電源属地別）[円/kW・30分],5,3.55,1.75,0.36,3.75,0.36,0.36,0.66,1.63,0.36
20260206B08,合計（確報値）,平均約定価格（電源属地別）[円/kW・30分],9.92,3.55,2.88,0.36,3.75,4.33,1.35,3.81,2.69,2.65
20260206B08,合計（確報値）,最高約定価格（TSO別）[円/kW・30分],11.4,3.55,6.16,0.36,3.75,5.66,5.66,6.96,5.66,11.4
20260206B08,合計（確報値）,最低約定価格（TSO別）[円/kW・30分],5,3.55,1.75,0.36,3.75,0.36,0.36,0.66,0.36,0.36
20260206B08,合計（確報値）,平均約定価格（TSO別）[円/kW・30分],9.92,3.55,2.88,0.36,3.75,3.76,2.35,4.76,3.15,2.65
20260206B08,合計（確報値）,約定量合計（TSO別）[MW],13,70,697.604,453.316,130,342.713,286.733,76,252,2321.366
20260206B08,合計（確報値）,（内訳）自エリアからの約定量[MW],13,70,697.604,453.316,130,342.713,220.763,30,198,2155.396
20260207B01,システム約定結果,募集量（TSO別）[MW],0,0,0,0,112,0,55,85,282,534
20260207B01,システム約定結果,応札量合計（電源属地別）[MW],184.99,190,196.078,720.882,116,1175.9,619.401,93,519,3815.251
20260207B01,システム約定結果,落札量合計（電源属地別）[MW],26.552,67.552,148.298,644.147,116,298.922,236.08,43,157,1737.551
20260207B01,システム約定結果,応札件数（電源属地別）[件],3,1,4,5,1,6,8,4,7,39
20260207B01,システム約定結果,落札件数（電源属地別）[件],1,1,3,4,1,5,8,3,6,32
20260207B01,システム約定結果,最高落札価格（電源属地別）[円/kW・30分],4.27,2,2.25,4.49,2.31,7.48,1.97,6.15,2.33,7.48
20260207B01,システム約定結果,最低落札価格（電源属地別）[円/kW・30分],4.27,2,1.26,2.23,2.31,0.36,0.36,1.48,0.42,0.36
20260207B01,システム約定結果,平均落札価格（電源属地別）[円/kW・30分],4.27,2,1.99,3.04,2.31,4.26,1.38,3.16,1.51,2.73
20260207B01,システム約定結果,最高落札価格（TSO別）[円/kW・30分],4.27,2,2.25,4.49,2.31,7.48,1.97,7.48,7.48,7.48
20260207B01,システム約定結果,最低落札価格（TSO別）[円/kW・30分],4.27,2,1.26,2.23,2.31,0.36,0.36,1.28,0.36,0.36
20260207B01,システム約定結果,平均落札価格（TSO別）[円/kW・30分],4.27,2,1.99,3.07,2.31,3.07,1.34,5.22,2.7,2.73
20260207B01,システム約定結果,落札量合計（TSO別）[MW],26.552,67.552,148.298,576.436,116,216.713,219,85,282,1737.551
20260207B01,システム約定結果,（内訳）自エリアからの落札量[MW],26.552,67.552,148.298,576.436,116,216.713,219,43,157,1570.551
20260207B01,追加調達結果,募集量（TSO別）[MW],-,-,-,-,-,-,-,-,-,-
20260207B01,追加調達結果,応札量合計（電源属地別）[MW],0,0,0,0,0,0,0,0,0,0
20260207B01,追加調達結果,約定量合計（電源属地別）[MW],0,0,0,0,0,0,0,0,0,0
20260207B01,追加調達結果,応札件数（電源属地別）[件],0,0,0,0,0,0,0,0,0,0
20260207B01,追加調達結果,約定件数（電源属地別）[件],0,0,0,0,0,0,0,0,0,0
20260207B01,追加調達結果,最高約定価格（電源属地別）[円/kW・30分],0,0,0,0,0,0,0,0,0,0
20260207B01,追加調達結果,最低約定価格（電源属地別）[円/kW・30分],0,0,0,0,0,0,0,0,0,0
20260207B01,追加調達結果,平均約定価格（電源属地別）[円/kW・30分],0,0,0,0,0,0,0,0,0,0
20260207B01,追加調達結果,最高約定価格（TSO別）[円/kW・30分],0,0,0,0,0,0,0,0,0,0
20260207B01,追加調達結果,最低約定価格（TSO別）[円/kW・30分],0,0,0,0,0,0,0,0,0,0
20260207B01,追加調達結果,平均約定価格（TSO別）[円/kW・30分],0,0,0,0,0,0,0,0,0,0
20260207B01,追加調達結果,約定量合計（TSO別）[MW],0,0,0,0,0,0,0,0,0,0
20260207B01,追加調達結果,（内訳）自エリアからの約定量[MW],0,0,0,0,0,0,0,0,0,0
20260207B01,合計（確報値）,募集量（TSO別）[MW],0,0,0,0,112,0,55,85,282,534
20260207B01,合計（確報値）,応札量合計（電源属地別）[MW],211.542,190,196.078,1365.029,116,1175.9,619.411,93,519,4485.96
20260207B01,合計（確報値）,約定量合計（電源属地別）[MW],26.552,67.552,148.298,644.147,116,298.922,170.83,43,157,1672.301
20260207B01,合計（確報値）,応札件数（電源属地別）[件],6,1,4,21,1,6,9,4,7,59
20260207B01,合計（確報値）,約定件数（電源属地別）[件],3,1,3,16,1,5,8,3,6,46
20260207B01,合計（確報値）,最高約定価格（電源属地別）[円/kW・30分],4.27,2,2.25,0.36,2.31,7.48,1.85,6.15,2.33,7.48
20260207B01,合計（確報値）,最低約定価格（電源属地別）[円/kW・30分],4.27,2,1.26,0.36,2.31,0.36,0.36,1.48,0.42,0.36
20260207B01,合計（確報値）,平均約定価格（電源属地別）[円/kW・30分],4.27,2,1.99,0.36,2.31,4.26,1.16,3.16,1.51,1.73
20260207B01,合計（確報値）,最高約定価格（TSO別）[円/kW・30分],4.27,2,2.25,0.36,2.31,7.48,1.85,7.48,7.48,7.48
20260207B01,合計（確報値）,最低約定価格（TSO別）[円/kW・30分],4.27,2,1.26,0.36,2.31,0.36,0.36,1.28,0.36,0.36
20260207B01,合計（確報値）,平均約定価格（TSO別）[円/kW・30分],4.27,2,1.99,0.36,2.31,3.07,1.16,5.22,2.12,1.73
20260207B01,合計（確報値）,約定量合計（TSO別）[MW],26.552,67.552,148.298,576.436,116,216.713,170.75,85,265,1672.301
20260207B01,合計（確報値）,（内訳）自エリアからの約定量[MW],26.552,67.552,148.298,576.436,116,216.713,170.75,43,157,1522.301
20260207B02,システム約定結果,募集量（TSO別）[MW],0,50,0,0,93,23,193,87,244,690
20260207B02,システム約定結果,応札量合計（電源属地別）[MW],243.79,184,431.439,721.882,102,1175.9,619.401,93,548.97,4120.382
20260207B02,システム約定結果,落札量合計（電源属地別）[MW],21,68,306.263,638.147,102,184.713,285.03,45,180,1830.153
20260207B02,システム約定結果,応札件数（電源属地別）[件],5,1,6,5,1,6,8,4,8,44
20260207B02,システム約定結果,落札件数（電源属地別）[件],3,1,4,4,1,4,8,3,6,34
20260207B02,システム約定結果,最高落札価格（電源属地別）[円/kW・30分],6,2.11,2.12,4.63,1.97,1.45,2.23,5.92,2.54,6
20260207B02,システム約定結果,最低落札価格（電源属地別）[円/kW・30分],4.99,2.11,0.96,2.23,1.97,0.36,0.36,1.8,0.56,0.36
20260207B02,システム約定結果,平均落札価格（電源属地別）[円/kW・30分],5.18,2.11,1.95,3.13,1.97,0.82,1.44,3.23,1.58,2.21
20260207B02,システム約定結果,最高落札価格（TSO別）[円/kW・30分],6,2.11,2.12,4.63,1.97,1.45,2.23,5.92,2.6,6
20260207B02,システム約定結果,最低落札価格（TSO別）[円/kW・30分],4.99,2.11,0.96,2.23,1.97,0.36,0.36,1.45,0.36,0.36
20260207B02,システム約定結果,平均落札価格（TSO別）[円/kW・30分],5.18,2.11,1.95,3.21,1.97,0.8,1.36,2.8,1.81,2.21
20260207B02,システム約定結果,落札量合計（TSO別）[MW],21,68,306.263,563.167,101.01,180.713,259,87,244,1830.153
20260207B02,システム約定結果,（内訳）自エリアからの落札量[MW],21,68,306.263,563.167,101.01,180.713,258.01,45,180,1723.163
20260207B02,追加調達結果,募集量（TSO別）[MW],-,-,-,-,-,-,-,-,-,-
20260207B02,追加調達結果,応札量合計（電源属地別）[MW],0,0,0,0,0,0,0,0,0,0
20260207B02,追加調達結果,約定量合計（電源属地別）[MW],0,0,0,0,0,0,0,0,0,0
20260207B02,追加調達結果,応札件数（電源属地別）[件],0,0,0,0,0,0,0,0,0,0
20260207B02,追加調達結果,約定件数（電源属地別）[件],0,0,0,0,0,0,0,0,0,0
20260207B02,追加調達結果,最高約定価格（電源属地別）[円/kW・30分],0,0,0,0,0,0,0,0,0,0
20260207B02,追加調達結果,最低約定価格（電源属地別）[円/kW・30分],0,0,0,0,0,0,0,0,0,0
20260207B02,追加調達結果,平均約定価格（電源属地別）[円/kW・30分],0,0,0,0,0,0,0,0,0,0
20260207B02,追加調達結果,最高約定価格（TSO別）[円/kW・30分],0,0,0,0,0,0,0,0,0,0
20260207B02,追加調達結果,最低約定価格（TSO別）[円/kW・30分],0,0,0,0,0,0,0,0,0,0
20260207B02,追加調達結果,平均約定価格（TSO別）[円/kW・30分],0,0,0,0,0,0,0,0,0,0
20260207B02,追加調達結果,約定量合計（TSO別）[MW],0,0,0,0,0,0,0,0,0,0
20260207B02,追加調達結果,（内訳）自エリアからの約定量[MW],0,0,0,0,0,0,0,0,0,0
20260207B02,合計（確報値）,募集量（TSO別）[MW],0,50,0,0,93,23,193,87,244,690
20260207B02,合計（確報値）,応札量合計（電源属地別）[MW],243.79,184,518.359,1360.029,102,1175.9,619.411,93,548.97,4845.459
20260207B02,合計（確報値）,約定量合計（電源属地別）[MW],21,68,306.263,638.147,102,184.713,209.78,45,180,1754.903
20260207B02,合計（確報値）,応札件数（電源属地別）[件],5,1,9,26,1,6,9,4,8,69
20260207B02,合計（確報値）,約定件数（電源属地別）[件],3,1,6,21,1,4,8,3,6,53
20260207B02,合計（確報値）,最高約定価格（電源属地別）[円/kW・30分],6,2.11,2.02,0.36,1.97,1.45,2.11,5.92,2.54,6
20260207B02,合計（確報値）,最低約定価格（電源属地別）[円/kW・30分],4.99,2.11,0.36,0.36,1.97,0.36,0.36,1.8,0.56,0.36
20260207B02,合計（確報値）,平均約定価格（電源属地別）[円/kW・30分],5.18,2.11,1.45,0.36,1.97,0.82,1.16,3.23,1.58,1.11
20260207B02,合計（確報値）,最高約定価格（TSO別）[円/kW・30分],6,2.11,2.02,0.36,1.97,1.45,2.11,5.92,2.54,6
20260207B02,合計（確報値）,最低約定価格（TSO別）[円/kW・30分],4.99,2.11,0.36,0.36,1.97,0.36,0.36,0.36,0.36,0.36
20260207B02,合計（確報値）,平均約定価格（TSO別）[円/kW・30分],5.18,2.11,1.45,0.36,1.97,0.8,1.16,1.9,1.38,1.11
20260207B02,合計（確報値）,約定量合計（TSO別）[MW],21,68,306.263,563.167,101.01,180.713,210.75,87,217,1754.903
20260207B02,合計（確報値）,（内訳）自エリアからの約定量[MW],21,68,306.263,563.167,101.01,180.713,209.76,45,180,1674.913
20260207B03,システム約定結果,募集量（TSO別）[MW],0,380,384,27,140,383,329,134,261,2038
20260207B03,システム約定結果,応札量合計（電源属地別）[MW],226.74,640,1332.036,647.882,169,1175.9,789.729,169,419,5569.287
20260207B03,システム約定結果,落札量合計（電源属地別）[MW],45.74,280,708,640.582,161,452.613,294.03,92.383,210,2884.348
20260207B03,システム約定結果,応札件数（電源属地別）[件],4,3,10,5,2,6,12,4,6,52
20260207B03,システム約定結果,落札件数（電源属地別）[件],4,3,6,4,2,6,12,4,4,45
20260207B03,システム約定結果,最高落札価格（電源属地別）[円/kW・30分],15.1,1.87,4.7,4.78,3.21,6.37,4.12,7.11,2.79,15.1
20260207B03,システム約定結果,最低落札価格（電源属地別）[円/kW・30分],9.5,1.31,0.35,2.85,3.02,0.36,1.87,0.36,0.9,0.35
20260207B03,システム約定結果,平均落札価格（電源属地別）[円/kW・30分],12.28,1.59,1.67,3.48,3.09,4.41,2.74,1.58,1.32,2.82
20260207B03,システム約定結果,最高落札価格（TSO別）[円/kW・30分],15.1,1.87,4.7,4.78,3.21,6.37,6.37,7.11,4.12,15.1
20260207B03,システム約定結果,最低落札価格（TSO別）[円/kW・30分],9.5,0.35,0.36,2.85,3.02,0.36,1.87,0.36,0.9,0.35
20260207B03,システム約定結果,平均落札価格（TSO別）[円/kW・30分],12.28,1.1,2.14,3.55,3.09,4.21,3.02,2.61,1.94,2.82
20260207B03,システム約定結果,落札量合計（TSO別）[MW],45.74,467,521,325.895,161,494.713,409,134,326,2884.348
20260207B03,システム約定結果,（内訳）自エリアからの落札量[MW],45.74,280,521,325.895,161,439.613,286,92.383,210,2361.631
20260207B03,追加調達結果,募集量（TSO別）[MW],-,-,-,-,-,-,-,-,-,-
20260207B03,追加調達結果,応札量合計（電源属地別）[MW],0,0,0,0,0,0,0,0,0,0
20260207B03,追加調達結果,約定量合計（電源属地別）[MW],0,0,0,0,0,0,0,0,0,0
20260207B03,追加調達結果,応札件数（電源属地別）[件],0,0,0,0,0,0,0,0,0,0
20260207B03,追加調達結果,約定件数（電源属地別）[件],0,0,0,0,0,0,0,0,0,0
20260207B03,追加調達結果,最高約定価格（電源属地別）[円/kW・30分],0,0,0,0,0,0,0,0,0,0
20260207B03,追加調達結果,最低約定価格（電源属地別）[円/kW・30分],0,0,0,0,0,0,0,0,0,0
20260207B03,追加調達結果,平均約定価格（電源属地別）[円/kW・30分],0,0,0,0,0,0,0,0,0,0
20260207B03,追加調達結果,最高約定価格（TSO別）[円/kW・30分],0,0,0,0,0,0,0,0,0,0
20260207B03,追加調達結果,最低約定価格（TSO別）[円/kW・30分],0,0,0,0,0,0,0,0,0,0
20260207B03,追加調達結果,平均約定価格（TSO別）[円/kW・30分],0,0,0,0,0,0,0,0,0,0
20260207B03,追加調達結果,約定量合計（TSO別）[MW],0,0,0,0,0,0,0,0,0,0
20260207B03,追加調達結果,（内訳）自エリアからの約定量[MW],0,0,0,0,0,0,0,0,0,0
20260207B03,合計（確報値）,募集量（TSO別）[MW],0,380,384,27,140,383,329,134,261,2038
20260207B03,合計（確報値）,応札量合計（電源属地別）[MW],256.74,640,1332.036,1288.464,169,1175.9,789.729,169,419,6239.869
20260207B03,合計（確報値）,約定量合計（電源属地別）[MW],45.74,280,708,640.582,161,452.613,294.03,92.383,210,2884.348
20260207B03,合計（確報値）,応札件数（電源属地別）[件],5,3,10,32,2,6,12,4,6,80
20260207B03,合計（確報値）,約定件数（電源属地別）[件],4,3,6,27,2,6,12,4,4,68
20260207B03,合計（確報値）,最高約定価格（電源属地別）[円/kW・30分],15.1,1.87,4.7,0.36,3.21,6.37,4.12,7.11,2.79,15.1
20260207B03,合計（確報値）,最低約定価格（電源属地別）[円/kW・30分],9.5,1.31,0.35,0.36,3.02,0.36,1.87,0.36,0.9,0.35
20260207B03,合計（確報値）,平均約定価格（電源属地別）[円/kW・30分],12.28,1.59,1.67,0.36,3.09,4.41,2.74,1.58,1.32,2.13
20260207B03,合計（確報値）,最高約定価格（TSO別）[円/kW・30分],15.1,1.87,4.7,0.36,3.21,6.37,6.37,7.11,4.12,15.1
20260207B03,合計（確報値）,最低約定価格（TSO別）[円/kW・30分],9.5,0.35,0.36,0.36,3.02,0.36,0.36,0.36,0.36,0.35
20260207B03,合計（確報値）,平均約定価格（TSO別）[円/kW・30分],12.28,1.1,2.14,0.36,3.09,3.91,2.1,1.7,0.98,2.13
20260207B03,合計（確報値）,約定量合計（TSO別）[MW],45.74,467,521,325.895,161,494.713,409,134,326,2884.348
20260207B03,合計（確報値）,（内訳）自エリアからの約定量[MW],45.74,280,521,325.895,161,439.613,286,92.383,210,2361.631
20260207B04,システム約定結果,募集量（TSO別）[MW],0,132,746,66,258,559,470,265,361,2857
20260207B04,システム約定結果,応札量合計（電源属地別）[MW],254.69,450,1147.217,0,247,1177.9,432.701,316,821,4846.508
20260207B04,システム約定結果,落札量合計（電源属地別）[MW],21.7,176,746,0,247,901.923,312.79,286,352,3043.413
20260207B04,システム約定結果,応札件数（電源属地別）[件],5,2,9,0,2,7,5,4,6,40
20260207B04,システム約定結果,落札件数（電源属地別）[件],2,2,6,0,2,6,5,4,4,31
20260207B04,システム約定結果,最高落札価格（電源属地別）[円/kW・30分],11.99,2.64,0.36,0,1.16,8.41,1.46,9.41,0.99,11.99
20260207B04,システム約定結果,最低落札価格（電源属地別）[円/kW・30分],10.5,1.85,0.36,0,0.97,0.36,0.36,0.36,0.36,0.36
20260207B04,システム約定結果,平均落札価格（電源属地別）[円/kW・30分],11.78,2.01,0.36,0,1.05,3.09,1.01,1.71,0.42,1.6
20260207B04,システム約定結果,最高落札価格（TSO別）[円/kW・30分],11.99,2.64,0.36,0,1.16,8.41,8.41,9.41,0.99,11.99
20260207B04,システム約定結果,最低落札価格（TSO別）[円/kW・30分],10.5,1.85,0.36,0,0.97,0.36,0.36,0.36,0.36,0.36
20260207B04,システム約定結果,平均落札価格（TSO別）[円/kW・30分],11.78,2.01,0.36,0,1.05,3.73,1.52,1.81,0.41,1.6
20260207B04,システム約定結果,落札量合計（TSO別）[MW],21.7,176,746,0,247,601.713,554,267,430,3043.413
20260207B04,システム約定結果,（内訳）自エリアからの落札量[MW],21.7,176,746,0,247,601.713,312.79,250,352,2707.203
20260207B04,追加調達結果,募集量（TSO別）[MW],-,-,-,-,-,-,-,-,-,-
20260207B04,追加調達結果,応札量合計（電源属地別）[MW],0,0,0,0,0,0,0,0,0,0
20260207B04,追加調達結果,約定量合計（電源属地別）[MW],0,0,0,0,0,0,0,0,0,0
20260207B04,追加調達結果,応札件数（電源属地別）[件],0,0,0,0,0,0,0,0,0,0
20260207B04,追加調達結果,約定件数（電源属地別）[件],0,0,0,0,0,0,0,0,0,0
20260207B04,追加調達結果,最高約定価格（電源属地別）[円/kW・30分],0,0,0,0,0,0,0,0,0,0
20260207B04,追加調達結果,最低約定価格（電源属地別）[円/kW・30分],0,0,0,0,0,0,0,0,0,0
20260207B04,追加調達結果,平均約定価格（電源属地別）[円/kW・30分],0,0,0,0,0,0,0,0,0,0
20260207B04,追加調達結果,最高約定価格（TSO別）[円/kW・30分],0,0,0,0,0,0,0,0,0,0
20260207B04,追加調達結果,最低約定価格（TSO別）[円/kW・30分],0,0,0,0,0,0,0,0,0,0
20260207B04,追加調達結果,平均約定価格（TSO別）[円/kW・30分],0,0,0,0,0,0,0,0,0,0
20260207B04,追加調達結果,約定量合計（TSO別）[MW],0,0,0,0,0,0,0,0,0,0
20260207B04,追加調達結果,（内訳）自エリアからの約定量[MW],0,0,0,0,0,0,0,0,0,0
20260207B04,合計（確報値）,募集量（TSO別）[MW],0,132,746,66,258,559,470,265,361,2857
20260207B04,合計（確報値）,応札量合計（電源属地別）[MW],254.69,450,1147.217,0,247,1177.9,432.701,316,821,4846.508
20260207B04,合計（確報値）,約定量合計（電源属地別）[MW],21.7,176,746,0,247,901.923,312.79,286,352,3043.413
20260207B04,合計（確報値）,応札件数（電源属地別）[件],5,2,9,0,2,7,5,4,6,40
20260207B04,合計（確報値）,約定件数（電源属地別）[件],2,2,6,0,2,6,5,4,4,31
20260207B04,合計（確報値）,最高約定価格（電源属地別）[円/kW・30分],11.99,2.64,0.36,0,1.16,8.41,1.46,9.41,0.99,11.99
20260207B04,合計（確報値）,最低約定価格（電源属地別）[円/kW・30分],10.5,1.85,0.36,0,0.97,0.36,0.36,0.36,0.36,0.36
20260207B04,合計（確報値）,平均約定価格（電源属地別）[円/kW・30分],11.78,2.01,0.36,0,1.05,3.09,1.01,1.71,0.42,1.6
20260207B04,合計（確報値）,最高約定価格（TSO別）[円/kW・30分],11.99,2.64,0.36,0,1.16,8.41,8.41,9.41,0.99,11.99
20260207B04,合計（確報値）,最低約定価格（TSO別）[円/kW・30分],10.5,1.85,0.36,0,0.97,0.36,0.36,0.36,0.36,0.36
20260207B04,合計（確報値）,平均約定価格（TSO別）[円/kW・30分],11.78,2.01,0.36,0,1.05,3.73,1.52,1.81,0.41,1.6
20260207B04,合計（確報値）,約定量合計（TSO別）[MW],21.7,176,746,0,247,601.713,554,267,430,3043.413
20260207B04,合計（確報値）,（内訳）自エリアからの約定量[MW],21.7,176,746,0,247,601.713,312.79,250,352,2707.203
20260207B05,システム約定結果,募集量（TSO別）[MW],72,0,68,150,221,412,227,225,318,1693
20260207B05,システム約定結果,応札量合計（電源属地別）[MW],161.89,261.5,122.68,1.5,228,1175.9,432.701,280,821,3485.171
20260207B05,システム約定結果,落札量合計（電源属地別）[MW],37.28,140,114.02,0,228,614.22,270.76,210,350,1964.28
20260207B05,システム約定結果,応札件数（電源属地別）[件],5,2,2,1,2,6,5,6,6,35
20260207B05,システム約定結果,落札件数（電源属地別）[件],3,1,2,0,2,6,5,6,4,29
20260207B05,システム約定結果,最高落札価格（電源属地別）[円/kW・30分],10.78,1.95,0.74,0,0.67,8.93,0.63,17.08,0.72,17.08
20260207B05,システム約定結果,最低落札価格（電源属地別）[円/kW・30分],7.21,1.95,0.35,0,0.47,0.36,0.36,0.36,0.36,0.35
20260207B05,システム約定結果,平均落札価格（電源属地別）[円/kW・30分],10.58,1.95,0.48,0,0.54,4.61,0.51,3.56,0.39,2.39
20260207B05,システム約定結果,最高落札価格（TSO別）[円/kW・30分],10.78,1.95,0.35,0.74,0.67,8.93,8.93,17.08,0.72,17.08
20260207B05,システム約定結果,最低落札価格（TSO別）[円/kW・30分],1.95,1.95,0.35,0.35,0.47,0.36,0.36,0.36,0.36,0.35
20260207B05,システム約定結果,平均落札価格（TSO別）[円/kW・30分],6.42,1.95,0.35,0.46,0.54,4.6,1.95,4.42,0.39,2.39
20260207B05,システム約定結果,落札量合計（TSO別）[MW],72,105.28,68,150,224,412,319,264,350,1964.28
20260207B05,システム約定結果,（内訳）自エリアからの落札量[MW],37.28,105.28,68,0,224,392.713,251.473,210,350,1638.746
20260207B05,追加調達結果,募集量（TSO別）[MW],-,-,-,-,-,-,-,-,-,-
20260207B05,追加調達結果,応札量合計（電源属地別）[MW],0,0,0,0,0,0,0,0,0,0
20260207B05,追加調達結果,約定量合計（電源属地別）[MW],0,0,0,0,0,0,0,0,0,0
20260207B05,追加調達結果,応札件数（電源属地別）[件],0,0,0,0,0,0,0,0,0,0
20260207B05,追加調達結果,約定件数（電源属地別）[件],0,0,0,0,0,0,0,0,0,0
20260207B05,追加調達結果,最高約定価格（電源属地別）[円/kW・30分],0,0,0,0,0,0,0,0,0,0
20260207B05,追加調達結果,最低約定価格（電源属地別）[円/kW・30分],0,0,0,0,0,0,0,0,0,0
20260207B05,追加調達結果,平均約定価格（電源属地別）[円/kW・30分],0,0,0,0,0,0,0,0,0,0
20260207B05,追加調達結果,最高約定価格（TSO別）[円/kW・30分],0,0,0,0,0,0,0,0,0,0
20260207B05,追加調達結果,最低約定価格（TSO別）[円/kW・30分],0,0,0,0,0,0,0,0,0,0
20260207B05,追加調達結果,平均約定価格（TSO別）[円/kW・30分],0,0,0,0,0,0,0,0,0,0
20260207B05,追加調達結果,約定量合計（TSO別）[MW],0,0,0,0,0,0,0,0,0,0
20260207B05,追加調達結果,（内訳）自エリアからの約定量[MW],0,0,0,0,0,0,0,0,0,0
20260207B05,合計（確報値）,募集量（TSO別）[MW],72,0,68,150,221,412,227,225,318,1693
20260207B05,合計（確報値）,応札量合計（電源属地別）[MW],194.27,261.5,122.68,1.5,228,1175.9,432.701,280,821,3517.551
20260207B05,合計（確報値）,約定量合計（電源属地別）[MW],37.28,140,114.02,0,228,614.22,270.76,210,350,1964.28
20260207B05,合計（確報値）,応札件数（電源属地別）[件],9,2,2,1,2,6,5,6,6,39
20260207B05,合計（確報値）,約定件数（電源属地別）[件],6,1,2,0,2,6,5,6,4,32
20260207B05,合計（確報値）,最高約定価格（電源属地別）[円/kW・30分],10.78,1.95,0.74,0,0.67,8.93,0.63,17.08,0.72,17.08
20260207B05,合計（確報値）,最低約定価格（電源属地別）[円/kW・30分],7.21,1.95,0.35,0,0.47,0.36,0.36,0.36,0.36,0.35
20260207B05,合計（確報値）,平均約定価格（電源属地別）[円/kW・30分],10.58,1.95,0.48,0,0.54,4.61,0.51,3.56,0.39,2.39
20260207B05,合計（確報値）,最高約定価格（TSO別）[円/kW・30分],10.78,1.95,0.35,0.74,0.67,8.93,8.93,17.08,0.72,17.08
20260207B05,合計（確報値）,最低約定価格（TSO別）[円/kW・30分],1.95,1.95,0.35,0.35,0.47,0.36,0.36,0.36,0.36,0.35
20260207B05,合計（確報値）,平均約定価格（TSO別）[円/kW・30分],6.42,1.95,0.35,0.46,0.54,4.6,1.95,4.42,0.39,2.39
20260207B05,合計（確報値）,約定量合計（TSO別）[MW],72,105.28,68,150,224,412,319,264,350,1964.28
20260207B05,合計（確報値）,（内訳）自エリアからの約定量[MW],37.28,105.28,68,0,224,392.713,251.473,210,350,1638.746
20260207B06,システム約定結果,募集量（TSO別）[MW],0,171,735,0,171,476,278,194,288,2313
20260207B06,システム約定結果,応札量合計（電源属地別）[MW],158,450,655.698,23,179,1177.9,432.701,207,487,3770.299
20260207B06,システム約定結果,落札量合計（電源属地別）[MW],32.414,244,517.388,23,179,756.156,247.416,195.527,224,2418.901
20260207B06,システム約定結果,応札件数（電源属地別）[件],3,2,8,1,2,7,5,6,6,40
20260207B06,システム約定結果,落札件数（電源属地別）[件],2,2,8,1,2,6,5,6,4,36
20260207B06,システム約定結果,最高落札価格（電源属地別）[円/kW・30分],7.5,1.73,5.06,2.69,2.38,6.68,2.44,7.28,2.1,7.5
20260207B06,システム約定結果,最低落札価格（電源属地別）[円/kW・30分],1.26,1.41,0.35,2.69,2.18,0.36,0.73,0.36,0.73,0.35
20260207B06,システム約定結果,平均落札価格（電源属地別）[円/kW・30分],1.53,1.59,2.99,2.69,2.25,3,1.91,1.29,0.99,2.34
20260207B06,システム約定結果,最高落札価格（TSO別）[円/kW・30分],7.5,1.73,5.06,2.69,2.38,6.68,6.68,7.28,2.44,7.5
20260207B06,システム約定結果,最低落札価格（TSO別）[円/kW・30分],1.26,0.36,0.35,2.69,2.18,0.36,0.36,0.36,0.36,0.35
20260207B06,システム約定結果,平均落札価格（TSO別）[円/kW・30分],1.54,1.57,3.01,2.69,2.25,3.62,2.37,1.3,0.75,2.34
20260207B06,システム約定結果,落札量合計（TSO別）[MW],31,250,512.802,23,171,506.713,369.386,194,361,2418.901
20260207B06,システム約定結果,（内訳）自エリアからの落札量[MW],31,244,512.802,23,171,506.713,247.406,165,224,2124.921
20260207B06,追加調達結果,募集量（TSO別）[MW],-,-,-,-,-,-,-,-,-,-
20260207B06,追加調達結果,応札量合計（電源属地別）[MW],0,0,0,0,0,0,0,0,0,0
20260207B06,追加調達結果,約定量合計（電源属地別）[MW],0,0,0,0,0,0,0,0,0,0
20260207B06,追加調達結果,応札件数（電源属地別）[件],0,0,0,0,0,0,0,0,0,0
20260207B06,追加調達結果,約定件数（電源属地別）[件],0,0,0,0,0,0,0,0,0,0
20260207B06,追加調達結果,最高約定価格（電源属地別）[円/kW・30分],0,0,0,0,0,0,0,0,0,0
20260207B06,追加調達結果,最低約定価格（電源属地別）[円/kW・30分],0,0,0,0,0,0,0,0,0,0
20260207B06,追加調達結果,平均約定価格（電源属地別）[円/kW・30分],0,0,0,0,0,0,0,0,0,0
20260207B06,追加調達結果,最高約定価格（TSO別）[円/kW・30分],0,0,0,0,0,0,0,0,0,0
20260207B06,追加調達結果,最低約定価格（TSO別）[円/kW・30分],0,0,0,0,0,0,0,0,0,0
20260207B06,追加調達結果,平均約定価格（TSO別）[円/kW・30分],0,0,0,0,0,0,0,0,0,0
20260207B06,追加調達結果,約定量合計（TSO別）[MW],0,0,0,0,0,0,0,0,0,0
20260207B06,追加調達結果,（内訳）自エリアからの約定量[MW],0,0,0,0,0,0,0,0,0,0
20260207B06,合計（確報値）,募集量（TSO別）[MW],0,171,735,0,171,476,278,194,288,2313
20260207B06,合計（確報値）,応札量合計（電源属地別）[MW],189,450,655.698,46,179,1177.9,432.701,207,487,3824.299
20260207B06,合計（確報値）,約定量合計（電源属地別）[MW],32.414,244,517.388,23,179,756.156,247.416,195.527,224,2418.901
20260207B06,合計（確報値）,応札件数（電源属地別）[件],6,2,8,3,2,7,5,6,6,45
20260207B06,合計（確報値）,約定件数（電源属地別）[件],4,2,8,2,2,6,5,6,4,39
20260207B06,合計（確報値）,最高約定価格（電源属地別）[円/kW・30分],7.5,1.73,5.06,0.36,2.38,6.68,2.44,7.28,2.1,7.5
20260207B06,合計（確報値）,最低約定価格（電源属地別）[円/kW・30分],1.26,1.41,0.35,0.36,2.18,0.36,0.73,0.36,0.73,0.35
20260207B06,合計（確報値）,平均約定価格（電源属地別）[円/kW・30分],1.53,1.59,2.99,0.36,2.25,3,1.91,1.29,0.99,2.32
20260207B06,合計（確報値）,最高約定価格（TSO別）[円/kW・30分],7.5,1.73,5.06,0.36,2.38,6.68,6.68,7.28,2.44,7.5
20260207B06,合計（確報値）,最低約定価格（TSO別）[円/kW・30分],1.26,0.36,0.35,0.36,2.18,0.36,0.36,0.36,0.36,0.35
20260207B06,合計（確報値）,平均約定価格（TSO別）[円/kW・30分],1.54,1.57,3.01,0.36,2.25,3.62,2.37,1.3,0.75,2.32
20260207B06,合計（確報値）,約定量合計（TSO別）[MW],31,250,512.802,23,171,506.713,369.386,194,361,2418.901
20260207B06,合計（確報値）,（内訳）自エリアからの約定量[MW],31,244,512.802,23,171,506.713,247.406,165,224,2124.921
20260207B07,システム約定結果,募集量（TSO別）[MW],0,148,474,114,115,410,271,111,260,1903
20260207B07,システム約定結果,応札量合計（電源属地別）[MW],157,380,1158.183,602.158,123,1177.9,645.611,121,642.97,5007.822
20260207B07,システム約定結果,落札量合計（電源属地別）[MW],0,140,671.561,19,123,485.122,283.317,103,212,2037
20260207B07,システム約定結果,応札件数（電源属地別）[件],2,2,13,4,1,7,10,5,9,53
20260207B07,システム約定結果,落札件数（電源属地別）[件],0,2,8,1,1,6,10,5,6,39
20260207B07,システム約定結果,最高落札価格（電源属地別）[円/kW・30分],0,0.74,7.44,3.11,3.81,6.71,3.96,7.48,3.75,7.48
20260207B07,システム約定結果,最低落札価格（電源属地別）[円/kW・30分],0,0.74,0.35,3.11,3.81,1.2,1.71,0.36,0.73,0.35
20260207B07,システム約定結果,平均落札価格（電源属地別）[円/kW・30分],0,0.74,4.39,3.11,3.81,5.4,2.83,2.39,2.05,3.77
20260207B07,システム約定結果,最高落札価格（TSO別）[円/kW・30分],0,0.74,7.44,7.44,3.81,6.71,6.71,7.48,7.44,7.48
20260207B07,システム約定結果,最低落札価格（TSO別）[円/kW・30分],0,0.35,1.58,0.35,3.81,1.2,1.71,0.36,0.35,0.35
20260207B07,システム約定結果,平均落札価格（TSO別）[円/kW・30分],0,0.72,4.07,4.93,3.81,5.14,3.43,2.55,3.23,3.77
20260207B07,システム約定結果,落札量合計（TSO別）[MW],0,148,474,133,115,410,336,111,310,2037
20260207B07,システム約定結果,（内訳）自エリアからの落札量[MW],0,140,474,19,115,404.713,275.03,103,212,1742.743
20260207B07,追加調達結果,募集量（TSO別）[MW],-,-,-,-,-,-,-,-,-,-
20260207B07,追加調達結果,応札量合計（電源属地別）[MW],0,0,0,0,0,0,0,0,0,0
20260207B07,追加調達結果,約定量合計（電源属地別）[MW],0,0,0,0,0,0,0,0,0,0
20260207B07,追加調達結果,応札件数（電源属地別）[件],0,0,0,0,0,0,0,0,0,0
20260207B07,追加調達結果,約定件数（電源属地別）[件],0,0,0,0,0,0,0,0,0,0
20260207B07,追加調達結果,最高約定価格（電源属地別）[円/kW・30分],0,0,0,0,0,0,0,0,0,0
20260207B07,追加調達結果,最低約定価格（電源属地別）[円/kW・30分],0,0,0,0,0,0,0,0,0,0
20260207B07,追加調達結果,平均約定価格（電源属地別）[円/kW・30分],0,0,0,0,0,0,0,0,0,0
20260207B07,追加調達結果,最高約定価格（TSO別）[円/kW・30分],0,0,0,0,0,0,0,0,0,0
20260207B07,追加調達結果,最低約定価格（TSO別）[円/kW・30分],0,0,0,0,0,0,0,0,0,0
20260207B07,追加調達結果,平均約定価格（TSO別）[円/kW・30分],0,0,0,0,0,0,0,0,0,0
20260207B07,追加調達結果,約定量合計（TSO別）[MW],0,0,0,0,0,0,0,0,0,0
20260207B07,追加調達結果,（内訳）自エリアからの約定量[MW],0,0,0,0,0,0,0,0,0,0
20260207B07,合計（確報値）,募集量（TSO別）[MW],0,148,474,114,115,410,271,111,260,1903
20260207B07,合計（確報値）,応札量合計（電源属地別）[MW],157,380,1158.183,621.158,123,1177.9,645.621,121,642.97,5026.832
20260207B07,合計（確報値）,約定量合計（電源属地別）[MW],0,140,671.561,19,123,485.122,233.074,103,212,1986.757
20260207B07,合計（確報値）,応札件数（電源属地別）[件],2,2,13,5,1,7,11,5,9,55
20260207B07,合計（確報値）,約定件数（電源属地別）[件],0,2,8,1,1,6,10,5,6,39
20260207B07,合計（確報値）,最高約定価格（電源属地別）[円/kW・30分],0,0.74,7.44,0.36,3.81,6.71,3.84,7.48,3.75,7.48
20260207B07,合計（確報値）,最低約定価格（電源属地別）[円/kW・30分],0,0.74,0.35,0.36,3.81,1.2,0.36,0.36,0.73,0.35
20260207B07,合計（確報値）,平均約定価格（電源属地別）[円/kW・30分],0,0.74,4.39,0.36,3.81,5.4,2.58,2.39,2.05,3.74
20260207B07,合計（確報値）,最高約定価格（TSO別）[円/kW・30分],0,0.74,7.44,7.44,3.81,6.71,6.71,7.48,7.44,7.48
20260207B07,合計（確報値）,最低約定価格（TSO別）[円/kW・30分],0,0.35,1.58,0.35,3.81,1.2,0.36,0.36,0.35,0.35
20260207B07,合計（確報値）,平均約定価格（TSO別）[円/kW・30分],0,0.72,4.07,4.53,3.81,5.14,3.34,2.55,3.23,3.74
20260207B07,合計（確報値）,約定量合計（TSO別）[MW],0,148,474,133,115,410,285.757,111,310,1986.757
20260207B07,合計（確報値）,（内訳）自エリアからの約定量[MW],0,140,474,19,115,404.713,224.787,103,212,1692.5
20260207B08,システム約定結果,募集量（TSO別）[MW],0,0,85,6,110,284,280,96,252,1113
20260207B08,システム約定結果,応札量合計（電源属地別）[MW],160,190,804.69,373.006,130,944.9,331.673,109,519,3562.269
20260207B08,システム約定結果,落札量合計（電源属地別）[MW],34,70,577.126,117,130,407.409,233.306,45,198,1811.841
20260207B08,システム約定結果,応札件数（電源属地別）[件],3,1,8,3,1,5,5,4,7,37
20260207B08,システム約定結果,落札件数（電源属地別）[件],2,1,6,1,1,5,5,3,6,30
20260207B08,システム約定結果,最高落札価格（電源属地別）[円/kW・30分],9.5,1.17,6.44,3.43,2.7,5.81,3.01,6.63,2.9,9.5
20260207B08,システム約定結果,最低落札価格（電源属地別）[円/kW・30分],7.88,1.17,1.58,3.43,2.7,0.36,0.99,0.84,0.93,0.36
20260207B08,システム約定結果,平均落札価格（電源属地別）[円/kW・30分],8.02,1.17,3.87,3.43,2.7,4.81,1.9,2.83,1.87,3.44
20260207B08,システム約定結果,最高落札価格（TSO別）[円/kW・30分],9.5,1.17,6.44,3.43,2.7,5.81,5.81,6.63,5.54,9.5
20260207B08,システム約定結果,最低落札価格（TSO別）[円/kW・30分],7.88,1.17,1.58,3.43,2.7,0.36,0.99,0.84,0.93,0.36
20260207B08,システム約定結果,平均落札価格（TSO別）[円/kW・30分],8.02,1.17,3.87,3.43,2.7,4.44,2.58,4.14,2.42,3.44
20260207B08,システム約定結果,落札量合計（TSO別）[MW],34,70,577.126,95.209,112.22,284,291.286,96,252,1811.841
20260207B08,システム約定結果,（内訳）自エリアからの落札量[MW],34,70,577.126,95.209,112.22,284,225.306,45,198,1640.861
20260207B08,追加調達結果,募集量（TSO別）[MW],-,-,-,-,-,-,-,-,-,-
20260207B08,追加調達結果,応札量合計（電源属地別）[MW],0,0,0,0,0,0,0,0,0,0
20260207B08,追加調達結果,約定量合計（電源属地別）[MW],0,0,0,0,0,0,0,0,0,0
20260207B08,追加調達結果,応札件数（電源属地別）[件],0,0,0,0,0,0,0,0,0,0
20260207B08,追加調達結果,約定件数（電源属地別）[件],0,0,0,0,0,0,0,0,0,0
20260207B08,追加調達結果,最高約定価格（電源属地別）[円/kW・30分],0,0,0,0,0,0,0,0,0,0
20260207B08,追加調達結果,最低約定価格（電源属地別）[円/kW・30分],0,0,0,0,0,0,0,0,0,0
20260207B08,追加調達結果,平均約定価格（電源属地別）[円/kW・30分],0,0,0,0,0,0,0,0,0,0
20260207B08,追加調達結果,最高約定価格（TSO別）[円/kW・30分],0,0,0,0,0,0,0,0,0,0
20260207B08,追加調達結果,最低約定価格（TSO別）[円/kW・30分],0,0,0,0,0,0,0,0,0,0
20260207B08,追加調達結果,平均約定価格（TSO別）[円/kW・30分],0,0,0,0,0,0,0,0,0,0
20260207B08,追加調達結果,約定量合計（TSO別）[MW],0,0,0,0,0,0,0,0,0,0
20260207B08,追加調達結果,（内訳）自エリアからの約定量[MW],0,0,0,0,0,0,0,0,0,0
20260207B08,合計（確報値）,募集量（TSO別）[MW],0,0,85,6,110,284,280,96,252,1113
20260207B08,合計（確報値）,応札量合計（電源属地別）[MW],191,190,804.69,490.006,130,944.9,331.673,109,519,3710.269
20260207B08,合計（確報値）,約定量合計（電源属地別）[MW],34,70,577.126,117,130,407.409,233.306,45,198,1811.841
20260207B08,合計（確報値）,応札件数（電源属地別）[件],5,1,8,9,1,5,5,4,7,45
20260207B08,合計（確報値）,約定件数（電源属地別）[件],3,1,6,6,1,5,5,3,6,36
20260207B08,合計（確報値）,最高約定価格（電源属地別）[円/kW・30分],9.5,1.17,6.44,0.36,2.7,5.81,3.01,6.63,2.9,9.5
20260207B08,合計（確報値）,最低約定価格（電源属地別）[円/kW・30分],7.88,1.17,1.58,0.36,2.7,0.36,0.99,0.84,0.93,0.36
20260207B08,合計（確報値）,平均約定価格（電源属地別）[円/kW・30分],8.02,1.17,3.87,0.36,2.7,4.81,1.9,2.83,1.87,3.25
20260207B08,合計（確報値）,最高約定価格（TSO別）[円/kW・30分],9.5,1.17,6.44,0.36,2.7,5.81,5.81,6.63,5.54,9.5
20260207B08,合計（確報値）,最低約定価格（TSO別）[円/kW・30分],7.88,1.17,1.58,0.36,2.7,0.36,0.99,0.84,0.36,0.36
20260207B08,合計（確報値）,平均約定価格（TSO別）[円/kW・30分],8.02,1.17,3.87,0.36,2.7,4.44,2.58,4.14,2.16,3.25
20260207B08,合計（確報値）,約定量合計（TSO別）[MW],34,70,577.126,95.209,112.22,284,291.286,96,252,1811.841
20260207B08,合計（確報値）,（内訳）自エリアからの約定量[MW],34,70,577.126,95.209,112.22,284,225.306,45,198,1640.861
20260208B01,システム約定結果,募集量（TSO別）[MW],0,0,0,0,112,0,55,85,282,534
20260208B01,システム約定結果,応札量合計（電源属地別）[MW],158.99,190,266.172,597.3,116,944.9,475.283,93,519,3360.645
20260208B01,システム約定結果,落札量合計（電源属地別）[MW],1,67.552,218.392,504.673,116,407.409,237.06,43,157,1752.086
20260208B01,システム約定結果,応札件数（電源属地別）[件],3,1,4,6,1,5,6,4,7,37
20260208B01,システム約定結果,落札件数（電源属地別）[件],1,1,3,5,1,5,6,3,6,31
20260208B01,システム約定結果,最高落札価格（電源属地別）[円/kW・30分],4.3,1.96,4.3,3.24,1.97,7.1,2.05,6.01,2.33,7.1
20260208B01,システム約定結果,最低落札価格（電源属地別）[円/kW・30分],4.3,1.96,2.52,2.65,1.97,0.36,0.36,1.68,0.42,0.36
20260208B01,システム約定結果,平均落札価格（電源属地別）[円/kW・30分],4.3,1.96,2.73,2.96,1.97,5.38,1.65,3.24,1.51,3.09
20260208B01,システム約定結果,最高落札価格（TSO別）[円/kW・30分],4.3,1.96,4.3,3.24,1.97,7.1,2.05,7.1,7.1,7.1
20260208B01,システム約定結果,最低落札価格（TSO別）[円/kW・30分],4.3,1.96,2.52,2.65,1.97,0.36,0.36,1.68,0.36,0.36
20260208B01,システム約定結果,平均落札価格（TSO別）[円/kW・30分],4.3,1.96,2.73,2.96,1.97,4.73,1.62,4.61,3.51,3.09
20260208B01,システム約定結果,落札量合計（TSO別）[MW],1,67.552,218.392,504.673,116,258.469,219,85,282,1752.086
20260208B01,システム約定結果,（内訳）自エリアからの落札量[MW],1,67.552,218.392,504.673,116,258.469,219,43,157,1585.086
20260208B01,追加調達結果,募集量（TSO別）[MW],-,-,-,-,-,-,-,-,-,-
20260208B01,追加調達結果,応札量合計（電源属地別）[MW],0,0,0,0,0,0,0,0,0,0
20260208B01,追加調達結果,約定量合計（電源属地別）[MW],0,0,0,0,0,0,0,0,0,0
20260208B01,追加調達結果,応札件数（電源属地別）[件],0,0,0,0,0,0,0,0,0,0
20260208B01,追加調達結果,約定件数（電源属地別）[件],0,0,0,0,0,0,0,0,0,0
20260208B01,追加調達結果,最高約定価格（電源属地別）[円/kW・30分],0,0,0,0,0,0,0,0,0,0
20260208B01,追加調達結果,最低約定価格（電源属地別）[円/kW・30分],0,0,0,0,0,0,0,0,0,0
20260208B01,追加調達結果,平均約定価格（電源属地別）[円/kW・30分],0,0,0,0,0,0,0,0,0,0
20260208B01,追加調達結果,最高約定価格（TSO別）[円/kW・30分],0,0,0,0,0,0,0,0,0,0
20260208B01,追加調達結果,最低約定価格（TSO別）[円/kW・30分],0,0,0,0,0,0,0,0,0,0
20260208B01,追加調達結果,平均約定価格（TSO別）[円/kW・30分],0,0,0,0,0,0,0,0,0,0
20260208B01,追加調達結果,約定量合計（TSO別）[MW],0,0,0,0,0,0,0,0,0,0
20260208B01,追加調達結果,（内訳）自エリアからの約定量[MW],0,0,0,0,0,0,0,0,0,0
20260208B01,合計（確報値）,募集量（TSO別）[MW],0,0,0,0,112,0,55,85,282,534
20260208B01,合計（確報値）,応札量合計（電源属地別）[MW],158.99,190,266.172,597.3,116,944.9,475.283,93,519,3360.645
20260208B01,合計（確報値）,約定量合計（電源属地別）[MW],1,67.552,218.392,504.673,116,407.409,237.06,43,157,1752.086
20260208B01,合計（確報値）,応札件数（電源属地別）[件],3,1,4,6,1,5,6,4,7,37
20260208B01,合計（確報値）,約定件数（電源属地別）[件],1,1,3,5,1,5,6,3,6,31
20260208B01,合計（確報値）,最高約定価格（電源属地別）[円/kW・30分],4.3,1.96,4.3,3.24,1.97,7.1,2.05,6.01,2.33,7.1
20260208B01,合計（確報値）,最低約定価格（電源属地別）[円/kW・30分],4.3,1.96,2.52,2.65,1.97,0.36,0.36,1.68,0.42,0.36
20260208B01,合計（確報値）,平均約定価格（電源属地別）[円/kW・30分],4.3,1.96,2.73,2.96,1.97,5.38,1.65,3.24,1.51,3.09
20260208B01,合計（確報値）,最高約定価格（TSO別）[円/kW・30分],4.3,1.96,4.3,3.24,1.97,7.1,2.05,7.1,7.1,7.1
20260208B01,合計（確報値）,最低約定価格（TSO別）[円/kW・30分],4.3,1.96,2.52,2.65,1.97,0.36,0.36,1.68,0.36,0.36
20260208B01,合計（確報値）,平均約定価格（TSO別）[円/kW・30分],4.3,1.96,2.73,2.96,1.97,4.73,1.62,4.61,3.51,3.09
20260208B01,合計（確報値）,約定量合計（TSO別）[MW],1,67.552,218.392,504.673,116,258.469,219,85,282,1752.086
20260208B01,合計（確報値）,（内訳）自エリアからの約定量[MW],1,67.552,218.392,504.673,116,258.469,219,43,157,1585.086
20260208B02,システム約定結果,募集量（TSO別）[MW],0,50,0,0,93,23,193,87,244,690
20260208B02,システム約定結果,応札量合計（電源属地別）[MW],176.69,190,416.568,599.3,102,944.9,475.283,93,541,3538.741
20260208B02,システム約定結果,落札量合計（電源属地別）[MW],19.69,68,293.888,506.673,102,407.409,281.526,45,180,1904.186
20260208B02,システム約定結果,応札件数（電源属地別）[件],5,1,5,6,1,5,6,4,8,41
20260208B02,システム約定結果,落札件数（電源属地別）[件],3,1,3,5,1,5,6,3,6,33
20260208B02,システム約定結果,最高落札価格（電源属地別）[円/kW・30分],6,2.13,10.22,3.19,1.92,6.94,2.14,5.97,2.54,10.22
20260208B02,システム約定結果,最低落札価格（電源属地別）[円/kW・30分],4.99,2.13,2.06,2.64,1.92,0.36,0.36,1.73,0.56,0.36
20260208B02,システム約定結果,平均落札価格（電源属地別）[円/kW・30分],5.24,2.13,2.67,2.94,1.92,5.26,1.56,3.2,1.58,3.01
20260208B02,システム約定結果,最高落札価格（TSO別）[円/kW・30分],6,2.13,10.22,3.19,1.92,6.94,5.66,6.94,6.94,10.22
20260208B02,システム約定結果,最低落札価格（TSO別）[円/kW・30分],4.99,2.13,2.06,2.64,1.92,0.36,0.36,1.73,0.36,0.36
20260208B02,システム約定結果,平均落札価格（TSO別）[円/kW・30分],5.24,2.13,2.67,2.94,1.92,5.08,1.52,4.48,2.35,3.01
20260208B02,システム約定結果,落札量合計（TSO別）[MW],19.69,68,293.888,506.673,102,327.439,255.496,87,244,1904.186
20260208B02,システム約定結果,（内訳）自エリアからの落札量[MW],19.69,68,293.888,506.673,102,327.439,254.506,45,180,1797.196
20260208B02,追加調達結果,募集量（TSO別）[MW],-,-,-,-,-,-,-,-,-,-
20260208B02,追加調達結果,応札量合計（電源属地別）[MW],0,0,0,0,0,0,0,0,0,0
20260208B02,追加調達結果,約定量合計（電源属地別）[MW],0,0,0,0,0,0,0,0,0,0
20260208B02,追加調達結果,応札件数（電源属地別）[件],0,0,0,0,0,0,0,0,0,0
20260208B02,追加調達結果,約定件数（電源属地別）[件],0,0,0,0,0,0,0,0,0,0
20260208B02,追加調達結果,最高約定価格（電源属地別）[円/kW・30分],0,0,0,0,0,0,0,0,0,0
20260208B02,追加調達結果,最低約定価格（電源属地別）[円/kW・30分],0,0,0,0,0,0,0,0,0,0
20260208B02,追加調達結果,平均約定価格（電源属地別）[円/kW・30分],0,0,0,0,0,0,0,0,0,0
20260208B02,追加調達結果,最高約定価格（TSO別）[円/kW・30分],0,0,0,0,0,0,0,0,0,0
20260208B02,追加調達結果,最低約定価格（TSO別）[円/kW・30分],0,0,0,0,0,0,0,0,0,0
20260208B02,追加調達結果,平均約定価格（TSO別）[円/kW・30分],0,0,0,0,0,0,0,0,0,0
20260208B02,追加調達結果,約定量合計（TSO別）[MW],0,0,0,0,0,0,0,0,0,0
20260208B02,追加調達結果,（内訳）自エリアからの約定量[MW],0,0,0,0,0,0,0,0,0,0
20260208B02,合計（確報値）,募集量（TSO別）[MW],0,50,0,0,93,23,193,87,244,690
20260208B02,合計（確報値）,応札量合計（電源属地別）[MW],176.69,190,416.568,599.3,102,944.9,475.283,93,541,3538.741
20260208B02,合計（確報値）,約定量合計（電源属地別）[MW],19.69,68,293.888,506.673,102,407.409,281.526,45,180,1904.186
20260208B02,合計（確報値）,応札件数（電源属地別）[件],5,1,5,6,1,5,6,4,8,41
20260208B02,合計（確報値）,約定件数（電源属地別）[件],3,1,3,5,1,5,6,3,6,33
20260208B02,合計（確報値）,最高約定価格（電源属地別）[円/kW・30分],6,2.13,10.22,3.19,1.92,6.94,2.14,5.97,2.54,10.22
20260208B02,合計（確報値）,最低約定価格（電源属地別）[円/kW・30分],4.99,2.13,2.06,2.64,1.92,0.36,0.36,1.73,0.56,0.36
20260208B02,合計（確報値）,平均約定価格（電源属地別）[円/kW・30分],5.24,2.13,2.67,2.94,1.92,5.26,1.56,3.2,1.58,3.01
20260208B02,合計（確報値）,最高約定価格（TSO別）[円/kW・30分],6,2.13,10.22,3.19,1.92,6.94,5.66,6.94,6.94,10.22
20260208B02,合計（確報値）,最低約定価格（TSO別）[円/kW・30分],4.99,2.13,2.06,2.64,1.92,0.36,0.36,1.73,0.36,0.36
20260208B02,合計（確報値）,平均約定価格（TSO別）[円/kW・30分],5.24,2.13,2.67,2.94,1.92,5.08,1.52,4.48,2.35,3.01
20260208B02,合計（確報値）,約定量合計（TSO別）[MW],19.69,68,293.888,506.673,102,327.439,255.496,87,244,1904.186
20260208B02,合計（確報値）,（内訳）自エリアからの約定量[MW],19.69,68,293.888,506.673,102,327.439,254.506,45,180,1797.196
20260208B03,システム約定結果,募集量（TSO別）[MW],0,380,384,0,140,383,329,134,261,2011
20260208B03,システム約定結果,応札量合計（電源属地別）[MW],159.99,640,1261.077,356,169,944.9,645.611,169,419,4764.578
20260208B03,システム約定結果,落札量合計（電源属地別）[MW],45.99,280,708,356,169,453.648,294.03,145.792,210,2662.46
20260208B03,システム約定結果,応札件数（電源属地別）[件],4,3,10,3,2,5,10,4,6,47
20260208B03,システム約定結果,落札件数（電源属地別）[件],4,3,6,3,2,5,10,4,4,41
20260208B03,システム約定結果,最高落札価格（電源属地別）[円/kW・30分],15.1,2.05,4.7,3.8,2.11,6.84,3.61,7.15,2.79,15.1
20260208B03,システム約定結果,最低落札価格（電源属地別）[円/kW・30分],7.36,1.43,0.35,3.16,1.91,0.36,1.37,0.36,0.9,0.35
20260208B03,システム約定結果,平均落札価格（電源属地別）[円/kW・30分],9.32,1.74,1.67,3.47,1.98,4.7,2.45,1.17,1.32,2.62
20260208B03,システム約定結果,最高落札価格（TSO別）[円/kW・30分],15.1,2.05,4.7,3.8,2.11,6.84,6.84,7.15,3.46,15.1
20260208B03,システム約定結果,最低落札価格（TSO別）[円/kW・30分],7.36,0.35,0.36,3.16,1.91,0.36,0.36,0.36,0.9,0.35
20260208B03,システム約定結果,平均落札価格（TSO別）[円/kW・30分],9.32,1.19,2.14,3.47,1.97,4.73,2.69,1.43,2.03,2.62
20260208B03,システム約定結果,落札量合計（TSO別）[MW],45.99,467,521,181.47,161,417,409,134,326,2662.46
20260208B03,システム約定結果,（内訳）自エリアからの落札量[MW],45.99,280,521,181.47,161,415.982,286.03,120,210,2221.472
20260208B03,追加調達結果,募集量（TSO別）[MW],-,-,-,-,-,-,-,-,-,-
20260208B03,追加調達結果,応札量合計（電源属地別）[MW],0,0,0,0,0,0,0,0,0,0
20260208B03,追加調達結果,約定量合計（電源属地別）[MW],0,0,0,0,0,0,0,0,0,0
20260208B03,追加調達結果,応札件数（電源属地別）[件],0,0,0,0,0,0,0,0,0,0
20260208B03,追加調達結果,約定件数（電源属地別）[件],0,0,0,0,0,0,0,0,0,0
20260208B03,追加調達結果,最高約定価格（電源属地別）[円/kW・30分],0,0,0,0,0,0,0,0,0,0
20260208B03,追加調達結果,最低約定価格（電源属地別）[円/kW・30分],0,0,0,0,0,0,0,0,0,0
20260208B03,追加調達結果,平均約定価格（電源属地別）[円/kW・30分],0,0,0,0,0,0,0,0,0,0
20260208B03,追加調達結果,最高約定価格（TSO別）[円/kW・30分],0,0,0,0,0,0,0,0,0,0
20260208B03,追加調達結果,最低約定価格（TSO別）[円/kW・30分],0,0,0,0,0,0,0,0,0,0
20260208B03,追加調達結果,平均約定価格（TSO別）[円/kW・30分],0,0,0,0,0,0,0,0,0,0
20260208B03,追加調達結果,約定量合計（TSO別）[MW],0,0,0,0,0,0,0,0,0,0
20260208B03,追加調達結果,（内訳）自エリアからの約定量[MW],0,0,0,0,0,0,0,0,0,0
20260208B03,合計（確報値）,募集量（TSO別）[MW],0,380,384,0,140,383,329,134,261,2011
20260208B03,合計（確報値）,応札量合計（電源属地別）[MW],190.99,640,1261.077,356,169,944.9,663.864,169,473,4867.831
20260208B03,合計（確報値）,約定量合計（電源属地別）[MW],45.99,280,708,356,169,453.648,281.303,145.792,210,2649.733
20260208B03,合計（確報値）,応札件数（電源属地別）[件],6,3,10,3,2,5,11,4,8,52
20260208B03,合計（確報値）,約定件数（電源属地別）[件],5,3,6,3,2,5,10,4,5,43
20260208B03,合計（確報値）,最高約定価格（電源属地別）[円/kW・30分],15.1,2.05,4.7,3.8,2.11,6.84,3.61,7.15,2.79,15.1
20260208B03,合計（確報値）,最低約定価格（電源属地別）[円/kW・30分],7.36,1.43,0.35,3.16,1.91,0.36,1.37,0.36,0.9,0.35
20260208B03,合計（確報値）,平均約定価格（電源属地別）[円/kW・30分],9.32,1.74,1.67,3.47,1.98,4.7,2.5,1.17,1.32,2.62
20260208B03,合計（確報値）,最高約定価格（TSO別）[円/kW・30分],15.1,2.05,4.7,3.8,2.11,6.84,6.84,7.15,3.46,15.1
20260208B03,合計（確報値）,最低約定価格（TSO別）[円/kW・30分],7.36,0.35,0.36,3.16,1.91,0.36,0.36,0.36,0.9,0.35
20260208B03,合計（確報値）,平均約定価格（TSO別）[円/kW・30分],9.32,1.19,2.14,3.47,1.97,4.73,2.73,1.43,2.03,2.62
20260208B03,合計（確報値）,約定量合計（TSO別）[MW],45.99,467,521,181.47,161,417,396.273,134,326,2649.733
20260208B03,合計（確報値）,（内訳）自エリアからの約定量[MW],45.99,280,521,181.47,161,415.982,273.303,120,210,2208.745
20260208B04,システム約定結果,募集量（TSO別）[MW],0,132,746,0,258,559,470,265,361,2791
20260208B04,システム約定結果,応札量合計（電源属地別）[MW],180.69,450,1078.077,0,247,946.9,432.701,316,821,4472.368
20260208B04,システム約定結果,落札量合計（電源属地別）[MW],26,176,746,0,247,857.527,284.242,286,352,2974.769
20260208B04,システム約定結果,応札件数（電源属地別）[件],5,2,9,0,2,6,5,4,6,39
20260208B04,システム約定結果,落札件数（電源属地別）[件],1,2,6,0,2,5,5,4,4,29
20260208B04,システム約定結果,最高落札価格（電源属地別）[円/kW・30分],10.4,2.7,0.36,0,1.17,8.57,0.75,9.67,0.99,10.4
20260208B04,システム約定結果,最低落札価格（電源属地別）[円/kW・30分],10.4,1.9,0.36,0,0.98,0.36,0.36,0.36,0.36,0.36
20260208B04,システム約定結果,平均落札価格（電源属地別）[円/kW・30分],10.4,2.06,0.36,0,1.06,3.28,0.61,1.74,0.42,1.61
20260208B04,システム約定結果,最高落札価格（TSO別）[円/kW・30分],10.4,2.7,0.36,0,1.17,8.57,7.01,9.67,8.57,10.4
20260208B04,システム約定結果,最低落札価格（TSO別）[円/kW・30分],10.4,1.9,0.36,0,0.98,0.36,0.36,0.36,0.36,0.36
20260208B04,システム約定結果,平均落札価格（TSO別）[円/kW・30分],10.4,2.06,0.36,0,1.06,4.05,1.08,1.84,0.71,1.61
20260208B04,システム約定結果,落札量合計（TSO別）[MW],26,176,746,0,247,559,523.769,267,430,2974.769
20260208B04,システム約定結果,（内訳）自エリアからの落札量[MW],26,176,746,0,247,524,233.654,250,352,2554.654
20260208B04,追加調達結果,募集量（TSO別）[MW],-,-,-,-,-,-,-,-,-,-
20260208B04,追加調達結果,応札量合計（電源属地別）[MW],0,0,0,0,0,0,0,0,0,0
20260208B04,追加調達結果,約定量合計（電源属地別）[MW],0,0,0,0,0,0,0,0,0,0
20260208B04,追加調達結果,応札件数（電源属地別）[件],0,0,0,0,0,0,0,0,0,0
20260208B04,追加調達結果,約定件数（電源属地別）[件],0,0,0,0,0,0,0,0,0,0
20260208B04,追加調達結果,最高約定価格（電源属地別）[円/kW・30分],0,0,0,0,0,0,0,0,0,0
20260208B04,追加調達結果,最低約定価格（電源属地別）[円/kW・30分],0,0,0,0,0,0,0,0,0,0
20260208B04,追加調達結果,平均約定価格（電源属地別）[円/kW・30分],0,0,0,0,0,0,0,0,0,0
20260208B04,追加調達結果,最高約定価格（TSO別）[円/kW・30分],0,0,0,0,0,0,0,0,0,0
20260208B04,追加調達結果,最低約定価格（TSO別）[円/kW・30分],0,0,0,0,0,0,0,0,0,0
20260208B04,追加調達結果,平均約定価格（TSO別）[円/kW・30分],0,0,0,0,0,0,0,0,0,0
20260208B04,追加調達結果,約定量合計（TSO別）[MW],0,0,0,0,0,0,0,0,0,0
20260208B04,追加調達結果,（内訳）自エリアからの約定量[MW],0,0,0,0,0,0,0,0,0,0
20260208B04,合計（確報値）,募集量（TSO別）[MW],0,132,746,0,258,559,470,265,361,2791
20260208B04,合計（確報値）,応札量合計（電源属地別）[MW],206.69,486,1078.077,0,247,946.9,432.701,316,878,4591.368
20260208B04,合計（確報値）,約定量合計（電源属地別）[MW],26,176,746,0,247,857.527,284.242,286,352,2974.769
20260208B04,合計（確報値）,応札件数（電源属地別）[件],6,4,9,0,2,6,5,4,9,45
20260208B04,合計（確報値）,約定件数（電源属地別）[件],1,3,6,0,2,5,5,4,6,32
20260208B04,合計（確報値）,最高約定価格（電源属地別）[円/kW・30分],10.4,2.44,0.36,0,1.17,8.57,0.75,9.67,0.99,10.4
20260208B04,合計（確報値）,最低約定価格（電源属地別）[円/kW・30分],10.4,1.9,0.36,0,0.98,0.36,0.36,0.36,0.36,0.36
20260208B04,合計（確報値）,平均約定価格（電源属地別）[円/kW・30分],10.4,2.01,0.36,0,1.06,3.28,0.61,1.74,0.42,1.61
20260208B04,合計（確報値）,最高約定価格（TSO別）[円/kW・30分],10.4,2.44,0.36,0,1.17,8.57,7.01,9.67,8.57,10.4
20260208B04,合計（確報値）,最低約定価格（TSO別）[円/kW・30分],10.4,1.9,0.36,0,0.98,0.36,0.36,0.36,0.36,0.36
20260208B04,合計（確報値）,平均約定価格（TSO別）[円/kW・30分],10.4,2.01,0.36,0,1.06,4.05,1.08,1.84,0.71,1.61
20260208B04,合計（確報値）,約定量合計（TSO別）[MW],26,176,746,0,247,559,523.769,267,430,2974.769
20260208B04,合計（確報値）,（内訳）自エリアからの約定量[MW],26,176,746,0,247,524,233.654,250,352,2554.654
20260208B05,システム約定結果,募集量（TSO別）[MW],72,0,68,0,221,412,227,225,318,1543
20260208B05,システム約定結果,応札量合計（電源属地別）[MW],163.89,261.5,122.68,1.5,228,944.9,432.701,280,821,3256.171
20260208B05,システム約定結果,落札量合計（電源属地別）[MW],37.28,140,74.9,0,228,425.627,284.242,210,350,1750.049
20260208B05,システム約定結果,応札件数（電源属地別）[件],5,2,2,1,2,5,5,6,6,34
20260208B05,システム約定結果,落札件数（電源属地別）[件],4,1,1,0,2,5,5,6,4,28
20260208B05,システム約定結果,最高落札価格（電源属地別）[円/kW・30分],11.01,1.95,0.35,0,0.48,8.92,0.47,17.16,0.72,17.16
20260208B05,システム約定結果,最低落札価格（電源属地別）[円/kW・30分],7.21,1.95,0.35,0,0.35,0.36,0.36,0.36,0.36,0.35
20260208B05,システム約定結果,平均落札価格（電源属地別）[円/kW・30分],10.77,1.95,0.35,0,0.4,6.49,0.42,3.58,0.39,2.61
20260208B05,システム約定結果,最高落札価格（TSO別）[円/kW・30分],11.01,1.95,0.35,0,0.48,8.92,8.92,17.16,0.72,17.16
20260208B05,システム約定結果,最低落札価格（TSO別）[円/kW・30分],1.95,1.95,0.35,0,0.35,0.35,0.35,0.36,0.36,0.35
20260208B05,システム約定結果,平均落札価格（TSO別）[円/kW・30分],6.52,1.95,0.35,0,0.4,4.71,2.13,4.36,0.39,2.61
20260208B05,システム約定結果,落札量合計（TSO別）[MW],72,105.28,68,0,224,412,254.769,264,350,1750.049
20260208B05,システム約定結果,（内訳）自エリアからの落札量[MW],37.28,105.28,68,0,224,311,187.242,210,350,1492.802
20260208B05,追加調達結果,募集量（TSO別）[MW],-,-,-,-,-,-,-,-,-,-
20260208B05,追加調達結果,応札量合計（電源属地別）[MW],0,0,0,0,0,0,0,0,0,0
20260208B05,追加調達結果,約定量合計（電源属地別）[MW],0,0,0,0,0,0,0,0,0,0
20260208B05,追加調達結果,応札件数（電源属地別）[件],0,0,0,0,0,0,0,0,0,0
20260208B05,追加調達結果,約定件数（電源属地別）[件],0,0,0,0,0,0,0,0,0,0
20260208B05,追加調達結果,最高約定価格（電源属地別）[円/kW・30分],0,0,0,0,0,0,0,0,0,0
20260208B05,追加調達結果,最低約定価格（電源属地別）[円/kW・30分],0,0,0,0,0,0,0,0,0,0
20260208B05,追加調達結果,平均約定価格（電源属地別）[円/kW・30分],0,0,0,0,0,0,0,0,0,0
20260208B05,追加調達結果,最高約定価格（TSO別）[円/kW・30分],0,0,0,0,0,0,0,0,0,0
20260208B05,追加調達結果,最低約定価格（TSO別）[円/kW・30分],0,0,0,0,0,0,0,0,0,0
20260208B05,追加調達結果,平均約定価格（TSO別）[円/kW・30分],0,0,0,0,0,0,0,0,0,0
20260208B05,追加調達結果,約定量合計（TSO別）[MW],0,0,0,0,0,0,0,0,0,0
20260208B05,追加調達結果,（内訳）自エリアからの約定量[MW],0,0,0,0,0,0,0,0,0,0
20260208B05,合計（確報値）,募集量（TSO別）[MW],72,0,68,0,221,412,227,225,318,1543
20260208B05,合計（確報値）,応札量合計（電源属地別）[MW],194.28,261.5,122.68,1.5,228,944.9,432.701,280,1125,3590.561
20260208B05,合計（確報値）,約定量合計（電源属地別）[MW],37.28,140,74.9,0,228,425.627,284.242,210,350,1750.049
20260208B05,合計（確報値）,応札件数（電源属地別）[件],8,2,2,1,2,5,5,6,13,44
20260208B05,合計（確報値）,約定件数（電源属地別）[件],6,1,1,0,2,5,5,6,9,35
20260208B05,合計（確報値）,最高約定価格（電源属地別）[円/kW・30分],11.01,1.95,0.35,0,0.48,8.92,0.47,17.16,0.72,17.16
20260208B05,合計（確報値）,最低約定価格（電源属地別）[円/kW・30分],7.21,1.95,0.35,0,0.35,0.36,0.36,0.36,0.36,0.35
20260208B05,合計（確報値）,平均約定価格（電源属地別）[円/kW・30分],10.77,1.95,0.35,0,0.4,6.49,0.42,3.58,0.39,2.61
20260208B05,合計（確報値）,最高約定価格（TSO別）[円/kW・30分],11.01,1.95,0.35,0,0.48,8.92,8.92,17.16,0.72,17.16
20260208B05,合計（確報値）,最低約定価格（TSO別）[円/kW・30分],1.95,1.95,0.35,0,0.35,0.35,0.35,0.36,0.36,0.35
20260208B05,合計（確報値）,平均約定価格（TSO別）[円/kW・30分],6.52,1.95,0.35,0,0.4,4.71,2.13,4.36,0.39,2.61
20260208B05,合計（確報値）,約定量合計（TSO別）[MW],72,105.28,68,0,224,412,254.769,264,350,1750.049
20260208B05,合計（確報値）,（内訳）自エリアからの約定量[MW],37.28,105.28,68,0,224,311,187.242,210,350,1492.802
20260208B06,システム約定結果,募集量（TSO別）[MW],0,171,735,0,171,476,278,194,288,2313
20260208B06,システム約定結果,応札量合計（電源属地別）[MW],158,450,1142.203,0,179,946.9,432.701,207,487,4002.804
20260208B06,システム約定結果,落札量合計（電源属地別）[MW],31,210,775,0,179,710.443,272.185,183.527,224,2585.155
20260208B06,システム約定結果,応札件数（電源属地別）[件],3,2,10,0,2,6,5,6,6,40
20260208B06,システム約定結果,落札件数（電源属地別）[件],2,2,8,0,2,5,5,6,4,34
20260208B06,システム約定結果,最高落札価格（電源属地別）[円/kW・30分],8.38,1.62,4.84,0,2.36,6.85,2.51,7.26,2.1,8.38
20260208B06,システム約定結果,最低落札価格（電源属地別）[円/kW・30分],7.5,1.56,0.36,0,2.16,0.36,0.88,0.36,0.73,0.36
20260208B06,システム約定結果,平均落札価格（電源属地別）[円/kW・30分],8.29,1.6,1.93,0,2.23,3.13,2.04,1.34,0.99,2.22
20260208B06,システム約定結果,最高落札価格（TSO別）[円/kW・30分],8.38,1.62,4.84,0,2.36,6.85,6.85,7.26,6.85,8.38
20260208B06,システム約定結果,最低落札価格（TSO別）[円/kW・30分],7.5,0.36,0.36,0,2.16,0.36,0.36,0.36,0.36,0.36
20260208B06,システム約定結果,平均落札価格（TSO別）[円/kW・30分],8.29,1.41,2.01,0,2.23,3.85,2.4,1.35,0.8,2.22
20260208B06,システム約定結果,落札量合計（TSO別）[MW],31,250,735,0,171,476,367.155,194,361,2585.155
20260208B06,システム約定結果,（内訳）自エリアからの落札量[MW],31,210,735,0,171,455,245.185,159,224,2230.185
20260208B06,追加調達結果,募集量（TSO別）[MW],-,-,-,-,-,-,-,-,-,-
20260208B06,追加調達結果,応札量合計（電源属地別）[MW],0,0,0,0,0,0,0,0,0,0
20260208B06,追加調達結果,約定量合計（電源属地別）[MW],0,0,0,0,0,0,0,0,0,0
20260208B06,追加調達結果,応札件数（電源属地別）[件],0,0,0,0,0,0,0,0,0,0
20260208B06,追加調達結果,約定件数（電源属地別）[件],0,0,0,0,0,0,0,0,0,0
20260208B06,追加調達結果,最高約定価格（電源属地別）[円/kW・30分],0,0,0,0,0,0,0,0,0,0
20260208B06,追加調達結果,最低約定価格（電源属地別）[円/kW・30分],0,0,0,0,0,0,0,0,0,0
20260208B06,追加調達結果,平均約定価格（電源属地別）[円/kW・30分],0,0,0,0,0,0,0,0,0,0
20260208B06,追加調達結果,最高約定価格（TSO別）[円/kW・30分],0,0,0,0,0,0,0,0,0,0
20260208B06,追加調達結果,最低約定価格（TSO別）[円/kW・30分],0,0,0,0,0,0,0,0,0,0
20260208B06,追加調達結果,平均約定価格（TSO別）[円/kW・30分],0,0,0,0,0,0,0,0,0,0
20260208B06,追加調達結果,約定量合計（TSO別）[MW],0,0,0,0,0,0,0,0,0,0
20260208B06,追加調達結果,（内訳）自エリアからの約定量[MW],0,0,0,0,0,0,0,0,0,0
20260208B06,合計（確報値）,募集量（TSO別）[MW],0,171,735,0,171,476,278,194,288,2313
20260208B06,合計（確報値）,応札量合計（電源属地別）[MW],186,450,1142.203,0,179,946.9,432.701,207,541,4084.804
20260208B06,合計（確報値）,約定量合計（電源属地別）[MW],31,210,775,0,179,710.443,272.185,183.527,224,2585.155
20260208B06,合計（確報値）,応札件数（電源属地別）[件],5,2,10,0,2,6,5,6,8,44
20260208B06,合計（確報値）,約定件数（電源属地別）[件],3,2,8,0,2,5,5,6,5,36
20260208B06,合計（確報値）,最高約定価格（電源属地別）[円/kW・30分],8.38,1.62,4.84,0,2.36,6.85,2.51,7.26,2.1,8.38
20260208B06,合計（確報値）,最低約定価格（電源属地別）[円/kW・30分],7.5,1.56,0.36,0,2.16,0.36,0.88,0.36,0.73,0.36
20260208B06,合計（確報値）,平均約定価格（電源属地別）[円/kW・30分],8.29,1.6,1.93,0,2.23,3.13,2.04,1.34,0.99,2.22
20260208B06,合計（確報値）,最高約定価格（TSO別）[円/kW・30分],8.38,1.62,4.84,0,2.36,6.85,6.85,7.26,6.85,8.38
20260208B06,合計（確報値）,最低約定価格（TSO別）[円/kW・30分],7.5,0.36,0.36,0,2.16,0.36,0.36,0.36,0.36,0.36
20260208B06,合計（確報値）,平均約定価格（TSO別）[円/kW・30分],8.29,1.41,2.01,0,2.23,3.85,2.4,1.35,0.8,2.22
20260208B06,合計（確報値）,約定量合計（TSO別）[MW],31,250,735,0,171,476,367.155,194,361,2585.155
20260208B06,合計（確報値）,（内訳）自エリアからの約定量[MW],31,210,735,0,171,455,245.185,159,224,2230.185
20260208B07,システム約定結果,募集量（TSO別）[MW],0,148,474,0,115,410,271,111,260,1789
20260208B07,システム約定結果,応札量合計（電源属地別）[MW],157,380,1159.523,1644.582,123,946.9,645.611,121,549,5726.616
20260208B07,システム約定結果,落札量合計（電源属地別）[MW],0,140,482,477.582,123,407.409,336.434,53,212,2231.425
20260208B07,システム約定結果,応札件数（電源属地別）[件],2,2,12,5,1,6,10,5,9,52
20260208B07,システム約定結果,落札件数（電源属地別）[件],0,2,6,2,1,5,10,4,5,35
20260208B07,システム約定結果,最高落札価格（電源属地別）[円/kW・30分],0,0.72,4.53,5.18,3.58,6.74,4.57,6.45,3.75,6.74
20260208B07,システム約定結果,最低落札価格（電源属地別）[円/kW・30分],0,0.72,0.35,2.16,3.58,1.66,2.32,1.07,0.73,0.35
20260208B07,システム約定結果,平均落札価格（電源属地別）[円/kW・30分],0,0.72,2.46,3.23,3.58,5.82,3.61,2.89,2.07,3.34
20260208B07,システム約定結果,最高落札価格（TSO別）[円/kW・30分],0,4.53,4.53,5.18,3.58,6.74,6.74,6.46,3.75,6.74
20260208B07,システム約定結果,最低落札価格（TSO別）[円/kW・30分],0,0.72,0.35,2.16,3.58,1.66,2.16,1.07,0.73,0.35
20260208B07,システム約定結果,平均落札価格（TSO別）[円/kW・30分],0,0.93,2.42,3.75,3.58,5.44,3.97,2.76,2.1,3.34
20260208B07,システム約定結果,落札量合計（TSO別）[MW],0,148,474,322.225,123,410,333.2,111,310,2231.425
20260208B07,システム約定結果,（内訳）自エリアからの落札量[MW],0,140,474,322.225,123,342.84,272.23,53,212,1939.295
20260208B07,追加調達結果,募集量（TSO別）[MW],-,-,-,-,-,-,-,-,-,-
20260208B07,追加調達結果,応札量合計（電源属地別）[MW],0,0,0,0,0,0,0,0,0,0
20260208B07,追加調達結果,約定量合計（電源属地別）[MW],0,0,0,0,0,0,0,0,0,0
20260208B07,追加調達結果,応札件数（電源属地別）[件],0,0,0,0,0,0,0,0,0,0
20260208B07,追加調達結果,約定件数（電源属地別）[件],0,0,0,0,0,0,0,0,0,0
20260208B07,追加調達結果,最高約定価格（電源属地別）[円/kW・30分],0,0,0,0,0,0,0,0,0,0
20260208B07,追加調達結果,最低約定価格（電源属地別）[円/kW・30分],0,0,0,0,0,0,0,0,0,0
20260208B07,追加調達結果,平均約定価格（電源属地別）[円/kW・30分],0,0,0,0,0,0,0,0,0,0
20260208B07,追加調達結果,最高約定価格（TSO別）[円/kW・30分],0,0,0,0,0,0,0,0,0,0
20260208B07,追加調達結果,最低約定価格（TSO別）[円/kW・30分],0,0,0,0,0,0,0,0,0,0
20260208B07,追加調達結果,平均約定価格（TSO別）[円/kW・30分],0,0,0,0,0,0,0,0,0,0
20260208B07,追加調達結果,約定量合計（TSO別）[MW],0,0,0,0,0,0,0,0,0,0
20260208B07,追加調達結果,（内訳）自エリアからの約定量[MW],0,0,0,0,0,0,0,0,0,0
20260208B07,合計（確報値）,募集量（TSO別）[MW],0,148,474,0,115,410,271,111,260,1789
20260208B07,合計（確報値）,応札量合計（電源属地別）[MW],157,380,1159.523,2122.164,123,946.9,645.611,121,549,6204.198
20260208B07,合計（確報値）,約定量合計（電源属地別）[MW],0,140,482,477.582,123,407.409,336.434,53,212,2231.425
20260208B07,合計（確報値）,応札件数（電源属地別）[件],2,2,12,25,1,6,10,5,9,72
20260208B07,合計（確報値）,約定件数（電源属地別）[件],0,2,6,20,1,5,10,4,5,53
20260208B07,合計（確報値）,最高約定価格（電源属地別）[円/kW・30分],0,0.72,4.53,0.36,3.58,6.74,4.57,6.45,3.75,6.74
20260208B07,合計（確報値）,最低約定価格（電源属地別）[円/kW・30分],0,0.72,0.35,0.36,3.58,1.66,2.32,1.07,0.73,0.35
20260208B07,合計（確報値）,平均約定価格（電源属地別）[円/kW・30分],0,0.72,2.46,0.36,3.58,5.82,3.61,2.89,2.07,2.72
20260208B07,合計（確報値）,最高約定価格（TSO別）[円/kW・30分],0,4.53,4.53,0.36,3.58,6.74,6.74,6.46,3.75,6.74
20260208B07,合計（確報値）,最低約定価格（TSO別）[円/kW・30分],0,0.72,0.35,0.36,3.58,0.36,0.36,0.36,0.36,0.35
20260208B07,合計（確報値）,平均約定価格（TSO別）[円/kW・30分],0,0.93,2.42,0.36,3.58,5.42,3.97,1.95,1.53,2.72
20260208B07,合計（確報値）,約定量合計（TSO別）[MW],0,148,474,322.225,123,410,333.2,111,310,2231.425
20260208B07,合計（確報値）,（内訳）自エリアからの約定量[MW],0,140,474,322.225,123,342.84,272.23,53,212,1939.295
20260208B08,システム約定結果,募集量（TSO別）[MW],0,0,85,0,110,284,280,96,252,1107
20260208B08,システム約定結果,応札量合計（電源属地別）[MW],160,190,654.95,733.588,130,944.9,475.283,109,440,3837.721
20260208B08,システム約定結果,落札量合計（電源属地別）[MW],34,70,520.735,474.781,130,407.409,290.526,45,198,2170.451
20260208B08,システム約定結果,応札件数（電源属地別）[件],3,1,8,4,1,5,6,4,7,39
20260208B08,システム約定結果,落札件数（電源属地別）[件],2,1,6,2,1,5,6,3,6,32
20260208B08,システム約定結果,最高落札価格（電源属地別）[円/kW・30分],9.5,1.23,3.72,5.19,2.58,5.88,3.49,6.64,2.9,9.5
20260208B08,システム約定結果,最低落札価格（電源属地別）[円/kW・30分],7.49,1.23,1.58,1.84,2.58,0.36,1.34,0.82,0.93,0.36
20260208B08,システム約定結果,平均落札価格（電源属地別）[円/kW・30分],7.67,1.23,2.58,3.04,2.58,4.86,2.77,2.82,1.92,3.12
20260208B08,システム約定結果,最高落札価格（TSO別）[円/kW・30分],9.5,1.23,3.72,5.19,2.58,5.88,5.88,6.64,5.88,9.5
20260208B08,システム約定結果,最低落札価格（TSO別）[円/kW・30分],7.49,1.23,1.58,1.84,2.58,0.36,1.34,0.82,0.93,0.36
20260208B08,システム約定結果,平均落札価格（TSO別）[円/kW・30分],7.67,1.23,2.58,3,2.58,4.22,3.33,4.1,2.7,3.12
20260208B08,システム約定結果,落札量合計（TSO別）[MW],34,70,520.735,438.716,130,284,345,96,252,2170.451
20260208B08,システム約定結果,（内訳）自エリアからの落札量[MW],34,70,520.735,438.716,130,265,279.03,45,198,1980.481
20260208B08,追加調達結果,募集量（TSO別）[MW],-,-,-,-,-,-,-,-,-,-
20260208B08,追加調達結果,応札量合計（電源属地別）[MW],0,0,0,0,0,0,0,0,0,0
20260208B08,追加調達結果,約定量合計（電源属地別）[MW],0,0,0,0,0,0,0,0,0,0
20260208B08,追加調達結果,応札件数（電源属地別）[件],0,0,0,0,0,0,0,0,0,0
20260208B08,追加調達結果,約定件数（電源属地別）[件],0,0,0,0,0,0,0,0,0,0
20260208B08,追加調達結果,最高約定価格（電源属地別）[円/kW・30分],0,0,0,0,0,0,0,0,0,0
20260208B08,追加調達結果,最低約定価格（電源属地別）[円/kW・30分],0,0,0,0,0,0,0,0,0,0
20260208B08,追加調達結果,平均約定価格（電源属地別）[円/kW・30分],0,0,0,0,0,0,0,0,0,0
20260208B08,追加調達結果,最高約定価格（TSO別）[円/kW・30分],0,0,0,0,0,0,0,0,0,0
20260208B08,追加調達結果,最低約定価格（TSO別）[円/kW・30分],0,0,0,0,0,0,0,0,0,0
20260208B08,追加調達結果,平均約定価格（TSO別）[円/kW・30分],0,0,0,0,0,0,0,0,0,0
20260208B08,追加調達結果,約定量合計（TSO別）[MW],0,0,0,0,0,0,0,0,0,0
20260208B08,追加調達結果,（内訳）自エリアからの約定量[MW],0,0,0,0,0,0,0,0,0,0
20260208B08,合計（確報値）,募集量（TSO別）[MW],0,0,85,0,110,284,280,96,252,1107
20260208B08,合計（確報値）,応札量合計（電源属地別）[MW],191,190,654.95,1208.369,130,944.9,475.283,109,440,4343.502
20260208B08,合計（確報値）,約定量合計（電源属地別）[MW],34,70,520.735,474.781,130,407.409,290.526,45,198,2170.451
20260208B08,合計（確報値）,応札件数（電源属地別）[件],5,1,8,22,1,5,6,4,7,59
20260208B08,合計（確報値）,約定件数（電源属地別）[件],3,1,6,18,1,5,6,3,6,49
20260208B08,合計（確報値）,最高約定価格（電源属地別）[円/kW・30分],9.5,1.23,3.72,0.36,2.58,5.88,3.49,6.64,2.9,9.5
20260208B08,合計（確報値）,最低約定価格（電源属地別）[円/kW・30分],7.49,1.23,1.58,0.36,2.58,0.36,1.34,0.82,0.93,0.36
20260208B08,合計（確報値）,平均約定価格（電源属地別）[円/kW・30分],7.67,1.23,2.58,0.36,2.58,4.86,2.77,2.82,1.92,2.53
20260208B08,合計（確報値）,最高約定価格（TSO別）[円/kW・30分],9.5,1.23,3.72,0.36,2.58,5.88,5.88,6.64,5.88,9.5
20260208B08,合計（確報値）,最低約定価格（TSO別）[円/kW・30分],7.49,1.23,1.58,0.36,2.58,0.36,0.36,0.82,0.36,0.36
20260208B08,合計（確報値）,平均約定価格（TSO別）[円/kW・30分],7.67,1.23,2.58,0.36,2.58,4.14,3.08,4.1,2.68,2.53
20260208B08,合計（確報値）,約定量合計（TSO別）[MW],34,70,520.735,438.716,130,284,345,96,252,2170.451
20260208B08,合計（確報値）,（内訳）自エリアからの約定量[MW],34,70,520.735,438.716,130,265,279.03,45,198,1980.481
20260209B01,システム約定結果,募集量（TSO別）[MW],0,0,0,0,112,0,55,85,282,534
20260209B01,システム約定結果,応札量合計（電源属地別）[MW],158.99,190,445.328,906.882,116,944.9,475.283,93,458,3788.383
20260209B01,システム約定結果,落札量合計（電源属地別）[MW],1.99,70,308.548,780.08,116,407.409,236.06,48,157,2125.087
20260209B01,システム約定結果,応札件数（電源属地別）[件],3,1,4,7,1,5,6,6,7,40
20260209B01,システム約定結果,落札件数（電源属地別）[件],1,1,3,6,1,5,6,4,5,32
20260209B01,システム約定結果,最高落札価格（電源属地別）[円/kW・30分],4.3,1.78,2.38,4.64,2.03,7.77,2.25,1.57,1.92,7.77
20260209B01,システム約定結果,最低落札価格（電源属地別）[円/kW・30分],4.3,1.78,1.58,1.99,2.03,0.36,0.36,0.77,0.36,0.36
20260209B01,システム約定結果,平均落札価格（電源属地別）[円/kW・30分],4.3,1.78,1.94,3.18,2.03,5.89,1.77,0.99,1.02,3.05
20260209B01,システム約定結果,最高落札価格（TSO別）[円/kW・30分],4.3,1.78,2.38,4.64,2.03,7.77,2.25,7.77,7.77,7.77
20260209B01,システム約定結果,最低落札価格（TSO別）[円/kW・30分],4.3,1.78,1.58,1.99,2.03,0.36,0.36,0.77,0.36,0.36
20260209B01,システム約定結果,平均落札価格（TSO別）[円/kW・30分],4.3,1.78,1.94,3.18,2.03,5.07,1.73,3.62,3.59,3.05
20260209B01,システム約定結果,落札量合計（TSO別）[MW],1.99,70,308.548,780.08,116,258.469,219,89,282,2125.087
20260209B01,システム約定結果,（内訳）自エリアからの落札量[MW],1.99,70,308.548,780.08,116,258.469,219,48,157,1959.087
20260209B01,追加調達結果,募集量（TSO別）[MW],-,-,-,-,-,-,-,-,-,-
20260209B01,追加調達結果,応札量合計（電源属地別）[MW],0,0,0,0,0,0,0,0,0,0
20260209B01,追加調達結果,約定量合計（電源属地別）[MW],0,0,0,0,0,0,0,0,0,0
20260209B01,追加調達結果,応札件数（電源属地別）[件],0,0,0,0,0,0,0,0,0,0
20260209B01,追加調達結果,約定件数（電源属地別）[件],0,0,0,0,0,0,0,0,0,0
20260209B01,追加調達結果,最高約定価格（電源属地別）[円/kW・30分],0,0,0,0,0,0,0,0,0,0
20260209B01,追加調達結果,最低約定価格（電源属地別）[円/kW・30分],0,0,0,0,0,0,0,0,0,0
20260209B01,追加調達結果,平均約定価格（電源属地別）[円/kW・30分],0,0,0,0,0,0,0,0,0,0
20260209B01,追加調達結果,最高約定価格（TSO別）[円/kW・30分],0,0,0,0,0,0,0,0,0,0
20260209B01,追加調達結果,最低約定価格（TSO別）[円/kW・30分],0,0,0,0,0,0,0,0,0,0
20260209B01,追加調達結果,平均約定価格（TSO別）[円/kW・30分],0,0,0,0,0,0,0,0,0,0
20260209B01,追加調達結果,約定量合計（TSO別）[MW],0,0,0,0,0,0,0,0,0,0
20260209B01,追加調達結果,（内訳）自エリアからの約定量[MW],0,0,0,0,0,0,0,0,0,0
20260209B01,合計（確報値）,募集量（TSO別）[MW],0,0,0,0,112,0,55,85,282,534
20260209B01,合計（確報値）,応札量合計（電源属地別）[MW],158.99,190,445.328,1485.092,116,944.9,475.283,93,458,4366.593
20260209B01,合計（確報値）,約定量合計（電源属地別）[MW],1.99,70,308.548,780.08,116,407.409,236.06,48,157,2125.087
20260209B01,合計（確報値）,応札件数（電源属地別）[件],3,1,4,19,1,5,6,6,7,52
20260209B01,合計（確報値）,約定件数（電源属地別）[件],1,1,3,14,1,5,6,4,5,40
20260209B01,合計（確報値）,最高約定価格（電源属地別）[円/kW・30分],4.3,1.78,2.38,4.07,2.03,7.77,2.25,1.57,1.92,7.77
20260209B01,合計（確報値）,最低約定価格（電源属地別）[円/kW・30分],4.3,1.78,1.58,0.36,2.03,0.36,0.36,0.77,0.36,0.36
20260209B01,合計（確報値）,平均約定価格（電源属地別）[円/kW・30分],4.3,1.78,1.94,1.09,2.03,5.89,1.77,0.99,1.02,2.28
20260209B01,合計（確報値）,最高約定価格（TSO別）[円/kW・30分],4.3,1.78,2.38,4.07,2.03,7.77,2.25,7.77,7.77,7.77
20260209B01,合計（確報値）,最低約定価格（TSO別）[円/kW・30分],4.3,1.78,1.58,0.36,2.03,0.36,0.36,0.77,0.36,0.36
20260209B01,合計（確報値）,平均約定価格（TSO別）[円/kW・30分],4.3,1.78,1.94,1.09,2.03,5.07,1.73,3.62,3.59,2.28
20260209B01,合計（確報値）,約定量合計（TSO別）[MW],1.99,70,308.548,780.08,116,258.469,219,89,282,2125.087
20260209B01,合計（確報値）,（内訳）自エリアからの約定量[MW],1.99,70,308.548,780.08,116,258.469,219,48,157,1959.087
20260209B02,システム約定結果,募集量（TSO別）[MW],0,50,0,0,93,23,193,87,244,690
20260209B02,システム約定結果,応札量合計（電源属地別）[MW],190.69,190,200.734,825.882,102,944.9,475.283,93,491,3513.489
20260209B02,システム約定結果,落札量合計（電源属地別）[MW],23,70,78.054,699.08,102,407.409,281.526,87,180,1928.069
20260209B02,システム約定結果,応札件数（電源属地別）[件],5,1,6,7,1,5,6,4,8,43
20260209B02,システム約定結果,落札件数（電源属地別）[件],1,1,4,6,1,5,6,4,6,34
20260209B02,システム約定結果,最高落札価格（電源属地別）[円/kW・30分],3,1.83,3.73,2.55,2.04,7.65,2.58,6.16,2.32,7.65
20260209B02,システム約定結果,最低落札価格（電源属地別）[円/kW・30分],3,1.83,1.57,1.35,2.04,0.36,0.42,0.36,0.36,0.36
20260209B02,システム約定結果,平均落札価格（電源属地別）[円/kW・30分],3,1.83,2.84,1.97,2.04,5.8,1.89,1.77,1.36,2.75
20260209B02,システム約定結果,最高落札価格（TSO別）[円/kW・30分],3,1.83,3.73,2.55,2.04,7.65,6.24,6.16,6.24,7.65
20260209B02,システム約定結果,最低落札価格（TSO別）[円/kW・30分],3,1.83,1.57,1.35,2.04,0.36,0.42,0.36,0.36,0.36
20260209B02,システム約定結果,平均落札価格（TSO別）[円/kW・30分],3,1.83,2.84,1.97,2.04,5.75,1.84,1.77,2.24,2.75
20260209B02,システム約定結果,落札量合計（TSO別）[MW],23,70,78.054,699.08,102,369.439,255.496,87,244,1928.069
20260209B02,システム約定結果,（内訳）自エリアからの落札量[MW],23,70,78.054,699.08,102,369.439,254.506,87,180,1863.079
20260209B02,追加調達結果,募集量（TSO別）[MW],-,-,-,-,-,-,-,-,-,-
20260209B02,追加調達結果,応札量合計（電源属地別）[MW],0,0,0,0,0,0,0,0,0,0
20260209B02,追加調達結果,約定量合計（電源属地別）[MW],0,0,0,0,0,0,0,0,0,0
20260209B02,追加調達結果,応札件数（電源属地別）[件],0,0,0,0,0,0,0,0,0,0
20260209B02,追加調達結果,約定件数（電源属地別）[件],0,0,0,0,0,0,0,0,0,0
20260209B02,追加調達結果,最高約定価格（電源属地別）[円/kW・30分],0,0,0,0,0,0,0,0,0,0
20260209B02,追加調達結果,最低約定価格（電源属地別）[円/kW・30分],0,0,0,0,0,0,0,0,0,0
20260209B02,追加調達結果,平均約定価格（電源属地別）[円/kW・30分],0,0,0,0,0,0,0,0,0,0
20260209B02,追加調達結果,最高約定価格（TSO別）[円/kW・30分],0,0,0,0,0,0,0,0,0,0
20260209B02,追加調達結果,最低約定価格（TSO別）[円/kW・30分],0,0,0,0,0,0,0,0,0,0
20260209B02,追加調達結果,平均約定価格（TSO別）[円/kW・30分],0,0,0,0,0,0,0,0,0,0
20260209B02,追加調達結果,約定量合計（TSO別）[MW],0,0,0,0,0,0,0,0,0,0
20260209B02,追加調達結果,（内訳）自エリアからの約定量[MW],0,0,0,0,0,0,0,0,0,0
20260209B02,合計（確報値）,募集量（TSO別）[MW],0,50,0,0,93,23,193,87,244,690
20260209B02,合計（確報値）,応札量合計（電源属地別）[MW],213.69,190,200.734,1405.092,102,944.9,475.283,93,491,4115.699
20260209B02,合計（確報値）,約定量合計（電源属地別）[MW],23,70,78.054,699.08,102,407.409,281.526,87,180,1928.069
20260209B02,合計（確報値）,応札件数（電源属地別）[件],8,1,6,19,1,5,6,4,8,58
20260209B02,合計（確報値）,約定件数（電源属地別）[件],3,1,4,14,1,5,6,4,6,44
20260209B02,合計（確報値）,最高約定価格（電源属地別）[円/kW・30分],3,1.83,3.73,2.34,2.04,7.65,2.58,6.16,2.32,7.65
20260209B02,合計（確報値）,最低約定価格（電源属地別）[円/kW・30分],3,1.83,1.57,0.36,2.04,0.36,0.42,0.36,0.36,0.36
20260209B02,合計（確報値）,平均約定価格（電源属地別）[円/kW・30分],3,1.83,2.84,0.7,2.04,5.8,1.89,1.77,1.36,2.29
20260209B02,合計（確報値）,最高約定価格（TSO別）[円/kW・30分],3,1.83,3.73,2.34,2.04,7.65,6.24,6.16,6.24,7.65
20260209B02,合計（確報値）,最低約定価格（TSO別）[円/kW・30分],3,1.83,1.57,0.36,2.04,0.36,0.42,0.36,0.36,0.36
20260209B02,合計（確報値）,平均約定価格（TSO別）[円/kW・30分],3,1.83,2.84,0.7,2.04,5.75,1.84,1.77,2.24,2.29
20260209B02,合計（確報値）,約定量合計（TSO別）[MW],23,70,78.054,699.08,102,369.439,255.496,87,244,1928.069
20260209B02,合計（確報値）,（内訳）自エリアからの約定量[MW],23,70,78.054,699.08,102,369.439,254.506,87,180,1863.079
20260209B03,システム約定結果,募集量（TSO別）[MW],0,380,384,0,140,383,329,134,261,2011
20260209B03,システム約定結果,応札量合計（電源属地別）[MW],228.74,450,978.236,307.582,170.4,944.9,762.04,169,446.9,4457.798
20260209B03,システム約定結果,落札量合計（電源属地別）[MW],37.1,210,624,307.582,169,407.409,286.03,148.506,210,2399.627
20260209B03,システム約定結果,応札件数（電源属地別）[件],5,2,9,1,3,5,12,3,9,49
20260209B03,システム約定結果,落札件数（電源属地別）[件],4,2,6,1,2,5,12,3,6,41
20260209B03,システム約定結果,最高落札価格（電源属地別）[円/kW・30分],15.11,2.82,4.7,1.99,4.81,7.19,19.51,5.4,4.88,19.51
20260209B03,システム約定結果,最低落札価格（電源属地別）[円/kW・30分],9.5,1.75,0.33,1.99,4.79,2.33,3.27,0.36,2.6,0.33
20260209B03,システム約定結果,平均落札価格（電源属地別）[円/kW・30分],14.29,2.46,1.48,1.99,4.8,6.31,4.88,1.1,3.42,3.44
20260209B03,システム約定結果,最高落札価格（TSO別）[円/kW・30分],15.11,2.82,4.7,1.99,4.81,7.19,19.51,5.4,5.4,19.51
20260209B03,システム約定結果,最低落札価格（TSO別）[円/kW・30分],9.5,0.33,0.36,1.99,4.79,2.33,1.99,0.36,0.36,0.33
20260209B03,システム約定結果,平均落札価格（TSO別）[円/kW・30分],14.29,1.34,2.18,1.99,4.8,6.17,4.25,1.19,2.84,3.44
20260209B03,システム約定結果,落札量合計（TSO別）[MW],37.1,450,384,102.527,140,417,409,134,326,2399.627
20260209B03,システム約定結果,（内訳）自エリアからの落札量[MW],37.1,210,384,102.527,140,388,286.02,134,210,1891.647
20260209B03,追加調達結果,募集量（TSO別）[MW],-,-,-,-,-,-,-,-,-,-
20260209B03,追加調達結果,応札量合計（電源属地別）[MW],0,0,0,0,0,0,0,0,0,0
20260209B03,追加調達結果,約定量合計（電源属地別）[MW],0,0,0,0,0,0,0,0,0,0
20260209B03,追加調達結果,応札件数（電源属地別）[件],0,0,0,0,0,0,0,0,0,0
20260209B03,追加調達結果,約定件数（電源属地別）[件],0,0,0,0,0,0,0,0,0,0
20260209B03,追加調達結果,最高約定価格（電源属地別）[円/kW・30分],0,0,0,0,0,0,0,0,0,0
20260209B03,追加調達結果,最低約定価格（電源属地別）[円/kW・30分],0,0,0,0,0,0,0,0,0,0
20260209B03,追加調達結果,平均約定価格（電源属地別）[円/kW・30分],0,0,0,0,0,0,0,0,0,0
20260209B03,追加調達結果,最高約定価格（TSO別）[円/kW・30分],0,0,0,0,0,0,0,0,0,0
20260209B03,追加調達結果,最低約定価格（TSO別）[円/kW・30分],0,0,0,0,0,0,0,0,0,0
20260209B03,追加調達結果,平均約定価格（TSO別）[円/kW・30分],0,0,0,0,0,0,0,0,0,0
20260209B03,追加調達結果,約定量合計（TSO別）[MW],0,0,0,0,0,0,0,0,0,0
20260209B03,追加調達結果,（内訳）自エリアからの約定量[MW],0,0,0,0,0,0,0,0,0,0
20260209B03,合計（確報値）,募集量（TSO別）[MW],0,380,384,0,140,383,329,134,261,2011
20260209B03,合計（確報値）,応札量合計（電源属地別）[MW],260.1,450,978.236,615.164,170.4,944.9,762.04,169,446.9,4796.74
20260209B03,合計（確報値）,約定量合計（電源属地別）[MW],37.1,210,624,307.582,169,407.409,286.03,148.506,210,2399.627
20260209B03,合計（確報値）,応札件数（電源属地別）[件],7,2,9,10,3,5,12,3,9,60
20260209B03,合計（確報値）,約定件数（電源属地別）[件],4,2,6,9,2,5,12,3,6,49
20260209B03,合計（確報値）,最高約定価格（電源属地別）[円/kW・30分],15.11,2.82,4.7,0.36,4.81,7.19,19.51,5.4,4.88,19.51
20260209B03,合計（確報値）,最低約定価格（電源属地別）[円/kW・30分],9.5,1.75,0.33,0.36,4.79,2.33,3.27,0.36,2.6,0.33
20260209B03,合計（確報値）,平均約定価格（電源属地別）[円/kW・30分],14.29,2.46,1.48,0.36,4.8,6.31,4.88,1.1,3.42,3.23
20260209B03,合計（確報値）,最高約定価格（TSO別）[円/kW・30分],15.11,2.82,4.7,0.36,4.81,7.19,19.51,5.4,5.4,19.51
20260209B03,合計（確報値）,最低約定価格（TSO別）[円/kW・30分],9.5,0.33,0.36,0.36,4.79,2.33,0.36,0.36,0.36,0.33
20260209B03,合計（確報値）,平均約定価格（TSO別）[円/kW・30分],14.29,1.34,2.18,0.36,4.8,6.17,3.83,1.19,2.33,3.23
20260209B03,合計（確報値）,約定量合計（TSO別）[MW],37.1,450,384,102.527,140,417,409,134,326,2399.627
20260209B03,合計（確報値）,（内訳）自エリアからの約定量[MW],37.1,210,384,102.527,140,388,286.02,134,210,1891.647
20260209B04,システム約定結果,募集量（TSO別）[MW],0,132,746,0,258,559,470,265,361,2791
20260209B04,システム約定結果,応札量合計（電源属地別）[MW],246.69,450,1555.06,0,266,946.9,519.43,316,821,5121.08
20260209B04,システム約定結果,落札量合計（電源属地別）[MW],21.7,176,746,0,266,844.9,295.427,301,352,3003.027
20260209B04,システム約定結果,応札件数（電源属地別）[件],6,2,10,0,2,6,6,2,6,40
20260209B04,システム約定結果,落札件数（電源属地別）[件],2,2,5,0,2,5,6,2,4,28
20260209B04,システム約定結果,最高落札価格（電源属地別）[円/kW・30分],11.99,1.88,0.36,0,2.18,6.39,19.51,7.49,2.09,19.51
20260209B04,システム約定結果,最低落札価格（電源属地別）[円/kW・30分],10.5,1.74,0.36,0,2.17,0.36,0.86,0.36,0.86,0.36
20260209B04,システム約定結果,平均落札価格（電源属地別）[円/kW・30分],11.78,1.77,0.36,0,2.18,2.53,3.15,0.72,1.06,1.69
20260209B04,システム約定結果,最高落札価格（TSO別）[円/kW・30分],11.99,1.88,0.36,0,2.18,6.39,19.51,7.49,6.39,19.51
20260209B04,システム約定結果,最低落札価格（TSO別）[円/kW・30分],10.5,1.74,0.36,0,2.17,0.36,0.36,0.36,0.36,0.36
20260209B04,システム約定結果,平均落札価格（TSO別）[円/kW・30分],11.78,1.77,0.36,0,2.18,3.21,2.09,0.76,1.23,1.69
20260209B04,システム約定結果,落札量合計（TSO別）[MW],21.7,176,746,0,266,559,539.327,265,430,3003.027
20260209B04,システム約定結果,（内訳）自エリアからの落札量[MW],21.7,176,746,0,266,524,260.427,265,352,2611.127
20260209B04,追加調達結果,募集量（TSO別）[MW],-,-,-,-,-,-,-,-,-,-
20260209B04,追加調達結果,応札量合計（電源属地別）[MW],0,0,0,0,0,0,0,0,0,0
20260209B04,追加調達結果,約定量合計（電源属地別）[MW],0,0,0,0,0,0,0,0,0,0
20260209B04,追加調達結果,応札件数（電源属地別）[件],0,0,0,0,0,0,0,0,0,0
20260209B04,追加調達結果,約定件数（電源属地別）[件],0,0,0,0,0,0,0,0,0,0
20260209B04,追加調達結果,最高約定価格（電源属地別）[円/kW・30分],0,0,0,0,0,0,0,0,0,0
20260209B04,追加調達結果,最低約定価格（電源属地別）[円/kW・30分],0,0,0,0,0,0,0,0,0,0
20260209B04,追加調達結果,平均約定価格（電源属地別）[円/kW・30分],0,0,0,0,0,0,0,0,0,0
20260209B04,追加調達結果,最高約定価格（TSO別）[円/kW・30分],0,0,0,0,0,0,0,0,0,0
20260209B04,追加調達結果,最低約定価格（TSO別）[円/kW・30分],0,0,0,0,0,0,0,0,0,0
20260209B04,追加調達結果,平均約定価格（TSO別）[円/kW・30分],0,0,0,0,0,0,0,0,0,0
20260209B04,追加調達結果,約定量合計（TSO別）[MW],0,0,0,0,0,0,0,0,0,0
20260209B04,追加調達結果,（内訳）自エリアからの約定量[MW],0,0,0,0,0,0,0,0,0,0
20260209B04,合計（確報値）,募集量（TSO別）[MW],0,132,746,0,258,559,470,265,361,2791
20260209B04,合計（確報値）,応札量合計（電源属地別）[MW],246.69,450,1555.06,0,266,946.9,519.43,316,821,5121.08
20260209B04,合計（確報値）,約定量合計（電源属地別）[MW],21.7,176,746,0,266,844.9,295.427,301,352,3003.027
20260209B04,合計（確報値）,応札件数（電源属地別）[件],6,2,10,0,2,6,6,2,6,40
20260209B04,合計（確報値）,約定件数（電源属地別）[件],2,2,5,0,2,5,6,2,4,28
20260209B04,合計（確報値）,最高約定価格（電源属地別）[円/kW・30分],11.99,1.88,0.36,0,2.18,6.39,19.51,7.49,2.09,19.51
20260209B04,合計（確報値）,最低約定価格（電源属地別）[円/kW・30分],10.5,1.74,0.36,0,2.17,0.36,0.86,0.36,0.86,0.36
20260209B04,合計（確報値）,平均約定価格（電源属地別）[円/kW・30分],11.78,1.77,0.36,0,2.18,2.53,3.15,0.72,1.06,1.69
20260209B04,合計（確報値）,最高約定価格（TSO別）[円/kW・30分],11.99,1.88,0.36,0,2.18,6.39,19.51,7.49,6.39,19.51
20260209B04,合計（確報値）,最低約定価格（TSO別）[円/kW・30分],10.5,1.74,0.36,0,2.17,0.36,0.36,0.36,0.36,0.36
20260209B04,合計（確報値）,平均約定価格（TSO別）[円/kW・30分],11.78,1.77,0.36,0,2.18,3.21,2.09,0.76,1.23,1.69
20260209B04,合計（確報値）,約定量合計（TSO別）[MW],21.7,176,746,0,266,559,539.327,265,430,3003.027
20260209B04,合計（確報値）,（内訳）自エリアからの約定量[MW],21.7,176,746,0,266,524,260.427,265,352,2611.127
20260209B05,システム約定結果,募集量（TSO別）[MW],72,0,68,0,221,412,227,225,318,1543
20260209B05,システム約定結果,応札量合計（電源属地別）[MW],250.89,261.5,238.218,7.4,228,944.9,361.798,280,822.05,3394.756
20260209B05,システム約定結果,落札量合計（電源属地別）[MW],32.28,140,151.05,0,228,407.409,173.679,230,350,1712.418
20260209B05,システム約定結果,応札件数（電源属地別）[件],6,2,5,2,2,5,5,3,7,37
20260209B05,システム約定結果,落札件数（電源属地別）[件],1,1,4,0,2,5,5,3,4,25
20260209B05,システム約定結果,最高落札価格（電源属地別）[円/kW・30分],2.31,1.7,1.1,0,1.13,7.98,19.51,8.93,0.79,19.51
20260209B05,システム約定結果,最低落札価格（電源属地別）[円/kW・30分],2.31,1.7,0.35,0,1.11,0.36,0.36,0.36,0.36,0.35
20260209B05,システム約定結果,平均落札価格（電源属地別）[円/kW・30分],2.31,1.7,0.47,0,1.12,6.05,2.57,1.46,0.4,2.35
20260209B05,システム約定結果,最高落札価格（TSO別）[円/kW・30分],2.31,1.7,1.1,0,1.13,7.98,19.51,8.93,0.79,19.51
20260209B05,システム約定結果,最低落札価格（TSO別）[円/kW・30分],1.7,1.7,0.35,0,1.11,0.35,0.35,0.36,0.36,0.35
20260209B05,システム約定結果,平均落札価格（TSO別）[円/kW・30分],1.96,1.7,0.55,0,1.12,5.1,3.65,1.46,0.4,2.35
20260209B05,システム約定結果,落札量合計（TSO別）[MW],77,95.28,93.138,0,228,412,227,230,350,1712.418
20260209B05,システム約定結果,（内訳）自エリアからの落札量[MW],32.28,95.28,93.138,0,228,343.509,129.598,230,350,1501.805
20260209B05,追加調達結果,募集量（TSO別）[MW],-,-,-,-,-,-,-,-,-,-
20260209B05,追加調達結果,応札量合計（電源属地別）[MW],0,0,0,0,0,0,0,0,0,0
20260209B05,追加調達結果,約定量合計（電源属地別）[MW],0,0,0,0,0,0,0,0,0,0
20260209B05,追加調達結果,応札件数（電源属地別）[件],0,0,0,0,0,0,0,0,0,0
20260209B05,追加調達結果,約定件数（電源属地別）[件],0,0,0,0,0,0,0,0,0,0
20260209B05,追加調達結果,最高約定価格（電源属地別）[円/kW・30分],0,0,0,0,0,0,0,0,0,0
20260209B05,追加調達結果,最低約定価格（電源属地別）[円/kW・30分],0,0,0,0,0,0,0,0,0,0
20260209B05,追加調達結果,平均約定価格（電源属地別）[円/kW・30分],0,0,0,0,0,0,0,0,0,0
20260209B05,追加調達結果,最高約定価格（TSO別）[円/kW・30分],0,0,0,0,0,0,0,0,0,0
20260209B05,追加調達結果,最低約定価格（TSO別）[円/kW・30分],0,0,0,0,0,0,0,0,0,0
20260209B05,追加調達結果,平均約定価格（TSO別）[円/kW・30分],0,0,0,0,0,0,0,0,0,0
20260209B05,追加調達結果,約定量合計（TSO別）[MW],0,0,0,0,0,0,0,0,0,0
20260209B05,追加調達結果,（内訳）自エリアからの約定量[MW],0,0,0,0,0,0,0,0,0,0
20260209B05,合計（確報値）,募集量（TSO別）[MW],72,0,68,0,221,412,227,225,318,1543
20260209B05,合計（確報値）,応札量合計（電源属地別）[MW],283.17,261.5,238.218,7.4,228,944.9,361.798,280,822.05,3427.036
20260209B05,合計（確報値）,約定量合計（電源属地別）[MW],32.28,140,151.05,0,228,407.409,173.679,230,350,1712.418
20260209B05,合計（確報値）,応札件数（電源属地別）[件],10,2,5,2,2,5,5,3,7,41
20260209B05,合計（確報値）,約定件数（電源属地別）[件],4,1,4,0,2,5,5,3,4,28
20260209B05,合計（確報値）,最高約定価格（電源属地別）[円/kW・30分],2.31,1.7,1.1,0,1.13,7.98,19.51,8.93,0.79,19.51
20260209B05,合計（確報値）,最低約定価格（電源属地別）[円/kW・30分],2.31,1.7,0.35,0,1.11,0.36,0.36,0.36,0.36,0.35
20260209B05,合計（確報値）,平均約定価格（電源属地別）[円/kW・30分],2.31,1.7,0.47,0,1.12,6.05,2.57,1.46,0.4,2.35
20260209B05,合計（確報値）,最高約定価格（TSO別）[円/kW・30分],2.31,1.7,1.1,0,1.13,7.98,19.51,8.93,0.79,19.51
20260209B05,合計（確報値）,最低約定価格（TSO別）[円/kW・30分],1.7,1.7,0.35,0,1.11,0.35,0.35,0.36,0.36,0.35
20260209B05,合計（確報値）,平均約定価格（TSO別）[円/kW・30分],1.96,1.7,0.55,0,1.12,5.1,3.65,1.46,0.4,2.35
20260209B05,合計（確報値）,約定量合計（TSO別）[MW],77,95.28,93.138,0,228,412,227,230,350,1712.418
20260209B05,合計（確報値）,（内訳）自エリアからの約定量[MW],32.28,95.28,93.138,0,228,343.509,129.598,230,350,1501.805
20260209B06,システム約定結果,募集量（TSO別）[MW],0,171,735,0,171,476,278,194,288,2313
20260209B06,システム約定結果,応札量合計（電源属地別）[MW],226,510,1060.793,178.55,179,946.9,503.007,207,519,4330.25
20260209B06,システム約定結果,落札量合計（電源属地別）[MW],31,210,792,139,179,647.04,172.222,207,224,2601.262
20260209B06,システム約定結果,応札件数（電源属地別）[件],4,2,9,2,2,6,10,3,7,45
20260209B06,システム約定結果,落札件数（電源属地別）[件],2,2,6,1,2,5,10,3,5,36
20260209B06,システム約定結果,最高落札価格（電源属地別）[円/kW・30分],9.77,2.96,4.84,4.03,3.59,6.33,9.84,5.95,4.08,9.84
20260209B06,システム約定結果,最低落札価格（電源属地別）[円/kW・30分],7.5,2.01,0.36,4.03,3.58,1.13,1.84,0.36,2.24,0.36
20260209B06,システム約定結果,平均落札価格（電源属地別）[円/kW・30分],9.55,2.64,1.95,4.03,3.59,3.85,2.55,0.89,2.85,2.82
20260209B06,システム約定結果,最高落札価格（TSO別）[円/kW・30分],9.77,2.96,4.84,4.03,3.59,6.33,9.84,5.95,6.05,9.84
20260209B06,システム約定結果,最低落札価格（TSO別）[円/kW・30分],7.5,0.36,0.36,4.03,3.58,1.13,0.36,0.36,1.13,0.36
20260209B06,システム約定結果,平均落札価格（TSO別）[円/kW・30分],9.55,2.16,2.07,4.03,3.59,4.52,2.87,0.92,2.42,2.82
20260209B06,システム約定結果,落札量合計（TSO別）[MW],31,267,735,68.262,179,476,290,194,361,2601.262
20260209B06,システム約定結果,（内訳）自エリアからの落札量[MW],31,210,735,68.262,179,455,168,194,224,2264.262
20260209B06,追加調達結果,募集量（TSO別）[MW],-,-,-,-,-,-,-,-,-,-
20260209B06,追加調達結果,応札量合計（電源属地別）[MW],0,0,0,0,0,0,0,0,0,0
20260209B06,追加調達結果,約定量合計（電源属地別）[MW],0,0,0,0,0,0,0,0,0,0
20260209B06,追加調達結果,応札件数（電源属地別）[件],0,0,0,0,0,0,0,0,0,0
20260209B06,追加調達結果,約定件数（電源属地別）[件],0,0,0,0,0,0,0,0,0,0
20260209B06,追加調達結果,最高約定価格（電源属地別）[円/kW・30分],0,0,0,0,0,0,0,0,0,0
20260209B06,追加調達結果,最低約定価格（電源属地別）[円/kW・30分],0,0,0,0,0,0,0,0,0,0
20260209B06,追加調達結果,平均約定価格（電源属地別）[円/kW・30分],0,0,0,0,0,0,0,0,0,0
20260209B06,追加調達結果,最高約定価格（TSO別）[円/kW・30分],0,0,0,0,0,0,0,0,0,0
20260209B06,追加調達結果,最低約定価格（TSO別）[円/kW・30分],0,0,0,0,0,0,0,0,0,0
20260209B06,追加調達結果,平均約定価格（TSO別）[円/kW・30分],0,0,0,0,0,0,0,0,0,0
20260209B06,追加調達結果,約定量合計（TSO別）[MW],0,0,0,0,0,0,0,0,0,0
20260209B06,追加調達結果,（内訳）自エリアからの約定量[MW],0,0,0,0,0,0,0,0,0,0
20260209B06,合計（確報値）,募集量（TSO別）[MW],0,171,735,0,171,476,278,194,288,2313
20260209B06,合計（確報値）,応札量合計（電源属地別）[MW],254,510,1060.793,317.55,179,946.9,503.007,207,519,4497.25
20260209B06,合計（確報値）,約定量合計（電源属地別）[MW],31,210,792,139,179,647.04,172.222,207,224,2601.262
20260209B06,合計（確報値）,応札件数（電源属地別）[件],6,2,9,7,2,6,10,3,7,52
20260209B06,合計（確報値）,約定件数（電源属地別）[件],3,2,6,5,2,5,10,3,5,41
20260209B06,合計（確報値）,最高約定価格（電源属地別）[円/kW・30分],9.77,2.96,4.84,0.36,3.59,6.33,9.84,5.95,4.08,9.84
20260209B06,合計（確報値）,最低約定価格（電源属地別）[円/kW・30分],7.5,2.01,0.36,0.36,3.58,1.13,1.84,0.36,2.24,0.36
20260209B06,合計（確報値）,平均約定価格（電源属地別）[円/kW・30分],9.55,2.64,1.95,0.36,3.59,3.85,2.55,0.89,2.85,2.63
20260209B06,合計（確報値）,最高約定価格（TSO別）[円/kW・30分],9.77,2.96,4.84,0.36,3.59,6.33,9.84,5.95,6.05,9.84
20260209B06,合計（確報値）,最低約定価格（TSO別）[円/kW・30分],7.5,0.36,0.36,0.36,3.58,0.36,0.36,0.36,1.13,0.36
20260209B06,合計（確報値）,平均約定価格（TSO別）[円/kW・30分],9.55,2.16,2.07,0.36,3.59,4.39,2.19,0.92,2.42,2.63
20260209B06,合計（確報値）,約定量合計（TSO別）[MW],31,267,735,68.262,179,476,290,194,361,2601.262
20260209B06,合計（確報値）,（内訳）自エリアからの約定量[MW],31,210,735,68.262,179,455,168,194,224,2264.262
20260209B07,システム約定結果,募集量（TSO別）[MW],0,148,474,0,115,410,271,111,260,1789
20260209B07,システム約定結果,応札量合計（電源属地別）[MW],223,250,1176.384,199,123,946.9,689.199,121,557,4285.483
20260209B07,システム約定結果,落札量合計（電源属地別）[MW],18,70,552,199,123,400.671,283.601,111,210.01,1967.282
20260209B07,システム約定結果,応札件数（電源属地別）[件],3,1,8,2,1,6,12,3,10,46
20260209B07,システム約定結果,落札件数（電源属地別）[件],1,1,5,2,1,5,12,3,5,35
20260209B07,システム約定結果,最高落札価格（電源属地別）[円/kW・30分],7.6,1.31,4.6,3.15,4.89,7.56,10.63,4.78,5.07,10.63
20260209B07,システム約定結果,最低落札価格（電源属地別）[円/kW・30分],7.6,1.31,0.36,1.79,4.89,2.25,3.58,0.36,2.3,0.36
20260209B07,システム約定結果,平均落札価格（電源属地別）[円/kW・30分],7.6,1.31,1.44,2.95,4.89,6.58,4.71,1.43,3.13,3.56
20260209B07,システム約定結果,最高落札価格（TSO別）[円/kW・30分],7.6,1.31,4.6,3.15,4.89,7.56,10.63,4.78,7.56,10.63
20260209B07,システム約定結果,最低落札価格（TSO別）[円/kW・30分],7.6,0.36,0.36,1.79,3.15,2.25,3.15,0.36,2.3,0.36
20260209B07,システム約定結果,平均落札価格（TSO別）[円/kW・30分],7.6,0.81,1.62,2.74,4.76,6.04,4.34,1.43,4.18,3.56
20260209B07,システム約定結果,落札量合計（TSO別）[MW],18,148,474,97.262,115,410,286.01,111,308.01,1967.282
20260209B07,システム約定結果,（内訳）自エリアからの落札量[MW],18,70,474,97.262,105.299,327,225.03,111,210.01,1637.601
20260209B07,追加調達結果,募集量（TSO別）[MW],-,-,-,-,-,-,-,-,-,-
20260209B07,追加調達結果,応札量合計（電源属地別）[MW],0,0,0,0,0,0,0,0,0,0
20260209B07,追加調達結果,約定量合計（電源属地別）[MW],0,0,0,0,0,0,0,0,0,0
20260209B07,追加調達結果,応札件数（電源属地別）[件],0,0,0,0,0,0,0,0,0,0
20260209B07,追加調達結果,約定件数（電源属地別）[件],0,0,0,0,0,0,0,0,0,0
20260209B07,追加調達結果,最高約定価格（電源属地別）[円/kW・30分],0,0,0,0,0,0,0,0,0,0
20260209B07,追加調達結果,最低約定価格（電源属地別）[円/kW・30分],0,0,0,0,0,0,0,0,0,0
20260209B07,追加調達結果,平均約定価格（電源属地別）[円/kW・30分],0,0,0,0,0,0,0,0,0,0
20260209B07,追加調達結果,最高約定価格（TSO別）[円/kW・30分],0,0,0,0,0,0,0,0,0,0
20260209B07,追加調達結果,最低約定価格（TSO別）[円/kW・30分],0,0,0,0,0,0,0,0,0,0
20260209B07,追加調達結果,平均約定価格（TSO別）[円/kW・30分],0,0,0,0,0,0,0,0,0,0
20260209B07,追加調達結果,約定量合計（TSO別）[MW],0,0,0,0,0,0,0,0,0,0
20260209B07,追加調達結果,（内訳）自エリアからの約定量[MW],0,0,0,0,0,0,0,0,0,0
20260209B07,合計（確報値）,募集量（TSO別）[MW],0,148,474,0,115,410,271,111,260,1789
20260209B07,合計（確報値）,応札量合計（電源属地別）[MW],241,250,1176.384,398,123,946.9,689.199,121,557,4502.483
20260209B07,合計（確報値）,約定量合計（電源属地別）[MW],18,70,552,199,123,400.671,283.601,111,210.01,1967.282
20260209B07,合計（確報値）,応札件数（電源属地別）[件],4,1,8,13,1,6,12,3,10,58
20260209B07,合計（確報値）,約定件数（電源属地別）[件],1,1,5,11,1,5,12,3,5,44
20260209B07,合計（確報値）,最高約定価格（電源属地別）[円/kW・30分],7.6,1.31,4.6,0.36,4.89,7.56,10.63,4.78,5.07,10.63
20260209B07,合計（確報値）,最低約定価格（電源属地別）[円/kW・30分],7.6,1.31,0.36,0.36,4.89,2.25,3.58,0.36,2.3,0.36
20260209B07,合計（確報値）,平均約定価格（電源属地別）[円/kW・30分],7.6,1.31,1.44,0.36,4.89,6.58,4.71,1.43,3.13,3.3
20260209B07,合計（確報値）,最高約定価格（TSO別）[円/kW・30分],7.6,1.31,4.6,0.36,4.89,7.56,10.63,4.78,7.56,10.63
20260209B07,合計（確報値）,最低約定価格（TSO別）[円/kW・30分],7.6,0.36,0.36,0.36,0.36,0.36,0.36,0.36,0.36,0.36
20260209B07,合計（確報値）,平均約定価格（TSO別）[円/kW・30分],7.6,0.81,1.62,0.36,4.6,5.85,3.92,1.43,3.96,3.3
20260209B07,合計（確報値）,約定量合計（TSO別）[MW],18,148,474,97.262,115,410,286.01,111,308.01,1967.282
20260209B07,合計（確報値）,（内訳）自エリアからの約定量[MW],18,70,474,97.262,105.299,327,225.03,111,210.01,1637.601
20260209B08,システム約定結果,募集量（TSO別）[MW],0,0,85,0,110,284,280,96,252,1107
20260209B08,システム約定結果,応札量合計（電源属地別）[MW],226,250,311.68,249.3,130,944.9,833.949,109,406,3460.829
20260209B08,システム約定結果,落札量合計（電源属地別）[MW],10,70,189,185.87,130,373.671,301.03,108,198,1565.571
20260209B08,システム約定結果,応札件数（電源属地別）[件],4,1,3,3,1,5,13,6,7,43
20260209B08,システム約定結果,落札件数（電源属地別）[件],1,1,1,2,1,5,13,6,6,36
20260209B08,システム約定結果,最高落札価格（電源属地別）[円/kW・30分],11.4,2.58,1.58,2.83,3.63,6.16,9.83,5.39,3.86,11.4
20260209B08,システム約定結果,最低落札価格（電源属地別）[円/kW・30分],11.4,2.58,1.58,0.69,3.63,0.44,1.93,0.36,1.89,0.36
20260209B08,システム約定結果,平均落札価格（電源属地別）[円/kW・30分],11.4,2.58,1.58,2.44,3.63,5.06,3.17,2.15,2.88,3.3
20260209B08,システム約定結果,最高落札価格（TSO別）[円/kW・30分],11.4,2.58,1.58,2.83,3.63,6.16,9.83,5.39,6.16,11.4
20260209B08,システム約定結果,最低落札価格（TSO別）[円/kW・30分],11.4,2.58,1.58,0.69,3.63,0.44,1.93,0.36,1.89,0.36
20260209B08,システム約定結果,平均落札価格（TSO別）[円/kW・30分],11.4,2.58,1.58,2.42,3.63,4.6,3.67,2.15,3.45,3.3
20260209B08,システム約定結果,落札量合計（TSO別）[MW],10,70,189,177.571,130,284,345,108,252,1565.571
20260209B08,システム約定結果,（内訳）自エリアからの落札量[MW],10,70,189,177.571,130,265,279.03,108,198,1426.601
20260209B08,追加調達結果,募集量（TSO別）[MW],-,-,-,-,-,-,-,-,-,-
20260209B08,追加調達結果,応札量合計（電源属地別）[MW],0,0,0,0,0,0,0,0,0,0
20260209B08,追加調達結果,約定量合計（電源属地別）[MW],0,0,0,0,0,0,0,0,0,0
20260209B08,追加調達結果,応札件数（電源属地別）[件],0,0,0,0,0,0,0,0,0,0
20260209B08,追加調達結果,約定件数（電源属地別）[件],0,0,0,0,0,0,0,0,0,0
20260209B08,追加調達結果,最高約定価格（電源属地別）[円/kW・30分],0,0,0,0,0,0,0,0,0,0
20260209B08,追加調達結果,最低約定価格（電源属地別）[円/kW・30分],0,0,0,0,0,0,0,0,0,0
20260209B08,追加調達結果,平均約定価格（電源属地別）[円/kW・30分],0,0,0,0,0,0,0,0,0,0
20260209B08,追加調達結果,最高約定価格（TSO別）[円/kW・30分],0,0,0,0,0,0,0,0,0,0
20260209B08,追加調達結果,最低約定価格（TSO別）[円/kW・30分],0,0,0,0,0,0,0,0,0,0
20260209B08,追加調達結果,平均約定価格（TSO別）[円/kW・30分],0,0,0,0,0,0,0,0,0,0
20260209B08,追加調達結果,約定量合計（TSO別）[MW],0,0,0,0,0,0,0,0,0,0
20260209B08,追加調達結果,（内訳）自エリアからの約定量[MW],0,0,0,0,0,0,0,0,0,0
20260209B08,合計（確報値）,募集量（TSO別）[MW],0,0,85,0,110,284,280,96,252,1107
20260209B08,合計（確報値）,応札量合計（電源属地別）[MW],236,250,311.68,435.17,130,944.9,833.949,109,406,3656.699
20260209B08,合計（確報値）,約定量合計（電源属地別）[MW],10,70,189,185.87,130,373.671,301.03,108,198,1565.571
20260209B08,合計（確報値）,応札件数（電源属地別）[件],5,1,3,9,1,5,13,6,7,50
20260209B08,合計（確報値）,約定件数（電源属地別）[件],1,1,1,6,1,5,13,6,6,40
20260209B08,合計（確報値）,最高約定価格（電源属地別）[円/kW・30分],11.4,2.58,1.58,0.36,3.63,6.16,9.83,5.39,3.86,11.4
20260209B08,合計（確報値）,最低約定価格（電源属地別）[円/kW・30分],11.4,2.58,1.58,0.36,3.63,0.44,1.93,0.36,1.89,0.36
20260209B08,合計（確報値）,平均約定価格（電源属地別）[円/kW・30分],11.4,2.58,1.58,0.36,3.63,5.06,3.17,2.15,2.88,3.06
20260209B08,合計（確報値）,最高約定価格（TSO別）[円/kW・30分],11.4,2.58,1.58,0.36,3.63,6.16,9.83,5.39,6.16,11.4
20260209B08,合計（確報値）,最低約定価格（TSO別）[円/kW・30分],11.4,2.58,1.58,0.36,3.63,0.44,1.93,0.36,0.36,0.36
20260209B08,合計（確報値）,平均約定価格（TSO別）[円/kW・30分],11.4,2.58,1.58,0.36,3.63,4.6,3.67,2.15,3.37,3.06
20260209B08,合計（確報値）,約定量合計（TSO別）[MW],10,70,189,177.571,130,284,345,108,252,1565.571
20260209B08,合計（確報値）,（内訳）自エリアからの約定量[MW],10,70,189,177.571,130,265,279.03,108,198,1426.601
20260210B01,システム約定結果,募集量（TSO別）[MW],0,0,0,0,112,0,55,85,282,534
20260210B01,システム約定結果,応札量合計（電源属地別）[MW],224.99,250,312.168,850.3,116,944.9,663.621,93,343,3797.979
20260210B01,システム約定結果,落札量合計（電源属地別）[MW],23,70,175.388,539.608,116,407.409,236.09,93,157,1817.495
20260210B01,システム約定結果,応札件数（電源属地別）[件],4,1,6,7,1,5,9,6,6,45
20260210B01,システム約定結果,落札件数（電源属地別）[件],1,1,5,5,1,5,9,6,6,39
20260210B01,システム約定結果,最高落札価格（電源属地別）[円/kW・30分],4.27,3.43,3.24,3.12,2.03,7.43,9.57,6.09,2.17,9.57
20260210B01,システム約定結果,最低落札価格（電源属地別）[円/kW・30分],4.27,3.43,1.58,2.27,2.03,0.36,0.49,0.36,0.36,0.36
20260210B01,システム約定結果,平均落札価格（電源属地別）[円/kW・30分],4.27,3.43,2.01,2.59,2.03,5.64,2.35,1.79,1.4,3.06
20260210B01,システム約定結果,最高落札価格（TSO別）[円/kW・30分],4.27,3.43,3.24,3.12,2.03,7.43,9.57,6.09,9.57,9.57
20260210B01,システム約定結果,最低落札価格（TSO別）[円/kW・30分],4.27,3.43,1.58,2.27,2.03,0.36,0.49,0.36,0.36,0.36
20260210B01,システム約定結果,平均落札価格（TSO別）[円/kW・30分],4.27,3.43,2.01,2.59,2.03,5.21,2.36,1.79,3.53,3.06
20260210B01,システム約定結果,落札量合計（TSO別）[MW],23,70,175.388,539.608,116,299.499,219,93,282,1817.495
20260210B01,システム約定結果,（内訳）自エリアからの落札量[MW],23,70,175.388,539.608,116,299.499,219,93,157,1692.495
20260210B01,追加調達結果,募集量（TSO別）[MW],-,-,-,-,-,-,-,-,-,-
20260210B01,追加調達結果,応札量合計（電源属地別）[MW],0,0,0,0,0,0,0,0,0,0
20260210B01,追加調達結果,約定量合計（電源属地別）[MW],0,0,0,0,0,0,0,0,0,0
20260210B01,追加調達結果,応札件数（電源属地別）[件],0,0,0,0,0,0,0,0,0,0
20260210B01,追加調達結果,約定件数（電源属地別）[件],0,0,0,0,0,0,0,0,0,0
20260210B01,追加調達結果,最高約定価格（電源属地別）[円/kW・30分],0,0,0,0,0,0,0,0,0,0
20260210B01,追加調達結果,最低約定価格（電源属地別）[円/kW・30分],0,0,0,0,0,0,0,0,0,0
20260210B01,追加調達結果,平均約定価格（電源属地別）[円/kW・30分],0,0,0,0,0,0,0,0,0,0
20260210B01,追加調達結果,最高約定価格（TSO別）[円/kW・30分],0,0,0,0,0,0,0,0,0,0
20260210B01,追加調達結果,最低約定価格（TSO別）[円/kW・30分],0,0,0,0,0,0,0,0,0,0
20260210B01,追加調達結果,平均約定価格（TSO別）[円/kW・30分],0,0,0,0,0,0,0,0,0,0
20260210B01,追加調達結果,約定量合計（TSO別）[MW],0,0,0,0,0,0,0,0,0,0
20260210B01,追加調達結果,（内訳）自エリアからの約定量[MW],0,0,0,0,0,0,0,0,0,0
20260210B01,合計（確報値）,募集量（TSO別）[MW],0,0,0,0,112,0,55,85,282,534
20260210B01,合計（確報値）,応札量合計（電源属地別）[MW],247.99,250,312.168,986.17,116,944.9,663.621,93,343,3956.849
20260210B01,合計（確報値）,約定量合計（電源属地別）[MW],23,70,175.388,539.608,116,407.409,236.09,93,157,1817.495
20260210B01,合計（確報値）,応札件数（電源属地別）[件],6,1,6,9,1,5,9,6,6,49
20260210B01,合計（確報値）,約定件数（電源属地別）[件],2,1,5,6,1,5,9,6,6,41
20260210B01,合計（確報値）,最高約定価格（電源属地別）[円/kW・30分],4.27,3.43,3.24,2.59,2.03,7.43,9.57,6.09,2.17,9.57
20260210B01,合計（確報値）,最低約定価格（電源属地別）[円/kW・30分],4.27,3.43,1.58,0.36,2.03,0.36,0.49,0.36,0.36,0.36
20260210B01,合計（確報値）,平均約定価格（電源属地別）[円/kW・30分],4.27,3.43,2.01,1.9,2.03,5.64,2.35,1.79,1.4,2.86
20260210B01,合計（確報値）,最高約定価格（TSO別）[円/kW・30分],4.27,3.43,3.24,2.59,2.03,7.43,9.57,6.09,9.57,9.57
20260210B01,合計（確報値）,最低約定価格（TSO別）[円/kW・30分],4.27,3.43,1.58,0.36,2.03,0.36,0.49,0.36,0.36,0.36
20260210B01,合計（確報値）,平均約定価格（TSO別）[円/kW・30分],4.27,3.43,2.01,1.9,2.03,5.21,2.36,1.79,3.53,2.86
20260210B01,合計（確報値）,約定量合計（TSO別）[MW],23,70,175.388,539.608,116,299.499,219,93,282,1817.495
20260210B01,合計（確報値）,（内訳）自エリアからの約定量[MW],23,70,175.388,539.608,116,299.499,219,93,157,1692.495
20260210B02,システム約定結果,募集量（TSO別）[MW],0,50,0,0,93,23,193,87,244,690
20260210B02,システム約定結果,応札量合計（電源属地別）[MW],242.69,250,355.753,691.3,102,1175.9,663.621,93,519,4093.264
20260210B02,システム約定結果,落札量合計（電源属地別）[MW],19.69,70,164.628,101.935,102,184.713,285.03,87,180,1194.996
20260210B02,システム約定結果,応札件数（電源属地別）[件],6,1,12,6,1,6,9,4,7,52
20260210B02,システム約定結果,落札件数（電源属地別）[件],3,1,10,1,1,4,9,4,6,39
20260210B02,システム約定結果,最高落札価格（電源属地別）[円/kW・30分],6,3.39,3.13,2.26,2.04,1.41,9.57,5.89,2.32,9.57
20260210B02,システム約定結果,最低落札価格（電源属地別）[円/kW・30分],4.99,3.39,1.26,2.26,2.04,0.36,0.69,0.36,0.39,0.36
20260210B02,システム約定結果,平均落札価格（電源属地別）[円/kW・30分],5.24,3.39,1.71,2.26,2.04,0.8,2.39,1.85,1.37,1.92
20260210B02,システム約定結果,最高落札価格（TSO別）[円/kW・30分],6,3.39,3.13,2.26,2.04,1.41,9.57,5.89,2.94,9.57
20260210B02,システム約定結果,最低落札価格（TSO別）[円/kW・30分],4.99,3.39,1.26,2.26,2.04,0.36,0.69,0.36,0.39,0.36
20260210B02,システム約定結果,平均落札価格（TSO別）[円/kW・30分],5.24,3.39,1.71,2.26,2.04,0.8,2.33,1.85,1.68,1.92
20260210B02,システム約定結果,落札量合計（TSO別）[MW],19.69,70,164.628,64.935,101.03,184.713,259,87,244,1194.996
20260210B02,システム約定結果,（内訳）自エリアからの落札量[MW],19.69,70,164.628,64.935,101.03,184.713,258.03,87,180,1130.026
20260210B02,追加調達結果,募集量（TSO別）[MW],-,-,-,-,-,-,-,-,-,-
20260210B02,追加調達結果,応札量合計（電源属地別）[MW],0,0,0,0,0,0,0,0,0,0
20260210B02,追加調達結果,約定量合計（電源属地別）[MW],0,0,0,0,0,0,0,0,0,0
20260210B02,追加調達結果,応札件数（電源属地別）[件],0,0,0,0,0,0,0,0,0,0
20260210B02,追加調達結果,約定件数（電源属地別）[件],0,0,0,0,0,0,0,0,0,0
20260210B02,追加調達結果,最高約定価格（電源属地別）[円/kW・30分],0,0,0,0,0,0,0,0,0,0
20260210B02,追加調達結果,最低約定価格（電源属地別）[円/kW・30分],0,0,0,0,0,0,0,0,0,0
20260210B02,追加調達結果,平均約定価格（電源属地別）[円/kW・30分],0,0,0,0,0,0,0,0,0,0
20260210B02,追加調達結果,最高約定価格（TSO別）[円/kW・30分],0,0,0,0,0,0,0,0,0,0
20260210B02,追加調達結果,最低約定価格（TSO別）[円/kW・30分],0,0,0,0,0,0,0,0,0,0
20260210B02,追加調達結果,平均約定価格（TSO別）[円/kW・30分],0,0,0,0,0,0,0,0,0,0
20260210B02,追加調達結果,約定量合計（TSO別）[MW],0,0,0,0,0,0,0,0,0,0
20260210B02,追加調達結果,（内訳）自エリアからの約定量[MW],0,0,0,0,0,0,0,0,0,0
20260210B02,合計（確報値）,募集量（TSO別）[MW],0,50,0,0,93,23,193,87,244,690
20260210B02,合計（確報値）,応札量合計（電源属地別）[MW],242.69,250,355.753,691.3,102,1175.9,663.621,93,519,4093.264
20260210B02,合計（確報値）,約定量合計（電源属地別）[MW],19.69,70,164.628,101.935,102,184.713,285.03,87,180,1194.996
20260210B02,合計（確報値）,応札件数（電源属地別）[件],6,1,12,6,1,6,9,4,7,52
20260210B02,合計（確報値）,約定件数（電源属地別）[件],3,1,10,1,1,4,9,4,6,39
20260210B02,合計（確報値）,最高約定価格（電源属地別）[円/kW・30分],6,3.39,3.13,2.26,2.04,1.41,9.57,5.89,2.32,9.57
20260210B02,合計（確報値）,最低約定価格（電源属地別）[円/kW・30分],4.99,3.39,1.26,2.26,2.04,0.36,0.69,0.36,0.39,0.36
20260210B02,合計（確報値）,平均約定価格（電源属地別）[円/kW・30分],5.24,3.39,1.71,2.26,2.04,0.8,2.39,1.85,1.37,1.92
20260210B02,合計（確報値）,最高約定価格（TSO別）[円/kW・30分],6,3.39,3.13,2.26,2.04,1.41,9.57,5.89,2.94,9.57
20260210B02,合計（確報値）,最低約定価格（TSO別）[円/kW・30分],4.99,3.39,1.26,2.26,2.04,0.36,0.69,0.36,0.39,0.36
20260210B02,合計（確報値）,平均約定価格（TSO別）[円/kW・30分],5.24,3.39,1.71,2.26,2.04,0.8,2.33,1.85,1.68,1.92
20260210B02,合計（確報値）,約定量合計（TSO別）[MW],19.69,70,164.628,64.935,101.03,184.713,259,87,244,1194.996
20260210B02,合計（確報値）,（内訳）自エリアからの約定量[MW],19.69,70,164.628,64.935,101.03,184.713,258.03,87,180,1130.026
20260210B03,システム約定結果,募集量（TSO別）[MW],0,380,384,0,140,383,329,134,261,2011
20260210B03,システム約定結果,応札量合計（電源属地別）[MW],227.99,450,991.278,328,170.4,1175.9,878.319,169,450.9,4841.787
20260210B03,システム約定結果,落札量合計（電源属地別）[MW],53.35,278.216,672.737,196.87,169,485.122,286.03,169,210,2520.325
20260210B03,システム約定結果,応札件数（電源属地別）[件],5,2,10,2,3,6,14,3,8,53
20260210B03,システム約定結果,落札件数（電源属地別）[件],3,2,5,2,2,6,14,3,5,42
20260210B03,システム約定結果,最高落札価格（電源属地別）[円/kW・30分],10.36,2.53,4.7,3.59,4.81,6.91,19.51,5.05,4.88,19.51
20260210B03,システム約定結果,最低落札価格（電源属地別）[円/kW・30分],9.5,1.46,0.36,1.65,4.79,2.33,3.23,0.36,2.91,0.36
20260210B03,システム約定結果,平均落札価格（電源属地別）[円/kW・30分],10.31,2,1.4,3.25,4.8,5.88,5.15,1.04,3.61,3.47
20260210B03,システム約定結果,最高落札価格（TSO別）[円/kW・30分],10.36,2.53,4.7,3.59,4.81,6.91,19.51,5.05,6.91,19.51
20260210B03,システム約定結果,最低落札価格（TSO別）[円/kW・30分],9.5,0.36,0.36,1.65,4.79,2.33,0.36,0.36,0.36,0.36
20260210B03,システム約定結果,平均落札価格（TSO別）[円/kW・30分],10.31,1.37,2.18,3.08,4.8,5.45,3.82,1.21,3.86,3.47
20260210B03,システム約定結果,落札量合計（TSO別）[MW],53.35,450,384,129.262,140,494.713,409,134,326,2520.325
20260210B03,システム約定結果,（内訳）自エリアからの落札量[MW],53.35,278.216,384,129.262,140,427.105,286.02,134,210,2041.953
20260210B03,追加調達結果,募集量（TSO別）[MW],-,-,-,-,-,-,-,-,-,-
20260210B03,追加調達結果,応札量合計（電源属地別）[MW],0,0,0,0,0,0,0,0,0,0
20260210B03,追加調達結果,約定量合計（電源属地別）[MW],0,0,0,0,0,0,0,0,0,0
20260210B03,追加調達結果,応札件数（電源属地別）[件],0,0,0,0,0,0,0,0,0,0
20260210B03,追加調達結果,約定件数（電源属地別）[件],0,0,0,0,0,0,0,0,0,0
20260210B03,追加調達結果,最高約定価格（電源属地別）[円/kW・30分],0,0,0,0,0,0,0,0,0,0
20260210B03,追加調達結果,最低約定価格（電源属地別）[円/kW・30分],0,0,0,0,0,0,0,0,0,0
20260210B03,追加調達結果,平均約定価格（電源属地別）[円/kW・30分],0,0,0,0,0,0,0,0,0,0
20260210B03,追加調達結果,最高約定価格（TSO別）[円/kW・30分],0,0,0,0,0,0,0,0,0,0
20260210B03,追加調達結果,最低約定価格（TSO別）[円/kW・30分],0,0,0,0,0,0,0,0,0,0
20260210B03,追加調達結果,平均約定価格（TSO別）[円/kW・30分],0,0,0,0,0,0,0,0,0,0
20260210B03,追加調達結果,約定量合計（TSO別）[MW],0,0,0,0,0,0,0,0,0,0
20260210B03,追加調達結果,（内訳）自エリアからの約定量[MW],0,0,0,0,0,0,0,0,0,0
20260210B03,合計（確報値）,募集量（TSO別）[MW],0,380,384,0,140,383,329,134,261,2011
20260210B03,合計（確報値）,応札量合計（電源属地別）[MW],278.34,450,991.278,524.87,170.4,1175.9,878.319,169,450.9,5089.007
20260210B03,合計（確報値）,約定量合計（電源属地別）[MW],53.35,278.216,672.737,196.87,169,485.122,286.03,169,210,2520.325
20260210B03,合計（確報値）,応札件数（電源属地別）[件],8,2,10,10,3,6,14,3,8,64
20260210B03,合計（確報値）,約定件数（電源属地別）[件],4,2,5,8,2,6,14,3,5,49
20260210B03,合計（確報値）,最高約定価格（電源属地別）[円/kW・30分],10.36,2.53,4.7,0.36,4.81,6.91,19.51,5.05,4.88,19.51
20260210B03,合計（確報値）,最低約定価格（電源属地別）[円/kW・30分],9.5,1.46,0.36,0.36,4.79,2.33,3.23,0.36,2.91,0.36
20260210B03,合計（確報値）,平均約定価格（電源属地別）[円/kW・30分],10.31,2,1.4,0.36,4.8,5.88,5.15,1.04,3.61,3.25
20260210B03,合計（確報値）,最高約定価格（TSO別）[円/kW・30分],10.36,2.53,4.7,0.36,4.81,6.91,19.51,5.05,6.91,19.51
20260210B03,合計（確報値）,最低約定価格（TSO別）[円/kW・30分],9.5,0.36,0.36,0.36,4.79,0.36,0.36,0.36,0.36,0.36
20260210B03,合計（確報値）,平均約定価格（TSO別）[円/kW・30分],10.31,1.37,2.18,0.36,4.8,5.01,3.82,1.21,3.86,3.25
20260210B03,合計（確報値）,約定量合計（TSO別）[MW],53.35,450,384,129.262,140,494.713,409,134,326,2520.325
20260210B03,合計（確報値）,（内訳）自エリアからの約定量[MW],53.35,278.216,384,129.262,140,427.105,286.02,134,210,2041.953
20260210B04,システム約定結果,募集量（TSO別）[MW],0,132,746,0,258,559,470,265,361,2791
20260210B04,システム約定結果,応札量合計（電源属地別）[MW],244.69,260,1425.077,158,266,1177.9,593.35,316,821,5262.017
20260210B04,システム約定結果,落札量合計（電源属地別）[MW],19.7,140,746,123.825,266,990.965,238.429,303,232.846,3060.765
20260210B04,システム約定結果,応札件数（電源属地別）[件],6,1,10,1,2,7,8,3,6,44
20260210B04,システム約定結果,落札件数（電源属地別）[件],2,1,5,1,2,6,8,3,4,32
20260210B04,システム約定結果,最高落札価格（電源属地別）[円/kW・30分],11.99,1.62,0.53,0.51,2.18,6.77,19.51,7.17,2.09,19.51
20260210B04,システム約定結果,最低落札価格（電源属地別）[円/kW・30分],10.5,1.62,0.36,0.51,2.17,0.36,0.67,0.36,0.86,0.36
20260210B04,システム約定結果,平均落札価格（電源属地別）[円/kW・30分],11.91,1.62,0.37,0.51,2.18,2.45,3.39,0.73,1.11,1.66
20260210B04,システム約定結果,最高落札価格（TSO別）[円/kW・30分],11.99,1.62,0.53,0.51,2.18,6.77,19.51,7.17,6.77,19.51
20260210B04,システム約定結果,最低落札価格（TSO別）[円/kW・30分],10.5,1.62,0.36,0.51,1.97,0.36,0.36,0.36,0.36,0.36
20260210B04,システム約定結果,平均落札価格（TSO別）[円/kW・30分],11.91,1.62,0.37,0.51,2.16,3.27,1.78,0.78,1.58,1.66
20260210B04,システム約定結果,落札量合計（TSO別）[MW],19.7,140,746,68.352,258,577.713,554,267,430,3060.765
20260210B04,システム約定結果,（内訳）自エリアからの落札量[MW],19.7,140,746,68.352,234,577.713,238.419,267,232.846,2524.03
20260210B04,追加調達結果,募集量（TSO別）[MW],-,-,-,-,-,-,-,-,-,-
20260210B04,追加調達結果,応札量合計（電源属地別）[MW],0,0,0,0,0,0,0,0,0,0
20260210B04,追加調達結果,約定量合計（電源属地別）[MW],0,0,0,0,0,0,0,0,0,0
20260210B04,追加調達結果,応札件数（電源属地別）[件],0,0,0,0,0,0,0,0,0,0
20260210B04,追加調達結果,約定件数（電源属地別）[件],0,0,0,0,0,0,0,0,0,0
20260210B04,追加調達結果,最高約定価格（電源属地別）[円/kW・30分],0,0,0,0,0,0,0,0,0,0
20260210B04,追加調達結果,最低約定価格（電源属地別）[円/kW・30分],0,0,0,0,0,0,0,0,0,0
20260210B04,追加調達結果,平均約定価格（電源属地別）[円/kW・30分],0,0,0,0,0,0,0,0,0,0
20260210B04,追加調達結果,最高約定価格（TSO別）[円/kW・30分],0,0,0,0,0,0,0,0,0,0
20260210B04,追加調達結果,最低約定価格（TSO別）[円/kW・30分],0,0,0,0,0,0,0,0,0,0
20260210B04,追加調達結果,平均約定価格（TSO別）[円/kW・30分],0,0,0,0,0,0,0,0,0,0
20260210B04,追加調達結果,約定量合計（TSO別）[MW],0,0,0,0,0,0,0,0,0,0
20260210B04,追加調達結果,（内訳）自エリアからの約定量[MW],0,0,0,0,0,0,0,0,0,0
20260210B04,合計（確報値）,募集量（TSO別）[MW],0,132,746,0,258,559,470,265,361,2791
20260210B04,合計（確報値）,応札量合計（電源属地別）[MW],244.69,260,1465.696,281.825,266,1177.9,593.35,316,821,5426.461
20260210B04,合計（確報値）,約定量合計（電源属地別）[MW],19.7,140,746,123.825,266,990.965,238.429,303,232.846,3060.765
20260210B04,合計（確報値）,応札件数（電源属地別）[件],6,1,12,5,2,7,8,3,6,50
20260210B04,合計（確報値）,約定件数（電源属地別）[件],2,1,6,4,2,6,8,3,4,36
20260210B04,合計（確報値）,最高約定価格（電源属地別）[円/kW・30分],11.99,1.62,0.36,0.36,2.18,6.77,19.51,7.17,2.09,19.51
20260210B04,合計（確報値）,最低約定価格（電源属地別）[円/kW・30分],10.5,1.62,0.36,0.36,2.17,0.36,0.67,0.36,0.86,0.36
20260210B04,合計（確報値）,平均約定価格（電源属地別）[円/kW・30分],11.91,1.62,0.36,0.36,2.18,2.45,3.39,0.73,1.11,1.66
20260210B04,合計（確報値）,最高約定価格（TSO別）[円/kW・30分],11.99,1.62,0.36,0.36,2.18,6.77,19.51,7.17,6.77,19.51
20260210B04,合計（確報値）,最低約定価格（TSO別）[円/kW・30分],10.5,1.62,0.36,0.36,1.97,0.36,0.36,0.36,0.36,0.36
20260210B04,合計（確報値）,平均約定価格（TSO別）[円/kW・30分],11.91,1.62,0.36,0.36,2.16,3.27,1.77,0.78,1.58,1.66
20260210B04,合計（確報値）,約定量合計（TSO別）[MW],19.7,140,746,68.352,258,577.713,554,267,430,3060.765
20260210B04,合計（確報値）,（内訳）自エリアからの約定量[MW],19.7,140,746,68.352,234,577.713,238.419,267,232.846,2524.03
20260210B05,システム約定結果,募集量（TSO別）[MW],72,0,68,0,221,412,227,225,318,1543
20260210B05,システム約定結果,応札量合計（電源属地別）[MW],229.89,261.5,279.521,1.5,228,1175.9,376.541,280,822.05,3654.902
20260210B05,システム約定結果,落札量合計（電源属地別）[MW],27.28,140,90.147,0,228,485.122,168.075,230,342.531,1711.155
20260210B05,システム約定結果,応札件数（電源属地別）[件],6,2,4,1,2,6,6,3,7,37
20260210B05,システム約定結果,落札件数（電源属地別）[件],4,1,2,0,2,6,6,3,4,28
20260210B05,システム約定結果,最高落札価格（電源属地別）[円/kW・30分],12.63,1.71,0.36,0,1.13,8,19.51,7.18,0.79,19.51
20260210B05,システム約定結果,最低落札価格（電源属地別）[円/kW・30分],7.21,1.71,0.35,0,1.11,0.36,0.36,0.36,0.36,0.35
20260210B05,システム約定結果,平均落札価格（電源属地別）[円/kW・30分],12.02,1.71,0.35,0,1.12,5.22,2.97,0.84,0.4,2.47
20260210B05,システム約定結果,最高落札価格（TSO別）[円/kW・30分],12.63,1.71,0.36,0,1.13,8,19.51,7.18,1.13,19.51
20260210B05,システム約定結果,最低落札価格（TSO別）[円/kW・30分],1.71,1.71,0.35,0,0.83,0.36,0.36,0.36,0.36,0.35
20260210B05,システム約定結果,平均落札価格（TSO別）[円/kW・30分],5.62,1.71,0.35,0,1.09,4.67,4.64,0.84,0.42,2.47
20260210B05,システム約定結果,落札量合計（TSO別）[MW],72,95.28,90.147,0,221,412,240.728,230,350,1711.155
20260210B05,システム約定結果,（内訳）自エリアからの落札量[MW],27.28,95.28,90.147,0,200,392.713,127.788,230,342.531,1505.739
20260210B05,追加調達結果,募集量（TSO別）[MW],-,-,-,-,-,-,-,-,-,-
20260210B05,追加調達結果,応札量合計（電源属地別）[MW],0,0,0,0,0,0,0,0,0,0
20260210B05,追加調達結果,約定量合計（電源属地別）[MW],0,0,0,0,0,0,0,0,0,0
20260210B05,追加調達結果,応札件数（電源属地別）[件],0,0,0,0,0,0,0,0,0,0
20260210B05,追加調達結果,約定件数（電源属地別）[件],0,0,0,0,0,0,0,0,0,0
20260210B05,追加調達結果,最高約定価格（電源属地別）[円/kW・30分],0,0,0,0,0,0,0,0,0,0
20260210B05,追加調達結果,最低約定価格（電源属地別）[円/kW・30分],0,0,0,0,0,0,0,0,0,0
20260210B05,追加調達結果,平均約定価格（電源属地別）[円/kW・30分],0,0,0,0,0,0,0,0,0,0
20260210B05,追加調達結果,最高約定価格（TSO別）[円/kW・30分],0,0,0,0,0,0,0,0,0,0
20260210B05,追加調達結果,最低約定価格（TSO別）[円/kW・30分],0,0,0,0,0,0,0,0,0,0
20260210B05,追加調達結果,平均約定価格（TSO別）[円/kW・30分],0,0,0,0,0,0,0,0,0,0
20260210B05,追加調達結果,約定量合計（TSO別）[MW],0,0,0,0,0,0,0,0,0,0
20260210B05,追加調達結果,（内訳）自エリアからの約定量[MW],0,0,0,0,0,0,0,0,0,0
20260210B05,合計（確報値）,募集量（TSO別）[MW],72,0,68,0,221,412,227,225,318,1543
20260210B05,合計（確報値）,応札量合計（電源属地別）[MW],250.9,261.5,319.521,1.5,228,1175.9,376.541,280,822.05,3715.912
20260210B05,合計（確報値）,約定量合計（電源属地別）[MW],27.28,140,90.147,0,228,485.122,168.075,230,342.531,1711.155
20260210B05,合計（確報値）,応札件数（電源属地別）[件],8,2,6,1,2,6,6,3,7,41
20260210B05,合計（確報値）,約定件数（電源属地別）[件],5,1,3,0,2,6,6,3,4,30
20260210B05,合計（確報値）,最高約定価格（電源属地別）[円/kW・30分],12.63,1.71,0.36,0,1.13,8,19.51,7.18,0.79,19.51
20260210B05,合計（確報値）,最低約定価格（電源属地別）[円/kW・30分],7.21,1.71,0.35,0,1.11,0.36,0.36,0.36,0.36,0.35
20260210B05,合計（確報値）,平均約定価格（電源属地別）[円/kW・30分],12.02,1.71,0.35,0,1.12,5.22,2.97,0.84,0.4,2.47
20260210B05,合計（確報値）,最高約定価格（TSO別）[円/kW・30分],12.63,1.71,0.36,0,1.13,8,19.51,7.18,1.13,19.51
20260210B05,合計（確報値）,最低約定価格（TSO別）[円/kW・30分],1.71,1.71,0.35,0,0.83,0.36,0.36,0.36,0.36,0.35
20260210B05,合計（確報値）,平均約定価格（TSO別）[円/kW・30分],5.62,1.71,0.35,0,1.09,4.67,4.64,0.84,0.42,2.47
20260210B05,合計（確報値）,約定量合計（TSO別）[MW],72,95.28,90.147,0,221,412,240.728,230,350,1711.155
20260210B05,合計（確報値）,（内訳）自エリアからの約定量[MW],27.28,95.28,90.147,0,200,392.713,127.788,230,342.531,1505.739
20260210B06,システム約定結果,募集量（TSO別）[MW],0,171,735,0,171,476,278,194,288,2313
20260210B06,システム約定結果,応札量合計（電源属地別）[MW],244.7,510,1312.4,158,179,1179.75,517.9,207,548.97,4857.72
20260210B06,システム約定結果,落札量合計（電源属地別）[MW],31,210,817.32,0,179,632.923,232.814,207,224,2534.057
20260210B06,システム約定結果,応札件数（電源属地別）[件],5,2,10,1,2,8,11,3,8,50
20260210B06,システム約定結果,落札件数（電源属地別）[件],2,2,6,0,2,7,11,3,5,38
20260210B06,システム約定結果,最高落札価格（電源属地別）[円/kW・30分],9.49,2.71,4.84,0,3.59,5.64,19.51,5.9,4.08,19.51
20260210B06,システム約定結果,最低落札価格（電源属地別）[円/kW・30分],7.5,1.94,0.36,0,3.58,0.36,1.33,0.36,2.24,0.36
20260210B06,システム約定結果,平均落札価格（電源属地別）[円/kW・30分],9.3,2.45,1.84,0,3.59,3.7,2.93,0.88,2.85,2.68
20260210B06,システム約定結果,最高落札価格（TSO別）[円/kW・30分],9.49,2.71,4.84,0,3.63,5.64,19.51,5.9,5.64,19.51
20260210B06,システム約定結果,最低落札価格（TSO別）[円/kW・30分],7.5,0.36,0.36,0,3.58,0.36,0.36,0.36,0.36,0.36
20260210B06,システム約定結果,平均落札価格（TSO別）[円/kW・30分],9.3,2.01,2.01,0,3.59,3.92,2.76,0.92,2.8,2.68
20260210B06,システム約定結果,落札量合計（TSO別）[MW],31,267,735,0,171,477.279,297.778,194,361,2534.057
20260210B06,システム約定結果,（内訳）自エリアからの落札量[MW],31,210,735,0,143,467.923,232.814,194,224,2237.737
20260210B06,追加調達結果,募集量（TSO別）[MW],-,-,-,-,-,-,-,-,-,-
20260210B06,追加調達結果,応札量合計（電源属地別）[MW],0,0,0,0,0,0,0,0,0,0
20260210B06,追加調達結果,約定量合計（電源属地別）[MW],0,0,0,0,0,0,0,0,0,0
20260210B06,追加調達結果,応札件数（電源属地別）[件],0,0,0,0,0,0,0,0,0,0
20260210B06,追加調達結果,約定件数（電源属地別）[件],0,0,0,0,0,0,0,0,0,0
20260210B06,追加調達結果,最高約定価格（電源属地別）[円/kW・30分],0,0,0,0,0,0,0,0,0,0
20260210B06,追加調達結果,最低約定価格（電源属地別）[円/kW・30分],0,0,0,0,0,0,0,0,0,0
20260210B06,追加調達結果,平均約定価格（電源属地別）[円/kW・30分],0,0,0,0,0,0,0,0,0,0
20260210B06,追加調達結果,最高約定価格（TSO別）[円/kW・30分],0,0,0,0,0,0,0,0,0,0
20260210B06,追加調達結果,最低約定価格（TSO別）[円/kW・30分],0,0,0,0,0,0,0,0,0,0
20260210B06,追加調達結果,平均約定価格（TSO別）[円/kW・30分],0,0,0,0,0,0,0,0,0,0
20260210B06,追加調達結果,約定量合計（TSO別）[MW],0,0,0,0,0,0,0,0,0,0
20260210B06,追加調達結果,（内訳）自エリアからの約定量[MW],0,0,0,0,0,0,0,0,0,0
20260210B06,合計（確報値）,募集量（TSO別）[MW],0,171,735,0,171,476,278,194,288,2313
20260210B06,合計（確報値）,応札量合計（電源属地別）[MW],272.7,510,1312.4,158,179,1179.75,517.9,207,548.97,4885.72
20260210B06,合計（確報値）,約定量合計（電源属地別）[MW],31,210,817.32,0,179,632.923,232.814,207,224,2534.057
20260210B06,合計（確報値）,応札件数（電源属地別）[件],7,2,10,1,2,8,11,3,8,52
20260210B06,合計（確報値）,約定件数（電源属地別）[件],3,2,6,0,2,7,11,3,5,39
20260210B06,合計（確報値）,最高約定価格（電源属地別）[円/kW・30分],9.49,2.71,4.84,0,3.59,5.64,19.51,5.9,4.08,19.51
20260210B06,合計（確報値）,最低約定価格（電源属地別）[円/kW・30分],7.5,1.94,0.36,0,3.58,0.36,1.33,0.36,2.24,0.36
20260210B06,合計（確報値）,平均約定価格（電源属地別）[円/kW・30分],9.3,2.45,1.84,0,3.59,3.7,2.93,0.88,2.85,2.68
20260210B06,合計（確報値）,最高約定価格（TSO別）[円/kW・30分],9.49,2.71,4.84,0,3.63,5.64,19.51,5.9,5.64,19.51
20260210B06,合計（確報値）,最低約定価格（TSO別）[円/kW・30分],7.5,0.36,0.36,0,3.58,0.36,0.36,0.36,0.36,0.36
20260210B06,合計（確報値）,平均約定価格（TSO別）[円/kW・30分],9.3,2.01,2.01,0,3.59,3.92,2.76,0.92,2.8,2.68
20260210B06,合計（確報値）,約定量合計（TSO別）[MW],31,267,735,0,171,477.279,297.778,194,361,2534.057
20260210B06,合計（確報値）,（内訳）自エリアからの約定量[MW],31,210,735,0,143,467.923,232.814,194,224,2237.737
20260210B07,システム約定結果,募集量（TSO別）[MW],0,148,474,0,115,410,271,111,260,1789
20260210B07,システム約定結果,応札量合計（電源属地別）[MW],223,250,1312.825,416,123,1177.9,733.569,121,652,5009.294
20260210B07,システム約定結果,落札量合計（電源属地別）[MW],18,70,571.571,51.24,123,485.122,297.404,121,212,1949.337
20260210B07,システム約定結果,応札件数（電源属地別）[件],3,1,9,2,1,7,13,4,9,49
20260210B07,システム約定結果,落札件数（電源属地別）[件],1,1,7,2,1,6,13,4,6,41
20260210B07,システム約定結果,最高落札価格（電源属地別）[円/kW・30分],7.6,1.78,4.78,5.92,4.89,6.12,19.51,5.62,5.07,19.51
20260210B07,システム約定結果,最低落札価格（電源属地別）[円/kW・30分],7.6,1.78,0.36,1.51,4.89,2.25,2.7,0.36,2.3,0.36
20260210B07,システム約定結果,平均落札価格（電源属地別）[円/kW・30分],7.6,1.78,1.43,2.98,4.89,5.3,4.56,1.52,3.09,3.38
20260210B07,システム約定結果,最高落札価格（TSO別）[円/kW・30分],7.6,1.78,4.78,5.92,4.89,6.12,19.51,5.62,6.12,19.51
20260210B07,システム約定結果,最低落札価格（TSO別）[円/kW・30分],7.6,0.36,0.36,1.51,4.84,2.25,2.7,0.36,0.36,0.36
20260210B07,システム約定結果,平均落札価格（TSO別）[円/kW・30分],7.6,1.03,1.65,2.98,4.87,5.14,4.82,1.63,3.29,3.38
20260210B07,システム約定結果,落札量合計（TSO別）[MW],18,148,474,51.24,115,410,312.097,111,310,1949.337
20260210B07,システム約定結果,（内訳）自エリアからの落札量[MW],18,70,474,51.24,74,404.713,251.107,111,212,1666.06
20260210B07,追加調達結果,募集量（TSO別）[MW],-,-,-,-,-,-,-,-,-,-
20260210B07,追加調達結果,応札量合計（電源属地別）[MW],0,0,0,0,0,0,0,0,0,0
20260210B07,追加調達結果,約定量合計（電源属地別）[MW],0,0,0,0,0,0,0,0,0,0
20260210B07,追加調達結果,応札件数（電源属地別）[件],0,0,0,0,0,0,0,0,0,0
20260210B07,追加調達結果,約定件数（電源属地別）[件],0,0,0,0,0,0,0,0,0,0
20260210B07,追加調達結果,最高約定価格（電源属地別）[円/kW・30分],0,0,0,0,0,0,0,0,0,0
20260210B07,追加調達結果,最低約定価格（電源属地別）[円/kW・30分],0,0,0,0,0,0,0,0,0,0
20260210B07,追加調達結果,平均約定価格（電源属地別）[円/kW・30分],0,0,0,0,0,0,0,0,0,0
20260210B07,追加調達結果,最高約定価格（TSO別）[円/kW・30分],0,0,0,0,0,0,0,0,0,0
20260210B07,追加調達結果,最低約定価格（TSO別）[円/kW・30分],0,0,0,0,0,0,0,0,0,0
20260210B07,追加調達結果,平均約定価格（TSO別）[円/kW・30分],0,0,0,0,0,0,0,0,0,0
20260210B07,追加調達結果,約定量合計（TSO別）[MW],0,0,0,0,0,0,0,0,0,0
20260210B07,追加調達結果,（内訳）自エリアからの約定量[MW],0,0,0,0,0,0,0,0,0,0
20260210B07,合計（確報値）,募集量（TSO別）[MW],0,148,474,0,115,410,271,111,260,1789
20260210B07,合計（確報値）,応札量合計（電源属地別）[MW],241,250,1312.825,450.175,123,1177.9,733.569,121,652,5061.469
20260210B07,合計（確報値）,約定量合計（電源属地別）[MW],18,70,571.571,51.24,123,485.122,297.404,121,212,1949.337
20260210B07,合計（確報値）,応札件数（電源属地別）[件],4,1,9,4,1,7,13,4,9,52
20260210B07,合計（確報値）,約定件数（電源属地別）[件],1,1,7,3,1,6,13,4,6,42
20260210B07,合計（確報値）,最高約定価格（電源属地別）[円/kW・30分],7.6,1.78,4.78,5.92,4.89,6.12,19.51,5.62,5.07,19.51
20260210B07,合計（確報値）,最低約定価格（電源属地別）[円/kW・30分],7.6,1.78,0.36,0.36,4.89,2.25,2.7,0.36,2.3,0.36
20260210B07,合計（確報値）,平均約定価格（電源属地別）[円/kW・30分],7.6,1.78,1.43,2.21,4.89,5.3,4.56,1.52,3.09,3.36
20260210B07,合計（確報値）,最高約定価格（TSO別）[円/kW・30分],7.6,1.78,4.78,5.92,4.89,6.12,19.51,5.62,6.12,19.51
20260210B07,合計（確報値）,最低約定価格（TSO別）[円/kW・30分],7.6,0.36,0.36,0.36,4.84,2.25,2.7,0.36,0.36,0.36
20260210B07,合計（確報値）,平均約定価格（TSO別）[円/kW・30分],7.6,1.03,1.65,2.21,4.87,5.14,4.82,1.63,3.29,3.36
20260210B07,合計（確報値）,約定量合計（TSO別）[MW],18,148,474,51.24,115,410,312.097,111,310,1949.337
20260210B07,合計（確報値）,（内訳）自エリアからの約定量[MW],18,70,474,51.24,74,404.713,251.107,111,212,1666.06
20260210B08,システム約定結果,募集量（TSO別）[MW],0,0,85,0,110,284,280,96,252,1107
20260210B08,システム約定結果,応札量合計（電源属地別）[MW],226,250,331.708,122.3,130,1175.9,833.949,109,519,3697.857
20260210B08,システム約定結果,落札量合計（電源属地別）[MW],13,70,265.589,34.175,122,391.122,282.03,108,198,1483.916
20260210B08,システム約定結果,応札件数（電源属地別）[件],4,1,4,2,1,6,13,6,7,44
20260210B08,システム約定結果,落札件数（電源属地別）[件],2,1,3,1,1,6,13,6,6,39
20260210B08,システム約定結果,最高落札価格（電源属地別）[円/kW・30分],11.4,3.05,3.76,0.42,3.63,6.36,9.58,6.34,3.86,11.4
20260210B08,システム約定結果,最低落札価格（電源属地別）[円/kW・30分],9.5,3.05,0.35,0.42,3.63,0.44,1.32,0.36,1.89,0.35
20260210B08,システム約定結果,平均落札価格（電源属地別）[円/kW・30分],10.96,3.05,1.48,0.42,3.63,4.27,2.51,1.55,2.83,2.91
20260210B08,システム約定結果,最高落札価格（TSO別）[円/kW・30分],11.4,3.05,3.76,0.42,3.63,6.36,9.58,6.34,3.86,11.4
20260210B08,システム約定結果,最低落札価格（TSO別）[円/kW・30分],9.5,3.05,1.58,0.42,3.63,0.44,0.35,0.36,0.35,0.35
20260210B08,システム約定結果,平均落札価格（TSO別）[円/kW・30分],10.96,3.05,1.79,0.42,3.63,4.04,2.99,1.55,2.34,2.91
20260210B08,システム約定結果,落札量合計（TSO別）[MW],13,70,209.028,34.175,110,342.713,345,108,252,1483.916
20260210B08,システム約定結果,（内訳）自エリアからの落札量[MW],13,70,209.028,34.175,110,330.713,279.03,108,198,1351.946
20260210B08,追加調達結果,募集量（TSO別）[MW],-,-,-,-,-,-,-,-,-,-
20260210B08,追加調達結果,応札量合計（電源属地別）[MW],0,0,0,0,0,0,0,0,0,0
20260210B08,追加調達結果,約定量合計（電源属地別）[MW],0,0,0,0,0,0,0,0,0,0
20260210B08,追加調達結果,応札件数（電源属地別）[件],0,0,0,0,0,0,0,0,0,0
20260210B08,追加調達結果,約定件数（電源属地別）[件],0,0,0,0,0,0,0,0,0,0
20260210B08,追加調達結果,最高約定価格（電源属地別）[円/kW・30分],0,0,0,0,0,0,0,0,0,0
20260210B08,追加調達結果,最低約定価格（電源属地別）[円/kW・30分],0,0,0,0,0,0,0,0,0,0
20260210B08,追加調達結果,平均約定価格（電源属地別）[円/kW・30分],0,0,0,0,0,0,0,0,0,0
20260210B08,追加調達結果,最高約定価格（TSO別）[円/kW・30分],0,0,0,0,0,0,0,0,0,0
20260210B08,追加調達結果,最低約定価格（TSO別）[円/kW・30分],0,0,0,0,0,0,0,0,0,0
20260210B08,追加調達結果,平均約定価格（TSO別）[円/kW・30分],0,0,0,0,0,0,0,0,0,0
20260210B08,追加調達結果,約定量合計（TSO別）[MW],0,0,0,0,0,0,0,0,0,0
20260210B08,追加調達結果,（内訳）自エリアからの約定量[MW],0,0,0,0,0,0,0,0,0,0
20260210B08,合計（確報値）,募集量（TSO別）[MW],0,0,85,0,110,284,280,96,252,1107
20260210B08,合計（確報値）,応札量合計（電源属地別）[MW],236,250,331.708,156.475,130,1175.9,833.949,109,519,3742.032
20260210B08,合計（確報値）,約定量合計（電源属地別）[MW],13,70,265.589,34.175,122,391.122,282.03,108,198,1483.916
20260210B08,合計（確報値）,応札件数（電源属地別）[件],5,1,4,4,1,6,13,6,7,47
20260210B08,合計（確報値）,約定件数（電源属地別）[件],2,1,3,2,1,6,13,6,6,40
20260210B08,合計（確報値）,最高約定価格（電源属地別）[円/kW・30分],11.4,3.05,3.76,0.36,3.63,6.36,9.58,6.34,3.86,11.4
20260210B08,合計（確報値）,最低約定価格（電源属地別）[円/kW・30分],9.5,3.05,0.35,0.36,3.63,0.44,1.32,0.36,1.89,0.35
20260210B08,合計（確報値）,平均約定価格（電源属地別）[円/kW・30分],10.96,3.05,1.48,0.36,3.63,4.27,2.51,1.55,2.83,2.91
20260210B08,合計（確報値）,最高約定価格（TSO別）[円/kW・30分],11.4,3.05,3.76,0.36,3.63,6.36,9.58,6.34,3.86,11.4
20260210B08,合計（確報値）,最低約定価格（TSO別）[円/kW・30分],9.5,3.05,1.58,0.36,3.63,0.44,0.35,0.36,0.35,0.35
20260210B08,合計（確報値）,平均約定価格（TSO別）[円/kW・30分],10.96,3.05,1.79,0.36,3.63,4.04,2.99,1.55,2.34,2.91
20260210B08,合計（確報値）,約定量合計（TSO別）[MW],13,70,209.028,34.175,110,342.713,345,108,252,1483.916
20260210B08,合計（確報値）,（内訳）自エリアからの約定量[MW],13,70,209.028,34.175,110,330.713,279.03,108,198,1351.946
20260211B01,システム約定結果,募集量（TSO別）[MW],0,0,0,0,112,0,55,85,282,534
20260211B01,システム約定結果,応札量合計（電源属地別）[MW],158.99,250,250.683,588.3,116,1175.9,619.401,93,519,3771.274
20260211B01,システム約定結果,落札量合計（電源属地別）[MW],1,67.552,143.375,199.87,116,298.922,236.08,93,157,1312.799
20260211B01,システム約定結果,応札件数（電源属地別）[件],3,1,6,6,1,6,8,6,7,44
20260211B01,システム約定結果,落札件数（電源属地別）[件],1,1,5,2,1,5,8,6,6,35
20260211B01,システム約定結果,最高落札価格（電源属地別）[円/kW・30分],4.3,3.8,4.28,2.37,1.97,8.53,1.92,6.46,2.33,8.53
20260211B01,システム約定結果,最低落札価格（電源属地別）[円/kW・30分],4.3,3.8,0.36,2.23,1.97,0.36,0.36,0.36,0.42,0.36
20260211B01,システム約定結果,平均落札価格（電源属地別）[円/kW・30分],4.3,3.8,2.22,2.3,1.97,4.79,1.35,1.6,1.51,2.59
20260211B01,システム約定結果,最高落札価格（TSO別）[円/kW・30分],4.3,3.8,4.28,2.37,1.97,8.53,1.92,6.46,8.53,8.53
20260211B01,システム約定結果,最低落札価格（TSO別）[円/kW・30分],4.3,3.8,0.36,2.23,1.97,0.36,0.36,0.36,0.36,0.36
20260211B01,システム約定結果,平均落札価格（TSO別）[円/kW・30分],4.3,3.8,2.22,2.31,1.97,3.39,1.3,1.6,3.62,2.59
20260211B01,システム約定結果,落札量合計（TSO別）[MW],1,67.552,143.375,177.159,112,217.713,219,93,282,1312.799
20260211B01,システム約定結果,（内訳）自エリアからの落札量[MW],1,67.552,143.375,177.159,112,217.713,219,93,157,1187.799
20260211B01,追加調達結果,募集量（TSO別）[MW],-,-,-,-,-,-,-,-,-,-
20260211B01,追加調達結果,応札量合計（電源属地別）[MW],0,0,0,0,0,0,0,0,0,0
20260211B01,追加調達結果,約定量合計（電源属地別）[MW],0,0,0,0,0,0,0,0,0,0
20260211B01,追加調達結果,応札件数（電源属地別）[件],0,0,0,0,0,0,0,0,0,0
20260211B01,追加調達結果,約定件数（電源属地別）[件],0,0,0,0,0,0,0,0,0,0
20260211B01,追加調達結果,最高約定価格（電源属地別）[円/kW・30分],0,0,0,0,0,0,0,0,0,0
20260211B01,追加調達結果,最低約定価格（電源属地別）[円/kW・30分],0,0,0,0,0,0,0,0,0,0
20260211B01,追加調達結果,平均約定価格（電源属地別）[円/kW・30分],0,0,0,0,0,0,0,0,0,0
20260211B01,追加調達結果,最高約定価格（TSO別）[円/kW・30分],0,0,0,0,0,0,0,0,0,0
20260211B01,追加調達結果,最低約定価格（TSO別）[円/kW・30分],0,0,0,0,0,0,0,0,0,0
20260211B01,追加調達結果,平均約定価格（TSO別）[円/kW・30分],0,0,0,0,0,0,0,0,0,0
20260211B01,追加調達結果,約定量合計（TSO別）[MW],0,0,0,0,0,0,0,0,0,0
20260211B01,追加調達結果,（内訳）自エリアからの約定量[MW],0,0,0,0,0,0,0,0,0,0
20260211B01,合計（確報値）,募集量（TSO別）[MW],0,0,0,0,112,0,55,85,282,534
20260211B01,合計（確報値）,応札量合計（電源属地別）[MW],158.99,250,270.01,588.3,116,1175.9,619.401,93,519,3790.601
20260211B01,合計（確報値）,約定量合計（電源属地別）[MW],1,67.552,143.375,199.87,116,298.922,236.08,93,157,1312.799
20260211B01,合計（確報値）,応札件数（電源属地別）[件],3,1,8,6,1,6,8,6,7,46
20260211B01,合計（確報値）,約定件数（電源属地別）[件],1,1,6,2,1,5,8,6,6,36
20260211B01,合計（確報値）,最高約定価格（電源属地別）[円/kW・30分],4.3,3.8,2.95,2.37,1.97,8.53,1.92,6.46,2.33,8.53
20260211B01,合計（確報値）,最低約定価格（電源属地別）[円/kW・30分],4.3,3.8,0.36,2.23,1.97,0.36,0.36,0.36,0.42,0.36
20260211B01,合計（確報値）,平均約定価格（電源属地別）[円/kW・30分],4.3,3.8,1.69,2.3,1.97,4.79,1.35,1.6,1.51,2.53
20260211B01,合計（確報値）,最高約定価格（TSO別）[円/kW・30分],4.3,3.8,2.95,2.37,1.97,8.53,1.92,6.46,8.53,8.53
20260211B01,合計（確報値）,最低約定価格（TSO別）[円/kW・30分],4.3,3.8,0.36,2.23,1.97,0.36,0.36,0.36,0.36,0.36
20260211B01,合計（確報値）,平均約定価格（TSO別）[円/kW・30分],4.3,3.8,1.69,2.31,1.97,3.39,1.3,1.6,3.62,2.53
20260211B01,合計（確報値）,約定量合計（TSO別）[MW],1,67.552,143.375,177.159,112,217.713,219,93,282,1312.799
20260211B01,合計（確報値）,（内訳）自エリアからの約定量[MW],1,67.552,143.375,177.159,112,217.713,219,93,157,1187.799
20260211B02,システム約定結果,募集量（TSO別）[MW],0,50,0,0,93,23,193,87,244,690
20260211B02,システム約定結果,応札量合計（電源属地別）[MW],178.69,250,655.434,592.3,102,1175.9,619.401,93,519,4185.725
20260211B02,システム約定結果,落札量合計（電源属地別）[MW],16.7,68,462.51,201.87,102,184.713,285.03,87,180,1587.823
20260211B02,システム約定結果,応札件数（電源属地別）[件],5,1,10,6,1,6,8,4,7,48
20260211B02,システム約定結果,落札件数（電源属地別）[件],1,1,8,2,1,4,8,4,6,35
20260211B02,システム約定結果,最高落札価格（電源属地別）[円/kW・30分],4.99,3.92,4.8,2.34,1.92,1.41,2.17,6.28,2.54,6.28
20260211B02,システム約定結果,最低落札価格（電源属地別）[円/kW・30分],4.99,3.92,0.36,2.23,1.92,0.36,0.36,0.36,0.56,0.36
20260211B02,システム約定結果,平均落札価格（電源属地別）[円/kW・30分],4.99,3.92,2.15,2.28,1.92,0.8,1.4,1.74,1.58,1.88
20260211B02,システム約定結果,最高落札価格（TSO別）[円/kW・30分],4.99,3.92,4.8,2.34,1.92,1.41,2.34,6.28,2.54,6.28
20260211B02,システム約定結果,最低落札価格（TSO別）[円/kW・30分],4.99,3.92,0.36,2.23,1.92,0.36,0.36,0.36,0.36,0.36
20260211B02,システム約定結果,平均落札価格（TSO別）[円/kW・30分],4.99,3.92,2.15,2.29,1.92,0.8,1.34,1.74,1.72,1.88
20260211B02,システム約定結果,落札量合計（TSO別）[MW],16.7,68,462.51,172.9,93,184.713,259,87,244,1587.823
20260211B02,システム約定結果,（内訳）自エリアからの落札量[MW],16.7,68,462.51,172.9,93,184.713,258.01,87,180,1522.833
20260211B02,追加調達結果,募集量（TSO別）[MW],-,-,-,-,-,-,-,-,-,-
20260211B02,追加調達結果,応札量合計（電源属地別）[MW],0,0,0,0,0,0,0,0,0,0
20260211B02,追加調達結果,約定量合計（電源属地別）[MW],0,0,0,0,0,0,0,0,0,0
20260211B02,追加調達結果,応札件数（電源属地別）[件],0,0,0,0,0,0,0,0,0,0
20260211B02,追加調達結果,約定件数（電源属地別）[件],0,0,0,0,0,0,0,0,0,0
20260211B02,追加調達結果,最高約定価格（電源属地別）[円/kW・30分],0,0,0,0,0,0,0,0,0,0
20260211B02,追加調達結果,最低約定価格（電源属地別）[円/kW・30分],0,0,0,0,0,0,0,0,0,0
20260211B02,追加調達結果,平均約定価格（電源属地別）[円/kW・30分],0,0,0,0,0,0,0,0,0,0
20260211B02,追加調達結果,最高約定価格（TSO別）[円/kW・30分],0,0,0,0,0,0,0,0,0,0
20260211B02,追加調達結果,最低約定価格（TSO別）[円/kW・30分],0,0,0,0,0,0,0,0,0,0
20260211B02,追加調達結果,平均約定価格（TSO別）[円/kW・30分],0,0,0,0,0,0,0,0,0,0
20260211B02,追加調達結果,約定量合計（TSO別）[MW],0,0,0,0,0,0,0,0,0,0
20260211B02,追加調達結果,（内訳）自エリアからの約定量[MW],0,0,0,0,0,0,0,0,0,0
20260211B02,合計（確報値）,募集量（TSO別）[MW],0,50,0,0,93,23,193,87,244,690
20260211B02,合計（確報値）,応札量合計（電源属地別）[MW],178.69,250,674.877,592.3,204,1175.9,619.401,93,519,4307.168
20260211B02,合計（確報値）,約定量合計（電源属地別）[MW],16.7,68,462.51,201.87,102,184.713,285.03,87,180,1587.823
20260211B02,合計（確報値）,応札件数（電源属地別）[件],5,1,11,6,10,6,8,4,7,58
20260211B02,合計（確報値）,約定件数（電源属地別）[件],1,1,8,2,9,4,8,4,6,43
20260211B02,合計（確報値）,最高約定価格（電源属地別）[円/kW・30分],4.99,3.92,2.9,2.34,1.92,1.41,2.17,6.28,2.54,6.28
20260211B02,合計（確報値）,最低約定価格（電源属地別）[円/kW・30分],4.99,3.92,0.36,2.23,0.35,0.36,0.36,0.36,0.56,0.35
20260211B02,合計（確報値）,平均約定価格（電源属地別）[円/kW・30分],4.99,3.92,1.97,2.28,1.27,0.8,1.4,1.74,1.58,1.78
20260211B02,合計（確報値）,最高約定価格（TSO別）[円/kW・30分],4.99,3.92,2.9,2.34,1.92,1.41,2.34,6.28,2.54,6.28
20260211B02,合計（確報値）,最低約定価格（TSO別）[円/kW・30分],4.99,3.92,0.36,2.23,0.35,0.36,0.36,0.36,0.36,0.35
20260211B02,合計（確報値）,平均約定価格（TSO別）[円/kW・30分],4.99,3.92,1.97,2.29,1.21,0.8,1.34,1.74,1.72,1.78
20260211B02,合計（確報値）,約定量合計（TSO別）[MW],16.7,68,462.51,172.9,93,184.713,259,87,244,1587.823
20260211B02,合計（確報値）,（内訳）自エリアからの約定量[MW],16.7,68,462.51,172.9,93,184.713,258.01,87,180,1522.833
20260211B03,システム約定結果,募集量（TSO別）[MW],0,380,384,0,140,383,329,134,261,2011
20260211B03,システム約定結果,応札量合計（電源属地別）[MW],161.99,450,1492.736,234,169,1175.9,789.729,169,448.97,5091.325
20260211B03,システム約定結果,落札量合計（電源属地別）[MW],45.99,210,926.684,226.695,169,485.122,286.03,169,203,2721.521
20260211B03,システム約定結果,応札件数（電源属地別）[件],4,2,11,3,2,6,12,3,7,50
20260211B03,システム約定結果,落札件数（電源属地別）[件],4,2,9,3,2,6,12,3,3,44
20260211B03,システム約定結果,最高落札価格（電源属地別）[円/kW・30分],15.1,1.65,4.7,2.92,1.91,6.8,4.3,6.94,1.08,15.1
20260211B03,システム約定結果,最低落札価格（電源属地別）[円/kW・30分],5.69,1.41,0.35,0.36,1.9,2.33,2.05,0.36,0.9,0.35
20260211B03,システム約定結果,平均落札価格（電源属地別）[円/kW・30分],8.19,1.49,1.36,2.02,1.91,5.4,2.91,0.96,1.05,2.41
20260211B03,システム約定結果,最高落札価格（TSO別）[円/kW・30分],15.1,1.65,4.7,2.92,1.91,6.8,6.8,6.94,1.08,15.1
20260211B03,システム約定結果,最低落札価格（TSO別）[円/kW・30分],5.69,0.35,0.36,0.36,1.9,2.33,0.35,0.36,0.36,0.35
20260211B03,システム約定結果,平均落札価格（TSO別）[円/kW・30分],8.19,0.89,2.07,1.85,1.91,5.14,2.7,1.12,0.8,2.41
20260211B03,システム約定結果,落札量合計（TSO別）[MW],45.99,450,543.147,185.671,140,494.713,409,134,319,2721.521
20260211B03,システム約定結果,（内訳）自エリアからの落札量[MW],45.99,210,543.147,185.671,140,453.689,286.03,134,203,2201.527
20260211B03,追加調達結果,募集量（TSO別）[MW],-,-,-,-,-,-,-,-,-,-
20260211B03,追加調達結果,応札量合計（電源属地別）[MW],0,0,0,0,0,0,0,0,0,0
20260211B03,追加調達結果,約定量合計（電源属地別）[MW],0,0,0,0,0,0,0,0,0,0
20260211B03,追加調達結果,応札件数（電源属地別）[件],0,0,0,0,0,0,0,0,0,0
20260211B03,追加調達結果,約定件数（電源属地別）[件],0,0,0,0,0,0,0,0,0,0
20260211B03,追加調達結果,最高約定価格（電源属地別）[円/kW・30分],0,0,0,0,0,0,0,0,0,0
20260211B03,追加調達結果,最低約定価格（電源属地別）[円/kW・30分],0,0,0,0,0,0,0,0,0,0
20260211B03,追加調達結果,平均約定価格（電源属地別）[円/kW・30分],0,0,0,0,0,0,0,0,0,0
20260211B03,追加調達結果,最高約定価格（TSO別）[円/kW・30分],0,0,0,0,0,0,0,0,0,0
20260211B03,追加調達結果,最低約定価格（TSO別）[円/kW・30分],0,0,0,0,0,0,0,0,0,0
20260211B03,追加調達結果,平均約定価格（TSO別）[円/kW・30分],0,0,0,0,0,0,0,0,0,0
20260211B03,追加調達結果,約定量合計（TSO別）[MW],0,0,0,0,0,0,0,0,0,0
20260211B03,追加調達結果,（内訳）自エリアからの約定量[MW],0,0,0,0,0,0,0,0,0,0
20260211B03,合計（確報値）,募集量（TSO別）[MW],0,380,384,0,140,383,329,134,261,2011
20260211B03,合計（確報値）,応札量合計（電源属地別）[MW],192.99,450,1492.736,378.695,278,1175.9,789.729,169,448.97,5376.02
20260211B03,合計（確報値）,約定量合計（電源属地別）[MW],45.99,210,926.684,226.695,169,485.122,286.03,169,203,2721.521
20260211B03,合計（確報値）,応札件数（電源属地別）[件],5,2,11,10,8,6,12,3,7,64
20260211B03,合計（確報値）,約定件数（電源属地別）[件],4,2,9,8,7,6,12,3,3,54
20260211B03,合計（確報値）,最高約定価格（電源属地別）[円/kW・30分],15.1,1.65,4.7,2.68,1.91,6.8,4.3,6.94,1.08,15.1
20260211B03,合計（確報値）,最低約定価格（電源属地別）[円/kW・30分],5.69,1.41,0.35,0.36,1.28,2.33,2.05,0.36,0.9,0.35
20260211B03,合計（確報値）,平均約定価格（電源属地別）[円/kW・30分],8.19,1.49,1.36,1.2,1.73,5.4,2.91,0.96,1.05,2.33
20260211B03,合計（確報値）,最高約定価格（TSO別）[円/kW・30分],15.1,1.65,4.7,2.68,1.91,6.8,6.8,6.94,1.08,15.1
20260211B03,合計（確報値）,最低約定価格（TSO別）[円/kW・30分],5.69,0.35,0.36,0.36,1.28,0.36,0.35,0.36,0.36,0.35
20260211B03,合計（確報値）,平均約定価格（TSO別）[円/kW・30分],8.19,0.89,2.07,1.12,1.69,5.03,2.7,1.12,0.8,2.33
20260211B03,合計（確報値）,約定量合計（TSO別）[MW],45.99,450,543.147,185.671,140,494.713,409,134,319,2721.521
20260211B03,合計（確報値）,（内訳）自エリアからの約定量[MW],45.99,210,543.147,185.671,140,453.689,286.03,134,203,2201.527
20260211B04,システム約定結果,募集量（TSO別）[MW],0,132,746,0,258,559,470,265,361,2791
20260211B04,システム約定結果,応札量合計（電源属地別）[MW],179.69,450,1380.311,0,266,1177.9,432.701,316,821,5023.602
20260211B04,システム約定結果,落札量合計（電源属地別）[MW],31,176,746,0,266,977.663,234.05,303,319,3052.713
20260211B04,システム約定結果,応札件数（電源属地別）[件],5,2,9,0,2,7,5,3,6,39
20260211B04,システム約定結果,落札件数（電源属地別）[件],1,2,6,0,2,6,5,3,3,28
20260211B04,システム約定結果,最高落札価格（電源属地別）[円/kW・30分],0.36,2.7,0.36,0,0.98,8.57,2.07,7.91,0.36,8.57
20260211B04,システム約定結果,最低落札価格（電源属地別）[円/kW・30分],0.36,1.9,0.36,0,0.96,0.36,0.47,0.36,0.36,0.36
20260211B04,システム約定結果,平均落札価格（電源属地別）[円/kW・30分],0.36,2.06,0.36,0,0.97,3.05,1.74,0.95,0.36,1.54
20260211B04,システム約定結果,最高落札価格（TSO別）[円/kW・30分],0.36,2.7,0.36,0,0.98,8.57,8.57,7.91,2.07,8.57
20260211B04,システム約定結果,最低落札価格（TSO別）[円/kW・30分],0.36,1.9,0.36,0,0.96,0.36,0.36,0.36,0.36,0.36
20260211B04,システム約定結果,平均落札価格（TSO別）[円/kW・30分],0.36,2.06,0.36,0,0.97,3.98,1.76,1.03,0.36,1.54
20260211B04,システム約定結果,落札量合計（TSO別）[MW],31,176,746,0,258,601.713,554,267,419,3052.713
20260211B04,システム約定結果,（内訳）自エリアからの落札量[MW],31,176,746,0,258,601.713,234.02,267,319,2632.733
20260211B04,追加調達結果,募集量（TSO別）[MW],-,-,-,-,-,-,-,-,-,-
20260211B04,追加調達結果,応札量合計（電源属地別）[MW],0,0,0,0,0,0,0,0,0,0
20260211B04,追加調達結果,約定量合計（電源属地別）[MW],0,0,0,0,0,0,0,0,0,0
20260211B04,追加調達結果,応札件数（電源属地別）[件],0,0,0,0,0,0,0,0,0,0
20260211B04,追加調達結果,約定件数（電源属地別）[件],0,0,0,0,0,0,0,0,0,0
20260211B04,追加調達結果,最高約定価格（電源属地別）[円/kW・30分],0,0,0,0,0,0,0,0,0,0
20260211B04,追加調達結果,最低約定価格（電源属地別）[円/kW・30分],0,0,0,0,0,0,0,0,0,0
20260211B04,追加調達結果,平均約定価格（電源属地別）[円/kW・30分],0,0,0,0,0,0,0,0,0,0
20260211B04,追加調達結果,最高約定価格（TSO別）[円/kW・30分],0,0,0,0,0,0,0,0,0,0
20260211B04,追加調達結果,最低約定価格（TSO別）[円/kW・30分],0,0,0,0,0,0,0,0,0,0
20260211B04,追加調達結果,平均約定価格（TSO別）[円/kW・30分],0,0,0,0,0,0,0,0,0,0
20260211B04,追加調達結果,約定量合計（TSO別）[MW],0,0,0,0,0,0,0,0,0,0
20260211B04,追加調達結果,（内訳）自エリアからの約定量[MW],0,0,0,0,0,0,0,0,0,0
20260211B04,合計（確報値）,募集量（TSO別）[MW],0,132,746,0,258,559,470,265,361,2791
20260211B04,合計（確報値）,応札量合計（電源属地別）[MW],210.69,450,1380.311,0,413,1177.9,432.701,316,821,5201.602
20260211B04,合計（確報値）,約定量合計（電源属地別）[MW],31,176,746,0,266,977.663,234.05,303,319,3052.713
20260211B04,合計（確報値）,応札件数（電源属地別）[件],7,2,9,0,7,7,5,3,6,46
20260211B04,合計（確報値）,約定件数（電源属地別）[件],2,2,6,0,6,6,5,3,3,33
20260211B04,合計（確報値）,最高約定価格（電源属地別）[円/kW・30分],0.36,2.7,0.36,0,0.98,8.57,2.07,7.91,0.36,8.57
20260211B04,合計（確報値）,最低約定価格（電源属地別）[円/kW・30分],0.36,1.9,0.36,0,0.96,0.36,0.47,0.36,0.36,0.36
20260211B04,合計（確報値）,平均約定価格（電源属地別）[円/kW・30分],0.36,2.06,0.36,0,0.97,3.05,1.74,0.95,0.36,1.54
20260211B04,合計（確報値）,最高約定価格（TSO別）[円/kW・30分],0.36,2.7,0.36,0,0.98,8.57,8.57,7.91,2.07,8.57
20260211B04,合計（確報値）,最低約定価格（TSO別）[円/kW・30分],0.36,1.9,0.36,0,0.96,0.36,0.36,0.36,0.36,0.36
20260211B04,合計（確報値）,平均約定価格（TSO別）[円/kW・30分],0.36,2.06,0.36,0,0.97,3.98,1.76,1.03,0.36,1.54
20260211B04,合計（確報値）,約定量合計（TSO別）[MW],31,176,746,0,258,601.713,554,267,419,3052.713
20260211B04,合計（確報値）,（内訳）自エリアからの約定量[MW],31,176,746,0,258,601.713,234.02,267,319,2632.733
20260211B05,システム約定結果,募集量（TSO別）[MW],72,0,68,0,221,412,227,225,318,1543
20260211B05,システム約定結果,応札量合計（電源属地別）[MW],162.89,261.5,122.68,1.5,228,1175.9,432.701,280,821,3486.171
20260211B05,システム約定結果,落札量合計（電源属地別）[MW],42.28,140,68,0,228,485.122,269.878,230,319,1782.28
20260211B05,システム約定結果,応札件数（電源属地別）[件],5,2,2,1,2,6,5,3,6,32
20260211B05,システム約定結果,落札件数（電源属地別）[件],1,1,1,0,2,6,5,3,3,22
20260211B05,システム約定結果,最高落札価格（電源属地別）[円/kW・30分],6.15,2.02,0.35,0,0.35,9.14,1.1,9.85,0.36,9.85
20260211B05,システム約定結果,最低落札価格（電源属地別）[円/kW・30分],6.15,2.02,0.35,0,0.35,0.36,0.36,0.36,0.36,0.35
20260211B05,システム約定結果,平均落札価格（電源属地別）[円/kW・30分],6.15,2.02,0.35,0,0.35,5.95,0.83,1.52,0.36,2.37
20260211B05,システム約定結果,最高落札価格（TSO別）[円/kW・30分],6.15,2.02,0.35,0,0.35,9.14,9.14,9.85,9.14,9.85
20260211B05,システム約定結果,最低落札価格（TSO別）[円/kW・30分],2.02,2.02,0.35,0,0.35,0.36,0.36,0.36,0.35,0.35
20260211B05,システム約定結果,平均落札価格（TSO別）[円/kW・30分],4.29,2.02,0.35,0,0.35,5.21,2.33,1.52,0.96,2.37
20260211B05,システム約定結果,落札量合計（TSO別）[MW],77,105.28,68,0,221,412,319,230,350,1782.28
20260211B05,システム約定結果,（内訳）自エリアからの落札量[MW],42.28,105.28,68,0,221,392.713,250.591,230,319,1628.864
20260211B05,追加調達結果,募集量（TSO別）[MW],-,-,-,-,-,-,-,-,-,-
20260211B05,追加調達結果,応札量合計（電源属地別）[MW],0,0,0,0,0,0,0,0,0,0
20260211B05,追加調達結果,約定量合計（電源属地別）[MW],0,0,0,0,0,0,0,0,0,0
20260211B05,追加調達結果,応札件数（電源属地別）[件],0,0,0,0,0,0,0,0,0,0
20260211B05,追加調達結果,約定件数（電源属地別）[件],0,0,0,0,0,0,0,0,0,0
20260211B05,追加調達結果,最高約定価格（電源属地別）[円/kW・30分],0,0,0,0,0,0,0,0,0,0
20260211B05,追加調達結果,最低約定価格（電源属地別）[円/kW・30分],0,0,0,0,0,0,0,0,0,0
20260211B05,追加調達結果,平均約定価格（電源属地別）[円/kW・30分],0,0,0,0,0,0,0,0,0,0
20260211B05,追加調達結果,最高約定価格（TSO別）[円/kW・30分],0,0,0,0,0,0,0,0,0,0
20260211B05,追加調達結果,最低約定価格（TSO別）[円/kW・30分],0,0,0,0,0,0,0,0,0,0
20260211B05,追加調達結果,平均約定価格（TSO別）[円/kW・30分],0,0,0,0,0,0,0,0,0,0
20260211B05,追加調達結果,約定量合計（TSO別）[MW],0,0,0,0,0,0,0,0,0,0
20260211B05,追加調達結果,（内訳）自エリアからの約定量[MW],0,0,0,0,0,0,0,0,0,0
20260211B05,合計（確報値）,募集量（TSO別）[MW],72,0,68,0,221,412,227,225,318,1543
20260211B05,合計（確報値）,応札量合計（電源属地別）[MW],205.17,261.5,122.68,1.5,375,1175.9,432.701,280,821,3675.451
20260211B05,合計（確報値）,約定量合計（電源属地別）[MW],42.28,140,68,0,228,485.122,269.878,230,319,1782.28
20260211B05,合計（確報値）,応札件数（電源属地別）[件],9,2,2,1,8,6,5,3,6,42
20260211B05,合計（確報値）,約定件数（電源属地別）[件],4,1,1,0,7,6,5,3,3,30
20260211B05,合計（確報値）,最高約定価格（電源属地別）[円/kW・30分],6.15,2.02,0.35,0,0.35,9.14,1.1,9.85,0.36,9.85
20260211B05,合計（確報値）,最低約定価格（電源属地別）[円/kW・30分],6.15,2.02,0.35,0,0.35,0.36,0.36,0.36,0.36,0.35
20260211B05,合計（確報値）,平均約定価格（電源属地別）[円/kW・30分],6.15,2.02,0.35,0,0.35,5.95,0.83,1.52,0.36,2.37
20260211B05,合計（確報値）,最高約定価格（TSO別）[円/kW・30分],6.15,2.02,0.35,0,0.35,9.14,9.14,9.85,9.14,9.85
20260211B05,合計（確報値）,最低約定価格（TSO別）[円/kW・30分],2.02,2.02,0.35,0,0.35,0.36,0.36,0.36,0.35,0.35
20260211B05,合計（確報値）,平均約定価格（TSO別）[円/kW・30分],4.29,2.02,0.35,0,0.35,5.21,2.33,1.52,0.96,2.37
20260211B05,合計（確報値）,約定量合計（TSO別）[MW],77,105.28,68,0,221,412,319,230,350,1782.28
20260211B05,合計（確報値）,（内訳）自エリアからの約定量[MW],42.28,105.28,68,0,221,392.713,250.591,230,319,1628.864
20260211B06,システム約定結果,募集量（TSO別）[MW],0,171,735,0,171,476,278,194,288,2313
20260211B06,システム約定結果,応札量合計（電源属地別）[MW],176.7,510,1389.672,242,179,1177.9,432.701,207,516.97,4831.943
20260211B06,システム約定結果,落札量合計（電源属地別）[MW],31,210,1009.953,135.87,179,454.122,247.416,207,203,2677.361
20260211B06,システム約定結果,応札件数（電源属地別）[件],4,2,11,2,2,7,5,3,7,43
20260211B06,システム約定結果,落札件数（電源属地別）[件],1,2,8,1,2,6,5,3,3,31
20260211B06,システム約定結果,最高落札価格（電源属地別）[円/kW・30分],6.24,3.42,4.84,4.02,2.16,8.13,2.25,7.09,0.81,8.13
20260211B06,システム約定結果,最低落札価格（電源属地別）[円/kW・30分],6.24,1.52,0.35,4.02,2.15,1.13,0.52,0.36,0.73,0.35
20260211B06,システム約定結果,平均落札価格（電源属地別）[円/kW・30分],6.24,2.15,1.57,4.02,2.16,6.04,1.71,0.99,0.8,2.5
20260211B06,システム約定結果,最高落札価格（TSO別）[円/kW・30分],6.24,3.42,4.84,4.02,2.16,8.13,8.13,7.09,4.02,8.13
20260211B06,システム約定結果,最低落札価格（TSO別）[円/kW・30分],6.24,0.36,0.36,4.02,2.15,0.36,0.35,0.36,0.35,0.35
20260211B06,システム約定結果,平均落札価格（TSO別）[円/kW・30分],6.24,1.77,2.02,4.02,2.16,4.26,3.01,1.03,1.35,2.5
20260211B06,システム約定結果,落札量合計（TSO別）[MW],31,267,735,68.262,171,501.713,369.386,194,340,2677.361
20260211B06,システム約定結果,（内訳）自エリアからの落札量[MW],31,210,735,68.262,171,356.222,247.406,194,203,2215.89
20260211B06,追加調達結果,募集量（TSO別）[MW],-,-,-,-,-,-,-,-,-,-
20260211B06,追加調達結果,応札量合計（電源属地別）[MW],0,0,0,0,0,0,0,0,0,0
20260211B06,追加調達結果,約定量合計（電源属地別）[MW],0,0,0,0,0,0,0,0,0,0
20260211B06,追加調達結果,応札件数（電源属地別）[件],0,0,0,0,0,0,0,0,0,0
20260211B06,追加調達結果,約定件数（電源属地別）[件],0,0,0,0,0,0,0,0,0,0
20260211B06,追加調達結果,最高約定価格（電源属地別）[円/kW・30分],0,0,0,0,0,0,0,0,0,0
20260211B06,追加調達結果,最低約定価格（電源属地別）[円/kW・30分],0,0,0,0,0,0,0,0,0,0
20260211B06,追加調達結果,平均約定価格（電源属地別）[円/kW・30分],0,0,0,0,0,0,0,0,0,0
20260211B06,追加調達結果,最高約定価格（TSO別）[円/kW・30分],0,0,0,0,0,0,0,0,0,0
20260211B06,追加調達結果,最低約定価格（TSO別）[円/kW・30分],0,0,0,0,0,0,0,0,0,0
20260211B06,追加調達結果,平均約定価格（TSO別）[円/kW・30分],0,0,0,0,0,0,0,0,0,0
20260211B06,追加調達結果,約定量合計（TSO別）[MW],0,0,0,0,0,0,0,0,0,0
20260211B06,追加調達結果,（内訳）自エリアからの約定量[MW],0,0,0,0,0,0,0,0,0,0
20260211B06,合計（確報値）,募集量（TSO別）[MW],0,171,735,0,171,476,278,194,288,2313
20260211B06,合計（確報値）,応札量合計（電源属地別）[MW],207.7,510,1389.672,377.87,298,1177.9,432.701,207,516.97,5117.813
20260211B06,合計（確報値）,約定量合計（電源属地別）[MW],31,210,1009.953,135.87,179,454.122,247.416,207,203,2677.361
20260211B06,合計（確報値）,応札件数（電源属地別）[件],6,2,11,7,9,7,5,3,7,57
20260211B06,合計（確報値）,約定件数（電源属地別）[件],2,2,8,5,8,6,5,3,3,42
20260211B06,合計（確報値）,最高約定価格（電源属地別）[円/kW・30分],6.24,3.42,4.84,0.36,2.16,8.13,2.25,7.09,0.81,8.13
20260211B06,合計（確報値）,最低約定価格（電源属地別）[円/kW・30分],6.24,1.52,0.35,0.36,1.37,1.13,0.52,0.36,0.73,0.35
20260211B06,合計（確報値）,平均約定価格（電源属地別）[円/kW・30分],6.24,2.15,1.57,0.36,1.98,6.04,1.71,0.99,0.8,2.3
20260211B06,合計（確報値）,最高約定価格（TSO別）[円/kW・30分],6.24,3.42,4.84,0.36,2.16,8.13,8.13,7.09,0.81,8.13
20260211B06,合計（確報値）,最低約定価格（TSO別）[円/kW・30分],6.24,0.36,0.36,0.36,1.37,0.36,0.35,0.36,0.35,0.35
20260211B06,合計（確報値）,平均約定価格（TSO別）[円/kW・30分],6.24,1.77,2.02,0.36,1.98,4.26,3.01,1.03,0.62,2.3
20260211B06,合計（確報値）,約定量合計（TSO別）[MW],31,267,735,68.262,171,501.713,369.386,194,340,2677.361
20260211B06,合計（確報値）,（内訳）自エリアからの約定量[MW],31,210,735,68.262,171,356.222,247.406,194,203,2215.89
20260211B07,システム約定結果,募集量（TSO別）[MW],0,148,474,0,115,410,271,111,260,1789
20260211B07,システム約定結果,応札量合計（電源属地別）[MW],157,250,1771.037,285,123,1177.9,603.029,121,613,5100.966
20260211B07,システム約定結果,落札量合計（電源属地別）[MW],15,70,731.153,204.175,123,298.922,280.317,121,212,2055.567
20260211B07,システム約定結果,応札件数（電源属地別）[件],2,1,17,2,1,7,9,4,8,51
20260211B07,システム約定結果,落札件数（電源属地別）[件],1,1,15,2,1,5,9,4,6,44
20260211B07,システム約定結果,最高落札価格（電源属地別）[円/kW・30分],6.21,2.85,5.95,3.14,3.58,6.68,3.14,6.52,3.75,6.68
20260211B07,システム約定結果,最低落札価格（電源属地別）[円/kW・30分],6.21,2.85,0.35,0.57,3.58,2.25,0.89,0.36,0.73,0.35
20260211B07,システム約定結果,平均落札価格（電源属地別）[円/kW・30分],6.21,2.85,1.67,2.71,3.58,5.21,2.11,1.44,2.05,2.56
20260211B07,システム約定結果,最高落札価格（TSO別）[円/kW・30分],6.21,5.95,5.95,3.14,3.58,6.68,3.14,6.52,6.68,6.68
20260211B07,システム約定結果,最低落札価格（TSO別）[円/kW・30分],6.21,0.35,0.36,0.57,3.58,0.36,0.35,0.36,0.35,0.35
20260211B07,システム約定結果,平均落札価格（TSO別）[円/kW・30分],6.21,2.37,1.9,2.5,3.58,4.23,1.8,1.54,2.13,2.56
20260211B07,システム約定結果,落札量合計（TSO別）[MW],15,148,474,136.567,115,410,336,111,310,2055.567
20260211B07,システム約定結果,（内訳）自エリアからの落札量[MW],15,70,474,136.567,115,283.222,275.02,111,212,1691.809
20260211B07,追加調達結果,募集量（TSO別）[MW],-,-,-,-,-,-,-,-,-,-
20260211B07,追加調達結果,応札量合計（電源属地別）[MW],0,0,0,0,0,0,0,0,0,0
20260211B07,追加調達結果,約定量合計（電源属地別）[MW],0,0,0,0,0,0,0,0,0,0
20260211B07,追加調達結果,応札件数（電源属地別）[件],0,0,0,0,0,0,0,0,0,0
20260211B07,追加調達結果,約定件数（電源属地別）[件],0,0,0,0,0,0,0,0,0,0
20260211B07,追加調達結果,最高約定価格（電源属地別）[円/kW・30分],0,0,0,0,0,0,0,0,0,0
20260211B07,追加調達結果,最低約定価格（電源属地別）[円/kW・30分],0,0,0,0,0,0,0,0,0,0
20260211B07,追加調達結果,平均約定価格（電源属地別）[円/kW・30分],0,0,0,0,0,0,0,0,0,0
20260211B07,追加調達結果,最高約定価格（TSO別）[円/kW・30分],0,0,0,0,0,0,0,0,0,0
20260211B07,追加調達結果,最低約定価格（TSO別）[円/kW・30分],0,0,0,0,0,0,0,0,0,0
20260211B07,追加調達結果,平均約定価格（TSO別）[円/kW・30分],0,0,0,0,0,0,0,0,0,0
20260211B07,追加調達結果,約定量合計（TSO別）[MW],0,0,0,0,0,0,0,0,0,0
20260211B07,追加調達結果,（内訳）自エリアからの約定量[MW],0,0,0,0,0,0,0,0,0,0
20260211B07,合計（確報値）,募集量（TSO別）[MW],0,148,474,0,115,410,271,111,260,1789
20260211B07,合計（確報値）,応札量合計（電源属地別）[MW],172,250,1771.037,489.175,246,1177.9,603.029,121,613,5443.141
20260211B07,合計（確報値）,約定量合計（電源属地別）[MW],15,70,731.153,204.175,123,298.922,280.317,121,212,2055.567
20260211B07,合計（確報値）,応札件数（電源属地別）[件],3,1,17,11,8,7,9,4,8,68
20260211B07,合計（確報値）,約定件数（電源属地別）[件],1,1,15,9,7,5,9,4,6,57
20260211B07,合計（確報値）,最高約定価格（電源属地別）[円/kW・30分],6.21,2.85,5.95,0.36,3.58,6.68,3.14,6.52,3.75,6.68
20260211B07,合計（確報値）,最低約定価格（電源属地別）[円/kW・30分],6.21,2.85,0.35,0.36,2.46,2.25,0.89,0.36,0.73,0.35
20260211B07,合計（確報値）,平均約定価格（電源属地別）[円/kW・30分],6.21,2.85,1.67,0.36,3.24,5.21,2.11,1.44,2.05,2.31
20260211B07,合計（確報値）,最高約定価格（TSO別）[円/kW・30分],6.21,5.95,5.95,0.36,3.58,6.68,3.14,6.52,6.68,6.68
20260211B07,合計（確報値）,最低約定価格（TSO別）[円/kW・30分],6.21,0.35,0.36,0.36,2.46,0.36,0.35,0.36,0.35,0.35
20260211B07,合計（確報値）,平均約定価格（TSO別）[円/kW・30分],6.21,2.37,1.9,0.36,3.21,3.77,1.8,1.54,2.13,2.31
20260211B07,合計（確報値）,約定量合計（TSO別）[MW],15,148,474,136.567,115,410,336,111,310,2055.567
20260211B07,合計（確報値）,（内訳）自エリアからの約定量[MW],15,70,474,136.567,115,283.222,275.02,111,212,1691.809
20260211B08,システム約定結果,募集量（TSO別）[MW],0,0,85,0,110,284,280,96,252,1107
20260211B08,システム約定結果,応札量合計（電源属地別）[MW],160,250,998.834,249.3,130,1175.9,432.701,109,519,4024.735
20260211B08,システム約定結果,落札量合計（電源属地別）[MW],10,70,325,219.608,130,485.122,283.185,108,198,1828.915
20260211B08,システム約定結果,応札件数（電源属地別）[件],3,1,10,3,1,6,5,6,7,42
20260211B08,システム約定結果,落札件数（電源属地別）[件],1,1,8,2,1,6,5,6,6,36
20260211B08,システム約定結果,最高落札価格（電源属地別）[円/kW・30分],7.88,3.32,4.51,3.64,2.58,7.86,2.62,7.03,2.9,7.88
20260211B08,システム約定結果,最低落札価格（電源属地別）[円/kW・30分],7.88,3.32,0.42,0.36,2.58,0.44,0.74,0.36,0.93,0.36
20260211B08,システム約定結果,平均落札価格（電源属地別）[円/kW・30分],7.88,3.32,2.25,2.9,2.58,5.51,2.03,1.3,1.87,3.16
20260211B08,システム約定結果,最高落札価格（TSO別）[円/kW・30分],7.88,3.32,4.51,3.64,2.58,7.86,7.86,7.03,7.86,7.88
20260211B08,システム約定結果,最低落札価格（TSO別）[円/kW・30分],7.88,3.32,0.42,0.36,2.58,0.44,0.74,0.36,0.8,0.36
20260211B08,システム約定結果,平均落札価格（TSO別）[円/kW・30分],7.88,3.32,2.25,2.9,2.58,4.95,3.1,1.3,2.87,3.16
20260211B08,システム約定結果,落札量合計（TSO別）[MW],10,70,325,219.608,130,368.152,346.155,108,252,1828.915
20260211B08,システム約定結果,（内訳）自エリアからの落札量[MW],10,70,325,219.608,130,368.152,280.185,108,198,1708.945
20260211B08,追加調達結果,募集量（TSO別）[MW],-,-,-,-,-,-,-,-,-,-
20260211B08,追加調達結果,応札量合計（電源属地別）[MW],0,0,0,0,0,0,0,0,0,0
20260211B08,追加調達結果,約定量合計（電源属地別）[MW],0,0,0,0,0,0,0,0,0,0
20260211B08,追加調達結果,応札件数（電源属地別）[件],0,0,0,0,0,0,0,0,0,0
20260211B08,追加調達結果,約定件数（電源属地別）[件],0,0,0,0,0,0,0,0,0,0
20260211B08,追加調達結果,最高約定価格（電源属地別）[円/kW・30分],0,0,0,0,0,0,0,0,0,0
20260211B08,追加調達結果,最低約定価格（電源属地別）[円/kW・30分],0,0,0,0,0,0,0,0,0,0
20260211B08,追加調達結果,平均約定価格（電源属地別）[円/kW・30分],0,0,0,0,0,0,0,0,0,0
20260211B08,追加調達結果,最高約定価格（TSO別）[円/kW・30分],0,0,0,0,0,0,0,0,0,0
20260211B08,追加調達結果,最低約定価格（TSO別）[円/kW・30分],0,0,0,0,0,0,0,0,0,0
20260211B08,追加調達結果,平均約定価格（TSO別）[円/kW・30分],0,0,0,0,0,0,0,0,0,0
20260211B08,追加調達結果,約定量合計（TSO別）[MW],0,0,0,0,0,0,0,0,0,0
20260211B08,追加調達結果,（内訳）自エリアからの約定量[MW],0,0,0,0,0,0,0,0,0,0
20260211B08,合計（確報値）,募集量（TSO別）[MW],0,0,85,0,110,284,280,96,252,1107
20260211B08,合計（確報値）,応札量合計（電源属地別）[MW],170,250,998.834,468.908,260,1175.9,432.701,109,519,4384.343
20260211B08,合計（確報値）,約定量合計（電源属地別）[MW],10,70,325,219.608,130,485.122,283.185,108,198,1828.915
20260211B08,合計（確報値）,応札件数（電源属地別）[件],4,1,10,11,6,6,5,6,7,56
20260211B08,合計（確報値）,約定件数（電源属地別）[件],1,1,8,8,5,6,5,6,6,46
20260211B08,合計（確報値）,最高約定価格（電源属地別）[円/kW・30分],7.88,3.32,4.51,0.36,2.58,7.86,2.62,7.03,2.9,7.88
20260211B08,合計（確報値）,最低約定価格（電源属地別）[円/kW・30分],7.88,3.32,0.42,0.36,2.46,0.44,0.74,0.36,0.93,0.36
20260211B08,合計（確報値）,平均約定価格（電源属地別）[円/kW・30分],7.88,3.32,2.25,0.36,2.53,5.51,2.03,1.3,1.87,2.85
20260211B08,合計（確報値）,最高約定価格（TSO別）[円/kW・30分],7.88,3.32,4.51,0.36,2.58,7.86,7.86,7.03,7.86,7.88
20260211B08,合計（確報値）,最低約定価格（TSO別）[円/kW・30分],7.88,3.32,0.42,0.36,2.46,0.44,0.74,0.36,0.8,0.36
20260211B08,合計（確報値）,平均約定価格（TSO別）[円/kW・30分],7.88,3.32,2.25,0.36,2.53,4.95,3.1,1.3,2.87,2.85
20260211B08,合計（確報値）,約定量合計（TSO別）[MW],10,70,325,219.608,130,368.152,346.155,108,252,1828.915
20260211B08,合計（確報値）,（内訳）自エリアからの約定量[MW],10,70,325,219.608,130,368.152,280.185,108,198,1708.945
20260212B01,システム約定結果,募集量（TSO別）[MW],0,0,0,0,112,0,55,85,282,534
20260212B01,システム約定結果,応札量合計（電源属地別）[MW],1.99,250,235.265,365.3,116,1175.9,432.701,93,519,3189.156
20260212B01,システム約定結果,落札量合計（電源属地別）[MW],1.99,70,147.161,234.805,116,485.122,236.05,85,157,1533.128
20260212B01,システム約定結果,応札件数（電源属地別）[件],1,1,4,4,1,6,5,6,7,35
20260212B01,システム約定結果,落札件数（電源属地別）[件],1,1,3,2,1,6,5,6,6,31
20260212B01,システム約定結果,最高落札価格（電源属地別）[円/kW・30分],4.3,3.75,3.33,3.82,2.03,8.89,1.78,6.63,2.17,8.89
20260212B01,システム約定結果,最低落札価格（電源属地別）[円/kW・30分],4.3,3.75,0.36,2.36,2.03,0.36,0.36,0.36,0.36,0.36
20260212B01,システム約定結果,平均落札価格（電源属地別）[円/kW・30分],4.3,3.75,1.76,3.2,2.03,5.86,1.5,1.09,1.36,3.27
20260212B01,システム約定結果,最高落札価格（TSO別）[円/kW・30分],4.3,3.75,3.33,3.82,2.03,8.89,1.78,6.63,8.89,8.89
20260212B01,システム約定結果,最低落札価格（TSO別）[円/kW・30分],4.3,3.75,0.36,2.36,2.03,0.36,0.36,0.36,0.36,0.36
20260212B01,システム約定結果,平均落札価格（TSO別）[円/kW・30分],4.3,3.75,1.76,3.2,2.03,5.19,1.48,1.09,3.99,3.27
20260212B01,システム約定結果,落札量合計（TSO別）[MW],1.99,70,147.161,234.805,116,377.172,219,85,282,1533.128
20260212B01,システム約定結果,（内訳）自エリアからの落札量[MW],1.99,70,147.161,234.805,116,377.172,219,85,157,1408.128
20260212B01,追加調達結果,募集量（TSO別）[MW],-,-,-,-,-,-,-,-,-,-
20260212B01,追加調達結果,応札量合計（電源属地別）[MW],0,0,0,0,0,0,0,0,0,0
20260212B01,追加調達結果,約定量合計（電源属地別）[MW],0,0,0,0,0,0,0,0,0,0
20260212B01,追加調達結果,応札件数（電源属地別）[件],0,0,0,0,0,0,0,0,0,0
20260212B01,追加調達結果,約定件数（電源属地別）[件],0,0,0,0,0,0,0,0,0,0
20260212B01,追加調達結果,最高約定価格（電源属地別）[円/kW・30分],0,0,0,0,0,0,0,0,0,0
20260212B01,追加調達結果,最低約定価格（電源属地別）[円/kW・30分],0,0,0,0,0,0,0,0,0,0
20260212B01,追加調達結果,平均約定価格（電源属地別）[円/kW・30分],0,0,0,0,0,0,0,0,0,0
20260212B01,追加調達結果,最高約定価格（TSO別）[円/kW・30分],0,0,0,0,0,0,0,0,0,0
20260212B01,追加調達結果,最低約定価格（TSO別）[円/kW・30分],0,0,0,0,0,0,0,0,0,0
20260212B01,追加調達結果,平均約定価格（TSO別）[円/kW・30分],0,0,0,0,0,0,0,0,0,0
20260212B01,追加調達結果,約定量合計（TSO別）[MW],0,0,0,0,0,0,0,0,0,0
20260212B01,追加調達結果,（内訳）自エリアからの約定量[MW],0,0,0,0,0,0,0,0,0,0
20260212B01,合計（確報値）,募集量（TSO別）[MW],0,0,0,0,112,0,55,85,282,534
20260212B01,合計（確報値）,応札量合計（電源属地別）[MW],1.99,250,235.265,501.17,116,1175.9,432.701,93,519,3325.026
20260212B01,合計（確報値）,約定量合計（電源属地別）[MW],1.99,70,147.161,234.805,116,485.122,236.05,85,157,1533.128
20260212B01,合計（確報値）,応札件数（電源属地別）[件],1,1,4,7,1,6,5,6,7,38
20260212B01,合計（確報値）,約定件数（電源属地別）[件],1,1,3,4,1,6,5,6,6,33
20260212B01,合計（確報値）,最高約定価格（電源属地別）[円/kW・30分],4.3,3.75,3.33,2.36,2.03,8.89,1.78,6.63,2.17,8.89
20260212B01,合計（確報値）,最低約定価格（電源属地別）[円/kW・30分],4.3,3.75,0.36,0.36,2.03,0.36,0.36,0.36,0.36,0.36
20260212B01,合計（確報値）,平均約定価格（電源属地別）[円/kW・30分],4.3,3.75,1.76,1.2,2.03,5.86,1.5,1.09,1.36,2.97
20260212B01,合計（確報値）,最高約定価格（TSO別）[円/kW・30分],4.3,3.75,3.33,2.36,2.03,8.89,1.78,6.63,8.89,8.89
20260212B01,合計（確報値）,最低約定価格（TSO別）[円/kW・30分],4.3,3.75,0.36,0.36,2.03,0.36,0.36,0.36,0.36,0.36
20260212B01,合計（確報値）,平均約定価格（TSO別）[円/kW・30分],4.3,3.75,1.76,1.2,2.03,5.19,1.48,1.09,3.99,2.97
20260212B01,合計（確報値）,約定量合計（TSO別）[MW],1.99,70,147.161,234.805,116,377.172,219,85,282,1533.128
20260212B01,合計（確報値）,（内訳）自エリアからの約定量[MW],1.99,70,147.161,234.805,116,377.172,219,85,157,1408.128
20260212B02,システム約定結果,募集量（TSO別）[MW],0,50,0,0,93,23,193,87,244,690
20260212B02,システム約定結果,応札量合計（電源属地別）[MW],21.69,250,465.982,335.3,102,1175.9,432.701,93,519,3395.573
20260212B02,システム約定結果,落札量合計（電源属地別）[MW],16.7,70,113.049,135.87,102,485.122,275.185,87,180,1464.926
20260212B02,システム約定結果,応札件数（電源属地別）[件],3,1,7,3,1,6,5,4,7,37
20260212B02,システム約定結果,落札件数（電源属地別）[件],1,1,5,1,1,6,5,4,6,30
20260212B02,システム約定結果,最高落札価格（電源属地別）[円/kW・30分],4.99,3.79,3.5,3.97,2.04,8.47,2.2,6.49,2.32,8.47
20260212B02,システム約定結果,最低落札価格（電源属地別）[円/kW・30分],4.99,3.79,0.36,3.97,2.04,0.36,0.36,0.36,0.39,0.36
20260212B02,システム約定結果,平均落札価格（電源属地別）[円/kW・30分],4.99,3.79,2.1,3.97,2.04,5.62,1.64,1.67,1.37,3.35
20260212B02,システム約定結果,最高落札価格（TSO別）[円/kW・30分],4.99,3.79,3.5,3.97,2.04,8.47,6.92,6.49,8.47,8.47
20260212B02,システム約定結果,最低落札価格（TSO別）[円/kW・30分],4.99,3.79,0.36,3.97,2.04,0.36,0.36,0.36,0.39,0.36
20260212B02,システム約定結果,平均落札価格（TSO別）[円/kW・30分],4.99,3.79,2.1,3.97,2.04,5.45,1.6,1.67,2.41,3.35
20260212B02,システム約定結果,落札量合計（TSO別）[MW],16.7,70,113.049,135.87,102,447.152,249.155,87,244,1464.926
20260212B02,システム約定結果,（内訳）自エリアからの落札量[MW],16.7,70,113.049,135.87,102,447.152,248.185,87,180,1399.956
20260212B02,追加調達結果,募集量（TSO別）[MW],-,-,-,-,-,-,-,-,-,-
20260212B02,追加調達結果,応札量合計（電源属地別）[MW],0,0,0,0,0,0,0,0,0,0
20260212B02,追加調達結果,約定量合計（電源属地別）[MW],0,0,0,0,0,0,0,0,0,0
20260212B02,追加調達結果,応札件数（電源属地別）[件],0,0,0,0,0,0,0,0,0,0
20260212B02,追加調達結果,約定件数（電源属地別）[件],0,0,0,0,0,0,0,0,0,0
20260212B02,追加調達結果,最高約定価格（電源属地別）[円/kW・30分],0,0,0,0,0,0,0,0,0,0
20260212B02,追加調達結果,最低約定価格（電源属地別）[円/kW・30分],0,0,0,0,0,0,0,0,0,0
20260212B02,追加調達結果,平均約定価格（電源属地別）[円/kW・30分],0,0,0,0,0,0,0,0,0,0
20260212B02,追加調達結果,最高約定価格（TSO別）[円/kW・30分],0,0,0,0,0,0,0,0,0,0
20260212B02,追加調達結果,最低約定価格（TSO別）[円/kW・30分],0,0,0,0,0,0,0,0,0,0
20260212B02,追加調達結果,平均約定価格（TSO別）[円/kW・30分],0,0,0,0,0,0,0,0,0,0
20260212B02,追加調達結果,約定量合計（TSO別）[MW],0,0,0,0,0,0,0,0,0,0
20260212B02,追加調達結果,（内訳）自エリアからの約定量[MW],0,0,0,0,0,0,0,0,0,0
20260212B02,合計（確報値）,募集量（TSO別）[MW],0,50,0,0,93,23,193,87,244,690
20260212B02,合計（確報値）,応札量合計（電源属地別）[MW],21.69,250,465.982,471.17,102,1175.9,432.701,93,519,3531.443
20260212B02,合計（確報値）,約定量合計（電源属地別）[MW],16.7,70,113.049,135.87,102,485.122,275.185,87,180,1464.926
20260212B02,合計（確報値）,応札件数（電源属地別）[件],3,1,7,6,1,6,5,4,7,40
20260212B02,合計（確報値）,約定件数（電源属地別）[件],1,1,5,3,1,6,5,4,6,32
20260212B02,合計（確報値）,最高約定価格（電源属地別）[円/kW・30分],4.99,3.79,3.5,0.36,2.04,8.47,2.2,6.49,2.32,8.47
20260212B02,合計（確報値）,最低約定価格（電源属地別）[円/kW・30分],4.99,3.79,0.36,0.36,2.04,0.36,0.36,0.36,0.39,0.36
20260212B02,合計（確報値）,平均約定価格（電源属地別）[円/kW・30分],4.99,3.79,2.1,0.36,2.04,5.62,1.64,1.67,1.37,3.01
20260212B02,合計（確報値）,最高約定価格（TSO別）[円/kW・30分],4.99,3.79,3.5,0.36,2.04,8.47,6.92,6.49,8.47,8.47
20260212B02,合計（確報値）,最低約定価格（TSO別）[円/kW・30分],4.99,3.79,0.36,0.36,2.04,0.36,0.36,0.36,0.39,0.36
20260212B02,合計（確報値）,平均約定価格（TSO別）[円/kW・30分],4.99,3.79,2.1,0.36,2.04,5.45,1.6,1.67,2.41,3.01
20260212B02,合計（確報値）,約定量合計（TSO別）[MW],16.7,70,113.049,135.87,102,447.152,249.155,87,244,1464.926
20260212B02,合計（確報値）,（内訳）自エリアからの約定量[MW],16.7,70,113.049,135.87,102,447.152,248.185,87,180,1399.956
20260212B03,システム約定結果,募集量（TSO別）[MW],0,380,384,0,140,383,329,134,261,2011
20260212B03,システム約定結果,応札量合計（電源属地別）[MW],227.99,450,977.111,285,170.4,1175.9,719.308,169,450.9,4625.609
20260212B03,システム約定結果,落札量合計（電源属地別）[MW],37.1,324,679.121,277.695,169,485.122,382.536,169,210,2733.574
20260212B03,システム約定結果,応札件数（電源属地別）[件],5,2,13,2,3,6,11,3,8,53
20260212B03,システム約定結果,落札件数（電源属地別）[件],4,2,11,2,2,6,11,3,5,46
20260212B03,システム約定結果,最高落札価格（電源属地別）[円/kW・30分],11.56,2.01,4.78,3.75,4.81,6.38,9.69,7.02,4.88,11.56
20260212B03,システム約定結果,最低落札価格（電源属地別）[円/kW・30分],9.5,1.08,0.35,1.14,4.79,2.33,2.08,0.36,2.91,0.35
20260212B03,システム約定結果,平均落札価格（電源属地別）[円/kW・30分],11.33,1.48,1.88,2.74,4.8,5.5,3.07,0.96,3.61,3.11
20260212B03,システム約定結果,最高落札価格（TSO別）[円/kW・30分],11.56,2.01,4.78,3.75,4.81,6.38,9.69,7.02,4.88,11.56
20260212B03,システム約定結果,最低落札価格（TSO別）[円/kW・30分],9.5,0.36,0.35,1.14,4.79,1.14,2.08,0.36,0.36,0.35
20260212B03,システム約定結果,平均落札価格（TSO別）[円/kW・30分],11.33,1.17,2.24,2.49,4.8,5.33,3.38,1.12,3.1,3.11
20260212B03,システム約定結果,落札量合計（TSO別）[MW],37.1,450,545.147,197.614,140,494.713,409,134,326,2733.574
20260212B03,システム約定結果,（内訳）自エリアからの落札量[MW],37.1,324,545.147,197.614,140,469.422,338.51,134,210,2395.793
20260212B03,追加調達結果,募集量（TSO別）[MW],-,-,-,-,-,-,-,-,-,-
20260212B03,追加調達結果,応札量合計（電源属地別）[MW],0,0,0,0,0,0,0,0,0,0
20260212B03,追加調達結果,約定量合計（電源属地別）[MW],0,0,0,0,0,0,0,0,0,0
20260212B03,追加調達結果,応札件数（電源属地別）[件],0,0,0,0,0,0,0,0,0,0
20260212B03,追加調達結果,約定件数（電源属地別）[件],0,0,0,0,0,0,0,0,0,0
20260212B03,追加調達結果,最高約定価格（電源属地別）[円/kW・30分],0,0,0,0,0,0,0,0,0,0
20260212B03,追加調達結果,最低約定価格（電源属地別）[円/kW・30分],0,0,0,0,0,0,0,0,0,0
20260212B03,追加調達結果,平均約定価格（電源属地別）[円/kW・30分],0,0,0,0,0,0,0,0,0,0
20260212B03,追加調達結果,最高約定価格（TSO別）[円/kW・30分],0,0,0,0,0,0,0,0,0,0
20260212B03,追加調達結果,最低約定価格（TSO別）[円/kW・30分],0,0,0,0,0,0,0,0,0,0
20260212B03,追加調達結果,平均約定価格（TSO別）[円/kW・30分],0,0,0,0,0,0,0,0,0,0
20260212B03,追加調達結果,約定量合計（TSO別）[MW],0,0,0,0,0,0,0,0,0,0
20260212B03,追加調達結果,（内訳）自エリアからの約定量[MW],0,0,0,0,0,0,0,0,0,0
20260212B03,合計（確報値）,募集量（TSO別）[MW],0,380,384,0,140,383,329,134,261,2011
20260212B03,合計（確報値）,応札量合計（電源属地別）[MW],260.1,450,977.111,562.695,170.4,1175.9,719.308,169,450.9,4935.414
20260212B03,合計（確報値）,約定量合計（電源属地別）[MW],37.1,324,679.121,277.695,169,485.122,382.536,169,210,2733.574
20260212B03,合計（確報値）,応札件数（電源属地別）[件],7,2,13,16,3,6,11,3,8,69
20260212B03,合計（確報値）,約定件数（電源属地別）[件],4,2,11,14,2,6,11,3,5,58
20260212B03,合計（確報値）,最高約定価格（電源属地別）[円/kW・30分],11.56,2.01,4.78,0.36,4.81,6.38,9.69,7.02,4.88,11.56
20260212B03,合計（確報値）,最低約定価格（電源属地別）[円/kW・30分],9.5,1.08,0.35,0.36,4.79,2.33,2.08,0.36,2.91,0.35
20260212B03,合計（確報値）,平均約定価格（電源属地別）[円/kW・30分],11.33,1.48,1.88,0.36,4.8,5.5,3.07,0.96,3.61,2.87
20260212B03,合計（確報値）,最高約定価格（TSO別）[円/kW・30分],11.56,2.01,4.78,0.36,4.81,6.38,9.69,7.02,4.88,11.56
20260212B03,合計（確報値）,最低約定価格（TSO別）[円/kW・30分],9.5,0.36,0.35,0.36,4.79,0.36,0.36,0.36,0.36,0.35
20260212B03,合計（確報値）,平均約定価格（TSO別）[円/kW・30分],11.33,1.17,2.24,0.36,4.8,5.22,2.93,1.12,3.1,2.87
20260212B03,合計（確報値）,約定量合計（TSO別）[MW],37.1,450,545.147,197.614,140,494.713,409,134,326,2733.574
20260212B03,合計（確報値）,（内訳）自エリアからの約定量[MW],37.1,324,545.147,197.614,140,469.422,338.51,134,210,2395.793
20260212B04,システム約定結果,募集量（TSO別）[MW],0,132,746,0,258,559,470,265,361,2791
20260212B04,システム約定結果,応札量合計（電源属地別）[MW],246.69,450,1155.552,10.5,266,1177.9,548.98,316,821,4992.622
20260212B04,システム約定結果,落札量合計（電源属地別）[MW],21.7,176,746,0,266,922.613,377.859,303,217.241,3030.413
20260212B04,システム約定結果,応札件数（電源属地別）[件],6,2,11,1,2,7,7,3,6,45
20260212B04,システム約定結果,落札件数（電源属地別）[件],2,2,7,0,2,6,7,3,4,33
20260212B04,システム約定結果,最高落札価格（電源属地別）[円/kW・30分],11.99,2.43,0.38,0,2.18,7.84,9.57,9.02,2.09,11.99
20260212B04,システム約定結果,最低落札価格（電源属地別）[円/kW・30分],10.5,1.7,0.36,0,2.17,0.36,0.37,0.36,0.86,0.36
20260212B04,システム約定結果,平均落札価格（電源属地別）[円/kW・30分],11.78,1.85,0.36,0,2.18,2.96,1.28,1.2,1.12,1.73
20260212B04,システム約定結果,最高落札価格（TSO別）[円/kW・30分],11.99,2.43,0.38,0,2.18,7.84,9.57,9.02,2.09,11.99
20260212B04,システム約定結果,最低落札価格（TSO別）[円/kW・30分],10.5,1.7,0.36,0,1.97,0.36,0.36,0.36,0.36,0.36
20260212B04,システム約定結果,平均落札価格（TSO別）[円/kW・30分],11.78,1.85,0.36,0,2.16,3.77,1.81,1.31,0.75,1.73
20260212B04,システム約定結果,落札量合計（TSO別）[MW],21.7,176,746,0,258,577.713,554,267,430,3030.413
20260212B04,システム約定結果,（内訳）自エリアからの落札量[MW],21.7,176,746,0,234,570.133,377.859,267,217.241,2609.933
20260212B04,追加調達結果,募集量（TSO別）[MW],-,-,-,-,-,-,-,-,-,-
20260212B04,追加調達結果,応札量合計（電源属地別）[MW],0,0,0,0,0,0,0,0,0,0
20260212B04,追加調達結果,約定量合計（電源属地別）[MW],0,0,0,0,0,0,0,0,0,0
20260212B04,追加調達結果,応札件数（電源属地別）[件],0,0,0,0,0,0,0,0,0,0
20260212B04,追加調達結果,約定件数（電源属地別）[件],0,0,0,0,0,0,0,0,0,0
20260212B04,追加調達結果,最高約定価格（電源属地別）[円/kW・30分],0,0,0,0,0,0,0,0,0,0
20260212B04,追加調達結果,最低約定価格（電源属地別）[円/kW・30分],0,0,0,0,0,0,0,0,0,0
20260212B04,追加調達結果,平均約定価格（電源属地別）[円/kW・30分],0,0,0,0,0,0,0,0,0,0
20260212B04,追加調達結果,最高約定価格（TSO別）[円/kW・30分],0,0,0,0,0,0,0,0,0,0
20260212B04,追加調達結果,最低約定価格（TSO別）[円/kW・30分],0,0,0,0,0,0,0,0,0,0
20260212B04,追加調達結果,平均約定価格（TSO別）[円/kW・30分],0,0,0,0,0,0,0,0,0,0
20260212B04,追加調達結果,約定量合計（TSO別）[MW],0,0,0,0,0,0,0,0,0,0
20260212B04,追加調達結果,（内訳）自エリアからの約定量[MW],0,0,0,0,0,0,0,0,0,0
20260212B04,合計（確報値）,募集量（TSO別）[MW],0,132,746,0,258,559,470,265,361,2791
20260212B04,合計（確報値）,応札量合計（電源属地別）[MW],246.69,450,1155.552,10.5,266,1177.9,548.98,316,821,4992.622
20260212B04,合計（確報値）,約定量合計（電源属地別）[MW],21.7,176,746,0,266,922.613,377.859,303,217.241,3030.413
20260212B04,合計（確報値）,応札件数（電源属地別）[件],6,2,11,1,2,7,7,3,6,45
20260212B04,合計（確報値）,約定件数（電源属地別）[件],2,2,7,0,2,6,7,3,4,33
20260212B04,合計（確報値）,最高約定価格（電源属地別）[円/kW・30分],11.99,2.43,0.38,0,2.18,7.84,9.57,9.02,2.09,11.99
20260212B04,合計（確報値）,最低約定価格（電源属地別）[円/kW・30分],10.5,1.7,0.36,0,2.17,0.36,0.37,0.36,0.86,0.36
20260212B04,合計（確報値）,平均約定価格（電源属地別）[円/kW・30分],11.78,1.85,0.36,0,2.18,2.96,1.28,1.2,1.12,1.73
20260212B04,合計（確報値）,最高約定価格（TSO別）[円/kW・30分],11.99,2.43,0.38,0,2.18,7.84,9.57,9.02,2.09,11.99
20260212B04,合計（確報値）,最低約定価格（TSO別）[円/kW・30分],10.5,1.7,0.36,0,1.97,0.36,0.36,0.36,0.36,0.36
20260212B04,合計（確報値）,平均約定価格（TSO別）[円/kW・30分],11.78,1.85,0.36,0,2.16,3.77,1.81,1.31,0.75,1.73
20260212B04,合計（確報値）,約定量合計（TSO別）[MW],21.7,176,746,0,258,577.713,554,267,430,3030.413
20260212B04,合計（確報値）,（内訳）自エリアからの約定量[MW],21.7,176,746,0,234,570.133,377.859,267,217.241,2609.933
20260212B05,システム約定結果,募集量（TSO別）[MW],72,0,68,0,221,412,227,225,318,1543
20260212B05,システム約定結果,応札量合計（電源属地別）[MW],229.89,261.5,279.521,1.5,228,1175.9,548.98,280,822.05,3827.341
20260212B05,システム約定結果,落札量合計（電源属地別）[MW],31.53,140,90.147,0,228,485.122,246.357,230,342.521,1793.677
20260212B05,システム約定結果,応札件数（電源属地別）[件],6,2,4,1,2,6,7,3,7,38
20260212B05,システム約定結果,落札件数（電源属地別）[件],4,1,2,0,2,6,7,3,4,29
20260212B05,システム約定結果,最高落札価格（電源属地別）[円/kW・30分],12.63,1.88,0.36,0,1.13,8.58,9.57,16.87,0.79,16.87
20260212B05,システム約定結果,最低落札価格（電源属地別）[円/kW・30分],7.21,1.88,0.35,0,1.11,0.36,0.36,0.36,0.36,0.35
20260212B05,システム約定結果,平均落札価格（電源属地別）[円/kW・30分],12.1,1.88,0.35,0,1.12,5.59,1.05,2.05,0.4,2.52
20260212B05,システム約定結果,最高落札価格（TSO別）[円/kW・30分],12.63,1.88,0.36,0,1.13,8.58,9.57,16.87,7.02,16.87
20260212B05,システム約定結果,最低落札価格（TSO別）[円/kW・30分],1.88,1.88,0.35,0,0.54,0.36,0.36,0.36,0.36,0.35
20260212B05,システム約定結果,平均落札価格（TSO別）[円/kW・30分],6.11,1.88,0.35,0,1.07,4.87,2.92,2.05,0.54,2.52
20260212B05,システム約定結果,落札量合計（TSO別）[MW],76.25,95.28,90.147,0,221,412,319,230,350,1793.677
20260212B05,システム約定結果,（内訳）自エリアからの落札量[MW],31.53,95.28,90.147,0,200,392.713,206.07,230,342.521,1588.261
20260212B05,追加調達結果,募集量（TSO別）[MW],-,-,-,-,-,-,-,-,-,-
20260212B05,追加調達結果,応札量合計（電源属地別）[MW],0,0,0,0,0,0,0,0,0,0
20260212B05,追加調達結果,約定量合計（電源属地別）[MW],0,0,0,0,0,0,0,0,0,0
20260212B05,追加調達結果,応札件数（電源属地別）[件],0,0,0,0,0,0,0,0,0,0
20260212B05,追加調達結果,約定件数（電源属地別）[件],0,0,0,0,0,0,0,0,0,0
20260212B05,追加調達結果,最高約定価格（電源属地別）[円/kW・30分],0,0,0,0,0,0,0,0,0,0
20260212B05,追加調達結果,最低約定価格（電源属地別）[円/kW・30分],0,0,0,0,0,0,0,0,0,0
20260212B05,追加調達結果,平均約定価格（電源属地別）[円/kW・30分],0,0,0,0,0,0,0,0,0,0
20260212B05,追加調達結果,最高約定価格（TSO別）[円/kW・30分],0,0,0,0,0,0,0,0,0,0
20260212B05,追加調達結果,最低約定価格（TSO別）[円/kW・30分],0,0,0,0,0,0,0,0,0,0
20260212B05,追加調達結果,平均約定価格（TSO別）[円/kW・30分],0,0,0,0,0,0,0,0,0,0
20260212B05,追加調達結果,約定量合計（TSO別）[MW],0,0,0,0,0,0,0,0,0,0
20260212B05,追加調達結果,（内訳）自エリアからの約定量[MW],0,0,0,0,0,0,0,0,0,0
20260212B05,合計（確報値）,募集量（TSO別）[MW],72,0,68,0,221,412,227,225,318,1543
20260212B05,合計（確報値）,応札量合計（電源属地別）[MW],255.15,261.5,279.521,1.5,228,1175.9,548.98,280,931.571,3962.122
20260212B05,合計（確報値）,約定量合計（電源属地別）[MW],31.53,140,90.147,0,228,485.122,246.357,230,342.521,1793.677
20260212B05,合計（確報値）,応札件数（電源属地別）[件],8,2,4,1,2,6,7,3,12,45
20260212B05,合計（確報値）,約定件数（電源属地別）[件],5,1,2,0,2,6,7,3,6,32
20260212B05,合計（確報値）,最高約定価格（電源属地別）[円/kW・30分],12.63,1.88,0.36,0,1.13,8.58,9.57,16.87,0.79,16.87
20260212B05,合計（確報値）,最低約定価格（電源属地別）[円/kW・30分],7.21,1.88,0.35,0,1.11,0.36,0.36,0.36,0.36,0.35
20260212B05,合計（確報値）,平均約定価格（電源属地別）[円/kW・30分],12.1,1.88,0.35,0,1.12,5.59,1.05,2.05,0.4,2.52
20260212B05,合計（確報値）,最高約定価格（TSO別）[円/kW・30分],12.63,1.88,0.36,0,1.13,8.58,9.57,16.87,7.02,16.87
20260212B05,合計（確報値）,最低約定価格（TSO別）[円/kW・30分],1.88,1.88,0.35,0,0.54,0.36,0.36,0.36,0.36,0.35
20260212B05,合計（確報値）,平均約定価格（TSO別）[円/kW・30分],6.11,1.88,0.35,0,1.07,4.87,2.92,2.05,0.54,2.52
20260212B05,合計（確報値）,約定量合計（TSO別）[MW],76.25,95.28,90.147,0,221,412,319,230,350,1793.677
20260212B05,合計（確報値）,（内訳）自エリアからの約定量[MW],31.53,95.28,90.147,0,200,392.713,206.07,230,342.521,1588.261
20260212B06,システム約定結果,募集量（TSO別）[MW],0,171,735,0,171,476,278,194,288,2313
20260212B06,システム約定結果,応札量合計（電源属地別）[MW],244.7,510,811.956,115,179,1177.9,690.339,207,502.97,4438.865
20260212B06,システム約定結果,落札量合計（電源属地別）[MW],68.664,210,718.998,80.825,143,507.24,530,207,224,2689.727
20260212B06,システム約定結果,応札件数（電源属地別）[件],5,2,9,1,2,7,12,3,8,49
20260212B06,システム約定結果,落札件数（電源属地別）[件],4,2,9,1,2,6,12,3,5,44
20260212B06,システム約定結果,最高落札価格（電源属地別）[円/kW・30分],9.79,2.5,4.84,1.09,3.59,6.73,9.57,6.82,4.08,9.79
20260212B06,システム約定結果,最低落札価格（電源属地別）[円/kW・30分],7.5,2.08,0.36,1.09,3.58,1.13,0.83,0.36,1.99,0.36
20260212B06,システム約定結果,平均落札価格（電源属地別）[円/kW・30分],9.68,2.22,2.26,1.09,3.59,4.77,1.41,1.1,2.69,2.73
20260212B06,システム約定結果,最高落札価格（TSO別）[円/kW・30分],9.79,9.78,4.84,1.09,3.63,6.73,9.57,6.82,4.08,9.79
20260212B06,システム約定結果,最低落札価格（TSO別）[円/kW・30分],7.5,0.36,0.36,1.09,3.58,0.36,0.83,0.36,0.83,0.36
20260212B06,システム約定結果,平均落札価格（TSO別）[円/kW・30分],9.66,2.23,2.39,1.09,3.59,4.63,1.59,1.15,2,2.73
20260212B06,システム約定結果,落札量合計（TSO別）[MW],57.25,267,673.412,68.352,171,504.713,393,194,361,2689.727
20260212B06,システム約定結果,（内訳）自エリアからの落札量[MW],57.25,210,673.412,68.352,143,479.24,393,194,224,2442.254
20260212B06,追加調達結果,募集量（TSO別）[MW],-,-,-,-,-,-,-,-,-,-
20260212B06,追加調達結果,応札量合計（電源属地別）[MW],0,0,0,0,0,0,0,0,0,0
20260212B06,追加調達結果,約定量合計（電源属地別）[MW],0,0,0,0,0,0,0,0,0,0
20260212B06,追加調達結果,応札件数（電源属地別）[件],0,0,0,0,0,0,0,0,0,0
20260212B06,追加調達結果,約定件数（電源属地別）[件],0,0,0,0,0,0,0,0,0,0
20260212B06,追加調達結果,最高約定価格（電源属地別）[円/kW・30分],0,0,0,0,0,0,0,0,0,0
20260212B06,追加調達結果,最低約定価格（電源属地別）[円/kW・30分],0,0,0,0,0,0,0,0,0,0
20260212B06,追加調達結果,平均約定価格（電源属地別）[円/kW・30分],0,0,0,0,0,0,0,0,0,0
20260212B06,追加調達結果,最高約定価格（TSO別）[円/kW・30分],0,0,0,0,0,0,0,0,0,0
20260212B06,追加調達結果,最低約定価格（TSO別）[円/kW・30分],0,0,0,0,0,0,0,0,0,0
20260212B06,追加調達結果,平均約定価格（TSO別）[円/kW・30分],0,0,0,0,0,0,0,0,0,0
20260212B06,追加調達結果,約定量合計（TSO別）[MW],0,0,0,0,0,0,0,0,0,0
20260212B06,追加調達結果,（内訳）自エリアからの約定量[MW],0,0,0,0,0,0,0,0,0,0
20260212B06,合計（確報値）,募集量（TSO別）[MW],0,171,735,0,171,476,278,194,288,2313
20260212B06,合計（確報値）,応札量合計（電源属地別）[MW],300.364,510,811.956,195.825,179,1177.9,690.339,207,502.97,4575.354
20260212B06,合計（確報値）,約定量合計（電源属地別）[MW],68.664,210,718.998,80.825,143,507.24,530,207,224,2689.727
20260212B06,合計（確報値）,応札件数（電源属地別）[件],10,2,9,5,2,7,12,3,8,58
20260212B06,合計（確報値）,約定件数（電源属地別）[件],7,2,9,4,2,6,12,3,5,50
20260212B06,合計（確報値）,最高約定価格（電源属地別）[円/kW・30分],9.79,2.5,4.84,0.36,3.59,6.73,9.57,6.82,4.08,9.79
20260212B06,合計（確報値）,最低約定価格（電源属地別）[円/kW・30分],7.5,2.08,0.36,0.36,3.58,1.13,0.83,0.36,1.99,0.36
20260212B06,合計（確報値）,平均約定価格（電源属地別）[円/kW・30分],9.68,2.22,2.26,0.36,3.59,4.77,1.41,1.1,2.69,2.71
20260212B06,合計（確報値）,最高約定価格（TSO別）[円/kW・30分],9.79,9.78,4.84,0.36,3.63,6.73,9.57,6.82,4.08,9.79
20260212B06,合計（確報値）,最低約定価格（TSO別）[円/kW・30分],7.5,0.36,0.36,0.36,3.58,0.36,0.83,0.36,0.83,0.36
20260212B06,合計（確報値）,平均約定価格（TSO別）[円/kW・30分],9.66,2.23,2.39,0.36,3.59,4.61,1.59,1.15,2,2.71
20260212B06,合計（確報値）,約定量合計（TSO別）[MW],57.25,267,673.412,68.352,171,504.713,393,194,361,2689.727
20260212B06,合計（確報値）,（内訳）自エリアからの約定量[MW],57.25,210,673.412,68.352,143,479.24,393,194,224,2442.254
20260212B07,システム約定結果,募集量（TSO別）[MW],0,148,474,0,115,410,271,111,260,1789
20260212B07,システム約定結果,応札量合計（電源属地別）[MW],223,250,1330.894,467.8,123,1177.9,833.949,121,506,5033.543
20260212B07,システム約定結果,落札量合計（電源属地別）[MW],30.26,70,552,375.803,123,298.922,318.275,111,212,2091.26
20260212B07,システム約定結果,応札件数（電源属地別）[件],3,1,13,5,1,7,13,4,8,55
20260212B07,システム約定結果,落札件数（電源属地別）[件],1,1,11,4,1,5,13,4,5,45
20260212B07,システム約定結果,最高落札価格（電源属地別）[円/kW・30分],7.6,2.37,5.56,3.89,4.89,5.98,9.57,6.13,4.84,9.57
20260212B07,システム約定結果,最低落札価格（電源属地別）[円/kW・30分],7.6,2.37,0.35,0.72,4.89,2.25,1.81,0.36,2.3,0.35
20260212B07,システム約定結果,平均落札価格（電源属地別）[円/kW・30分],7.6,2.37,2.35,3.5,4.89,4.85,3.14,1.56,2.6,3.24
20260212B07,システム約定結果,最高落札価格（TSO別）[円/kW・30分],7.6,5.56,5.56,3.89,4.89,5.98,9.57,6.13,5.98,9.57
20260212B07,システム約定結果,最低落札価格（TSO別）[円/kW・30分],7.6,0.35,0.36,0.72,3.94,2.25,1.81,0.36,1.92,0.35
20260212B07,システム約定結果,平均落札価格（TSO別）[円/kW・30分],7.6,1.8,2.52,3.13,4.58,4.59,3.17,1.56,3.08,3.24
20260212B07,システム約定結果,落札量合計（TSO別）[MW],30.26,148,474,157,115,410,336,111,310,2091.26
20260212B07,システム約定結果,（内訳）自エリアからの落札量[MW],30.26,70,474,157,77.042,283.222,275,111,212,1689.524
20260212B07,追加調達結果,募集量（TSO別）[MW],-,-,-,-,-,-,-,-,-,-
20260212B07,追加調達結果,応札量合計（電源属地別）[MW],0,0,0,0,0,0,0,0,0,0
20260212B07,追加調達結果,約定量合計（電源属地別）[MW],0,0,0,0,0,0,0,0,0,0
20260212B07,追加調達結果,応札件数（電源属地別）[件],0,0,0,0,0,0,0,0,0,0
20260212B07,追加調達結果,約定件数（電源属地別）[件],0,0,0,0,0,0,0,0,0,0
20260212B07,追加調達結果,最高約定価格（電源属地別）[円/kW・30分],0,0,0,0,0,0,0,0,0,0
20260212B07,追加調達結果,最低約定価格（電源属地別）[円/kW・30分],0,0,0,0,0,0,0,0,0,0
20260212B07,追加調達結果,平均約定価格（電源属地別）[円/kW・30分],0,0,0,0,0,0,0,0,0,0
20260212B07,追加調達結果,最高約定価格（TSO別）[円/kW・30分],0,0,0,0,0,0,0,0,0,0
20260212B07,追加調達結果,最低約定価格（TSO別）[円/kW・30分],0,0,0,0,0,0,0,0,0,0
20260212B07,追加調達結果,平均約定価格（TSO別）[円/kW・30分],0,0,0,0,0,0,0,0,0,0
20260212B07,追加調達結果,約定量合計（TSO別）[MW],0,0,0,0,0,0,0,0,0,0
20260212B07,追加調達結果,（内訳）自エリアからの約定量[MW],0,0,0,0,0,0,0,0,0,0
20260212B07,合計（確報値）,募集量（TSO別）[MW],0,148,474,0,115,410,271,111,260,1789
20260212B07,合計（確報値）,応札量合計（電源属地別）[MW],253.26,250,1330.894,501.975,123,1177.9,833.949,121,506,5097.978
20260212B07,合計（確報値）,約定量合計（電源属地別）[MW],30.26,70,552,375.803,123,298.922,318.275,111,212,2091.26
20260212B07,合計（確報値）,応札件数（電源属地別）[件],5,1,13,7,1,7,13,4,8,59
20260212B07,合計（確報値）,約定件数（電源属地別）[件],2,1,11,5,1,5,13,4,5,47
20260212B07,合計（確報値）,最高約定価格（電源属地別）[円/kW・30分],7.6,2.37,5.56,3.89,4.89,5.98,9.57,6.13,4.84,9.57
20260212B07,合計（確報値）,最低約定価格（電源属地別）[円/kW・30分],7.6,2.37,0.35,0.36,4.89,2.25,1.81,0.36,2.3,0.35
20260212B07,合計（確報値）,平均約定価格（電源属地別）[円/kW・30分],7.6,2.37,2.35,3.47,4.89,4.85,3.14,1.56,2.6,3.24
20260212B07,合計（確報値）,最高約定価格（TSO別）[円/kW・30分],7.6,5.56,5.56,3.89,4.89,5.98,9.57,6.13,5.98,9.57
20260212B07,合計（確報値）,最低約定価格（TSO別）[円/kW・30分],7.6,0.35,0.36,0.36,3.94,2.25,1.81,0.36,1.92,0.35
20260212B07,合計（確報値）,平均約定価格（TSO別）[円/kW・30分],7.6,1.8,2.52,3.05,4.58,4.59,3.17,1.56,3.08,3.24
20260212B07,合計（確報値）,約定量合計（TSO別）[MW],30.26,148,474,157,115,410,336,111,310,2091.26
20260212B07,合計（確報値）,（内訳）自エリアからの約定量[MW],30.26,70,474,157,77.042,283.222,275,111,212,1689.524
20260212B08,システム約定結果,募集量（TSO別）[MW],0,0,85,0,110,284,280,96,252,1107
20260212B08,システム約定結果,応札量合計（電源属地別）[MW],226,250,741.871,514.3,130,1175.9,833.949,109,486,4467.02
20260212B08,システム約定結果,落札量合計（電源属地別）[MW],10,70,338.656,347.803,130,485.122,282.03,108,198,1969.611
20260212B08,システム約定結果,応札件数（電源属地別）[件],4,1,9,5,1,6,13,6,6,51
20260212B08,システム約定結果,落札件数（電源属地別）[件],1,1,7,4,1,6,13,6,5,44
20260212B08,システム約定結果,最高落札価格（電源属地別）[円/kW・30分],11.4,3.17,4.36,3.24,3.63,6.56,9.57,6.72,3.86,11.4
20260212B08,システム約定結果,最低落札価格（電源属地別）[円/kW・30分],11.4,3.17,0.38,0.36,3.63,0.44,0.98,0.36,1.89,0.36
20260212B08,システム約定結果,平均落札価格（電源属地別）[円/kW・30分],11.4,3.17,2.09,2.82,3.63,4.68,2.13,1.39,2.58,3.06
20260212B08,システム約定結果,最高落札価格（TSO別）[円/kW・30分],11.4,3.17,4.36,3.24,3.63,6.56,9.57,6.72,5.34,11.4
20260212B08,システム約定結果,最低落札価格（TSO別）[円/kW・30分],11.4,3.17,0.38,0.36,3.63,0.44,0.98,0.36,1.89,0.36
20260212B08,システム約定結果,平均落札価格（TSO別）[円/kW・30分],11.4,3.17,2.09,2.82,3.63,4.25,2.97,1.39,3.15,3.06
20260212B08,システム約定結果,落札量合計（TSO別）[MW],10,70,338.656,347.803,130,368.152,345,108,252,1969.611
20260212B08,システム約定結果,（内訳）自エリアからの落札量[MW],10,70,338.656,347.803,130,368.152,279.03,108,198,1849.641
20260212B08,追加調達結果,募集量（TSO別）[MW],-,-,-,-,-,-,-,-,-,-
20260212B08,追加調達結果,応札量合計（電源属地別）[MW],0,0,0,0,0,0,0,0,0,0
20260212B08,追加調達結果,約定量合計（電源属地別）[MW],0,0,0,0,0,0,0,0,0,0
20260212B08,追加調達結果,応札件数（電源属地別）[件],0,0,0,0,0,0,0,0,0,0
20260212B08,追加調達結果,約定件数（電源属地別）[件],0,0,0,0,0,0,0,0,0,0
20260212B08,追加調達結果,最高約定価格（電源属地別）[円/kW・30分],0,0,0,0,0,0,0,0,0,0
20260212B08,追加調達結果,最低約定価格（電源属地別）[円/kW・30分],0,0,0,0,0,0,0,0,0,0
20260212B08,追加調達結果,平均約定価格（電源属地別）[円/kW・30分],0,0,0,0,0,0,0,0,0,0
20260212B08,追加調達結果,最高約定価格（TSO別）[円/kW・30分],0,0,0,0,0,0,0,0,0,0
20260212B08,追加調達結果,最低約定価格（TSO別）[円/kW・30分],0,0,0,0,0,0,0,0,0,0
20260212B08,追加調達結果,平均約定価格（TSO別）[円/kW・30分],0,0,0,0,0,0,0,0,0,0
20260212B08,追加調達結果,約定量合計（TSO別）[MW],0,0,0,0,0,0,0,0,0,0
20260212B08,追加調達結果,（内訳）自エリアからの約定量[MW],0,0,0,0,0,0,0,0,0,0
20260212B08,合計（確報値）,募集量（TSO別）[MW],0,0,85,0,110,284,280,96,252,1107
20260212B08,合計（確報値）,応札量合計（電源属地別）[MW],236,250,741.871,548.475,130,1175.9,833.949,109,486,4511.195
20260212B08,合計（確報値）,約定量合計（電源属地別）[MW],10,70,338.656,347.803,130,485.122,282.03,108,198,1969.611
20260212B08,合計（確報値）,応札件数（電源属地別）[件],6,1,9,7,1,6,13,6,6,55
20260212B08,合計（確報値）,約定件数（電源属地別）[件],2,1,7,5,1,6,13,6,5,46
20260212B08,合計（確報値）,最高約定価格（電源属地別）[円/kW・30分],11.4,3.17,4.36,3.24,3.63,6.56,9.57,6.72,3.86,11.4
20260212B08,合計（確報値）,最低約定価格（電源属地別）[円/kW・30分],11.4,3.17,0.38,0.36,3.63,0.44,0.98,0.36,1.89,0.36
20260212B08,合計（確報値）,平均約定価格（電源属地別）[円/kW・30分],11.4,3.17,2.09,2.82,3.63,4.68,2.13,1.39,2.58,3.06
20260212B08,合計（確報値）,最高約定価格（TSO別）[円/kW・30分],11.4,3.17,4.36,3.24,3.63,6.56,9.57,6.72,5.34,11.4
20260212B08,合計（確報値）,最低約定価格（TSO別）[円/kW・30分],11.4,3.17,0.38,0.36,3.63,0.44,0.98,0.36,1.89,0.36
20260212B08,合計（確報値）,平均約定価格（TSO別）[円/kW・30分],11.4,3.17,2.09,2.82,3.63,4.25,2.97,1.39,3.15,3.06
20260212B08,合計（確報値）,約定量合計（TSO別）[MW],10,70,338.656,347.803,130,368.152,345,108,252,1969.611
20260212B08,合計（確報値）,（内訳）自エリアからの約定量[MW],10,70,338.656,347.803,130,368.152,279.03,108,198,1849.641
20260213B01,システム約定結果,募集量（TSO別）[MW],0,0,0,0,112,0,55,85,282,534
20260213B01,システム約定結果,応札量合計（電源属地別）[MW],224.99,250,304.974,762.3,116,1175.9,663.621,93,486,4076.785
20260213B01,システム約定結果,落札量合計（電源属地別）[MW],23,70,230.753,301.803,116,298.922,236.09,85,157,1518.568
20260213B01,システム約定結果,応札件数（電源属地別）[件],4,1,3,7,1,6,9,6,6,43
20260213B01,システム約定結果,落札件数（電源属地別）[件],1,1,2,3,1,5,9,6,5,33
20260213B01,システム約定結果,最高落札価格（電源属地別）[円/kW・30分],4.27,3.56,2.04,2.99,2.03,8.5,9.57,6.5,2.17,9.57
20260213B01,システム約定結果,最低落札価格（電源属地別）[円/kW・30分],4.27,3.56,0.36,2.57,2.03,0.36,0.36,0.36,0.36,0.36
20260213B01,システム約定結果,平均落札価格（電源属地別）[円/kW・30分],4.27,3.56,1.75,2.77,2.03,4.77,1.84,1.12,1.05,2.6
20260213B01,システム約定結果,最高落札価格（TSO別）[円/kW・30分],4.27,3.56,2.04,2.99,2.03,8.5,9.57,6.5,9.57,9.57
20260213B01,システム約定結果,最低落札価格（TSO別）[円/kW・30分],4.27,3.56,0.36,2.57,2.03,0.36,0.36,0.36,0.36,0.36
20260213B01,システム約定結果,平均落札価格（TSO別）[円/kW・30分],4.27,3.56,1.75,2.75,2.03,3.38,1.86,1.12,3.41,2.6
20260213B01,システム約定結果,落札量合計（TSO別）[MW],23,70,230.753,275.102,116,217.713,219,85,282,1518.568
20260213B01,システム約定結果,（内訳）自エリアからの落札量[MW],23,70,230.753,275.102,116,217.713,219,85,157,1393.568
20260213B01,追加調達結果,募集量（TSO別）[MW],-,-,-,-,-,-,-,-,-,-
20260213B01,追加調達結果,応札量合計（電源属地別）[MW],0,0,0,0,0,0,0,0,0,0
20260213B01,追加調達結果,約定量合計（電源属地別）[MW],0,0,0,0,0,0,0,0,0,0
20260213B01,追加調達結果,応札件数（電源属地別）[件],0,0,0,0,0,0,0,0,0,0
20260213B01,追加調達結果,約定件数（電源属地別）[件],0,0,0,0,0,0,0,0,0,0
20260213B01,追加調達結果,最高約定価格（電源属地別）[円/kW・30分],0,0,0,0,0,0,0,0,0,0
20260213B01,追加調達結果,最低約定価格（電源属地別）[円/kW・30分],0,0,0,0,0,0,0,0,0,0
20260213B01,追加調達結果,平均約定価格（電源属地別）[円/kW・30分],0,0,0,0,0,0,0,0,0,0
20260213B01,追加調達結果,最高約定価格（TSO別）[円/kW・30分],0,0,0,0,0,0,0,0,0,0
20260213B01,追加調達結果,最低約定価格（TSO別）[円/kW・30分],0,0,0,0,0,0,0,0,0,0
20260213B01,追加調達結果,平均約定価格（TSO別）[円/kW・30分],0,0,0,0,0,0,0,0,0,0
20260213B01,追加調達結果,約定量合計（TSO別）[MW],0,0,0,0,0,0,0,0,0,0
20260213B01,追加調達結果,（内訳）自エリアからの約定量[MW],0,0,0,0,0,0,0,0,0,0
20260213B01,合計（確報値）,募集量（TSO別）[MW],0,0,0,0,112,0,55,85,282,534
20260213B01,合計（確報値）,応札量合計（電源属地別）[MW],247.99,250,304.974,1064.103,116,1175.9,663.621,93,486,4401.588
20260213B01,合計（確報値）,約定量合計（電源属地別）[MW],23,70,230.753,301.803,116,298.922,236.09,85,157,1518.568
20260213B01,合計（確報値）,応札件数（電源属地別）[件],6,1,3,16,1,6,9,6,6,54
20260213B01,合計（確報値）,約定件数（電源属地別）[件],2,1,2,9,1,5,9,6,5,40
20260213B01,合計（確報値）,最高約定価格（電源属地別）[円/kW・30分],4.27,3.56,2.04,0.36,2.03,8.5,9.57,6.5,2.17,9.57
20260213B01,合計（確報値）,最低約定価格（電源属地別）[円/kW・30分],4.27,3.56,0.36,0.36,2.03,0.36,0.36,0.36,0.36,0.36
20260213B01,合計（確報値）,平均約定価格（電源属地別）[円/kW・30分],4.27,3.56,1.75,0.36,2.03,4.77,1.84,1.12,1.05,2.12
20260213B01,合計（確報値）,最高約定価格（TSO別）[円/kW・30分],4.27,3.56,2.04,0.36,2.03,8.5,9.57,6.5,9.57,9.57
20260213B01,合計（確報値）,最低約定価格（TSO別）[円/kW・30分],4.27,3.56,0.36,0.36,2.03,0.36,0.36,0.36,0.36,0.36
20260213B01,合計（確報値）,平均約定価格（TSO別）[円/kW・30分],4.27,3.56,1.75,0.36,2.03,3.38,1.86,1.12,3.16,2.12
20260213B01,合計（確報値）,約定量合計（TSO別）[MW],23,70,230.753,275.102,116,217.713,219,85,282,1518.568
20260213B01,合計（確報値）,（内訳）自エリアからの約定量[MW],23,70,230.753,275.102,116,217.713,219,85,157,1393.568
20260213B02,システム約定結果,募集量（TSO別）[MW],0,50,0,0,93,23,193,87,244,690
20260213B02,システム約定結果,応札量合計（電源属地別）[MW],244.69,250,363.103,762.3,102,1175.9,663.621,93,519,4173.614
20260213B02,システム約定結果,落札量合計（電源属地別）[MW],16.7,70,112,101.935,102,184.713,285.03,87,180,1139.378
20260213B02,システム約定結果,応札件数（電源属地別）[件],6,1,6,7,1,6,9,4,7,47
20260213B02,システム約定結果,落札件数（電源属地別）[件],1,1,4,1,1,4,9,4,6,31
20260213B02,システム約定結果,最高落札価格（電源属地別）[円/kW・30分],4.99,3.87,2.97,2.17,2.04,1.41,9.57,6.46,2.32,9.57
20260213B02,システム約定結果,最低落札価格（電源属地別）[円/kW・30分],4.99,3.87,0.36,2.17,2.04,0.36,0.37,0.36,0.39,0.36
20260213B02,システム約定結果,平均落札価格（電源属地別）[円/kW・30分],4.99,3.87,1.9,2.17,2.04,0.8,1.91,1.69,1.37,1.83
20260213B02,システム約定結果,最高落札価格（TSO別）[円/kW・30分],4.99,3.87,2.97,2.17,2.04,1.41,9.57,6.46,2.32,9.57
20260213B02,システム約定結果,最低落札価格（TSO別）[円/kW・30分],4.99,3.87,0.36,2.17,2.04,0.36,0.37,0.36,0.39,0.36
20260213B02,システム約定結果,平均落札価格（TSO別）[円/kW・30分],4.99,3.87,1.9,2.17,2.04,0.8,1.87,1.69,1.59,1.83
20260213B02,システム約定結果,落札量合計（TSO別）[MW],16.7,70,112,72.965,93,184.713,259,87,244,1139.378
20260213B02,システム約定結果,（内訳）自エリアからの落札量[MW],16.7,70,112,72.965,93,184.713,258.03,87,180,1074.408
20260213B02,追加調達結果,募集量（TSO別）[MW],-,-,-,-,-,-,-,-,-,-
20260213B02,追加調達結果,応札量合計（電源属地別）[MW],0,0,0,0,0,0,0,0,0,0
20260213B02,追加調達結果,約定量合計（電源属地別）[MW],0,0,0,0,0,0,0,0,0,0
20260213B02,追加調達結果,応札件数（電源属地別）[件],0,0,0,0,0,0,0,0,0,0
20260213B02,追加調達結果,約定件数（電源属地別）[件],0,0,0,0,0,0,0,0,0,0
20260213B02,追加調達結果,最高約定価格（電源属地別）[円/kW・30分],0,0,0,0,0,0,0,0,0,0
20260213B02,追加調達結果,最低約定価格（電源属地別）[円/kW・30分],0,0,0,0,0,0,0,0,0,0
20260213B02,追加調達結果,平均約定価格（電源属地別）[円/kW・30分],0,0,0,0,0,0,0,0,0,0
20260213B02,追加調達結果,最高約定価格（TSO別）[円/kW・30分],0,0,0,0,0,0,0,0,0,0
20260213B02,追加調達結果,最低約定価格（TSO別）[円/kW・30分],0,0,0,0,0,0,0,0,0,0
20260213B02,追加調達結果,平均約定価格（TSO別）[円/kW・30分],0,0,0,0,0,0,0,0,0,0
20260213B02,追加調達結果,約定量合計（TSO別）[MW],0,0,0,0,0,0,0,0,0,0
20260213B02,追加調達結果,（内訳）自エリアからの約定量[MW],0,0,0,0,0,0,0,0,0,0
20260213B02,合計（確報値）,募集量（TSO別）[MW],0,50,0,0,93,23,193,87,244,690
20260213B02,合計（確報値）,応札量合計（電源属地別）[MW],244.69,250,363.103,864.235,102,1175.9,663.621,93,519,4275.549
20260213B02,合計（確報値）,約定量合計（電源属地別）[MW],16.7,70,112,101.935,102,184.713,285.03,87,180,1139.378
20260213B02,合計（確報値）,応札件数（電源属地別）[件],6,1,6,11,1,6,9,4,7,51
20260213B02,合計（確報値）,約定件数（電源属地別）[件],1,1,4,4,1,4,9,4,6,34
20260213B02,合計（確報値）,最高約定価格（電源属地別）[円/kW・30分],4.99,3.87,2.97,0.36,2.04,1.41,9.57,6.46,2.32,9.57
20260213B02,合計（確報値）,最低約定価格（電源属地別）[円/kW・30分],4.99,3.87,0.36,0.36,2.04,0.36,0.37,0.36,0.39,0.36
20260213B02,合計（確報値）,平均約定価格（電源属地別）[円/kW・30分],4.99,3.87,1.9,0.36,2.04,0.8,1.91,1.69,1.37,1.67
20260213B02,合計（確報値）,最高約定価格（TSO別）[円/kW・30分],4.99,3.87,2.97,0.36,2.04,1.41,9.57,6.46,2.32,9.57
20260213B02,合計（確報値）,最低約定価格（TSO別）[円/kW・30分],4.99,3.87,0.36,0.36,2.04,0.36,0.37,0.36,0.36,0.36
20260213B02,合計（確報値）,平均約定価格（TSO別）[円/kW・30分],4.99,3.87,1.9,0.36,2.04,0.8,1.87,1.69,1.38,1.67
20260213B02,合計（確報値）,約定量合計（TSO別）[MW],16.7,70,112,72.965,93,184.713,259,87,244,1139.378
20260213B02,合計（確報値）,（内訳）自エリアからの約定量[MW],16.7,70,112,72.965,93,184.713,258.03,87,180,1074.408
20260213B03,システム約定結果,募集量（TSO別）[MW],0,380,384,0,140,383,329,134,261,2011
20260213B03,システム約定結果,応札量合計（電源属地別）[MW],223.99,450,923.89,328,170.4,1175.9,833.949,169,450.9,4726.029
20260213B03,システム約定結果,落札量合計（電源属地別）[MW],54.1,324,679.121,320.695,140,439.613,414.045,169,210,2750.574
20260213B03,システム約定結果,応札件数（電源属地別）[件],5,2,14,2,3,6,13,3,8,56
20260213B03,システム約定結果,落札件数（電源属地別）[件],3,2,12,2,2,6,13,3,5,48
20260213B03,システム約定結果,最高落札価格（電源属地別）[円/kW・30分],10.36,1.78,4.7,5.45,4.81,6.15,9.78,6.61,4.88,10.36
20260213B03,システム約定結果,最低落札価格（電源属地別）[円/kW・30分],9.5,0.97,0.36,1,4.79,2.33,2.13,0.36,2.91,0.36
20260213B03,システム約定結果,平均落札価格（電源属地別）[円/kW・30分],10.31,1.32,1.84,3.26,4.8,5.26,2.93,0.98,3.61,3.05
20260213B03,システム約定結果,最高落札価格（TSO別）[円/kW・30分],10.36,1.78,4.7,5.45,4.81,6.15,9.78,6.61,6.15,10.36
20260213B03,システム約定結果,最低落札価格（TSO別）[円/kW・30分],9.5,0.36,0.36,1,4.79,1,2.13,0.36,0.36,0.36
20260213B03,システム約定結果,平均落札価格（TSO別）[円/kW・30分],10.31,1.05,2.2,3.14,4.8,4.74,3.21,1.14,3.28,3.05
20260213B03,システム約定結果,落札量合計（TSO別）[MW],54.1,450,545.147,197.614,140,494.713,409,134,326,2750.574
20260213B03,システム約定結果,（内訳）自エリアからの落札量[MW],54.1,324,545.147,197.614,140,404.777,375.855,134,210,2385.493
20260213B03,追加調達結果,募集量（TSO別）[MW],-,-,-,-,-,-,-,-,-,-
20260213B03,追加調達結果,応札量合計（電源属地別）[MW],0,0,0,0,0,0,0,0,0,0
20260213B03,追加調達結果,約定量合計（電源属地別）[MW],0,0,0,0,0,0,0,0,0,0
20260213B03,追加調達結果,応札件数（電源属地別）[件],0,0,0,0,0,0,0,0,0,0
20260213B03,追加調達結果,約定件数（電源属地別）[件],0,0,0,0,0,0,0,0,0,0
20260213B03,追加調達結果,最高約定価格（電源属地別）[円/kW・30分],0,0,0,0,0,0,0,0,0,0
20260213B03,追加調達結果,最低約定価格（電源属地別）[円/kW・30分],0,0,0,0,0,0,0,0,0,0
20260213B03,追加調達結果,平均約定価格（電源属地別）[円/kW・30分],0,0,0,0,0,0,0,0,0,0
20260213B03,追加調達結果,最高約定価格（TSO別）[円/kW・30分],0,0,0,0,0,0,0,0,0,0
20260213B03,追加調達結果,最低約定価格（TSO別）[円/kW・30分],0,0,0,0,0,0,0,0,0,0
20260213B03,追加調達結果,平均約定価格（TSO別）[円/kW・30分],0,0,0,0,0,0,0,0,0,0
20260213B03,追加調達結果,約定量合計（TSO別）[MW],0,0,0,0,0,0,0,0,0,0
20260213B03,追加調達結果,（内訳）自エリアからの約定量[MW],0,0,0,0,0,0,0,0,0,0
20260213B03,合計（確報値）,募集量（TSO別）[MW],0,380,384,0,140,383,329,134,261,2011
20260213B03,合計（確報値）,応札量合計（電源属地別）[MW],275.09,450,923.89,648.695,170.4,1175.9,839.592,169,450.9,5103.467
20260213B03,合計（確報値）,約定量合計（電源属地別）[MW],54.1,324,679.121,320.695,140,439.613,403.821,169,210,2740.35
20260213B03,合計（確報値）,応札件数（電源属地別）[件],8,2,14,16,3,6,14,3,8,74
20260213B03,合計（確報値）,約定件数（電源属地別）[件],4,2,12,14,2,6,14,3,5,62
20260213B03,合計（確報値）,最高約定価格（電源属地別）[円/kW・30分],10.36,1.78,4.7,0.36,4.81,6.15,9.78,6.61,4.88,10.36
20260213B03,合計（確報値）,最低約定価格（電源属地別）[円/kW・30分],9.5,0.97,0.36,0.36,4.79,2.33,1.94,0.36,2.91,0.36
20260213B03,合計（確報値）,平均約定価格（電源属地別）[円/kW・30分],10.31,1.32,1.84,0.36,4.8,5.26,2.93,0.98,3.61,2.72
20260213B03,合計（確報値）,最高約定価格（TSO別）[円/kW・30分],10.36,1.78,4.7,0.36,4.81,6.15,9.78,6.61,6.15,10.36
20260213B03,合計（確報値）,最低約定価格（TSO別）[円/kW・30分],9.5,0.36,0.36,0.36,4.79,0.36,0.36,0.36,0.36,0.36
20260213B03,合計（確報値）,平均約定価格（TSO別）[円/kW・30分],10.31,1.05,2.2,0.36,4.8,4.31,2.8,1.14,3.28,2.72
20260213B03,合計（確報値）,約定量合計（TSO別）[MW],54.1,450,545.147,197.614,140,494.713,398.776,134,326,2740.35
20260213B03,合計（確報値）,（内訳）自エリアからの約定量[MW],54.1,324,545.147,197.614,140,404.777,365.631,134,210,2375.269
20260213B04,システム約定結果,募集量（TSO別）[MW],0,132,746,0,258,559,470,265,361,2791
20260213B04,システム約定結果,応札量合計（電源属地別）[MW],241.69,450,893.147,82.5,266,1177.9,548.98,314,821,4795.217
20260213B04,システム約定結果,落札量合計（電源属地別）[MW],21.7,176,746,37.825,266,960.438,338.232,301,219.043,3066.238
20260213B04,システム約定結果,応札件数（電源属地別）[件],6,2,11,2,2,7,7,2,6,45
20260213B04,システム約定結果,落札件数（電源属地別）[件],2,2,11,1,2,6,7,2,4,37
20260213B04,システム約定結果,最高落札価格（電源属地別）[円/kW・30分],11.99,2.12,4.25,0.38,2.18,7.84,9.57,8.38,2.09,11.99
20260213B04,システム約定結果,最低落札価格（電源属地別）[円/kW・30分],10.5,1.7,0.36,0.38,2.17,0.36,0.36,0.36,0.86,0.36
20260213B04,システム約定結果,平均落札価格（電源属地別）[円/kW・30分],11.78,1.79,0.74,0.38,2.18,2.86,1.19,0.76,1.12,1.74
20260213B04,システム約定結果,最高落札価格（TSO別）[円/kW・30分],11.99,2.12,4.25,0.38,2.18,7.84,9.57,8.38,2.18,11.99
20260213B04,システム約定結果,最低落札価格（TSO別）[円/kW・30分],10.5,1.7,0.36,0.38,1.97,0.36,0.36,0.36,0.36,0.36
20260213B04,システム約定結果,平均落札価格（TSO別）[円/kW・30分],11.78,1.79,0.74,0.38,2.16,3.74,1.6,0.81,0.88,1.74
20260213B04,システム約定結果,落札量合計（TSO別）[MW],21.7,176,746,37.825,258,577.713,554,265,430,3066.238
20260213B04,システム約定結果,（内訳）自エリアからの落札量[MW],21.7,176,746,37.825,234,577.713,338.232,265,219.043,2615.513
20260213B04,追加調達結果,募集量（TSO別）[MW],-,-,-,-,-,-,-,-,-,-
20260213B04,追加調達結果,応札量合計（電源属地別）[MW],0,0,0,0,0,0,0,0,0,0
20260213B04,追加調達結果,約定量合計（電源属地別）[MW],0,0,0,0,0,0,0,0,0,0
20260213B04,追加調達結果,応札件数（電源属地別）[件],0,0,0,0,0,0,0,0,0,0
20260213B04,追加調達結果,約定件数（電源属地別）[件],0,0,0,0,0,0,0,0,0,0
20260213B04,追加調達結果,最高約定価格（電源属地別）[円/kW・30分],0,0,0,0,0,0,0,0,0,0
20260213B04,追加調達結果,最低約定価格（電源属地別）[円/kW・30分],0,0,0,0,0,0,0,0,0,0
20260213B04,追加調達結果,平均約定価格（電源属地別）[円/kW・30分],0,0,0,0,0,0,0,0,0,0
20260213B04,追加調達結果,最高約定価格（TSO別）[円/kW・30分],0,0,0,0,0,0,0,0,0,0
20260213B04,追加調達結果,最低約定価格（TSO別）[円/kW・30分],0,0,0,0,0,0,0,0,0,0
20260213B04,追加調達結果,平均約定価格（TSO別）[円/kW・30分],0,0,0,0,0,0,0,0,0,0
20260213B04,追加調達結果,約定量合計（TSO別）[MW],0,0,0,0,0,0,0,0,0,0
20260213B04,追加調達結果,（内訳）自エリアからの約定量[MW],0,0,0,0,0,0,0,0,0,0
20260213B04,合計（確報値）,募集量（TSO別）[MW],0,132,746,0,258,559,470,265,361,2791
20260213B04,合計（確報値）,応札量合計（電源属地別）[MW],241.69,450,893.147,120.325,266,1177.9,548.98,314,821,4833.042
20260213B04,合計（確報値）,約定量合計（電源属地別）[MW],21.7,176,746,37.825,266,960.438,338.232,301,219.043,3066.238
20260213B04,合計（確報値）,応札件数（電源属地別）[件],6,2,11,4,2,7,7,2,6,47
20260213B04,合計（確報値）,約定件数（電源属地別）[件],2,2,11,2,2,6,7,2,4,38
20260213B04,合計（確報値）,最高約定価格（電源属地別）[円/kW・30分],11.99,2.12,4.25,0.36,2.18,7.84,9.57,8.38,2.09,11.99
20260213B04,合計（確報値）,最低約定価格（電源属地別）[円/kW・30分],10.5,1.7,0.36,0.36,2.17,0.36,0.36,0.36,0.86,0.36
20260213B04,合計（確報値）,平均約定価格（電源属地別）[円/kW・30分],11.78,1.79,0.74,0.36,2.18,2.86,1.19,0.76,1.12,1.74
20260213B04,合計（確報値）,最高約定価格（TSO別）[円/kW・30分],11.99,2.12,4.25,0.36,2.18,7.84,9.57,8.38,2.18,11.99
20260213B04,合計（確報値）,最低約定価格（TSO別）[円/kW・30分],10.5,1.7,0.36,0.36,1.97,0.36,0.36,0.36,0.36,0.36
20260213B04,合計（確報値）,平均約定価格（TSO別）[円/kW・30分],11.78,1.79,0.74,0.36,2.16,3.74,1.6,0.81,0.88,1.74
20260213B04,合計（確報値）,約定量合計（TSO別）[MW],21.7,176,746,37.825,258,577.713,554,265,430,3066.238
20260213B04,合計（確報値）,（内訳）自エリアからの約定量[MW],21.7,176,746,37.825,234,577.713,338.232,265,219.043,2615.513
20260213B05,システム約定結果,募集量（TSO別）[MW],72,0,68,0,221,412,227,225,318,1543
20260213B05,システム約定結果,応札量合計（電源属地別）[MW],229.89,261.5,279.521,1.5,228,982.9,548.98,280,589.05,3401.341
20260213B05,システム約定結果,落札量合計（電源属地別）[MW],27.28,140,130.4,0,228,467.69,384.057,225,153,1755.427
20260213B05,システム約定結果,応札件数（電源属地別）[件],6,2,4,1,2,5,7,2,6,35
20260213B05,システム約定結果,落札件数（電源属地別）[件],4,1,2,0,2,5,7,2,3,26
20260213B05,システム約定結果,最高落札価格（電源属地別）[円/kW・30分],12.63,1.89,0.36,0,1.13,8.59,9.57,9.29,0.79,12.63
20260213B05,システム約定結果,最低落札価格（電源属地別）[円/kW・30分],7.21,1.89,0.35,0,1.11,0.36,0.36,0.36,0.36,0.35
20260213B05,システム約定結果,平均落札価格（電源属地別）[円/kW・30分],12.02,1.89,0.35,0,1.12,5.79,0.7,0.96,0.55,2.38
20260213B05,システム約定結果,最高落札価格（TSO別）[円/kW・30分],12.63,1.89,0.36,0,1.13,8.59,9.57,9.29,8.59,12.63
20260213B05,システム約定結果,最低落札価格（TSO別）[円/kW・30分],1.89,1.89,0.35,0,0.36,0.36,0.36,0.36,0.35,0.35
20260213B05,システム約定結果,平均落札価格（TSO別）[円/kW・30分],5.73,1.89,0.35,0,1.05,5.25,0.77,0.96,2.15,2.38
20260213B05,システム約定結果,落札量合計（TSO別）[MW],72,95.28,90.147,0,221,412,319,225,321,1755.427
20260213B05,システム約定結果,（内訳）自エリアからの落札量[MW],27.28,95.28,90.147,0,200,392.713,319,225,153,1502.42
20260213B05,追加調達結果,募集量（TSO別）[MW],-,-,-,-,-,-,-,-,-,-
20260213B05,追加調達結果,応札量合計（電源属地別）[MW],0,0,0,0,0,0,0,0,0,0
20260213B05,追加調達結果,約定量合計（電源属地別）[MW],0,0,0,0,0,0,0,0,0,0
20260213B05,追加調達結果,応札件数（電源属地別）[件],0,0,0,0,0,0,0,0,0,0
20260213B05,追加調達結果,約定件数（電源属地別）[件],0,0,0,0,0,0,0,0,0,0
20260213B05,追加調達結果,最高約定価格（電源属地別）[円/kW・30分],0,0,0,0,0,0,0,0,0,0
20260213B05,追加調達結果,最低約定価格（電源属地別）[円/kW・30分],0,0,0,0,0,0,0,0,0,0
20260213B05,追加調達結果,平均約定価格（電源属地別）[円/kW・30分],0,0,0,0,0,0,0,0,0,0
20260213B05,追加調達結果,最高約定価格（TSO別）[円/kW・30分],0,0,0,0,0,0,0,0,0,0
20260213B05,追加調達結果,最低約定価格（TSO別）[円/kW・30分],0,0,0,0,0,0,0,0,0,0
20260213B05,追加調達結果,平均約定価格（TSO別）[円/kW・30分],0,0,0,0,0,0,0,0,0,0
20260213B05,追加調達結果,約定量合計（TSO別）[MW],0,0,0,0,0,0,0,0,0,0
20260213B05,追加調達結果,（内訳）自エリアからの約定量[MW],0,0,0,0,0,0,0,0,0,0
20260213B05,合計（確報値）,募集量（TSO別）[MW],72,0,68,0,221,412,227,225,318,1543
20260213B05,合計（確報値）,応札量合計（電源属地別）[MW],250.9,261.5,279.521,1.5,228,982.9,548.98,280,742.05,3575.351
20260213B05,合計（確報値）,約定量合計（電源属地別）[MW],27.28,140,130.4,0,228,467.69,384.057,225,153,1755.427
20260213B05,合計（確報値）,応札件数（電源属地別）[件],8,2,4,1,2,5,7,2,12,43
20260213B05,合計（確報値）,約定件数（電源属地別）[件],5,1,2,0,2,5,7,2,6,30
20260213B05,合計（確報値）,最高約定価格（電源属地別）[円/kW・30分],12.63,1.89,0.36,0,1.13,8.59,9.57,9.29,0.79,12.63
20260213B05,合計（確報値）,最低約定価格（電源属地別）[円/kW・30分],7.21,1.89,0.35,0,1.11,0.36,0.36,0.36,0.36,0.35
20260213B05,合計（確報値）,平均約定価格（電源属地別）[円/kW・30分],12.02,1.89,0.35,0,1.12,5.79,0.7,0.96,0.55,2.38
20260213B05,合計（確報値）,最高約定価格（TSO別）[円/kW・30分],12.63,1.89,0.36,0,1.13,8.59,9.57,9.29,8.59,12.63
20260213B05,合計（確報値）,最低約定価格（TSO別）[円/kW・30分],1.89,1.89,0.35,0,0.36,0.36,0.36,0.36,0.35,0.35
20260213B05,合計（確報値）,平均約定価格（TSO別）[円/kW・30分],5.73,1.89,0.35,0,1.05,5.25,0.77,0.96,2.15,2.38
20260213B05,合計（確報値）,約定量合計（TSO別）[MW],72,95.28,90.147,0,221,412,319,225,321,1755.427
20260213B05,合計（確報値）,（内訳）自エリアからの約定量[MW],27.28,95.28,90.147,0,200,392.713,319,225,153,1502.42
20260213B06,システム約定結果,募集量（TSO別）[MW],0,171,735,0,171,476,278,194,288,2313
20260213B06,システム約定結果,応札量合計（電源属地別）[MW],244.7,510,654.334,158,179,984.9,689.199,207,519,4146.133
20260213B06,システム約定結果,落札量合計（電源属地別）[MW],37.414,210,566.376,123.825,179,428.24,530,207,224,2505.855
20260213B06,システム約定結果,応札件数（電源属地別）[件],5,2,8,1,2,6,12,2,7,45
20260213B06,システム約定結果,落札件数（電源属地別）[件],3,2,8,1,2,5,12,2,5,40
20260213B06,システム約定結果,最高落札価格（電源属地別）[円/kW・30分],9.5,2.88,4.84,0.85,3.59,6.6,9.57,7.52,4.08,9.57
20260213B06,システム約定結果,最低落札価格（電源属地別）[円/kW・30分],7.5,1.8,0.36,0.85,3.58,1.35,0.62,0.36,2.24,0.36
20260213B06,システム約定結果,平均落札価格（電源属地別）[円/kW・30分],9.33,2.16,2.78,0.85,3.59,4.94,1.18,0.88,2.85,2.67
20260213B06,システム約定結果,最高落札価格（TSO別）[円/kW・30分],9.5,9.49,4.84,0.85,3.63,6.6,9.57,7.52,4.08,9.57
20260213B06,システム約定結果,最低落札価格（TSO別）[円/kW・30分],7.5,0.36,0.36,0.85,3.58,0.36,0.62,0.36,0.62,0.36
20260213B06,システム約定結果,平均落札価格（TSO別）[円/kW・30分],9.3,2,3.01,0.85,3.59,4.35,1.34,0.91,2.04,2.67
20260213B06,システム約定結果,落札量合計（TSO別）[MW],31,267,515.79,68.352,171,504.713,393,194,361,2505.855
20260213B06,システム約定結果,（内訳）自エリアからの落札量[MW],31,210,515.79,68.352,143,400.24,393,194,224,2179.382
20260213B06,追加調達結果,募集量（TSO別）[MW],-,-,-,-,-,-,-,-,-,-
20260213B06,追加調達結果,応札量合計（電源属地別）[MW],0,0,0,0,0,0,0,0,0,0
20260213B06,追加調達結果,約定量合計（電源属地別）[MW],0,0,0,0,0,0,0,0,0,0
20260213B06,追加調達結果,応札件数（電源属地別）[件],0,0,0,0,0,0,0,0,0,0
20260213B06,追加調達結果,約定件数（電源属地別）[件],0,0,0,0,0,0,0,0,0,0
20260213B06,追加調達結果,最高約定価格（電源属地別）[円/kW・30分],0,0,0,0,0,0,0,0,0,0
20260213B06,追加調達結果,最低約定価格（電源属地別）[円/kW・30分],0,0,0,0,0,0,0,0,0,0
20260213B06,追加調達結果,平均約定価格（電源属地別）[円/kW・30分],0,0,0,0,0,0,0,0,0,0
20260213B06,追加調達結果,最高約定価格（TSO別）[円/kW・30分],0,0,0,0,0,0,0,0,0,0
20260213B06,追加調達結果,最低約定価格（TSO別）[円/kW・30分],0,0,0,0,0,0,0,0,0,0
20260213B06,追加調達結果,平均約定価格（TSO別）[円/kW・30分],0,0,0,0,0,0,0,0,0,0
20260213B06,追加調達結果,約定量合計（TSO別）[MW],0,0,0,0,0,0,0,0,0,0
20260213B06,追加調達結果,（内訳）自エリアからの約定量[MW],0,0,0,0,0,0,0,0,0,0
20260213B06,合計（確報値）,募集量（TSO別）[MW],0,171,735,0,171,476,278,194,288,2313
20260213B06,合計（確報値）,応札量合計（電源属地別）[MW],279.114,510,654.334,281.825,179,984.9,689.199,207,519,4304.372
20260213B06,合計（確報値）,約定量合計（電源属地別）[MW],37.414,210,566.376,123.825,179,428.24,530,207,224,2505.855
20260213B06,合計（確報値）,応札件数（電源属地別）[件],9,2,8,6,2,6,12,2,7,54
20260213B06,合計（確報値）,約定件数（電源属地別）[件],5,2,8,5,2,5,12,2,5,46
20260213B06,合計（確報値）,最高約定価格（電源属地別）[円/kW・30分],9.5,2.88,4.84,0.36,3.59,6.6,9.57,7.52,4.08,9.57
20260213B06,合計（確報値）,最低約定価格（電源属地別）[円/kW・30分],7.5,1.8,0.36,0.36,3.58,1.35,0.62,0.36,2.24,0.36
20260213B06,合計（確報値）,平均約定価格（電源属地別）[円/kW・30分],9.33,2.16,2.78,0.36,3.59,4.94,1.18,0.88,2.85,2.64
20260213B06,合計（確報値）,最高約定価格（TSO別）[円/kW・30分],9.5,9.49,4.84,0.36,3.63,6.6,9.57,7.52,4.08,9.57
20260213B06,合計（確報値）,最低約定価格（TSO別）[円/kW・30分],7.5,0.36,0.36,0.36,3.58,0.36,0.62,0.36,0.62,0.36
20260213B06,合計（確報値）,平均約定価格（TSO別）[円/kW・30分],9.3,2,3.01,0.36,3.59,4.3,1.34,0.91,2.04,2.64
20260213B06,合計（確報値）,約定量合計（TSO別）[MW],31,267,515.79,68.352,171,504.713,393,194,361,2505.855
20260213B06,合計（確報値）,（内訳）自エリアからの約定量[MW],31,210,515.79,68.352,143,400.24,393,194,224,2179.382
20260213B07,システム約定結果,募集量（TSO別）[MW],0,148,474,0,115,410,271,111,260,1789
20260213B07,システム約定結果,応札量合計（電源属地別）[MW],223,250,873.928,77.95,123,1177.9,689.199,121,644.97,4180.947
20260213B07,システム約定結果,落札量合計（電源属地別）[MW],18,70,571.571,70.628,123,485.122,283.601,121,210.01,1952.932
20260213B07,システム約定結果,応札件数（電源属地別）[件],3,1,8,2,1,7,12,4,9,47
20260213B07,システム約定結果,落札件数（電源属地別）[件],1,1,8,1,1,6,12,4,6,40
20260213B07,システム約定結果,最高落札価格（電源属地別）[円/kW・30分],7.6,2.87,4.35,0.46,4.89,5.97,9.57,6.95,5.07,9.57
20260213B07,システム約定結果,最低落札価格（電源属地別）[円/kW・30分],7.6,2.87,0.35,0.46,4.89,2.25,1.55,0.36,2.3,0.35
20260213B07,システム約定結果,平均落札価格（電源属地別）[円/kW・30分],7.6,2.87,1.58,0.46,4.89,5.19,2.72,1.42,3.12,3.07
20260213B07,システム約定結果,最高落札価格（TSO別）[円/kW・30分],7.6,4.35,4.35,0.46,4.89,5.97,9.57,6.95,5.97,9.57
20260213B07,システム約定結果,最低落札価格（TSO別）[円/kW・30分],7.6,0.35,0.36,0.46,3.68,1.66,1.55,0.36,0.36,0.35
20260213B07,システム約定結果,平均落札価格（TSO別）[円/kW・30分],7.6,1.83,1.71,0.46,4.46,5.02,3.08,1.52,3.51,3.07
20260213B07,システム約定結果,落札量合計（TSO別）[MW],18,148,474,70.628,115,410,298.294,111,308.01,1952.932
20260213B07,システム約定結果,（内訳）自エリアからの落札量[MW],18,70,474,70.628,74,404.713,237.314,111,210.01,1669.665
20260213B07,追加調達結果,募集量（TSO別）[MW],-,-,-,-,-,-,-,-,-,-
20260213B07,追加調達結果,応札量合計（電源属地別）[MW],0,0,0,0,0,0,0,0,0,0
20260213B07,追加調達結果,約定量合計（電源属地別）[MW],0,0,0,0,0,0,0,0,0,0
20260213B07,追加調達結果,応札件数（電源属地別）[件],0,0,0,0,0,0,0,0,0,0
20260213B07,追加調達結果,約定件数（電源属地別）[件],0,0,0,0,0,0,0,0,0,0
20260213B07,追加調達結果,最高約定価格（電源属地別）[円/kW・30分],0,0,0,0,0,0,0,0,0,0
20260213B07,追加調達結果,最低約定価格（電源属地別）[円/kW・30分],0,0,0,0,0,0,0,0,0,0
20260213B07,追加調達結果,平均約定価格（電源属地別）[円/kW・30分],0,0,0,0,0,0,0,0,0,0
20260213B07,追加調達結果,最高約定価格（TSO別）[円/kW・30分],0,0,0,0,0,0,0,0,0,0
20260213B07,追加調達結果,最低約定価格（TSO別）[円/kW・30分],0,0,0,0,0,0,0,0,0,0
20260213B07,追加調達結果,平均約定価格（TSO別）[円/kW・30分],0,0,0,0,0,0,0,0,0,0
20260213B07,追加調達結果,約定量合計（TSO別）[MW],0,0,0,0,0,0,0,0,0,0
20260213B07,追加調達結果,（内訳）自エリアからの約定量[MW],0,0,0,0,0,0,0,0,0,0
20260213B07,合計（確報値）,募集量（TSO別）[MW],0,148,474,0,115,410,271,111,260,1789
20260213B07,合計（確報値）,応札量合計（電源属地別）[MW],241,250,873.928,148.578,123,1177.9,689.199,121,678.97,4303.575
20260213B07,合計（確報値）,約定量合計（電源属地別）[MW],18,70,571.571,70.628,123,485.122,283.601,106,210.01,1937.932
20260213B07,合計（確報値）,応札件数（電源属地別）[件],4,1,8,5,1,7,12,4,10,52
20260213B07,合計（確報値）,約定件数（電源属地別）[件],1,1,8,3,1,6,12,3,6,41
20260213B07,合計（確報値）,最高約定価格（電源属地別）[円/kW・30分],7.6,2.87,4.35,0.36,4.89,5.97,9.57,6.95,5.07,9.57
20260213B07,合計（確報値）,最低約定価格（電源属地別）[円/kW・30分],7.6,2.87,0.35,0.36,4.89,2.25,1.55,0.36,1.31,0.35
20260213B07,合計（確報値）,平均約定価格（電源属地別）[円/kW・30分],7.6,2.87,1.58,0.36,4.89,5.19,2.72,1.54,2.55,3.02
20260213B07,合計（確報値）,最高約定価格（TSO別）[円/kW・30分],7.6,4.35,4.35,0.36,4.89,5.97,9.57,6.95,5.97,9.57
20260213B07,合計（確報値）,最低約定価格（TSO別）[円/kW・30分],7.6,0.35,0.36,0.36,3.68,1.66,1.55,0.36,0.36,0.35
20260213B07,合計（確報値）,平均約定価格（TSO別）[円/kW・30分],7.6,1.83,1.71,0.36,4.46,5.02,3.08,1.66,3.12,3.02
20260213B07,合計（確報値）,約定量合計（TSO別）[MW],18,148,474,70.628,115,410,298.294,96,308.01,1937.932
20260213B07,合計（確報値）,（内訳）自エリアからの約定量[MW],18,70,474,70.628,74,404.713,237.314,96,210.01,1654.665
20260213B08,システム約定結果,募集量（TSO別）[MW],0,0,85,0,110,284,280,96,252,1107
20260213B08,システム約定結果,応札量合計（電源属地別）[MW],226,250,711.12,79.3,130,1175.9,833.949,109,486,4001.269
20260213B08,システム約定結果,落札量合計（電源属地別）[MW],10,70,474.636,34.175,130,485.122,282.03,108,198,1791.963
20260213B08,システム約定結果,応札件数（電源属地別）[件],4,1,8,2,1,6,13,6,6,47
20260213B08,システム約定結果,落札件数（電源属地別）[件],1,1,6,1,1,6,13,6,5,40
20260213B08,システム約定結果,最高落札価格（電源属地別）[円/kW・30分],11.4,3.58,4.39,0.36,3.63,7.35,9.57,6.76,3.61,11.4
20260213B08,システム約定結果,最低落札価格（電源属地別）[円/kW・30分],11.4,3.58,1.58,0.36,3.63,0.44,0.91,0.36,1.89,0.36
20260213B08,システム約定結果,平均落札価格（電源属地別）[円/kW・30分],11.4,3.58,2.51,0.36,3.63,5.19,2.07,1.38,2.54,3.23
20260213B08,システム約定結果,最高落札価格（TSO別）[円/kW・30分],11.4,3.58,4.39,0.36,3.63,7.35,9.57,6.76,6,11.4
20260213B08,システム約定結果,最低落札価格（TSO別）[円/kW・30分],11.4,3.58,1.58,0.36,3.63,0.44,0.91,0.36,1.89,0.36
20260213B08,システム約定結果,平均落札価格（TSO別）[円/kW・30分],11.4,3.58,2.51,0.36,3.63,4.87,2.87,1.38,3.25,3.23
20260213B08,システム約定結果,落札量合計（TSO別）[MW],10,70,474.636,34.175,130,368.152,345,108,252,1791.963
20260213B08,システム約定結果,（内訳）自エリアからの落札量[MW],10,70,474.636,34.175,130,368.152,279.03,108,198,1671.993
20260213B08,追加調達結果,募集量（TSO別）[MW],-,-,-,-,-,-,-,-,-,-
20260213B08,追加調達結果,応札量合計（電源属地別）[MW],0,0,0,0,0,0,0,0,0,0
20260213B08,追加調達結果,約定量合計（電源属地別）[MW],0,0,0,0,0,0,0,0,0,0
20260213B08,追加調達結果,応札件数（電源属地別）[件],0,0,0,0,0,0,0,0,0,0
20260213B08,追加調達結果,約定件数（電源属地別）[件],0,0,0,0,0,0,0,0,0,0
20260213B08,追加調達結果,最高約定価格（電源属地別）[円/kW・30分],0,0,0,0,0,0,0,0,0,0
20260213B08,追加調達結果,最低約定価格（電源属地別）[円/kW・30分],0,0,0,0,0,0,0,0,0,0
20260213B08,追加調達結果,平均約定価格（電源属地別）[円/kW・30分],0,0,0,0,0,0,0,0,0,0
20260213B08,追加調達結果,最高約定価格（TSO別）[円/kW・30分],0,0,0,0,0,0,0,0,0,0
20260213B08,追加調達結果,最低約定価格（TSO別）[円/kW・30分],0,0,0,0,0,0,0,0,0,0
20260213B08,追加調達結果,平均約定価格（TSO別）[円/kW・30分],0,0,0,0,0,0,0,0,0,0
20260213B08,追加調達結果,約定量合計（TSO別）[MW],0,0,0,0,0,0,0,0,0,0
20260213B08,追加調達結果,（内訳）自エリアからの約定量[MW],0,0,0,0,0,0,0,0,0,0
20260213B08,合計（確報値）,募集量（TSO別）[MW],0,0,85,0,110,284,280,96,252,1107
20260213B08,合計（確報値）,応札量合計（電源属地別）[MW],236,250,711.12,113.475,130,1175.9,833.949,109,520,4079.444
20260213B08,合計（確報値）,約定量合計（電源属地別）[MW],10,70,474.636,34.175,130,485.122,282.03,108,198,1791.963
20260213B08,合計（確報値）,応札件数（電源属地別）[件],6,1,8,4,1,6,13,6,7,52
20260213B08,合計（確報値）,約定件数（電源属地別）[件],2,1,6,2,1,6,13,6,5,42
20260213B08,合計（確報値）,最高約定価格（電源属地別）[円/kW・30分],11.4,3.58,4.39,0.36,3.63,7.35,9.57,6.76,3.61,11.4
20260213B08,合計（確報値）,最低約定価格（電源属地別）[円/kW・30分],11.4,3.58,1.58,0.36,3.63,0.44,0.91,0.36,0.53,0.36
20260213B08,合計（確報値）,平均約定価格（電源属地別）[円/kW・30分],11.4,3.58,2.51,0.36,3.63,5.19,2.07,1.38,2.05,3.18
20260213B08,合計（確報値）,最高約定価格（TSO別）[円/kW・30分],11.4,3.58,4.39,0.36,3.63,7.35,9.57,6.76,6,11.4
20260213B08,合計（確報値）,最低約定価格（TSO別）[円/kW・30分],11.4,3.58,1.58,0.36,3.63,0.44,0.91,0.36,0.53,0.36
20260213B08,合計（確報値）,平均約定価格（TSO別）[円/kW・30分],11.4,3.58,2.51,0.36,3.63,4.87,2.87,1.38,2.86,3.18
20260213B08,合計（確報値）,約定量合計（TSO別）[MW],10,70,474.636,34.175,130,368.152,345,108,252,1791.963
20260213B08,合計（確報値）,（内訳）自エリアからの約定量[MW],10,70,474.636,34.175,130,368.152,279.03,108,198,1671.993
20260214B01,システム約定結果,募集量（TSO別）[MW],0,0,0,0,112,0,55,85,282,534
20260214B01,システム約定結果,応札量合計（電源属地別）[MW],78.3,630,441.514,443.882,116,836,547.342,93,452,3638.038
20260214B01,システム約定結果,落札量合計（電源属地別）[MW],17.3,207.552,154.55,372.34,116,196.732,236.07,93,157,1550.544
20260214B01,システム約定結果,応札件数（電源属地別）[件],2,3,5,4,1,4,7,6,5,37
20260214B01,システム約定結果,落札件数（電源属地別）[件],1,3,4,2,1,4,7,6,3,31
20260214B01,システム約定結果,最高落札価格（電源属地別）[円/kW・30分],4.1,4.55,1.02,2.51,1.95,2.21,2.28,7.44,1.01,7.44
20260214B01,システム約定結果,最低落札価格（電源属地別）[円/kW・30分],4.1,2.64,0.93,2.25,1.95,1.31,0.36,0.36,0.36,0.36
20260214B01,システム約定結果,平均落札価格（電源属地別）[円/kW・30分],4.1,3.28,1,2.44,1.95,1.73,1.69,1.78,0.5,1.95
20260214B01,システム約定結果,最高落札価格（TSO別）[円/kW・30分],4.1,4.55,1.02,2.51,1.95,2.21,2.28,7.44,2.51,7.44
20260214B01,システム約定結果,最低落札価格（TSO別）[円/kW・30分],4.1,2.64,0.93,2.25,1.95,1.31,0.36,0.36,0.36,0.36
20260214B01,システム約定結果,平均落札価格（TSO別）[円/kW・30分],4.1,3.28,1,2.41,1.95,1.73,1.68,1.78,1.35,1.95
20260214B01,システム約定結果,落札量合計（TSO別）[MW],17.3,207.552,154.55,264.41,116,196.732,219,93,282,1550.544
20260214B01,システム約定結果,（内訳）自エリアからの落札量[MW],17.3,207.552,154.55,264.41,116,196.732,219,93,157,1425.544
20260214B01,追加調達結果,募集量（TSO別）[MW],-,-,-,-,-,-,-,-,-,-
20260214B01,追加調達結果,応札量合計（電源属地別）[MW],0,0,0,0,0,0,0,0,0,0
20260214B01,追加調達結果,約定量合計（電源属地別）[MW],0,0,0,0,0,0,0,0,0,0
20260214B01,追加調達結果,応札件数（電源属地別）[件],0,0,0,0,0,0,0,0,0,0
20260214B01,追加調達結果,約定件数（電源属地別）[件],0,0,0,0,0,0,0,0,0,0
20260214B01,追加調達結果,最高約定価格（電源属地別）[円/kW・30分],0,0,0,0,0,0,0,0,0,0
20260214B01,追加調達結果,最低約定価格（電源属地別）[円/kW・30分],0,0,0,0,0,0,0,0,0,0
20260214B01,追加調達結果,平均約定価格（電源属地別）[円/kW・30分],0,0,0,0,0,0,0,0,0,0
20260214B01,追加調達結果,最高約定価格（TSO別）[円/kW・30分],0,0,0,0,0,0,0,0,0,0
20260214B01,追加調達結果,最低約定価格（TSO別）[円/kW・30分],0,0,0,0,0,0,0,0,0,0
20260214B01,追加調達結果,平均約定価格（TSO別）[円/kW・30分],0,0,0,0,0,0,0,0,0,0
20260214B01,追加調達結果,約定量合計（TSO別）[MW],0,0,0,0,0,0,0,0,0,0
20260214B01,追加調達結果,（内訳）自エリアからの約定量[MW],0,0,0,0,0,0,0,0,0,0
20260214B01,合計（確報値）,募集量（TSO別）[MW],0,0,0,0,112,0,55,85,282,534
20260214B01,合計（確報値）,応札量合計（電源属地別）[MW],78.3,630,441.514,717.289,116,836,547.342,93,452,3911.445
20260214B01,合計（確報値）,約定量合計（電源属地別）[MW],17.3,207.552,154.55,372.34,116,196.732,236.07,93,157,1550.544
20260214B01,合計（確報値）,応札件数（電源属地別）[件],2,3,5,10,1,4,7,6,5,43
20260214B01,合計（確報値）,約定件数（電源属地別）[件],1,3,4,7,1,4,7,6,3,36
20260214B01,合計（確報値）,最高約定価格（電源属地別）[円/kW・30分],4.1,4.55,1.02,2.25,1.95,2.21,2.28,7.44,1.01,7.44
20260214B01,合計（確報値）,最低約定価格（電源属地別）[円/kW・30分],4.1,2.64,0.93,0.36,1.95,1.31,0.36,0.36,0.36,0.36
20260214B01,合計（確報値）,平均約定価格（電源属地別）[円/kW・30分],4.1,3.28,1,0.86,1.95,1.73,1.69,1.78,0.5,1.57
20260214B01,合計（確報値）,最高約定価格（TSO別）[円/kW・30分],4.1,4.55,1.02,2.25,1.95,2.21,2.28,7.44,2.28,7.44
20260214B01,合計（確報値）,最低約定価格（TSO別）[円/kW・30分],4.1,2.64,0.93,0.36,1.95,1.31,0.36,0.36,0.36,0.36
20260214B01,合計（確報値）,平均約定価格（TSO別）[円/kW・30分],4.1,3.28,1,1.07,1.95,1.73,1.68,1.78,0.52,1.57
20260214B01,合計（確報値）,約定量合計（TSO別）[MW],17.3,207.552,154.55,264.41,116,196.732,219,93,282,1550.544
20260214B01,合計（確報値）,（内訳）自エリアからの約定量[MW],17.3,207.552,154.55,264.41,116,196.732,219,93,157,1425.544
20260214B02,システム約定結果,募集量（TSO別）[MW],0,50,0,0,93,23,193,87,244,690
20260214B02,システム約定結果,応札量合計（電源属地別）[MW],164,630,452.508,457.882,102,836,547.342,93,514.97,3797.702
20260214B02,システム約定結果,落札量合計（電源属地別）[MW],19,208,301.208,373.34,102,184.713,285.03,87,180,1740.291
20260214B02,システム約定結果,応札件数（電源属地別）[件],3,3,4,4,1,4,7,4,7,37
20260214B02,システム約定結果,落札件数（電源属地別）[件],2,3,2,2,1,4,7,4,5,30
20260214B02,システム約定結果,最高落札価格（電源属地別）[円/kW・30分],7.75,4.63,2.55,2.73,1.69,2.17,2.38,7.53,1.24,7.75
20260214B02,システム約定結果,最低落札価格（電源属地別）[円/kW・30分],5,2.71,1.87,2.62,1.69,1.27,0.36,0.36,0.36,0.36
20260214B02,システム約定結果,平均落札価格（電源属地別）[円/kW・30分],7.32,3.36,2.12,2.65,1.69,1.71,1.67,2.1,0.64,2.14
20260214B02,システム約定結果,最高落札価格（TSO別）[円/kW・30分],7.75,4.63,2.55,2.73,1.69,2.17,2.73,7.53,2.73,7.75
20260214B02,システム約定結果,最低落札価格（TSO別）[円/kW・30分],5,2.71,1.87,2.62,1.69,1.27,0.36,0.36,0.36,0.36
20260214B02,システム約定結果,平均落札価格（TSO別）[円/kW・30分],7.32,3.36,2.12,2.64,1.69,1.71,1.62,2.1,1.1,2.14
20260214B02,システム約定結果,落札量合計（TSO別）[MW],19,208,301.208,344.37,93,184.713,259,87,244,1740.291
20260214B02,システム約定結果,（内訳）自エリアからの落札量[MW],19,208,301.208,344.37,93,184.713,258.03,87,180,1675.321
20260214B02,追加調達結果,募集量（TSO別）[MW],-,-,-,-,-,-,-,-,-,-
20260214B02,追加調達結果,応札量合計（電源属地別）[MW],0,0,0,0,0,0,0,0,0,0
20260214B02,追加調達結果,約定量合計（電源属地別）[MW],0,0,0,0,0,0,0,0,0,0
20260214B02,追加調達結果,応札件数（電源属地別）[件],0,0,0,0,0,0,0,0,0,0
20260214B02,追加調達結果,約定件数（電源属地別）[件],0,0,0,0,0,0,0,0,0,0
20260214B02,追加調達結果,最高約定価格（電源属地別）[円/kW・30分],0,0,0,0,0,0,0,0,0,0
20260214B02,追加調達結果,最低約定価格（電源属地別）[円/kW・30分],0,0,0,0,0,0,0,0,0,0
20260214B02,追加調達結果,平均約定価格（電源属地別）[円/kW・30分],0,0,0,0,0,0,0,0,0,0
20260214B02,追加調達結果,最高約定価格（TSO別）[円/kW・30分],0,0,0,0,0,0,0,0,0,0
20260214B02,追加調達結果,最低約定価格（TSO別）[円/kW・30分],0,0,0,0,0,0,0,0,0,0
20260214B02,追加調達結果,平均約定価格（TSO別）[円/kW・30分],0,0,0,0,0,0,0,0,0,0
20260214B02,追加調達結果,約定量合計（TSO別）[MW],0,0,0,0,0,0,0,0,0,0
20260214B02,追加調達結果,（内訳）自エリアからの約定量[MW],0,0,0,0,0,0,0,0,0,0
20260214B02,合計（確報値）,募集量（TSO別）[MW],0,50,0,0,93,23,193,87,244,690
20260214B02,合計（確報値）,応札量合計（電源属地別）[MW],164,630,452.508,731.289,102,836,547.342,93,514.97,4071.109
20260214B02,合計（確報値）,約定量合計（電源属地別）[MW],19,208,301.208,373.34,102,184.713,285.03,87,180,1740.291
20260214B02,合計（確報値）,応札件数（電源属地別）[件],3,3,4,9,1,4,7,4,7,42
20260214B02,合計（確報値）,約定件数（電源属地別）[件],2,3,2,6,1,4,7,4,5,34
20260214B02,合計（確報値）,最高約定価格（電源属地別）[円/kW・30分],7.75,4.63,2.55,2.73,1.69,2.17,2.38,7.53,1.24,7.75
20260214B02,合計（確報値）,最低約定価格（電源属地別）[円/kW・30分],5,2.71,1.87,0.36,1.69,1.27,0.36,0.36,0.36,0.36
20260214B02,合計（確報値）,平均約定価格（電源属地別）[円/kW・30分],7.32,3.36,2.12,0.99,1.69,1.71,1.67,2.1,0.64,1.79
20260214B02,合計（確報値）,最高約定価格（TSO別）[円/kW・30分],7.75,4.63,2.55,2.73,1.69,2.17,2.73,7.53,2.73,7.75
20260214B02,合計（確報値）,最低約定価格（TSO別）[円/kW・30分],5,2.71,1.87,0.36,1.69,1.27,0.36,0.36,0.36,0.36
20260214B02,合計（確報値）,平均約定価格（TSO別）[円/kW・30分],7.32,3.36,2.12,0.85,1.69,1.71,1.62,2.1,1.1,1.79
20260214B02,合計（確報値）,約定量合計（TSO別）[MW],19,208,301.208,344.37,93,184.713,259,87,244,1740.291
20260214B02,合計（確報値）,（内訳）自エリアからの約定量[MW],19,208,301.208,344.37,93,184.713,258.03,87,180,1675.321
20260214B03,システム約定結果,募集量（TSO別）[MW],0,380,356,0,140,383,329,134,261,1983
20260214B03,システム約定結果,応札量合計（電源属地別）[MW],165.99,890,1287.773,430.882,169,836,717.67,154,415,5066.315
20260214B03,システム約定結果,落札量合計（電源属地別）[MW],44,350,708.409,423.582,169,196.732,286.03,154,203,2534.753
20260214B03,システム約定結果,応札件数（電源属地別）[件],4,4,12,3,2,4,11,3,5,48
20260214B03,システム約定結果,落札件数（電源属地別）[件],3,4,9,2,2,4,11,3,3,41
20260214B03,システム約定結果,最高落札価格（電源属地別）[円/kW・30分],14.35,4.43,3.82,3.51,2.67,2.95,2.26,7.4,0.49,14.35
20260214B03,システム約定結果,最低落札価格（電源属地別）[円/kW・30分],8.03,1.75,0.36,2.63,2.47,2.05,0.42,0.36,0.42,0.36
20260214B03,システム約定結果,平均落札価格（電源属地別）[円/kW・30分],9.57,2.61,1.18,2.87,2.54,2.47,1.2,1.15,0.48,1.94
20260214B03,システム約定結果,最高落札価格（TSO別）[円/kW・30分],14.35,4.43,3.82,3.51,2.67,3.51,2.63,7.4,3.51,14.35
20260214B03,システム約定結果,最低落札価格（TSO別）[円/kW・30分],8.03,0.36,0.36,2.63,2.47,0.36,0.36,0.36,0.42,0.36
20260214B03,システム約定結果,平均落札価格（TSO別）[円/kW・30分],9.57,1.93,1.54,2.99,2.53,2.29,1.52,1.27,1.42,1.94
20260214B03,システム約定結果,落札量合計（TSO別）[MW],44,501,495,58.021,161,413.732,409,134,319,2534.753
20260214B03,システム約定結果,（内訳）自エリアからの落札量[MW],44,350,495,58.021,161,196.732,286.03,134,203,1927.783
20260214B03,追加調達結果,募集量（TSO別）[MW],-,-,-,-,-,-,-,-,-,-
20260214B03,追加調達結果,応札量合計（電源属地別）[MW],0,0,0,0,0,0,0,0,0,0
20260214B03,追加調達結果,約定量合計（電源属地別）[MW],0,0,0,0,0,0,0,0,0,0
20260214B03,追加調達結果,応札件数（電源属地別）[件],0,0,0,0,0,0,0,0,0,0
20260214B03,追加調達結果,約定件数（電源属地別）[件],0,0,0,0,0,0,0,0,0,0
20260214B03,追加調達結果,最高約定価格（電源属地別）[円/kW・30分],0,0,0,0,0,0,0,0,0,0
20260214B03,追加調達結果,最低約定価格（電源属地別）[円/kW・30分],0,0,0,0,0,0,0,0,0,0
20260214B03,追加調達結果,平均約定価格（電源属地別）[円/kW・30分],0,0,0,0,0,0,0,0,0,0
20260214B03,追加調達結果,最高約定価格（TSO別）[円/kW・30分],0,0,0,0,0,0,0,0,0,0
20260214B03,追加調達結果,最低約定価格（TSO別）[円/kW・30分],0,0,0,0,0,0,0,0,0,0
20260214B03,追加調達結果,平均約定価格（TSO別）[円/kW・30分],0,0,0,0,0,0,0,0,0,0
20260214B03,追加調達結果,約定量合計（TSO別）[MW],0,0,0,0,0,0,0,0,0,0
20260214B03,追加調達結果,（内訳）自エリアからの約定量[MW],0,0,0,0,0,0,0,0,0,0
20260214B03,合計（確報値）,募集量（TSO別）[MW],0,380,356,0,140,383,329,134,261,1983
20260214B03,合計（確報値）,応札量合計（電源属地別）[MW],165.99,890,1287.773,738.464,169,836,717.67,154,415,5373.897
20260214B03,合計（確報値）,約定量合計（電源属地別）[MW],44,350,708.409,423.582,169,196.732,286.03,154,203,2534.753
20260214B03,合計（確報値）,応札件数（電源属地別）[件],4,4,12,11,2,4,11,3,5,56
20260214B03,合計（確報値）,約定件数（電源属地別）[件],3,4,9,9,2,4,11,3,3,48
20260214B03,合計（確報値）,最高約定価格（電源属地別）[円/kW・30分],14.35,4.43,3.82,3.51,2.67,2.95,2.26,7.4,0.49,14.35
20260214B03,合計（確報値）,最低約定価格（電源属地別）[円/kW・30分],8.03,1.75,0.36,0.36,2.47,2.05,0.42,0.36,0.42,0.36
20260214B03,合計（確報値）,平均約定価格（電源属地別）[円/kW・30分],9.57,2.61,1.18,1.22,2.54,2.47,1.2,1.15,0.48,1.67
20260214B03,合計（確報値）,最高約定価格（TSO別）[円/kW・30分],14.35,4.43,3.82,3.51,2.67,3.51,2.26,7.4,3.51,14.35
20260214B03,合計（確報値）,最低約定価格（TSO別）[円/kW・30分],8.03,0.36,0.36,0.36,2.47,0.36,0.36,0.36,0.36,0.36
20260214B03,合計（確報値）,平均約定価格（TSO別）[円/kW・30分],9.57,1.93,1.54,1.65,2.53,1.64,0.95,1.27,1.04,1.67
20260214B03,合計（確報値）,約定量合計（TSO別）[MW],44,501,495,58.021,161,413.732,409,134,319,2534.753
20260214B03,合計（確報値）,（内訳）自エリアからの約定量[MW],44,350,495,58.021,161,196.732,286.03,134,203,1927.783
20260214B04,システム約定結果,募集量（TSO別）[MW],0,132,718,0,258,559,470,265,361,2763
20260214B04,システム約定結果,応札量合計（電源属地別）[MW],167.3,450,1275.655,0,247,838,403.224,265,719,4365.179
20260214B04,システム約定結果,落札量合計（電源属地別）[MW],26,176,718,0,247,712.137,401.595,265,419,2964.732
20260214B04,システム約定結果,応札件数（電源属地別）[件],4,2,9,0,2,5,5,3,5,35
20260214B04,システム約定結果,落札件数（電源属地別）[件],1,2,5,0,2,4,5,3,4,26
20260214B04,システム約定結果,最高落札価格（電源属地別）[円/kW・30分],9.84,3.29,0.36,0,1.38,1.13,0.41,13.52,0.63,13.52
20260214B04,システム約定結果,最低落札価格（電源属地別）[円/kW・30分],9.84,2.23,0.35,0,1.18,0.36,0.36,0.36,0.36,0.35
20260214B04,システム約定結果,平均落札価格（電源属地別）[円/kW・30分],9.84,2.45,0.36,0,1.26,0.59,0.39,1.61,0.42,0.82
20260214B04,システム約定結果,最高落札価格（TSO別）[円/kW・30分],9.84,3.29,0.36,0,1.38,1.13,1.13,13.52,0.63,13.52
20260214B04,システム約定結果,最低落札価格（TSO別）[円/kW・30分],9.84,2.23,0.35,0,1.18,0.36,0.36,0.36,0.36,0.35
20260214B04,システム約定結果,平均落札価格（TSO別）[円/kW・30分],9.84,2.45,0.36,0,1.26,0.48,0.56,1.61,0.42,0.82
20260214B04,システム約定結果,落札量合計（TSO別）[MW],26,176,718,0,247,559.732,554,265,419,2964.732
20260214B04,システム約定結果,（内訳）自エリアからの落札量[MW],26,176,718,0,247,559.732,401.595,265,419,2812.327
20260214B04,追加調達結果,募集量（TSO別）[MW],-,-,-,-,-,-,-,-,-,-
20260214B04,追加調達結果,応札量合計（電源属地別）[MW],0,0,0,0,0,0,0,0,0,0
20260214B04,追加調達結果,約定量合計（電源属地別）[MW],0,0,0,0,0,0,0,0,0,0
20260214B04,追加調達結果,応札件数（電源属地別）[件],0,0,0,0,0,0,0,0,0,0
20260214B04,追加調達結果,約定件数（電源属地別）[件],0,0,0,0,0,0,0,0,0,0
20260214B04,追加調達結果,最高約定価格（電源属地別）[円/kW・30分],0,0,0,0,0,0,0,0,0,0
20260214B04,追加調達結果,最低約定価格（電源属地別）[円/kW・30分],0,0,0,0,0,0,0,0,0,0
20260214B04,追加調達結果,平均約定価格（電源属地別）[円/kW・30分],0,0,0,0,0,0,0,0,0,0
20260214B04,追加調達結果,最高約定価格（TSO別）[円/kW・30分],0,0,0,0,0,0,0,0,0,0
20260214B04,追加調達結果,最低約定価格（TSO別）[円/kW・30分],0,0,0,0,0,0,0,0,0,0
20260214B04,追加調達結果,平均約定価格（TSO別）[円/kW・30分],0,0,0,0,0,0,0,0,0,0
20260214B04,追加調達結果,約定量合計（TSO別）[MW],0,0,0,0,0,0,0,0,0,0
20260214B04,追加調達結果,（内訳）自エリアからの約定量[MW],0,0,0,0,0,0,0,0,0,0
20260214B04,合計（確報値）,募集量（TSO別）[MW],0,132,718,0,258,559,470,265,361,2763
20260214B04,合計（確報値）,応札量合計（電源属地別）[MW],167.3,450,1275.655,0,247,838,403.224,265,719,4365.179
20260214B04,合計（確報値）,約定量合計（電源属地別）[MW],26,176,718,0,247,712.137,401.595,265,419,2964.732
20260214B04,合計（確報値）,応札件数（電源属地別）[件],4,2,9,0,2,5,5,3,5,35
20260214B04,合計（確報値）,約定件数（電源属地別）[件],1,2,5,0,2,4,5,3,4,26
20260214B04,合計（確報値）,最高約定価格（電源属地別）[円/kW・30分],9.84,3.29,0.36,0,1.38,1.13,0.41,13.52,0.63,13.52
20260214B04,合計（確報値）,最低約定価格（電源属地別）[円/kW・30分],9.84,2.23,0.35,0,1.18,0.36,0.36,0.36,0.36,0.35
20260214B04,合計（確報値）,平均約定価格（電源属地別）[円/kW・30分],9.84,2.45,0.36,0,1.26,0.59,0.39,1.61,0.42,0.82
20260214B04,合計（確報値）,最高約定価格（TSO別）[円/kW・30分],9.84,3.29,0.36,0,1.38,1.13,1.13,13.52,0.63,13.52
20260214B04,合計（確報値）,最低約定価格（TSO別）[円/kW・30分],9.84,2.23,0.35,0,1.18,0.36,0.36,0.36,0.36,0.35
20260214B04,合計（確報値）,平均約定価格（TSO別）[円/kW・30分],9.84,2.45,0.36,0,1.26,0.48,0.56,1.61,0.42,0.82
20260214B04,合計（確報値）,約定量合計（TSO別）[MW],26,176,718,0,247,559.732,554,265,419,2964.732
20260214B04,合計（確報値）,（内訳）自エリアからの約定量[MW],26,176,718,0,247,559.732,401.595,265,419,2812.327
20260214B05,システム約定結果,募集量（TSO別）[MW],72,0,40,0,221,412,227,225,318,1515
20260214B05,システム約定結果,応札量合計（電源属地別）[MW],159.99,261.5,151.3,1.5,228,836,403.224,225,719,2985.514
20260214B05,システム約定結果,落札量合計（電源属地別）[MW],41.53,140,151.3,0,228,266.432,379.629,225,319,1750.891
20260214B05,システム約定結果,応札件数（電源属地別）[件],4,2,2,1,2,4,5,3,5,28
20260214B05,システム約定結果,落札件数（電源属地別）[件],2,1,2,0,2,4,5,3,3,22
20260214B05,システム約定結果,最高落札価格（電源属地別）[円/kW・30分],10.43,2.38,0.35,0,0.58,0.56,0.36,17.15,0.36,17.15
20260214B05,システム約定結果,最低落札価格（電源属地別）[円/kW・30分],10,2.38,0.35,0,0.37,0.36,0.36,0.36,0.36,0.35
20260214B05,システム約定結果,平均落札価格（電源属地別）[円/kW・30分],10.4,2.38,0.35,0,0.44,0.42,0.36,2.11,0.36,1
20260214B05,システム約定結果,最高落札価格（TSO別）[円/kW・30分],10.43,2.38,0.35,0,0.58,0.56,0.36,17.15,0.36,17.15
20260214B05,システム約定結果,最低落札価格（TSO別）[円/kW・30分],2.38,2.38,0.35,0,0.37,0.35,0.36,0.36,0.36,0.35
20260214B05,システム約定結果,平均落札価格（TSO別）[円/kW・30分],6.75,2.38,0.35,0,0.45,0.4,0.36,2.11,0.36,1
20260214B05,システム約定結果,落札量合計（TSO別）[MW],76.25,105.28,40,0,224,412,318.361,225,350,1750.891
20260214B05,システム約定結果,（内訳）自エリアからの落札量[MW],41.53,105.28,40,0,224,266.432,318.361,225,319,1539.603
20260214B05,追加調達結果,募集量（TSO別）[MW],-,-,-,-,-,-,-,-,-,-
20260214B05,追加調達結果,応札量合計（電源属地別）[MW],0,0,0,0,0,0,0,0,0,0
20260214B05,追加調達結果,約定量合計（電源属地別）[MW],0,0,0,0,0,0,0,0,0,0
20260214B05,追加調達結果,応札件数（電源属地別）[件],0,0,0,0,0,0,0,0,0,0
20260214B05,追加調達結果,約定件数（電源属地別）[件],0,0,0,0,0,0,0,0,0,0
20260214B05,追加調達結果,最高約定価格（電源属地別）[円/kW・30分],0,0,0,0,0,0,0,0,0,0
20260214B05,追加調達結果,最低約定価格（電源属地別）[円/kW・30分],0,0,0,0,0,0,0,0,0,0
20260214B05,追加調達結果,平均約定価格（電源属地別）[円/kW・30分],0,0,0,0,0,0,0,0,0,0
20260214B05,追加調達結果,最高約定価格（TSO別）[円/kW・30分],0,0,0,0,0,0,0,0,0,0
20260214B05,追加調達結果,最低約定価格（TSO別）[円/kW・30分],0,0,0,0,0,0,0,0,0,0
20260214B05,追加調達結果,平均約定価格（TSO別）[円/kW・30分],0,0,0,0,0,0,0,0,0,0
20260214B05,追加調達結果,約定量合計（TSO別）[MW],0,0,0,0,0,0,0,0,0,0
20260214B05,追加調達結果,（内訳）自エリアからの約定量[MW],0,0,0,0,0,0,0,0,0,0
20260214B05,合計（確報値）,募集量（TSO別）[MW],72,0,40,0,221,412,227,225,318,1515
20260214B05,合計（確報値）,応札量合計（電源属地別）[MW],159.99,261.5,151.3,1.5,228,836,403.224,225,719,2985.514
20260214B05,合計（確報値）,約定量合計（電源属地別）[MW],41.53,140,151.3,0,228,266.432,379.629,225,319,1750.891
20260214B05,合計（確報値）,応札件数（電源属地別）[件],4,2,2,1,2,4,5,3,5,28
20260214B05,合計（確報値）,約定件数（電源属地別）[件],2,1,2,0,2,4,5,3,3,22
20260214B05,合計（確報値）,最高約定価格（電源属地別）[円/kW・30分],10.43,2.38,0.35,0,0.58,0.56,0.36,17.15,0.36,17.15
20260214B05,合計（確報値）,最低約定価格（電源属地別）[円/kW・30分],10,2.38,0.35,0,0.37,0.36,0.36,0.36,0.36,0.35
20260214B05,合計（確報値）,平均約定価格（電源属地別）[円/kW・30分],10.4,2.38,0.35,0,0.44,0.42,0.36,2.11,0.36,1
20260214B05,合計（確報値）,最高約定価格（TSO別）[円/kW・30分],10.43,2.38,0.35,0,0.58,0.56,0.36,17.15,0.36,17.15
20260214B05,合計（確報値）,最低約定価格（TSO別）[円/kW・30分],2.38,2.38,0.35,0,0.37,0.35,0.36,0.36,0.36,0.35
20260214B05,合計（確報値）,平均約定価格（TSO別）[円/kW・30分],6.75,2.38,0.35,0,0.45,0.4,0.36,2.11,0.36,1
20260214B05,合計（確報値）,約定量合計（TSO別）[MW],76.25,105.28,40,0,224,412,318.361,225,350,1750.891
20260214B05,合計（確報値）,（内訳）自エリアからの約定量[MW],41.53,105.28,40,0,224,266.432,318.361,225,319,1539.603
20260214B06,システム約定結果,募集量（TSO別）[MW],0,171,707,0,171,476,278,194,288,2285
20260214B06,システム約定結果,応札量合計（電源属地別）[MW],164,510,975.157,220,179,607,403.224,207,552,3817.381
20260214B06,システム約定結果,落札量合計（電源属地別）[MW],13,210,771.137,188.98,179,277.438,403.224,207,319,2568.779
20260214B06,システム約定結果,応札件数（電源属地別）[件],3,2,8,2,2,4,5,3,5,34
20260214B06,システム約定結果,落札件数（電源属地別）[件],2,2,7,2,2,3,5,3,3,29
20260214B06,システム約定結果,最高落札価格（電源属地別）[円/kW・30分],8.08,4.71,3.94,3.49,2.19,1.39,1.28,12.54,1.01,12.54
20260214B06,システム約定結果,最低落札価格（電源属地別）[円/kW・30分],7.3,1.89,0.36,3.16,1.99,1.23,0.36,0.36,0.93,0.36
20260214B06,システム約定結果,平均落札価格（電源属地別）[円/kW・30分],7.9,2.83,1.75,3.33,2.06,1.28,0.99,1.88,1,1.75
20260214B06,システム約定結果,最高落札価格（TSO別）[円/kW・30分],8.08,4.71,3.94,3.49,2.19,3.49,3.16,12.54,1.01,12.54
20260214B06,システム約定結果,最低落札価格（TSO別）[円/kW・30分],7.3,0.36,0.36,3.16,1.99,0.36,0.36,0.36,0.36,0.36
20260214B06,システム約定結果,平均落札価格（TSO別）[円/kW・30分],7.9,2.3,1.87,3.34,2.06,1.68,1.06,1.98,0.96,1.75
20260214B06,システム約定結果,落札量合計（TSO別）[MW],13,267,707,78.515,171,476,322.264,194,340,2568.779
20260214B06,システム約定結果,（内訳）自エリアからの落札量[MW],13,210,707,78.515,171,259.769,288.264,194,319,2240.548
20260214B06,追加調達結果,募集量（TSO別）[MW],-,-,-,-,-,-,-,-,-,-
20260214B06,追加調達結果,応札量合計（電源属地別）[MW],0,0,0,0,0,0,0,0,0,0
20260214B06,追加調達結果,約定量合計（電源属地別）[MW],0,0,0,0,0,0,0,0,0,0
20260214B06,追加調達結果,応札件数（電源属地別）[件],0,0,0,0,0,0,0,0,0,0
20260214B06,追加調達結果,約定件数（電源属地別）[件],0,0,0,0,0,0,0,0,0,0
20260214B06,追加調達結果,最高約定価格（電源属地別）[円/kW・30分],0,0,0,0,0,0,0,0,0,0
20260214B06,追加調達結果,最低約定価格（電源属地別）[円/kW・30分],0,0,0,0,0,0,0,0,0,0
20260214B06,追加調達結果,平均約定価格（電源属地別）[円/kW・30分],0,0,0,0,0,0,0,0,0,0
20260214B06,追加調達結果,最高約定価格（TSO別）[円/kW・30分],0,0,0,0,0,0,0,0,0,0
20260214B06,追加調達結果,最低約定価格（TSO別）[円/kW・30分],0,0,0,0,0,0,0,0,0,0
20260214B06,追加調達結果,平均約定価格（TSO別）[円/kW・30分],0,0,0,0,0,0,0,0,0,0
20260214B06,追加調達結果,約定量合計（TSO別）[MW],0,0,0,0,0,0,0,0,0,0
20260214B06,追加調達結果,（内訳）自エリアからの約定量[MW],0,0,0,0,0,0,0,0,0,0
20260214B06,合計（確報値）,募集量（TSO別）[MW],0,171,707,0,171,476,278,194,288,2285
20260214B06,合計（確報値）,応札量合計（電源属地別）[MW],164,510,975.157,597.96,179,607,403.224,207,552,4195.341
20260214B06,合計（確報値）,約定量合計（電源属地別）[MW],13,210,771.137,188.98,179,277.438,403.224,207,319,2568.779
20260214B06,合計（確報値）,応札件数（電源属地別）[件],3,2,8,24,2,4,5,3,5,56
20260214B06,合計（確報値）,約定件数（電源属地別）[件],2,2,7,12,2,3,5,3,3,39
20260214B06,合計（確報値）,最高約定価格（電源属地別）[円/kW・30分],8.08,4.71,3.94,0.36,2.19,1.39,1.28,12.54,1.01,12.54
20260214B06,合計（確報値）,最低約定価格（電源属地別）[円/kW・30分],7.3,1.89,0.36,0.36,1.99,1.23,0.36,0.36,0.93,0.36
20260214B06,合計（確報値）,平均約定価格（電源属地別）[円/kW・30分],7.9,2.83,1.75,0.36,2.06,1.28,0.99,1.88,1,1.54
20260214B06,合計（確報値）,最高約定価格（TSO別）[円/kW・30分],8.08,4.71,3.94,0.36,2.19,1.39,1.99,12.54,1.01,12.54
20260214B06,合計（確報値）,最低約定価格（TSO別）[円/kW・30分],7.3,0.36,0.36,0.36,1.99,0.36,0.36,0.36,0.36,0.36
20260214B06,合計（確報値）,平均約定価格（TSO別）[円/kW・30分],7.9,2.3,1.87,0.36,2.06,1.04,0.99,1.98,0.96,1.54
20260214B06,合計（確報値）,約定量合計（TSO別）[MW],13,267,707,78.515,171,476,322.264,194,340,2568.779
20260214B06,合計（確報値）,（内訳）自エリアからの約定量[MW],13,210,707,78.515,171,259.769,288.264,194,319,2240.548
20260214B07,システム約定結果,募集量（TSO別）[MW],0,148,446,0,115,410,271,111,260,1761
20260214B07,システム約定結果,応札量合計（電源属地別）[MW],161,440,1348.809,1690.96,123,607,573.552,121,588.97,5654.291
20260214B07,システム約定結果,落札量合計（電源属地別）[MW],17,140,655.641,622,123,119.019,320.567,111,167,2275.227
20260214B07,システム約定結果,応札件数（電源属地別）[件],2,2,14,7,1,4,9,4,8,51
20260214B07,システム約定結果,落札件数（電源属地別）[件],1,2,8,5,1,3,9,4,5,38
20260214B07,システム約定結果,最高落札価格（電源属地別）[円/kW・30分],6.68,4.19,5.32,7.82,3.51,3.01,2.71,9.05,4.65,9.05
20260214B07,システム約定結果,最低落札価格（電源属地別）[円/kW・30分],6.68,2.37,1.02,2.88,3.51,2.85,0.46,0.36,1.69,0.36
20260214B07,システム約定結果,平均落札価格（電源属地別）[円/kW・30分],6.68,3.28,3.04,4.32,3.51,2.96,1.8,3.44,2.99,3.29
20260214B07,システム約定結果,最高落札価格（TSO別）[円/kW・30分],6.68,5.32,5.32,7.82,3.51,7.82,7.82,9.05,4.65,9.05
20260214B07,システム約定結果,最低落札価格（TSO別）[円/kW・30分],6.68,2.37,1.02,2.88,3.51,0.57,0.46,0.36,1.69,0.36
20260214B07,システム約定結果,平均落札価格（TSO別）[円/kW・30分],6.68,3.39,3.01,5.19,3.51,3.5,2.21,3.44,2.97,3.29
20260214B07,システム約定結果,落札量合計（TSO別）[MW],17,148,647.641,228.386,115,410,333.2,111,265,2275.227
20260214B07,システム約定結果,（内訳）自エリアからの落札量[MW],17,140,647.641,228.386,115,119.019,272.23,111,167,1817.276
20260214B07,追加調達結果,募集量（TSO別）[MW],-,-,-,-,-,-,-,-,-,-
20260214B07,追加調達結果,応札量合計（電源属地別）[MW],0,0,0,0,0,0,0,0,0,0
20260214B07,追加調達結果,約定量合計（電源属地別）[MW],0,0,0,0,0,0,0,0,0,0
20260214B07,追加調達結果,応札件数（電源属地別）[件],0,0,0,0,0,0,0,0,0,0
20260214B07,追加調達結果,約定件数（電源属地別）[件],0,0,0,0,0,0,0,0,0,0
20260214B07,追加調達結果,最高約定価格（電源属地別）[円/kW・30分],0,0,0,0,0,0,0,0,0,0
20260214B07,追加調達結果,最低約定価格（電源属地別）[円/kW・30分],0,0,0,0,0,0,0,0,0,0
20260214B07,追加調達結果,平均約定価格（電源属地別）[円/kW・30分],0,0,0,0,0,0,0,0,0,0
20260214B07,追加調達結果,最高約定価格（TSO別）[円/kW・30分],0,0,0,0,0,0,0,0,0,0
20260214B07,追加調達結果,最低約定価格（TSO別）[円/kW・30分],0,0,0,0,0,0,0,0,0,0
20260214B07,追加調達結果,平均約定価格（TSO別）[円/kW・30分],0,0,0,0,0,0,0,0,0,0
20260214B07,追加調達結果,約定量合計（TSO別）[MW],0,0,0,0,0,0,0,0,0,0
20260214B07,追加調達結果,（内訳）自エリアからの約定量[MW],0,0,0,0,0,0,0,0,0,0
20260214B07,合計（確報値）,募集量（TSO別）[MW],0,148,446,0,115,410,271,111,260,1761
20260214B07,合計（確報値）,応札量合計（電源属地別）[MW],161,440,1348.809,2475.106,123,607,573.552,134,588.97,6451.437
20260214B07,合計（確報値）,約定量合計（電源属地別）[MW],17,140,655.641,622,123,119.019,320.567,110,167,2274.227
20260214B07,合計（確報値）,応札件数（電源属地別）[件],2,2,14,43,1,4,9,6,8,89
20260214B07,合計（確報値）,約定件数（電源属地別）[件],1,2,8,28,1,3,9,5,5,62
20260214B07,合計（確報値）,最高約定価格（電源属地別）[円/kW・30分],6.68,4.19,5.32,0.36,3.51,3.01,2.71,8.29,4.65,8.29
20260214B07,合計（確報値）,最低約定価格（電源属地別）[円/kW・30分],6.68,2.37,1.02,0.36,3.51,2.85,0.46,0.36,1.69,0.36
20260214B07,合計（確報値）,平均約定価格（電源属地別）[円/kW・30分],6.68,3.28,3.04,0.36,3.51,2.96,1.8,2.57,2.99,2.17
20260214B07,合計（確報値）,最高約定価格（TSO別）[円/kW・30分],6.68,5.32,5.32,0.36,3.51,3.01,2.71,8.29,4.65,8.29
20260214B07,合計（確報値）,最低約定価格（TSO別）[円/kW・30分],6.68,2.37,1.02,0.36,3.51,0.36,0.36,0.36,0.36,0.36
20260214B07,合計（確報値）,平均約定価格（TSO別）[円/kW・30分],6.68,3.39,3.01,0.36,3.51,1.37,1.44,2.57,2.11,2.17
20260214B07,合計（確報値）,約定量合計（TSO別）[MW],17,148,647.641,228.386,115,410,333.2,110,265,2274.227
20260214B07,合計（確報値）,（内訳）自エリアからの約定量[MW],17,140,647.641,228.386,115,119.019,272.23,110,167,1816.276
20260214B08,システム約定結果,募集量（TSO別）[MW],0,0,57,0,110,284,280,96,252,1079
20260214B08,システム約定結果,応札量合計（電源属地別）[MW],164,630,649.889,861.838,130,836,259.614,109,485,4125.341
20260214B08,システム約定結果,落札量合計（電源属地別）[MW],34,210,498.589,626,130,196.732,174.416,108,198,2175.737
20260214B08,システム約定結果,応札件数（電源属地別）[件],3,3,7,7,1,4,4,6,6,41
20260214B08,システム約定結果,落札件数（電源属地別）[件],2,3,5,5,1,4,4,6,4,34
20260214B08,システム約定結果,最高落札価格（電源属地別）[円/kW・30分],9.3,4.24,5.88,8.34,2.44,2.53,1.94,7.81,2.81,9.3
20260214B08,システム約定結果,最低落札価格（電源属地別）[円/kW・30分],7.71,2.4,1.02,2.68,2.44,1.63,0.36,0.36,1.06,0.36
20260214B08,システム約定結果,平均落札価格（電源属地別）[円/kW・30分],7.85,3.01,2.52,4.37,2.44,2.05,1.25,2.29,1.68,2.95
20260214B08,システム約定結果,最高落札価格（TSO別）[円/kW・30分],9.3,4.24,5.88,8.34,2.44,8.34,8.34,7.81,3.07,9.3
20260214B08,システム約定結果,最低落札価格（TSO別）[円/kW・30分],7.71,2.4,1.02,2.68,2.44,1.63,0.36,0.36,1.06,0.36
20260214B08,システム約定結果,平均落札価格（TSO別）[円/kW・30分],7.85,3.01,2.52,3.85,2.44,3.29,2.84,2.29,1.97,2.95
20260214B08,システム約定結果,落札量合計（TSO別）[MW],34,210,498.589,379.148,130,284,280,108,252,2175.737
20260214B08,システム約定結果,（内訳）自エリアからの落札量[MW],34,210,498.589,379.148,130,196.732,174.416,108,198,1928.885
20260214B08,追加調達結果,募集量（TSO別）[MW],-,-,-,-,-,-,-,-,-,-
20260214B08,追加調達結果,応札量合計（電源属地別）[MW],0,0,0,0,0,0,0,0,0,0
20260214B08,追加調達結果,約定量合計（電源属地別）[MW],0,0,0,0,0,0,0,0,0,0
20260214B08,追加調達結果,応札件数（電源属地別）[件],0,0,0,0,0,0,0,0,0,0
20260214B08,追加調達結果,約定件数（電源属地別）[件],0,0,0,0,0,0,0,0,0,0
20260214B08,追加調達結果,最高約定価格（電源属地別）[円/kW・30分],0,0,0,0,0,0,0,0,0,0
20260214B08,追加調達結果,最低約定価格（電源属地別）[円/kW・30分],0,0,0,0,0,0,0,0,0,0
20260214B08,追加調達結果,平均約定価格（電源属地別）[円/kW・30分],0,0,0,0,0,0,0,0,0,0
20260214B08,追加調達結果,最高約定価格（TSO別）[円/kW・30分],0,0,0,0,0,0,0,0,0,0
20260214B08,追加調達結果,最低約定価格（TSO別）[円/kW・30分],0,0,0,0,0,0,0,0,0,0
20260214B08,追加調達結果,平均約定価格（TSO別）[円/kW・30分],0,0,0,0,0,0,0,0,0,0
20260214B08,追加調達結果,約定量合計（TSO別）[MW],0,0,0,0,0,0,0,0,0,0
20260214B08,追加調達結果,（内訳）自エリアからの約定量[MW],0,0,0,0,0,0,0,0,0,0
20260214B08,合計（確報値）,募集量（TSO別）[MW],0,0,57,0,110,284,280,96,252,1079
20260214B08,合計（確報値）,応札量合計（電源属地別）[MW],164,630,649.889,1641.265,130,836,259.614,109,485,4904.768
20260214B08,合計（確報値）,約定量合計（電源属地別）[MW],34,210,498.589,626,130,196.732,174.416,108,198,2175.737
20260214B08,合計（確報値）,応札件数（電源属地別）[件],3,3,7,53,1,4,4,6,6,87
20260214B08,合計（確報値）,約定件数（電源属地別）[件],2,3,5,36,1,4,4,6,4,65
20260214B08,合計（確報値）,最高約定価格（電源属地別）[円/kW・30分],9.3,4.24,5.88,0.36,2.44,2.53,1.94,7.81,2.81,9.3
20260214B08,合計（確報値）,最低約定価格（電源属地別）[円/kW・30分],7.71,2.4,1.02,0.36,2.44,1.63,0.36,0.36,1.06,0.36
20260214B08,合計（確報値）,平均約定価格（電源属地別）[円/kW・30分],7.85,3.01,2.52,0.36,2.44,2.05,1.25,2.29,1.68,1.79
20260214B08,合計（確報値）,最高約定価格（TSO別）[円/kW・30分],9.3,4.24,5.88,0.36,2.44,2.53,1.94,7.81,2.81,9.3
20260214B08,合計（確報値）,最低約定価格（TSO別）[円/kW・30分],7.71,2.4,1.02,0.36,2.44,0.36,0.36,0.36,0.36,0.36
20260214B08,合計（確報値）,平均約定価格（TSO別）[円/kW・30分],7.85,3.01,2.52,0.36,2.44,1.53,0.91,2.29,1.39,1.79
20260214B08,合計（確報値）,約定量合計（TSO別）[MW],34,210,498.589,379.148,130,284,280,108,252,2175.737
20260214B08,合計（確報値）,（内訳）自エリアからの約定量[MW],34,210,498.589,379.148,130,196.732,174.416,108,198,1928.885
20260215B01,システム約定結果,募集量（TSO別）[MW],0,0,0,0,112,0,55,85,282,534
20260215B01,システム約定結果,応札量合計（電源属地別）[MW],175.6,630,265.4,543.3,116,836,403.224,93,452,3514.524
20260215B01,システム約定結果,落札量合計（電源属地別）[MW],14.6,207.552,114,202.683,116,196.732,235.679,93,157,1337.246
20260215B01,システム約定結果,応札件数（電源属地別）[件],3,3,2,13,1,4,5,6,5,42
20260215B01,システム約定結果,落札件数（電源属地別）[件],1,3,1,3,1,4,5,6,4,28
20260215B01,システム約定結果,最高落札価格（電源属地別）[円/kW・30分],4.1,5.26,1.02,2.86,1.88,1.52,1.59,7.57,1.26,7.57
20260215B01,システム約定結果,最低落札価格（電源属地別）[円/kW・30分],4.1,3.2,1.02,2.63,1.88,0.62,0.36,0.36,0.36,0.36
20260215B01,システム約定結果,平均落札価格（電源属地別）[円/kW・30分],4.1,3.89,1.02,2.74,1.88,1.04,1.33,2.03,0.55,1.91
20260215B01,システム約定結果,最高落札価格（TSO別）[円/kW・30分],4.1,5.26,1.02,2.86,1.88,1.52,1.59,7.57,2.86,7.57
20260215B01,システム約定結果,最低落札価格（TSO別）[円/kW・30分],4.1,3.2,1.02,2.63,1.88,0.62,0.36,0.36,0.36,0.36
20260215B01,システム約定結果,平均落札価格（TSO別）[円/kW・30分],4.1,3.89,1.02,2.74,1.88,1.04,1.34,2.03,1.42,1.91
20260215B01,システム約定結果,落札量合計（TSO別）[MW],14.6,207.552,114,98.733,112,196.732,218.629,93,282,1337.246
20260215B01,システム約定結果,（内訳）自エリアからの落札量[MW],14.6,207.552,114,98.733,112,196.732,218.629,93,157,1212.246
20260215B01,追加調達結果,募集量（TSO別）[MW],-,-,-,-,-,-,-,-,-,-
20260215B01,追加調達結果,応札量合計（電源属地別）[MW],0,0,0,0,0,0,0,0,0,0
20260215B01,追加調達結果,約定量合計（電源属地別）[MW],0,0,0,0,0,0,0,0,0,0
20260215B01,追加調達結果,応札件数（電源属地別）[件],0,0,0,0,0,0,0,0,0,0
20260215B01,追加調達結果,約定件数（電源属地別）[件],0,0,0,0,0,0,0,0,0,0
20260215B01,追加調達結果,最高約定価格（電源属地別）[円/kW・30分],0,0,0,0,0,0,0,0,0,0
20260215B01,追加調達結果,最低約定価格（電源属地別）[円/kW・30分],0,0,0,0,0,0,0,0,0,0
20260215B01,追加調達結果,平均約定価格（電源属地別）[円/kW・30分],0,0,0,0,0,0,0,0,0,0
20260215B01,追加調達結果,最高約定価格（TSO別）[円/kW・30分],0,0,0,0,0,0,0,0,0,0
20260215B01,追加調達結果,最低約定価格（TSO別）[円/kW・30分],0,0,0,0,0,0,0,0,0,0
20260215B01,追加調達結果,平均約定価格（TSO別）[円/kW・30分],0,0,0,0,0,0,0,0,0,0
20260215B01,追加調達結果,約定量合計（TSO別）[MW],0,0,0,0,0,0,0,0,0,0
20260215B01,追加調達結果,（内訳）自エリアからの約定量[MW],0,0,0,0,0,0,0,0,0,0
20260215B01,合計（確報値）,募集量（TSO別）[MW],0,0,0,0,112,0,55,85,282,534
20260215B01,合計（確報値）,応札量合計（電源属地別）[MW],175.6,630,265.4,700.792,116,836,403.224,93,452,3672.016
20260215B01,合計（確報値）,約定量合計（電源属地別）[MW],14.6,207.552,114,202.683,116,196.732,235.679,93,157,1337.246
20260215B01,合計（確報値）,応札件数（電源属地別）[件],3,3,2,22,1,4,5,6,5,51
20260215B01,合計（確報値）,約定件数（電源属地別）[件],1,3,1,10,1,4,5,6,4,35
20260215B01,合計（確報値）,最高約定価格（電源属地別）[円/kW・30分],4.1,5.26,1.02,2.67,1.88,1.52,1.59,7.57,1.26,7.57
20260215B01,合計（確報値）,最低約定価格（電源属地別）[円/kW・30分],4.1,3.2,1.02,0.36,1.88,0.62,0.36,0.36,0.36,0.36
20260215B01,合計（確報値）,平均約定価格（電源属地別）[円/kW・30分],4.1,3.89,1.02,0.88,1.88,1.04,1.33,2.03,0.55,1.63
20260215B01,合計（確報値）,最高約定価格（TSO別）[円/kW・30分],4.1,5.26,1.02,2.67,1.88,1.52,1.59,7.57,2.67,7.57
20260215B01,合計（確報値）,最低約定価格（TSO別）[円/kW・30分],4.1,3.2,1.02,0.36,1.88,0.62,0.36,0.36,0.36,0.36
20260215B01,合計（確報値）,平均約定価格（TSO別）[円/kW・30分],4.1,3.89,1.02,1.26,1.88,1.04,1.34,2.03,0.59,1.63
20260215B01,合計（確報値）,約定量合計（TSO別）[MW],14.6,207.552,114,98.733,112,196.732,218.629,93,282,1337.246
20260215B01,合計（確報値）,（内訳）自エリアからの約定量[MW],14.6,207.552,114,98.733,112,196.732,218.629,93,157,1212.246
20260215B02,システム約定結果,募集量（TSO別）[MW],0,50,0,0,93,23,193,87,244,690
20260215B02,システム約定結果,応札量合計（電源属地別）[MW],164,630,151.3,376.3,102,836,403.224,93,507,3262.824
20260215B02,システム約定結果,落札量合計（電源属地別）[MW],19,208,0,225.574,102,184.713,272.165,87,180,1278.452
20260215B02,システム約定結果,応札件数（電源属地別）[件],3,3,2,8,1,4,5,4,7,37
20260215B02,システム約定結果,落札件数（電源属地別）[件],2,3,0,3,1,4,5,4,4,26
20260215B02,システム約定結果,最高落札価格（電源属地別）[円/kW・30分],8.7,5.15,0,4.92,1.87,1.96,1.68,8.16,1.24,8.7
20260215B02,システム約定結果,最低落札価格（電源属地別）[円/kW・30分],5,3.12,0,2.82,1.87,1.06,0.36,0.36,0.36,0.36
20260215B02,システム約定結果,平均落札価格（電源属地別）[円/kW・30分],8.12,3.78,0,3.64,1.87,1.5,1.27,3.59,0.64,2.35
20260215B02,システム約定結果,最高落札価格（TSO別）[円/kW・30分],8.7,5.15,0,4.92,1.87,1.96,2.82,8.16,3.46,8.7
20260215B02,システム約定結果,最低落札価格（TSO別）[円/kW・30分],5,3.12,0,2.82,1.87,1.06,0.36,0.36,0.36,0.36
20260215B02,システム約定結果,平均落札価格（TSO別）[円/kW・30分],8.12,3.78,0,3.67,1.87,1.5,1.23,3.59,1.12,2.35
20260215B02,システム約定結果,落札量合計（TSO別）[MW],19,208,0,196.604,93,184.713,246.135,87,244,1278.452
20260215B02,システム約定結果,（内訳）自エリアからの落札量[MW],19,208,0,196.604,93,184.713,245.135,87,180,1213.452
20260215B02,追加調達結果,募集量（TSO別）[MW],-,-,-,-,-,-,-,-,-,-
20260215B02,追加調達結果,応札量合計（電源属地別）[MW],0,0,0,0,0,0,0,0,0,0
20260215B02,追加調達結果,約定量合計（電源属地別）[MW],0,0,0,0,0,0,0,0,0,0
20260215B02,追加調達結果,応札件数（電源属地別）[件],0,0,0,0,0,0,0,0,0,0
20260215B02,追加調達結果,約定件数（電源属地別）[件],0,0,0,0,0,0,0,0,0,0
20260215B02,追加調達結果,最高約定価格（電源属地別）[円/kW・30分],0,0,0,0,0,0,0,0,0,0
20260215B02,追加調達結果,最低約定価格（電源属地別）[円/kW・30分],0,0,0,0,0,0,0,0,0,0
20260215B02,追加調達結果,平均約定価格（電源属地別）[円/kW・30分],0,0,0,0,0,0,0,0,0,0
20260215B02,追加調達結果,最高約定価格（TSO別）[円/kW・30分],0,0,0,0,0,0,0,0,0,0
20260215B02,追加調達結果,最低約定価格（TSO別）[円/kW・30分],0,0,0,0,0,0,0,0,0,0
20260215B02,追加調達結果,平均約定価格（TSO別）[円/kW・30分],0,0,0,0,0,0,0,0,0,0
20260215B02,追加調達結果,約定量合計（TSO別）[MW],0,0,0,0,0,0,0,0,0,0
20260215B02,追加調達結果,（内訳）自エリアからの約定量[MW],0,0,0,0,0,0,0,0,0,0
20260215B02,合計（確報値）,募集量（TSO別）[MW],0,50,0,0,93,23,193,87,244,690
20260215B02,合計（確報値）,応札量合計（電源属地別）[MW],164,630,151.3,601.874,102,836,403.224,93,507,3488.398
20260215B02,合計（確報値）,約定量合計（電源属地別）[MW],19,208,0,225.574,102,184.713,272.165,87,180,1278.452
20260215B02,合計（確報値）,応札件数（電源属地別）[件],3,3,2,18,1,4,5,4,7,47
20260215B02,合計（確報値）,約定件数（電源属地別）[件],2,3,0,10,1,4,5,4,4,33
20260215B02,合計（確報値）,最高約定価格（電源属地別）[円/kW・30分],8.7,5.15,0,0.36,1.87,1.96,1.68,8.16,1.24,8.7
20260215B02,合計（確報値）,最低約定価格（電源属地別）[円/kW・30分],5,3.12,0,0.36,1.87,1.06,0.36,0.36,0.36,0.36
20260215B02,合計（確報値）,平均約定価格（電源属地別）[円/kW・30分],8.12,3.78,0,0.36,1.87,1.5,1.27,3.59,0.64,1.77
20260215B02,合計（確報値）,最高約定価格（TSO別）[円/kW・30分],8.7,5.15,0,0.36,1.87,1.96,1.68,8.16,1.87,8.7
20260215B02,合計（確報値）,最低約定価格（TSO別）[円/kW・30分],5,3.12,0,0.36,1.87,1.06,0.36,0.36,0.36,0.36
20260215B02,合計（確報値）,平均約定価格（TSO別）[円/kW・30分],8.12,3.78,0,0.36,1.87,1.5,1.22,3.59,0.77,1.77
20260215B02,合計（確報値）,約定量合計（TSO別）[MW],19,208,0,196.604,93,184.713,246.135,87,244,1278.452
20260215B02,合計（確報値）,（内訳）自エリアからの約定量[MW],19,208,0,196.604,93,184.713,245.135,87,180,1213.452
20260215B03,システム約定結果,募集量（TSO別）[MW],0,380,356,0,140,383,329,134,261,1983
20260215B03,システム約定結果,応札量合計（電源属地別）[MW],165.99,890,1380.496,227,169,836,573.552,154,415,4811.038
20260215B03,システム約定結果,落札量合計（電源属地別）[MW],44,350,836.853,150.409,169,196.732,433.738,154,203,2537.732
20260215B03,システム約定結果,応札件数（電源属地別）[件],4,4,11,7,2,4,9,3,5,49
20260215B03,システム約定結果,落札件数（電源属地別）[件],3,4,7,6,2,4,9,3,3,41
20260215B03,システム約定結果,最高落札価格（電源属地別）[円/kW・30分],14.35,5.29,11.43,3.39,2.08,1.71,1.69,7.49,0.49,14.35
20260215B03,システム約定結果,最低落札価格（電源属地別）[円/kW・30分],9.15,2.18,0.36,1.01,1.88,0.81,0.36,0.36,0.42,0.36
20260215B03,システム約定結果,平均落札価格（電源属地別）[円/kW・30分],10.36,3.22,1.33,2.48,1.95,1.23,0.81,1.22,0.48,1.68
20260215B03,システム約定結果,最高落札価格（TSO別）[円/kW・30分],14.35,5.29,11.43,3.39,2.08,3.34,3.34,7.49,11.43,14.35
20260215B03,システム約定結果,最低落札価格（TSO別）[円/kW・30分],9.15,0.36,0.36,1.01,1.88,0.36,0.36,0.36,0.36,0.36
20260215B03,システム約定結果,平均落札価格（TSO別）[円/kW・30分],10.36,2.36,1.87,1.21,1.95,1.08,0.88,1.34,1.06,1.68
20260215B03,システム約定結果,落札量合計（TSO別）[MW],44,501,495,61,161,413.732,409,134,319,2537.732
20260215B03,システム約定結果,（内訳）自エリアからの落札量[MW],44,350,495,61,161,196.732,383.344,134,203,2028.076
20260215B03,追加調達結果,募集量（TSO別）[MW],-,-,-,-,-,-,-,-,-,-
20260215B03,追加調達結果,応札量合計（電源属地別）[MW],0,0,0,0,0,0,0,0,0,0
20260215B03,追加調達結果,約定量合計（電源属地別）[MW],0,0,0,0,0,0,0,0,0,0
20260215B03,追加調達結果,応札件数（電源属地別）[件],0,0,0,0,0,0,0,0,0,0
20260215B03,追加調達結果,約定件数（電源属地別）[件],0,0,0,0,0,0,0,0,0,0
20260215B03,追加調達結果,最高約定価格（電源属地別）[円/kW・30分],0,0,0,0,0,0,0,0,0,0
20260215B03,追加調達結果,最低約定価格（電源属地別）[円/kW・30分],0,0,0,0,0,0,0,0,0,0
20260215B03,追加調達結果,平均約定価格（電源属地別）[円/kW・30分],0,0,0,0,0,0,0,0,0,0
20260215B03,追加調達結果,最高約定価格（TSO別）[円/kW・30分],0,0,0,0,0,0,0,0,0,0
20260215B03,追加調達結果,最低約定価格（TSO別）[円/kW・30分],0,0,0,0,0,0,0,0,0,0
20260215B03,追加調達結果,平均約定価格（TSO別）[円/kW・30分],0,0,0,0,0,0,0,0,0,0
20260215B03,追加調達結果,約定量合計（TSO別）[MW],0,0,0,0,0,0,0,0,0,0
20260215B03,追加調達結果,（内訳）自エリアからの約定量[MW],0,0,0,0,0,0,0,0,0,0
20260215B03,合計（確報値）,募集量（TSO別）[MW],0,380,356,0,140,383,329,134,261,1983
20260215B03,合計（確報値）,応札量合計（電源属地別）[MW],165.99,890,1380.496,338.409,169,836,573.552,154,415,4922.447
20260215B03,合計（確報値）,約定量合計（電源属地別）[MW],44,350,836.853,150.409,169,196.732,433.738,154,203,2537.732
20260215B03,合計（確報値）,応札件数（電源属地別）[件],4,4,11,15,2,4,9,3,5,57
20260215B03,合計（確報値）,約定件数（電源属地別）[件],3,4,7,11,2,4,9,3,3,46
20260215B03,合計（確報値）,最高約定価格（電源属地別）[円/kW・30分],14.35,5.29,11.43,3.39,2.08,1.71,1.69,7.49,0.49,14.35
20260215B03,合計（確報値）,最低約定価格（電源属地別）[円/kW・30分],9.15,2.18,0.36,0.36,1.88,0.81,0.36,0.36,0.42,0.36
20260215B03,合計（確報値）,平均約定価格（電源属地別）[円/kW・30分],10.36,3.22,1.33,0.58,1.95,1.23,0.81,1.22,0.48,1.57
20260215B03,合計（確報値）,最高約定価格（TSO別）[円/kW・30分],14.35,5.29,11.43,3.39,2.08,1.88,1.69,7.49,11.43,14.35
20260215B03,合計（確報値）,最低約定価格（TSO別）[円/kW・30分],9.15,0.36,0.36,0.36,1.88,0.36,0.36,0.36,0.36,0.36
20260215B03,合計（確報値）,平均約定価格（TSO別）[円/kW・30分],10.36,2.36,1.87,0.91,1.95,0.8,0.83,1.34,0.64,1.57
20260215B03,合計（確報値）,約定量合計（TSO別）[MW],44,501,495,61,161,413.732,409,134,319,2537.732
20260215B03,合計（確報値）,（内訳）自エリアからの約定量[MW],44,350,495,61,161,196.732,383.344,134,203,2028.076
20260215B04,システム約定結果,募集量（TSO別）[MW],0,132,718,0,258,559,470,265,361,2763
20260215B04,システム約定結果,応札量合計（電源属地別）[MW],180.3,450,1313.876,0,247,607,403.224,265,719,4185.4
20260215B04,システム約定結果,落札量合計（電源属地別）[MW],19.3,176,718,0,247,607,403.224,265,419,2854.524
20260215B04,システム約定結果,応札件数（電源属地別）[件],4,2,8,0,2,4,5,3,5,33
20260215B04,システム約定結果,落札件数（電源属地別）[件],2,2,5,0,2,4,5,3,4,27
20260215B04,システム約定結果,最高落札価格（電源属地別）[円/kW・30分],10.39,4.81,0.36,0,0.99,3.21,0.55,13.21,0.63,13.21
20260215B04,システム約定結果,最低落札価格（電源属地別）[円/kW・30分],10,3.21,0.36,0,0.8,0.36,0.36,0.36,0.36,0.36
20260215B04,システム約定結果,平均落札価格（電源属地別）[円/kW・30分],10.33,3.54,0.36,0,0.88,0.37,0.48,1.59,0.42,0.81
20260215B04,システム約定結果,最高落札価格（TSO別）[円/kW・30分],10.39,4.81,0.36,0,0.99,3.21,0.55,13.21,0.63,13.21
20260215B04,システム約定結果,最低落札価格（TSO別）[円/kW・30分],10,3.21,0.36,0,0.8,0.36,0.36,0.36,0.36,0.36
20260215B04,システム約定結果,平均落札価格（TSO別）[円/kW・30分],10.33,3.54,0.36,0,0.88,0.39,0.44,1.59,0.42,0.81
20260215B04,システム約定結果,落札量合計（TSO別）[MW],19.3,176,718,0,247,559,451.224,265,419,2854.524
20260215B04,システム約定結果,（内訳）自エリアからの落札量[MW],19.3,176,718,0,247,482.019,326.243,265,419,2652.562
20260215B04,追加調達結果,募集量（TSO別）[MW],-,-,-,-,-,-,-,-,-,-
20260215B04,追加調達結果,応札量合計（電源属地別）[MW],0,0,0,0,0,0,0,0,0,0
20260215B04,追加調達結果,約定量合計（電源属地別）[MW],0,0,0,0,0,0,0,0,0,0
20260215B04,追加調達結果,応札件数（電源属地別）[件],0,0,0,0,0,0,0,0,0,0
20260215B04,追加調達結果,約定件数（電源属地別）[件],0,0,0,0,0,0,0,0,0,0
20260215B04,追加調達結果,最高約定価格（電源属地別）[円/kW・30分],0,0,0,0,0,0,0,0,0,0
20260215B04,追加調達結果,最低約定価格（電源属地別）[円/kW・30分],0,0,0,0,0,0,0,0,0,0
20260215B04,追加調達結果,平均約定価格（電源属地別）[円/kW・30分],0,0,0,0,0,0,0,0,0,0
20260215B04,追加調達結果,最高約定価格（TSO別）[円/kW・30分],0,0,0,0,0,0,0,0,0,0
20260215B04,追加調達結果,最低約定価格（TSO別）[円/kW・30分],0,0,0,0,0,0,0,0,0,0
20260215B04,追加調達結果,平均約定価格（TSO別）[円/kW・30分],0,0,0,0,0,0,0,0,0,0
20260215B04,追加調達結果,約定量合計（TSO別）[MW],0,0,0,0,0,0,0,0,0,0
20260215B04,追加調達結果,（内訳）自エリアからの約定量[MW],0,0,0,0,0,0,0,0,0,0
20260215B04,合計（確報値）,募集量（TSO別）[MW],0,132,718,0,258,559,470,265,361,2763
20260215B04,合計（確報値）,応札量合計（電源属地別）[MW],180.3,450,1376.946,0,247,607,403.224,265,719,4248.47
20260215B04,合計（確報値）,約定量合計（電源属地別）[MW],19.3,176,718,0,247,607,403.224,265,419,2854.524
20260215B04,合計（確報値）,応札件数（電源属地別）[件],4,2,9,0,2,4,5,3,5,34
20260215B04,合計（確報値）,約定件数（電源属地別）[件],2,2,5,0,2,4,5,3,4,27
20260215B04,合計（確報値）,最高約定価格（電源属地別）[円/kW・30分],10.39,4.81,0.36,0,0.99,3.21,0.55,13.21,0.63,13.21
20260215B04,合計（確報値）,最低約定価格（電源属地別）[円/kW・30分],10,3.21,0.36,0,0.8,0.36,0.36,0.36,0.36,0.36
20260215B04,合計（確報値）,平均約定価格（電源属地別）[円/kW・30分],10.33,3.54,0.36,0,0.88,0.37,0.48,1.59,0.42,0.81
20260215B04,合計（確報値）,最高約定価格（TSO別）[円/kW・30分],10.39,4.81,0.36,0,0.99,3.21,0.55,13.21,0.63,13.21
20260215B04,合計（確報値）,最低約定価格（TSO別）[円/kW・30分],10,3.21,0.36,0,0.8,0.36,0.36,0.36,0.36,0.36
20260215B04,合計（確報値）,平均約定価格（TSO別）[円/kW・30分],10.33,3.54,0.36,0,0.88,0.39,0.44,1.59,0.42,0.81
20260215B04,合計（確報値）,約定量合計（TSO別）[MW],19.3,176,718,0,247,559,451.224,265,419,2854.524
20260215B04,合計（確報値）,（内訳）自エリアからの約定量[MW],19.3,176,718,0,247,482.019,326.243,265,419,2652.562
20260215B05,システム約定結果,募集量（TSO別）[MW],72,0,40,0,221,412,227,225,318,1515
20260215B05,システム約定結果,応札量合計（電源属地別）[MW],163.99,261.5,217.814,1.5,228,605,403.224,225,719,2825.028
20260215B05,システム約定結果,落札量合計（電源属地別）[MW],37.28,140,175.899,0,228,183.688,384.66,225,319,1693.527
20260215B05,システム約定結果,応札件数（電源属地別）[件],4,2,3,1,2,3,5,3,5,28
20260215B05,システム約定結果,落札件数（電源属地別）[件],3,1,3,0,2,3,5,3,3,23
20260215B05,システム約定結果,最高落札価格（電源属地別）[円/kW・30分],11.43,3.09,0.55,0,0.55,0.36,0.36,15.45,0.36,15.45
20260215B05,システム約定結果,最低落札価格（電源属地別）[円/kW・30分],10,3.09,0.35,0,0.35,0.36,0.36,0.36,0.36,0.35
20260215B05,システム約定結果,平均落札価格（電源属地別）[円/kW・30分],11.26,3.09,0.38,0,0.42,0.36,0.36,1.98,0.36,1.05
20260215B05,システム約定結果,最高落札価格（TSO別）[円/kW・30分],11.43,3.09,0.55,0,0.55,0.36,0.36,15.45,0.36,15.45
20260215B05,システム約定結果,最低落札価格（TSO別）[円/kW・30分],3.09,3.09,0.35,0,0.35,0.35,0.36,0.36,0.36,0.35
20260215B05,システム約定結果,平均落札価格（TSO別）[円/kW・30分],7.32,3.09,0.43,0,0.42,0.36,0.36,1.98,0.36,1.05
20260215B05,システム約定結果,落札量合計（TSO別）[MW],72,105.28,64.599,0,224,412,240.648,225,350,1693.527
20260215B05,システム約定結果,（内訳）自エリアからの落札量[MW],37.28,105.28,64.599,0,224,183.688,240.648,225,319,1399.495
20260215B05,追加調達結果,募集量（TSO別）[MW],-,-,-,-,-,-,-,-,-,-
20260215B05,追加調達結果,応札量合計（電源属地別）[MW],0,0,0,0,0,0,0,0,0,0
20260215B05,追加調達結果,約定量合計（電源属地別）[MW],0,0,0,0,0,0,0,0,0,0
20260215B05,追加調達結果,応札件数（電源属地別）[件],0,0,0,0,0,0,0,0,0,0
20260215B05,追加調達結果,約定件数（電源属地別）[件],0,0,0,0,0,0,0,0,0,0
20260215B05,追加調達結果,最高約定価格（電源属地別）[円/kW・30分],0,0,0,0,0,0,0,0,0,0
20260215B05,追加調達結果,最低約定価格（電源属地別）[円/kW・30分],0,0,0,0,0,0,0,0,0,0
20260215B05,追加調達結果,平均約定価格（電源属地別）[円/kW・30分],0,0,0,0,0,0,0,0,0,0
20260215B05,追加調達結果,最高約定価格（TSO別）[円/kW・30分],0,0,0,0,0,0,0,0,0,0
20260215B05,追加調達結果,最低約定価格（TSO別）[円/kW・30分],0,0,0,0,0,0,0,0,0,0
20260215B05,追加調達結果,平均約定価格（TSO別）[円/kW・30分],0,0,0,0,0,0,0,0,0,0
20260215B05,追加調達結果,約定量合計（TSO別）[MW],0,0,0,0,0,0,0,0,0,0
20260215B05,追加調達結果,（内訳）自エリアからの約定量[MW],0,0,0,0,0,0,0,0,0,0
20260215B05,合計（確報値）,募集量（TSO別）[MW],72,0,40,0,221,412,227,225,318,1515
20260215B05,合計（確報値）,応札量合計（電源属地別）[MW],163.99,261.5,217.814,1.5,228,605,403.224,225,719,2825.028
20260215B05,合計（確報値）,約定量合計（電源属地別）[MW],37.28,140,175.899,0,228,183.688,384.66,225,319,1693.527
20260215B05,合計（確報値）,応札件数（電源属地別）[件],4,2,3,1,2,3,5,3,5,28
20260215B05,合計（確報値）,約定件数（電源属地別）[件],3,1,3,0,2,3,5,3,3,23
20260215B05,合計（確報値）,最高約定価格（電源属地別）[円/kW・30分],11.43,3.09,0.55,0,0.55,0.36,0.36,15.45,0.36,15.45
20260215B05,合計（確報値）,最低約定価格（電源属地別）[円/kW・30分],10,3.09,0.35,0,0.35,0.36,0.36,0.36,0.36,0.35
20260215B05,合計（確報値）,平均約定価格（電源属地別）[円/kW・30分],11.26,3.09,0.38,0,0.42,0.36,0.36,1.98,0.36,1.05
20260215B05,合計（確報値）,最高約定価格（TSO別）[円/kW・30分],11.43,3.09,0.55,0,0.55,0.36,0.36,15.45,0.36,15.45
20260215B05,合計（確報値）,最低約定価格（TSO別）[円/kW・30分],3.09,3.09,0.35,0,0.35,0.35,0.36,0.36,0.36,0.35
20260215B05,合計（確報値）,平均約定価格（TSO別）[円/kW・30分],7.32,3.09,0.43,0,0.42,0.36,0.36,1.98,0.36,1.05
20260215B05,合計（確報値）,約定量合計（TSO別）[MW],72,105.28,64.599,0,224,412,240.648,225,350,1693.527
20260215B05,合計（確報値）,（内訳）自エリアからの約定量[MW],37.28,105.28,64.599,0,224,183.688,240.648,225,319,1399.495
20260215B06,システム約定結果,募集量（TSO別）[MW],0,171,707,0,171,476,278,194,288,2285
20260215B06,システム約定結果,応札量合計（電源属地別）[MW],161,510,1500.153,0,179,838,403.224,207,552,4350.377
20260215B06,システム約定結果,落札量合計（電源属地別）[MW],13,210,1066.853,0,179,344.047,310.947,207,203,2533.847
20260215B06,システム約定結果,応札件数（電源属地別）[件],3,2,10,0,2,5,5,3,5,35
20260215B06,システム約定結果,落札件数（電源属地別）[件],2,2,7,0,2,4,5,3,3,28
20260215B06,システム約定結果,最高落札価格（電源属地別）[円/kW・30分],9.44,4.95,3.94,0,1.92,1.15,1.45,12.83,1.01,12.83
20260215B06,システム約定結果,最低落札価格（電源属地別）[円/kW・30分],7.3,2,0.36,0,1.73,0.36,0.36,0.36,0.93,0.36
20260215B06,システム約定結果,平均落札価格（電源属地別）[円/kW・30分],8.95,2.98,1.27,0,1.79,0.48,1.02,1.9,1,1.38
20260215B06,システム約定結果,最高落札価格（TSO別）[円/kW・30分],9.44,4.95,3.94,0,1.92,1.36,1.92,12.83,1.01,12.83
20260215B06,システム約定結果,最低落札価格（TSO別）[円/kW・30分],7.3,0.36,0.36,0,1.73,0.36,0.36,0.36,0.36,0.36
20260215B06,システム約定結果,平均落札価格（TSO別）[円/kW・30分],8.95,2.42,1.74,0,1.79,0.5,0.89,2.01,0.74,1.38
20260215B06,システム約定結果,落札量合計（TSO別）[MW],13,267,707,0,171,476,365.847,194,340,2533.847
20260215B06,システム約定結果,（内訳）自エリアからの落札量[MW],13,210,707,0,171,276.838,282.659,194,203,2057.497
20260215B06,追加調達結果,募集量（TSO別）[MW],-,-,-,-,-,-,-,-,-,-
20260215B06,追加調達結果,応札量合計（電源属地別）[MW],0,0,0,0,0,0,0,0,0,0
20260215B06,追加調達結果,約定量合計（電源属地別）[MW],0,0,0,0,0,0,0,0,0,0
20260215B06,追加調達結果,応札件数（電源属地別）[件],0,0,0,0,0,0,0,0,0,0
20260215B06,追加調達結果,約定件数（電源属地別）[件],0,0,0,0,0,0,0,0,0,0
20260215B06,追加調達結果,最高約定価格（電源属地別）[円/kW・30分],0,0,0,0,0,0,0,0,0,0
20260215B06,追加調達結果,最低約定価格（電源属地別）[円/kW・30分],0,0,0,0,0,0,0,0,0,0
20260215B06,追加調達結果,平均約定価格（電源属地別）[円/kW・30分],0,0,0,0,0,0,0,0,0,0
20260215B06,追加調達結果,最高約定価格（TSO別）[円/kW・30分],0,0,0,0,0,0,0,0,0,0
20260215B06,追加調達結果,最低約定価格（TSO別）[円/kW・30分],0,0,0,0,0,0,0,0,0,0
20260215B06,追加調達結果,平均約定価格（TSO別）[円/kW・30分],0,0,0,0,0,0,0,0,0,0
20260215B06,追加調達結果,約定量合計（TSO別）[MW],0,0,0,0,0,0,0,0,0,0
20260215B06,追加調達結果,（内訳）自エリアからの約定量[MW],0,0,0,0,0,0,0,0,0,0
20260215B06,合計（確報値）,募集量（TSO別）[MW],0,171,707,0,171,476,278,194,288,2285
20260215B06,合計（確報値）,応札量合計（電源属地別）[MW],161,510,1806.589,0,179,838,403.224,207,552,4656.813
20260215B06,合計（確報値）,約定量合計（電源属地別）[MW],13,210,1066.853,0,179,344.047,310.947,207,203,2533.847
20260215B06,合計（確報値）,応札件数（電源属地別）[件],3,2,12,0,2,5,5,3,5,37
20260215B06,合計（確報値）,約定件数（電源属地別）[件],2,2,8,0,2,4,5,3,3,29
20260215B06,合計（確報値）,最高約定価格（電源属地別）[円/kW・30分],9.44,4.95,3.94,0,1.92,1.15,1.45,12.83,1.01,12.83
20260215B06,合計（確報値）,最低約定価格（電源属地別）[円/kW・30分],7.3,2,0.36,0,1.73,0.36,0.36,0.36,0.93,0.36
20260215B06,合計（確報値）,平均約定価格（電源属地別）[円/kW・30分],8.95,2.98,1.27,0,1.79,0.48,1.02,1.9,1,1.38
20260215B06,合計（確報値）,最高約定価格（TSO別）[円/kW・30分],9.44,4.95,3.94,0,1.92,1.36,1.92,12.83,1.01,12.83
20260215B06,合計（確報値）,最低約定価格（TSO別）[円/kW・30分],7.3,0.36,0.36,0,1.73,0.36,0.36,0.36,0.36,0.36
20260215B06,合計（確報値）,平均約定価格（TSO別）[円/kW・30分],8.95,2.42,1.74,0,1.79,0.5,0.89,2.01,0.74,1.38
20260215B06,合計（確報値）,約定量合計（TSO別）[MW],13,267,707,0,171,476,365.847,194,340,2533.847
20260215B06,合計（確報値）,（内訳）自エリアからの約定量[MW],13,210,707,0,171,276.838,282.659,194,203,2057.497
20260215B07,システム約定結果,募集量（TSO別）[MW],0,148,446,0,115,410,271,111,260,1761
20260215B07,システム約定結果,応札量合計（電源属地別）[MW],161,440,1903.599,1575.912,123,838,573.552,121,594,6330.063
20260215B07,システム約定結果,落札量合計（電源属地別）[MW],17,140,711.057,472,123,196.732,309.647,111,187,2267.436
20260215B07,システム約定結果,応札件数（電源属地別）[件],2,2,17,9,1,5,9,4,8,57
20260215B07,システム約定結果,落札件数（電源属地別）[件],1,2,8,5,1,4,9,4,5,39
20260215B07,システム約定結果,最高落札価格（電源属地別）[円/kW・30分],7.75,4.5,7.08,3.2,3.76,2.81,2.4,9.11,4.65,9.11
20260215B07,システム約定結果,最低落札価格（電源属地別）[円/kW・30分],7.75,2.61,1.02,2.24,3.76,1.91,0.36,0.36,1.69,0.36
20260215B07,システム約定結果,平均落札価格（電源属地別）[円/kW・30分],7.75,3.56,5.55,2.91,3.76,2.33,1.55,3.52,2.85,3.65
20260215B07,システム約定結果,最高落札価格（TSO別）[円/kW・30分],7.75,6.88,7.08,3.2,3.76,3.76,3.2,9.11,4.65,9.11
20260215B07,システム約定結果,最低落札価格（TSO別）[円/kW・30分],7.75,2.61,1.02,2.76,3.76,1.91,0.36,0.36,1.69,0.36
20260215B07,システム約定結果,平均落札価格（TSO別）[円/kW・30分],7.75,3.73,5.54,3.01,3.76,2.53,1.76,3.52,2.87,3.65
20260215B07,システム約定結果,落札量合計（TSO別）[MW],17,148,703.057,142.379,115,410,336,111,285,2267.436
20260215B07,システム約定結果,（内訳）自エリアからの落札量[MW],17,140,703.057,142.379,115,196.732,275.02,111,187,1887.188
20260215B07,追加調達結果,募集量（TSO別）[MW],-,-,-,-,-,-,-,-,-,-
20260215B07,追加調達結果,応札量合計（電源属地別）[MW],0,0,0,0,0,0,0,0,0,0
20260215B07,追加調達結果,約定量合計（電源属地別）[MW],0,0,0,0,0,0,0,0,0,0
20260215B07,追加調達結果,応札件数（電源属地別）[件],0,0,0,0,0,0,0,0,0,0
20260215B07,追加調達結果,約定件数（電源属地別）[件],0,0,0,0,0,0,0,0,0,0
20260215B07,追加調達結果,最高約定価格（電源属地別）[円/kW・30分],0,0,0,0,0,0,0,0,0,0
20260215B07,追加調達結果,最低約定価格（電源属地別）[円/kW・30分],0,0,0,0,0,0,0,0,0,0
20260215B07,追加調達結果,平均約定価格（電源属地別）[円/kW・30分],0,0,0,0,0,0,0,0,0,0
20260215B07,追加調達結果,最高約定価格（TSO別）[円/kW・30分],0,0,0,0,0,0,0,0,0,0
20260215B07,追加調達結果,最低約定価格（TSO別）[円/kW・30分],0,0,0,0,0,0,0,0,0,0
20260215B07,追加調達結果,平均約定価格（TSO別）[円/kW・30分],0,0,0,0,0,0,0,0,0,0
20260215B07,追加調達結果,約定量合計（TSO別）[MW],0,0,0,0,0,0,0,0,0,0
20260215B07,追加調達結果,（内訳）自エリアからの約定量[MW],0,0,0,0,0,0,0,0,0,0
20260215B07,合計（確報値）,募集量（TSO別）[MW],0,148,446,0,115,410,271,111,260,1761
20260215B07,合計（確報値）,応札量合計（電源属地別）[MW],161,440,2054.761,2047.912,123,838,573.552,134,594,6966.225
20260215B07,合計（確報値）,約定量合計（電源属地別）[MW],17,140,711.057,472,123,196.732,309.647,110,187,2266.436
20260215B07,合計（確報値）,応札件数（電源属地別）[件],2,2,20,32,1,5,9,5,8,84
20260215B07,合計（確報値）,約定件数（電源属地別）[件],1,2,10,23,1,4,9,4,5,59
20260215B07,合計（確報値）,最高約定価格（電源属地別）[円/kW・30分],7.75,4.5,7.08,0.36,3.76,2.81,2.4,8.37,4.65,8.37
20260215B07,合計（確報値）,最低約定価格（電源属地別）[円/kW・30分],7.75,2.61,0.36,0.36,3.76,1.91,0.36,0.36,1.69,0.36
20260215B07,合計（確報値）,平均約定価格（電源属地別）[円/kW・30分],7.75,3.56,4.17,0.36,3.76,2.33,1.55,2.65,2.85,2.64
20260215B07,合計（確報値）,最高約定価格（TSO別）[円/kW・30分],7.75,4.5,7.08,0.36,3.76,3.76,2.4,8.37,4.65,8.37
20260215B07,合計（確報値）,最低約定価格（TSO別）[円/kW・30分],7.75,0.36,0.36,0.36,3.76,0.36,0.36,0.36,0.36,0.36
20260215B07,合計（確報値）,平均約定価格（TSO別）[円/kW・30分],7.75,3.38,4.21,0.36,3.76,1.53,1.26,2.65,1.99,2.64
20260215B07,合計（確報値）,約定量合計（TSO別）[MW],17,148,703.057,142.379,115,410,336,110,285,2266.436
20260215B07,合計（確報値）,（内訳）自エリアからの約定量[MW],17,140,703.057,142.379,115,196.732,275.02,110,187,1886.188
20260215B08,システム約定結果,募集量（TSO別）[MW],0,0,57,0,110,284,280,96,252,1079
20260215B08,システム約定結果,応札量合計（電源属地別）[MW],164,630,587.607,1054.882,130,836,403.224,109,485,4399.713
20260215B08,システム約定結果,落札量合計（電源属地別）[MW],31,210,436.307,975.218,130,196.732,272.165,108,198,2557.422
20260215B08,システム約定結果,応札件数（電源属地別）[件],3,3,6,8,1,4,5,6,6,42
20260215B08,システム約定結果,落札件数（電源属地別）[件],1,3,4,7,1,4,5,6,5,36
20260215B08,システム約定結果,最高落札価格（電源属地別）[円/kW・30分],8.73,4.63,4.13,6.19,2.73,2.34,1.49,7.88,2.81,8.73
20260215B08,システム約定結果,最低落札価格（電源属地別）[円/kW・30分],8.73,2.71,1.02,2.72,2.73,1.44,0.36,0.36,1.06,0.36
20260215B08,システム約定結果,平均落札価格（電源属地別）[円/kW・30分],8.73,3.35,1.85,3.58,2.73,1.86,1.13,2.43,1.68,2.7
20260215B08,システム約定結果,最高落札価格（TSO別）[円/kW・30分],8.73,4.63,4.13,6.19,2.73,6.19,2.85,7.88,2.89,8.73
20260215B08,システム約定結果,最低落札価格（TSO別）[円/kW・30分],8.73,2.71,1.02,2.72,2.73,1.44,0.36,0.36,0.36,0.36
20260215B08,システム約定結果,平均落札価格（TSO別）[円/kW・30分],8.73,3.35,1.85,3.67,2.73,2.42,1.48,2.43,1.91,2.7
20260215B08,システム約定結果,落札量合計（TSO別）[MW],31,210,436.307,780.944,117.542,284,337.629,108,252,2557.422
20260215B08,システム約定結果,（内訳）自エリアからの落札量[MW],31,210,436.307,780.944,117.542,196.732,269.165,108,198,2347.69
20260215B08,追加調達結果,募集量（TSO別）[MW],-,-,-,-,-,-,-,-,-,-
20260215B08,追加調達結果,応札量合計（電源属地別）[MW],0,0,0,0,0,0,0,0,0,0
20260215B08,追加調達結果,約定量合計（電源属地別）[MW],0,0,0,0,0,0,0,0,0,0
20260215B08,追加調達結果,応札件数（電源属地別）[件],0,0,0,0,0,0,0,0,0,0
20260215B08,追加調達結果,約定件数（電源属地別）[件],0,0,0,0,0,0,0,0,0,0
20260215B08,追加調達結果,最高約定価格（電源属地別）[円/kW・30分],0,0,0,0,0,0,0,0,0,0
20260215B08,追加調達結果,最低約定価格（電源属地別）[円/kW・30分],0,0,0,0,0,0,0,0,0,0
20260215B08,追加調達結果,平均約定価格（電源属地別）[円/kW・30分],0,0,0,0,0,0,0,0,0,0
20260215B08,追加調達結果,最高約定価格（TSO別）[円/kW・30分],0,0,0,0,0,0,0,0,0,0
20260215B08,追加調達結果,最低約定価格（TSO別）[円/kW・30分],0,0,0,0,0,0,0,0,0,0
20260215B08,追加調達結果,平均約定価格（TSO別）[円/kW・30分],0,0,0,0,0,0,0,0,0,0
20260215B08,追加調達結果,約定量合計（TSO別）[MW],0,0,0,0,0,0,0,0,0,0
20260215B08,追加調達結果,（内訳）自エリアからの約定量[MW],0,0,0,0,0,0,0,0,0,0
20260215B08,合計（確報値）,募集量（TSO別）[MW],0,0,57,0,110,284,280,96,252,1079
20260215B08,合計（確報値）,応札量合計（電源属地別）[MW],164,630,600.716,2147.97,130,836,403.224,109,485,5505.91
20260215B08,合計（確報値）,約定量合計（電源属地別）[MW],31,210,436.307,975.218,130,196.732,272.165,108,198,2557.422
20260215B08,合計（確報値）,応札件数（電源属地別）[件],3,3,8,45,1,4,5,6,6,81
20260215B08,合計（確報値）,約定件数（電源属地別）[件],1,3,5,35,1,4,5,6,5,65
20260215B08,合計（確報値）,最高約定価格（電源属地別）[円/kW・30分],8.73,4.63,2.51,0.36,2.73,2.34,1.49,7.88,2.81,8.73
20260215B08,合計（確報値）,最低約定価格（電源属地別）[円/kW・30分],8.73,2.71,0.36,0.36,2.73,1.44,0.36,0.36,1.06,0.36
20260215B08,合計（確報値）,平均約定価格（電源属地別）[円/kW・30分],8.73,3.35,1.74,0.36,2.73,1.86,1.13,2.43,1.68,1.45
20260215B08,合計（確報値）,最高約定価格（TSO別）[円/kW・30分],8.73,4.63,2.51,0.36,2.73,2.34,2.73,7.88,2.81,8.73
20260215B08,合計（確報値）,最低約定価格（TSO別）[円/kW・30分],8.73,2.71,0.36,0.36,2.73,0.36,0.36,0.36,0.36,0.36
20260215B08,合計（確報値）,平均約定価格（TSO別）[円/kW・30分],8.73,3.35,1.74,0.36,2.73,1.4,1.07,2.43,1.39,1.45
20260215B08,合計（確報値）,約定量合計（TSO別）[MW],31,210,436.307,780.944,117.542,284,337.629,108,252,2557.422
20260215B08,合計（確報値）,（内訳）自エリアからの約定量[MW],31,210,436.307,780.944,117.542,196.732,269.165,108,198,2347.69
20260216B01,システム約定結果,募集量（TSO別）[MW],0,0,0,0,112,0,55,85,282,534
20260216B01,システム約定結果,応札量合計（電源属地別）[MW],175.6,440,297.324,577.3,116,836,403.224,93,485,3423.448
20260216B01,システム約定結果,落札量合計（電源属地別）[MW],14.6,140,131.534,484.673,116,196.732,235.679,85,157,1561.218
20260216B01,システム約定結果,応札件数（電源属地別）[件],3,2,4,6,1,4,5,6,6,37
20260216B01,システム約定結果,落札件数（電源属地別）[件],1,2,3,5,1,4,5,6,5,32
20260216B01,システム約定結果,最高落札価格（電源属地別）[円/kW・30分],4.1,5.09,1.02,2.96,2.83,2.17,1.07,7.48,2.93,7.48
20260216B01,システム約定結果,最低落札価格（電源属地別）[円/kW・30分],4.1,3.07,0.41,2.07,2.83,1.27,0.36,0.36,0.96,0.36
20260216B01,システム約定結果,平均落札価格（電源属地別）[円/kW・30分],4.1,4.08,0.88,2.6,2.83,1.69,0.9,1.35,1.82,2.1
20260216B01,システム約定結果,最高落札価格（TSO別）[円/kW・30分],4.1,5.09,1.02,2.96,2.83,2.17,1.07,7.48,2.93,7.48
20260216B01,システム約定結果,最低落札価格（TSO別）[円/kW・30分],4.1,3.07,0.41,2.07,2.83,1.27,0.36,0.36,0.36,0.36
20260216B01,システム約定結果,平均落札価格（TSO別）[円/kW・30分],4.1,4.08,0.88,2.59,2.83,1.69,0.89,1.35,2.09,2.1
20260216B01,システム約定結果,落札量合計（TSO別）[MW],14.6,140,131.534,380.723,112,196.732,218.629,85,282,1561.218
20260216B01,システム約定結果,（内訳）自エリアからの落札量[MW],14.6,140,131.534,380.723,112,196.732,218.629,85,157,1436.218
20260216B01,追加調達結果,募集量（TSO別）[MW],-,-,-,-,-,-,-,-,-,-
20260216B01,追加調達結果,応札量合計（電源属地別）[MW],0,0,0,0,0,0,0,0,0,0
20260216B01,追加調達結果,約定量合計（電源属地別）[MW],0,0,0,0,0,0,0,0,0,0
20260216B01,追加調達結果,応札件数（電源属地別）[件],0,0,0,0,0,0,0,0,0,0
20260216B01,追加調達結果,約定件数（電源属地別）[件],0,0,0,0,0,0,0,0,0,0
20260216B01,追加調達結果,最高約定価格（電源属地別）[円/kW・30分],0,0,0,0,0,0,0,0,0,0
20260216B01,追加調達結果,最低約定価格（電源属地別）[円/kW・30分],0,0,0,0,0,0,0,0,0,0
20260216B01,追加調達結果,平均約定価格（電源属地別）[円/kW・30分],0,0,0,0,0,0,0,0,0,0
20260216B01,追加調達結果,最高約定価格（TSO別）[円/kW・30分],0,0,0,0,0,0,0,0,0,0
20260216B01,追加調達結果,最低約定価格（TSO別）[円/kW・30分],0,0,0,0,0,0,0,0,0,0
20260216B01,追加調達結果,平均約定価格（TSO別）[円/kW・30分],0,0,0,0,0,0,0,0,0,0
20260216B01,追加調達結果,約定量合計（TSO別）[MW],0,0,0,0,0,0,0,0,0,0
20260216B01,追加調達結果,（内訳）自エリアからの約定量[MW],0,0,0,0,0,0,0,0,0,0
20260216B01,合計（確報値）,募集量（TSO別）[MW],0,0,0,0,112,0,55,85,282,534
20260216B01,合計（確報値）,応札量合計（電源属地別）[MW],175.6,440,297.324,1375.776,116,836,403.224,93,485,4221.924
20260216B01,合計（確報値）,約定量合計（電源属地別）[MW],14.6,140,131.534,484.673,116,196.732,235.679,85,157,1561.218
20260216B01,合計（確報値）,応札件数（電源属地別）[件],3,2,4,32,1,4,5,6,6,63
20260216B01,合計（確報値）,約定件数（電源属地別）[件],1,2,3,16,1,4,5,6,5,43
20260216B01,合計（確報値）,最高約定価格（電源属地別）[円/kW・30分],4.1,5.09,1.02,0.36,2.83,2.17,1.07,7.48,2.93,7.48
20260216B01,合計（確報値）,最低約定価格（電源属地別）[円/kW・30分],4.1,3.07,0.41,0.36,2.83,1.27,0.36,0.36,0.96,0.36
20260216B01,合計（確報値）,平均約定価格（電源属地別）[円/kW・30分],4.1,4.08,0.88,0.36,2.83,1.69,0.9,1.35,1.82,1.41
20260216B01,合計（確報値）,最高約定価格（TSO別）[円/kW・30分],4.1,5.09,1.02,0.36,2.83,2.17,1.07,7.48,2.93,7.48
20260216B01,合計（確報値）,最低約定価格（TSO別）[円/kW・30分],4.1,3.07,0.41,0.36,2.83,1.27,0.36,0.36,0.36,0.36
20260216B01,合計（確報値）,平均約定価格（TSO別）[円/kW・30分],4.1,4.08,0.88,0.36,2.83,1.69,0.89,1.35,1.25,1.41
20260216B01,合計（確報値）,約定量合計（TSO別）[MW],14.6,140,131.534,380.723,112,196.732,218.629,85,282,1561.218
20260216B01,合計（確報値）,（内訳）自エリアからの約定量[MW],14.6,140,131.534,380.723,112,196.732,218.629,85,157,1436.218
20260216B02,システム約定結果,募集量（TSO別）[MW],0,50,0,0,93,23,193,87,244,690
20260216B02,システム約定結果,応札量合計（電源属地別）[MW],164.75,440,194.812,493.3,102,836,403.224,93,485,3212.086
20260216B02,システム約定結果,落札量合計（電源属地別）[MW],19.11,140,29.21,400.673,102,184.713,272.165,87,180,1414.871
20260216B02,システム約定結果,応札件数（電源属地別）[件],3,2,3,6,1,4,5,4,6,34
20260216B02,システム約定結果,落札件数（電源属地別）[件],2,2,1,5,1,4,5,4,5,29
20260216B02,システム約定結果,最高落札価格（電源属地別）[円/kW・30分],9.35,4.84,0.43,2.34,2.59,2.06,1.52,7.37,2.73,9.35
20260216B02,システム約定結果,最低落札価格（電源属地別）[円/kW・30分],5,2.87,0.43,1.16,2.59,1.16,0.36,0.36,0.76,0.36
20260216B02,システム約定結果,平均落札価格（電源属地別）[円/kW・30分],8.5,3.86,0.43,2.15,2.59,1.6,1.15,1.72,1.54,2.03
20260216B02,システム約定結果,最高落札価格（TSO別）[円/kW・30分],9.35,4.84,0.43,2.34,2.59,2.06,2.59,7.37,2.73,9.35
20260216B02,システム約定結果,最低落札価格（TSO別）[円/kW・30分],5,2.87,0.43,1.16,2.59,1.16,0.36,0.36,0.76,0.36
20260216B02,システム約定結果,平均落札価格（TSO別）[円/kW・30分],8.5,3.86,0.43,2.15,2.59,1.6,1.13,1.72,1.63,2.03
20260216B02,システム約定結果,落札量合計（TSO別）[MW],19.11,140,29.21,371.703,93,184.713,246.135,87,244,1414.871
20260216B02,システム約定結果,（内訳）自エリアからの落札量[MW],19.11,140,29.21,371.703,93,184.713,245.165,87,180,1349.901
20260216B02,追加調達結果,募集量（TSO別）[MW],-,-,-,-,-,-,-,-,-,-
20260216B02,追加調達結果,応札量合計（電源属地別）[MW],0,0,0,0,0,0,0,0,0,0
20260216B02,追加調達結果,約定量合計（電源属地別）[MW],0,0,0,0,0,0,0,0,0,0
20260216B02,追加調達結果,応札件数（電源属地別）[件],0,0,0,0,0,0,0,0,0,0
20260216B02,追加調達結果,約定件数（電源属地別）[件],0,0,0,0,0,0,0,0,0,0
20260216B02,追加調達結果,最高約定価格（電源属地別）[円/kW・30分],0,0,0,0,0,0,0,0,0,0
20260216B02,追加調達結果,最低約定価格（電源属地別）[円/kW・30分],0,0,0,0,0,0,0,0,0,0
20260216B02,追加調達結果,平均約定価格（電源属地別）[円/kW・30分],0,0,0,0,0,0,0,0,0,0
20260216B02,追加調達結果,最高約定価格（TSO別）[円/kW・30分],0,0,0,0,0,0,0,0,0,0
20260216B02,追加調達結果,最低約定価格（TSO別）[円/kW・30分],0,0,0,0,0,0,0,0,0,0
20260216B02,追加調達結果,平均約定価格（TSO別）[円/kW・30分],0,0,0,0,0,0,0,0,0,0
20260216B02,追加調達結果,約定量合計（TSO別）[MW],0,0,0,0,0,0,0,0,0,0
20260216B02,追加調達結果,（内訳）自エリアからの約定量[MW],0,0,0,0,0,0,0,0,0,0
20260216B02,合計（確報値）,募集量（TSO別）[MW],0,50,0,0,93,23,193,87,244,690
20260216B02,合計（確報値）,応札量合計（電源属地別）[MW],164.75,440,194.812,1208.037,102,836,403.224,93,485,3926.823
20260216B02,合計（確報値）,約定量合計（電源属地別）[MW],19.11,140,29.21,400.673,102,184.713,272.165,87,180,1414.871
20260216B02,合計（確報値）,応札件数（電源属地別）[件],3,2,3,27,1,4,5,4,6,55
20260216B02,合計（確報値）,約定件数（電源属地別）[件],2,2,1,13,1,4,5,4,5,37
20260216B02,合計（確報値）,最高約定価格（電源属地別）[円/kW・30分],9.35,4.84,0.43,0.36,2.59,2.06,1.52,7.37,2.73,9.35
20260216B02,合計（確報値）,最低約定価格（電源属地別）[円/kW・30分],5,2.87,0.43,0.36,2.59,1.16,0.36,0.36,0.76,0.36
20260216B02,合計（確報値）,平均約定価格（電源属地別）[円/kW・30分],8.5,3.86,0.43,0.36,2.59,1.6,1.15,1.72,1.54,1.53
20260216B02,合計（確報値）,最高約定価格（TSO別）[円/kW・30分],9.35,4.84,0.43,0.36,2.59,2.06,2.59,7.37,2.73,9.35
20260216B02,合計（確報値）,最低約定価格（TSO別）[円/kW・30分],5,2.87,0.43,0.36,2.59,1.16,0.36,0.36,0.36,0.36
20260216B02,合計（確報値）,平均約定価格（TSO別）[円/kW・30分],8.5,3.86,0.43,0.36,2.59,1.6,1.13,1.72,1.42,1.53
20260216B02,合計（確報値）,約定量合計（TSO別）[MW],19.11,140,29.21,371.703,93,184.713,246.135,87,244,1414.871
20260216B02,合計（確報値）,（内訳）自エリアからの約定量[MW],19.11,140,29.21,371.703,93,184.713,245.165,87,180,1349.901
20260216B03,システム約定結果,募集量（TSO別）[MW],0,380,356,0,140,383,329,134,261,1983
20260216B03,システム約定結果,応札量合計（電源属地別）[MW],166.74,700,1239.479,51.449,170.4,836,573.552,134,446.9,4318.52
20260216B03,システム約定結果,落札量合計（電源属地別）[MW],46.74,280,839.262,17.065,169,196.732,433.738,134,210,2326.537
20260216B03,システム約定結果,応札件数（電源属地別）[件],4,3,12,1,3,4,9,3,7,46
20260216B03,システム約定結果,落札件数（電源属地別）[件],4,3,9,1,2,4,9,3,5,40
20260216B03,システム約定結果,最高落札価格（電源属地別）[円/kW・30分],14.35,3.61,3.82,4.33,4.71,3.75,2.29,7.17,4.53,14.35
20260216B03,システム約定結果,最低落札価格（電源属地別）[円/kW・30分],5.29,1.33,0.36,4.33,4.71,2.85,0.36,0.36,2.56,0.36
20260216B03,システム約定結果,平均落札価格（電源属地別）[円/kW・30分],7.76,2.05,1.12,4.33,4.71,3.27,1,1.12,3.26,2
20260216B03,システム約定結果,最高落札価格（TSO別）[円/kW・30分],14.35,3.61,3.82,4.33,4.71,4.71,2.29,7.17,4.53,14.35
20260216B03,システム約定結果,最低落札価格（TSO別）[円/kW・30分],5.29,0.36,0.36,4.33,4.71,0.36,0.36,0.36,0.36,0.36
20260216B03,システム約定結果,平均落札価格（TSO別）[円/kW・30分],7.76,1.33,1.91,4.33,4.71,2.21,1.04,1.12,2.29,2
20260216B03,システム約定結果,落札量合計（TSO別）[MW],46.74,484,356,17.065,140,413.732,409,134,326,2326.537
20260216B03,システム約定結果,（内訳）自エリアからの落札量[MW],46.74,280,356,17.065,140,196.732,409,134,210,1789.537
20260216B03,追加調達結果,募集量（TSO別）[MW],-,-,-,-,-,-,-,-,-,-
20260216B03,追加調達結果,応札量合計（電源属地別）[MW],0,0,0,0,0,0,0,0,0,0
20260216B03,追加調達結果,約定量合計（電源属地別）[MW],0,0,0,0,0,0,0,0,0,0
20260216B03,追加調達結果,応札件数（電源属地別）[件],0,0,0,0,0,0,0,0,0,0
20260216B03,追加調達結果,約定件数（電源属地別）[件],0,0,0,0,0,0,0,0,0,0
20260216B03,追加調達結果,最高約定価格（電源属地別）[円/kW・30分],0,0,0,0,0,0,0,0,0,0
20260216B03,追加調達結果,最低約定価格（電源属地別）[円/kW・30分],0,0,0,0,0,0,0,0,0,0
20260216B03,追加調達結果,平均約定価格（電源属地別）[円/kW・30分],0,0,0,0,0,0,0,0,0,0
20260216B03,追加調達結果,最高約定価格（TSO別）[円/kW・30分],0,0,0,0,0,0,0,0,0,0
20260216B03,追加調達結果,最低約定価格（TSO別）[円/kW・30分],0,0,0,0,0,0,0,0,0,0
20260216B03,追加調達結果,平均約定価格（TSO別）[円/kW・30分],0,0,0,0,0,0,0,0,0,0
20260216B03,追加調達結果,約定量合計（TSO別）[MW],0,0,0,0,0,0,0,0,0,0
20260216B03,追加調達結果,（内訳）自エリアからの約定量[MW],0,0,0,0,0,0,0,0,0,0
20260216B03,合計（確報値）,募集量（TSO別）[MW],0,380,356,0,140,383,329,134,261,1983
20260216B03,合計（確報値）,応札量合計（電源属地別）[MW],166.74,700,1239.479,85.579,170.4,836,573.552,134,446.9,4352.65
20260216B03,合計（確報値）,約定量合計（電源属地別）[MW],46.74,280,839.262,17.065,169,196.732,433.738,134,210,2326.537
20260216B03,合計（確報値）,応札件数（電源属地別）[件],4,3,12,3,3,4,9,3,7,48
20260216B03,合計（確報値）,約定件数（電源属地別）[件],4,3,9,1,2,4,9,3,5,40
20260216B03,合計（確報値）,最高約定価格（電源属地別）[円/kW・30分],14.35,3.61,3.82,0.36,4.71,3.75,2.29,7.17,4.53,14.35
20260216B03,合計（確報値）,最低約定価格（電源属地別）[円/kW・30分],5.29,1.33,0.36,0.36,4.71,2.85,0.36,0.36,2.56,0.36
20260216B03,合計（確報値）,平均約定価格（電源属地別）[円/kW・30分],7.76,2.05,1.12,0.36,4.71,3.27,1,1.12,3.26,1.97
20260216B03,合計（確報値）,最高約定価格（TSO別）[円/kW・30分],14.35,3.61,3.82,0.36,4.71,4.71,2.29,7.17,4.53,14.35
20260216B03,合計（確報値）,最低約定価格（TSO別）[円/kW・30分],5.29,0.36,0.36,0.36,4.71,0.36,0.36,0.36,0.36,0.36
20260216B03,合計（確報値）,平均約定価格（TSO別）[円/kW・30分],7.76,1.33,1.91,0.36,4.71,2.21,1.04,1.12,2.29,1.97
20260216B03,合計（確報値）,約定量合計（TSO別）[MW],46.74,484,356,17.065,140,413.732,409,134,326,2326.537
20260216B03,合計（確報値）,（内訳）自エリアからの約定量[MW],46.74,280,356,17.065,140,196.732,409,134,210,1789.537
20260216B04,システム約定結果,募集量（TSO別）[MW],0,132,718,0,258,559,470,265,361,2763
20260216B04,システム約定結果,応札量合計（電源属地別）[MW],180.05,450,1683.318,10.5,266,838,373.524,265,719,4785.392
20260216B04,システム約定結果,落札量合計（電源属地別）[MW],26,176,718,0,266,736,373.524,265,378.725,2939.249
20260216B04,システム約定結果,応札件数（電源属地別）[件],4,2,11,1,2,5,4,3,5,37
20260216B04,システム約定結果,落札件数（電源属地別）[件],1,2,5,0,2,4,4,3,4,25
20260216B04,システム約定結果,最高落札価格（電源属地別）[円/kW・30分],9.17,2.77,1.02,0,2.81,1.63,1.51,8.57,2.07,9.17
20260216B04,システム約定結果,最低落札価格（電源属地別）[円/kW・30分],9.17,1.89,0.35,0,2.8,0.73,0.36,0.36,0.85,0.35
20260216B04,システム約定結果,平均落札価格（電源属地別）[円/kW・30分],9.17,2.07,0.53,0,2.81,1.09,1.2,1.29,1.1,1.27
20260216B04,システム約定結果,最高落札価格（TSO別）[円/kW・30分],9.17,2.77,1.02,0,2.81,2.8,2.8,8.57,2.07,9.17
20260216B04,システム約定結果,最低落札価格（TSO別）[円/kW・30分],9.17,1.89,0.35,0,1.39,0.73,0.36,0.36,0.85,0.35
20260216B04,システム約定結果,平均落札価格（TSO別）[円/kW・30分],9.17,2.07,0.53,0,2.68,1.25,1.07,1.29,1.12,1.27
20260216B04,システム約定結果,落札量合計（TSO別）[MW],26,176,718,0,258,559,518.249,265,419,2939.249
20260216B04,システム約定結果,（内訳）自エリアからの落札量[MW],26,176,718,0,234,540.666,309.981,265,378.725,2648.372
20260216B04,追加調達結果,募集量（TSO別）[MW],-,-,-,-,-,-,-,-,-,-
20260216B04,追加調達結果,応札量合計（電源属地別）[MW],0,0,0,0,0,0,0,0,0,0
20260216B04,追加調達結果,約定量合計（電源属地別）[MW],0,0,0,0,0,0,0,0,0,0
20260216B04,追加調達結果,応札件数（電源属地別）[件],0,0,0,0,0,0,0,0,0,0
20260216B04,追加調達結果,約定件数（電源属地別）[件],0,0,0,0,0,0,0,0,0,0
20260216B04,追加調達結果,最高約定価格（電源属地別）[円/kW・30分],0,0,0,0,0,0,0,0,0,0
20260216B04,追加調達結果,最低約定価格（電源属地別）[円/kW・30分],0,0,0,0,0,0,0,0,0,0
20260216B04,追加調達結果,平均約定価格（電源属地別）[円/kW・30分],0,0,0,0,0,0,0,0,0,0
20260216B04,追加調達結果,最高約定価格（TSO別）[円/kW・30分],0,0,0,0,0,0,0,0,0,0
20260216B04,追加調達結果,最低約定価格（TSO別）[円/kW・30分],0,0,0,0,0,0,0,0,0,0
20260216B04,追加調達結果,平均約定価格（TSO別）[円/kW・30分],0,0,0,0,0,0,0,0,0,0
20260216B04,追加調達結果,約定量合計（TSO別）[MW],0,0,0,0,0,0,0,0,0,0
20260216B04,追加調達結果,（内訳）自エリアからの約定量[MW],0,0,0,0,0,0,0,0,0,0
20260216B04,合計（確報値）,募集量（TSO別）[MW],0,132,718,0,258,559,470,265,361,2763
20260216B04,合計（確報値）,応札量合計（電源属地別）[MW],180.05,450,1683.318,10.5,266,838,373.524,265,719,4785.392
20260216B04,合計（確報値）,約定量合計（電源属地別）[MW],26,176,718,0,266,736,373.524,265,378.725,2939.249
20260216B04,合計（確報値）,応札件数（電源属地別）[件],4,2,11,1,2,5,4,3,5,37
20260216B04,合計（確報値）,約定件数（電源属地別）[件],1,2,5,0,2,4,4,3,4,25
20260216B04,合計（確報値）,最高約定価格（電源属地別）[円/kW・30分],9.17,2.77,1.02,0,2.81,1.63,1.51,8.57,2.07,9.17
20260216B04,合計（確報値）,最低約定価格（電源属地別）[円/kW・30分],9.17,1.89,0.35,0,2.8,0.73,0.36,0.36,0.85,0.35
20260216B04,合計（確報値）,平均約定価格（電源属地別）[円/kW・30分],9.17,2.07,0.53,0,2.81,1.09,1.2,1.29,1.1,1.27
20260216B04,合計（確報値）,最高約定価格（TSO別）[円/kW・30分],9.17,2.77,1.02,0,2.81,2.8,2.8,8.57,2.07,9.17
20260216B04,合計（確報値）,最低約定価格（TSO別）[円/kW・30分],9.17,1.89,0.35,0,1.39,0.73,0.36,0.36,0.85,0.35
20260216B04,合計（確報値）,平均約定価格（TSO別）[円/kW・30分],9.17,2.07,0.53,0,2.68,1.25,1.07,1.29,1.12,1.27
20260216B04,合計（確報値）,約定量合計（TSO別）[MW],26,176,718,0,258,559,518.249,265,419,2939.249
20260216B04,合計（確報値）,（内訳）自エリアからの約定量[MW],26,176,718,0,234,540.666,309.981,265,378.725,2648.372
20260216B05,システム約定結果,募集量（TSO別）[MW],72,0,40,0,221,412,227,225,318,1515
20260216B05,システム約定結果,応札量合計（電源属地別）[MW],165.74,261.5,222.5,1.5,228,836,258.702,225,720.05,2918.992
20260216B05,システム約定結果,落札量合計（電源属地別）[MW],27.28,140,222.5,0,228,261.401,219.099,225,319,1642.28
20260216B05,システム約定結果,応札件数（電源属地別）[件],4,2,3,1,2,4,5,2,6,29
20260216B05,システム約定結果,落札件数（電源属地別）[件],2,1,3,0,2,4,5,2,3,22
20260216B05,システム約定結果,最高落札価格（電源属地別）[円/kW・30分],10.15,1.86,0.35,0,1.5,0.87,0.79,5.49,0.36,10.15
20260216B05,システム約定結果,最低落札価格（電源属地別）[円/kW・30分],10,1.86,0.35,0,1.49,0.36,0.36,0.36,0.36,0.35
20260216B05,システム約定結果,平均落札価格（電源属地別）[円/kW・30分],10.13,1.86,0.35,0,1.5,0.51,0.56,0.7,0.36,0.9
20260216B05,システム約定結果,最高落札価格（TSO別）[円/kW・30分],10.15,1.86,0.35,0,1.5,1.5,0.79,5.49,0.36,10.15
20260216B05,システム約定結果,最低落札価格（TSO別）[円/kW・30分],1.86,1.86,0.35,0,0.79,0.35,0.35,0.36,0.35,0.35
20260216B05,システム約定結果,平均落札価格（TSO別）[円/kW・30分],4.99,1.86,0.35,0,1.45,0.54,0.48,0.7,0.36,0.9
20260216B05,システム約定結果,落札量合計（TSO別）[MW],72,95.28,40,0,221,412,227,225,350,1642.28
20260216B05,システム約定結果,（内訳）自エリアからの落札量[MW],27.28,95.28,40,0,207.187,261.401,175.018,225,319,1350.166
20260216B05,追加調達結果,募集量（TSO別）[MW],-,-,-,-,-,-,-,-,-,-
20260216B05,追加調達結果,応札量合計（電源属地別）[MW],0,0,0,0,0,0,0,0,0,0
20260216B05,追加調達結果,約定量合計（電源属地別）[MW],0,0,0,0,0,0,0,0,0,0
20260216B05,追加調達結果,応札件数（電源属地別）[件],0,0,0,0,0,0,0,0,0,0
20260216B05,追加調達結果,約定件数（電源属地別）[件],0,0,0,0,0,0,0,0,0,0
20260216B05,追加調達結果,最高約定価格（電源属地別）[円/kW・30分],0,0,0,0,0,0,0,0,0,0
20260216B05,追加調達結果,最低約定価格（電源属地別）[円/kW・30分],0,0,0,0,0,0,0,0,0,0
20260216B05,追加調達結果,平均約定価格（電源属地別）[円/kW・30分],0,0,0,0,0,0,0,0,0,0
20260216B05,追加調達結果,最高約定価格（TSO別）[円/kW・30分],0,0,0,0,0,0,0,0,0,0
20260216B05,追加調達結果,最低約定価格（TSO別）[円/kW・30分],0,0,0,0,0,0,0,0,0,0
20260216B05,追加調達結果,平均約定価格（TSO別）[円/kW・30分],0,0,0,0,0,0,0,0,0,0
20260216B05,追加調達結果,約定量合計（TSO別）[MW],0,0,0,0,0,0,0,0,0,0
20260216B05,追加調達結果,（内訳）自エリアからの約定量[MW],0,0,0,0,0,0,0,0,0,0
20260216B05,合計（確報値）,募集量（TSO別）[MW],72,0,40,0,221,412,227,225,318,1515
20260216B05,合計（確報値）,応札量合計（電源属地別）[MW],165.74,261.5,222.5,1.5,228,836,258.702,225,720.05,2918.992
20260216B05,合計（確報値）,約定量合計（電源属地別）[MW],27.28,140,222.5,0,228,183.688,219.099,225,319,1564.567
20260216B05,合計（確報値）,応札件数（電源属地別）[件],4,2,3,1,2,4,5,2,6,29
20260216B05,合計（確報値）,約定件数（電源属地別）[件],2,1,3,0,2,3,5,2,3,21
20260216B05,合計（確報値）,最高約定価格（電源属地別）[円/kW・30分],10.15,1.86,0.35,0,1.5,0.36,0.79,5.49,0.36,10.15
20260216B05,合計（確報値）,最低約定価格（電源属地別）[円/kW・30分],10,1.86,0.35,0,1.49,0.36,0.36,0.36,0.36,0.35
20260216B05,合計（確報値）,平均約定価格（電源属地別）[円/kW・30分],10.13,1.86,0.35,0,1.5,0.36,0.56,0.7,0.36,0.91
20260216B05,合計（確報値）,最高約定価格（TSO別）[円/kW・30分],10.15,1.86,0.35,0,1.5,1.5,0.79,5.49,0.36,10.15
20260216B05,合計（確報値）,最低約定価格（TSO別）[円/kW・30分],1.86,1.86,0.35,0,0.79,0.35,0.35,0.36,0.35,0.35
20260216B05,合計（確報値）,平均約定価格（TSO別）[円/kW・30分],4.99,1.86,0.35,0,1.45,0.46,0.48,0.7,0.36,0.91
20260216B05,合計（確報値）,約定量合計（TSO別）[MW],72,95.28,40,0,221,334.287,227,225,350,1564.567
20260216B05,合計（確報値）,（内訳）自エリアからの約定量[MW],27.28,95.28,40,0,207.187,183.688,175.018,225,319,1272.453
20260216B06,システム約定結果,募集量（TSO別）[MW],0,171,707,0,171,476,278,194,288,2285
20260216B06,システム約定結果,応札量合計（電源属地別）[MW],64,510,1199.71,315.232,179,838,719.308,197,485,4507.25
20260216B06,システム約定結果,落札量合計（電源属地別）[MW],31,210,764,298.675,178.562,196.732,431.383,197,361,2668.352
20260216B06,システム約定結果,応札件数（電源属地別）[件],2,2,9,2,2,5,11,2,6,41
20260216B06,システム約定結果,落札件数（電源属地別）[件],1,2,5,1,2,4,11,2,5,33
20260216B06,システム約定結果,最高落札価格（電源属地別）[円/kW・30分],6.36,4.03,3.94,1.91,3.39,2.59,9.57,7.3,3.02,9.57
20260216B06,システム約定結果,最低落札価格（電源属地別）[円/kW・30分],6.36,1.54,0.36,1.91,3.38,1.69,0.62,0.36,1.3,0.36
20260216B06,システム約定結果,平均落札価格（電源属地別）[円/kW・30分],6.36,2.37,1.63,1.91,3.39,2.11,1.43,0.89,1.67,1.85
20260216B06,システム約定結果,最高落札価格（TSO別）[円/kW・30分],6.36,4.03,3.94,1.91,3.39,3.39,9.57,7.3,3.02,9.57
20260216B06,システム約定結果,最低落札価格（TSO別）[円/kW・30分],6.36,0.36,0.36,1.91,1.91,0.36,0.62,0.36,1.3,0.36
20260216B06,システム約定結果,平均落札価格（TSO別）[円/kW・30分],6.36,1.94,1.74,1.91,3.16,1.99,1.51,0.9,1.67,1.85
20260216B06,システム約定結果,落札量合計（TSO別）[MW],31,267,707,68.352,171,476,393,194,361,2668.352
20260216B06,システム約定結果,（内訳）自エリアからの落札量[MW],31,210,707,68.352,143,194,393,194,361,2301.352
20260216B06,追加調達結果,募集量（TSO別）[MW],-,-,-,-,-,-,-,-,-,-
20260216B06,追加調達結果,応札量合計（電源属地別）[MW],0,0,0,0,0,0,0,0,0,0
20260216B06,追加調達結果,約定量合計（電源属地別）[MW],0,0,0,0,0,0,0,0,0,0
20260216B06,追加調達結果,応札件数（電源属地別）[件],0,0,0,0,0,0,0,0,0,0
20260216B06,追加調達結果,約定件数（電源属地別）[件],0,0,0,0,0,0,0,0,0,0
20260216B06,追加調達結果,最高約定価格（電源属地別）[円/kW・30分],0,0,0,0,0,0,0,0,0,0
20260216B06,追加調達結果,最低約定価格（電源属地別）[円/kW・30分],0,0,0,0,0,0,0,0,0,0
20260216B06,追加調達結果,平均約定価格（電源属地別）[円/kW・30分],0,0,0,0,0,0,0,0,0,0
20260216B06,追加調達結果,最高約定価格（TSO別）[円/kW・30分],0,0,0,0,0,0,0,0,0,0
20260216B06,追加調達結果,最低約定価格（TSO別）[円/kW・30分],0,0,0,0,0,0,0,0,0,0
20260216B06,追加調達結果,平均約定価格（TSO別）[円/kW・30分],0,0,0,0,0,0,0,0,0,0
20260216B06,追加調達結果,約定量合計（TSO別）[MW],0,0,0,0,0,0,0,0,0,0
20260216B06,追加調達結果,（内訳）自エリアからの約定量[MW],0,0,0,0,0,0,0,0,0,0
20260216B06,合計（確報値）,募集量（TSO別）[MW],0,171,707,0,171,476,278,194,288,2285
20260216B06,合計（確報値）,応札量合計（電源属地別）[MW],64,510,1199.71,613.907,297.562,838,719.308,197,485,4924.487
20260216B06,合計（確報値）,約定量合計（電源属地別）[MW],31,210,764,298.675,178.562,196.732,431.383,197,361,2668.352
20260216B06,合計（確報値）,応札件数（電源属地別）[件],2,2,9,11,9,5,11,2,6,57
20260216B06,合計（確報値）,約定件数（電源属地別）[件],1,2,5,9,8,4,11,2,5,47
20260216B06,合計（確報値）,最高約定価格（電源属地別）[円/kW・30分],6.36,4.03,3.94,0.36,3.38,2.59,9.57,7.3,3.02,9.57
20260216B06,合計（確報値）,最低約定価格（電源属地別）[円/kW・30分],6.36,1.54,0.36,0.36,0.35,1.69,0.62,0.36,1.3,0.35
20260216B06,合計（確報値）,平均約定価格（電源属地別）[円/kW・30分],6.36,2.37,1.63,0.36,1.37,2.11,1.43,0.89,1.67,1.54
20260216B06,合計（確報値）,最高約定価格（TSO別）[円/kW・30分],6.36,4.03,3.94,0.36,3.38,3.38,9.57,7.3,3.02,9.57
20260216B06,合計（確報値）,最低約定価格（TSO別）[円/kW・30分],6.36,0.36,0.36,0.36,0.35,0.35,0.62,0.36,1.3,0.35
20260216B06,合計（確報値）,平均約定価格（TSO別）[円/kW・30分],6.36,1.94,1.74,0.36,0.94,1.28,1.51,0.9,1.67,1.54
20260216B06,合計（確報値）,約定量合計（TSO別）[MW],31,267,707,68.352,171,476,393,194,361,2668.352
20260216B06,合計（確報値）,（内訳）自エリアからの約定量[MW],31,210,707,68.352,143,194,393,194,361,2301.352
20260216B07,システム約定結果,募集量（TSO別）[MW],0,148,446,0,115,410,271,111,260,1761
20260216B07,システム約定結果,応札量合計（電源属地別）[MW],61,440,1719.285,533.581,123,838,617.14,121,609.97,5062.976
20260216B07,システム約定結果,落札量合計（電源属地別）[MW],19,140,694.195,494.647,123,196.732,267.734,111,286,2332.308
20260216B07,システム約定結果,応札件数（電源属地別）[件],1,2,14,4,1,5,11,4,8,50
20260216B07,システム約定結果,落札件数（電源属地別）[件],1,2,7,3,1,4,11,4,7,40
20260216B07,システム約定結果,最高落札価格（電源属地別）[円/kW・30分],5.13,3.37,5.7,4.38,4.66,3.7,9.57,7.33,4.45,9.57
20260216B07,システム約定結果,最低落札価格（電源属地別）[円/kW・30分],5.13,1.73,1.02,1.39,4.66,2.8,1.43,0.36,1.49,0.36
20260216B07,システム約定結果,平均落札価格（電源属地別）[円/kW・30分],5.13,2.55,4.39,2.52,4.66,3.22,2.68,2.2,2.61,3.28
20260216B07,システム約定結果,最高落札価格（TSO別）[円/kW・30分],5.13,5.1,5.7,4.38,4.66,4.38,9.57,7.33,4.45,9.57
20260216B07,システム約定結果,最低落札価格（TSO別）[円/kW・30分],5.13,1.73,1.02,1.39,4.66,1.39,1.39,0.36,1.49,0.36
20260216B07,システム約定結果,平均落札価格（TSO別）[円/kW・30分],5.13,2.69,4.38,3.03,4.66,2.55,2.69,2.2,2.61,3.28
20260216B07,システム約定結果,落札量合計（TSO別）[MW],19,148,686.195,220.399,123,410,328.714,111,286,2332.308
20260216B07,システム約定結果,（内訳）自エリアからの落札量[MW],19,140,686.195,220.399,123,196.732,267.734,111,286,2050.06
20260216B07,追加調達結果,募集量（TSO別）[MW],-,-,-,-,-,-,-,-,-,-
20260216B07,追加調達結果,応札量合計（電源属地別）[MW],0,0,0,0,0,0,0,0,0,0
20260216B07,追加調達結果,約定量合計（電源属地別）[MW],0,0,0,0,0,0,0,0,0,0
20260216B07,追加調達結果,応札件数（電源属地別）[件],0,0,0,0,0,0,0,0,0,0
20260216B07,追加調達結果,約定件数（電源属地別）[件],0,0,0,0,0,0,0,0,0,0
20260216B07,追加調達結果,最高約定価格（電源属地別）[円/kW・30分],0,0,0,0,0,0,0,0,0,0
20260216B07,追加調達結果,最低約定価格（電源属地別）[円/kW・30分],0,0,0,0,0,0,0,0,0,0
20260216B07,追加調達結果,平均約定価格（電源属地別）[円/kW・30分],0,0,0,0,0,0,0,0,0,0
20260216B07,追加調達結果,最高約定価格（TSO別）[円/kW・30分],0,0,0,0,0,0,0,0,0,0
20260216B07,追加調達結果,最低約定価格（TSO別）[円/kW・30分],0,0,0,0,0,0,0,0,0,0
20260216B07,追加調達結果,平均約定価格（TSO別）[円/kW・30分],0,0,0,0,0,0,0,0,0,0
20260216B07,追加調達結果,約定量合計（TSO別）[MW],0,0,0,0,0,0,0,0,0,0
20260216B07,追加調達結果,（内訳）自エリアからの約定量[MW],0,0,0,0,0,0,0,0,0,0
20260216B07,合計（確報値）,募集量（TSO別）[MW],0,148,446,0,115,410,271,111,260,1761
20260216B07,合計（確報値）,応札量合計（電源属地別）[MW],61,440,1870.447,1011.163,246,838,617.14,134,609.97,5827.72
20260216B07,合計（確報値）,約定量合計（電源属地別）[MW],19,140,694.195,494.647,123,196.732,267.734,110,286,2331.308
20260216B07,合計（確報値）,応札件数（電源属地別）[件],1,2,19,22,8,5,11,5,8,81
20260216B07,合計（確報値）,約定件数（電源属地別）[件],1,2,11,19,7,4,11,4,7,66
20260216B07,合計（確報値）,最高約定価格（電源属地別）[円/kW・30分],5.13,3.37,5.7,4.27,0.8,3.7,9.57,6.14,4.45,9.57
20260216B07,合計（確報値）,最低約定価格（電源属地別）[円/kW・30分],5.13,1.73,0.36,0.36,0.35,2.8,1.43,0.36,1.49,0.35
20260216B07,合計（確報値）,平均約定価格（電源属地別）[円/kW・30分],5.13,2.55,3.35,0.49,0.62,3.22,2.68,1.54,2.61,2.3
20260216B07,合計（確報値）,最高約定価格（TSO別）[円/kW・30分],5.13,3.37,5.7,4.27,0.8,3.7,9.57,6.14,4.45,9.57
20260216B07,合計（確報値）,最低約定価格（TSO別）[円/kW・30分],5.13,0.36,0.36,0.36,0.35,0.36,0.36,0.36,1.49,0.35
20260216B07,合計（確報値）,平均約定価格（TSO別）[円/kW・30分],5.13,2.43,3.39,0.66,0.62,1.73,2.25,1.54,2.61,2.3
20260216B07,合計（確報値）,約定量合計（TSO別）[MW],19,148,686.195,220.399,123,410,328.714,110,286,2331.308
20260216B07,合計（確報値）,（内訳）自エリアからの約定量[MW],19,140,686.195,220.399,123,196.732,267.734,110,286,2049.06
20260216B08,システム約定結果,募集量（TSO別）[MW],0,0,57,0,110,284,280,96,252,1079
20260216B08,システム約定結果,応札量合計（電源属地別）[MW],164.75,440,426.782,536.331,130,836,617.14,109,486,3746.003
20260216B08,システム約定結果,落札量合計（電源属地別）[MW],34,140,294.682,490.545,130,196.732,338.714,108,252,1984.673
20260216B08,システム約定結果,応札件数（電源属地別）[件],3,2,5,4,1,4,11,6,6,42
20260216B08,システム約定結果,落札件数（電源属地別）[件],2,2,3,3,1,4,11,6,5,37
20260216B08,システム約定結果,最高落札価格（電源属地別）[円/kW・30分],9.3,4.05,4.76,4.78,2.91,2.54,9.57,6.72,3,9.57
20260216B08,システム約定結果,最低落札価格（電源属地別）[円/kW・30分],7.33,2.26,1.02,1.71,2.91,1.64,0.48,0.36,1.11,0.36
20260216B08,システム約定結果,平均落札価格（電源属地別）[円/kW・30分],7.5,3.16,2.23,2.83,2.91,2.06,1.39,1.38,1.66,2.3
20260216B08,システム約定結果,最高落札価格（TSO別）[円/kW・30分],9.3,4.05,4.76,4.78,2.91,2.54,9.57,6.72,3,9.57
20260216B08,システム約定結果,最低落札価格（TSO別）[円/kW・30分],7.33,2.26,1.02,1.71,2.91,1.64,0.48,0.36,1.11,0.36
20260216B08,システム約定結果,平均落札価格（TSO別）[円/kW・30分],7.5,3.16,2.23,3.08,2.91,1.95,1.39,1.38,1.66,2.3
20260216B08,システム約定結果,落札量合計（TSO別）[MW],34,140,294.682,403.277,130,284,338.714,108,252,1984.673
20260216B08,システム約定結果,（内訳）自エリアからの落札量[MW],34,140,294.682,403.277,130,196.732,338.714,108,252,1897.405
20260216B08,追加調達結果,募集量（TSO別）[MW],-,-,-,-,-,-,-,-,-,-
20260216B08,追加調達結果,応札量合計（電源属地別）[MW],0,0,0,0,0,0,0,0,0,0
20260216B08,追加調達結果,約定量合計（電源属地別）[MW],0,0,0,0,0,0,0,0,0,0
20260216B08,追加調達結果,応札件数（電源属地別）[件],0,0,0,0,0,0,0,0,0,0
20260216B08,追加調達結果,約定件数（電源属地別）[件],0,0,0,0,0,0,0,0,0,0
20260216B08,追加調達結果,最高約定価格（電源属地別）[円/kW・30分],0,0,0,0,0,0,0,0,0,0
20260216B08,追加調達結果,最低約定価格（電源属地別）[円/kW・30分],0,0,0,0,0,0,0,0,0,0
20260216B08,追加調達結果,平均約定価格（電源属地別）[円/kW・30分],0,0,0,0,0,0,0,0,0,0
20260216B08,追加調達結果,最高約定価格（TSO別）[円/kW・30分],0,0,0,0,0,0,0,0,0,0
20260216B08,追加調達結果,最低約定価格（TSO別）[円/kW・30分],0,0,0,0,0,0,0,0,0,0
20260216B08,追加調達結果,平均約定価格（TSO別）[円/kW・30分],0,0,0,0,0,0,0,0,0,0
20260216B08,追加調達結果,約定量合計（TSO別）[MW],0,0,0,0,0,0,0,0,0,0
20260216B08,追加調達結果,（内訳）自エリアからの約定量[MW],0,0,0,0,0,0,0,0,0,0
20260216B08,合計（確報値）,募集量（TSO別）[MW],0,0,57,0,110,284,280,96,252,1079
20260216B08,合計（確報値）,応札量合計（電源属地別）[MW],164.75,440,426.782,1010.31,260,836,617.14,109,486,4349.982
20260216B08,合計（確報値）,約定量合計（電源属地別）[MW],34,140,294.682,490.545,130,196.732,338.714,108,252,1984.673
20260216B08,合計（確報値）,応札件数（電源属地別）[件],3,2,5,19,6,4,11,6,6,62
20260216B08,合計（確報値）,約定件数（電源属地別）[件],2,2,3,16,5,4,11,6,5,54
20260216B08,合計（確報値）,最高約定価格（電源属地別）[円/kW・30分],9.3,4.05,4.76,3.63,2.06,2.54,9.57,6.72,3,9.57
20260216B08,合計（確報値）,最低約定価格（電源属地別）[円/kW・30分],7.33,2.26,1.02,0.36,0.35,1.64,0.48,0.36,1.11,0.35
20260216B08,合計（確報値）,平均約定価格（電源属地別）[円/kW・30分],7.5,3.16,2.23,0.47,1.4,2.06,1.39,1.38,1.66,1.62
20260216B08,合計（確報値）,最高約定価格（TSO別）[円/kW・30分],9.3,4.05,4.76,3.63,2.06,2.54,9.57,6.72,3,9.57
20260216B08,合計（確報値）,最低約定価格（TSO別）[円/kW・30分],7.33,2.26,1.02,0.36,0.35,0.36,0.48,0.36,1.11,0.35
20260216B08,合計（確報値）,平均約定価格（TSO別）[円/kW・30分],7.5,3.16,2.23,0.49,1.4,1.54,1.39,1.38,1.66,1.62
20260216B08,合計（確報値）,約定量合計（TSO別）[MW],34,140,294.682,403.277,130,284,338.714,108,252,1984.673
20260216B08,合計（確報値）,（内訳）自エリアからの約定量[MW],34,140,294.682,403.277,130,196.732,338.714,108,252,1897.405
20260217B01,システム約定結果,募集量（TSO別）[MW],0,0,0,0,112,0,55,85,282,534
20260217B01,システム約定結果,応札量合計（電源属地別）[MW],175.6,440,299.814,887.882,116,836,446.812,93,486,3781.108
20260217B01,システム約定結果,落札量合計（電源属地別）[MW],14.6,140,242.614,666.145,116,196.732,182.876,93,282,1933.967
20260217B01,システム約定結果,応札件数（電源属地別）[件],3,2,3,8,1,4,7,6,6,40
20260217B01,システム約定結果,落札件数（電源属地別）[件],1,2,2,5,1,4,7,6,5,33
20260217B01,システム約定結果,最高落札価格（電源属地別）[円/kW・30分],4.1,4.43,1.97,2.41,2.83,2.17,9.57,7.44,2.93,9.57
20260217B01,システム約定結果,最低落札価格（電源属地別）[円/kW・30分],4.1,2.55,1.01,1.88,2.83,1.27,0.36,0.36,0.96,0.36
20260217B01,システム約定結果,平均落札価格（電源属地別）[円/kW・30分],4.1,3.49,1.65,2.07,2.83,1.69,1.87,1.72,1.51,2.03
20260217B01,システム約定結果,最高落札価格（TSO別）[円/kW・30分],4.1,4.43,1.97,2.41,2.83,2.17,9.57,7.44,2.93,9.57
20260217B01,システム約定結果,最低落札価格（TSO別）[円/kW・30分],4.1,2.55,1.01,1.88,2.83,1.27,0.36,0.36,0.96,0.36
20260217B01,システム約定結果,平均落札価格（TSO別）[円/kW・30分],4.1,3.49,1.65,2.07,2.83,1.69,1.87,1.72,1.51,2.03
20260217B01,システム約定結果,落札量合計（TSO別）[MW],14.6,140,242.614,666.145,116,196.732,182.876,93,282,1933.967
20260217B01,システム約定結果,（内訳）自エリアからの落札量[MW],14.6,140,242.614,666.145,116,196.732,182.876,93,282,1933.967
20260217B01,追加調達結果,募集量（TSO別）[MW],-,-,-,-,-,-,-,-,-,-
20260217B01,追加調達結果,応札量合計（電源属地別）[MW],0,0,0,0,0,0,0,0,0,0
20260217B01,追加調達結果,約定量合計（電源属地別）[MW],0,0,0,0,0,0,0,0,0,0
20260217B01,追加調達結果,応札件数（電源属地別）[件],0,0,0,0,0,0,0,0,0,0
20260217B01,追加調達結果,約定件数（電源属地別）[件],0,0,0,0,0,0,0,0,0,0
20260217B01,追加調達結果,最高約定価格（電源属地別）[円/kW・30分],0,0,0,0,0,0,0,0,0,0
20260217B01,追加調達結果,最低約定価格（電源属地別）[円/kW・30分],0,0,0,0,0,0,0,0,0,0
20260217B01,追加調達結果,平均約定価格（電源属地別）[円/kW・30分],0,0,0,0,0,0,0,0,0,0
20260217B01,追加調達結果,最高約定価格（TSO別）[円/kW・30分],0,0,0,0,0,0,0,0,0,0
20260217B01,追加調達結果,最低約定価格（TSO別）[円/kW・30分],0,0,0,0,0,0,0,0,0,0
20260217B01,追加調達結果,平均約定価格（TSO別）[円/kW・30分],0,0,0,0,0,0,0,0,0,0
20260217B01,追加調達結果,約定量合計（TSO別）[MW],0,0,0,0,0,0,0,0,0,0
20260217B01,追加調達結果,（内訳）自エリアからの約定量[MW],0,0,0,0,0,0,0,0,0,0
20260217B01,合計（確報値）,募集量（TSO別）[MW],0,0,0,0,112,0,55,85,282,534
20260217B01,合計（確報値）,応札量合計（電源属地別）[MW],175.6,440,299.814,1161.289,232,836,446.812,93,486,4170.515
20260217B01,合計（確報値）,約定量合計（電源属地別）[MW],14.6,140,242.614,666.145,116,196.732,182.876,93,282,1933.967
20260217B01,合計（確報値）,応札件数（電源属地別）[件],3,2,3,16,6,4,7,6,6,53
20260217B01,合計（確報値）,約定件数（電源属地別）[件],1,2,2,12,5,4,7,6,5,44
20260217B01,合計（確報値）,最高約定価格（電源属地別）[円/kW・30分],4.1,4.43,1.97,2.41,1.32,2.17,9.57,7.44,2.93,9.57
20260217B01,合計（確報値）,最低約定価格（電源属地別）[円/kW・30分],4.1,2.55,1.01,0.36,0.35,1.27,0.36,0.36,0.96,0.35
20260217B01,合計（確報値）,平均約定価格（電源属地別）[円/kW・30分],4.1,3.49,1.65,1.45,0.95,1.69,1.87,1.72,1.51,1.7
20260217B01,合計（確報値）,最高約定価格（TSO別）[円/kW・30分],4.1,4.43,1.97,2.41,1.32,2.17,9.57,7.44,2.93,9.57
20260217B01,合計（確報値）,最低約定価格（TSO別）[円/kW・30分],4.1,2.55,1.01,0.36,0.35,1.27,0.36,0.36,0.96,0.35
20260217B01,合計（確報値）,平均約定価格（TSO別）[円/kW・30分],4.1,3.49,1.65,1.45,0.95,1.69,1.87,1.72,1.51,1.7
20260217B01,合計（確報値）,約定量合計（TSO別）[MW],14.6,140,242.614,666.145,116,196.732,182.876,93,282,1933.967
20260217B01,合計（確報値）,（内訳）自エリアからの約定量[MW],14.6,140,242.614,666.145,116,196.732,182.876,93,282,1933.967
20260217B02,システム約定結果,募集量（TSO別）[MW],0,50,0,0,93,23,193,87,244,690
20260217B02,システム約定結果,応札量合計（電源属地別）[MW],164.75,440,514.067,873.882,102,836,446.812,93,519,3989.511
20260217B02,システム約定結果,落札量合計（電源属地別）[MW],19.11,140,381.967,671.08,102,184.713,226.081,87,244,2055.951
20260217B02,システム約定結果,応札件数（電源属地別）[件],3,2,4,8,1,4,7,4,7,40
20260217B02,システム約定結果,落札件数（電源属地別）[件],2,2,2,6,1,4,7,4,6,34
20260217B02,システム約定結果,最高落札価格（電源属地別）[円/kW・30分],9.29,4.43,1.87,3.86,2.59,2.06,9.57,7.12,2.73,9.57
20260217B02,システム約定結果,最低落札価格（電源属地別）[円/kW・30分],5,2.55,1.84,1.94,2.59,1.16,0.36,0.36,0.76,0.36
20260217B02,システム約定結果,平均落札価格（電源属地別）[円/kW・30分],8.45,3.49,1.86,2.08,2.59,1.6,1.76,1.65,1.57,2.06
20260217B02,システム約定結果,最高落札価格（TSO別）[円/kW・30分],9.29,4.43,1.87,3.86,2.59,2.06,9.57,7.12,2.73,9.57
20260217B02,システム約定結果,最低落札価格（TSO別）[円/kW・30分],5,2.55,1.84,1.94,2.59,1.16,0.36,0.36,0.76,0.36
20260217B02,システム約定結果,平均落札価格（TSO別）[円/kW・30分],8.45,3.49,1.86,2.08,2.59,1.6,1.76,1.65,1.57,2.06
20260217B02,システム約定結果,落札量合計（TSO別）[MW],19.11,140,381.967,671.08,102,184.713,226.081,87,244,2055.951
20260217B02,システム約定結果,（内訳）自エリアからの落札量[MW],19.11,140,381.967,671.08,102,184.713,226.081,87,244,2055.951
20260217B02,追加調達結果,募集量（TSO別）[MW],-,-,-,-,-,-,-,-,-,-
20260217B02,追加調達結果,応札量合計（電源属地別）[MW],0,0,0,0,0,0,0,0,0,0
20260217B02,追加調達結果,約定量合計（電源属地別）[MW],0,0,0,0,0,0,0,0,0,0
20260217B02,追加調達結果,応札件数（電源属地別）[件],0,0,0,0,0,0,0,0,0,0
20260217B02,追加調達結果,約定件数（電源属地別）[件],0,0,0,0,0,0,0,0,0,0
20260217B02,追加調達結果,最高約定価格（電源属地別）[円/kW・30分],0,0,0,0,0,0,0,0,0,0
20260217B02,追加調達結果,最低約定価格（電源属地別）[円/kW・30分],0,0,0,0,0,0,0,0,0,0
20260217B02,追加調達結果,平均約定価格（電源属地別）[円/kW・30分],0,0,0,0,0,0,0,0,0,0
20260217B02,追加調達結果,最高約定価格（TSO別）[円/kW・30分],0,0,0,0,0,0,0,0,0,0
20260217B02,追加調達結果,最低約定価格（TSO別）[円/kW・30分],0,0,0,0,0,0,0,0,0,0
20260217B02,追加調達結果,平均約定価格（TSO別）[円/kW・30分],0,0,0,0,0,0,0,0,0,0
20260217B02,追加調達結果,約定量合計（TSO別）[MW],0,0,0,0,0,0,0,0,0,0
20260217B02,追加調達結果,（内訳）自エリアからの約定量[MW],0,0,0,0,0,0,0,0,0,0
20260217B02,合計（確報値）,募集量（TSO別）[MW],0,50,0,0,93,23,193,87,244,690
20260217B02,合計（確報値）,応札量合計（電源属地別）[MW],164.75,440,514.067,1147.289,204,836,446.812,93,519,4364.918
20260217B02,合計（確報値）,約定量合計（電源属地別）[MW],19.11,140,381.967,671.08,102,184.713,226.081,87,244,2055.951
20260217B02,合計（確報値）,応札件数（電源属地別）[件],3,2,4,16,7,4,7,4,7,54
20260217B02,合計（確報値）,約定件数（電源属地別）[件],2,2,2,13,6,4,7,4,6,46
20260217B02,合計（確報値）,最高約定価格（電源属地別）[円/kW・30分],9.29,4.43,1.87,3.86,1.73,2.06,9.57,7.12,2.73,9.57
20260217B02,合計（確報値）,最低約定価格（電源属地別）[円/kW・30分],5,2.55,1.84,0.36,0.35,1.16,0.36,0.36,0.76,0.35
20260217B02,合計（確報値）,平均約定価格（電源属地別）[円/kW・30分],8.45,3.49,1.86,1.44,1,1.6,1.76,1.65,1.57,1.77
20260217B02,合計（確報値）,最高約定価格（TSO別）[円/kW・30分],9.29,4.43,1.87,3.86,1.73,2.06,9.57,7.12,2.73,9.57
20260217B02,合計（確報値）,最低約定価格（TSO別）[円/kW・30分],5,2.55,1.84,0.36,0.35,1.16,0.36,0.36,0.76,0.35
20260217B02,合計（確報値）,平均約定価格（TSO別）[円/kW・30分],8.45,3.49,1.86,1.44,1,1.6,1.76,1.65,1.57,1.77
20260217B02,合計（確報値）,約定量合計（TSO別）[MW],19.11,140,381.967,671.08,102,184.713,226.081,87,244,2055.951
20260217B02,合計（確報値）,（内訳）自エリアからの約定量[MW],19.11,140,381.967,671.08,102,184.713,226.081,87,244,2055.951
20260217B03,システム約定結果,募集量（TSO別）[MW],0,380,356,0,140,383,329,134,261,1983
20260217B03,システム約定結果,応札量合計（電源属地別）[MW],166.74,700,800.161,405.031,170.4,836,617.14,154,442.93,4292.402
20260217B03,システム約定結果,落札量合計（電源属地別）[MW],46.74,304.61,536.038,324.647,169,196.732,403.714,134,326,2441.481
20260217B03,システム約定結果,応札件数（電源属地別）[件],4,3,9,2,3,4,11,3,8,47
20260217B03,システム約定結果,落札件数（電源属地別）[件],4,3,6,2,2,4,11,3,6,41
20260217B03,システム約定結果,最高落札価格（電源属地別）[円/kW・30分],14.35,3.7,3.82,5.02,4.71,3.75,9.57,6.89,4.53,14.35
20260217B03,システム約定結果,最低落札価格（電源属地別）[円/kW・30分],6.76,1.37,0.36,1.79,4.71,2.85,0.75,0.36,2.5,0.36
20260217B03,システム約定結果,平均落札価格（電源属地別）[円/kW・30分],8.74,2.05,1.61,1.96,4.71,3.27,1.58,1.13,3.09,2.36
20260217B03,システム約定結果,最高落札価格（TSO別）[円/kW・30分],14.35,3.7,3.82,5.02,4.71,4.71,9.57,6.89,4.53,14.35
20260217B03,システム約定結果,最低落札価格（TSO別）[円/kW・30分],6.76,0.36,0.36,1.79,4.71,0.36,0.75,0.36,2.5,0.36
20260217B03,システム約定結果,平均落札価格（TSO別）[円/kW・30分],8.74,1.51,2.12,2.19,4.71,2.7,1.58,1.13,3.09,2.36
20260217B03,システム約定結果,落札量合計（TSO別）[MW],46.74,484,356,137.295,140,413.732,403.714,134,326,2441.481
20260217B03,システム約定結果,（内訳）自エリアからの落札量[MW],46.74,304.61,356,137.295,140,196.732,403.714,134,326,2045.091
20260217B03,追加調達結果,募集量（TSO別）[MW],-,-,-,-,-,-,-,-,-,-
20260217B03,追加調達結果,応札量合計（電源属地別）[MW],0,0,0,0,0,0,0,0,0,0
20260217B03,追加調達結果,約定量合計（電源属地別）[MW],0,0,0,0,0,0,0,0,0,0
20260217B03,追加調達結果,応札件数（電源属地別）[件],0,0,0,0,0,0,0,0,0,0
20260217B03,追加調達結果,約定件数（電源属地別）[件],0,0,0,0,0,0,0,0,0,0
20260217B03,追加調達結果,最高約定価格（電源属地別）[円/kW・30分],0,0,0,0,0,0,0,0,0,0
20260217B03,追加調達結果,最低約定価格（電源属地別）[円/kW・30分],0,0,0,0,0,0,0,0,0,0
20260217B03,追加調達結果,平均約定価格（電源属地別）[円/kW・30分],0,0,0,0,0,0,0,0,0,0
20260217B03,追加調達結果,最高約定価格（TSO別）[円/kW・30分],0,0,0,0,0,0,0,0,0,0
20260217B03,追加調達結果,最低約定価格（TSO別）[円/kW・30分],0,0,0,0,0,0,0,0,0,0
20260217B03,追加調達結果,平均約定価格（TSO別）[円/kW・30分],0,0,0,0,0,0,0,0,0,0
20260217B03,追加調達結果,約定量合計（TSO別）[MW],0,0,0,0,0,0,0,0,0,0
20260217B03,追加調達結果,（内訳）自エリアからの約定量[MW],0,0,0,0,0,0,0,0,0,0
20260217B03,合計（確報値）,募集量（TSO別）[MW],0,380,356,0,140,383,329,134,261,1983
20260217B03,合計（確報値）,応札量合計（電源属地別）[MW],166.74,700,800.161,712.613,279.4,836,617.14,154,442.93,4708.984
20260217B03,合計（確報値）,約定量合計（電源属地別）[MW],46.74,304.61,536.038,324.647,169,196.732,403.714,134,326,2441.481
20260217B03,合計（確報値）,応札件数（電源属地別）[件],4,3,9,13,9,4,11,3,8,64
20260217B03,合計（確報値）,約定件数（電源属地別）[件],4,3,6,12,7,4,11,3,6,56
20260217B03,合計（確報値）,最高約定価格（電源属地別）[円/kW・30分],14.35,3.7,3.82,5.02,4.71,3.75,9.57,6.89,4.53,14.35
20260217B03,合計（確報値）,最低約定価格（電源属地別）[円/kW・30分],6.76,1.37,0.36,0.36,0.94,2.85,0.75,0.36,2.5,0.36
20260217B03,合計（確報値）,平均約定価格（電源属地別）[円/kW・30分],8.74,2.05,1.61,0.6,3,3.27,1.58,1.13,3.09,2.06
20260217B03,合計（確報値）,最高約定価格（TSO別）[円/kW・30分],14.35,3.7,3.82,5.02,4.71,3.75,9.57,6.89,4.53,14.35
20260217B03,合計（確報値）,最低約定価格（TSO別）[円/kW・30分],6.76,0.36,0.36,0.36,0.94,0.36,0.75,0.36,2.5,0.36
20260217B03,合計（確報値）,平均約定価格（TSO別）[円/kW・30分],8.74,1.51,2.12,0.94,3.42,1.79,1.58,1.13,3.09,2.06
20260217B03,合計（確報値）,約定量合計（TSO別）[MW],46.74,484,356,137.295,140,413.732,403.714,134,326,2441.481
20260217B03,合計（確報値）,（内訳）自エリアからの約定量[MW],46.74,304.61,356,137.295,140,196.732,403.714,134,326,2045.091
20260217B04,システム約定結果,募集量（TSO別）[MW],0,132,718,0,258,559,470,265,361,2763
20260217B04,システム約定結果,応札量合計（電源属地別）[MW],176.05,450,1604.852,10.5,266,836,302.922,265,821,4732.324
20260217B04,システム約定結果,落札量合計（電源属地別）[MW],26,176,718,0,266,736,285,265,419,2891
20260217B04,システム約定結果,応札件数（電源属地別）[件],4,2,10,1,2,4,6,3,6,38
20260217B04,システム約定結果,落札件数（電源属地別）[件],2,2,5,0,2,4,6,3,4,28
20260217B04,システム約定結果,最高落札価格（電源属地別）[円/kW・30分],10.08,3.11,3.55,0,2.81,1.63,9.57,7.22,1.84,10.08
20260217B04,システム約定結果,最低落札価格（電源属地別）[円/kW・30分],9.9,2.11,0.36,0,2.8,0.73,0.36,0.36,0.85,0.36
20260217B04,システム約定結果,平均落札価格（電源属地別）[円/kW・30分],10.05,2.31,0.88,0,2.81,1.09,1.7,0.76,1.13,1.39
20260217B04,システム約定結果,最高落札価格（TSO別）[円/kW・30分],10.08,3.11,3.55,0,2.81,2.81,9.57,7.22,1.84,10.08
20260217B04,システム約定結果,最低落札価格（TSO別）[円/kW・30分],9.9,2.11,0.36,0,0.36,0.73,0.36,0.36,0.85,0.36
20260217B04,システム約定結果,平均落札価格（TSO別）[円/kW・30分],10.05,2.31,0.88,0,2.65,1.06,1.61,0.76,1.13,1.39
20260217B04,システム約定結果,落札量合計（TSO別）[MW],26,176,718,0,258,559,470,265,419,2891
20260217B04,システム約定結果,（内訳）自エリアからの落札量[MW],26,176,718,0,234.187,527.187,261.919,265,419,2627.293
20260217B04,追加調達結果,募集量（TSO別）[MW],-,-,-,-,-,-,-,-,-,-
20260217B04,追加調達結果,応札量合計（電源属地別）[MW],0,0,0,0,0,0,0,0,0,0
20260217B04,追加調達結果,約定量合計（電源属地別）[MW],0,0,0,0,0,0,0,0,0,0
20260217B04,追加調達結果,応札件数（電源属地別）[件],0,0,0,0,0,0,0,0,0,0
20260217B04,追加調達結果,約定件数（電源属地別）[件],0,0,0,0,0,0,0,0,0,0
20260217B04,追加調達結果,最高約定価格（電源属地別）[円/kW・30分],0,0,0,0,0,0,0,0,0,0
20260217B04,追加調達結果,最低約定価格（電源属地別）[円/kW・30分],0,0,0,0,0,0,0,0,0,0
20260217B04,追加調達結果,平均約定価格（電源属地別）[円/kW・30分],0,0,0,0,0,0,0,0,0,0
20260217B04,追加調達結果,最高約定価格（TSO別）[円/kW・30分],0,0,0,0,0,0,0,0,0,0
20260217B04,追加調達結果,最低約定価格（TSO別）[円/kW・30分],0,0,0,0,0,0,0,0,0,0
20260217B04,追加調達結果,平均約定価格（TSO別）[円/kW・30分],0,0,0,0,0,0,0,0,0,0
20260217B04,追加調達結果,約定量合計（TSO別）[MW],0,0,0,0,0,0,0,0,0,0
20260217B04,追加調達結果,（内訳）自エリアからの約定量[MW],0,0,0,0,0,0,0,0,0,0
20260217B04,合計（確報値）,募集量（TSO別）[MW],0,132,718,0,258,559,470,265,361,2763
20260217B04,合計（確報値）,応札量合計（電源属地別）[MW],176.05,450,1947.838,10.5,266,836,302.922,265,821,5075.31
20260217B04,合計（確報値）,約定量合計（電源属地別）[MW],26,176,718,0,266,736,285,265,419,2891
20260217B04,合計（確報値）,応札件数（電源属地別）[件],4,2,11,1,2,4,6,3,6,39
20260217B04,合計（確報値）,約定件数（電源属地別）[件],2,2,5,0,2,4,6,3,4,28
20260217B04,合計（確報値）,最高約定価格（電源属地別）[円/kW・30分],10.08,3.11,3.55,0,2.81,1.63,9.57,7.22,1.84,10.08
20260217B04,合計（確報値）,最低約定価格（電源属地別）[円/kW・30分],9.9,2.11,0.36,0,2.8,0.73,0.36,0.36,0.85,0.36
20260217B04,合計（確報値）,平均約定価格（電源属地別）[円/kW・30分],10.05,2.31,0.88,0,2.81,1.09,1.7,0.76,1.13,1.39
20260217B04,合計（確報値）,最高約定価格（TSO別）[円/kW・30分],10.08,3.11,3.55,0,2.81,2.81,9.57,7.22,1.84,10.08
20260217B04,合計（確報値）,最低約定価格（TSO別）[円/kW・30分],9.9,2.11,0.36,0,0.36,0.73,0.36,0.36,0.85,0.36
20260217B04,合計（確報値）,平均約定価格（TSO別）[円/kW・30分],10.05,2.31,0.88,0,2.65,1.06,1.61,0.76,1.13,1.39
20260217B04,合計（確報値）,約定量合計（TSO別）[MW],26,176,718,0,258,559,470,265,419,2891
20260217B04,合計（確報値）,（内訳）自エリアからの約定量[MW],26,176,718,0,234.187,527.187,261.919,265,419,2627.293
20260217B05,システム約定結果,募集量（TSO別）[MW],72,0,40,0,221,412,227,225,318,1515
20260217B05,システム約定結果,応札量合計（電源属地別）[MW],165.74,261.5,232.1,1.5,228,836,331.386,225,822.05,3103.276
20260217B05,システム約定結果,落札量合計（電源属地別）[MW],27.28,140,232.1,0,228,227.076,255.082,225,319,1653.538
20260217B05,システム約定結果,応札件数（電源属地別）[件],4,2,3,1,2,4,7,3,7,33
20260217B05,システム約定結果,落札件数（電源属地別）[件],3,1,3,0,2,4,7,3,3,26
20260217B05,システム約定結果,最高落札価格（電源属地別）[円/kW・30分],10.67,2.03,0.35,0,1.5,0.87,9.57,7.18,0.36,10.67
20260217B05,システム約定結果,最低落札価格（電源属地別）[円/kW・30分],9.9,2.03,0.35,0,1.49,0.36,0.36,0.36,0.36,0.35
20260217B05,システム約定結果,平均落札価格（電源属地別）[円/kW・30分],10.55,2.03,0.35,0,1.5,0.53,0.87,0.82,0.36,0.99
20260217B05,システム約定結果,最高落札価格（TSO別）[円/kW・30分],10.67,2.03,0.35,0,1.5,1.5,9.57,7.18,0.36,10.67
20260217B05,システム約定結果,最低落札価格（TSO別）[円/kW・30分],2.03,2.03,0.35,0,0.4,0.35,0.35,0.36,0.35,0.35
20260217B05,システム約定結果,平均落札価格（TSO別）[円/kW・30分],5.26,2.03,0.35,0,1.39,0.53,0.9,0.82,0.36,0.99
20260217B05,システム約定結果,落札量合計（TSO別）[MW],72,95.28,40,0,221,412,238.258,225,350,1653.538
20260217B05,システム約定結果,（内訳）自エリアからの落札量[MW],27.28,95.28,40,0,200,227.076,203.814,225,319,1337.45
20260217B05,追加調達結果,募集量（TSO別）[MW],-,-,-,-,-,-,-,-,-,-
20260217B05,追加調達結果,応札量合計（電源属地別）[MW],0,0,0,0,0,0,0,0,0,0
20260217B05,追加調達結果,約定量合計（電源属地別）[MW],0,0,0,0,0,0,0,0,0,0
20260217B05,追加調達結果,応札件数（電源属地別）[件],0,0,0,0,0,0,0,0,0,0
20260217B05,追加調達結果,約定件数（電源属地別）[件],0,0,0,0,0,0,0,0,0,0
20260217B05,追加調達結果,最高約定価格（電源属地別）[円/kW・30分],0,0,0,0,0,0,0,0,0,0
20260217B05,追加調達結果,最低約定価格（電源属地別）[円/kW・30分],0,0,0,0,0,0,0,0,0,0
20260217B05,追加調達結果,平均約定価格（電源属地別）[円/kW・30分],0,0,0,0,0,0,0,0,0,0
20260217B05,追加調達結果,最高約定価格（TSO別）[円/kW・30分],0,0,0,0,0,0,0,0,0,0
20260217B05,追加調達結果,最低約定価格（TSO別）[円/kW・30分],0,0,0,0,0,0,0,0,0,0
20260217B05,追加調達結果,平均約定価格（TSO別）[円/kW・30分],0,0,0,0,0,0,0,0,0,0
20260217B05,追加調達結果,約定量合計（TSO別）[MW],0,0,0,0,0,0,0,0,0,0
20260217B05,追加調達結果,（内訳）自エリアからの約定量[MW],0,0,0,0,0,0,0,0,0,0
20260217B05,合計（確報値）,募集量（TSO別）[MW],72,0,40,0,221,412,227,225,318,1515
20260217B05,合計（確報値）,応札量合計（電源属地別）[MW],165.74,261.5,232.1,1.5,228,836,332.349,225,851.05,3133.239
20260217B05,合計（確報値）,約定量合計（電源属地別）[MW],27.28,140,232.1,0,228,227.076,227.581,225,319,1626.037
20260217B05,合計（確報値）,応札件数（電源属地別）[件],4,2,3,1,2,4,8,3,9,36
20260217B05,合計（確報値）,約定件数（電源属地別）[件],3,1,3,0,2,4,7,3,4,27
20260217B05,合計（確報値）,最高約定価格（電源属地別）[円/kW・30分],10.67,2.03,0.35,0,1.5,0.87,9.57,7.18,0.36,10.67
20260217B05,合計（確報値）,最低約定価格（電源属地別）[円/kW・30分],9.9,2.03,0.35,0,1.49,0.36,0.36,0.36,0.36,0.35
20260217B05,合計（確報値）,平均約定価格（電源属地別）[円/kW・30分],10.55,2.03,0.35,0,1.5,0.53,0.93,0.82,0.36,1
20260217B05,合計（確報値）,最高約定価格（TSO別）[円/kW・30分],10.67,2.03,0.35,0,1.5,1.5,9.57,7.18,0.36,10.67
20260217B05,合計（確報値）,最低約定価格（TSO別）[円/kW・30分],2.03,2.03,0.35,0,0.4,0.35,0.35,0.36,0.35,0.35
20260217B05,合計（確報値）,平均約定価格（TSO別）[円/kW・30分],5.26,2.03,0.35,0,1.39,0.53,0.97,0.82,0.36,1
20260217B05,合計（確報値）,約定量合計（TSO別）[MW],72,95.28,40,0,221,412,210.757,225,350,1626.037
20260217B05,合計（確報値）,（内訳）自エリアからの約定量[MW],27.28,95.28,40,0,200,227.076,176.313,225,319,1309.949
20260217B06,システム約定結果,募集量（TSO別）[MW],0,171,707,0,171,476,278,194,288,2285
20260217B06,システム約定結果,応札量合計（電源属地別）[MW],164,510,1142.535,7.65,179,836,545.081,207,606,4197.266
20260217B06,システム約定結果,落札量合計（電源属地別）[MW],13,210,860.535,0,179,220.07,469.74,207,361,2520.345
20260217B06,システム約定結果,応札件数（電源属地別）[件],3,2,9,1,2,4,10,3,7,41
20260217B06,システム約定結果,落札件数（電源属地別）[件],2,2,8,0,2,4,10,3,6,37
20260217B06,システム約定結果,最高落札価格（電源属地別）[円/kW・30分],7.75,4.13,3.82,0,3.39,2.59,9.57,7.49,3.02,9.57
20260217B06,システム約定結果,最低落札価格（電源属地別）[円/kW・30分],7.3,1.59,0.36,0,3.38,1.69,0.62,0.36,1.14,0.36
20260217B06,システム約定結果,平均落札価格（電源属地別）[円/kW・30分],7.65,2.44,1.63,0,3.39,2.03,1.24,1,2,1.82
20260217B06,システム約定結果,最高落札価格（TSO別）[円/kW・30分],7.75,4.13,3.82,0,3.39,3.39,9.57,7.49,3.02,9.57
20260217B06,システム約定結果,最低落札価格（TSO別）[円/kW・30分],7.3,0.36,0.36,0,2.05,0.36,0.62,0.36,1.14,0.36
20260217B06,システム約定結果,平均落札価格（TSO別）[円/kW・30分],7.65,1.99,1.81,0,3.17,1.58,1.35,1.04,2,1.82
20260217B06,システム約定結果,落札量合計（TSO別）[MW],13,267,707,0,171,476,331.345,194,361,2520.345
20260217B06,システム約定結果,（内訳）自エリアからの落札量[MW],13,210,707,0,143,220.07,331.345,194,361,2179.415
20260217B06,追加調達結果,募集量（TSO別）[MW],-,-,-,-,-,-,-,-,-,-
20260217B06,追加調達結果,応札量合計（電源属地別）[MW],0,0,0,0,0,0,0,0,0,0
20260217B06,追加調達結果,約定量合計（電源属地別）[MW],0,0,0,0,0,0,0,0,0,0
20260217B06,追加調達結果,応札件数（電源属地別）[件],0,0,0,0,0,0,0,0,0,0
20260217B06,追加調達結果,約定件数（電源属地別）[件],0,0,0,0,0,0,0,0,0,0
20260217B06,追加調達結果,最高約定価格（電源属地別）[円/kW・30分],0,0,0,0,0,0,0,0,0,0
20260217B06,追加調達結果,最低約定価格（電源属地別）[円/kW・30分],0,0,0,0,0,0,0,0,0,0
20260217B06,追加調達結果,平均約定価格（電源属地別）[円/kW・30分],0,0,0,0,0,0,0,0,0,0
20260217B06,追加調達結果,最高約定価格（TSO別）[円/kW・30分],0,0,0,0,0,0,0,0,0,0
20260217B06,追加調達結果,最低約定価格（TSO別）[円/kW・30分],0,0,0,0,0,0,0,0,0,0
20260217B06,追加調達結果,平均約定価格（TSO別）[円/kW・30分],0,0,0,0,0,0,0,0,0,0
20260217B06,追加調達結果,約定量合計（TSO別）[MW],0,0,0,0,0,0,0,0,0,0
20260217B06,追加調達結果,（内訳）自エリアからの約定量[MW],0,0,0,0,0,0,0,0,0,0
20260217B06,合計（確報値）,募集量（TSO別）[MW],0,171,707,0,171,476,278,194,288,2285
20260217B06,合計（確報値）,応札量合計（電源属地別）[MW],164,510,1142.535,7.65,179,836,587.663,207,606,4239.848
20260217B06,合計（確報値）,約定量合計（電源属地別）[MW],13,210,860.535,0,179,220.07,469.74,207,361,2520.345
20260217B06,合計（確報値）,応札件数（電源属地別）[件],3,2,9,1,2,4,14,3,7,45
20260217B06,合計（確報値）,約定件数（電源属地別）[件],2,2,8,0,2,4,13,3,6,40
20260217B06,合計（確報値）,最高約定価格（電源属地別）[円/kW・30分],7.75,4.13,3.82,0,3.39,2.59,9.57,7.49,3.02,9.57
20260217B06,合計（確報値）,最低約定価格（電源属地別）[円/kW・30分],7.3,1.59,0.36,0,3.38,1.69,0.62,0.36,1.14,0.36
20260217B06,合計（確報値）,平均約定価格（電源属地別）[円/kW・30分],7.65,2.44,1.63,0,3.39,2.03,1.24,1,2,1.82
20260217B06,合計（確報値）,最高約定価格（TSO別）[円/kW・30分],7.75,4.13,3.82,0,3.39,3.39,9.57,7.49,3.02,9.57
20260217B06,合計（確報値）,最低約定価格（TSO別）[円/kW・30分],7.3,0.36,0.36,0,2.05,0.36,0.62,0.36,1.14,0.36
20260217B06,合計（確報値）,平均約定価格（TSO別）[円/kW・30分],7.65,1.99,1.81,0,3.17,1.58,1.35,1.04,2,1.82
20260217B06,合計（確報値）,約定量合計（TSO別）[MW],13,267,707,0,171,476,331.345,194,361,2520.345
20260217B06,合計（確報値）,（内訳）自エリアからの約定量[MW],13,210,707,0,143,220.07,331.345,194,361,2179.415
20260217B07,システム約定結果,募集量（TSO別）[MW],0,148,446,0,115,410,271,111,260,1761
20260217B07,システム約定結果,応札量合計（電源属地別）[MW],161,440,1531.458,225.999,123,836,617.14,121,437.97,4493.567
20260217B07,システム約定結果,落札量合計（電源属地別）[MW],19,140,693.371,187.065,123,196.732,267.734,111,263,2000.902
20260217B07,システム約定結果,応札件数（電源属地別）[件],2,2,13,3,1,4,11,4,8,48
20260217B07,システム約定結果,落札件数（電源属地別）[件],1,2,7,2,1,4,11,4,6,38
20260217B07,システム約定結果,最高落札価格（電源属地別）[円/kW・30分],6.87,3.46,5.11,4.35,4.66,3.7,9.57,8.05,4.45,9.57
20260217B07,システム約定結果,最低落札価格（電源属地別）[円/kW・30分],6.87,1.8,1.01,2.64,4.66,2.8,1.63,0.36,1.49,0.36
20260217B07,システム約定結果,平均落札価格（電源属地別）[円/kW・30分],6.87,2.63,4.22,2.8,4.66,3.22,2.87,2.25,2.57,3.42
20260217B07,システム約定結果,最高落札価格（TSO別）[円/kW・30分],6.87,3.46,5.11,4.35,4.66,5.11,9.57,8.05,4.45,9.57
20260217B07,システム約定結果,最低落札価格（TSO別）[円/kW・30分],6.87,1.8,1.01,2.64,4.66,1.75,1.63,0.36,1.49,0.36
20260217B07,システム約定結果,平均落札価格（TSO別）[円/kW・30分],6.87,2.67,4.08,2.88,4.66,3.86,2.66,2.25,2.57,3.42
20260217B07,システム約定結果,落札量合計（TSO別）[MW],19,148,538.618,119.457,115,410,276.827,111,263,2000.902
20260217B07,システム約定結果,（内訳）自エリアからの落札量[MW],19,140,538.618,119.457,115,196.732,215.847,111,263,1718.654
20260217B07,追加調達結果,募集量（TSO別）[MW],-,-,-,-,-,-,-,-,-,-
20260217B07,追加調達結果,応札量合計（電源属地別）[MW],0,0,0,0,0,0,0,0,0,0
20260217B07,追加調達結果,約定量合計（電源属地別）[MW],0,0,0,0,0,0,0,0,0,0
20260217B07,追加調達結果,応札件数（電源属地別）[件],0,0,0,0,0,0,0,0,0,0
20260217B07,追加調達結果,約定件数（電源属地別）[件],0,0,0,0,0,0,0,0,0,0
20260217B07,追加調達結果,最高約定価格（電源属地別）[円/kW・30分],0,0,0,0,0,0,0,0,0,0
20260217B07,追加調達結果,最低約定価格（電源属地別）[円/kW・30分],0,0,0,0,0,0,0,0,0,0
20260217B07,追加調達結果,平均約定価格（電源属地別）[円/kW・30分],0,0,0,0,0,0,0,0,0,0
20260217B07,追加調達結果,最高約定価格（TSO別）[円/kW・30分],0,0,0,0,0,0,0,0,0,0
20260217B07,追加調達結果,最低約定価格（TSO別）[円/kW・30分],0,0,0,0,0,0,0,0,0,0
20260217B07,追加調達結果,平均約定価格（TSO別）[円/kW・30分],0,0,0,0,0,0,0,0,0,0
20260217B07,追加調達結果,約定量合計（TSO別）[MW],0,0,0,0,0,0,0,0,0,0
20260217B07,追加調達結果,（内訳）自エリアからの約定量[MW],0,0,0,0,0,0,0,0,0,0
20260217B07,合計（確報値）,募集量（TSO別）[MW],0,148,446,0,115,410,271,111,260,1761
20260217B07,合計（確報値）,応札量合計（電源属地別）[MW],161,440,1682.62,395.999,123,836,629.877,134,437.97,4840.466
20260217B07,合計（確報値）,約定量合計（電源属地別）[MW],19,140,693.371,187.065,123,196.732,267.734,110,263,1999.902
20260217B07,合計（確報値）,応札件数（電源属地別）[件],2,2,22,13,1,4,13,5,8,70
20260217B07,合計（確報値）,約定件数（電源属地別）[件],1,2,15,11,1,4,12,4,6,56
20260217B07,合計（確報値）,最高約定価格（電源属地別）[円/kW・30分],6.87,3.46,5.11,4.35,4.66,3.7,9.57,7.15,4.45,9.57
20260217B07,合計（確報値）,最低約定価格（電源属地別）[円/kW・30分],6.87,1.8,0.36,0.36,4.66,2.8,1.63,0.36,1.49,0.36
20260217B07,合計（確報値）,平均約定価格（電源属地別）[円/kW・30分],6.87,2.63,3.19,0.72,4.66,3.22,2.87,1.49,2.57,2.83
20260217B07,合計（確報値）,最高約定価格（TSO別）[円/kW・30分],6.87,3.46,5.11,4.35,4.66,5.11,9.57,7.15,4.45,9.57
20260217B07,合計（確報値）,最低約定価格（TSO別）[円/kW・30分],6.87,1.8,0.36,0.36,4.66,0.36,0.36,0.36,1.49,0.36
20260217B07,合計（確報値）,平均約定価格（TSO別）[円/kW・30分],6.87,2.67,3.22,0.93,4.66,3.2,2.16,1.49,2.57,2.83
20260217B07,合計（確報値）,約定量合計（TSO別）[MW],19,148,538.618,119.457,115,410,276.827,110,263,1999.902
20260217B07,合計（確報値）,（内訳）自エリアからの約定量[MW],19,140,538.618,119.457,115,196.732,215.847,110,263,1717.654
20260217B08,システム約定結果,募集量（TSO別）[MW],0,0,57,0,110,284,280,96,252,1079
20260217B08,システム約定結果,応札量合計（電源属地別）[MW],164.75,440,386.71,228.749,130,836,617.14,109,486,3398.349
20260217B08,システム約定結果,落札量合計（電源属地別）[MW],34,140,211.272,187.065,130,196.732,272.734,108,252,1531.803
20260217B08,システム約定結果,応札件数（電源属地別）[件],3,2,8,3,1,4,11,6,6,44
20260217B08,システム約定結果,落札件数（電源属地別）[件],2,2,6,2,1,4,11,6,5,39
20260217B08,システム約定結果,最高落札価格（電源属地別）[円/kW・30分],9.3,4.05,4.36,3.78,2.91,2.54,9.57,7.36,3,9.57
20260217B08,システム約定結果,最低落札価格（電源属地別）[円/kW・30分],8.68,2.26,1.01,3.09,2.91,1.64,0.55,0.36,1.11,0.36
20260217B08,システム約定結果,平均落札価格（電源属地別）[円/kW・30分],8.73,3.16,2.22,3.15,2.91,2.06,1.74,1.45,1.66,2.37
20260217B08,システム約定結果,最高落札価格（TSO別）[円/kW・30分],9.3,4.05,4.36,3.78,2.91,3.09,9.57,7.36,3,9.57
20260217B08,システム約定結果,最低落札価格（TSO別）[円/kW・30分],8.68,2.26,1.01,3.09,2.91,1.64,0.55,0.36,1.11,0.36
20260217B08,システム約定結果,平均落札価格（TSO別）[円/kW・30分],8.73,3.16,2.11,3.21,2.91,2.31,1.99,1.45,1.66,2.37
20260217B08,システム約定結果,落札量合計（TSO別）[MW],34,140,176.9,97.699,110,284,329.204,108,252,1531.803
20260217B08,システム約定結果,（内訳）自エリアからの落札量[MW],34,140,176.9,97.699,110,196.732,263.224,108,252,1378.555
20260217B08,追加調達結果,募集量（TSO別）[MW],-,-,-,-,-,-,-,-,-,-
20260217B08,追加調達結果,応札量合計（電源属地別）[MW],0,0,0,0,0,0,0,0,0,0
20260217B08,追加調達結果,約定量合計（電源属地別）[MW],0,0,0,0,0,0,0,0,0,0
20260217B08,追加調達結果,応札件数（電源属地別）[件],0,0,0,0,0,0,0,0,0,0
20260217B08,追加調達結果,約定件数（電源属地別）[件],0,0,0,0,0,0,0,0,0,0
20260217B08,追加調達結果,最高約定価格（電源属地別）[円/kW・30分],0,0,0,0,0,0,0,0,0,0
20260217B08,追加調達結果,最低約定価格（電源属地別）[円/kW・30分],0,0,0,0,0,0,0,0,0,0
20260217B08,追加調達結果,平均約定価格（電源属地別）[円/kW・30分],0,0,0,0,0,0,0,0,0,0
20260217B08,追加調達結果,最高約定価格（TSO別）[円/kW・30分],0,0,0,0,0,0,0,0,0,0
20260217B08,追加調達結果,最低約定価格（TSO別）[円/kW・30分],0,0,0,0,0,0,0,0,0,0
20260217B08,追加調達結果,平均約定価格（TSO別）[円/kW・30分],0,0,0,0,0,0,0,0,0,0
20260217B08,追加調達結果,約定量合計（TSO別）[MW],0,0,0,0,0,0,0,0,0,0
20260217B08,追加調達結果,（内訳）自エリアからの約定量[MW],0,0,0,0,0,0,0,0,0,0
20260217B08,合計（確報値）,募集量（TSO別）[MW],0,0,57,0,110,284,280,96,252,1079
20260217B08,合計（確報値）,応札量合計（電源属地別）[MW],164.75,440,386.71,398.749,130,836,629.877,109,486,3581.086
20260217B08,合計（確報値）,約定量合計（電源属地別）[MW],34,140,211.272,187.065,130,196.732,272.734,108,252,1531.803
20260217B08,合計（確報値）,応札件数（電源属地別）[件],3,2,8,15,1,4,14,6,6,59
20260217B08,合計（確報値）,約定件数（電源属地別）[件],2,2,6,13,1,4,13,6,5,52
20260217B08,合計（確報値）,最高約定価格（電源属地別）[円/kW・30分],9.3,4.05,4.36,3.78,2.91,2.54,9.57,7.36,3,9.57
20260217B08,合計（確報値）,最低約定価格（電源属地別）[円/kW・30分],8.68,2.26,1.01,0.36,2.91,1.64,0.55,0.36,1.11,0.36
20260217B08,合計（確報値）,平均約定価格（電源属地別）[円/kW・30分],8.73,3.16,2.22,0.67,2.91,2.06,1.74,1.45,1.66,2.07
20260217B08,合計（確報値）,最高約定価格（TSO別）[円/kW・30分],9.3,4.05,4.36,3.78,2.91,2.91,9.57,7.36,3,9.57
20260217B08,合計（確報値）,最低約定価格（TSO別）[円/kW・30分],8.68,2.26,1.01,0.36,2.91,0.36,0.36,0.36,1.11,0.36
20260217B08,合計（確報値）,平均約定価格（TSO別）[円/kW・30分],8.73,3.16,2.11,0.96,2.91,2.09,1.44,1.45,1.66,2.07
20260217B08,合計（確報値）,約定量合計（TSO別）[MW],34,140,176.9,97.699,110,284,329.204,108,252,1531.803
20260217B08,合計（確報値）,（内訳）自エリアからの約定量[MW],34,140,176.9,97.699,110,196.732,263.224,108,252,1378.555
20260218B01,システム約定結果,募集量（TSO別）[MW],0,0,0,0,112,0,55,85,282,534
20260218B01,システム約定結果,応札量合計（電源属地別）[MW],175.6,440,798.065,1057.882,116,836,446.812,93,486,4449.359
20260218B01,システム約定結果,落札量合計（電源属地別）[MW],14.6,140,464.104,802.015,116,196.732,182.876,85,157,2158.327
20260218B01,システム約定結果,応札件数（電源属地別）[件],3,2,8,9,1,4,7,6,6,46
20260218B01,システム約定結果,落札件数（電源属地別）[件],1,2,6,6,1,4,7,6,5,38
20260218B01,システム約定結果,最高落札価格（電源属地別）[円/kW・30分],4.1,4.64,2,3.45,2.83,2.17,9.57,7.45,2.93,9.57
20260218B01,システム約定結果,最低落札価格（電源属地別）[円/kW・30分],4.1,2.72,0.61,2.05,2.83,1.27,0.36,0.36,0.96,0.36
20260218B01,システム約定結果,平均落札価格（電源属地別）[円/kW・30分],4.1,3.68,1.75,2.44,2.83,1.69,1.94,1.2,1.78,2.2
20260218B01,システム約定結果,最高落札価格（TSO別）[円/kW・30分],4.1,4.64,2,3.45,2.83,2.17,9.57,7.45,9.57,9.57
20260218B01,システム約定結果,最低落札価格（TSO別）[円/kW・30分],4.1,2.72,0.61,2.05,2.83,1.27,0.36,0.36,0.36,0.36
20260218B01,システム約定結果,平均落札価格（TSO別）[円/kW・30分],4.1,3.68,1.75,2.47,2.83,1.69,1.98,1.2,1.96,2.2
20260218B01,システム約定結果,落札量合計（TSO別）[MW],14.6,140,464.104,694.085,116,196.732,165.806,85,282,2158.327
20260218B01,システム約定結果,（内訳）自エリアからの落札量[MW],14.6,140,464.104,694.085,116,196.732,165.806,85,157,2033.327
20260218B01,追加調達結果,募集量（TSO別）[MW],-,-,-,-,-,-,-,-,-,-
20260218B01,追加調達結果,応札量合計（電源属地別）[MW],0,0,0,0,0,0,0,0,0,0
20260218B01,追加調達結果,約定量合計（電源属地別）[MW],0,0,0,0,0,0,0,0,0,0
20260218B01,追加調達結果,応札件数（電源属地別）[件],0,0,0,0,0,0,0,0,0,0
20260218B01,追加調達結果,約定件数（電源属地別）[件],0,0,0,0,0,0,0,0,0,0
20260218B01,追加調達結果,最高約定価格（電源属地別）[円/kW・30分],0,0,0,0,0,0,0,0,0,0
20260218B01,追加調達結果,最低約定価格（電源属地別）[円/kW・30分],0,0,0,0,0,0,0,0,0,0
20260218B01,追加調達結果,平均約定価格（電源属地別）[円/kW・30分],0,0,0,0,0,0,0,0,0,0
20260218B01,追加調達結果,最高約定価格（TSO別）[円/kW・30分],0,0,0,0,0,0,0,0,0,0
20260218B01,追加調達結果,最低約定価格（TSO別）[円/kW・30分],0,0,0,0,0,0,0,0,0,0
20260218B01,追加調達結果,平均約定価格（TSO別）[円/kW・30分],0,0,0,0,0,0,0,0,0,0
20260218B01,追加調達結果,約定量合計（TSO別）[MW],0,0,0,0,0,0,0,0,0,0
20260218B01,追加調達結果,（内訳）自エリアからの約定量[MW],0,0,0,0,0,0,0,0,0,0
20260218B01,合計（確報値）,募集量（TSO別）[MW],0,0,0,0,112,0,55,85,282,534
20260218B01,合計（確報値）,応札量合計（電源属地別）[MW],175.6,440,798.065,1859.897,116,836,446.812,93,486,5251.374
20260218B01,合計（確報値）,約定量合計（電源属地別）[MW],14.6,140,464.104,802.015,116,196.732,182.876,85,157,2158.327
20260218B01,合計（確報値）,応札件数（電源属地別）[件],3,2,8,22,1,4,7,6,6,59
20260218B01,合計（確報値）,約定件数（電源属地別）[件],1,2,6,13,1,4,7,6,5,45
20260218B01,合計（確報値）,最高約定価格（電源属地別）[円/kW・30分],4.1,4.64,2,0.36,2.83,2.17,9.57,7.45,2.93,9.57
20260218B01,合計（確報値）,最低約定価格（電源属地別）[円/kW・30分],4.1,2.72,0.61,0.36,2.83,1.27,0.36,0.36,0.96,0.36
20260218B01,合計（確報値）,平均約定価格（電源属地別）[円/kW・30分],4.1,3.68,1.75,0.36,2.83,1.69,1.94,1.2,1.78,1.42
20260218B01,合計（確報値）,最高約定価格（TSO別）[円/kW・30分],4.1,4.64,2,0.36,2.83,2.17,9.57,7.45,9.57,9.57
20260218B01,合計（確報値）,最低約定価格（TSO別）[円/kW・30分],4.1,2.72,0.61,0.36,2.83,1.27,0.36,0.36,0.36,0.36
20260218B01,合計（確報値）,平均約定価格（TSO別）[円/kW・30分],4.1,3.68,1.75,0.36,2.83,1.69,1.98,1.2,1.22,1.42
20260218B01,合計（確報値）,約定量合計（TSO別）[MW],14.6,140,464.104,694.085,116,196.732,165.806,85,282,2158.327
20260218B01,合計（確報値）,（内訳）自エリアからの約定量[MW],14.6,140,464.104,694.085,116,196.732,165.806,85,157,2033.327
20260218B02,システム約定結果,募集量（TSO別）[MW],0,50,0,0,93,23,193,87,244,690
20260218B02,システム約定結果,応札量合計（電源属地別）[MW],164,440,691.225,1039.882,102,836,446.812,93,486,4298.919
20260218B02,システム約定結果,落札量合計（電源属地別）[MW],19.1,140,549.525,802.95,102,184.713,225.101,87,180,2290.389
20260218B02,システム約定結果,応札件数（電源属地別）[件],3,2,5,9,1,4,7,4,6,41
20260218B02,システム約定結果,落札件数（電源属地別）[件],2,2,3,7,1,4,7,4,5,35
20260218B02,システム約定結果,最高落札価格（電源属地別）[円/kW・30分],9.29,4.47,2.07,3.81,2.59,2.06,9.57,7.35,2.73,9.57
20260218B02,システム約定結果,最低落札価格（電源属地別）[円/kW・30分],5,2.59,1.84,2.03,2.59,1.16,0.36,0.36,0.76,0.36
20260218B02,システム約定結果,平均落札価格（電源属地別）[円/kW・30分],8.62,3.53,1.92,2.44,2.59,1.6,1.76,1.7,1.5,2.21
20260218B02,システム約定結果,最高落札価格（TSO別）[円/kW・30分],9.29,4.47,2.07,3.81,2.59,2.06,9.57,7.35,2.73,9.57
20260218B02,システム約定結果,最低落札価格（TSO別）[円/kW・30分],5,2.59,1.84,2.03,2.59,1.16,0.36,0.36,0.76,0.36
20260218B02,システム約定結果,平均落札価格（TSO別）[円/kW・30分],8.62,3.53,1.92,2.46,2.59,1.6,1.71,1.7,1.69,2.21
20260218B02,システム約定結果,落札量合計（TSO別）[MW],19.1,140,549.525,765.95,101.02,184.713,199.081,87,244,2290.389
20260218B02,システム約定結果,（内訳）自エリアからの落札量[MW],19.1,140,549.525,765.95,101.02,184.713,198.101,87,180,2225.409
20260218B02,追加調達結果,募集量（TSO別）[MW],-,-,-,-,-,-,-,-,-,-
20260218B02,追加調達結果,応札量合計（電源属地別）[MW],0,0,0,0,0,0,0,0,0,0
20260218B02,追加調達結果,約定量合計（電源属地別）[MW],0,0,0,0,0,0,0,0,0,0
20260218B02,追加調達結果,応札件数（電源属地別）[件],0,0,0,0,0,0,0,0,0,0
20260218B02,追加調達結果,約定件数（電源属地別）[件],0,0,0,0,0,0,0,0,0,0
20260218B02,追加調達結果,最高約定価格（電源属地別）[円/kW・30分],0,0,0,0,0,0,0,0,0,0
20260218B02,追加調達結果,最低約定価格（電源属地別）[円/kW・30分],0,0,0,0,0,0,0,0,0,0
20260218B02,追加調達結果,平均約定価格（電源属地別）[円/kW・30分],0,0,0,0,0,0,0,0,0,0
20260218B02,追加調達結果,最高約定価格（TSO別）[円/kW・30分],0,0,0,0,0,0,0,0,0,0
20260218B02,追加調達結果,最低約定価格（TSO別）[円/kW・30分],0,0,0,0,0,0,0,0,0,0
20260218B02,追加調達結果,平均約定価格（TSO別）[円/kW・30分],0,0,0,0,0,0,0,0,0,0
20260218B02,追加調達結果,約定量合計（TSO別）[MW],0,0,0,0,0,0,0,0,0,0
20260218B02,追加調達結果,（内訳）自エリアからの約定量[MW],0,0,0,0,0,0,0,0,0,0
20260218B02,合計（確報値）,募集量（TSO別）[MW],0,50,0,0,93,23,193,87,244,690
20260218B02,合計（確報値）,応札量合計（電源属地別）[MW],164,440,691.225,2077.807,102,836,446.812,93,486,5336.844
20260218B02,合計（確報値）,約定量合計（電源属地別）[MW],19.1,140,549.525,802.95,102,184.713,225.101,87,180,2290.389
20260218B02,合計（確報値）,応札件数（電源属地別）[件],3,2,5,26,1,4,7,4,6,58
20260218B02,合計（確報値）,約定件数（電源属地別）[件],2,2,3,16,1,4,7,4,5,44
20260218B02,合計（確報値）,最高約定価格（電源属地別）[円/kW・30分],9.29,4.47,2.07,0.36,2.59,2.06,9.57,7.35,2.73,9.57
20260218B02,合計（確報値）,最低約定価格（電源属地別）[円/kW・30分],5,2.59,1.84,0.36,2.59,1.16,0.36,0.36,0.76,0.36
20260218B02,合計（確報値）,平均約定価格（電源属地別）[円/kW・30分],8.62,3.53,1.92,0.36,2.59,1.6,1.76,1.7,1.5,1.48
20260218B02,合計（確報値）,最高約定価格（TSO別）[円/kW・30分],9.29,4.47,2.07,0.36,2.59,2.06,9.57,7.35,2.73,9.57
20260218B02,合計（確報値）,最低約定価格（TSO別）[円/kW・30分],5,2.59,1.84,0.36,2.59,1.16,0.36,0.36,0.36,0.36
20260218B02,合計（確報値）,平均約定価格（TSO別）[円/kW・30分],8.62,3.53,1.92,0.36,2.59,1.6,1.71,1.7,1.41,1.48
20260218B02,合計（確報値）,約定量合計（TSO別）[MW],19.1,140,549.525,765.95,101.02,184.713,199.081,87,244,2290.389
20260218B02,合計（確報値）,（内訳）自エリアからの約定量[MW],19.1,140,549.525,765.95,101.02,184.713,198.101,87,180,2225.409
20260218B03,システム約定結果,募集量（TSO別）[MW],0,380,356,0,140,383,329,134,261,1983
20260218B03,システム約定結果,応札量合計（電源属地別）[MW],165.99,700,1059.719,575.031,170.4,836,617.14,154,442.93,4721.21
20260218B03,システム約定結果,落札量合計（電源属地別）[MW],45.99,280,589.317,470.277,169,196.732,280.734,154,210,2396.05
20260218B03,システム約定結果,応札件数（電源属地別）[件],4,3,10,3,3,4,11,3,8,49
20260218B03,システム約定結果,落札件数（電源属地別）[件],4,3,5,3,2,4,11,3,5,40
20260218B03,システム約定結果,最高落札価格（電源属地別）[円/kW・30分],14.35,3.37,8.62,5.13,4.71,3.75,9.57,7.17,4.53,14.35
20260218B03,システム約定結果,最低落札価格（電源属地別）[円/kW・30分],6.76,1.25,0.36,2.57,4.71,2.85,0.71,0.36,2.56,0.36
20260218B03,システム約定結果,平均落札価格（電源属地別）[円/kW・30分],8.73,1.9,1.6,2.83,4.71,3.27,1.93,1.02,3.26,2.52
20260218B03,システム約定結果,最高落札価格（TSO別）[円/kW・30分],14.35,8.62,8.62,5.13,4.71,4.71,9.57,7.17,4.53,14.35
20260218B03,システム約定結果,最低落札価格（TSO別）[円/kW・30分],6.76,0.36,0.36,2.57,4.71,2.57,0.36,0.36,2.56,0.36
20260218B03,システム約定結果,平均落札価格（TSO別）[円/kW・30分],8.73,1.49,2.09,3.14,4.71,3.14,1.94,1.12,3.02,2.52
20260218B03,システム約定結果,落札量合計（TSO別）[MW],45.99,484,356,92.614,140,413.732,403.714,134,326,2396.05
20260218B03,システム約定結果,（内訳）自エリアからの落札量[MW],45.99,280,356,92.614,140,196.732,280.734,134,210,1736.07
20260218B03,追加調達結果,募集量（TSO別）[MW],-,-,-,-,-,-,-,-,-,-
20260218B03,追加調達結果,応札量合計（電源属地別）[MW],0,0,0,0,0,0,0,0,0,0
20260218B03,追加調達結果,約定量合計（電源属地別）[MW],0,0,0,0,0,0,0,0,0,0
20260218B03,追加調達結果,応札件数（電源属地別）[件],0,0,0,0,0,0,0,0,0,0
20260218B03,追加調達結果,約定件数（電源属地別）[件],0,0,0,0,0,0,0,0,0,0
20260218B03,追加調達結果,最高約定価格（電源属地別）[円/kW・30分],0,0,0,0,0,0,0,0,0,0
20260218B03,追加調達結果,最低約定価格（電源属地別）[円/kW・30分],0,0,0,0,0,0,0,0,0,0
20260218B03,追加調達結果,平均約定価格（電源属地別）[円/kW・30分],0,0,0,0,0,0,0,0,0,0
20260218B03,追加調達結果,最高約定価格（TSO別）[円/kW・30分],0,0,0,0,0,0,0,0,0,0
20260218B03,追加調達結果,最低約定価格（TSO別）[円/kW・30分],0,0,0,0,0,0,0,0,0,0
20260218B03,追加調達結果,平均約定価格（TSO別）[円/kW・30分],0,0,0,0,0,0,0,0,0,0
20260218B03,追加調達結果,約定量合計（TSO別）[MW],0,0,0,0,0,0,0,0,0,0
20260218B03,追加調達結果,（内訳）自エリアからの約定量[MW],0,0,0,0,0,0,0,0,0,0
20260218B03,合計（確報値）,募集量（TSO別）[MW],0,380,356,0,140,383,329,134,261,1983
20260218B03,合計（確報値）,応札量合計（電源属地別）[MW],165.99,700,1059.719,1045.308,170.4,836,635.393,154,442.93,5209.74
20260218B03,合計（確報値）,約定量合計（電源属地別）[MW],45.99,280,589.317,470.277,169,196.732,268.007,154,210,2383.323
20260218B03,合計（確報値）,応札件数（電源属地別）[件],4,3,10,24,3,4,14,3,8,73
20260218B03,合計（確報値）,約定件数（電源属地別）[件],4,3,5,21,2,4,13,3,5,60
20260218B03,合計（確報値）,最高約定価格（電源属地別）[円/kW・30分],14.35,3.37,8.62,0.36,4.71,3.75,9.57,7.17,4.53,14.35
20260218B03,合計（確報値）,最低約定価格（電源属地別）[円/kW・30分],6.76,1.25,0.36,0.36,4.71,2.85,0.36,0.36,2.56,0.36
20260218B03,合計（確報値）,平均約定価格（電源属地別）[円/kW・30分],8.73,1.9,1.6,0.36,4.71,3.27,1.96,1.02,3.26,2.04
20260218B03,合計（確報値）,最高約定価格（TSO別）[円/kW・30分],14.35,8.62,8.62,0.36,4.71,4.71,9.57,7.17,4.53,14.35
20260218B03,合計（確報値）,最低約定価格（TSO別）[円/kW・30分],6.76,0.36,0.36,0.36,4.71,0.36,0.36,0.36,0.36,0.36
20260218B03,合計（確報値）,平均約定価格（TSO別）[円/kW・30分],8.73,1.49,2.09,0.36,4.71,2.05,1.46,1.12,2.23,2.04
20260218B03,合計（確報値）,約定量合計（TSO別）[MW],45.99,484,356,92.614,140,413.732,390.987,134,326,2383.323
20260218B03,合計（確報値）,（内訳）自エリアからの約定量[MW],45.99,280,356,92.614,140,196.732,268.007,134,210,1723.343
20260218B04,システム約定結果,募集量（TSO別）[MW],0,132,780,0,258,559,470,265,361,2825
20260218B04,システム約定結果,応札量合計（電源属地別）[MW],176.05,450,1205.326,10.5,266,836,332.171,265,821,4362.047
20260218B04,システム約定結果,落札量合計（電源属地別）[MW],51.05,210,780,0,266,736,301.728,265,402.272,3012.05
20260218B04,システム約定結果,応札件数（電源属地別）[件],4,2,7,1,2,4,5,3,6,34
20260218B04,システム約定結果,落札件数（電源属地別）[件],3,2,3,0,2,4,5,3,4,26
20260218B04,システム約定結果,最高落札価格（電源属地別）[円/kW・30分],10.39,2.29,1.02,0,2.81,1.63,9.57,7.22,1.84,10.39
20260218B04,システム約定結果,最低落札価格（電源属地別）[円/kW・30分],9.9,1.57,0.36,0,2.8,0.73,0.36,0.36,0.85,0.36
20260218B04,システム約定結果,平均落札価格（電源属地別）[円/kW・30分],10.17,1.81,0.52,0,2.81,1.08,1.34,0.76,1.11,1.3
20260218B04,システム約定結果,最高落札価格（TSO別）[円/kW・30分],10.39,2.29,1.02,0,2.81,2.8,9.57,7.22,1.84,10.39
20260218B04,システム約定結果,最低落札価格（TSO別）[円/kW・30分],9.9,1.57,0.36,0,1.45,0.73,0.36,0.36,0.36,0.36
20260218B04,システム約定結果,平均落札価格（TSO別）[円/kW・30分],10.17,1.81,0.52,0,2.68,1.09,1.37,0.76,1.08,1.3
20260218B04,システム約定結果,落札量合計（TSO別）[MW],51.05,210,780,0,258,559,470,265,419,3012.05
20260218B04,システム約定結果,（内訳）自エリアからの落札量[MW],51.05,210,780,0,234.187,527.187,261.919,265,402.272,2731.615
20260218B04,追加調達結果,募集量（TSO別）[MW],-,-,-,-,-,-,-,-,-,-
20260218B04,追加調達結果,応札量合計（電源属地別）[MW],0,0,0,0,0,0,0,0,0,0
20260218B04,追加調達結果,約定量合計（電源属地別）[MW],0,0,0,0,0,0,0,0,0,0
20260218B04,追加調達結果,応札件数（電源属地別）[件],0,0,0,0,0,0,0,0,0,0
20260218B04,追加調達結果,約定件数（電源属地別）[件],0,0,0,0,0,0,0,0,0,0
20260218B04,追加調達結果,最高約定価格（電源属地別）[円/kW・30分],0,0,0,0,0,0,0,0,0,0
20260218B04,追加調達結果,最低約定価格（電源属地別）[円/kW・30分],0,0,0,0,0,0,0,0,0,0
20260218B04,追加調達結果,平均約定価格（電源属地別）[円/kW・30分],0,0,0,0,0,0,0,0,0,0
20260218B04,追加調達結果,最高約定価格（TSO別）[円/kW・30分],0,0,0,0,0,0,0,0,0,0
20260218B04,追加調達結果,最低約定価格（TSO別）[円/kW・30分],0,0,0,0,0,0,0,0,0,0
20260218B04,追加調達結果,平均約定価格（TSO別）[円/kW・30分],0,0,0,0,0,0,0,0,0,0
20260218B04,追加調達結果,約定量合計（TSO別）[MW],0,0,0,0,0,0,0,0,0,0
20260218B04,追加調達結果,（内訳）自エリアからの約定量[MW],0,0,0,0,0,0,0,0,0,0
20260218B04,合計（確報値）,募集量（TSO別）[MW],0,132,780,0,258,559,470,265,361,2825
20260218B04,合計（確報値）,応札量合計（電源属地別）[MW],176.05,450,1205.326,10.5,266,836,332.171,265,821,4362.047
20260218B04,合計（確報値）,約定量合計（電源属地別）[MW],51.05,210,780,0,266,736,301.728,265,402.272,3012.05
20260218B04,合計（確報値）,応札件数（電源属地別）[件],4,2,7,1,2,4,5,3,6,34
20260218B04,合計（確報値）,約定件数（電源属地別）[件],3,2,3,0,2,4,5,3,4,26
20260218B04,合計（確報値）,最高約定価格（電源属地別）[円/kW・30分],10.39,2.29,1.02,0,2.81,1.63,9.57,7.22,1.84,10.39
20260218B04,合計（確報値）,最低約定価格（電源属地別）[円/kW・30分],9.9,1.57,0.36,0,2.8,0.73,0.36,0.36,0.85,0.36
20260218B04,合計（確報値）,平均約定価格（電源属地別）[円/kW・30分],10.17,1.81,0.52,0,2.81,1.08,1.34,0.76,1.11,1.3
20260218B04,合計（確報値）,最高約定価格（TSO別）[円/kW・30分],10.39,2.29,1.02,0,2.81,2.8,9.57,7.22,1.84,10.39
20260218B04,合計（確報値）,最低約定価格（TSO別）[円/kW・30分],9.9,1.57,0.36,0,1.45,0.73,0.36,0.36,0.36,0.36
20260218B04,合計（確報値）,平均約定価格（TSO別）[円/kW・30分],10.17,1.81,0.52,0,2.68,1.09,1.37,0.76,1.08,1.3
20260218B04,合計（確報値）,約定量合計（TSO別）[MW],51.05,210,780,0,258,559,470,265,419,3012.05
20260218B04,合計（確報値）,（内訳）自エリアからの約定量[MW],51.05,210,780,0,234.187,527.187,261.919,265,402.272,2731.615
20260218B05,システム約定結果,募集量（TSO別）[MW],72,0,40,0,221,412,227,225,318,1515
20260218B05,システム約定結果,応札量合計（電源属地別）[MW],165.74,261.5,260.834,1.5,228,836,287.951,225,822.05,3088.575
20260218B05,システム約定結果,落札量合計（電源属地別）[MW],72,140,210.517,0,228,369.492,185.908,225,319,1749.917
20260218B05,システム約定結果,応札件数（電源属地別）[件],4,2,6,1,2,4,4,3,7,33
20260218B05,システム約定結果,落札件数（電源属地別）[件],4,1,6,0,2,4,4,3,3,27
20260218B05,システム約定結果,最高落札価格（電源属地別）[円/kW・30分],12,1.72,1.62,0,1.5,0.87,0.55,7.18,0.36,12
20260218B05,システム約定結果,最低落札価格（電源属地別）[円/kW・30分],9.9,1.72,0.35,0,1.49,0.36,0.36,0.36,0.36,0.35
20260218B05,システム約定結果,平均落札価格（電源属地別）[円/kW・30分],10.81,1.72,0.7,0,1.5,0.47,0.42,0.82,0.36,1.18
20260218B05,システム約定結果,最高落札価格（TSO別）[円/kW・30分],12,1.72,1.62,0,1.5,1.5,1.49,7.18,0.36,12
20260218B05,システム約定結果,最低落札価格（TSO別）[円/kW・30分],9.9,1.72,0.35,0,0.36,0.35,0.35,0.36,0.36,0.35
20260218B05,システム約定結果,平均落札価格（TSO別）[円/kW・30分],10.81,1.72,1.06,0,1.43,0.49,0.46,0.82,0.36,1.18
20260218B05,システム約定結果,落札量合計（TSO別）[MW],72,140,102.917,0,221,412,227,225,350,1749.917
20260218B05,システム約定結果,（内訳）自エリアからの落札量[MW],72,140,102.917,0,207.187,282.519,141.827,225,319,1490.45
20260218B05,追加調達結果,募集量（TSO別）[MW],-,-,-,-,-,-,-,-,-,-
20260218B05,追加調達結果,応札量合計（電源属地別）[MW],0,0,0,0,0,0,0,0,0,0
20260218B05,追加調達結果,約定量合計（電源属地別）[MW],0,0,0,0,0,0,0,0,0,0
20260218B05,追加調達結果,応札件数（電源属地別）[件],0,0,0,0,0,0,0,0,0,0
20260218B05,追加調達結果,約定件数（電源属地別）[件],0,0,0,0,0,0,0,0,0,0
20260218B05,追加調達結果,最高約定価格（電源属地別）[円/kW・30分],0,0,0,0,0,0,0,0,0,0
20260218B05,追加調達結果,最低約定価格（電源属地別）[円/kW・30分],0,0,0,0,0,0,0,0,0,0
20260218B05,追加調達結果,平均約定価格（電源属地別）[円/kW・30分],0,0,0,0,0,0,0,0,0,0
20260218B05,追加調達結果,最高約定価格（TSO別）[円/kW・30分],0,0,0,0,0,0,0,0,0,0
20260218B05,追加調達結果,最低約定価格（TSO別）[円/kW・30分],0,0,0,0,0,0,0,0,0,0
20260218B05,追加調達結果,平均約定価格（TSO別）[円/kW・30分],0,0,0,0,0,0,0,0,0,0
20260218B05,追加調達結果,約定量合計（TSO別）[MW],0,0,0,0,0,0,0,0,0,0
20260218B05,追加調達結果,（内訳）自エリアからの約定量[MW],0,0,0,0,0,0,0,0,0,0
20260218B05,合計（確報値）,募集量（TSO別）[MW],72,0,40,0,221,412,227,225,318,1515
20260218B05,合計（確報値）,応札量合計（電源属地別）[MW],165.74,261.5,260.834,1.5,228,836,287.951,225,908.05,3174.575
20260218B05,合計（確報値）,約定量合計（電源属地別）[MW],72,140,210.517,0,228,369.492,185.908,225,319,1749.917
20260218B05,合計（確報値）,応札件数（電源属地別）[件],4,2,6,1,2,4,4,3,12,38
20260218B05,合計（確報値）,約定件数（電源属地別）[件],4,1,6,0,2,4,4,3,6,30
20260218B05,合計（確報値）,最高約定価格（電源属地別）[円/kW・30分],12,1.72,1.62,0,1.5,0.87,0.55,7.18,0.36,12
20260218B05,合計（確報値）,最低約定価格（電源属地別）[円/kW・30分],9.9,1.72,0.35,0,1.49,0.36,0.36,0.36,0.36,0.35
20260218B05,合計（確報値）,平均約定価格（電源属地別）[円/kW・30分],10.81,1.72,0.7,0,1.5,0.47,0.42,0.82,0.36,1.18
20260218B05,合計（確報値）,最高約定価格（TSO別）[円/kW・30分],12,1.72,1.62,0,1.5,1.5,1.49,7.18,0.36,12
20260218B05,合計（確報値）,最低約定価格（TSO別）[円/kW・30分],9.9,1.72,0.35,0,0.36,0.35,0.35,0.36,0.36,0.35
20260218B05,合計（確報値）,平均約定価格（TSO別）[円/kW・30分],10.81,1.72,1.06,0,1.43,0.49,0.46,0.82,0.36,1.18
20260218B05,合計（確報値）,約定量合計（TSO別）[MW],72,140,102.917,0,221,412,227,225,350,1749.917
20260218B05,合計（確報値）,（内訳）自エリアからの約定量[MW],72,140,102.917,0,207.187,282.519,141.827,225,319,1490.45
20260218B06,システム約定結果,募集量（TSO別）[MW],0,171,707,0,171,476,278,194,288,2285
20260218B06,システム約定結果,応札量合計（電源属地別）[MW],164,510,1338.117,7.65,179,836,617.14,207,519,4377.907
20260218B06,システム約定結果,落札量合計（電源属地別）[MW],22,210,908.517,0,179,196.732,470.197,207,361,2554.446
20260218B06,システム約定結果,応札件数（電源属地別）[件],3,2,9,1,2,4,11,3,7,42
20260218B06,システム約定結果,落札件数（電源属地別）[件],2,2,7,0,2,4,11,3,5,36
20260218B06,システム約定結果,最高落札価格（電源属地別）[円/kW・30分],7.75,3.84,3.94,0,3.39,2.59,9.57,7.53,3.02,9.57
20260218B06,システム約定結果,最低落札価格（電源属地別）[円/kW・30分],7.3,1.44,0.36,0,3.38,1.69,0.49,0.36,1.3,0.36
20260218B06,システム約定結果,平均落札価格（電源属地別）[円/kW・30分],7.69,2.24,1.69,0,3.39,2.11,1.09,1.02,1.67,1.77
20260218B06,システム約定結果,最高落札価格（TSO別）[円/kW・30分],7.75,3.84,3.94,0,3.39,3.57,9.57,7.53,3.02,9.57
20260218B06,システム約定結果,最低落札価格（TSO別）[円/kW・30分],7.3,0.36,0.36,0,1.89,0.36,0.49,0.36,1.3,0.36
20260218B06,システム約定結果,平均落札価格（TSO別）[円/kW・30分],7.69,1.84,1.94,0,3.15,1.51,1.18,1.06,1.67,1.77
20260218B06,システム約定結果,落札量合計（TSO別）[MW],22,267,707,0,171,476,356.446,194,361,2554.446
20260218B06,システム約定結果,（内訳）自エリアからの落札量[MW],22,210,707,0,143,194,356.446,194,361,2187.446
20260218B06,追加調達結果,募集量（TSO別）[MW],-,-,-,-,-,-,-,-,-,-
20260218B06,追加調達結果,応札量合計（電源属地別）[MW],0,0,0,0,0,0,0,0,0,0
20260218B06,追加調達結果,約定量合計（電源属地別）[MW],0,0,0,0,0,0,0,0,0,0
20260218B06,追加調達結果,応札件数（電源属地別）[件],0,0,0,0,0,0,0,0,0,0
20260218B06,追加調達結果,約定件数（電源属地別）[件],0,0,0,0,0,0,0,0,0,0
20260218B06,追加調達結果,最高約定価格（電源属地別）[円/kW・30分],0,0,0,0,0,0,0,0,0,0
20260218B06,追加調達結果,最低約定価格（電源属地別）[円/kW・30分],0,0,0,0,0,0,0,0,0,0
20260218B06,追加調達結果,平均約定価格（電源属地別）[円/kW・30分],0,0,0,0,0,0,0,0,0,0
20260218B06,追加調達結果,最高約定価格（TSO別）[円/kW・30分],0,0,0,0,0,0,0,0,0,0
20260218B06,追加調達結果,最低約定価格（TSO別）[円/kW・30分],0,0,0,0,0,0,0,0,0,0
20260218B06,追加調達結果,平均約定価格（TSO別）[円/kW・30分],0,0,0,0,0,0,0,0,0,0
20260218B06,追加調達結果,約定量合計（TSO別）[MW],0,0,0,0,0,0,0,0,0,0
20260218B06,追加調達結果,（内訳）自エリアからの約定量[MW],0,0,0,0,0,0,0,0,0,0
20260218B06,合計（確報値）,募集量（TSO別）[MW],0,171,707,0,171,476,278,194,288,2285
20260218B06,合計（確報値）,応札量合計（電源属地別）[MW],164,510,1338.117,7.65,179,836,659.722,207,519,4420.489
20260218B06,合計（確報値）,約定量合計（電源属地別）[MW],22,210,908.517,0,179,196.732,470.197,207,361,2554.446
20260218B06,合計（確報値）,応札件数（電源属地別）[件],3,2,9,1,2,4,16,3,7,47
20260218B06,合計（確報値）,約定件数（電源属地別）[件],2,2,7,0,2,4,15,3,5,40
20260218B06,合計（確報値）,最高約定価格（電源属地別）[円/kW・30分],7.75,3.84,3.94,0,3.39,2.59,9.57,7.53,3.02,9.57
20260218B06,合計（確報値）,最低約定価格（電源属地別）[円/kW・30分],7.3,1.44,0.36,0,3.38,1.69,0.36,0.36,1.3,0.36
20260218B06,合計（確報値）,平均約定価格（電源属地別）[円/kW・30分],7.69,2.24,1.69,0,3.39,2.11,1.08,1.02,1.67,1.77
20260218B06,合計（確報値）,最高約定価格（TSO別）[円/kW・30分],7.75,3.84,3.94,0,3.39,3.57,9.57,7.53,3.02,9.57
20260218B06,合計（確報値）,最低約定価格（TSO別）[円/kW・30分],7.3,0.36,0.36,0,1.89,0.36,0.36,0.36,1.3,0.36
20260218B06,合計（確報値）,平均約定価格（TSO別）[円/kW・30分],7.69,1.84,1.94,0,3.15,1.51,1.17,1.06,1.67,1.77
20260218B06,合計（確報値）,約定量合計（TSO別）[MW],22,267,707,0,171,476,356.446,194,361,2554.446
20260218B06,合計（確報値）,（内訳）自エリアからの約定量[MW],22,210,707,0,143,194,356.446,194,361,2187.446
20260218B07,システム約定結果,募集量（TSO別）[MW],0,148,446,0,115,410,271,111,260,1761
20260218B07,システム約定結果,応札量合計（電源属地別）[MW],161,440,1937.197,55.999,123,836,617.14,121,622.97,4914.306
20260218B07,システム約定結果,落札量合計（電源属地別）[MW],15,140,635.469,17.065,123,196.732,267.734,121,299,1815
20260218B07,システム約定結果,応札件数（電源属地別）[件],2,2,14,2,1,4,11,4,9,49
20260218B07,システム約定結果,落札件数（電源属地別）[件],1,2,8,1,1,4,11,4,7,39
20260218B07,システム約定結果,最高落札価格（電源属地別）[円/kW・30分],6.87,3.42,5.04,4.22,4.66,3.7,9.57,8.08,4.45,9.57
20260218B07,システム約定結果,最低落札価格（電源属地別）[円/kW・30分],6.87,1.77,0.36,4.22,4.66,2.8,1.24,0.36,1.49,0.36
20260218B07,システム約定結果,平均落札価格（電源属地別）[円/kW・30分],6.87,2.6,3.72,4.22,4.66,3.22,2.49,2.11,2.88,3.25
20260218B07,システム約定結果,最高落札価格（TSO別）[円/kW・30分],6.87,5.04,5.04,0,4.66,5.04,9.57,8.08,4.45,9.57
20260218B07,システム約定結果,最低落札価格（TSO別）[円/kW・30分],6.87,1.77,0.36,0,1.35,1.24,0.36,0.36,1.49,0.36
20260218B07,システム約定結果,平均落札価格（TSO別）[円/kW・30分],6.87,2.73,3.26,0,4.47,3.91,2.59,2.26,2.88,3.25
20260218B07,システム約定結果,落札量合計（TSO別）[MW],15,148,446,0,115,410,271,111,299,1815
20260218B07,システム約定結果,（内訳）自エリアからの落札量[MW],15,140,446,0,93.489,196.732,210.02,111,299,1511.241
20260218B07,追加調達結果,募集量（TSO別）[MW],-,-,-,-,-,-,-,-,-,-
20260218B07,追加調達結果,応札量合計（電源属地別）[MW],0,0,0,0,0,0,0,0,0,0
20260218B07,追加調達結果,約定量合計（電源属地別）[MW],0,0,0,0,0,0,0,0,0,0
20260218B07,追加調達結果,応札件数（電源属地別）[件],0,0,0,0,0,0,0,0,0,0
20260218B07,追加調達結果,約定件数（電源属地別）[件],0,0,0,0,0,0,0,0,0,0
20260218B07,追加調達結果,最高約定価格（電源属地別）[円/kW・30分],0,0,0,0,0,0,0,0,0,0
20260218B07,追加調達結果,最低約定価格（電源属地別）[円/kW・30分],0,0,0,0,0,0,0,0,0,0
20260218B07,追加調達結果,平均約定価格（電源属地別）[円/kW・30分],0,0,0,0,0,0,0,0,0,0
20260218B07,追加調達結果,最高約定価格（TSO別）[円/kW・30分],0,0,0,0,0,0,0,0,0,0
20260218B07,追加調達結果,最低約定価格（TSO別）[円/kW・30分],0,0,0,0,0,0,0,0,0,0
20260218B07,追加調達結果,平均約定価格（TSO別）[円/kW・30分],0,0,0,0,0,0,0,0,0,0
20260218B07,追加調達結果,約定量合計（TSO別）[MW],0,0,0,0,0,0,0,0,0,0
20260218B07,追加調達結果,（内訳）自エリアからの約定量[MW],0,0,0,0,0,0,0,0,0,0
20260218B07,合計（確報値）,募集量（TSO別）[MW],0,148,446,0,115,410,271,111,260,1761
20260218B07,合計（確報値）,応札量合計（電源属地別）[MW],161,440,1937.197,73.064,123,836,617.15,134,622.97,4944.381
20260218B07,合計（確報値）,約定量合計（電源属地別）[MW],15,140,635.469,17.065,123,196.732,255.007,120,299,1801.273
20260218B07,合計（確報値）,応札件数（電源属地別）[件],2,2,14,3,1,4,12,5,9,52
20260218B07,合計（確報値）,約定件数（電源属地別）[件],1,2,8,1,1,4,11,4,7,39
20260218B07,合計（確報値）,最高約定価格（電源属地別）[円/kW・30分],6.87,3.42,5.04,0.36,4.66,3.7,9.57,7.19,4.45,9.57
20260218B07,合計（確報値）,最低約定価格（電源属地別）[円/kW・30分],6.87,1.77,0.36,0.36,4.66,2.8,0.36,0.36,1.49,0.36
20260218B07,合計（確報値）,平均約定価格（電源属地別）[円/kW・30分],6.87,2.6,3.72,0.36,4.66,3.22,2.56,1.41,2.88,3.18
20260218B07,合計（確報値）,最高約定価格（TSO別）[円/kW・30分],6.87,5.04,5.04,0,4.66,5.04,9.57,7.19,4.45,9.57
20260218B07,合計（確報値）,最低約定価格（TSO別）[円/kW・30分],6.87,1.77,0.36,0,0.36,1.24,0.36,0.36,1.49,0.36
20260218B07,合計（確報値）,平均約定価格（TSO別）[円/kW・30分],6.87,2.73,3.26,0,3.89,3.91,2.66,1.51,2.88,3.18
20260218B07,合計（確報値）,約定量合計（TSO別）[MW],15,148,446,0,115,410,258.273,110,299,1801.273
20260218B07,合計（確報値）,（内訳）自エリアからの約定量[MW],15,140,446,0,93.489,196.732,197.293,110,299,1497.514
20260218B08,システム約定結果,募集量（TSO別）[MW],0,0,57,0,110,284,280,96,252,1079
20260218B08,システム約定結果,応札量合計（電源属地別）[MW],164.75,440,441.997,58.749,130,836,617.14,109,519,3316.636
20260218B08,システム約定結果,落札量合計（電源属地別）[MW],34,140,350.759,17.065,122,196.732,272.734,108,252,1493.29
20260218B08,システム約定結果,応札件数（電源属地別）[件],3,2,6,2,1,4,11,6,7,42
20260218B08,システム約定結果,落札件数（電源属地別）[件],2,2,6,1,1,4,11,6,6,39
20260218B08,システム約定結果,最高落札価格（電源属地別）[円/kW・30分],9.3,4.14,3.27,3.58,2.91,2.54,9.57,7.4,3,9.57
20260218B08,システム約定結果,最低落札価格（電源属地別）[円/kW・30分],8.68,2.33,0.35,3.58,2.91,1.64,0.44,0.36,1.11,0.35
20260218B08,システム約定結果,平均落札価格（電源属地別）[円/kW・30分],8.75,3.24,1.24,3.58,2.91,2.06,1.61,1.49,1.85,2.06
20260218B08,システム約定結果,最高落札価格（TSO別）[円/kW・30分],9.3,4.14,3.27,3.58,2.91,2.54,9.57,7.4,3,9.57
20260218B08,システム約定結果,最低落札価格（TSO別）[円/kW・30分],8.68,2.33,0.35,3.58,2.91,0.35,0.35,0.36,1.11,0.35
20260218B08,システム約定結果,平均落札価格（TSO別）[円/kW・30分],8.75,3.24,1.32,3.58,2.91,1.75,1.63,1.49,1.85,2.06
20260218B08,システム約定結果,落札量合計（TSO別）[MW],34,140,240.779,17.065,110,284,307.446,108,252,1493.29
20260218B08,システム約定結果,（内訳）自エリアからの落札量[MW],34,140,240.779,17.065,110,196.732,241.466,108,252,1340.042
20260218B08,追加調達結果,募集量（TSO別）[MW],-,-,-,-,-,-,-,-,-,-
20260218B08,追加調達結果,応札量合計（電源属地別）[MW],0,0,0,0,0,0,0,0,0,0
20260218B08,追加調達結果,約定量合計（電源属地別）[MW],0,0,0,0,0,0,0,0,0,0
20260218B08,追加調達結果,応札件数（電源属地別）[件],0,0,0,0,0,0,0,0,0,0
20260218B08,追加調達結果,約定件数（電源属地別）[件],0,0,0,0,0,0,0,0,0,0
20260218B08,追加調達結果,最高約定価格（電源属地別）[円/kW・30分],0,0,0,0,0,0,0,0,0,0
20260218B08,追加調達結果,最低約定価格（電源属地別）[円/kW・30分],0,0,0,0,0,0,0,0,0,0
20260218B08,追加調達結果,平均約定価格（電源属地別）[円/kW・30分],0,0,0,0,0,0,0,0,0,0
20260218B08,追加調達結果,最高約定価格（TSO別）[円/kW・30分],0,0,0,0,0,0,0,0,0,0
20260218B08,追加調達結果,最低約定価格（TSO別）[円/kW・30分],0,0,0,0,0,0,0,0,0,0
20260218B08,追加調達結果,平均約定価格（TSO別）[円/kW・30分],0,0,0,0,0,0,0,0,0,0
20260218B08,追加調達結果,約定量合計（TSO別）[MW],0,0,0,0,0,0,0,0,0,0
20260218B08,追加調達結果,（内訳）自エリアからの約定量[MW],0,0,0,0,0,0,0,0,0,0
20260218B08,合計（確報値）,募集量（TSO別）[MW],0,0,57,0,110,284,280,96,252,1079
20260218B08,合計（確報値）,応札量合計（電源属地別）[MW],164.75,440,441.997,75.814,130,836,629.867,109,519,3346.428
20260218B08,合計（確報値）,約定量合計（電源属地別）[MW],34,140,350.759,17.065,122,196.732,272.734,108,252,1493.29
20260218B08,合計（確報値）,応札件数（電源属地別）[件],3,2,6,3,1,4,12,6,7,44
20260218B08,合計（確報値）,約定件数（電源属地別）[件],2,2,6,1,1,4,11,6,6,39
20260218B08,合計（確報値）,最高約定価格（電源属地別）[円/kW・30分],9.3,4.14,3.27,0.36,2.91,2.54,9.57,7.4,3,9.57
20260218B08,合計（確報値）,最低約定価格（電源属地別）[円/kW・30分],8.68,2.33,0.35,0.36,2.91,1.64,0.36,0.36,1.11,0.35
20260218B08,合計（確報値）,平均約定価格（電源属地別）[円/kW・30分],8.75,3.24,1.24,0.36,2.91,2.06,1.61,1.49,1.85,2.02
20260218B08,合計（確報値）,最高約定価格（TSO別）[円/kW・30分],9.3,4.14,3.27,0.36,2.91,2.54,9.57,7.4,3,9.57
20260218B08,合計（確報値）,最低約定価格（TSO別）[円/kW・30分],8.68,2.33,0.35,0.36,2.91,0.35,0.35,0.36,1.11,0.35
20260218B08,合計（確報値）,平均約定価格（TSO別）[円/kW・30分],8.75,3.24,1.32,0.36,2.91,1.75,1.62,1.49,1.85,2.02
20260218B08,合計（確報値）,約定量合計（TSO別）[MW],34,140,240.779,17.065,110,284,307.446,108,252,1493.29
20260218B08,合計（確報値）,（内訳）自エリアからの約定量[MW],34,140,240.779,17.065,110,196.732,241.466,108,252,1340.042
20260219B01,システム約定結果,募集量（TSO別）[MW],0,0,0,0,112,0,55,85,282,534
20260219B01,システム約定結果,応札量合計（電源属地別）[MW],175.6,440,459.02,1052.882,116,836,446.812,93,485,4104.314
20260219B01,システム約定結果,落札量合計（電源属地別）[MW],14.6,140,302.338,801.015,116,196.732,182.876,85,157,1995.561
20260219B01,システム約定結果,応札件数（電源属地別）[件],3,2,5,9,1,4,7,6,6,43
20260219B01,システム約定結果,落札件数（電源属地別）[件],1,2,4,6,1,4,7,6,5,36
20260219B01,システム約定結果,最高落札価格（電源属地別）[円/kW・30分],4.1,4.62,2.01,4.42,2.83,2.17,9.57,7.45,2.93,9.57
20260219B01,システム約定結果,最低落札価格（電源属地別）[円/kW・30分],4.1,2.7,0.81,2.04,2.83,1.27,0.36,0.36,0.96,0.36
20260219B01,システム約定結果,平均落札価格（電源属地別）[円/kW・30分],4.1,3.66,1.54,2.63,2.83,1.69,1.86,1.21,1.82,2.27
20260219B01,システム約定結果,最高落札価格（TSO別）[円/kW・30分],4.1,4.62,2.01,4.42,2.83,2.17,9.57,7.45,9.57,9.57
20260219B01,システム約定結果,最低落札価格（TSO別）[円/kW・30分],4.1,2.7,0.81,2.04,2.83,1.27,0.36,0.36,0.36,0.36
20260219B01,システム約定結果,平均落札価格（TSO別）[円/kW・30分],4.1,3.66,1.54,2.67,2.83,1.69,1.86,1.21,2.03,2.27
20260219B01,システム約定結果,落札量合計（TSO別）[MW],14.6,140,302.338,693.085,116,196.732,165.806,85,282,1995.561
20260219B01,システム約定結果,（内訳）自エリアからの落札量[MW],14.6,140,302.338,693.085,116,196.732,165.806,85,157,1870.561
20260219B01,追加調達結果,募集量（TSO別）[MW],-,-,-,-,-,-,-,-,-,-
20260219B01,追加調達結果,応札量合計（電源属地別）[MW],0,0,0,0,0,0,0,0,0,0
20260219B01,追加調達結果,約定量合計（電源属地別）[MW],0,0,0,0,0,0,0,0,0,0
20260219B01,追加調達結果,応札件数（電源属地別）[件],0,0,0,0,0,0,0,0,0,0
20260219B01,追加調達結果,約定件数（電源属地別）[件],0,0,0,0,0,0,0,0,0,0
20260219B01,追加調達結果,最高約定価格（電源属地別）[円/kW・30分],0,0,0,0,0,0,0,0,0,0
20260219B01,追加調達結果,最低約定価格（電源属地別）[円/kW・30分],0,0,0,0,0,0,0,0,0,0
20260219B01,追加調達結果,平均約定価格（電源属地別）[円/kW・30分],0,0,0,0,0,0,0,0,0,0
20260219B01,追加調達結果,最高約定価格（TSO別）[円/kW・30分],0,0,0,0,0,0,0,0,0,0
20260219B01,追加調達結果,最低約定価格（TSO別）[円/kW・30分],0,0,0,0,0,0,0,0,0,0
20260219B01,追加調達結果,平均約定価格（TSO別）[円/kW・30分],0,0,0,0,0,0,0,0,0,0
20260219B01,追加調達結果,約定量合計（TSO別）[MW],0,0,0,0,0,0,0,0,0,0
20260219B01,追加調達結果,（内訳）自エリアからの約定量[MW],0,0,0,0,0,0,0,0,0,0
20260219B01,合計（確報値）,募集量（TSO別）[MW],0,0,0,0,112,0,55,85,282,534
20260219B01,合計（確報値）,応札量合計（電源属地別）[MW],175.6,440,459.02,1462.159,116,836,446.812,93,485,4513.591
20260219B01,合計（確報値）,約定量合計（電源属地別）[MW],14.6,140,302.338,801.015,116,196.732,182.876,85,157,1995.561
20260219B01,合計（確報値）,応札件数（電源属地別）[件],3,2,5,19,1,4,7,6,6,53
20260219B01,合計（確報値）,約定件数（電源属地別）[件],1,2,4,14,1,4,7,6,5,44
20260219B01,合計（確報値）,最高約定価格（電源属地別）[円/kW・30分],4.1,4.62,2.01,2.35,2.83,2.17,9.57,7.45,2.93,9.57
20260219B01,合計（確報値）,最低約定価格（電源属地別）[円/kW・30分],4.1,2.7,0.81,0.36,2.83,1.27,0.36,0.36,0.96,0.36
20260219B01,合計（確報値）,平均約定価格（電源属地別）[円/kW・30分],4.1,3.66,1.54,1.25,2.83,1.69,1.86,1.21,1.82,1.72
20260219B01,合計（確報値）,最高約定価格（TSO別）[円/kW・30分],4.1,4.62,2.01,2.35,2.83,2.17,9.57,7.45,9.57,9.57
20260219B01,合計（確報値）,最低約定価格（TSO別）[円/kW・30分],4.1,2.7,0.81,0.36,2.83,1.27,0.36,0.36,0.36,0.36
20260219B01,合計（確報値）,平均約定価格（TSO別）[円/kW・30分],4.1,3.66,1.54,1.39,2.83,1.69,1.86,1.21,1.26,1.72
20260219B01,合計（確報値）,約定量合計（TSO別）[MW],14.6,140,302.338,693.085,116,196.732,165.806,85,282,1995.561
20260219B01,合計（確報値）,（内訳）自エリアからの約定量[MW],14.6,140,302.338,693.085,116,196.732,165.806,85,157,1870.561
20260219B02,システム約定結果,募集量（TSO別）[MW],0,50,0,0,93,23,193,87,244,690
20260219B02,システム約定結果,応札量合計（電源属地別）[MW],164,440,132.1,1040.882,102,836,446.812,93,519,3773.794
20260219B02,システム約定結果,落札量合計（電源属地別）[MW],19.1,140,0,802.95,102,184.713,225.101,87,180,1740.864
20260219B02,システム約定結果,応札件数（電源属地別）[件],3,2,2,9,1,4,7,4,7,39
20260219B02,システム約定結果,落札件数（電源属地別）[件],2,2,0,7,1,4,7,4,6,33
20260219B02,システム約定結果,最高落札価格（電源属地別）[円/kW・30分],9.29,4.38,0,4.14,2.59,2.06,9.57,7.35,2.73,9.57
20260219B02,システム約定結果,最低落札価格（電源属地別）[円/kW・30分],5,2.52,0,2.05,2.59,1.16,0.36,0.36,0.76,0.36
20260219B02,システム約定結果,平均落札価格（電源属地別）[円/kW・30分],8.62,3.45,0,2.54,2.59,1.6,1.74,1.7,1.78,2.36
20260219B02,システム約定結果,最高落札価格（TSO別）[円/kW・30分],9.29,4.38,0,4.14,2.59,2.06,9.57,7.35,4.14,9.57
20260219B02,システム約定結果,最低落札価格（TSO別）[円/kW・30分],5,2.52,0,2.05,2.59,1.16,0.36,0.36,0.76,0.36
20260219B02,システム約定結果,平均落札価格（TSO別）[円/kW・30分],8.62,3.45,0,2.46,2.59,1.6,1.68,1.7,2.18,2.36
20260219B02,システム約定結果,落札量合計（TSO別）[MW],19.1,140,0,765.95,101.02,184.713,199.081,87,244,1740.864
20260219B02,システム約定結果,（内訳）自エリアからの落札量[MW],19.1,140,0,765.95,101.02,184.713,198.101,87,180,1675.884
20260219B02,追加調達結果,募集量（TSO別）[MW],-,-,-,-,-,-,-,-,-,-
20260219B02,追加調達結果,応札量合計（電源属地別）[MW],0,0,0,0,0,0,0,0,0,0
20260219B02,追加調達結果,約定量合計（電源属地別）[MW],0,0,0,0,0,0,0,0,0,0
20260219B02,追加調達結果,応札件数（電源属地別）[件],0,0,0,0,0,0,0,0,0,0
20260219B02,追加調達結果,約定件数（電源属地別）[件],0,0,0,0,0,0,0,0,0,0
20260219B02,追加調達結果,最高約定価格（電源属地別）[円/kW・30分],0,0,0,0,0,0,0,0,0,0
20260219B02,追加調達結果,最低約定価格（電源属地別）[円/kW・30分],0,0,0,0,0,0,0,0,0,0
20260219B02,追加調達結果,平均約定価格（電源属地別）[円/kW・30分],0,0,0,0,0,0,0,0,0,0
20260219B02,追加調達結果,最高約定価格（TSO別）[円/kW・30分],0,0,0,0,0,0,0,0,0,0
20260219B02,追加調達結果,最低約定価格（TSO別）[円/kW・30分],0,0,0,0,0,0,0,0,0,0
20260219B02,追加調達結果,平均約定価格（TSO別）[円/kW・30分],0,0,0,0,0,0,0,0,0,0
20260219B02,追加調達結果,約定量合計（TSO別）[MW],0,0,0,0,0,0,0,0,0,0
20260219B02,追加調達結果,（内訳）自エリアからの約定量[MW],0,0,0,0,0,0,0,0,0,0
20260219B02,合計（確報値）,募集量（TSO別）[MW],0,50,0,0,93,23,193,87,244,690
20260219B02,合計（確報値）,応札量合計（電源属地別）[MW],164,510,132.1,1450.159,102,836,446.812,93,519,4253.071
20260219B02,合計（確報値）,約定量合計（電源属地別）[MW],19.1,140,0,802.95,102,184.713,225.101,87,180,1740.864
20260219B02,合計（確報値）,応札件数（電源属地別）[件],3,5,2,21,1,4,7,4,7,54
20260219B02,合計（確報値）,約定件数（電源属地別）[件],2,4,0,17,1,4,7,4,6,45
20260219B02,合計（確報値）,最高約定価格（電源属地別）[円/kW・30分],9.29,4.38,0,3.81,2.59,2.06,9.57,7.35,2.73,9.57
20260219B02,合計（確報値）,最低約定価格（電源属地別）[円/kW・30分],5,2.25,0,0.36,2.59,1.16,0.36,0.36,0.76,0.36
20260219B02,合計（確報値）,平均約定価格（電源属地別）[円/kW・30分],8.62,3.32,0,1.26,2.59,1.6,1.74,1.7,1.78,1.76
20260219B02,合計（確報値）,最高約定価格（TSO別）[円/kW・30分],9.29,4.38,0,3.81,2.59,2.06,9.57,7.35,2.73,9.57
20260219B02,合計（確報値）,最低約定価格（TSO別）[円/kW・30分],5,2.25,0,0.36,2.59,1.16,0.36,0.36,0.36,0.36
20260219B02,合計（確報値）,平均約定価格（TSO別）[円/kW・30分],8.62,3.32,0,1.31,2.59,1.6,1.68,1.7,1.61,1.76
20260219B02,合計（確報値）,約定量合計（TSO別）[MW],19.1,140,0,765.95,101.02,184.713,199.081,87,244,1740.864
20260219B02,合計（確報値）,（内訳）自エリアからの約定量[MW],19.1,140,0,765.95,101.02,184.713,198.101,87,180,1675.884
20260219B03,システム約定結果,募集量（TSO別）[MW],0,380,356,0,140,383,329,134,261,1983
20260219B03,システム約定結果,応札量合計（電源属地別）[MW],165.99,700,1067.474,575.031,170.4,836,617.14,154,442.93,4728.965
20260219B03,システム約定結果,落札量合計（電源属地別）[MW],45.99,280,589.317,470.277,169,196.732,280.734,154,210,2396.05
20260219B03,システム約定結果,応札件数（電源属地別）[件],4,3,10,3,3,4,11,3,8,49
20260219B03,システム約定結果,落札件数（電源属地別）[件],4,3,4,3,2,4,11,3,5,39
20260219B03,システム約定結果,最高落札価格（電源属地別）[円/kW・30分],14.35,3.35,3.82,5.01,4.71,3.75,9.57,7.21,4.53,14.35
20260219B03,システム約定結果,最低落札価格（電源属地別）[円/kW・30分],6.76,1.32,0.36,2.37,4.71,2.85,0.58,0.36,2.56,0.36
20260219B03,システム約定結果,平均落札価格（電源属地別）[円/kW・30分],8.73,1.93,1.29,3.2,4.71,3.27,1.76,1.04,3.26,2.5
20260219B03,システム約定結果,最高落札価格（TSO別）[円/kW・30分],14.35,3.35,3.82,5.01,4.71,4.73,9.57,7.21,4.73,14.35
20260219B03,システム約定結果,最低落札価格（TSO別）[円/kW・30分],6.76,0.36,0.36,2.37,4.71,2.37,0.36,0.36,0.36,0.36
20260219B03,システム約定結果,平均落札価格（TSO別）[円/kW・30分],8.73,1.27,1.91,3.11,4.71,3.19,1.8,1.14,3.51,2.5
20260219B03,システム約定結果,落札量合計（TSO別）[MW],45.99,484,356,92.614,140,413.732,403.714,134,326,2396.05
20260219B03,システム約定結果,（内訳）自エリアからの落札量[MW],45.99,280,356,92.614,140,196.732,280.734,134,210,1736.07
20260219B03,追加調達結果,募集量（TSO別）[MW],-,-,-,-,-,-,-,-,-,-
20260219B03,追加調達結果,応札量合計（電源属地別）[MW],0,0,0,0,0,0,0,0,0,0
20260219B03,追加調達結果,約定量合計（電源属地別）[MW],0,0,0,0,0,0,0,0,0,0
20260219B03,追加調達結果,応札件数（電源属地別）[件],0,0,0,0,0,0,0,0,0,0
20260219B03,追加調達結果,約定件数（電源属地別）[件],0,0,0,0,0,0,0,0,0,0
20260219B03,追加調達結果,最高約定価格（電源属地別）[円/kW・30分],0,0,0,0,0,0,0,0,0,0
20260219B03,追加調達結果,最低約定価格（電源属地別）[円/kW・30分],0,0,0,0,0,0,0,0,0,0
20260219B03,追加調達結果,平均約定価格（電源属地別）[円/kW・30分],0,0,0,0,0,0,0,0,0,0
20260219B03,追加調達結果,最高約定価格（TSO別）[円/kW・30分],0,0,0,0,0,0,0,0,0,0
20260219B03,追加調達結果,最低約定価格（TSO別）[円/kW・30分],0,0,0,0,0,0,0,0,0,0
20260219B03,追加調達結果,平均約定価格（TSO別）[円/kW・30分],0,0,0,0,0,0,0,0,0,0
20260219B03,追加調達結果,約定量合計（TSO別）[MW],0,0,0,0,0,0,0,0,0,0
20260219B03,追加調達結果,（内訳）自エリアからの約定量[MW],0,0,0,0,0,0,0,0,0,0
20260219B03,合計（確報値）,募集量（TSO別）[MW],0,380,356,0,140,383,329,134,261,1983
20260219B03,合計（確報値）,応札量合計（電源属地別）[MW],165.99,700,1067.474,1028.243,170.4,836,629.877,154,442.93,5194.914
20260219B03,合計（確報値）,約定量合計（電源属地別）[MW],45.99,280,589.317,470.277,169,196.732,280.734,154,210,2396.05
20260219B03,合計（確報値）,応札件数（電源属地別）[件],4,3,10,22,3,4,13,3,8,70
20260219B03,合計（確報値）,約定件数（電源属地別）[件],4,3,4,20,2,4,12,3,5,57
20260219B03,合計（確報値）,最高約定価格（電源属地別）[円/kW・30分],14.35,3.35,3.82,5.01,4.71,3.75,9.57,7.21,4.53,14.35
20260219B03,合計（確報値）,最低約定価格（電源属地別）[円/kW・30分],6.76,1.32,0.36,0.36,4.71,2.85,0.36,0.36,2.56,0.36
20260219B03,合計（確報値）,平均約定価格（電源属地別）[円/kW・30分],8.73,1.93,1.29,0.53,4.71,3.27,1.75,1.04,3.26,1.97
20260219B03,合計（確報値）,最高約定価格（TSO別）[円/kW・30分],14.35,3.35,3.82,5.01,4.71,3.75,9.57,7.21,4.71,14.35
20260219B03,合計（確報値）,最低約定価格（TSO別）[円/kW・30分],6.76,0.36,0.36,0.36,4.71,0.36,0.36,0.36,0.36,0.36
20260219B03,合計（確報値）,平均約定価格（TSO別）[円/kW・30分],8.73,1.27,1.91,1.22,4.71,1.75,1.33,1.14,2.61,1.97
20260219B03,合計（確報値）,約定量合計（TSO別）[MW],45.99,484,356,92.614,140,413.732,403.714,134,326,2396.05
20260219B03,合計（確報値）,（内訳）自エリアからの約定量[MW],45.99,280,356,92.614,140,196.732,280.734,134,210,1736.07
20260219B04,システム約定結果,募集量（TSO別）[MW],0,132,718,0,258,559,470,265,361,2763
20260219B04,システム約定結果,応札量合計（電源属地別）[MW],175.3,450,1450.376,9.45,266,838,332.171,265,821,4607.297
20260219B04,システム約定結果,落札量合計（電源属地別）[MW],26,176,718,0,266,736,301.728,265,402.272,2891
20260219B04,システム約定結果,応札件数（電源属地別）[件],4,2,9,1,2,5,5,3,6,37
20260219B04,システム約定結果,落札件数（電源属地別）[件],1,2,4,0,2,4,5,3,4,25
20260219B04,システム約定結果,最高落札価格（電源属地別）[円/kW・30分],10.08,2.83,1.02,0,2.81,1.63,9.57,9.23,1.84,10.08
20260219B04,システム約定結果,最低落札価格（電源属地別）[円/kW・30分],10.08,1.93,0.36,0,2.8,0.73,0.36,0.36,0.85,0.36
20260219B04,システム約定結果,平均落札価格（電源属地別）[円/kW・30分],10.08,2.11,0.53,0,2.81,1.09,1.19,1.33,1.11,1.29
20260219B04,システム約定結果,最高落札価格（TSO別）[円/kW・30分],10.08,2.83,1.02,0,2.81,1.63,9.57,9.23,1.84,10.08
20260219B04,システム約定結果,最低落札価格（TSO別）[円/kW・30分],10.08,1.93,0.36,0,1.12,0.73,0.36,0.36,0.36,0.36
20260219B04,システム約定結果,平均落札価格（TSO別）[円/kW・30分],10.08,2.11,0.53,0,2.65,1.17,1.19,1.33,1.08,1.29
20260219B04,システム約定結果,落札量合計（TSO別）[MW],26,176,718,0,258,559,470,265,419,2891
20260219B04,システム約定結果,（内訳）自エリアからの落札量[MW],26,176,718,0,234.187,559,261.919,265,402.272,2642.378
20260219B04,追加調達結果,募集量（TSO別）[MW],-,-,-,-,-,-,-,-,-,-
20260219B04,追加調達結果,応札量合計（電源属地別）[MW],0,0,0,0,0,0,0,0,0,0
20260219B04,追加調達結果,約定量合計（電源属地別）[MW],0,0,0,0,0,0,0,0,0,0
20260219B04,追加調達結果,応札件数（電源属地別）[件],0,0,0,0,0,0,0,0,0,0
20260219B04,追加調達結果,約定件数（電源属地別）[件],0,0,0,0,0,0,0,0,0,0
20260219B04,追加調達結果,最高約定価格（電源属地別）[円/kW・30分],0,0,0,0,0,0,0,0,0,0
20260219B04,追加調達結果,最低約定価格（電源属地別）[円/kW・30分],0,0,0,0,0,0,0,0,0,0
20260219B04,追加調達結果,平均約定価格（電源属地別）[円/kW・30分],0,0,0,0,0,0,0,0,0,0
20260219B04,追加調達結果,最高約定価格（TSO別）[円/kW・30分],0,0,0,0,0,0,0,0,0,0
20260219B04,追加調達結果,最低約定価格（TSO別）[円/kW・30分],0,0,0,0,0,0,0,0,0,0
20260219B04,追加調達結果,平均約定価格（TSO別）[円/kW・30分],0,0,0,0,0,0,0,0,0,0
20260219B04,追加調達結果,約定量合計（TSO別）[MW],0,0,0,0,0,0,0,0,0,0
20260219B04,追加調達結果,（内訳）自エリアからの約定量[MW],0,0,0,0,0,0,0,0,0,0
20260219B04,合計（確報値）,募集量（TSO別）[MW],0,132,718,0,258,559,470,265,361,2763
20260219B04,合計（確報値）,応札量合計（電源属地別）[MW],175.3,486,1777.95,9.45,266,838,332.171,265,821,4970.871
20260219B04,合計（確報値）,約定量合計（電源属地別）[MW],26,176,718,0,266,736,301.728,265,402.272,2891
20260219B04,合計（確報値）,応札件数（電源属地別）[件],4,5,10,1,2,5,5,3,6,41
20260219B04,合計（確報値）,約定件数（電源属地別）[件],1,4,4,0,2,4,5,3,4,27
20260219B04,合計（確報値）,最高約定価格（電源属地別）[円/kW・30分],10.08,2.83,1.02,0,2.81,1.63,9.57,9.23,1.84,10.08
20260219B04,合計（確報値）,最低約定価格（電源属地別）[円/kW・30分],10.08,1.93,0.36,0,2.8,0.73,0.36,0.36,0.85,0.36
20260219B04,合計（確報値）,平均約定価格（電源属地別）[円/kW・30分],10.08,2.11,0.53,0,2.81,1.09,1.19,1.33,1.11,1.29
20260219B04,合計（確報値）,最高約定価格（TSO別）[円/kW・30分],10.08,2.83,1.02,0,2.81,1.63,9.57,9.23,1.84,10.08
20260219B04,合計（確報値）,最低約定価格（TSO別）[円/kW・30分],10.08,1.93,0.36,0,1.12,0.73,0.36,0.36,0.36,0.36
20260219B04,合計（確報値）,平均約定価格（TSO別）[円/kW・30分],10.08,2.11,0.53,0,2.65,1.17,1.19,1.33,1.08,1.29
20260219B04,合計（確報値）,約定量合計（TSO別）[MW],26,176,718,0,258,559,470,265,419,2891
20260219B04,合計（確報値）,（内訳）自エリアからの約定量[MW],26,176,718,0,234.187,559,261.919,265,402.272,2642.378
20260219B05,システム約定結果,募集量（TSO別）[MW],72,0,40,0,221,412,227,225,318,1515
20260219B05,システム約定結果,応札量合計（電源属地別）[MW],164.99,261.5,195.106,1.5,228,836,332.171,225,793.05,3037.317
20260219B05,システム約定結果,落札量合計（電源属地別）[MW],27.28,140,175.699,0,228,370.115,199.685,225,290,1655.779
20260219B05,システム約定結果,応札件数（電源属地別）[件],4,2,3,1,2,4,5,3,6,30
20260219B05,システム約定結果,落札件数（電源属地別）[件],3,1,3,0,2,4,5,3,2,23
20260219B05,システム約定結果,最高落札価格（電源属地別）[円/kW・30分],10.67,1.94,0.73,0,1.5,0.87,9.57,14.11,0.36,14.11
20260219B05,システム約定結果,最低落札価格（電源属地別）[円/kW・30分],9.9,1.94,0.35,0,1.49,0.36,0.36,0.36,0.36,0.35
20260219B05,システム約定結果,平均落札価格（電源属地別）[円/kW・30分],10.57,1.94,0.39,0,1.5,0.47,1.02,1.88,0.36,1.13
20260219B05,システム約定結果,最高落札価格（TSO別）[円/kW・30分],10.67,1.94,0.73,0,1.5,1.5,9.57,14.11,0.36,14.11
20260219B05,システム約定結果,最低落札価格（TSO別）[円/kW・30分],1.94,1.94,0.35,0,0.37,0.36,0.35,0.36,0.35,0.35
20260219B05,システム約定結果,平均落札価格（TSO別）[円/kW・30分],5.21,1.94,0.47,0,1.43,0.51,0.93,1.88,0.36,1.13
20260219B05,システム約定結果,落札量合計（TSO別）[MW],72,95.28,58.499,0,221,412,227,225,345,1655.779
20260219B05,システム約定結果,（内訳）自エリアからの落札量[MW],27.28,95.28,58.499,0,207.187,360.919,155.604,225,290,1419.769
20260219B05,追加調達結果,募集量（TSO別）[MW],-,-,-,-,-,-,-,-,-,-
20260219B05,追加調達結果,応札量合計（電源属地別）[MW],0,0,0,0,0,0,0,0,0,0
20260219B05,追加調達結果,約定量合計（電源属地別）[MW],0,0,0,0,0,0,0,0,0,0
20260219B05,追加調達結果,応札件数（電源属地別）[件],0,0,0,0,0,0,0,0,0,0
20260219B05,追加調達結果,約定件数（電源属地別）[件],0,0,0,0,0,0,0,0,0,0
20260219B05,追加調達結果,最高約定価格（電源属地別）[円/kW・30分],0,0,0,0,0,0,0,0,0,0
20260219B05,追加調達結果,最低約定価格（電源属地別）[円/kW・30分],0,0,0,0,0,0,0,0,0,0
20260219B05,追加調達結果,平均約定価格（電源属地別）[円/kW・30分],0,0,0,0,0,0,0,0,0,0
20260219B05,追加調達結果,最高約定価格（TSO別）[円/kW・30分],0,0,0,0,0,0,0,0,0,0
20260219B05,追加調達結果,最低約定価格（TSO別）[円/kW・30分],0,0,0,0,0,0,0,0,0,0
20260219B05,追加調達結果,平均約定価格（TSO別）[円/kW・30分],0,0,0,0,0,0,0,0,0,0
20260219B05,追加調達結果,約定量合計（TSO別）[MW],0,0,0,0,0,0,0,0,0,0
20260219B05,追加調達結果,（内訳）自エリアからの約定量[MW],0,0,0,0,0,0,0,0,0,0
20260219B05,合計（確報値）,募集量（TSO別）[MW],72,0,40,0,221,412,227,225,318,1515
20260219B05,合計（確報値）,応札量合計（電源属地別）[MW],164.99,261.5,195.106,1.5,228,836,332.171,225,793.05,3037.317
20260219B05,合計（確報値）,約定量合計（電源属地別）[MW],27.28,140,175.699,0,228,370.115,199.685,225,290,1655.779
20260219B05,合計（確報値）,応札件数（電源属地別）[件],4,2,3,1,2,4,5,3,6,30
20260219B05,合計（確報値）,約定件数（電源属地別）[件],3,1,3,0,2,4,5,3,2,23
20260219B05,合計（確報値）,最高約定価格（電源属地別）[円/kW・30分],10.67,1.94,0.73,0,1.5,0.87,9.57,14.11,0.36,14.11
20260219B05,合計（確報値）,最低約定価格（電源属地別）[円/kW・30分],9.9,1.94,0.35,0,1.49,0.36,0.36,0.36,0.36,0.35
20260219B05,合計（確報値）,平均約定価格（電源属地別）[円/kW・30分],10.57,1.94,0.39,0,1.5,0.47,1.02,1.88,0.36,1.13
20260219B05,合計（確報値）,最高約定価格（TSO別）[円/kW・30分],10.67,1.94,0.73,0,1.5,1.5,9.57,14.11,0.36,14.11
20260219B05,合計（確報値）,最低約定価格（TSO別）[円/kW・30分],1.94,1.94,0.35,0,0.37,0.36,0.35,0.36,0.35,0.35
20260219B05,合計（確報値）,平均約定価格（TSO別）[円/kW・30分],5.21,1.94,0.47,0,1.43,0.51,0.93,1.88,0.36,1.13
20260219B05,合計（確報値）,約定量合計（TSO別）[MW],72,95.28,58.499,0,221,412,227,225,345,1655.779
20260219B05,合計（確報値）,（内訳）自エリアからの約定量[MW],27.28,95.28,58.499,0,207.187,360.919,155.604,225,290,1419.769
20260219B06,システム約定結果,募集量（TSO別）[MW],0,171,707,0,171,476,278,194,288,2285
20260219B06,システム約定結果,応札量合計（電源属地別）[MW],164,510,1149.632,60.599,179,838,617.14,207,519,4244.371
20260219B06,システム約定結果,落札量合計（電源属地別）[MW],10,210,836.915,17.065,179,196.732,541.799,207,361,2559.511
20260219B06,システム約定結果,応札件数（電源属地別）[件],3,2,9,2,2,5,11,3,7,44
20260219B06,システム約定結果,落札件数（電源属地別）[件],1,2,9,1,2,4,11,3,5,38
20260219B06,システム約定結果,最高落札価格（電源属地別）[円/kW・30分],7.75,3.89,3.94,4.09,3.39,2.59,9.57,7.41,3.02,9.57
20260219B06,システム約定結果,最低落札価格（電源属地別）[円/kW・30分],7.75,1.5,0.36,4.09,3.38,1.69,0.51,0.36,1.3,0.36
20260219B06,システム約定結果,平均落札価格（電源属地別）[円/kW・30分],7.75,2.3,1.93,4.09,3.39,2.11,1.07,1.01,1.67,1.82
20260219B06,システム約定結果,最高落札価格（TSO別）[円/kW・30分],7.75,3.89,3.94,0,4.09,3.39,9.57,7.41,3.02,9.57
20260219B06,システム約定結果,最低落札価格（TSO別）[円/kW・30分],7.75,0.36,0.36,0,1.87,0.36,0.51,0.36,1.3,0.36
20260219B06,システム約定結果,平均落札価格（TSO別）[円/kW・30分],7.75,2.11,2.07,0,3.37,1.47,1.27,1.05,1.67,1.82
20260219B06,システム約定結果,落札量合計（TSO別）[MW],10,267,707,0,171,476,373.511,194,361,2559.511
20260219B06,システム約定結果,（内訳）自エリアからの落札量[MW],10,210,707,0,143,194,373.511,194,361,2192.511
20260219B06,追加調達結果,募集量（TSO別）[MW],-,-,-,-,-,-,-,-,-,-
20260219B06,追加調達結果,応札量合計（電源属地別）[MW],0,0,0,0,0,0,0,0,0,0
20260219B06,追加調達結果,約定量合計（電源属地別）[MW],0,0,0,0,0,0,0,0,0,0
20260219B06,追加調達結果,応札件数（電源属地別）[件],0,0,0,0,0,0,0,0,0,0
20260219B06,追加調達結果,約定件数（電源属地別）[件],0,0,0,0,0,0,0,0,0,0
20260219B06,追加調達結果,最高約定価格（電源属地別）[円/kW・30分],0,0,0,0,0,0,0,0,0,0
20260219B06,追加調達結果,最低約定価格（電源属地別）[円/kW・30分],0,0,0,0,0,0,0,0,0,0
20260219B06,追加調達結果,平均約定価格（電源属地別）[円/kW・30分],0,0,0,0,0,0,0,0,0,0
20260219B06,追加調達結果,最高約定価格（TSO別）[円/kW・30分],0,0,0,0,0,0,0,0,0,0
20260219B06,追加調達結果,最低約定価格（TSO別）[円/kW・30分],0,0,0,0,0,0,0,0,0,0
20260219B06,追加調達結果,平均約定価格（TSO別）[円/kW・30分],0,0,0,0,0,0,0,0,0,0
20260219B06,追加調達結果,約定量合計（TSO別）[MW],0,0,0,0,0,0,0,0,0,0
20260219B06,追加調達結果,（内訳）自エリアからの約定量[MW],0,0,0,0,0,0,0,0,0,0
20260219B06,合計（確報値）,募集量（TSO別）[MW],0,171,707,0,171,476,278,194,288,2285
20260219B06,合計（確報値）,応札量合計（電源属地別）[MW],164,510,1149.632,60.599,179,838,659.722,207,519,4286.953
20260219B06,合計（確報値）,約定量合計（電源属地別）[MW],10,210,836.915,17.065,179,196.732,541.799,207,361,2559.511
20260219B06,合計（確報値）,応札件数（電源属地別）[件],3,2,9,2,2,5,14,3,7,47
20260219B06,合計（確報値）,約定件数（電源属地別）[件],1,2,9,1,2,4,13,3,5,40
20260219B06,合計（確報値）,最高約定価格（電源属地別）[円/kW・30分],7.75,3.89,3.94,4.09,3.39,2.59,9.57,7.41,3.02,9.57
20260219B06,合計（確報値）,最低約定価格（電源属地別）[円/kW・30分],7.75,1.5,0.36,4.09,3.38,1.69,0.36,0.36,1.3,0.36
20260219B06,合計（確報値）,平均約定価格（電源属地別）[円/kW・30分],7.75,2.3,1.93,4.09,3.39,2.11,1.06,1.01,1.67,1.82
20260219B06,合計（確報値）,最高約定価格（TSO別）[円/kW・30分],7.75,3.89,3.94,0,4.09,3.39,9.57,7.41,3.02,9.57
20260219B06,合計（確報値）,最低約定価格（TSO別）[円/kW・30分],7.75,0.36,0.36,0,1.87,0.36,0.36,0.36,1.3,0.36
20260219B06,合計（確報値）,平均約定価格（TSO別）[円/kW・30分],7.75,2.11,2.07,0,3.37,1.46,1.26,1.05,1.67,1.82
20260219B06,合計（確報値）,約定量合計（TSO別）[MW],10,267,707,0,171,476,373.511,194,361,2559.511
20260219B06,合計（確報値）,（内訳）自エリアからの約定量[MW],10,210,707,0,143,194,373.511,194,361,2192.511
20260219B07,システム約定結果,募集量（TSO別）[MW],0,148,446,0,115,410,271,111,260,1761
20260219B07,システム約定結果,応札量合計（電源属地別）[MW],161,440,1766.475,53.649,123,838,617.14,121,609.97,4730.234
20260219B07,システム約定結果,落札量合計（電源属地別）[MW],15,140,668.103,17.065,123,196.732,267.734,111,286,1824.634
20260219B07,システム約定結果,応札件数（電源属地別）[件],2,2,15,2,1,5,11,4,8,50
20260219B07,システム約定結果,落札件数（電源属地別）[件],1,2,9,1,1,4,11,4,6,39
20260219B07,システム約定結果,最高落札価格（電源属地別）[円/kW・30分],6.87,3.19,5.23,4.39,4.66,3.7,9.57,7.4,4.21,9.57
20260219B07,システム約定結果,最低落札価格（電源属地別）[円/kW・30分],6.87,1.59,0.35,4.39,4.66,2.8,1.32,0.36,1.49,0.35
20260219B07,システム約定結果,平均落札価格（電源属地別）[円/kW・30分],6.87,2.39,3.85,4.39,4.66,3.22,2.57,2.2,2.6,3.27
20260219B07,システム約定結果,最高落札価格（TSO別）[円/kW・30分],6.87,3.19,5.23,4.39,4.66,5.23,9.57,7.4,4.21,9.57
20260219B07,システム約定結果,最低落札価格（TSO別）[円/kW・30分],6.87,0.35,1.02,4.39,4.66,0.35,0.35,0.36,1.49,0.35
20260219B07,システム約定結果,平均落札価格（TSO別）[円/kW・30分],6.87,2.28,3.79,4.39,4.66,3.5,2.91,2.2,2.6,3.27
20260219B07,システム約定結果,落札量合計（TSO別）[MW],15,148,446,17.065,115,410,276.569,111,286,1824.634
20260219B07,システム約定結果,（内訳）自エリアからの落札量[MW],15,140,446,17.065,115,196.732,215.589,111,286,1542.386
20260219B07,追加調達結果,募集量（TSO別）[MW],-,-,-,-,-,-,-,-,-,-
20260219B07,追加調達結果,応札量合計（電源属地別）[MW],0,0,0,0,0,0,0,0,0,0
20260219B07,追加調達結果,約定量合計（電源属地別）[MW],0,0,0,0,0,0,0,0,0,0
20260219B07,追加調達結果,応札件数（電源属地別）[件],0,0,0,0,0,0,0,0,0,0
20260219B07,追加調達結果,約定件数（電源属地別）[件],0,0,0,0,0,0,0,0,0,0
20260219B07,追加調達結果,最高約定価格（電源属地別）[円/kW・30分],0,0,0,0,0,0,0,0,0,0
20260219B07,追加調達結果,最低約定価格（電源属地別）[円/kW・30分],0,0,0,0,0,0,0,0,0,0
20260219B07,追加調達結果,平均約定価格（電源属地別）[円/kW・30分],0,0,0,0,0,0,0,0,0,0
20260219B07,追加調達結果,最高約定価格（TSO別）[円/kW・30分],0,0,0,0,0,0,0,0,0,0
20260219B07,追加調達結果,最低約定価格（TSO別）[円/kW・30分],0,0,0,0,0,0,0,0,0,0
20260219B07,追加調達結果,平均約定価格（TSO別）[円/kW・30分],0,0,0,0,0,0,0,0,0,0
20260219B07,追加調達結果,約定量合計（TSO別）[MW],0,0,0,0,0,0,0,0,0,0
20260219B07,追加調達結果,（内訳）自エリアからの約定量[MW],0,0,0,0,0,0,0,0,0,0
20260219B07,合計（確報値）,募集量（TSO別）[MW],0,148,446,0,115,410,271,111,260,1761
20260219B07,合計（確報値）,応札量合計（電源属地別）[MW],161,440,1766.475,53.649,123,838,645.544,134,609.97,4771.638
20260219B07,合計（確報値）,約定量合計（電源属地別）[MW],15,140,668.103,17.065,123,196.732,267.734,110,286,1823.634
20260219B07,合計（確報値）,応札件数（電源属地別）[件],2,2,15,2,1,5,13,6,8,54
20260219B07,合計（確報値）,約定件数（電源属地別）[件],1,2,9,1,1,4,12,5,6,41
20260219B07,合計（確報値）,最高約定価格（電源属地別）[円/kW・30分],6.87,3.19,5.23,4.39,4.66,3.7,9.57,6.4,4.21,9.57
20260219B07,合計（確報値）,最低約定価格（電源属地別）[円/kW・30分],6.87,1.59,0.35,4.39,4.66,2.8,0.36,0.36,1.49,0.35
20260219B07,合計（確報値）,平均約定価格（電源属地別）[円/kW・30分],6.87,2.39,3.85,4.39,4.66,3.22,2.47,1.52,2.6,3.22
20260219B07,合計（確報値）,最高約定価格（TSO別）[円/kW・30分],6.87,3.19,5.23,4.39,4.66,5.23,9.57,6.4,4.21,9.57
20260219B07,合計（確報値）,最低約定価格（TSO別）[円/kW・30分],6.87,0.35,1.02,4.39,4.66,0.35,0.35,0.36,1.49,0.35
20260219B07,合計（確報値）,平均約定価格（TSO別）[円/kW・30分],6.87,2.28,3.79,4.39,4.66,3.5,2.81,1.52,2.6,3.22
20260219B07,合計（確報値）,約定量合計（TSO別）[MW],15,148,446,17.065,115,410,276.569,110,286,1823.634
20260219B07,合計（確報値）,（内訳）自エリアからの約定量[MW],15,140,446,17.065,115,196.732,215.589,110,286,1541.386
20260219B08,システム約定結果,募集量（TSO別）[MW],0,0,57,0,110,284,280,96,252,1079
20260219B08,システム約定結果,応札量合計（電源属地別）[MW],164,440,506.913,104.749,130,836,617.14,109,486,3393.802
20260219B08,システム約定結果,落札量合計（電源属地別）[MW],34,140,379.207,28.514,122,196.732,272.734,108,252,1533.187
20260219B08,システム約定結果,応札件数（電源属地別）[件],3,2,8,3,1,4,11,6,6,44
20260219B08,システム約定結果,落札件数（電源属地別）[件],2,2,7,2,1,4,11,6,5,40
20260219B08,システム約定結果,最高落札価格（電源属地別）[円/kW・30分],9.3,3.77,4.09,4.29,2.91,2.54,9.57,7.17,2.76,9.57
20260219B08,システム約定結果,最低落札価格（電源属地別）[円/kW・30分],8.68,2.04,0.35,4.02,2.91,1.64,0.48,0.36,1.11,0.35
20260219B08,システム約定結果,平均落札価格（電源属地別）[円/kW・30分],8.73,2.91,1.47,4.18,2.91,2.06,1.67,1.36,1.63,2.06
20260219B08,システム約定結果,最高落札価格（TSO別）[円/kW・30分],9.3,3.77,4.09,4.29,2.91,2.98,9.57,7.17,2.76,9.57
20260219B08,システム約定結果,最低落札価格（TSO別）[円/kW・30分],8.68,2.04,1.02,4.02,2.91,0.35,0.35,0.36,1.11,0.35
20260219B08,システム約定結果,平均落札価格（TSO別）[円/kW・30分],8.73,2.91,1.57,4.18,2.91,2.09,1.41,1.36,1.63,2.06
20260219B08,システム約定結果,落札量合計（TSO別）[MW],34,140,269.227,28.514,110,284,307.446,108,252,1533.187
20260219B08,システム約定結果,（内訳）自エリアからの落札量[MW],34,140,269.227,28.514,110,196.732,241.466,108,252,1379.939
20260219B08,追加調達結果,募集量（TSO別）[MW],-,-,-,-,-,-,-,-,-,-
20260219B08,追加調達結果,応札量合計（電源属地別）[MW],0,0,0,0,0,0,0,0,0,0
20260219B08,追加調達結果,約定量合計（電源属地別）[MW],0,0,0,0,0,0,0,0,0,0
20260219B08,追加調達結果,応札件数（電源属地別）[件],0,0,0,0,0,0,0,0,0,0
20260219B08,追加調達結果,約定件数（電源属地別）[件],0,0,0,0,0,0,0,0,0,0
20260219B08,追加調達結果,最高約定価格（電源属地別）[円/kW・30分],0,0,0,0,0,0,0,0,0,0
20260219B08,追加調達結果,最低約定価格（電源属地別）[円/kW・30分],0,0,0,0,0,0,0,0,0,0
20260219B08,追加調達結果,平均約定価格（電源属地別）[円/kW・30分],0,0,0,0,0,0,0,0,0,0
20260219B08,追加調達結果,最高約定価格（TSO別）[円/kW・30分],0,0,0,0,0,0,0,0,0,0
20260219B08,追加調達結果,最低約定価格（TSO別）[円/kW・30分],0,0,0,0,0,0,0,0,0,0
20260219B08,追加調達結果,平均約定価格（TSO別）[円/kW・30分],0,0,0,0,0,0,0,0,0,0
20260219B08,追加調達結果,約定量合計（TSO別）[MW],0,0,0,0,0,0,0,0,0,0
20260219B08,追加調達結果,（内訳）自エリアからの約定量[MW],0,0,0,0,0,0,0,0,0,0
20260219B08,合計（確報値）,募集量（TSO別）[MW],0,0,57,0,110,284,280,96,252,1079
20260219B08,合計（確報値）,応札量合計（電源属地別）[MW],164,510,506.913,104.749,130,836,648.12,109,486,3494.782
20260219B08,合計（確報値）,約定量合計（電源属地別）[MW],34,140,379.207,28.514,122,196.732,272.734,108,252,1533.187
20260219B08,合計（確報値）,応札件数（電源属地別）[件],3,4,8,3,1,4,13,6,6,48
20260219B08,合計（確報値）,約定件数（電源属地別）[件],2,3,7,2,1,4,12,6,5,42
20260219B08,合計（確報値）,最高約定価格（電源属地別）[円/kW・30分],9.3,3.77,4.09,4.29,2.91,2.54,9.57,7.17,2.76,9.57
20260219B08,合計（確報値）,最低約定価格（電源属地別）[円/kW・30分],8.68,1.7,0.35,4.02,2.91,1.64,0.36,0.36,1.11,0.35
20260219B08,合計（確報値）,平均約定価格（電源属地別）[円/kW・30分],8.73,2.74,1.47,4.18,2.91,2.06,1.65,1.36,1.63,2.04
20260219B08,合計（確報値）,最高約定価格（TSO別）[円/kW・30分],9.3,3.77,4.09,4.29,2.91,2.98,9.57,7.17,2.76,9.57
20260219B08,合計（確報値）,最低約定価格（TSO別）[円/kW・30分],8.68,1.7,1.02,4.02,2.91,0.35,0.35,0.36,1.11,0.35
20260219B08,合計（確報値）,平均約定価格（TSO別）[円/kW・30分],8.73,2.74,1.57,4.18,2.91,2.09,1.4,1.36,1.63,2.04
20260219B08,合計（確報値）,約定量合計（TSO別）[MW],34,140,269.227,28.514,110,284,307.446,108,252,1533.187
20260219B08,合計（確報値）,（内訳）自エリアからの約定量[MW],34,140,269.227,28.514,110,196.732,241.466,108,252,1379.939
20260220B01,システム約定結果,募集量（TSO別）[MW],0,0,0,0,112,0,55,85,282,534
20260220B01,システム約定結果,応札量合計（電源属地別）[MW],175.6,440,526.714,777.882,116,836,446.812,93,453,3865.008
20260220B01,システム約定結果,落札量合計（電源属地別）[MW],14.6,140,370.914,572.21,116,196.732,182.876,85,157,1835.332
20260220B01,システム約定結果,応札件数（電源属地別）[件],3,2,4,7,1,4,7,6,5,39
20260220B01,システム約定結果,落札件数（電源属地別）[件],1,2,3,4,1,4,7,6,4,32
20260220B01,システム約定結果,最高落札価格（電源属地別）[円/kW・30分],4.1,4.11,2.05,2.38,2.83,2.17,9.57,7.44,2.46,9.57
20260220B01,システム約定結果,最低落札価格（電源属地別）[円/kW・30分],4.1,2.31,1.02,1.85,2.83,1.27,0.36,0.36,0.96,0.36
20260220B01,システム約定結果,平均落札価格（電源属地別）[円/kW・30分],4.1,3.21,1.77,2.05,2.83,1.69,1.91,1.18,1.41,2
20260220B01,システム約定結果,最高落札価格（TSO別）[円/kW・30分],4.1,4.11,2.05,2.38,2.83,2.17,9.57,7.44,9.57,9.57
20260220B01,システム約定結果,最低落札価格（TSO別）[円/kW・30分],4.1,2.31,1.02,1.85,2.83,1.27,0.36,0.36,0.36,0.36
20260220B01,システム約定結果,平均落札価格（TSO別）[円/kW・30分],4.1,3.21,1.77,2.1,2.83,1.69,1.91,1.18,1.61,2
20260220B01,システム約定結果,落札量合計（TSO別）[MW],14.6,140,370.914,464.28,116,196.732,165.806,85,282,1835.332
20260220B01,システム約定結果,（内訳）自エリアからの落札量[MW],14.6,140,370.914,464.28,116,196.732,165.806,85,157,1710.332
20260220B01,追加調達結果,募集量（TSO別）[MW],-,-,-,-,-,-,-,-,-,-
20260220B01,追加調達結果,応札量合計（電源属地別）[MW],0,0,0,0,0,0,0,0,0,0
20260220B01,追加調達結果,約定量合計（電源属地別）[MW],0,0,0,0,0,0,0,0,0,0
20260220B01,追加調達結果,応札件数（電源属地別）[件],0,0,0,0,0,0,0,0,0,0
20260220B01,追加調達結果,約定件数（電源属地別）[件],0,0,0,0,0,0,0,0,0,0
20260220B01,追加調達結果,最高約定価格（電源属地別）[円/kW・30分],0,0,0,0,0,0,0,0,0,0
20260220B01,追加調達結果,最低約定価格（電源属地別）[円/kW・30分],0,0,0,0,0,0,0,0,0,0
20260220B01,追加調達結果,平均約定価格（電源属地別）[円/kW・30分],0,0,0,0,0,0,0,0,0,0
20260220B01,追加調達結果,最高約定価格（TSO別）[円/kW・30分],0,0,0,0,0,0,0,0,0,0
20260220B01,追加調達結果,最低約定価格（TSO別）[円/kW・30分],0,0,0,0,0,0,0,0,0,0
20260220B01,追加調達結果,平均約定価格（TSO別）[円/kW・30分],0,0,0,0,0,0,0,0,0,0
20260220B01,追加調達結果,約定量合計（TSO別）[MW],0,0,0,0,0,0,0,0,0,0
20260220B01,追加調達結果,（内訳）自エリアからの約定量[MW],0,0,0,0,0,0,0,0,0,0
20260220B01,合計（確報値）,募集量（TSO別）[MW],0,0,0,0,112,0,55,85,282,534
20260220B01,合計（確報値）,応札量合計（電源属地別）[MW],175.6,440,526.714,1152.224,116,836,446.812,93,453,4239.35
20260220B01,合計（確報値）,約定量合計（電源属地別）[MW],14.6,140,370.914,572.21,116,196.732,182.876,85,157,1835.332
20260220B01,合計（確報値）,応札件数（電源属地別）[件],3,2,4,16,1,4,7,6,5,48
20260220B01,合計（確報値）,約定件数（電源属地別）[件],1,2,3,11,1,4,7,6,4,39
20260220B01,合計（確報値）,最高約定価格（電源属地別）[円/kW・30分],4.1,4.11,2.05,2.38,2.83,2.17,9.57,7.44,2.46,9.57
20260220B01,合計（確報値）,最低約定価格（電源属地別）[円/kW・30分],4.1,2.31,1.02,0.36,2.83,1.27,0.36,0.36,0.96,0.36
20260220B01,合計（確報値）,平均約定価格（電源属地別）[円/kW・30分],4.1,3.21,1.77,1.03,2.83,1.69,1.91,1.18,1.41,1.68
20260220B01,合計（確報値）,最高約定価格（TSO別）[円/kW・30分],4.1,4.11,2.05,2.38,2.83,2.17,9.57,7.44,9.57,9.57
20260220B01,合計（確報値）,最低約定価格（TSO別）[円/kW・30分],4.1,2.31,1.02,0.36,2.83,1.27,0.36,0.36,0.36,0.36
20260220B01,合計（確報値）,平均約定価格（TSO別）[円/kW・30分],4.1,3.21,1.77,1.19,2.83,1.69,1.91,1.18,1.04,1.68
20260220B01,合計（確報値）,約定量合計（TSO別）[MW],14.6,140,370.914,464.28,116,196.732,165.806,85,282,1835.332
20260220B01,合計（確報値）,（内訳）自エリアからの約定量[MW],14.6,140,370.914,464.28,116,196.732,165.806,85,157,1710.332
20260220B02,システム約定結果,募集量（TSO別）[MW],0,50,0,0,93,23,193,87,244,690
20260220B02,システム約定結果,応札量合計（電源属地別）[MW],164.75,440,542.004,538.882,102,836,446.812,93,519,3682.448
20260220B02,システム約定結果,落札量合計（電源属地別）[MW],19.11,140,400.304,373.342,102,184.713,225.101,87,180,1711.57
20260220B02,システム約定結果,応札件数（電源属地別）[件],3,2,5,5,1,4,7,4,7,38
20260220B02,システム約定結果,落札件数（電源属地別）[件],2,2,3,2,1,4,7,4,6,31
20260220B02,システム約定結果,最高落札価格（電源属地別）[円/kW・30分],9.29,4.13,4.8,2.37,2.59,2.06,9.57,6.96,2.73,9.57
20260220B02,システム約定結果,最低落札価格（電源属地別）[円/kW・30分],5,2.32,1.87,1.9,2.59,1.16,0.36,0.36,0.76,0.36
20260220B02,システム約定結果,平均落札価格（電源属地別）[円/kW・30分],8.45,3.23,2.02,2.03,2.59,1.6,1.75,1.69,1.78,2.1
20260220B02,システム約定結果,最高落札価格（TSO別）[円/kW・30分],9.29,4.13,4.8,2.37,2.59,2.06,9.57,6.96,2.73,9.57
20260220B02,システム約定結果,最低落札価格（TSO別）[円/kW・30分],5,2.32,1.87,1.9,2.59,1.16,0.36,0.36,0.76,0.36
20260220B02,システム約定結果,平均落札価格（TSO別）[円/kW・30分],8.45,3.23,2.02,2.04,2.59,1.6,1.69,1.69,1.85,2.1
20260220B02,システム約定結果,落札量合計（TSO別）[MW],19.11,140,400.304,335.362,102,184.713,199.081,87,244,1711.57
20260220B02,システム約定結果,（内訳）自エリアからの落札量[MW],19.11,140,400.304,335.362,102,184.713,198.101,87,180,1646.59
20260220B02,追加調達結果,募集量（TSO別）[MW],-,-,-,-,-,-,-,-,-,-
20260220B02,追加調達結果,応札量合計（電源属地別）[MW],0,0,0,0,0,0,0,0,0,0
20260220B02,追加調達結果,約定量合計（電源属地別）[MW],0,0,0,0,0,0,0,0,0,0
20260220B02,追加調達結果,応札件数（電源属地別）[件],0,0,0,0,0,0,0,0,0,0
20260220B02,追加調達結果,約定件数（電源属地別）[件],0,0,0,0,0,0,0,0,0,0
20260220B02,追加調達結果,最高約定価格（電源属地別）[円/kW・30分],0,0,0,0,0,0,0,0,0,0
20260220B02,追加調達結果,最低約定価格（電源属地別）[円/kW・30分],0,0,0,0,0,0,0,0,0,0
20260220B02,追加調達結果,平均約定価格（電源属地別）[円/kW・30分],0,0,0,0,0,0,0,0,0,0
20260220B02,追加調達結果,最高約定価格（TSO別）[円/kW・30分],0,0,0,0,0,0,0,0,0,0
20260220B02,追加調達結果,最低約定価格（TSO別）[円/kW・30分],0,0,0,0,0,0,0,0,0,0
20260220B02,追加調達結果,平均約定価格（TSO別）[円/kW・30分],0,0,0,0,0,0,0,0,0,0
20260220B02,追加調達結果,約定量合計（TSO別）[MW],0,0,0,0,0,0,0,0,0,0
20260220B02,追加調達結果,（内訳）自エリアからの約定量[MW],0,0,0,0,0,0,0,0,0,0
20260220B02,合計（確報値）,募集量（TSO別）[MW],0,50,0,0,93,23,193,87,244,690
20260220B02,合計（確報値）,応札量合計（電源属地別）[MW],164.75,510,542.004,812.289,102,836,446.812,93,519,4025.855
20260220B02,合計（確報値）,約定量合計（電源属地別）[MW],19.11,140,400.304,373.342,102,184.713,225.101,87,180,1711.57
20260220B02,合計（確報値）,応札件数（電源属地別）[件],3,5,5,13,1,4,7,4,7,49
20260220B02,合計（確報値）,約定件数（電源属地別）[件],2,4,3,9,1,4,7,4,6,40
20260220B02,合計（確報値）,最高約定価格（電源属地別）[円/kW・30分],9.29,4.13,4.8,2.37,2.59,2.06,9.57,6.96,2.73,9.57
20260220B02,合計（確報値）,最低約定価格（電源属地別）[円/kW・30分],5,2.02,1.87,0.36,2.59,1.16,0.36,0.36,0.76,0.36
20260220B02,合計（確報値）,平均約定価格（電源属地別）[円/kW・30分],8.45,3.08,2.02,0.9,2.59,1.6,1.75,1.69,1.78,1.85
20260220B02,合計（確報値）,最高約定価格（TSO別）[円/kW・30分],9.29,4.13,4.8,2.37,2.59,2.06,9.57,6.96,2.73,9.57
20260220B02,合計（確報値）,最低約定価格（TSO別）[円/kW・30分],5,2.02,1.87,0.36,2.59,1.16,0.36,0.36,0.36,0.36
20260220B02,合計（確報値）,平均約定価格（TSO別）[円/kW・30分],8.45,3.08,2.02,0.96,2.59,1.6,1.69,1.69,1.61,1.85
20260220B02,合計（確報値）,約定量合計（TSO別）[MW],19.11,140,400.304,335.362,102,184.713,199.081,87,244,1711.57
20260220B02,合計（確報値）,（内訳）自エリアからの約定量[MW],19.11,140,400.304,335.362,102,184.713,198.101,87,180,1646.59
20260220B03,システム約定結果,募集量（TSO別）[MW],0,380,356,0,140,383,329,134,261,1983
20260220B03,システム約定結果,応札量合計（電源属地別）[MW],166.74,700,764.594,405.031,170.4,836,617.14,154,442.93,4256.835
20260220B03,システム約定結果,落札量合計（電源属地別）[MW],46.74,317.3,522.7,324.647,169,196.732,482.659,154,210,2423.778
20260220B03,システム約定結果,応札件数（電源属地別）[件],4,3,10,2,3,4,11,3,8,48
20260220B03,システム約定結果,落札件数（電源属地別）[件],4,3,6,2,2,4,11,3,5,40
20260220B03,システム約定結果,最高落札価格（電源属地別）[円/kW・30分],14.35,3.21,6.58,5.35,4.71,3.75,9.57,6.71,4.53,14.35
20260220B03,システム約定結果,最低落札価格（電源属地別）[円/kW・30分],6.76,1.38,0.36,2.57,4.71,2.85,0.62,0.36,2.56,0.36
20260220B03,システム約定結果,平均落札価格（電源属地別）[円/kW・30分],8.74,1.83,1.73,2.72,4.71,3.27,1.34,1.04,3.26,2.35
20260220B03,システム約定結果,最高落札価格（TSO別）[円/kW・30分],14.35,3.21,6.58,5.35,4.71,4.71,9.57,6.71,4.53,14.35
20260220B03,システム約定結果,最低落札価格（TSO別）[円/kW・30分],6.76,0.36,0.36,2.57,4.71,0.62,0.36,0.36,0.62,0.36
20260220B03,システム約定結果,平均落札価格（TSO別）[円/kW・30分],8.74,1.39,2.29,2.97,4.71,2.74,1.45,1.14,2.84,2.35
20260220B03,システム約定結果,落札量合計（TSO別）[MW],46.74,484,356,119.592,140,413.732,403.714,134,326,2423.778
20260220B03,システム約定結果,（内訳）自エリアからの落札量[MW],46.74,317.3,356,119.592,140,196.732,383.714,134,210,1904.078
20260220B03,追加調達結果,募集量（TSO別）[MW],-,-,-,-,-,-,-,-,-,-
20260220B03,追加調達結果,応札量合計（電源属地別）[MW],0,0,0,0,0,0,0,0,0,0
20260220B03,追加調達結果,約定量合計（電源属地別）[MW],0,0,0,0,0,0,0,0,0,0
20260220B03,追加調達結果,応札件数（電源属地別）[件],0,0,0,0,0,0,0,0,0,0
20260220B03,追加調達結果,約定件数（電源属地別）[件],0,0,0,0,0,0,0,0,0,0
20260220B03,追加調達結果,最高約定価格（電源属地別）[円/kW・30分],0,0,0,0,0,0,0,0,0,0
20260220B03,追加調達結果,最低約定価格（電源属地別）[円/kW・30分],0,0,0,0,0,0,0,0,0,0
20260220B03,追加調達結果,平均約定価格（電源属地別）[円/kW・30分],0,0,0,0,0,0,0,0,0,0
20260220B03,追加調達結果,最高約定価格（TSO別）[円/kW・30分],0,0,0,0,0,0,0,0,0,0
20260220B03,追加調達結果,最低約定価格（TSO別）[円/kW・30分],0,0,0,0,0,0,0,0,0,0
20260220B03,追加調達結果,平均約定価格（TSO別）[円/kW・30分],0,0,0,0,0,0,0,0,0,0
20260220B03,追加調達結果,約定量合計（TSO別）[MW],0,0,0,0,0,0,0,0,0,0
20260220B03,追加調達結果,（内訳）自エリアからの約定量[MW],0,0,0,0,0,0,0,0,0,0
20260220B03,合計（確報値）,募集量（TSO別）[MW],0,380,356,0,140,383,329,134,261,1983
20260220B03,合計（確報値）,応札量合計（電源属地別）[MW],166.74,770,764.594,712.613,170.4,836,659.722,154,442.93,4676.999
20260220B03,合計（確報値）,約定量合計（電源属地別）[MW],46.74,317.3,522.7,324.647,169,196.732,482.659,154,210,2423.778
20260220B03,合計（確報値）,応札件数（電源属地別）[件],4,5,10,11,3,4,15,3,8,63
20260220B03,合計（確報値）,約定件数（電源属地別）[件],4,4,6,10,2,4,14,3,5,52
20260220B03,合計（確報値）,最高約定価格（電源属地別）[円/kW・30分],14.35,3.21,6.58,5.35,4.71,3.75,9.57,6.71,4.53,14.35
20260220B03,合計（確報値）,最低約定価格（電源属地別）[円/kW・30分],6.76,1.2,0.36,0.36,4.71,2.85,0.36,0.36,2.56,0.36
20260220B03,合計（確報値）,平均約定価格（電源属地別）[円/kW・30分],8.74,1.74,1.73,0.62,4.71,3.27,1.31,1.04,3.26,2.06
20260220B03,合計（確報値）,最高約定価格（TSO別）[円/kW・30分],14.35,3.21,6.58,5.35,4.71,4.71,9.57,6.71,4.53,14.35
20260220B03,合計（確報値）,最低約定価格（TSO別）[円/kW・30分],6.76,0.36,0.36,0.36,4.71,0.36,0.36,0.36,0.36,0.36
20260220B03,合計（確報値）,平均約定価格（TSO別）[円/kW・30分],8.74,1.33,2.29,1.07,4.71,2.09,1.43,1.14,2.26,2.06
20260220B03,合計（確報値）,約定量合計（TSO別）[MW],46.74,484,356,119.592,140,413.732,403.714,134,326,2423.778
20260220B03,合計（確報値）,（内訳）自エリアからの約定量[MW],46.74,317.3,356,119.592,140,196.732,383.714,134,210,1904.078
20260220B04,システム約定結果,募集量（TSO別）[MW],0,132,718,0,258,559,470,265,361,2763
20260220B04,システム約定結果,応札量合計（電源属地別）[MW],175.3,450,1491.272,10.5,266,838,332.171,265,821,4649.243
20260220B04,システム約定結果,落札量合計（電源属地別）[MW],26,176,718,0,266,736,301.728,265,402.272,2891
20260220B04,システム約定結果,応札件数（電源属地別）[件],4,2,10,1,2,5,5,3,6,38
20260220B04,システム約定結果,落札件数（電源属地別）[件],2,2,4,0,2,4,5,3,4,26
20260220B04,システム約定結果,最高落札価格（電源属地別）[円/kW・30分],10.08,2.82,1.02,0,2.81,1.63,9.57,8.36,1.84,10.08
20260220B04,システム約定結果,最低落札価格（電源属地別）[円/kW・30分],9.9,1.92,0.35,0,2.8,0.73,0.36,0.36,0.85,0.35
20260220B04,システム約定結果,平均落札価格（電源属地別）[円/kW・30分],10.06,2.1,0.53,0,2.81,1.07,1.12,1.22,1.11,1.26
20260220B04,システム約定結果,最高落札価格（TSO別）[円/kW・30分],10.08,2.82,1.02,0,2.81,2.8,9.57,8.36,1.84,10.08
20260220B04,システム約定結果,最低落札価格（TSO別）[円/kW・30分],9.9,1.92,0.35,0,0.97,0.73,0.36,0.36,0.85,0.35
20260220B04,システム約定結果,平均落札価格（TSO別）[円/kW・30分],10.06,2.1,0.53,0,2.64,1.08,1.2,1.22,1.13,1.26
20260220B04,システム約定結果,落札量合計（TSO別）[MW],26,176,718,0,258,559,470,265,419,2891
20260220B04,システム約定結果,（内訳）自エリアからの落札量[MW],26,176,718,0,234.187,527.187,278.647,265,402.272,2627.293
20260220B04,追加調達結果,募集量（TSO別）[MW],-,-,-,-,-,-,-,-,-,-
20260220B04,追加調達結果,応札量合計（電源属地別）[MW],0,0,0,0,0,0,0,0,0,0
20260220B04,追加調達結果,約定量合計（電源属地別）[MW],0,0,0,0,0,0,0,0,0,0
20260220B04,追加調達結果,応札件数（電源属地別）[件],0,0,0,0,0,0,0,0,0,0
20260220B04,追加調達結果,約定件数（電源属地別）[件],0,0,0,0,0,0,0,0,0,0
20260220B04,追加調達結果,最高約定価格（電源属地別）[円/kW・30分],0,0,0,0,0,0,0,0,0,0
20260220B04,追加調達結果,最低約定価格（電源属地別）[円/kW・30分],0,0,0,0,0,0,0,0,0,0
20260220B04,追加調達結果,平均約定価格（電源属地別）[円/kW・30分],0,0,0,0,0,0,0,0,0,0
20260220B04,追加調達結果,最高約定価格（TSO別）[円/kW・30分],0,0,0,0,0,0,0,0,0,0
20260220B04,追加調達結果,最低約定価格（TSO別）[円/kW・30分],0,0,0,0,0,0,0,0,0,0
20260220B04,追加調達結果,平均約定価格（TSO別）[円/kW・30分],0,0,0,0,0,0,0,0,0,0
20260220B04,追加調達結果,約定量合計（TSO別）[MW],0,0,0,0,0,0,0,0,0,0
20260220B04,追加調達結果,（内訳）自エリアからの約定量[MW],0,0,0,0,0,0,0,0,0,0
20260220B04,合計（確報値）,募集量（TSO別）[MW],0,132,718,0,258,559,470,265,361,2763
20260220B04,合計（確報値）,応札量合計（電源属地別）[MW],175.3,450,1491.272,10.5,413,838,332.171,265,904.272,4879.515
20260220B04,合計（確報値）,約定量合計（電源属地別）[MW],26,176,718,0,266,736,301.728,265,402.272,2891
20260220B04,合計（確報値）,応札件数（電源属地別）[件],4,2,10,1,6,5,5,3,7,43
20260220B04,合計（確報値）,約定件数（電源属地別）[件],2,2,4,0,5,4,5,3,4,29
20260220B04,合計（確報値）,最高約定価格（電源属地別）[円/kW・30分],10.08,2.82,1.02,0,2.8,1.63,9.57,8.36,1.75,10.08
20260220B04,合計（確報値）,最低約定価格（電源属地別）[円/kW・30分],9.9,1.92,0.35,0,0.35,0.73,0.36,0.36,0.85,0.35
20260220B04,合計（確報値）,平均約定価格（電源属地別）[円/kW・30分],10.06,2.1,0.53,0,1.51,1.07,1.12,1.22,1.09,1.14
20260220B04,合計（確報値）,最高約定価格（TSO別）[円/kW・30分],10.08,2.82,1.02,0,2.8,2.8,9.57,8.36,1.75,10.08
20260220B04,合計（確報値）,最低約定価格（TSO別）[円/kW・30分],9.9,1.92,0.35,0,0.35,0.73,0.36,0.36,0.85,0.35
20260220B04,合計（確報値）,平均約定価格（TSO別）[円/kW・30分],10.06,2.1,0.53,0,1.31,1.08,1.2,1.22,1.11,1.14
20260220B04,合計（確報値）,約定量合計（TSO別）[MW],26,176,718,0,258,559,470,265,419,2891
20260220B04,合計（確報値）,（内訳）自エリアからの約定量[MW],26,176,718,0,234.187,527.187,278.647,265,402.272,2627.293
20260220B05,システム約定結果,募集量（TSO別）[MW],72,0,40,0,221,412,227,225,318,1515
20260220B05,システム約定結果,応札量合計（電源属地別）[MW],164.99,261.5,282.396,1.5,228,836,332.171,225,822.05,3153.607
20260220B05,システム約定結果,落札量合計（電源属地別）[MW],27.28,140,260.199,0,228,215.754,245.546,225,319,1660.779
20260220B05,システム約定結果,応札件数（電源属地別）[件],4,2,4,1,2,4,5,3,7,32
20260220B05,システム約定結果,落札件数（電源属地別）[件],3,1,4,0,2,4,5,3,3,25
20260220B05,システム約定結果,最高落札価格（電源属地別）[円/kW・30分],10.67,1.94,1.3,0,1.5,0.87,9.57,8.51,0.36,10.67
20260220B05,システム約定結果,最低落札価格（電源属地別）[円/kW・30分],9.9,1.94,0.35,0,1.49,0.36,0.36,0.36,0.36,0.35
20260220B05,システム約定結果,平均落札価格（電源属地別）[円/kW・30分],10.57,1.94,0.42,0,1.5,0.54,0.89,1.45,0.36,1.08
20260220B05,システム約定結果,最高落札価格（TSO別）[円/kW・30分],10.67,1.94,1.3,0,1.5,0.87,9.57,8.51,0.36,10.67
20260220B05,システム約定結果,最低落札価格（TSO別）[円/kW・30分],1.94,1.94,0.35,0,0.36,0.35,0.35,0.36,0.35,0.35
20260220B05,システム約定結果,平均落札価格（TSO別）[円/kW・30分],5.21,1.94,0.65,0,1.43,0.45,1.04,1.45,0.36,1.08
20260220B05,システム約定結果,落札量合計（TSO別）[MW],72,95.28,58.499,0,221,412,227,225,350,1660.779
20260220B05,システム約定結果,（内訳）自エリアからの落札量[MW],27.28,95.28,58.499,0,207.187,215.754,201.465,225,319,1349.465
20260220B05,追加調達結果,募集量（TSO別）[MW],-,-,-,-,-,-,-,-,-,-
20260220B05,追加調達結果,応札量合計（電源属地別）[MW],0,0,0,0,0,0,0,0,0,0
20260220B05,追加調達結果,約定量合計（電源属地別）[MW],0,0,0,0,0,0,0,0,0,0
20260220B05,追加調達結果,応札件数（電源属地別）[件],0,0,0,0,0,0,0,0,0,0
20260220B05,追加調達結果,約定件数（電源属地別）[件],0,0,0,0,0,0,0,0,0,0
20260220B05,追加調達結果,最高約定価格（電源属地別）[円/kW・30分],0,0,0,0,0,0,0,0,0,0
20260220B05,追加調達結果,最低約定価格（電源属地別）[円/kW・30分],0,0,0,0,0,0,0,0,0,0
20260220B05,追加調達結果,平均約定価格（電源属地別）[円/kW・30分],0,0,0,0,0,0,0,0,0,0
20260220B05,追加調達結果,最高約定価格（TSO別）[円/kW・30分],0,0,0,0,0,0,0,0,0,0
20260220B05,追加調達結果,最低約定価格（TSO別）[円/kW・30分],0,0,0,0,0,0,0,0,0,0
20260220B05,追加調達結果,平均約定価格（TSO別）[円/kW・30分],0,0,0,0,0,0,0,0,0,0
20260220B05,追加調達結果,約定量合計（TSO別）[MW],0,0,0,0,0,0,0,0,0,0
20260220B05,追加調達結果,（内訳）自エリアからの約定量[MW],0,0,0,0,0,0,0,0,0,0
20260220B05,合計（確報値）,募集量（TSO別）[MW],72,0,40,0,221,412,227,225,318,1515
20260220B05,合計（確報値）,応札量合計（電源属地別）[MW],164.99,261.5,282.396,1.5,228,836,332.171,225,822.05,3153.607
20260220B05,合計（確報値）,約定量合計（電源属地別）[MW],27.28,140,260.199,0,228,215.754,245.546,225,319,1660.779
20260220B05,合計（確報値）,応札件数（電源属地別）[件],4,2,4,1,2,4,5,3,7,32
20260220B05,合計（確報値）,約定件数（電源属地別）[件],3,1,4,0,2,4,5,3,3,25
20260220B05,合計（確報値）,最高約定価格（電源属地別）[円/kW・30分],10.67,1.94,1.3,0,1.5,0.87,9.57,8.51,0.36,10.67
20260220B05,合計（確報値）,最低約定価格（電源属地別）[円/kW・30分],9.9,1.94,0.35,0,1.49,0.36,0.36,0.36,0.36,0.35
20260220B05,合計（確報値）,平均約定価格（電源属地別）[円/kW・30分],10.57,1.94,0.42,0,1.5,0.54,0.89,1.45,0.36,1.08
20260220B05,合計（確報値）,最高約定価格（TSO別）[円/kW・30分],10.67,1.94,1.3,0,1.5,0.87,9.57,8.51,0.36,10.67
20260220B05,合計（確報値）,最低約定価格（TSO別）[円/kW・30分],1.94,1.94,0.35,0,0.36,0.35,0.35,0.36,0.35,0.35
20260220B05,合計（確報値）,平均約定価格（TSO別）[円/kW・30分],5.21,1.94,0.65,0,1.43,0.45,1.04,1.45,0.36,1.08
20260220B05,合計（確報値）,約定量合計（TSO別）[MW],72,95.28,58.499,0,221,412,227,225,350,1660.779
20260220B05,合計（確報値）,（内訳）自エリアからの約定量[MW],27.28,95.28,58.499,0,207.187,215.754,201.465,225,319,1349.465
20260220B06,システム約定結果,募集量（TSO別）[MW],0,171,707,0,171,476,278,194,288,2285
20260220B06,システム約定結果,応札量合計（電源属地別）[MW],164,510,1183.252,7.65,179,838,617.14,207,519,4225.042
20260220B06,システム約定結果,落札量合計（電源属地別）[MW],13,210,824.852,0,179,196.732,553.862,207,361,2545.446
20260220B06,システム約定結果,応札件数（電源属地別）[件],3,2,10,1,2,5,11,3,7,44
20260220B06,システム約定結果,落札件数（電源属地別）[件],2,2,8,0,2,4,11,3,5,37
20260220B06,システム約定結果,最高落札価格（電源属地別）[円/kW・30分],7.75,4.02,4.26,0,3.39,2.59,9.57,7.31,3.02,9.57
20260220B06,システム約定結果,最低落札価格（電源属地別）[円/kW・30分],7.3,1.54,0.36,0,3.38,1.69,0.42,0.36,1.3,0.36
20260220B06,システム約定結果,平均落札価格（電源属地別）[円/kW・30分],7.65,2.37,1.75,0,3.39,2.11,0.96,0.97,1.67,1.73
20260220B06,システム約定結果,最高落札価格（TSO別）[円/kW・30分],7.75,4.02,4.26,0,3.39,3.39,9.57,7.31,3.02,9.57
20260220B06,システム約定結果,最低落札価格（TSO別）[円/kW・30分],7.3,0.36,0.36,0,1.61,0.36,0.42,0.36,1.3,0.36
20260220B06,システム約定結果,平均落札価格（TSO別）[円/kW・30分],7.65,1.94,1.92,0,3.11,1.45,1.13,1.01,1.67,1.73
20260220B06,システム約定結果,落札量合計（TSO別）[MW],13,267,707,0,171,476,356.446,194,361,2545.446
20260220B06,システム約定結果,（内訳）自エリアからの落札量[MW],13,210,707,0,143,194,356.446,194,361,2178.446
20260220B06,追加調達結果,募集量（TSO別）[MW],-,-,-,-,-,-,-,-,-,-
20260220B06,追加調達結果,応札量合計（電源属地別）[MW],0,0,0,0,0,0,0,0,0,0
20260220B06,追加調達結果,約定量合計（電源属地別）[MW],0,0,0,0,0,0,0,0,0,0
20260220B06,追加調達結果,応札件数（電源属地別）[件],0,0,0,0,0,0,0,0,0,0
20260220B06,追加調達結果,約定件数（電源属地別）[件],0,0,0,0,0,0,0,0,0,0
20260220B06,追加調達結果,最高約定価格（電源属地別）[円/kW・30分],0,0,0,0,0,0,0,0,0,0
20260220B06,追加調達結果,最低約定価格（電源属地別）[円/kW・30分],0,0,0,0,0,0,0,0,0,0
20260220B06,追加調達結果,平均約定価格（電源属地別）[円/kW・30分],0,0,0,0,0,0,0,0,0,0
20260220B06,追加調達結果,最高約定価格（TSO別）[円/kW・30分],0,0,0,0,0,0,0,0,0,0
20260220B06,追加調達結果,最低約定価格（TSO別）[円/kW・30分],0,0,0,0,0,0,0,0,0,0
20260220B06,追加調達結果,平均約定価格（TSO別）[円/kW・30分],0,0,0,0,0,0,0,0,0,0
20260220B06,追加調達結果,約定量合計（TSO別）[MW],0,0,0,0,0,0,0,0,0,0
20260220B06,追加調達結果,（内訳）自エリアからの約定量[MW],0,0,0,0,0,0,0,0,0,0
20260220B06,合計（確報値）,募集量（TSO別）[MW],0,171,707,0,171,476,278,194,288,2285
20260220B06,合計（確報値）,応札量合計（電源属地別）[MW],164,510,1183.252,7.65,179,838,659.722,207,519,4267.624
20260220B06,合計（確報値）,約定量合計（電源属地別）[MW],13,210,824.852,0,179,196.732,553.862,207,361,2545.446
20260220B06,合計（確報値）,応札件数（電源属地別）[件],3,2,10,1,2,5,15,3,7,48
20260220B06,合計（確報値）,約定件数（電源属地別）[件],2,2,8,0,2,4,14,3,5,40
20260220B06,合計（確報値）,最高約定価格（電源属地別）[円/kW・30分],7.75,4.02,4.26,0,3.39,2.59,9.57,7.31,3.02,9.57
20260220B06,合計（確報値）,最低約定価格（電源属地別）[円/kW・30分],7.3,1.54,0.36,0,3.38,1.69,0.36,0.36,1.3,0.36
20260220B06,合計（確報値）,平均約定価格（電源属地別）[円/kW・30分],7.65,2.37,1.75,0,3.39,2.11,0.96,0.97,1.67,1.73
20260220B06,合計（確報値）,最高約定価格（TSO別）[円/kW・30分],7.75,4.02,4.26,0,3.39,3.39,9.57,7.31,3.02,9.57
20260220B06,合計（確報値）,最低約定価格（TSO別）[円/kW・30分],7.3,0.36,0.36,0,1.61,0.36,0.36,0.36,1.3,0.36
20260220B06,合計（確報値）,平均約定価格（TSO別）[円/kW・30分],7.65,1.94,1.92,0,3.11,1.44,1.12,1.01,1.67,1.73
20260220B06,合計（確報値）,約定量合計（TSO別）[MW],13,267,707,0,171,476,356.446,194,361,2545.446
20260220B06,合計（確報値）,（内訳）自エリアからの約定量[MW],13,210,707,0,143,194,356.446,194,361,2178.446
20260220B07,システム約定結果,募集量（TSO別）[MW],0,148,446,0,115,410,271,111,260,1761
20260220B07,システム約定結果,応札量合計（電源属地別）[MW],161,440,1648.68,248.999,123,838,761.89,121,609.97,4952.539
20260220B07,システム約定結果,落札量合計（電源属地別）[MW],15,140,691.893,204.13,123,196.732,356.958,111,286,2124.713
20260220B07,システム約定結果,応札件数（電源属地別）[件],2,2,13,4,1,5,12,4,8,51
20260220B07,システム約定結果,落札件数（電源属地別）[件],1,2,6,3,1,4,12,4,7,40
20260220B07,システム約定結果,最高落札価格（電源属地別）[円/kW・30分],6.87,3.29,4.21,5.03,4.66,3.7,9.57,7.33,4.21,9.57
20260220B07,システム約定結果,最低落札価格（電源属地別）[円/kW・30分],6.87,1.67,1.02,4.58,4.66,2.8,1.09,0.36,1.49,0.36
20260220B07,システム約定結果,平均落札価格（電源属地別）[円/kW・30分],6.87,2.48,3.47,4.62,4.66,3.22,2.6,2.2,2.53,3.25
20260220B07,システム約定結果,最高落札価格（TSO別）[円/kW・30分],6.87,4.21,4.21,5.03,4.66,4.58,9.57,7.33,4.21,9.57
20260220B07,システム約定結果,最低落札価格（TSO別）[円/kW・30分],6.87,1.67,1.02,4.58,1.2,2.8,1.09,0.36,1.49,0.36
20260220B07,システム約定結果,平均落札価格（TSO別）[円/kW・30分],6.87,2.57,3.31,4.64,4.25,3.65,2.82,2.2,2.53,3.25
20260220B07,システム約定結果,落札量合計（TSO別）[MW],15,148,567.191,136.522,115,410,336,111,286,2124.713
20260220B07,システム約定結果,（内訳）自エリアからの落札量[MW],15,140,567.191,136.522,86.34,196.732,275.03,111,286,1813.815
20260220B07,追加調達結果,募集量（TSO別）[MW],-,-,-,-,-,-,-,-,-,-
20260220B07,追加調達結果,応札量合計（電源属地別）[MW],0,0,0,0,0,0,0,0,0,0
20260220B07,追加調達結果,約定量合計（電源属地別）[MW],0,0,0,0,0,0,0,0,0,0
20260220B07,追加調達結果,応札件数（電源属地別）[件],0,0,0,0,0,0,0,0,0,0
20260220B07,追加調達結果,約定件数（電源属地別）[件],0,0,0,0,0,0,0,0,0,0
20260220B07,追加調達結果,最高約定価格（電源属地別）[円/kW・30分],0,0,0,0,0,0,0,0,0,0
20260220B07,追加調達結果,最低約定価格（電源属地別）[円/kW・30分],0,0,0,0,0,0,0,0,0,0
20260220B07,追加調達結果,平均約定価格（電源属地別）[円/kW・30分],0,0,0,0,0,0,0,0,0,0
20260220B07,追加調達結果,最高約定価格（TSO別）[円/kW・30分],0,0,0,0,0,0,0,0,0,0
20260220B07,追加調達結果,最低約定価格（TSO別）[円/kW・30分],0,0,0,0,0,0,0,0,0,0
20260220B07,追加調達結果,平均約定価格（TSO別）[円/kW・30分],0,0,0,0,0,0,0,0,0,0
20260220B07,追加調達結果,約定量合計（TSO別）[MW],0,0,0,0,0,0,0,0,0,0
20260220B07,追加調達結果,（内訳）自エリアからの約定量[MW],0,0,0,0,0,0,0,0,0,0
20260220B07,合計（確報値）,募集量（TSO別）[MW],0,148,446,0,115,410,271,111,260,1761
20260220B07,合計（確報値）,応札量合計（電源属地別）[MW],161,440,1648.68,418.999,123,838,811.887,134,643.97,5219.536
20260220B07,合計（確報値）,約定量合計（電源属地別）[MW],15,140,691.893,204.13,123,196.732,277.641,110,286,2044.396
20260220B07,合計（確報値）,応札件数（電源属地別）[件],2,2,13,11,1,5,16,5,10,65
20260220B07,合計（確報値）,約定件数（電源属地別）[件],1,2,6,9,1,4,14,4,8,49
20260220B07,合計（確報値）,最高約定価格（電源属地別）[円/kW・30分],6.87,3.29,4.21,5.03,4.66,3.7,9.57,6.14,4.21,9.57
20260220B07,合計（確報値）,最低約定価格（電源属地別）[円/kW・30分],6.87,1.67,1.02,0.36,4.66,2.8,0.36,0.36,1.49,0.36
20260220B07,合計（確報値）,平均約定価格（電源属地別）[円/kW・30分],6.87,2.48,3.47,1.1,4.66,3.22,2.1,1.54,2.33,2.79
20260220B07,合計（確報値）,最高約定価格（TSO別）[円/kW・30分],6.87,4.21,4.21,5.03,4.66,4.21,9.57,6.14,4.21,9.57
20260220B07,合計（確報値）,最低約定価格（TSO別）[円/kW・30分],6.87,1.67,1.02,0.36,1.2,0.36,0.36,0.36,1.49,0.36
20260220B07,合計（確報値）,平均約定価格（TSO別）[円/kW・30分],6.87,2.57,3.31,1.47,4.5,3.2,2.18,1.54,2.33,2.79
20260220B07,合計（確報値）,約定量合計（TSO別）[MW],15,148,567.191,136.522,90.552,384.374,306.757,110,286,2044.396
20260220B07,合計（確報値）,（内訳）自エリアからの約定量[MW],15,140,567.191,136.522,86.34,196.732,245.787,110,286,1783.572
20260220B08,システム約定結果,募集量（TSO別）[MW],0,0,57,0,110,284,280,96,252,1079
20260220B08,システム約定結果,応札量合計（電源属地別）[MW],164,380,919.758,265.3,130,836,717.67,109,486,4007.728
20260220B08,システム約定結果,落札量合計（電源属地別）[MW],31,140,687.726,187.065,130,196.732,303.159,108,252,2035.682
20260220B08,システム約定結果,応札件数（電源属地別）[件],3,2,9,3,1,4,11,6,6,45
20260220B08,システム約定結果,落札件数（電源属地別）[件],1,2,7,2,1,4,11,6,5,39
20260220B08,システム約定結果,最高落札価格（電源属地別）[円/kW・30分],8.68,2.12,3.76,4.74,2.91,2.54,2.35,6.55,2.76,8.68
20260220B08,システム約定結果,最低落札価格（電源属地別）[円/kW・30分],8.68,2.12,1.02,4.37,2.91,1.64,0.42,0.36,1.11,0.36
20260220B08,システム約定結果,平均落札価格（電源属地別）[円/kW・30分],8.68,2.12,3.09,4.71,2.91,2.06,1.31,1.43,1.63,2.61
20260220B08,システム約定結果,最高落札価格（TSO別）[円/kW・30分],8.68,2.12,3.76,4.74,2.91,4.74,4.74,6.55,2.76,8.68
20260220B08,システム約定結果,最低落札価格（TSO別）[円/kW・30分],8.68,2.12,1.02,4.37,2.91,1.64,0.42,0.36,1.11,0.36
20260220B08,システム約定結果,平均落札価格（TSO別）[円/kW・30分],8.68,2.12,3.1,4.68,2.91,2.32,1.9,1.43,1.63,2.61
20260220B08,システム約定結果,落札量合計（TSO別）[MW],31,140,653.364,112.318,110,284,345,108,252,2035.682
20260220B08,システム約定結果,（内訳）自エリアからの落札量[MW],31,140,653.364,112.318,110,196.732,279.03,108,252,1882.444
20260220B08,追加調達結果,募集量（TSO別）[MW],-,-,-,-,-,-,-,-,-,-
20260220B08,追加調達結果,応札量合計（電源属地別）[MW],0,0,0,0,0,0,0,0,0,0
20260220B08,追加調達結果,約定量合計（電源属地別）[MW],0,0,0,0,0,0,0,0,0,0
20260220B08,追加調達結果,応札件数（電源属地別）[件],0,0,0,0,0,0,0,0,0,0
20260220B08,追加調達結果,約定件数（電源属地別）[件],0,0,0,0,0,0,0,0,0,0
20260220B08,追加調達結果,最高約定価格（電源属地別）[円/kW・30分],0,0,0,0,0,0,0,0,0,0
20260220B08,追加調達結果,最低約定価格（電源属地別）[円/kW・30分],0,0,0,0,0,0,0,0,0,0
20260220B08,追加調達結果,平均約定価格（電源属地別）[円/kW・30分],0,0,0,0,0,0,0,0,0,0
20260220B08,追加調達結果,最高約定価格（TSO別）[円/kW・30分],0,0,0,0,0,0,0,0,0,0
20260220B08,追加調達結果,最低約定価格（TSO別）[円/kW・30分],0,0,0,0,0,0,0,0,0,0
20260220B08,追加調達結果,平均約定価格（TSO別）[円/kW・30分],0,0,0,0,0,0,0,0,0,0
20260220B08,追加調達結果,約定量合計（TSO別）[MW],0,0,0,0,0,0,0,0,0,0
20260220B08,追加調達結果,（内訳）自エリアからの約定量[MW],0,0,0,0,0,0,0,0,0,0
20260220B08,合計（確報値）,募集量（TSO別）[MW],0,0,57,0,110,284,280,96,252,1079
20260220B08,合計（確報値）,応札量合計（電源属地別）[MW],164,380,919.758,435.3,130,836,735.923,109,520,4229.981
20260220B08,合計（確報値）,約定量合計（電源属地別）[MW],31,140,687.726,187.065,130,196.732,290.432,108,252,2022.955
20260220B08,合計（確報値）,応札件数（電源属地別）[件],3,2,9,11,1,4,14,6,7,57
20260220B08,合計（確報値）,約定件数（電源属地別）[件],1,2,7,9,1,4,13,6,5,48
20260220B08,合計（確報値）,最高約定価格（電源属地別）[円/kW・30分],8.68,2.12,3.76,4.37,2.91,2.54,2.35,6.55,2.76,8.68
20260220B08,合計（確報値）,最低約定価格（電源属地別）[円/kW・30分],8.68,2.12,1.02,0.36,2.91,1.64,0.36,0.36,1.11,0.36
20260220B08,合計（確報値）,平均約定価格（電源属地別）[円/kW・30分],8.68,2.12,3.09,0.73,2.91,2.06,1.35,1.43,1.56,2.25
20260220B08,合計（確報値）,最高約定価格（TSO別）[円/kW・30分],8.68,2.12,3.76,4.37,2.91,2.91,2.35,6.55,2.76,8.68
20260220B08,合計（確報値）,最低約定価格（TSO別）[円/kW・30分],8.68,2.12,1.02,0.36,2.91,0.36,0.36,0.36,1.11,0.36
20260220B08,合計（確報値）,平均約定価格（TSO別）[円/kW・30分],8.68,2.12,3.1,0.97,2.91,2.18,1.09,1.43,1.56,2.25
20260220B08,合計（確報値）,約定量合計（TSO別）[MW],31,140,653.364,112.318,110,284,332.273,108,252,2022.955
20260220B08,合計（確報値）,（内訳）自エリアからの約定量[MW],31,140,653.364,112.318,110,196.732,266.303,108,252,1869.717
20260221B01,システム約定結果,募集量（TSO別）[MW],0,0,0,0,112,198,55,85,282,732
20260221B01,システム約定結果,応札量合計（電源属地別）[MW],78.8,380,265.4,135,116,605,703.537,93,452,2828.737
20260221B01,システム約定結果,落札量合計（電源属地別）[MW],17.8,137.552,114,133.065,116,119.019,267.433,85,161.995,1151.864
20260221B01,システム約定結果,応札件数（電源属地別）[件],2,2,2,2,1,3,9,6,5,32
20260221B01,システム約定結果,落札件数（電源属地別）[件],1,2,1,2,1,3,7,6,4,27
20260221B01,システム約定結果,最高落札価格（電源属地別）[円/kW・30分],4.19,2.93,1.26,2.4,1.65,0.36,2.15,7.06,1.46,7.06
20260221B01,システム約定結果,最低落札価格（電源属地別）[円/kW・30分],4.19,2.16,1.26,1.7,1.65,0.36,0.36,0.36,0.36,0.36
20260221B01,システム約定結果,平均落札価格（電源属地別）[円/kW・30分],4.19,2.55,1.26,2.31,1.65,0.36,1.64,0.93,0.58,1.5
20260221B01,システム約定結果,最高落札価格（TSO別）[円/kW・30分],4.19,2.93,1.26,0,1.65,2.4,2.15,7.06,2.4,7.06
20260221B01,システム約定結果,最低落札価格（TSO別）[円/kW・30分],4.19,2.16,1.26,0,1.65,0.36,0.36,0.36,0.36,0.36
20260221B01,システム約定結果,平均落札価格（TSO別）[円/kW・30分],4.19,2.55,1.26,0,1.65,1.01,1.52,0.93,1.33,1.5
20260221B01,システム約定結果,落札量合計（TSO別）[MW],17.8,137.552,114,0,112,198,205.512,85,282,1151.864
20260221B01,システム約定結果,（内訳）自エリアからの落札量[MW],17.8,137.552,114,0,112,119.019,205.512,85,161.995,952.878
20260221B01,追加調達結果,募集量（TSO別）[MW],-,-,-,-,-,-,-,-,-,-
20260221B01,追加調達結果,応札量合計（電源属地別）[MW],0,0,0,0,0,0,0,0,0,0
20260221B01,追加調達結果,約定量合計（電源属地別）[MW],0,0,0,0,0,0,0,0,0,0
20260221B01,追加調達結果,応札件数（電源属地別）[件],0,0,0,0,0,0,0,0,0,0
20260221B01,追加調達結果,約定件数（電源属地別）[件],0,0,0,0,0,0,0,0,0,0
20260221B01,追加調達結果,最高約定価格（電源属地別）[円/kW・30分],0,0,0,0,0,0,0,0,0,0
20260221B01,追加調達結果,最低約定価格（電源属地別）[円/kW・30分],0,0,0,0,0,0,0,0,0,0
20260221B01,追加調達結果,平均約定価格（電源属地別）[円/kW・30分],0,0,0,0,0,0,0,0,0,0
20260221B01,追加調達結果,最高約定価格（TSO別）[円/kW・30分],0,0,0,0,0,0,0,0,0,0
20260221B01,追加調達結果,最低約定価格（TSO別）[円/kW・30分],0,0,0,0,0,0,0,0,0,0
20260221B01,追加調達結果,平均約定価格（TSO別）[円/kW・30分],0,0,0,0,0,0,0,0,0,0
20260221B01,追加調達結果,約定量合計（TSO別）[MW],0,0,0,0,0,0,0,0,0,0
20260221B01,追加調達結果,（内訳）自エリアからの約定量[MW],0,0,0,0,0,0,0,0,0,0
20260221B01,合計（確報値）,募集量（TSO別）[MW],0,0,0,0,112,198,55,85,282,732
20260221B01,合計（確報値）,応札量合計（電源属地別）[MW],78.8,380,265.4,135,116,639.581,703.547,93,452,2863.328
20260221B01,合計（確報値）,約定量合計（電源属地別）[MW],17.8,137.552,114,133.065,116,119.019,169.109,85,161.995,1053.54
20260221B01,合計（確報値）,応札件数（電源属地別）[件],2,2,2,2,1,6,10,6,5,36
20260221B01,合計（確報値）,約定件数（電源属地別）[件],1,2,1,2,1,5,7,6,4,29
20260221B01,合計（確報値）,最高約定価格（電源属地別）[円/kW・30分],4.19,2.93,1.26,2.4,1.65,0.36,2.03,7.06,1.46,7.06
20260221B01,合計（確報値）,最低約定価格（電源属地別）[円/kW・30分],4.19,2.16,1.26,1.7,1.65,0.36,0.36,0.36,0.36,0.36
20260221B01,合計（確報値）,平均約定価格（電源属地別）[円/kW・30分],4.19,2.55,1.26,2.31,1.65,0.36,1.34,0.93,0.58,1.43
20260221B01,合計（確報値）,最高約定価格（TSO別）[円/kW・30分],4.19,2.93,1.26,0,1.65,2.4,2.03,7.06,2.4,7.06
20260221B01,合計（確報値）,最低約定価格（TSO別）[円/kW・30分],4.19,2.16,1.26,0,1.65,0.36,0.36,0.36,0.36,0.36
20260221B01,合計（確報値）,平均約定価格（TSO別）[円/kW・30分],4.19,2.55,1.26,0,1.65,0.79,1.33,0.93,1.28,1.43
20260221B01,合計（確報値）,約定量合計（TSO別）[MW],17.8,137.552,114,0,112,164.926,157.262,85,265,1053.54
20260221B01,合計（確報値）,（内訳）自エリアからの約定量[MW],17.8,137.552,114,0,112,119.019,157.262,85,161.995,904.628
20260221B02,システム約定結果,募集量（TSO別）[MW],0,50,0,0,93,237,193,87,244,904
20260221B02,システム約定結果,応札量合計（電源属地別）[MW],164,380,251.55,137,102,605,703.537,93,467,2903.087
20260221B02,システム約定結果,落札量合計（電源属地別）[MW],0,138,61.018,134.065,102,119.019,297.393,87,180,1118.495
20260221B02,システム約定結果,応札件数（電源属地別）[件],3,2,5,2,1,3,9,4,6,35
20260221B02,システム約定結果,落札件数（電源属地別）[件],0,2,3,2,1,3,7,4,4,26
20260221B02,システム約定結果,最高落札価格（電源属地別）[円/kW・30分],0,2.86,1.71,2.9,1.49,0.36,2.11,6.1,1.62,6.1
20260221B02,システム約定結果,最低落札価格（電源属地別）[円/kW・30分],0,2.05,1.48,1.85,1.49,0.36,0.36,0.36,0.36,0.36
20260221B02,システム約定結果,平均落札価格（電源属地別）[円/kW・30分],0,2.46,1.58,2.77,1.49,0.36,1.48,1.79,0.59,1.52
20260221B02,システム約定結果,最高落札価格（TSO別）[円/kW・30分],0,2.86,1.71,2.9,1.49,2.9,2.11,6.1,2.9,6.1
20260221B02,システム約定結果,最低落札価格（TSO別）[円/kW・30分],0,2.05,1.48,2.9,1.49,0.36,0.36,0.36,0.36,0.36
20260221B02,システム約定結果,平均落札価格（TSO別）[円/kW・30分],0,2.46,1.58,2.9,1.49,1.44,1.42,1.79,1.07,1.52
20260221B02,システム約定結果,落札量合計（TSO別）[MW],0,138,61.018,2.277,93,237,256.2,87,244,1118.495
20260221B02,システム約定結果,（内訳）自エリアからの落札量[MW],0,138,61.018,2.277,93,119.019,255.22,87,180,935.534
20260221B02,追加調達結果,募集量（TSO別）[MW],-,-,-,-,-,-,-,-,-,-
20260221B02,追加調達結果,応札量合計（電源属地別）[MW],0,0,0,0,0,0,0,0,0,0
20260221B02,追加調達結果,約定量合計（電源属地別）[MW],0,0,0,0,0,0,0,0,0,0
20260221B02,追加調達結果,応札件数（電源属地別）[件],0,0,0,0,0,0,0,0,0,0
20260221B02,追加調達結果,約定件数（電源属地別）[件],0,0,0,0,0,0,0,0,0,0
20260221B02,追加調達結果,最高約定価格（電源属地別）[円/kW・30分],0,0,0,0,0,0,0,0,0,0
20260221B02,追加調達結果,最低約定価格（電源属地別）[円/kW・30分],0,0,0,0,0,0,0,0,0,0
20260221B02,追加調達結果,平均約定価格（電源属地別）[円/kW・30分],0,0,0,0,0,0,0,0,0,0
20260221B02,追加調達結果,最高約定価格（TSO別）[円/kW・30分],0,0,0,0,0,0,0,0,0,0
20260221B02,追加調達結果,最低約定価格（TSO別）[円/kW・30分],0,0,0,0,0,0,0,0,0,0
20260221B02,追加調達結果,平均約定価格（TSO別）[円/kW・30分],0,0,0,0,0,0,0,0,0,0
20260221B02,追加調達結果,約定量合計（TSO別）[MW],0,0,0,0,0,0,0,0,0,0
20260221B02,追加調達結果,（内訳）自エリアからの約定量[MW],0,0,0,0,0,0,0,0,0,0
20260221B02,合計（確報値）,募集量（TSO別）[MW],0,50,0,0,93,237,193,87,244,904
20260221B02,合計（確報値）,応札量合計（電源属地別）[MW],164,380,251.55,137,102,639.581,703.547,93,467,2937.678
20260221B02,合計（確報値）,約定量合計（電源属地別）[MW],0,138,61.018,134.065,102,119.019,199.069,87,180,1020.171
20260221B02,合計（確報値）,応札件数（電源属地別）[件],3,2,5,2,1,5,10,4,6,38
20260221B02,合計（確報値）,約定件数（電源属地別）[件],0,2,3,2,1,4,7,4,4,27
20260221B02,合計（確報値）,最高約定価格（電源属地別）[円/kW・30分],0,2.86,1.71,2.9,1.49,0.36,1.99,6.1,1.62,6.1
20260221B02,合計（確報値）,最低約定価格（電源属地別）[円/kW・30分],0,2.05,1.48,1.85,1.49,0.36,0.36,0.36,0.36,0.36
20260221B02,合計（確報値）,平均約定価格（電源属地別）[円/kW・30分],0,2.46,1.58,2.77,1.49,0.36,1.16,1.79,0.59,1.47
20260221B02,合計（確報値）,最高約定価格（TSO別）[円/kW・30分],0,2.86,1.71,2.9,1.49,2.9,1.99,6.1,2.9,6.1
20260221B02,合計（確報値）,最低約定価格（TSO別）[円/kW・30分],0,2.05,1.48,2.9,1.49,0.36,0.36,0.36,0.36,0.36
20260221B02,合計（確報値）,平均約定価格（TSO別）[円/kW・30分],0,2.46,1.58,2.9,1.49,1.44,0.99,1.79,1.07,1.47
20260221B02,合計（確報値）,約定量合計（TSO別）[MW],0,138,61.018,2.277,93,237,157.876,87,244,1020.171
20260221B02,合計（確報値）,（内訳）自エリアからの約定量[MW],0,138,61.018,2.277,93,119.019,156.896,87,180,837.21
20260221B03,システム約定結果,募集量（TSO別）[MW],0,380,356,0,140,596,329,134,261,2196
20260221B03,システム約定結果,応札量合計（電源属地別）[MW],184.69,641.5,745.149,135.5,169,605,837.376,154,552,4024.215
20260221B03,システム約定結果,落札量合計（電源属地別）[MW],54.1,280,543,134,169,483.967,352.574,154,319,2489.641
20260221B03,システム約定結果,応札件数（電源属地別）[件],5,4,8,3,2,3,12,3,5,45
20260221B03,システム約定結果,落札件数（電源属地別）[件],4,3,6,2,2,3,10,3,3,36
20260221B03,システム約定結果,最高落札価格（電源属地別）[円/kW・30分],10.99,2.94,4.21,4.25,1.96,0.46,2.12,7.18,0.4,10.99
20260221B03,システム約定結果,最低落札価格（電源属地別）[円/kW・30分],8.48,1.47,0.35,2.86,1.95,0.36,0.57,0.36,0.36,0.35
20260221B03,システム約定結果,平均落札価格（電源属地別）[円/kW・30分],9.49,2,1.46,4.05,1.96,0.43,1.41,1.15,0.4,1.51
20260221B03,システム約定結果,最高落札価格（TSO別）[円/kW・30分],10.99,2.94,4.21,4.25,1.96,4.25,2.12,7.18,0.4,10.99
20260221B03,システム約定結果,最低落札価格（TSO別）[円/kW・30分],8.48,0.35,0.36,2.86,1.95,0.36,0.36,0.36,0.36,0.35
20260221B03,システム約定結果,平均落札価格（TSO別）[円/kW・30分],9.49,1.34,2.04,3.92,1.96,1.05,1.09,1.27,0.4,1.51
20260221B03,システム約定結果,落札量合計（TSO別）[MW],54.1,467,356,79.045,140,596,344.496,134,319,2489.641
20260221B03,システム約定結果,（内訳）自エリアからの落札量[MW],54.1,280,356,79.045,140,391.609,221.526,134,319,1975.28
20260221B03,追加調達結果,募集量（TSO別）[MW],-,-,-,-,-,-,-,-,-,-
20260221B03,追加調達結果,応札量合計（電源属地別）[MW],0,0,0,0,0,0,0,0,0,0
20260221B03,追加調達結果,約定量合計（電源属地別）[MW],0,0,0,0,0,0,0,0,0,0
20260221B03,追加調達結果,応札件数（電源属地別）[件],0,0,0,0,0,0,0,0,0,0
20260221B03,追加調達結果,約定件数（電源属地別）[件],0,0,0,0,0,0,0,0,0,0
20260221B03,追加調達結果,最高約定価格（電源属地別）[円/kW・30分],0,0,0,0,0,0,0,0,0,0
20260221B03,追加調達結果,最低約定価格（電源属地別）[円/kW・30分],0,0,0,0,0,0,0,0,0,0
20260221B03,追加調達結果,平均約定価格（電源属地別）[円/kW・30分],0,0,0,0,0,0,0,0,0,0
20260221B03,追加調達結果,最高約定価格（TSO別）[円/kW・30分],0,0,0,0,0,0,0,0,0,0
20260221B03,追加調達結果,最低約定価格（TSO別）[円/kW・30分],0,0,0,0,0,0,0,0,0,0
20260221B03,追加調達結果,平均約定価格（TSO別）[円/kW・30分],0,0,0,0,0,0,0,0,0,0
20260221B03,追加調達結果,約定量合計（TSO別）[MW],0,0,0,0,0,0,0,0,0,0
20260221B03,追加調達結果,（内訳）自エリアからの約定量[MW],0,0,0,0,0,0,0,0,0,0
20260221B03,合計（確報値）,募集量（TSO別）[MW],0,380,356,0,140,596,329,134,261,2196
20260221B03,合計（確報値）,応札量合計（電源属地別）[MW],184.69,711.5,745.149,135.5,169,751.349,837.376,154,552,4240.564
20260221B03,合計（確報値）,約定量合計（電源属地別）[MW],54.1,280,543,134,169,483.967,352.574,154,319,2489.641
20260221B03,合計（確報値）,応札件数（電源属地別）[件],5,7,8,3,2,6,12,3,5,51
20260221B03,合計（確報値）,約定件数（電源属地別）[件],4,5,6,2,2,5,10,3,3,40
20260221B03,合計（確報値）,最高約定価格（電源属地別）[円/kW・30分],10.99,2.94,4.21,4.25,1.96,0.46,2.12,7.18,0.4,10.99
20260221B03,合計（確報値）,最低約定価格（電源属地別）[円/kW・30分],8.48,1.47,0.35,2.86,1.95,0.36,0.57,0.36,0.36,0.35
20260221B03,合計（確報値）,平均約定価格（電源属地別）[円/kW・30分],9.49,2,1.46,4.05,1.96,0.43,1.41,1.15,0.4,1.51
20260221B03,合計（確報値）,最高約定価格（TSO別）[円/kW・30分],10.99,2.94,4.21,4.25,1.96,4.25,2.12,7.18,0.4,10.99
20260221B03,合計（確報値）,最低約定価格（TSO別）[円/kW・30分],8.48,0.35,0.36,2.86,1.95,0.36,0.36,0.36,0.36,0.35
20260221B03,合計（確報値）,平均約定価格（TSO別）[円/kW・30分],9.49,1.34,2.04,3.92,1.96,1.05,1.09,1.27,0.4,1.51
20260221B03,合計（確報値）,約定量合計（TSO別）[MW],54.1,467,356,79.045,140,596,344.496,134,319,2489.641
20260221B03,合計（確報値）,（内訳）自エリアからの約定量[MW],54.1,280,356,79.045,140,391.609,221.526,134,319,1975.28
20260221B04,システム約定結果,募集量（TSO別）[MW],0,132,718,0,258,772,470,265,361,2976
20260221B04,システム約定結果,応札量合計（電源属地別）[MW],164,450,881.418,0,266,607,406.191,165,719,3658.609
20260221B04,システム約定結果,落札量合計（電源属地別）[MW],44,210,718,0,266,507,406.191,165,419,2735.191
20260221B04,システム約定結果,応札件数（電源属地別）[件],3,2,9,0,2,4,6,3,5,34
20260221B04,システム約定結果,落札件数（電源属地別）[件],3,2,8,0,2,4,6,3,4,32
20260221B04,システム約定結果,最高落札価格（電源属地別）[円/kW・30分],9.97,3.71,0.36,0,0.86,17.27,0.37,11.48,0.42,17.27
20260221B04,システム約定結果,最低落札価格（電源属地別）[円/kW・30分],9,1.9,0.35,0,0.85,0.36,0.36,0.36,0.36,0.35
20260221B04,システム約定結果,平均落札価格（電源属地別）[円/kW・30分],9.47,2.5,0.36,0,0.86,0.43,0.36,2.15,0.37,0.84
20260221B04,システム約定結果,最高落札価格（TSO別）[円/kW・30分],9.97,3.71,0.36,0,0.86,0.85,17.27,11.48,0.42,17.27
20260221B04,システム約定結果,最低落札価格（TSO別）[円/kW・30分],9,1.9,0.35,0,0.85,0.36,0.36,0.36,0.36,0.35
20260221B04,システム約定結果,平均落札価格（TSO別）[円/kW・30分],9.47,2.5,0.36,0,0.86,0.37,0.45,2.15,0.37,0.84
20260221B04,システム約定結果,落札量合計（TSO別）[MW],44,210,718,0,258,534.9,386.291,165,419,2735.191
20260221B04,システム約定結果,（内訳）自エリアからの落札量[MW],44,210,718,0,258,503.614,382.905,165,419,2700.519
20260221B04,追加調達結果,募集量（TSO別）[MW],-,-,-,-,-,-,-,-,-,-
20260221B04,追加調達結果,応札量合計（電源属地別）[MW],0,0,0,0,0,0,0,0,0,0
20260221B04,追加調達結果,約定量合計（電源属地別）[MW],0,0,0,0,0,0,0,0,0,0
20260221B04,追加調達結果,応札件数（電源属地別）[件],0,0,0,0,0,0,0,0,0,0
20260221B04,追加調達結果,約定件数（電源属地別）[件],0,0,0,0,0,0,0,0,0,0
20260221B04,追加調達結果,最高約定価格（電源属地別）[円/kW・30分],0,0,0,0,0,0,0,0,0,0
20260221B04,追加調達結果,最低約定価格（電源属地別）[円/kW・30分],0,0,0,0,0,0,0,0,0,0
20260221B04,追加調達結果,平均約定価格（電源属地別）[円/kW・30分],0,0,0,0,0,0,0,0,0,0
20260221B04,追加調達結果,最高約定価格（TSO別）[円/kW・30分],0,0,0,0,0,0,0,0,0,0
20260221B04,追加調達結果,最低約定価格（TSO別）[円/kW・30分],0,0,0,0,0,0,0,0,0,0
20260221B04,追加調達結果,平均約定価格（TSO別）[円/kW・30分],0,0,0,0,0,0,0,0,0,0
20260221B04,追加調達結果,約定量合計（TSO別）[MW],0,0,0,0,0,0,0,0,0,0
20260221B04,追加調達結果,（内訳）自エリアからの約定量[MW],0,0,0,0,0,0,0,0,0,0
20260221B04,合計（確報値）,募集量（TSO別）[MW],0,132,718,0,258,772,470,265,361,2976
20260221B04,合計（確報値）,応札量合計（電源属地別）[MW],164,450,881.418,0,266,789.395,406.191,165,719,3841.004
20260221B04,合計（確報値）,約定量合計（電源属地別）[MW],44,210,718,0,266,507,406.191,165,419,2735.191
20260221B04,合計（確報値）,応札件数（電源属地別）[件],3,2,9,0,2,9,6,3,5,39
20260221B04,合計（確報値）,約定件数（電源属地別）[件],3,2,8,0,2,8,6,3,4,36
20260221B04,合計（確報値）,最高約定価格（電源属地別）[円/kW・30分],9.97,3.71,0.36,0,0.86,17.27,0.37,11.48,0.42,17.27
20260221B04,合計（確報値）,最低約定価格（電源属地別）[円/kW・30分],9,1.9,0.35,0,0.85,0.36,0.36,0.36,0.36,0.35
20260221B04,合計（確報値）,平均約定価格（電源属地別）[円/kW・30分],9.47,2.5,0.36,0,0.86,0.43,0.36,2.15,0.37,0.84
20260221B04,合計（確報値）,最高約定価格（TSO別）[円/kW・30分],9.97,3.71,0.36,0,0.86,0.85,17.27,11.48,0.42,17.27
20260221B04,合計（確報値）,最低約定価格（TSO別）[円/kW・30分],9,1.9,0.35,0,0.85,0.36,0.36,0.36,0.36,0.35
20260221B04,合計（確報値）,平均約定価格（TSO別）[円/kW・30分],9.47,2.5,0.36,0,0.86,0.37,0.45,2.15,0.37,0.84
20260221B04,合計（確報値）,約定量合計（TSO別）[MW],44,210,718,0,258,534.9,386.291,165,419,2735.191
20260221B04,合計（確報値）,（内訳）自エリアからの約定量[MW],44,210,718,0,258,503.614,382.905,165,419,2700.519
20260221B05,システム約定結果,募集量（TSO別）[MW],72,0,40,0,221,625,227,225,318,1728
20260221B05,システム約定結果,応札量合計（電源属地別）[MW],185.69,450,76.4,0,228,605,406.191,125,719,2795.281
20260221B05,システム約定結果,落札量合計（電源属地別）[MW],72,210,40,0,228,573.714,271.286,125,350,1870
20260221B05,システム約定結果,応札件数（電源属地別）[件],6,2,1,0,2,3,6,3,5,28
20260221B05,システム約定結果,落札件数（電源属地別）[件],5,2,1,0,2,3,5,3,4,25
20260221B05,システム約定結果,最高落札価格（電源属地別）[円/kW・30分],10.2,4.01,7.21,0,0.35,0.36,0.36,17.16,0.36,17.16
20260221B05,システム約定結果,最低落札価格（電源属地別）[円/kW・30分],7.21,2.06,7.21,0,0.35,0.36,0.36,0.36,0.36,0.35
20260221B05,システム約定結果,平均落札価格（電源属地別）[円/kW・30分],10.08,2.71,7.21,0,0.35,0.36,0.36,3.52,0.36,1.35
20260221B05,システム約定結果,最高落札価格（TSO別）[円/kW・30分],10.2,4.01,7.21,0,0.35,0.36,0.36,17.16,0.36,17.16
20260221B05,システム約定結果,最低落札価格（TSO別）[円/kW・30分],7.21,2.06,7.21,0,0.35,0.35,0.36,0.36,0.36,0.35
20260221B05,システム約定結果,平均落札価格（TSO別）[円/kW・30分],10.08,2.71,7.21,0,0.35,0.36,0.36,3.52,0.36,1.35
20260221B05,システム約定結果,落札量合計（TSO別）[MW],72,210,40,0,221,625,227,125,350,1870
20260221B05,システム約定結果,（内訳）自エリアからの落札量[MW],72,210,40,0,221,573.714,227,125,350,1818.714
20260221B05,追加調達結果,募集量（TSO別）[MW],-,-,-,-,-,-,-,-,-,-
20260221B05,追加調達結果,応札量合計（電源属地別）[MW],0,0,0,0,0,0,0,0,0,0
20260221B05,追加調達結果,約定量合計（電源属地別）[MW],0,0,0,0,0,0,0,0,0,0
20260221B05,追加調達結果,応札件数（電源属地別）[件],0,0,0,0,0,0,0,0,0,0
20260221B05,追加調達結果,約定件数（電源属地別）[件],0,0,0,0,0,0,0,0,0,0
20260221B05,追加調達結果,最高約定価格（電源属地別）[円/kW・30分],0,0,0,0,0,0,0,0,0,0
20260221B05,追加調達結果,最低約定価格（電源属地別）[円/kW・30分],0,0,0,0,0,0,0,0,0,0
20260221B05,追加調達結果,平均約定価格（電源属地別）[円/kW・30分],0,0,0,0,0,0,0,0,0,0
20260221B05,追加調達結果,最高約定価格（TSO別）[円/kW・30分],0,0,0,0,0,0,0,0,0,0
20260221B05,追加調達結果,最低約定価格（TSO別）[円/kW・30分],0,0,0,0,0,0,0,0,0,0
20260221B05,追加調達結果,平均約定価格（TSO別）[円/kW・30分],0,0,0,0,0,0,0,0,0,0
20260221B05,追加調達結果,約定量合計（TSO別）[MW],0,0,0,0,0,0,0,0,0,0
20260221B05,追加調達結果,（内訳）自エリアからの約定量[MW],0,0,0,0,0,0,0,0,0,0
20260221B05,合計（確報値）,募集量（TSO別）[MW],72,0,40,0,221,625,227,225,318,1728
20260221B05,合計（確報値）,応札量合計（電源属地別）[MW],185.69,450,76.4,0,228,797.945,406.191,125,800,3069.226
20260221B05,合計（確報値）,約定量合計（電源属地別）[MW],72,210,40,0,228,573.659,271.286,125,350,1869.945
20260221B05,合計（確報値）,応札件数（電源属地別）[件],6,2,1,0,2,6,6,3,10,36
20260221B05,合計（確報値）,約定件数（電源属地別）[件],5,2,1,0,2,5,5,3,7,30
20260221B05,合計（確報値）,最高約定価格（電源属地別）[円/kW・30分],10.2,4.01,7.21,0,0.35,0.36,0.36,17.16,0.36,17.16
20260221B05,合計（確報値）,最低約定価格（電源属地別）[円/kW・30分],7.21,2.06,7.21,0,0.35,0.36,0.36,0.36,0.36,0.35
20260221B05,合計（確報値）,平均約定価格（電源属地別）[円/kW・30分],10.08,2.71,7.21,0,0.35,0.36,0.36,3.52,0.36,1.35
20260221B05,合計（確報値）,最高約定価格（TSO別）[円/kW・30分],10.2,4.01,7.21,0,0.35,0.36,0.36,17.16,0.36,17.16
20260221B05,合計（確報値）,最低約定価格（TSO別）[円/kW・30分],7.21,2.06,7.21,0,0.35,0.35,0.36,0.36,0.36,0.35
20260221B05,合計（確報値）,平均約定価格（TSO別）[円/kW・30分],10.08,2.71,7.21,0,0.35,0.36,0.36,3.52,0.36,1.35
20260221B05,合計（確報値）,約定量合計（TSO別）[MW],72,210,40,0,221,624.945,227,125,350,1869.945
20260221B05,合計（確報値）,（内訳）自エリアからの約定量[MW],72,210,40,0,221,573.659,227,125,350,1818.659
20260221B06,システム約定結果,募集量（TSO別）[MW],0,171,707,0,171,690,278,194,288,2499
20260221B06,システム約定結果,応札量合計（電源属地別）[MW],164,450,781.27,0,179,607,549.801,108,719,3558.071
20260221B06,システム約定結果,落札量合計（電源属地別）[MW],31,250,598.174,0,171,503.58,520.059,108,319,2500.813
20260221B06,システム約定結果,応札件数（電源属地別）[件],3,2,8,0,2,4,7,3,5,34
20260221B06,システム約定結果,落札件数（電源属地別）[件],2,2,6,0,2,3,7,3,3,28
20260221B06,システム約定結果,最高落札価格（電源属地別）[円/kW・30分],7.42,2.82,7.21,0,1.36,0.73,0.87,8.91,0.42,8.91
20260221B06,システム約定結果,最低落札価格（電源属地別）[円/kW・30分],7,1.54,0.36,0,1.35,0.58,0.38,0.36,0.39,0.36
20260221B06,システム約定結果,平均落札価格（電源属地別）[円/kW・30分],7.38,2,3.04,0,1.36,0.68,0.72,2.69,0.42,1.56
20260221B06,システム約定結果,最高落札価格（TSO別）[円/kW・30分],7.42,2.82,7.21,0,1.36,0.87,0.87,8.91,0.76,8.91
20260221B06,システム約定結果,最低落札価格（TSO別）[円/kW・30分],7,1.54,0.36,0,1.35,0.58,0.38,0.36,0.39,0.36
20260221B06,システム約定結果,平均落札価格（TSO別）[円/kW・30分],7.38,2,3.04,0,1.36,0.72,0.65,2.69,0.44,1.56
20260221B06,システム約定結果,落札量合計（TSO別）[MW],31,250,598.174,0,171,690,312.639,108,340,2500.813
20260221B06,システム約定結果,（内訳）自エリアからの落札量[MW],31,250,598.174,0,171,503.58,312.639,108,319,2293.393
20260221B06,追加調達結果,募集量（TSO別）[MW],-,-,-,-,-,-,-,-,-,-
20260221B06,追加調達結果,応札量合計（電源属地別）[MW],0,0,0,0,0,0,0,0,0,0
20260221B06,追加調達結果,約定量合計（電源属地別）[MW],0,0,0,0,0,0,0,0,0,0
20260221B06,追加調達結果,応札件数（電源属地別）[件],0,0,0,0,0,0,0,0,0,0
20260221B06,追加調達結果,約定件数（電源属地別）[件],0,0,0,0,0,0,0,0,0,0
20260221B06,追加調達結果,最高約定価格（電源属地別）[円/kW・30分],0,0,0,0,0,0,0,0,0,0
20260221B06,追加調達結果,最低約定価格（電源属地別）[円/kW・30分],0,0,0,0,0,0,0,0,0,0
20260221B06,追加調達結果,平均約定価格（電源属地別）[円/kW・30分],0,0,0,0,0,0,0,0,0,0
20260221B06,追加調達結果,最高約定価格（TSO別）[円/kW・30分],0,0,0,0,0,0,0,0,0,0
20260221B06,追加調達結果,最低約定価格（TSO別）[円/kW・30分],0,0,0,0,0,0,0,0,0,0
20260221B06,追加調達結果,平均約定価格（TSO別）[円/kW・30分],0,0,0,0,0,0,0,0,0,0
20260221B06,追加調達結果,約定量合計（TSO別）[MW],0,0,0,0,0,0,0,0,0,0
20260221B06,追加調達結果,（内訳）自エリアからの約定量[MW],0,0,0,0,0,0,0,0,0,0
20260221B06,合計（確報値）,募集量（TSO別）[MW],0,171,707,0,171,690,278,194,288,2499
20260221B06,合計（確報値）,応札量合計（電源属地別）[MW],164,450,781.27,0,179,786.517,549.801,108,719,3737.588
20260221B06,合計（確報値）,約定量合計（電源属地別）[MW],31,250,598.174,0,171,503.58,520.059,108,319,2500.813
20260221B06,合計（確報値）,応札件数（電源属地別）[件],3,2,8,0,2,7,7,3,5,37
20260221B06,合計（確報値）,約定件数（電源属地別）[件],2,2,6,0,2,5,7,3,3,30
20260221B06,合計（確報値）,最高約定価格（電源属地別）[円/kW・30分],7.42,2.82,7.21,0,1.36,0.73,0.87,8.91,0.42,8.91
20260221B06,合計（確報値）,最低約定価格（電源属地別）[円/kW・30分],7,1.54,0.36,0,1.35,0.46,0.38,0.36,0.39,0.36
20260221B06,合計（確報値）,平均約定価格（電源属地別）[円/kW・30分],7.38,2,3.04,0,1.36,0.63,0.72,2.69,0.42,1.56
20260221B06,合計（確報値）,最高約定価格（TSO別）[円/kW・30分],7.42,2.82,7.21,0,1.36,0.87,0.87,8.91,0.76,8.91
20260221B06,合計（確報値）,最低約定価格（TSO別）[円/kW・30分],7,1.54,0.36,0,1.35,0.46,0.38,0.36,0.39,0.36
20260221B06,合計（確報値）,平均約定価格（TSO別）[円/kW・30分],7.38,2,3.04,0,1.36,0.69,0.65,2.69,0.44,1.56
20260221B06,合計（確報値）,約定量合計（TSO別）[MW],31,250,598.174,0,171,690,312.639,108,340,2500.813
20260221B06,合計（確報値）,（内訳）自エリアからの約定量[MW],31,250,598.174,0,171,503.58,312.639,108,319,2293.393
20260221B07,システム約定結果,募集量（TSO別）[MW],0,148,446,0,115,624,271,111,260,1975
20260221B07,システム約定結果,応札量合計（電源属地別）[MW],161,380,1185.819,1620.806,123,607,683.64,121,584.97,5467.235
20260221B07,システム約定結果,落札量合計（電源属地別）[MW],0,140,678.14,719.647,123,119.019,307.84,111,163,2361.646
20260221B07,システム約定結果,応札件数（電源属地別）[件],2,2,13,7,1,4,10,4,8,51
20260221B07,システム約定結果,落札件数（電源属地別）[件],0,2,8,5,1,3,8,4,5,36
20260221B07,システム約定結果,最高落札価格（電源属地別）[円/kW・30分],0,1.85,5.95,6.69,2.6,2.6,2.78,7.22,2.4,7.22
20260221B07,システム約定結果,最低落札価格（電源属地別）[円/kW・30分],0,1.24,1.01,2.76,2.6,2.45,0.83,0.36,0.43,0.36
20260221B07,システム約定結果,平均落札価格（電源属地別）[円/kW・30分],0,1.55,4,4.22,2.6,2.56,2.04,1.52,1.26,3.21
20260221B07,システム約定結果,最高落札価格（TSO別）[円/kW・30分],0,5.03,5.95,6.69,2.6,6.69,2.78,7.22,2.76,7.22
20260221B07,システム約定結果,最低落札価格（TSO別）[円/kW・30分],0,1.24,1.01,2.76,2.6,2.45,0.83,0.36,0.43,0.36
20260221B07,システム約定結果,平均落札価格（TSO別）[円/kW・30分],0,1.72,3.99,4,2.6,4.13,2.02,1.52,1.82,3.21
20260221B07,システム約定結果,落札量合計（TSO別）[MW],0,148,670.14,135.45,115,624,297.056,111,261,2361.646
20260221B07,システム約定結果,（内訳）自エリアからの落札量[MW],0,140,670.14,135.45,115,119.019,236.086,111,163,1689.695
20260221B07,追加調達結果,募集量（TSO別）[MW],-,-,-,-,-,-,-,-,-,-
20260221B07,追加調達結果,応札量合計（電源属地別）[MW],0,0,0,0,0,0,0,0,0,0
20260221B07,追加調達結果,約定量合計（電源属地別）[MW],0,0,0,0,0,0,0,0,0,0
20260221B07,追加調達結果,応札件数（電源属地別）[件],0,0,0,0,0,0,0,0,0,0
20260221B07,追加調達結果,約定件数（電源属地別）[件],0,0,0,0,0,0,0,0,0,0
20260221B07,追加調達結果,最高約定価格（電源属地別）[円/kW・30分],0,0,0,0,0,0,0,0,0,0
20260221B07,追加調達結果,最低約定価格（電源属地別）[円/kW・30分],0,0,0,0,0,0,0,0,0,0
20260221B07,追加調達結果,平均約定価格（電源属地別）[円/kW・30分],0,0,0,0,0,0,0,0,0,0
20260221B07,追加調達結果,最高約定価格（TSO別）[円/kW・30分],0,0,0,0,0,0,0,0,0,0
20260221B07,追加調達結果,最低約定価格（TSO別）[円/kW・30分],0,0,0,0,0,0,0,0,0,0
20260221B07,追加調達結果,平均約定価格（TSO別）[円/kW・30分],0,0,0,0,0,0,0,0,0,0
20260221B07,追加調達結果,約定量合計（TSO別）[MW],0,0,0,0,0,0,0,0,0,0
20260221B07,追加調達結果,（内訳）自エリアからの約定量[MW],0,0,0,0,0,0,0,0,0,0
20260221B07,合計（確報値）,募集量（TSO別）[MW],0,148,446,0,115,624,271,111,260,1975
20260221B07,合計（確報値）,応札量合計（電源属地別）[MW],161,380,1185.819,2335.53,123,641.581,683.64,121,584.97,6216.54
20260221B07,合計（確報値）,約定量合計（電源属地別）[MW],0,140,678.14,719.647,123,119.019,307.84,111,163,2361.646
20260221B07,合計（確報値）,応札件数（電源属地別）[件],2,2,13,33,1,6,10,4,8,79
20260221B07,合計（確報値）,約定件数（電源属地別）[件],0,2,8,26,1,4,8,4,5,58
20260221B07,合計（確報値）,最高約定価格（電源属地別）[円/kW・30分],0,1.85,5.95,3.32,2.6,2.6,2.78,7.22,2.4,7.22
20260221B07,合計（確報値）,最低約定価格（電源属地別）[円/kW・30分],0,1.24,1.01,0.36,2.6,1.97,0.83,0.36,0.43,0.36
20260221B07,合計（確報値）,平均約定価格（電源属地別）[円/kW・30分],0,1.55,4,0.43,2.6,2.42,2.04,1.52,1.26,2.05
20260221B07,合計（確報値）,最高約定価格（TSO別）[円/kW・30分],0,5.03,5.95,3.32,2.6,2.78,2.78,7.22,2.4,7.22
20260221B07,合計（確報値）,最低約定価格（TSO別）[円/kW・30分],0,1.24,1.01,0.36,2.6,0.36,0.36,0.36,0.36,0.36
20260221B07,合計（確報値）,平均約定価格（TSO別）[円/kW・30分],0,1.72,3.99,0.73,2.6,1.02,1.6,1.52,0.92,2.05
20260221B07,合計（確報値）,約定量合計（TSO別）[MW],0,148,670.14,135.45,115,624,297.056,111,261,2361.646
20260221B07,合計（確報値）,（内訳）自エリアからの約定量[MW],0,140,670.14,135.45,115,119.019,236.086,111,163,1689.695
20260221B08,システム約定結果,募集量（TSO別）[MW],0,0,57,0,110,497,280,96,252,1292
20260221B08,システム約定結果,応札量合計（電源属地別）[MW],181.8,380,428.163,819.582,121,605,406.191,109,485,3535.736
20260221B08,システム約定結果,落札量合計（電源属地別）[MW],34,140,276.863,819.582,121,119.019,316.931,100,198,2125.395
20260221B08,システム約定結果,応札件数（電源属地別）[件],4,2,4,5,1,3,6,6,6,37
20260221B08,システム約定結果,落札件数（電源属地別）[件],2,2,2,5,1,3,6,6,5,32
20260221B08,システム約定結果,最高落札価格（電源属地別）[円/kW・30分],7.34,2.48,3.36,5.96,2.06,0.9,2.02,7.16,1.76,7.34
20260221B08,システム約定結果,最低落札価格（電源属地別）[円/kW・30分],7.32,1.78,1.26,1.96,2.06,0.74,0.52,0.36,0.4,0.36
20260221B08,システム約定結果,平均落札価格（電源属地別）[円/kW・30分],7.33,2.13,1.93,3.51,2.06,0.85,1.52,0.84,0.85,2.37
20260221B08,システム約定結果,最高落札価格（TSO別）[円/kW・30分],7.34,2.48,3.36,5.96,2.06,5.96,2.02,7.16,3.46,7.34
20260221B08,システム約定結果,最低落札価格（TSO別）[円/kW・30分],7.32,1.78,1.26,1.96,2.06,0.74,0.52,0.36,0.4,0.36
20260221B08,システム約定結果,平均落札価格（TSO別）[円/kW・30分],7.33,2.13,1.93,3.5,2.06,2.88,1.5,0.84,1.19,2.37
20260221B08,システム約定結果,落札量合計（TSO別）[MW],34,140,276.863,419.632,121,497,284.9,100,252,2125.395
20260221B08,システム約定結果,（内訳）自エリアからの落札量[MW],34,140,276.863,419.632,121,119.019,284.9,100,198,1693.414
20260221B08,追加調達結果,募集量（TSO別）[MW],-,-,-,-,-,-,-,-,-,-
20260221B08,追加調達結果,応札量合計（電源属地別）[MW],0,0,0,0,0,0,0,0,0,0
20260221B08,追加調達結果,約定量合計（電源属地別）[MW],0,0,0,0,0,0,0,0,0,0
20260221B08,追加調達結果,応札件数（電源属地別）[件],0,0,0,0,0,0,0,0,0,0
20260221B08,追加調達結果,約定件数（電源属地別）[件],0,0,0,0,0,0,0,0,0,0
20260221B08,追加調達結果,最高約定価格（電源属地別）[円/kW・30分],0,0,0,0,0,0,0,0,0,0
20260221B08,追加調達結果,最低約定価格（電源属地別）[円/kW・30分],0,0,0,0,0,0,0,0,0,0
20260221B08,追加調達結果,平均約定価格（電源属地別）[円/kW・30分],0,0,0,0,0,0,0,0,0,0
20260221B08,追加調達結果,最高約定価格（TSO別）[円/kW・30分],0,0,0,0,0,0,0,0,0,0
20260221B08,追加調達結果,最低約定価格（TSO別）[円/kW・30分],0,0,0,0,0,0,0,0,0,0
20260221B08,追加調達結果,平均約定価格（TSO別）[円/kW・30分],0,0,0,0,0,0,0,0,0,0
20260221B08,追加調達結果,約定量合計（TSO別）[MW],0,0,0,0,0,0,0,0,0,0
20260221B08,追加調達結果,（内訳）自エリアからの約定量[MW],0,0,0,0,0,0,0,0,0,0
20260221B08,合計（確報値）,募集量（TSO別）[MW],0,0,57,0,110,497,280,96,252,1292
20260221B08,合計（確報値）,応札量合計（電源属地別）[MW],181.8,380,428.163,1676.753,121,639.581,406.191,109,485,4427.488
20260221B08,合計（確報値）,約定量合計（電源属地別）[MW],34,140,276.863,819.582,121,119.019,316.931,100,198,2125.395
20260221B08,合計（確報値）,応札件数（電源属地別）[件],4,2,4,42,1,5,6,6,6,76
20260221B08,合計（確報値）,約定件数（電源属地別）[件],2,2,2,34,1,4,6,6,5,62
20260221B08,合計（確報値）,最高約定価格（電源属地別）[円/kW・30分],7.34,2.48,3.36,0.36,2.06,0.9,2.02,7.16,1.76,7.34
20260221B08,合計（確報値）,最低約定価格（電源属地別）[円/kW・30分],7.32,1.78,1.26,0.36,2.06,0.36,0.52,0.36,0.4,0.36
20260221B08,合計（確報値）,平均約定価格（電源属地別）[円/kW・30分],7.33,2.13,1.93,0.36,2.06,0.74,1.52,0.84,0.85,1.15
20260221B08,合計（確報値）,最高約定価格（TSO別）[円/kW・30分],7.34,2.48,3.36,0.36,2.06,0.9,2.02,7.16,2.02,7.34
20260221B08,合計（確報値）,最低約定価格（TSO別）[円/kW・30分],7.32,1.78,1.26,0.36,2.06,0.36,0.52,0.36,0.36,0.36
20260221B08,合計（確報値）,平均約定価格（TSO別）[円/kW・30分],7.33,2.13,1.93,0.36,2.06,0.45,1.5,0.84,0.92,1.15
20260221B08,合計（確報値）,約定量合計（TSO別）[MW],34,140,276.863,419.632,121,497,284.9,100,252,2125.395
20260221B08,合計（確報値）,（内訳）自エリアからの約定量[MW],34,140,276.863,419.632,121,119.019,284.9,100,198,1693.414
20260222B01,システム約定結果,募集量（TSO別）[MW],0,0,0,0,112,198,55,85,282,732
20260222B01,システム約定結果,応札量合計（電源属地別）[MW],233,570,351.978,404.908,116,605,549.801,93,485,3408.687
20260222B01,システム約定結果,落札量合計（電源属地別）[MW],20.552,207.552,136.1,331.247,116,119.019,235.679,85,157,1408.149
20260222B01,システム約定結果,応札件数（電源属地別）[件],2,3,4,7,1,3,7,6,6,39
20260222B01,システム約定結果,落札件数（電源属地別）[件],1,3,3,7,1,3,5,6,4,33
20260222B01,システム約定結果,最高落札価格（電源属地別）[円/kW・30分],3.75,2.77,2,3.43,1.69,0.36,1.44,7.24,1.7,7.24
20260222B01,システム約定結果,最低落札価格（電源属地別）[円/kW・30分],3.75,1.98,1.26,2.03,1.69,0.36,0.36,0.36,0.36,0.36
20260222B01,システム約定結果,平均落札価格（電源属地別）[円/kW・30分],3.75,2.26,1.45,2.83,1.69,0.36,1.21,0.94,0.87,1.72
20260222B01,システム約定結果,最高落札価格（TSO別）[円/kW・30分],3.75,2.77,2,3.43,1.69,2.42,1.44,7.24,3.43,7.24
20260222B01,システム約定結果,最低落札価格（TSO別）[円/kW・30分],3.75,1.98,1.26,2.39,1.69,0.36,0.36,0.36,0.36,0.36
20260222B01,システム約定結果,平均落札価格（TSO別）[円/kW・30分],3.75,2.26,1.45,2.94,1.69,1.1,1.21,0.94,1.74,1.72
20260222B01,システム約定結果,落札量合計（TSO別）[MW],20.552,207.552,136.1,148.316,112,198,218.629,85,282,1408.149
20260222B01,システム約定結果,（内訳）自エリアからの落札量[MW],20.552,207.552,136.1,148.316,112,119.019,218.629,85,157,1204.168
20260222B01,追加調達結果,募集量（TSO別）[MW],-,-,-,-,-,-,-,-,-,-
20260222B01,追加調達結果,応札量合計（電源属地別）[MW],0,0,0,0,0,0,0,0,0,0
20260222B01,追加調達結果,約定量合計（電源属地別）[MW],0,0,0,0,0,0,0,0,0,0
20260222B01,追加調達結果,応札件数（電源属地別）[件],0,0,0,0,0,0,0,0,0,0
20260222B01,追加調達結果,約定件数（電源属地別）[件],0,0,0,0,0,0,0,0,0,0
20260222B01,追加調達結果,最高約定価格（電源属地別）[円/kW・30分],0,0,0,0,0,0,0,0,0,0
20260222B01,追加調達結果,最低約定価格（電源属地別）[円/kW・30分],0,0,0,0,0,0,0,0,0,0
20260222B01,追加調達結果,平均約定価格（電源属地別）[円/kW・30分],0,0,0,0,0,0,0,0,0,0
20260222B01,追加調達結果,最高約定価格（TSO別）[円/kW・30分],0,0,0,0,0,0,0,0,0,0
20260222B01,追加調達結果,最低約定価格（TSO別）[円/kW・30分],0,0,0,0,0,0,0,0,0,0
20260222B01,追加調達結果,平均約定価格（TSO別）[円/kW・30分],0,0,0,0,0,0,0,0,0,0
20260222B01,追加調達結果,約定量合計（TSO別）[MW],0,0,0,0,0,0,0,0,0,0
20260222B01,追加調達結果,（内訳）自エリアからの約定量[MW],0,0,0,0,0,0,0,0,0,0
20260222B01,合計（確報値）,募集量（TSO別）[MW],0,0,0,0,112,198,55,85,282,732
20260222B01,合計（確報値）,応札量合計（電源属地別）[MW],233,570,351.978,706.13,116,639.581,549.801,93,485,3744.49
20260222B01,合計（確報値）,約定量合計（電源属地別）[MW],20.552,207.552,136.1,331.247,116,119.019,235.679,85,157,1408.149
20260222B01,合計（確報値）,応札件数（電源属地別）[件],2,3,4,22,1,5,7,6,6,56
20260222B01,合計（確報値）,約定件数（電源属地別）[件],1,3,3,17,1,4,5,6,4,44
20260222B01,合計（確報値）,最高約定価格（電源属地別）[円/kW・30分],3.75,2.77,2,2.12,1.69,0.36,1.44,7.24,1.7,7.24
20260222B01,合計（確報値）,最低約定価格（電源属地別）[円/kW・30分],3.75,1.98,1.26,0.36,1.69,0.36,0.36,0.36,0.36,0.36
20260222B01,合計（確報値）,平均約定価格（電源属地別）[円/kW・30分],3.75,2.26,1.45,0.51,1.69,0.36,1.21,0.94,0.87,1.18
20260222B01,合計（確報値）,最高約定価格（TSO別）[円/kW・30分],3.75,2.77,2,0.36,1.69,2.12,1.44,7.24,1.7,7.24
20260222B01,合計（確報値）,最低約定価格（TSO別）[円/kW・30分],3.75,1.98,1.26,0.36,1.69,0.36,0.36,0.36,0.36,0.36
20260222B01,合計（確報値）,平均約定価格（TSO別）[円/kW・30分],3.75,2.26,1.45,0.36,1.69,0.62,1.21,0.94,0.71,1.18
20260222B01,合計（確報値）,約定量合計（TSO別）[MW],20.552,207.552,136.1,148.316,112,198,218.629,85,282,1408.149
20260222B01,合計（確報値）,（内訳）自エリアからの約定量[MW],20.552,207.552,136.1,148.316,112,119.019,218.629,85,157,1204.168
20260222B02,システム約定結果,募集量（TSO別）[MW],0,50,0,0,93,237,193,87,244,904
20260222B02,システム約定結果,応札量合計（電源属地別）[MW],236,570,532.281,264.908,102,605,549.801,93,500,3452.99
20260222B02,システム約定結果,落札量合計（電源属地別）[MW],19.032,208,380.981,245.933,102,119.019,322.505,87,180,1664.47
20260222B02,システム約定結果,応札件数（電源属地別）[件],3,3,4,5,1,3,7,4,7,37
20260222B02,システム約定結果,落札件数（電源属地別）[件],1,3,2,5,1,3,6,4,4,29
20260222B02,システム約定結果,最高落札価格（電源属地別）[円/kW・30分],3.83,2.87,2.19,3.27,1.66,0.36,1.52,7.82,1.86,7.82
20260222B02,システム約定結果,最低落札価格（電源属地別）[円/kW・30分],3.83,2.06,2.05,1.85,1.66,0.36,0.36,0.36,0.36,0.36
20260222B02,システム約定結果,平均落札価格（電源属地別）[円/kW・30分],3.83,2.34,2.12,2.98,1.66,0.36,1.21,2.74,0.87,1.86
20260222B02,システム約定結果,最高落札価格（TSO別）[円/kW・30分],3.83,2.87,2.19,3.27,1.66,3.27,1.52,7.82,1.86,7.82
20260222B02,システム約定結果,最低落札価格（TSO別）[円/kW・30分],3.83,2.06,2.05,3.18,1.66,0.36,0.36,0.36,0.36,0.36
20260222B02,システム約定結果,平均落札価格（TSO別）[円/kW・30分],3.83,2.34,2.12,3.23,1.66,1.53,1.2,2.74,0.98,1.86
20260222B02,システム約定結果,落札量合計（TSO別）[MW],19.032,208,380.981,127.952,102,237,258.505,87,244,1664.47
20260222B02,システム約定結果,（内訳）自エリアからの落札量[MW],19.032,208,380.981,127.952,102,119.019,258.505,87,180,1482.489
20260222B02,追加調達結果,募集量（TSO別）[MW],-,-,-,-,-,-,-,-,-,-
20260222B02,追加調達結果,応札量合計（電源属地別）[MW],0,0,0,0,0,0,0,0,0,0
20260222B02,追加調達結果,約定量合計（電源属地別）[MW],0,0,0,0,0,0,0,0,0,0
20260222B02,追加調達結果,応札件数（電源属地別）[件],0,0,0,0,0,0,0,0,0,0
20260222B02,追加調達結果,約定件数（電源属地別）[件],0,0,0,0,0,0,0,0,0,0
20260222B02,追加調達結果,最高約定価格（電源属地別）[円/kW・30分],0,0,0,0,0,0,0,0,0,0
20260222B02,追加調達結果,最低約定価格（電源属地別）[円/kW・30分],0,0,0,0,0,0,0,0,0,0
20260222B02,追加調達結果,平均約定価格（電源属地別）[円/kW・30分],0,0,0,0,0,0,0,0,0,0
20260222B02,追加調達結果,最高約定価格（TSO別）[円/kW・30分],0,0,0,0,0,0,0,0,0,0
20260222B02,追加調達結果,最低約定価格（TSO別）[円/kW・30分],0,0,0,0,0,0,0,0,0,0
20260222B02,追加調達結果,平均約定価格（TSO別）[円/kW・30分],0,0,0,0,0,0,0,0,0,0
20260222B02,追加調達結果,約定量合計（TSO別）[MW],0,0,0,0,0,0,0,0,0,0
20260222B02,追加調達結果,（内訳）自エリアからの約定量[MW],0,0,0,0,0,0,0,0,0,0
20260222B02,合計（確報値）,募集量（TSO別）[MW],0,50,0,0,93,237,193,87,244,904
20260222B02,合計（確報値）,応札量合計（電源属地別）[MW],236,570,532.281,492.816,102,639.581,549.801,93,500,3715.479
20260222B02,合計（確報値）,約定量合計（電源属地別）[MW],19.032,208,380.981,245.933,102,119.019,322.505,87,180,1664.47
20260222B02,合計（確報値）,応札件数（電源属地別）[件],3,3,4,17,1,4,7,4,7,50
20260222B02,合計（確報値）,約定件数（電源属地別）[件],1,3,2,13,1,3,6,4,4,37
20260222B02,合計（確報値）,最高約定価格（電源属地別）[円/kW・30分],3.83,2.87,2.19,1.85,1.66,0.36,1.52,7.82,1.86,7.82
20260222B02,合計（確報値）,最低約定価格（電源属地別）[円/kW・30分],3.83,2.06,2.05,0.36,1.66,0.36,0.36,0.36,0.36,0.36
20260222B02,合計（確報値）,平均約定価格（電源属地別）[円/kW・30分],3.83,2.34,2.12,0.47,1.66,0.36,1.21,2.74,0.87,1.49
20260222B02,合計（確報値）,最高約定価格（TSO別）[円/kW・30分],3.83,2.87,2.19,0.36,1.66,1.85,1.52,7.82,1.86,7.82
20260222B02,合計（確報値）,最低約定価格（TSO別）[円/kW・30分],3.83,2.06,2.05,0.36,1.66,0.36,0.36,0.36,0.36,0.36
20260222B02,合計（確報値）,平均約定価格（TSO別）[円/kW・30分],3.83,2.34,2.12,0.36,1.66,0.47,1.2,2.74,0.98,1.49
20260222B02,合計（確報値）,約定量合計（TSO別）[MW],19.032,208,380.981,127.952,102,237,258.505,87,244,1664.47
20260222B02,合計（確報値）,（内訳）自エリアからの約定量[MW],19.032,208,380.981,127.952,102,119.019,258.505,87,180,1482.489
20260222B03,システム約定結果,募集量（TSO別）[MW],0,380,356,0,140,596,329,134,261,2196
20260222B03,システム約定結果,応札量合計（電源属地別）[MW],256.69,641.5,1128.664,1.5,169,605,683.64,154,552,4191.994
20260222B03,システム約定結果,落札量合計（電源属地別）[MW],54.1,280,791.264,0,169,194.043,448.848,154,319,2410.255
20260222B03,システム約定結果,応札件数（電源属地別）[件],5,4,9,1,2,3,10,3,5,42
20260222B03,システム約定結果,落札件数（電源属地別）[件],4,3,7,0,2,3,8,3,3,33
20260222B03,システム約定結果,最高落札価格（電源属地別）[円/kW・30分],10.99,3.23,4.21,0,1.54,0.64,1.23,7.54,0.4,10.99
20260222B03,システム約定結果,最低落札価格（電源属地別）[円/kW・30分],3.31,1.63,0.35,0,1.53,0.48,0.36,0.36,0.36,0.35
20260222B03,システム約定結果,平均落札価格（電源属地別）[円/kW・30分],6.52,2.23,1.11,0,1.54,0.55,0.72,1.25,0.4,1.19
20260222B03,システム約定結果,最高落札価格（TSO別）[円/kW・30分],10.99,3.23,4.21,0,1.54,1.54,1.23,7.54,0.4,10.99
20260222B03,システム約定結果,最低落札価格（TSO別）[円/kW・30分],3.31,0.35,0.36,0,1.53,0.35,0.36,0.36,0.36,0.35
20260222B03,システム約定結果,平均落札価格（TSO別）[円/kW・30分],6.52,1.48,2.04,0,1.54,0.6,0.62,1.39,0.4,1.19
20260222B03,システム約定結果,落札量合計（TSO別）[MW],54.1,467,356,0,140,596,344.155,134,319,2410.255
20260222B03,システム約定結果,（内訳）自エリアからの落札量[MW],54.1,280,356,0,140,194.043,344.155,134,319,1821.298
20260222B03,追加調達結果,募集量（TSO別）[MW],-,-,-,-,-,-,-,-,-,-
20260222B03,追加調達結果,応札量合計（電源属地別）[MW],0,0,0,0,0,0,0,0,0,0
20260222B03,追加調達結果,約定量合計（電源属地別）[MW],0,0,0,0,0,0,0,0,0,0
20260222B03,追加調達結果,応札件数（電源属地別）[件],0,0,0,0,0,0,0,0,0,0
20260222B03,追加調達結果,約定件数（電源属地別）[件],0,0,0,0,0,0,0,0,0,0
20260222B03,追加調達結果,最高約定価格（電源属地別）[円/kW・30分],0,0,0,0,0,0,0,0,0,0
20260222B03,追加調達結果,最低約定価格（電源属地別）[円/kW・30分],0,0,0,0,0,0,0,0,0,0
20260222B03,追加調達結果,平均約定価格（電源属地別）[円/kW・30分],0,0,0,0,0,0,0,0,0,0
20260222B03,追加調達結果,最高約定価格（TSO別）[円/kW・30分],0,0,0,0,0,0,0,0,0,0
20260222B03,追加調達結果,最低約定価格（TSO別）[円/kW・30分],0,0,0,0,0,0,0,0,0,0
20260222B03,追加調達結果,平均約定価格（TSO別）[円/kW・30分],0,0,0,0,0,0,0,0,0,0
20260222B03,追加調達結果,約定量合計（TSO別）[MW],0,0,0,0,0,0,0,0,0,0
20260222B03,追加調達結果,（内訳）自エリアからの約定量[MW],0,0,0,0,0,0,0,0,0,0
20260222B03,合計（確報値）,募集量（TSO別）[MW],0,380,356,0,140,596,329,134,261,2196
20260222B03,合計（確報値）,応札量合計（電源属地別）[MW],256.69,641.5,1128.664,1.5,169,714.55,683.64,154,552,4301.544
20260222B03,合計（確報値）,約定量合計（電源属地別）[MW],54.1,280,791.264,0,169,193.988,448.848,154,319,2410.2
20260222B03,合計（確報値）,応札件数（電源属地別）[件],5,4,9,1,2,7,10,3,5,46
20260222B03,合計（確報値）,約定件数（電源属地別）[件],4,3,7,0,2,6,8,3,3,36
20260222B03,合計（確報値）,最高約定価格（電源属地別）[円/kW・30分],10.99,3.23,4.21,0,1.54,0.64,1.23,7.54,0.4,10.99
20260222B03,合計（確報値）,最低約定価格（電源属地別）[円/kW・30分],3.31,1.63,0.35,0,1.53,0.36,0.36,0.36,0.36,0.35
20260222B03,合計（確報値）,平均約定価格（電源属地別）[円/kW・30分],6.52,2.23,1.11,0,1.54,0.48,0.72,1.25,0.4,1.18
20260222B03,合計（確報値）,最高約定価格（TSO別）[円/kW・30分],10.99,3.23,4.21,0,1.54,1.54,1.23,7.54,0.4,10.99
20260222B03,合計（確報値）,最低約定価格（TSO別）[円/kW・30分],3.31,0.35,0.36,0,1.53,0.35,0.36,0.36,0.36,0.35
20260222B03,合計（確報値）,平均約定価格（TSO別）[円/kW・30分],6.52,1.48,2.04,0,1.54,0.58,0.62,1.39,0.4,1.18
20260222B03,合計（確報値）,約定量合計（TSO別）[MW],54.1,467,356,0,140,595.945,344.155,134,319,2410.2
20260222B03,合計（確報値）,（内訳）自エリアからの約定量[MW],54.1,280,356,0,140,193.988,344.155,134,319,1821.243
20260222B04,システム約定結果,募集量（TSO別）[MW],0,132,718,0,258,772,470,265,361,2976
20260222B04,システム約定結果,応札量合計（電源属地別）[MW],235,450,1133.122,0,266,607,406.191,165,719,3981.313
20260222B04,システム約定結果,落札量合計（電源属地別）[MW],60,210,718,0,266,607,406.191,165,419,2851.191
20260222B04,システム約定結果,応札件数（電源属地別）[件],3,2,9,0,2,4,6,3,5,34
20260222B04,システム約定結果,落札件数（電源属地別）[件],3,2,6,0,2,4,6,3,4,30
20260222B04,システム約定結果,最高落札価格（電源属地別）[円/kW・30分],9.97,5.19,0.36,0,0.35,17.27,0.36,12.28,0.42,17.27
20260222B04,システム約定結果,最低落札価格（電源属地別）[円/kW・30分],4.08,2.7,0.35,0,0.35,0.36,0.36,0.36,0.36,0.35
20260222B04,システム約定結果,平均落札価格（電源属地別）[円/kW・30分],6.88,3.53,0.36,0,0.35,0.42,0.36,2.24,0.37,0.85
20260222B04,システム約定結果,最高落札価格（TSO別）[円/kW・30分],9.97,5.19,0.36,0,0.35,0.36,17.27,12.28,0.42,17.27
20260222B04,システム約定結果,最低落札価格（TSO別）[円/kW・30分],4.08,2.7,0.35,0,0.35,0.35,0.36,0.36,0.36,0.35
20260222B04,システム約定結果,平均落札価格（TSO別）[円/kW・30分],6.88,3.53,0.36,0,0.35,0.36,0.45,2.24,0.37,0.85
20260222B04,システム約定結果,落札量合計（TSO別）[MW],60,210,718,0,258,634.9,386.291,165,419,2851.191
20260222B04,システム約定結果,（内訳）自エリアからの落札量[MW],60,210,718,0,258,603.614,382.905,165,419,2816.519
20260222B04,追加調達結果,募集量（TSO別）[MW],-,-,-,-,-,-,-,-,-,-
20260222B04,追加調達結果,応札量合計（電源属地別）[MW],0,0,0,0,0,0,0,0,0,0
20260222B04,追加調達結果,約定量合計（電源属地別）[MW],0,0,0,0,0,0,0,0,0,0
20260222B04,追加調達結果,応札件数（電源属地別）[件],0,0,0,0,0,0,0,0,0,0
20260222B04,追加調達結果,約定件数（電源属地別）[件],0,0,0,0,0,0,0,0,0,0
20260222B04,追加調達結果,最高約定価格（電源属地別）[円/kW・30分],0,0,0,0,0,0,0,0,0,0
20260222B04,追加調達結果,最低約定価格（電源属地別）[円/kW・30分],0,0,0,0,0,0,0,0,0,0
20260222B04,追加調達結果,平均約定価格（電源属地別）[円/kW・30分],0,0,0,0,0,0,0,0,0,0
20260222B04,追加調達結果,最高約定価格（TSO別）[円/kW・30分],0,0,0,0,0,0,0,0,0,0
20260222B04,追加調達結果,最低約定価格（TSO別）[円/kW・30分],0,0,0,0,0,0,0,0,0,0
20260222B04,追加調達結果,平均約定価格（TSO別）[円/kW・30分],0,0,0,0,0,0,0,0,0,0
20260222B04,追加調達結果,約定量合計（TSO別）[MW],0,0,0,0,0,0,0,0,0,0
20260222B04,追加調達結果,（内訳）自エリアからの約定量[MW],0,0,0,0,0,0,0,0,0,0
20260222B04,合計（確報値）,募集量（TSO別）[MW],0,132,718,0,258,772,470,265,361,2976
20260222B04,合計（確報値）,応札量合計（電源属地別）[MW],235,450,1133.122,0,266,799.945,406.191,165,719,4174.258
20260222B04,合計（確報値）,約定量合計（電源属地別）[MW],60,210,718,0,266,604.945,406.191,165,419,2849.136
20260222B04,合計（確報値）,応札件数（電源属地別）[件],3,2,9,0,2,8,6,3,5,38
20260222B04,合計（確報値）,約定件数（電源属地別）[件],3,2,6,0,2,6,6,3,4,32
20260222B04,合計（確報値）,最高約定価格（電源属地別）[円/kW・30分],9.97,5.19,0.36,0,0.35,0.36,0.36,12.28,0.42,12.28
20260222B04,合計（確報値）,最低約定価格（電源属地別）[円/kW・30分],4.08,2.7,0.35,0,0.35,0.36,0.36,0.36,0.36,0.35
20260222B04,合計（確報値）,平均約定価格（電源属地別）[円/kW・30分],6.88,3.53,0.36,0,0.35,0.36,0.36,2.24,0.37,0.84
20260222B04,合計（確報値）,最高約定価格（TSO別）[円/kW・30分],9.97,5.19,0.36,0,0.35,0.36,0.36,12.28,0.42,12.28
20260222B04,合計（確報値）,最低約定価格（TSO別）[円/kW・30分],4.08,2.7,0.35,0,0.35,0.35,0.36,0.36,0.36,0.35
20260222B04,合計（確報値）,平均約定価格（TSO別）[円/kW・30分],6.88,3.53,0.36,0,0.35,0.36,0.36,2.24,0.37,0.84
20260222B04,合計（確報値）,約定量合計（TSO別）[MW],60,210,718,0,258,634.845,384.291,165,419,2849.136
20260222B04,合計（確報値）,（内訳）自エリアからの約定量[MW],60,210,718,0,258,603.559,382.905,165,419,2816.464
20260222B05,システム約定結果,募集量（TSO別）[MW],72,0,40,0,221,625,227,225,318,1728
20260222B05,システム約定結果,応札量合計（電源属地別）[MW],256.69,450,76.4,0,228,605,406.191,125,719,2866.281
20260222B05,システム約定結果,落札量合計（電源属地別）[MW],74,210,40,0,228,573.714,271.286,125,350,1872
20260222B05,システム約定結果,応札件数（電源属地別）[件],6,2,1,0,2,3,6,3,5,28
20260222B05,システム約定結果,落札件数（電源属地別）[件],1,2,1,0,2,3,5,3,4,21
20260222B05,システム約定結果,最高落札価格（電源属地別）[円/kW・30分],4.89,5.71,7.21,0,0.35,0.36,0.36,17.16,0.36,17.16
20260222B05,システム約定結果,最低落札価格（電源属地別）[円/kW・30分],4.89,2.98,7.21,0,0.35,0.36,0.36,0.36,0.36,0.35
20260222B05,システム約定結果,平均落札価格（電源属地別）[円/kW・30分],4.89,3.89,7.21,0,0.35,0.36,0.36,3.52,0.36,1.29
20260222B05,システム約定結果,最高落札価格（TSO別）[円/kW・30分],4.89,5.71,7.21,0,0.35,0.36,0.36,17.16,0.36,17.16
20260222B05,システム約定結果,最低落札価格（TSO別）[円/kW・30分],4.89,2.98,7.21,0,0.35,0.35,0.36,0.36,0.36,0.35
20260222B05,システム約定結果,平均落札価格（TSO別）[円/kW・30分],4.89,3.89,7.21,0,0.35,0.36,0.36,3.52,0.36,1.29
20260222B05,システム約定結果,落札量合計（TSO別）[MW],74,210,40,0,221,625,227,125,350,1872
20260222B05,システム約定結果,（内訳）自エリアからの落札量[MW],74,210,40,0,221,573.714,227,125,350,1820.714
20260222B05,追加調達結果,募集量（TSO別）[MW],-,-,-,-,-,-,-,-,-,-
20260222B05,追加調達結果,応札量合計（電源属地別）[MW],0,0,0,0,0,0,0,0,0,0
20260222B05,追加調達結果,約定量合計（電源属地別）[MW],0,0,0,0,0,0,0,0,0,0
20260222B05,追加調達結果,応札件数（電源属地別）[件],0,0,0,0,0,0,0,0,0,0
20260222B05,追加調達結果,約定件数（電源属地別）[件],0,0,0,0,0,0,0,0,0,0
20260222B05,追加調達結果,最高約定価格（電源属地別）[円/kW・30分],0,0,0,0,0,0,0,0,0,0
20260222B05,追加調達結果,最低約定価格（電源属地別）[円/kW・30分],0,0,0,0,0,0,0,0,0,0
20260222B05,追加調達結果,平均約定価格（電源属地別）[円/kW・30分],0,0,0,0,0,0,0,0,0,0
20260222B05,追加調達結果,最高約定価格（TSO別）[円/kW・30分],0,0,0,0,0,0,0,0,0,0
20260222B05,追加調達結果,最低約定価格（TSO別）[円/kW・30分],0,0,0,0,0,0,0,0,0,0
20260222B05,追加調達結果,平均約定価格（TSO別）[円/kW・30分],0,0,0,0,0,0,0,0,0,0
20260222B05,追加調達結果,約定量合計（TSO別）[MW],0,0,0,0,0,0,0,0,0,0
20260222B05,追加調達結果,（内訳）自エリアからの約定量[MW],0,0,0,0,0,0,0,0,0,0
20260222B05,合計（確報値）,募集量（TSO別）[MW],72,0,40,0,221,625,227,225,318,1728
20260222B05,合計（確報値）,応札量合計（電源属地別）[MW],256.69,450,76.4,0,228,766.659,406.191,125,719,3027.94
20260222B05,合計（確報値）,約定量合計（電源属地別）[MW],74,210,40,0,228,573.659,271.286,125,350,1871.945
20260222B05,合計（確報値）,応札件数（電源属地別）[件],6,2,1,0,2,7,6,3,5,32
20260222B05,合計（確報値）,約定件数（電源属地別）[件],1,2,1,0,2,6,5,3,4,24
20260222B05,合計（確報値）,最高約定価格（電源属地別）[円/kW・30分],4.89,5.71,7.21,0,0.35,0.36,0.36,17.16,0.36,17.16
20260222B05,合計（確報値）,最低約定価格（電源属地別）[円/kW・30分],4.89,2.98,7.21,0,0.35,0.36,0.36,0.36,0.36,0.35
20260222B05,合計（確報値）,平均約定価格（電源属地別）[円/kW・30分],4.89,3.89,7.21,0,0.35,0.36,0.36,3.52,0.36,1.29
20260222B05,合計（確報値）,最高約定価格（TSO別）[円/kW・30分],4.89,5.71,7.21,0,0.35,0.36,0.36,17.16,0.36,17.16
20260222B05,合計（確報値）,最低約定価格（TSO別）[円/kW・30分],4.89,2.98,7.21,0,0.35,0.35,0.36,0.36,0.36,0.35
20260222B05,合計（確報値）,平均約定価格（TSO別）[円/kW・30分],4.89,3.89,7.21,0,0.35,0.36,0.36,3.52,0.36,1.29
20260222B05,合計（確報値）,約定量合計（TSO別）[MW],74,210,40,0,221,624.945,227,125,350,1871.945
20260222B05,合計（確報値）,（内訳）自エリアからの約定量[MW],74,210,40,0,221,573.659,227,125,350,1820.659
20260222B06,システム約定結果,募集量（TSO別）[MW],0,171,707,0,171,690,278,194,288,2499
20260222B06,システム約定結果,応札量合計（電源属地別）[MW],235,450,898.772,0,179,607,549.801,108,719,3746.573
20260222B06,システム約定結果,落札量合計（電源属地別）[MW],31,250,621.772,0,179,444.838,549.801,108,340,2524.411
20260222B06,システム約定結果,応札件数（電源属地別）[件],3,2,8,0,2,4,7,3,5,34
20260222B06,システム約定結果,落札件数（電源属地別）[件],1,2,7,0,2,3,7,3,4,29
20260222B06,システム約定結果,最高落札価格（電源属地別）[円/kW・30分],3.2,3.23,7.21,0,0.77,1.22,0.75,9.35,0.97,9.35
20260222B06,システム約定結果,最低落札価格（電源属地別）[円/kW・30分],3.2,1.63,0.36,0,0.76,1.06,0.36,0.36,0.39,0.36
20260222B06,システム約定結果,平均落札価格（電源属地別）[円/kW・30分],3.2,2.2,2.94,0,0.77,1.15,0.63,2.76,0.45,1.55
20260222B06,システム約定結果,最高落札価格（TSO別）[円/kW・30分],3.2,3.23,7.21,0,0.77,1.22,0.75,9.35,0.97,9.35
20260222B06,システム約定結果,最低落札価格（TSO別）[円/kW・30分],3.2,1.63,0.36,0,0.76,0.36,0.36,0.36,0.39,0.36
20260222B06,システム約定結果,平均落札価格（TSO別）[円/kW・30分],3.2,2.2,2.94,0,0.77,0.98,0.6,2.76,0.45,1.55
20260222B06,システム約定結果,落札量合計（TSO別）[MW],31,250,621.772,0,171,690,312.639,108,340,2524.411
20260222B06,システム約定結果,（内訳）自エリアからの落札量[MW],31,250,621.772,0,171,444.838,312.639,108,340,2279.249
20260222B06,追加調達結果,募集量（TSO別）[MW],-,-,-,-,-,-,-,-,-,-
20260222B06,追加調達結果,応札量合計（電源属地別）[MW],0,0,0,0,0,0,0,0,0,0
20260222B06,追加調達結果,約定量合計（電源属地別）[MW],0,0,0,0,0,0,0,0,0,0
20260222B06,追加調達結果,応札件数（電源属地別）[件],0,0,0,0,0,0,0,0,0,0
20260222B06,追加調達結果,約定件数（電源属地別）[件],0,0,0,0,0,0,0,0,0,0
20260222B06,追加調達結果,最高約定価格（電源属地別）[円/kW・30分],0,0,0,0,0,0,0,0,0,0
20260222B06,追加調達結果,最低約定価格（電源属地別）[円/kW・30分],0,0,0,0,0,0,0,0,0,0
20260222B06,追加調達結果,平均約定価格（電源属地別）[円/kW・30分],0,0,0,0,0,0,0,0,0,0
20260222B06,追加調達結果,最高約定価格（TSO別）[円/kW・30分],0,0,0,0,0,0,0,0,0,0
20260222B06,追加調達結果,最低約定価格（TSO別）[円/kW・30分],0,0,0,0,0,0,0,0,0,0
20260222B06,追加調達結果,平均約定価格（TSO別）[円/kW・30分],0,0,0,0,0,0,0,0,0,0
20260222B06,追加調達結果,約定量合計（TSO別）[MW],0,0,0,0,0,0,0,0,0,0
20260222B06,追加調達結果,（内訳）自エリアからの約定量[MW],0,0,0,0,0,0,0,0,0,0
20260222B06,合計（確報値）,募集量（TSO別）[MW],0,171,707,0,171,690,278,194,288,2499
20260222B06,合計（確報値）,応札量合計（電源属地別）[MW],235,450,898.772,0,179,799.945,549.801,108,719,3939.518
20260222B06,合計（確報値）,約定量合計（電源属地別）[MW],31,250,621.772,0,179,444.783,549.801,108,340,2524.356
20260222B06,合計（確報値）,応札件数（電源属地別）[件],3,2,8,0,2,8,7,3,5,38
20260222B06,合計（確報値）,約定件数（電源属地別）[件],1,2,7,0,2,6,7,3,4,32
20260222B06,合計（確報値）,最高約定価格（電源属地別）[円/kW・30分],3.2,3.23,7.21,0,0.77,1.22,0.75,9.35,0.97,9.35
20260222B06,合計（確報値）,最低約定価格（電源属地別）[円/kW・30分],3.2,1.63,0.36,0,0.76,0.94,0.36,0.36,0.39,0.36
20260222B06,合計（確報値）,平均約定価格（電源属地別）[円/kW・30分],3.2,2.2,2.94,0,0.77,1.1,0.63,2.76,0.45,1.54
20260222B06,合計（確報値）,最高約定価格（TSO別）[円/kW・30分],3.2,3.23,7.21,0,0.77,1.22,0.75,9.35,0.97,9.35
20260222B06,合計（確報値）,最低約定価格（TSO別）[円/kW・30分],3.2,1.63,0.36,0,0.76,0.36,0.36,0.36,0.39,0.36
20260222B06,合計（確報値）,平均約定価格（TSO別）[円/kW・30分],3.2,2.2,2.94,0,0.77,0.95,0.6,2.76,0.45,1.54
20260222B06,合計（確報値）,約定量合計（TSO別）[MW],31,250,621.772,0,171,689.945,312.639,108,340,2524.356
20260222B06,合計（確報値）,（内訳）自エリアからの約定量[MW],31,250,621.772,0,171,444.783,312.639,108,340,2279.194
20260222B07,システム約定結果,募集量（TSO別）[MW],0,148,446,0,115,624,271,111,260,1975
20260222B07,システム約定結果,応札量合計（電源属地別）[MW],233,570,1112.092,848.96,123,607,683.64,121,569,4867.692
20260222B07,システム約定結果,落札量合計（電源属地別）[MW],31,210,487.698,822.582,123,119.019,307.84,111,167,2379.139
20260222B07,システム約定結果,応札件数（電源属地別）[件],2,3,14,8,1,4,10,4,8,54
20260222B07,システム約定結果,落札件数（電源属地別）[件],1,3,9,6,1,3,8,4,5,40
20260222B07,システム約定結果,最高落札価格（電源属地別）[円/kW・30分],1.79,2.44,5.24,3.91,2.67,4.13,2.03,7.36,2.4,7.36
20260222B07,システム約定結果,最低落札価格（電源属地別）[円/kW・30分],1.79,1.7,0.94,2.04,2.67,3.97,0.36,0.36,0.43,0.36
20260222B07,システム約定結果,平均落札価格（電源属地別）[円/kW・30分],1.79,1.96,3.27,3.1,2.67,4.08,1.39,1.66,1.25,2.63
20260222B07,システム約定結果,最高落札価格（TSO別）[円/kW・30分],1.79,2.44,5.24,3.91,2.67,4.13,2.04,7.36,3.72,7.36
20260222B07,システム約定結果,最低落札価格（TSO別）[円/kW・30分],1.79,1.7,0.94,2.04,2.67,2.03,0.36,0.36,0.43,0.36
20260222B07,システム約定結果,平均落札価格（TSO別）[円/kW・30分],1.79,1.96,3.27,3.62,2.67,3.07,1.44,1.66,2.14,2.63
20260222B07,システム約定結果,落札量合計（TSO別）[MW],31,210,487.698,202.241,115,624,333.2,111,265,2379.139
20260222B07,システム約定結果,（内訳）自エリアからの落札量[MW],31,210,487.698,202.241,115,119.019,272.22,111,167,1715.178
20260222B07,追加調達結果,募集量（TSO別）[MW],-,-,-,-,-,-,-,-,-,-
20260222B07,追加調達結果,応札量合計（電源属地別）[MW],0,0,0,0,0,0,0,0,0,0
20260222B07,追加調達結果,約定量合計（電源属地別）[MW],0,0,0,0,0,0,0,0,0,0
20260222B07,追加調達結果,応札件数（電源属地別）[件],0,0,0,0,0,0,0,0,0,0
20260222B07,追加調達結果,約定件数（電源属地別）[件],0,0,0,0,0,0,0,0,0,0
20260222B07,追加調達結果,最高約定価格（電源属地別）[円/kW・30分],0,0,0,0,0,0,0,0,0,0
20260222B07,追加調達結果,最低約定価格（電源属地別）[円/kW・30分],0,0,0,0,0,0,0,0,0,0
20260222B07,追加調達結果,平均約定価格（電源属地別）[円/kW・30分],0,0,0,0,0,0,0,0,0,0
20260222B07,追加調達結果,最高約定価格（TSO別）[円/kW・30分],0,0,0,0,0,0,0,0,0,0
20260222B07,追加調達結果,最低約定価格（TSO別）[円/kW・30分],0,0,0,0,0,0,0,0,0,0
20260222B07,追加調達結果,平均約定価格（TSO別）[円/kW・30分],0,0,0,0,0,0,0,0,0,0
20260222B07,追加調達結果,約定量合計（TSO別）[MW],0,0,0,0,0,0,0,0,0,0
20260222B07,追加調達結果,（内訳）自エリアからの約定量[MW],0,0,0,0,0,0,0,0,0,0
20260222B07,合計（確報値）,募集量（TSO別）[MW],0,148,446,0,115,624,271,111,260,1975
20260222B07,合計（確報値）,応札量合計（電源属地別）[MW],233,570,1112.092,1863.542,123,641.581,683.64,121,569,5916.855
20260222B07,合計（確報値）,約定量合計（電源属地別）[MW],31,210,487.698,822.582,123,119.019,307.84,111,167,2379.139
20260222B07,合計（確報値）,応札件数（電源属地別）[件],2,3,14,48,1,5,10,4,8,95
20260222B07,合計（確報値）,約定件数（電源属地別）[件],1,3,9,33,1,3,8,4,5,67
20260222B07,合計（確報値）,最高約定価格（電源属地別）[円/kW・30分],1.79,2.44,5.24,0.36,2.67,4.13,2.03,7.36,2.4,7.36
20260222B07,合計（確報値）,最低約定価格（電源属地別）[円/kW・30分],1.79,1.7,0.94,0.36,2.67,3.5,0.36,0.36,0.43,0.36
20260222B07,合計（確報値）,平均約定価格（電源属地別）[円/kW・30分],1.79,1.96,3.27,0.36,2.67,3.95,1.39,1.66,1.25,1.67
20260222B07,合計（確報値）,最高約定価格（TSO別）[円/kW・30分],1.79,2.44,5.24,0.36,2.67,4.13,2.03,7.36,2.4,7.36
20260222B07,合計（確報値）,最低約定価格（TSO別）[円/kW・30分],1.79,1.7,0.94,0.36,2.67,0.36,0.36,0.36,0.36,0.36
20260222B07,合計（確報値）,平均約定価格（TSO別）[円/kW・30分],1.79,1.96,3.27,0.36,2.67,1.17,1.13,1.66,0.92,1.67
20260222B07,合計（確報値）,約定量合計（TSO別）[MW],31,210,487.698,202.241,115,624,333.2,111,265,2379.139
20260222B07,合計（確報値）,（内訳）自エリアからの約定量[MW],31,210,487.698,202.241,115,119.019,272.22,111,167,1715.178
20260222B08,システム約定結果,募集量（TSO別）[MW],0,0,57,0,110,497,280,96,252,1292
20260222B08,システム約定結果,応札量合計（電源属地別）[MW],253.8,570,379.484,942.582,130,605,549.801,109,485,4024.667
20260222B08,システム約定結果,落札量合計（電源属地別）[MW],34,210,226.193,942.582,130,119.019,330.505,100,198,2290.299
20260222B08,システム約定結果,応札件数（電源属地別）[件],4,3,4,7,1,3,7,6,6,41
20260222B08,システム約定結果,落札件数（電源属地別）[件],2,3,2,7,1,3,6,6,5,35
20260222B08,システム約定結果,最高落札価格（電源属地別）[円/kW・30分],7.32,2.87,2.14,4.01,1.96,2.16,1.37,7.29,1.76,7.32
20260222B08,システム約定結果,最低落札価格（電源属地別）[円/kW・30分],3.09,2.06,1.26,1.8,1.96,2,0.36,0.36,0.4,0.36
20260222B08,システム約定結果,平均落札価格（電源属地別）[円/kW・30分],3.46,2.35,1.4,2.71,1.96,2.11,1.07,0.9,0.85,2.01
20260222B08,システム約定結果,最高落札価格（TSO別）[円/kW・30分],7.32,2.87,2.14,4.01,1.96,4.01,2.93,7.29,2.46,7.32
20260222B08,システム約定結果,最低落札価格（TSO別）[円/kW・30分],3.09,2.06,1.26,1.8,1.96,1.8,0.36,0.36,0.4,0.36
20260222B08,システム約定結果,平均落札価格（TSO別）[円/kW・30分],3.46,2.35,1.4,2.88,1.96,2.43,1.17,0.9,1.18,2.01
20260222B08,システム約定結果,落札量合計（TSO別）[MW],34,210,226.193,494.951,130,497,346.155,100,252,2290.299
20260222B08,システム約定結果,（内訳）自エリアからの落札量[MW],34,210,226.193,494.951,130,119.019,327.505,100,198,1839.668
20260222B08,追加調達結果,募集量（TSO別）[MW],-,-,-,-,-,-,-,-,-,-
20260222B08,追加調達結果,応札量合計（電源属地別）[MW],0,0,0,0,0,0,0,0,0,0
20260222B08,追加調達結果,約定量合計（電源属地別）[MW],0,0,0,0,0,0,0,0,0,0
20260222B08,追加調達結果,応札件数（電源属地別）[件],0,0,0,0,0,0,0,0,0,0
20260222B08,追加調達結果,約定件数（電源属地別）[件],0,0,0,0,0,0,0,0,0,0
20260222B08,追加調達結果,最高約定価格（電源属地別）[円/kW・30分],0,0,0,0,0,0,0,0,0,0
20260222B08,追加調達結果,最低約定価格（電源属地別）[円/kW・30分],0,0,0,0,0,0,0,0,0,0
20260222B08,追加調達結果,平均約定価格（電源属地別）[円/kW・30分],0,0,0,0,0,0,0,0,0,0
20260222B08,追加調達結果,最高約定価格（TSO別）[円/kW・30分],0,0,0,0,0,0,0,0,0,0
20260222B08,追加調達結果,最低約定価格（TSO別）[円/kW・30分],0,0,0,0,0,0,0,0,0,0
20260222B08,追加調達結果,平均約定価格（TSO別）[円/kW・30分],0,0,0,0,0,0,0,0,0,0
20260222B08,追加調達結果,約定量合計（TSO別）[MW],0,0,0,0,0,0,0,0,0,0
20260222B08,追加調達結果,（内訳）自エリアからの約定量[MW],0,0,0,0,0,0,0,0,0,0
20260222B08,合計（確報値）,募集量（TSO別）[MW],0,0,57,0,110,497,280,96,252,1292
20260222B08,合計（確報値）,応札量合計（電源属地別）[MW],253.8,570,379.484,2093.164,130,639.581,549.801,109,485,5209.83
20260222B08,合計（確報値）,約定量合計（電源属地別）[MW],34,210,226.193,942.582,130,119.019,330.505,100,198,2290.299
20260222B08,合計（確報値）,応札件数（電源属地別）[件],4,3,4,58,1,5,7,6,6,94
20260222B08,合計（確報値）,約定件数（電源属地別）[件],2,3,2,42,1,4,6,6,5,71
20260222B08,合計（確報値）,最高約定価格（電源属地別）[円/kW・30分],7.32,2.87,2.14,0.36,1.96,2.16,1.37,7.29,1.76,7.32
20260222B08,合計（確報値）,最低約定価格（電源属地別）[円/kW・30分],3.09,2.06,1.26,0.36,1.96,1.53,0.36,0.36,0.4,0.36
20260222B08,合計（確報値）,平均約定価格（電源属地別）[円/kW・30分],3.46,2.35,1.4,0.36,1.96,1.98,1.07,0.9,0.85,1.04
20260222B08,合計（確報値）,最高約定価格（TSO別）[円/kW・30分],7.32,2.87,2.14,0.36,1.96,2.16,1.37,7.29,1.76,7.32
20260222B08,合計（確報値）,最低約定価格（TSO別）[円/kW・30分],3.09,2.06,1.26,0.36,1.96,0.36,0.36,0.36,0.36,0.36
20260222B08,合計（確報値）,平均約定価格（TSO別）[円/kW・30分],3.46,2.35,1.4,0.36,1.96,0.75,1.03,0.9,0.75,1.04
20260222B08,合計（確報値）,約定量合計（TSO別）[MW],34,210,226.193,494.951,130,497,346.155,100,252,2290.299
20260222B08,合計（確報値）,（内訳）自エリアからの約定量[MW],34,210,226.193,494.951,130,119.019,327.505,100,198,1839.668
20260223B01,システム約定結果,募集量（TSO別）[MW],0,0,0,0,112,198,55,85,282,732
20260223B01,システム約定結果,応札量合計（電源属地別）[MW],233,570,568.164,570,116,605,549.801,93,452,3756.965
20260223B01,システム約定結果,落札量合計（電源属地別）[MW],20.552,207.552,191.155,563.654,116,119.019,235.679,93,157,1703.611
20260223B01,システム約定結果,応札件数（電源属地別）[件],2,3,6,5,1,3,7,6,5,38
20260223B01,システム約定結果,落札件数（電源属地別）[件],1,3,5,5,1,3,5,6,4,33
20260223B01,システム約定結果,最高落札価格（電源属地別）[円/kW・30分],3.75,2.28,2.42,3.95,1.69,1.39,0.92,7.26,1.46,7.26
20260223B01,システム約定結果,最低落札価格（電源属地別）[円/kW・30分],3.75,1.59,1.26,2.38,1.69,1.23,0.36,0.36,0.36,0.36
20260223B01,システム約定結果,平均落札価格（電源属地別）[円/kW・30分],3.75,1.83,1.76,2.93,1.69,1.34,0.78,1.5,0.59,1.89
20260223B01,システム約定結果,最高落札価格（TSO別）[円/kW・30分],3.75,2.28,2.42,3.95,1.69,3.95,0.92,7.26,2.83,7.26
20260223B01,システム約定結果,最低落札価格（TSO別）[円/kW・30分],3.75,1.59,1.26,2.38,1.69,1.23,0.36,0.36,0.36,0.36
20260223B01,システム約定結果,平均落札価格（TSO別）[円/kW・30分],3.75,1.83,1.76,3.05,1.69,1.95,0.77,1.5,1.37,1.89
20260223B01,システム約定結果,落札量合計（TSO別）[MW],20.552,207.552,191.155,376.723,116,198,218.629,93,282,1703.611
20260223B01,システム約定結果,（内訳）自エリアからの落札量[MW],20.552,207.552,191.155,376.723,116,119.019,218.629,93,157,1499.63
20260223B01,追加調達結果,募集量（TSO別）[MW],-,-,-,-,-,-,-,-,-,-
20260223B01,追加調達結果,応札量合計（電源属地別）[MW],0,0,0,0,0,0,0,0,0,0
20260223B01,追加調達結果,約定量合計（電源属地別）[MW],0,0,0,0,0,0,0,0,0,0
20260223B01,追加調達結果,応札件数（電源属地別）[件],0,0,0,0,0,0,0,0,0,0
20260223B01,追加調達結果,約定件数（電源属地別）[件],0,0,0,0,0,0,0,0,0,0
20260223B01,追加調達結果,最高約定価格（電源属地別）[円/kW・30分],0,0,0,0,0,0,0,0,0,0
20260223B01,追加調達結果,最低約定価格（電源属地別）[円/kW・30分],0,0,0,0,0,0,0,0,0,0
20260223B01,追加調達結果,平均約定価格（電源属地別）[円/kW・30分],0,0,0,0,0,0,0,0,0,0
20260223B01,追加調達結果,最高約定価格（TSO別）[円/kW・30分],0,0,0,0,0,0,0,0,0,0
20260223B01,追加調達結果,最低約定価格（TSO別）[円/kW・30分],0,0,0,0,0,0,0,0,0,0
20260223B01,追加調達結果,平均約定価格（TSO別）[円/kW・30分],0,0,0,0,0,0,0,0,0,0
20260223B01,追加調達結果,約定量合計（TSO別）[MW],0,0,0,0,0,0,0,0,0,0
20260223B01,追加調達結果,（内訳）自エリアからの約定量[MW],0,0,0,0,0,0,0,0,0,0
20260223B01,合計（確報値）,募集量（TSO別）[MW],0,0,0,0,112,198,55,85,282,732
20260223B01,合計（確報値）,応札量合計（電源属地別）[MW],233,570,568.164,1523.416,116,639.581,549.801,93,452,4744.962
20260223B01,合計（確報値）,約定量合計（電源属地別）[MW],20.552,207.552,191.155,563.654,116,119.019,235.679,93,157,1703.611
20260223B01,合計（確報値）,応札件数（電源属地別）[件],2,3,6,43,1,5,7,6,5,78
20260223B01,合計（確報値）,約定件数（電源属地別）[件],1,3,5,24,1,4,5,6,4,53
20260223B01,合計（確報値）,最高約定価格（電源属地別）[円/kW・30分],3.75,2.28,2.42,0.36,1.69,1.39,0.92,7.26,1.46,7.26
20260223B01,合計（確報値）,最低約定価格（電源属地別）[円/kW・30分],3.75,1.59,1.26,0.36,1.69,0.76,0.36,0.36,0.36,0.36
20260223B01,合計（確報値）,平均約定価格（電源属地別）[円/kW・30分],3.75,1.83,1.76,0.36,1.69,1.21,0.78,1.5,0.59,1.03
20260223B01,合計（確報値）,最高約定価格（TSO別）[円/kW・30分],3.75,2.28,2.42,0.36,1.69,1.39,0.92,7.26,1.46,7.26
20260223B01,合計（確報値）,最低約定価格（TSO別）[円/kW・30分],3.75,1.59,1.26,0.36,1.69,0.36,0.36,0.36,0.36,0.36
20260223B01,合計（確報値）,平均約定価格（TSO別）[円/kW・30分],3.75,1.83,1.76,0.36,1.69,0.87,0.77,1.5,0.52,1.03
20260223B01,合計（確報値）,約定量合計（TSO別）[MW],20.552,207.552,191.155,376.723,116,198,218.629,93,282,1703.611
20260223B01,合計（確報値）,（内訳）自エリアからの約定量[MW],20.552,207.552,191.155,376.723,116,119.019,218.629,93,157,1499.63
20260223B02,システム約定結果,募集量（TSO別）[MW],0,50,0,0,93,237,193,87,244,904
20260223B02,システム約定結果,応札量合計（電源属地別）[MW],236.75,570,294.966,489,102,605,549.801,93,485,3425.517
20260223B02,システム約定結果,落札量合計（電源属地別）[MW],19.032,208,64.726,489,102,119.019,322.505,87,180,1591.282
20260223B02,システム約定結果,応札件数（電源属地別）[件],3,3,4,5,1,3,7,4,6,36
20260223B02,システム約定結果,落札件数（電源属地別）[件],1,3,2,5,1,3,6,4,4,29
20260223B02,システム約定結果,最高落札価格（電源属地別）[円/kW・30分],3.83,2.35,2.26,2.69,1.66,1.39,1.16,7.81,1.86,7.81
20260223B02,システム約定結果,最低落札価格（電源属地別）[円/kW・30分],3.83,1.64,1.92,2.35,1.66,1.24,0.36,0.36,0.36,0.36
20260223B02,システム約定結果,平均落札価格（電源属地別）[円/kW・30分],3.83,1.89,2.06,2.47,1.66,1.35,0.92,2.73,0.87,1.77
20260223B02,システム約定結果,最高落札価格（TSO別）[円/kW・30分],3.83,2.35,2.26,2.69,1.66,2.69,1.16,7.81,1.86,7.81
20260223B02,システム約定結果,最低落札価格（TSO別）[円/kW・30分],3.83,1.64,1.92,2.35,1.66,1.24,0.36,0.36,0.36,0.36
20260223B02,システム約定結果,平均落札価格（TSO別）[円/kW・30分],3.83,1.89,2.06,2.47,1.66,1.89,0.91,2.73,0.88,1.77
20260223B02,システム約定結果,落札量合計（TSO別）[MW],19.032,208,64.726,371.019,102,237,258.505,87,244,1591.282
20260223B02,システム約定結果,（内訳）自エリアからの落札量[MW],19.032,208,64.726,371.019,102,119.019,258.505,87,180,1409.301
20260223B02,追加調達結果,募集量（TSO別）[MW],-,-,-,-,-,-,-,-,-,-
20260223B02,追加調達結果,応札量合計（電源属地別）[MW],0,0,0,0,0,0,0,0,0,0
20260223B02,追加調達結果,約定量合計（電源属地別）[MW],0,0,0,0,0,0,0,0,0,0
20260223B02,追加調達結果,応札件数（電源属地別）[件],0,0,0,0,0,0,0,0,0,0
20260223B02,追加調達結果,約定件数（電源属地別）[件],0,0,0,0,0,0,0,0,0,0
20260223B02,追加調達結果,最高約定価格（電源属地別）[円/kW・30分],0,0,0,0,0,0,0,0,0,0
20260223B02,追加調達結果,最低約定価格（電源属地別）[円/kW・30分],0,0,0,0,0,0,0,0,0,0
20260223B02,追加調達結果,平均約定価格（電源属地別）[円/kW・30分],0,0,0,0,0,0,0,0,0,0
20260223B02,追加調達結果,最高約定価格（TSO別）[円/kW・30分],0,0,0,0,0,0,0,0,0,0
20260223B02,追加調達結果,最低約定価格（TSO別）[円/kW・30分],0,0,0,0,0,0,0,0,0,0
20260223B02,追加調達結果,平均約定価格（TSO別）[円/kW・30分],0,0,0,0,0,0,0,0,0,0
20260223B02,追加調達結果,約定量合計（TSO別）[MW],0,0,0,0,0,0,0,0,0,0
20260223B02,追加調達結果,（内訳）自エリアからの約定量[MW],0,0,0,0,0,0,0,0,0,0
20260223B02,合計（確報値）,募集量（TSO別）[MW],0,50,0,0,93,237,193,87,244,904
20260223B02,合計（確報値）,応札量合計（電源属地別）[MW],236.75,570,294.966,1323.723,102,639.581,549.801,93,485,4294.821
20260223B02,合計（確報値）,約定量合計（電源属地別）[MW],19.032,208,64.726,489,102,119.019,322.505,87,180,1591.282
20260223B02,合計（確報値）,応札件数（電源属地別）[件],3,3,4,35,1,4,7,4,6,67
20260223B02,合計（確報値）,約定件数（電源属地別）[件],1,3,2,17,1,3,6,4,4,41
20260223B02,合計（確報値）,最高約定価格（電源属地別）[円/kW・30分],3.83,2.35,2.26,0.36,1.66,1.39,1.16,7.81,1.86,7.81
20260223B02,合計（確報値）,最低約定価格（電源属地別）[円/kW・30分],3.83,1.64,1.92,0.36,1.66,0.76,0.36,0.36,0.36,0.36
20260223B02,合計（確報値）,平均約定価格（電源属地別）[円/kW・30分],3.83,1.89,2.06,0.36,1.66,1.21,0.92,2.73,0.87,1.12
20260223B02,合計（確報値）,最高約定価格（TSO別）[円/kW・30分],3.83,2.35,2.26,0.36,1.66,1.39,1.16,7.81,1.86,7.81
20260223B02,合計（確報値）,最低約定価格（TSO別）[円/kW・30分],3.83,1.64,1.92,0.36,1.66,0.36,0.36,0.36,0.36,0.36
20260223B02,合計（確報値）,平均約定価格（TSO別）[円/kW・30分],3.83,1.89,2.06,0.36,1.66,0.79,0.91,2.73,0.88,1.12
20260223B02,合計（確報値）,約定量合計（TSO別）[MW],19.032,208,64.726,371.019,102,237,258.505,87,244,1591.282
20260223B02,合計（確報値）,（内訳）自エリアからの約定量[MW],19.032,208,64.726,371.019,102,119.019,258.505,87,180,1409.301
20260223B03,システム約定結果,募集量（TSO別）[MW],0,380,356,0,140,596,329,134,261,2196
20260223B03,システム約定結果,応札量合計（電源属地別）[MW],257.44,641.5,1023.731,136.5,169,605,683.64,154,581.97,4252.781
20260223B03,システム約定結果,落札量合計（電源属地別）[MW],54.1,280,737.517,131.065,169,119.019,448.848,154,319,2412.549
20260223B03,システム約定結果,応札件数（電源属地別）[件],5,4,8,3,2,3,10,3,6,44
20260223B03,システム約定結果,落札件数（電源属地別）[件],4,3,7,2,2,3,8,3,3,35
20260223B03,システム約定結果,最高落札価格（電源属地別）[円/kW・30分],10.99,2.72,4.21,3.37,1.54,3.03,1.58,7.43,0.4,10.99
20260223B03,システム約定結果,最低落札価格（電源属地別）[円/kW・30分],3.31,1.37,0.35,2.32,1.53,2.87,0.38,0.36,0.36,0.35
20260223B03,システム約定結果,平均落札価格（電源属地別）[円/kW・30分],6.52,1.87,1.21,3.23,1.54,2.98,0.88,1.18,0.4,1.45
20260223B03,システム約定結果,最高落札価格（TSO別）[円/kW・30分],10.99,2.72,4.21,2.32,1.54,3.37,1.58,7.43,0.4,10.99
20260223B03,システム約定結果,最低落札価格（TSO別）[円/kW・30分],3.31,0.35,0.36,2.32,1.53,0.35,0.38,0.36,0.36,0.35
20260223B03,システム約定結果,平均落札価格（TSO別）[円/kW・30分],6.52,1.33,2.04,2.32,1.54,1.72,0.77,1.3,0.4,1.45
20260223B03,システム約定結果,落札量合計（TSO別）[MW],54.1,467,356,2.294,140,596,344.155,134,319,2412.549
20260223B03,システム約定結果,（内訳）自エリアからの落札量[MW],54.1,280,356,2.294,140,119.019,344.155,134,319,1748.568
20260223B03,追加調達結果,募集量（TSO別）[MW],-,-,-,-,-,-,-,-,-,-
20260223B03,追加調達結果,応札量合計（電源属地別）[MW],0,0,0,0,0,0,0,0,0,0
20260223B03,追加調達結果,約定量合計（電源属地別）[MW],0,0,0,0,0,0,0,0,0,0
20260223B03,追加調達結果,応札件数（電源属地別）[件],0,0,0,0,0,0,0,0,0,0
20260223B03,追加調達結果,約定件数（電源属地別）[件],0,0,0,0,0,0,0,0,0,0
20260223B03,追加調達結果,最高約定価格（電源属地別）[円/kW・30分],0,0,0,0,0,0,0,0,0,0
20260223B03,追加調達結果,最低約定価格（電源属地別）[円/kW・30分],0,0,0,0,0,0,0,0,0,0
20260223B03,追加調達結果,平均約定価格（電源属地別）[円/kW・30分],0,0,0,0,0,0,0,0,0,0
20260223B03,追加調達結果,最高約定価格（TSO別）[円/kW・30分],0,0,0,0,0,0,0,0,0,0
20260223B03,追加調達結果,最低約定価格（TSO別）[円/kW・30分],0,0,0,0,0,0,0,0,0,0
20260223B03,追加調達結果,平均約定価格（TSO別）[円/kW・30分],0,0,0,0,0,0,0,0,0,0
20260223B03,追加調達結果,約定量合計（TSO別）[MW],0,0,0,0,0,0,0,0,0,0
20260223B03,追加調達結果,（内訳）自エリアからの約定量[MW],0,0,0,0,0,0,0,0,0,0
20260223B03,合計（確報値）,募集量（TSO別）[MW],0,380,356,0,140,596,329,134,261,2196
20260223B03,合計（確報値）,応札量合計（電源属地別）[MW],257.44,641.5,1023.731,407.63,259.51,639.581,683.64,154,581.97,4649.002
20260223B03,合計（確報値）,約定量合計（電源属地別）[MW],54.1,280,737.517,131.065,150.51,119.019,448.848,154,319,2394.059
20260223B03,合計（確報値）,応札件数（電源属地別）[件],5,4,8,19,6,5,10,3,6,66
20260223B03,合計（確報値）,約定件数（電源属地別）[件],4,3,7,8,5,4,8,3,3,45
20260223B03,合計（確報値）,最高約定価格（電源属地別）[円/kW・30分],10.99,2.72,4.21,0.36,1.53,3.03,1.58,7.43,0.4,10.99
20260223B03,合計（確報値）,最低約定価格（電源属地別）[円/kW・30分],3.31,1.37,0.35,0.36,0.35,2.4,0.38,0.36,0.36,0.35
20260223B03,合計（確報値）,平均約定価格（電源属地別）[円/kW・30分],6.52,1.87,1.21,0.36,0.82,2.85,0.88,1.18,0.4,1.24
20260223B03,合計（確報値）,最高約定価格（TSO別）[円/kW・30分],10.99,2.72,4.21,0.36,1.53,3.03,1.58,7.43,0.4,10.99
20260223B03,合計（確報値）,最低約定価格（TSO別）[円/kW・30分],3.31,0.35,0.36,0.36,0.35,0.35,0.38,0.36,0.36,0.35
20260223B03,合計（確報値）,平均約定価格（TSO別）[円/kW・30分],6.52,1.33,2.04,0.36,0.88,1.02,0.77,1.3,0.4,1.24
20260223B03,合計（確報値）,約定量合計（TSO別）[MW],54.1,467,356,2.294,121.51,596,344.155,134,319,2394.059
20260223B03,合計（確報値）,（内訳）自エリアからの約定量[MW],54.1,280,356,2.294,121.51,119.019,344.155,134,319,1730.078
20260223B04,システム約定結果,募集量（TSO別）[MW],0,132,718,0,258,772,470,265,361,2976
20260223B04,システム約定結果,応札量合計（電源属地別）[MW],235.75,450,1167.559,0,266,607,406.191,155,719,4006.5
20260223B04,システム約定結果,落札量合計（電源属地別）[MW],26,176,718,0,266,607,406.191,155,419,2773.191
20260223B04,システム約定結果,応札件数（電源属地別）[件],3,2,9,0,2,4,6,3,5,34
20260223B04,システム約定結果,落札件数（電源属地別）[件],1,2,7,0,2,4,6,3,4,29
20260223B04,システム約定結果,最高落札価格（電源属地別）[円/kW・30分],4.08,4.1,0.36,0,0.35,17.27,0.4,11.33,0.42,17.27
20260223B04,システム約定結果,最低落札価格（電源属地別）[円/kW・30分],4.08,2.13,0.35,0,0.35,0.97,0.36,0.36,0.36,0.35
20260223B04,システム約定結果,平均落札価格（電源属地別）[円/kW・30分],4.08,2.53,0.36,0,0.35,1.13,0.37,2.25,0.37,0.81
20260223B04,システム約定結果,最高落札価格（TSO別）[円/kW・30分],4.08,4.1,0.36,0,0.35,17.27,1.13,11.33,0.42,17.27
20260223B04,システム約定結果,最低落札価格（TSO別）[円/kW・30分],4.08,2.13,0.35,0,0.35,0.35,0.36,0.36,0.36,0.35
20260223B04,システム約定結果,平均落札価格（TSO別）[円/kW・30分],4.08,2.53,0.36,0,0.35,1.1,0.38,2.25,0.37,0.81
20260223B04,システム約定結果,落札量合計（TSO別）[MW],26,176,718,0,258,634.9,386.291,155,419,2773.191
20260223B04,システム約定結果,（内訳）自エリアからの落札量[MW],26,176,718,0,258,603.614,382.905,155,419,2738.519
20260223B04,追加調達結果,募集量（TSO別）[MW],-,-,-,-,-,-,-,-,-,-
20260223B04,追加調達結果,応札量合計（電源属地別）[MW],0,0,0,0,0,0,0,0,0,0
20260223B04,追加調達結果,約定量合計（電源属地別）[MW],0,0,0,0,0,0,0,0,0,0
20260223B04,追加調達結果,応札件数（電源属地別）[件],0,0,0,0,0,0,0,0,0,0
20260223B04,追加調達結果,約定件数（電源属地別）[件],0,0,0,0,0,0,0,0,0,0
20260223B04,追加調達結果,最高約定価格（電源属地別）[円/kW・30分],0,0,0,0,0,0,0,0,0,0
20260223B04,追加調達結果,最低約定価格（電源属地別）[円/kW・30分],0,0,0,0,0,0,0,0,0,0
20260223B04,追加調達結果,平均約定価格（電源属地別）[円/kW・30分],0,0,0,0,0,0,0,0,0,0
20260223B04,追加調達結果,最高約定価格（TSO別）[円/kW・30分],0,0,0,0,0,0,0,0,0,0
20260223B04,追加調達結果,最低約定価格（TSO別）[円/kW・30分],0,0,0,0,0,0,0,0,0,0
20260223B04,追加調達結果,平均約定価格（TSO別）[円/kW・30分],0,0,0,0,0,0,0,0,0,0
20260223B04,追加調達結果,約定量合計（TSO別）[MW],0,0,0,0,0,0,0,0,0,0
20260223B04,追加調達結果,（内訳）自エリアからの約定量[MW],0,0,0,0,0,0,0,0,0,0
20260223B04,合計（確報値）,募集量（TSO別）[MW],0,132,718,0,258,772,470,265,361,2976
20260223B04,合計（確報値）,応札量合計（電源属地別）[MW],235.75,450,1167.559,0,397,799.945,406.191,155,805,4416.445
20260223B04,合計（確報値）,約定量合計（電源属地別）[MW],26,176,718,0,250,604.945,406.191,155,419,2755.136
20260223B04,合計（確報値）,応札件数（電源属地別）[件],3,2,9,0,5,6,6,3,8,42
20260223B04,合計（確報値）,約定件数（電源属地別）[件],1,2,7,0,4,4,6,3,5,32
20260223B04,合計（確報値）,最高約定価格（電源属地別）[円/kW・30分],4.08,4.1,0.36,0,0.35,1.13,0.4,11.33,0.42,11.33
20260223B04,合計（確報値）,最低約定価格（電源属地別）[円/kW・30分],4.08,2.13,0.35,0,0.35,0.85,0.36,0.36,0.36,0.35
20260223B04,合計（確報値）,平均約定価格（電源属地別）[円/kW・30分],4.08,2.53,0.36,0,0.35,1.04,0.37,2.25,0.37,0.79
20260223B04,合計（確報値）,最高約定価格（TSO別）[円/kW・30分],4.08,4.1,0.36,0,0.35,1.13,1.13,11.33,0.42,11.33
20260223B04,合計（確報値）,最低約定価格（TSO別）[円/kW・30分],4.08,2.13,0.35,0,0.35,0.35,0.36,0.36,0.36,0.35
20260223B04,合計（確報値）,平均約定価格（TSO別）[円/kW・30分],4.08,2.53,0.36,0,0.35,1.01,0.38,2.25,0.37,0.79
20260223B04,合計（確報値）,約定量合計（TSO別）[MW],26,176,718,0,242,632.845,386.291,155,419,2755.136
20260223B04,合計（確報値）,（内訳）自エリアからの約定量[MW],26,176,718,0,242,601.559,382.905,155,419,2720.464
20260223B05,システム約定結果,募集量（TSO別）[MW],72,0,40,0,221,625,227,225,318,1728
20260223B05,システム約定結果,応札量合計（電源属地別）[MW],257.44,450,76.4,0,228,605,406.191,115,719,2857.031
20260223B05,システム約定結果,落札量合計（電源属地別）[MW],42.28,210,40,0,228,573.714,271.286,115,350,1830.28
20260223B05,システム約定結果,応札件数（電源属地別）[件],6,2,1,0,2,3,6,2,5,27
20260223B05,システム約定結果,落札件数（電源属地別）[件],1,2,1,0,2,3,5,2,4,20
20260223B05,システム約定結果,最高落札価格（電源属地別）[円/kW・30分],4.89,4.6,7.21,0,0.35,0.36,0.36,17.16,0.36,17.16
20260223B05,システム約定結果,最低落札価格（電源属地別）[円/kW・30分],4.89,2.41,7.21,0,0.35,0.36,0.36,0.36,0.36,0.35
20260223B05,システム約定結果,平均落札価格（電源属地別）[円/kW・30分],4.89,3.14,7.21,0,0.35,0.36,0.36,2.55,0.36,1.07
20260223B05,システム約定結果,最高落札価格（TSO別）[円/kW・30分],4.89,4.6,7.21,0,0.35,0.36,0.36,17.16,0.36,17.16
20260223B05,システム約定結果,最低落札価格（TSO別）[円/kW・30分],2.41,2.41,7.21,0,0.35,0.35,0.36,0.36,0.36,0.35
20260223B05,システム約定結果,平均落札価格（TSO別）[円/kW・30分],3.86,3.25,7.21,0,0.35,0.36,0.36,2.55,0.36,1.07
20260223B05,システム約定結果,落札量合計（TSO別）[MW],77,175.28,40,0,221,625,227,115,350,1830.28
20260223B05,システム約定結果,（内訳）自エリアからの落札量[MW],42.28,175.28,40,0,221,573.714,227,115,350,1744.274
20260223B05,追加調達結果,募集量（TSO別）[MW],-,-,-,-,-,-,-,-,-,-
20260223B05,追加調達結果,応札量合計（電源属地別）[MW],0,0,0,0,0,0,0,0,0,0
20260223B05,追加調達結果,約定量合計（電源属地別）[MW],0,0,0,0,0,0,0,0,0,0
20260223B05,追加調達結果,応札件数（電源属地別）[件],0,0,0,0,0,0,0,0,0,0
20260223B05,追加調達結果,約定件数（電源属地別）[件],0,0,0,0,0,0,0,0,0,0
20260223B05,追加調達結果,最高約定価格（電源属地別）[円/kW・30分],0,0,0,0,0,0,0,0,0,0
20260223B05,追加調達結果,最低約定価格（電源属地別）[円/kW・30分],0,0,0,0,0,0,0,0,0,0
20260223B05,追加調達結果,平均約定価格（電源属地別）[円/kW・30分],0,0,0,0,0,0,0,0,0,0
20260223B05,追加調達結果,最高約定価格（TSO別）[円/kW・30分],0,0,0,0,0,0,0,0,0,0
20260223B05,追加調達結果,最低約定価格（TSO別）[円/kW・30分],0,0,0,0,0,0,0,0,0,0
20260223B05,追加調達結果,平均約定価格（TSO別）[円/kW・30分],0,0,0,0,0,0,0,0,0,0
20260223B05,追加調達結果,約定量合計（TSO別）[MW],0,0,0,0,0,0,0,0,0,0
20260223B05,追加調達結果,（内訳）自エリアからの約定量[MW],0,0,0,0,0,0,0,0,0,0
20260223B05,合計（確報値）,募集量（TSO別）[MW],72,0,40,0,221,625,227,225,318,1728
20260223B05,合計（確報値）,応札量合計（電源属地別）[MW],257.44,450,76.4,0,375,797.945,406.191,115,802,3279.976
20260223B05,合計（確報値）,約定量合計（電源属地別）[MW],42.28,210,40,0,228,573.659,271.286,115,350,1830.225
20260223B05,合計（確報値）,応札件数（電源属地別）[件],6,2,1,0,7,6,6,2,9,39
20260223B05,合計（確報値）,約定件数（電源属地別）[件],1,2,1,0,6,5,5,2,6,28
20260223B05,合計（確報値）,最高約定価格（電源属地別）[円/kW・30分],4.89,4.6,7.21,0,0.35,0.36,0.36,17.16,0.36,17.16
20260223B05,合計（確報値）,最低約定価格（電源属地別）[円/kW・30分],4.89,2.41,7.21,0,0.35,0.36,0.36,0.36,0.36,0.35
20260223B05,合計（確報値）,平均約定価格（電源属地別）[円/kW・30分],4.89,3.14,7.21,0,0.35,0.36,0.36,2.55,0.36,1.07
20260223B05,合計（確報値）,最高約定価格（TSO別）[円/kW・30分],4.89,4.6,7.21,0,0.35,0.36,0.36,17.16,0.36,17.16
20260223B05,合計（確報値）,最低約定価格（TSO別）[円/kW・30分],2.41,2.41,7.21,0,0.35,0.35,0.36,0.36,0.36,0.35
20260223B05,合計（確報値）,平均約定価格（TSO別）[円/kW・30分],3.86,3.25,7.21,0,0.35,0.36,0.36,2.55,0.36,1.07
20260223B05,合計（確報値）,約定量合計（TSO別）[MW],77,175.28,40,0,221,624.945,227,115,350,1830.225
20260223B05,合計（確報値）,（内訳）自エリアからの約定量[MW],42.28,175.28,40,0,221,573.659,227,115,350,1744.219
20260223B06,システム約定結果,募集量（TSO別）[MW],0,171,707,0,171,690,278,194,288,2499
20260223B06,システム約定結果,応札量合計（電源属地別）[MW],235,450,1308.023,22,179,607,549.801,98,719,4167.824
20260223B06,システム約定結果,落札量合計（電源属地別）[MW],31,210,937.107,17.065,179,237.666,549.801,98,340,2599.639
20260223B06,システム約定結果,応札件数（電源属地別）[件],3,2,10,1,2,4,7,2,5,36
20260223B06,システム約定結果,落札件数（電源属地別）[件],1,2,8,1,2,3,7,2,4,30
20260223B06,システム約定結果,最高落札価格（電源属地別）[円/kW・30分],3.2,2.45,4.23,2.48,0.77,1.62,1.02,8.55,0.97,8.55
20260223B06,システム約定結果,最低落札価格（電源属地別）[円/kW・30分],3.2,1.52,0.36,2.48,0.76,1.46,0.42,0.36,0.39,0.36
20260223B06,システム約定結果,平均落札価格（電源属地別）[円/kW・30分],3.2,1.83,1.51,2.48,0.77,1.52,0.82,1.61,0.45,1.23
20260223B06,システム約定結果,最高落札価格（TSO別）[円/kW・30分],3.2,2.45,4.23,0,0.77,2.48,1.02,8.55,0.97,8.55
20260223B06,システム約定結果,最低落札価格（TSO別）[円/kW・30分],3.2,0.36,0.36,0,0.76,0.36,0.42,0.36,0.39,0.36
20260223B06,システム約定結果,平均落札価格（TSO別）[円/kW・30分],3.2,1.62,1.85,0,0.77,1,0.82,1.61,0.45,1.23
20260223B06,システム約定結果,落札量合計（TSO別）[MW],31,250,707,0,171,690,312.639,98,340,2599.639
20260223B06,システム約定結果,（内訳）自エリアからの落札量[MW],31,210,707,0,171,237.666,312.639,98,340,2107.305
20260223B06,追加調達結果,募集量（TSO別）[MW],-,-,-,-,-,-,-,-,-,-
20260223B06,追加調達結果,応札量合計（電源属地別）[MW],0,0,0,0,0,0,0,0,0,0
20260223B06,追加調達結果,約定量合計（電源属地別）[MW],0,0,0,0,0,0,0,0,0,0
20260223B06,追加調達結果,応札件数（電源属地別）[件],0,0,0,0,0,0,0,0,0,0
20260223B06,追加調達結果,約定件数（電源属地別）[件],0,0,0,0,0,0,0,0,0,0
20260223B06,追加調達結果,最高約定価格（電源属地別）[円/kW・30分],0,0,0,0,0,0,0,0,0,0
20260223B06,追加調達結果,最低約定価格（電源属地別）[円/kW・30分],0,0,0,0,0,0,0,0,0,0
20260223B06,追加調達結果,平均約定価格（電源属地別）[円/kW・30分],0,0,0,0,0,0,0,0,0,0
20260223B06,追加調達結果,最高約定価格（TSO別）[円/kW・30分],0,0,0,0,0,0,0,0,0,0
20260223B06,追加調達結果,最低約定価格（TSO別）[円/kW・30分],0,0,0,0,0,0,0,0,0,0
20260223B06,追加調達結果,平均約定価格（TSO別）[円/kW・30分],0,0,0,0,0,0,0,0,0,0
20260223B06,追加調達結果,約定量合計（TSO別）[MW],0,0,0,0,0,0,0,0,0,0
20260223B06,追加調達結果,（内訳）自エリアからの約定量[MW],0,0,0,0,0,0,0,0,0,0
20260223B06,合計（確報値）,募集量（TSO別）[MW],0,171,707,0,171,690,278,194,288,2499
20260223B06,合計（確報値）,応札量合計（電源属地別）[MW],235,450,1308.023,63.03,298,760.173,549.801,98,719,4481.027
20260223B06,合計（確報値）,約定量合計（電源属地別）[MW],31,210,937.107,17.065,179,237.611,549.801,98,340,2599.584
20260223B06,合計（確報値）,応札件数（電源属地別）[件],3,2,10,5,7,8,7,2,5,49
20260223B06,合計（確報値）,約定件数（電源属地別）[件],1,2,8,2,6,6,7,2,4,38
20260223B06,合計（確報値）,最高約定価格（電源属地別）[円/kW・30分],3.2,2.45,4.23,0.36,0.76,1.62,1.02,8.55,0.97,8.55
20260223B06,合計（確報値）,最低約定価格（電源属地別）[円/kW・30分],3.2,1.52,0.36,0.36,0.35,1.25,0.42,0.36,0.39,0.35
20260223B06,合計（確報値）,平均約定価格（電源属地別）[円/kW・30分],3.2,1.83,1.51,0.36,0.49,1.38,0.82,1.61,0.45,1.19
20260223B06,合計（確報値）,最高約定価格（TSO別）[円/kW・30分],3.2,2.45,4.23,0,0.76,1.62,1.02,8.55,0.97,8.55
20260223B06,合計（確報値）,最低約定価格（TSO別）[円/kW・30分],3.2,0.36,0.36,0,0.35,0.35,0.42,0.36,0.39,0.35
20260223B06,合計（確報値）,平均約定価格（TSO別）[円/kW・30分],3.2,1.62,1.85,0,0.49,0.9,0.82,1.61,0.45,1.19
20260223B06,合計（確報値）,約定量合計（TSO別）[MW],31,250,707,0,171,689.945,312.639,98,340,2599.584
20260223B06,合計（確報値）,（内訳）自エリアからの約定量[MW],31,210,707,0,171,237.611,312.639,98,340,2107.25
20260223B07,システム約定結果,募集量（TSO別）[MW],0,148,446,0,115,624,271,111,260,1975
20260223B07,システム約定結果,応札量合計（電源属地別）[MW],233,570,1387.381,502.582,123,607,683.64,121,495.97,4723.573
20260223B07,システム約定結果,落札量合計（電源属地別）[MW],31,210,552.2,494.647,123,119.019,318.134,121,199,2168
20260223B07,システム約定結果,応札件数（電源属地別）[件],2,3,14,3,1,4,10,4,8,49
20260223B07,システム約定結果,落札件数（電源属地別）[件],1,3,9,3,1,3,8,4,5,37
20260223B07,システム約定結果,最高落札価格（電源属地別）[円/kW・30分],1.79,1.49,8.77,3.2,2.67,3.25,2.51,7.17,2.4,8.77
20260223B07,システム約定結果,最低落札価格（電源属地別）[円/kW・30分],1.79,0.94,0.35,1.97,2.67,3.09,0.56,0.36,0.43,0.35
20260223B07,システム約定結果,平均落札価格（電源属地別）[円/kW・30分],1.79,1.13,3.65,2.29,2.67,3.2,1.73,1.42,1.16,2.36
20260223B07,システム約定結果,最高落札価格（TSO別）[円/kW・30分],1.79,1.49,8.77,2.79,2.67,8.77,2.51,7.17,2.4,8.77
20260223B07,システム約定結果,最低落札価格（TSO別）[円/kW・30分],1.79,0.94,0.35,1.97,2.67,0.35,0.36,0.36,0.43,0.35
20260223B07,システム約定結果,平均落札価格（TSO別）[円/kW・30分],1.79,1.13,3.76,2.31,2.67,2.72,1.45,1.52,1.41,2.36
20260223B07,システム約定結果,落札量合計（TSO別）[MW],31,210,446,75,115,624,271,111,285,2168
20260223B07,システム約定結果,（内訳）自エリアからの落札量[MW],31,210,446,75,115,119.019,220.324,111,199,1526.343
20260223B07,追加調達結果,募集量（TSO別）[MW],-,-,-,-,-,-,-,-,-,-
20260223B07,追加調達結果,応札量合計（電源属地別）[MW],0,0,0,0,0,0,0,0,0,0
20260223B07,追加調達結果,約定量合計（電源属地別）[MW],0,0,0,0,0,0,0,0,0,0
20260223B07,追加調達結果,応札件数（電源属地別）[件],0,0,0,0,0,0,0,0,0,0
20260223B07,追加調達結果,約定件数（電源属地別）[件],0,0,0,0,0,0,0,0,0,0
20260223B07,追加調達結果,最高約定価格（電源属地別）[円/kW・30分],0,0,0,0,0,0,0,0,0,0
20260223B07,追加調達結果,最低約定価格（電源属地別）[円/kW・30分],0,0,0,0,0,0,0,0,0,0
20260223B07,追加調達結果,平均約定価格（電源属地別）[円/kW・30分],0,0,0,0,0,0,0,0,0,0
20260223B07,追加調達結果,最高約定価格（TSO別）[円/kW・30分],0,0,0,0,0,0,0,0,0,0
20260223B07,追加調達結果,最低約定価格（TSO別）[円/kW・30分],0,0,0,0,0,0,0,0,0,0
20260223B07,追加調達結果,平均約定価格（TSO別）[円/kW・30分],0,0,0,0,0,0,0,0,0,0
20260223B07,追加調達結果,約定量合計（TSO別）[MW],0,0,0,0,0,0,0,0,0,0
20260223B07,追加調達結果,（内訳）自エリアからの約定量[MW],0,0,0,0,0,0,0,0,0,0
20260223B07,合計（確報値）,募集量（TSO別）[MW],0,148,446,0,115,624,271,111,260,1975
20260223B07,合計（確報値）,応札量合計（電源属地別）[MW],233,570,1387.381,1403.229,246,641.581,683.65,121,495.97,5781.811
20260223B07,合計（確報値）,約定量合計（電源属地別）[MW],31,210,552.2,494.647,123,119.019,219.81,121,199,2069.676
20260223B07,合計（確報値）,応札件数（電源属地別）[件],2,3,14,46,8,7,11,4,8,103
20260223B07,合計（確報値）,約定件数（電源属地別）[件],1,3,9,25,7,5,8,4,5,67
20260223B07,合計（確報値）,最高約定価格（電源属地別）[円/kW・30分],1.79,1.49,8.77,0.36,1.67,3.25,2.39,7.17,2.4,8.77
20260223B07,合計（確報値）,最低約定価格（電源属地別）[円/kW・30分],1.79,0.94,0.35,0.36,0.35,2.62,0.36,0.36,0.43,0.35
20260223B07,合計（確報値）,平均約定価格（電源属地別）[円/kW・30分],1.79,1.13,3.65,0.36,0.98,3.07,1.38,1.42,1.16,1.78
20260223B07,合計（確報値）,最高約定価格（TSO別）[円/kW・30分],1.79,1.49,8.77,0.36,1.67,8.77,2.39,7.17,2.4,8.77
20260223B07,合計（確報値）,最低約定価格（TSO別）[円/kW・30分],1.79,0.94,0.35,0.36,0.35,0.35,0.36,0.36,0.36,0.35
20260223B07,合計（確報値）,平均約定価格（TSO別）[円/kW・30分],1.79,1.13,3.76,0.36,1.03,1.62,0.93,1.52,0.92,1.78
20260223B07,合計（確報値）,約定量合計（TSO別）[MW],31,210,446,75,115,573.926,222.75,111,285,2069.676
20260223B07,合計（確報値）,（内訳）自エリアからの約定量[MW],31,210,446,75,115,119.019,172.074,111,199,1478.093
20260223B08,システム約定結果,募集量（TSO別）[MW],0,0,57,0,110,497,280,96,252,1292
20260223B08,システム約定結果,応札量合計（電源属地別）[MW],254.55,570,333.2,503.582,130,605,406.191,109,372,3283.523
20260223B08,システム約定結果,落札量合計（電源属地別）[MW],34,210,189,494.647,130,119.019,316.931,100,198,1791.597
20260223B08,システム約定結果,応札件数（電源属地別）[件],4,3,3,3,1,3,6,6,6,35
20260223B08,システム約定結果,落札件数（電源属地別）[件],2,3,1,3,1,3,6,6,5,30
20260223B08,システム約定結果,最高落札価格（電源属地別）[円/kW・30分],7.32,1.67,1.26,2.56,1.96,1.93,1.69,7.14,1.76,7.32
20260223B08,システム約定結果,最低落札価格（電源属地別）[円/kW・30分],3.09,1.13,1.26,1.32,1.96,1.77,0.38,0.36,0.4,0.36
20260223B08,システム約定結果,平均落札価格（電源属地別）[円/kW・30分],3.46,1.48,1.26,1.77,1.96,1.88,1.23,0.83,0.92,1.49
20260223B08,システム約定結果,最高落札価格（TSO別）[円/kW・30分],7.32,1.67,1.26,2.56,1.96,2.56,1.69,7.14,1.76,7.32
20260223B08,システム約定結果,最低落札価格（TSO別）[円/kW・30分],3.09,1.13,1.26,1.32,1.96,1.32,0.38,0.36,0.4,0.36
20260223B08,システム約定結果,平均落札価格（TSO別）[円/kW・30分],3.46,1.48,1.26,2.03,1.96,1.76,1.2,0.83,1.02,1.49
20260223B08,システム約定結果,落札量合計（TSO別）[MW],34,210,189,119.597,110,497,280,100,252,1791.597
20260223B08,システム約定結果,（内訳）自エリアからの落札量[MW],34,210,189,119.597,110,119.019,258.031,100,198,1337.647
20260223B08,追加調達結果,募集量（TSO別）[MW],-,-,-,-,-,-,-,-,-,-
20260223B08,追加調達結果,応札量合計（電源属地別）[MW],0,0,0,0,0,0,0,0,0,0
20260223B08,追加調達結果,約定量合計（電源属地別）[MW],0,0,0,0,0,0,0,0,0,0
20260223B08,追加調達結果,応札件数（電源属地別）[件],0,0,0,0,0,0,0,0,0,0
20260223B08,追加調達結果,約定件数（電源属地別）[件],0,0,0,0,0,0,0,0,0,0
20260223B08,追加調達結果,最高約定価格（電源属地別）[円/kW・30分],0,0,0,0,0,0,0,0,0,0
20260223B08,追加調達結果,最低約定価格（電源属地別）[円/kW・30分],0,0,0,0,0,0,0,0,0,0
20260223B08,追加調達結果,平均約定価格（電源属地別）[円/kW・30分],0,0,0,0,0,0,0,0,0,0
20260223B08,追加調達結果,最高約定価格（TSO別）[円/kW・30分],0,0,0,0,0,0,0,0,0,0
20260223B08,追加調達結果,最低約定価格（TSO別）[円/kW・30分],0,0,0,0,0,0,0,0,0,0
20260223B08,追加調達結果,平均約定価格（TSO別）[円/kW・30分],0,0,0,0,0,0,0,0,0,0
20260223B08,追加調達結果,約定量合計（TSO別）[MW],0,0,0,0,0,0,0,0,0,0
20260223B08,追加調達結果,（内訳）自エリアからの約定量[MW],0,0,0,0,0,0,0,0,0,0
20260223B08,合計（確報値）,募集量（TSO別）[MW],0,0,57,0,110,497,280,96,252,1292
20260223B08,合計（確報値）,応札量合計（電源属地別）[MW],254.55,570,333.2,1475.811,260,639.581,492.252,109,372,4506.394
20260223B08,合計（確報値）,約定量合計（電源属地別）[MW],34,210,189,494.647,130,119.019,304.658,100,198,1779.324
20260223B08,合計（確報値）,応札件数（電源属地別）[件],4,3,3,50,9,5,11,6,6,97
20260223B08,合計（確報値）,約定件数（電源属地別）[件],2,3,1,28,8,4,10,6,5,67
20260223B08,合計（確報値）,最高約定価格（電源属地別）[円/kW・30分],7.32,1.67,1.26,0.36,1.06,1.93,1.37,7.14,1.76,7.32
20260223B08,合計（確報値）,最低約定価格（電源属地別）[円/kW・30分],3.09,1.13,1.26,0.36,0.35,1.3,0.36,0.36,0.4,0.35
20260223B08,合計（確報値）,平均約定価格（電源属地別）[円/kW・30分],3.46,1.48,1.26,0.36,0.58,1.75,0.84,0.83,0.92,0.93
20260223B08,合計（確報値）,最高約定価格（TSO別）[円/kW・30分],7.32,1.67,1.26,0.36,1.06,1.93,1.37,7.14,1.76,7.32
20260223B08,合計（確報値）,最低約定価格（TSO別）[円/kW・30分],3.09,1.13,1.26,0.36,0.35,0.35,0.36,0.36,0.36,0.35
20260223B08,合計（確報値）,平均約定価格（TSO別）[円/kW・30分],3.46,1.48,1.26,0.36,0.63,0.69,0.71,0.83,1.02,0.93
20260223B08,合計（確報値）,約定量合計（TSO別）[MW],34,210,189,119.597,110,497,270.727,100,249,1779.324
20260223B08,合計（確報値）,（内訳）自エリアからの約定量[MW],34,210,189,119.597,110,119.019,248.758,100,198,1328.374
20260224B01,システム約定結果,募集量（TSO別）[MW],0,0,0,0,112,198,55,85,282,732
20260224B01,システム約定結果,応札量合計（電源属地別）[MW],233,380,76.4,823.582,116,605,549.801,93,372,3248.783
20260224B01,システム約定結果,落札量合計（電源属地別）[MW],23,140,0,783.061,116,119.019,235.679,85,157,1658.759
20260224B01,システム約定結果,応札件数（電源属地別）[件],2,2,1,5,1,3,7,6,6,33
20260224B01,システム約定結果,落札件数（電源属地別）[件],1,2,0,5,1,3,5,6,5,28
20260224B01,システム約定結果,最高落札価格（電源属地別）[円/kW・30分],3.99,1.98,0,2.44,1.66,1.39,1.34,7.14,2.38,7.14
20260224B01,システム約定結果,最低落札価格（電源属地別）[円/kW・30分],3.99,1.94,0,1.29,1.66,1.23,0.36,0.36,0.43,0.36
20260224B01,システム約定結果,平均落札価格（電源属地別）[円/kW・30分],3.99,1.96,0,1.97,1.66,1.34,1.13,0.92,1.31,1.69
20260224B01,システム約定結果,最高落札価格（TSO別）[円/kW・30分],3.99,1.98,0,2.44,1.66,2.44,1.34,7.14,2.38,7.14
20260224B01,システム約定結果,最低落札価格（TSO別）[円/kW・30分],3.99,1.94,0,1.29,1.66,1.23,0.36,0.36,0.36,0.36
20260224B01,システム約定結果,平均落札価格（TSO別）[円/kW・30分],3.99,1.96,0,2.04,1.66,1.74,1.12,0.92,1.3,1.69
20260224B01,システム約定結果,落札量合計（TSO別）[MW],23,140,0,596.13,116,198,218.629,85,282,1658.759
20260224B01,システム約定結果,（内訳）自エリアからの落札量[MW],23,140,0,596.13,116,119.019,218.629,85,157,1454.778
20260224B01,追加調達結果,募集量（TSO別）[MW],-,-,-,-,-,-,-,-,-,-
20260224B01,追加調達結果,応札量合計（電源属地別）[MW],0,0,0,0,0,0,0,0,0,0
20260224B01,追加調達結果,約定量合計（電源属地別）[MW],0,0,0,0,0,0,0,0,0,0
20260224B01,追加調達結果,応札件数（電源属地別）[件],0,0,0,0,0,0,0,0,0,0
20260224B01,追加調達結果,約定件数（電源属地別）[件],0,0,0,0,0,0,0,0,0,0
20260224B01,追加調達結果,最高約定価格（電源属地別）[円/kW・30分],0,0,0,0,0,0,0,0,0,0
20260224B01,追加調達結果,最低約定価格（電源属地別）[円/kW・30分],0,0,0,0,0,0,0,0,0,0
20260224B01,追加調達結果,平均約定価格（電源属地別）[円/kW・30分],0,0,0,0,0,0,0,0,0,0
20260224B01,追加調達結果,最高約定価格（TSO別）[円/kW・30分],0,0,0,0,0,0,0,0,0,0
20260224B01,追加調達結果,最低約定価格（TSO別）[円/kW・30分],0,0,0,0,0,0,0,0,0,0
20260224B01,追加調達結果,平均約定価格（TSO別）[円/kW・30分],0,0,0,0,0,0,0,0,0,0
20260224B01,追加調達結果,約定量合計（TSO別）[MW],0,0,0,0,0,0,0,0,0,0
20260224B01,追加調達結果,（内訳）自エリアからの約定量[MW],0,0,0,0,0,0,0,0,0,0
20260224B01,合計（確報値）,募集量（TSO別）[MW],0,0,0,0,112,198,55,85,282,732
20260224B01,合計（確報値）,応札量合計（電源属地別）[MW],233,380,76.4,1736.222,232,639.581,549.801,93,372,4312.004
20260224B01,合計（確報値）,約定量合計（電源属地別）[MW],23,140,0,783.061,116,119.019,235.679,85,157,1658.759
20260224B01,合計（確報値）,応札件数（電源属地別）[件],2,2,1,28,9,6,7,6,6,67
20260224B01,合計（確報値）,約定件数（電源属地別）[件],1,2,0,20,8,5,5,6,5,52
20260224B01,合計（確報値）,最高約定価格（電源属地別）[円/kW・30分],3.99,1.98,0,0.36,1.62,1.39,1.34,7.14,2.38,7.14
20260224B01,合計（確報値）,最低約定価格（電源属地別）[円/kW・30分],3.99,1.94,0,0.36,1.4,0.76,0.36,0.36,0.43,0.36
20260224B01,合計（確報値）,平均約定価格（電源属地別）[円/kW・30分],3.99,1.96,0,0.36,1.52,1.21,1.13,0.92,1.31,0.91
20260224B01,合計（確報値）,最高約定価格（TSO別）[円/kW・30分],3.99,1.98,0,0.36,1.62,1.39,1.34,7.14,2.38,7.14
20260224B01,合計（確報値）,最低約定価格（TSO別）[円/kW・30分],3.99,1.94,0,0.36,1.4,0.36,0.36,0.36,0.36,0.36
20260224B01,合計（確報値）,平均約定価格（TSO別）[円/kW・30分],3.99,1.96,0,0.36,1.52,0.87,1.12,0.92,0.94,0.91
20260224B01,合計（確報値）,約定量合計（TSO別）[MW],23,140,0,596.13,116,198,218.629,85,282,1658.759
20260224B01,合計（確報値）,（内訳）自エリアからの約定量[MW],23,140,0,596.13,116,119.019,218.629,85,157,1454.778
20260224B02,システム約定結果,募集量（TSO別）[MW],0,50,0,0,93,237,193,87,244,904
20260224B02,システム約定結果,応札量合計（電源属地別）[MW],236.75,380,239.652,738.582,102,605,549.801,93,372,3316.785
20260224B02,システム約定結果,落札量合計（電源属地別）[MW],21.032,140,37.193,725.128,102,119.019,322.505,87,180,1733.877
20260224B02,システム約定結果,応札件数（電源属地別）[件],3,2,3,5,1,3,7,4,6,34
20260224B02,システム約定結果,落札件数（電源属地別）[件],1,2,1,5,1,3,6,4,5,28
20260224B02,システム約定結果,最高落札価格（電源属地別）[円/kW・30分],4.13,1.89,1.68,2.4,1.86,1.39,1.67,7.2,2.38,7.2
20260224B02,システム約定結果,最低落札価格（電源属地別）[円/kW・30分],4.13,1.85,1.68,1.25,1.86,1.24,0.36,0.36,0.5,0.36
20260224B02,システム約定結果,平均落札価格（電源属地別）[円/kW・30分],4.13,1.87,1.68,1.86,1.86,1.35,1.34,1.54,1.32,1.68
20260224B02,システム約定結果,最高落札価格（TSO別）[円/kW・30分],4.13,1.89,1.68,2.4,1.86,2.4,1.67,7.2,2.38,7.2
20260224B02,システム約定結果,最低落札価格（TSO別）[円/kW・30分],4.13,1.85,1.68,1.25,1.86,1.24,0.36,0.36,0.36,0.36
20260224B02,システム約定結果,平均落札価格（TSO別）[円/kW・30分],4.13,1.87,1.68,1.85,1.86,1.64,1.31,1.54,1.35,1.68
20260224B02,システム約定結果,落札量合計（TSO別）[MW],21.032,140,37.193,608.147,101,237,258.505,87,244,1733.877
20260224B02,システム約定結果,（内訳）自エリアからの落札量[MW],21.032,140,37.193,608.147,101,119.019,258.505,87,180,1551.896
20260224B02,追加調達結果,募集量（TSO別）[MW],-,-,-,-,-,-,-,-,-,-
20260224B02,追加調達結果,応札量合計（電源属地別）[MW],0,0,0,0,0,0,0,0,0,0
20260224B02,追加調達結果,約定量合計（電源属地別）[MW],0,0,0,0,0,0,0,0,0,0
20260224B02,追加調達結果,応札件数（電源属地別）[件],0,0,0,0,0,0,0,0,0,0
20260224B02,追加調達結果,約定件数（電源属地別）[件],0,0,0,0,0,0,0,0,0,0
20260224B02,追加調達結果,最高約定価格（電源属地別）[円/kW・30分],0,0,0,0,0,0,0,0,0,0
20260224B02,追加調達結果,最低約定価格（電源属地別）[円/kW・30分],0,0,0,0,0,0,0,0,0,0
20260224B02,追加調達結果,平均約定価格（電源属地別）[円/kW・30分],0,0,0,0,0,0,0,0,0,0
20260224B02,追加調達結果,最高約定価格（TSO別）[円/kW・30分],0,0,0,0,0,0,0,0,0,0
20260224B02,追加調達結果,最低約定価格（TSO別）[円/kW・30分],0,0,0,0,0,0,0,0,0,0
20260224B02,追加調達結果,平均約定価格（TSO別）[円/kW・30分],0,0,0,0,0,0,0,0,0,0
20260224B02,追加調達結果,約定量合計（TSO別）[MW],0,0,0,0,0,0,0,0,0,0
20260224B02,追加調達結果,（内訳）自エリアからの約定量[MW],0,0,0,0,0,0,0,0,0,0
20260224B02,合計（確報値）,募集量（TSO別）[MW],0,50,0,0,93,237,193,87,244,904
20260224B02,合計（確報値）,応札量合計（電源属地別）[MW],236.75,380,239.652,1570.61,204,639.581,549.801,93,372,4285.394
20260224B02,合計（確報値）,約定量合計（電源属地別）[MW],21.032,140,37.193,725.128,102,119.019,322.505,87,180,1733.877
20260224B02,合計（確報値）,応札件数（電源属地別）[件],3,2,3,28,8,4,7,4,6,65
20260224B02,合計（確報値）,約定件数（電源属地別）[件],1,2,1,21,7,3,6,4,5,50
20260224B02,合計（確報値）,最高約定価格（電源属地別）[円/kW・30分],4.13,1.89,1.68,0.36,1.82,1.39,1.67,7.2,2.38,7.2
20260224B02,合計（確報値）,最低約定価格（電源属地別）[円/kW・30分],4.13,1.85,1.68,0.36,1.61,0.76,0.36,0.36,0.5,0.36
20260224B02,合計（確報値）,平均約定価格（電源属地別）[円/kW・30分],4.13,1.87,1.68,0.36,1.74,1.21,1.34,1.54,1.32,1.04
20260224B02,合計（確報値）,最高約定価格（TSO別）[円/kW・30分],4.13,1.89,1.68,0.36,1.82,1.82,1.67,7.2,2.38,7.2
20260224B02,合計（確報値）,最低約定価格（TSO別）[円/kW・30分],4.13,1.85,1.68,0.36,1.61,0.36,0.36,0.36,0.36,0.36
20260224B02,合計（確報値）,平均約定価格（TSO別）[円/kW・30分],4.13,1.87,1.68,0.36,1.73,0.79,1.31,1.54,1.35,1.04
20260224B02,合計（確報値）,約定量合計（TSO別）[MW],21.032,140,37.193,608.147,101,237,258.505,87,244,1733.877
20260224B02,合計（確報値）,（内訳）自エリアからの約定量[MW],21.032,140,37.193,608.147,101,119.019,258.505,87,180,1551.896
20260224B03,システム約定結果,募集量（TSO別）[MW],0,380,356,0,140,596,329,134,261,2196
20260224B03,システム約定結果,応札量合計（電源属地別）[MW],257.44,451.5,1156.423,505.082,170.994,605,683.64,138,435.93,4404.009
20260224B03,システム約定結果,落札量合計（電源属地別）[MW],54.1,210,761.307,494.647,169,119.019,320.84,138,210,2476.913
20260224B03,システム約定結果,応札件数（電源属地別）[件],5,3,11,4,3,3,10,3,7,49
20260224B03,システム約定結果,落札件数（電源属地別）[件],4,2,6,3,2,3,8,3,5,36
20260224B03,システム約定結果,最高落札価格（電源属地別）[円/kW・30分],10.99,1.31,4.21,2.82,3.06,3.03,2.51,7.24,3.84,10.99
20260224B03,システム約定結果,最低落札価格（電源属地別）[円/kW・30分],2.54,1.17,0.35,1.42,3.05,2.87,0.64,0.36,1.87,0.35
20260224B03,システム約定結果,平均落札価格（電源属地別）[円/kW・30分],6.08,1.22,1.14,1.93,3.06,2.98,1.75,1.14,2.57,1.83
20260224B03,システム約定結果,最高落札価格（TSO別）[円/kW・30分],10.99,1.31,4.21,2.82,3.06,3.03,3.06,7.24,3.84,10.99
20260224B03,システム約定結果,最低落札価格（TSO別）[円/kW・30分],2.54,0.36,0.36,1.42,3.05,1.42,0.35,0.36,0.36,0.35
20260224B03,システム約定結果,平均落札価格（TSO別）[円/kW・30分],6.08,0.76,2.04,2.33,3.06,2.21,1.33,1.16,1.94,1.83
20260224B03,システム約定結果,落札量合計（TSO別）[MW],54.1,450,356,54.003,140,596,366.81,134,326,2476.913
20260224B03,システム約定結果,（内訳）自エリアからの落札量[MW],54.1,210,356,54.003,140,119.019,243.83,134,210,1520.952
20260224B03,追加調達結果,募集量（TSO別）[MW],-,-,-,-,-,-,-,-,-,-
20260224B03,追加調達結果,応札量合計（電源属地別）[MW],0,0,0,0,0,0,0,0,0,0
20260224B03,追加調達結果,約定量合計（電源属地別）[MW],0,0,0,0,0,0,0,0,0,0
20260224B03,追加調達結果,応札件数（電源属地別）[件],0,0,0,0,0,0,0,0,0,0
20260224B03,追加調達結果,約定件数（電源属地別）[件],0,0,0,0,0,0,0,0,0,0
20260224B03,追加調達結果,最高約定価格（電源属地別）[円/kW・30分],0,0,0,0,0,0,0,0,0,0
20260224B03,追加調達結果,最低約定価格（電源属地別）[円/kW・30分],0,0,0,0,0,0,0,0,0,0
20260224B03,追加調達結果,平均約定価格（電源属地別）[円/kW・30分],0,0,0,0,0,0,0,0,0,0
20260224B03,追加調達結果,最高約定価格（TSO別）[円/kW・30分],0,0,0,0,0,0,0,0,0,0
20260224B03,追加調達結果,最低約定価格（TSO別）[円/kW・30分],0,0,0,0,0,0,0,0,0,0
20260224B03,追加調達結果,平均約定価格（TSO別）[円/kW・30分],0,0,0,0,0,0,0,0,0,0
20260224B03,追加調達結果,約定量合計（TSO別）[MW],0,0,0,0,0,0,0,0,0,0
20260224B03,追加調達結果,（内訳）自エリアからの約定量[MW],0,0,0,0,0,0,0,0,0,0
20260224B03,合計（確報値）,募集量（TSO別）[MW],0,380,356,0,140,596,329,134,261,2196
20260224B03,合計（確報値）,応札量合計（電源属地別）[MW],257.44,451.5,1156.423,1076.73,340.994,639.581,683.64,138,435.93,5180.238
20260224B03,合計（確報値）,約定量合計（電源属地別）[MW],54.1,210,761.307,494.647,168,119.019,320.84,138,210,2475.913
20260224B03,合計（確報値）,応札件数（電源属地別）[件],5,3,11,28,14,5,10,3,7,86
20260224B03,合計（確報値）,約定件数（電源属地別）[件],4,2,6,21,8,4,8,3,5,61
20260224B03,合計（確報値）,最高約定価格（電源属地別）[円/kW・30分],10.99,1.31,4.21,0.36,3.05,3.03,2.51,7.24,3.84,10.99
20260224B03,合計（確報値）,最低約定価格（電源属地別）[円/kW・30分],2.54,1.17,0.35,0.36,0.35,2.4,0.64,0.36,1.87,0.35
20260224B03,合計（確報値）,平均約定価格（電源属地別）[円/kW・30分],6.08,1.22,1.14,0.36,1.55,2.85,1.75,1.14,2.57,1.41
20260224B03,合計（確報値）,最高約定価格（TSO別）[円/kW・30分],10.99,1.31,4.21,0.36,3.05,3.03,2.51,7.24,3.84,10.99
20260224B03,合計（確報値）,最低約定価格（TSO別）[円/kW・30分],2.54,0.36,0.36,0.36,0.35,0.36,0.35,0.36,0.35,0.35
20260224B03,合計（確報値）,平均約定価格（TSO別）[円/kW・30分],6.08,0.76,2.04,0.36,1.77,1.12,1.15,1.16,1.78,1.41
20260224B03,合計（確報値）,約定量合計（TSO別）[MW],54.1,450,356,54.003,139,596,366.81,134,326,2475.913
20260224B03,合計（確報値）,（内訳）自エリアからの約定量[MW],54.1,210,356,54.003,139,119.019,243.83,134,210,1519.952
20260224B04,システム約定結果,募集量（TSO別）[MW],0,132,718,0,258,772,470,265,361,2976
20260224B04,システム約定結果,応札量合計（電源属地別）[MW],234.75,450,1391.476,7,266,607,520.101,173,719,4368.327
20260224B04,システム約定結果,落札量合計（電源属地別）[MW],26,176,718,7,266,514,520.101,173,419,2819.101
20260224B04,システム約定結果,応札件数（電源属地別）[件],3,2,11,1,2,4,6,3,5,37
20260224B04,システム約定結果,落札件数（電源属地別）[件],1,2,7,1,2,4,6,3,4,30
20260224B04,システム約定結果,最高落札価格（電源属地別）[円/kW・30分],4.66,1.7,1.26,19.29,0.62,17.27,1.73,7.56,1.09,19.29
20260224B04,システム約定結果,最低落札価格（電源属地別）[円/kW・30分],4.66,1.39,0.35,19.29,0.61,0.97,0.36,0.36,0.36,0.35
20260224B04,システム約定結果,平均落札価格（電源属地別）[円/kW・30分],4.66,1.45,0.59,19.29,0.62,1.13,1.38,1.17,0.54,1
20260224B04,システム約定結果,最高落札価格（TSO別）[円/kW・30分],4.66,1.7,1.26,19.29,0.62,17.27,1.73,7.56,1.09,19.29
20260224B04,システム約定結果,最低落札価格（TSO別）[円/kW・30分],4.66,1.39,0.35,19.29,0.61,0.61,0.36,0.36,0.36,0.35
20260224B04,システム約定結果,平均落札価格（TSO別）[円/kW・30分],4.66,1.45,0.59,19.29,0.62,1.19,1.33,1.17,0.54,1
20260224B04,システム約定結果,落札量合計（TSO別）[MW],26,176,718,7,258,593.517,448.584,173,419,2819.101
20260224B04,システム約定結果,（内訳）自エリアからの落札量[MW],26,176,718,7,258,514,448.584,173,419,2739.584
20260224B04,追加調達結果,募集量（TSO別）[MW],-,-,-,-,-,-,-,-,-,-
20260224B04,追加調達結果,応札量合計（電源属地別）[MW],0,0,0,0,0,0,0,0,0,0
20260224B04,追加調達結果,約定量合計（電源属地別）[MW],0,0,0,0,0,0,0,0,0,0
20260224B04,追加調達結果,応札件数（電源属地別）[件],0,0,0,0,0,0,0,0,0,0
20260224B04,追加調達結果,約定件数（電源属地別）[件],0,0,0,0,0,0,0,0,0,0
20260224B04,追加調達結果,最高約定価格（電源属地別）[円/kW・30分],0,0,0,0,0,0,0,0,0,0
20260224B04,追加調達結果,最低約定価格（電源属地別）[円/kW・30分],0,0,0,0,0,0,0,0,0,0
20260224B04,追加調達結果,平均約定価格（電源属地別）[円/kW・30分],0,0,0,0,0,0,0,0,0,0
20260224B04,追加調達結果,最高約定価格（TSO別）[円/kW・30分],0,0,0,0,0,0,0,0,0,0
20260224B04,追加調達結果,最低約定価格（TSO別）[円/kW・30分],0,0,0,0,0,0,0,0,0,0
20260224B04,追加調達結果,平均約定価格（TSO別）[円/kW・30分],0,0,0,0,0,0,0,0,0,0
20260224B04,追加調達結果,約定量合計（TSO別）[MW],0,0,0,0,0,0,0,0,0,0
20260224B04,追加調達結果,（内訳）自エリアからの約定量[MW],0,0,0,0,0,0,0,0,0,0
20260224B04,合計（確報値）,募集量（TSO別）[MW],0,132,718,0,258,772,470,265,361,2976
20260224B04,合計（確報値）,応札量合計（電源属地別）[MW],234.75,450,1391.476,7,494,799.945,520.101,173,719,4789.272
20260224B04,合計（確報値）,約定量合計（電源属地別）[MW],26,176,718,7,250,511.945,520.101,173,419,2801.046
20260224B04,合計（確報値）,応札件数（電源属地別）[件],3,2,11,1,10,9,6,3,5,50
20260224B04,合計（確報値）,約定件数（電源属地別）[件],1,2,7,1,6,7,6,3,4,37
20260224B04,合計（確報値）,最高約定価格（電源属地別）[円/kW・30分],4.66,1.7,1.26,19.29,0.61,1.13,1.73,7.56,1.09,19.29
20260224B04,合計（確報値）,最低約定価格（電源属地別）[円/kW・30分],4.66,1.39,0.35,19.29,0.35,0.85,0.36,0.36,0.36,0.35
20260224B04,合計（確報値）,平均約定価格（電源属地別）[円/kW・30分],4.66,1.45,0.59,19.29,0.47,1.02,1.38,1.17,0.54,0.97
20260224B04,合計（確報値）,最高約定価格（TSO別）[円/kW・30分],4.66,1.7,1.26,19.29,0.61,1.73,1.73,7.56,1.09,19.29
20260224B04,合計（確報値）,最低約定価格（TSO別）[円/kW・30分],4.66,1.39,0.35,19.29,0.35,0.61,0.36,0.36,0.36,0.35
20260224B04,合計（確報値）,平均約定価格（TSO別）[円/kW・30分],4.66,1.45,0.59,19.29,0.47,1.09,1.33,1.17,0.54,0.97
20260224B04,合計（確報値）,約定量合計（TSO別）[MW],26,176,718,7,242,591.462,448.584,173,419,2801.046
20260224B04,合計（確報値）,（内訳）自エリアからの約定量[MW],26,176,718,7,242,511.945,448.584,173,419,2721.529
20260224B05,システム約定結果,募集量（TSO別）[MW],72,0,40,0,221,625,227,225,318,1728
20260224B05,システム約定結果,応札量合計（電源属地別）[MW],257.44,450,147.6,0,228,605,505.188,133,719,3045.228
20260224B05,システム約定結果,落札量合計（電源属地別）[MW],32.28,210,40,0,228,511.25,279.21,133,404.54,1838.28
20260224B05,システム約定結果,応札件数（電源属地別）[件],6,2,2,0,2,3,6,3,5,29
20260224B05,システム約定結果,落札件数（電源属地別）[件],1,2,1,0,2,3,4,3,5,21
20260224B05,システム約定結果,最高落札価格（電源属地別）[円/kW・30分],5.03,2.11,7.21,0,0.35,0.36,1.17,7.23,0.36,7.23
20260224B05,システム約定結果,最低落札価格（電源属地別）[円/kW・30分],5.03,1.44,7.21,0,0.35,0.36,0.36,0.36,0.36,0.35
20260224B05,システム約定結果,平均落札価格（電源属地別）[円/kW・30分],5.03,1.66,7.21,0,0.35,0.36,0.91,1.15,0.36,0.88
20260224B05,システム約定結果,最高落札価格（TSO別）[円/kW・30分],5.03,2.11,7.21,0,0.35,1.17,1.17,7.23,0.36,7.23
20260224B05,システム約定結果,最低落札価格（TSO別）[円/kW・30分],1.44,1.44,7.21,0,0.35,0.35,0.36,0.36,0.36,0.35
20260224B05,システム約定結果,平均落札価格（TSO別）[円/kW・30分],2.97,1.71,7.21,0,0.35,0.48,0.7,1.15,0.36,0.88
20260224B05,システム約定結果,落札量合計（TSO別）[MW],77,165.28,40,0,221,625,227,133,350,1838.28
20260224B05,システム約定結果,（内訳）自エリアからの落札量[MW],32.28,165.28,40,0,221,509.098,170.308,133,350,1620.966
20260224B05,追加調達結果,募集量（TSO別）[MW],-,-,-,-,-,-,-,-,-,-
20260224B05,追加調達結果,応札量合計（電源属地別）[MW],0,0,0,0,0,0,0,0,0,0
20260224B05,追加調達結果,約定量合計（電源属地別）[MW],0,0,0,0,0,0,0,0,0,0
20260224B05,追加調達結果,応札件数（電源属地別）[件],0,0,0,0,0,0,0,0,0,0
20260224B05,追加調達結果,約定件数（電源属地別）[件],0,0,0,0,0,0,0,0,0,0
20260224B05,追加調達結果,最高約定価格（電源属地別）[円/kW・30分],0,0,0,0,0,0,0,0,0,0
20260224B05,追加調達結果,最低約定価格（電源属地別）[円/kW・30分],0,0,0,0,0,0,0,0,0,0
20260224B05,追加調達結果,平均約定価格（電源属地別）[円/kW・30分],0,0,0,0,0,0,0,0,0,0
20260224B05,追加調達結果,最高約定価格（TSO別）[円/kW・30分],0,0,0,0,0,0,0,0,0,0
20260224B05,追加調達結果,最低約定価格（TSO別）[円/kW・30分],0,0,0,0,0,0,0,0,0,0
20260224B05,追加調達結果,平均約定価格（TSO別）[円/kW・30分],0,0,0,0,0,0,0,0,0,0
20260224B05,追加調達結果,約定量合計（TSO別）[MW],0,0,0,0,0,0,0,0,0,0
20260224B05,追加調達結果,（内訳）自エリアからの約定量[MW],0,0,0,0,0,0,0,0,0,0
20260224B05,合計（確報値）,募集量（TSO別）[MW],72,0,40,0,221,625,227,225,318,1728
20260224B05,合計（確報値）,応札量合計（電源属地別）[MW],257.44,450,147.6,0,467,704.195,505.188,133,719,3383.423
20260224B05,合計（確報値）,約定量合計（電源属地別）[MW],32.28,210,40,0,227,511.195,279.21,133,404.54,1837.225
20260224B05,合計（確報値）,応札件数（電源属地別）[件],6,2,2,0,12,6,6,3,5,42
20260224B05,合計（確報値）,約定件数（電源属地別）[件],1,2,1,0,9,5,4,3,5,30
20260224B05,合計（確報値）,最高約定価格（電源属地別）[円/kW・30分],5.03,2.11,7.21,0,0.35,0.36,1.17,7.23,0.36,7.23
20260224B05,合計（確報値）,最低約定価格（電源属地別）[円/kW・30分],5.03,1.44,7.21,0,0.35,0.36,0.36,0.36,0.36,0.35
20260224B05,合計（確報値）,平均約定価格（電源属地別）[円/kW・30分],5.03,1.66,7.21,0,0.35,0.36,0.91,1.15,0.36,0.88
20260224B05,合計（確報値）,最高約定価格（TSO別）[円/kW・30分],5.03,2.11,7.21,0,0.35,1.17,1.17,7.23,0.36,7.23
20260224B05,合計（確報値）,最低約定価格（TSO別）[円/kW・30分],1.44,1.44,7.21,0,0.35,0.35,0.36,0.36,0.36,0.35
20260224B05,合計（確報値）,平均約定価格（TSO別）[円/kW・30分],2.97,1.71,7.21,0,0.35,0.48,0.7,1.15,0.36,0.88
20260224B05,合計（確報値）,約定量合計（TSO別）[MW],77,165.28,40,0,220,624.945,227,133,350,1837.225
20260224B05,合計（確報値）,（内訳）自エリアからの約定量[MW],32.28,165.28,40,0,220,509.043,170.308,133,350,1619.911
20260224B06,システム約定結果,募集量（TSO別）[MW],0,171,707,0,171,690,278,194,288,2499
20260224B06,システム約定結果,応札量合計（電源属地別）[MW],235,510,1219.699,21.1,179,607,494.277,108,552,3926.076
20260224B06,システム約定結果,落札量合計（電源属地別）[MW],31,210,880.499,16,179,533.6,305.901,108,361,2625
20260224B06,システム約定結果,応札件数（電源属地別）[件],3,2,11,2,2,4,8,3,5,40
20260224B06,システム約定結果,落札件数（電源属地別）[件],1,2,9,1,2,3,6,3,5,32
20260224B06,システム約定結果,最高落札価格（電源属地別）[円/kW・30分],3.46,2.37,4.23,3.14,1.13,1.62,2.15,7.21,2.23,7.21
20260224B06,システム約定結果,最低落札価格（電源属地別）[円/kW・30分],3.46,1.86,0.36,3.14,1.12,1.46,0.59,0.36,0.8,0.36
20260224B06,システム約定結果,平均落札価格（電源属地別）[円/kW・30分],3.46,2.03,1.66,3.14,1.13,1.56,1.09,1.31,1.03,1.5
20260224B06,システム約定結果,最高落札価格（TSO別）[円/kW・30分],3.46,2.37,4.23,0,1.13,3.14,2.15,7.21,2.23,7.21
20260224B06,システム約定結果,最低落札価格（TSO別）[円/kW・30分],3.46,0.36,0.36,0,1.12,0.63,0.59,0.36,0.8,0.36
20260224B06,システム約定結果,平均落札価格（TSO別）[円/kW・30分],3.46,1.67,1.9,0,1.13,1.52,0.97,1.31,1.03,1.5
20260224B06,システム約定結果,落札量合計（TSO別）[MW],31,267,707,0,171,690,290,108,361,2625
20260224B06,システム約定結果,（内訳）自エリアからの落札量[MW],31,210,707,0,171,503.42,251.82,108,361,2343.24
20260224B06,追加調達結果,募集量（TSO別）[MW],-,-,-,-,-,-,-,-,-,-
20260224B06,追加調達結果,応札量合計（電源属地別）[MW],0,0,0,0,0,0,0,0,0,0
20260224B06,追加調達結果,約定量合計（電源属地別）[MW],0,0,0,0,0,0,0,0,0,0
20260224B06,追加調達結果,応札件数（電源属地別）[件],0,0,0,0,0,0,0,0,0,0
20260224B06,追加調達結果,約定件数（電源属地別）[件],0,0,0,0,0,0,0,0,0,0
20260224B06,追加調達結果,最高約定価格（電源属地別）[円/kW・30分],0,0,0,0,0,0,0,0,0,0
20260224B06,追加調達結果,最低約定価格（電源属地別）[円/kW・30分],0,0,0,0,0,0,0,0,0,0
20260224B06,追加調達結果,平均約定価格（電源属地別）[円/kW・30分],0,0,0,0,0,0,0,0,0,0
20260224B06,追加調達結果,最高約定価格（TSO別）[円/kW・30分],0,0,0,0,0,0,0,0,0,0
20260224B06,追加調達結果,最低約定価格（TSO別）[円/kW・30分],0,0,0,0,0,0,0,0,0,0
20260224B06,追加調達結果,平均約定価格（TSO別）[円/kW・30分],0,0,0,0,0,0,0,0,0,0
20260224B06,追加調達結果,約定量合計（TSO別）[MW],0,0,0,0,0,0,0,0,0,0
20260224B06,追加調達結果,（内訳）自エリアからの約定量[MW],0,0,0,0,0,0,0,0,0,0
20260224B06,合計（確報値）,募集量（TSO別）[MW],0,171,707,0,171,690,278,194,288,2499
20260224B06,合計（確報値）,応札量合計（電源属地別）[MW],235,580,1219.699,37.1,373,799.945,494.277,108,552,4399.021
20260224B06,合計（確報値）,約定量合計（電源属地別）[MW],31,210,880.499,16,178,533.545,305.901,108,361,2623.945
20260224B06,合計（確報値）,応札件数（電源属地別）[件],3,5,11,3,11,7,8,3,5,56
20260224B06,合計（確報値）,約定件数（電源属地別）[件],1,4,9,1,7,5,6,3,5,41
20260224B06,合計（確報値）,最高約定価格（電源属地別）[円/kW・30分],3.46,1.86,4.23,0.36,1.12,1.62,2.15,7.21,2.23,7.21
20260224B06,合計（確報値）,最低約定価格（電源属地別）[円/kW・30分],3.46,1.25,0.36,0.36,0.35,1.34,0.59,0.36,0.8,0.35
20260224B06,合計（確報値）,平均約定価格（電源属地別）[円/kW・30分],3.46,1.66,1.66,0.36,0.61,1.52,1.09,1.31,1.03,1.41
20260224B06,合計（確報値）,最高約定価格（TSO別）[円/kW・30分],3.46,1.86,4.23,0,1.12,2.15,2.15,7.21,2.23,7.21
20260224B06,合計（確報値）,最低約定価格（TSO別）[円/kW・30分],3.46,0.36,0.36,0,0.35,0.36,0.35,0.36,0.8,0.35
20260224B06,合計（確報値）,平均約定価格（TSO別）[円/kW・30分],3.46,1.38,1.9,0,0.62,1.42,0.95,1.31,1.03,1.41
20260224B06,合計（確報値）,約定量合計（TSO別）[MW],31,267,707,0,170,689.945,290,108,361,2623.945
20260224B06,合計（確報値）,（内訳）自エリアからの約定量[MW],31,210,707,0,170,503.365,251.82,108,361,2342.185
20260224B07,システム約定結果,募集量（TSO別）[MW],0,148,446,0,115,624,271,111,260,1975
20260224B07,システム約定結果,応札量合計（電源属地別）[MW],233,440,1808.455,29.95,123,607,813.714,121,642.97,4819.089
20260224B07,システム約定結果,落札量合計（電源属地別）[MW],31,140,924.042,17.065,123,119.019,270.874,121,310,2056
20260224B07,システム約定結果,応札件数（電源属地別）[件],2,2,13,2,1,4,13,4,9,50
20260224B07,システム約定結果,落札件数（電源属地別）[件],1,2,9,1,1,3,11,4,7,39
20260224B07,システム約定結果,最高落札価格（電源属地別）[円/kW・30分],2.45,2.18,8,2.98,2.8,3.25,9.57,7.07,3.74,9.57
20260224B07,システム約定結果,最低落札価格（電源属地別）[円/kW・30分],2.45,0.87,0.35,2.98,2.8,3.09,1.1,0.36,1.77,0.35
20260224B07,システム約定結果,平均落札価格（電源属地別）[円/kW・30分],2.45,1.53,3.94,2.98,2.8,3.2,2.23,1.42,2.38,3.02
20260224B07,システム約定結果,最高落札価格（TSO別）[円/kW・30分],2.45,2.18,8,0,2.8,8,9.57,7.07,3.74,9.57
20260224B07,システム約定結果,最低落札価格（TSO別）[円/kW・30分],2.45,0.35,0.36,0,2.8,0.35,0.35,0.36,1.77,0.35
20260224B07,システム約定結果,平均落札価格（TSO別）[円/kW・30分],2.45,1.46,3.13,0,2.8,4.51,1.79,1.51,2.38,3.02
20260224B07,システム約定結果,落札量合計（TSO別）[MW],31,148,446,0,115,624,271,111,310,2056
20260224B07,システム約定結果,（内訳）自エリアからの落札量[MW],31,140,446,0,115,119.019,210.02,111,310,1482.039
20260224B07,追加調達結果,募集量（TSO別）[MW],-,-,-,-,-,-,-,-,-,-
20260224B07,追加調達結果,応札量合計（電源属地別）[MW],0,0,0,0,0,0,0,0,0,0
20260224B07,追加調達結果,約定量合計（電源属地別）[MW],0,0,0,0,0,0,0,0,0,0
20260224B07,追加調達結果,応札件数（電源属地別）[件],0,0,0,0,0,0,0,0,0,0
20260224B07,追加調達結果,約定件数（電源属地別）[件],0,0,0,0,0,0,0,0,0,0
20260224B07,追加調達結果,最高約定価格（電源属地別）[円/kW・30分],0,0,0,0,0,0,0,0,0,0
20260224B07,追加調達結果,最低約定価格（電源属地別）[円/kW・30分],0,0,0,0,0,0,0,0,0,0
20260224B07,追加調達結果,平均約定価格（電源属地別）[円/kW・30分],0,0,0,0,0,0,0,0,0,0
20260224B07,追加調達結果,最高約定価格（TSO別）[円/kW・30分],0,0,0,0,0,0,0,0,0,0
20260224B07,追加調達結果,最低約定価格（TSO別）[円/kW・30分],0,0,0,0,0,0,0,0,0,0
20260224B07,追加調達結果,平均約定価格（TSO別）[円/kW・30分],0,0,0,0,0,0,0,0,0,0
20260224B07,追加調達結果,約定量合計（TSO別）[MW],0,0,0,0,0,0,0,0,0,0
20260224B07,追加調達結果,（内訳）自エリアからの約定量[MW],0,0,0,0,0,0,0,0,0,0
20260224B07,合計（確報値）,募集量（TSO別）[MW],0,148,446,0,115,624,271,111,260,1975
20260224B07,合計（確報値）,応札量合計（電源属地別）[MW],233,510,1808.455,47.015,331,641.581,813.714,121,642.97,5148.735
20260224B07,合計（確報値）,約定量合計（電源属地別）[MW],31,140,924.042,17.065,123,119.019,270.874,121,310,2056
20260224B07,合計（確報値）,応札件数（電源属地別）[件],2,5,13,3,16,6,13,4,9,71
20260224B07,合計（確報値）,約定件数（電源属地別）[件],1,4,9,1,10,4,11,4,7,51
20260224B07,合計（確報値）,最高約定価格（電源属地別）[円/kW・30分],2.45,1.02,8,0.36,2.33,3.25,9.57,7.07,3.74,9.57
20260224B07,合計（確報値）,最低約定価格（電源属地別）[円/kW・30分],2.45,0.87,0.35,0.36,0.35,2.62,1.1,0.36,1.77,0.35
20260224B07,合計（確報値）,平均約定価格（電源属地別）[円/kW・30分],2.45,0.95,3.94,0.36,1.29,3.07,2.23,1.42,2.38,2.86
20260224B07,合計（確報値）,最高約定価格（TSO別）[円/kW・30分],2.45,1.02,8,0,2.33,8,9.57,7.07,3.74,9.57
20260224B07,合計（確報値）,最低約定価格（TSO別）[円/kW・30分],2.45,0.35,0.36,0,0.35,0.35,0.35,0.36,1.77,0.35
20260224B07,合計（確報値）,平均約定価格（TSO別）[円/kW・30分],2.45,0.91,3.13,0,1.21,4.41,1.78,1.51,2.38,2.86
20260224B07,合計（確報値）,約定量合計（TSO別）[MW],31,148,446,0,115,624,271,111,310,2056
20260224B07,合計（確報値）,（内訳）自エリアからの約定量[MW],31,140,446,0,115,119.019,210.02,111,310,1482.039
20260224B08,システム約定結果,募集量（TSO別）[MW],0,0,57,0,110,497,280,96,252,1292
20260224B08,システム約定結果,応札量合計（電源属地別）[MW],254.55,440,314,26,130,605,814.854,109,519,3212.404
20260224B08,システム約定結果,落札量合計（電源属地別）[MW],34,140,314,17.065,130,121.455,493.48,100,252,1602
20260224B08,システム約定結果,応札件数（電源属地別）[件],4,2,3,1,1,3,13,6,7,40
20260224B08,システム約定結果,落札件数（電源属地別）[件],2,2,3,1,1,3,11,6,6,35
20260224B08,システム約定結果,最高落札価格（電源属地別）[円/kW・30分],7.32,2.85,1.26,2.34,2.18,1.93,9.57,7.13,2.7,9.57
20260224B08,システム約定結果,最低落札価格（電源属地別）[円/kW・30分],3.9,1.39,0.35,2.34,2.18,1.77,0.48,0.36,0.82,0.35
20260224B08,システム約定結果,平均落札価格（電源属地別）[円/kW・30分],4.2,2.12,0.9,2.34,2.18,1.88,1.05,0.84,1.56,1.42
20260224B08,システム約定結果,最高落札価格（TSO別）[円/kW・30分],7.32,2.85,1.26,0,2.18,9.57,9.57,7.13,2.7,9.57
20260224B08,システム約定結果,最低落札価格（TSO別）[円/kW・30分],3.9,1.39,1.26,0,2.18,0.35,0.48,0.36,0.82,0.35
20260224B08,システム約定結果,平均落札価格（TSO別）[円/kW・30分],4.2,2.12,1.26,0,2.18,1.23,0.95,0.84,1.56,1.42
20260224B08,システム約定結果,落札量合計（TSO別）[MW],34,140,189,0,110,497,280,100,252,1602
20260224B08,システム約定結果,（内訳）自エリアからの落札量[MW],34,140,189,0,110,121.455,280,100,252,1226.455
20260224B08,追加調達結果,募集量（TSO別）[MW],-,-,-,-,-,-,-,-,-,-
20260224B08,追加調達結果,応札量合計（電源属地別）[MW],0,0,0,0,0,0,0,0,0,0
20260224B08,追加調達結果,約定量合計（電源属地別）[MW],0,0,0,0,0,0,0,0,0,0
20260224B08,追加調達結果,応札件数（電源属地別）[件],0,0,0,0,0,0,0,0,0,0
20260224B08,追加調達結果,約定件数（電源属地別）[件],0,0,0,0,0,0,0,0,0,0
20260224B08,追加調達結果,最高約定価格（電源属地別）[円/kW・30分],0,0,0,0,0,0,0,0,0,0
20260224B08,追加調達結果,最低約定価格（電源属地別）[円/kW・30分],0,0,0,0,0,0,0,0,0,0
20260224B08,追加調達結果,平均約定価格（電源属地別）[円/kW・30分],0,0,0,0,0,0,0,0,0,0
20260224B08,追加調達結果,最高約定価格（TSO別）[円/kW・30分],0,0,0,0,0,0,0,0,0,0
20260224B08,追加調達結果,最低約定価格（TSO別）[円/kW・30分],0,0,0,0,0,0,0,0,0,0
20260224B08,追加調達結果,平均約定価格（TSO別）[円/kW・30分],0,0,0,0,0,0,0,0,0,0
20260224B08,追加調達結果,約定量合計（TSO別）[MW],0,0,0,0,0,0,0,0,0,0
20260224B08,追加調達結果,（内訳）自エリアからの約定量[MW],0,0,0,0,0,0,0,0,0,0
20260224B08,合計（確報値）,募集量（TSO別）[MW],0,0,57,0,110,497,280,96,252,1292
20260224B08,合計（確報値）,応札量合計（電源属地別）[MW],254.55,510,314,43.065,349,642.017,814.854,109,519,3555.486
20260224B08,合計（確報値）,約定量合計（電源属地別）[MW],34,140,314,17.065,130,121.455,493.48,100,252,1602
20260224B08,合計（確報値）,応札件数（電源属地別）[件],4,4,3,3,13,5,13,6,7,58
20260224B08,合計（確報値）,約定件数（電源属地別）[件],2,3,3,2,8,4,11,6,6,45
20260224B08,合計（確報値）,最高約定価格（電源属地別）[円/kW・30分],7.32,1.39,1.26,0.36,1.78,1.93,9.57,7.13,2.7,9.57
20260224B08,合計（確報値）,最低約定価格（電源属地別）[円/kW・30分],3.9,0.97,0.35,0.36,0.35,1.3,0.48,0.36,0.82,0.35
20260224B08,合計（確報値）,平均約定価格（電源属地別）[円/kW・30分],4.2,1.18,0.9,0.36,0.95,1.74,1.05,0.84,1.56,1.2
20260224B08,合計（確報値）,最高約定価格（TSO別）[円/kW・30分],7.32,1.39,1.26,0,1.78,9.57,9.57,7.13,2.7,9.57
20260224B08,合計（確報値）,最低約定価格（TSO別）[円/kW・30分],3.9,0.97,1.26,0,0.35,0.35,0.48,0.36,0.82,0.35
20260224B08,合計（確報値）,平均約定価格（TSO別）[円/kW・30分],4.2,1.18,1.26,0,0.8,1.11,0.95,0.84,1.56,1.2
20260224B08,合計（確報値）,約定量合計（TSO別）[MW],34,140,189,0,110,497,280,100,252,1602
20260224B08,合計（確報値）,（内訳）自エリアからの約定量[MW],34,140,189,0,110,121.455,280,100,252,1226.455
20260225B01,システム約定結果,募集量（TSO別）[MW],0,0,0,0,112,198,55,85,282,732
20260225B01,システム約定結果,応札量合計（電源属地別）[MW],233,440,380.798,855.582,116,605,824.625,93,519,4067.005
20260225B01,システム約定結果,落札量合計（電源属地別）[MW],23,140,123.646,780.435,116,119.019,224.716,85,282,1893.816
20260225B01,システム約定結果,応札件数（電源属地別）[件],2,2,5,6,1,3,11,6,7,43
20260225B01,システム約定結果,落札件数（電源属地別）[件],1,2,4,5,1,3,9,6,6,37
20260225B01,システム約定結果,最高落札価格（電源属地別）[円/kW・30分],3.99,3.19,2.4,2.84,1.66,1.39,9.57,7.13,2.38,9.57
20260225B01,システム約定結果,最低落札価格（電源属地別）[円/kW・30分],3.99,1.67,1.98,1.33,1.66,1.23,0.36,0.36,0.43,0.36
20260225B01,システム約定結果,平均落札価格（電源属地別）[円/kW・30分],3.99,2.43,2.25,2.17,1.66,1.34,1.55,0.92,1.14,1.85
20260225B01,システム約定結果,最高落札価格（TSO別）[円/kW・30分],3.99,3.19,2.4,2.84,1.66,2.84,9.57,7.13,2.38,9.57
20260225B01,システム約定結果,最低落札価格（TSO別）[円/kW・30分],3.99,1.67,1.98,1.33,1.66,1.23,0.36,0.36,0.43,0.36
20260225B01,システム約定結果,平均落札価格（TSO別）[円/kW・30分],3.99,2.43,2.25,2.18,1.66,1.62,1.55,0.92,1.14,1.85
20260225B01,システム約定結果,落札量合計（TSO別）[MW],23,140,123.646,707.08,116,198,219.09,85,282,1893.816
20260225B01,システム約定結果,（内訳）自エリアからの落札量[MW],23,140,123.646,707.08,116,119.019,219.09,85,282,1814.835
20260225B01,追加調達結果,募集量（TSO別）[MW],-,-,-,-,-,-,-,-,-,-
20260225B01,追加調達結果,応札量合計（電源属地別）[MW],0,0,0,0,0,0,0,0,0,0
20260225B01,追加調達結果,約定量合計（電源属地別）[MW],0,0,0,0,0,0,0,0,0,0
20260225B01,追加調達結果,応札件数（電源属地別）[件],0,0,0,0,0,0,0,0,0,0
20260225B01,追加調達結果,約定件数（電源属地別）[件],0,0,0,0,0,0,0,0,0,0
20260225B01,追加調達結果,最高約定価格（電源属地別）[円/kW・30分],0,0,0,0,0,0,0,0,0,0
20260225B01,追加調達結果,最低約定価格（電源属地別）[円/kW・30分],0,0,0,0,0,0,0,0,0,0
20260225B01,追加調達結果,平均約定価格（電源属地別）[円/kW・30分],0,0,0,0,0,0,0,0,0,0
20260225B01,追加調達結果,最高約定価格（TSO別）[円/kW・30分],0,0,0,0,0,0,0,0,0,0
20260225B01,追加調達結果,最低約定価格（TSO別）[円/kW・30分],0,0,0,0,0,0,0,0,0,0
20260225B01,追加調達結果,平均約定価格（TSO別）[円/kW・30分],0,0,0,0,0,0,0,0,0,0
20260225B01,追加調達結果,約定量合計（TSO別）[MW],0,0,0,0,0,0,0,0,0,0
20260225B01,追加調達結果,（内訳）自エリアからの約定量[MW],0,0,0,0,0,0,0,0,0,0
20260225B01,合計（確報値）,募集量（TSO別）[MW],0,0,0,0,112,198,55,85,282,732
20260225B01,合計（確報値）,応札量合計（電源属地別）[MW],233,510,380.798,1717.018,232,639.581,824.625,93,519,5149.022
20260225B01,合計（確報値）,約定量合計（電源属地別）[MW],23,140,123.646,780.435,116,119.019,224.716,85,282,1893.816
20260225B01,合計（確報値）,応札件数（電源属地別）[件],2,4,5,24,6,6,11,6,7,71
20260225B01,合計（確報値）,約定件数（電源属地別）[件],1,3,4,17,5,5,9,6,6,56
20260225B01,合計（確報値）,最高約定価格（電源属地別）[円/kW・30分],3.99,1.67,2.4,0.36,1.37,1.39,9.57,7.13,2.38,9.57
20260225B01,合計（確報値）,最低約定価格（電源属地別）[円/kW・30分],3.99,1.28,1.98,0.36,0.35,0.76,0.36,0.36,0.43,0.35
20260225B01,合計（確報値）,平均約定価格（電源属地別）[円/kW・30分],3.99,1.48,2.25,0.36,0.8,1.21,1.55,0.92,1.14,0.97
20260225B01,合計（確報値）,最高約定価格（TSO別）[円/kW・30分],3.99,1.67,2.4,0.36,1.37,1.39,9.57,7.13,2.38,9.57
20260225B01,合計（確報値）,最低約定価格（TSO別）[円/kW・30分],3.99,1.28,1.98,0.36,0.35,0.36,0.36,0.36,0.43,0.35
20260225B01,合計（確報値）,平均約定価格（TSO別）[円/kW・30分],3.99,1.48,2.25,0.36,0.8,0.9,1.55,0.92,1.14,0.97
20260225B01,合計（確報値）,約定量合計（TSO別）[MW],23,140,123.646,707.08,116,198,219.09,85,282,1893.816
20260225B01,合計（確報値）,（内訳）自エリアからの約定量[MW],23,140,123.646,707.08,116,119.019,219.09,85,282,1814.835
20260225B02,システム約定結果,募集量（TSO別）[MW],0,50,0,0,93,237,193,87,244,904
20260225B02,システム約定結果,応札量合計（電源属地別）[MW],236,440,135.3,741.582,102,605,824.625,93,519,3696.507
20260225B02,システム約定結果,落札量合計（電源属地別）[MW],21.032,140,10.3,726.128,102,119.019,258.03,87,244,1707.509
20260225B02,システム約定結果,応札件数（電源属地別）[件],3,2,3,5,1,3,11,4,7,39
20260225B02,システム約定結果,落札件数（電源属地別）[件],1,2,1,5,1,3,9,4,6,32
20260225B02,システム約定結果,最高落札価格（電源属地別）[円/kW・30分],4.14,3.07,2.18,2.78,1.86,1.39,9.57,7.19,2.38,9.57
20260225B02,システム約定結果,最低落札価格（電源属地別）[円/kW・30分],4.14,1.57,2.18,1.32,1.86,1.24,0.36,0.36,0.5,0.36
20260225B02,システム約定結果,平均落札価格（電源属地別）[円/kW・30分],4.14,2.32,2.18,2.12,1.86,1.35,1.56,1.54,1.25,1.85
20260225B02,システム約定結果,最高落札価格（TSO別）[円/kW・30分],4.14,3.07,2.18,2.78,1.86,2.78,9.57,7.19,2.38,9.57
20260225B02,システム約定結果,最低落札価格（TSO別）[円/kW・30分],4.14,1.57,2.18,1.32,1.86,1.24,0.36,0.36,0.5,0.36
20260225B02,システム約定結果,平均落札価格（TSO別）[円/kW・30分],4.14,2.32,2.18,2.1,1.86,1.79,1.56,1.54,1.25,1.85
20260225B02,システム約定結果,落札量合計（TSO別）[MW],21.032,140,10.3,609.147,100.03,237,259,87,244,1707.509
20260225B02,システム約定結果,（内訳）自エリアからの落札量[MW],21.032,140,10.3,609.147,100.03,119.019,258.03,87,244,1588.558
20260225B02,追加調達結果,募集量（TSO別）[MW],-,-,-,-,-,-,-,-,-,-
20260225B02,追加調達結果,応札量合計（電源属地別）[MW],0,0,0,0,0,0,0,0,0,0
20260225B02,追加調達結果,約定量合計（電源属地別）[MW],0,0,0,0,0,0,0,0,0,0
20260225B02,追加調達結果,応札件数（電源属地別）[件],0,0,0,0,0,0,0,0,0,0
20260225B02,追加調達結果,約定件数（電源属地別）[件],0,0,0,0,0,0,0,0,0,0
20260225B02,追加調達結果,最高約定価格（電源属地別）[円/kW・30分],0,0,0,0,0,0,0,0,0,0
20260225B02,追加調達結果,最低約定価格（電源属地別）[円/kW・30分],0,0,0,0,0,0,0,0,0,0
20260225B02,追加調達結果,平均約定価格（電源属地別）[円/kW・30分],0,0,0,0,0,0,0,0,0,0
20260225B02,追加調達結果,最高約定価格（TSO別）[円/kW・30分],0,0,0,0,0,0,0,0,0,0
20260225B02,追加調達結果,最低約定価格（TSO別）[円/kW・30分],0,0,0,0,0,0,0,0,0,0
20260225B02,追加調達結果,平均約定価格（TSO別）[円/kW・30分],0,0,0,0,0,0,0,0,0,0
20260225B02,追加調達結果,約定量合計（TSO別）[MW],0,0,0,0,0,0,0,0,0,0
20260225B02,追加調達結果,（内訳）自エリアからの約定量[MW],0,0,0,0,0,0,0,0,0,0
20260225B02,合計（確報値）,募集量（TSO別）[MW],0,50,0,0,93,237,193,87,244,904
20260225B02,合計（確報値）,応札量合計（電源属地別）[MW],236,510,135.3,1542.711,204,639.581,824.625,93,519,4704.217
20260225B02,合計（確報値）,約定量合計（電源属地別）[MW],21.032,140,10.3,726.128,102,119.019,258.03,87,244,1707.509
20260225B02,合計（確報値）,応札件数（電源属地別）[件],3,4,3,25,11,5,11,4,7,73
20260225B02,合計（確報値）,約定件数（電源属地別）[件],1,3,1,19,10,4,9,4,6,57
20260225B02,合計（確報値）,最高約定価格（電源属地別）[円/kW・30分],4.14,1.57,2.18,0.36,1.73,1.39,9.57,7.19,2.38,9.57
20260225B02,合計（確報値）,最低約定価格（電源属地別）[円/kW・30分],4.14,1.17,2.18,0.36,1.51,0.76,0.36,0.36,0.5,0.36
20260225B02,合計（確報値）,平均約定価格（電源属地別）[円/kW・30分],4.14,1.37,2.18,0.36,1.64,1.21,1.56,1.54,1.25,1
20260225B02,合計（確報値）,最高約定価格（TSO別）[円/kW・30分],4.14,1.57,2.18,0.36,1.73,1.51,9.57,7.19,2.38,9.57
20260225B02,合計（確報値）,最低約定価格（TSO別）[円/kW・30分],4.14,1.17,2.18,0.36,1.51,0.36,0.36,0.36,0.5,0.36
20260225B02,合計（確報値）,平均約定価格（TSO別）[円/kW・30分],4.14,1.37,2.18,0.36,1.65,0.79,1.56,1.54,1.25,1
20260225B02,合計（確報値）,約定量合計（TSO別）[MW],21.032,140,10.3,609.147,100.03,237,259,87,244,1707.509
20260225B02,合計（確報値）,（内訳）自エリアからの約定量[MW],21.032,140,10.3,609.147,100.03,119.019,258.03,87,244,1588.558
20260225B03,システム約定結果,募集量（TSO別）[MW],0,150,356,0,140,596,329,134,261,1966
20260225B03,システム約定結果,応札量合計（電源属地別）[MW],256.69,511.5,1256.389,507.082,170.994,605,958.464,138,435.93,4840.049
20260225B03,システム約定結果,落札量合計（電源属地別）[MW],54.1,210,557.391,494.647,169,119.019,382.363,138,210,2334.52
20260225B03,システム約定結果,応札件数（電源属地別）[件],5,3,10,4,3,3,14,3,8,53
20260225B03,システム約定結果,落札件数（電源属地別）[件],4,2,6,3,2,3,12,3,5,40
20260225B03,システム約定結果,最高落札価格（電源属地別）[円/kW・30分],10.99,2.51,4.21,4.65,3.06,3.03,9.57,7.18,3.84,10.99
20260225B03,システム約定結果,最低落札価格（電源属地別）[円/kW・30分],2.68,1.67,0.35,2.7,3.05,2.87,0.93,0.36,1.87,0.35
20260225B03,システム約定結果,平均落札価格（電源属地別）[円/kW・30分],6.16,1.95,2.56,3.39,3.06,2.98,2.22,1.1,2.57,2.68
20260225B03,システム約定結果,最高落札価格（TSO別）[円/kW・30分],10.99,2.51,4.21,4.65,3.06,4.65,9.57,7.18,4.16,10.99
20260225B03,システム約定結果,最低落札価格（TSO別）[円/kW・30分],2.68,0.36,0.36,2.7,3.05,1.03,0.35,0.36,0.36,0.35
20260225B03,システム約定結果,平均落札価格（TSO別）[円/kW・30分],6.16,1.76,2.68,3.86,3.06,3.19,2.03,1.12,2.84,2.68
20260225B03,システム約定結果,落札量合計（TSO別）[MW],54.1,238,356,84.22,140,596,406.2,134,326,2334.52
20260225B03,システム約定結果,（内訳）自エリアからの落札量[MW],54.1,210,356,84.22,140,119.019,283.385,134,210,1590.724
20260225B03,追加調達結果,募集量（TSO別）[MW],-,-,-,-,-,-,-,-,-,-
20260225B03,追加調達結果,応札量合計（電源属地別）[MW],0,0,0,0,0,0,0,0,0,0
20260225B03,追加調達結果,約定量合計（電源属地別）[MW],0,0,0,0,0,0,0,0,0,0
20260225B03,追加調達結果,応札件数（電源属地別）[件],0,0,0,0,0,0,0,0,0,0
20260225B03,追加調達結果,約定件数（電源属地別）[件],0,0,0,0,0,0,0,0,0,0
20260225B03,追加調達結果,最高約定価格（電源属地別）[円/kW・30分],0,0,0,0,0,0,0,0,0,0
20260225B03,追加調達結果,最低約定価格（電源属地別）[円/kW・30分],0,0,0,0,0,0,0,0,0,0
20260225B03,追加調達結果,平均約定価格（電源属地別）[円/kW・30分],0,0,0,0,0,0,0,0,0,0
20260225B03,追加調達結果,最高約定価格（TSO別）[円/kW・30分],0,0,0,0,0,0,0,0,0,0
20260225B03,追加調達結果,最低約定価格（TSO別）[円/kW・30分],0,0,0,0,0,0,0,0,0,0
20260225B03,追加調達結果,平均約定価格（TSO別）[円/kW・30分],0,0,0,0,0,0,0,0,0,0
20260225B03,追加調達結果,約定量合計（TSO別）[MW],0,0,0,0,0,0,0,0,0,0
20260225B03,追加調達結果,（内訳）自エリアからの約定量[MW],0,0,0,0,0,0,0,0,0,0
20260225B03,合計（確報値）,募集量（TSO別）[MW],0,150,356,0,140,596,329,134,261,1966
20260225B03,合計（確報値）,応札量合計（電源属地別）[MW],256.69,581.5,1256.389,1071.73,279.994,639.581,958.464,138,435.93,5618.278
20260225B03,合計（確報値）,約定量合計（電源属地別）[MW],54.1,210,557.391,494.647,169,119.019,382.363,138,210,2334.52
20260225B03,合計（確報値）,応札件数（電源属地別）[件],5,5,10,25,13,5,14,3,8,88
20260225B03,合計（確報値）,約定件数（電源属地別）[件],4,3,6,18,11,4,12,3,5,66
20260225B03,合計（確報値）,最高約定価格（電源属地別）[円/kW・30分],10.99,1.67,4.21,0.36,3.05,3.03,9.57,7.18,3.84,10.99
20260225B03,合計（確報値）,最低約定価格（電源属地別）[円/kW・30分],2.68,1.07,0.35,0.36,0.77,2.4,0.93,0.36,1.87,0.35
20260225B03,合計（確報値）,平均約定価格（電源属地別）[円/kW・30分],6.16,1.47,2.56,0.36,2.38,2.85,2.22,1.1,2.57,1.94
20260225B03,合計（確報値）,最高約定価格（TSO別）[円/kW・30分],10.99,1.67,4.21,0.36,3.05,3.05,9.57,7.18,4.16,10.99
20260225B03,合計（確報値）,最低約定価格（TSO別）[円/kW・30分],2.68,0.36,0.36,0.36,0.77,0.36,0.35,0.36,0.36,0.35
20260225B03,合計（確報値）,平均約定価格（TSO別）[円/kW・30分],6.16,1.34,2.68,0.36,2.36,1.33,2.02,1.12,2.45,1.94
20260225B03,合計（確報値）,約定量合計（TSO別）[MW],54.1,238,356,84.22,140,596,406.2,134,326,2334.52
20260225B03,合計（確報値）,（内訳）自エリアからの約定量[MW],54.1,210,356,84.22,140,119.019,283.385,134,210,1590.724
20260225B04,システム約定結果,募集量（TSO別）[MW],0,0,718,0,258,772,470,265,361,2844
20260225B04,システム約定結果,応札量合計（電源属地別）[MW],236.75,510,1380.845,0,266,607,437.306,173,821,4431.901
20260225B04,システム約定結果,落札量合計（電源属地別）[MW],26,176,718,0,266,507,437.306,173,419,2722.306
20260225B04,システム約定結果,応札件数（電源属地別）[件],3,2,8,0,2,4,6,3,6,34
20260225B04,システム約定結果,落札件数（電源属地別）[件],1,2,5,0,2,4,6,3,4,27
20260225B04,システム約定結果,最高落札価格（電源属地別）[円/kW・30分],4.72,3.14,1.26,0,0.62,17.27,2.16,7.29,0.94,17.27
20260225B04,システム約定結果,最低落札価格（電源属地別）[円/kW・30分],4.72,1.57,0.35,0,0.61,0.97,0.47,0.36,0.36,0.35
20260225B04,システム約定結果,平均落札価格（電源属地別）[円/kW・30分],4.72,2.05,0.6,0,0.62,1.15,1.54,1,0.51,1
20260225B04,システム約定結果,最高落札価格（TSO別）[円/kW・30分],4.72,3.14,1.26,0,0.62,17.27,2.16,7.29,0.94,17.27
20260225B04,システム約定結果,最低落札価格（TSO別）[円/kW・30分],4.72,1.57,0.35,0,0.61,0.61,0.47,0.36,0.36,0.35
20260225B04,システム約定結果,平均落札価格（TSO別）[円/kW・30分],4.72,2.05,0.6,0,0.62,1.19,1.5,1,0.51,1
20260225B04,システム約定結果,落札量合計（TSO別）[MW],26,176,718,0,258,538.081,414.225,173,419,2722.306
20260225B04,システム約定結果,（内訳）自エリアからの落札量[MW],26,176,718,0,258,507,414.225,173,419,2691.225
20260225B04,追加調達結果,募集量（TSO別）[MW],-,-,-,-,-,-,-,-,-,-
20260225B04,追加調達結果,応札量合計（電源属地別）[MW],0,0,0,0,0,0,0,0,0,0
20260225B04,追加調達結果,約定量合計（電源属地別）[MW],0,0,0,0,0,0,0,0,0,0
20260225B04,追加調達結果,応札件数（電源属地別）[件],0,0,0,0,0,0,0,0,0,0
20260225B04,追加調達結果,約定件数（電源属地別）[件],0,0,0,0,0,0,0,0,0,0
20260225B04,追加調達結果,最高約定価格（電源属地別）[円/kW・30分],0,0,0,0,0,0,0,0,0,0
20260225B04,追加調達結果,最低約定価格（電源属地別）[円/kW・30分],0,0,0,0,0,0,0,0,0,0
20260225B04,追加調達結果,平均約定価格（電源属地別）[円/kW・30分],0,0,0,0,0,0,0,0,0,0
20260225B04,追加調達結果,最高約定価格（TSO別）[円/kW・30分],0,0,0,0,0,0,0,0,0,0
20260225B04,追加調達結果,最低約定価格（TSO別）[円/kW・30分],0,0,0,0,0,0,0,0,0,0
20260225B04,追加調達結果,平均約定価格（TSO別）[円/kW・30分],0,0,0,0,0,0,0,0,0,0
20260225B04,追加調達結果,約定量合計（TSO別）[MW],0,0,0,0,0,0,0,0,0,0
20260225B04,追加調達結果,（内訳）自エリアからの約定量[MW],0,0,0,0,0,0,0,0,0,0
20260225B04,合計（確報値）,募集量（TSO別）[MW],0,0,718,0,258,772,470,265,361,2844
20260225B04,合計（確報値）,応札量合計（電源属地別）[MW],236.75,564,1380.845,0,413,735.331,437.306,173,821,4761.232
20260225B04,合計（確報値）,約定量合計（電源属地別）[MW],26,176,718,0,266,507,437.306,173,419,2722.306
20260225B04,合計（確報値）,応札件数（電源属地別）[件],3,4,8,0,7,7,6,3,6,44
20260225B04,合計（確報値）,約定件数（電源属地別）[件],1,3,5,0,6,6,6,3,4,34
20260225B04,合計（確報値）,最高約定価格（電源属地別）[円/kW・30分],4.72,1.57,1.26,0,0.62,17.27,2.16,7.29,0.94,17.27
20260225B04,合計（確報値）,最低約定価格（電源属地別）[円/kW・30分],4.72,1.42,0.35,0,0.35,0.85,0.47,0.36,0.36,0.35
20260225B04,合計（確報値）,平均約定価格（電源属地別）[円/kW・30分],4.72,1.52,0.6,0,0.53,1.12,1.54,1,0.51,0.95
20260225B04,合計（確報値）,最高約定価格（TSO別）[円/kW・30分],4.72,1.57,1.26,0,0.62,17.27,2.16,7.29,0.94,17.27
20260225B04,合計（確報値）,最低約定価格（TSO別）[円/kW・30分],4.72,1.42,0.35,0,0.35,0.61,0.47,0.36,0.36,0.35
20260225B04,合計（確報値）,平均約定価格（TSO別）[円/kW・30分],4.72,1.52,0.6,0,0.52,1.16,1.5,1,0.51,0.95
20260225B04,合計（確報値）,約定量合計（TSO別）[MW],26,176,718,0,258,538.081,414.225,173,419,2722.306
20260225B04,合計（確報値）,（内訳）自エリアからの約定量[MW],26,176,718,0,258,507,414.225,173,419,2691.225
20260225B05,システム約定結果,募集量（TSO別）[MW],72,0,40,0,221,625,227,225,318,1728
20260225B05,システム約定結果,応札量合計（電源属地別）[MW],257.44,510,157.2,0,228,605,216.828,133,822.05,2929.518
20260225B05,システム約定結果,落札量合計（電源属地別）[MW],32.28,210,40,0,228,605,216.828,133,373.172,1838.28
20260225B05,システム約定結果,応札件数（電源属地別）[件],6,2,2,0,2,3,4,3,7,29
20260225B05,システム約定結果,落札件数（電源属地別）[件],1,2,1,0,2,3,4,3,6,22
20260225B05,システム約定結果,最高落札価格（電源属地別）[円/kW・30分],4.95,3.61,7.21,0,0.35,0.36,1.46,7.5,0.36,7.5
20260225B05,システム約定結果,最低落札価格（電源属地別）[円/kW・30分],4.95,1.37,7.21,0,0.35,0.36,0.36,0.36,0.36,0.35
20260225B05,システム約定結果,平均落札価格（電源属地別）[円/kW・30分],4.95,2.12,7.21,0,0.35,0.36,1.08,1.36,0.36,0.95
20260225B05,システム約定結果,最高落札価格（TSO別）[円/kW・30分],4.95,3.61,7.21,0,0.35,0.36,1.46,7.5,0.36,7.5
20260225B05,システム約定結果,最低落札価格（TSO別）[円/kW・30分],1.37,1.37,7.21,0,0.35,0.35,0.36,0.36,0.36,0.35
20260225B05,システム約定結果,平均落札価格（TSO別）[円/kW・30分],2.96,2.28,7.21,0,0.35,0.36,1.05,1.36,0.36,0.95
20260225B05,システム約定結果,落札量合計（TSO別）[MW],77,165.28,40,0,221,625,227,133,350,1838.28
20260225B05,システム約定結果,（内訳）自エリアからの落札量[MW],32.28,165.28,40,0,221,605,216.828,133,350,1763.388
20260225B05,追加調達結果,募集量（TSO別）[MW],-,-,-,-,-,-,-,-,-,-
20260225B05,追加調達結果,応札量合計（電源属地別）[MW],0,0,0,0,0,0,0,0,0,0
20260225B05,追加調達結果,約定量合計（電源属地別）[MW],0,0,0,0,0,0,0,0,0,0
20260225B05,追加調達結果,応札件数（電源属地別）[件],0,0,0,0,0,0,0,0,0,0
20260225B05,追加調達結果,約定件数（電源属地別）[件],0,0,0,0,0,0,0,0,0,0
20260225B05,追加調達結果,最高約定価格（電源属地別）[円/kW・30分],0,0,0,0,0,0,0,0,0,0
20260225B05,追加調達結果,最低約定価格（電源属地別）[円/kW・30分],0,0,0,0,0,0,0,0,0,0
20260225B05,追加調達結果,平均約定価格（電源属地別）[円/kW・30分],0,0,0,0,0,0,0,0,0,0
20260225B05,追加調達結果,最高約定価格（TSO別）[円/kW・30分],0,0,0,0,0,0,0,0,0,0
20260225B05,追加調達結果,最低約定価格（TSO別）[円/kW・30分],0,0,0,0,0,0,0,0,0,0
20260225B05,追加調達結果,平均約定価格（TSO別）[円/kW・30分],0,0,0,0,0,0,0,0,0,0
20260225B05,追加調達結果,約定量合計（TSO別）[MW],0,0,0,0,0,0,0,0,0,0
20260225B05,追加調達結果,（内訳）自エリアからの約定量[MW],0,0,0,0,0,0,0,0,0,0
20260225B05,合計（確報値）,募集量（TSO別）[MW],72,0,40,0,221,625,227,225,318,1728
20260225B05,合計（確報値）,応札量合計（電源属地別）[MW],257.44,580,157.2,0,375,797.945,216.828,133,822.05,3339.463
20260225B05,合計（確報値）,約定量合計（電源属地別）[MW],32.28,210,40,0,228,604.945,216.828,133,373.172,1838.225
20260225B05,合計（確報値）,応札件数（電源属地別）[件],6,4,2,0,7,6,4,3,7,39
20260225B05,合計（確報値）,約定件数（電源属地別）[件],1,3,1,0,6,5,4,3,6,29
20260225B05,合計（確報値）,最高約定価格（電源属地別）[円/kW・30分],4.95,1.65,7.21,0,0.35,0.36,1.46,7.5,0.36,7.5
20260225B05,合計（確報値）,最低約定価格（電源属地別）[円/kW・30分],4.95,1.37,7.21,0,0.35,0.36,0.36,0.36,0.36,0.35
20260225B05,合計（確報値）,平均約定価格（電源属地別）[円/kW・30分],4.95,1.46,7.21,0,0.35,0.36,1.08,1.36,0.36,0.87
20260225B05,合計（確報値）,最高約定価格（TSO別）[円/kW・30分],4.95,1.65,7.21,0,0.35,0.36,1.46,7.5,0.36,7.5
20260225B05,合計（確報値）,最低約定価格（TSO別）[円/kW・30分],1.37,1.37,7.21,0,0.35,0.35,0.36,0.36,0.36,0.35
20260225B05,合計（確報値）,平均約定価格（TSO別）[円/kW・30分],2.88,1.48,7.21,0,0.35,0.36,1.05,1.36,0.36,0.87
20260225B05,合計（確報値）,約定量合計（TSO別）[MW],77,165.28,40,0,221,624.945,227,133,350,1838.225
20260225B05,合計（確報値）,（内訳）自エリアからの約定量[MW],32.28,165.28,40,0,221,604.945,216.828,133,350,1763.333
20260225B06,システム約定結果,募集量（TSO別）[MW],0,171,707,0,171,690,278,194,288,2499
20260225B06,システム約定結果,応札量合計（電源属地別）[MW],235,510,1168.572,30.05,179,607,615.758,108,821,4274.38
20260225B06,システム約定結果,落札量合計（電源属地別）[MW],31,210,816.649,17.065,179,505.904,427.382,108,361,2656
20260225B06,システム約定結果,応札件数（電源属地別）[件],3,2,11,2,2,4,10,3,6,43
20260225B06,システム約定結果,落札件数（電源属地別）[件],1,2,7,1,2,3,8,3,5,32
20260225B06,システム約定結果,最高落札価格（電源属地別）[円/kW・30分],3.03,2.3,4.23,3.21,1.13,1.62,2.6,7.21,2.09,7.21
20260225B06,システム約定結果,最低落札価格（電源属地別）[円/kW・30分],3.03,1.88,0.36,3.21,1.12,1.46,0.82,0.36,0.8,0.36
20260225B06,システム約定結果,平均落札価格（電源属地別）[円/kW・30分],3.03,2.02,1.77,3.21,1.13,1.56,1.26,1.31,1.01,1.52
20260225B06,システム約定結果,最高落札価格（TSO別）[円/kW・30分],3.03,2.3,4.23,0,1.13,3.21,2.6,7.21,2.09,7.21
20260225B06,システム約定結果,最低落札価格（TSO別）[円/kW・30分],3.03,0.36,0.36,0,1.12,0.82,0.82,0.36,0.8,0.36
20260225B06,システム約定結果,平均落札価格（TSO別）[円/kW・30分],3.03,1.67,1.92,0,1.13,1.58,1.12,1.31,1.01,1.52
20260225B06,システム約定結果,落札量合計（TSO別）[MW],31,267,707,0,171,690,321,108,361,2656
20260225B06,システム約定結果,（内訳）自エリアからの落札量[MW],31,210,707,0,171,505.904,321,108,361,2414.904
20260225B06,追加調達結果,募集量（TSO別）[MW],-,-,-,-,-,-,-,-,-,-
20260225B06,追加調達結果,応札量合計（電源属地別）[MW],0,0,0,0,0,0,0,0,0,0
20260225B06,追加調達結果,約定量合計（電源属地別）[MW],0,0,0,0,0,0,0,0,0,0
20260225B06,追加調達結果,応札件数（電源属地別）[件],0,0,0,0,0,0,0,0,0,0
20260225B06,追加調達結果,約定件数（電源属地別）[件],0,0,0,0,0,0,0,0,0,0
20260225B06,追加調達結果,最高約定価格（電源属地別）[円/kW・30分],0,0,0,0,0,0,0,0,0,0
20260225B06,追加調達結果,最低約定価格（電源属地別）[円/kW・30分],0,0,0,0,0,0,0,0,0,0
20260225B06,追加調達結果,平均約定価格（電源属地別）[円/kW・30分],0,0,0,0,0,0,0,0,0,0
20260225B06,追加調達結果,最高約定価格（TSO別）[円/kW・30分],0,0,0,0,0,0,0,0,0,0
20260225B06,追加調達結果,最低約定価格（TSO別）[円/kW・30分],0,0,0,0,0,0,0,0,0,0
20260225B06,追加調達結果,平均約定価格（TSO別）[円/kW・30分],0,0,0,0,0,0,0,0,0,0
20260225B06,追加調達結果,約定量合計（TSO別）[MW],0,0,0,0,0,0,0,0,0,0
20260225B06,追加調達結果,（内訳）自エリアからの約定量[MW],0,0,0,0,0,0,0,0,0,0
20260225B06,合計（確報値）,募集量（TSO別）[MW],0,171,707,0,171,690,278,194,288,2499
20260225B06,合計（確報値）,応札量合計（電源属地別）[MW],235,580,1168.572,30.05,298,799.945,615.758,108,821,4656.325
20260225B06,合計（確報値）,約定量合計（電源属地別）[MW],31,210,816.649,17.065,179,505.849,427.382,108,361,2655.945
20260225B06,合計（確報値）,応札件数（電源属地別）[件],3,5,11,2,8,6,10,3,6,54
20260225B06,合計（確報値）,約定件数（電源属地別）[件],1,4,7,1,7,4,8,3,5,40
20260225B06,合計（確報値）,最高約定価格（電源属地別）[円/kW・30分],3.03,1.88,4.23,3.21,1.13,1.62,2.6,7.21,2.09,7.21
20260225B06,合計（確報値）,最低約定価格（電源属地別）[円/kW・30分],3.03,1.2,0.36,3.21,0.35,1.34,0.82,0.36,0.8,0.35
20260225B06,合計（確報値）,平均約定価格（電源属地別）[円/kW・30分],3.03,1.65,1.77,3.21,0.87,1.51,1.26,1.31,1.01,1.47
20260225B06,合計（確報値）,最高約定価格（TSO別）[円/kW・30分],3.03,1.88,4.23,0,1.13,3.21,2.6,7.21,2.09,7.21
20260225B06,合計（確報値）,最低約定価格（TSO別）[円/kW・30分],3.03,0.36,0.36,0,0.35,0.82,0.82,0.36,0.8,0.35
20260225B06,合計（確報値）,平均約定価格（TSO別）[円/kW・30分],3.03,1.38,1.92,0,0.86,1.55,1.12,1.31,1.01,1.47
20260225B06,合計（確報値）,約定量合計（TSO別）[MW],31,267,707,0,171,689.945,321,108,361,2655.945
20260225B06,合計（確報値）,（内訳）自エリアからの約定量[MW],31,210,707,0,171,505.849,321,108,361,2414.849
20260225B07,システム約定結果,募集量（TSO別）[MW],0,148,446,0,115,624,271,111,260,1975
20260225B07,システム約定結果,応札量合計（電源属地別）[MW],233,440,1710.929,34.55,123,607,813.714,121,618.97,4702.163
20260225B07,システム約定結果,落札量合計（電源属地別）[MW],31,140,924.042,17.065,123,119.019,270.874,121,295,2041
20260225B07,システム約定結果,応札件数（電源属地別）[件],2,2,14,2,1,4,13,4,9,51
20260225B07,システム約定結果,落札件数（電源属地別）[件],1,2,10,1,1,3,11,4,7,40
20260225B07,システム約定結果,最高落札価格（電源属地別）[円/kW・30分],2.16,1.91,9.25,3.24,2.8,3.25,9.57,7.02,3.74,9.57
20260225B07,システム約定結果,最低落札価格（電源属地別）[円/kW・30分],2.16,0.65,0.35,3.24,2.8,3.09,1.56,0.36,1.77,0.35
20260225B07,システム約定結果,平均落札価格（電源属地別）[円/kW・30分],2.16,1.28,4.35,3.24,2.8,3.2,2.66,1.42,2.46,3.27
20260225B07,システム約定結果,最高落札価格（TSO別）[円/kW・30分],2.16,1.91,9.25,0,2.8,9.25,9.57,7.02,3.74,9.57
20260225B07,システム約定結果,最低落札価格（TSO別）[円/kW・30分],2.16,0.35,0.36,0,2.8,0.35,0.35,0.36,1.77,0.35
20260225B07,システム約定結果,平均落札価格（TSO別）[円/kW・30分],2.16,1.23,2.93,0,2.8,4.92,3.05,1.51,2.46,3.27
20260225B07,システム約定結果,落札量合計（TSO別）[MW],31,148,446,0,115,624,271,111,295,2041
20260225B07,システム約定結果,（内訳）自エリアからの落札量[MW],31,140,446,0,115,119.019,210.02,111,295,1467.039
20260225B07,追加調達結果,募集量（TSO別）[MW],-,-,-,-,-,-,-,-,-,-
20260225B07,追加調達結果,応札量合計（電源属地別）[MW],0,0,0,0,0,0,0,0,0,0
20260225B07,追加調達結果,約定量合計（電源属地別）[MW],0,0,0,0,0,0,0,0,0,0
20260225B07,追加調達結果,応札件数（電源属地別）[件],0,0,0,0,0,0,0,0,0,0
20260225B07,追加調達結果,約定件数（電源属地別）[件],0,0,0,0,0,0,0,0,0,0
20260225B07,追加調達結果,最高約定価格（電源属地別）[円/kW・30分],0,0,0,0,0,0,0,0,0,0
20260225B07,追加調達結果,最低約定価格（電源属地別）[円/kW・30分],0,0,0,0,0,0,0,0,0,0
20260225B07,追加調達結果,平均約定価格（電源属地別）[円/kW・30分],0,0,0,0,0,0,0,0,0,0
20260225B07,追加調達結果,最高約定価格（TSO別）[円/kW・30分],0,0,0,0,0,0,0,0,0,0
20260225B07,追加調達結果,最低約定価格（TSO別）[円/kW・30分],0,0,0,0,0,0,0,0,0,0
20260225B07,追加調達結果,平均約定価格（TSO別）[円/kW・30分],0,0,0,0,0,0,0,0,0,0
20260225B07,追加調達結果,約定量合計（TSO別）[MW],0,0,0,0,0,0,0,0,0,0
20260225B07,追加調達結果,（内訳）自エリアからの約定量[MW],0,0,0,0,0,0,0,0,0,0
20260225B07,合計（確報値）,募集量（TSO別）[MW],0,148,446,0,115,624,271,111,260,1975
20260225B07,合計（確報値）,応札量合計（電源属地別）[MW],233,510,1710.929,34.55,246,641.581,813.714,121,618.97,4929.744
20260225B07,合計（確報値）,約定量合計（電源属地別）[MW],31,140,924.042,17.065,123,119.019,270.874,121,295,2041
20260225B07,合計（確報値）,応札件数（電源属地別）[件],2,5,14,2,10,6,13,4,9,65
20260225B07,合計（確報値）,約定件数（電源属地別）[件],1,4,10,1,9,4,11,4,7,51
20260225B07,合計（確報値）,最高約定価格（電源属地別）[円/kW・30分],2.16,1.28,9.25,3.24,2.54,3.25,9.57,7.02,3.74,9.57
20260225B07,合計（確報値）,最低約定価格（電源属地別）[円/kW・30分],2.16,0.65,0.35,3.24,0.8,2.62,1.56,0.36,1.77,0.35
20260225B07,合計（確報値）,平均約定価格（電源属地別）[円/kW・30分],2.16,0.97,4.35,3.24,2,3.07,2.66,1.42,2.46,3.19
20260225B07,合計（確報値）,最高約定価格（TSO別）[円/kW・30分],2.16,1.28,9.25,0,2.54,9.25,9.57,7.02,3.74,9.57
20260225B07,合計（確報値）,最低約定価格（TSO別）[円/kW・30分],2.16,0.35,0.36,0,0.8,0.35,0.35,0.36,1.77,0.35
20260225B07,合計（確報値）,平均約定価格（TSO別）[円/kW・30分],2.16,0.93,2.93,0,1.97,4.89,3.04,1.51,2.46,3.19
20260225B07,合計（確報値）,約定量合計（TSO別）[MW],31,148,446,0,115,624,271,111,295,2041
20260225B07,合計（確報値）,（内訳）自エリアからの約定量[MW],31,140,446,0,115,119.019,210.02,111,295,1467.039
20260225B08,システム約定結果,募集量（TSO別）[MW],0,0,57,0,110,497,280,96,252,1292
20260225B08,システム約定結果,応札量合計（電源属地別）[MW],254.55,440,594.421,28,130,605,814.854,109,519,3494.825
20260225B08,システム約定結果,落札量合計（電源属地別）[MW],34,140,492.421,17.065,130,119.019,408.075,100,252,1692.58
20260225B08,システム約定結果,応札件数（電源属地別）[件],4,2,7,1,1,3,13,6,7,44
20260225B08,システム約定結果,落札件数（電源属地別）[件],2,2,7,1,1,3,11,6,6,39
20260225B08,システム約定結果,最高落札価格（電源属地別）[円/kW・30分],7.32,2.65,3.06,2.53,2.18,1.93,9.57,7.1,2.7,9.57
20260225B08,システム約定結果,最低落札価格（電源属地別）[円/kW・30分],3.91,1.24,0.35,2.53,2.18,1.77,0.75,0.36,0.82,0.35
20260225B08,システム約定結果,平均落札価格（電源属地別）[円/kW・30分],4.21,1.95,1.63,2.53,2.18,1.88,1.48,0.84,1.56,1.68
20260225B08,システム約定結果,最高落札価格（TSO別）[円/kW・30分],7.32,2.65,3.06,0,2.18,9.57,9.57,7.1,2.7,9.57
20260225B08,システム約定結果,最低落札価格（TSO別）[円/kW・30分],3.91,1.24,1.26,0,2.18,0.35,0.75,0.36,0.82,0.35
20260225B08,システム約定結果,平均落札価格（TSO別）[円/kW・30分],4.21,1.95,1.81,0,2.18,1.6,1.51,0.84,1.56,1.68
20260225B08,システム約定結果,落札量合計（TSO別）[MW],34,140,279.58,0,110,497,280,100,252,1692.58
20260225B08,システム約定結果,（内訳）自エリアからの落札量[MW],34,140,279.58,0,110,119.019,280,100,252,1314.599
20260225B08,追加調達結果,募集量（TSO別）[MW],-,-,-,-,-,-,-,-,-,-
20260225B08,追加調達結果,応札量合計（電源属地別）[MW],0,0,0,0,0,0,0,0,0,0
20260225B08,追加調達結果,約定量合計（電源属地別）[MW],0,0,0,0,0,0,0,0,0,0
20260225B08,追加調達結果,応札件数（電源属地別）[件],0,0,0,0,0,0,0,0,0,0
20260225B08,追加調達結果,約定件数（電源属地別）[件],0,0,0,0,0,0,0,0,0,0
20260225B08,追加調達結果,最高約定価格（電源属地別）[円/kW・30分],0,0,0,0,0,0,0,0,0,0
20260225B08,追加調達結果,最低約定価格（電源属地別）[円/kW・30分],0,0,0,0,0,0,0,0,0,0
20260225B08,追加調達結果,平均約定価格（電源属地別）[円/kW・30分],0,0,0,0,0,0,0,0,0,0
20260225B08,追加調達結果,最高約定価格（TSO別）[円/kW・30分],0,0,0,0,0,0,0,0,0,0
20260225B08,追加調達結果,最低約定価格（TSO別）[円/kW・30分],0,0,0,0,0,0,0,0,0,0
20260225B08,追加調達結果,平均約定価格（TSO別）[円/kW・30分],0,0,0,0,0,0,0,0,0,0
20260225B08,追加調達結果,約定量合計（TSO別）[MW],0,0,0,0,0,0,0,0,0,0
20260225B08,追加調達結果,（内訳）自エリアからの約定量[MW],0,0,0,0,0,0,0,0,0,0
20260225B08,合計（確報値）,募集量（TSO別）[MW],0,0,57,0,110,497,280,96,252,1292
20260225B08,合計（確報値）,応札量合計（電源属地別）[MW],254.55,510,594.421,28,260,639.581,814.854,109,519,3729.406
20260225B08,合計（確報値）,約定量合計（電源属地別）[MW],34,140,492.421,17.065,130,119.019,408.075,100,252,1692.58
20260225B08,合計（確報値）,応札件数（電源属地別）[件],4,4,7,1,10,5,13,6,7,57
20260225B08,合計（確報値）,約定件数（電源属地別）[件],2,3,7,1,9,4,11,6,6,49
20260225B08,合計（確報値）,最高約定価格（電源属地別）[円/kW・30分],7.32,1.24,3.06,2.53,1.98,1.93,9.57,7.1,2.7,9.57
20260225B08,合計（確報値）,最低約定価格（電源属地別）[円/kW・30分],3.91,0.9,0.35,2.53,0.35,1.3,0.75,0.36,0.82,0.35
20260225B08,合計（確報値）,平均約定価格（電源属地別）[円/kW・30分],4.21,1.07,1.63,2.53,1.14,1.75,1.48,0.84,1.56,1.52
20260225B08,合計（確報値）,最高約定価格（TSO別）[円/kW・30分],7.32,1.24,3.06,0,1.98,9.57,9.57,7.1,2.7,9.57
20260225B08,合計（確報値）,最低約定価格（TSO別）[円/kW・30分],3.91,0.9,1.26,0,0.35,0.35,0.75,0.36,0.82,0.35
20260225B08,合計（確報値）,平均約定価格（TSO別）[円/kW・30分],4.21,1.07,1.81,0,1.28,1.49,1.51,0.84,1.56,1.52
20260225B08,合計（確報値）,約定量合計（TSO別）[MW],34,140,279.58,0,110,497,280,100,252,1692.58
20260225B08,合計（確報値）,（内訳）自エリアからの約定量[MW],34,140,279.58,0,110,119.019,280,100,252,1314.599
20260226B01,システム約定結果,募集量（TSO別）[MW],0,0,0,0,112,198,55,85,282,732
20260226B01,システム約定結果,応札量合計（電源属地別）[MW],233,440,280.524,692.582,116,605,824.625,93,519,3803.731
20260226B01,システム約定結果,落札量合計（電源属地別）[MW],29,140,102.148,609.385,116,119.019,263.896,85,282,1746.448
20260226B01,システム約定結果,応札件数（電源属地別）[件],2,2,4,5,1,3,11,6,7,41
20260226B01,システム約定結果,落札件数（電源属地別）[件],1,2,3,4,1,3,9,6,6,35
20260226B01,システム約定結果,最高落札価格（電源属地別）[円/kW・30分],0.36,3.06,2.2,2.84,1.66,1.39,9.57,7,2.38,9.57
20260226B01,システム約定結果,最低落札価格（電源属地別）[円/kW・30分],0.36,1.56,0.54,1.32,1.66,1.23,0.36,0.36,0.43,0.36
20260226B01,システム約定結果,平均落札価格（電源属地別）[円/kW・30分],0.36,2.31,1.58,2.05,1.66,1.34,1.66,0.94,1.14,1.68
20260226B01,システム約定結果,最高落札価格（TSO別）[円/kW・30分],0.36,3.06,2.2,2.84,1.66,1.74,9.57,7,2.38,9.57
20260226B01,システム約定結果,最低落札価格（TSO別）[円/kW・30分],0.36,1.56,0.54,1.32,1.66,1.23,0.36,0.36,0.43,0.36
20260226B01,システム約定結果,平均落札価格（TSO別）[円/kW・30分],0.36,2.31,1.58,2.09,1.66,1.43,1.65,0.94,1.14,1.68
20260226B01,システム約定結果,落札量合計（TSO別）[MW],29,140,102.148,575.21,116,198,219.09,85,282,1746.448
20260226B01,システム約定結果,（内訳）自エリアからの落札量[MW],29,140,102.148,575.21,116,119.019,219.09,85,282,1667.467
20260226B01,追加調達結果,募集量（TSO別）[MW],-,-,-,-,-,-,-,-,-,-
20260226B01,追加調達結果,応札量合計（電源属地別）[MW],0,0,0,0,0,0,0,0,0,0
20260226B01,追加調達結果,約定量合計（電源属地別）[MW],0,0,0,0,0,0,0,0,0,0
20260226B01,追加調達結果,応札件数（電源属地別）[件],0,0,0,0,0,0,0,0,0,0
20260226B01,追加調達結果,約定件数（電源属地別）[件],0,0,0,0,0,0,0,0,0,0
20260226B01,追加調達結果,最高約定価格（電源属地別）[円/kW・30分],0,0,0,0,0,0,0,0,0,0
20260226B01,追加調達結果,最低約定価格（電源属地別）[円/kW・30分],0,0,0,0,0,0,0,0,0,0
20260226B01,追加調達結果,平均約定価格（電源属地別）[円/kW・30分],0,0,0,0,0,0,0,0,0,0
20260226B01,追加調達結果,最高約定価格（TSO別）[円/kW・30分],0,0,0,0,0,0,0,0,0,0
20260226B01,追加調達結果,最低約定価格（TSO別）[円/kW・30分],0,0,0,0,0,0,0,0,0,0
20260226B01,追加調達結果,平均約定価格（TSO別）[円/kW・30分],0,0,0,0,0,0,0,0,0,0
20260226B01,追加調達結果,約定量合計（TSO別）[MW],0,0,0,0,0,0,0,0,0,0
20260226B01,追加調達結果,（内訳）自エリアからの約定量[MW],0,0,0,0,0,0,0,0,0,0
20260226B01,合計（確報値）,募集量（TSO別）[MW],0,0,0,0,112,198,55,85,282,732
20260226B01,合計（確報値）,応札量合計（電源属地別）[MW],233,510,280.524,1301.967,232,639.571,824.625,93,519,4633.687
20260226B01,合計（確報値）,約定量合計（電源属地別）[MW],29,140,102.148,609.385,116,119.009,263.896,85,282,1746.438
20260226B01,合計（確報値）,応札件数（電源属地別）[件],2,3,4,15,7,5,11,6,7,60
20260226B01,合計（確報値）,約定件数（電源属地別）[件],1,2,3,10,6,4,9,6,6,47
20260226B01,合計（確報値）,最高約定価格（電源属地別）[円/kW・30分],0.36,1.56,2.2,0.36,1.12,1.39,9.57,7,2.38,9.57
20260226B01,合計（確報値）,最低約定価格（電源属地別）[円/kW・30分],0.36,1.16,0.54,0.36,0.35,0.92,0.36,0.36,0.43,0.35
20260226B01,合計（確報値）,平均約定価格（電源属地別）[円/kW・30分],0.36,1.36,1.58,0.36,0.68,1.25,1.66,0.94,1.14,0.94
20260226B01,合計（確報値）,最高約定価格（TSO別）[円/kW・30分],0.36,1.56,2.2,0.36,1.12,1.74,9.57,7,2.38,9.57
20260226B01,合計（確報値）,最低約定価格（TSO別）[円/kW・30分],0.36,1.16,0.54,0.36,0.35,0.36,0.36,0.36,0.43,0.35
20260226B01,合計（確報値）,平均約定価格（TSO別）[円/kW・30分],0.36,1.36,1.58,0.36,0.68,1.21,1.65,0.94,1.14,0.94
20260226B01,合計（確報値）,約定量合計（TSO別）[MW],29,140,102.148,575.21,116,197.99,219.09,85,282,1746.438
20260226B01,合計（確報値）,（内訳）自エリアからの約定量[MW],29,140,102.148,575.21,116,119.009,219.09,85,282,1667.457
20260226B02,システム約定結果,募集量（TSO別）[MW],0,50,0,0,93,237,193,87,244,904
20260226B02,システム約定結果,応札量合計（電源属地別）[MW],236,440,134.6,574.582,102,605,824.625,93,519,3528.807
20260226B02,システム約定結果,落札量合計（電源属地別）[MW],23,140,0,560.647,102,119.019,269.213,93,244,1550.879
20260226B02,システム約定結果,応札件数（電源属地別）[件],3,2,2,4,1,3,11,5,7,38
20260226B02,システム約定結果,落札件数（電源属地別）[件],1,2,0,4,1,3,9,5,6,31
20260226B02,システム約定結果,最高落札価格（電源属地別）[円/kW・30分],0.36,2.83,0,2.99,1.86,1.39,9.57,7.17,2.38,9.57
20260226B02,システム約定結果,最低落札価格（電源属地別）[円/kW・30分],0.36,1.38,0,1.33,1.86,1.24,0.36,0.36,0.5,0.36
20260226B02,システム約定結果,平均落札価格（電源属地別）[円/kW・30分],0.36,2.11,0,2.04,1.86,1.35,1.69,1.46,1.25,1.73
20260226B02,システム約定結果,最高落札価格（TSO別）[円/kW・30分],0.36,2.83,0,2.99,1.86,7.17,9.57,7.17,2.38,9.57
20260226B02,システム約定結果,最低落札価格（TSO別）[円/kW・30分],0.36,1.38,0,1.33,1.86,1.24,0.36,0.36,0.5,0.36
20260226B02,システム約定結果,平均落札価格（TSO別）[円/kW・30分],0.36,2.11,0,1.98,1.86,1.94,1.68,1,1.25,1.73
20260226B02,システム約定結果,落札量合計（TSO別）[MW],23,140,0,461.849,100.03,237,259,86,244,1550.879
20260226B02,システム約定結果,（内訳）自エリアからの落札量[MW],23,140,0,461.849,100.03,119.019,258.03,86,244,1431.928
20260226B02,追加調達結果,募集量（TSO別）[MW],-,-,-,-,-,-,-,-,-,-
20260226B02,追加調達結果,応札量合計（電源属地別）[MW],0,0,0,0,0,0,0,0,0,0
20260226B02,追加調達結果,約定量合計（電源属地別）[MW],0,0,0,0,0,0,0,0,0,0
20260226B02,追加調達結果,応札件数（電源属地別）[件],0,0,0,0,0,0,0,0,0,0
20260226B02,追加調達結果,約定件数（電源属地別）[件],0,0,0,0,0,0,0,0,0,0
20260226B02,追加調達結果,最高約定価格（電源属地別）[円/kW・30分],0,0,0,0,0,0,0,0,0,0
20260226B02,追加調達結果,最低約定価格（電源属地別）[円/kW・30分],0,0,0,0,0,0,0,0,0,0
20260226B02,追加調達結果,平均約定価格（電源属地別）[円/kW・30分],0,0,0,0,0,0,0,0,0,0
20260226B02,追加調達結果,最高約定価格（TSO別）[円/kW・30分],0,0,0,0,0,0,0,0,0,0
20260226B02,追加調達結果,最低約定価格（TSO別）[円/kW・30分],0,0,0,0,0,0,0,0,0,0
20260226B02,追加調達結果,平均約定価格（TSO別）[円/kW・30分],0,0,0,0,0,0,0,0,0,0
20260226B02,追加調達結果,約定量合計（TSO別）[MW],0,0,0,0,0,0,0,0,0,0
20260226B02,追加調達結果,（内訳）自エリアからの約定量[MW],0,0,0,0,0,0,0,0,0,0
20260226B02,合計（確報値）,募集量（TSO別）[MW],0,50,0,0,93,237,193,87,244,904
20260226B02,合計（確報値）,応札量合計（電源属地別）[MW],236,510,134.6,1153.442,204,639.571,824.625,93,519,4314.238
20260226B02,合計（確報値）,約定量合計（電源属地別）[MW],23,140,0,560.647,102,119.009,269.213,93,244,1550.869
20260226B02,合計（確報値）,応札件数（電源属地別）[件],3,5,2,19,10,5,11,5,7,67
20260226B02,合計（確報値）,約定件数（電源属地別）[件],1,4,0,14,9,4,9,5,6,52
20260226B02,合計（確報値）,最高約定価格（電源属地別）[円/kW・30分],0.36,1.38,0,0.36,1.23,1.39,9.57,7.17,2.38,9.57
20260226B02,合計（確報値）,最低約定価格（電源属地別）[円/kW・30分],0.36,0.96,0,0.36,0.35,0.92,0.36,0.36,0.5,0.35
20260226B02,合計（確報値）,平均約定価格（電源属地別）[円/kW・30分],0.36,1.17,0,0.36,0.75,1.25,1.69,1.46,1.25,0.96
20260226B02,合計（確報値）,最高約定価格（TSO別）[円/kW・30分],0.36,1.38,0,0.36,1.23,7.17,9.57,7.17,2.38,9.57
20260226B02,合計（確報値）,最低約定価格（TSO別）[円/kW・30分],0.36,0.96,0,0.36,0.35,0.36,0.36,0.36,0.5,0.35
20260226B02,合計（確報値）,平均約定価格（TSO別）[円/kW・30分],0.36,1.17,0,0.36,0.74,1.09,1.68,1,1.25,0.96
20260226B02,合計（確報値）,約定量合計（TSO別）[MW],23,140,0,461.849,100.03,236.99,259,86,244,1550.869
20260226B02,合計（確報値）,（内訳）自エリアからの約定量[MW],23,140,0,461.849,100.03,119.009,258.03,86,244,1431.918
20260226B03,システム約定結果,募集量（TSO別）[MW],0,150,356,0,140,596,329,134,261,1966
20260226B03,システム約定結果,応札量合計（電源属地別）[MW],256.69,701.5,1111.377,338.082,170.994,605,958.464,150,435.93,4728.037
20260226B03,システム約定結果,落札量合計（電源属地別）[MW],54.1,280,622.053,324.647,169,119.019,382.208,150,210,2311.027
20260226B03,システム約定結果,応札件数（電源属地別）[件],5,4,9,3,3,3,14,3,8,52
20260226B03,システム約定結果,落札件数（電源属地別）[件],4,3,6,2,2,3,12,3,5,40
20260226B03,システム約定結果,最高落札価格（電源属地別）[円/kW・30分],10.99,2.7,4.21,3.07,3.06,3.03,9.57,7.29,3.84,10.99
20260226B03,システム約定結果,最低落札価格（電源属地別）[円/kW・30分],2.68,1.25,0.35,2.42,3.05,2.87,0.99,0.36,1.87,0.35
20260226B03,システム約定結果,平均落札価格（電源属地別）[円/kW・30分],6.16,1.72,1.32,2.45,3.06,2.98,2.3,1.11,2.57,2.11
20260226B03,システム約定結果,最高落札価格（TSO別）[円/kW・30分],10.99,2.7,4.21,2.42,3.06,9.57,9.57,7.29,3.84,10.99
20260226B03,システム約定結果,最低落札価格（TSO別）[円/kW・30分],2.68,1.25,0.36,2.42,3.05,0.36,0.99,0.36,0.35,0.35
20260226B03,システム約定結果,平均落札価格（TSO別）[円/kW・30分],6.16,1.72,2.04,2.42,3.06,2.13,2.13,1.2,1.78,2.11
20260226B03,システム約定結果,落札量合計（TSO別）[MW],54.1,280,356,18.727,140,596,406.2,134,326,2311.027
20260226B03,システム約定結果,（内訳）自エリアからの落札量[MW],54.1,280,356,18.727,140,119.019,283.23,134,210,1595.076
20260226B03,追加調達結果,募集量（TSO別）[MW],-,-,-,-,-,-,-,-,-,-
20260226B03,追加調達結果,応札量合計（電源属地別）[MW],0,0,0,0,0,0,0,0,0,0
20260226B03,追加調達結果,約定量合計（電源属地別）[MW],0,0,0,0,0,0,0,0,0,0
20260226B03,追加調達結果,応札件数（電源属地別）[件],0,0,0,0,0,0,0,0,0,0
20260226B03,追加調達結果,約定件数（電源属地別）[件],0,0,0,0,0,0,0,0,0,0
20260226B03,追加調達結果,最高約定価格（電源属地別）[円/kW・30分],0,0,0,0,0,0,0,0,0,0
20260226B03,追加調達結果,最低約定価格（電源属地別）[円/kW・30分],0,0,0,0,0,0,0,0,0,0
20260226B03,追加調達結果,平均約定価格（電源属地別）[円/kW・30分],0,0,0,0,0,0,0,0,0,0
20260226B03,追加調達結果,最高約定価格（TSO別）[円/kW・30分],0,0,0,0,0,0,0,0,0,0
20260226B03,追加調達結果,最低約定価格（TSO別）[円/kW・30分],0,0,0,0,0,0,0,0,0,0
20260226B03,追加調達結果,平均約定価格（TSO別）[円/kW・30分],0,0,0,0,0,0,0,0,0,0
20260226B03,追加調達結果,約定量合計（TSO別）[MW],0,0,0,0,0,0,0,0,0,0
20260226B03,追加調達結果,（内訳）自エリアからの約定量[MW],0,0,0,0,0,0,0,0,0,0
20260226B03,合計（確報値）,募集量（TSO別）[MW],0,150,356,0,140,596,329,134,261,1966
20260226B03,合計（確報値）,応札量合計（電源属地別）[MW],256.69,771.5,1111.377,662.729,279.994,639.571,958.464,150,435.93,5266.255
20260226B03,合計（確報値）,約定量合計（電源属地別）[MW],54.1,280,622.053,324.647,169,119.009,382.208,150,210,2311.017
20260226B03,合計（確報値）,応札件数（電源属地別）[件],5,7,9,14,10,5,14,3,8,75
20260226B03,合計（確報値）,約定件数（電源属地別）[件],4,5,6,11,8,4,12,3,5,58
20260226B03,合計（確報値）,最高約定価格（電源属地別）[円/kW・30分],10.99,1.46,4.21,0.36,3.05,3.03,9.57,7.29,3.84,10.99
20260226B03,合計（確報値）,最低約定価格（電源属地別）[円/kW・30分],2.68,0.84,0.35,0.36,0.63,2.56,0.99,0.36,1.87,0.35
20260226B03,合計（確報値）,平均約定価格（電源属地別）[円/kW・30分],6.16,1.25,1.32,0.36,2.16,2.89,2.3,1.11,2.57,1.69
20260226B03,合計（確報値）,最高約定価格（TSO別）[円/kW・30分],10.99,1.46,4.21,0.36,3.05,9.57,9.57,7.29,3.84,10.99
20260226B03,合計（確報値）,最低約定価格（TSO別）[円/kW・30分],2.68,0.84,0.36,0.36,0.63,0.36,0.36,0.36,0.35,0.35
20260226B03,合計（確報値）,平均約定価格（TSO別）[円/kW・30分],6.16,1.25,2.04,0.36,2.01,1.44,1.53,1.2,1.78,1.69
20260226B03,合計（確報値）,約定量合計（TSO別）[MW],54.1,280,356,18.727,140,595.99,406.2,134,326,2311.017
20260226B03,合計（確報値）,（内訳）自エリアからの約定量[MW],54.1,280,356,18.727,140,119.009,283.23,134,210,1595.066
20260226B04,システム約定結果,募集量（TSO別）[MW],0,0,718,0,258,772,470,265,361,2844
20260226B04,システム約定結果,応札量合計（電源属地別）[MW],236,510,1786.128,7.45,266,607,437.306,187,821,4857.884
20260226B04,システム約定結果,落札量合計（電源属地別）[MW],31,176,718,7.45,266,514.45,437.306,187,419,2756.206
20260226B04,システム約定結果,応札件数（電源属地別）[件],3,2,10,1,2,4,6,3,6,37
20260226B04,システム約定結果,落札件数（電源属地別）[件],1,2,5,1,2,4,6,3,4,28
20260226B04,システム約定結果,最高落札価格（電源属地別）[円/kW・30分],0.36,4.23,1.26,19.29,0.62,17.27,1.54,7.94,0.94,19.29
20260226B04,システム約定結果,最低落札価格（電源属地別）[円/kW・30分],0.36,1.69,0.35,19.29,0.61,0.97,0.37,0.36,0.36,0.35
20260226B04,システム約定結果,平均落札価格（電源属地別）[円/kW・30分],0.36,2.47,0.59,19.29,0.62,1.14,1.08,1.33,0.51,0.98
20260226B04,システム約定結果,最高落札価格（TSO別）[円/kW・30分],0.36,4.23,1.26,19.29,0.62,17.27,1.54,7.94,0.94,19.29
20260226B04,システム約定結果,最低落札価格（TSO別）[円/kW・30分],0.36,1.69,0.35,19.29,0.61,0.62,0.37,0.36,0.36,0.35
20260226B04,システム約定結果,平均落札価格（TSO別）[円/kW・30分],0.36,2.47,0.59,19.29,0.62,1.15,1.05,1.33,0.51,0.98
20260226B04,システム約定結果,落札量合計（TSO別）[MW],31,176,718,7.45,258,545.531,414.225,187,419,2756.206
20260226B04,システム約定結果,（内訳）自エリアからの落札量[MW],31,176,718,7.45,258,514.45,414.225,187,419,2725.125
20260226B04,追加調達結果,募集量（TSO別）[MW],-,-,-,-,-,-,-,-,-,-
20260226B04,追加調達結果,応札量合計（電源属地別）[MW],0,0,0,0,0,0,0,0,0,0
20260226B04,追加調達結果,約定量合計（電源属地別）[MW],0,0,0,0,0,0,0,0,0,0
20260226B04,追加調達結果,応札件数（電源属地別）[件],0,0,0,0,0,0,0,0,0,0
20260226B04,追加調達結果,約定件数（電源属地別）[件],0,0,0,0,0,0,0,0,0,0
20260226B04,追加調達結果,最高約定価格（電源属地別）[円/kW・30分],0,0,0,0,0,0,0,0,0,0
20260226B04,追加調達結果,最低約定価格（電源属地別）[円/kW・30分],0,0,0,0,0,0,0,0,0,0
20260226B04,追加調達結果,平均約定価格（電源属地別）[円/kW・30分],0,0,0,0,0,0,0,0,0,0
20260226B04,追加調達結果,最高約定価格（TSO別）[円/kW・30分],0,0,0,0,0,0,0,0,0,0
20260226B04,追加調達結果,最低約定価格（TSO別）[円/kW・30分],0,0,0,0,0,0,0,0,0,0
20260226B04,追加調達結果,平均約定価格（TSO別）[円/kW・30分],0,0,0,0,0,0,0,0,0,0
20260226B04,追加調達結果,約定量合計（TSO別）[MW],0,0,0,0,0,0,0,0,0,0
20260226B04,追加調達結果,（内訳）自エリアからの約定量[MW],0,0,0,0,0,0,0,0,0,0
20260226B04,合計（確報値）,募集量（TSO別）[MW],0,0,718,0,258,772,470,265,361,2844
20260226B04,合計（確報値）,応札量合計（電源属地別）[MW],236,564,1786.128,7.45,413,772.321,437.306,187,821,5224.205
20260226B04,合計（確報値）,約定量合計（電源属地別）[MW],31,176,718,7.45,266,514.44,437.306,187,419,2756.196
20260226B04,合計（確報値）,応札件数（電源属地別）[件],3,4,10,1,7,7,6,3,6,47
20260226B04,合計（確報値）,約定件数（電源属地別）[件],1,3,5,1,6,6,6,3,4,35
20260226B04,合計（確報値）,最高約定価格（電源属地別）[円/kW・30分],0.36,2.21,1.26,19.29,0.62,17.27,1.54,7.94,0.94,19.29
20260226B04,合計（確報値）,最低約定価格（電源属地別）[円/kW・30分],0.36,1.69,0.35,19.29,0.35,0.96,0.37,0.36,0.36,0.35
20260226B04,合計（確報値）,平均約定価格（電源属地別）[円/kW・30分],0.36,1.85,0.59,19.29,0.55,1.14,1.08,1.33,0.51,0.93
20260226B04,合計（確報値）,最高約定価格（TSO別）[円/kW・30分],0.36,2.21,1.26,19.29,0.62,17.27,1.54,7.94,0.94,19.29
20260226B04,合計（確報値）,最低約定価格（TSO別）[円/kW・30分],0.36,1.69,0.35,19.29,0.35,0.35,0.37,0.36,0.36,0.35
20260226B04,合計（確報値）,平均約定価格（TSO別）[円/kW・30分],0.36,1.85,0.59,19.29,0.56,1.14,1.05,1.33,0.51,0.93
20260226B04,合計（確報値）,約定量合計（TSO別）[MW],31,176,718,7.45,258,545.521,414.225,187,419,2756.196
20260226B04,合計（確報値）,（内訳）自エリアからの約定量[MW],31,176,718,7.45,258,514.44,414.225,187,419,2725.115
20260226B05,システム約定結果,募集量（TSO別）[MW],72,0,40,0,221,625,227,225,318,1728
20260226B05,システム約定結果,応札量合計（電源属地別）[MW],256.69,510,157.2,0,228,605,437.306,138,822.05,3154.246
20260226B05,システム約定結果,落札量合計（電源属地別）[MW],32.28,210,40,0,228,573.919,248.93,138,372.151,1843.28
20260226B05,システム約定結果,応札件数（電源属地別）[件],6,2,2,0,2,3,6,3,7,31
20260226B05,システム約定結果,落札件数（電源属地別）[件],1,2,1,0,2,3,4,3,5,21
20260226B05,システム約定結果,最高落札価格（電源属地別）[円/kW・30分],0.36,4.26,7.21,0,0.35,0.36,0.84,7.7,0.36,7.7
20260226B05,システム約定結果,最低落札価格（電源属地別）[円/kW・30分],0.36,1.7,7.21,0,0.35,0.36,0.36,0.36,0.36,0.35
20260226B05,システム約定結果,平均落札価格（電源属地別）[円/kW・30分],0.36,2.55,7.21,0,0.35,0.36,0.55,1.49,0.36,0.87
20260226B05,システム約定結果,最高落札価格（TSO別）[円/kW・30分],4.26,4.26,7.21,0,0.35,0.84,0.84,7.7,0.36,7.7
20260226B05,システム約定結果,最低落札価格（TSO別）[円/kW・30分],0.36,1.7,7.21,0,0.35,0.35,0.36,0.36,0.36,0.35
20260226B05,システム約定結果,平均落札価格（TSO別）[円/kW・30分],1.24,2.74,7.21,0,0.35,0.39,0.47,1.49,0.36,0.87
20260226B05,システム約定結果,落札量合計（TSO別）[MW],77,165.28,40,0,221,625,227,138,350,1843.28
20260226B05,システム約定結果,（内訳）自エリアからの落札量[MW],32.28,165.28,40,0,221,573.919,204.849,138,350,1725.328
20260226B05,追加調達結果,募集量（TSO別）[MW],-,-,-,-,-,-,-,-,-,-
20260226B05,追加調達結果,応札量合計（電源属地別）[MW],0,0,0,0,0,0,0,0,0,0
20260226B05,追加調達結果,約定量合計（電源属地別）[MW],0,0,0,0,0,0,0,0,0,0
20260226B05,追加調達結果,応札件数（電源属地別）[件],0,0,0,0,0,0,0,0,0,0
20260226B05,追加調達結果,約定件数（電源属地別）[件],0,0,0,0,0,0,0,0,0,0
20260226B05,追加調達結果,最高約定価格（電源属地別）[円/kW・30分],0,0,0,0,0,0,0,0,0,0
20260226B05,追加調達結果,最低約定価格（電源属地別）[円/kW・30分],0,0,0,0,0,0,0,0,0,0
20260226B05,追加調達結果,平均約定価格（電源属地別）[円/kW・30分],0,0,0,0,0,0,0,0,0,0
20260226B05,追加調達結果,最高約定価格（TSO別）[円/kW・30分],0,0,0,0,0,0,0,0,0,0
20260226B05,追加調達結果,最低約定価格（TSO別）[円/kW・30分],0,0,0,0,0,0,0,0,0,0
20260226B05,追加調達結果,平均約定価格（TSO別）[円/kW・30分],0,0,0,0,0,0,0,0,0,0
20260226B05,追加調達結果,約定量合計（TSO別）[MW],0,0,0,0,0,0,0,0,0,0
20260226B05,追加調達結果,（内訳）自エリアからの約定量[MW],0,0,0,0,0,0,0,0,0,0
20260226B05,合計（確報値）,募集量（TSO別）[MW],72,0,40,0,221,625,227,225,318,1728
20260226B05,合計（確報値）,応札量合計（電源属地別）[MW],256.69,580,157.2,0,375,766.909,437.306,138,822.05,3533.155
20260226B05,合計（確報値）,約定量合計（電源属地別）[MW],32.28,210,40,0,228,573.909,248.93,138,372.151,1843.27
20260226B05,合計（確報値）,応札件数（電源属地別）[件],6,4,2,0,8,6,6,3,7,42
20260226B05,合計（確報値）,約定件数（電源属地別）[件],1,3,1,0,7,5,4,3,5,29
20260226B05,合計（確報値）,最高約定価格（電源属地別）[円/kW・30分],0.36,2.23,7.21,0,0.35,0.36,0.84,7.7,0.36,7.7
20260226B05,合計（確報値）,最低約定価格（電源属地別）[円/kW・30分],0.36,1.7,7.21,0,0.35,0.36,0.36,0.36,0.36,0.35
20260226B05,合計（確報値）,平均約定価格（電源属地別）[円/kW・30分],0.36,1.88,7.21,0,0.35,0.36,0.55,1.49,0.36,0.79
20260226B05,合計（確報値）,最高約定価格（TSO別）[円/kW・30分],2.23,2.23,7.21,0,0.35,0.84,0.84,7.7,0.36,7.7
20260226B05,合計（確報値）,最低約定価格（TSO別）[円/kW・30分],0.36,1.7,7.21,0,0.35,0.35,0.36,0.36,0.36,0.35
20260226B05,合計（確報値）,平均約定価格（TSO別）[円/kW・30分],1.16,1.91,7.21,0,0.35,0.39,0.47,1.49,0.36,0.79
20260226B05,合計（確報値）,約定量合計（TSO別）[MW],77,165.28,40,0,221,624.99,227,138,350,1843.27
20260226B05,合計（確報値）,（内訳）自エリアからの約定量[MW],32.28,165.28,40,0,221,573.909,204.849,138,350,1725.318
20260226B06,システム約定結果,募集量（TSO別）[MW],0,171,707,0,171,690,278,194,288,2499
20260226B06,システム約定結果,応札量合計（電源属地別）[MW],235,510,968.364,205.5,179,607,544.778,108,673,4030.642
20260226B06,システム約定結果,落札量合計（電源属地別）[MW],34,255.586,707,205.5,179,456.815,427.382,108,361,2734.283
20260226B06,システム約定結果,応札件数（電源属地別）[件],3,2,10,3,2,4,9,3,6,42
20260226B06,システム約定結果,落札件数（電源属地別）[件],2,2,5,3,2,3,8,3,6,34
20260226B06,システム約定結果,最高落札価格（電源属地別）[円/kW・30分],7,2.49,4.23,19.29,1.13,1.62,2.31,7.21,2.09,19.29
20260226B06,システム約定結果,最低落札価格（電源属地別）[円/kW・30分],2.1,1.83,0.36,3.02,1.12,1.46,0.74,0.36,0.7,0.36
20260226B06,システム約定結果,平均落札価格（電源属地別）[円/kW・30分],2.53,2.01,1.85,4.25,1.13,1.57,1.12,1.31,1.38,1.76
20260226B06,システム約定結果,最高落札価格（TSO別）[円/kW・30分],7,2.49,4.23,19.29,1.13,3.5,2.31,7.21,2.09,19.29
20260226B06,システム約定結果,最低落札価格（TSO別）[円/kW・30分],2.1,1.83,0.36,3.02,1.12,0.74,0.74,0.36,0.7,0.36
20260226B06,システム約定結果,平均落札価格（TSO別）[円/kW・30分],2.75,2.01,1.85,5.37,1.13,1.87,0.99,1.31,1.38,1.76
20260226B06,システム約定結果,落札量合計（TSO別）[MW],22.586,267,707,86.697,171,690,321,108,361,2734.283
20260226B06,システム約定結果,（内訳）自エリアからの落札量[MW],22.586,255.586,707,86.697,171,456.815,321,108,361,2489.684
20260226B06,追加調達結果,募集量（TSO別）[MW],-,-,-,-,-,-,-,-,-,-
20260226B06,追加調達結果,応札量合計（電源属地別）[MW],0,0,0,0,0,0,0,0,0,0
20260226B06,追加調達結果,約定量合計（電源属地別）[MW],0,0,0,0,0,0,0,0,0,0
20260226B06,追加調達結果,応札件数（電源属地別）[件],0,0,0,0,0,0,0,0,0,0
20260226B06,追加調達結果,約定件数（電源属地別）[件],0,0,0,0,0,0,0,0,0,0
20260226B06,追加調達結果,最高約定価格（電源属地別）[円/kW・30分],0,0,0,0,0,0,0,0,0,0
20260226B06,追加調達結果,最低約定価格（電源属地別）[円/kW・30分],0,0,0,0,0,0,0,0,0,0
20260226B06,追加調達結果,平均約定価格（電源属地別）[円/kW・30分],0,0,0,0,0,0,0,0,0,0
20260226B06,追加調達結果,最高約定価格（TSO別）[円/kW・30分],0,0,0,0,0,0,0,0,0,0
20260226B06,追加調達結果,最低約定価格（TSO別）[円/kW・30分],0,0,0,0,0,0,0,0,0,0
20260226B06,追加調達結果,平均約定価格（TSO別）[円/kW・30分],0,0,0,0,0,0,0,0,0,0
20260226B06,追加調達結果,約定量合計（TSO別）[MW],0,0,0,0,0,0,0,0,0,0
20260226B06,追加調達結果,（内訳）自エリアからの約定量[MW],0,0,0,0,0,0,0,0,0,0
20260226B06,合計（確報値）,募集量（TSO別）[MW],0,171,707,0,171,690,278,194,288,2499
20260226B06,合計（確報値）,応札量合計（電源属地別）[MW],235,580,968.364,490.54,298,745.165,544.778,108,758,4727.847
20260226B06,合計（確報値）,約定量合計（電源属地別）[MW],34,255.586,707,205.5,179,456.805,427.382,108,361,2734.273
20260226B06,合計（確報値）,応札件数（電源属地別）[件],3,4,10,22,9,7,9,3,9,76
20260226B06,合計（確報値）,約定件数（電源属地別）[件],2,3,5,15,8,5,8,3,8,57
20260226B06,合計（確報値）,最高約定価格（電源属地別）[円/kW・30分],7,1.83,4.23,19.29,1.13,1.62,2.31,7.21,2.09,19.29
20260226B06,合計（確報値）,最低約定価格（電源属地別）[円/kW・30分],2.1,1.33,0.36,0.36,0.35,1.45,0.74,0.36,0.7,0.35
20260226B06,合計（確報値）,平均約定価格（電源属地別）[円/kW・30分],2.53,1.69,1.85,1.33,0.89,1.57,1.12,1.31,1.38,1.5
20260226B06,合計（確報値）,最高約定価格（TSO別）[円/kW・30分],7,2.1,4.23,19.29,1.13,2.31,2.31,7.21,2.09,19.29
20260226B06,合計（確報値）,最低約定価格（TSO別）[円/kW・30分],2.1,1.33,0.36,0.36,0.35,0.35,0.74,0.36,0.7,0.35
20260226B06,合計（確報値）,平均約定価格（TSO別）[円/kW・30分],2.75,1.71,1.85,2.65,0.92,1.33,0.99,1.31,1.38,1.5
20260226B06,合計（確報値）,約定量合計（TSO別）[MW],22.586,267,707,86.697,171,689.99,321,108,361,2734.273
20260226B06,合計（確報値）,（内訳）自エリアからの約定量[MW],22.586,255.586,707,86.697,171,456.805,321,108,361,2489.674
20260226B07,システム約定結果,募集量（TSO別）[MW],0,148,446,0,115,624,271,111,260,1975
20260226B07,システム約定結果,応札量合計（電源属地別）[MW],233,440,1752.711,200.25,123,607,813.714,121,474.97,4765.645
20260226B07,システム約定結果,落札量合計（電源属地別）[MW],31,148,814.063,187.065,123,119.019,271.115,121,300,2114.262
20260226B07,システム約定結果,応札件数（電源属地別）[件],2,2,15,3,1,4,13,4,9,53
20260226B07,システム約定結果,落札件数（電源属地別）[件],1,2,9,2,1,3,11,4,7,40
20260226B07,システム約定結果,最高落札価格（電源属地別）[円/kW・30分],2.16,1.89,5.71,3.27,2.8,3.25,9.57,6.96,3.74,9.57
20260226B07,システム約定結果,最低落札価格（電源属地別）[円/kW・30分],2.16,0.66,1.39,3.04,2.8,3.09,1.77,0.36,1.46,0.36
20260226B07,システム約定結果,平均落札価格（電源属地別）[円/kW・30分],2.16,1.24,4.89,3.06,2.8,3.2,2.86,1.42,2.3,3.39
20260226B07,システム約定結果,最高落札価格（TSO別）[円/kW・30分],2.16,1.89,5.71,3.04,2.8,5.71,9.57,6.96,3.74,9.57
20260226B07,システム約定結果,最低落札価格（TSO別）[円/kW・30分],2.16,0.66,1.39,3.04,2.8,1.87,0.36,0.36,1.46,0.36
20260226B07,システム約定結果,平均落札価格（TSO別）[円/kW・30分],2.16,1.24,4.55,3.04,2.8,4.43,2.71,1.52,2.3,3.39
20260226B07,システム約定結果,落札量合計（TSO別）[MW],31,148,446,68.262,115,624,271,111,300,2114.262
20260226B07,システム約定結果,（内訳）自エリアからの落札量[MW],31,148,446,68.262,115,119.019,210.261,111,300,1548.542
20260226B07,追加調達結果,募集量（TSO別）[MW],-,-,-,-,-,-,-,-,-,-
20260226B07,追加調達結果,応札量合計（電源属地別）[MW],0,0,0,0,0,0,0,0,0,0
20260226B07,追加調達結果,約定量合計（電源属地別）[MW],0,0,0,0,0,0,0,0,0,0
20260226B07,追加調達結果,応札件数（電源属地別）[件],0,0,0,0,0,0,0,0,0,0
20260226B07,追加調達結果,約定件数（電源属地別）[件],0,0,0,0,0,0,0,0,0,0
20260226B07,追加調達結果,最高約定価格（電源属地別）[円/kW・30分],0,0,0,0,0,0,0,0,0,0
20260226B07,追加調達結果,最低約定価格（電源属地別）[円/kW・30分],0,0,0,0,0,0,0,0,0,0
20260226B07,追加調達結果,平均約定価格（電源属地別）[円/kW・30分],0,0,0,0,0,0,0,0,0,0
20260226B07,追加調達結果,最高約定価格（TSO別）[円/kW・30分],0,0,0,0,0,0,0,0,0,0
20260226B07,追加調達結果,最低約定価格（TSO別）[円/kW・30分],0,0,0,0,0,0,0,0,0,0
20260226B07,追加調達結果,平均約定価格（TSO別）[円/kW・30分],0,0,0,0,0,0,0,0,0,0
20260226B07,追加調達結果,約定量合計（TSO別）[MW],0,0,0,0,0,0,0,0,0,0
20260226B07,追加調達結果,（内訳）自エリアからの約定量[MW],0,0,0,0,0,0,0,0,0,0
20260226B07,合計（確報値）,募集量（TSO別）[MW],0,148,446,0,115,624,271,111,260,1975
20260226B07,合計（確報値）,応札量合計（電源属地別）[MW],233,510,1752.711,387.315,246,641.571,813.714,121,559.97,5265.281
20260226B07,合計（確報値）,約定量合計（電源属地別）[MW],31,148,814.063,187.065,123,119.009,271.115,121,300,2114.252
20260226B07,合計（確報値）,応札件数（電源属地別）[件],2,6,15,13,9,7,13,4,11,80
20260226B07,合計（確報値）,約定件数（電源属地別）[件],1,5,9,10,8,5,11,4,8,61
20260226B07,合計（確報値）,最高約定価格（電源属地別）[円/kW・30分],2.16,1.3,5.71,0.36,2.15,3.25,9.57,6.96,3.74,9.57
20260226B07,合計（確報値）,最低約定価格（電源属地別）[円/kW・30分],2.16,0.66,1.39,0.36,0.62,2.78,1.77,0.36,1.46,0.36
20260226B07,合計（確報値）,平均約定価格（電源属地別）[円/kW・30分],2.16,0.96,4.89,0.36,1.33,3.11,2.86,1.42,2.3,3.04
20260226B07,合計（確報値）,最高約定価格（TSO別）[円/kW・30分],2.16,1.3,5.71,0.36,2.15,5.71,9.57,6.96,3.74,9.57
20260226B07,合計（確報値）,最低約定価格（TSO別）[円/kW・30分],2.16,0.66,1.39,0.36,0.62,0.36,0.36,0.36,1.46,0.36
20260226B07,合計（確報値）,平均約定価格（TSO別）[円/kW・30分],2.16,0.96,4.55,0.36,1.38,4.09,2.21,1.52,2.3,3.04
20260226B07,合計（確報値）,約定量合計（TSO別）[MW],31,148,446,68.262,115,623.99,271,111,300,2114.252
20260226B07,合計（確報値）,（内訳）自エリアからの約定量[MW],31,148,446,68.262,115,119.009,210.261,111,300,1548.532
20260226B08,システム約定結果,募集量（TSO別）[MW],0,0,57,0,110,497,280,96,252,1292
20260226B08,システム約定結果,応札量合計（電源属地別）[MW],253.8,440,470.755,198,130,605,958.464,109,519,3684.019
20260226B08,システム約定結果,落札量合計（電源属地別）[MW],34,140,412.546,187.065,130,119.019,374.208,100,252,1748.838
20260226B08,システム約定結果,応札件数（電源属地別）[件],4,2,6,2,1,3,14,6,7,45
20260226B08,システム約定結果,落札件数（電源属地別）[件],2,2,6,2,1,3,12,6,6,40
20260226B08,システム約定結果,最高落札価格（電源属地別）[円/kW・30分],7.32,2.59,4.76,2.59,2.18,1.93,9.57,6.94,2.7,9.57
20260226B08,システム約定結果,最低落札価格（電源属地別）[円/kW・30分],0.36,1.19,0.35,2.56,2.18,1.77,0.92,0.36,0.82,0.35
20260226B08,システム約定結果,平均落札価格（電源属地別）[円/kW・30分],0.97,1.89,1.72,2.56,2.18,1.88,2.18,0.87,1.56,1.88
20260226B08,システム約定結果,最高落札価格（TSO別）[円/kW・30分],7.32,2.59,4.76,2.56,2.18,2.74,9.57,6.94,2.7,9.57
20260226B08,システム約定結果,最低落札価格（TSO別）[円/kW・30分],0.36,1.19,1.26,2.56,2.18,0.35,0.92,0.36,0.82,0.35
20260226B08,システム約定結果,平均落札価格（TSO別）[円/kW・30分],0.97,1.89,1.87,2.56,2.18,1.79,2.49,0.87,1.56,1.88
20260226B08,システム約定結果,落札量合計（TSO別）[MW],34,140,253.784,82.054,110,497,280,100,252,1748.838
20260226B08,システム約定結果,（内訳）自エリアからの落札量[MW],34,140,253.784,82.054,110,119.019,214.03,100,252,1304.887
20260226B08,追加調達結果,募集量（TSO別）[MW],-,-,-,-,-,-,-,-,-,-
20260226B08,追加調達結果,応札量合計（電源属地別）[MW],0,0,0,0,0,0,0,0,0,0
20260226B08,追加調達結果,約定量合計（電源属地別）[MW],0,0,0,0,0,0,0,0,0,0
20260226B08,追加調達結果,応札件数（電源属地別）[件],0,0,0,0,0,0,0,0,0,0
20260226B08,追加調達結果,約定件数（電源属地別）[件],0,0,0,0,0,0,0,0,0,0
20260226B08,追加調達結果,最高約定価格（電源属地別）[円/kW・30分],0,0,0,0,0,0,0,0,0,0
20260226B08,追加調達結果,最低約定価格（電源属地別）[円/kW・30分],0,0,0,0,0,0,0,0,0,0
20260226B08,追加調達結果,平均約定価格（電源属地別）[円/kW・30分],0,0,0,0,0,0,0,0,0,0
20260226B08,追加調達結果,最高約定価格（TSO別）[円/kW・30分],0,0,0,0,0,0,0,0,0,0
20260226B08,追加調達結果,最低約定価格（TSO別）[円/kW・30分],0,0,0,0,0,0,0,0,0,0
20260226B08,追加調達結果,平均約定価格（TSO別）[円/kW・30分],0,0,0,0,0,0,0,0,0,0
20260226B08,追加調達結果,約定量合計（TSO別）[MW],0,0,0,0,0,0,0,0,0,0
20260226B08,追加調達結果,（内訳）自エリアからの約定量[MW],0,0,0,0,0,0,0,0,0,0
20260226B08,合計（確報値）,募集量（TSO別）[MW],0,0,57,0,110,497,280,96,252,1292
20260226B08,合計（確報値）,応札量合計（電源属地別）[MW],253.8,510,470.755,385.065,260,639.571,958.464,109,519,4105.655
20260226B08,合計（確報値）,約定量合計（電源属地別）[MW],34,140,412.546,187.065,130,119.009,374.208,100,252,1748.828
20260226B08,合計（確報値）,応札件数（電源属地別）[件],4,4,6,16,9,5,14,6,7,71
20260226B08,合計（確報値）,約定件数（電源属地別）[件],2,3,6,14,8,4,12,6,6,61
20260226B08,合計（確報値）,最高約定価格（電源属地別）[円/kW・30分],7.32,1.19,4.76,0.36,1.61,1.93,9.57,6.94,2.7,9.57
20260226B08,合計（確報値）,最低約定価格（電源属地別）[円/kW・30分],0.36,0.89,0.35,0.36,0.35,1.46,0.92,0.36,0.82,0.35
20260226B08,合計（確報値）,平均約定価格（電源属地別）[円/kW・30分],0.97,1.04,1.72,0.36,0.87,1.79,2.18,0.87,1.56,1.47
20260226B08,合計（確報値）,最高約定価格（TSO別）[円/kW・30分],7.32,1.19,4.76,0.36,1.61,2.74,9.57,6.94,2.7,9.57
20260226B08,合計（確報値）,最低約定価格（TSO別）[円/kW・30分],0.36,0.89,1.26,0.36,0.35,0.35,0.36,0.36,0.82,0.35
20260226B08,合計（確報値）,平均約定価格（TSO別）[円/kW・30分],0.97,1.04,1.87,0.36,0.74,1.32,2.41,0.87,1.56,1.47
20260226B08,合計（確報値）,約定量合計（TSO別）[MW],34,140,253.784,82.054,110,496.99,280,100,252,1748.828
20260226B08,合計（確報値）,（内訳）自エリアからの約定量[MW],34,140,253.784,82.054,110,119.009,214.03,100,252,1304.877
20260227B01,システム約定結果,募集量（TSO別）[MW],0,0,0,0,112,198,55,85,282,732
20260227B01,システム約定結果,応札量合計（電源属地別）[MW],233,440,175.9,555,116,605,824.625,93,486,3528.525
20260227B01,システム約定結果,落札量合計（電源属地別）[MW],23,140,37.5,509.943,116,119.019,242.801,93,157,1438.263
20260227B01,システム約定結果,応札件数（電源属地別）[件],2,2,2,5,1,3,11,6,6,38
20260227B01,システム約定結果,落札件数（電源属地別）[件],1,2,1,5,1,3,9,6,5,33
20260227B01,システム約定結果,最高落札価格（電源属地別）[円/kW・30分],3.99,2.97,0.52,2.93,1.66,1.39,9.57,6.33,2.13,9.57
20260227B01,システム約定結果,最低落札価格（電源属地別）[円/kW・30分],3.99,1.49,0.52,2.19,1.66,1.23,0.36,0.36,0.43,0.36
20260227B01,システム約定結果,平均落札価格（電源属地別）[円/kW・30分],3.99,2.23,0.52,2.63,1.66,1.34,1.74,1.64,1.18,2
20260227B01,システム約定結果,最高落札価格（TSO別）[円/kW・30分],3.99,2.97,0.52,2.93,1.66,2.88,9.57,6.33,9.57,9.57
20260227B01,システム約定結果,最低落札価格（TSO別）[円/kW・30分],3.99,1.49,0.52,2.19,1.66,1.23,0.36,0.36,0.36,0.36
20260227B01,システム約定結果,平均落札価格（TSO別）[円/kW・30分],3.99,2.23,0.52,2.69,1.66,1.74,1.74,1.64,1.74,2
20260227B01,システム約定結果,落札量合計（TSO別）[MW],23,140,37.5,333.763,112,198,219,93,282,1438.263
20260227B01,システム約定結果,（内訳）自エリアからの落札量[MW],23,140,37.5,333.763,112,119.019,219,93,157,1234.282
20260227B01,追加調達結果,募集量（TSO別）[MW],-,-,-,-,-,-,-,-,-,-
20260227B01,追加調達結果,応札量合計（電源属地別）[MW],0,0,0,0,0,0,0,0,0,0
20260227B01,追加調達結果,約定量合計（電源属地別）[MW],0,0,0,0,0,0,0,0,0,0
20260227B01,追加調達結果,応札件数（電源属地別）[件],0,0,0,0,0,0,0,0,0,0
20260227B01,追加調達結果,約定件数（電源属地別）[件],0,0,0,0,0,0,0,0,0,0
20260227B01,追加調達結果,最高約定価格（電源属地別）[円/kW・30分],0,0,0,0,0,0,0,0,0,0
20260227B01,追加調達結果,最低約定価格（電源属地別）[円/kW・30分],0,0,0,0,0,0,0,0,0,0
20260227B01,追加調達結果,平均約定価格（電源属地別）[円/kW・30分],0,0,0,0,0,0,0,0,0,0
20260227B01,追加調達結果,最高約定価格（TSO別）[円/kW・30分],0,0,0,0,0,0,0,0,0,0
20260227B01,追加調達結果,最低約定価格（TSO別）[円/kW・30分],0,0,0,0,0,0,0,0,0,0
20260227B01,追加調達結果,平均約定価格（TSO別）[円/kW・30分],0,0,0,0,0,0,0,0,0,0
20260227B01,追加調達結果,約定量合計（TSO別）[MW],0,0,0,0,0,0,0,0,0,0
20260227B01,追加調達結果,（内訳）自エリアからの約定量[MW],0,0,0,0,0,0,0,0,0,0
20260227B01,合計（確報値）,募集量（TSO別）[MW],0,0,0,0,112,198,55,85,282,732
20260227B01,合計（確報値）,応札量合計（電源属地別）[MW],233,510,175.9,1064.943,116,639.571,824.625,93,486,4143.039
20260227B01,合計（確報値）,約定量合計（電源属地別）[MW],23,140,37.5,509.943,116,119.009,242.801,93,157,1438.253
20260227B01,合計（確報値）,応札件数（電源属地別）[件],2,4,2,21,1,5,11,6,6,58
20260227B01,合計（確報値）,約定件数（電源属地別）[件],1,3,1,16,1,4,9,6,5,46
20260227B01,合計（確報値）,最高約定価格（電源属地別）[円/kW・30分],3.99,1.49,0.52,0.36,1.66,1.39,9.57,6.33,2.13,9.57
20260227B01,合計（確報値）,最低約定価格（電源属地別）[円/kW・30分],3.99,1.08,0.52,0.36,1.66,0.92,0.36,0.36,0.43,0.36
20260227B01,合計（確報値）,平均約定価格（電源属地別）[円/kW・30分],3.99,1.29,0.52,0.36,1.66,1.25,1.74,1.64,1.18,1.1
20260227B01,合計（確報値）,最高約定価格（TSO別）[円/kW・30分],3.99,1.49,0.52,0.36,1.66,1.74,9.57,6.33,9.57,9.57
20260227B01,合計（確報値）,最低約定価格（TSO別）[円/kW・30分],3.99,1.08,0.52,0.36,1.66,0.36,0.36,0.36,0.36,0.36
20260227B01,合計（確報値）,平均約定価格（TSO別）[円/kW・30分],3.99,1.29,0.52,0.36,1.66,0.94,1.74,1.64,0.92,1.1
20260227B01,合計（確報値）,約定量合計（TSO別）[MW],23,140,37.5,333.763,112,197.99,219,93,282,1438.253
20260227B01,合計（確報値）,（内訳）自エリアからの約定量[MW],23,140,37.5,333.763,112,119.009,219,93,157,1234.272
20260227B02,システム約定結果,募集量（TSO別）[MW],0,50,0,0,93,237,193,87,244,904
20260227B02,システム約定結果,応札量合計（電源属地別）[MW],236.75,440,134.6,438,102,605,824.625,93,519,3392.975
20260227B02,システム約定結果,落札量合計（電源属地別）[MW],21.032,140,0,424.065,102,119.019,296.258,93,180,1375.374
20260227B02,システム約定結果,応札件数（電源属地別）[件],3,2,2,4,1,3,11,5,7,38
20260227B02,システム約定結果,落札件数（電源属地別）[件],1,2,0,4,1,3,9,5,6,31
20260227B02,システム約定結果,最高落札価格（電源属地別）[円/kW・30分],4.14,2.86,0,2.92,1.86,1.39,9.57,5.82,2.38,9.57
20260227B02,システム約定結果,最低落札価格（電源属地別）[円/kW・30分],4.14,1.4,0,2.17,1.86,1.24,0.36,0.36,0.5,0.36
20260227B02,システム約定結果,平均落札価格（電源属地別）[円/kW・30分],4.14,2.13,0,2.57,1.86,1.35,1.78,1.78,1.45,2.02
20260227B02,システム約定結果,最高落札価格（TSO別）[円/kW・30分],4.14,2.86,0,2.92,1.86,2.92,9.57,5.82,2.92,9.57
20260227B02,システム約定結果,最低落札価格（TSO別）[円/kW・30分],4.14,1.4,0,2.17,1.86,0.36,0.36,0.36,0.5,0.36
20260227B02,システム約定結果,平均落札価格（TSO別）[円/kW・30分],4.14,2.13,0,2.53,1.86,1.89,1.74,1.79,1.74,2.02
20260227B02,システム約定結果,落札量合計（TSO別）[MW],21.032,140,0,287.342,101,237,259,86,244,1375.374
20260227B02,システム約定結果,（内訳）自エリアからの落札量[MW],21.032,140,0,287.342,101,119.019,258.03,86,180,1192.423
20260227B02,追加調達結果,募集量（TSO別）[MW],-,-,-,-,-,-,-,-,-,-
20260227B02,追加調達結果,応札量合計（電源属地別）[MW],0,0,0,0,0,0,0,0,0,0
20260227B02,追加調達結果,約定量合計（電源属地別）[MW],0,0,0,0,0,0,0,0,0,0
20260227B02,追加調達結果,応札件数（電源属地別）[件],0,0,0,0,0,0,0,0,0,0
20260227B02,追加調達結果,約定件数（電源属地別）[件],0,0,0,0,0,0,0,0,0,0
20260227B02,追加調達結果,最高約定価格（電源属地別）[円/kW・30分],0,0,0,0,0,0,0,0,0,0
20260227B02,追加調達結果,最低約定価格（電源属地別）[円/kW・30分],0,0,0,0,0,0,0,0,0,0
20260227B02,追加調達結果,平均約定価格（電源属地別）[円/kW・30分],0,0,0,0,0,0,0,0,0,0
20260227B02,追加調達結果,最高約定価格（TSO別）[円/kW・30分],0,0,0,0,0,0,0,0,0,0
20260227B02,追加調達結果,最低約定価格（TSO別）[円/kW・30分],0,0,0,0,0,0,0,0,0,0
20260227B02,追加調達結果,平均約定価格（TSO別）[円/kW・30分],0,0,0,0,0,0,0,0,0,0
20260227B02,追加調達結果,約定量合計（TSO別）[MW],0,0,0,0,0,0,0,0,0,0
20260227B02,追加調達結果,（内訳）自エリアからの約定量[MW],0,0,0,0,0,0,0,0,0,0
20260227B02,合計（確報値）,募集量（TSO別）[MW],0,50,0,0,93,237,193,87,244,904
20260227B02,合計（確報値）,応札量合計（電源属地別）[MW],236.75,510,134.6,862.065,102,639.571,824.625,93,519,3921.611
20260227B02,合計（確報値）,約定量合計（電源属地別）[MW],21.032,140,0,424.065,102,119.009,296.258,93,180,1375.364
20260227B02,合計（確報値）,応札件数（電源属地別）[件],3,4,2,18,1,5,11,5,7,56
20260227B02,合計（確報値）,約定件数（電源属地別）[件],1,3,0,14,1,4,9,5,6,43
20260227B02,合計（確報値）,最高約定価格（電源属地別）[円/kW・30分],4.14,1.4,0,0.36,1.86,1.39,9.57,5.82,2.38,9.57
20260227B02,合計（確報値）,最低約定価格（電源属地別）[円/kW・30分],4.14,0.98,0,0.36,1.86,0.92,0.36,0.36,0.5,0.36
20260227B02,合計（確報値）,平均約定価格（電源属地別）[円/kW・30分],4.14,1.19,0,0.36,1.86,1.25,1.78,1.78,1.45,1.24
20260227B02,合計（確報値）,最高約定価格（TSO別）[円/kW・30分],4.14,1.4,0,0.36,1.86,2.14,9.57,5.82,2.38,9.57
20260227B02,合計（確報値）,最低約定価格（TSO別）[円/kW・30分],4.14,0.98,0,0.36,1.86,0.36,0.36,0.36,0.36,0.36
20260227B02,合計（確報値）,平均約定価格（TSO別）[円/kW・30分],4.14,1.19,0,0.36,1.86,0.94,1.73,1.79,1.35,1.24
20260227B02,合計（確報値）,約定量合計（TSO別）[MW],21.032,140,0,287.342,101,236.99,259,86,244,1375.364
20260227B02,合計（確報値）,（内訳）自エリアからの約定量[MW],21.032,140,0,287.342,101,119.009,258.03,86,180,1192.413
20260227B03,システム約定結果,募集量（TSO別）[MW],0,150,356,0,140,596,329,134,261,1966
20260227B03,システム約定結果,応札量合計（電源属地別）[MW],257.44,701.5,1203.694,200.5,170.994,605,958.464,169,435.93,4702.522
20260227B03,システム約定結果,落札量合計（電源属地別）[MW],54.1,298.109,847.88,187.065,169,119.019,382.208,169,210,2436.381
20260227B03,システム約定結果,応札件数（電源属地別）[件],5,4,11,3,3,3,14,3,8,54
20260227B03,システム約定結果,落札件数（電源属地別）[件],4,3,8,2,2,3,12,3,5,42
20260227B03,システム約定結果,最高落札価格（電源属地別）[円/kW・30分],10.99,2.19,4.21,3.3,3.06,3.03,9.57,7.14,3.84,10.99
20260227B03,システム約定結果,最低落札価格（電源属地別）[円/kW・30分],2.68,0.86,0.35,2.91,3.05,2.87,1.04,0.36,1.87,0.35
20260227B03,システム約定結果,平均落札価格（電源属地別）[円/kW・30分],6.16,1.69,1.8,3.26,3.06,2.98,2.34,1.02,2.57,2.24
20260227B03,システム約定結果,最高落札価格（TSO別）[円/kW・30分],10.99,2.19,4.21,3.3,3.06,9.57,9.57,7.14,3.84,10.99
20260227B03,システム約定結果,最低落札価格（TSO別）[円/kW・30分],2.68,0.86,0.36,3.3,3.05,0.36,0.36,0.36,0.35,0.35
20260227B03,システム約定結果,平均落札価格（TSO別）[円/kW・30分],6.16,1.69,2.99,3.3,3.06,1.91,2.11,1.19,1.78,2.24
20260227B03,システム約定結果,落札量合計（TSO別）[MW],54.1,298.109,463.29,18.682,140,596,406.2,134,326,2436.381
20260227B03,システム約定結果,（内訳）自エリアからの落札量[MW],54.1,298.109,463.29,18.682,140,119.019,283.23,134,210,1720.43
20260227B03,追加調達結果,募集量（TSO別）[MW],-,-,-,-,-,-,-,-,-,-
20260227B03,追加調達結果,応札量合計（電源属地別）[MW],0,0,0,0,0,0,0,0,0,0
20260227B03,追加調達結果,約定量合計（電源属地別）[MW],0,0,0,0,0,0,0,0,0,0
20260227B03,追加調達結果,応札件数（電源属地別）[件],0,0,0,0,0,0,0,0,0,0
20260227B03,追加調達結果,約定件数（電源属地別）[件],0,0,0,0,0,0,0,0,0,0
20260227B03,追加調達結果,最高約定価格（電源属地別）[円/kW・30分],0,0,0,0,0,0,0,0,0,0
20260227B03,追加調達結果,最低約定価格（電源属地別）[円/kW・30分],0,0,0,0,0,0,0,0,0,0
20260227B03,追加調達結果,平均約定価格（電源属地別）[円/kW・30分],0,0,0,0,0,0,0,0,0,0
20260227B03,追加調達結果,最高約定価格（TSO別）[円/kW・30分],0,0,0,0,0,0,0,0,0,0
20260227B03,追加調達結果,最低約定価格（TSO別）[円/kW・30分],0,0,0,0,0,0,0,0,0,0
20260227B03,追加調達結果,平均約定価格（TSO別）[円/kW・30分],0,0,0,0,0,0,0,0,0,0
20260227B03,追加調達結果,約定量合計（TSO別）[MW],0,0,0,0,0,0,0,0,0,0
20260227B03,追加調達結果,（内訳）自エリアからの約定量[MW],0,0,0,0,0,0,0,0,0,0
20260227B03,合計（確報値）,募集量（TSO別）[MW],0,150,356,0,140,596,329,134,261,1966
20260227B03,合計（確報値）,応札量合計（電源属地別）[MW],257.44,771.5,1203.694,387.565,170.994,639.571,958.464,169,435.93,4994.158
20260227B03,合計（確報値）,約定量合計（電源属地別）[MW],54.1,298.109,847.88,187.065,169,119.009,382.208,169,210,2436.371
20260227B03,合計（確報値）,応札件数（電源属地別）[件],5,8,11,11,3,5,14,3,8,68
20260227B03,合計（確報値）,約定件数（電源属地別）[件],4,6,8,8,2,4,12,3,5,52
20260227B03,合計（確報値）,最高約定価格（電源属地別）[円/kW・30分],10.99,1.97,4.21,0.36,3.06,3.03,9.57,7.14,3.84,10.99
20260227B03,合計（確報値）,最低約定価格（電源属地別）[円/kW・30分],2.68,0.86,0.35,0.36,3.05,2.56,1.04,0.36,1.87,0.35
20260227B03,合計（確報値）,平均約定価格（電源属地別）[円/kW・30分],6.16,1.43,1.8,0.36,3.06,2.89,2.34,1.02,2.57,1.98
20260227B03,合計（確報値）,最高約定価格（TSO別）[円/kW・30分],10.99,1.97,4.21,0.36,3.06,9.57,9.57,7.14,3.84,10.99
20260227B03,合計（確報値）,最低約定価格（TSO別）[円/kW・30分],2.68,0.86,0.36,0.36,3.05,0.36,0.36,0.36,0.35,0.35
20260227B03,合計（確報値）,平均約定価格（TSO別）[円/kW・30分],6.16,1.43,2.99,0.36,3.06,1.44,1.57,1.19,1.78,1.98
20260227B03,合計（確報値）,約定量合計（TSO別）[MW],54.1,298.109,463.29,18.682,140,595.99,406.2,134,326,2436.371
20260227B03,合計（確報値）,（内訳）自エリアからの約定量[MW],54.1,298.109,463.29,18.682,140,119.009,283.23,134,210,1720.42
20260227B04,システム約定結果,募集量（TSO別）[MW],0,0,718,0,258,772,470,265,361,2844
20260227B04,システム約定結果,応札量合計（電源属地別）[MW],236,510,1285.176,0,266,607,582.056,205,821,4512.232
20260227B04,システム約定結果,落札量合計（電源属地別）[MW],26,176,718,0,266,507,582.056,205,419,2899.056
20260227B04,システム約定結果,応札件数（電源属地別）[件],3,2,9,0,2,4,7,3,6,36
20260227B04,システム約定結果,落札件数（電源属地別）[件],1,2,5,0,2,4,7,3,4,28
20260227B04,システム約定結果,最高落札価格（電源属地別）[円/kW・30分],4.72,3.65,0.36,0,0.62,17.27,1.5,7.94,0.94,17.27
20260227B04,システム約定結果,最低落札価格（電源属地別）[円/kW・30分],4.72,1.39,0.35,0,0.61,0.97,0.36,0.36,0.36,0.35
20260227B04,システム約定結果,平均落札価格（電源属地別）[円/kW・30分],4.72,1.9,0.36,0,0.62,1.15,1.1,1.25,0.51,0.89
20260227B04,システム約定結果,最高落札価格（TSO別）[円/kW・30分],4.72,3.65,0.36,0,0.62,17.27,1.5,7.94,0.94,17.27
20260227B04,システム約定結果,最低落札価格（TSO別）[円/kW・30分],4.72,1.39,0.35,0,0.61,0.62,0.36,0.36,0.36,0.35
20260227B04,システム約定結果,平均落札価格（TSO別）[円/kW・30分],4.72,1.9,0.36,0,0.62,1.18,1.03,1.25,0.51,0.89
20260227B04,システム約定結果,落札量合計（TSO別）[MW],26,176,718,0,258,627.056,470,205,419,2899.056
20260227B04,システム約定結果,（内訳）自エリアからの落札量[MW],26,176,718,0,258,507,470,205,419,2779
20260227B04,追加調達結果,募集量（TSO別）[MW],-,-,-,-,-,-,-,-,-,-
20260227B04,追加調達結果,応札量合計（電源属地別）[MW],0,0,0,0,0,0,0,0,0,0
20260227B04,追加調達結果,約定量合計（電源属地別）[MW],0,0,0,0,0,0,0,0,0,0
20260227B04,追加調達結果,応札件数（電源属地別）[件],0,0,0,0,0,0,0,0,0,0
20260227B04,追加調達結果,約定件数（電源属地別）[件],0,0,0,0,0,0,0,0,0,0
20260227B04,追加調達結果,最高約定価格（電源属地別）[円/kW・30分],0,0,0,0,0,0,0,0,0,0
20260227B04,追加調達結果,最低約定価格（電源属地別）[円/kW・30分],0,0,0,0,0,0,0,0,0,0
20260227B04,追加調達結果,平均約定価格（電源属地別）[円/kW・30分],0,0,0,0,0,0,0,0,0,0
20260227B04,追加調達結果,最高約定価格（TSO別）[円/kW・30分],0,0,0,0,0,0,0,0,0,0
20260227B04,追加調達結果,最低約定価格（TSO別）[円/kW・30分],0,0,0,0,0,0,0,0,0,0
20260227B04,追加調達結果,平均約定価格（TSO別）[円/kW・30分],0,0,0,0,0,0,0,0,0,0
20260227B04,追加調達結果,約定量合計（TSO別）[MW],0,0,0,0,0,0,0,0,0,0
20260227B04,追加調達結果,（内訳）自エリアからの約定量[MW],0,0,0,0,0,0,0,0,0,0
20260227B04,合計（確報値）,募集量（TSO別）[MW],0,0,718,0,258,772,470,265,361,2844
20260227B04,合計（確報値）,応札量合計（電源属地別）[MW],236,550,1285.176,0,266,752.321,582.056,205,821,4697.553
20260227B04,合計（確報値）,約定量合計（電源属地別）[MW],26,176,718,0,266,506.99,582.056,205,419,2899.046
20260227B04,合計（確報値）,応札件数（電源属地別）[件],3,4,9,0,2,7,7,3,6,41
20260227B04,合計（確報値）,約定件数（電源属地別）[件],1,3,5,0,2,6,7,3,4,31
20260227B04,合計（確報値）,最高約定価格（電源属地別）[円/kW・30分],4.72,1.69,0.36,0,0.62,17.27,1.5,7.94,0.94,17.27
20260227B04,合計（確報値）,最低約定価格（電源属地別）[円/kW・30分],4.72,1.39,0.35,0,0.61,0.96,0.36,0.36,0.36,0.35
20260227B04,合計（確報値）,平均約定価格（電源属地別）[円/kW・30分],4.72,1.46,0.36,0,0.62,1.14,1.1,1.25,0.51,0.86
20260227B04,合計（確報値）,最高約定価格（TSO別）[円/kW・30分],4.72,1.69,0.36,0,0.62,17.27,1.5,7.94,0.94,17.27
20260227B04,合計（確報値）,最低約定価格（TSO別）[円/kW・30分],4.72,1.39,0.35,0,0.61,0.62,0.36,0.36,0.36,0.35
20260227B04,合計（確報値）,平均約定価格（TSO別）[円/kW・30分],4.72,1.46,0.36,0,0.62,1.18,1.03,1.25,0.51,0.86
20260227B04,合計（確報値）,約定量合計（TSO別）[MW],26,176,718,0,258,627.046,470,205,419,2899.046
20260227B04,合計（確報値）,（内訳）自エリアからの約定量[MW],26,176,718,0,258,506.99,470,205,419,2778.99
20260227B05,システム約定結果,募集量（TSO別）[MW],72,0,40,0,221,625,227,225,318,1728
20260227B05,システム約定結果,応札量合計（電源属地別）[MW],221.69,510,166.8,0,228,605,582.056,164,589.05,3066.596
20260227B05,システム約定結果,落札量合計（電源属地別）[MW],32.28,210,40,0,228,493.231,347.264,164,322.505,1837.28
20260227B05,システム約定結果,応札件数（電源属地別）[件],6,2,2,0,2,3,7,3,6,31
20260227B05,システム約定結果,落札件数（電源属地別）[件],1,2,1,0,2,3,5,3,4,21
20260227B05,システム約定結果,最高落札価格（電源属地別）[円/kW・30分],2.74,3.87,7.21,0,0.35,0.36,0.75,8,0.36,8
20260227B05,システム約定結果,最低落札価格（電源属地別）[円/kW・30分],2.74,1.5,7.21,0,0.35,0.36,0.36,0.36,0.36,0.35
20260227B05,システム約定結果,平均落札価格（電源属地別）[円/kW・30分],2.74,2.29,7.21,0,0.35,0.36,0.55,1.51,0.36,0.91
20260227B05,システム約定結果,最高落札価格（TSO別）[円/kW・30分],3.87,3.87,7.21,0,0.35,0.75,0.75,8,0.36,8
20260227B05,システム約定結果,最低落札価格（TSO別）[円/kW・30分],1.5,1.5,7.21,0,0.35,0.35,0.36,0.36,0.36,0.35
20260227B05,システム約定結果,平均落札価格（TSO別）[円/kW・30分],2.73,2.17,7.21,0,0.35,0.42,0.49,1.51,0.36,0.91
20260227B05,システム約定結果,落札量合計（TSO別）[MW],77,165.28,40,0,221,625,227,164,318,1837.28
20260227B05,システム約定結果,（内訳）自エリアからの落札量[MW],32.28,165.28,40,0,221,493.231,222.495,164,318,1656.286
20260227B05,追加調達結果,募集量（TSO別）[MW],-,-,-,-,-,-,-,-,-,-
20260227B05,追加調達結果,応札量合計（電源属地別）[MW],0,0,0,0,0,0,0,0,0,0
20260227B05,追加調達結果,約定量合計（電源属地別）[MW],0,0,0,0,0,0,0,0,0,0
20260227B05,追加調達結果,応札件数（電源属地別）[件],0,0,0,0,0,0,0,0,0,0
20260227B05,追加調達結果,約定件数（電源属地別）[件],0,0,0,0,0,0,0,0,0,0
20260227B05,追加調達結果,最高約定価格（電源属地別）[円/kW・30分],0,0,0,0,0,0,0,0,0,0
20260227B05,追加調達結果,最低約定価格（電源属地別）[円/kW・30分],0,0,0,0,0,0,0,0,0,0
20260227B05,追加調達結果,平均約定価格（電源属地別）[円/kW・30分],0,0,0,0,0,0,0,0,0,0
20260227B05,追加調達結果,最高約定価格（TSO別）[円/kW・30分],0,0,0,0,0,0,0,0,0,0
20260227B05,追加調達結果,最低約定価格（TSO別）[円/kW・30分],0,0,0,0,0,0,0,0,0,0
20260227B05,追加調達結果,平均約定価格（TSO別）[円/kW・30分],0,0,0,0,0,0,0,0,0,0
20260227B05,追加調達結果,約定量合計（TSO別）[MW],0,0,0,0,0,0,0,0,0,0
20260227B05,追加調達結果,（内訳）自エリアからの約定量[MW],0,0,0,0,0,0,0,0,0,0
20260227B05,合計（確報値）,募集量（TSO別）[MW],72,0,40,0,221,625,227,225,318,1728
20260227B05,合計（確報値）,応札量合計（電源属地別）[MW],221.69,580,166.8,0,228,704.24,582.056,164,589.05,3235.836
20260227B05,合計（確報値）,約定量合計（電源属地別）[MW],32.28,210,40,0,228,493.221,347.264,164,322.505,1837.27
20260227B05,合計（確報値）,応札件数（電源属地別）[件],6,5,2,0,2,6,7,3,6,37
20260227B05,合計（確報値）,約定件数（電源属地別）[件],1,4,1,0,2,5,5,3,4,25
20260227B05,合計（確報値）,最高約定価格（電源属地別）[円/kW・30分],2.74,1.88,7.21,0,0.35,0.36,0.75,8,0.36,8
20260227B05,合計（確報値）,最低約定価格（電源属地別）[円/kW・30分],2.74,1.5,7.21,0,0.35,0.36,0.36,0.36,0.36,0.35
20260227B05,合計（確報値）,平均約定価格（電源属地別）[円/kW・30分],2.74,1.63,7.21,0,0.35,0.36,0.55,1.51,0.36,0.83
20260227B05,合計（確報値）,最高約定価格（TSO別）[円/kW・30分],2.74,1.88,7.21,0,0.35,0.75,0.75,8,0.36,8
20260227B05,合計（確報値）,最低約定価格（TSO別）[円/kW・30分],1.5,1.5,7.21,0,0.35,0.35,0.36,0.36,0.36,0.35
20260227B05,合計（確報値）,平均約定価格（TSO別）[円/kW・30分],2.13,1.61,7.21,0,0.35,0.42,0.49,1.51,0.36,0.83
20260227B05,合計（確報値）,約定量合計（TSO別）[MW],77,165.28,40,0,221,624.99,227,164,318,1837.27
20260227B05,合計（確報値）,（内訳）自エリアからの約定量[MW],32.28,165.28,40,0,221,493.221,222.495,164,318,1656.276
20260227B06,システム約定結果,募集量（TSO別）[MW],0,171,707,0,171,690,278,194,288,2499
20260227B06,システム約定結果,応札量合計（電源属地別）[MW],3,510,1370.371,333.582,179,607,688.973,30,654,4375.926
20260227B06,システム約定結果,落札量合計（電源属地別）[MW],3,210,907.581,324.647,179,119.019,427.886,30,361,2562.133
20260227B06,システム約定結果,応札件数（電源属地別）[件],1,2,12,2,2,4,10,2,6,41
20260227B06,システム約定結果,落札件数（電源属地別）[件],1,2,7,2,2,3,9,2,5,33
20260227B06,システム約定結果,最高落札価格（電源属地別）[円/kW・30分],7,2.49,4.23,3,1.13,1.62,2.29,6.98,2.23,7
20260227B06,システム約定結果,最低落札価格（電源属地別）[円/kW・30分],7,1.77,0.36,2.57,1.12,1.46,0.71,0.73,0.8,0.36
20260227B06,システム約定結果,平均落札価格（電源属地別）[円/kW・30分],7,2.01,1.07,2.59,1.13,1.57,1.41,3.86,1.02,1.46
20260227B06,システム約定結果,最高落札価格（TSO別）[円/kW・30分],7,2.49,4.23,2.57,2.17,3,2.57,6.98,2.23,7
20260227B06,システム約定結果,最低落札価格（TSO別）[円/kW・30分],7,0.36,0.36,2.57,1.12,0.36,0.71,0.73,0.8,0.36
20260227B06,システム約定結果,平均落札価格（TSO別）[円/kW・30分],7,1.66,1.25,2.57,1.18,1.87,1.17,3.86,1.02,1.46
20260227B06,システム約定結果,落札量合計（TSO別）[MW],3,267,707,12.133,171,690,321,30,361,2562.133
20260227B06,システム約定結果,（内訳）自エリアからの落札量[MW],3,210,707,12.133,161.845,119.019,311.209,30,361,1915.206
20260227B06,追加調達結果,募集量（TSO別）[MW],-,-,-,-,-,-,-,-,-,-
20260227B06,追加調達結果,応札量合計（電源属地別）[MW],0,0,0,0,0,0,0,0,0,0
20260227B06,追加調達結果,約定量合計（電源属地別）[MW],0,0,0,0,0,0,0,0,0,0
20260227B06,追加調達結果,応札件数（電源属地別）[件],0,0,0,0,0,0,0,0,0,0
20260227B06,追加調達結果,約定件数（電源属地別）[件],0,0,0,0,0,0,0,0,0,0
20260227B06,追加調達結果,最高約定価格（電源属地別）[円/kW・30分],0,0,0,0,0,0,0,0,0,0
20260227B06,追加調達結果,最低約定価格（電源属地別）[円/kW・30分],0,0,0,0,0,0,0,0,0,0
20260227B06,追加調達結果,平均約定価格（電源属地別）[円/kW・30分],0,0,0,0,0,0,0,0,0,0
20260227B06,追加調達結果,最高約定価格（TSO別）[円/kW・30分],0,0,0,0,0,0,0,0,0,0
20260227B06,追加調達結果,最低約定価格（TSO別）[円/kW・30分],0,0,0,0,0,0,0,0,0,0
20260227B06,追加調達結果,平均約定価格（TSO別）[円/kW・30分],0,0,0,0,0,0,0,0,0,0
20260227B06,追加調達結果,約定量合計（TSO別）[MW],0,0,0,0,0,0,0,0,0,0
20260227B06,追加調達結果,（内訳）自エリアからの約定量[MW],0,0,0,0,0,0,0,0,0,0
20260227B06,合計（確報値）,募集量（TSO別）[MW],0,171,707,0,171,690,278,194,288,2499
20260227B06,合計（確報値）,応札量合計（電源属地別）[MW],3,580,1370.371,658.229,179,641.571,688.973,30,654,4805.144
20260227B06,合計（確報値）,約定量合計（電源属地別）[MW],3,210,907.581,324.647,179,119.009,427.886,30,361,2562.123
20260227B06,合計（確報値）,応札件数（電源属地別）[件],1,6,12,11,2,6,10,2,6,56
20260227B06,合計（確報値）,約定件数（電源属地別）[件],1,5,7,9,2,4,9,2,5,44
20260227B06,合計（確報値）,最高約定価格（電源属地別）[円/kW・30分],7,1.77,4.23,0.36,1.13,1.62,2.29,6.98,2.23,7
20260227B06,合計（確報値）,最低約定価格（電源属地別）[円/kW・30分],7,1.23,0.36,0.36,1.12,1.15,0.71,0.73,0.8,0.36
20260227B06,合計（確報値）,平均約定価格（電源属地別）[円/kW・30分],7,1.59,1.07,0.36,1.13,1.48,1.41,3.86,1.02,1.13
20260227B06,合計（確報値）,最高約定価格（TSO別）[円/kW・30分],7,1.77,4.23,0.36,2.17,2.29,2.29,6.98,2.23,7
20260227B06,合計（確報値）,最低約定価格（TSO別）[円/kW・30分],7,0.36,0.36,0.36,1.12,0.36,0.36,0.73,0.8,0.36
20260227B06,合計（確報値）,平均約定価格（TSO別）[円/kW・30分],7,1.33,1.25,0.36,1.18,0.88,1.1,3.86,1.02,1.13
20260227B06,合計（確報値）,約定量合計（TSO別）[MW],3,267,707,12.133,171,689.99,321,30,361,2562.123
20260227B06,合計（確報値）,（内訳）自エリアからの約定量[MW],3,210,707,12.133,161.845,119.009,311.209,30,361,1915.196
20260227B07,システム約定結果,募集量（TSO別）[MW],0,148,446,0,115,624,271,111,260,1975
20260227B07,システム約定結果,応札量合計（電源属地別）[MW],0,440,1717.101,333.582,123,607,914.244,121,642.97,4898.897
20260227B07,システム約定結果,落札量合計（電源属地別）[MW],0,140,737.812,324.647,123,119.019,355.441,111,310,2220.919
20260227B07,システム約定結果,応札件数（電源属地別）[件],0,2,13,2,1,4,13,4,9,48
20260227B07,システム約定結果,落札件数（電源属地別）[件],0,2,5,2,1,3,11,4,7,35
20260227B07,システム約定結果,最高落札価格（電源属地別）[円/kW・30分],0,1.73,5.88,3.42,2.8,3.25,3.63,6.3,3.74,6.3
20260227B07,システム約定結果,最低落札価格（電源属地別）[円/kW・30分],0,0.74,1.26,2.63,2.8,3.09,1.67,0.36,1.77,0.36
20260227B07,システム約定結果,平均落札価格（電源属地別）[円/kW・30分],0,1.24,4.54,2.67,2.8,3.2,2.75,1.55,2.38,3.15
20260227B07,システム約定結果,最高落札価格（TSO別）[円/kW・30分],0,5.87,5.88,2.63,2.8,5.88,3.63,6.3,3.74,6.3
20260227B07,システム約定結果,最低落札価格（TSO別）[円/kW・30分],0,0.74,1.26,2.63,2.8,1.67,1.67,0.36,1.77,0.36
20260227B07,システム約定結果,平均落札価格（TSO別）[円/kW・30分],0,1.47,4.42,2.63,2.8,3.47,2.48,1.55,2.38,3.15
20260227B07,システム約定結果,落札量合計（TSO別）[MW],0,148,573.567,68.352,115,624,271,111,310,2220.919
20260227B07,システム約定結果,（内訳）自エリアからの落札量[MW],0,140,573.567,68.352,115,119.019,210.03,111,310,1646.968
20260227B07,追加調達結果,募集量（TSO別）[MW],-,-,-,-,-,-,-,-,-,-
20260227B07,追加調達結果,応札量合計（電源属地別）[MW],0,0,0,0,0,0,0,0,0,0
20260227B07,追加調達結果,約定量合計（電源属地別）[MW],0,0,0,0,0,0,0,0,0,0
20260227B07,追加調達結果,応札件数（電源属地別）[件],0,0,0,0,0,0,0,0,0,0
20260227B07,追加調達結果,約定件数（電源属地別）[件],0,0,0,0,0,0,0,0,0,0
20260227B07,追加調達結果,最高約定価格（電源属地別）[円/kW・30分],0,0,0,0,0,0,0,0,0,0
20260227B07,追加調達結果,最低約定価格（電源属地別）[円/kW・30分],0,0,0,0,0,0,0,0,0,0
20260227B07,追加調達結果,平均約定価格（電源属地別）[円/kW・30分],0,0,0,0,0,0,0,0,0,0
20260227B07,追加調達結果,最高約定価格（TSO別）[円/kW・30分],0,0,0,0,0,0,0,0,0,0
20260227B07,追加調達結果,最低約定価格（TSO別）[円/kW・30分],0,0,0,0,0,0,0,0,0,0
20260227B07,追加調達結果,平均約定価格（TSO別）[円/kW・30分],0,0,0,0,0,0,0,0,0,0
20260227B07,追加調達結果,約定量合計（TSO別）[MW],0,0,0,0,0,0,0,0,0,0
20260227B07,追加調達結果,（内訳）自エリアからの約定量[MW],0,0,0,0,0,0,0,0,0,0
20260227B07,合計（確報値）,募集量（TSO別）[MW],0,148,446,0,115,624,271,111,260,1975
20260227B07,合計（確報値）,応札量合計（電源属地別）[MW],0,510,1905.892,658.229,123,641.571,914.244,121,642.97,5516.906
20260227B07,合計（確報値）,約定量合計（電源属地別）[MW],0,140,728.92,324.647,123,119.009,355.441,111,310,2212.017
20260227B07,合計（確報値）,応札件数（電源属地別）[件],0,5,25,10,1,6,13,4,9,73
20260227B07,合計（確報値）,約定件数（電源属地別）[件],0,4,16,8,1,4,11,4,7,55
20260227B07,合計（確報値）,最高約定価格（電源属地別）[円/kW・30分],0,1.46,5.88,0.36,2.8,3.25,3.63,6.3,3.74,6.3
20260227B07,合計（確報値）,最低約定価格（電源属地別）[円/kW・30分],0,0.74,0.36,0.36,2.8,2.78,1.67,0.36,1.77,0.36
20260227B07,合計（確報値）,平均約定価格（電源属地別）[円/kW・30分],0,1.1,3.48,0.36,2.8,3.11,2.75,1.55,2.38,2.44
20260227B07,合計（確報値）,最高約定価格（TSO別）[円/kW・30分],0,5.87,5.88,0.36,2.8,5.88,3.63,6.3,3.74,6.3
20260227B07,合計（確報値）,最低約定価格（TSO別）[円/kW・30分],0,0.36,0.36,0.36,2.8,0.36,0.36,0.36,1.77,0.36
20260227B07,合計（確報値）,平均約定価格（TSO別）[円/kW・30分],0,1.23,3.79,0.36,2.8,2.02,2.03,1.55,2.38,2.44
20260227B07,合計（確報値）,約定量合計（TSO別）[MW],0,148,573.567,68.352,115,615.098,271,111,310,2212.017
20260227B07,合計（確報値）,（内訳）自エリアからの約定量[MW],0,140,573.567,68.352,115,119.009,210.03,111,310,1646.958
20260227B08,システム約定結果,募集量（TSO別）[MW],0,0,57,0,110,497,280,96,252,1292
20260227B08,システム約定結果,応札量合計（電源属地別）[MW],254.7,380,644.509,326.582,130,605,914.244,109,519,3883.035
20260227B08,システム約定結果,落札量合計（電源属地別）[MW],34,140,466.171,324.647,130,119.019,360.441,100,252,1926.278
20260227B08,システム約定結果,応札件数（電源属地別）[件],4,2,6,2,1,3,13,5,7,43
20260227B08,システム約定結果,落札件数（電源属地別）[件],2,2,4,2,1,3,11,5,6,36
20260227B08,システム約定結果,最高落札価格（電源属地別）[円/kW・30分],7.32,1.2,3.53,2.61,2.18,1.93,2.64,6.65,2.7,7.32
20260227B08,システム約定結果,最低落札価格（電源属地別）[円/kW・30分],3.91,1.17,1.26,1.81,2.18,1.77,0.84,0.36,0.82,0.36
20260227B08,システム約定結果,平均落札価格（電源属地別）[円/kW・30分],4.21,1.19,2.45,1.85,2.18,1.88,1.81,1.4,1.56,1.94
20260227B08,システム約定結果,最高落札価格（TSO別）[円/kW・30分],7.32,1.2,3.53,1.81,2.18,2.64,3.53,6.65,2.7,7.32
20260227B08,システム約定結果,最低落札価格（TSO別）[円/kW・30分],3.91,1.17,1.26,1.81,2.18,0.92,0.84,0.36,0.82,0.36
20260227B08,システム約定結果,平均落札価格（TSO別）[円/kW・30分],4.21,1.19,2.38,1.81,2.18,1.99,1.77,1.4,1.56,1.94
20260227B08,システム約定結果,落札量合計（TSO別）[MW],34,140,437.256,67.862,110,497,288.16,100,252,1926.278
20260227B08,システム約定結果,（内訳）自エリアからの落札量[MW],34,140,437.256,67.862,110,119.019,222.19,100,252,1482.327
20260227B08,追加調達結果,募集量（TSO別）[MW],-,-,-,-,-,-,-,-,-,-
20260227B08,追加調達結果,応札量合計（電源属地別）[MW],0,0,0,0,0,0,0,0,0,0
20260227B08,追加調達結果,約定量合計（電源属地別）[MW],0,0,0,0,0,0,0,0,0,0
20260227B08,追加調達結果,応札件数（電源属地別）[件],0,0,0,0,0,0,0,0,0,0
20260227B08,追加調達結果,約定件数（電源属地別）[件],0,0,0,0,0,0,0,0,0,0
20260227B08,追加調達結果,最高約定価格（電源属地別）[円/kW・30分],0,0,0,0,0,0,0,0,0,0
20260227B08,追加調達結果,最低約定価格（電源属地別）[円/kW・30分],0,0,0,0,0,0,0,0,0,0
20260227B08,追加調達結果,平均約定価格（電源属地別）[円/kW・30分],0,0,0,0,0,0,0,0,0,0
20260227B08,追加調達結果,最高約定価格（TSO別）[円/kW・30分],0,0,0,0,0,0,0,0,0,0
20260227B08,追加調達結果,最低約定価格（TSO別）[円/kW・30分],0,0,0,0,0,0,0,0,0,0
20260227B08,追加調達結果,平均約定価格（TSO別）[円/kW・30分],0,0,0,0,0,0,0,0,0,0
20260227B08,追加調達結果,約定量合計（TSO別）[MW],0,0,0,0,0,0,0,0,0,0
20260227B08,追加調達結果,（内訳）自エリアからの約定量[MW],0,0,0,0,0,0,0,0,0,0
20260227B08,合計（確報値）,募集量（TSO別）[MW],0,0,57,0,110,497,280,96,252,1292
20260227B08,合計（確報値）,応札量合計（電源属地別）[MW],254.7,380,905.499,651.229,130,639.571,914.244,109,553,4537.243
20260227B08,合計（確報値）,約定量合計（電源属地別）[MW],34,140,458.109,324.647,130,119.009,360.441,100,252,1918.206
20260227B08,合計（確報値）,応札件数（電源属地別）[件],4,2,13,10,1,5,13,5,8,61
20260227B08,合計（確報値）,約定件数（電源属地別）[件],2,2,9,8,1,4,11,5,6,48
20260227B08,合計（確報値）,最高約定価格（電源属地別）[円/kW・30分],7.32,1.2,2.85,0.36,2.18,1.93,2.64,6.65,2.7,7.32
20260227B08,合計（確報値）,最低約定価格（電源属地別）[円/kW・30分],3.91,1.17,0.36,0.36,2.18,1.46,0.84,0.36,0.82,0.36
20260227B08,合計（確報値）,平均約定価格（電源属地別）[円/kW・30分],4.21,1.19,0.78,0.36,2.18,1.79,1.81,1.4,1.48,1.27
20260227B08,合計（確報値）,最高約定価格（TSO別）[円/kW・30分],7.32,1.2,2.85,0.36,2.18,2.64,2.64,6.65,2.7,7.32
20260227B08,合計（確報値）,最低約定価格（TSO別）[円/kW・30分],3.91,1.17,0.36,0.36,2.18,0.36,0.36,0.36,0.82,0.36
20260227B08,合計（確報値）,平均約定価格（TSO別）[円/kW・30分],4.21,1.19,0.8,0.36,2.18,1.26,1.33,1.4,1.48,1.27
20260227B08,合計（確報値）,約定量合計（TSO別）[MW],34,140,429.194,67.862,110,496.99,288.16,100,252,1918.206
20260227B08,合計（確報値）,（内訳）自エリアからの約定量[MW],34,140,429.194,67.862,110,119.009,222.19,100,252,1474.255
20260228B01,システム約定結果,募集量（TSO別）[MW],0,0,0,0,112,0,55,85,282,534
20260228B01,システム約定結果,応札量合計（電源属地別）[MW],183.8,570,393.498,593.882,116,865.709,780.405,93,587,4183.294
20260228B01,システム約定結果,落札量合計（電源属地別）[MW],26.552,207.552,136.149,501.212,116,196.722,236.08,85,157,1662.267
20260228B01,システム約定結果,応札件数（電源属地別）[件],3,3,4,4,1,4,10,5,7,41
20260228B01,システム約定結果,落札件数（電源属地別）[件],1,3,3,3,1,4,8,5,5,33
20260228B01,システム約定結果,最高落札価格（電源属地別）[円/kW・30分],2.67,2.41,1.03,8.99,1.58,1.79,1.24,7.37,1.44,8.99
20260228B01,システム約定結果,最低落札価格（電源属地別）[円/kW・30分],2.67,2.11,0.69,2.07,1.58,0.88,0.36,0.36,0.36,0.36
20260228B01,システム約定結果,平均落札価格（電源属地別）[円/kW・30分],2.67,2.29,0.96,4.82,1.58,1.29,0.91,1.1,0.88,2.39
20260228B01,システム約定結果,最高落札価格（TSO別）[円/kW・30分],2.67,2.41,1.03,8.99,1.58,1.79,1.24,7.37,8.99,8.99
20260228B01,システム約定結果,最低落札価格（TSO別）[円/kW・30分],2.67,2.11,0.69,2.07,1.58,0.88,0.36,0.36,0.36,0.36
20260228B01,システム約定結果,平均落札価格（TSO別）[円/kW・30分],2.67,2.29,0.96,4.36,1.58,1.29,0.88,1.1,3.01,2.39
20260228B01,システム約定結果,落札量合計（TSO別）[MW],26.552,207.552,136.149,397.292,112,196.722,219,85,282,1662.267
20260228B01,システム約定結果,（内訳）自エリアからの落札量[MW],26.552,207.552,136.149,397.292,112,196.722,219,85,157,1537.267
20260228B01,追加調達結果,募集量（TSO別）[MW],-,-,-,-,-,-,-,-,-,-
20260228B01,追加調達結果,応札量合計（電源属地別）[MW],0,0,0,0,0,0,0,0,0,0
20260228B01,追加調達結果,約定量合計（電源属地別）[MW],0,0,0,0,0,0,0,0,0,0
20260228B01,追加調達結果,応札件数（電源属地別）[件],0,0,0,0,0,0,0,0,0,0
20260228B01,追加調達結果,約定件数（電源属地別）[件],0,0,0,0,0,0,0,0,0,0
20260228B01,追加調達結果,最高約定価格（電源属地別）[円/kW・30分],0,0,0,0,0,0,0,0,0,0
20260228B01,追加調達結果,最低約定価格（電源属地別）[円/kW・30分],0,0,0,0,0,0,0,0,0,0
20260228B01,追加調達結果,平均約定価格（電源属地別）[円/kW・30分],0,0,0,0,0,0,0,0,0,0
20260228B01,追加調達結果,最高約定価格（TSO別）[円/kW・30分],0,0,0,0,0,0,0,0,0,0
20260228B01,追加調達結果,最低約定価格（TSO別）[円/kW・30分],0,0,0,0,0,0,0,0,0,0
20260228B01,追加調達結果,平均約定価格（TSO別）[円/kW・30分],0,0,0,0,0,0,0,0,0,0
20260228B01,追加調達結果,約定量合計（TSO別）[MW],0,0,0,0,0,0,0,0,0,0
20260228B01,追加調達結果,（内訳）自エリアからの約定量[MW],0,0,0,0,0,0,0,0,0,0
20260228B01,合計（確報値）,募集量（TSO別）[MW],0,0,0,0,112,0,55,85,282,534
20260228B01,合計（確報値）,応札量合計（電源属地別）[MW],183.8,570,393.498,1095.094,116,865.709,780.415,93,621,4718.516
20260228B01,合計（確報値）,約定量合計（電源属地別）[MW],26.552,207.552,136.149,501.212,116,196.722,137.756,85,157,1563.943
20260228B01,合計（確報値）,応札件数（電源属地別）[件],3,3,4,13,1,4,11,5,8,52
20260228B01,合計（確報値）,約定件数（電源属地別）[件],1,3,3,9,1,4,8,5,5,39
20260228B01,合計（確報値）,最高約定価格（電源属地別）[円/kW・30分],2.67,2.41,1.03,0.36,1.58,1.79,1.13,7.37,1.44,7.37
20260228B01,合計（確報値）,最低約定価格（電源属地別）[円/kW・30分],2.67,2.11,0.69,0.36,1.58,0.88,0.36,0.36,0.36,0.36
20260228B01,合計（確報値）,平均約定価格（電源属地別）[円/kW・30分],2.67,2.29,0.96,0.36,1.58,1.29,0.67,1.1,0.88,1.03
20260228B01,合計（確報値）,最高約定価格（TSO別）[円/kW・30分],2.67,2.41,1.03,0.36,1.58,1.79,1.13,7.37,1.58,7.37
20260228B01,合計（確報値）,最低約定価格（TSO別）[円/kW・30分],2.67,2.11,0.69,0.36,1.58,0.88,0.36,0.36,0.36,0.36
20260228B01,合計（確報値）,平均約定価格（TSO別）[円/kW・30分],2.67,2.29,0.96,0.36,1.58,1.29,0.67,1.1,0.69,1.03
20260228B01,合計（確報値）,約定量合計（TSO別）[MW],26.552,207.552,136.149,397.292,112,196.722,137.676,85,265,1563.943
20260228B01,合計（確報値）,（内訳）自エリアからの約定量[MW],26.552,207.552,136.149,397.292,112,196.722,137.676,85,157,1455.943
20260228B02,システム約定結果,募集量（TSO別）[MW],0,50,0,0,93,23,193,87,244,690
20260228B02,システム約定結果,応札量合計（電源属地別）[MW],269,570,321.568,701.582,102,865.709,780.405,93,616.97,4320.234
20260228B02,システム約定結果,落札量合計（電源属地別）[MW],19.01,208,64.726,93.935,102,184.713,285.03,93,180,1230.414
20260228B02,システム約定結果,応札件数（電源属地別）[件],4,3,4,4,1,4,10,4,8,42
20260228B02,システム約定結果,落札件数（電源属地別）[件],1,3,2,1,1,4,8,4,6,30
20260228B02,システム約定結果,最高落札価格（電源属地別）[円/kW・30分],4.58,2.44,1,2.6,1.66,1.86,1.4,8,1.6,8
20260228B02,システム約定結果,最低落札価格（電源属地別）[円/kW・30分],4.58,2.15,0.64,2.6,1.66,0.95,0.36,0.36,0.36,0.36
20260228B02,システム約定結果,平均落札価格（電源属地別）[円/kW・30分],4.58,2.33,0.79,2.6,1.66,1.38,0.94,2.43,0.91,1.58
20260228B02,システム約定結果,最高落札価格（TSO別）[円/kW・30分],4.58,2.44,1,2.6,1.66,1.86,2.6,8,2.6,8
20260228B02,システム約定結果,最低落札価格（TSO別）[円/kW・30分],4.58,2.15,0.64,2.6,1.66,0.95,0.36,0.36,0.36,0.36
20260228B02,システム約定結果,平均落札価格（TSO別）[円/kW・30分],4.58,2.33,0.79,2.6,1.66,1.38,0.9,2.43,1.18,1.58
20260228B02,システム約定結果,落札量合計（TSO別）[MW],19.01,208,64.726,64.965,93,184.713,259,93,244,1230.414
20260228B02,システム約定結果,（内訳）自エリアからの落札量[MW],19.01,208,64.726,64.965,93,184.713,258.03,93,180,1165.444
20260228B02,追加調達結果,募集量（TSO別）[MW],-,-,-,-,-,-,-,-,-,-
20260228B02,追加調達結果,応札量合計（電源属地別）[MW],0,0,0,0,0,0,0,0,0,0
20260228B02,追加調達結果,約定量合計（電源属地別）[MW],0,0,0,0,0,0,0,0,0,0
20260228B02,追加調達結果,応札件数（電源属地別）[件],0,0,0,0,0,0,0,0,0,0
20260228B02,追加調達結果,約定件数（電源属地別）[件],0,0,0,0,0,0,0,0,0,0
20260228B02,追加調達結果,最高約定価格（電源属地別）[円/kW・30分],0,0,0,0,0,0,0,0,0,0
20260228B02,追加調達結果,最低約定価格（電源属地別）[円/kW・30分],0,0,0,0,0,0,0,0,0,0
20260228B02,追加調達結果,平均約定価格（電源属地別）[円/kW・30分],0,0,0,0,0,0,0,0,0,0
20260228B02,追加調達結果,最高約定価格（TSO別）[円/kW・30分],0,0,0,0,0,0,0,0,0,0
20260228B02,追加調達結果,最低約定価格（TSO別）[円/kW・30分],0,0,0,0,0,0,0,0,0,0
20260228B02,追加調達結果,平均約定価格（TSO別）[円/kW・30分],0,0,0,0,0,0,0,0,0,0
20260228B02,追加調達結果,約定量合計（TSO別）[MW],0,0,0,0,0,0,0,0,0,0
20260228B02,追加調達結果,（内訳）自エリアからの約定量[MW],0,0,0,0,0,0,0,0,0,0
20260228B02,合計（確報値）,募集量（TSO別）[MW],0,50,0,0,93,23,193,87,244,690
20260228B02,合計（確報値）,応札量合計（電源属地別）[MW],269,570,321.568,795.517,102,913.599,780.405,93,650.97,4496.059
20260228B02,合計（確報値）,約定量合計（電源属地別）[MW],19.01,208,64.726,93.935,102,154.89,285.03,93,180,1200.591
20260228B02,合計（確報値）,応札件数（電源属地別）[件],4,3,4,7,1,6,10,4,9,48
20260228B02,合計（確報値）,約定件数（電源属地別）[件],1,3,2,3,1,5,8,4,6,33
20260228B02,合計（確報値）,最高約定価格（電源属地別）[円/kW・30分],4.58,2.44,1,0.36,1.66,1.06,1.4,8,1.6,8
20260228B02,合計（確報値）,最低約定価格（電源属地別）[円/kW・30分],4.58,2.15,0.64,0.36,1.66,0.76,0.36,0.36,0.36,0.36
20260228B02,合計（確報値）,平均約定価格（電源属地別）[円/kW・30分],4.58,2.33,0.79,0.36,1.66,0.95,0.94,2.43,0.91,1.36
20260228B02,合計（確報値）,最高約定価格（TSO別）[円/kW・30分],4.58,2.44,1,0.36,1.66,1.06,1.4,8,1.66,8
20260228B02,合計（確報値）,最低約定価格（TSO別）[円/kW・30分],4.58,2.15,0.64,0.36,1.66,0.76,0.36,0.36,0.36,0.36
20260228B02,合計（確報値）,平均約定価格（TSO別）[円/kW・30分],4.58,2.33,0.79,0.36,1.66,0.95,0.9,2.43,0.93,1.36
20260228B02,合計（確報値）,約定量合計（TSO別）[MW],19.01,208,64.726,64.965,93,154.89,259,93,244,1200.591
20260228B02,合計（確報値）,（内訳）自エリアからの約定量[MW],19.01,208,64.726,64.965,93,154.89,258.03,93,180,1135.621
20260228B03,システム約定結果,募集量（TSO別）[MW],0,150,356,0,140,383,329,134,261,1753
20260228B03,システム約定結果,応札量合計（電源属地別）[MW],289.69,640,847.922,530.582,169,634.709,914.244,71,487,4584.147
20260228B03,システム約定結果,落札量合計（電源属地別）[MW],45.99,280,404.474,530.582,169,119.009,397.774,71,246.891,2264.72
20260228B03,システム約定結果,応札件数（電源属地別）[件],6,3,8,3,2,3,13,3,6,47
20260228B03,システム約定結果,落札件数（電源属地別）[件],4,3,5,3,2,3,11,3,3,37
20260228B03,システム約定結果,最高落札価格（電源属地別）[円/kW・30分],10.44,2.12,4.32,4.73,1.56,1.21,1.23,7.67,0.36,10.44
20260228B03,システム約定結果,最低落札価格（電源属地別）[円/kW・30分],4.47,1.48,0.35,3.32,1.55,1.1,0.36,0.36,0.36,0.35
20260228B03,システム約定結果,平均落札価格（電源属地別）[円/kW・30分],6.36,1.73,2.52,4.21,1.56,1.18,0.67,2.5,0.36,2.19
20260228B03,システム約定結果,最高落札価格（TSO別）[円/kW・30分],10.44,2.12,4.32,4.73,1.56,4.73,4.73,7.67,4.73,10.44
20260228B03,システム約定結果,最低落札価格（TSO別）[円/kW・30分],4.47,1.48,0.35,3.32,1.55,0.36,0.36,0.36,0.36,0.35
20260228B03,システム約定結果,平均落札価格（TSO別）[円/kW・30分],6.36,1.73,2.52,4.1,1.56,2.23,1.52,2.5,1.35,2.19
20260228B03,システム約定結果,落札量合計（TSO別）[MW],45.99,280,404.474,212.256,140,383,409,71,319,2264.72
20260228B03,システム約定結果,（内訳）自エリアからの落札量[MW],45.99,280,404.474,212.256,140,119.009,293.03,71,246.891,1812.65
20260228B03,追加調達結果,募集量（TSO別）[MW],-,-,-,-,-,-,-,-,-,-
20260228B03,追加調達結果,応札量合計（電源属地別）[MW],0,0,0,0,0,0,0,0,0,0
20260228B03,追加調達結果,約定量合計（電源属地別）[MW],0,0,0,0,0,0,0,0,0,0
20260228B03,追加調達結果,応札件数（電源属地別）[件],0,0,0,0,0,0,0,0,0,0
20260228B03,追加調達結果,約定件数（電源属地別）[件],0,0,0,0,0,0,0,0,0,0
20260228B03,追加調達結果,最高約定価格（電源属地別）[円/kW・30分],0,0,0,0,0,0,0,0,0,0
20260228B03,追加調達結果,最低約定価格（電源属地別）[円/kW・30分],0,0,0,0,0,0,0,0,0,0
20260228B03,追加調達結果,平均約定価格（電源属地別）[円/kW・30分],0,0,0,0,0,0,0,0,0,0
20260228B03,追加調達結果,最高約定価格（TSO別）[円/kW・30分],0,0,0,0,0,0,0,0,0,0
20260228B03,追加調達結果,最低約定価格（TSO別）[円/kW・30分],0,0,0,0,0,0,0,0,0,0
20260228B03,追加調達結果,平均約定価格（TSO別）[円/kW・30分],0,0,0,0,0,0,0,0,0,0
20260228B03,追加調達結果,約定量合計（TSO別）[MW],0,0,0,0,0,0,0,0,0,0
20260228B03,追加調達結果,（内訳）自エリアからの約定量[MW],0,0,0,0,0,0,0,0,0,0
20260228B03,合計（確報値）,募集量（TSO別）[MW],0,150,356,0,140,383,329,134,261,1753
20260228B03,合計（確報値）,応札量合計（電源属地別）[MW],289.69,640,847.922,1061.164,169,634.709,914.244,71,487,5114.729
20260228B03,合計（確報値）,約定量合計（電源属地別）[MW],44,280,404.474,530.582,169,119.009,397.774,71,246.891,2262.73
20260228B03,合計（確報値）,応札件数（電源属地別）[件],6,3,8,20,2,3,13,3,6,64
20260228B03,合計（確報値）,約定件数（電源属地別）[件],3,3,5,17,2,3,11,3,3,50
20260228B03,合計（確報値）,最高約定価格（電源属地別）[円/kW・30分],10.44,2.12,4.32,0.36,1.56,1.21,1.23,7.67,0.36,10.44
20260228B03,合計（確報値）,最低約定価格（電源属地別）[円/kW・30分],4.47,1.48,0.35,0.36,1.55,1.1,0.36,0.36,0.36,0.35
20260228B03,合計（確報値）,平均約定価格（電源属地別）[円/kW・30分],6.2,1.73,2.52,0.36,1.56,1.18,0.67,2.5,0.36,1.28
20260228B03,合計（確報値）,最高約定価格（TSO別）[円/kW・30分],10.44,2.12,4.32,0.36,1.56,1.55,1.23,7.67,0.36,10.44
20260228B03,合計（確報値）,最低約定価格（TSO別）[円/kW・30分],4.47,1.48,0.35,0.36,1.55,0.36,0.36,0.36,0.36,0.35
20260228B03,合計（確報値）,平均約定価格（TSO別）[円/kW・30分],6.2,1.73,2.52,0.36,1.56,0.79,0.59,2.5,0.36,1.28
20260228B03,合計（確報値）,約定量合計（TSO別）[MW],44,280,404.474,212.256,140,383,409,71,319,2262.73
20260228B03,合計（確報値）,（内訳）自エリアからの約定量[MW],44,280,404.474,212.256,140,119.009,293.03,71,246.891,1810.66
20260228B04,システム約定結果,募集量（TSO別）[MW],0,0,718,0,258,559,470,265,361,2631
20260228B04,システム約定結果,応札量合計（電源属地別）[MW],299,450,955.378,0,266,640.709,335.211,189,821,3956.298
20260228B04,システム約定結果,落札量合計（電源属地別）[MW],26,176,718,0,266,540.709,335.211,189,419,2669.92
20260228B04,システム約定結果,応札件数（電源属地別）[件],4,2,7,0,2,4,5,3,6,33
20260228B04,システム約定結果,落札件数（電源属地別）[件],1,2,6,0,2,4,5,3,5,28
20260228B04,システム約定結果,最高落札価格（電源属地別）[円/kW・30分],5.51,2.14,0.5,0,0.35,17.27,0.42,11.69,0.36,17.27
20260228B04,システム約定結果,最低落札価格（電源属地別）[円/kW・30分],5.51,1.49,0.35,0,0.35,0.36,0.36,0.36,0.36,0.35
20260228B04,システム約定結果,平均落札価格（電源属地別）[円/kW・30分],5.51,1.62,0.37,0,0.35,0.55,0.39,1.95,0.36,0.65
20260228B04,システム約定結果,最高落札価格（TSO別）[円/kW・30分],5.51,2.14,0.5,0,0.35,17.27,0.42,11.69,0.36,17.27
20260228B04,システム約定結果,最低落札価格（TSO別）[円/kW・30分],5.51,1.49,0.35,0,0.35,0.35,0.36,0.36,0.36,0.35
20260228B04,システム約定結果,平均落札価格（TSO別）[円/kW・30分],5.51,1.62,0.37,0,0.35,0.55,0.38,1.95,0.36,0.65
20260228B04,システム約定結果,落札量合計（TSO別）[MW],26,176,718,0,258,544.949,338.971,189,419,2669.92
20260228B04,システム約定結果,（内訳）自エリアからの落札量[MW],26,176,718,0,258,513.663,311.925,189,419,2611.588
20260228B04,追加調達結果,募集量（TSO別）[MW],-,-,-,-,-,-,-,-,-,-
20260228B04,追加調達結果,応札量合計（電源属地別）[MW],0,0,0,0,0,0,0,0,0,0
20260228B04,追加調達結果,約定量合計（電源属地別）[MW],0,0,0,0,0,0,0,0,0,0
20260228B04,追加調達結果,応札件数（電源属地別）[件],0,0,0,0,0,0,0,0,0,0
20260228B04,追加調達結果,約定件数（電源属地別）[件],0,0,0,0,0,0,0,0,0,0
20260228B04,追加調達結果,最高約定価格（電源属地別）[円/kW・30分],0,0,0,0,0,0,0,0,0,0
20260228B04,追加調達結果,最低約定価格（電源属地別）[円/kW・30分],0,0,0,0,0,0,0,0,0,0
20260228B04,追加調達結果,平均約定価格（電源属地別）[円/kW・30分],0,0,0,0,0,0,0,0,0,0
20260228B04,追加調達結果,最高約定価格（TSO別）[円/kW・30分],0,0,0,0,0,0,0,0,0,0
20260228B04,追加調達結果,最低約定価格（TSO別）[円/kW・30分],0,0,0,0,0,0,0,0,0,0
20260228B04,追加調達結果,平均約定価格（TSO別）[円/kW・30分],0,0,0,0,0,0,0,0,0,0
20260228B04,追加調達結果,約定量合計（TSO別）[MW],0,0,0,0,0,0,0,0,0,0
20260228B04,追加調達結果,（内訳）自エリアからの約定量[MW],0,0,0,0,0,0,0,0,0,0
20260228B04,合計（確報値）,募集量（TSO別）[MW],0,0,718,0,258,559,470,265,361,2631
20260228B04,合計（確報値）,応札量合計（電源属地別）[MW],299,450,955.378,0,266,640.709,335.211,189,1009,4144.298
20260228B04,合計（確報値）,約定量合計（電源属地別）[MW],26,176,718,0,266,540.709,335.211,189,419,2669.92
20260228B04,合計（確報値）,応札件数（電源属地別）[件],4,2,7,0,2,4,5,3,10,37
20260228B04,合計（確報値）,約定件数（電源属地別）[件],1,2,6,0,2,4,5,3,6,29
20260228B04,合計（確報値）,最高約定価格（電源属地別）[円/kW・30分],5.51,2.14,0.5,0,0.35,17.27,0.42,11.69,0.36,17.27
20260228B04,合計（確報値）,最低約定価格（電源属地別）[円/kW・30分],5.51,1.49,0.35,0,0.35,0.36,0.36,0.36,0.36,0.35
20260228B04,合計（確報値）,平均約定価格（電源属地別）[円/kW・30分],5.51,1.62,0.37,0,0.35,0.55,0.39,1.95,0.36,0.65
20260228B04,合計（確報値）,最高約定価格（TSO別）[円/kW・30分],5.51,2.14,0.5,0,0.35,17.27,0.42,11.69,0.36,17.27
20260228B04,合計（確報値）,最低約定価格（TSO別）[円/kW・30分],5.51,1.49,0.35,0,0.35,0.35,0.36,0.36,0.36,0.35
20260228B04,合計（確報値）,平均約定価格（TSO別）[円/kW・30分],5.51,1.62,0.37,0,0.35,0.55,0.38,1.95,0.36,0.65
20260228B04,合計（確報値）,約定量合計（TSO別）[MW],26,176,718,0,258,544.949,338.971,189,419,2669.92
20260228B04,合計（確報値）,（内訳）自エリアからの約定量[MW],26,176,718,0,258,513.663,311.925,189,419,2611.588
20260228B05,システム約定結果,募集量（TSO別）[MW],72,0,40,0,221,412,227,225,318,1515
20260228B05,システム約定結果,応札量合計（電源属地別）[MW],376.59,450,76.4,0,228,634.709,335.211,155,821,3076.91
20260228B05,システム約定結果,落札量合計（電源属地別）[MW],40.33,210,40,0,228,360.714,271.286,155,350,1655.33
20260228B05,システム約定結果,応札件数（電源属地別）[件],7,2,1,0,2,3,5,3,6,29
20260228B05,システム約定結果,落札件数（電源属地別）[件],3,2,1,0,2,3,5,3,4,23
20260228B05,システム約定結果,最高落札価格（電源属地別）[円/kW・30分],5.54,2.42,7.21,0,0.35,0.36,0.36,16.41,0.36,16.41
20260228B05,システム約定結果,最低落札価格（電源属地別）[円/kW・30分],2.73,1.68,7.21,0,0.35,0.36,0.36,0.36,0.36,0.35
20260228B05,システム約定結果,平均落札価格（電源属地別）[円/kW・30分],4.39,1.93,7.21,0,0.35,0.36,0.36,2.82,0.36,1.05
20260228B05,システム約定結果,最高落札価格（TSO別）[円/kW・30分],5.54,2.42,7.21,0,0.35,0.36,0.36,16.41,0.36,16.41
20260228B05,システム約定結果,最低落札価格（TSO別）[円/kW・30分],1.68,1.68,7.21,0,0.35,0.35,0.36,0.36,0.36,0.35
20260228B05,システム約定結果,平均落札価格（TSO別）[円/kW・30分],3.14,1.98,7.21,0,0.35,0.36,0.36,2.82,0.36,1.05
20260228B05,システム約定結果,落札量合計（TSO別）[MW],75.05,175.28,40,0,221,412,227,155,350,1655.33
20260228B05,システム約定結果,（内訳）自エリアからの落札量[MW],40.33,175.28,40,0,221,360.714,227,155,350,1569.324
20260228B05,追加調達結果,募集量（TSO別）[MW],-,-,-,-,-,-,-,-,-,-
20260228B05,追加調達結果,応札量合計（電源属地別）[MW],0,0,0,0,0,0,0,0,0,0
20260228B05,追加調達結果,約定量合計（電源属地別）[MW],0,0,0,0,0,0,0,0,0,0
20260228B05,追加調達結果,応札件数（電源属地別）[件],0,0,0,0,0,0,0,0,0,0
20260228B05,追加調達結果,約定件数（電源属地別）[件],0,0,0,0,0,0,0,0,0,0
20260228B05,追加調達結果,最高約定価格（電源属地別）[円/kW・30分],0,0,0,0,0,0,0,0,0,0
20260228B05,追加調達結果,最低約定価格（電源属地別）[円/kW・30分],0,0,0,0,0,0,0,0,0,0
20260228B05,追加調達結果,平均約定価格（電源属地別）[円/kW・30分],0,0,0,0,0,0,0,0,0,0
20260228B05,追加調達結果,最高約定価格（TSO別）[円/kW・30分],0,0,0,0,0,0,0,0,0,0
20260228B05,追加調達結果,最低約定価格（TSO別）[円/kW・30分],0,0,0,0,0,0,0,0,0,0
20260228B05,追加調達結果,平均約定価格（TSO別）[円/kW・30分],0,0,0,0,0,0,0,0,0,0
20260228B05,追加調達結果,約定量合計（TSO別）[MW],0,0,0,0,0,0,0,0,0,0
20260228B05,追加調達結果,（内訳）自エリアからの約定量[MW],0,0,0,0,0,0,0,0,0,0
20260228B05,合計（確報値）,募集量（TSO別）[MW],72,0,40,0,221,412,227,225,318,1515
20260228B05,合計（確報値）,応札量合計（電源属地別）[MW],376.59,450,76.4,0,228,634.709,335.211,155,907,3162.91
20260228B05,合計（確報値）,約定量合計（電源属地別）[MW],38.34,210,40,0,228,360.714,271.286,155,350,1653.34
20260228B05,合計（確報値）,応札件数（電源属地別）[件],7,2,1,0,2,3,5,3,10,33
20260228B05,合計（確報値）,約定件数（電源属地別）[件],2,2,1,0,2,3,5,3,6,24
20260228B05,合計（確報値）,最高約定価格（電源属地別）[円/kW・30分],5.54,2.42,7.21,0,0.35,0.36,0.36,16.41,0.36,16.41
20260228B05,合計（確報値）,最低約定価格（電源属地別）[円/kW・30分],2.73,1.68,7.21,0,0.35,0.36,0.36,0.36,0.36,0.35
20260228B05,合計（確報値）,平均約定価格（電源属地別）[円/kW・30分],4.39,1.93,7.21,0,0.35,0.36,0.36,2.82,0.36,1.05
20260228B05,合計（確報値）,最高約定価格（TSO別）[円/kW・30分],5.54,2.42,7.21,0,0.35,0.36,0.36,16.41,0.36,16.41
20260228B05,合計（確報値）,最低約定価格（TSO別）[円/kW・30分],1.68,1.68,7.21,0,0.35,0.35,0.36,0.36,0.36,0.35
20260228B05,合計（確報値）,平均約定価格（TSO別）[円/kW・30分],3.1,1.98,7.21,0,0.35,0.36,0.36,2.82,0.36,1.05
20260228B05,合計（確報値）,約定量合計（TSO別）[MW],73.06,175.28,40,0,221,412,227,155,350,1653.34
20260228B05,合計（確報値）,（内訳）自エリアからの約定量[MW],38.34,175.28,40,0,221,360.714,227,155,350,1567.334
20260228B06,システム約定結果,募集量（TSO別）[MW],0,171,707,0,171,476,278,194,288,2285
20260228B06,システム約定結果,応札量合計（電源属地別）[MW],269,450,1035.191,450.912,179,634.709,549.801,123,487,4178.613
20260228B06,システム約定結果,落札量合計（電源属地別）[MW],31,210,747,0,179,422.175,385.989,123,319,2417.164
20260228B06,システム約定結果,応札件数（電源属地別）[件],4,2,7,1,2,3,7,3,6,35
20260228B06,システム約定結果,落札件数（電源属地別）[件],1,2,6,0,2,3,6,3,3,26
20260228B06,システム約定結果,最高落札価格（電源属地別）[円/kW・30分],4.57,2.15,4.32,0,0.46,0.36,0.75,8.44,0.36,8.44
20260228B06,システム約定結果,最低落札価格（電源属地別）[円/kW・30分],4.57,1.5,0.36,0,0.45,0.36,0.36,0.36,0.36,0.36
20260228B06,システム約定結果,平均落札価格（電源属地別）[円/kW・30分],4.57,1.72,1.51,0,0.46,0.36,0.6,2.28,0.36,1.03
20260228B06,システム約定結果,最高落札価格（TSO別）[円/kW・30分],4.57,2.15,4.32,0,0.46,0.75,0.75,8.44,0.64,8.44
20260228B06,システム約定結果,最低落札価格（TSO別）[円/kW・30分],4.57,0.36,0.36,0,0.45,0.36,0.36,0.36,0.36,0.36
20260228B06,システム約定結果,平均落札価格（TSO別）[円/kW・30分],4.57,1.5,1.57,0,0.46,0.42,0.56,2.28,0.36,1.03
20260228B06,システム約定結果,落札量合計（TSO別）[MW],31,250,707,0,171,476,319.164,123,340,2417.164
20260228B06,システム約定結果,（内訳）自エリアからの落札量[MW],31,210,707,0,171,393.009,308.804,123,319,2262.813
20260228B06,追加調達結果,募集量（TSO別）[MW],-,-,-,-,-,-,-,-,-,-
20260228B06,追加調達結果,応札量合計（電源属地別）[MW],0,0,0,0,0,0,0,0,0,0
20260228B06,追加調達結果,約定量合計（電源属地別）[MW],0,0,0,0,0,0,0,0,0,0
20260228B06,追加調達結果,応札件数（電源属地別）[件],0,0,0,0,0,0,0,0,0,0
20260228B06,追加調達結果,約定件数（電源属地別）[件],0,0,0,0,0,0,0,0,0,0
20260228B06,追加調達結果,最高約定価格（電源属地別）[円/kW・30分],0,0,0,0,0,0,0,0,0,0
20260228B06,追加調達結果,最低約定価格（電源属地別）[円/kW・30分],0,0,0,0,0,0,0,0,0,0
20260228B06,追加調達結果,平均約定価格（電源属地別）[円/kW・30分],0,0,0,0,0,0,0,0,0,0
20260228B06,追加調達結果,最高約定価格（TSO別）[円/kW・30分],0,0,0,0,0,0,0,0,0,0
20260228B06,追加調達結果,最低約定価格（TSO別）[円/kW・30分],0,0,0,0,0,0,0,0,0,0
20260228B06,追加調達結果,平均約定価格（TSO別）[円/kW・30分],0,0,0,0,0,0,0,0,0,0
20260228B06,追加調達結果,約定量合計（TSO別）[MW],0,0,0,0,0,0,0,0,0,0
20260228B06,追加調達結果,（内訳）自エリアからの約定量[MW],0,0,0,0,0,0,0,0,0,0
20260228B06,合計（確報値）,募集量（TSO別）[MW],0,171,707,0,171,476,278,194,288,2285
20260228B06,合計（確報値）,応札量合計（電源属地別）[MW],269,450,1035.191,450.912,179,634.709,549.801,123,487,4178.613
20260228B06,合計（確報値）,約定量合計（電源属地別）[MW],31,210,747,0,179,422.175,385.989,123,319,2417.164
20260228B06,合計（確報値）,応札件数（電源属地別）[件],4,2,7,1,2,3,7,3,6,35
20260228B06,合計（確報値）,約定件数（電源属地別）[件],1,2,6,0,2,3,6,3,3,26
20260228B06,合計（確報値）,最高約定価格（電源属地別）[円/kW・30分],4.57,2.15,4.32,0,0.46,0.36,0.75,8.44,0.36,8.44
20260228B06,合計（確報値）,最低約定価格（電源属地別）[円/kW・30分],4.57,1.5,0.36,0,0.45,0.36,0.36,0.36,0.36,0.36
20260228B06,合計（確報値）,平均約定価格（電源属地別）[円/kW・30分],4.57,1.72,1.51,0,0.46,0.36,0.6,2.28,0.36,1.03
20260228B06,合計（確報値）,最高約定価格（TSO別）[円/kW・30分],4.57,2.15,4.32,0,0.46,0.75,0.75,8.44,0.64,8.44
20260228B06,合計（確報値）,最低約定価格（TSO別）[円/kW・30分],4.57,0.36,0.36,0,0.45,0.36,0.36,0.36,0.36,0.36
20260228B06,合計（確報値）,平均約定価格（TSO別）[円/kW・30分],4.57,1.5,1.57,0,0.46,0.42,0.56,2.28,0.36,1.03
20260228B06,合計（確報値）,約定量合計（TSO別）[MW],31,250,707,0,171,476,319.164,123,340,2417.164
20260228B06,合計（確報値）,（内訳）自エリアからの約定量[MW],31,210,707,0,171,393.009,308.804,123,319,2262.813
20260228B07,システム約定結果,募集量（TSO別）[MW],0,148,446,0,115,410,271,111,260,1761
20260228B07,システム約定結果,応札量合計（電源属地別）[MW],266,380,874.189,331,123,865.709,683.64,121,710.97,4355.508
20260228B07,システム約定結果,落札量合計（電源属地別）[MW],18,140,454,331,123,196.722,316.007,111,308.01,1997.739
20260228B07,システム約定結果,応札件数（電源属地別）[件],3,2,9,3,1,4,10,4,9,45
20260228B07,システム約定結果,落札件数（電源属地別）[件],1,2,7,3,1,4,8,4,7,37
20260228B07,システム約定結果,最高落札価格（電源属地別）[円/kW・30分],4.32,1.83,4.19,3.21,1.66,1.99,2.07,7.39,1.72,7.39
20260228B07,システム約定結果,最低落札価格（電源属地別）[円/kW・30分],4.32,1.51,0.35,3.13,1.66,1.08,0.36,0.36,0.36,0.35
20260228B07,システム約定結果,平均落札価格（電源属地別）[円/kW・30分],4.32,1.67,0.73,3.17,1.66,1.49,1.39,1.68,0.9,1.55
20260228B07,システム約定結果,最高落札価格（TSO別）[円/kW・30分],4.32,1.83,4.19,3.21,1.66,3.21,3.13,7.39,1.72,7.39
20260228B07,システム約定結果,最低落札価格（TSO別）[円/kW・30分],4.32,0.35,0.35,3.13,1.66,0.36,0.36,0.36,0.36,0.35
20260228B07,システム約定結果,平均落札価格（TSO別）[円/kW・30分],4.32,1.6,0.73,3.18,1.66,2.19,1.57,1.68,0.9,1.55
20260228B07,システム約定結果,落札量合計（TSO別）[MW],18,148,446,126.197,115,410,315.532,111,308.01,1997.739
20260228B07,システム約定結果,（内訳）自エリアからの落札量[MW],18,140,446,126.197,115,196.722,262.729,111,308.01,1723.658
20260228B07,追加調達結果,募集量（TSO別）[MW],-,-,-,-,-,-,-,-,-,-
20260228B07,追加調達結果,応札量合計（電源属地別）[MW],0,0,0,0,0,0,0,0,0,0
20260228B07,追加調達結果,約定量合計（電源属地別）[MW],0,0,0,0,0,0,0,0,0,0
20260228B07,追加調達結果,応札件数（電源属地別）[件],0,0,0,0,0,0,0,0,0,0
20260228B07,追加調達結果,約定件数（電源属地別）[件],0,0,0,0,0,0,0,0,0,0
20260228B07,追加調達結果,最高約定価格（電源属地別）[円/kW・30分],0,0,0,0,0,0,0,0,0,0
20260228B07,追加調達結果,最低約定価格（電源属地別）[円/kW・30分],0,0,0,0,0,0,0,0,0,0
20260228B07,追加調達結果,平均約定価格（電源属地別）[円/kW・30分],0,0,0,0,0,0,0,0,0,0
20260228B07,追加調達結果,最高約定価格（TSO別）[円/kW・30分],0,0,0,0,0,0,0,0,0,0
20260228B07,追加調達結果,最低約定価格（TSO別）[円/kW・30分],0,0,0,0,0,0,0,0,0,0
20260228B07,追加調達結果,平均約定価格（TSO別）[円/kW・30分],0,0,0,0,0,0,0,0,0,0
20260228B07,追加調達結果,約定量合計（TSO別）[MW],0,0,0,0,0,0,0,0,0,0
20260228B07,追加調達結果,（内訳）自エリアからの約定量[MW],0,0,0,0,0,0,0,0,0,0
20260228B07,合計（確報値）,募集量（TSO別）[MW],0,148,446,0,115,410,271,111,260,1761
20260228B07,合計（確報値）,応札量合計（電源属地別）[MW],266,380,874.189,551,123,913.599,683.64,121,744.97,4657.398
20260228B07,合計（確報値）,約定量合計（電源属地別）[MW],18,140,454,331,123,166.899,316.007,111,308.01,1967.916
20260228B07,合計（確報値）,応札件数（電源属地別）[件],3,2,9,10,1,7,10,4,11,57
20260228B07,合計（確報値）,約定件数（電源属地別）[件],1,2,7,8,1,6,8,4,8,45
20260228B07,合計（確報値）,最高約定価格（電源属地別）[円/kW・30分],4.32,1.83,4.19,3.13,1.66,1.19,2.07,7.39,1.72,7.39
20260228B07,合計（確報値）,最低約定価格（電源属地別）[円/kW・30分],4.32,1.51,0.35,0.36,1.66,0.89,0.36,0.36,0.36,0.35
20260228B07,合計（確報値）,平均約定価格（電源属地別）[円/kW・30分],4.32,1.67,0.73,1.29,1.66,1.09,1.39,1.68,0.9,1.2
20260228B07,合計（確報値）,最高約定価格（TSO別）[円/kW・30分],4.32,1.83,4.19,3.13,1.66,3.13,3.13,7.39,1.72,7.39
20260228B07,合計（確報値）,最低約定価格（TSO別）[円/kW・30分],4.32,0.35,0.35,0.36,1.66,0.36,0.36,0.36,0.36,0.35
20260228B07,合計（確報値）,平均約定価格（TSO別）[円/kW・30分],4.32,1.6,0.73,0.73,1.66,1.24,1.57,1.68,0.9,1.2
20260228B07,合計（確報値）,約定量合計（TSO別）[MW],18,148,446,126.197,115,380.177,315.532,111,308.01,1967.916
20260228B07,合計（確報値）,（内訳）自エリアからの約定量[MW],18,140,446,126.197,115,166.899,262.729,111,308.01,1693.835
20260228B08,システム約定結果,募集量（TSO別）[MW],0,0,57,0,110,284,280,96,252,1079
20260228B08,システム約定結果,応札量合計（電源属地別）[MW],269,380,320.569,346.3,130,865.709,406.191,109,587,3413.769
20260228B08,システム約定結果,落札量合計（電源属地別）[MW],34,140,169.269,339,130,196.722,316.931,100,198,1623.922
20260228B08,システム約定結果,応札件数（電源属地別）[件],4,2,4,4,1,4,6,5,7,37
20260228B08,システム約定結果,落札件数（電源属地別）[件],2,2,2,3,1,4,6,5,6,31
20260228B08,システム約定結果,最高落札価格（電源属地別）[円/kW・30分],7,2.08,3.67,2.89,1.57,1.31,1.39,7.31,1.29,7.31
20260228B08,システム約定結果,最低落札価格（電源属地別）[円/kW・30分],4.39,1.8,1,2.76,1.57,0.39,0.36,0.36,0.36,0.36
20260228B08,システム約定結果,平均落札価格（電源属地別）[円/kW・30分],4.62,1.94,1.21,2.84,1.57,0.8,1,1.47,0.7,1.58
20260228B08,システム約定結果,最高落札価格（TSO別）[円/kW・30分],7,2.08,3.67,2.89,1.57,2.89,2.89,7.31,1.39,7.31
20260228B08,システム約定結果,最低落札価格（TSO別）[円/kW・30分],4.39,1.8,1,2.76,1.57,0.39,0.36,0.36,0.36,0.36
20260228B08,システム約定結果,平均落札価格（TSO別）[円/kW・30分],4.62,1.94,1.21,2.84,1.57,1.4,1.13,1.47,0.79,1.58
20260228B08,システム約定結果,落札量合計（TSO別）[MW],34,140,169.269,233.241,126.512,284,284.9,100,252,1623.922
20260228B08,システム約定結果,（内訳）自エリアからの落札量[MW],34,140,169.269,233.241,126.512,196.722,262.931,100,198,1460.675
20260228B08,追加調達結果,募集量（TSO別）[MW],-,-,-,-,-,-,-,-,-,-
20260228B08,追加調達結果,応札量合計（電源属地別）[MW],0,0,0,0,0,0,0,0,0,0
20260228B08,追加調達結果,約定量合計（電源属地別）[MW],0,0,0,0,0,0,0,0,0,0
20260228B08,追加調達結果,応札件数（電源属地別）[件],0,0,0,0,0,0,0,0,0,0
20260228B08,追加調達結果,約定件数（電源属地別）[件],0,0,0,0,0,0,0,0,0,0
20260228B08,追加調達結果,最高約定価格（電源属地別）[円/kW・30分],0,0,0,0,0,0,0,0,0,0
20260228B08,追加調達結果,最低約定価格（電源属地別）[円/kW・30分],0,0,0,0,0,0,0,0,0,0
20260228B08,追加調達結果,平均約定価格（電源属地別）[円/kW・30分],0,0,0,0,0,0,0,0,0,0
20260228B08,追加調達結果,最高約定価格（TSO別）[円/kW・30分],0,0,0,0,0,0,0,0,0,0
20260228B08,追加調達結果,最低約定価格（TSO別）[円/kW・30分],0,0,0,0,0,0,0,0,0,0
20260228B08,追加調達結果,平均約定価格（TSO別）[円/kW・30分],0,0,0,0,0,0,0,0,0,0
20260228B08,追加調達結果,約定量合計（TSO別）[MW],0,0,0,0,0,0,0,0,0,0
20260228B08,追加調達結果,（内訳）自エリアからの約定量[MW],0,0,0,0,0,0,0,0,0,0
20260228B08,合計（確報値）,募集量（TSO別）[MW],0,0,57,0,110,284,280,96,252,1079
20260228B08,合計（確報値）,応札量合計（電源属地別）[MW],269,380,320.569,572.3,130,865.709,406.191,109,621,3673.769
20260228B08,合計（確報値）,約定量合計（電源属地別）[MW],34,140,169.269,339,130,196.722,316.931,100,198,1623.922
20260228B08,合計（確報値）,応札件数（電源属地別）[件],4,2,4,12,1,4,6,5,8,46
20260228B08,合計（確報値）,約定件数（電源属地別）[件],2,2,2,9,1,4,6,5,6,37
20260228B08,合計（確報値）,最高約定価格（電源属地別）[円/kW・30分],7,2.08,3.67,2.86,1.57,1.31,1.39,7.31,1.29,7.31
20260228B08,合計（確報値）,最低約定価格（電源属地別）[円/kW・30分],4.39,1.8,1,0.36,1.57,0.39,0.36,0.36,0.36,0.36
20260228B08,合計（確報値）,平均約定価格（電源属地別）[円/kW・30分],4.62,1.94,1.21,1.19,1.57,0.8,1,1.47,0.7,1.23
20260228B08,合計（確報値）,最高約定価格（TSO別）[円/kW・30分],7,2.08,3.67,2.86,1.57,2.86,1.39,7.31,1.39,7.31
20260228B08,合計（確報値）,最低約定価格（TSO別）[円/kW・30分],4.39,1.8,1,0.36,1.57,0.36,0.36,0.36,0.36,0.36
20260228B08,合計（確報値）,平均約定価格（TSO別）[円/kW・30分],4.62,1.94,1.21,1.43,1.57,0.8,0.94,1.47,0.79,1.23
20260228B08,合計（確報値）,約定量合計（TSO別）[MW],34,140,169.269,233.241,126.512,284,284.9,100,252,1623.922
20260228B08,合計（確報値）,（内訳）自エリアからの約定量[MW],34,140,169.269,233.241,126.512,196.722,262.931,100,198,1460.675
E
