H,電力需給調整力取引所取引結果,対象年月,商品区分,ブロック数
P,速報値,202605,二次調整力1,48
TT,取引情報,北海道,東北,東京,中部,北陸,関西,中国,四国,九州,合計
20260501B01,募集量（TSO別）[MW],71,170,605,0,46,148,110,38,142,1330
20260501B01,応札量合計（電源属地別）[MW],238.7,51,444.276,718.291,45.946,0,189,107,167,1961.213
20260501B01,落札量合計（電源属地別）[MW],223.536,51,444.276,54.291,45.946,0,189,68,167,1243.049
20260501B01,応札件数（電源属地別）[件],4,3,22,3,1,0,5,5,3,46
20260501B01,落札件数（電源属地別）[件],4,3,22,3,1,0,5,3,3,44
20260501B01,最高落札価格（電源属地別）[円/kW・30分],14.87,3.77,2.38,3.29,0.39,0,1.12,2.15,3.57,14.87
20260501B01,最低落札価格（電源属地別）[円/kW・30分],4.4,3.72,0.39,2.72,0.39,0,0.39,1.07,2.45,0.39
20260501B01,平均落札価格（電源属地別）[円/kW・30分],5.68,3.75,1.01,2.87,0.39,0,0.73,1.4,3.14,2.29
20260501B01,最高落札価格（TSO別）[円/kW・30分],14.87,3.77,2.38,3.29,0.39,0,1.12,2.15,3.57,14.87
20260501B01,最低落札価格（TSO別）[円/kW・30分],4.4,3.72,0.39,2.72,0.39,0,0.39,1.07,2.45,0.39
20260501B01,平均落札価格（TSO別）[円/kW・30分],5.68,3.75,1.01,2.87,0.39,0,0.73,1.4,3.14,2.29
20260501B01,落札量合計（TSO別）[MW],223.536,51,444.276,54.291,45.946,0,189,68,167,1243.049
20260501B01,（内訳）自エリアからの落札量[MW],223.536,51,444.276,54.291,45.946,0,189,68,167,1243.049
20260501B02,募集量（TSO別）[MW],71,170,605,0,46,148,110,38,142,1330
20260501B02,応札量合計（電源属地別）[MW],65,51,464.803,791.876,0,40.819,189,107,136,1845.498
20260501B02,落札量合計（電源属地別）[MW],65,51,464.803,17.242,0,40.819,189,40,136,1003.864
20260501B02,応札件数（電源属地別）[件],3,3,20,5,0,1,5,5,4,46
20260501B02,落札件数（電源属地別）[件],3,3,20,2,0,1,5,4,4,42
20260501B02,最高落札価格（電源属地別）[円/kW・30分],5.01,3.98,1.75,2.66,0,0.39,1.22,2.15,3.56,5.01
20260501B02,最低落札価格（電源属地別）[円/kW・30分],4.4,3.95,0.67,0.45,0,0.39,0.39,1.07,2.23,0.39
20260501B02,平均落札価格（電源属地別）[円/kW・30分],4.77,3.97,1.05,1.17,0,0.39,0.78,1.71,3.24,1.69
20260501B02,最高落札価格（TSO別）[円/kW・30分],5.01,3.98,1.75,2.66,0,0.39,1.22,2.15,3.56,5.01
20260501B02,最低落札価格（TSO別）[円/kW・30分],4.4,3.95,0.67,0.45,0,0.39,0.39,1.07,2.23,0.39
20260501B02,平均落札価格（TSO別）[円/kW・30分],4.77,3.97,1.05,1.17,0,0.39,0.78,1.71,3.24,1.69
20260501B02,落札量合計（TSO別）[MW],65,51,464.803,17.242,0,40.819,189,40,136,1003.864
20260501B02,（内訳）自エリアからの落札量[MW],65,51,464.803,17.242,0,40.819,189,40,136,1003.864
20260501B03,募集量（TSO別）[MW],71,170,605,0,46,148,110,38,142,1330
20260501B03,応札量合計（電源属地別）[MW],143.1,51,476.139,775.876,0,40.819,198.9,107,137,1929.834
20260501B03,落札量合計（電源属地別）[MW],124.282,51,476.139,7.864,0,40.819,191.759,54.216,137,1083.079
20260501B03,応札件数（電源属地別）[件],3,3,23,5,0,1,6,5,2,48
20260501B03,落札件数（電源属地別）[件],3,3,23,1,0,1,6,3,2,42
20260501B03,最高落札価格（電源属地別）[円/kW・30分],14.4,4.06,2.09,0.43,0,0.39,2.13,4.18,3.3,14.4
20260501B03,最低落札価格（電源属地別）[円/kW・30分],1.01,4.03,0.84,0.43,0,0.39,0.39,1.07,2.76,0.39
20260501B03,平均落札価格（電源属地別）[円/kW・30分],1.94,4.05,1.37,0.43,0,0.39,0.85,2.15,3.02,1.67
20260501B03,最高落札価格（TSO別）[円/kW・30分],14.4,4.06,2.09,0.43,0,0.39,2.13,4.18,3.3,14.4
20260501B03,最低落札価格（TSO別）[円/kW・30分],1.01,4.03,0.84,0.43,0,0.39,0.39,1.07,2.76,0.39
20260501B03,平均落札価格（TSO別）[円/kW・30分],1.94,4.05,1.37,0.43,0,0.39,0.85,2.15,3.02,1.67
20260501B03,落札量合計（TSO別）[MW],124.282,51,476.139,7.864,0,40.819,191.759,54.216,137,1083.079
20260501B03,（内訳）自エリアからの落札量[MW],124.282,51,476.139,7.864,0,40.819,191.759,54.216,137,1083.079
20260501B04,募集量（TSO別）[MW],71,170,605,0,46,148,110,38,142,1330
20260501B04,応札量合計（電源属地別）[MW],145.1,51,464.803,798.876,0,22.428,189,107,70,1848.207
20260501B04,落札量合計（電源属地別）[MW],125.282,51,464.803,24.487,0,22.428,174.845,66,70,998.845
20260501B04,応札件数（電源属地別）[件],3,3,20,5,0,1,5,5,1,43
20260501B04,落札件数（電源属地別）[件],3,3,20,2,0,1,5,4,1,39
20260501B04,最高落札価格（電源属地別）[円/kW・30分],14.4,4.36,2.58,2.86,0,0.39,1.17,4.15,2.73,14.4
20260501B04,最低落札価格（電源属地別）[円/kW・30分],1.01,4.35,0.82,0.52,0,0.39,0.39,1.07,2.73,0.39
20260501B04,平均落札価格（電源属地別）[円/kW・30分],2.12,4.35,1.4,1.46,0,0.39,0.72,2.08,2.73,1.64
20260501B04,最高落札価格（TSO別）[円/kW・30分],14.4,4.36,2.58,2.86,0,0.39,1.17,4.15,2.73,14.4
20260501B04,最低落札価格（TSO別）[円/kW・30分],1.01,4.35,0.82,0.52,0,0.39,0.39,1.07,2.73,0.39
20260501B04,平均落札価格（TSO別）[円/kW・30分],2.12,4.35,1.4,1.46,0,0.39,0.72,2.08,2.73,1.64
20260501B04,落札量合計（TSO別）[MW],125.282,51,464.803,24.487,0,22.428,174.845,66,70,998.845
20260501B04,（内訳）自エリアからの落札量[MW],125.282,51,464.803,24.487,0,22.428,174.845,66,70,998.845
20260501B05,募集量（TSO別）[MW],71,170,605,0,46,148,109,38,142,1329
20260501B05,応札量合計（電源属地別）[MW],136,51,464.803,1008.42,2.05,40.819,96.06,71,136,2006.152
20260501B05,落札量合計（電源属地別）[MW],111,51,464.803,66.66,2.05,40.819,96.06,40,136,1008.392
20260501B05,応札件数（電源属地別）[件],2,3,19,9,1,1,2,6,4,47
20260501B05,落札件数（電源属地別）[件],1,3,19,6,1,1,2,3,4,40
20260501B05,最高落札価格（電源属地別）[円/kW・30分],1.01,4.5,3.42,3.14,0.39,0.39,1.23,2.15,3.69,4.5
20260501B05,最低落札価格（電源属地別）[円/kW・30分],1.01,4.48,0.39,0.4,0.39,0.39,1.09,1.08,2.36,0.39
20260501B05,平均落札価格（電源属地別）[円/kW・30分],1.01,4.49,1.6,1.06,0.39,0.39,1.16,1.76,3.43,1.8
20260501B05,最高落札価格（TSO別）[円/kW・30分],1.01,4.5,3.42,3.14,0.39,0.39,1.23,2.15,3.69,4.5
20260501B05,最低落札価格（TSO別）[円/kW・30分],1.01,4.48,0.39,0.4,0.39,0.39,1.09,1.08,2.36,0.39
20260501B05,平均落札価格（TSO別）[円/kW・30分],1.01,4.49,1.6,1.06,0.39,0.39,1.16,1.76,3.43,1.8
20260501B05,落札量合計（TSO別）[MW],111,51,464.803,66.66,2.05,40.819,96.06,40,136,1008.392
20260501B05,（内訳）自エリアからの落札量[MW],111,51,464.803,66.66,2.05,40.819,96.06,40,136,1008.392
20260501B06,募集量（TSO別）[MW],71,170,605,0,46,148,110,38,142,1330
20260501B06,応札量合計（電源属地別）[MW],184.3,51,483.428,1068.89,37.688,0,96.06,71,186,2178.366
20260501B06,落札量合計（電源属地別）[MW],159.3,51,483.428,67.348,37.688,0,96.06,36,142,1072.824
20260501B06,応札件数（電源属地別）[件],3,3,20,11,1,0,2,6,3,49
20260501B06,落札件数（電源属地別）[件],2,3,20,3,1,0,2,3,3,37
20260501B06,最高落札価格（電源属地別）[円/kW・30分],4.85,4.19,2.86,0.83,0.39,0,1.23,2.15,3.96,4.85
20260501B06,最低落札価格（電源属地別）[円/kW・30分],1.01,4.18,0.95,0.41,0.39,0,1.09,1.08,3.23,0.39
20260501B06,平均落札価格（電源属地別）[円/kW・30分],2.17,4.19,1.61,0.55,0.39,0,1.16,1.78,3.57,1.93
20260501B06,最高落札価格（TSO別）[円/kW・30分],4.85,4.19,2.86,0.83,0.39,0,1.23,2.15,3.96,4.85
20260501B06,最低落札価格（TSO別）[円/kW・30分],1.01,4.18,0.95,0.41,0.39,0,1.09,1.08,3.23,0.39
20260501B06,平均落札価格（TSO別）[円/kW・30分],2.17,4.19,1.61,0.55,0.39,0,1.16,1.78,3.57,1.93
20260501B06,落札量合計（TSO別）[MW],159.3,51,483.428,67.348,37.688,0,96.06,36,142,1072.824
20260501B06,（内訳）自エリアからの落札量[MW],159.3,51,483.428,67.348,37.688,0,96.06,36,142,1072.824
20260501B07,募集量（TSO別）[MW],71,172,605,0,47,153,110,39,144,1341
20260501B07,応札量合計（電源属地別）[MW],180.05,51,394.472,947.982,7.526,0,96.06,81,216,1974.09
20260501B07,落札量合計（電源属地別）[MW],161.05,51,394.472,93.362,7.526,0,96.06,39,144,986.47
20260501B07,応札件数（電源属地別）[件],4,3,18,10,1,0,2,4,4,46
20260501B07,落札件数（電源属地別）[件],4,3,18,4,1,0,2,2,3,37
20260501B07,最高落札価格（電源属地別）[円/kW・30分],4.85,4.05,3.13,2.58,0.5,0,1.55,2.15,3.72,4.85
20260501B07,最低落札価格（電源属地別）[円/kW・30分],1.01,4.03,0.85,0.41,0.5,0,1.41,2.02,2.73,0.41
20260501B07,平均落札価格（電源属地別）[円/kW・30分],2.37,4.04,1.6,0.93,0.5,0,1.48,2.07,3.31,2.04
20260501B07,最高落札価格（TSO別）[円/kW・30分],4.85,4.05,3.13,2.58,0.5,0,1.55,2.15,3.72,4.85
20260501B07,最低落札価格（TSO別）[円/kW・30分],1.01,4.03,0.85,0.41,0.5,0,1.41,2.02,2.73,0.41
20260501B07,平均落札価格（TSO別）[円/kW・30分],2.37,4.04,1.6,0.93,0.5,0,1.48,2.07,3.31,2.04
20260501B07,落札量合計（TSO別）[MW],161.05,51,394.472,93.362,7.526,0,96.06,39,144,986.47
20260501B07,（内訳）自エリアからの落札量[MW],161.05,51,394.472,93.362,7.526,0,96.06,39,144,986.47
20260501B08,募集量（TSO別）[MW],71,174,608,0,47,154,112,40,147,1353
20260501B08,応札量合計（電源属地別）[MW],28.75,51,394.472,924.182,0,0,96.06,82,149,1725.464
20260501B08,落札量合計（電源属地別）[MW],28.75,51,394.472,129.918,0,0,96.06,36,147,883.2
20260501B08,応札件数（電源属地別）[件],2,3,18,10,0,0,2,4,3,42
20260501B08,落札件数（電源属地別）[件],2,3,18,4,0,0,2,3,3,35
20260501B08,最高落札価格（電源属地別）[円/kW・30分],4.5,4.02,3.28,2.81,0,0,2.55,5.53,4.2,5.53
20260501B08,最低落札価格（電源属地別）[円/kW・30分],4.4,4,0.74,0.58,0,0,2.41,2.05,2.92,0.58
20260501B08,平均落札価格（電源属地別）[円/kW・30分],4.41,4.01,1.65,0.93,0,0,2.48,2.24,3.61,2.21
20260501B08,最高落札価格（TSO別）[円/kW・30分],4.5,4.02,3.28,2.81,0,0,2.55,5.53,4.2,5.53
20260501B08,最低落札価格（TSO別）[円/kW・30分],4.4,4,0.74,0.58,0,0,2.41,2.05,2.92,0.58
20260501B08,平均落札価格（TSO別）[円/kW・30分],4.41,4.01,1.65,0.93,0,0,2.48,2.24,3.61,2.21
20260501B08,落札量合計（TSO別）[MW],28.75,51,394.472,129.918,0,0,96.06,36,147,883.2
20260501B08,（内訳）自エリアからの落札量[MW],28.75,51,394.472,129.918,0,0,96.06,36,147,883.2
20260501B09,募集量（TSO別）[MW],71,175,609,0,47,155,112,41,148,1358
20260501B09,応札量合計（電源属地別）[MW],77.05,51,394.472,1068.89,0,0,96.06,80,102,1869.472
20260501B09,落札量合計（電源属地別）[MW],77.05,51,394.472,86.234,0,0,96.06,37,102,843.816
20260501B09,応札件数（電源属地別）[件],3,3,18,10,0,0,2,3,4,43
20260501B09,落札件数（電源属地別）[件],3,3,18,3,0,0,2,2,4,35
20260501B09,最高落札価格（電源属地別）[円/kW・30分],4.85,4.01,3.84,2.83,0,0,2.55,2.05,4.23,4.85
20260501B09,最低落札価格（電源属地別）[円/kW・30分],4.5,3.98,0.43,0.65,0,0,2.41,2.05,2.97,0.43
20260501B09,平均落札価格（電源属地別）[円/kW・30分],4.82,4,1.88,0.95,0,0,2.48,2.05,3.95,2.51
20260501B09,最高落札価格（TSO別）[円/kW・30分],4.85,4.01,3.84,2.83,0,0,2.55,2.05,4.23,4.85
20260501B09,最低落札価格（TSO別）[円/kW・30分],4.5,3.98,0.43,0.65,0,0,2.41,2.05,2.97,0.43
20260501B09,平均落札価格（TSO別）[円/kW・30分],4.82,4,1.88,0.95,0,0,2.48,2.05,3.95,2.51
20260501B09,落札量合計（TSO別）[MW],77.05,51,394.472,86.234,0,0,96.06,37,102,843.816
20260501B09,（内訳）自エリアからの落札量[MW],77.05,51,394.472,86.234,0,0,96.06,37,102,843.816
20260501B10,募集量（TSO別）[MW],71,175,610,0,47,155,112,41,148,1359
20260501B10,応札量合計（電源属地別）[MW],28.75,51,431.628,1068.89,0,0,96.06,80,182,1938.328
20260501B10,落札量合計（電源属地別）[MW],28.75,51,431.628,316.734,0,0,96.06,41,148,1113.172
20260501B10,応札件数（電源属地別）[件],2,3,21,9,0,0,2,3,4,44
20260501B10,落札件数（電源属地別）[件],2,3,21,6,0,0,2,2,4,40
20260501B10,最高落札価格（電源属地別）[円/kW・30分],4.8,3.95,3.84,2.45,0,0,2.55,2.05,4.24,4.8
20260501B10,最低落札価格（電源属地別）[円/kW・30分],4.5,3.92,0.39,0.4,0,0,2.41,2.05,2.98,0.39
20260501B10,平均落札価格（電源属地別）[円/kW・30分],4.76,3.94,1.88,0.68,0,0,2.48,2.05,3.75,2.01
20260501B10,最高落札価格（TSO別）[円/kW・30分],4.8,3.95,3.84,2.45,0,0,2.55,2.05,4.24,4.8
20260501B10,最低落札価格（TSO別）[円/kW・30分],4.5,3.92,0.39,0.4,0,0,2.41,2.05,2.98,0.39
20260501B10,平均落札価格（TSO別）[円/kW・30分],4.76,3.94,1.88,0.68,0,0,2.48,2.05,3.75,2.01
20260501B10,落札量合計（TSO別）[MW],28.75,51,431.628,316.734,0,0,96.06,41,148,1113.172
20260501B10,（内訳）自エリアからの落札量[MW],28.75,51,431.628,316.734,0,0,96.06,41,148,1113.172
20260501B11,募集量（TSO別）[MW],71,175,610,0,47,154,112,41,148,1358
20260501B11,応札量合計（電源属地別）[MW],77.05,51,394.472,1068.89,0,0,96.06,80,182,1949.472
20260501B11,落札量合計（電源属地別）[MW],77.05,51,394.472,104.68,0,0,96.06,41,148,912.262
20260501B11,応札件数（電源属地別）[件],3,3,18,9,0,0,2,3,4,42
20260501B11,落札件数（電源属地別）[件],3,3,18,4,0,0,2,3,4,37
20260501B11,最高落札価格（電源属地別）[円/kW・30分],4.85,3.94,11.35,2.9,0,0,2.56,2.15,4.11,11.35
20260501B11,最低落札価格（電源属地別）[円/kW・30分],4.5,3.9,0.39,0.59,0,0,2.42,2.05,2.83,0.39
20260501B11,平均落札価格（電源属地別）[円/kW・30分],4.82,3.93,2.03,0.87,0,0,2.49,2.09,3.61,2.55
20260501B11,最高落札価格（TSO別）[円/kW・30分],4.85,3.94,11.35,2.9,0,0,2.56,2.15,4.11,11.35
20260501B11,最低落札価格（TSO別）[円/kW・30分],4.5,3.9,0.39,0.59,0,0,2.42,2.05,2.83,0.39
20260501B11,平均落札価格（TSO別）[円/kW・30分],4.82,3.93,2.03,0.87,0,0,2.49,2.09,3.61,2.55
20260501B11,落札量合計（TSO別）[MW],77.05,51,394.472,104.68,0,0,96.06,41,148,912.262
20260501B11,（内訳）自エリアからの落札量[MW],77.05,51,394.472,104.68,0,0,96.06,41,148,912.262
20260501B12,募集量（TSO別）[MW],71,175,610,0,47,154,112,41,148,1358
20260501B12,応札量合計（電源属地別）[MW],28.75,51,427.194,1068.89,3.63,0,96.06,81,182,1938.524
20260501B12,落札量合計（電源属地別）[MW],28.75,51,427.194,103.586,3.63,0,96.06,41,148,899.22
20260501B12,応札件数（電源属地別）[件],2,3,20,11,1,0,2,4,4,47
20260501B12,落札件数（電源属地別）[件],2,3,20,5,1,0,2,3,4,40
20260501B12,最高落札価格（電源属地別）[円/kW・30分],4.8,4.04,11.88,3.66,1.49,0,2.55,5.53,4.11,11.88
20260501B12,最低落札価格（電源属地別）[円/kW・30分],4.5,4.01,0.39,0.63,1.49,0,2.41,2.05,2.81,0.39
20260501B12,平均落札価格（電源属地別）[円/kW・30分],4.76,4.03,2.14,1.18,1.49,0,2.48,2.13,3.6,2.49
20260501B12,最高落札価格（TSO別）[円/kW・30分],4.8,4.04,11.88,3.66,1.49,0,2.55,5.53,4.11,11.88
20260501B12,最低落札価格（TSO別）[円/kW・30分],4.5,4.01,0.39,0.63,1.49,0,2.41,2.05,2.81,0.39
20260501B12,平均落札価格（TSO別）[円/kW・30分],4.76,4.03,2.14,1.18,1.49,0,2.48,2.13,3.6,2.49
20260501B12,落札量合計（TSO別）[MW],28.75,51,427.194,103.586,3.63,0,96.06,41,148,899.22
20260501B12,（内訳）自エリアからの落札量[MW],28.75,51,427.194,103.586,3.63,0,96.06,41,148,899.22
20260501B13,募集量（TSO別）[MW],72,187,625,0,47,154,114,44,152,1395
20260501B13,応札量合計（電源属地別）[MW],182.068,51,460.502,1056.89,0,0,96.06,58,216,2120.52
20260501B13,落札量合計（電源属地別）[MW],182.068,51,460.502,152.526,0,0,96.06,58,216,1216.156
20260501B13,応札件数（電源属地別）[件],4,3,23,10,0,0,2,4,4,50
20260501B13,落札件数（電源属地別）[件],4,3,23,3,0,0,2,4,4,43
20260501B13,最高落札価格（電源属地別）[円/kW・30分],14.87,4.08,5.96,0.79,0,0,1.55,4.53,4.15,14.87
20260501B13,最低落札価格（電源属地別）[円/kW・30分],1.01,4.06,0.7,0.62,0,0,1.41,1.07,2.81,0.62
20260501B13,平均落札価格（電源属地別）[円/kW・30分],5.89,4.07,1.65,0.65,0,0,1.48,1.39,3.61,2.58
20260501B13,最高落札価格（TSO別）[円/kW・30分],14.87,4.08,5.96,0.79,0,0,1.55,4.53,4.15,14.87
20260501B13,最低落札価格（TSO別）[円/kW・30分],1.01,4.06,0.7,0.62,0,0,1.41,1.07,2.81,0.62
20260501B13,平均落札価格（TSO別）[円/kW・30分],5.89,4.07,1.65,0.65,0,0,1.48,1.39,3.61,2.58
20260501B13,落札量合計（TSO別）[MW],182.068,51,460.502,152.526,0,0,96.06,58,216,1216.156
20260501B13,（内訳）自エリアからの落札量[MW],182.068,51,460.502,152.526,0,0,96.06,58,216,1216.156
20260501B14,募集量（TSO別）[MW],72,191,634,0,46,154,114,44,153,1408
20260501B14,応札量合計（電源属地別）[MW],139.75,51,460.802,1042.091,0,0,96.06,15,137,1941.703
20260501B14,落札量合計（電源属地別）[MW],139.75,51,460.802,283.091,0,0,96.06,15,137,1182.703
20260501B14,応札件数（電源属地別）[件],3,3,20,8,0,0,2,1,2,39
20260501B14,落札件数（電源属地別）[件],3,3,20,6,0,0,2,1,2,37
20260501B14,最高落札価格（電源属地別）[円/kW・30分],11.8,4.06,2.57,2.8,0,0,1.32,2.05,3.96,11.8
20260501B14,最低落札価格（電源属地別）[円/kW・30分],1.01,4.03,0.39,0.63,0,0,1.18,2.05,3.54,0.39
20260501B14,平均落札価格（電源属地別）[円/kW・30分],3.17,4.05,1.89,0.88,0,0,1.25,2.05,3.75,2.06
20260501B14,最高落札価格（TSO別）[円/kW・30分],11.8,4.06,2.57,2.8,0,0,1.32,2.05,3.96,11.8
20260501B14,最低落札価格（TSO別）[円/kW・30分],1.01,4.03,0.39,0.63,0,0,1.18,2.05,3.54,0.39
20260501B14,平均落札価格（TSO別）[円/kW・30分],3.17,4.05,1.89,0.88,0,0,1.25,2.05,3.75,2.06
20260501B14,落札量合計（TSO別）[MW],139.75,51,460.802,283.091,0,0,96.06,15,137,1182.703
20260501B14,（内訳）自エリアからの落札量[MW],139.75,51,460.802,283.091,0,0,96.06,15,137,1182.703
20260501B15,募集量（TSO別）[MW],71,200,635,0,47,154,114,46,154,1421
20260501B15,応札量合計（電源属地別）[MW],220.75,126,420.179,1032.391,0,40.819,96.06,15,237,2188.199
20260501B15,落札量合計（電源属地別）[MW],217.75,126,420.179,428.865,0,40.819,96.06,15,237,1581.673
20260501B15,応札件数（電源属地別）[件],4,3,18,8,0,1,2,1,3,40
20260501B15,落札件数（電源属地別）[件],4,3,18,6,0,1,2,1,3,38
20260501B15,最高落札価格（電源属地別）[円/kW・30分],11.8,3.89,2.83,3.1,0,0.39,3.56,2.05,5.81,11.8
20260501B15,最低落札価格（電源属地別）[円/kW・30分],5,2.09,0.5,0.77,0,0.39,3.42,2.05,3.56,0.39
20260501B15,平均落札価格（電源属地別）[円/kW・30分],5.76,2.58,2.06,0.88,0,0.39,3.49,2.05,4.66,2.72
20260501B15,最高落札価格（TSO別）[円/kW・30分],11.8,3.89,2.83,3.1,0,0.39,3.56,2.05,5.81,11.8
20260501B15,最低落札価格（TSO別）[円/kW・30分],5,2.09,0.5,0.77,0,0.39,3.42,2.05,3.56,0.39
20260501B15,平均落札価格（TSO別）[円/kW・30分],5.76,2.58,2.06,0.88,0,0.39,3.49,2.05,4.66,2.72
20260501B15,落札量合計（TSO別）[MW],217.75,126,420.179,428.865,0,40.819,96.06,15,237,1581.673
20260501B15,（内訳）自エリアからの落札量[MW],217.75,126,420.179,428.865,0,40.819,96.06,15,237,1581.673
20260501B16,募集量（TSO別）[MW],72,203,637,0,47,155,114,47,155,1430
20260501B16,応札量合計（電源属地別）[MW],87.05,126,329.792,1038.091,3.826,40.819,96.06,16,237,1974.638
20260501B16,落札量合計（電源属地別）[MW],87.05,126,329.792,421.865,3.826,40.819,96.06,16,237,1358.412
20260501B16,応札件数（電源属地別）[件],3,3,16,8,1,1,2,2,3,39
20260501B16,落札件数（電源属地別）[件],3,3,16,7,1,1,2,2,3,38
20260501B16,最高落札価格（電源属地別）[円/kW・30分],14.87,3.42,1.6,2.65,2.69,0.39,3.76,2.05,5.88,14.87
20260501B16,最低落札価格（電源属地別）[円/kW・30分],1.01,1.57,0.51,0.58,2.69,0.39,3.62,2.05,3.63,0.39
20260501B16,平均落札価格（電源属地別）[円/kW・30分],9.06,2.07,0.83,0.8,2.69,0.39,3.69,2.05,4.73,2.35
20260501B16,最高落札価格（TSO別）[円/kW・30分],14.87,3.42,1.6,2.65,2.69,0.39,3.76,2.05,5.88,14.87
20260501B16,最低落札価格（TSO別）[円/kW・30分],1.01,1.57,0.51,0.58,2.69,0.39,3.62,2.05,3.63,0.39
20260501B16,平均落札価格（TSO別）[円/kW・30分],9.06,2.07,0.83,0.8,2.69,0.39,3.69,2.05,4.73,2.35
20260501B16,落札量合計（TSO別）[MW],87.05,126,329.792,421.865,3.826,40.819,96.06,16,237,1358.412
20260501B16,（内訳）自エリアからの落札量[MW],87.05,126,329.792,421.865,3.826,40.819,96.06,16,237,1358.412
20260501B17,募集量（TSO別）[MW],71,203,637,0,47,154,114,47,155,1428
20260501B17,応札量合計（電源属地別）[MW],82.75,51,329.793,973.091,2.634,40.819,96.06,15,241,1832.147
20260501B17,落札量合計（電源属地別）[MW],82.75,51,329.793,661.031,2.634,40.819,96.06,15,241,1520.087
20260501B17,応札件数（電源属地別）[件],2,3,15,9,1,1,2,1,2,36
20260501B17,落札件数（電源属地別）[件],2,3,15,6,1,1,2,1,2,33
20260501B17,最高落札価格（電源属地別）[円/kW・30分],9.4,2.01,2.99,1.06,1.76,0.39,2.82,2.05,5.95,9.4
20260501B17,最低落札価格（電源属地別）[円/kW・30分],1.01,1.17,0.54,0.58,1.76,0.39,2.68,2.05,3.7,0.39
20260501B17,平均落札価格（電源属地別）[円/kW・30分],1.39,1.73,0.96,0.69,1.76,0.39,2.75,2.05,5.3,1.69
20260501B17,最高落札価格（TSO別）[円/kW・30分],9.4,2.01,2.99,1.06,1.76,0.39,2.82,2.05,5.95,9.4
20260501B17,最低落札価格（TSO別）[円/kW・30分],1.01,1.17,0.54,0.58,1.76,0.39,2.68,2.05,3.7,0.39
20260501B17,平均落札価格（TSO別）[円/kW・30分],1.39,1.73,0.96,0.69,1.76,0.39,2.75,2.05,5.3,1.69
20260501B17,落札量合計（TSO別）[MW],82.75,51,329.793,661.031,2.634,40.819,96.06,15,241,1520.087
20260501B17,（内訳）自エリアからの落札量[MW],82.75,51,329.793,661.031,2.634,40.819,96.06,15,241,1520.087
20260501B18,募集量（TSO別）[MW],71,203,637,0,47,154,115,47,155,1429
20260501B18,応札量合計（電源属地別）[MW],105.75,51,359.811,960.291,0,40.819,96.06,15,271,1899.731
20260501B18,落札量合計（電源属地別）[MW],105.75,51,359.811,671.831,0,40.819,96.06,15,271,1611.271
20260501B18,応札件数（電源属地別）[件],2,3,16,9,0,1,2,1,2,36
20260501B18,落札件数（電源属地別）[件],2,3,16,6,0,1,2,1,2,33
20260501B18,最高落札価格（電源属地別）[円/kW・30分],9.4,4.03,6.9,1.15,0,0.39,3.56,2.05,6.32,9.4
20260501B18,最低落札価格（電源属地別）[円/kW・30分],1.01,2.68,0.96,0.59,0,0.39,3.42,2.05,4.07,0.39
20260501B18,平均落札価格（電源属地別）[円/kW・30分],1.31,3.13,2.61,0.72,0,0.39,3.49,2.05,5.74,2.27
20260501B18,最高落札価格（TSO別）[円/kW・30分],9.4,4.03,6.9,1.15,0,0.39,3.56,2.05,6.32,9.4
20260501B18,最低落札価格（TSO別）[円/kW・30分],1.01,2.68,0.96,0.59,0,0.39,3.42,2.05,4.07,0.39
20260501B18,平均落札価格（TSO別）[円/kW・30分],1.31,3.13,2.61,0.72,0,0.39,3.49,2.05,5.74,2.27
20260501B18,落札量合計（TSO別）[MW],105.75,51,359.811,671.831,0,40.819,96.06,15,271,1611.271
20260501B18,（内訳）自エリアからの落札量[MW],105.75,51,359.811,671.831,0,40.819,96.06,15,271,1611.271
20260501B19,募集量（TSO別）[MW],71,136,634,5,48,154,115,50,167,1380
20260501B19,応札量合計（電源属地別）[MW],114.75,126,359.579,987.091,1.004,0,96.06,65,370,2119.484
20260501B19,落札量合計（電源属地別）[MW],114.75,126,359.579,680.875,1.004,0,96.06,65,370,1813.268
20260501B19,応札件数（電源属地別）[件],2,3,16,9,1,0,2,3,2,38
20260501B19,落札件数（電源属地別）[件],2,3,16,7,1,0,2,3,2,36
20260501B19,最高落札価格（電源属地別）[円/kW・30分],7.1,8.03,9.43,1.15,3.73,0,1.16,4.15,6.33,9.43
20260501B19,最低落札価格（電源属地別）[円/kW・30分],1.05,5.07,1.3,0.61,3.73,0,1.02,2.05,4.08,0.61
20260501B19,平均落札価格（電源属地別）[円/kW・30分],1.25,7.23,3.66,0.76,3.73,0,1.09,2.53,5.9,2.95
20260501B19,最高落札価格（TSO別）[円/kW・30分],7.1,8.03,9.43,1.15,3.73,0,1.16,4.15,6.33,9.43
20260501B19,最低落札価格（TSO別）[円/kW・30分],1.05,5.07,1.3,0.61,3.73,0,1.02,2.05,4.08,0.61
20260501B19,平均落札価格（TSO別）[円/kW・30分],1.25,7.23,3.66,0.76,3.73,0,1.09,2.53,5.9,2.95
20260501B19,落札量合計（TSO別）[MW],114.75,126,359.579,680.875,1.004,0,96.06,65,370,1813.268
20260501B19,（内訳）自エリアからの落札量[MW],114.75,126,359.579,680.875,1.004,0,96.06,65,370,1813.268
20260501B20,募集量（TSO別）[MW],71,134,634,6,49,154,115,51,169,1383
20260501B20,応札量合計（電源属地別）[MW],114.75,143,359.077,938.921,0,0,143.894,31,370,2100.642
20260501B20,落札量合計（電源属地別）[MW],114.75,143,359.077,671.67,0,0,143.894,31,370,1833.391
20260501B20,応札件数（電源属地別）[件],2,4,16,7,0,0,5,2,2,38
20260501B20,落札件数（電源属地別）[件],2,4,16,6,0,0,5,2,2,37
20260501B20,最高落札価格（電源属地別）[円/kW・30分],7.1,6.07,7.74,1.47,0,0,2.13,2.05,5.89,7.74
20260501B20,最低落札価格（電源属地別）[円/kW・30分],1.01,3.11,1.07,1.09,0,0,0.39,2.05,3.64,0.39
20260501B20,平均落札価格（電源属地別）[円/kW・30分],1.21,5.17,2.96,1.23,0,0,0.52,2.05,5.46,2.69
20260501B20,最高落札価格（TSO別）[円/kW・30分],7.1,6.07,7.74,1.47,0,0,2.13,2.05,5.89,7.74
20260501B20,最低落札価格（TSO別）[円/kW・30分],1.01,3.11,1.07,1.09,0,0,0.39,2.05,3.64,0.39
20260501B20,平均落札価格（TSO別）[円/kW・30分],1.21,5.17,2.96,1.23,0,0,0.52,2.05,5.46,2.69
20260501B20,落札量合計（TSO別）[MW],114.75,143,359.077,671.67,0,0,143.894,31,370,1833.391
20260501B20,（内訳）自エリアからの落札量[MW],114.75,143,359.077,671.67,0,0,143.894,31,370,1833.391
20260501B21,募集量（TSO別）[MW],72,139,632,11,51,156,119,51,169,1400
20260501B21,応札量合計（電源属地別）[MW],114.75,143,311.819,1068.89,8.666,0,120.05,31,300,2098.175
20260501B21,落札量合計（電源属地別）[MW],114.75,143,311.819,405,8.666,0,120.05,31,300,1434.285
20260501B21,応札件数（電源属地別）[件],2,4,16,11,1,0,4,2,1,41
20260501B21,落札件数（電源属地別）[件],2,4,16,5,1,0,4,2,1,35
20260501B21,最高落札価格（電源属地別）[円/kW・30分],7.1,5.39,7.05,1.96,3.12,0,2.13,2.05,5.47,7.1
20260501B21,最低落札価格（電源属地別）[円/kW・30分],1.01,2.43,0.94,1.2,3.12,0,0.39,2.05,5.47,0.39
20260501B21,平均落札価格（電源属地別）[円/kW・30分],1.21,4.49,2.53,1.47,3.12,0,0.53,2.05,5.47,2.76
20260501B21,最高落札価格（TSO別）[円/kW・30分],7.1,5.39,7.05,1.96,3.12,0,2.13,2.05,5.47,7.1
20260501B21,最低落札価格（TSO別）[円/kW・30分],1.01,2.43,0.94,1.2,3.12,0,0.39,2.05,5.47,0.39
20260501B21,平均落札価格（TSO別）[円/kW・30分],1.21,4.49,2.53,1.47,3.12,0,0.53,2.05,5.47,2.76
20260501B21,落札量合計（TSO別）[MW],114.75,143,311.819,405,8.666,0,120.05,31,300,1434.285
20260501B21,（内訳）自エリアからの落札量[MW],114.75,143,311.819,405,8.666,0,120.05,31,300,1434.285
20260501B22,募集量（TSO別）[MW],71,139,634,12,51,156,119,52,170,1404
20260501B22,応札量合計（電源属地別）[MW],114.75,143,311.187,504.22,8.844,0,143.894,31,370,1626.895
20260501B22,落札量合計（電源属地別）[MW],114.75,143,311.187,348.412,8.844,0,143.894,31,370,1471.087
20260501B22,応札件数（電源属地別）[件],2,4,16,4,1,0,5,2,2,36
20260501B22,落札件数（電源属地別）[件],2,4,16,4,1,0,5,2,2,36
20260501B22,最高落札価格（電源属地別）[円/kW・30分],7.1,6.07,7.19,2.5,3.01,0,2.13,2.05,5.33,7.19
20260501B22,最低落札価格（電源属地別）[円/kW・30分],1.01,3.11,0.95,1.25,3.01,0,0.39,2.05,3.08,0.39
20260501B22,平均落札価格（電源属地別）[円/kW・30分],1.21,5.17,2.6,1.84,3.01,0,0.51,2.05,4.9,2.93
20260501B22,最高落札価格（TSO別）[円/kW・30分],7.1,6.07,7.19,2.5,3.01,0,2.13,2.05,5.33,7.19
20260501B22,最低落札価格（TSO別）[円/kW・30分],1.01,3.11,0.95,1.25,3.01,0,0.39,2.05,3.08,0.39
20260501B22,平均落札価格（TSO別）[円/kW・30分],1.21,5.17,2.6,1.84,3.01,0,0.51,2.05,4.9,2.93
20260501B22,落札量合計（TSO別）[MW],114.75,143,311.187,348.412,8.844,0,143.894,31,370,1471.087
20260501B22,（内訳）自エリアからの落札量[MW],114.75,143,311.187,348.412,8.844,0,143.894,31,370,1471.087
20260501B23,募集量（TSO別）[MW],71,138,629,13,51,154,119,52,169,1396
20260501B23,応札量合計（電源属地別）[MW],114.75,143,328.194,504.22,0,0,95.704,31,370,1586.868
20260501B23,落札量合計（電源属地別）[MW],114.75,143,328.194,238.681,0,0,95.704,31,370,1321.329
20260501B23,応札件数（電源属地別）[件],2,4,17,4,0,0,4,2,2,35
20260501B23,落札件数（電源属地別）[件],2,4,17,4,0,0,4,2,2,35
20260501B23,最高落札価格（電源属地別）[円/kW・30分],7.1,4.14,7.35,2.29,0,0,2.13,2.05,5.3,7.35
20260501B23,最低落札価格（電源属地別）[円/kW・30分],1.01,1.18,1,1.44,0,0,0.39,2.05,3.05,0.39
20260501B23,平均落札価格（電源属地別）[円/kW・30分],1.21,3.24,1.8,1.89,0,0,0.57,2.05,4.87,2.7
20260501B23,最高落札価格（TSO別）[円/kW・30分],7.1,4.14,7.35,2.29,0,0,2.13,2.05,5.3,7.35
20260501B23,最低落札価格（TSO別）[円/kW・30分],1.01,1.18,1,1.44,0,0,0.39,2.05,3.05,0.39
20260501B23,平均落札価格（TSO別）[円/kW・30分],1.21,3.24,1.8,1.89,0,0,0.57,2.05,4.87,2.7
20260501B23,落札量合計（TSO別）[MW],114.75,143,328.194,238.681,0,0,95.704,31,370,1321.329
20260501B23,（内訳）自エリアからの落札量[MW],114.75,143,328.194,238.681,0,0,95.704,31,370,1321.329
20260501B24,募集量（TSO別）[MW],72,139,634,13,52,156,119,52,168,1405
20260501B24,応札量合計（電源属地別）[MW],134.75,143,263.508,504.22,11.784,0,143.574,32,370,1602.836
20260501B24,落札量合計（電源属地別）[MW],129.626,143,263.508,351.865,11.784,0,143.574,32,370,1445.357
20260501B24,応札件数（電源属地別）[件],3,4,13,4,1,0,5,2,2,34
20260501B24,落札件数（電源属地別）[件],3,4,13,4,1,0,5,2,2,34
20260501B24,最高落札価格（電源属地別）[円/kW・30分],11.8,3.89,1.51,2.38,2.48,0,2.13,2.05,4.87,11.8
20260501B24,最低落札価格（電源属地別）[円/kW・30分],1.03,0.93,0.77,1.32,2.48,0,0.39,2.05,2.62,0.39
20260501B24,平均落札価格（電源属地別）[円/kW・30分],2.44,2.99,1.03,1.83,2.48,0,0.51,2.05,4.44,2.4
20260501B24,最高落札価格（TSO別）[円/kW・30分],11.8,3.89,1.51,2.38,2.48,0,2.13,2.05,4.87,11.8
20260501B24,最低落札価格（TSO別）[円/kW・30分],1.03,0.93,0.77,1.32,2.48,0,0.39,2.05,2.62,0.39
20260501B24,平均落札価格（TSO別）[円/kW・30分],2.44,2.99,1.03,1.83,2.48,0,0.51,2.05,4.44,2.4
20260501B24,落札量合計（TSO別）[MW],129.626,143,263.508,351.865,11.784,0,143.574,32,370,1445.357
20260501B24,（内訳）自エリアからの落札量[MW],129.626,143,263.508,351.865,11.784,0,143.574,32,370,1445.357
20260501B25,募集量（TSO別）[MW],73,143,642,7,49,157,120,54,167,1412
20260501B25,応札量合計（電源属地別）[MW],137.75,143,291.021,443.799,55.346,40.819,143.574,31,70,1356.309
20260501B25,落札量合計（電源属地別）[MW],116.01,143,291.021,401.145,55.346,40.819,143.574,31,70,1291.915
20260501B25,応札件数（電源属地別）[件],3,4,15,2,1,1,5,2,1,34
20260501B25,落札件数（電源属地別）[件],3,4,15,2,1,1,5,2,1,34
20260501B25,最高落札価格（電源属地別）[円/kW・30分],11.8,3.4,1.29,0.92,0.39,0.39,2.13,2.05,0.5,11.8
20260501B25,最低落札価格（電源属地別）[円/kW・30分],1.01,1.56,0.47,0.39,0.39,0.39,0.39,2.05,0.5,0.39
20260501B25,平均落札価格（電源属地別）[円/kW・30分],1.42,2.04,0.96,0.78,0.39,0.39,0.51,2.05,0.5,0.97
20260501B25,最高落札価格（TSO別）[円/kW・30分],11.8,3.4,1.29,0.92,0.39,0.39,2.13,2.05,0.5,11.8
20260501B25,最低落札価格（TSO別）[円/kW・30分],1.01,1.56,0.47,0.39,0.39,0.39,0.39,2.05,0.5,0.39
20260501B25,平均落札価格（TSO別）[円/kW・30分],1.42,2.04,0.96,0.78,0.39,0.39,0.51,2.05,0.5,0.97
20260501B25,落札量合計（TSO別）[MW],116.01,143,291.021,401.145,55.346,40.819,143.574,31,70,1291.915
20260501B25,（内訳）自エリアからの落札量[MW],116.01,143,291.021,401.145,55.346,40.819,143.574,31,70,1291.915
20260501B26,募集量（TSO別）[MW],73,143,644,7,49,157,120,54,168,1415
20260501B26,応札量合計（電源属地別）[MW],137.75,143,339.556,443.799,69,40.819,95.704,30,70,1369.628
20260501B26,落札量合計（電源属地別）[MW],116.01,143,339.556,414.799,69,40.819,95.704,30,70,1318.888
20260501B26,応札件数（電源属地別）[件],3,4,19,2,1,1,4,2,1,37
20260501B26,落札件数（電源属地別）[件],3,4,19,2,1,1,4,2,1,37
20260501B26,最高落札価格（電源属地別）[円/kW・30分],11.8,3.81,3.98,0.59,0.39,0.39,2.13,2.05,0.39,11.8
20260501B26,最低落札価格（電源属地別）[円/kW・30分],1.01,1.76,0.56,0.39,0.39,0.39,0.39,2.05,0.39,0.39
20260501B26,平均落札価格（電源属地別）[円/kW・30分],1.42,2.32,1.63,0.53,0.39,0.39,0.57,2.05,0.39,1.11
20260501B26,最高落札価格（TSO別）[円/kW・30分],11.8,3.81,3.98,0.59,0.39,0.39,2.13,2.05,0.39,11.8
20260501B26,最低落札価格（TSO別）[円/kW・30分],1.01,1.76,0.56,0.39,0.39,0.39,0.39,2.05,0.39,0.39
20260501B26,平均落札価格（TSO別）[円/kW・30分],1.42,2.32,1.63,0.53,0.39,0.39,0.57,2.05,0.39,1.11
20260501B26,落札量合計（TSO別）[MW],116.01,143,339.556,414.799,69,40.819,95.704,30,70,1318.888
20260501B26,（内訳）自エリアからの落札量[MW],116.01,143,339.556,414.799,69,40.819,95.704,30,70,1318.888
20260501B27,募集量（TSO別）[MW],73,143,645,7,49,157,120,54,168,1416
20260501B27,応札量合計（電源属地別）[MW],131.75,143,291.021,443.799,52.986,40.819,191.764,31,70,1396.139
20260501B27,落札量合計（電源属地別）[MW],117.75,143,291.021,398.785,52.986,40.819,191.764,31,70,1337.125
20260501B27,応札件数（電源属地別）[件],3,4,14,2,1,1,6,2,1,34
20260501B27,落札件数（電源属地別）[件],3,4,14,2,1,1,6,2,1,34
20260501B27,最高落札価格（電源属地別）[円/kW・30分],11.8,3.73,1,0.39,0.39,0.39,2.13,2.05,0.39,11.8
20260501B27,最低落札価格（電源属地別）[円/kW・30分],1.01,1.72,0.44,0.39,0.39,0.39,0.39,2.05,0.39,0.39
20260501B27,平均落札価格（電源属地別）[円/kW・30分],1.85,2.26,0.71,0.39,0.39,0.39,0.48,2.05,0.39,0.84
20260501B27,最高落札価格（TSO別）[円/kW・30分],11.8,3.73,1,0.39,0.39,0.39,2.13,2.05,0.39,11.8
20260501B27,最低落札価格（TSO別）[円/kW・30分],1.01,1.72,0.44,0.39,0.39,0.39,0.39,2.05,0.39,0.39
20260501B27,平均落札価格（TSO別）[円/kW・30分],1.85,2.26,0.71,0.39,0.39,0.39,0.48,2.05,0.39,0.84
20260501B27,落札量合計（TSO別）[MW],117.75,143,291.021,398.785,52.986,40.819,191.764,31,70,1337.125
20260501B27,（内訳）自エリアからの落札量[MW],117.75,143,291.021,398.785,52.986,40.819,191.764,31,70,1337.125
20260501B28,募集量（TSO別）[MW],73,140,640,5,49,155,120,53,168,1403
20260501B28,応札量合計（電源属地別）[MW],55.75,143,338.355,443.799,50.364,40.819,71.86,17,70,1230.947
20260501B28,落札量合計（電源属地別）[MW],55.75,143,338.355,401.163,50.364,40.819,71.86,17,70,1188.311
20260501B28,応札件数（電源属地別）[件],2,4,17,2,1,1,3,1,1,32
20260501B28,落札件数（電源属地別）[件],2,4,17,2,1,1,3,1,1,32
20260501B28,最高落札価格（電源属地別）[円/kW・30分],10.1,3.75,2.13,0.48,0.39,0.39,2.13,2.05,0.39,10.1
20260501B28,最低落札価格（電源属地別）[円/kW・30分],1.2,2.19,0.47,0.39,0.39,0.39,0.39,2.05,0.39,0.39
20260501B28,平均落札価格（電源属地別）[円/kW・30分],1.8,2.57,1.04,0.45,0.39,0.39,0.63,2.05,0.39,0.96
20260501B28,最高落札価格（TSO別）[円/kW・30分],10.1,3.75,2.13,0.48,0.39,0.39,2.13,2.05,0.39,10.1
20260501B28,最低落札価格（TSO別）[円/kW・30分],1.2,2.19,0.47,0.39,0.39,0.39,0.39,2.05,0.39,0.39
20260501B28,平均落札価格（TSO別）[円/kW・30分],1.8,2.57,1.04,0.45,0.39,0.39,0.63,2.05,0.39,0.96
20260501B28,落札量合計（TSO別）[MW],55.75,143,338.355,401.163,50.364,40.819,71.86,17,70,1188.311
20260501B28,（内訳）自エリアからの落札量[MW],55.75,143,338.355,401.163,50.364,40.819,71.86,17,70,1188.311
20260501B29,募集量（TSO別）[MW],72,139,635,4,49,154,120,53,168,1394
20260501B29,応札量合計（電源属地別）[MW],3.75,92,432.314,443.799,59.012,19.85,119.73,17,70,1257.455
20260501B29,落札量合計（電源属地別）[MW],3.75,92,432.314,409.811,59.012,19.85,119.73,17,70,1223.467
20260501B29,応札件数（電源属地別）[件],1,1,20,2,1,1,4,1,1,32
20260501B29,落札件数（電源属地別）[件],1,1,20,2,1,1,4,1,1,32
20260501B29,最高落札価格（電源属地別）[円/kW・30分],10.1,2.36,3.16,0.55,0.39,0.39,2.13,2.05,0.39,10.1
20260501B29,最低落札価格（電源属地別）[円/kW・30分],10.1,2.36,0.43,0.39,0.39,0.39,0.39,2.05,0.39,0.39
20260501B29,平均落札価格（電源属地別）[円/kW・30分],10.1,2.36,2.41,0.51,0.39,0.39,0.85,2.05,0.39,1.39
20260501B29,最高落札価格（TSO別）[円/kW・30分],10.1,2.36,3.16,0.55,0.39,0.39,2.13,2.05,0.39,10.1
20260501B29,最低落札価格（TSO別）[円/kW・30分],10.1,2.36,0.43,0.39,0.39,0.39,0.39,2.05,0.39,0.39
20260501B29,平均落札価格（TSO別）[円/kW・30分],10.1,2.36,2.41,0.51,0.39,0.39,0.85,2.05,0.39,1.39
20260501B29,落札量合計（TSO別）[MW],3.75,92,432.314,409.811,59.012,19.85,119.73,17,70,1223.467
20260501B29,（内訳）自エリアからの落札量[MW],3.75,92,432.314,409.811,59.012,19.85,119.73,17,70,1223.467
20260501B30,募集量（TSO別）[MW],72,138,632,2,49,153,120,52,167,1385
20260501B30,応札量合計（電源属地別）[MW],196.75,92,401.945,443.799,69,0,95.704,17,70,1386.198
20260501B30,落札量合計（電源属地別）[MW],182.1,92,401.945,409.65,69,0,95.704,17,70,1337.399
20260501B30,応札件数（電源属地別）[件],3,1,19,2,1,0,4,1,1,32
20260501B30,落札件数（電源属地別）[件],2,1,19,2,1,0,4,1,1,31
20260501B30,最高落札価格（電源属地別）[円/kW・30分],5.01,2.3,2.46,0.73,0.39,0,2.13,2.05,0.39,5.01
20260501B30,最低落札価格（電源属地別）[円/kW・30分],5,2.3,0.41,0.39,0.39,0,0.39,2.05,0.39,0.39
20260501B30,平均落札価格（電源属地別）[円/kW・30分],5,2.3,1.7,0.63,0.39,0,0.57,2.05,0.39,1.65
20260501B30,最高落札価格（TSO別）[円/kW・30分],5.01,2.3,2.46,0.73,0.39,0,2.13,2.05,0.39,5.01
20260501B30,最低落札価格（TSO別）[円/kW・30分],5,2.3,0.41,0.39,0.39,0,0.39,2.05,0.39,0.39
20260501B30,平均落札価格（TSO別）[円/kW・30分],5,2.3,1.7,0.63,0.39,0,0.57,2.05,0.39,1.65
20260501B30,落札量合計（TSO別）[MW],182.1,92,401.945,409.65,69,0,95.704,17,70,1337.399
20260501B30,（内訳）自エリアからの落札量[MW],182.1,92,401.945,409.65,69,0,95.704,17,70,1337.399
20260501B31,募集量（TSO別）[MW],66,193,614,0,48,142,114,45,156,1378
20260501B31,応札量合計（電源属地別）[MW],195.75,0,293.836,271.814,49.942,0,143.894,31,70,1056.236
20260501B31,落札量合計（電源属地別）[MW],195.75,0,293.836,53,49.942,0,143.894,31,70,837.422
20260501B31,応札件数（電源属地別）[件],3,0,12,3,1,0,5,2,1,27
20260501B31,落札件数（電源属地別）[件],3,0,12,1,1,0,5,2,1,25
20260501B31,最高落札価格（電源属地別）[円/kW・30分],5.01,0,2.63,2.69,0.39,0,2.13,2.05,0.69,5.01
20260501B31,最低落札価格（電源属地別）[円/kW・30分],4.8,0,0.41,2.69,0.39,0,0.39,2.05,0.69,0.39
20260501B31,平均落札価格（電源属地別）[円/kW・30分],5,0,1.81,2.69,0.39,0,0.51,2.05,0.69,2.22
20260501B31,最高落札価格（TSO別）[円/kW・30分],5.01,0,2.63,2.69,0.39,0,2.13,2.05,0.69,5.01
20260501B31,最低落札価格（TSO別）[円/kW・30分],4.8,0,0.41,2.69,0.39,0,0.39,2.05,0.69,0.39
20260501B31,平均落札価格（TSO別）[円/kW・30分],5,0,1.81,2.69,0.39,0,0.51,2.05,0.69,2.22
20260501B31,落札量合計（TSO別）[MW],195.75,0,293.836,53,49.942,0,143.894,31,70,837.422
20260501B31,（内訳）自エリアからの落札量[MW],195.75,0,293.836,53,49.942,0,143.894,31,70,837.422
20260501B32,募集量（TSO別）[MW],66,193,614,0,48,142,114,45,156,1378
20260501B32,応札量合計（電源属地別）[MW],195.75,0,291.021,498.106,0,0,143.894,31,370,1529.771
20260501B32,落札量合計（電源属地別）[MW],195.75,0,291.021,188.218,0,0,143.894,31,370,1219.883
20260501B32,応札件数（電源属地別）[件],3,0,16,4,0,0,5,2,2,32
20260501B32,落札件数（電源属地別）[件],3,0,16,4,0,0,5,2,2,32
20260501B32,最高落札価格（電源属地別）[円/kW・30分],5.01,0,2.06,2.87,0,0,2.13,2.05,5.06,5.06
20260501B32,最低落札価格（電源属地別）[円/kW・30分],4.8,0,0.39,2.27,0,0,0.39,2.05,2.81,0.39
20260501B32,平均落札価格（電源属地別）[円/kW・30分],5,0,0.66,2.34,0,0,0.63,2.05,4.63,2.85
20260501B32,最高落札価格（TSO別）[円/kW・30分],5.01,0,2.06,2.87,0,0,2.13,2.05,5.06,5.06
20260501B32,最低落札価格（TSO別）[円/kW・30分],4.8,0,0.39,2.27,0,0,0.39,2.05,2.81,0.39
20260501B32,平均落札価格（TSO別）[円/kW・30分],5,0,0.66,2.34,0,0,0.63,2.05,4.63,2.85
20260501B32,落札量合計（TSO別）[MW],195.75,0,291.021,188.218,0,0,143.894,31,370,1219.883
20260501B32,（内訳）自エリアからの落札量[MW],195.75,0,291.021,188.218,0,0,143.894,31,370,1219.883
20260501B33,募集量（TSO別）[MW],66,193,614,0,48,142,114,45,156,1378
20260501B33,応札量合計（電源属地別）[MW],195.75,0,329.792,278.706,1.034,0,133.994,31,270,1240.276
20260501B33,落札量合計（電源属地別）[MW],195.75,0,329.792,53,1.034,0,133.994,31,270,1014.57
20260501B33,応札件数（電源属地別）[件],3,0,17,3,1,0,4,2,2,32
20260501B33,落札件数（電源属地別）[件],3,0,17,2,1,0,4,2,2,31
20260501B33,最高落札価格（電源属地別）[円/kW・30分],5.01,0,2.84,2.4,0.39,0,0.72,2.05,5.06,5.06
20260501B33,最低落札価格（電源属地別）[円/kW・30分],4.8,0,0.44,2.17,0.39,0,0.39,2.05,2.81,0.39
20260501B33,平均落札価格（電源属地別）[円/kW・30分],5,0,1.07,2.38,0.39,0,0.52,2.05,4.48,2.76
20260501B33,最高落札価格（TSO別）[円/kW・30分],5.01,0,2.84,2.4,0.39,0,0.72,2.05,5.06,5.06
20260501B33,最低落札価格（TSO別）[円/kW・30分],4.8,0,0.44,2.17,0.39,0,0.39,2.05,2.81,0.39
20260501B33,平均落札価格（TSO別）[円/kW・30分],5,0,1.07,2.38,0.39,0,0.52,2.05,4.48,2.76
20260501B33,落札量合計（TSO別）[MW],195.75,0,329.792,53,1.034,0,133.994,31,270,1014.57
20260501B33,（内訳）自エリアからの落札量[MW],195.75,0,329.792,53,1.034,0,133.994,31,270,1014.57
20260501B34,募集量（TSO別）[MW],66,190,613,0,48,142,114,44,154,1371
20260501B34,応札量合計（電源属地別）[MW],195.75,0,411.543,636.391,9.242,0,96.06,48,170,1566.986
20260501B34,落札量合計（電源属地別）[MW],195.75,0,411.543,374.096,9.242,0,96.06,48,170,1304.691
20260501B34,応札件数（電源属地別）[件],3,0,21,6,1,0,2,3,2,38
20260501B34,落札件数（電源属地別）[件],3,0,21,5,1,0,2,3,2,37
20260501B34,最高落札価格（電源属地別）[円/kW・30分],5.01,0,2.71,2.44,0.39,0,1.16,4.15,5.74,5.74
20260501B34,最低落札価格（電源属地別）[円/kW・30分],4.8,0,0.41,1.2,0.39,0,1.02,2.05,3.49,0.39
20260501B34,平均落札価格（電源属地別）[円/kW・30分],5,0,1.31,1.87,0.39,0,1.09,2.23,4.81,2.49
20260501B34,最高落札価格（TSO別）[円/kW・30分],5.01,0,2.71,2.44,0.39,0,1.16,4.15,5.74,5.74
20260501B34,最低落札価格（TSO別）[円/kW・30分],4.8,0,0.41,1.2,0.39,0,1.02,2.05,3.49,0.39
20260501B34,平均落札価格（TSO別）[円/kW・30分],5,0,1.31,1.87,0.39,0,1.09,2.23,4.81,2.49
20260501B34,落札量合計（TSO別）[MW],195.75,0,411.543,374.096,9.242,0,96.06,48,170,1304.691
20260501B34,（内訳）自エリアからの落札量[MW],195.75,0,411.543,374.096,9.242,0,96.06,48,170,1304.691
20260501B35,募集量（TSO別）[MW],66,185,614,0,47,141,113,44,151,1361
20260501B35,応札量合計（電源属地別）[MW],267.55,0,339.959,636.391,4.406,0,141.66,15,137,1541.966
20260501B35,落札量合計（電源属地別）[MW],210.01,0,339.959,256.521,4.406,0,141.66,15,137,1104.556
20260501B35,応札件数（電源属地別）[件],5,0,16,8,1,0,4,2,2,38
20260501B35,落札件数（電源属地別）[件],5,0,16,6,1,0,4,2,2,36
20260501B35,最高落札価格（電源属地別）[円/kW・30分],14.87,0,2.95,2.58,0.61,0,1.66,2.05,4.35,14.87
20260501B35,最低落札価格（電源属地別）[円/kW・30分],4.4,0,0.48,1.16,0.61,0,0.39,2.05,3.81,0.39
20260501B35,平均落札価格（電源属地別）[円/kW・30分],5.47,0,1.07,1.72,0.61,0,1.34,2.05,4.07,2.47
20260501B35,最高落札価格（TSO別）[円/kW・30分],14.87,0,2.95,2.58,0.61,0,1.66,2.05,4.35,14.87
20260501B35,最低落札価格（TSO別）[円/kW・30分],4.4,0,0.48,1.16,0.61,0,0.39,2.05,3.81,0.39
20260501B35,平均落札価格（TSO別）[円/kW・30分],5.47,0,1.07,1.72,0.61,0,1.34,2.05,4.07,2.47
20260501B35,落札量合計（TSO別）[MW],210.01,0,339.959,256.521,4.406,0,141.66,15,137,1104.556
20260501B35,（内訳）自エリアからの落札量[MW],210.01,0,339.959,256.521,4.406,0,141.66,15,137,1104.556
20260501B36,募集量（TSO別）[MW],66,181,613,0,47,141,112,43,150,1353
20260501B36,応札量合計（電源属地別）[MW],220.75,0,490.88,664.191,2.548,0,96.06,32,167,1673.429
20260501B36,落札量合計（電源属地別）[MW],204.75,0,490.88,232.505,2.548,0,96.06,32,167,1225.743
20260501B36,応札件数（電源属地別）[件],4,0,17,9,1,0,2,2,3,38
20260501B36,落札件数（電源属地別）[件],4,0,17,6,1,0,2,2,3,35
20260501B36,最高落札価格（電源属地別）[円/kW・30分],11.8,0,5.74,2.57,0.5,0,1.55,2.05,4.92,11.8
20260501B36,最低落札価格（電源属地別）[円/kW・30分],4.8,0,0.84,1.45,0.5,0,1.41,2.05,3.8,0.5
20260501B36,平均落札価格（電源属地別）[円/kW・30分],5.31,0,2.22,2.18,0.5,0,1.48,2.05,4.49,2.97
20260501B36,最高落札価格（TSO別）[円/kW・30分],11.8,0,5.74,2.57,0.5,0,1.55,2.05,4.92,11.8
20260501B36,最低落札価格（TSO別）[円/kW・30分],4.8,0,0.84,1.45,0.5,0,1.41,2.05,3.8,0.5
20260501B36,平均落札価格（TSO別）[円/kW・30分],5.31,0,2.22,2.18,0.5,0,1.48,2.05,4.49,2.97
20260501B36,落札量合計（TSO別）[MW],204.75,0,490.88,232.505,2.548,0,96.06,32,167,1225.743
20260501B36,（内訳）自エリアからの落札量[MW],204.75,0,490.88,232.505,2.548,0,96.06,32,167,1225.743
20260501B37,募集量（TSO別）[MW],65,175,610,0,46,139,112,40,144,1331
20260501B37,応札量合計（電源属地別）[MW],195,0,680.18,795.861,5.97,0,260.218,78,212,2227.229
20260501B37,落札量合計（電源属地別）[MW],157.76,0,613.238,41,5.97,0,112,40,144,1113.968
20260501B37,応札件数（電源属地別）[件],3,0,18,10,1,0,7,4,4,47
20260501B37,落札件数（電源属地別）[件],2,0,18,2,1,0,3,2,4,32
20260501B37,最高落札価格（電源属地別）[円/kW・30分],5,0,5.57,1.98,2.69,0,11.58,2.05,5.26,11.58
20260501B37,最低落札価格（電源属地別）[円/kW・30分],4.1,0,0.36,1.18,2.69,0,3.62,1.54,4.14,0.36
20260501B37,平均落札価格（電源属地別）[円/kW・30分],4.98,0,1.43,1.21,2.69,0,4.81,1.73,4.64,2.7
20260501B37,最高落札価格（TSO別）[円/kW・30分],5,0,5.57,1.98,2.69,0,11.58,2.05,5.26,11.58
20260501B37,最低落札価格（TSO別）[円/kW・30分],4.1,0,0.36,1.18,2.69,0,3.62,1.54,4.14,0.36
20260501B37,平均落札価格（TSO別）[円/kW・30分],4.98,0,1.43,1.21,2.69,0,4.81,1.73,4.64,2.7
20260501B37,落札量合計（TSO別）[MW],157.76,0,613.238,41,5.97,0,112,40,144,1113.968
20260501B37,（内訳）自エリアからの落札量[MW],157.76,0,613.238,41,5.97,0,112,40,144,1113.968
20260501B38,募集量（TSO別）[MW],65,175,609,0,46,139,112,40,144,1330
20260501B38,応札量合計（電源属地別）[MW],195,0,490.88,816.061,0,0,260.218,36,212,2010.159
20260501B38,落札量合計（電源属地別）[MW],195,0,490.88,41,0,0,112,36,144,1018.88
20260501B38,応札件数（電源属地別）[件],3,0,18,9,0,0,7,2,4,43
20260501B38,落札件数（電源属地別）[件],3,0,18,1,0,0,3,2,4,31
20260501B38,最高落札価格（電源属地別）[円/kW・30分],6.13,0,6.37,2.27,0,0,10.84,2.05,6.13,10.84
20260501B38,最低落札価格（電源属地別）[円/kW・30分],4.1,0,0.95,2.27,0,0,4.12,2.05,5.14,0.95
20260501B38,平均落札価格（電源属地別）[円/kW・30分],5.07,0,2.26,2.27,0,0,5.14,2.05,5.62,3.58
20260501B38,最高落札価格（TSO別）[円/kW・30分],6.13,0,6.37,2.27,0,0,10.84,2.05,6.13,10.84
20260501B38,最低落札価格（TSO別）[円/kW・30分],4.1,0,0.95,2.27,0,0,4.12,2.05,5.14,0.95
20260501B38,平均落札価格（TSO別）[円/kW・30分],5.07,0,2.26,2.27,0,0,5.14,2.05,5.62,3.58
20260501B38,落札量合計（TSO別）[MW],195,0,490.88,41,0,0,112,36,144,1018.88
20260501B38,（内訳）自エリアからの落札量[MW],195,0,490.88,41,0,0,112,36,144,1018.88
20260501B39,募集量（TSO別）[MW],65,175,610,0,45,139,112,40,144,1330
20260501B39,応札量合計（電源属地別）[MW],195,0,663.63,851.861,3.018,0,260.218,32,187,2192.727
20260501B39,落札量合計（電源属地別）[MW],171.792,0,615.16,41,3.018,0,112,32,144,1118.97
20260501B39,応札件数（電源属地別）[件],3,0,20,9,1,0,7,2,4,46
20260501B39,落札件数（電源属地別）[件],2,0,20,2,1,0,3,2,4,34
20260501B39,最高落札価格（電源属地別）[円/kW・30分],5,0,5.7,1.86,3.56,0,10.26,2.05,7.13,10.26
20260501B39,最低落札価格（電源属地別）[円/kW・30分],4.1,0,0.36,1.83,3.56,0,4.5,2.05,6.14,0.36
20260501B39,平均落札価格（電源属地別）[円/kW・30分],4.98,0,1.99,1.84,3.56,0,5.38,2.05,6.67,3.39
20260501B39,最高落札価格（TSO別）[円/kW・30分],5,0,5.7,1.86,3.56,0,10.26,2.05,7.13,10.26
20260501B39,最低落札価格（TSO別）[円/kW・30分],4.1,0,0.36,1.83,3.56,0,4.5,2.05,6.14,0.36
20260501B39,平均落札価格（TSO別）[円/kW・30分],4.98,0,1.99,1.84,3.56,0,5.38,2.05,6.67,3.39
20260501B39,落札量合計（TSO別）[MW],171.792,0,615.16,41,3.018,0,112,32,144,1118.97
20260501B39,（内訳）自エリアからの落札量[MW],171.792,0,615.16,41,3.018,0,112,32,144,1118.97
20260501B40,募集量（TSO別）[MW],65,175,609,0,46,139,112,40,144,1330
20260501B40,応札量合計（電源属地別）[MW],220,0,776.53,972.801,4.182,0,260.218,30,167,2430.731
20260501B40,落札量合計（電源属地別）[MW],204,0,626.5,41,4.182,0,112,30,144,1161.682
20260501B40,応札件数（電源属地別）[件],4,0,20,11,1,0,7,2,3,48
20260501B40,落札件数（電源属地別）[件],4,0,19,2,1,0,3,2,3,34
20260501B40,最高落札価格（電源属地別）[円/kW・30分],10.3,0,4.89,3.48,3.19,0,10.84,2.05,6.43,10.84
20260501B40,最低落札価格（電源属地別）[円/kW・30分],4.1,0,0.36,1.02,3.19,0,4.12,2.05,5.44,0.36
20260501B40,平均落札価格（電源属地別）[円/kW・30分],5.24,0,1.42,3.46,3.19,0,5.14,2.05,6.02,3.11
20260501B40,最高落札価格（TSO別）[円/kW・30分],10.3,0,4.89,3.48,3.19,0,10.84,2.05,6.43,10.84
20260501B40,最低落札価格（TSO別）[円/kW・30分],4.1,0,0.36,1.02,3.19,0,4.12,2.05,5.44,0.36
20260501B40,平均落札価格（TSO別）[円/kW・30分],5.24,0,1.42,3.46,3.19,0,5.14,2.05,6.02,3.11
20260501B40,落札量合計（TSO別）[MW],204,0,626.5,41,4.182,0,112,30,144,1161.682
20260501B40,（内訳）自エリアからの落札量[MW],204,0,626.5,41,4.182,0,112,30,144,1161.682
20260501B41,募集量（TSO別）[MW],65,174,608,0,46,139,112,40,143,1327
20260501B41,応札量合計（電源属地別）[MW],220,0,386.081,954.709,12.138,0,260.218,17,167,2017.146
20260501B41,落札量合計（電源属地別）[MW],205,0,386.081,34,12.138,0,112,17,143,909.219
20260501B41,応札件数（電源属地別）[件],4,0,20,11,1,0,7,2,3,48
20260501B41,落札件数（電源属地別）[件],4,0,20,2,1,0,3,2,3,35
20260501B41,最高落札価格（電源属地別）[円/kW・30分],5.01,0,4.27,3.71,3.19,0,10.84,2.05,5.33,10.84
20260501B41,最低落札価格（電源属地別）[円/kW・30分],4.1,0,0.58,1.31,3.19,0,4.12,2.05,4.21,0.58
20260501B41,平均落札価格（電源属地別）[円/kW・30分],4.96,0,1.88,3.33,3.19,0,5.14,2.05,4.83,3.51
20260501B41,最高落札価格（TSO別）[円/kW・30分],5.01,0,4.27,3.71,3.19,0,10.84,2.05,5.33,10.84
20260501B41,最低落札価格（TSO別）[円/kW・30分],4.1,0,0.58,1.31,3.19,0,4.12,2.05,4.21,0.58
20260501B41,平均落札価格（TSO別）[円/kW・30分],4.96,0,1.88,3.33,3.19,0,5.14,2.05,4.83,3.51
20260501B41,落札量合計（TSO別）[MW],205,0,386.081,34,12.138,0,112,17,143,909.219
20260501B41,（内訳）自エリアからの落札量[MW],205,0,386.081,34,12.138,0,112,17,143,909.219
20260501B42,募集量（TSO別）[MW],65,174,610,0,46,139,112,39,144,1329
20260501B42,応札量合計（電源属地別）[MW],268.3,17,365.977,893.509,42.478,0,260.218,18,100,1965.482
20260501B42,落札量合計（電源属地別）[MW],236.11,17,365.977,56.964,42.478,0,112,18,100,948.529
20260501B42,応札件数（電源属地別）[件],5,1,19,13,1,0,7,2,2,50
20260501B42,落札件数（電源属地別）[件],5,1,19,3,1,0,3,2,2,36
20260501B42,最高落札価格（電源属地別）[円/kW・30分],14.87,2.87,2.6,3.43,3.19,0,10.84,2.05,4.64,14.87
20260501B42,最低落札価格（電源属地別）[円/kW・30分],4.1,2.87,0.52,1.97,3.19,0,4.12,2.05,4.06,0.52
20260501B42,平均落札価格（電源属地別）[円/kW・30分],6.31,2.87,1.22,3.02,3.19,0,5.14,2.05,4.47,3.53
20260501B42,最高落札価格（TSO別）[円/kW・30分],14.87,2.87,2.6,3.43,3.19,0,10.84,2.05,4.64,14.87
20260501B42,最低落札価格（TSO別）[円/kW・30分],4.1,2.87,0.52,1.97,3.19,0,4.12,2.05,4.06,0.52
20260501B42,平均落札価格（TSO別）[円/kW・30分],6.31,2.87,1.22,3.02,3.19,0,5.14,2.05,4.47,3.53
20260501B42,落札量合計（TSO別）[MW],236.11,17,365.977,56.964,42.478,0,112,18,100,948.529
20260501B42,（内訳）自エリアからの落札量[MW],236.11,17,365.977,56.964,42.478,0,112,18,100,948.529
20260501B43,募集量（TSO別）[MW],65,86,614,0,46,145,112,39,144,1251
20260501B43,応札量合計（電源属地別）[MW],220,17,336.835,1162.892,0,0,260.218,52,100,2148.945
20260501B43,落札量合計（電源属地別）[MW],202,17,336.835,113,0,0,122.863,39,100,930.698
20260501B43,応札件数（電源属地別）[件],4,1,17,15,0,0,7,5,2,51
20260501B43,落札件数（電源属地別）[件],4,1,17,8,0,0,7,4,2,43
20260501B43,最高落札価格（電源属地別）[円/kW・30分],5.01,3.38,2.25,3.46,0,0,13.15,2.15,4.27,13.15
20260501B43,最低落札価格（電源属地別）[円/kW・30分],4.1,3.38,0.46,1.01,0,0,4,2.05,3.69,0.46
20260501B43,平均落札価格（電源属地別）[円/kW・30分],4.96,3.38,0.96,2.33,0,0,8.41,2.07,4.1,3.41
20260501B43,最高落札価格（TSO別）[円/kW・30分],5.01,3.38,2.25,3.46,0,0,13.15,2.15,4.27,13.15
20260501B43,最低落札価格（TSO別）[円/kW・30分],4.1,3.38,0.46,1.01,0,0,4,2.05,3.69,0.46
20260501B43,平均落札価格（TSO別）[円/kW・30分],4.96,3.38,0.96,2.33,0,0,8.41,2.07,4.1,3.41
20260501B43,落札量合計（TSO別）[MW],202,17,336.835,113,0,0,122.863,39,100,930.698
20260501B43,（内訳）自エリアからの落札量[MW],202,17,336.835,113,0,0,122.863,39,100,930.698
20260501B44,募集量（TSO別）[MW],68,86,620,0,47,150,112,40,149,1272
20260501B44,応札量合計（電源属地別）[MW],268.3,34,300.349,1156.892,0,0,260.218,72,100,2191.759
20260501B44,落札量合計（電源属地別）[MW],235.892,34,300.349,74.593,0,0,112,40,100,896.834
20260501B44,応札件数（電源属地別）[件],5,2,17,14,0,0,7,6,2,53
20260501B44,落札件数（電源属地別）[件],5,2,17,5,0,0,3,4,2,38
20260501B44,最高落札価格（電源属地別）[円/kW・30分],14.87,3.75,2.87,3.46,0,0,11.02,2.05,3.88,14.87
20260501B44,最低落札価格（電源属地別）[円/kW・30分],4.1,3.75,0.46,1.25,0,0,4,1.92,3.3,0.46
20260501B44,平均落札価格（電源属地別）[円/kW・30分],6.12,3.75,1.33,2.52,0,0,5.06,1.99,3.71,3.54
20260501B44,最高落札価格（TSO別）[円/kW・30分],14.87,3.75,2.87,3.46,0,0,11.02,2.05,3.88,14.87
20260501B44,最低落札価格（TSO別）[円/kW・30分],4.1,3.75,0.46,1.25,0,0,4,1.92,3.3,0.46
20260501B44,平均落札価格（TSO別）[円/kW・30分],6.12,3.75,1.33,2.52,0,0,5.06,1.99,3.71,3.54
20260501B44,落札量合計（TSO別）[MW],235.892,34,300.349,74.593,0,0,112,40,100,896.834
20260501B44,（内訳）自エリアからの落札量[MW],235.892,34,300.349,74.593,0,0,112,40,100,896.834
20260501B45,募集量（TSO別）[MW],69,86,620,0,47,152,112,40,150,1276
20260501B45,応札量合計（電源属地別）[MW],220,34,295.057,1195.092,0,0,274.314,72,100,2190.463
20260501B45,落札量合計（電源属地別）[MW],202,34,295.057,110.931,0,0,184.087,40,100,966.075
20260501B45,応札件数（電源属地別）[件],4,2,14,14,0,0,8,5,2,49
20260501B45,落札件数（電源属地別）[件],4,2,14,5,0,0,7,4,2,38
20260501B45,最高落札価格（電源属地別）[円/kW・30分],5.01,2.68,3.31,3.48,0,0,13.15,2.05,4.22,13.15
20260501B45,最低落札価格（電源属地別）[円/kW・30分],4.1,2.68,0.53,0.97,0,0,0.39,1.92,3.64,0.39
20260501B45,平均落札価格（電源属地別）[円/kW・30分],4.96,2.68,0.96,2.34,0,0,2.91,1.99,4.05,2.75
20260501B45,最高落札価格（TSO別）[円/kW・30分],5.01,2.68,3.31,3.48,0,0,13.15,2.05,4.22,13.15
20260501B45,最低落札価格（TSO別）[円/kW・30分],4.1,2.68,0.53,0.97,0,0,0.39,1.92,3.64,0.39
20260501B45,平均落札価格（TSO別）[円/kW・30分],4.96,2.68,0.96,2.34,0,0,2.91,1.99,4.05,2.75
20260501B45,落札量合計（TSO別）[MW],202,34,295.057,110.931,0,0,184.087,40,100,966.075
20260501B45,（内訳）自エリアからの落札量[MW],202,34,295.057,110.931,0,0,184.087,40,100,966.075
20260501B46,募集量（TSO別）[MW],70,86,618,0,47,153,112,40,150,1276
20260501B46,応札量合計（電源属地別）[MW],268.3,34,321.43,1162.892,0,0,274.314,91,100,2251.936
20260501B46,落札量合計（電源属地別）[MW],232.01,34,321.43,126.784,0,0,191.235,40,100,1045.459
20260501B46,応札件数（電源属地別）[件],5,2,16,15,0,0,8,5,2,53
20260501B46,落札件数（電源属地別）[件],5,2,16,6,0,0,7,3,2,41
20260501B46,最高落札価格（電源属地別）[円/kW・30分],14.87,3.39,3.2,3.21,0,0,13.72,2.05,3.77,14.87
20260501B46,最低落札価格（電源属地別）[円/kW・30分],4.1,3.39,0.53,0.96,0,0,0.39,1.54,3.19,0.39
20260501B46,平均落札価格（電源属地別）[円/kW・30分],6.15,3.39,1.22,1.98,0,0,3.26,1.82,3.6,3.1
20260501B46,最高落札価格（TSO別）[円/kW・30分],14.87,3.39,3.2,3.21,0,0,13.72,2.05,3.77,14.87
20260501B46,最低落札価格（TSO別）[円/kW・30分],4.1,3.39,0.53,0.96,0,0,0.39,1.54,3.19,0.39
20260501B46,平均落札価格（TSO別）[円/kW・30分],6.15,3.39,1.22,1.98,0,0,3.26,1.82,3.6,3.1
20260501B46,落札量合計（TSO別）[MW],232.01,34,321.43,126.784,0,0,191.235,40,100,1045.459
20260501B46,（内訳）自エリアからの落札量[MW],232.01,34,321.43,126.784,0,0,191.235,40,100,1045.459
20260501B47,募集量（TSO別）[MW],70,86,618,0,47,153,112,40,150,1276
20260501B47,応札量合計（電源属地別）[MW],220,34,310.811,1200.6,0,0,274.314,91,100,2230.725
20260501B47,落札量合計（電源属地別）[MW],204,34,310.811,152.891,0,0,157,40,100,998.702
20260501B47,応札件数（電源属地別）[件],4,2,17,14,0,0,8,4,2,51
20260501B47,落札件数（電源属地別）[件],4,2,17,6,0,0,7,3,2,41
20260501B47,最高落札価格（電源属地別）[円/kW・30分],5.01,3.53,3.33,3.4,0,0,12.34,2.05,3.7,12.34
20260501B47,最低落札価格（電源属地別）[円/kW・30分],4.1,3.53,0.5,0.57,0,0,0.39,1.07,3.12,0.39
20260501B47,平均落札価格（電源属地別）[円/kW・30分],4.95,3.53,1.36,2.17,0,0,3.43,1.61,3.53,2.85
20260501B47,最高落札価格（TSO別）[円/kW・30分],5.01,3.53,3.33,3.4,0,0,12.34,2.05,3.7,12.34
20260501B47,最低落札価格（TSO別）[円/kW・30分],4.1,3.53,0.5,0.57,0,0,0.39,1.07,3.12,0.39
20260501B47,平均落札価格（TSO別）[円/kW・30分],4.95,3.53,1.36,2.17,0,0,3.43,1.61,3.53,2.85
20260501B47,落札量合計（TSO別）[MW],204,34,310.811,152.891,0,0,157,40,100,998.702
20260501B47,（内訳）自エリアからの落札量[MW],204,34,310.811,152.891,0,0,157,40,100,998.702
20260501B48,募集量（TSO別）[MW],70,86,620,0,47,154,112,40,149,1278
20260501B48,応札量合計（電源属地別）[MW],268.3,34,154.215,832.66,0,0,200.767,107,100,1696.942
20260501B48,落札量合計（電源属地別）[MW],229.01,34,154.215,317.365,0,0,156,45,100,1035.59
20260501B48,応札件数（電源属地別）[件],5,2,9,9,0,0,7,5,2,39
20260501B48,落札件数（電源属地別）[件],5,2,9,6,0,0,6,3,2,33
20260501B48,最高落札価格（電源属地別）[円/kW・30分],14.87,4.01,7.77,1.83,0,0,2.13,4.09,3.32,14.87
20260501B48,最低落札価格（電源属地別）[円/kW・30分],4.1,4.01,1.35,0.52,0,0,0.39,1.07,2.74,0.39
20260501B48,平均落札価格（電源属地別）[円/kW・30分],6.04,4.01,2.8,1.11,0,0,0.88,2.41,3.15,2.76
20260501B48,最高落札価格（TSO別）[円/kW・30分],14.87,4.01,7.77,1.83,0,0,2.13,4.09,3.32,14.87
20260501B48,最低落札価格（TSO別）[円/kW・30分],4.1,4.01,1.35,0.52,0,0,0.39,1.07,2.74,0.39
20260501B48,平均落札価格（TSO別）[円/kW・30分],6.04,4.01,2.8,1.11,0,0,0.88,2.41,3.15,2.76
20260501B48,落札量合計（TSO別）[MW],229.01,34,154.215,317.365,0,0,156,45,100,1035.59
20260501B48,（内訳）自エリアからの落札量[MW],229.01,34,154.215,317.365,0,0,156,45,100,1035.59
20260502B01,募集量（TSO別）[MW],71,170,587,0,46,148,110,38,142,1312
20260502B01,応札量合計（電源属地別）[MW],28.75,51,424.542,262.091,100.632,0,222.744,107,40,1236.759
20260502B01,落札量合計（電源属地別）[MW],28.75,51,424.542,26.157,69,0,215.603,64.511,40,919.563
20260502B01,応札件数（電源属地別）[件],2,3,16,2,2,0,7,5,2,39
20260502B01,落札件数（電源属地別）[件],2,3,16,2,2,0,7,4,2,38
20260502B01,最高落札価格（電源属地別）[円/kW・30分],10.5,1.9,4.06,3.34,0.39,0,2.13,4.05,3.61,10.5
20260502B01,最低落札価格（電源属地別）[円/kW・30分],4.4,1.62,0.61,2.74,0.39,0,0.39,0.38,3.03,0.38
20260502B01,平均落札価格（電源属地別）[円/kW・30分],5.2,1.81,1.37,2.92,0.39,0,0.48,1.69,3.18,1.38
20260502B01,最高落札価格（TSO別）[円/kW・30分],10.5,1.9,4.06,3.34,0.39,0,2.13,4.05,3.61,10.5
20260502B01,最低落札価格（TSO別）[円/kW・30分],4.4,1.62,0.61,2.74,0.39,0,0.39,0.38,3.03,0.38
20260502B01,平均落札価格（TSO別）[円/kW・30分],5.2,1.81,1.37,2.92,0.39,0,0.48,1.69,3.18,1.38
20260502B01,落札量合計（TSO別）[MW],28.75,51,424.542,26.157,69,0,215.603,64.511,40,919.563
20260502B01,（内訳）自エリアからの落札量[MW],28.75,51,424.542,26.157,69,0,215.603,64.511,40,919.563
20260502B02,募集量（TSO別）[MW],71,170,587,0,46,148,110,38,142,1312
20260502B02,応札量合計（電源属地別）[MW],74.206,51,328.536,271.091,69,8.38,160.529,107,40,1109.742
20260502B02,落札量合計（電源属地別）[MW],74.206,51,328.536,46,46,8.38,117.72,40,40,751.842
20260502B02,応札件数（電源属地別）[件],3,3,15,2,1,1,6,5,2,38
20260502B02,落札件数（電源属地別）[件],3,3,15,1,1,1,6,3,2,35
20260502B02,最高落札価格（電源属地別）[円/kW・30分],14.87,1.9,1.54,0.41,0.39,0.39,0.97,4.14,3.75,14.87
20260502B02,最低落札価格（電源属地別）[円/kW・30分],4.4,1.62,0.53,0.41,0.39,0.39,0.39,1.07,3.17,0.39
20260502B02,平均落札価格（電源属地別）[円/kW・30分],11.12,1.81,1.22,0.41,0.39,0.39,0.78,2.51,3.32,2.24
20260502B02,最高落札価格（TSO別）[円/kW・30分],14.87,1.9,1.54,0.41,0.39,0.39,0.97,4.14,3.75,14.87
20260502B02,最低落札価格（TSO別）[円/kW・30分],4.4,1.62,0.53,0.41,0.39,0.39,0.39,1.07,3.17,0.39
20260502B02,平均落札価格（TSO別）[円/kW・30分],11.12,1.81,1.22,0.41,0.39,0.39,0.78,2.51,3.32,2.24
20260502B02,落札量合計（TSO別）[MW],74.206,51,328.536,46,46,8.38,117.72,40,40,751.842
20260502B02,（内訳）自エリアからの落札量[MW],74.206,51,328.536,46,46,8.38,117.72,40,40,751.842
20260502B03,募集量（TSO別）[MW],71,170,587,0,46,148,110,38,142,1312
20260502B03,応札量合計（電源属地別）[MW],28.75,51,328.68,432.091,69,40.819,196.204,107,149,1402.544
20260502B03,落札量合計（電源属地別）[MW],28.75,51,328.68,26.603,46,40.819,191.769,42,142,897.621
20260502B03,応札件数（電源属地別）[件],2,3,15,3,1,1,6,5,3,39
20260502B03,落札件数（電源属地別）[件],2,3,15,2,1,1,6,4,3,37
20260502B03,最高落札価格（電源属地別）[円/kW・30分],10.5,3.29,0.75,3.27,0.39,0.39,2.13,4.13,4.39,10.5
20260502B03,最低落札価格（電源属地別）[円/kW・30分],4.4,3.17,0.39,0.43,0.39,0.39,0.39,0.7,3.03,0.39
20260502B03,平均落札価格（電源属地別）[円/kW・30分],5.2,3.25,0.58,0.96,0.39,0.39,0.67,1.69,3.75,1.45
20260502B03,最高落札価格（TSO別）[円/kW・30分],10.5,3.29,0.75,3.27,0.39,0.39,2.13,4.13,4.39,10.5
20260502B03,最低落札価格（TSO別）[円/kW・30分],4.4,3.17,0.39,0.43,0.39,0.39,0.39,0.7,3.03,0.39
20260502B03,平均落札価格（TSO別）[円/kW・30分],5.2,3.25,0.58,0.96,0.39,0.39,0.67,1.69,3.75,1.45
20260502B03,落札量合計（TSO別）[MW],28.75,51,328.68,26.603,46,40.819,191.769,42,142,897.621
20260502B03,（内訳）自エリアからの落札量[MW],28.75,51,328.68,26.603,46,40.819,191.769,42,142,897.621
20260502B04,募集量（TSO別）[MW],71,170,587,0,46,148,110,38,142,1312
20260502B04,応札量合計（電源属地別）[MW],74.206,34,361.342,516.031,69,40.819,189,107,149,1540.398
20260502B04,落札量合計（電源属地別）[MW],74.206,34,361.342,90.074,46,40.819,147.252,42,142,977.693
20260502B04,応札件数（電源属地別）[件],3,2,17,5,1,1,5,5,3,42
20260502B04,落札件数（電源属地別）[件],3,2,17,3,1,1,5,3,3,38
20260502B04,最高落札価格（電源属地別）[円/kW・30分],14.87,3.8,2.17,4.61,0.39,0.39,0.97,1.07,4.35,14.87
20260502B04,最低落札価格（電源属地別）[円/kW・30分],4.4,3.8,0.48,0.52,0.39,0.39,0.39,0.7,3.03,0.39
20260502B04,平均落札価格（電源属地別）[円/kW・30分],11.12,3.8,0.81,2.37,0.39,0.39,0.71,0.77,3.74,2.21
20260502B04,最高落札価格（TSO別）[円/kW・30分],14.87,3.8,2.17,4.61,0.39,0.39,0.97,1.07,4.35,14.87
20260502B04,最低落札価格（TSO別）[円/kW・30分],4.4,3.8,0.48,0.52,0.39,0.39,0.39,0.7,3.03,0.39
20260502B04,平均落札価格（TSO別）[円/kW・30分],11.12,3.8,0.81,2.37,0.39,0.39,0.71,0.77,3.74,2.21
20260502B04,落札量合計（TSO別）[MW],74.206,34,361.342,90.074,46,40.819,147.252,42,142,977.693
20260502B04,（内訳）自エリアからの落札量[MW],74.206,34,361.342,90.074,46,40.819,147.252,42,142,977.693
20260502B05,募集量（TSO別）[MW],71,170,587,0,46,148,109,38,142,1311
20260502B05,応札量合計（電源属地別）[MW],28.75,34,362.412,516.031,69,40.819,96.06,107,89,1343.072
20260502B05,落札量合計（電源属地別）[MW],28.75,34,362.412,36.316,46,40.819,94,42,89,773.297
20260502B05,応札件数（電源属地別）[件],2,2,15,5,1,1,2,5,3,36
20260502B05,落札件数（電源属地別）[件],2,2,15,3,1,1,2,3,3,32
20260502B05,最高落札価格（電源属地別）[円/kW・30分],10.5,3.29,0.63,4.49,0.39,0.39,1.05,1.07,4.39,10.5
20260502B05,最低落札価格（電源属地別）[円/kW・30分],4.4,3.29,0.4,0.4,0.39,0.39,0.9,0.78,3.08,0.39
20260502B05,平均落札価格（電源属地別）[円/kW・30分],5.2,3.29,0.51,3.33,0.39,0.39,0.97,0.88,3.87,1.39
20260502B05,最高落札価格（TSO別）[円/kW・30分],10.5,3.29,0.63,4.49,0.39,0.39,1.05,1.07,4.39,10.5
20260502B05,最低落札価格（TSO別）[円/kW・30分],4.4,3.29,0.4,0.4,0.39,0.39,0.9,0.78,3.08,0.39
20260502B05,平均落札価格（TSO別）[円/kW・30分],5.2,3.29,0.51,3.33,0.39,0.39,0.97,0.88,3.87,1.39
20260502B05,落札量合計（TSO別）[MW],28.75,34,362.412,36.316,46,40.819,94,42,89,773.297
20260502B05,（内訳）自エリアからの落札量[MW],28.75,34,362.412,36.316,46,40.819,94,42,89,773.297
20260502B06,募集量（TSO別）[MW],71,170,587,0,46,148,110,38,142,1312
20260502B06,応札量合計（電源属地別）[MW],74.206,34,362.55,516.031,68.242,12.386,96.06,107,110,1380.475
20260502B06,落札量合計（電源属地別）[MW],73.276,34,362.55,26,46,12.386,94,42,110,800.212
20260502B06,応札件数（電源属地別）[件],3,2,15,6,1,1,2,5,3,38
20260502B06,落札件数（電源属地別）[件],3,2,15,1,1,1,2,3,3,31
20260502B06,最高落札価格（電源属地別）[円/kW・30分],14.87,3.29,0.62,0.6,0.39,0.39,1.02,1.07,4.36,14.87
20260502B06,最低落札価格（電源属地別）[円/kW・30分],4.4,3.29,0.39,0.6,0.39,0.39,0.87,0.75,3.06,0.39
20260502B06,平均落札価格（電源属地別）[円/kW・30分],11.21,3.29,0.51,0.6,0.39,0.39,0.95,0.81,3.8,2.12
20260502B06,最高落札価格（TSO別）[円/kW・30分],14.87,3.29,0.62,0.6,0.39,0.39,1.02,1.07,4.36,14.87
20260502B06,最低落札価格（TSO別）[円/kW・30分],4.4,3.29,0.39,0.6,0.39,0.39,0.87,0.75,3.06,0.39
20260502B06,平均落札価格（TSO別）[円/kW・30分],11.21,3.29,0.51,0.6,0.39,0.39,0.95,0.81,3.8,2.12
20260502B06,落札量合計（TSO別）[MW],73.276,34,362.55,26,46,12.386,94,42,110,800.212
20260502B06,（内訳）自エリアからの落札量[MW],73.276,34,362.55,26,46,12.386,94,42,110,800.212
20260502B07,募集量（TSO別）[MW],71,172,587,0,47,153,110,39,144,1323
20260502B07,応札量合計（電源属地別）[MW],25,34,362.824,516.031,0,40.819,170.133,114,89,1351.807
20260502B07,落札量合計（電源属地別）[MW],25,34,362.824,31.076,0,40.819,110,41.07,89,733.789
20260502B07,応札件数（電源属地別）[件],1,2,15,5,0,1,6,5,3,38
20260502B07,落札件数（電源属地別）[件],1,2,15,2,0,1,6,2,3,32
20260502B07,最高落札価格（電源属地別）[円/kW・30分],4.4,3.29,0.7,4.33,0,0.39,3.52,2.05,4.68,4.68
20260502B07,最低落札価格（電源属地別）[円/kW・30分],4.4,3.29,0.48,0.39,0,0.39,0.39,1.49,3.39,0.39
20260502B07,平均落札価格（電源属地別）[円/kW・30分],4.4,3.29,0.54,3.81,0,0.39,3.17,1.82,4.17,1.84
20260502B07,最高落札価格（TSO別）[円/kW・30分],4.4,3.29,0.7,4.33,0,0.39,3.52,2.05,4.68,4.68
20260502B07,最低落札価格（TSO別）[円/kW・30分],4.4,3.29,0.48,0.39,0,0.39,0.39,1.49,3.39,0.39
20260502B07,平均落札価格（TSO別）[円/kW・30分],4.4,3.29,0.54,3.81,0,0.39,3.17,1.82,4.17,1.84
20260502B07,落札量合計（TSO別）[MW],25,34,362.824,31.076,0,40.819,110,41.07,89,733.789
20260502B07,（内訳）自エリアからの落札量[MW],25,34,362.824,31.076,0,40.819,110,41.07,89,733.789
20260502B08,募集量（TSO別）[MW],71,174,590,0,47,154,112,40,147,1335
20260502B08,応札量合計（電源属地別）[MW],70.456,34,315.519,516.031,0,0,96.06,113,89,1234.066
20260502B08,落札量合計（電源属地別）[MW],70.456,34,315.519,33,0,0,94,42.07,89,678.045
20260502B08,応札件数（電源属地別）[件],2,2,14,5,0,0,2,5,3,33
20260502B08,落札件数（電源属地別）[件],2,2,14,2,0,0,2,3,3,28
20260502B08,最高落札価格（電源属地別）[円/kW・30分],14.87,3.74,1.46,4.39,0,0,3.56,2.05,4.69,14.87
20260502B08,最低落札価格（電源属地別）[円/kW・30分],4.4,3.74,0.73,0.5,0,0,3.42,1.53,3.41,0.5
20260502B08,平均落札価格（電源属地別）[円/kW・30分],11.15,3.74,0.96,2.19,0,0,3.49,1.84,4.18,3.04
20260502B08,最高落札価格（TSO別）[円/kW・30分],14.87,3.74,1.46,4.39,0,0,3.56,2.05,4.69,14.87
20260502B08,最低落札価格（TSO別）[円/kW・30分],4.4,3.74,0.73,0.5,0,0,3.42,1.53,3.41,0.5
20260502B08,平均落札価格（TSO別）[円/kW・30分],11.15,3.74,0.96,2.19,0,0,3.49,1.84,4.18,3.04
20260502B08,落札量合計（TSO別）[MW],70.456,34,315.519,33,0,0,94,42.07,89,678.045
20260502B08,（内訳）自エリアからの落札量[MW],70.456,34,315.519,33,0,0,94,42.07,89,678.045
20260502B09,募集量（TSO別）[MW],71,175,591,0,47,155,112,41,148,1340
20260502B09,応札量合計（電源属地別）[MW],25,51,287.395,516.031,33,0,226.06,120,168,1426.486
20260502B09,落札量合計（電源属地別）[MW],25,51,287.395,100.894,33,0,147.738,43.07,148,836.097
20260502B09,応札件数（電源属地別）[件],1,3,14,5,1,0,3,5,4,36
20260502B09,落札件数（電源属地別）[件],1,3,14,4,1,0,2,3,4,32
20260502B09,最高落札価格（電源属地別）[円/kW・30分],4.8,3.91,1.67,0.5,3.09,0,3.72,2.05,4.74,4.8
20260502B09,最低落札価格（電源属地別）[円/kW・30分],4.8,3.85,1.06,0.42,3.09,0,1.86,1.69,3.37,0.42
20260502B09,平均落札価格（電源属地別）[円/kW・30分],4.8,3.89,1.37,0.44,3.09,0,2.47,1.9,4.45,2.35
20260502B09,最高落札価格（TSO別）[円/kW・30分],4.8,3.91,1.67,0.5,3.09,0,3.72,2.05,4.74,4.8
20260502B09,最低落札価格（TSO別）[円/kW・30分],4.8,3.85,1.06,0.42,3.09,0,1.86,1.69,3.37,0.42
20260502B09,平均落札価格（TSO別）[円/kW・30分],4.8,3.89,1.37,0.44,3.09,0,2.47,1.9,4.45,2.35
20260502B09,落札量合計（TSO別）[MW],25,51,287.395,100.894,33,0,147.738,43.07,148,836.097
20260502B09,（内訳）自エリアからの落札量[MW],25,51,287.395,100.894,33,0,147.738,43.07,148,836.097
20260502B10,募集量（TSO別）[MW],71,175,592,0,47,155,112,41,148,1341
20260502B10,応札量合計（電源属地別）[MW],70.456,34,255.425,453.561,33,0,226.06,121,168,1361.502
20260502B10,落札量合計（電源属地別）[MW],70.456,34,255.425,104.894,33,0,147.738,43.07,148,836.583
20260502B10,応札件数（電源属地別）[件],2,2,12,4,1,0,3,5,4,33
20260502B10,落札件数（電源属地別）[件],2,2,12,4,1,0,3,2,4,30
20260502B10,最高落札価格（電源属地別）[円/kW・30分],14.87,3.56,1.49,0.6,2.94,0,3.57,2.05,4.76,14.87
20260502B10,最低落札価格（電源属地別）[円/kW・30分],4.8,3.56,0.94,0.39,2.94,0,1.71,1.54,3.39,0.39
20260502B10,平均落札価格（電源属地別）[円/kW・30分],11.3,3.56,1.26,0.5,2.94,0,2.06,1.84,4.48,2.91
20260502B10,最高落札価格（TSO別）[円/kW・30分],14.87,3.56,1.49,0.6,2.94,0,3.57,2.05,4.76,14.87
20260502B10,最低落札価格（TSO別）[円/kW・30分],4.8,3.56,0.94,0.39,2.94,0,1.71,1.54,3.39,0.39
20260502B10,平均落札価格（TSO別）[円/kW・30分],11.3,3.56,1.26,0.5,2.94,0,2.06,1.84,4.48,2.91
20260502B10,落札量合計（TSO別）[MW],70.456,34,255.425,104.894,33,0,147.738,43.07,148,836.583
20260502B10,（内訳）自エリアからの落札量[MW],70.456,34,255.425,104.894,33,0,147.738,43.07,148,836.583
20260502B11,募集量（TSO別）[MW],71,175,592,0,47,154,112,41,148,1340
20260502B11,応札量合計（電源属地別）[MW],25,34,190.757,393.091,33,0,226.06,121,168,1190.908
20260502B11,落札量合計（電源属地別）[MW],25,34,190.757,84.077,33,0,160.477,88.07,148,763.381
20260502B11,応札件数（電源属地別）[件],1,2,12,2,1,0,3,5,4,30
20260502B11,落札件数（電源属地別）[件],1,2,12,2,1,0,3,3,4,28
20260502B11,最高落札価格（電源属地別）[円/kW・30分],4.8,3.74,4.01,1.01,3.83,0,4.47,2.05,5.3,5.3
20260502B11,最低落札価格（電源属地別）[円/kW・30分],4.8,3.74,0.98,0.99,3.83,0,2.61,2.05,3.93,0.98
20260502B11,平均落札価格（電源属地別）[円/kW・30分],4.8,3.74,1.68,0.99,3.83,0,3.54,2.05,5.03,2.97
20260502B11,最高落札価格（TSO別）[円/kW・30分],4.8,3.74,4.01,1.01,3.83,0,4.47,2.05,5.3,5.3
20260502B11,最低落札価格（TSO別）[円/kW・30分],4.8,3.74,0.98,0.99,3.83,0,2.61,2.05,3.93,0.98
20260502B11,平均落札価格（TSO別）[円/kW・30分],4.8,3.74,1.68,0.99,3.83,0,3.54,2.05,5.03,2.97
20260502B11,落札量合計（TSO別）[MW],25,34,190.757,84.077,33,0,160.477,88.07,148,763.381
20260502B11,（内訳）自エリアからの落札量[MW],25,34,190.757,84.077,33,0,160.477,88.07,148,763.381
20260502B12,募集量（TSO別）[MW],71,175,592,0,47,154,112,41,148,1340
20260502B12,応札量合計（電源属地別）[MW],70.456,51,100.318,249.091,33,0,96.06,121,119,839.925
20260502B12,落札量合計（電源属地別）[MW],70.456,51,100.318,20.014,33,0,94,88.07,119,575.858
20260502B12,応札件数（電源属地別）[件],2,3,4,2,1,0,2,5,3,22
20260502B12,落札件数（電源属地別）[件],2,3,4,1,1,0,2,3,3,19
20260502B12,最高落札価格（電源属地別）[円/kW・30分],14.87,5.34,2.38,0.98,3.59,0,4.22,2.05,4.76,14.87
20260502B12,最低落札価格（電源属地別）[円/kW・30分],4.8,5.25,1.5,0.98,3.59,0,4.08,2.05,3.39,0.98
20260502B12,平均落札価格（電源属地別）[円/kW・30分],11.3,5.28,1.82,0.98,3.59,0,4.15,2.05,4.35,4.3
20260502B12,最高落札価格（TSO別）[円/kW・30分],14.87,5.34,2.38,0.98,3.59,0,4.22,2.05,4.76,14.87
20260502B12,最低落札価格（TSO別）[円/kW・30分],4.8,5.25,1.5,0.98,3.59,0,4.08,2.05,3.39,0.98
20260502B12,平均落札価格（TSO別）[円/kW・30分],11.3,5.28,1.82,0.98,3.59,0,4.15,2.05,4.35,4.3
20260502B12,落札量合計（TSO別）[MW],70.456,51,100.318,20.014,33,0,94,88.07,119,575.858
20260502B12,（内訳）自エリアからの落札量[MW],70.456,51,100.318,20.014,33,0,94,88.07,119,575.858
20260502B13,募集量（TSO別）[MW],72,187,607,0,47,154,114,44,152,1377
20260502B13,応札量合計（電源属地別）[MW],138.75,51,137.035,443.799,0,40.819,274.06,65,40,1190.463
20260502B13,落札量合計（電源属地別）[MW],138.75,51,137.035,167.077,0,40.819,238,65,40,877.681
20260502B13,応札件数（電源属地別）[件],3,3,5,2,0,1,3,2,2,21
20260502B13,落札件数（電源属地別）[件],3,3,5,2,0,1,3,2,2,21
20260502B13,最高落札価格（電源属地別）[円/kW・30分],11.8,5.37,1.27,2.85,0,0.39,3.56,2.05,2.81,11.8
20260502B13,最低落札価格（電源属地別）[円/kW・30分],1.01,5.28,0.52,1.12,0,0.39,1.7,2.05,2.23,0.39
20260502B13,平均落札価格（電源属地別）[円/kW・30分],3.17,5.31,0.79,2.23,0,0.39,2.26,2.05,2.38,2.25
20260502B13,最高落札価格（TSO別）[円/kW・30分],11.8,5.37,1.27,2.85,0,0.39,3.56,2.05,2.81,11.8
20260502B13,最低落札価格（TSO別）[円/kW・30分],1.01,5.28,0.52,1.12,0,0.39,1.7,2.05,2.23,0.39
20260502B13,平均落札価格（TSO別）[円/kW・30分],3.17,5.31,0.79,2.23,0,0.39,2.26,2.05,2.38,2.25
20260502B13,落札量合計（TSO別）[MW],138.75,51,137.035,167.077,0,40.819,238,65,40,877.681
20260502B13,（内訳）自エリアからの落札量[MW],138.75,51,137.035,167.077,0,40.819,238,65,40,877.681
20260502B14,募集量（TSO別）[MW],72,191,616,0,46,154,114,44,153,1390
20260502B14,応札量合計（電源属地別）[MW],147.206,51,136.059,296.708,0,40.819,96.06,31,70,868.852
20260502B14,落札量合計（電源属地別）[MW],131.01,51,136.059,195,0,40.819,96.06,31,70,750.948
20260502B14,応札件数（電源属地別）[件],4,3,5,1,0,1,2,2,1,19
20260502B14,落札件数（電源属地別）[件],4,3,5,1,0,1,2,2,1,19
20260502B14,最高落札価格（電源属地別）[円/kW・30分],14.87,8.46,0.39,0.39,0,0.39,0.9,2.05,0.39,14.87
20260502B14,最低落札価格（電源属地別）[円/kW・30分],1.01,8.07,0.39,0.39,0,0.39,0.75,2.05,0.39,0.39
20260502B14,平均落札価格（電源属地別）[円/kW・30分],6.4,8.2,0.39,0.39,0,0.39,0.83,2.05,0.39,2.09
20260502B14,最高落札価格（TSO別）[円/kW・30分],14.87,8.46,0.39,0.39,0,0.39,0.9,2.05,0.39,14.87
20260502B14,最低落札価格（TSO別）[円/kW・30分],1.01,8.07,0.39,0.39,0,0.39,0.75,2.05,0.39,0.39
20260502B14,平均落札価格（TSO別）[円/kW・30分],6.4,8.2,0.39,0.39,0,0.39,0.83,2.05,0.39,2.09
20260502B14,落札量合計（TSO別）[MW],131.01,51,136.059,195,0,40.819,96.06,31,70,750.948
20260502B14,（内訳）自エリアからの落札量[MW],131.01,51,136.059,195,0,40.819,96.06,31,70,750.948
20260502B15,募集量（TSO別）[MW],71,200,617,0,47,154,114,46,154,1403
20260502B15,応札量合計（電源属地別）[MW],102.75,51,126.747,296.708,0,40.819,167.92,14,70,869.944
20260502B15,落札量合計（電源属地別）[MW],102.75,51,126.747,222.001,0,40.819,167.92,14,70,795.237
20260502B15,応札件数（電源属地別）[件],3,3,4,1,0,1,5,1,1,19
20260502B15,落札件数（電源属地別）[件],3,3,4,1,0,1,5,1,1,19
20260502B15,最高落札価格（電源属地別）[円/kW・30分],11.8,12.76,0.39,0.39,0,0.39,2.13,2.05,0.39,12.76
20260502B15,最低落札価格（電源属地別）[円/kW・30分],1.01,11.94,0.39,0.39,0,0.39,0.39,2.05,0.39,0.39
20260502B15,平均落札価格（電源属地別）[円/kW・30分],3.93,12.21,0.39,0.39,0,0.39,0.49,2.05,0.39,1.66
20260502B15,最高落札価格（TSO別）[円/kW・30分],11.8,12.76,0.39,0.39,0,0.39,2.13,2.05,0.39,12.76
20260502B15,最低落札価格（TSO別）[円/kW・30分],1.01,11.94,0.39,0.39,0,0.39,0.39,2.05,0.39,0.39
20260502B15,平均落札価格（TSO別）[円/kW・30分],3.93,12.21,0.39,0.39,0,0.39,0.49,2.05,0.39,1.66
20260502B15,落札量合計（TSO別）[MW],102.75,51,126.747,222.001,0,40.819,167.92,14,70,795.237
20260502B15,（内訳）自エリアからの落札量[MW],102.75,51,126.747,222.001,0,40.819,167.92,14,70,795.237
20260502B16,募集量（TSO別）[MW],72,203,619,0,47,155,114,47,155,1412
20260502B16,応札量合計（電源属地別）[MW],116.206,51,0,296.708,0,40.819,167.92,15,72,759.653
20260502B16,落札量合計（電源属地別）[MW],116.206,51,0,231.001,0,40.819,167.92,15,72,693.946
20260502B16,応札件数（電源属地別）[件],3,3,0,1,0,1,5,1,2,16
20260502B16,落札件数（電源属地別）[件],3,3,0,1,0,1,5,1,2,16
20260502B16,最高落札価格（電源属地別）[円/kW・30分],14.87,12.22,0,0.39,0,0.39,2.13,2.05,0.39,14.87
20260502B16,最低落札価格（電源属地別）[円/kW・30分],1.01,11.46,0,0.39,0,0.39,0.39,2.05,0.39,0.39
20260502B16,平均落札価格（電源属地別）[円/kW・30分],6.69,11.71,0,0.39,0,0.39,0.49,2.05,0.39,2.34
20260502B16,最高落札価格（TSO別）[円/kW・30分],14.87,12.22,0,0.39,0,0.39,2.13,2.05,0.39,14.87
20260502B16,最低落札価格（TSO別）[円/kW・30分],1.01,11.46,0,0.39,0,0.39,0.39,2.05,0.39,0.39
20260502B16,平均落札価格（TSO別）[円/kW・30分],6.69,11.71,0,0.39,0,0.39,0.49,2.05,0.39,2.34
20260502B16,落札量合計（TSO別）[MW],116.206,51,0,231.001,0,40.819,167.92,15,72,693.946
20260502B16,（内訳）自エリアからの落札量[MW],116.206,51,0,231.001,0,40.819,167.92,15,72,693.946
20260502B17,募集量（TSO別）[MW],71,203,619,0,47,154,114,47,155,1410
20260502B17,応札量合計（電源属地別）[MW],70.75,51,74.33,296.708,0,40.819,167.92,15,317,1033.527
20260502B17,落札量合計（電源属地別）[MW],70.75,51,74.33,231.001,0,40.819,167.92,15,317,967.82
20260502B17,応札件数（電源属地別）[件],2,3,2,1,0,1,5,1,2,17
20260502B17,落札件数（電源属地別）[件],2,3,2,1,0,1,5,1,2,17
20260502B17,最高落札価格（電源属地別）[円/kW・30分],9.1,13.32,0.39,0.39,0,0.39,2.13,2.05,0.39,13.32
20260502B17,最低落札価格（電源属地別）[円/kW・30分],1.01,12.44,0.39,0.39,0,0.39,0.39,2.05,0.39,0.39
20260502B17,平均落札価格（電源属地別）[円/kW・30分],1.44,12.73,0.39,0.39,0,0.39,0.49,2.05,0.39,1.16
20260502B17,最高落札価格（TSO別）[円/kW・30分],9.1,13.32,0.39,0.39,0,0.39,2.13,2.05,0.39,13.32
20260502B17,最低落札価格（TSO別）[円/kW・30分],1.01,12.44,0.39,0.39,0,0.39,0.39,2.05,0.39,0.39
20260502B17,平均落札価格（TSO別）[円/kW・30分],1.44,12.73,0.39,0.39,0,0.39,0.49,2.05,0.39,1.16
20260502B17,落札量合計（TSO別）[MW],70.75,51,74.33,231.001,0,40.819,167.92,15,317,967.82
20260502B17,（内訳）自エリアからの落札量[MW],70.75,51,74.33,231.001,0,40.819,167.92,15,317,967.82
20260502B18,募集量（TSO別）[MW],71,203,619,0,47,154,115,47,155,1411
20260502B18,応札量合計（電源属地別）[MW],70.75,51,74.33,296.708,0,40.819,137.938,15,420,1106.545
20260502B18,落札量合計（電源属地別）[MW],70.75,51,74.33,231.001,0,40.819,137.938,15,370,990.838
20260502B18,応札件数（電源属地別）[件],2,3,2,1,0,1,5,1,2,17
20260502B18,落札件数（電源属地別）[件],2,3,2,1,0,1,5,1,2,17
20260502B18,最高落札価格（電源属地別）[円/kW・30分],9.1,13.32,0.39,0.39,0,0.39,2.13,2.05,0.39,13.32
20260502B18,最低落札価格（電源属地別）[円/kW・30分],1.01,12.44,0.39,0.39,0,0.39,0.39,2.05,0.39,0.39
20260502B18,平均落札価格（電源属地別）[円/kW・30分],1.44,12.73,0.39,0.39,0,0.39,0.51,2.05,0.39,1.14
20260502B18,最高落札価格（TSO別）[円/kW・30分],9.1,13.32,0.39,0.39,0,0.39,2.13,2.05,0.39,13.32
20260502B18,最低落札価格（TSO別）[円/kW・30分],1.01,12.44,0.39,0.39,0,0.39,0.39,2.05,0.39,0.39
20260502B18,平均落札価格（TSO別）[円/kW・30分],1.44,12.73,0.39,0.39,0,0.39,0.51,2.05,0.39,1.14
20260502B18,落札量合計（TSO別）[MW],70.75,51,74.33,231.001,0,40.819,137.938,15,370,990.838
20260502B18,（内訳）自エリアからの落札量[MW],70.75,51,74.33,231.001,0,40.819,137.938,15,370,990.838
20260502B19,募集量（TSO別）[MW],71,136,616,5,48,154,115,50,167,1362
20260502B19,応札量合計（電源属地別）[MW],89.75,51,114.035,296.708,0,40.819,118.19,15,420,1145.502
20260502B19,落札量合計（電源属地別）[MW],89.75,51,114.035,296.708,0,40.819,118.19,15,420,1145.502
20260502B19,応札件数（電源属地別）[件],2,3,3,1,0,1,5,1,2,18
20260502B19,落札件数（電源属地別）[件],2,3,3,1,0,1,5,1,2,18
20260502B19,最高落札価格（電源属地別）[円/kW・30分],6.5,13.32,0.39,0.39,0,0.39,2.13,2.05,0.39,13.32
20260502B19,最低落札価格（電源属地別）[円/kW・30分],1.01,12.44,0.39,0.39,0,0.39,0.39,2.05,0.39,0.39
20260502B19,平均落札価格（電源属地別）[円/kW・30分],1.24,12.73,0.39,0.39,0,0.39,0.54,2.05,0.39,1.04
20260502B19,最高落札価格（TSO別）[円/kW・30分],6.5,13.32,0.39,0.39,0,0.39,2.13,2.05,0.39,13.32
20260502B19,最低落札価格（TSO別）[円/kW・30分],1.01,12.44,0.39,0.39,0,0.39,0.39,2.05,0.39,0.39
20260502B19,平均落札価格（TSO別）[円/kW・30分],1.24,12.73,0.39,0.39,0,0.39,0.54,2.05,0.39,1.04
20260502B19,落札量合計（TSO別）[MW],89.75,51,114.035,296.708,0,40.819,118.19,15,420,1145.502
20260502B19,（内訳）自エリアからの落札量[MW],89.75,51,114.035,296.708,0,40.819,118.19,15,420,1145.502
20260502B20,募集量（TSO別）[MW],71,134,616,6,49,154,115,51,169,1365
20260502B20,応札量合計（電源属地別）[MW],70.75,51,116.571,296.708,0,40.819,137.34,15,420,1148.188
20260502B20,落札量合計（電源属地別）[MW],70.75,51,116.571,296.708,0,40.819,137.34,15,420,1148.188
20260502B20,応札件数（電源属地別）[件],2,3,3,1,0,1,5,1,2,18
20260502B20,落札件数（電源属地別）[件],2,3,3,1,0,1,5,1,2,18
20260502B20,最高落札価格（電源属地別）[円/kW・30分],6.5,13.32,0.39,0.39,0,0.39,2.13,2.05,0.39,13.32
20260502B20,最低落札価格（電源属地別）[円/kW・30分],1.01,12.44,0.39,0.39,0,0.39,0.39,2.05,0.39,0.39
20260502B20,平均落札価格（電源属地別）[円/kW・30分],1.3,12.73,0.39,0.39,0,0.39,0.52,2.05,0.39,1.03
20260502B20,最高落札価格（TSO別）[円/kW・30分],6.5,13.32,0.39,0.39,0,0.39,2.13,2.05,0.39,13.32
20260502B20,最低落札価格（TSO別）[円/kW・30分],1.01,12.44,0.39,0.39,0,0.39,0.39,2.05,0.39,0.39
20260502B20,平均落札価格（TSO別）[円/kW・30分],1.3,12.73,0.39,0.39,0,0.39,0.52,2.05,0.39,1.03
20260502B20,落札量合計（TSO別）[MW],70.75,51,116.571,296.708,0,40.819,137.34,15,420,1148.188
20260502B20,（内訳）自エリアからの落札量[MW],70.75,51,116.571,296.708,0,40.819,137.34,15,420,1148.188
20260502B21,募集量（TSO別）[MW],72,139,614,11,51,156,119,51,169,1382
20260502B21,応札量合計（電源属地別）[MW],70.75,51,76.85,296.708,0,40.819,137.34,15,420,1108.467
20260502B21,落札量合計（電源属地別）[MW],70.75,51,76.85,296.708,0,40.819,137.34,15,370,1058.467
20260502B21,応札件数（電源属地別）[件],2,3,2,1,0,1,5,1,2,17
20260502B21,落札件数（電源属地別）[件],2,3,2,1,0,1,5,1,2,17
20260502B21,最高落札価格（電源属地別）[円/kW・30分],6.5,13.32,0.39,0.39,0,0.39,2.13,2.05,0.39,13.32
20260502B21,最低落札価格（電源属地別）[円/kW・30分],1.01,12.44,0.39,0.39,0,0.39,0.39,2.05,0.39,0.39
20260502B21,平均落札価格（電源属地別）[円/kW・30分],1.3,12.73,0.39,0.39,0,0.39,0.52,2.05,0.39,1.09
20260502B21,最高落札価格（TSO別）[円/kW・30分],6.5,13.32,0.39,0.39,0,0.39,2.13,2.05,0.39,13.32
20260502B21,最低落札価格（TSO別）[円/kW・30分],1.01,12.44,0.39,0.39,0,0.39,0.39,2.05,0.39,0.39
20260502B21,平均落札価格（TSO別）[円/kW・30分],1.3,12.73,0.39,0.39,0,0.39,0.52,2.05,0.39,1.09
20260502B21,落札量合計（TSO別）[MW],70.75,51,76.85,296.708,0,40.819,137.34,15,370,1058.467
20260502B21,（内訳）自エリアからの落札量[MW],70.75,51,76.85,296.708,0,40.819,137.34,15,370,1058.467
20260502B22,募集量（TSO別）[MW],71,139,616,12,51,156,119,52,170,1386
20260502B22,応札量合計（電源属地別）[MW],70.75,51,76.85,296.708,0,40.819,137.34,15,420,1108.467
20260502B22,落札量合計（電源属地別）[MW],70.75,51,76.85,296.708,0,40.819,137.34,15,420,1108.467
20260502B22,応札件数（電源属地別）[件],2,3,2,1,0,1,5,1,2,17
20260502B22,落札件数（電源属地別）[件],2,3,2,1,0,1,5,1,2,17
20260502B22,最高落札価格（電源属地別）[円/kW・30分],6.5,13.32,0.39,0.39,0,0.39,2.13,2.05,0.39,13.32
20260502B22,最低落札価格（電源属地別）[円/kW・30分],1.01,12.44,0.39,0.39,0,0.39,0.39,2.05,0.39,0.39
20260502B22,平均落札価格（電源属地別）[円/kW・30分],1.3,12.73,0.39,0.39,0,0.39,0.52,2.05,0.39,1.05
20260502B22,最高落札価格（TSO別）[円/kW・30分],6.5,13.32,0.39,0.39,0,0.39,2.13,2.05,0.39,13.32
20260502B22,最低落札価格（TSO別）[円/kW・30分],1.01,12.44,0.39,0.39,0,0.39,0.39,2.05,0.39,0.39
20260502B22,平均落札価格（TSO別）[円/kW・30分],1.3,12.73,0.39,0.39,0,0.39,0.52,2.05,0.39,1.05
20260502B22,落札量合計（TSO別）[MW],70.75,51,76.85,296.708,0,40.819,137.34,15,420,1108.467
20260502B22,（内訳）自エリアからの落札量[MW],70.75,51,76.85,296.708,0,40.819,137.34,15,420,1108.467
20260502B23,募集量（TSO別）[MW],71,138,611,13,51,154,119,52,169,1378
20260502B23,応札量合計（電源属地別）[MW],70.75,51,76.85,296.708,0,40.819,137.34,15,420,1108.467
20260502B23,落札量合計（電源属地別）[MW],70.75,51,76.85,296.708,0,40.819,137.34,15,420,1108.467
20260502B23,応札件数（電源属地別）[件],2,3,2,1,0,1,5,1,2,17
20260502B23,落札件数（電源属地別）[件],2,3,2,1,0,1,5,1,2,17
20260502B23,最高落札価格（電源属地別）[円/kW・30分],6.5,13.32,0.39,0.39,0,0.39,2.13,2.05,0.39,13.32
20260502B23,最低落札価格（電源属地別）[円/kW・30分],1.01,12.44,0.39,0.39,0,0.39,0.39,2.05,0.39,0.39
20260502B23,平均落札価格（電源属地別）[円/kW・30分],1.3,12.73,0.39,0.39,0,0.39,0.52,2.05,0.39,1.05
20260502B23,最高落札価格（TSO別）[円/kW・30分],6.5,13.32,0.39,0.39,0,0.39,2.13,2.05,0.39,13.32
20260502B23,最低落札価格（TSO別）[円/kW・30分],1.01,12.44,0.39,0.39,0,0.39,0.39,2.05,0.39,0.39
20260502B23,平均落札価格（TSO別）[円/kW・30分],1.3,12.73,0.39,0.39,0,0.39,0.52,2.05,0.39,1.05
20260502B23,落札量合計（TSO別）[MW],70.75,51,76.85,296.708,0,40.819,137.34,15,420,1108.467
20260502B23,（内訳）自エリアからの落札量[MW],70.75,51,76.85,296.708,0,40.819,137.34,15,420,1108.467
20260502B24,募集量（TSO別）[MW],72,139,616,13,52,156,119,52,168,1387
20260502B24,応札量合計（電源属地別）[MW],90.75,51,76.85,296.708,0,40.819,137.34,15,420,1128.467
20260502B24,落札量合計（電源属地別）[MW],90.75,51,76.85,296.708,0,40.819,137.34,15,420,1128.467
20260502B24,応札件数（電源属地別）[件],3,3,2,1,0,1,5,1,2,18
20260502B24,落札件数（電源属地別）[件],3,3,2,1,0,1,5,1,2,18
20260502B24,最高落札価格（電源属地別）[円/kW・30分],11.8,13.32,0.39,0.39,0,0.39,2.13,2.05,0.39,13.32
20260502B24,最低落札価格（電源属地別）[円/kW・30分],1.01,12.44,0.39,0.39,0,0.39,0.39,2.05,0.39,0.39
20260502B24,平均落札価格（電源属地別）[円/kW・30分],3.61,12.73,0.39,0.39,0,0.39,0.52,2.05,0.39,1.24
20260502B24,最高落札価格（TSO別）[円/kW・30分],11.8,13.32,0.39,0.39,0,0.39,2.13,2.05,0.39,13.32
20260502B24,最低落札価格（TSO別）[円/kW・30分],1.01,12.44,0.39,0.39,0,0.39,0.39,2.05,0.39,0.39
20260502B24,平均落札価格（TSO別）[円/kW・30分],3.61,12.73,0.39,0.39,0,0.39,0.52,2.05,0.39,1.24
20260502B24,落札量合計（TSO別）[MW],90.75,51,76.85,296.708,0,40.819,137.34,15,420,1128.467
20260502B24,（内訳）自エリアからの落札量[MW],90.75,51,76.85,296.708,0,40.819,137.34,15,420,1128.467
20260502B25,募集量（TSO別）[MW],73,143,624,7,49,157,120,54,167,1394
20260502B25,応札量合計（電源属地別）[MW],93.75,51,76.85,296.708,0,40.819,137.34,15,420,1131.467
20260502B25,落札量合計（電源属地別）[MW],93.75,51,76.85,296.708,0,40.819,137.34,15,420,1131.467
20260502B25,応札件数（電源属地別）[件],3,3,2,1,0,1,5,1,2,18
20260502B25,落札件数（電源属地別）[件],3,3,2,1,0,1,5,1,2,18
20260502B25,最高落札価格（電源属地別）[円/kW・30分],11.8,13.32,0.39,0.39,0,0.39,2.13,2.05,0.39,13.32
20260502B25,最低落札価格（電源属地別）[円/kW・30分],1.01,12.44,0.39,0.39,0,0.39,0.39,2.05,0.39,0.39
20260502B25,平均落札価格（電源属地別）[円/kW・30分],4.02,12.73,0.39,0.39,0,0.39,0.52,2.05,0.39,1.28
20260502B25,最高落札価格（TSO別）[円/kW・30分],11.8,13.32,0.39,0.39,0,0.39,2.13,2.05,0.39,13.32
20260502B25,最低落札価格（TSO別）[円/kW・30分],1.01,12.44,0.39,0.39,0,0.39,0.39,2.05,0.39,0.39
20260502B25,平均落札価格（TSO別）[円/kW・30分],4.02,12.73,0.39,0.39,0,0.39,0.52,2.05,0.39,1.28
20260502B25,落札量合計（TSO別）[MW],93.75,51,76.85,296.708,0,40.819,137.34,15,420,1131.467
20260502B25,（内訳）自エリアからの落札量[MW],93.75,51,76.85,296.708,0,40.819,137.34,15,420,1131.467
20260502B26,募集量（TSO別）[MW],73,143,626,7,49,157,120,54,168,1397
20260502B26,応札量合計（電源属地別）[MW],93.75,51,76.85,296.708,0,40.819,137.34,14,420,1130.467
20260502B26,落札量合計（電源属地別）[MW],93.75,51,76.85,296.708,0,40.819,137.34,14,420,1130.467
20260502B26,応札件数（電源属地別）[件],3,3,2,1,0,1,5,1,2,18
20260502B26,落札件数（電源属地別）[件],3,3,2,1,0,1,5,1,2,18
20260502B26,最高落札価格（電源属地別）[円/kW・30分],11.8,13.32,0.39,0.39,0,0.39,2.13,2.05,0.39,13.32
20260502B26,最低落札価格（電源属地別）[円/kW・30分],1.01,12.44,0.39,0.39,0,0.39,0.39,2.05,0.39,0.39
20260502B26,平均落札価格（電源属地別）[円/kW・30分],4.02,12.73,0.39,0.39,0,0.39,0.52,2.05,0.39,1.28
20260502B26,最高落札価格（TSO別）[円/kW・30分],11.8,13.32,0.39,0.39,0,0.39,2.13,2.05,0.39,13.32
20260502B26,最低落札価格（TSO別）[円/kW・30分],1.01,12.44,0.39,0.39,0,0.39,0.39,2.05,0.39,0.39
20260502B26,平均落札価格（TSO別）[円/kW・30分],4.02,12.73,0.39,0.39,0,0.39,0.52,2.05,0.39,1.28
20260502B26,落札量合計（TSO別）[MW],93.75,51,76.85,296.708,0,40.819,137.34,14,420,1130.467
20260502B26,（内訳）自エリアからの落札量[MW],93.75,51,76.85,296.708,0,40.819,137.34,14,420,1130.467
20260502B27,募集量（TSO別）[MW],73,143,627,7,49,157,120,54,168,1398
20260502B27,応札量合計（電源属地別）[MW],90.75,51,76.862,296.708,0,40.819,137.34,14,420,1127.479
20260502B27,落札量合計（電源属地別）[MW],90.75,51,76.862,296.708,0,40.819,137.34,14,370,1077.479
20260502B27,応札件数（電源属地別）[件],3,3,2,1,0,1,5,1,2,18
20260502B27,落札件数（電源属地別）[件],3,3,2,1,0,1,5,1,2,18
20260502B27,最高落札価格（電源属地別）[円/kW・30分],11.8,13.32,0.39,0.39,0,0.39,2.13,2.05,0.39,13.32
20260502B27,最低落札価格（電源属地別）[円/kW・30分],1.01,12.44,0.39,0.39,0,0.39,0.39,2.05,0.39,0.39
20260502B27,平均落札価格（電源属地別）[円/kW・30分],3.76,12.73,0.39,0.39,0,0.39,0.52,2.05,0.39,1.3
20260502B27,最高落札価格（TSO別）[円/kW・30分],11.8,13.32,0.39,0.39,0,0.39,2.13,2.05,0.39,13.32
20260502B27,最低落札価格（TSO別）[円/kW・30分],1.01,12.44,0.39,0.39,0,0.39,0.39,2.05,0.39,0.39
20260502B27,平均落札価格（TSO別）[円/kW・30分],3.76,12.73,0.39,0.39,0,0.39,0.52,2.05,0.39,1.3
20260502B27,落札量合計（TSO別）[MW],90.75,51,76.862,296.708,0,40.819,137.34,14,370,1077.479
20260502B27,（内訳）自エリアからの落札量[MW],90.75,51,76.862,296.708,0,40.819,137.34,14,370,1077.479
20260502B28,募集量（TSO別）[MW],73,140,622,5,49,155,120,53,168,1385
20260502B28,応札量合計（電源属地別）[MW],70.75,51,37.157,296.708,0,40.819,137.34,14,420,1067.774
20260502B28,落札量合計（電源属地別）[MW],70.75,51,37.157,296.708,0,40.819,137.34,14,420,1067.774
20260502B28,応札件数（電源属地別）[件],2,3,1,1,0,1,5,1,2,16
20260502B28,落札件数（電源属地別）[件],2,3,1,1,0,1,5,1,2,16
20260502B28,最高落札価格（電源属地別）[円/kW・30分],10.1,13.32,0.39,0.39,0,0.39,2.13,2.05,0.39,13.32
20260502B28,最低落札価格（電源属地別）[円/kW・30分],1.01,12.44,0.39,0.39,0,0.39,0.39,2.05,0.39,0.39
20260502B28,平均落札価格（電源属地別）[円/kW・30分],1.49,12.73,0.39,0.39,0,0.39,0.52,2.05,0.39,1.09
20260502B28,最高落札価格（TSO別）[円/kW・30分],10.1,13.32,0.39,0.39,0,0.39,2.13,2.05,0.39,13.32
20260502B28,最低落札価格（TSO別）[円/kW・30分],1.01,12.44,0.39,0.39,0,0.39,0.39,2.05,0.39,0.39
20260502B28,平均落札価格（TSO別）[円/kW・30分],1.49,12.73,0.39,0.39,0,0.39,0.52,2.05,0.39,1.09
20260502B28,落札量合計（TSO別）[MW],70.75,51,37.157,296.708,0,40.819,137.34,14,420,1067.774
20260502B28,（内訳）自エリアからの落札量[MW],70.75,51,37.157,296.708,0,40.819,137.34,14,420,1067.774
20260502B29,募集量（TSO別）[MW],72,139,617,4,49,154,120,53,168,1376
20260502B29,応札量合計（電源属地別）[MW],70.75,51,107.496,296.708,0,40.819,137.34,14,420,1138.113
20260502B29,落札量合計（電源属地別）[MW],70.75,51,107.496,296.708,0,40.819,137.34,14,420,1138.113
20260502B29,応札件数（電源属地別）[件],2,3,3,1,0,1,5,1,2,18
20260502B29,落札件数（電源属地別）[件],2,3,3,1,0,1,5,1,2,18
20260502B29,最高落札価格（電源属地別）[円/kW・30分],10.1,13.32,5.08,0.39,0,0.39,2.13,2.05,0.39,13.32
20260502B29,最低落札価格（電源属地別）[円/kW・30分],1.01,12.44,0.39,0.39,0,0.39,0.39,2.05,0.39,0.39
20260502B29,平均落札価格（電源属地別）[円/kW・30分],1.49,12.73,1.84,0.39,0,0.39,0.52,2.05,0.39,1.18
20260502B29,最高落札価格（TSO別）[円/kW・30分],10.1,13.32,5.08,0.39,0,0.39,2.13,2.05,0.39,13.32
20260502B29,最低落札価格（TSO別）[円/kW・30分],1.01,12.44,0.39,0.39,0,0.39,0.39,2.05,0.39,0.39
20260502B29,平均落札価格（TSO別）[円/kW・30分],1.49,12.73,1.84,0.39,0,0.39,0.52,2.05,0.39,1.18
20260502B29,落札量合計（TSO別）[MW],70.75,51,107.496,296.708,0,40.819,137.34,14,420,1138.113
20260502B29,（内訳）自エリアからの落札量[MW],70.75,51,107.496,296.708,0,40.819,137.34,14,420,1138.113
20260502B30,募集量（TSO別）[MW],72,138,614,2,49,153,120,52,167,1367
20260502B30,応札量合計（電源属地別）[MW],70.75,51,107.496,296.708,0,26.792,137.938,14,420,1124.684
20260502B30,落札量合計（電源属地別）[MW],70.75,51,107.496,296.708,0,26.792,137.938,14,420,1124.684
20260502B30,応札件数（電源属地別）[件],2,3,3,1,0,1,5,1,2,18
20260502B30,落札件数（電源属地別）[件],2,3,3,1,0,1,5,1,2,18
20260502B30,最高落札価格（電源属地別）[円/kW・30分],10.1,13.32,0.39,0.39,0,0.39,2.13,2.05,0.39,13.32
20260502B30,最低落札価格（電源属地別）[円/kW・30分],1.01,12.44,0.39,0.39,0,0.39,0.39,2.05,0.39,0.39
20260502B30,平均落札価格（電源属地別）[円/kW・30分],1.49,12.73,0.39,0.39,0,0.39,0.51,2.05,0.39,1.06
20260502B30,最高落札価格（TSO別）[円/kW・30分],10.1,13.32,0.39,0.39,0,0.39,2.13,2.05,0.39,13.32
20260502B30,最低落札価格（TSO別）[円/kW・30分],1.01,12.44,0.39,0.39,0,0.39,0.39,2.05,0.39,0.39
20260502B30,平均落札価格（TSO別）[円/kW・30分],1.49,12.73,0.39,0.39,0,0.39,0.51,2.05,0.39,1.06
20260502B30,落札量合計（TSO別）[MW],70.75,51,107.496,296.708,0,26.792,137.938,14,420,1124.684
20260502B30,（内訳）自エリアからの落札量[MW],70.75,51,107.496,296.708,0,26.792,137.938,14,420,1124.684
20260502B31,募集量（TSO別）[MW],66,193,596,0,48,142,114,45,156,1360
20260502B31,応札量合計（電源属地別）[MW],88.75,51,107.496,257,0,0,167.98,14,420,1106.226
20260502B31,落札量合計（電源属地別）[MW],88.75,51,107.496,257,0,0,167.98,14,420,1106.226
20260502B31,応札件数（電源属地別）[件],2,3,3,1,0,0,5,1,2,17
20260502B31,落札件数（電源属地別）[件],2,3,3,1,0,0,5,1,2,17
20260502B31,最高落札価格（電源属地別）[円/kW・30分],4.5,13.32,2.55,0.39,0,0,2.13,2.05,0.39,13.32
20260502B31,最低落札価格（電源属地別）[円/kW・30分],1.01,12.44,1.75,0.39,0,0,0.39,2.05,0.39,0.39
20260502B31,平均落札価格（電源属地別）[円/kW・30分],1.16,12.73,2.14,0.39,0,0,0.49,2.05,0.39,1.23
20260502B31,最高落札価格（TSO別）[円/kW・30分],4.5,13.32,2.55,0.39,0,0,2.13,2.05,0.39,13.32
20260502B31,最低落札価格（TSO別）[円/kW・30分],1.01,12.44,1.75,0.39,0,0,0.39,2.05,0.39,0.39
20260502B31,平均落札価格（TSO別）[円/kW・30分],1.16,12.73,2.14,0.39,0,0,0.49,2.05,0.39,1.23
20260502B31,落札量合計（TSO別）[MW],88.75,51,107.496,257,0,0,167.98,14,420,1106.226
20260502B31,（内訳）自エリアからの落札量[MW],88.75,51,107.496,257,0,0,167.98,14,420,1106.226
20260502B32,募集量（TSO別）[MW],66,193,596,0,48,142,114,45,156,1360
20260502B32,応札量合計（電源属地別）[MW],70.75,51,107.496,136,0,13.766,167.98,14,271,831.992
20260502B32,落札量合計（電源属地別）[MW],70.75,51,107.496,136,0,13.766,167.98,14,206,766.992
20260502B32,応札件数（電源属地別）[件],2,3,3,1,0,1,5,1,2,18
20260502B32,落札件数（電源属地別）[件],2,3,3,1,0,1,5,1,2,18
20260502B32,最高落札価格（電源属地別）[円/kW・30分],4.5,13.32,0.39,0.39,0,0.39,2.13,2.05,0.39,13.32
20260502B32,最低落札価格（電源属地別）[円/kW・30分],1.01,12.44,0.39,0.39,0,0.39,0.39,2.05,0.39,0.39
20260502B32,平均落札価格（電源属地別）[円/kW・30分],1.19,12.73,0.39,0.39,0,0.39,0.49,2.05,0.39,1.34
20260502B32,最高落札価格（TSO別）[円/kW・30分],4.5,13.32,0.39,0.39,0,0.39,2.13,2.05,0.39,13.32
20260502B32,最低落札価格（TSO別）[円/kW・30分],1.01,12.44,0.39,0.39,0,0.39,0.39,2.05,0.39,0.39
20260502B32,平均落札価格（TSO別）[円/kW・30分],1.19,12.73,0.39,0.39,0,0.39,0.49,2.05,0.39,1.34
20260502B32,落札量合計（TSO別）[MW],70.75,51,107.496,136,0,13.766,167.98,14,206,766.992
20260502B32,（内訳）自エリアからの落札量[MW],70.75,51,107.496,136,0,13.766,167.98,14,206,766.992
20260502B33,募集量（TSO別）[MW],66,193,596,0,48,142,114,45,156,1360
20260502B33,応札量合計（電源属地別）[MW],70.75,51,135.009,207.47,0,0,167.98,14,171,817.209
20260502B33,落札量合計（電源属地別）[MW],70.75,51,135.009,207.47,0,0,167.98,14,161,807.209
20260502B33,応札件数（電源属地別）[件],2,3,4,2,0,0,5,1,2,19
20260502B33,落札件数（電源属地別）[件],2,3,4,2,0,0,5,1,2,19
20260502B33,最高落札価格（電源属地別）[円/kW・30分],4.5,12.45,0.39,8.02,0,0,2.13,2.05,0.39,12.45
20260502B33,最低落札価格（電源属地別）[円/kW・30分],1.01,11.67,0.39,7.99,0,0,0.39,2.05,0.39,0.39
20260502B33,平均落札価格（電源属地別）[円/kW・30分],1.19,11.93,0.39,8.01,0,0,0.49,2.05,0.39,3.2
20260502B33,最高落札価格（TSO別）[円/kW・30分],4.5,12.45,0.39,8.02,0,0,2.13,2.05,0.39,12.45
20260502B33,最低落札価格（TSO別）[円/kW・30分],1.01,11.67,0.39,7.99,0,0,0.39,2.05,0.39,0.39
20260502B33,平均落札価格（TSO別）[円/kW・30分],1.19,11.93,0.39,8.01,0,0,0.49,2.05,0.39,3.2
20260502B33,落札量合計（TSO別）[MW],70.75,51,135.009,207.47,0,0,167.98,14,161,807.209
20260502B33,（内訳）自エリアからの落札量[MW],70.75,51,135.009,207.47,0,0,167.98,14,161,807.209
20260502B34,募集量（TSO別）[MW],66,190,595,0,48,142,114,44,154,1353
20260502B34,応札量合計（電源属地別）[MW],70.75,51,144.542,207.47,0,0,167.98,14,171,826.742
20260502B34,落札量合計（電源属地別）[MW],70.75,51,144.542,207.47,0,0,167.98,14,171,826.742
20260502B34,応札件数（電源属地別）[件],2,3,5,2,0,0,5,1,2,20
20260502B34,落札件数（電源属地別）[件],2,3,5,2,0,0,5,1,2,20
20260502B34,最高落札価格（電源属地別）[円/kW・30分],4.5,11.67,1.93,7.62,0,0,2.13,2.05,0.39,11.67
20260502B34,最低落札価格（電源属地別）[円/kW・30分],1.01,10.96,0.39,7.6,0,0,0.39,2.05,0.39,0.39
20260502B34,平均落札価格（電源属地別）[円/kW・30分],1.19,11.2,0.79,7.61,0,0,0.49,2.05,0.39,3.06
20260502B34,最高落札価格（TSO別）[円/kW・30分],4.5,11.67,1.93,7.62,0,0,2.13,2.05,0.39,11.67
20260502B34,最低落札価格（TSO別）[円/kW・30分],1.01,10.96,0.39,7.6,0,0,0.39,2.05,0.39,0.39
20260502B34,平均落札価格（TSO別）[円/kW・30分],1.19,11.2,0.79,7.61,0,0,0.49,2.05,0.39,3.06
20260502B34,落札量合計（TSO別）[MW],70.75,51,144.542,207.47,0,0,167.98,14,171,826.742
20260502B34,（内訳）自エリアからの落札量[MW],70.75,51,144.542,207.47,0,0,167.98,14,171,826.742
20260502B35,募集量（TSO別）[MW],66,185,596,0,47,141,113,44,151,1343
20260502B35,応札量合計（電源属地別）[MW],95.75,51,107.507,489.94,0,0,167.92,14,70,996.117
20260502B35,落札量合計（電源属地別）[MW],95.75,51,107.507,259.783,0,0,167.92,14,70,765.96
20260502B35,応札件数（電源属地別）[件],3,3,4,5,0,0,5,1,1,22
20260502B35,落札件数（電源属地別）[件],3,3,4,5,0,0,5,1,1,22
20260502B35,最高落札価格（電源属地別）[円/kW・30分],4.5,8.64,0.39,7.58,0,0,2.13,2.05,0.39,8.64
20260502B35,最低落札価格（電源属地別）[円/kW・30分],1.01,8.23,0.39,0.39,0,0,0.39,2.05,0.39,0.39
20260502B35,平均落札価格（電源属地別）[円/kW・30分],2.03,8.37,0.39,6.71,0,0,0.49,2.05,0.39,3.32
20260502B35,最高落札価格（TSO別）[円/kW・30分],4.5,8.64,0.39,7.58,0,0,2.13,2.05,0.39,8.64
20260502B35,最低落札価格（TSO別）[円/kW・30分],1.01,8.23,0.39,0.39,0,0,0.39,2.05,0.39,0.39
20260502B35,平均落札価格（TSO別）[円/kW・30分],2.03,8.37,0.39,6.71,0,0,0.49,2.05,0.39,3.32
20260502B35,落札量合計（TSO別）[MW],95.75,51,107.507,259.783,0,0,167.92,14,70,765.96
20260502B35,（内訳）自エリアからの落札量[MW],95.75,51,107.507,259.783,0,0,167.92,14,70,765.96
20260502B36,募集量（TSO別）[MW],66,181,595,0,47,141,112,43,150,1335
20260502B36,応札量合計（電源属地別）[MW],43.75,51,107.507,368.031,0,0,274.06,48,189,1081.348
20260502B36,落札量合計（電源属地別）[MW],43.75,51,107.507,203.783,0,0,270.432,48,183,907.472
20260502B36,応札件数（電源属地別）[件],3,3,4,5,0,0,3,2,2,22
20260502B36,落札件数（電源属地別）[件],3,3,4,3,0,0,3,2,2,20
20260502B36,最高落札価格（電源属地別）[円/kW・30分],11.8,4.99,1.93,6.62,0,0,0.96,2.05,1.89,11.8
20260502B36,最低落札価格（電源属地別）[円/kW・30分],1.01,4.94,1.37,4.59,0,0,0.39,2.05,1.1,0.39
20260502B36,平均落札価格（電源属地別）[円/kW・30分],7.47,4.96,1.56,5.52,0,0,0.57,2.05,1.59,2.66
20260502B36,最高落札価格（TSO別）[円/kW・30分],11.8,4.99,1.93,6.62,0,0,0.96,2.05,1.89,11.8
20260502B36,最低落札価格（TSO別）[円/kW・30分],1.01,4.94,1.37,4.59,0,0,0.39,2.05,1.1,0.39
20260502B36,平均落札価格（TSO別）[円/kW・30分],7.47,4.96,1.56,5.52,0,0,0.57,2.05,1.59,2.66
20260502B36,落札量合計（TSO別）[MW],43.75,51,107.507,203.783,0,0,270.432,48,183,907.472
20260502B36,（内訳）自エリアからの落札量[MW],43.75,51,107.507,203.783,0,0,270.432,48,183,907.472
20260502B37,募集量（TSO別）[MW],65,175,592,0,46,139,112,40,144,1313
20260502B37,応札量合計（電源属地別）[MW],3,34,107.507,953.551,33,0,228.75,81,323,1763.808
20260502B37,落札量合計（電源属地別）[MW],3,34,107.507,64,33,0,186.805,57,144,629.312
20260502B37,応札件数（電源属地別）[件],1,2,4,12,1,0,4,3,4,31
20260502B37,落札件数（電源属地別）[件],1,2,4,3,1,0,2,2,4,19
20260502B37,最高落札価格（電源属地別）[円/kW・30分],4.1,4.7,1.83,5.58,2.74,0,3.24,2.05,3.99,5.58
20260502B37,最低落札価格（電源属地別）[円/kW・30分],4.1,4.7,1.59,5.08,2.74,0,1.51,1.36,3.2,1.36
20260502B37,平均落札価格（電源属地別）[円/kW・30分],4.1,4.7,1.68,5.41,2.74,0,1.94,1.54,3.9,2.86
20260502B37,最高落札価格（TSO別）[円/kW・30分],4.1,4.7,1.83,5.58,2.74,0,3.24,2.05,3.99,5.58
20260502B37,最低落札価格（TSO別）[円/kW・30分],4.1,4.7,1.59,5.08,2.74,0,1.51,1.36,3.2,1.36
20260502B37,平均落札価格（TSO別）[円/kW・30分],4.1,4.7,1.68,5.41,2.74,0,1.94,1.54,3.9,2.86
20260502B37,落札量合計（TSO別）[MW],3,34,107.507,64,33,0,186.805,57,144,629.312
20260502B37,（内訳）自エリアからの落札量[MW],3,34,107.507,64,33,0,186.805,57,144,629.312
20260502B38,募集量（TSO別）[MW],65,175,591,0,46,139,112,40,144,1312
20260502B38,応札量合計（電源属地別）[MW],46.843,51,162.536,953.537,33,0,235.9,84,339,1905.816
20260502B38,落札量合計（電源属地別）[MW],46.843,51,162.536,112,33,0,134.739,65,270,875.118
20260502B38,応札件数（電源属地別）[件],2,3,6,14,1,0,5,3,4,38
20260502B38,落札件数（電源属地別）[件],2,3,6,6,1,0,2,3,4,27
20260502B38,最高落札価格（電源属地別）[円/kW・30分],14.87,4.4,1.98,3.77,3.32,0,3.82,2.05,4.33,14.87
20260502B38,最低落札価格（電源属地別）[円/kW・30分],4.1,4.39,1.72,0.46,3.32,0,2.09,1.92,3.54,0.46
20260502B38,平均落札価格（電源属地別）[円/kW・30分],14.18,4.4,1.84,3.19,3.32,0,2.39,1.98,4.13,3.68
20260502B38,最高落札価格（TSO別）[円/kW・30分],14.87,4.4,1.98,3.77,3.32,0,3.82,2.05,4.33,14.87
20260502B38,最低落札価格（TSO別）[円/kW・30分],4.1,4.39,1.72,0.46,3.32,0,2.09,1.92,3.54,0.46
20260502B38,平均落札価格（TSO別）[円/kW・30分],14.18,4.4,1.84,3.19,3.32,0,2.39,1.98,4.13,3.68
20260502B38,落札量合計（TSO別）[MW],46.843,51,162.536,112,33,0,134.739,65,270,875.118
20260502B38,（内訳）自エリアからの落札量[MW],46.843,51,162.536,112,33,0,134.739,65,270,875.118
20260502B39,募集量（TSO別）[MW],65,175,592,0,45,139,112,40,144,1312
20260502B39,応札量合計（電源属地別）[MW],3,51,162.536,953.537,33,0,235.9,84,339,1861.973
20260502B39,落札量合計（電源属地別）[MW],3,51,162.536,126.623,33,0,140,72,186.058,774.217
20260502B39,応札件数（電源属地別）[件],1,3,6,14,1,0,5,3,4,37
20260502B39,落札件数（電源属地別）[件],1,3,6,5,1,0,1,3,4,24
20260502B39,最高落札価格（電源属地別）[円/kW・30分],4.1,4.65,1.92,5.19,3.32,0,2.09,2.05,4.13,5.19
20260502B39,最低落札価格（電源属地別）[円/kW・30分],4.1,4.64,1.73,2.86,3.32,0,2.09,1.92,3.34,1.73
20260502B39,平均落札価格（電源属地別）[円/kW・30分],4.1,4.64,1.81,3.75,3.32,0,2.09,2.01,4.01,2.99
20260502B39,最高落札価格（TSO別）[円/kW・30分],4.1,4.65,1.92,5.19,3.32,0,2.09,2.05,4.13,5.19
20260502B39,最低落札価格（TSO別）[円/kW・30分],4.1,4.64,1.73,2.86,3.32,0,2.09,1.92,3.34,1.73
20260502B39,平均落札価格（TSO別）[円/kW・30分],4.1,4.64,1.81,3.75,3.32,0,2.09,2.01,4.01,2.99
20260502B39,落札量合計（TSO別）[MW],3,51,162.536,126.623,33,0,140,72,186.058,774.217
20260502B39,（内訳）自エリアからの落札量[MW],3,51,162.536,126.623,33,0,140,72,186.058,774.217
20260502B40,募集量（TSO別）[MW],65,175,591,0,46,139,112,40,144,1312
20260502B40,応札量合計（電源属地別）[MW],71.843,34,162.536,953.537,33,0,235.9,91,339,1920.816
20260502B40,落札量合計（電源属地別）[MW],71.843,34,162.536,51.942,33,0,187.87,66,144,751.191
20260502B40,応札件数（電源属地別）[件],3,2,6,12,1,0,5,4,5,38
20260502B40,落札件数（電源属地別）[件],3,2,6,3,1,0,2,3,4,24
20260502B40,最高落札価格（電源属地別）[円/kW・30分],14.87,4.64,1.11,3.11,3.32,0,3.82,2.05,4.38,14.87
20260502B40,最低落札価格（電源属地別）[円/kW・30分],4.1,4.64,0.88,2.32,3.32,0,2.09,1.93,3.59,0.88
20260502B40,平均落札価格（電源属地別）[円/kW・30分],12.83,4.64,0.97,2.8,3.32,0,2.53,1.97,4.29,3.62
20260502B40,最高落札価格（TSO別）[円/kW・30分],14.87,4.64,1.11,3.11,3.32,0,3.82,2.05,4.38,14.87
20260502B40,最低落札価格（TSO別）[円/kW・30分],4.1,4.64,0.88,2.32,3.32,0,2.09,1.93,3.59,0.88
20260502B40,平均落札価格（TSO別）[円/kW・30分],12.83,4.64,0.97,2.8,3.32,0,2.53,1.97,4.29,3.62
20260502B40,落札量合計（TSO別）[MW],71.843,34,162.536,51.942,33,0,187.87,66,144,751.191
20260502B40,（内訳）自エリアからの落札量[MW],71.843,34,162.536,51.942,33,0,187.87,66,144,751.191
20260502B41,募集量（TSO別）[MW],65,174,590,0,46,139,112,40,143,1309
20260502B41,応札量合計（電源属地別）[MW],28,51,162.536,953.537,33,0,95.9,91,334,1748.973
20260502B41,落札量合計（電源属地別）[MW],28,51,162.536,44.942,33,0,95.9,69,175.174,659.552
20260502B41,応札件数（電源属地別）[件],2,3,6,11,1,0,4,3,5,35
20260502B41,落札件数（電源属地別）[件],2,3,6,4,1,0,4,3,4,27
20260502B41,最高落札価格（電源属地別）[円/kW・30分],4.4,4.65,1.66,4.67,3.32,0,15.59,7.13,4.21,15.59
20260502B41,最低落札価格（電源属地別）[円/kW・30分],4.1,4.64,0.98,2.14,3.32,0,3.82,1.93,3.42,0.98
20260502B41,平均落札価格（電源属地別）[円/kW・30分],4.37,4.64,1.44,2.81,3.32,0,8.38,3.39,4.13,3.93
20260502B41,最高落札価格（TSO別）[円/kW・30分],4.4,4.65,1.66,4.67,3.32,0,15.59,7.13,4.21,15.59
20260502B41,最低落札価格（TSO別）[円/kW・30分],4.1,4.64,0.98,2.14,3.32,0,3.82,1.93,3.42,0.98
20260502B41,平均落札価格（TSO別）[円/kW・30分],4.37,4.64,1.44,2.81,3.32,0,8.38,3.39,4.13,3.93
20260502B41,落札量合計（TSO別）[MW],28,51,162.536,44.942,33,0,95.9,69,175.174,659.552
20260502B41,（内訳）自エリアからの落札量[MW],28,51,162.536,44.942,33,0,95.9,69,175.174,659.552
20260502B42,募集量（TSO別）[MW],65,174,592,0,46,139,112,39,144,1311
20260502B42,応札量合計（電源属地別）[MW],71.843,51,162.536,953.537,33,0,157.86,81,323,1833.776
20260502B42,落札量合計（電源属地別）[MW],71.843,51,162.536,97.749,33,0,132.467,65,181,794.595
20260502B42,応札件数（電源属地別）[件],3,3,6,10,1,0,6,3,5,37
20260502B42,落札件数（電源属地別）[件],3,3,6,4,1,0,5,3,4,29
20260502B42,最高落札価格（電源属地別）[円/kW・30分],14.87,4.86,1.39,4.58,3.32,0,11.95,7.13,4.08,14.87
20260502B42,最低落札価格（電源属地別）[円/kW・30分],4.1,4.82,0.65,2.34,3.32,0,0.39,1.94,3.29,0.39
20260502B42,平均落札価格（電源属地別）[円/kW・30分],10.78,4.83,0.86,2.86,3.32,0,2.87,3.56,4.01,3.63
20260502B42,最高落札価格（TSO別）[円/kW・30分],14.87,4.86,1.39,4.58,3.32,0,11.95,7.13,4.08,14.87
20260502B42,最低落札価格（TSO別）[円/kW・30分],4.1,4.82,0.65,2.34,3.32,0,0.39,1.94,3.29,0.39
20260502B42,平均落札価格（TSO別）[円/kW・30分],10.78,4.83,0.86,2.86,3.32,0,2.87,3.56,4.01,3.63
20260502B42,落札量合計（TSO別）[MW],71.843,51,162.536,97.749,33,0,132.467,65,181,794.595
20260502B42,（内訳）自エリアからの落札量[MW],71.843,51,162.536,97.749,33,0,132.467,65,181,794.595
20260502B43,募集量（TSO別）[MW],65,86,596,0,46,145,112,39,144,1233
20260502B43,応札量合計（電源属地別）[MW],28,34,162.536,953.537,33,0,161.314,107,313,1792.387
20260502B43,落札量合計（電源属地別）[MW],28,34,162.536,63.796,33,0,132.787,72,179.56,705.679
20260502B43,応札件数（電源属地別）[件],2,2,6,10,1,0,6,5,4,36
20260502B43,落札件数（電源属地別）[件],2,2,6,2,1,0,5,3,4,25
20260502B43,最高落札価格（電源属地別）[円/kW・30分],4.25,4.93,1.97,2.92,2.93,0,16.36,2.05,3.99,16.36
20260502B43,最低落札価格（電源属地別）[円/kW・30分],4.1,4.93,0.98,2.13,2.93,0,0.39,1.54,3.2,0.39
20260502B43,平均落札価格（電源属地別）[円/kW・30分],4.23,4.93,1.48,2.17,2.93,0,7.51,1.75,3.92,3.67
20260502B43,最高落札価格（TSO別）[円/kW・30分],4.25,4.93,1.97,2.92,2.93,0,16.36,2.05,3.99,16.36
20260502B43,最低落札価格（TSO別）[円/kW・30分],4.1,4.93,0.98,2.13,2.93,0,0.39,1.54,3.2,0.39
20260502B43,平均落札価格（TSO別）[円/kW・30分],4.23,4.93,1.48,2.17,2.93,0,7.51,1.75,3.92,3.67
20260502B43,落札量合計（TSO別）[MW],28,34,162.536,63.796,33,0,132.787,72,179.56,705.679
20260502B43,（内訳）自エリアからの落札量[MW],28,34,162.536,63.796,33,0,132.787,72,179.56,705.679
20260502B44,募集量（TSO別）[MW],68,86,602,0,47,150,112,40,149,1254
20260502B44,応札量合計（電源属地別）[MW],71.843,34,162.536,953.537,33,0,161.223,107,311,1834.139
20260502B44,落札量合計（電源属地別）[MW],71.843,34,162.536,69.753,33,0,132.787,71,182.172,757.091
20260502B44,応札件数（電源属地別）[件],3,2,6,10,1,0,6,5,4,37
20260502B44,落札件数（電源属地別）[件],3,2,6,4,1,0,5,3,4,28
20260502B44,最高落札価格（電源属地別）[円/kW・30分],14.87,4.95,2.54,4.83,3.32,0,15.9,2.05,3.99,15.9
20260502B44,最低落札価格（電源属地別）[円/kW・30分],4.25,4.95,0.7,2.16,3.32,0,0.39,1.93,3.2,0.39
20260502B44,平均落札価格（電源属地別）[円/kW・30分],10.95,4.95,1.89,3.89,3.32,0,7.26,1.98,3.9,4.57
20260502B44,最高落札価格（TSO別）[円/kW・30分],14.87,4.95,2.54,4.83,3.32,0,15.9,2.05,3.99,15.9
20260502B44,最低落札価格（TSO別）[円/kW・30分],4.25,4.95,0.7,2.16,3.32,0,0.39,1.93,3.2,0.39
20260502B44,平均落札価格（TSO別）[円/kW・30分],10.95,4.95,1.89,3.89,3.32,0,7.26,1.98,3.9,4.57
20260502B44,落札量合計（TSO別）[MW],71.843,34,162.536,69.753,33,0,132.787,71,182.172,757.091
20260502B44,（内訳）自エリアからの落札量[MW],71.843,34,162.536,69.753,33,0,132.787,71,182.172,757.091
20260502B45,募集量（TSO別）[MW],69,86,602,0,47,152,112,40,150,1258
20260502B45,応札量合計（電源属地別）[MW],28,34,162.536,832.646,33,0,161.2,107,311,1669.382
20260502B45,落札量合計（電源属地別）[MW],28,34,162.536,59,33,0,131.516,71,183.172,702.224
20260502B45,応札件数（電源属地別）[件],2,2,6,7,1,0,6,5,4,33
20260502B45,落札件数（電源属地別）[件],2,2,6,2,1,0,5,3,4,25
20260502B45,最高落札価格（電源属地別）[円/kW・30分],9.5,4.93,2.55,3.42,3.32,0,15.9,2.05,4.05,15.9
20260502B45,最低落札価格（電源属地別）[円/kW・30分],4.25,4.93,0.69,2.26,3.32,0,0.39,1.93,3.26,0.39
20260502B45,平均落札価格（電源属地別）[円/kW・30分],4.81,4.93,1.91,2.36,3.32,0,7.17,1.98,3.96,3.8
20260502B45,最高落札価格（TSO別）[円/kW・30分],9.5,4.93,2.55,3.42,3.32,0,15.9,2.05,4.05,15.9
20260502B45,最低落札価格（TSO別）[円/kW・30分],4.25,4.93,0.69,2.26,3.32,0,0.39,1.93,3.26,0.39
20260502B45,平均落札価格（TSO別）[円/kW・30分],4.81,4.93,1.91,2.36,3.32,0,7.17,1.98,3.96,3.8
20260502B45,落札量合計（TSO別）[MW],28,34,162.536,59,33,0,131.516,71,183.172,702.224
20260502B45,（内訳）自エリアからの落札量[MW],28,34,162.536,59,33,0,131.516,71,183.172,702.224
20260502B46,募集量（TSO別）[MW],70,86,600,0,47,153,112,40,150,1258
20260502B46,応札量合計（電源属地別）[MW],71.843,34,135.935,832.646,33,2.79,157.86,107,304,1679.074
20260502B46,落札量合計（電源属地別）[MW],71.843,34,135.935,85.759,33,2.79,132.467,71,183.172,749.966
20260502B46,応札件数（電源属地別）[件],3,2,5,9,1,1,6,5,4,36
20260502B46,落札件数（電源属地別）[件],3,2,5,3,1,1,5,3,4,27
20260502B46,最高落札価格（電源属地別）[円/kW・30分],14.87,2.84,5.53,3.51,2.74,0.39,13.23,2.05,4.65,14.87
20260502B46,最低落札価格（電源属地別）[円/kW・30分],4.25,2.84,2,2.07,2.74,0.39,0.39,1.34,3.86,0.39
20260502B46,平均落札価格（電源属地別）[円/kW・30分],10.95,2.84,3.33,2.33,2.74,0.39,2.79,1.63,4.56,3.93
20260502B46,最高落札価格（TSO別）[円/kW・30分],14.87,2.84,5.53,3.51,2.74,0.39,13.23,2.05,4.65,14.87
20260502B46,最低落札価格（TSO別）[円/kW・30分],4.25,2.84,2,2.07,2.74,0.39,0.39,1.34,3.86,0.39
20260502B46,平均落札価格（TSO別）[円/kW・30分],10.95,2.84,3.33,2.33,2.74,0.39,2.79,1.63,4.56,3.93
20260502B46,落札量合計（TSO別）[MW],71.843,34,135.935,85.759,33,2.79,132.467,71,183.172,749.966
20260502B46,（内訳）自エリアからの落札量[MW],71.843,34,135.935,85.759,33,2.79,132.467,71,183.172,749.966
20260502B47,募集量（TSO別）[MW],70,86,600,0,47,153,112,40,150,1258
20260502B47,応札量合計（電源属地別）[MW],28,34,199.692,832.646,33,40.819,157.86,107,290,1723.017
20260502B47,落札量合計（電源属地別）[MW],28,34,199.692,108.964,33,40.819,132.467,64,182.172,823.114
20260502B47,応札件数（電源属地別）[件],2,2,7,9,1,1,6,5,5,38
20260502B47,落札件数（電源属地別）[件],2,2,7,6,1,1,5,3,5,32
20260502B47,最高落札価格（電源属地別）[円/kW・30分],9.5,2.71,8.02,3.84,2.74,0.39,13.23,2.05,4.81,13.23
20260502B47,最低落札価格（電源属地別）[円/kW・30分],4.25,2.71,4.16,1.92,2.74,0.39,0.39,1.34,4.02,0.39
20260502B47,平均落札価格（電源属地別）[円/kW・30分],4.81,2.71,7.33,2.74,2.74,0.39,2.79,1.58,4.72,4.16
20260502B47,最高落札価格（TSO別）[円/kW・30分],9.5,2.71,8.02,3.84,2.74,0.39,13.23,2.05,4.81,13.23
20260502B47,最低落札価格（TSO別）[円/kW・30分],4.25,2.71,4.16,1.92,2.74,0.39,0.39,1.34,4.02,0.39
20260502B47,平均落札価格（TSO別）[円/kW・30分],4.81,2.71,7.33,2.74,2.74,0.39,2.79,1.58,4.72,4.16
20260502B47,落札量合計（TSO別）[MW],28,34,199.692,108.964,33,40.819,132.467,64,182.172,823.114
20260502B47,（内訳）自エリアからの落札量[MW],28,34,199.692,108.964,33,40.819,132.467,64,182.172,823.114
20260502B48,募集量（TSO別）[MW],70,86,602,0,47,154,112,40,149,1260
20260502B48,応札量合計（電源属地別）[MW],71.843,34,199.692,832.646,33,0,119.73,107,281,1678.911
20260502B48,落札量合計（電源属地別）[MW],71.843,34,199.692,122.363,33,0,119.73,69,174,823.628
20260502B48,応札件数（電源属地別）[件],3,2,7,9,1,0,4,5,3,34
20260502B48,落札件数（電源属地別）[件],3,2,7,5,1,0,4,4,3,29
20260502B48,最高落札価格（電源属地別）[円/kW・30分],14.87,2.55,4.01,4.02,0.39,0,2.13,2.15,4.4,14.87
20260502B48,最低落札価格（電源属地別）[円/kW・30分],4.25,2.55,1.29,1.87,0.39,0,0.39,0.7,3.61,0.39
20260502B48,平均落札価格（電源属地別）[円/kW・30分],10.95,2.55,3.48,2.17,0.39,0,0.71,1.17,4.3,3.35
20260502B48,最高落札価格（TSO別）[円/kW・30分],14.87,2.55,4.01,4.02,0.39,0,2.13,2.15,4.4,14.87
20260502B48,最低落札価格（TSO別）[円/kW・30分],4.25,2.55,1.29,1.87,0.39,0,0.39,0.7,3.61,0.39
20260502B48,平均落札価格（TSO別）[円/kW・30分],10.95,2.55,3.48,2.17,0.39,0,0.71,1.17,4.3,3.35
20260502B48,落札量合計（TSO別）[MW],71.843,34,199.692,122.363,33,0,119.73,69,174,823.628
20260502B48,（内訳）自エリアからの落札量[MW],71.843,34,199.692,122.363,33,0,119.73,69,174,823.628
20260503B01,募集量（TSO別）[MW],71,170,587,0,46,148,110,38,142,1312
20260503B01,応札量合計（電源属地別）[MW],220.75,34,227.16,590.876,0,0,158.02,107,311,1648.806
20260503B01,落札量合計（電源属地別）[MW],210.9,34,227.16,46,0,0,158.02,68,176,920.08
20260503B01,応札件数（電源属地別）[件],4,2,8,3,0,0,4,5,4,30
20260503B01,落札件数（電源属地別）[件],4,2,8,1,0,0,4,3,4,26
20260503B01,最高落札価格（電源属地別）[円/kW・30分],11.9,4.25,2.67,2.23,0,0,1.02,4.19,4.11,11.9
20260503B01,最低落札価格（電源属地別）[円/kW・30分],4.4,4.25,0.52,2.23,0,0,0.39,1.07,2.49,0.39
20260503B01,平均落札価格（電源属地別）[円/kW・30分],5.14,4.25,2.08,2.23,0,0,0.73,1.81,3.92,2.97
20260503B01,最高落札価格（TSO別）[円/kW・30分],11.9,4.25,2.67,2.23,0,0,1.02,4.19,4.11,11.9
20260503B01,最低落札価格（TSO別）[円/kW・30分],4.4,4.25,0.52,2.23,0,0,0.39,1.07,2.49,0.39
20260503B01,平均落札価格（TSO別）[円/kW・30分],5.14,4.25,2.08,2.23,0,0,0.73,1.81,3.92,2.97
20260503B01,落札量合計（TSO別）[MW],210.9,34,227.16,46,0,0,158.02,68,176,920.08
20260503B01,（内訳）自エリアからの落札量[MW],210.9,34,227.16,46,0,0,158.02,68,176,920.08
20260503B02,募集量（TSO別）[MW],71,170,587,0,46,148,110,38,142,1312
20260503B02,応札量合計（電源属地別）[MW],220.75,34,227.16,590.876,0,40.819,153.517,107,311,1685.122
20260503B02,落札量合計（電源属地別）[MW],203.932,34,227.16,46,0,40.819,153.517,42,176,923.428
20260503B02,応札件数（電源属地別）[件],4,2,8,3,0,1,4,5,4,31
20260503B02,落札件数（電源属地別）[件],4,2,8,2,0,1,4,3,4,28
20260503B02,最高落札価格（電源属地別）[円/kW・30分],11.9,4.64,2.16,0.58,0,0.39,1.97,1.71,3.85,11.9
20260503B02,最低落札価格（電源属地別）[円/kW・30分],4.4,4.64,1.18,0.5,0,0.39,0.39,1.07,2.23,0.39
20260503B02,平均落札価格（電源属地別）[円/kW・30分],5.17,4.64,1.72,0.52,0,0.39,1.33,1.53,3.66,2.77
20260503B02,最高落札価格（TSO別）[円/kW・30分],11.9,4.64,2.16,0.58,0,0.39,1.97,1.71,3.85,11.9
20260503B02,最低落札価格（TSO別）[円/kW・30分],4.4,4.64,1.18,0.5,0,0.39,0.39,1.07,2.23,0.39
20260503B02,平均落札価格（TSO別）[円/kW・30分],5.17,4.64,1.72,0.52,0,0.39,1.33,1.53,3.66,2.77
20260503B02,落札量合計（TSO別）[MW],203.932,34,227.16,46,0,40.819,153.517,42,176,923.428
20260503B02,（内訳）自エリアからの落札量[MW],203.932,34,227.16,46,0,40.819,153.517,42,176,923.428
20260503B03,募集量（TSO別）[MW],71,170,587,0,46,148,110,38,142,1312
20260503B03,応札量合計（電源属地別）[MW],28.75,34,227.16,443.785,0,40.819,155.672,91,311,1332.186
20260503B03,落札量合計（電源属地別）[MW],28.75,34,227.16,46,0,40.819,155.672,61,176,769.401
20260503B03,応札件数（電源属地別）[件],2,2,8,2,0,1,4,4,4,27
20260503B03,落札件数（電源属地別）[件],2,2,8,2,0,1,4,3,4,26
20260503B03,最高落札価格（電源属地別）[円/kW・30分],11.9,4.91,1.8,1.85,0,0.39,1.05,1.07,3.52,11.9
20260503B03,最低落札価格（電源属地別）[円/kW・30分],4.4,4.91,1.18,1.12,0,0.39,0.39,0.78,1.9,0.39
20260503B03,平均落札価格（電源属地別）[円/kW・30分],5.38,4.91,1.44,1.82,0,0.39,0.75,0.95,3.35,1.97
20260503B03,最高落札価格（TSO別）[円/kW・30分],11.9,4.91,1.8,1.85,0,0.39,1.05,1.07,3.52,11.9
20260503B03,最低落札価格（TSO別）[円/kW・30分],4.4,4.91,1.18,1.12,0,0.39,0.39,0.78,1.9,0.39
20260503B03,平均落札価格（TSO別）[円/kW・30分],5.38,4.91,1.44,1.82,0,0.39,0.75,0.95,3.35,1.97
20260503B03,落札量合計（TSO別）[MW],28.75,34,227.16,46,0,40.819,155.672,61,176,769.401
20260503B03,（内訳）自エリアからの落札量[MW],28.75,34,227.16,46,0,40.819,155.672,61,176,769.401
20260503B04,募集量（TSO別）[MW],71,170,587,0,46,148,110,38,142,1312
20260503B04,応札量合計（電源属地別）[MW],74.94,34,227.16,443.785,0,40.819,155.608,91,311,1378.312
20260503B04,落札量合計（電源属地別）[MW],74.94,34,227.16,46,0,40.819,155.608,61,176,815.527
20260503B04,応札件数（電源属地別）[件],3,2,8,2,0,1,4,4,4,28
20260503B04,落札件数（電源属地別）[件],3,2,8,1,0,1,4,4,4,27
20260503B04,最高落札価格（電源属地別）[円/kW・30分],14.87,4.94,1.79,2.26,0,0.39,1.05,2.15,3,14.87
20260503B04,最低落札価格（電源属地別）[円/kW・30分],4.4,4.94,1.17,2.26,0,0.39,0.39,0.78,1.38,0.39
20260503B04,平均落札価格（電源属地別）[円/kW・30分],11.23,4.94,1.44,2.26,0,0.39,0.75,1.01,2.81,2.61
20260503B04,最高落札価格（TSO別）[円/kW・30分],14.87,4.94,1.79,2.26,0,0.39,1.05,2.15,3,14.87
20260503B04,最低落札価格（TSO別）[円/kW・30分],4.4,4.94,1.17,2.26,0,0.39,0.39,0.78,1.38,0.39
20260503B04,平均落札価格（TSO別）[円/kW・30分],11.23,4.94,1.44,2.26,0,0.39,0.75,1.01,2.81,2.61
20260503B04,落札量合計（TSO別）[MW],74.94,34,227.16,46,0,40.819,155.608,61,176,815.527
20260503B04,（内訳）自エリアからの落札量[MW],74.94,34,227.16,46,0,40.819,155.608,61,176,815.527
20260503B05,募集量（TSO別）[MW],71,170,587,0,46,148,109,38,142,1311
20260503B05,応札量合計（電源属地別）[MW],28.75,34,227.16,443.785,0,40.819,158.02,91,310,1333.534
20260503B05,落札量合計（電源属地別）[MW],28.75,34,227.16,35,0,40.819,154.385,42,176,738.114
20260503B05,応札件数（電源属地別）[件],2,2,8,3,0,1,4,4,4,28
20260503B05,落札件数（電源属地別）[件],2,2,8,1,0,1,4,3,4,25
20260503B05,最高落札価格（電源属地別）[円/kW・30分],11.9,4.91,1.89,1.12,0,0.39,1.05,1.07,3.8,11.9
20260503B05,最低落札価格（電源属地別）[円/kW・30分],4.4,4.91,0.94,1.12,0,0.39,0.39,0.78,2.18,0.39
20260503B05,平均落札価格（電源属地別）[円/kW・30分],5.38,4.91,1.25,1.12,0,0.39,0.74,0.84,3.6,1.96
20260503B05,最高落札価格（TSO別）[円/kW・30分],11.9,4.91,1.89,1.12,0,0.39,1.05,1.07,3.8,11.9
20260503B05,最低落札価格（TSO別）[円/kW・30分],4.4,4.91,0.94,1.12,0,0.39,0.39,0.78,2.18,0.39
20260503B05,平均落札価格（TSO別）[円/kW・30分],5.38,4.91,1.25,1.12,0,0.39,0.74,0.84,3.6,1.96
20260503B05,落札量合計（TSO別）[MW],28.75,34,227.16,35,0,40.819,154.385,42,176,738.114
20260503B05,（内訳）自エリアからの落札量[MW],28.75,34,227.16,35,0,40.819,154.385,42,176,738.114
20260503B06,募集量（TSO別）[MW],71,170,587,0,46,148,110,38,142,1312
20260503B06,応札量合計（電源属地別）[MW],74.94,34,227.16,443.785,0,40.819,157.846,107,302,1387.55
20260503B06,落札量合計（電源属地別）[MW],74.94,34,227.16,26,0,40.819,157.846,51.469,176,788.234
20260503B06,応札件数（電源属地別）[件],3,2,8,3,0,1,4,5,5,31
20260503B06,落札件数（電源属地別）[件],3,2,8,1,0,1,4,3,4,26
20260503B06,最高落札価格（電源属地別）[円/kW・30分],14.87,4.64,1.77,0.47,0,0.39,1.04,4.21,4.05,14.87
20260503B06,最低落札価格（電源属地別）[円/kW・30分],4.4,4.64,1.19,0.47,0,0.39,0.39,0.77,2.43,0.39
20260503B06,平均落札価格（電源属地別）[円/kW・30分],11.23,4.64,1.42,0.47,0,0.39,0.74,1.97,3.85,2.85
20260503B06,最高落札価格（TSO別）[円/kW・30分],14.87,4.64,1.77,0.47,0,0.39,1.04,4.21,4.05,14.87
20260503B06,最低落札価格（TSO別）[円/kW・30分],4.4,4.64,1.19,0.47,0,0.39,0.39,0.77,2.43,0.39
20260503B06,平均落札価格（TSO別）[円/kW・30分],11.23,4.64,1.42,0.47,0,0.39,0.74,1.97,3.85,2.85
20260503B06,落札量合計（TSO別）[MW],74.94,34,227.16,26,0,40.819,157.846,51.469,176,788.234
20260503B06,（内訳）自エリアからの落札量[MW],74.94,34,227.16,26,0,40.819,157.846,51.469,176,788.234
20260503B07,募集量（TSO別）[MW],71,172,587,0,47,153,110,39,144,1323
20260503B07,応札量合計（電源属地別）[MW],220.75,34,227.16,443.785,0,40.819,96.06,80,303,1445.574
20260503B07,落札量合計（電源属地別）[MW],201.75,34,227.16,21.162,0,40.819,96.06,62.075,158.022,841.048
20260503B07,応札件数（電源属地別）[件],4,2,8,3,0,1,2,3,5,28
20260503B07,落札件数（電源属地別）[件],4,2,8,1,0,1,2,3,4,25
20260503B07,最高落札価格（電源属地別）[円/kW・30分],11.9,4.64,1.65,0.47,0,0.39,2.72,2.05,4.32,11.9
20260503B07,最低落札価格（電源属地別）[円/kW・30分],4.4,4.64,1.04,0.47,0,0.39,2.58,2.05,2.7,0.39
20260503B07,平均落札価格（電源属地別）[円/kW・30分],5.18,4.64,1.3,0.47,0,0.39,2.65,2.05,4.11,3.04
20260503B07,最高落札価格（TSO別）[円/kW・30分],11.9,4.64,1.65,0.47,0,0.39,2.72,2.05,4.32,11.9
20260503B07,最低落札価格（TSO別）[円/kW・30分],4.4,4.64,1.04,0.47,0,0.39,2.58,2.05,2.7,0.39
20260503B07,平均落札価格（TSO別）[円/kW・30分],5.18,4.64,1.3,0.47,0,0.39,2.65,2.05,4.11,3.04
20260503B07,落札量合計（TSO別）[MW],201.75,34,227.16,21.162,0,40.819,96.06,62.075,158.022,841.048
20260503B07,（内訳）自エリアからの落札量[MW],201.75,34,227.16,21.162,0,40.819,96.06,62.075,158.022,841.048
20260503B08,募集量（TSO別）[MW],71,174,590,0,47,154,112,40,147,1335
20260503B08,応札量合計（電源属地別）[MW],266.94,34,227.16,443.785,0,0,96.06,80,303,1450.945
20260503B08,落札量合計（電源属地別）[MW],232.184,34,227.16,1.742,0,0,94,65,159.97,814.056
20260503B08,応札件数（電源属地別）[件],5,2,8,3,0,0,2,3,5,28
20260503B08,落札件数（電源属地別）[件],5,2,8,1,0,0,2,3,4,25
20260503B08,最高落札価格（電源属地別）[円/kW・30分],14.87,4.6,1.69,0.53,0,0,3.52,2.05,4.45,14.87
20260503B08,最低落札価格（電源属地別）[円/kW・30分],4.4,4.6,0.99,0.53,0,0,3.37,2.05,2.83,0.53
20260503B08,平均落札価格（電源属地別）[円/kW・30分],6.31,4.6,1.26,0.53,0,0,3.45,2.05,4.08,3.71
20260503B08,最高落札価格（TSO別）[円/kW・30分],14.87,4.6,1.69,0.53,0,0,3.52,2.05,4.45,14.87
20260503B08,最低落札価格（TSO別）[円/kW・30分],4.4,4.6,0.99,0.53,0,0,3.37,2.05,2.83,0.53
20260503B08,平均落札価格（TSO別）[円/kW・30分],6.31,4.6,1.26,0.53,0,0,3.45,2.05,4.08,3.71
20260503B08,落札量合計（TSO別）[MW],232.184,34,227.16,1.742,0,0,94,65,159.97,814.056
20260503B08,（内訳）自エリアからの落札量[MW],232.184,34,227.16,1.742,0,0,94,65,159.97,814.056
20260503B09,募集量（TSO別）[MW],71,175,591,0,47,155,112,41,148,1340
20260503B09,応札量合計（電源属地別）[MW],261.75,34,227.16,443.785,0,0,96.06,80,303,1445.755
20260503B09,落札量合計（電源属地別）[MW],253,34,227.16,28.968,0,0,96.06,41,234.417,914.605
20260503B09,応札件数（電源属地別）[件],5,2,8,2,0,0,2,3,5,27
20260503B09,落札件数（電源属地別）[件],4,2,8,1,0,0,2,2,4,23
20260503B09,最高落札価格（電源属地別）[円/kW・30分],5.08,4.25,1.67,3.75,0,0,3.56,2.05,4.58,5.08
20260503B09,最低落札価格（電源属地別）[円/kW・30分],1.85,4.25,1.01,3.75,0,0,3.42,2.05,2.96,1.01
20260503B09,平均落札価格（電源属地別）[円/kW・30分],4.58,4.25,1.28,3.75,0,0,3.49,2.05,4.15,3.38
20260503B09,最高落札価格（TSO別）[円/kW・30分],5.08,4.25,1.67,3.75,0,0,3.56,2.05,4.58,5.08
20260503B09,最低落札価格（TSO別）[円/kW・30分],1.85,4.25,1.01,3.75,0,0,3.42,2.05,2.96,1.01
20260503B09,平均落札価格（TSO別）[円/kW・30分],4.58,4.25,1.28,3.75,0,0,3.49,2.05,4.15,3.38
20260503B09,落札量合計（TSO別）[MW],253,34,227.16,28.968,0,0,96.06,41,234.417,914.605
20260503B09,（内訳）自エリアからの落札量[MW],253,34,227.16,28.968,0,0,96.06,41,234.417,914.605
20260503B10,募集量（TSO別）[MW],71,175,592,0,47,155,112,41,148,1341
20260503B10,応札量合計（電源属地別）[MW],307.94,34,227.16,443.785,0,0,96.06,80,303,1491.945
20260503B10,落札量合計（電源属地別）[MW],261.282,34,227.16,31.174,0,0,96.06,41,236.417,927.093
20260503B10,応札件数（電源属地別）[件],6,2,8,3,0,0,2,3,5,29
20260503B10,落札件数（電源属地別）[件],5,2,8,2,0,0,2,2,4,25
20260503B10,最高落札価格（電源属地別）[円/kW・30分],11.9,4.09,1.43,3.59,0,0,3.57,2.05,4.63,11.9
20260503B10,最低落札価格（電源属地別）[円/kW・30分],2.01,4.09,1.02,0.52,0,0,3.42,2.05,3.01,0.52
20260503B10,平均落札価格（電源属地別）[円/kW・30分],4.7,4.09,1.17,2.22,0,0,3.5,2.05,4.21,3.36
20260503B10,最高落札価格（TSO別）[円/kW・30分],11.9,4.09,1.43,3.59,0,0,3.57,2.05,4.63,11.9
20260503B10,最低落札価格（TSO別）[円/kW・30分],2.01,4.09,1.02,0.52,0,0,3.42,2.05,3.01,0.52
20260503B10,平均落札価格（TSO別）[円/kW・30分],4.7,4.09,1.17,2.22,0,0,3.5,2.05,4.21,3.36
20260503B10,落札量合計（TSO別）[MW],261.282,34,227.16,31.174,0,0,96.06,41,236.417,927.093
20260503B10,（内訳）自エリアからの落札量[MW],261.282,34,227.16,31.174,0,0,96.06,41,236.417,927.093
20260503B11,募集量（TSO別）[MW],71,175,592,0,47,154,112,41,148,1340
20260503B11,応札量合計（電源属地別）[MW],223.75,34,227.16,443.785,0,0,96.06,81,303,1408.755
20260503B11,落札量合計（電源属地別）[MW],223.75,34,227.16,58,0,0,96.06,41,237.417,917.387
20260503B11,応札件数（電源属地別）[件],4,2,8,3,0,0,2,4,5,28
20260503B11,落札件数（電源属地別）[件],4,2,8,2,0,0,2,4,4,26
20260503B11,最高落札価格（電源属地別）[円/kW・30分],11.9,4.53,1.47,3.63,0,0,3.52,6.69,4.36,11.9
20260503B11,最低落札価格（電源属地別）[円/kW・30分],4.8,4.53,0.39,0.54,0,0,3.37,2.05,2.74,0.39
20260503B11,平均落札価格（電源属地別）[円/kW・30分],5.16,4.53,0.66,0.6,0,0,3.45,2.16,3.94,3.1
20260503B11,最高落札価格（TSO別）[円/kW・30分],11.9,4.53,1.47,3.63,0,0,3.52,6.69,4.36,11.9
20260503B11,最低落札価格（TSO別）[円/kW・30分],4.8,4.53,0.39,0.54,0,0,3.37,2.05,2.74,0.39
20260503B11,平均落札価格（TSO別）[円/kW・30分],5.16,4.53,0.66,0.6,0,0,3.45,2.16,3.94,3.1
20260503B11,落札量合計（TSO別）[MW],223.75,34,227.16,58,0,0,96.06,41,237.417,917.387
20260503B11,（内訳）自エリアからの落札量[MW],223.75,34,227.16,58,0,0,96.06,41,237.417,917.387
20260503B12,募集量（TSO別）[MW],71,175,592,0,47,154,112,41,148,1340
20260503B12,応札量合計（電源属地別）[MW],74.94,34,172.196,443.785,0,0,178.212,80,303,1286.133
20260503B12,落札量合計（電源属地別）[MW],74.94,34,172.196,73.214,0,0,167.786,43.843,244,809.979
20260503B12,応札件数（電源属地別）[件],3,2,6,3,0,0,5,3,5,27
20260503B12,落札件数（電源属地別）[件],3,2,6,2,0,0,5,2,4,24
20260503B12,最高落札価格（電源属地別）[円/kW・30分],14.87,5.03,1.66,3.26,0,0,1.49,1.44,3.65,14.87
20260503B12,最低落札価格（電源属地別）[円/kW・30分],4.8,5.03,0.39,0.41,0,0,0.39,1.14,2.03,0.39
20260503B12,平均落札価格（電源属地別）[円/kW・30分],11.36,5.03,0.64,1.32,0,0,0.92,1.23,3.22,2.74
20260503B12,最高落札価格（TSO別）[円/kW・30分],14.87,5.03,1.66,3.26,0,0,1.49,1.44,3.65,14.87
20260503B12,最低落札価格（TSO別）[円/kW・30分],4.8,5.03,0.39,0.41,0,0,0.39,1.14,2.03,0.39
20260503B12,平均落札価格（TSO別）[円/kW・30分],11.36,5.03,0.64,1.32,0,0,0.92,1.23,3.22,2.74
20260503B12,落札量合計（TSO別）[MW],74.94,34,172.196,73.214,0,0,167.786,43.843,244,809.979
20260503B12,（内訳）自エリアからの落札量[MW],74.94,34,172.196,73.214,0,0,167.786,43.843,244,809.979
20260503B13,募集量（TSO別）[MW],72,187,607,0,47,154,114,44,152,1377
20260503B13,応札量合計（電源属地別）[MW],92,34,101.857,443.785,0,0,158.02,57,273,1159.662
20260503B13,落札量合計（電源属地別）[MW],92,34,101.857,157,0,0,158.02,57,273,872.877
20260503B13,応札件数（電源属地別）[件],2,2,4,3,0,0,4,2,4,21
20260503B13,落札件数（電源属地別）[件],2,2,4,2,0,0,4,2,4,20
20260503B13,最高落札価格（電源属地別）[円/kW・30分],11.8,7.1,0.39,1.59,0,0,1.35,2.05,1.91,11.8
20260503B13,最低落札価格（電源属地別）[円/kW・30分],1.01,7.1,0.39,1.11,0,0,0.39,1.07,0.39,0.39
20260503B13,平均落札価格（電源属地別）[円/kW・30分],3.94,7.1,0.39,1.45,0,0,0.93,1.33,1.48,1.71
20260503B13,最高落札価格（TSO別）[円/kW・30分],11.8,7.1,0.39,1.59,0,0,1.35,2.05,1.91,11.8
20260503B13,最低落札価格（TSO別）[円/kW・30分],1.01,7.1,0.39,1.11,0,0,0.39,1.07,0.39,0.39
20260503B13,平均落札価格（TSO別）[円/kW・30分],3.94,7.1,0.39,1.45,0,0,0.93,1.33,1.48,1.71
20260503B13,落札量合計（TSO別）[MW],92,34,101.857,157,0,0,158.02,57,273,872.877
20260503B13,（内訳）自エリアからの落札量[MW],92,34,101.857,157,0,0,158.02,57,273,872.877
20260503B14,募集量（TSO別）[MW],72,191,616,0,46,154,114,44,153,1390
20260503B14,応札量合計（電源属地別）[MW],171.19,51,101.857,443.785,0,0,147.728,96,224,1235.56
20260503B14,落札量合計（電源属地別）[MW],131.01,51,101.857,204.514,0,0,147.728,96,224,956.109
20260503B14,応札件数（電源属地別）[件],4,3,4,2,0,0,4,4,3,24
20260503B14,落札件数（電源属地別）[件],4,3,4,2,0,0,4,4,3,24
20260503B14,最高落札価格（電源属地別）[円/kW・30分],14.87,7.96,0.39,2.17,0,0,1.02,4.19,1.64,14.87
20260503B14,最低落札価格（電源属地別）[円/kW・30分],0.56,7.62,0.39,0.46,0,0,0.39,1.07,0.39,0.39
20260503B14,平均落札価格（電源属地別）[円/kW・30分],3.67,7.73,0.39,0.48,0,0,0.75,2.09,1.15,1.65
20260503B14,最高落札価格（TSO別）[円/kW・30分],14.87,7.96,0.39,2.17,0,0,1.02,4.19,1.64,14.87
20260503B14,最低落札価格（TSO別）[円/kW・30分],0.56,7.62,0.39,0.46,0,0,0.39,1.07,0.39,0.39
20260503B14,平均落札価格（TSO別）[円/kW・30分],3.67,7.73,0.39,0.48,0,0,0.75,2.09,1.15,1.65
20260503B14,落札量合計（TSO別）[MW],131.01,51,101.857,204.514,0,0,147.728,96,224,956.109
20260503B14,（内訳）自エリアからの落札量[MW],131.01,51,101.857,204.514,0,0,147.728,96,224,956.109
20260503B15,募集量（TSO別）[MW],71,200,617,0,47,154,114,46,154,1403
20260503B15,応札量合計（電源属地別）[MW],92,51,37.157,443.785,0,31.856,0,48,170,873.798
20260503B15,落札量合計（電源属地別）[MW],92,51,37.157,219.214,0,31.856,0,40.527,170,641.754
20260503B15,応札件数（電源属地別）[件],2,3,1,3,0,1,0,2,2,14
20260503B15,落札件数（電源属地別）[件],2,3,1,2,0,1,0,2,2,13
20260503B15,最高落札価格（電源属地別）[円/kW・30分],11.8,8.45,0.39,2.37,0,0.39,0,2.05,3.09,11.8
20260503B15,最低落札価格（電源属地別）[円/kW・30分],1.01,8.06,0.39,0.39,0,0.39,0,2.05,0.39,0.39
20260503B15,平均落札価格（電源属地別）[円/kW・30分],3.94,8.19,0.39,1.06,0,0.39,0,2.05,1.98,2.27
20260503B15,最高落札価格（TSO別）[円/kW・30分],11.8,8.45,0.39,2.37,0,0.39,0,2.05,3.09,11.8
20260503B15,最低落札価格（TSO別）[円/kW・30分],1.01,8.06,0.39,0.39,0,0.39,0,2.05,0.39,0.39
20260503B15,平均落札価格（TSO別）[円/kW・30分],3.94,8.19,0.39,1.06,0,0.39,0,2.05,1.98,2.27
20260503B15,落札量合計（TSO別）[MW],92,51,37.157,219.214,0,31.856,0,40.527,170,641.754
20260503B15,（内訳）自エリアからの落札量[MW],92,51,37.157,219.214,0,31.856,0,40.527,170,641.754
20260503B16,募集量（TSO別）[MW],72,203,619,0,47,155,114,47,155,1412
20260503B16,応札量合計（電源属地別）[MW],158.19,51,74.33,443.785,0,40.819,71.86,49,172,1060.984
20260503B16,落札量合計（電源属地別）[MW],130.442,51,74.33,157.349,0,40.819,71.86,49,172,746.8
20260503B16,応札件数（電源属地別）[件],3,3,2,3,0,1,3,2,2,19
20260503B16,落札件数（電源属地別）[件],3,3,2,2,0,1,3,2,2,18
20260503B16,最高落札価格（電源属地別）[円/kW・30分],14.87,7.67,0.39,2.39,0,0.39,2.13,2.05,3.7,14.87
20260503B16,最低落札価格（電源属地別）[円/kW・30分],0.83,7.35,0.39,0.39,0,0.39,0.39,2.05,0.6,0.39
20260503B16,平均落札価格（電源属地別）[円/kW・30分],2.96,7.46,0.39,0.52,0,0.39,0.63,2.05,2.44,1.95
20260503B16,最高落札価格（TSO別）[円/kW・30分],14.87,7.67,0.39,2.39,0,0.39,2.13,2.05,3.7,14.87
20260503B16,最低落札価格（TSO別）[円/kW・30分],0.83,7.35,0.39,0.39,0,0.39,0.39,2.05,0.6,0.39
20260503B16,平均落札価格（TSO別）[円/kW・30分],2.96,7.46,0.39,0.52,0,0.39,0.63,2.05,2.44,1.95
20260503B16,落札量合計（TSO別）[MW],130.442,51,74.33,157.349,0,40.819,71.86,49,172,746.8
20260503B16,（内訳）自エリアからの落札量[MW],130.442,51,74.33,157.349,0,40.819,71.86,49,172,746.8
20260503B17,募集量（TSO別）[MW],71,203,619,0,47,154,114,47,155,1410
20260503B17,応札量合計（電源属地別）[MW],89,51,74.33,443.785,0,40.819,143.574,32,297,1171.508
20260503B17,落札量合計（電源属地別）[MW],89,51,74.33,249.214,0,40.819,143.574,32,297,976.937
20260503B17,応札件数（電源属地別）[件],2,3,2,3,0,1,5,2,2,20
20260503B17,落札件数（電源属地別）[件],2,3,2,2,0,1,5,2,2,19
20260503B17,最高落札価格（電源属地別）[円/kW・30分],1.01,7.66,0.39,2.54,0,0.39,2.13,2.05,3.36,7.66
20260503B17,最低落札価格（電源属地別）[円/kW・30分],0.83,7.34,0.39,0.39,0,0.39,0.39,2.05,0.39,0.39
20260503B17,平均落札価格（電源属地別）[円/kW・30分],0.99,7.45,0.39,1.66,0,0.39,0.66,2.05,2.66,1.92
20260503B17,最高落札価格（TSO別）[円/kW・30分],1.01,7.66,0.39,2.54,0,0.39,2.13,2.05,3.36,7.66
20260503B17,最低落札価格（TSO別）[円/kW・30分],0.83,7.34,0.39,0.39,0,0.39,0.39,2.05,0.39,0.39
20260503B17,平均落札価格（TSO別）[円/kW・30分],0.99,7.45,0.39,1.66,0,0.39,0.66,2.05,2.66,1.92
20260503B17,落札量合計（TSO別）[MW],89,51,74.33,249.214,0,40.819,143.574,32,297,976.937
20260503B17,（内訳）自エリアからの落札量[MW],89,51,74.33,249.214,0,40.819,143.574,32,297,976.937
20260503B18,募集量（TSO別）[MW],71,203,619,0,47,154,115,47,155,1411
20260503B18,応札量合計（電源属地別）[MW],85,51,37.157,443.785,0,40.819,143.574,31,370,1202.335
20260503B18,落札量合計（電源属地別）[MW],85,51,37.157,249.214,0,40.819,143.574,31,370,1007.764
20260503B18,応札件数（電源属地別）[件],2,3,1,3,0,1,5,2,2,19
20260503B18,落札件数（電源属地別）[件],2,3,1,2,0,1,5,2,2,18
20260503B18,最高落札価格（電源属地別）[円/kW・30分],1.01,7.67,0.39,3.88,0,0.39,2.13,2.05,3.12,7.67
20260503B18,最低落札価格（電源属地別）[円/kW・30分],0.82,7.35,0.39,0.39,0,0.39,0.39,2.05,0.39,0.39
20260503B18,平均落札価格（電源属地別）[円/kW・30分],0.99,7.46,0.39,2.45,0,0.39,0.51,2.05,2.6,2.19
20260503B18,最高落札価格（TSO別）[円/kW・30分],1.01,7.67,0.39,3.88,0,0.39,2.13,2.05,3.12,7.67
20260503B18,最低落札価格（TSO別）[円/kW・30分],0.82,7.35,0.39,0.39,0,0.39,0.39,2.05,0.39,0.39
20260503B18,平均落札価格（TSO別）[円/kW・30分],0.99,7.46,0.39,2.45,0,0.39,0.51,2.05,2.6,2.19
20260503B18,落札量合計（TSO別）[MW],85,51,37.157,249.214,0,40.819,143.574,31,370,1007.764
20260503B18,（内訳）自エリアからの落札量[MW],85,51,37.157,249.214,0,40.819,143.574,31,370,1007.764
20260503B19,募集量（TSO別）[MW],71,136,616,5,48,154,115,50,167,1362
20260503B19,応札量合計（電源属地別）[MW],80.75,126,74.33,443.785,0,40.819,143.574,31,287,1227.258
20260503B19,落札量合計（電源属地別）[MW],80.75,126,74.33,318.214,0,40.819,143.574,31,266,1080.687
20260503B19,応札件数（電源属地別）[件],3,3,2,3,0,1,5,2,2,21
20260503B19,落札件数（電源属地別）[件],3,3,2,2,0,1,5,2,2,20
20260503B19,最高落札価格（電源属地別）[円/kW・30分],7.4,8.21,0.39,3.2,0,0.39,2.13,2.05,3.31,8.21
20260503B19,最低落札価格（電源属地別）[円/kW・30分],0.39,3.9,0.39,0.39,0,0.39,0.39,2.05,0.39,0.39
20260503B19,平均落札価格（電源属地別）[円/kW・30分],1.23,5.06,0.39,1.69,0,0.39,0.51,2.05,2.59,1.98
20260503B19,最高落札価格（TSO別）[円/kW・30分],7.4,8.21,0.39,3.2,0,0.39,2.13,2.05,3.31,8.21
20260503B19,最低落札価格（TSO別）[円/kW・30分],0.39,3.9,0.39,0.39,0,0.39,0.39,2.05,0.39,0.39
20260503B19,平均落札価格（TSO別）[円/kW・30分],1.23,5.06,0.39,1.69,0,0.39,0.51,2.05,2.59,1.98
20260503B19,落札量合計（TSO別）[MW],80.75,126,74.33,318.214,0,40.819,143.574,31,266,1080.687
20260503B19,（内訳）自エリアからの落札量[MW],80.75,126,74.33,318.214,0,40.819,143.574,31,266,1080.687
20260503B20,募集量（TSO別）[MW],71,134,616,6,49,154,115,51,169,1365
20260503B20,応札量合計（電源属地別）[MW],80.75,143,37.157,443.785,0,40.819,143.574,31,370,1290.085
20260503B20,落札量合計（電源属地別）[MW],80.75,143,37.157,331.214,0,40.819,143.574,31,350,1157.514
20260503B20,応札件数（電源属地別）[件],3,4,1,3,0,1,5,2,2,21
20260503B20,落札件数（電源属地別）[件],3,4,1,2,0,1,5,2,2,20
20260503B20,最高落札価格（電源属地別）[円/kW・30分],7.4,8.61,0.39,3.64,0,0.39,2.13,2.05,3.25,8.61
20260503B20,最低落札価格（電源属地別）[円/kW・30分],0.39,3.9,0.39,0.39,0,0.39,0.39,2.05,0.39,0.39
20260503B20,平均落札価格（電源属地別）[円/kW・30分],1.23,5.48,0.39,1.83,0,0.39,0.54,2.05,2.68,2.25
20260503B20,最高落札価格（TSO別）[円/kW・30分],7.4,8.61,0.39,3.64,0,0.39,2.13,2.05,3.25,8.61
20260503B20,最低落札価格（TSO別）[円/kW・30分],0.39,3.9,0.39,0.39,0,0.39,0.39,2.05,0.39,0.39
20260503B20,平均落札価格（TSO別）[円/kW・30分],1.23,5.48,0.39,1.83,0,0.39,0.54,2.05,2.68,2.25
20260503B20,落札量合計（TSO別）[MW],80.75,143,37.157,331.214,0,40.819,143.574,31,350,1157.514
20260503B20,（内訳）自エリアからの落札量[MW],80.75,143,37.157,331.214,0,40.819,143.574,31,350,1157.514
20260503B21,募集量（TSO別）[MW],72,139,614,11,51,156,119,51,169,1382
20260503B21,応札量合計（電源属地別）[MW],80.75,143,76.862,443.785,0,40.819,143.574,31,211,1170.79
20260503B21,落札量合計（電源属地別）[MW],80.75,143,76.862,349.214,0,40.819,143.574,31,200,1065.219
20260503B21,応札件数（電源属地別）[件],3,4,2,3,0,1,5,2,2,22
20260503B21,落札件数（電源属地別）[件],3,4,2,2,0,1,5,2,2,21
20260503B21,最高落札価格（電源属地別）[円/kW・30分],7.4,9.31,0.39,3.5,0,0.39,2.13,2.05,3.15,9.31
20260503B21,最低落札価格（電源属地別）[円/kW・30分],0.39,4.21,0.39,0.39,0,0.39,0.39,2.05,0.39,0.39
20260503B21,平均落札価格（電源属地別）[円/kW・30分],1.23,5.92,0.39,1.7,0,0.39,0.55,2.05,2.24,2.04
20260503B21,最高落札価格（TSO別）[円/kW・30分],7.4,9.31,0.39,3.5,0,0.39,2.13,2.05,3.15,9.31
20260503B21,最低落札価格（TSO別）[円/kW・30分],0.39,4.21,0.39,0.39,0,0.39,0.39,2.05,0.39,0.39
20260503B21,平均落札価格（TSO別）[円/kW・30分],1.23,5.92,0.39,1.7,0,0.39,0.55,2.05,2.24,2.04
20260503B21,落札量合計（TSO別）[MW],80.75,143,76.862,349.214,0,40.819,143.574,31,200,1065.219
20260503B21,（内訳）自エリアからの落札量[MW],80.75,143,76.862,349.214,0,40.819,143.574,31,200,1065.219
20260503B22,募集量（TSO別）[MW],71,139,616,12,51,156,119,52,170,1386
20260503B22,応札量合計（電源属地別）[MW],80.75,143,74.33,443.785,0,40.819,143.574,31,261,1218.258
20260503B22,落札量合計（電源属地別）[MW],80.75,143,74.33,361.214,0,40.819,143.574,31,202,1076.687
20260503B22,応札件数（電源属地別）[件],3,4,2,3,0,1,5,2,2,22
20260503B22,落札件数（電源属地別）[件],3,4,2,2,0,1,5,2,2,21
20260503B22,最高落札価格（電源属地別）[円/kW・30分],7.4,9.82,0.59,3.68,0,0.39,2.13,2.05,2.54,9.82
20260503B22,最低落札価格（電源属地別）[円/kW・30分],0.39,4.44,0.39,0.39,0,0.39,0.39,2.05,0.39,0.39
20260503B22,平均落札価格（電源属地別）[円/kW・30分],1.23,6.24,0.49,1.73,0,0.39,0.51,2.05,1.79,2.01
20260503B22,最高落札価格（TSO別）[円/kW・30分],7.4,9.82,0.59,3.68,0,0.39,2.13,2.05,2.54,9.82
20260503B22,最低落札価格（TSO別）[円/kW・30分],0.39,4.44,0.39,0.39,0,0.39,0.39,2.05,0.39,0.39
20260503B22,平均落札価格（TSO別）[円/kW・30分],1.23,6.24,0.49,1.73,0,0.39,0.51,2.05,1.79,2.01
20260503B22,落札量合計（TSO別）[MW],80.75,143,74.33,361.214,0,40.819,143.574,31,202,1076.687
20260503B22,（内訳）自エリアからの落札量[MW],80.75,143,74.33,361.214,0,40.819,143.574,31,202,1076.687
20260503B23,募集量（TSO別）[MW],71,138,611,13,51,154,119,52,169,1378
20260503B23,応札量合計（電源属地別）[MW],80.75,143,74.33,443.785,0,40.819,143.574,31,270,1227.258
20260503B23,落札量合計（電源属地別）[MW],80.75,143,74.33,369.214,0,40.819,143.574,31,202,1084.687
20260503B23,応札件数（電源属地別）[件],3,4,2,3,0,1,5,2,2,22
20260503B23,落札件数（電源属地別）[件],3,4,2,2,0,1,5,2,2,21
20260503B23,最高落札価格（電源属地別）[円/kW・30分],7.4,9.06,0.39,3.26,0,0.39,2.13,2.05,3.08,9.06
20260503B23,最低落札価格（電源属地別）[円/kW・30分],0.39,4.1,0.39,0.39,0,0.39,0.39,2.05,0.39,0.39
20260503B23,平均落札価格（電源属地別）[円/kW・30分],1.23,5.76,0.39,1.53,0,0.39,0.57,2.05,2.15,1.95
20260503B23,最高落札価格（TSO別）[円/kW・30分],7.4,9.06,0.39,3.26,0,0.39,2.13,2.05,3.08,9.06
20260503B23,最低落札価格（TSO別）[円/kW・30分],0.39,4.1,0.39,0.39,0,0.39,0.39,2.05,0.39,0.39
20260503B23,平均落札価格（TSO別）[円/kW・30分],1.23,5.76,0.39,1.53,0,0.39,0.57,2.05,2.15,1.95
20260503B23,落札量合計（TSO別）[MW],80.75,143,74.33,369.214,0,40.819,143.574,31,202,1084.687
20260503B23,（内訳）自エリアからの落札量[MW],80.75,143,74.33,369.214,0,40.819,143.574,31,202,1084.687
20260503B24,募集量（TSO別）[MW],72,139,616,13,52,156,119,52,168,1387
20260503B24,応札量合計（電源属地別）[MW],100.75,143,74.33,443.785,0,40.819,143.574,31,236,1213.258
20260503B24,落札量合計（電源属地別）[MW],100.75,143,74.33,370.214,0,40.819,143.574,31,202,1105.687
20260503B24,応札件数（電源属地別）[件],4,4,2,2,0,1,5,2,2,22
20260503B24,落札件数（電源属地別）[件],4,4,2,2,0,1,5,2,2,22
20260503B24,最高落札価格（電源属地別）[円/kW・30分],11.8,9.12,0.39,3.05,0,0.39,2.13,2.05,2.99,11.8
20260503B24,最低落札価格（電源属地別）[円/kW・30分],0.39,4.13,0.39,0.39,0,0.39,0.39,2.05,0.39,0.39
20260503B24,平均落札価格（電源属地別）[円/kW・30分],3.33,5.8,0.39,1.45,0,0.39,0.56,2.05,2.09,2.09
20260503B24,最高落札価格（TSO別）[円/kW・30分],11.8,9.12,0.39,3.05,0,0.39,2.13,2.05,2.99,11.8
20260503B24,最低落札価格（TSO別）[円/kW・30分],0.39,4.13,0.39,0.39,0,0.39,0.39,2.05,0.39,0.39
20260503B24,平均落札価格（TSO別）[円/kW・30分],3.33,5.8,0.39,1.45,0,0.39,0.56,2.05,2.09,2.09
20260503B24,落札量合計（TSO別）[MW],100.75,143,74.33,370.214,0,40.819,143.574,31,202,1105.687
20260503B24,（内訳）自エリアからの落札量[MW],100.75,143,74.33,370.214,0,40.819,143.574,31,202,1105.687
20260503B25,募集量（TSO別）[MW],73,143,624,7,49,157,120,54,167,1394
20260503B25,応札量合計（電源属地別）[MW],100.75,143,74.33,443.785,0,40.819,143.574,30,321,1297.258
20260503B25,落札量合計（電源属地別）[MW],100.75,143,74.33,420.214,0,40.819,143.574,30,252,1204.687
20260503B25,応札件数（電源属地別）[件],4,4,2,3,0,1,5,2,2,23
20260503B25,落札件数（電源属地別）[件],4,4,2,2,0,1,5,2,2,22
20260503B25,最高落札価格（電源属地別）[円/kW・30分],11.8,9.29,0.39,3.08,0,0.39,2.13,2.05,3.25,11.8
20260503B25,最低落札価格（電源属地別）[円/kW・30分],0.39,4.2,0.39,0.39,0,0.39,0.39,2.05,0.39,0.39
20260503B25,平均落札価格（電源属地別）[円/kW・30分],3.43,5.9,0.39,1.33,0,0.39,0.51,2.05,2.5,2.12
20260503B25,最高落札価格（TSO別）[円/kW・30分],11.8,9.29,0.39,3.08,0,0.39,2.13,2.05,3.25,11.8
20260503B25,最低落札価格（TSO別）[円/kW・30分],0.39,4.2,0.39,0.39,0,0.39,0.39,2.05,0.39,0.39
20260503B25,平均落札価格（TSO別）[円/kW・30分],3.43,5.9,0.39,1.33,0,0.39,0.51,2.05,2.5,2.12
20260503B25,落札量合計（TSO別）[MW],100.75,143,74.33,420.214,0,40.819,143.574,30,252,1204.687
20260503B25,（内訳）自エリアからの落札量[MW],100.75,143,74.33,420.214,0,40.819,143.574,30,252,1204.687
20260503B26,募集量（TSO別）[MW],73,143,626,7,49,157,120,54,168,1397
20260503B26,応札量合計（電源属地別）[MW],100.75,143,74.33,443.785,0,40.819,95.704,30,329,1257.388
20260503B26,落札量合計（電源属地別）[MW],100.75,143,74.33,420.214,0,40.819,95.704,30,261,1165.817
20260503B26,応札件数（電源属地別）[件],4,4,2,3,0,1,4,2,2,22
20260503B26,落札件数（電源属地別）[件],4,4,2,2,0,1,4,2,2,21
20260503B26,最高落札価格（電源属地別）[円/kW・30分],11.8,9.28,0.39,3.05,0,0.39,2.13,2.05,3.24,11.8
20260503B26,最低落札価格（電源属地別）[円/kW・30分],0.39,4.2,0.39,0.39,0,0.39,0.39,2.05,0.39,0.39
20260503B26,平均落札価格（電源属地別）[円/kW・30分],3.43,5.9,0.39,1.32,0,0.39,0.57,2.05,2.52,2.2
20260503B26,最高落札価格（TSO別）[円/kW・30分],11.8,9.28,0.39,3.05,0,0.39,2.13,2.05,3.24,11.8
20260503B26,最低落札価格（TSO別）[円/kW・30分],0.39,4.2,0.39,0.39,0,0.39,0.39,2.05,0.39,0.39
20260503B26,平均落札価格（TSO別）[円/kW・30分],3.43,5.9,0.39,1.32,0,0.39,0.57,2.05,2.52,2.2
20260503B26,落札量合計（TSO別）[MW],100.75,143,74.33,420.214,0,40.819,95.704,30,261,1165.817
20260503B26,（内訳）自エリアからの落札量[MW],100.75,143,74.33,420.214,0,40.819,95.704,30,261,1165.817
20260503B27,募集量（TSO別）[MW],73,143,627,7,49,157,120,54,168,1398
20260503B27,応札量合計（電源属地別）[MW],100.75,143,37.157,443.785,0,40.819,119.904,64,173,1122.415
20260503B27,落札量合計（電源属地別）[MW],100.75,143,37.157,420.214,0,40.819,119.904,64,173,1098.844
20260503B27,応札件数（電源属地別）[件],4,4,1,3,0,1,3,3,2,21
20260503B27,落札件数（電源属地別）[件],4,4,1,2,0,1,3,3,2,20
20260503B27,最高落札価格（電源属地別）[円/kW・30分],11.8,8.44,0.39,2.9,0,0.39,1.02,4.19,3.7,11.8
20260503B27,最低落札価格（電源属地別）[円/kW・30分],0.39,3.82,0.39,0.39,0,0.39,0.71,2.05,0.6,0.39
20260503B27,平均落札価格（電源属地別）[円/kW・30分],3.43,5.37,0.39,1.27,0,0.39,0.9,2.38,2.45,2.15
20260503B27,最高落札価格（TSO別）[円/kW・30分],11.8,8.44,0.39,2.9,0,0.39,1.02,4.19,3.7,11.8
20260503B27,最低落札価格（TSO別）[円/kW・30分],0.39,3.82,0.39,0.39,0,0.39,0.71,2.05,0.6,0.39
20260503B27,平均落札価格（TSO別）[円/kW・30分],3.43,5.37,0.39,1.27,0,0.39,0.9,2.38,2.45,2.15
20260503B27,落札量合計（TSO別）[MW],100.75,143,37.157,420.214,0,40.819,119.904,64,173,1098.844
20260503B27,（内訳）自エリアからの落札量[MW],100.75,143,37.157,420.214,0,40.819,119.904,64,173,1098.844
20260503B28,募集量（TSO別）[MW],73,140,622,5,49,155,120,53,168,1385
20260503B28,応札量合計（電源属地別）[MW],80.75,143,74.33,443.785,0,40.819,119.904,23,240,1165.588
20260503B28,落札量合計（電源属地別）[MW],80.75,143,74.33,420.214,0,40.819,119.904,23,240,1142.017
20260503B28,応札件数（電源属地別）[件],3,4,2,2,0,1,3,2,2,19
20260503B28,落札件数（電源属地別）[件],3,4,2,2,0,1,3,2,2,19
20260503B28,最高落札価格（電源属地別）[円/kW・30分],10.1,8.1,1.65,3.12,0,0.39,1.05,2.05,3.87,10.1
20260503B28,最低落札価格（電源属地別）[円/kW・30分],0.43,3.67,1.12,0.39,0,0.39,0.74,2.05,0.77,0.39
20260503B28,平均落札価格（電源属地別）[円/kW・30分],1.36,5.16,1.39,1.35,0,0.39,0.93,2.05,2.97,2.1
20260503B28,最高落札価格（TSO別）[円/kW・30分],10.1,8.1,1.65,3.12,0,0.39,1.05,2.05,3.87,10.1
20260503B28,最低落札価格（TSO別）[円/kW・30分],0.43,3.67,1.12,0.39,0,0.39,0.74,2.05,0.77,0.39
20260503B28,平均落札価格（TSO別）[円/kW・30分],1.36,5.16,1.39,1.35,0,0.39,0.93,2.05,2.97,2.1
20260503B28,落札量合計（TSO別）[MW],80.75,143,74.33,420.214,0,40.819,119.904,23,240,1142.017
20260503B28,（内訳）自エリアからの落札量[MW],80.75,143,74.33,420.214,0,40.819,119.904,23,240,1142.017
20260503B29,募集量（TSO別）[MW],72,139,617,4,49,154,120,53,168,1376
20260503B29,応札量合計（電源属地別）[MW],70.75,143,50.661,443.785,0,40.819,114.34,26,170,1059.355
20260503B29,落札量合計（電源属地別）[MW],70.75,143,50.661,416.214,0,40.819,114.34,26,170,1031.784
20260503B29,応札件数（電源属地別）[件],2,4,2,2,0,1,3,2,2,18
20260503B29,落札件数（電源属地別）[件],2,4,2,2,0,1,3,2,2,18
20260503B29,最高落札価格（電源属地別）[円/kW・30分],10.1,6.39,2.21,2.43,0,0.39,1.14,2.05,3.97,10.1
20260503B29,最低落札価格（電源属地別）[円/kW・30分],1.01,2.92,1.73,0.39,0,0.39,0.83,2.05,0.87,0.39
20260503B29,平均落札価格（電源属地別）[円/kW・30分],1.49,4.11,1.86,1.11,0,0.39,1.03,2.05,2.69,1.84
20260503B29,最高落札価格（TSO別）[円/kW・30分],10.1,6.39,2.21,2.43,0,0.39,1.14,2.05,3.97,10.1
20260503B29,最低落札価格（TSO別）[円/kW・30分],1.01,2.92,1.73,0.39,0,0.39,0.83,2.05,0.87,0.39
20260503B29,平均落札価格（TSO別）[円/kW・30分],1.49,4.11,1.86,1.11,0,0.39,1.03,2.05,2.69,1.84
20260503B29,落札量合計（TSO別）[MW],70.75,143,50.661,416.214,0,40.819,114.34,26,170,1031.784
20260503B29,（内訳）自エリアからの落札量[MW],70.75,143,50.661,416.214,0,40.819,114.34,26,170,1031.784
20260503B30,募集量（TSO別）[MW],72,138,614,2,49,153,120,52,167,1367
20260503B30,応札量合計（電源属地別）[MW],114.75,143,63.637,443.785,0,40.819,96.06,64,170,1136.051
20260503B30,落札量合計（電源属地別）[MW],114.75,143,63.637,408.214,0,40.819,96.06,64,170,1100.48
20260503B30,応札件数（電源属地別）[件],2,4,2,2,0,1,2,3,2,18
20260503B30,落札件数（電源属地別）[件],2,4,2,2,0,1,2,3,2,18
20260503B30,最高落札価格（電源属地別）[円/kW・30分],10.1,4.98,1.84,2.11,0,0.39,1.02,4.19,4.36,10.1
20260503B30,最低落札価格（電源属地別）[円/kW・30分],1.04,2.3,1.55,0.57,0,0.39,0.87,2.05,1.26,0.39
20260503B30,平均落札価格（電源属地別）[円/kW・30分],1.34,3.24,1.67,1.12,0,0.39,0.95,2.45,3.08,1.79
20260503B30,最高落札価格（TSO別）[円/kW・30分],10.1,4.98,1.84,2.11,0,0.39,1.02,4.19,4.36,10.1
20260503B30,最低落札価格（TSO別）[円/kW・30分],1.04,2.3,1.55,0.57,0,0.39,0.87,2.05,1.26,0.39
20260503B30,平均落札価格（TSO別）[円/kW・30分],1.34,3.24,1.67,1.12,0,0.39,0.95,2.45,3.08,1.79
20260503B30,落札量合計（TSO別）[MW],114.75,143,63.637,408.214,0,40.819,96.06,64,170,1100.48
20260503B30,（内訳）自エリアからの落札量[MW],114.75,143,63.637,408.214,0,40.819,96.06,64,170,1100.48
20260503B31,募集量（TSO別）[MW],66,193,596,0,48,142,114,45,156,1360
20260503B31,応札量合計（電源属地別）[MW],93.75,51,22.87,443.785,0,0,96.06,30,170,907.465
20260503B31,落札量合計（電源属地別）[MW],93.75,51,22.87,329.214,0,0,96.06,30,170,792.894
20260503B31,応札件数（電源属地別）[件],2,3,1,2,0,0,2,2,2,14
20260503B31,落札件数（電源属地別）[件],2,3,1,2,0,0,2,2,2,14
20260503B31,最高落札価格（電源属地別）[円/kW・30分],4,4.18,2.18,1.84,0,0,0.72,2.05,4.36,4.36
20260503B31,最低落札価格（電源属地別）[円/kW・30分],1.01,4.14,2.18,1.15,0,0,0.57,2.05,1.26,0.57
20260503B31,平均落札価格（電源属地別）[円/kW・30分],1.13,4.17,2.18,1.42,0,0,0.65,2.05,3.08,1.87
20260503B31,最高落札価格（TSO別）[円/kW・30分],4,4.18,2.18,1.84,0,0,0.72,2.05,4.36,4.36
20260503B31,最低落札価格（TSO別）[円/kW・30分],1.01,4.14,2.18,1.15,0,0,0.57,2.05,1.26,0.57
20260503B31,平均落札価格（TSO別）[円/kW・30分],1.13,4.17,2.18,1.42,0,0,0.65,2.05,3.08,1.87
20260503B31,落札量合計（TSO別）[MW],93.75,51,22.87,329.214,0,0,96.06,30,170,792.894
20260503B31,（内訳）自エリアからの落札量[MW],93.75,51,22.87,329.214,0,0,96.06,30,170,792.894
20260503B32,募集量（TSO別）[MW],66,193,596,0,48,142,114,45,156,1360
20260503B32,応札量合計（電源属地別）[MW],72.75,51,122.398,443.785,0,0,96.06,30,146,961.993
20260503B32,落札量合計（電源属地別）[MW],72.75,51,122.398,323.514,0,0,96.06,30,146,841.722
20260503B32,応札件数（電源属地別）[件],2,3,4,3,0,0,2,2,2,18
20260503B32,落札件数（電源属地別）[件],2,3,4,3,0,0,2,2,2,18
20260503B32,最高落札価格（電源属地別）[円/kW・30分],4,5.32,2.34,2.29,0,0,0.73,2.05,3.7,5.32
20260503B32,最低落札価格（電源属地別）[円/kW・30分],1.01,5.23,1.52,0.92,0,0,0.59,2.05,0.6,0.59
20260503B32,平均落札価格（電源属地別）[円/kW・30分],1.16,5.26,2.03,1.52,0,0,0.66,2.05,2.21,1.83
20260503B32,最高落札価格（TSO別）[円/kW・30分],4,5.32,2.34,2.29,0,0,0.73,2.05,3.7,5.32
20260503B32,最低落札価格（TSO別）[円/kW・30分],1.01,5.23,1.52,0.92,0,0,0.59,2.05,0.6,0.59
20260503B32,平均落札価格（TSO別）[円/kW・30分],1.16,5.26,2.03,1.52,0,0,0.66,2.05,2.21,1.83
20260503B32,落札量合計（TSO別）[MW],72.75,51,122.398,323.514,0,0,96.06,30,146,841.722
20260503B32,（内訳）自エリアからの落札量[MW],72.75,51,122.398,323.514,0,0,96.06,30,146,841.722
20260503B33,募集量（TSO別）[MW],66,193,596,0,48,142,114,45,156,1360
20260503B33,応札量合計（電源属地別）[MW],114.75,51,121.851,442.077,0,0,96.06,31,170,1026.738
20260503B33,落札量合計（電源属地別）[MW],114.75,51,121.851,313,0,0,96.06,31,170,897.661
20260503B33,応札件数（電源属地別）[件],2,3,5,2,0,0,2,2,2,18
20260503B33,落札件数（電源属地別）[件],2,3,5,2,0,0,2,2,2,18
20260503B33,最高落札価格（電源属地別）[円/kW・30分],4,7.36,0.39,1.87,0,0,0.73,2.05,3.5,7.36
20260503B33,最低落札価格（電源属地別）[円/kW・30分],1.01,7.07,0.39,1.85,0,0,0.59,2.05,0.4,0.39
20260503B33,平均落札価格（電源属地別）[円/kW・30分],1.11,7.17,0.39,1.86,0,0,0.66,2.05,2.22,1.81
20260503B33,最高落札価格（TSO別）[円/kW・30分],4,7.36,0.39,1.87,0,0,0.73,2.05,3.5,7.36
20260503B33,最低落札価格（TSO別）[円/kW・30分],1.01,7.07,0.39,1.85,0,0,0.59,2.05,0.4,0.39
20260503B33,平均落札価格（TSO別）[円/kW・30分],1.11,7.17,0.39,1.86,0,0,0.66,2.05,2.22,1.81
20260503B33,落札量合計（TSO別）[MW],114.75,51,121.851,313,0,0,96.06,31,170,897.661
20260503B33,（内訳）自エリアからの落札量[MW],114.75,51,121.851,313,0,0,96.06,31,170,897.661
20260503B34,募集量（TSO別）[MW],66,190,595,0,48,142,114,44,154,1353
20260503B34,応札量合計（電源属地別）[MW],114.75,51,122.457,336.168,0,0,96.06,91,224,1035.435
20260503B34,落札量合計（電源属地別）[MW],114.75,51,122.457,258.798,0,0,96.06,91,224,958.065
20260503B34,応札件数（電源属地別）[件],2,3,5,3,0,0,2,3,3,21
20260503B34,落札件数（電源属地別）[件],2,3,5,3,0,0,2,3,3,21
20260503B34,最高落札価格（電源属地別）[円/kW・30分],4,5.36,1.87,0.61,0,0,0.96,2.05,2.23,5.36
20260503B34,最低落札価格（電源属地別）[円/kW・30分],1.01,5.27,1.16,0.59,0,0,0.82,1.07,0.61,0.59
20260503B34,平均落札価格（電源属地別）[円/kW・30分],1.11,5.3,1.46,0.6,0,0,0.89,1.6,1.69,1.4
20260503B34,最高落札価格（TSO別）[円/kW・30分],4,5.36,1.87,0.61,0,0,0.96,2.05,2.23,5.36
20260503B34,最低落札価格（TSO別）[円/kW・30分],1.01,5.27,1.16,0.59,0,0,0.82,1.07,0.61,0.59
20260503B34,平均落札価格（TSO別）[円/kW・30分],1.11,5.3,1.46,0.6,0,0,0.89,1.6,1.69,1.4
20260503B34,落札量合計（TSO別）[MW],114.75,51,122.457,258.798,0,0,96.06,91,224,958.065
20260503B34,（内訳）自エリアからの落札量[MW],114.75,51,122.457,258.798,0,0,96.06,91,224,958.065
20260503B35,募集量（TSO別）[MW],66,185,596,0,47,141,113,44,151,1343
20260503B35,応札量合計（電源属地別）[MW],28.75,34,231.413,294.168,0,0,96.06,58,534,1276.391
20260503B35,落札量合計（電源属地別）[MW],28.75,34,231.413,231.799,0,0,96.06,58,534,1214.022
20260503B35,応札件数（電源属地別）[件],2,2,9,2,0,0,2,3,5,25
20260503B35,落札件数（電源属地別）[件],2,2,9,2,0,0,2,3,5,25
20260503B35,最高落札価格（電源属地別）[円/kW・30分],4.4,4.66,10.31,0.41,0,0,1.14,2.05,3.85,10.31
20260503B35,最低落札価格（電源属地別）[円/kW・30分],4,4.66,0.95,0.39,0,0,0.99,1.07,2.23,0.39
20260503B35,平均落札価格（電源属地別）[円/kW・30分],4.35,4.66,4.63,0.4,0,0,1.07,1.34,3.62,2.93
20260503B35,最高落札価格（TSO別）[円/kW・30分],4.4,4.66,10.31,0.41,0,0,1.14,2.05,3.85,10.31
20260503B35,最低落札価格（TSO別）[円/kW・30分],4,4.66,0.95,0.39,0,0,0.99,1.07,2.23,0.39
20260503B35,平均落札価格（TSO別）[円/kW・30分],4.35,4.66,4.63,0.4,0,0,1.07,1.34,3.62,2.93
20260503B35,落札量合計（TSO別）[MW],28.75,34,231.413,231.799,0,0,96.06,58,534,1214.022
20260503B35,（内訳）自エリアからの落札量[MW],28.75,34,231.413,231.799,0,0,96.06,58,534,1214.022
20260503B36,募集量（TSO別）[MW],66,181,595,0,47,141,112,43,150,1335
20260503B36,応札量合計（電源属地別）[MW],270.75,34,244.417,147.077,0,0,195.304,58,557,1506.548
20260503B36,落札量合計（電源属地別）[MW],217.01,34,244.417,105.864,0,0,195.304,58,557,1411.595
20260503B36,応札件数（電源属地別）[件],5,2,10,1,0,0,4,3,5,30
20260503B36,落札件数（電源属地別）[件],5,2,10,1,0,0,4,3,5,30
20260503B36,最高落札価格（電源属地別）[円/kW・30分],11.8,4.19,9.6,0.39,0,0,15.01,2.05,4.33,15.01
20260503B36,最低落札価格（電源属地別）[円/kW・30分],1.93,4.19,0.71,0.39,0,0,3.37,1.34,2.71,0.39
20260503B36,平均落札価格（電源属地別）[円/kW・30分],4.67,4.19,2.66,0.39,0,0,10.56,1.54,4.11,4.45
20260503B36,最高落札価格（TSO別）[円/kW・30分],11.8,4.19,9.6,0.39,0,0,15.01,2.05,4.33,15.01
20260503B36,最低落札価格（TSO別）[円/kW・30分],1.93,4.19,0.71,0.39,0,0,3.37,1.34,2.71,0.39
20260503B36,平均落札価格（TSO別）[円/kW・30分],4.67,4.19,2.66,0.39,0,0,10.56,1.54,4.11,4.45
20260503B36,落札量合計（TSO別）[MW],217.01,34,244.417,105.864,0,0,195.304,58,557,1411.595
20260503B36,（内訳）自エリアからの落札量[MW],217.01,34,244.417,105.864,0,0,195.304,58,557,1411.595
20260503B37,募集量（TSO別）[MW],65,175,592,0,46,139,112,40,144,1313
20260503B37,応札量合計（電源属地別）[MW],243,34,225.723,845.789,0,0,195.304,15,321,1879.816
20260503B37,落札量合計（電源属地別）[MW],213,34,225.723,62,0,0,112,15,167.267,828.99
20260503B37,応札件数（電源属地別）[件],4,2,9,10,0,0,4,1,5,35
20260503B37,落札件数（電源属地別）[件],4,2,9,3,0,0,3,1,4,26
20260503B37,最高落札価格（電源属地別）[円/kW・30分],10,3.54,8.25,3.4,0,0,15.07,2.05,4.46,15.07
20260503B37,最低落札価格（電源属地別）[円/kW・30分],2.58,3.54,0.42,1.59,0,0,3.23,2.05,2.84,0.42
20260503B37,平均落札価格（電源属地別）[円/kW・30分],4.63,3.54,4.32,2.8,0,0,9.54,2.05,4.24,4.9
20260503B37,最高落札価格（TSO別）[円/kW・30分],10,3.54,8.25,3.4,0,0,15.07,2.05,4.46,15.07
20260503B37,最低落札価格（TSO別）[円/kW・30分],2.58,3.54,0.42,1.59,0,0,3.23,2.05,2.84,0.42
20260503B37,平均落札価格（TSO別）[円/kW・30分],4.63,3.54,4.32,2.8,0,0,9.54,2.05,4.24,4.9
20260503B37,落札量合計（TSO別）[MW],213,34,225.723,62,0,0,112,15,167.267,828.99
20260503B37,（内訳）自エリアからの落札量[MW],213,34,225.723,62,0,0,112,15,167.267,828.99
20260503B38,募集量（TSO別）[MW],65,175,591,0,46,139,112,40,144,1312
20260503B38,応札量合計（電源属地別）[MW],285.843,34,212.387,945.429,0,0,195.304,16,321,2009.963
20260503B38,落札量合計（電源属地別）[MW],238.31,34,212.387,100.756,0,0,112,16,167.267,880.72
20260503B38,応札件数（電源属地別）[件],5,2,11,13,0,0,4,2,5,42
20260503B38,落札件数（電源属地別）[件],5,2,11,5,0,0,3,2,4,32
20260503B38,最高落札価格（電源属地別）[円/kW・30分],14.87,3.2,8.26,3.17,0,0,15,2.05,4.63,15
20260503B38,最低落札価格（電源属地別）[円/kW・30分],2.92,3.2,0.54,1.56,0,0,3.37,2.05,3.01,0.54
20260503B38,平均落札価格（電源属地別）[円/kW・30分],6.48,3.2,4.45,1.95,0,0,9.54,2.05,4.41,5.26
20260503B38,最高落札価格（TSO別）[円/kW・30分],14.87,3.2,8.26,3.17,0,0,15,2.05,4.63,15
20260503B38,最低落札価格（TSO別）[円/kW・30分],2.92,3.2,0.54,1.56,0,0,3.37,2.05,3.01,0.54
20260503B38,平均落札価格（TSO別）[円/kW・30分],6.48,3.2,4.45,1.95,0,0,9.54,2.05,4.41,5.26
20260503B38,落札量合計（TSO別）[MW],238.31,34,212.387,100.756,0,0,112,16,167.267,880.72
20260503B38,（内訳）自エリアからの落札量[MW],238.31,34,212.387,100.756,0,0,112,16,167.267,880.72
20260503B39,募集量（TSO別）[MW],65,175,592,0,45,139,112,40,144,1312
20260503B39,応札量合計（電源属地別）[MW],242,34,212.757,1334.172,0,0,195.304,15,321,2354.233
20260503B39,落札量合計（電源属地別）[MW],220.3,34,212.757,75.816,0,0,112,15,162.724,832.597
20260503B39,応札件数（電源属地別）[件],4,2,11,20,0,0,4,1,5,47
20260503B39,落札件数（電源属地別）[件],4,2,11,4,0,0,3,1,4,29
20260503B39,最高落札価格（電源属地別）[円/kW・30分],10,3.28,8.3,2.45,0,0,15,2.05,4.55,15
20260503B39,最低落札価格（電源属地別）[円/kW・30分],2.84,3.28,0.6,1.54,0,0,3.37,2.05,2.93,0.6
20260503B39,平均落札価格（電源属地別）[円/kW・30分],4.7,3.28,4.57,1.96,0,0,9.54,2.05,4.33,4.89
20260503B39,最高落札価格（TSO別）[円/kW・30分],10,3.28,8.3,2.45,0,0,15,2.05,4.55,15
20260503B39,最低落札価格（TSO別）[円/kW・30分],2.84,3.28,0.6,1.54,0,0,3.37,2.05,2.93,0.6
20260503B39,平均落札価格（TSO別）[円/kW・30分],4.7,3.28,4.57,1.96,0,0,9.54,2.05,4.33,4.89
20260503B39,落札量合計（TSO別）[MW],220.3,34,212.757,75.816,0,0,112,15,162.724,832.597
20260503B39,（内訳）自エリアからの落札量[MW],220.3,34,212.757,75.816,0,0,112,15,162.724,832.597
20260503B40,募集量（TSO別）[MW],65,175,591,0,46,139,112,40,144,1312
20260503B40,応札量合計（電源属地別）[MW],311.843,34,246.289,1273.757,0,0,195.304,17,321,2399.193
20260503B40,落札量合計（電源属地別）[MW],220.3,34,246.289,77.455,0,0,112,17,165.467,872.511
20260503B40,応札件数（電源属地別）[件],6,2,11,17,0,0,4,2,5,47
20260503B40,落札件数（電源属地別）[件],2,2,11,5,0,0,3,2,4,29
20260503B40,最高落札価格（電源属地別）[円/kW・30分],5.07,3.91,8.67,3.84,0,0,15.07,2.05,4.38,15.07
20260503B40,最低落札価格（電源属地別）[円/kW・30分],2.21,3.91,1.08,1.49,0,0,3.23,2.05,2.76,1.08
20260503B40,平均落札価格（電源属地別）[円/kW・30分],4.5,3.91,3.87,2.42,0,0,9.54,2.05,4.16,4.65
20260503B40,最高落札価格（TSO別）[円/kW・30分],5.07,3.91,8.67,3.84,0,0,15.07,2.05,4.38,15.07
20260503B40,最低落札価格（TSO別）[円/kW・30分],2.21,3.91,1.08,1.49,0,0,3.23,2.05,2.76,1.08
20260503B40,平均落札価格（TSO別）[円/kW・30分],4.5,3.91,3.87,2.42,0,0,9.54,2.05,4.16,4.65
20260503B40,落札量合計（TSO別）[MW],220.3,34,246.289,77.455,0,0,112,17,165.467,872.511
20260503B40,（内訳）自エリアからの落札量[MW],220.3,34,246.289,77.455,0,0,112,17,165.467,872.511
20260503B41,募集量（TSO別）[MW],65,174,590,0,46,139,112,40,143,1309
20260503B41,応札量合計（電源属地別）[MW],267,34,190.86,1273.757,0,0,267.164,16,316,2364.781
20260503B41,落札量合計（電源属地別）[MW],214.1,34,190.86,62.54,0,0,151.03,16,173.188,841.718
20260503B41,応札件数（電源属地別）[件],5,2,7,17,0,0,7,2,5,45
20260503B41,落札件数（電源属地別）[件],3,2,7,4,0,0,5,2,4,27
20260503B41,最高落札価格（電源属地別）[円/kW・30分],5.07,4.49,2.29,3.88,0,0,3.23,2.05,4.27,5.07
20260503B41,最低落札価格（電源属地別）[円/kW・30分],1.61,4.49,0.71,1.63,0,0,0.39,2.05,2.65,0.39
20260503B41,平均落札価格（電源属地別）[円/kW・30分],4.34,4.49,1.73,2.57,0,0,1.41,2.05,4.06,3
20260503B41,最高落札価格（TSO別）[円/kW・30分],5.07,4.49,2.29,3.88,0,0,3.23,2.05,4.27,5.07
20260503B41,最低落札価格（TSO別）[円/kW・30分],1.61,4.49,0.71,1.63,0,0,0.39,2.05,2.65,0.39
20260503B41,平均落札価格（TSO別）[円/kW・30分],4.34,4.49,1.73,2.57,0,0,1.41,2.05,4.06,3
20260503B41,落札量合計（TSO別）[MW],214.1,34,190.86,62.54,0,0,151.03,16,173.188,841.718
20260503B41,（内訳）自エリアからの落札量[MW],214.1,34,190.86,62.54,0,0,151.03,16,173.188,841.718
20260503B42,募集量（TSO別）[MW],65,174,592,0,46,139,112,39,144,1311
20260503B42,応札量合計（電源属地別）[MW],99.843,34,190.86,1273.757,0,0,267.164,15,306,2186.624
20260503B42,落札量合計（電源属地別）[MW],99.843,34,190.86,73.769,0,0,151.03,15,171.198,735.7
20260503B42,応札件数（電源属地別）[件],4,2,7,17,0,0,7,1,5,43
20260503B42,落札件数（電源属地別）[件],4,2,7,4,0,0,5,1,4,27
20260503B42,最高落札価格（電源属地別）[円/kW・30分],14.87,4.66,1.48,3.87,0,0,2.13,2.05,4.24,14.87
20260503B42,最低落札価格（電源属地別）[円/kW・30分],1.39,4.66,0.76,1.6,0,0,0.39,2.05,2.62,0.39
20260503B42,平均落札価格（電源属地別）[円/kW・30分],8.32,4.66,1.04,2.21,0,0,0.97,2.05,4.03,3.02
20260503B42,最高落札価格（TSO別）[円/kW・30分],14.87,4.66,1.48,3.87,0,0,2.13,2.05,4.24,14.87
20260503B42,最低落札価格（TSO別）[円/kW・30分],1.39,4.66,0.76,1.6,0,0,0.39,2.05,2.62,0.39
20260503B42,平均落札価格（TSO別）[円/kW・30分],8.32,4.66,1.04,2.21,0,0,0.97,2.05,4.03,3.02
20260503B42,落札量合計（TSO別）[MW],99.843,34,190.86,73.769,0,0,151.03,15,171.198,735.7
20260503B42,（内訳）自エリアからの落札量[MW],99.843,34,190.86,73.769,0,0,151.03,15,171.198,735.7
20260503B43,募集量（TSO別）[MW],65,86,596,0,46,145,112,39,144,1233
20260503B43,応札量合計（電源属地別）[MW],220,34,190.676,1187.095,0,0,225.936,49,306,2212.707
20260503B43,落札量合計（電源属地別）[MW],202,34,190.676,113,0,0,135.824,39,177.172,891.672
20260503B43,応札件数（電源属地別）[件],4,2,7,16,0,0,7,3,5,44
20260503B43,落札件数（電源属地別）[件],4,2,7,7,0,0,5,3,4,32
20260503B43,最高落札価格（電源属地別）[円/kW・30分],11.5,4.64,2.41,2.97,0,0,16.08,2.05,4.17,16.08
20260503B43,最低落札価格（電源属地別）[円/kW・30分],4.25,4.64,1.53,1.59,0,0,0.39,0.96,2.55,0.39
20260503B43,平均落札価格（電源属地別）[円/kW・30分],5.14,4.64,1.93,1.88,0,0,6.21,1.1,3.97,3.78
20260503B43,最高落札価格（TSO別）[円/kW・30分],11.5,4.64,2.41,2.97,0,0,16.08,2.05,4.17,16.08
20260503B43,最低落札価格（TSO別）[円/kW・30分],4.25,4.64,1.53,1.59,0,0,0.39,0.96,2.55,0.39
20260503B43,平均落札価格（TSO別）[円/kW・30分],5.14,4.64,1.93,1.88,0,0,6.21,1.1,3.97,3.78
20260503B43,落札量合計（TSO別）[MW],202,34,190.676,113,0,0,135.824,39,177.172,891.672
20260503B43,（内訳）自エリアからの落札量[MW],202,34,190.676,113,0,0,135.824,39,177.172,891.672
20260503B44,募集量（TSO別）[MW],68,86,602,0,47,150,112,40,149,1254
20260503B44,応札量合計（電源属地別）[MW],71.843,34,190.676,1005.364,0,40.819,227.388,50,307,1927.09
20260503B44,落札量合計（電源属地別）[MW],71.843,34,190.676,81.74,0,40.819,119.238,40,186,764.316
20260503B44,応札件数（電源属地別）[件],3,2,7,14,0,1,7,4,5,43
20260503B44,落札件数（電源属地別）[件],3,2,7,4,0,1,5,4,4,30
20260503B44,最高落札価格（電源属地別）[円/kW・30分],14.87,4.82,2.84,3.78,0,0.39,11.98,2.05,3.85,14.87
20260503B44,最低落札価格（電源属地別）[円/kW・30分],4.25,4.82,0.53,1.67,0,0.39,0.39,2.05,2.23,0.39
20260503B44,平均落札価格（電源属地別）[円/kW・30分],11.03,4.82,2.12,2.96,0,0.39,3.77,2.05,3.62,3.69
20260503B44,最高落札価格（TSO別）[円/kW・30分],14.87,4.82,2.84,3.78,0,0.39,11.98,2.05,3.85,14.87
20260503B44,最低落札価格（TSO別）[円/kW・30分],4.25,4.82,0.53,1.67,0,0.39,0.39,2.05,2.23,0.39
20260503B44,平均落札価格（TSO別）[円/kW・30分],11.03,4.82,2.12,2.96,0,0.39,3.77,2.05,3.62,3.69
20260503B44,落札量合計（TSO別）[MW],71.843,34,190.676,81.74,0,40.819,119.238,40,186,764.316
20260503B44,（内訳）自エリアからの落札量[MW],71.843,34,190.676,81.74,0,40.819,119.238,40,186,764.316
20260503B45,募集量（TSO別）[MW],69,86,602,0,47,152,112,40,150,1258
20260503B45,応札量合計（電源属地別）[MW],28,34,126.171,785.209,0,40.819,236.184,53,308,1611.383
20260503B45,落札量合計（電源属地別）[MW],28,34,126.171,59,0,40.819,135.927,53,194,670.917
20260503B45,応札件数（電源属地別）[件],2,2,5,7,0,1,6,4,5,32
20260503B45,落札件数（電源属地別）[件],2,2,5,1,0,1,5,4,4,24
20260503B45,最高落札価格（電源属地別）[円/kW・30分],11.5,5.08,2.46,2.04,0,0.39,12.36,2.05,3.26,12.36
20260503B45,最低落札価格（電源属地別）[円/kW・30分],4.25,5.08,1.78,2.04,0,0.39,0.39,2.05,1.64,0.39
20260503B45,平均落札価格（電源属地別）[円/kW・30分],5.03,5.08,2.02,2.04,0,0.39,2.83,2.05,2.98,2.65
20260503B45,最高落札価格（TSO別）[円/kW・30分],11.5,5.08,2.46,2.04,0,0.39,12.36,2.05,3.26,12.36
20260503B45,最低落札価格（TSO別）[円/kW・30分],4.25,5.08,1.78,2.04,0,0.39,0.39,2.05,1.64,0.39
20260503B45,平均落札価格（TSO別）[円/kW・30分],5.03,5.08,2.02,2.04,0,0.39,2.83,2.05,2.98,2.65
20260503B45,落札量合計（TSO別）[MW],28,34,126.171,59,0,40.819,135.927,53,194,670.917
20260503B45,（内訳）自エリアからの落札量[MW],28,34,126.171,59,0,40.819,135.927,53,194,670.917
20260503B46,募集量（TSO別）[MW],70,86,600,0,47,153,112,40,150,1258
20260503B46,応札量合計（電源属地別）[MW],263.843,34,37.157,785.209,0,40.819,236.184,53,359,1809.212
20260503B46,落札量合計（電源属地別）[MW],213.843,34,37.157,65,0,40.819,135.927,53,184.965,764.711
20260503B46,応札件数（電源属地別）[件],5,2,1,7,0,1,6,4,4,30
20260503B46,落札件数（電源属地別）[件],5,2,1,2,0,1,5,4,4,24
20260503B46,最高落札価格（電源属地別）[円/kW・30分],14.87,3.2,3.49,3.57,0,0.39,13.13,2.05,4.39,14.87
20260503B46,最低落札価格（電源属地別）[円/kW・30分],4.25,3.2,3.49,1.56,0,0.39,0.39,1.83,2.77,0.39
20260503B46,平均落札価格（電源属地別）[円/kW・30分],7.14,3.2,3.49,3.03,0,0.39,2.74,1.91,4.15,4.21
20260503B46,最高落札価格（TSO別）[円/kW・30分],14.87,3.2,3.49,3.57,0,0.39,13.13,2.05,4.39,14.87
20260503B46,最低落札価格（TSO別）[円/kW・30分],4.25,3.2,3.49,1.56,0,0.39,0.39,1.83,2.77,0.39
20260503B46,平均落札価格（TSO別）[円/kW・30分],7.14,3.2,3.49,3.03,0,0.39,2.74,1.91,4.15,4.21
20260503B46,落札量合計（TSO別）[MW],213.843,34,37.157,65,0,40.819,135.927,53,184.965,764.711
20260503B46,（内訳）自エリアからの落札量[MW],213.843,34,37.157,65,0,40.819,135.927,53,184.965,764.711
20260503B47,募集量（TSO別）[MW],70,86,600,0,47,153,112,40,150,1258
20260503B47,応札量合計（電源属地別）[MW],220,34,37.157,785.209,0,40.819,195.304,49,370,1731.489
20260503B47,落札量合計（電源属地別）[MW],176,34,37.157,66,0,40.819,112,49,178.448,693.424
20260503B47,応札件数（電源属地別）[件],4,2,1,7,0,1,4,3,4,26
20260503B47,落札件数（電源属地別）[件],4,2,1,2,0,1,3,3,4,20
20260503B47,最高落札価格（電源属地別）[円/kW・30分],11.5,3.2,3.75,2.58,0,0.39,15.45,2.05,4.34,15.45
20260503B47,最低落札価格（電源属地別）[円/kW・30分],4.25,3.2,3.75,1.43,0,0.39,2.47,2.05,2.72,0.39
20260503B47,平均落札価格（電源属地別）[円/kW・30分],5.14,3.2,3.75,1.91,0,0.39,9.53,2.05,4.04,4.59
20260503B47,最高落札価格（TSO別）[円/kW・30分],11.5,3.2,3.75,2.58,0,0.39,15.45,2.05,4.34,15.45
20260503B47,最低落札価格（TSO別）[円/kW・30分],4.25,3.2,3.75,1.43,0,0.39,2.47,2.05,2.72,0.39
20260503B47,平均落札価格（TSO別）[円/kW・30分],5.14,3.2,3.75,1.91,0,0.39,9.53,2.05,4.04,4.59
20260503B47,落札量合計（TSO別）[MW],176,34,37.157,66,0,40.819,112,49,178.448,693.424
20260503B47,（内訳）自エリアからの落札量[MW],176,34,37.157,66,0,40.819,112,49,178.448,693.424
20260503B48,募集量（TSO別）[MW],70,86,602,0,47,154,112,40,149,1260
20260503B48,応札量合計（電源属地別）[MW],263.843,34,104.763,785.209,0,0,150.969,107,70,1515.784
20260503B48,落札量合計（電源属地別）[MW],230.01,34,104.763,96.233,0,0,132.376,65,70,732.382
20260503B48,応札件数（電源属地別）[件],5,2,4,7,0,0,4,5,1,28
20260503B48,落札件数（電源属地別）[件],5,2,4,5,0,0,4,3,1,24
20260503B48,最高落札価格（電源属地別）[円/kW・30分],14.87,3.8,1.98,3.52,0,0,0.71,2.15,3.2,14.87
20260503B48,最低落札価格（電源属地別）[円/kW・30分],4.25,3.8,1.74,1.64,0,0,0.39,0.44,3.2,0.39
20260503B48,平均落札価格（電源属地別）[円/kW・30分],6.92,3.8,1.87,2.71,0,0,0.55,1.24,3.2,3.49
20260503B48,最高落札価格（TSO別）[円/kW・30分],14.87,3.8,1.98,3.52,0,0,0.71,2.15,3.2,14.87
20260503B48,最低落札価格（TSO別）[円/kW・30分],4.25,3.8,1.74,1.64,0,0,0.39,0.44,3.2,0.39
20260503B48,平均落札価格（TSO別）[円/kW・30分],6.92,3.8,1.87,2.71,0,0,0.55,1.24,3.2,3.49
20260503B48,落札量合計（TSO別）[MW],230.01,34,104.763,96.233,0,0,132.376,65,70,732.382
20260503B48,（内訳）自エリアからの落札量[MW],230.01,34,104.763,96.233,0,0,132.376,65,70,732.382
20260504B01,募集量（TSO別）[MW],71,170,587,0,46,148,110,38,142,1312
20260504B01,応札量合計（電源属地別）[MW],80.75,34,68.691,564.739,0,0,143.515,107,100,1098.695
20260504B01,落札量合計（電源属地別）[MW],80.75,34,68.691,68.783,0,0,143.515,67,100,562.739
20260504B01,応札件数（電源属地別）[件],3,2,3,4,0,0,3,5,2,22
20260504B01,落札件数（電源属地別）[件],3,2,3,3,0,0,3,4,2,20
20260504B01,最高落札価格（電源属地別）[円/kW・30分],11.4,4.53,1.97,3.31,0,0,3.97,4.08,3.22,11.4
20260504B01,最低落札価格（電源属地別）[円/kW・30分],1.56,4.53,1.55,0.39,0,0,2.13,0.64,2.64,0.39
20260504B01,平均落札価格（電源属地別）[円/kW・30分],2.9,4.53,1.75,2.29,0,0,3.31,1.18,3.05,2.71
20260504B01,最高落札価格（TSO別）[円/kW・30分],11.4,4.53,1.97,3.31,0,0,3.97,4.08,3.22,11.4
20260504B01,最低落札価格（TSO別）[円/kW・30分],1.56,4.53,1.55,0.39,0,0,2.13,0.64,2.64,0.39
20260504B01,平均落札価格（TSO別）[円/kW・30分],2.9,4.53,1.75,2.29,0,0,3.31,1.18,3.05,2.71
20260504B01,落札量合計（TSO別）[MW],80.75,34,68.691,68.783,0,0,143.515,67,100,562.739
20260504B01,（内訳）自エリアからの落札量[MW],80.75,34,68.691,68.783,0,0,143.515,67,100,562.739
20260504B02,募集量（TSO別）[MW],71,170,587,0,46,148,110,38,142,1312
20260504B02,応札量合計（電源属地別）[MW],80.75,34,68.691,564.739,0,0,143.515,107,130,1128.695
20260504B02,落札量合計（電源属地別）[MW],80.75,34,68.691,106.526,0,0,126.172,40,130,586.139
20260504B02,応札件数（電源属地別）[件],3,2,3,5,0,0,3,5,2,23
20260504B02,落札件数（電源属地別）[件],3,2,3,4,0,0,3,3,2,20
20260504B02,最高落札価格（電源属地別）[円/kW・30分],11.9,4.89,1.71,2.98,0,0,3.21,4.08,5.58,11.9
20260504B02,最低落札価格（電源属地別）[円/kW・30分],1.2,4.89,1.39,0.57,0,0,2.13,1.07,2.45,0.57
20260504B02,平均落札価格（電源属地別）[円/kW・30分],2.69,4.89,1.56,0.89,0,0,2.9,2.68,3.89,2.67
20260504B02,最高落札価格（TSO別）[円/kW・30分],11.9,4.89,1.71,2.98,0,0,3.21,4.08,5.58,11.9
20260504B02,最低落札価格（TSO別）[円/kW・30分],1.2,4.89,1.39,0.57,0,0,2.13,1.07,2.45,0.57
20260504B02,平均落札価格（TSO別）[円/kW・30分],2.69,4.89,1.56,0.89,0,0,2.9,2.68,3.89,2.67
20260504B02,落札量合計（TSO別）[MW],80.75,34,68.691,106.526,0,0,126.172,40,130,586.139
20260504B02,（内訳）自エリアからの落札量[MW],80.75,34,68.691,106.526,0,0,126.172,40,130,586.139
20260504B03,募集量（TSO別）[MW],71,170,587,0,46,148,110,38,142,1312
20260504B03,応札量合計（電源属地別）[MW],80.75,34,41.24,685.679,0,40.819,143.515,107,179,1312.003
20260504B03,落札量合計（電源属地別）[MW],80.75,34,41.24,70.907,0,40.819,126.172,42,142,577.888
20260504B03,応札件数（電源属地別）[件],3,2,2,8,0,1,3,5,3,27
20260504B03,落札件数（電源属地別）[件],3,2,2,4,0,1,3,4,3,22
20260504B03,最高落札価格（電源属地別）[円/kW・30分],11.9,4.99,1.72,1.27,0,0.39,2.29,4.08,4.66,11.9
20260504B03,最低落札価格（電源属地別）[円/kW・30分],1.09,4.99,1.29,0.61,0,0.39,2.13,0.64,1.53,0.39
20260504B03,平均落札価格（電源属地別）[円/kW・30分],2.62,4.99,1.64,1.1,0,0.39,2.19,2.01,3.11,2.33
20260504B03,最高落札価格（TSO別）[円/kW・30分],11.9,4.99,1.72,1.27,0,0.39,2.29,4.08,4.66,11.9
20260504B03,最低落札価格（TSO別）[円/kW・30分],1.09,4.99,1.29,0.61,0,0.39,2.13,0.64,1.53,0.39
20260504B03,平均落札価格（TSO別）[円/kW・30分],2.62,4.99,1.64,1.1,0,0.39,2.19,2.01,3.11,2.33
20260504B03,落札量合計（TSO別）[MW],80.75,34,41.24,70.907,0,40.819,126.172,42,142,577.888
20260504B03,（内訳）自エリアからの落札量[MW],80.75,34,41.24,70.907,0,40.819,126.172,42,142,577.888
20260504B04,募集量（TSO別）[MW],71,170,587,0,46,148,110,38,142,1312
20260504B04,応札量合計（電源属地別）[MW],126.94,34,41.24,685.679,0,40.819,143.515,107,160,1339.193
20260504B04,落札量合計（電源属地別）[MW],107.122,34,41.24,66.954,0,40.819,126.172,42,142,600.307
20260504B04,応札件数（電源属地別）[件],4,2,2,7,0,1,3,5,2,26
20260504B04,落札件数（電源属地別）[件],4,2,2,4,0,1,3,3,2,21
20260504B04,最高落札価格（電源属地別）[円/kW・30分],14.87,5.08,1.68,0.97,0,0.39,2.13,4.08,4.43,14.87
20260504B04,最低落札価格（電源属地別）[円/kW・30分],1.01,5.08,1.23,0.5,0,0.39,1.91,1.07,1.3,0.39
20260504B04,平均落札価格（電源属地別）[円/kW・30分],7.53,5.08,1.59,0.82,0,0.39,2.02,2.58,3.28,3.24
20260504B04,最高落札価格（TSO別）[円/kW・30分],14.87,5.08,1.68,0.97,0,0.39,2.13,4.08,4.43,14.87
20260504B04,最低落札価格（TSO別）[円/kW・30分],1.01,5.08,1.23,0.5,0,0.39,1.91,1.07,1.3,0.39
20260504B04,平均落札価格（TSO別）[円/kW・30分],7.53,5.08,1.59,0.82,0,0.39,2.02,2.58,3.28,3.24
20260504B04,落札量合計（TSO別）[MW],107.122,34,41.24,66.954,0,40.819,126.172,42,142,600.307
20260504B04,（内訳）自エリアからの落札量[MW],107.122,34,41.24,66.954,0,40.819,126.172,42,142,600.307
20260504B05,募集量（TSO別）[MW],71,170,587,0,46,148,109,38,142,1311
20260504B05,応札量合計（電源属地別）[MW],80.75,34,105.864,685.679,0,40.819,143.515,107,100,1297.627
20260504B05,落札量合計（電源属地別）[MW],71,34,105.864,62.708,0,40.819,125.172,42,100,581.563
20260504B05,応札件数（電源属地別）[件],3,2,4,7,0,1,3,5,2,27
20260504B05,落札件数（電源属地別）[件],3,2,4,3,0,1,3,5,2,23
20260504B05,最高落札価格（電源属地別）[円/kW・30分],11.9,4.64,2.17,2.59,0,0.39,2.47,4.08,1.72,11.9
20260504B05,最低落札価格（電源属地別）[円/kW・30分],1.45,4.64,1.07,0.4,0,0.39,2.13,0.64,1.14,0.39
20260504B05,平均落札価格（電源属地別）[円/kW・30分],2.64,4.64,1.58,0.65,0,0.39,2.34,2.23,1.55,1.91
20260504B05,最高落札価格（TSO別）[円/kW・30分],11.9,4.64,2.17,2.59,0,0.39,2.47,4.08,1.72,11.9
20260504B05,最低落札価格（TSO別）[円/kW・30分],1.45,4.64,1.07,0.4,0,0.39,2.13,0.64,1.14,0.39
20260504B05,平均落札価格（TSO別）[円/kW・30分],2.64,4.64,1.58,0.65,0,0.39,2.34,2.23,1.55,1.91
20260504B05,落札量合計（TSO別）[MW],71,34,105.864,62.708,0,40.819,125.172,42,100,581.563
20260504B05,（内訳）自エリアからの落札量[MW],71,34,105.864,62.708,0,40.819,125.172,42,100,581.563
20260504B06,募集量（TSO別）[MW],71,170,587,0,46,148,110,38,142,1312
20260504B06,応札量合計（電源属地別）[MW],126.94,34,105.864,685.679,0,40.819,150.044,107,305,1555.346
20260504B06,落札量合計（電源属地別）[MW],101.94,34,105.864,84,0,40.819,132.691,42,176,717.314
20260504B06,応札件数（電源属地別）[件],4,2,4,7,0,1,4,5,4,31
20260504B06,落札件数（電源属地別）[件],3,2,4,6,0,1,4,4,4,28
20260504B06,最高落札価格（電源属地別）[円/kW・30分],14.87,4.64,2.19,3.18,0,0.39,3.37,4.19,3.7,14.87
20260504B06,最低落札価格（電源属地別）[円/kW・30分],1.45,4.64,1.1,0.41,0,0.39,0.39,0.75,2.04,0.39
20260504B06,平均落札価格（電源属地別）[円/kW・30分],7.92,4.64,1.6,0.57,0,0.39,2.89,2.28,3.5,3.2
20260504B06,最高落札価格（TSO別）[円/kW・30分],14.87,4.64,2.19,3.18,0,0.39,3.37,4.19,3.7,14.87
20260504B06,最低落札価格（TSO別）[円/kW・30分],1.45,4.64,1.1,0.41,0,0.39,0.39,0.75,2.04,0.39
20260504B06,平均落札価格（TSO別）[円/kW・30分],7.92,4.64,1.6,0.57,0,0.39,2.89,2.28,3.5,3.2
20260504B06,落札量合計（TSO別）[MW],101.94,34,105.864,84,0,40.819,132.691,42,176,717.314
20260504B06,（内訳）自エリアからの落札量[MW],101.94,34,105.864,84,0,40.819,132.691,42,176,717.314
20260504B07,募集量（TSO別）[MW],71,172,587,0,47,153,110,39,144,1323
20260504B07,応札量合計（電源属地別）[MW],84.75,34,105.864,685.679,0,0,143.515,114,295,1462.808
20260504B07,落札量合計（電源属地別）[MW],84.75,34,105.864,84,0,0,126.172,43,178,655.786
20260504B07,応札件数（電源属地別）[件],3,2,4,8,0,0,3,5,4,29
20260504B07,落札件数（電源属地別）[件],3,2,4,3,0,0,3,3,4,22
20260504B07,最高落札価格（電源属地別）[円/kW・30分],11.4,4.57,2.26,2.61,0,0,3.72,2.15,4.05,11.4
20260504B07,最低落札価格（電源属地別）[円/kW・30分],1.53,4.57,0.99,0.5,0,0,2.13,0.62,2.39,0.5
20260504B07,平均落札価格（電源属地別）[円/kW・30分],2.81,4.57,1.56,1.02,0,0,3.29,1.2,3.83,2.73
20260504B07,最高落札価格（TSO別）[円/kW・30分],11.4,4.57,2.26,2.61,0,0,3.72,2.15,4.05,11.4
20260504B07,最低落札価格（TSO別）[円/kW・30分],1.53,4.57,0.99,0.5,0,0,2.13,0.62,2.39,0.5
20260504B07,平均落札価格（TSO別）[円/kW・30分],2.81,4.57,1.56,1.02,0,0,3.29,1.2,3.83,2.73
20260504B07,落札量合計（TSO別）[MW],84.75,34,105.864,84,0,0,126.172,43,178,655.786
20260504B07,（内訳）自エリアからの落札量[MW],84.75,34,105.864,84,0,0,126.172,43,178,655.786
20260504B08,募集量（TSO別）[MW],71,174,590,0,47,154,112,40,147,1335
20260504B08,応札量合計（電源属地別）[MW],130.94,34,105.864,685.679,0,0,143.515,91,318,1508.998
20260504B08,落札量合計（電源属地別）[MW],123.094,34,105.864,90,0,0,112,44,181,689.958
20260504B08,応札件数（電源属地別）[件],4,2,4,7,0,0,3,4,5,29
20260504B08,落札件数（電源属地別）[件],4,2,4,5,0,0,3,2,5,25
20260504B08,最高落札価格（電源属地別）[円/kW・30分],14.87,4.57,1.75,3.5,0,0,3.8,2.05,4.13,14.87
20260504B08,最低落札価格（電源属地別）[円/kW・30分],1.53,4.57,0.82,0.47,0,0,2.13,0.99,2.47,0.47
20260504B08,平均落札価格（電源属地別）[円/kW・30分],7.24,4.57,1.27,0.71,0,0,3.47,1.23,3.92,3.48
20260504B08,最高落札価格（TSO別）[円/kW・30分],14.87,4.57,1.75,3.5,0,0,3.8,2.05,4.13,14.87
20260504B08,最低落札価格（TSO別）[円/kW・30分],1.53,4.57,0.82,0.47,0,0,2.13,0.99,2.47,0.47
20260504B08,平均落札価格（TSO別）[円/kW・30分],7.24,4.57,1.27,0.71,0,0,3.47,1.23,3.92,3.48
20260504B08,落札量合計（TSO別）[MW],123.094,34,105.864,90,0,0,112,44,181,689.958
20260504B08,（内訳）自エリアからの落札量[MW],123.094,34,105.864,90,0,0,112,44,181,689.958
20260504B09,募集量（TSO別）[MW],71,175,591,0,47,155,112,41,148,1340
20260504B09,応札量合計（電源属地別）[MW],99.75,34,105.864,591.901,0,0,143.515,80,338,1393.03
20260504B09,落札量合計（電源属地別）[MW],99.75,34,105.864,89.135,0,0,127.343,60.543,189,705.635
20260504B09,応札件数（電源属地別）[件],3,2,4,6,0,0,3,3,4,25
20260504B09,落札件数（電源属地別）[件],3,2,4,5,0,0,3,2,4,23
20260504B09,最高落札価格（電源属地別）[円/kW・30分],11.4,4.63,1.64,3.34,0,0,3.79,1,4.12,11.4
20260504B09,最低落札価格（電源属地別）[円/kW・30分],1.51,4.63,0.56,0.4,0,0,2.13,0.7,2.46,0.4
20260504B09,平均落札価格（電源属地別）[円/kW・30分],2.71,4.63,1.05,0.84,0,0,3.3,0.87,3.91,2.59
20260504B09,最高落札価格（TSO別）[円/kW・30分],11.4,4.63,1.64,3.34,0,0,3.79,1,4.12,11.4
20260504B09,最低落札価格（TSO別）[円/kW・30分],1.51,4.63,0.56,0.4,0,0,2.13,0.7,2.46,0.4
20260504B09,平均落札価格（TSO別）[円/kW・30分],2.71,4.63,1.05,0.84,0,0,3.3,0.87,3.91,2.59
20260504B09,落札量合計（TSO別）[MW],99.75,34,105.864,89.135,0,0,127.343,60.543,189,705.635
20260504B09,（内訳）自エリアからの落札量[MW],99.75,34,105.864,89.135,0,0,127.343,60.543,189,705.635
20260504B10,募集量（TSO別）[MW],71,175,592,0,47,155,112,41,148,1341
20260504B10,応札量合計（電源属地別）[MW],141.94,34,105.864,589.501,0,0,143.515,80,342,1436.82
20260504B10,落札量合計（電源属地別）[MW],141.94,34,105.864,93.783,0,0,131.489,45.443,189,741.519
20260504B10,応札件数（電源属地別）[件],4,2,4,7,0,0,3,3,5,28
20260504B10,落札件数（電源属地別）[件],4,2,4,4,0,0,3,2,5,24
20260504B10,最高落札価格（電源属地別）[円/kW・30分],14.87,4.56,2.05,2.48,0,0,3.79,1,4.12,14.87
20260504B10,最低落札価格（電源属地別）[円/kW・30分],1.57,4.56,0.39,0.53,0,0,2.13,0.7,2.46,0.39
20260504B10,平均落札価格（電源属地別）[円/kW・30分],6.73,4.56,1.08,0.9,0,0,3.14,0.83,3.84,3.35
20260504B10,最高落札価格（TSO別）[円/kW・30分],14.87,4.56,2.05,2.48,0,0,3.79,1,4.12,14.87
20260504B10,最低落札価格（TSO別）[円/kW・30分],1.57,4.56,0.39,0.53,0,0,2.13,0.7,2.46,0.39
20260504B10,平均落札価格（TSO別）[円/kW・30分],6.73,4.56,1.08,0.9,0,0,3.14,0.83,3.84,3.35
20260504B10,落札量合計（TSO別）[MW],141.94,34,105.864,93.783,0,0,131.489,45.443,189,741.519
20260504B10,（内訳）自エリアからの落札量[MW],141.94,34,105.864,93.783,0,0,131.489,45.443,189,741.519
20260504B11,募集量（TSO別）[MW],71,175,592,0,47,154,112,41,148,1340
20260504B11,応札量合計（電源属地別）[MW],106.75,34,105.864,373.991,0,0,143.515,94,342,1200.12
20260504B11,落札量合計（電源属地別）[MW],106.75,34,105.864,58,0,0,127.343,56.643,244,732.6
20260504B11,応札件数（電源属地別）[件],3,2,4,2,0,0,3,4,5,23
20260504B11,落札件数（電源属地別）[件],3,2,4,2,0,0,3,3,4,21
20260504B11,最高落札価格（電源属地別）[円/kW・30分],11.4,4.63,1.89,3.52,0,0,3.57,2.05,3.89,11.4
20260504B11,最低落札価格（電源属地別）[円/kW・30分],1.53,4.63,0.49,2.92,0,0,2.13,0.69,2.23,0.49
20260504B11,平均落札価格（電源属地別）[円/kW・30分],2.64,4.63,1.05,2.92,0,0,3.14,1.04,3.42,2.75
20260504B11,最高落札価格（TSO別）[円/kW・30分],11.4,4.63,1.89,3.52,0,0,3.57,2.05,3.89,11.4
20260504B11,最低落札価格（TSO別）[円/kW・30分],1.53,4.63,0.49,2.92,0,0,2.13,0.69,2.23,0.49
20260504B11,平均落札価格（TSO別）[円/kW・30分],2.64,4.63,1.05,2.92,0,0,3.14,1.04,3.42,2.75
20260504B11,落札量合計（TSO別）[MW],106.75,34,105.864,58,0,0,127.343,56.643,244,732.6
20260504B11,（内訳）自エリアからの落札量[MW],106.75,34,105.864,58,0,0,127.343,56.643,244,732.6
20260504B12,募集量（TSO別）[MW],71,175,592,0,47,154,112,41,148,1340
20260504B12,応札量合計（電源属地別）[MW],152.94,34,78.413,443.799,0,0,143.515,121,342,1315.667
20260504B12,落札量合計（電源属地別）[MW],152.94,34,78.413,58,0,0,143.515,52,273.278,792.146
20260504B12,応札件数（電源属地別）[件],4,2,3,2,0,0,3,5,5,24
20260504B12,落札件数（電源属地別）[件],4,2,3,1,0,0,3,3,5,21
20260504B12,最高落札価格（電源属地別）[円/kW・30分],14.87,5,3.25,2.68,0,0,2.13,1.07,2.4,14.87
20260504B12,最低落札価格（電源属地別）[円/kW・30分],1.16,5,0.39,2.68,0,0,1.93,0.56,0.74,0.39
20260504B12,平均落札価格（電源属地別）[円/kW・30分],6.15,5,1.86,2.68,0,0,2.05,0.79,2.13,2.94
20260504B12,最高落札価格（TSO別）[円/kW・30分],14.87,5,3.25,2.68,0,0,2.13,1.07,2.4,14.87
20260504B12,最低落札価格（TSO別）[円/kW・30分],1.16,5,0.39,2.68,0,0,1.93,0.56,0.74,0.39
20260504B12,平均落札価格（TSO別）[円/kW・30分],6.15,5,1.86,2.68,0,0,2.05,0.79,2.13,2.94
20260504B12,落札量合計（TSO別）[MW],152.94,34,78.413,58,0,0,143.515,52,273.278,792.146
20260504B12,（内訳）自エリアからの落札量[MW],152.94,34,78.413,58,0,0,143.515,52,273.278,792.146
20260504B13,募集量（TSO別）[MW],72,187,607,0,47,154,114,44,152,1377
20260504B13,応札量合計（電源属地別）[MW],136,51,78.413,443.799,0,40.819,157.285,20,215,1142.316
20260504B13,落札量合計（電源属地別）[MW],136,51,78.413,157,0,40.819,157.285,20,215,855.517
20260504B13,応札件数（電源属地別）[件],2,3,3,2,0,1,4,2,3,20
20260504B13,落札件数（電源属地別）[件],2,3,3,2,0,1,4,2,3,20
20260504B13,最高落札価格（電源属地別）[円/kW・30分],11.8,5.27,2.98,3.1,0,0.39,2.35,2.05,2.82,11.8
20260504B13,最低落札価格（電源属地別）[円/kW・30分],1.1,5.19,0.49,2.43,0,0.39,0.39,2.05,1.16,0.39
20260504B13,平均落札価格（電源属地別）[円/kW・30分],3.07,5.22,1.85,2.89,0,0.39,1.51,2.05,2.24,2.41
20260504B13,最高落札価格（TSO別）[円/kW・30分],11.8,5.27,2.98,3.1,0,0.39,2.35,2.05,2.82,11.8
20260504B13,最低落札価格（TSO別）[円/kW・30分],1.1,5.19,0.49,2.43,0,0.39,0.39,2.05,1.16,0.39
20260504B13,平均落札価格（TSO別）[円/kW・30分],3.07,5.22,1.85,2.89,0,0.39,1.51,2.05,2.24,2.41
20260504B13,落札量合計（TSO別）[MW],136,51,78.413,157,0,40.819,157.285,20,215,855.517
20260504B13,（内訳）自エリアからの落札量[MW],136,51,78.413,157,0,40.819,157.285,20,215,855.517
20260504B14,募集量（TSO別）[MW],72,191,616,0,46,154,114,44,153,1390
20260504B14,応札量合計（電源属地別）[MW],138.19,51,78.413,443.799,0,0,205.475,31,130,1077.877
20260504B14,落札量合計（電源属地別）[MW],131.01,51,78.413,195.157,0,0,205.475,31,130,822.055
20260504B14,応札件数（電源属地別）[件],3,3,3,2,0,0,5,2,2,20
20260504B14,落札件数（電源属地別）[件],3,3,3,2,0,0,5,2,2,20
20260504B14,最高落札価格（電源属地別）[円/kW・30分],14.87,7.66,3.91,0.81,0,0,2.13,2.05,2.85,14.87
20260504B14,最低落札価格（電源属地別）[円/kW・30分],1.01,7.34,0.39,0.39,0,0,0.39,2.05,0.39,0.39
20260504B14,平均落札価格（電源属地別）[円/kW・30分],7.2,7.45,2.66,0.78,0,0,0.81,2.05,1.53,2.57
20260504B14,最高落札価格（TSO別）[円/kW・30分],14.87,7.66,3.91,0.81,0,0,2.13,2.05,2.85,14.87
20260504B14,最低落札価格（TSO別）[円/kW・30分],1.01,7.34,0.39,0.39,0,0,0.39,2.05,0.39,0.39
20260504B14,平均落札価格（TSO別）[円/kW・30分],7.2,7.45,2.66,0.78,0,0,0.81,2.05,1.53,2.57
20260504B14,落札量合計（TSO別）[MW],131.01,51,78.413,195.157,0,0,205.475,31,130,822.055
20260504B14,（内訳）自エリアからの落札量[MW],131.01,51,78.413,195.157,0,0,205.475,31,130,822.055
20260504B15,募集量（TSO別）[MW],71,200,617,0,47,154,114,46,154,1403
20260504B15,応札量合計（電源属地別）[MW],122,51,70.339,443.799,0,40.819,157.285,31,130,1046.242
20260504B15,落札量合計（電源属地別）[MW],122,51,70.339,219.157,0,40.819,157.285,31,130,821.6
20260504B15,応札件数（電源属地別）[件],2,3,2,2,0,1,4,2,2,18
20260504B15,落札件数（電源属地別）[件],2,3,2,2,0,1,4,2,2,18
20260504B15,最高落札価格（電源属地別）[円/kW・30分],11.8,8.93,7.06,0.39,0,0.39,2.13,2.05,1.35,11.8
20260504B15,最低落札価格（電源属地別）[円/kW・30分],1.01,8.49,0.57,0.39,0,0.39,0.39,2.05,0.39,0.39
20260504B15,平均落札価格（電源属地別）[円/kW・30分],3.22,8.64,3.63,0.39,0,0.39,0.91,2.05,0.83,1.83
20260504B15,最高落札価格（TSO別）[円/kW・30分],11.8,8.93,7.06,0.39,0,0.39,2.13,2.05,1.35,11.8
20260504B15,最低落札価格（TSO別）[円/kW・30分],1.01,8.49,0.57,0.39,0,0.39,0.39,2.05,0.39,0.39
20260504B15,平均落札価格（TSO別）[円/kW・30分],3.22,8.64,3.63,0.39,0,0.39,0.91,2.05,0.83,1.83
20260504B15,落札量合計（TSO別）[MW],122,51,70.339,219.157,0,40.819,157.285,31,130,821.6
20260504B15,（内訳）自エリアからの落札量[MW],122,51,70.339,219.157,0,40.819,157.285,31,130,821.6
20260504B16,募集量（TSO別）[MW],72,203,619,0,47,155,114,47,155,1412
20260504B16,応札量合計（電源属地別）[MW],157.19,51,68.691,443.091,0,40.819,158.491,31,170,1120.282
20260504B16,落札量合計（電源属地別）[MW],157.19,51,68.691,196.567,0,40.819,158.491,31,170,873.758
20260504B16,応札件数（電源属地別）[件],2,3,3,2,0,1,5,2,2,20
20260504B16,落札件数（電源属地別）[件],2,3,3,1,0,1,5,2,2,19
20260504B16,最高落札価格（電源属地別）[円/kW・30分],14.87,4.87,2.2,0.71,0,0.39,2.13,2.05,3.28,14.87
20260504B16,最低落札価格（電源属地別）[円/kW・30分],1.4,4.83,2.18,0.71,0,0.39,0.39,2.05,0.39,0.39
20260504B16,平均落札価格（電源属地別）[円/kW・30分],5.36,4.84,2.19,0.71,0,0.39,1.07,2.05,2.09,2.27
20260504B16,最高落札価格（TSO別）[円/kW・30分],14.87,4.87,2.2,0.71,0,0.39,2.13,2.05,3.28,14.87
20260504B16,最低落札価格（TSO別）[円/kW・30分],1.4,4.83,2.18,0.71,0,0.39,0.39,2.05,0.39,0.39
20260504B16,平均落札価格（TSO別）[円/kW・30分],5.36,4.84,2.19,0.71,0,0.39,1.07,2.05,2.09,2.27
20260504B16,落札量合計（TSO別）[MW],157.19,51,68.691,196.567,0,40.819,158.491,31,170,873.758
20260504B16,（内訳）自エリアからの落札量[MW],157.19,51,68.691,196.567,0,40.819,158.491,31,170,873.758
20260504B17,募集量（TSO別）[MW],71,203,619,0,47,154,114,47,155,1410
20260504B17,応札量合計（電源属地別）[MW],104,51,68.691,443.799,0,40.819,205.475,31,170,1114.784
20260504B17,落札量合計（電源属地別）[MW],104,51,68.691,249.157,0,40.819,205.475,31,170,920.142
20260504B17,応札件数（電源属地別）[件],2,3,3,2,0,1,5,2,2,20
20260504B17,落札件数（電源属地別）[件],2,3,3,2,0,1,5,2,2,20
20260504B17,最高落札価格（電源属地別）[円/kW・30分],2.95,4.87,2.58,0.5,0,0.39,2.13,2.05,1.35,4.87
20260504B17,最低落札価格（電源属地別）[円/kW・30分],1.01,4.83,2.56,0.39,0,0.39,0.39,2.05,0.39,0.39
20260504B17,平均落札価格（電源属地別）[円/kW・30分],1.2,4.84,2.57,0.44,0,0.39,0.79,2.05,0.95,1.15
20260504B17,最高落札価格（TSO別）[円/kW・30分],2.95,4.87,2.58,0.5,0,0.39,2.13,2.05,1.35,4.87
20260504B17,最低落札価格（TSO別）[円/kW・30分],1.01,4.83,2.56,0.39,0,0.39,0.39,2.05,0.39,0.39
20260504B17,平均落札価格（TSO別）[円/kW・30分],1.2,4.84,2.57,0.44,0,0.39,0.79,2.05,0.95,1.15
20260504B17,落札量合計（TSO別）[MW],104,51,68.691,249.157,0,40.819,205.475,31,170,920.142
20260504B17,（内訳）自エリアからの落札量[MW],104,51,68.691,249.157,0,40.819,205.475,31,170,920.142
20260504B18,募集量（TSO別）[MW],71,203,619,0,47,154,115,47,155,1411
20260504B18,応札量合計（電源属地別）[MW],76,51,89.803,443.799,0,40.819,158.487,31,170,1060.908
20260504B18,落札量合計（電源属地別）[MW],76,51,89.803,249.157,0,40.819,158.487,31,170,866.266
20260504B18,応札件数（電源属地別）[件],1,3,3,2,0,1,5,2,2,19
20260504B18,落札件数（電源属地別）[件],1,3,3,2,0,1,5,2,2,19
20260504B18,最高落札価格（電源属地別）[円/kW・30分],1.01,5.43,3.21,0.39,0,0.39,2.13,2.05,0.5,5.43
20260504B18,最低落札価格（電源属地別）[円/kW・30分],1.01,5.33,1.96,0.39,0,0.39,0.39,2.05,0.39,0.39
20260504B18,平均落札価格（電源属地別）[円/kW・30分],1.01,5.36,2.51,0.39,0,0.39,0.91,2.05,0.45,1.12
20260504B18,最高落札価格（TSO別）[円/kW・30分],1.01,5.43,3.21,0.39,0,0.39,2.13,2.05,0.5,5.43
20260504B18,最低落札価格（TSO別）[円/kW・30分],1.01,5.33,1.96,0.39,0,0.39,0.39,2.05,0.39,0.39
20260504B18,平均落札価格（TSO別）[円/kW・30分],1.01,5.36,2.51,0.39,0,0.39,0.91,2.05,0.45,1.12
20260504B18,落札量合計（TSO別）[MW],76,51,89.803,249.157,0,40.819,158.487,31,170,866.266
20260504B18,（内訳）自エリアからの落札量[MW],76,51,89.803,249.157,0,40.819,158.487,31,170,866.266
20260504B19,募集量（TSO別）[MW],71,136,616,5,48,154,115,50,167,1362
20260504B19,応札量合計（電源属地別）[MW],114.75,126,87.043,443.799,0,40.819,205.535,31,270,1318.946
20260504B19,落札量合計（電源属地別）[MW],114.75,126,87.043,292,0,40.819,205.535,31,270,1167.147
20260504B19,応札件数（電源属地別）[件],2,3,3,2,0,1,5,2,2,20
20260504B19,落札件数（電源属地別）[件],2,3,3,2,0,1,5,2,2,20
20260504B19,最高落札価格（電源属地別）[円/kW・30分],10.5,6.88,6.23,0.39,0,0.39,2.13,2.05,0.39,10.5
20260504B19,最低落札価格（電源属地別）[円/kW・30分],1.01,3.25,0.51,0.39,0,0.39,0.39,2.05,0.39,0.39
20260504B19,平均落札価格（電源属地別）[円/kW・30分],1.32,4.23,2.78,0.39,0,0.39,0.79,2.05,0.39,1.19
20260504B19,最高落札価格（TSO別）[円/kW・30分],10.5,6.88,6.23,0.39,0,0.39,2.13,2.05,0.39,10.5
20260504B19,最低落札価格（TSO別）[円/kW・30分],1.01,3.25,0.51,0.39,0,0.39,0.39,2.05,0.39,0.39
20260504B19,平均落札価格（TSO別）[円/kW・30分],1.32,4.23,2.78,0.39,0,0.39,0.79,2.05,0.39,1.19
20260504B19,落札量合計（TSO別）[MW],114.75,126,87.043,292,0,40.819,205.535,31,270,1167.147
20260504B19,（内訳）自エリアからの落札量[MW],114.75,126,87.043,292,0,40.819,205.535,31,270,1167.147
20260504B20,募集量（TSO別）[MW],71,134,616,6,49,154,115,51,169,1365
20260504B20,応札量合計（電源属地別）[MW],82.75,143,86.247,443.799,0,40.819,205.535,48,271,1321.15
20260504B20,落札量合計（電源属地別）[MW],82.75,143,86.247,305,0,40.819,205.535,48,271,1182.351
20260504B20,応札件数（電源属地別）[件],2,4,3,2,0,1,5,2,2,21
20260504B20,落札件数（電源属地別）[件],2,4,3,2,0,1,5,2,2,21
20260504B20,最高落札価格（電源属地別）[円/kW・30分],9,8.33,7.89,0.39,0,0.39,2.13,2.05,0.39,9
20260504B20,最低落札価格（電源属地別）[円/kW・30分],1.01,3.78,0.39,0.39,0,0.39,0.39,2.05,0.39,0.39
20260504B20,平均落札価格（電源属地別）[円/kW・30分],1.37,5.31,3.28,0.39,0,0.39,0.79,2.05,0.39,1.4
20260504B20,最高落札価格（TSO別）[円/kW・30分],9,8.33,7.89,0.39,0,0.39,2.13,2.05,0.39,9
20260504B20,最低落札価格（TSO別）[円/kW・30分],1.01,3.78,0.39,0.39,0,0.39,0.39,2.05,0.39,0.39
20260504B20,平均落札価格（TSO別）[円/kW・30分],1.37,5.31,3.28,0.39,0,0.39,0.79,2.05,0.39,1.4
20260504B20,落札量合計（TSO別）[MW],82.75,143,86.247,305,0,40.819,205.535,48,271,1182.351
20260504B20,（内訳）自エリアからの落札量[MW],82.75,143,86.247,305,0,40.819,205.535,48,271,1182.351
20260504B21,募集量（TSO別）[MW],72,139,614,11,51,156,119,51,169,1382
20260504B21,応札量合計（電源属地別）[MW],70.75,143,83.507,443.799,0,40.819,205.535,48,420,1455.41
20260504B21,落札量合計（電源属地別）[MW],70.75,143,83.507,349.157,0,40.819,205.535,48,420,1360.768
20260504B21,応札件数（電源属地別）[件],2,4,3,2,0,1,5,2,2,21
20260504B21,落札件数（電源属地別）[件],2,4,3,2,0,1,5,2,2,21
20260504B21,最高落札価格（電源属地別）[円/kW・30分],10.5,9.25,10.85,0.39,0,0.39,2.13,2.05,0.39,10.85
20260504B21,最低落札価格（電源属地別）[円/kW・30分],1.01,4.19,0.59,0.39,0,0.39,0.39,2.05,0.39,0.39
20260504B21,平均落札価格（電源属地別）[円/kW・30分],1.51,5.88,4.69,0.39,0,0.39,0.79,2.05,0.39,1.41
20260504B21,最高落札価格（TSO別）[円/kW・30分],10.5,9.25,10.85,0.39,0,0.39,2.13,2.05,0.39,10.85
20260504B21,最低落札価格（TSO別）[円/kW・30分],1.01,4.19,0.59,0.39,0,0.39,0.39,2.05,0.39,0.39
20260504B21,平均落札価格（TSO別）[円/kW・30分],1.51,5.88,4.69,0.39,0,0.39,0.79,2.05,0.39,1.41
20260504B21,落札量合計（TSO別）[MW],70.75,143,83.507,349.157,0,40.819,205.535,48,420,1360.768
20260504B21,（内訳）自エリアからの落札量[MW],70.75,143,83.507,349.157,0,40.819,205.535,48,420,1360.768
20260504B22,募集量（TSO別）[MW],71,139,616,12,51,156,119,52,170,1386
20260504B22,応札量合計（電源属地別）[MW],70.75,143,84.071,443.799,0,40.819,205.535,31,420,1438.974
20260504B22,落札量合計（電源属地別）[MW],70.75,143,84.071,361.157,0,40.819,205.535,31,420,1356.332
20260504B22,応札件数（電源属地別）[件],2,4,3,2,0,1,5,2,2,21
20260504B22,落札件数（電源属地別）[件],2,4,3,2,0,1,5,2,2,21
20260504B22,最高落札価格（電源属地別）[円/kW・30分],6.4,10.03,13.08,0.39,0,0.39,2.13,2.05,0.39,13.08
20260504B22,最低落札価格（電源属地別）[円/kW・30分],1.01,4.53,0.83,0.39,0,0.39,0.39,2.05,0.39,0.39
20260504B22,平均落札価格（電源属地別）[円/kW・30分],1.3,6.36,5.7,0.39,0,0.39,0.79,2.05,0.39,1.49
20260504B22,最高落札価格（TSO別）[円/kW・30分],6.4,10.03,13.08,0.39,0,0.39,2.13,2.05,0.39,13.08
20260504B22,最低落札価格（TSO別）[円/kW・30分],1.01,4.53,0.83,0.39,0,0.39,0.39,2.05,0.39,0.39
20260504B22,平均落札価格（TSO別）[円/kW・30分],1.3,6.36,5.7,0.39,0,0.39,0.79,2.05,0.39,1.49
20260504B22,落札量合計（TSO別）[MW],70.75,143,84.071,361.157,0,40.819,205.535,31,420,1356.332
20260504B22,（内訳）自エリアからの落札量[MW],70.75,143,84.071,361.157,0,40.819,205.535,31,420,1356.332
20260504B23,募集量（TSO別）[MW],71,138,611,13,51,154,119,52,169,1378
20260504B23,応札量合計（電源属地別）[MW],70.75,143,84.061,443.799,0,40.819,205.535,15,420,1422.964
20260504B23,落札量合計（電源属地別）[MW],70.75,143,84.061,369.157,0,40.819,205.535,15,420,1348.322
20260504B23,応札件数（電源属地別）[件],2,4,3,2,0,1,5,1,2,20
20260504B23,落札件数（電源属地別）[件],2,4,3,2,0,1,5,1,2,20
20260504B23,最高落札価格（電源属地別）[円/kW・30分],10.5,10.57,13.03,0.39,0,0.39,2.13,2.05,0.39,13.03
20260504B23,最低落札価格（電源属地別）[円/kW・30分],1.01,4.77,0.82,0.39,0,0.39,0.39,2.05,0.39,0.39
20260504B23,平均落札価格（電源属地別）[円/kW・30分],1.51,6.7,5.67,0.39,0,0.39,0.79,2.05,0.39,1.53
20260504B23,最高落札価格（TSO別）[円/kW・30分],10.5,10.57,13.03,0.39,0,0.39,2.13,2.05,0.39,13.03
20260504B23,最低落札価格（TSO別）[円/kW・30分],1.01,4.77,0.82,0.39,0,0.39,0.39,2.05,0.39,0.39
20260504B23,平均落札価格（TSO別）[円/kW・30分],1.51,6.7,5.67,0.39,0,0.39,0.79,2.05,0.39,1.53
20260504B23,落札量合計（TSO別）[MW],70.75,143,84.061,369.157,0,40.819,205.535,15,420,1348.322
20260504B23,（内訳）自エリアからの落札量[MW],70.75,143,84.061,369.157,0,40.819,205.535,15,420,1348.322
20260504B24,募集量（TSO別）[MW],72,139,616,13,52,156,119,52,168,1387
20260504B24,応札量合計（電源属地別）[MW],90.75,143,85.347,443.799,0,40.819,205.535,15,420,1444.25
20260504B24,落札量合計（電源属地別）[MW],90.75,143,85.347,370.157,0,40.819,205.535,15,420,1370.608
20260504B24,応札件数（電源属地別）[件],3,4,3,2,0,1,5,1,2,21
20260504B24,落札件数（電源属地別）[件],3,4,3,2,0,1,5,1,2,21
20260504B24,最高落札価格（電源属地別）[円/kW・30分],11.8,10.79,12.49,0.39,0,0.39,2.13,2.05,0.39,12.49
20260504B24,最低落札価格（電源属地別）[円/kW・30分],1.01,4.86,0.81,0.39,0,0.39,0.39,2.05,0.39,0.39
20260504B24,平均落札価格（電源属地別）[円/kW・30分],3.78,6.83,5.38,0.39,0,0.39,0.79,2.05,0.39,1.67
20260504B24,最高落札価格（TSO別）[円/kW・30分],11.8,10.79,12.49,0.39,0,0.39,2.13,2.05,0.39,12.49
20260504B24,最低落札価格（TSO別）[円/kW・30分],1.01,4.86,0.81,0.39,0,0.39,0.39,2.05,0.39,0.39
20260504B24,平均落札価格（TSO別）[円/kW・30分],3.78,6.83,5.38,0.39,0,0.39,0.79,2.05,0.39,1.67
20260504B24,落札量合計（TSO別）[MW],90.75,143,85.347,370.157,0,40.819,205.535,15,420,1370.608
20260504B24,（内訳）自エリアからの落札量[MW],90.75,143,85.347,370.157,0,40.819,205.535,15,420,1370.608
20260504B25,募集量（TSO別）[MW],73,143,624,7,49,157,120,54,167,1394
20260504B25,応札量合計（電源属地別）[MW],93.75,143,53.817,443.799,0,40.819,205.535,15,420,1415.72
20260504B25,落札量合計（電源属地別）[MW],93.75,143,53.817,420.157,0,40.819,205.535,15,420,1392.078
20260504B25,応札件数（電源属地別）[件],3,4,2,2,0,1,5,1,2,20
20260504B25,落札件数（電源属地別）[件],3,4,2,2,0,1,5,1,2,20
20260504B25,最高落札価格（電源属地別）[円/kW・30分],11.8,11.67,1.34,0.39,0,0.39,2.13,2.05,0.39,11.8
20260504B25,最低落札価格（電源属地別）[円/kW・30分],1.01,5.26,1.21,0.39,0,0.39,0.39,2.05,0.39,0.39
20260504B25,平均落札価格（電源属地別）[円/kW・30分],4.05,7.38,1.25,0.39,0,0.39,0.79,2.05,0.39,1.46
20260504B25,最高落札価格（TSO別）[円/kW・30分],11.8,11.67,1.34,0.39,0,0.39,2.13,2.05,0.39,11.8
20260504B25,最低落札価格（TSO別）[円/kW・30分],1.01,5.26,1.21,0.39,0,0.39,0.39,2.05,0.39,0.39
20260504B25,平均落札価格（TSO別）[円/kW・30分],4.05,7.38,1.25,0.39,0,0.39,0.79,2.05,0.39,1.46
20260504B25,落札量合計（TSO別）[MW],93.75,143,53.817,420.157,0,40.819,205.535,15,420,1392.078
20260504B25,（内訳）自エリアからの落札量[MW],93.75,143,53.817,420.157,0,40.819,205.535,15,420,1392.078
20260504B26,募集量（TSO別）[MW],73,143,626,7,49,157,120,54,168,1397
20260504B26,応札量合計（電源属地別）[MW],93.75,143,55.957,443.799,0,40.819,205.535,14,420,1416.86
20260504B26,落札量合計（電源属地別）[MW],93.75,143,55.957,420.157,0,40.819,205.535,14,420,1393.218
20260504B26,応札件数（電源属地別）[件],3,4,2,2,0,1,5,1,2,20
20260504B26,落札件数（電源属地別）[件],3,4,2,2,0,1,5,1,2,20
20260504B26,最高落札価格（電源属地別）[円/kW・30分],11.8,12.22,1.28,0.39,0,0.39,2.13,2.05,0.39,12.22
20260504B26,最低落札価格（電源属地別）[円/kW・30分],1.01,5.5,1.25,0.39,0,0.39,0.39,2.05,0.39,0.39
20260504B26,平均落札価格（電源属地別）[円/kW・30分],4.05,7.72,1.26,0.39,0,0.39,0.79,2.05,0.39,1.5
20260504B26,最高落札価格（TSO別）[円/kW・30分],11.8,12.22,1.28,0.39,0,0.39,2.13,2.05,0.39,12.22
20260504B26,最低落札価格（TSO別）[円/kW・30分],1.01,5.5,1.25,0.39,0,0.39,0.39,2.05,0.39,0.39
20260504B26,平均落札価格（TSO別）[円/kW・30分],4.05,7.72,1.26,0.39,0,0.39,0.79,2.05,0.39,1.5
20260504B26,落札量合計（TSO別）[MW],93.75,143,55.957,420.157,0,40.819,205.535,14,420,1393.218
20260504B26,（内訳）自エリアからの落札量[MW],93.75,143,55.957,420.157,0,40.819,205.535,14,420,1393.218
20260504B27,募集量（TSO別）[MW],73,143,627,7,49,157,120,54,168,1398
20260504B27,応札量合計（電源属地別）[MW],90.75,143,56.057,443.799,0,40.819,205.535,14,420,1413.96
20260504B27,落札量合計（電源属地別）[MW],90.75,143,56.057,420.157,0,40.819,205.535,14,420,1390.318
20260504B27,応札件数（電源属地別）[件],3,4,2,2,0,1,5,1,2,20
20260504B27,落札件数（電源属地別）[件],3,4,2,2,0,1,5,1,2,20
20260504B27,最高落札価格（電源属地別）[円/kW・30分],11.8,12.69,1.34,0.39,0,0.39,2.13,2.05,0.39,12.69
20260504B27,最低落札価格（電源属地別）[円/kW・30分],1.01,5.7,1.34,0.39,0,0.39,0.39,2.05,0.39,0.39
20260504B27,平均落札価格（電源属地別）[円/kW・30分],3.8,8,1.34,0.39,0,0.39,0.79,2.05,0.39,1.51
20260504B27,最高落札価格（TSO別）[円/kW・30分],11.8,12.69,1.34,0.39,0,0.39,2.13,2.05,0.39,12.69
20260504B27,最低落札価格（TSO別）[円/kW・30分],1.01,5.7,1.34,0.39,0,0.39,0.39,2.05,0.39,0.39
20260504B27,平均落札価格（TSO別）[円/kW・30分],3.8,8,1.34,0.39,0,0.39,0.79,2.05,0.39,1.51
20260504B27,落札量合計（TSO別）[MW],90.75,143,56.057,420.157,0,40.819,205.535,14,420,1390.318
20260504B27,（内訳）自エリアからの落札量[MW],90.75,143,56.057,420.157,0,40.819,205.535,14,420,1390.318
20260504B28,募集量（TSO別）[MW],73,140,622,5,49,155,120,53,168,1385
20260504B28,応札量合計（電源属地別）[MW],70.75,143,92.043,443.799,0,40.819,205.535,15,420,1430.946
20260504B28,落札量合計（電源属地別）[MW],70.75,143,92.043,420.157,0,40.819,205.535,15,420,1407.304
20260504B28,応札件数（電源属地別）[件],2,4,3,2,0,1,5,1,2,20
20260504B28,落札件数（電源属地別）[件],2,4,3,2,0,1,5,1,2,20
20260504B28,最高落札価格（電源属地別）[円/kW・30分],10.9,12.22,13.83,0.39,0,0.39,2.13,2.05,0.39,13.83
20260504B28,最低落札価格（電源属地別）[円/kW・30分],1.01,5.5,1.28,0.39,0,0.39,0.39,2.05,0.39,0.39
20260504B28,平均落札価格（電源属地別）[円/kW・30分],1.53,7.72,5.83,0.39,0,0.39,0.79,2.05,0.39,1.62
20260504B28,最高落札価格（TSO別）[円/kW・30分],10.9,12.22,13.83,0.39,0,0.39,2.13,2.05,0.39,13.83
20260504B28,最低落札価格（TSO別）[円/kW・30分],1.01,5.5,1.28,0.39,0,0.39,0.39,2.05,0.39,0.39
20260504B28,平均落札価格（TSO別）[円/kW・30分],1.53,7.72,5.83,0.39,0,0.39,0.79,2.05,0.39,1.62
20260504B28,落札量合計（TSO別）[MW],70.75,143,92.043,420.157,0,40.819,205.535,15,420,1407.304
20260504B28,（内訳）自エリアからの落札量[MW],70.75,143,92.043,420.157,0,40.819,205.535,15,420,1407.304
20260504B29,募集量（TSO別）[MW],72,139,617,4,49,154,120,53,168,1376
20260504B29,応札量合計（電源属地別）[MW],70.75,143,93.951,443.799,0,40.819,205.535,14,420,1431.854
20260504B29,落札量合計（電源属地別）[MW],70.75,143,93.951,416.157,0,40.819,205.535,14,420,1404.212
20260504B29,応札件数（電源属地別）[件],2,4,3,2,0,1,5,1,2,20
20260504B29,落札件数（電源属地別）[件],2,4,3,2,0,1,5,1,2,20
20260504B29,最高落札価格（電源属地別）[円/kW・30分],10.9,9.23,5.87,0.39,0,0.39,2.13,2.05,0.39,10.9
20260504B29,最低落札価格（電源属地別）[円/kW・30分],1.01,4.18,0.39,0.39,0,0.39,0.39,2.05,0.39,0.39
20260504B29,平均落札価格（電源属地別）[円/kW・30分],1.53,5.87,2.35,0.39,0,0.39,0.79,2.05,0.39,1.21
20260504B29,最高落札価格（TSO別）[円/kW・30分],10.9,9.23,5.87,0.39,0,0.39,2.13,2.05,0.39,10.9
20260504B29,最低落札価格（TSO別）[円/kW・30分],1.01,4.18,0.39,0.39,0,0.39,0.39,2.05,0.39,0.39
20260504B29,平均落札価格（TSO別）[円/kW・30分],1.53,5.87,2.35,0.39,0,0.39,0.79,2.05,0.39,1.21
20260504B29,落札量合計（TSO別）[MW],70.75,143,93.951,416.157,0,40.819,205.535,14,420,1404.212
20260504B29,（内訳）自エリアからの落札量[MW],70.75,143,93.951,416.157,0,40.819,205.535,14,420,1404.212
20260504B30,募集量（TSO別）[MW],72,138,614,2,49,153,120,52,167,1367
20260504B30,応札量合計（電源属地別）[MW],70.75,143,97.79,443.799,0,40.819,205.535,15,370,1386.693
20260504B30,落札量合計（電源属地別）[MW],70.75,143,97.79,408.157,0,40.819,205.535,15,370,1351.051
20260504B30,応札件数（電源属地別）[件],2,4,3,2,0,1,5,1,2,20
20260504B30,落札件数（電源属地別）[件],2,4,3,2,0,1,5,1,2,20
20260504B30,最高落札価格（電源属地別）[円/kW・30分],10,8.19,4.74,0.39,0,0.39,2.13,2.05,0.39,10
20260504B30,最低落札価格（電源属地別）[円/kW・30分],1.01,3.71,0.39,0.39,0,0.39,0.39,2.05,0.39,0.39
20260504B30,平均落札価格（電源属地別）[円/kW・30分],1.49,5.22,1.87,0.39,0,0.39,0.79,2.05,0.39,1.15
20260504B30,最高落札価格（TSO別）[円/kW・30分],10,8.19,4.74,0.39,0,0.39,2.13,2.05,0.39,10
20260504B30,最低落札価格（TSO別）[円/kW・30分],1.01,3.71,0.39,0.39,0,0.39,0.39,2.05,0.39,0.39
20260504B30,平均落札価格（TSO別）[円/kW・30分],1.49,5.22,1.87,0.39,0,0.39,0.79,2.05,0.39,1.15
20260504B30,落札量合計（TSO別）[MW],70.75,143,97.79,408.157,0,40.819,205.535,15,370,1351.051
20260504B30,（内訳）自エリアからの落札量[MW],70.75,143,97.79,408.157,0,40.819,205.535,15,370,1351.051
20260504B31,募集量（TSO別）[MW],66,193,596,0,48,142,114,45,156,1360
20260504B31,応札量合計（電源属地別）[MW],70.75,51,56.974,443.799,0,0,205.535,14,271,1113.058
20260504B31,落札量合計（電源属地別）[MW],70.75,51,56.974,321,0,0,205.535,14,271,990.259
20260504B31,応札件数（電源属地別）[件],2,3,3,2,0,0,5,1,2,18
20260504B31,落札件数（電源属地別）[件],2,3,3,2,0,0,5,1,2,18
20260504B31,最高落札価格（電源属地別）[円/kW・30分],4.5,8.16,1.49,0.39,0,0,2.13,2.05,0.39,8.16
20260504B31,最低落札価格（電源属地別）[円/kW・30分],1.01,7.79,1.48,0.39,0,0,0.39,2.05,0.39,0.39
20260504B31,平均落札価格（電源属地別）[円/kW・30分],1.19,7.91,1.48,0.39,0,0,0.79,2.05,0.39,1
20260504B31,最高落札価格（TSO別）[円/kW・30分],4.5,8.16,1.49,0.39,0,0,2.13,2.05,0.39,8.16
20260504B31,最低落札価格（TSO別）[円/kW・30分],1.01,7.79,1.48,0.39,0,0,0.39,2.05,0.39,0.39
20260504B31,平均落札価格（TSO別）[円/kW・30分],1.19,7.91,1.48,0.39,0,0,0.79,2.05,0.39,1
20260504B31,落札量合計（TSO別）[MW],70.75,51,56.974,321,0,0,205.535,14,271,990.259
20260504B31,（内訳）自エリアからの落札量[MW],70.75,51,56.974,321,0,0,205.535,14,271,990.259
20260504B32,募集量（TSO別）[MW],66,193,596,0,48,142,114,45,156,1360
20260504B32,応札量合計（電源属地別）[MW],70.75,51,70.339,443.799,0,0,205.535,14,170,1025.423
20260504B32,落札量合計（電源属地別）[MW],70.75,51,70.339,321,0,0,205.535,14,156,888.624
20260504B32,応札件数（電源属地別）[件],2,3,2,2,0,0,5,1,2,17
20260504B32,落札件数（電源属地別）[件],2,3,2,2,0,0,5,1,2,17
20260504B32,最高落札価格（電源属地別）[円/kW・30分],4.5,9.78,0.39,0.39,0,0,2.13,2.05,0.39,9.78
20260504B32,最低落札価格（電源属地別）[円/kW・30分],1.01,9.25,0.39,0.39,0,0,0.39,2.05,0.39,0.39
20260504B32,平均落札価格（電源属地別）[円/kW・30分],1.19,9.43,0.39,0.39,0,0,0.79,2.05,0.39,1.09
20260504B32,最高落札価格（TSO別）[円/kW・30分],4.5,9.78,0.39,0.39,0,0,2.13,2.05,0.39,9.78
20260504B32,最低落札価格（TSO別）[円/kW・30分],1.01,9.25,0.39,0.39,0,0,0.39,2.05,0.39,0.39
20260504B32,平均落札価格（TSO別）[円/kW・30分],1.19,9.43,0.39,0.39,0,0,0.79,2.05,0.39,1.09
20260504B32,落札量合計（TSO別）[MW],70.75,51,70.339,321,0,0,205.535,14,156,888.624
20260504B32,（内訳）自エリアからの落札量[MW],70.75,51,70.339,321,0,0,205.535,14,156,888.624
20260504B33,募集量（TSO別）[MW],66,193,596,0,48,142,114,45,156,1360
20260504B33,応札量合計（電源属地別）[MW],70.75,34,41.24,586.168,0,0,205.535,14,170,1121.693
20260504B33,落札量合計（電源属地別）[MW],70.75,34,41.24,314.651,0,0,205.535,14,164,844.176
20260504B33,応札件数（電源属地別）[件],2,2,2,4,0,0,5,1,2,18
20260504B33,落札件数（電源属地別）[件],2,2,2,4,0,0,5,1,2,18
20260504B33,最高落札価格（電源属地別）[円/kW・30分],4.5,10.58,0.39,5.54,0,0,2.13,2.05,0.39,10.58
20260504B33,最低落札価格（電源属地別）[円/kW・30分],1.01,10.58,0.39,0.39,0,0,0.39,2.05,0.39,0.39
20260504B33,平均落札価格（電源属地別）[円/kW・30分],1.19,10.58,0.39,3.4,0,0,0.79,2.05,0.39,2.12
20260504B33,最高落札価格（TSO別）[円/kW・30分],4.5,10.58,0.39,5.54,0,0,2.13,2.05,0.39,10.58
20260504B33,最低落札価格（TSO別）[円/kW・30分],1.01,10.58,0.39,0.39,0,0,0.39,2.05,0.39,0.39
20260504B33,平均落札価格（TSO別）[円/kW・30分],1.19,10.58,0.39,3.4,0,0,0.79,2.05,0.39,2.12
20260504B33,落札量合計（TSO別）[MW],70.75,34,41.24,314.651,0,0,205.535,14,164,844.176
20260504B33,（内訳）自エリアからの落札量[MW],70.75,34,41.24,314.651,0,0,205.535,14,164,844.176
20260504B34,募集量（TSO別）[MW],66,190,595,0,48,142,114,44,154,1353
20260504B34,応札量合計（電源属地別）[MW],81.75,34,41.24,362.168,0,0,205.535,14,130,868.693
20260504B34,落札量合計（電源属地別）[MW],81.75,34,41.24,311.168,0,0,205.535,14,130,817.693
20260504B34,応札件数（電源属地別）[件],3,2,2,4,0,0,5,1,2,19
20260504B34,落札件数（電源属地別）[件],3,2,2,3,0,0,5,1,2,18
20260504B34,最高落札価格（電源属地別）[円/kW・30分],4.5,8.57,0.39,5.21,0,0,2.13,2.05,0.39,8.57
20260504B34,最低落札価格（電源属地別）[円/kW・30分],0.4,8.57,0.39,5.19,0,0,0.39,2.05,0.39,0.39
20260504B34,平均落札価格（電源属地別）[円/kW・30分],1.1,8.57,0.39,5.2,0,0,0.79,2.05,0.39,2.76
20260504B34,最高落札価格（TSO別）[円/kW・30分],4.5,8.57,0.39,5.21,0,0,2.13,2.05,0.39,8.57
20260504B34,最低落札価格（TSO別）[円/kW・30分],0.4,8.57,0.39,5.19,0,0,0.39,2.05,0.39,0.39
20260504B34,平均落札価格（TSO別）[円/kW・30分],1.1,8.57,0.39,5.2,0,0,0.79,2.05,0.39,2.76
20260504B34,落札量合計（TSO別）[MW],81.75,34,41.24,311.168,0,0,205.535,14,130,817.693
20260504B34,（内訳）自エリアからの落札量[MW],81.75,34,41.24,311.168,0,0,205.535,14,130,817.693
20260504B35,募集量（TSO別）[MW],66,185,596,0,47,141,113,44,151,1343
20260504B35,応札量合計（電源属地別）[MW],136.75,51,41.24,344.168,0,0,143.515,30,130,876.673
20260504B35,落札量合計（電源属地別）[MW],123,51,41.24,298.168,0,0,143.515,30,130,816.923
20260504B35,応札件数（電源属地別）[件],4,3,2,3,0,0,3,2,2,19
20260504B35,落札件数（電源属地別）[件],3,3,2,3,0,0,3,2,2,18
20260504B35,最高落札価格（電源属地別）[円/kW・30分],4.4,7.39,0.39,3.36,0,0,2.13,2.05,2.85,7.39
20260504B35,最低落札価格（電源属地別）[円/kW・30分],1.01,7.1,0.39,3.34,0,0,0.39,2.05,0.39,0.39
20260504B35,平均落札価格（電源属地別）[円/kW・30分],1.43,7.2,0.39,3.35,0,0,1,2.05,1.53,2.4
20260504B35,最高落札価格（TSO別）[円/kW・30分],4.4,7.39,0.39,3.36,0,0,2.13,2.05,2.85,7.39
20260504B35,最低落札価格（TSO別）[円/kW・30分],1.01,7.1,0.39,3.34,0,0,0.39,2.05,0.39,0.39
20260504B35,平均落札価格（TSO別）[円/kW・30分],1.43,7.2,0.39,3.35,0,0,1,2.05,1.53,2.4
20260504B35,落札量合計（TSO別）[MW],123,51,41.24,298.168,0,0,143.515,30,130,816.923
20260504B35,（内訳）自エリアからの落札量[MW],123,51,41.24,298.168,0,0,143.515,30,130,816.923
20260504B36,募集量（TSO別）[MW],66,181,595,0,47,141,112,43,150,1335
20260504B36,応札量合計（電源属地別）[MW],139.75,51,78.413,346.168,0,0,263.515,30,130,1038.846
20260504B36,落札量合計（電源属地別）[MW],129.832,51,78.413,192,0,0,198.082,30,130,809.327
20260504B36,応札件数（電源属地別）[件],3,3,3,3,0,0,4,2,2,20
20260504B36,落札件数（電源属地別）[件],3,3,3,3,0,0,4,2,2,20
20260504B36,最高落札価格（電源属地別）[円/kW・30分],11.8,5.15,1.81,2.59,0,0,2.13,2.05,3.85,11.8
20260504B36,最低落札価格（電源属地別）[円/kW・30分],1.01,5.09,1.35,2.57,0,0,0.39,2.05,0.72,0.39
20260504B36,平均落札価格（電源属地別）[円/kW・30分],2.55,5.11,1.74,2.58,0,0,1,2.05,2.16,2.18
20260504B36,最高落札価格（TSO別）[円/kW・30分],11.8,5.15,1.81,2.59,0,0,2.13,2.05,3.85,11.8
20260504B36,最低落札価格（TSO別）[円/kW・30分],1.01,5.09,1.35,2.57,0,0,0.39,2.05,0.72,0.39
20260504B36,平均落札価格（TSO別）[円/kW・30分],2.55,5.11,1.74,2.58,0,0,1,2.05,2.16,2.18
20260504B36,落札量合計（TSO別）[MW],129.832,51,78.413,192,0,0,198.082,30,130,809.327
20260504B36,（内訳）自エリアからの落札量[MW],129.832,51,78.413,192,0,0,198.082,30,130,809.327
20260504B37,募集量（TSO別）[MW],65,175,592,0,46,139,112,40,144,1313
20260504B37,応札量合計（電源属地別）[MW],51,51,160.83,409.168,0,0,225.455,81,170,1148.453
20260504B37,落札量合計（電源属地別）[MW],51,51,160.83,41,0,0,207.082,65,170,745.912
20260504B37,応札件数（電源属地別）[件],2,3,6,4,0,0,2,4,3,24
20260504B37,落札件数（電源属地別）[件],2,3,6,2,0,0,2,4,3,22
20260504B37,最高落札価格（電源属地別）[円/kW・30分],9.9,5.01,8.83,2.34,0,0,2.13,4.08,2.83,9.9
20260504B37,最低落札価格（電源属地別）[円/kW・30分],1.01,4.95,1.28,2.32,0,0,0.39,1.07,1.17,0.39
20260504B37,平均落札価格（電源属地別）[円/kW・30分],1.53,4.97,3.24,2.32,0,0,0.67,2.33,2.09,2.14
20260504B37,最高落札価格（TSO別）[円/kW・30分],9.9,5.01,8.83,2.34,0,0,2.13,4.08,2.83,9.9
20260504B37,最低落札価格（TSO別）[円/kW・30分],1.01,4.95,1.28,2.32,0,0,0.39,1.07,1.17,0.39
20260504B37,平均落札価格（TSO別）[円/kW・30分],1.53,4.97,3.24,2.32,0,0,0.67,2.33,2.09,2.14
20260504B37,落札量合計（TSO別）[MW],51,51,160.83,41,0,0,207.082,65,170,745.912
20260504B37,（内訳）自エリアからの落札量[MW],51,51,160.83,41,0,0,207.082,65,170,745.912
20260504B38,募集量（TSO別）[MW],65,175,591,0,46,139,112,40,144,1312
20260504B38,応札量合計（電源属地別）[MW],242.843,51,369.672,485.077,0,0,143.515,65,307,1664.107
20260504B38,落札量合計（電源属地別）[MW],136.082,51,369.672,41,0,0,143.515,64,307,1112.269
20260504B38,応札件数（電源属地別）[件],5,3,8,4,0,0,3,2,4,29
20260504B38,落札件数（電源属地別）[件],2,3,8,1,0,0,3,2,4,23
20260504B38,最高落札価格（電源属地別）[円/kW・30分],5.26,4.81,8.77,2.46,0,0,3.51,2.05,3.83,8.77
20260504B38,最低落札価格（電源属地別）[円/kW・30分],1.35,4.78,0.36,2.46,0,0,2.13,2.05,2.75,0.36
20260504B38,平均落札価格（電源属地別）[円/kW・30分],3.77,4.79,1.59,2.46,0,0,3,2.05,3.58,2.79
20260504B38,最高落札価格（TSO別）[円/kW・30分],5.26,4.81,8.77,2.46,0,0,3.51,2.05,3.83,8.77
20260504B38,最低落札価格（TSO別）[円/kW・30分],1.35,4.78,0.36,2.46,0,0,2.13,2.05,2.75,0.36
20260504B38,平均落札価格（TSO別）[円/kW・30分],3.77,4.79,1.59,2.46,0,0,3,2.05,3.58,2.79
20260504B38,落札量合計（TSO別）[MW],136.082,51,369.672,41,0,0,143.515,64,307,1112.269
20260504B38,（内訳）自エリアからの落札量[MW],136.082,51,369.672,41,0,0,143.515,64,307,1112.269
20260504B39,募集量（TSO別）[MW],65,175,592,0,45,139,112,40,144,1312
20260504B39,応札量合計（電源属地別）[MW],199,51,350.193,465.877,0,0,143.515,15,419,1643.585
20260504B39,落札量合計（電源属地別）[MW],149,51,350.193,39.1,0,0,143.515,15,417.268,1165.076
20260504B39,応札件数（電源属地別）[件],3,3,7,3,0,0,3,1,5,25
20260504B39,落札件数（電源属地別）[件],1,3,7,1,0,0,3,1,5,21
20260504B39,最高落札価格（電源属地別）[円/kW・30分],5.26,4.73,3.86,2.18,0,0,3.56,2.05,3.89,5.26
20260504B39,最低落札価格（電源属地別）[円/kW・30分],5.26,4.7,0.36,2.18,0,0,2.13,2.05,2.81,0.36
20260504B39,平均落札価格（電源属地別）[円/kW・30分],5.26,4.71,1.17,2.18,0,0,3.04,2.05,3.53,2.97
20260504B39,最高落札価格（TSO別）[円/kW・30分],5.26,4.73,3.86,2.18,0,0,3.56,2.05,3.89,5.26
20260504B39,最低落札価格（TSO別）[円/kW・30分],5.26,4.7,0.36,2.18,0,0,2.13,2.05,2.81,0.36
20260504B39,平均落札価格（TSO別）[円/kW・30分],5.26,4.71,1.17,2.18,0,0,3.04,2.05,3.53,2.97
20260504B39,落札量合計（TSO別）[MW],149,51,350.193,39.1,0,0,143.515,15,417.268,1165.076
20260504B39,（内訳）自エリアからの落札量[MW],149,51,350.193,39.1,0,0,143.515,15,417.268,1165.076
20260504B40,募集量（TSO別）[MW],65,175,591,0,46,139,112,40,144,1312
20260504B40,応札量合計（電源属地別）[MW],263.843,51,153.509,543.077,0,0,143.515,65,419,1638.944
20260504B40,落札量合計（電源属地別）[MW],158.01,51,153.509,41,0,0,143.515,65,419,1031.034
20260504B40,応札件数（電源属地別）[件],5,3,6,3,0,0,3,2,5,27
20260504B40,落札件数（電源属地別）[件],2,3,6,1,0,0,3,2,5,22
20260504B40,最高落札価格（電源属地別）[円/kW・30分],5.26,4.82,4.86,1.91,0,0,3.54,2.05,3.86,5.26
20260504B40,最低落札価格（電源属地別）[円/kW・30分],4.5,4.79,0.69,1.91,0,0,2.13,2.05,2.78,0.69
20260504B40,平均落札価格（電源属地別）[円/kW・30分],5.25,4.8,1.56,1.91,0,0,3.02,2.05,3.5,3.32
20260504B40,最高落札価格（TSO別）[円/kW・30分],5.26,4.82,4.86,1.91,0,0,3.54,2.05,3.86,5.26
20260504B40,最低落札価格（TSO別）[円/kW・30分],4.5,4.79,0.69,1.91,0,0,2.13,2.05,2.78,0.69
20260504B40,平均落札価格（TSO別）[円/kW・30分],5.25,4.8,1.56,1.91,0,0,3.02,2.05,3.5,3.32
20260504B40,落札量合計（TSO別）[MW],158.01,51,153.509,41,0,0,143.515,65,419,1031.034
20260504B40,（内訳）自エリアからの落札量[MW],158.01,51,153.509,41,0,0,143.515,65,419,1031.034
20260504B41,募集量（TSO別）[MW],65,174,590,0,46,139,112,40,143,1309
20260504B41,応札量合計（電源属地別）[MW],220,51,160.893,417.168,0,0,143.515,65,414,1471.576
20260504B41,落札量合計（電源属地別）[MW],157.11,51,160.893,34,0,0,143.515,64,392.727,1003.245
20260504B41,応札件数（電源属地別）[件],4,3,6,4,0,0,3,2,4,26
20260504B41,落札件数（電源属地別）[件],3,3,6,1,0,0,3,2,4,22
20260504B41,最高落札価格（電源属地別）[円/kW・30分],5.26,5.04,4.44,2.01,0,0,3.22,2.05,3.55,5.26
20260504B41,最低落札価格（電源属地別）[円/kW・30分],4.4,4.99,1.18,2.01,0,0,2.13,2.05,2.47,1.18
20260504B41,平均落札価格（電源属地別）[円/kW・30分],5.19,5.01,1.93,2.01,0,0,2.81,2.05,3.16,3.22
20260504B41,最高落札価格（TSO別）[円/kW・30分],5.26,5.04,4.44,2.01,0,0,3.22,2.05,3.55,5.26
20260504B41,最低落札価格（TSO別）[円/kW・30分],4.4,4.99,1.18,2.01,0,0,2.13,2.05,2.47,1.18
20260504B41,平均落札価格（TSO別）[円/kW・30分],5.19,5.01,1.93,2.01,0,0,2.81,2.05,3.16,3.22
20260504B41,落札量合計（TSO別）[MW],157.11,51,160.893,34,0,0,143.515,64,392.727,1003.245
20260504B41,（内訳）自エリアからの落札量[MW],157.11,51,160.893,34,0,0,143.515,64,392.727,1003.245
20260504B42,募集量（TSO別）[MW],65,174,592,0,46,139,112,39,144,1311
20260504B42,応札量合計（電源属地別）[MW],181.843,51,105.926,602.638,0,0,143.515,90,403,1577.922
20260504B42,落札量合計（電源属地別）[MW],132.11,51,105.926,38,0,0,143.515,65,396.836,932.387
20260504B42,応札件数（電源属地別）[件],4,3,4,6,0,0,3,3,4,27
20260504B42,落札件数（電源属地別）[件],4,3,4,1,0,0,3,3,4,22
20260504B42,最高落札価格（電源属地別）[円/kW・30分],14.87,5.52,0.73,2.54,0,0,2.38,4.14,2.71,14.87
20260504B42,最低落札価格（電源属地別）[円/kW・30分],1.01,5.42,0.39,2.54,0,0,2.13,1.07,1.63,0.39
20260504B42,平均落札価格（電源属地別）[円/kW・30分],2.5,5.45,0.59,2.54,0,0,2.25,1.74,2.33,2.28
20260504B42,最高落札価格（TSO別）[円/kW・30分],14.87,5.52,0.73,2.54,0,0,2.38,4.14,2.71,14.87
20260504B42,最低落札価格（TSO別）[円/kW・30分],1.01,5.42,0.39,2.54,0,0,2.13,1.07,1.63,0.39
20260504B42,平均落札価格（TSO別）[円/kW・30分],2.5,5.45,0.59,2.54,0,0,2.25,1.74,2.33,2.28
20260504B42,落札量合計（TSO別）[MW],132.11,51,105.926,38,0,0,143.515,65,396.836,932.387
20260504B42,（内訳）自エリアからの落札量[MW],132.11,51,105.926,38,0,0,143.515,65,396.836,932.387
20260504B43,募集量（TSO別）[MW],65,86,596,0,46,145,112,39,144,1233
20260504B43,応札量合計（電源属地別）[MW],74,34,68.753,711.767,0,0,143.515,107,393,1532.035
20260504B43,落札量合計（電源属地別）[MW],65,34,68.753,80.097,0,0,128.343,65,387.844,829.037
20260504B43,応札件数（電源属地別）[件],3,2,3,7,0,0,3,5,4,27
20260504B43,落札件数（電源属地別）[件],3,2,3,4,0,0,3,4,4,23
20260504B43,最高落札価格（電源属地別）[円/kW・30分],11.4,5.46,1.57,4.69,0,0,2.13,4.08,2.24,11.4
20260504B43,最低落札価格（電源属地別）[円/kW・30分],1.01,5.46,1.04,1.58,0,0,1.77,0.64,1.16,0.64
20260504B43,平均落札価格（電源属地別）[円/kW・30分],2.29,5.46,1.31,2.43,0,0,1.96,1.86,1.85,2.06
20260504B43,最高落札価格（TSO別）[円/kW・30分],11.4,5.46,1.57,4.69,0,0,2.13,4.08,2.24,11.4
20260504B43,最低落札価格（TSO別）[円/kW・30分],1.01,5.46,1.04,1.58,0,0,1.77,0.64,1.16,0.64
20260504B43,平均落札価格（TSO別）[円/kW・30分],2.29,5.46,1.31,2.43,0,0,1.96,1.86,1.85,2.06
20260504B43,落札量合計（TSO別）[MW],65,34,68.753,80.097,0,0,128.343,65,387.844,829.037
20260504B43,（内訳）自エリアからの落札量[MW],65,34,68.753,80.097,0,0,128.343,65,387.844,829.037
20260504B44,募集量（TSO別）[MW],68,86,602,0,47,150,112,40,149,1254
20260504B44,応札量合計（電源属地別）[MW],130.843,34,68.753,711.767,0,0,143.515,93,391,1572.878
20260504B44,落札量合計（電源属地別）[MW],118.925,34,68.753,46,0,0,143.515,76,320.779,807.972
20260504B44,応札件数（電源属地別）[件],4,2,3,7,0,0,3,5,4,28
20260504B44,落札件数（電源属地別）[件],4,2,3,2,0,0,3,3,4,21
20260504B44,最高落札価格（電源属地別）[円/kW・30分],14.87,7.04,0.6,5.65,0,0,2.13,1.07,2.2,14.87
20260504B44,最低落札価格（電源属地別）[円/kW・30分],1.01,7.04,0.39,0.39,0,0,1.73,0.87,1.12,0.39
20260504B44,平均落札価格（電源属地別）[円/kW・30分],6.74,7.04,0.52,5.14,0,0,1.91,0.98,1.73,2.74
20260504B44,最高落札価格（TSO別）[円/kW・30分],14.87,7.04,0.6,5.65,0,0,2.13,1.07,2.2,14.87
20260504B44,最低落札価格（TSO別）[円/kW・30分],1.01,7.04,0.39,0.39,0,0,1.73,0.87,1.12,0.39
20260504B44,平均落札価格（TSO別）[円/kW・30分],6.74,7.04,0.52,5.14,0,0,1.91,0.98,1.73,2.74
20260504B44,落札量合計（TSO別）[MW],118.925,34,68.753,46,0,0,143.515,76,320.779,807.972
20260504B44,（内訳）自エリアからの落札量[MW],118.925,34,68.753,46,0,0,143.515,76,320.779,807.972
20260504B45,募集量（TSO別）[MW],69,86,602,0,47,152,112,40,150,1258
20260504B45,応札量合計（電源属地別）[MW],139,34,105.926,564.69,0,0,143.515,93,342,1422.131
20260504B45,落札量合計（電源属地別）[MW],121,34,105.926,59,0,0,143.515,69,303,835.441
20260504B45,応札件数（電源属地別）[件],3,2,4,4,0,0,3,5,3,24
20260504B45,落札件数（電源属地別）[件],3,2,4,1,0,0,3,3,3,19
20260504B45,最高落札価格（電源属地別）[円/kW・30分],11.4,7.45,0.6,0.82,0,0,2.13,1.09,2.21,11.4
20260504B45,最低落札価格（電源属地別）[円/kW・30分],1.01,7.45,0.39,0.82,0,0,1.74,1.07,1.13,0.39
20260504B45,平均落札価格（電源属地別）[円/kW・30分],1.46,7.45,0.49,0.82,0,0,1.92,1.08,1.71,1.67
20260504B45,最高落札価格（TSO別）[円/kW・30分],11.4,7.45,0.6,0.82,0,0,2.13,1.09,2.21,11.4
20260504B45,最低落札価格（TSO別）[円/kW・30分],1.01,7.45,0.39,0.82,0,0,1.74,1.07,1.13,0.39
20260504B45,平均落札価格（TSO別）[円/kW・30分],1.46,7.45,0.49,0.82,0,0,1.92,1.08,1.71,1.67
20260504B45,落札量合計（TSO別）[MW],121,34,105.926,59,0,0,143.515,69,303,835.441
20260504B45,（内訳）自エリアからの落札量[MW],121,34,105.926,59,0,0,143.515,69,303,835.441
20260504B46,募集量（TSO別）[MW],70,86,600,0,47,153,112,40,150,1258
20260504B46,応札量合計（電源属地別）[MW],182.843,34,0,564.69,0,0,143.515,92,384,1401.048
20260504B46,落札量合計（電源属地別）[MW],144.892,34,0,65,0,0,129.343,64,323.333,760.568
20260504B46,応札件数（電源属地別）[件],4,2,0,6,0,0,3,5,4,24
20260504B46,落札件数（電源属地別）[件],4,2,0,1,0,0,3,3,4,17
20260504B46,最高落札価格（電源属地別）[円/kW・30分],14.87,5.22,0,2.72,0,0,3.95,2.05,4.28,14.87
20260504B46,最低落札価格（電源属地別）[円/kW・30分],1.01,5.22,0,2.72,0,0,2.13,1.07,3.2,1.01
20260504B46,平均落札価格（電源属地別）[円/kW・30分],5.62,5.22,0,2.72,0,0,3.25,1.41,3.81,3.83
20260504B46,最高落札価格（TSO別）[円/kW・30分],14.87,5.22,0,2.72,0,0,3.95,2.05,4.28,14.87
20260504B46,最低落札価格（TSO別）[円/kW・30分],1.01,5.22,0,2.72,0,0,2.13,1.07,3.2,1.01
20260504B46,平均落札価格（TSO別）[円/kW・30分],5.62,5.22,0,2.72,0,0,3.25,1.41,3.81,3.83
20260504B46,落札量合計（TSO別）[MW],144.892,34,0,65,0,0,129.343,64,323.333,760.568
20260504B46,（内訳）自エリアからの落札量[MW],144.892,34,0,65,0,0,129.343,64,323.333,760.568
20260504B47,募集量（TSO別）[MW],70,86,600,0,47,153,112,40,150,1258
20260504B47,応札量合計（電源属地別）[MW],139,34,68.753,533.182,0,0,143.515,94,370,1382.45
20260504B47,落札量合計（電源属地別）[MW],120,34,68.753,66,0,0,143.515,64,332.389,828.657
20260504B47,応札件数（電源属地別）[件],3,2,3,5,0,0,3,5,3,24
20260504B47,落札件数（電源属地別）[件],2,2,3,1,0,0,3,3,3,17
20260504B47,最高落札価格（電源属地別）[円/kW・30分],4.25,5.21,3.23,2.81,0,0,3.9,2.05,4.23,5.21
20260504B47,最低落札価格（電源属地別）[円/kW・30分],1.03,5.21,3.05,2.81,0,0,2.13,1.07,3.15,1.03
20260504B47,平均落札価格（電源属地別）[円/kW・30分],1.27,5.21,3.13,2.81,0,0,3.27,1.41,3.78,3.07
20260504B47,最高落札価格（TSO別）[円/kW・30分],4.25,5.21,3.23,2.81,0,0,3.9,2.05,4.23,5.21
20260504B47,最低落札価格（TSO別）[円/kW・30分],1.03,5.21,3.05,2.81,0,0,2.13,1.07,3.15,1.03
20260504B47,平均落札価格（TSO別）[円/kW・30分],1.27,5.21,3.13,2.81,0,0,3.27,1.41,3.78,3.07
20260504B47,落札量合計（TSO別）[MW],120,34,68.753,66,0,0,143.515,64,332.389,828.657
20260504B47,（内訳）自エリアからの落札量[MW],120,34,68.753,66,0,0,143.515,64,332.389,828.657
20260504B48,募集量（TSO別）[MW],70,86,602,0,47,154,112,40,149,1260
20260504B48,応札量合計（電源属地別）[MW],144.843,34,75.168,564.69,0,0,143.515,107,140,1209.216
20260504B48,落札量合計（電源属地別）[MW],127.01,34,75.168,85.759,0,0,143.515,65,140,670.452
20260504B48,応札件数（電源属地別）[件],4,2,4,5,0,0,3,5,1,24
20260504B48,落札件数（電源属地別）[件],4,2,4,3,0,0,3,4,1,21
20260504B48,最高落札価格（電源属地別）[円/kW・30分],14.87,5.21,1.54,3.92,0,0,3.37,4.08,2.61,14.87
20260504B48,最低落札価格（電源属地別）[円/kW・30分],1.01,5.21,1.27,2.07,0,0,2.13,0.64,2.61,0.64
20260504B48,平均落札価格（電源属地別）[円/kW・30分],6.07,5.21,1.39,3.07,0,0,2.91,1.44,2.61,3.27
20260504B48,最高落札価格（TSO別）[円/kW・30分],14.87,5.21,1.54,3.92,0,0,3.37,4.08,2.61,14.87
20260504B48,最低落札価格（TSO別）[円/kW・30分],1.01,5.21,1.27,2.07,0,0,2.13,0.64,2.61,0.64
20260504B48,平均落札価格（TSO別）[円/kW・30分],6.07,5.21,1.39,3.07,0,0,2.91,1.44,2.61,3.27
20260504B48,落札量合計（TSO別）[MW],127.01,34,75.168,85.759,0,0,143.515,65,140,670.452
20260504B48,（内訳）自エリアからの落札量[MW],127.01,34,75.168,85.759,0,0,143.515,65,140,670.452
E
