H,電力需給調整力取引所取引結果,対象年月,商品区分,ブロック数
P,確報値,202511,複合商品,8
TT,調達区分,取引情報,北海道,東北,東京,中部,北陸,関西,中国,四国,九州,合計
20251101B01,システム約定結果,募集量（TSO別）[MW],55,163,477,39,86,281,189,95,198,1583
20251101B01,システム約定結果,応札量合計（電源属地別）[MW],203.54,430.419,1006.414,0,86,955.965,324.157,125,451.728,3583.223
20251101B01,システム約定結果,落札量合計（電源属地別）[MW],55,430.419,389.354,0,86,340.965,138.101,58.085,37.728,1535.652
20251101B01,システム約定結果,応札件数（電源属地別）[件],6,4,23,0,1,8,5,7,6,60
20251101B01,システム約定結果,落札件数（電源属地別）[件],1,4,21,0,1,7,4,5,5,48
20251101B01,システム約定結果,最高落札価格（電源属地別）[円/kW・30分],1.1,19.51,19.51,0,1.66,19.49,1.52,6.56,19.51,19.51
20251101B01,システム約定結果,最低落札価格（電源属地別）[円/kW・30分],1.1,1.85,0.64,0,1.66,0.61,0.36,0.36,0.36,0.36
20251101B01,システム約定結果,平均落札価格（電源属地別）[円/kW・30分],1.1,3.14,2.24,0,1.66,4.56,1.18,1.3,2.74,2.81
20251101B01,システム約定結果,最高落札価格（TSO別）[円/kW・30分],1.1,19.51,19.51,3.44,1.66,19.49,2.11,8.43,19.51,19.51
20251101B01,システム約定結果,最低落札価格（TSO別）[円/kW・30分],1.1,1.85,0.64,1.85,1.66,0.61,0.36,0.36,0.36,0.36
20251101B01,システム約定結果,平均落札価格（TSO別）[円/kW・30分],1.1,3.2,2.24,2.5,1.66,4,1.22,4.47,2.74,2.81
20251101B01,システム約定結果,落札量合計（TSO別）[MW],55,391.419,389.354,39,86,297.985,144.166,95,37.728,1535.652
20251101B01,システム約定結果,（内訳）自エリアからの落札量[MW],55,391.419,389.354,0,86,297.985,138.081,52,37.728,1447.567
20251101B01,追加調達結果,募集量（TSO別）[MW],-,-,-,-,-,-,-,-,-,-
20251101B01,追加調達結果,応札量合計（電源属地別）[MW],0,0,0,0,0,0,0,0,0,0
20251101B01,追加調達結果,約定量合計（電源属地別）[MW],0,0,0,0,0,0,0,0,0,0
20251101B01,追加調達結果,応札件数（電源属地別）[件],0,0,0,0,0,0,0,0,0,0
20251101B01,追加調達結果,約定件数（電源属地別）[件],0,0,0,0,0,0,0,0,0,0
20251101B01,追加調達結果,最高約定価格（電源属地別）[円/kW・30分],0,0,0,0,0,0,0,0,0,0
20251101B01,追加調達結果,最低約定価格（電源属地別）[円/kW・30分],0,0,0,0,0,0,0,0,0,0
20251101B01,追加調達結果,平均約定価格（電源属地別）[円/kW・30分],0,0,0,0,0,0,0,0,0,0
20251101B01,追加調達結果,最高約定価格（TSO別）[円/kW・30分],0,0,0,0,0,0,0,0,0,0
20251101B01,追加調達結果,最低約定価格（TSO別）[円/kW・30分],0,0,0,0,0,0,0,0,0,0
20251101B01,追加調達結果,平均約定価格（TSO別）[円/kW・30分],0,0,0,0,0,0,0,0,0,0
20251101B01,追加調達結果,約定量合計（TSO別）[MW],0,0,0,0,0,0,0,0,0,0
20251101B01,追加調達結果,（内訳）自エリアからの約定量[MW],0,0,0,0,0,0,0,0,0,0
20251101B01,合計（確報値）,募集量（TSO別）[MW],55,163,477,39,86,281,189,95,198,1583
20251101B01,合計（確報値）,応札量合計（電源属地別）[MW],203.54,430.419,1006.414,0,86,1100.555,324.157,125,451.728,3727.813
20251101B01,合計（確報値）,約定量合計（電源属地別）[MW],55,430.419,389.354,0,86,338.455,138.101,58.085,37.728,1533.142
20251101B01,合計（確報値）,応札件数（電源属地別）[件],6,4,23,0,1,13,5,7,6,65
20251101B01,合計（確報値）,約定件数（電源属地別）[件],1,4,21,0,1,11,4,5,5,52
20251101B01,合計（確報値）,最高約定価格（電源属地別）[円/kW・30分],1.1,19.51,19.51,0,1.66,19.49,1.52,6.56,19.51,19.51
20251101B01,合計（確報値）,最低約定価格（電源属地別）[円/kW・30分],1.1,1.85,0.64,0,1.66,0.61,0.36,0.36,0.36,0.36
20251101B01,合計（確報値）,平均約定価格（電源属地別）[円/kW・30分],1.1,3.14,2.24,0,1.66,4.2,1.18,1.3,2.74,2.73
20251101B01,合計（確報値）,最高約定価格（TSO別）[円/kW・30分],1.1,19.51,19.51,3.44,1.66,19.49,2.11,8.43,19.51,19.51
20251101B01,合計（確報値）,最低約定価格（TSO別）[円/kW・30分],1.1,1.85,0.64,1.85,1.66,0.61,0.36,0.36,0.36,0.36
20251101B01,合計（確報値）,平均約定価格（TSO別）[円/kW・30分],1.1,3.2,2.24,2.5,1.66,3.79,1.22,3.83,2.74,2.73
20251101B01,合計（確報値）,約定量合計（TSO別）[MW],55,391.419,389.354,39,86,295.475,144.166,95,37.728,1533.142
20251101B01,合計（確報値）,（内訳）自エリアからの約定量[MW],55,391.419,389.354,0,86,295.475,138.081,52,37.728,1445.057
20251101B02,システム約定結果,募集量（TSO別）[MW],28,333,476,156,92,380,189,99,300,2053
20251101B02,システム約定結果,応札量合計（電源属地別）[MW],267.9,430.419,1160.42,3.938,92,955.965,325.957,129,420.718,3786.317
20251101B02,システム約定結果,落札量合計（電源属地別）[MW],28,430.419,391.304,3.938,92,357.465,139.145,97.593,188.718,1728.582
20251101B02,システム約定結果,応札件数（電源属地別）[件],4,4,30,2,1,8,6,6,7,68
20251101B02,システム約定結果,落札件数（電源属地別）[件],1,4,25,2,1,7,5,5,6,56
20251101B02,システム約定結果,最高落札価格（電源属地別）[円/kW・30分],2.41,19.51,19.51,19.47,2.27,19.49,19.49,6.49,19.51,19.51
20251101B02,システム約定結果,最低落札価格（電源属地別）[円/kW・30分],2.41,1.82,0.59,19.47,2.27,0.74,0.36,0.36,0.36,0.36
20251101B02,システム約定結果,平均落札価格（電源属地別）[円/kW・30分],2.41,3.1,2.23,19.47,2.27,4.17,1.77,1.4,1.1,2.69
20251101B02,システム約定結果,最高落札価格（TSO別）[円/kW・30分],2.41,19.51,19.51,19.47,2.27,19.49,19.49,6.49,19.51,19.51
20251101B02,システム約定結果,最低落札価格（TSO別）[円/kW・30分],2.41,1.82,0.59,1.82,0.97,0.74,0.36,0.36,0.36,0.36
20251101B02,システム約定結果,平均落札価格（TSO別）[円/kW・30分],2.41,3.46,2.24,2.94,2.15,4,1.76,1.57,1.24,2.69
20251101B02,システム約定結果,落札量合計（TSO別）[MW],28,298.419,380.304,62.938,80,414.365,131.838,99,233.718,1728.582
20251101B02,システム約定結果,（内訳）自エリアからの落札量[MW],28,298.419,380.304,3.938,67,357.465,131.838,91.86,188.718,1547.542
20251101B02,追加調達結果,募集量（TSO別）[MW],-,-,-,-,-,-,-,-,-,-
20251101B02,追加調達結果,応札量合計（電源属地別）[MW],0,0,0,0,0,0,0,0,0,0
20251101B02,追加調達結果,約定量合計（電源属地別）[MW],0,0,0,0,0,0,0,0,0,0
20251101B02,追加調達結果,応札件数（電源属地別）[件],0,0,0,0,0,0,0,0,0,0
20251101B02,追加調達結果,約定件数（電源属地別）[件],0,0,0,0,0,0,0,0,0,0
20251101B02,追加調達結果,最高約定価格（電源属地別）[円/kW・30分],0,0,0,0,0,0,0,0,0,0
20251101B02,追加調達結果,最低約定価格（電源属地別）[円/kW・30分],0,0,0,0,0,0,0,0,0,0
20251101B02,追加調達結果,平均約定価格（電源属地別）[円/kW・30分],0,0,0,0,0,0,0,0,0,0
20251101B02,追加調達結果,最高約定価格（TSO別）[円/kW・30分],0,0,0,0,0,0,0,0,0,0
20251101B02,追加調達結果,最低約定価格（TSO別）[円/kW・30分],0,0,0,0,0,0,0,0,0,0
20251101B02,追加調達結果,平均約定価格（TSO別）[円/kW・30分],0,0,0,0,0,0,0,0,0,0
20251101B02,追加調達結果,約定量合計（TSO別）[MW],0,0,0,0,0,0,0,0,0,0
20251101B02,追加調達結果,（内訳）自エリアからの約定量[MW],0,0,0,0,0,0,0,0,0,0
20251101B02,合計（確報値）,募集量（TSO別）[MW],28,333,476,156,92,380,189,99,300,2053
20251101B02,合計（確報値）,応札量合計（電源属地別）[MW],267.9,430.419,1160.42,3.938,92,1078.555,325.957,129,420.718,3908.907
20251101B02,合計（確報値）,約定量合計（電源属地別）[MW],28,430.419,391.304,3.938,92,354.955,139.145,97.593,188.718,1726.072
20251101B02,合計（確報値）,応札件数（電源属地別）[件],4,4,30,2,1,12,6,6,7,72
20251101B02,合計（確報値）,約定件数（電源属地別）[件],1,4,25,2,1,11,5,5,6,60
20251101B02,合計（確報値）,最高約定価格（電源属地別）[円/kW・30分],2.41,19.51,19.51,19.47,2.27,19.49,19.49,6.49,19.51,19.51
20251101B02,合計（確報値）,最低約定価格（電源属地別）[円/kW・30分],2.41,1.82,0.59,19.47,2.27,0.74,0.36,0.36,0.36,0.36
20251101B02,合計（確報値）,平均約定価格（電源属地別）[円/kW・30分],2.41,3.1,2.23,19.47,2.27,3.86,1.77,1.4,1.1,2.62
20251101B02,合計（確報値）,最高約定価格（TSO別）[円/kW・30分],2.41,19.51,19.51,19.47,2.27,19.49,19.49,6.49,19.51,19.51
20251101B02,合計（確報値）,最低約定価格（TSO別）[円/kW・30分],2.41,1.82,0.59,1.82,0.97,0.74,0.36,0.36,0.36,0.36
20251101B02,合計（確報値）,平均約定価格（TSO別）[円/kW・30分],2.41,3.46,2.24,2.94,2.15,3.73,1.76,1.57,1.24,2.62
20251101B02,合計（確報値）,約定量合計（TSO別）[MW],28,298.419,380.304,62.938,80,411.855,131.838,99,233.718,1726.072
20251101B02,合計（確報値）,（内訳）自エリアからの約定量[MW],28,298.419,380.304,3.938,67,354.955,131.838,91.86,188.718,1545.032
20251101B03,システム約定結果,募集量（TSO別）[MW],134,932,775,398,127,605,284,174,427,3856
20251101B03,システム約定結果,応札量合計（電源属地別）[MW],285.79,770.419,860.484,3.938,127,962.865,325.957,133,275.642,3745.095
20251101B03,システム約定結果,落札量合計（電源属地別）[MW],134,770.419,860.484,3.938,127,576.158,280.096,133,189.759,3074.854
20251101B03,システム約定結果,応札件数（電源属地別）[件],5,6,22,2,1,7,6,4,7,60
20251101B03,システム約定結果,落札件数（電源属地別）[件],4,6,22,2,1,7,6,4,7,59
20251101B03,システム約定結果,最高落札価格（電源属地別）[円/kW・30分],18.53,19.51,19.5,19.47,1.65,19.51,19.51,7.4,19.51,19.51
20251101B03,システム約定結果,最低落札価格（電源属地別）[円/kW・30分],2.89,1.69,1.43,19.47,1.65,0.36,0.36,0.36,0.36,0.36
20251101B03,システム約定結果,平均落札価格（電源属地別）[円/kW・30分],4.67,2.71,2.83,19.47,1.65,1.55,1.23,1.21,1.26,2.3
20251101B03,システム約定結果,最高落札価格（TSO別）[円/kW・30分],18.53,19.51,19.5,19.47,1.67,19.51,19.51,7.4,19.51,19.51
20251101B03,システム約定結果,最低落札価格（TSO別）[円/kW・30分],2.89,1.69,1.43,3,1.6,0.36,0.36,0.36,0.36,0.36
20251101B03,システム約定結果,平均落札価格（TSO別）[円/kW・30分],4.67,2.8,2.73,6.04,1.64,1.57,1.24,1.21,1.28,2.3
20251101B03,システム約定結果,落札量合計（TSO別）[MW],134,1040.419,573.115,21.307,127,500.365,209.006,133,336.642,3074.854
20251101B03,システム約定結果,（内訳）自エリアからの落札量[MW],134,755.419,558.115,3.938,68,441.365,209.006,133,189.759,2492.602
20251101B03,追加調達結果,募集量（TSO別）[MW],-,-,-,-,-,-,-,-,-,-
20251101B03,追加調達結果,応札量合計（電源属地別）[MW],0,0,0,0,0,0,0,0,0,0
20251101B03,追加調達結果,約定量合計（電源属地別）[MW],0,0,0,0,0,0,0,0,0,0
20251101B03,追加調達結果,応札件数（電源属地別）[件],0,0,0,0,0,0,0,0,0,0
20251101B03,追加調達結果,約定件数（電源属地別）[件],0,0,0,0,0,0,0,0,0,0
20251101B03,追加調達結果,最高約定価格（電源属地別）[円/kW・30分],0,0,0,0,0,0,0,0,0,0
20251101B03,追加調達結果,最低約定価格（電源属地別）[円/kW・30分],0,0,0,0,0,0,0,0,0,0
20251101B03,追加調達結果,平均約定価格（電源属地別）[円/kW・30分],0,0,0,0,0,0,0,0,0,0
20251101B03,追加調達結果,最高約定価格（TSO別）[円/kW・30分],0,0,0,0,0,0,0,0,0,0
20251101B03,追加調達結果,最低約定価格（TSO別）[円/kW・30分],0,0,0,0,0,0,0,0,0,0
20251101B03,追加調達結果,平均約定価格（TSO別）[円/kW・30分],0,0,0,0,0,0,0,0,0,0
20251101B03,追加調達結果,約定量合計（TSO別）[MW],0,0,0,0,0,0,0,0,0,0
20251101B03,追加調達結果,（内訳）自エリアからの約定量[MW],0,0,0,0,0,0,0,0,0,0
20251101B03,合計（確報値）,募集量（TSO別）[MW],134,932,775,398,127,605,284,174,427,3856
20251101B03,合計（確報値）,応札量合計（電源属地別）[MW],285.79,940.419,860.484,3.938,127,962.865,325.957,133,275.642,3915.095
20251101B03,合計（確報値）,約定量合計（電源属地別）[MW],134,770.419,860.484,3.938,127,576.158,280.096,133,189.759,3074.854
20251101B03,合計（確報値）,応札件数（電源属地別）[件],5,10,22,2,1,7,6,4,7,64
20251101B03,合計（確報値）,約定件数（電源属地別）[件],4,9,22,2,1,7,6,4,7,62
20251101B03,合計（確報値）,最高約定価格（電源属地別）[円/kW・30分],18.53,19.51,19.5,19.47,1.65,19.51,19.51,7.4,19.51,19.51
20251101B03,合計（確報値）,最低約定価格（電源属地別）[円/kW・30分],2.89,1.4,1.43,19.47,1.65,0.36,0.36,0.36,0.36,0.36
20251101B03,合計（確報値）,平均約定価格（電源属地別）[円/kW・30分],4.67,2.61,2.83,19.47,1.65,1.55,1.23,1.21,1.26,2.27
20251101B03,合計（確報値）,最高約定価格（TSO別）[円/kW・30分],18.53,19.51,19.5,19.47,1.67,19.51,19.51,7.4,19.51,19.51
20251101B03,合計（確報値）,最低約定価格（TSO別）[円/kW・30分],2.89,1.4,1.43,3,1.6,0.36,0.36,0.36,0.36,0.36
20251101B03,合計（確報値）,平均約定価格（TSO別）[円/kW・30分],4.67,2.72,2.73,6.04,1.64,1.57,1.24,1.21,1.28,2.27
20251101B03,合計（確報値）,約定量合計（TSO別）[MW],134,1040.419,573.115,21.307,127,500.365,209.006,133,336.642,3074.854
20251101B03,合計（確報値）,（内訳）自エリアからの約定量[MW],134,755.419,558.115,3.938,68,441.365,209.006,133,189.759,2492.602
20251101B04,システム約定結果,募集量（TSO別）[MW],116,222,954,148,194,869,486,219,604,3812
20251101B04,システム約定結果,応札量合計（電源属地別）[MW],349.94,250,1453.122,76.858,194,987.1,252.622,181,467.03,4211.672
20251101B04,システム約定結果,落札量合計（電源属地別）[MW],116,250,1002.587,76.858,194,987.1,252.622,181,467.03,3527.197
20251101B04,システム約定結果,応札件数（電源属地別）[件],7,1,27,4,2,6,4,4,9,64
20251101B04,システム約定結果,落札件数（電源属地別）[件],4,1,23,4,2,6,4,4,9,57
20251101B04,システム約定結果,最高落札価格（電源属地別）[円/kW・30分],18.33,4.96,19.51,19.51,0.85,10.88,1.04,7.97,19.51,19.51
20251101B04,システム約定結果,最低落札価格（電源属地別）[円/kW・30分],4,4.96,0.37,0.87,0.76,0.36,0.36,0.36,0.36,0.36
20251101B04,システム約定結果,平均落札価格（電源属地別）[円/kW・30分],5.75,4.96,1.27,2.29,0.82,2.07,0.75,1.05,4.68,2.3
20251101B04,システム約定結果,最高落札価格（TSO別）[円/kW・30分],18.33,4.96,19.51,2.46,1.04,19.51,10.88,7.97,19.51,19.51
20251101B04,システム約定結果,最低落札価格（TSO別）[円/kW・30分],4,4.96,0.37,0.36,0.76,0.36,0.36,0.36,0.36,0.36
20251101B04,システム約定結果,平均落札価格（TSO別）[円/kW・30分],5.75,4.96,1.22,1.31,0.83,2.3,0.76,1.05,4.57,2.3
20251101B04,システム約定結果,落札量合計（TSO別）[MW],116,250,933.29,148,186,801.858,384.019,181,527.03,3527.197
20251101B04,システム約定結果,（内訳）自エリアからの落札量[MW],116,250,933.29,49.917,157,759,249.83,181,467.03,3163.067
20251101B04,追加調達結果,募集量（TSO別）[MW],-,-,-,-,-,-,-,-,-,-
20251101B04,追加調達結果,応札量合計（電源属地別）[MW],0,0,0,0,0,0,0,0,0,0
20251101B04,追加調達結果,約定量合計（電源属地別）[MW],0,0,0,0,0,0,0,0,0,0
20251101B04,追加調達結果,応札件数（電源属地別）[件],0,0,0,0,0,0,0,0,0,0
20251101B04,追加調達結果,約定件数（電源属地別）[件],0,0,0,0,0,0,0,0,0,0
20251101B04,追加調達結果,最高約定価格（電源属地別）[円/kW・30分],0,0,0,0,0,0,0,0,0,0
20251101B04,追加調達結果,最低約定価格（電源属地別）[円/kW・30分],0,0,0,0,0,0,0,0,0,0
20251101B04,追加調達結果,平均約定価格（電源属地別）[円/kW・30分],0,0,0,0,0,0,0,0,0,0
20251101B04,追加調達結果,最高約定価格（TSO別）[円/kW・30分],0,0,0,0,0,0,0,0,0,0
20251101B04,追加調達結果,最低約定価格（TSO別）[円/kW・30分],0,0,0,0,0,0,0,0,0,0
20251101B04,追加調達結果,平均約定価格（TSO別）[円/kW・30分],0,0,0,0,0,0,0,0,0,0
20251101B04,追加調達結果,約定量合計（TSO別）[MW],0,0,0,0,0,0,0,0,0,0
20251101B04,追加調達結果,（内訳）自エリアからの約定量[MW],0,0,0,0,0,0,0,0,0,0
20251101B04,合計（確報値）,募集量（TSO別）[MW],116,222,954,148,194,869,486,219,604,3812
20251101B04,合計（確報値）,応札量合計（電源属地別）[MW],349.94,250,1453.122,76.858,194,987.1,252.622,181,860.03,4604.672
20251101B04,合計（確報値）,約定量合計（電源属地別）[MW],116,250,1002.587,76.858,194,987.1,252.622,181,467.03,3527.197
20251101B04,合計（確報値）,応札件数（電源属地別）[件],7,1,27,4,2,6,4,4,18,73
20251101B04,合計（確報値）,約定件数（電源属地別）[件],4,1,23,4,2,6,4,4,16,64
20251101B04,合計（確報値）,最高約定価格（電源属地別）[円/kW・30分],18.33,4.96,19.51,19.51,0.85,10.88,1.04,7.97,19.51,19.51
20251101B04,合計（確報値）,最低約定価格（電源属地別）[円/kW・30分],4,4.96,0.37,0.87,0.76,0.36,0.36,0.36,0.36,0.36
20251101B04,合計（確報値）,平均約定価格（電源属地別）[円/kW・30分],5.75,4.96,1.27,2.29,0.82,2.07,0.75,1.05,1.03,1.82
20251101B04,合計（確報値）,最高約定価格（TSO別）[円/kW・30分],18.33,4.96,19.51,2.46,1.04,19.51,10.88,7.97,19.51,19.51
20251101B04,合計（確報値）,最低約定価格（TSO別）[円/kW・30分],4,4.96,0.37,0.36,0.76,0.36,0.36,0.36,0.36,0.36
20251101B04,合計（確報値）,平均約定価格（TSO別）[円/kW・30分],5.75,4.96,1.22,1.31,0.83,2.3,0.76,1.05,1.34,1.82
20251101B04,合計（確報値）,約定量合計（TSO別）[MW],116,250,933.29,148,186,801.858,384.019,181,527.03,3527.197
20251101B04,合計（確報値）,（内訳）自エリアからの約定量[MW],116,250,933.29,49.917,157,759,249.83,181,467.03,3163.067
20251101B05,システム約定結果,募集量（TSO別）[MW],32,217,824,306,194,588,361,145,537,3204
20251101B05,システム約定結果,応札量合計（電源属地別）[MW],269.75,260.419,1160.985,7.718,194,1036.465,254.422,117,468.47,3769.229
20251101B05,システム約定結果,落札量合計（電源属地別）[MW],32,260.419,836.415,7.718,194,723.367,208.561,117,428.47,2807.95
20251101B05,システム約定結果,応札件数（電源属地別）[件],4,3,33,4,2,8,5,4,10,73
20251101B05,システム約定結果,落札件数（電源属地別）[件],1,3,30,4,2,8,5,4,10,67
20251101B05,システム約定結果,最高落札価格（電源属地別）[円/kW・30分],2.66,19.51,19.51,19.51,1.45,19.51,19.51,7.66,19.51,19.51
20251101B05,システム約定結果,最低落札価格（電源属地別）[円/kW・30分],2.66,4.76,0.37,19.47,1.36,0.36,0.36,0.36,0.36,0.36
20251101B05,システム約定結果,平均落札価格（電源属地別）[円/kW・30分],2.66,5.24,1.38,19.49,1.42,2.69,0.94,1.37,5.26,2.7
20251101B05,システム約定結果,最高落札価格（TSO別）[円/kW・30分],2.66,19.51,19.51,19.51,1.7,19.51,19.51,7.66,19.51,19.51
20251101B05,システム約定結果,最低落札価格（TSO別）[円/kW・30分],2.66,0.37,0.37,0.36,1.36,0.36,0.36,0.36,0.36,0.36
20251101B05,システム約定結果,平均落札価格（TSO別）[円/kW・30分],2.66,4.68,1.47,1.48,1.47,3.08,1.35,1.37,5.26,2.7
20251101B05,システム約定結果,落札量合計（TSO別）[MW],32,295.419,689.748,202.718,194,553.714,294.881,117,428.47,2807.95
20251101B05,システム約定結果,（内訳）自エリアからの落札量[MW],32,260.419,689.748,7.718,157,553.714,208.561,117,428.47,2454.63
20251101B05,追加調達結果,募集量（TSO別）[MW],-,-,-,-,-,-,-,-,-,-
20251101B05,追加調達結果,応札量合計（電源属地別）[MW],0,0,0,0,0,0,0,0,0,0
20251101B05,追加調達結果,約定量合計（電源属地別）[MW],0,0,0,0,0,0,0,0,0,0
20251101B05,追加調達結果,応札件数（電源属地別）[件],0,0,0,0,0,0,0,0,0,0
20251101B05,追加調達結果,約定件数（電源属地別）[件],0,0,0,0,0,0,0,0,0,0
20251101B05,追加調達結果,最高約定価格（電源属地別）[円/kW・30分],0,0,0,0,0,0,0,0,0,0
20251101B05,追加調達結果,最低約定価格（電源属地別）[円/kW・30分],0,0,0,0,0,0,0,0,0,0
20251101B05,追加調達結果,平均約定価格（電源属地別）[円/kW・30分],0,0,0,0,0,0,0,0,0,0
20251101B05,追加調達結果,最高約定価格（TSO別）[円/kW・30分],0,0,0,0,0,0,0,0,0,0
20251101B05,追加調達結果,最低約定価格（TSO別）[円/kW・30分],0,0,0,0,0,0,0,0,0,0
20251101B05,追加調達結果,平均約定価格（TSO別）[円/kW・30分],0,0,0,0,0,0,0,0,0,0
20251101B05,追加調達結果,約定量合計（TSO別）[MW],0,0,0,0,0,0,0,0,0,0
20251101B05,追加調達結果,（内訳）自エリアからの約定量[MW],0,0,0,0,0,0,0,0,0,0
20251101B05,合計（確報値）,募集量（TSO別）[MW],32,217,824,306,194,588,361,145,537,3204
20251101B05,合計（確報値）,応札量合計（電源属地別）[MW],269.75,260.419,1160.985,7.718,194,1036.465,254.422,117,881.47,4182.229
20251101B05,合計（確報値）,約定量合計（電源属地別）[MW],32,260.419,836.415,7.718,194,723.367,208.561,117,428.47,2807.95
20251101B05,合計（確報値）,応札件数（電源属地別）[件],4,3,33,4,2,8,5,4,18,81
20251101B05,合計（確報値）,約定件数（電源属地別）[件],1,3,30,4,2,8,5,4,16,73
20251101B05,合計（確報値）,最高約定価格（電源属地別）[円/kW・30分],2.66,19.51,19.51,19.51,1.45,19.51,19.51,7.66,19.51,19.51
20251101B05,合計（確報値）,最低約定価格（電源属地別）[円/kW・30分],2.66,4.76,0.37,19.47,1.36,0.36,0.36,0.36,0.36,0.36
20251101B05,合計（確報値）,平均約定価格（電源属地別）[円/kW・30分],2.66,5.24,1.38,19.49,1.42,2.69,0.94,1.37,1.15,2.07
20251101B05,合計（確報値）,最高約定価格（TSO別）[円/kW・30分],2.66,19.51,19.51,19.51,1.7,19.51,19.51,7.66,19.51,19.51
20251101B05,合計（確報値）,最低約定価格（TSO別）[円/kW・30分],2.66,0.37,0.37,0.36,1.36,0.36,0.36,0.36,0.36,0.36
20251101B05,合計（確報値）,平均約定価格（TSO別）[円/kW・30分],2.66,4.68,1.47,1.48,1.47,3.08,1.35,1.37,1.15,2.07
20251101B05,合計（確報値）,約定量合計（TSO別）[MW],32,295.419,689.748,202.718,194,553.714,294.881,117,428.47,2807.95
20251101B05,合計（確報値）,（内訳）自エリアからの約定量[MW],32,260.419,689.748,7.718,157,553.714,208.561,117,428.47,2454.63
20251101B06,システム約定結果,募集量（TSO別）[MW],36,732,991,382,120,692,340,179,549,4021
20251101B06,システム約定結果,応札量合計（電源属地別）[MW],321.94,770.419,1590.917,7.718,120,1036.465,325.957,134,312.47,4619.886
20251101B06,システム約定結果,落札量合計（電源属地別）[MW],36,770.419,1085.984,7.718,120,845.027,280.096,134,312.47,3591.714
20251101B06,システム約定結果,応札件数（電源属地別）[件],7,6,32,4,1,8,6,4,9,77
20251101B06,システム約定結果,落札件数（電源属地別）[件],2,6,29,4,1,8,6,4,9,69
20251101B06,システム約定結果,最高落札価格（電源属地別）[円/kW・30分],3.4,19.51,19.51,19.51,2.89,19.51,19.51,7.31,19.51,19.51
20251101B06,システム約定結果,最低落札価格（電源属地別）[円/kW・30分],2.89,2.14,0.37,19.47,2.89,1.5,0.69,0.36,0.49,0.36
20251101B06,システム約定結果,平均落札価格（電源属地別）[円/kW・30分],2.96,2.46,2.04,19.49,2.89,3.12,2.09,1.18,1.44,2.38
20251101B06,システム約定結果,最高落札価格（TSO別）[円/kW・30分],3.4,19.51,19.51,19.51,3.78,19.51,19.51,7.31,19.51,19.51
20251101B06,システム約定結果,最低落札価格（TSO別）[円/kW・30分],2.89,0.46,0.37,0.46,0.79,1.5,0.69,0.36,0.49,0.36
20251101B06,システム約定結果,平均落札価格（TSO別）[円/kW・30分],2.96,2.36,2.3,1.91,3.04,3.28,2.51,1.18,1.62,2.38
20251101B06,システム約定結果,落札量合計（TSO別）[MW],36,878.419,860.428,208.607,113,613.365,291.168,134,456.727,3591.714
20251101B06,システム約定結果,（内訳）自エリアからの落札量[MW],36,770.419,860.428,7.718,73,599.981,205.126,134,312.47,2999.142
20251101B06,追加調達結果,募集量（TSO別）[MW],-,-,-,-,-,-,-,-,-,-
20251101B06,追加調達結果,応札量合計（電源属地別）[MW],0,0,0,0,0,0,0,0,0,0
20251101B06,追加調達結果,約定量合計（電源属地別）[MW],0,0,0,0,0,0,0,0,0,0
20251101B06,追加調達結果,応札件数（電源属地別）[件],0,0,0,0,0,0,0,0,0,0
20251101B06,追加調達結果,約定件数（電源属地別）[件],0,0,0,0,0,0,0,0,0,0
20251101B06,追加調達結果,最高約定価格（電源属地別）[円/kW・30分],0,0,0,0,0,0,0,0,0,0
20251101B06,追加調達結果,最低約定価格（電源属地別）[円/kW・30分],0,0,0,0,0,0,0,0,0,0
20251101B06,追加調達結果,平均約定価格（電源属地別）[円/kW・30分],0,0,0,0,0,0,0,0,0,0
20251101B06,追加調達結果,最高約定価格（TSO別）[円/kW・30分],0,0,0,0,0,0,0,0,0,0
20251101B06,追加調達結果,最低約定価格（TSO別）[円/kW・30分],0,0,0,0,0,0,0,0,0,0
20251101B06,追加調達結果,平均約定価格（TSO別）[円/kW・30分],0,0,0,0,0,0,0,0,0,0
20251101B06,追加調達結果,約定量合計（TSO別）[MW],0,0,0,0,0,0,0,0,0,0
20251101B06,追加調達結果,（内訳）自エリアからの約定量[MW],0,0,0,0,0,0,0,0,0,0
20251101B06,合計（確報値）,募集量（TSO別）[MW],36,732,991,382,120,692,340,179,549,4021
20251101B06,合計（確報値）,応札量合計（電源属地別）[MW],321.94,940.419,1590.917,7.718,120,1036.465,325.957,134,312.47,4789.886
20251101B06,合計（確報値）,約定量合計（電源属地別）[MW],36,770.419,1085.984,7.718,120,845.027,280.096,134,312.47,3591.714
20251101B06,合計（確報値）,応札件数（電源属地別）[件],7,8,32,4,1,8,6,4,9,79
20251101B06,合計（確報値）,約定件数（電源属地別）[件],2,7,29,4,1,8,6,4,9,70
20251101B06,合計（確報値）,最高約定価格（電源属地別）[円/kW・30分],3.4,19.51,19.51,19.51,2.89,19.51,19.51,7.31,19.51,19.51
20251101B06,合計（確報値）,最低約定価格（電源属地別）[円/kW・30分],2.89,1.06,0.37,19.47,2.89,1.5,0.69,0.36,0.49,0.36
20251101B06,合計（確報値）,平均約定価格（電源属地別）[円/kW・30分],2.96,2.22,2.04,19.49,2.89,3.12,2.09,1.18,1.44,2.33
20251101B06,合計（確報値）,最高約定価格（TSO別）[円/kW・30分],3.4,19.51,19.51,19.51,3.78,19.51,19.51,7.31,19.51,19.51
20251101B06,合計（確報値）,最低約定価格（TSO別）[円/kW・30分],2.89,0.46,0.37,0.46,0.79,1.5,0.69,0.36,0.49,0.36
20251101B06,合計（確報値）,平均約定価格（TSO別）[円/kW・30分],2.96,2.15,2.3,1.91,3.04,3.28,2.51,1.18,1.62,2.33
20251101B06,合計（確報値）,約定量合計（TSO別）[MW],36,878.419,860.428,208.607,113,613.365,291.168,134,456.727,3591.714
20251101B06,合計（確報値）,（内訳）自エリアからの約定量[MW],36,770.419,860.428,7.718,73,599.981,205.126,134,312.47,2999.142
20251101B07,システム約定結果,募集量（TSO別）[MW],32,263,696,183,106,574,305,83,328,2570
20251101B07,システム約定結果,応札量合計（電源属地別）[MW],320.04,260.419,1665.906,1002.3,106,962.865,405.269,111,585.142,5418.941
20251101B07,システム約定結果,落札量合計（電源属地別）[MW],32,260.419,905.473,1002.3,106,336.99,223.901,58.333,162.142,3087.558
20251101B07,システム約定結果,応札件数（電源属地別）[件],6,3,35,15,1,7,8,6,11,92
20251101B07,システム約定結果,落札件数（電源属地別）[件],2,3,28,15,1,7,7,4,10,77
20251101B07,システム約定結果,最高落札価格（電源属地別）[円/kW・30分],3.44,19.51,19.51,19.51,2.88,19.49,19.49,2.11,19.51,19.51
20251101B07,システム約定結果,最低落札価格（電源属地別）[円/kW・30分],2.5,1.97,0.73,2.12,2.88,1.5,0.45,0.68,0.5,0.45
20251101B07,システム約定結果,平均落札価格（電源属地別）[円/kW・30分],3.06,2.57,5.21,3.69,2.88,3.33,1.57,1.05,1.79,3.66
20251101B07,システム約定結果,最高落札価格（TSO別）[円/kW・30分],3.44,19.51,19.51,4.21,2.88,19.51,19.49,5.53,19.51,19.51
20251101B07,システム約定結果,最低落札価格（TSO別）[円/kW・30分],2.5,1.97,0.73,2.12,2.88,1.5,0.45,0.68,0.5,0.45
20251101B07,システム約定結果,平均落札価格（TSO別）[円/kW・30分],3.06,2.77,5.2,3.54,2.88,3.58,2.03,1.79,2.5,3.66
20251101B07,システム約定結果,落札量合計（TSO別）[MW],32,275.419,890.473,591.233,88,588.491,265.8,83,273.142,3087.558
20251101B07,システム約定結果,（内訳）自エリアからの落札量[MW],32,260.419,890.473,591.233,88,308.904,223.901,55,162.142,2612.072
20251101B07,追加調達結果,募集量（TSO別）[MW],-,-,-,-,-,-,-,-,-,-
20251101B07,追加調達結果,応札量合計（電源属地別）[MW],0,0,0,0,0,0,0,0,0,0
20251101B07,追加調達結果,約定量合計（電源属地別）[MW],0,0,0,0,0,0,0,0,0,0
20251101B07,追加調達結果,応札件数（電源属地別）[件],0,0,0,0,0,0,0,0,0,0
20251101B07,追加調達結果,約定件数（電源属地別）[件],0,0,0,0,0,0,0,0,0,0
20251101B07,追加調達結果,最高約定価格（電源属地別）[円/kW・30分],0,0,0,0,0,0,0,0,0,0
20251101B07,追加調達結果,最低約定価格（電源属地別）[円/kW・30分],0,0,0,0,0,0,0,0,0,0
20251101B07,追加調達結果,平均約定価格（電源属地別）[円/kW・30分],0,0,0,0,0,0,0,0,0,0
20251101B07,追加調達結果,最高約定価格（TSO別）[円/kW・30分],0,0,0,0,0,0,0,0,0,0
20251101B07,追加調達結果,最低約定価格（TSO別）[円/kW・30分],0,0,0,0,0,0,0,0,0,0
20251101B07,追加調達結果,平均約定価格（TSO別）[円/kW・30分],0,0,0,0,0,0,0,0,0,0
20251101B07,追加調達結果,約定量合計（TSO別）[MW],0,0,0,0,0,0,0,0,0,0
20251101B07,追加調達結果,（内訳）自エリアからの約定量[MW],0,0,0,0,0,0,0,0,0,0
20251101B07,合計（確報値）,募集量（TSO別）[MW],32,263,696,183,106,574,305,83,328,2570
20251101B07,合計（確報値）,応札量合計（電源属地別）[MW],320.04,260.419,1817.068,1985.882,106,962.865,405.269,111,585.142,6553.685
20251101B07,合計（確報値）,約定量合計（電源属地別）[MW],32,260.419,905.473,1002.3,106,336.99,223.901,58.333,162.142,3087.558
20251101B07,合計（確報値）,応札件数（電源属地別）[件],6,3,42,55,1,7,8,6,11,139
20251101B07,合計（確報値）,約定件数（電源属地別）[件],2,3,34,44,1,7,7,4,10,112
20251101B07,合計（確報値）,最高約定価格（電源属地別）[円/kW・30分],3.44,19.51,19.51,19.51,2.88,19.49,19.49,2.11,19.51,19.51
20251101B07,合計（確報値）,最低約定価格（電源属地別）[円/kW・30分],2.5,1.97,0.36,0.36,2.88,1.5,0.45,0.68,0.5,0.36
20251101B07,合計（確報値）,平均約定価格（電源属地別）[円/kW・30分],3.06,2.57,4.26,0.59,2.88,3.33,1.57,1.05,1.79,2.38
20251101B07,合計（確報値）,最高約定価格（TSO別）[円/kW・30分],3.44,19.51,19.51,2.16,2.88,19.51,19.49,5.53,19.51,19.51
20251101B07,合計（確報値）,最低約定価格（TSO別）[円/kW・30分],2.5,0.36,0.36,0.36,2.88,0.36,0.36,0.36,0.36,0.36
20251101B07,合計（確報値）,平均約定価格（TSO別）[円/kW・30分],3.06,2.72,4.24,0.5,2.88,2.08,1.85,1.5,1.21,2.38
20251101B07,合計（確報値）,約定量合計（TSO別）[MW],32,275.419,890.473,591.233,88,588.491,265.8,83,273.142,3087.558
20251101B07,合計（確報値）,（内訳）自エリアからの約定量[MW],32,260.419,890.473,591.233,88,308.904,223.901,55,162.142,2612.072
20251101B08,システム約定結果,募集量（TSO別）[MW],39,138,650,228,105,462,197,88,298,2205
20251101B08,システム約定結果,応札量合計（電源属地別）[MW],321.94,260.419,732.748,715.718,105,955.965,182.347,118,455.218,3847.355
20251101B08,システム約定結果,落札量合計（電源属地別）[MW],39,260.419,581.448,715.718,105,367.465,142.713,63.799,155.218,2430.78
20251101B08,システム約定結果,応札件数（電源属地別）[件],7,3,18,11,1,8,5,6,8,67
20251101B08,システム約定結果,落札件数（電源属地別）[件],2,3,16,11,1,7,5,4,7,56
20251101B08,システム約定結果,最高落札価格（電源属地別）[円/kW・30分],4.59,19.51,19.51,19.51,1.6,19.49,19.49,8.06,19.51,19.51
20251101B08,システム約定結果,最低落札価格（電源属地別）[円/kW・30分],3.8,3.22,0.73,2.96,1.6,0.66,0.36,0.96,0.36,0.36
20251101B08,システム約定結果,平均落札価格（電源属地別）[円/kW・30分],4.18,3.77,3.4,3.29,1.6,3.93,1.2,2.75,1.38,3.15
20251101B08,システム約定結果,最高落札価格（TSO別）[円/kW・30分],4.59,19.51,19.51,19.51,1.6,19.49,19.49,8.06,19.51,19.51
20251101B08,システム約定結果,最低落札価格（TSO別）[円/kW・30分],3.8,3.22,0.73,2.96,1.6,0.66,0.36,0.96,0.36,0.36
20251101B08,システム約定結果,平均落札価格（TSO別）[円/kW・30分],4.18,3.77,3.4,3.31,1.6,3.74,1.03,2.66,1.61,3.15
20251101B08,システム約定結果,落札量合計（TSO別）[MW],39,260.419,581.448,583.53,83,471.365,100.8,88,223.218,2430.78
20251101B08,システム約定結果,（内訳）自エリアからの落札量[MW],39,260.419,581.448,583.53,83,363.762,97.001,60,155.218,2223.378
20251101B08,追加調達結果,募集量（TSO別）[MW],-,-,-,-,-,-,-,-,-,-
20251101B08,追加調達結果,応札量合計（電源属地別）[MW],0,0,0,0,0,0,0,0,0,0
20251101B08,追加調達結果,約定量合計（電源属地別）[MW],0,0,0,0,0,0,0,0,0,0
20251101B08,追加調達結果,応札件数（電源属地別）[件],0,0,0,0,0,0,0,0,0,0
20251101B08,追加調達結果,約定件数（電源属地別）[件],0,0,0,0,0,0,0,0,0,0
20251101B08,追加調達結果,最高約定価格（電源属地別）[円/kW・30分],0,0,0,0,0,0,0,0,0,0
20251101B08,追加調達結果,最低約定価格（電源属地別）[円/kW・30分],0,0,0,0,0,0,0,0,0,0
20251101B08,追加調達結果,平均約定価格（電源属地別）[円/kW・30分],0,0,0,0,0,0,0,0,0,0
20251101B08,追加調達結果,最高約定価格（TSO別）[円/kW・30分],0,0,0,0,0,0,0,0,0,0
20251101B08,追加調達結果,最低約定価格（TSO別）[円/kW・30分],0,0,0,0,0,0,0,0,0,0
20251101B08,追加調達結果,平均約定価格（TSO別）[円/kW・30分],0,0,0,0,0,0,0,0,0,0
20251101B08,追加調達結果,約定量合計（TSO別）[MW],0,0,0,0,0,0,0,0,0,0
20251101B08,追加調達結果,（内訳）自エリアからの約定量[MW],0,0,0,0,0,0,0,0,0,0
20251101B08,合計（確報値）,募集量（TSO別）[MW],39,138,650,228,105,462,197,88,298,2205
20251101B08,合計（確報値）,応札量合計（電源属地別）[MW],321.94,260.419,732.748,1482.718,105,1034.065,182.347,118,455.218,4692.455
20251101B08,合計（確報値）,約定量合計（電源属地別）[MW],39,260.419,581.448,715.718,105,298.465,142.713,63.799,155.218,2361.78
20251101B08,合計（確報値）,応札件数（電源属地別）[件],7,3,18,44,1,12,5,6,8,104
20251101B08,合計（確報値）,約定件数（電源属地別）[件],2,3,16,34,1,10,5,4,7,82
20251101B08,合計（確報値）,最高約定価格（電源属地別）[円/kW・30分],4.59,19.51,19.51,19.51,1.6,19.49,19.49,8.06,19.51,19.51
20251101B08,合計（確報値）,最低約定価格（電源属地別）[円/kW・30分],3.8,3.22,0.73,0.36,1.6,0.66,0.36,0.96,0.36,0.36
20251101B08,合計（確報値）,平均約定価格（電源属地別）[円/kW・30分],4.18,3.77,3.4,0.57,1.6,2.74,1.2,2.75,1.38,2.15
20251101B08,合計（確報値）,最高約定価格（TSO別）[円/kW・30分],4.59,19.51,19.51,19.51,1.6,19.49,19.49,8.06,19.51,19.51
20251101B08,合計（確報値）,最低約定価格（TSO別）[円/kW・30分],3.8,3.22,0.73,0.36,1.6,0.36,0.36,0.36,0.36,0.36
20251101B08,合計（確報値）,平均約定価格（TSO別）[円/kW・30分],4.18,3.77,3.4,0.61,1.6,2.07,1.03,2.5,1.36,2.15
20251101B08,合計（確報値）,約定量合計（TSO別）[MW],39,260.419,581.448,583.53,83,402.365,100.8,88,223.218,2361.78
20251101B08,合計（確報値）,（内訳）自エリアからの約定量[MW],39,260.419,581.448,583.53,83,294.762,97.001,60,155.218,2154.378
20251102B01,システム約定結果,募集量（TSO別）[MW],55,163,477,0,86,281,189,95,198,1544
20251102B01,システム約定結果,応札量合計（電源属地別）[MW],287.84,430.419,355.736,520.92,86,955.965,324.157,125,455.218,3541.255
20251102B01,システム約定結果,落札量合計（電源属地別）[MW],55,430.419,279.336,387.126,86,340.965,138.101,58.085,41.218,1816.25
20251102B01,システム約定結果,応札件数（電源属地別）[件],6,4,12,12,1,8,5,7,8,63
20251102B01,システム約定結果,落札件数（電源属地別）[件],3,4,11,12,1,7,4,5,7,54
20251102B01,システム約定結果,最高落札価格（電源属地別）[円/kW・30分],6.04,19.51,19.51,19.51,0.87,19.49,1.21,6.78,19.51,19.51
20251102B01,システム約定結果,最低落札価格（電源属地別）[円/kW・30分],2.6,2.1,0.36,1.89,0.87,0.36,0.36,0.36,0.36,0.36
20251102B01,システム約定結果,平均落札価格（電源属地別）[円/kW・30分],4.96,3.42,2.94,2.21,0.87,4.47,0.96,1.3,4.16,2.97
20251102B01,システム約定結果,最高落札価格（TSO別）[円/kW・30分],6.04,19.51,19.51,2.65,2.08,19.49,2.65,8.84,19.51,19.51
20251102B01,システム約定結果,最低落札価格（TSO別）[円/kW・30分],2.6,2.1,0.36,2.08,0.87,0.36,0.36,0.36,0.36,0.36
20251102B01,システム約定結果,平均落札価格（TSO別）[円/kW・30分],4.96,3.36,3.08,2.41,1.25,3.52,1.26,4.66,2.67,2.97
20251102B01,システム約定結果,落札量合計（TSO別）[MW],55,372.401,337.354,109.415,132,380.1,189.776,95,145.204,1816.25
20251102B01,システム約定結果,（内訳）自エリアからの落札量[MW],55,372.401,279.336,109.415,86,256.512,138.081,52,41.218,1389.963
20251102B01,追加調達結果,募集量（TSO別）[MW],-,-,-,-,-,-,-,-,-,-
20251102B01,追加調達結果,応札量合計（電源属地別）[MW],0,0,0,0,0,0,0,0,0,0
20251102B01,追加調達結果,約定量合計（電源属地別）[MW],0,0,0,0,0,0,0,0,0,0
20251102B01,追加調達結果,応札件数（電源属地別）[件],0,0,0,0,0,0,0,0,0,0
20251102B01,追加調達結果,約定件数（電源属地別）[件],0,0,0,0,0,0,0,0,0,0
20251102B01,追加調達結果,最高約定価格（電源属地別）[円/kW・30分],0,0,0,0,0,0,0,0,0,0
20251102B01,追加調達結果,最低約定価格（電源属地別）[円/kW・30分],0,0,0,0,0,0,0,0,0,0
20251102B01,追加調達結果,平均約定価格（電源属地別）[円/kW・30分],0,0,0,0,0,0,0,0,0,0
20251102B01,追加調達結果,最高約定価格（TSO別）[円/kW・30分],0,0,0,0,0,0,0,0,0,0
20251102B01,追加調達結果,最低約定価格（TSO別）[円/kW・30分],0,0,0,0,0,0,0,0,0,0
20251102B01,追加調達結果,平均約定価格（TSO別）[円/kW・30分],0,0,0,0,0,0,0,0,0,0
20251102B01,追加調達結果,約定量合計（TSO別）[MW],0,0,0,0,0,0,0,0,0,0
20251102B01,追加調達結果,（内訳）自エリアからの約定量[MW],0,0,0,0,0,0,0,0,0,0
20251102B01,合計（確報値）,募集量（TSO別）[MW],55,163,477,0,86,281,189,95,198,1544
20251102B01,合計（確報値）,応札量合計（電源属地別）[MW],287.84,430.419,355.736,749.181,86,1100.555,324.157,125,455.218,3914.106
20251102B01,合計（確報値）,約定量合計（電源属地別）[MW],55,430.419,279.336,387.126,86,338.455,138.101,58.085,41.218,1813.74
20251102B01,合計（確報値）,応札件数（電源属地別）[件],6,4,12,22,1,13,5,7,8,78
20251102B01,合計（確報値）,約定件数（電源属地別）[件],3,4,11,16,1,11,4,5,7,62
20251102B01,合計（確報値）,最高約定価格（電源属地別）[円/kW・30分],6.04,19.51,19.51,19.51,0.87,19.49,1.21,6.78,19.51,19.51
20251102B01,合計（確報値）,最低約定価格（電源属地別）[円/kW・30分],2.6,2.1,0.36,0.36,0.87,0.36,0.36,0.36,0.36,0.36
20251102B01,合計（確報値）,平均約定価格（電源属地別）[円/kW・30分],4.96,3.42,2.94,1.1,0.87,4.09,0.96,1.3,4.16,2.66
20251102B01,合計（確報値）,最高約定価格（TSO別）[円/kW・30分],6.04,19.51,19.51,0.36,1.89,19.49,2.11,8.84,19.51,19.51
20251102B01,合計（確報値）,最低約定価格（TSO別）[円/kW・30分],2.6,2.1,0.36,0.36,0.36,0.36,0.36,0.36,0.36,0.36
20251102B01,合計（確報値）,平均約定価格（TSO別）[円/kW・30分],4.96,3.36,3.08,0.36,1.02,3.15,0.92,3.99,2.4,2.66
20251102B01,合計（確報値）,約定量合計（TSO別）[MW],55,372.401,337.354,109.415,132,377.59,189.776,95,145.204,1813.74
20251102B01,合計（確報値）,（内訳）自エリアからの約定量[MW],55,372.401,279.336,109.415,86,254.002,138.081,52,41.218,1387.453
20251102B02,システム約定結果,募集量（TSO別）[MW],28,333,476,31,92,380,189,99,300,1928
20251102B02,システム約定結果,応札量合計（電源属地別）[MW],267.9,430.419,566.332,171.858,92,955.965,325.957,129,420.718,3360.149
20251102B02,システム約定結果,落札量合計（電源属地別）[MW],28,430.419,389.637,171.858,92,357.465,139.145,101.178,188.718,1898.42
20251102B02,システム約定結果,応札件数（電源属地別）[件],4,4,18,6,1,8,6,6,7,60
20251102B02,システム約定結果,落札件数（電源属地別）[件],2,4,16,6,1,7,5,5,6,52
20251102B02,システム約定結果,最高落札価格（電源属地別）[円/kW・30分],5.21,19.51,19.51,19.51,1.39,19.49,19.49,6.58,19.51,19.51
20251102B02,システム約定結果,最低落札価格（電源属地別）[円/kW・30分],4.37,1.9,0.47,1.88,1.39,0.36,0.36,0.36,0.36,0.36
20251102B02,システム約定結果,平均落札価格（電源属地別）[円/kW・30分],5.15,3.19,2.61,4.22,1.39,4.04,1.48,1.35,1.1,2.84
20251102B02,システム約定結果,最高落札価格（TSO別）[円/kW・30分],5.21,19.51,19.51,5.08,5.08,19.51,19.49,6.58,19.51,19.51
20251102B02,システム約定結果,最低落札価格（TSO別）[円/kW・30分],4.37,1.9,0.47,2.95,1.39,0.36,0.36,0.36,0.36,0.36
20251102B02,システム約定結果,平均落札価格（TSO別）[円/kW・30分],5.15,3.19,2.61,4.44,1.99,4,1.48,1.48,1.47,2.84
20251102B02,システム約定結果,落札量合計（TSO別）[MW],28,430.419,389.637,31,80,462.141,144.505,99,233.718,1898.42
20251102B02,システム約定結果,（内訳）自エリアからの落札量[MW],28,430.419,389.637,31,67,357.465,139.105,95.445,188.718,1726.789
20251102B02,追加調達結果,募集量（TSO別）[MW],-,-,-,-,-,-,-,-,-,-
20251102B02,追加調達結果,応札量合計（電源属地別）[MW],0,0,0,0,0,0,0,0,0,0
20251102B02,追加調達結果,約定量合計（電源属地別）[MW],0,0,0,0,0,0,0,0,0,0
20251102B02,追加調達結果,応札件数（電源属地別）[件],0,0,0,0,0,0,0,0,0,0
20251102B02,追加調達結果,約定件数（電源属地別）[件],0,0,0,0,0,0,0,0,0,0
20251102B02,追加調達結果,最高約定価格（電源属地別）[円/kW・30分],0,0,0,0,0,0,0,0,0,0
20251102B02,追加調達結果,最低約定価格（電源属地別）[円/kW・30分],0,0,0,0,0,0,0,0,0,0
20251102B02,追加調達結果,平均約定価格（電源属地別）[円/kW・30分],0,0,0,0,0,0,0,0,0,0
20251102B02,追加調達結果,最高約定価格（TSO別）[円/kW・30分],0,0,0,0,0,0,0,0,0,0
20251102B02,追加調達結果,最低約定価格（TSO別）[円/kW・30分],0,0,0,0,0,0,0,0,0,0
20251102B02,追加調達結果,平均約定価格（TSO別）[円/kW・30分],0,0,0,0,0,0,0,0,0,0
20251102B02,追加調達結果,約定量合計（TSO別）[MW],0,0,0,0,0,0,0,0,0,0
20251102B02,追加調達結果,（内訳）自エリアからの約定量[MW],0,0,0,0,0,0,0,0,0,0
20251102B02,合計（確報値）,募集量（TSO別）[MW],28,333,476,31,92,380,189,99,300,1928
20251102B02,合計（確報値）,応札量合計（電源属地別）[MW],267.9,430.419,566.332,317.858,92,1078.555,325.957,129,420.718,3628.739
20251102B02,合計（確報値）,約定量合計（電源属地別）[MW],28,430.419,389.637,171.858,92,354.955,139.145,101.178,188.718,1895.91
20251102B02,合計（確報値）,応札件数（電源属地別）[件],4,4,18,15,1,12,6,6,7,73
20251102B02,合計（確報値）,約定件数（電源属地別）[件],2,4,16,13,1,11,5,5,6,63
20251102B02,合計（確報値）,最高約定価格（電源属地別）[円/kW・30分],5.21,19.51,19.51,19.51,1.39,19.49,19.49,6.58,19.51,19.51
20251102B02,合計（確報値）,最低約定価格（電源属地別）[円/kW・30分],4.37,1.9,0.47,0.36,1.39,0.36,0.36,0.36,0.36,0.36
20251102B02,合計（確報値）,平均約定価格（電源属地別）[円/kW・30分],5.15,3.19,2.61,1.19,1.39,3.71,1.48,1.35,1.1,2.5
20251102B02,合計（確報値）,最高約定価格（TSO別）[円/kW・30分],5.21,19.51,19.51,0.36,1.39,19.51,19.49,6.58,19.51,19.51
20251102B02,合計（確報値）,最低約定価格（TSO別）[円/kW・30分],4.37,1.9,0.47,0.36,0.36,0.36,0.36,0.36,0.36,0.36
20251102B02,合計（確報値）,平均約定価格（TSO別）[円/kW・30分],5.15,3.19,2.61,0.36,1.22,3.26,1.48,1.31,1.07,2.5
20251102B02,合計（確報値）,約定量合計（TSO別）[MW],28,430.419,389.637,31,80,459.631,144.505,99,233.718,1895.91
20251102B02,合計（確報値）,（内訳）自エリアからの約定量[MW],28,430.419,389.637,31,67,354.955,139.105,95.445,188.718,1724.279
20251102B03,システム約定結果,募集量（TSO別）[MW],134,932,775,273,127,605,284,174,427,3731
20251102B03,システム約定結果,応札量合計（電源属地別）[MW],398.79,770.419,706.766,5.858,127,962.865,325.957,133,275.642,3706.297
20251102B03,システム約定結果,落札量合計（電源属地別）[MW],134,770.419,706.766,5.858,127,576.158,280.096,133,189.759,2923.056
20251102B03,システム約定結果,応札件数（電源属地別）[件],5,6,14,3,1,7,6,4,7,53
20251102B03,システム約定結果,落札件数（電源属地別）[件],4,6,14,3,1,7,6,4,7,52
20251102B03,システム約定結果,最高落札価格（電源属地別）[円/kW・30分],18.53,19.51,19.5,19.51,1.2,19.51,19.51,7.63,19.51,19.51
20251102B03,システム約定結果,最低落札価格（電源属地別）[円/kW・30分],3.8,2.19,1.37,19.47,1.2,0.36,0.36,0.36,0.36,0.36
20251102B03,システム約定結果,平均落札価格（電源属地別）[円/kW・30分],7.86,3.21,2.93,19.48,1.2,1.84,0.83,1.24,1.26,2.59
20251102B03,システム約定結果,最高落札価格（TSO別）[円/kW・30分],18.53,19.51,19.5,19.51,1.42,19.51,19.51,7.63,19.51,19.51
20251102B03,システム約定結果,最低落札価格（TSO別）[円/kW・30分],3.8,2.19,1.37,3,0.99,0.36,0.36,0.36,0.36,0.36
20251102B03,システム約定結果,平均落札価格（TSO別）[円/kW・30分],7.86,3.14,2.94,7.16,1.19,1.67,0.86,1.24,1.53,2.59
20251102B03,システム約定結果,落札量合計（TSO別）[MW],134,1002.35,457.466,23.227,127,500.365,209.006,133,336.642,2923.056
20251102B03,システム約定結果,（内訳）自エリアからの落札量[MW],134,755.419,442.466,5.858,68,500.365,209.006,133,189.759,2437.873
20251102B03,追加調達結果,募集量（TSO別）[MW],-,-,-,-,-,-,-,-,-,-
20251102B03,追加調達結果,応札量合計（電源属地別）[MW],0,0,0,0,0,0,0,0,0,0
20251102B03,追加調達結果,約定量合計（電源属地別）[MW],0,0,0,0,0,0,0,0,0,0
20251102B03,追加調達結果,応札件数（電源属地別）[件],0,0,0,0,0,0,0,0,0,0
20251102B03,追加調達結果,約定件数（電源属地別）[件],0,0,0,0,0,0,0,0,0,0
20251102B03,追加調達結果,最高約定価格（電源属地別）[円/kW・30分],0,0,0,0,0,0,0,0,0,0
20251102B03,追加調達結果,最低約定価格（電源属地別）[円/kW・30分],0,0,0,0,0,0,0,0,0,0
20251102B03,追加調達結果,平均約定価格（電源属地別）[円/kW・30分],0,0,0,0,0,0,0,0,0,0
20251102B03,追加調達結果,最高約定価格（TSO別）[円/kW・30分],0,0,0,0,0,0,0,0,0,0
20251102B03,追加調達結果,最低約定価格（TSO別）[円/kW・30分],0,0,0,0,0,0,0,0,0,0
20251102B03,追加調達結果,平均約定価格（TSO別）[円/kW・30分],0,0,0,0,0,0,0,0,0,0
20251102B03,追加調達結果,約定量合計（TSO別）[MW],0,0,0,0,0,0,0,0,0,0
20251102B03,追加調達結果,（内訳）自エリアからの約定量[MW],0,0,0,0,0,0,0,0,0,0
20251102B03,合計（確報値）,募集量（TSO別）[MW],134,932,775,273,127,605,284,174,427,3731
20251102B03,合計（確報値）,応札量合計（電源属地別）[MW],398.79,940.419,706.766,5.858,127,962.865,325.957,133,275.642,3876.297
20251102B03,合計（確報値）,約定量合計（電源属地別）[MW],134,770.419,706.766,5.858,127,576.158,280.096,133,189.759,2923.056
20251102B03,合計（確報値）,応札件数（電源属地別）[件],5,9,14,3,1,7,6,4,7,56
20251102B03,合計（確報値）,約定件数（電源属地別）[件],4,8,14,3,1,7,6,4,7,54
20251102B03,合計（確報値）,最高約定価格（電源属地別）[円/kW・30分],18.53,19.51,19.5,19.51,1.2,19.51,19.51,7.63,19.51,19.51
20251102B03,合計（確報値）,最低約定価格（電源属地別）[円/kW・30分],3.8,1.67,1.37,19.47,1.2,0.36,0.36,0.36,0.36,0.36
20251102B03,合計（確報値）,平均約定価格（電源属地別）[円/kW・30分],7.86,3.06,2.93,19.48,1.2,1.84,0.83,1.24,1.26,2.55
20251102B03,合計（確報値）,最高約定価格（TSO別）[円/kW・30分],18.53,19.51,19.5,19.51,1.42,19.51,19.51,7.63,19.51,19.51
20251102B03,合計（確報値）,最低約定価格（TSO別）[円/kW・30分],3.8,1.67,1.37,3,0.99,0.36,0.36,0.36,0.36,0.36
20251102B03,合計（確報値）,平均約定価格（TSO別）[円/kW・30分],7.86,3.03,2.94,7.16,1.19,1.67,0.86,1.24,1.53,2.55
20251102B03,合計（確報値）,約定量合計（TSO別）[MW],134,1002.35,457.466,23.227,127,500.365,209.006,133,336.642,2923.056
20251102B03,合計（確報値）,（内訳）自エリアからの約定量[MW],134,755.419,442.466,5.858,68,500.365,209.006,133,189.759,2437.873
20251102B04,システム約定結果,募集量（TSO別）[MW],116,222,954,0,194,869,486,219,604,3664
20251102B04,システム約定結果,応札量合計（電源属地別）[MW],786.94,340,722.596,113.858,268,833,252.622,181,467.03,3965.046
20251102B04,システム約定結果,落札量合計（電源属地別）[MW],116,340,722.596,113.858,268,833,252.622,181,467.03,3294.106
20251102B04,システム約定結果,応札件数（電源属地別）[件],8,2,26,4,2,6,4,4,9,65
20251102B04,システム約定結果,落札件数（電源属地別）[件],4,2,26,4,2,6,4,4,9,61
20251102B04,システム約定結果,最高落札価格（電源属地別）[円/kW・30分],8.86,3.98,19.51,19.51,0.77,11.7,0.36,8.43,19.51,19.51
20251102B04,システム約定結果,最低落札価格（電源属地別）[円/kW・30分],4,3.69,0.58,0.36,0.68,0.36,0.36,0.36,0.36,0.36
20251102B04,システム約定結果,平均落札価格（電源属地別）[円/kW・30分],8.65,3.84,2.93,1.34,0.73,2.38,0.36,1.11,4.68,2.8
20251102B04,システム約定結果,最高落札価格（TSO別）[円/kW・30分],8.86,3.98,19.51,0,0.77,19.51,0.68,8.43,19.51,19.51
20251102B04,システム約定結果,最低落札価格（TSO別）[円/kW・30分],4,3.69,0.58,0,0.68,0.36,0.36,0.36,0.36,0.36
20251102B04,システム約定結果,平均落札価格（TSO別）[円/kW・30分],8.65,3.84,2.93,0,0.74,2.42,0.4,1.11,4.48,2.8
20251102B04,システム約定結果,落札量合計（TSO別）[MW],116,340,722.596,0,186,878.858,380,181,489.652,3294.106
20251102B04,システム約定結果,（内訳）自エリアからの落札量[MW],116,340,722.596,0,186,774,223.189,181,467.03,3009.815
20251102B04,追加調達結果,募集量（TSO別）[MW],-,-,-,-,-,-,-,-,-,-
20251102B04,追加調達結果,応札量合計（電源属地別）[MW],0,0,0,0,0,0,0,0,0,0
20251102B04,追加調達結果,約定量合計（電源属地別）[MW],0,0,0,0,0,0,0,0,0,0
20251102B04,追加調達結果,応札件数（電源属地別）[件],0,0,0,0,0,0,0,0,0,0
20251102B04,追加調達結果,約定件数（電源属地別）[件],0,0,0,0,0,0,0,0,0,0
20251102B04,追加調達結果,最高約定価格（電源属地別）[円/kW・30分],0,0,0,0,0,0,0,0,0,0
20251102B04,追加調達結果,最低約定価格（電源属地別）[円/kW・30分],0,0,0,0,0,0,0,0,0,0
20251102B04,追加調達結果,平均約定価格（電源属地別）[円/kW・30分],0,0,0,0,0,0,0,0,0,0
20251102B04,追加調達結果,最高約定価格（TSO別）[円/kW・30分],0,0,0,0,0,0,0,0,0,0
20251102B04,追加調達結果,最低約定価格（TSO別）[円/kW・30分],0,0,0,0,0,0,0,0,0,0
20251102B04,追加調達結果,平均約定価格（TSO別）[円/kW・30分],0,0,0,0,0,0,0,0,0,0
20251102B04,追加調達結果,約定量合計（TSO別）[MW],0,0,0,0,0,0,0,0,0,0
20251102B04,追加調達結果,（内訳）自エリアからの約定量[MW],0,0,0,0,0,0,0,0,0,0
20251102B04,合計（確報値）,募集量（TSO別）[MW],116,222,954,0,194,869,486,219,604,3664
20251102B04,合計（確報値）,応札量合計（電源属地別）[MW],786.94,340,722.596,113.858,268,833,252.622,181,818.03,4316.046
20251102B04,合計（確報値）,約定量合計（電源属地別）[MW],116,340,722.596,113.858,268,833,252.622,181,467.03,3294.106
20251102B04,合計（確報値）,応札件数（電源属地別）[件],8,2,26,4,2,6,4,4,18,74
20251102B04,合計（確報値）,約定件数（電源属地別）[件],4,2,26,4,2,6,4,4,16,68
20251102B04,合計（確報値）,最高約定価格（電源属地別）[円/kW・30分],8.86,3.98,19.51,19.51,0.77,11.7,0.36,8.43,19.51,19.51
20251102B04,合計（確報値）,最低約定価格（電源属地別）[円/kW・30分],4,3.69,0.58,0.36,0.68,0.36,0.36,0.36,0.36,0.36
20251102B04,合計（確報値）,平均約定価格（電源属地別）[円/kW・30分],8.65,3.84,2.93,1.34,0.73,2.38,0.36,1.11,0.84,2.26
20251102B04,合計（確報値）,最高約定価格（TSO別）[円/kW・30分],8.86,3.98,19.51,0,0.77,19.51,0.68,8.43,19.51,19.51
20251102B04,合計（確報値）,最低約定価格（TSO別）[円/kW・30分],4,3.69,0.58,0,0.68,0.36,0.36,0.36,0.36,0.36
20251102B04,合計（確報値）,平均約定価格（TSO別）[円/kW・30分],8.65,3.84,2.93,0,0.74,2.42,0.4,1.11,0.82,2.26
20251102B04,合計（確報値）,約定量合計（TSO別）[MW],116,340,722.596,0,186,878.858,380,181,489.652,3294.106
20251102B04,合計（確報値）,（内訳）自エリアからの約定量[MW],116,340,722.596,0,186,774,223.189,181,467.03,3009.815
20251102B05,システム約定結果,募集量（TSO別）[MW],32,217,824,181,194,588,361,145,537,3079
20251102B05,システム約定結果,応札量合計（電源属地別）[MW],662.75,350.419,342.186,90.718,268,882.365,254.422,117,468.47,3436.33
20251102B05,システム約定結果,落札量合計（電源属地別）[MW],32,350.419,342.186,90.718,194,660.933,208.561,117,428.47,2424.287
20251102B05,システム約定結果,応札件数（電源属地別）[件],5,4,28,5,2,8,5,4,10,71
20251102B05,システム約定結果,落札件数（電源属地別）[件],1,4,28,5,2,8,5,4,10,67
20251102B05,システム約定結果,最高落札価格（電源属地別）[円/kW・30分],8.2,19.51,19.51,19.51,0.57,19.51,19.51,8.13,19.51,19.51
20251102B05,システム約定結果,最低落札価格（電源属地別）[円/kW・30分],8.2,2.95,0.73,0.47,0.48,0.36,0.36,0.36,0.36,0.36
20251102B05,システム約定結果,平均落札価格（電源属地別）[円/kW・30分],8.2,3.53,3.42,2.09,0.54,3.02,0.59,1.45,5.26,3.1
20251102B05,システム約定結果,最高落札価格（TSO別）[円/kW・30分],8.2,19.51,19.51,0.47,0.57,19.51,19.51,8.13,19.51,19.51
20251102B05,システム約定結果,最低落札価格（TSO別）[円/kW・30分],8.2,2.95,0.73,0.47,0.47,0.36,0.36,0.36,0.36,0.36
20251102B05,システム約定結果,平均落札価格（TSO別）[円/kW・30分],8.2,3.53,3.42,0.47,0.54,3.15,1.24,1.45,5.26,3.1
20251102B05,システム約定結果,落札量合計（TSO別）[MW],32,350.419,342.186,61.917,194,610.495,287.8,117,428.47,2424.287
20251102B05,システム約定結果,（内訳）自エリアからの落札量[MW],32,350.419,342.186,61.917,178.612,587.389,201.48,117,428.47,2299.473
20251102B05,追加調達結果,募集量（TSO別）[MW],-,-,-,-,-,-,-,-,-,-
20251102B05,追加調達結果,応札量合計（電源属地別）[MW],0,0,0,0,0,0,0,0,0,0
20251102B05,追加調達結果,約定量合計（電源属地別）[MW],0,0,0,0,0,0,0,0,0,0
20251102B05,追加調達結果,応札件数（電源属地別）[件],0,0,0,0,0,0,0,0,0,0
20251102B05,追加調達結果,約定件数（電源属地別）[件],0,0,0,0,0,0,0,0,0,0
20251102B05,追加調達結果,最高約定価格（電源属地別）[円/kW・30分],0,0,0,0,0,0,0,0,0,0
20251102B05,追加調達結果,最低約定価格（電源属地別）[円/kW・30分],0,0,0,0,0,0,0,0,0,0
20251102B05,追加調達結果,平均約定価格（電源属地別）[円/kW・30分],0,0,0,0,0,0,0,0,0,0
20251102B05,追加調達結果,最高約定価格（TSO別）[円/kW・30分],0,0,0,0,0,0,0,0,0,0
20251102B05,追加調達結果,最低約定価格（TSO別）[円/kW・30分],0,0,0,0,0,0,0,0,0,0
20251102B05,追加調達結果,平均約定価格（TSO別）[円/kW・30分],0,0,0,0,0,0,0,0,0,0
20251102B05,追加調達結果,約定量合計（TSO別）[MW],0,0,0,0,0,0,0,0,0,0
20251102B05,追加調達結果,（内訳）自エリアからの約定量[MW],0,0,0,0,0,0,0,0,0,0
20251102B05,合計（確報値）,募集量（TSO別）[MW],32,217,824,181,194,588,361,145,537,3079
20251102B05,合計（確報値）,応札量合計（電源属地別）[MW],662.75,350.419,342.186,90.718,268,882.365,254.422,117,823.47,3791.33
20251102B05,合計（確報値）,約定量合計（電源属地別）[MW],32,350.419,342.186,90.718,194,660.933,208.561,117,428.47,2424.287
20251102B05,合計（確報値）,応札件数（電源属地別）[件],5,4,28,5,2,8,5,4,17,78
20251102B05,合計（確報値）,約定件数（電源属地別）[件],1,4,28,5,2,8,5,4,15,72
20251102B05,合計（確報値）,最高約定価格（電源属地別）[円/kW・30分],8.2,19.51,19.51,19.51,0.57,19.51,19.51,8.13,19.51,19.51
20251102B05,合計（確報値）,最低約定価格（電源属地別）[円/kW・30分],8.2,2.95,0.73,0.47,0.48,0.36,0.36,0.36,0.36,0.36
20251102B05,合計（確報値）,平均約定価格（電源属地別）[円/kW・30分],8.2,3.53,3.42,2.09,0.54,3.02,0.59,1.45,1.21,2.38
20251102B05,合計（確報値）,最高約定価格（TSO別）[円/kW・30分],8.2,19.51,19.51,0.47,0.57,19.51,19.51,8.13,19.51,19.51
20251102B05,合計（確報値）,最低約定価格（TSO別）[円/kW・30分],8.2,2.95,0.73,0.47,0.47,0.36,0.36,0.36,0.36,0.36
20251102B05,合計（確報値）,平均約定価格（TSO別）[円/kW・30分],8.2,3.53,3.42,0.47,0.54,3.15,1.24,1.45,1.21,2.38
20251102B05,合計（確報値）,約定量合計（TSO別）[MW],32,350.419,342.186,61.917,194,610.495,287.8,117,428.47,2424.287
20251102B05,合計（確報値）,（内訳）自エリアからの約定量[MW],32,350.419,342.186,61.917,178.612,587.389,201.48,117,428.47,2299.473
20251102B06,システム約定結果,募集量（TSO別）[MW],36,732,991,257,120,692,340,179,549,3896
20251102B06,システム約定結果,応札量合計（電源属地別）[MW],321.94,770.419,877.528,256.424,120,1036.365,325.957,134,312.47,4155.103
20251102B06,システム約定結果,落札量合計（電源属地別）[MW],36,770.419,877.528,7.718,120,761.694,280.096,134,312.47,3299.925
20251102B06,システム約定結果,応札件数（電源属地別）[件],7,6,25,5,1,8,6,4,9,71
20251102B06,システム約定結果,落札件数（電源属地別）[件],2,6,25,4,1,8,6,4,9,65
20251102B06,システム約定結果,最高落札価格（電源属地別）[円/kW・30分],4.85,19.51,19.51,19.51,2.09,19.51,19.51,7.39,19.51,19.51
20251102B06,システム約定結果,最低落札価格（電源属地別）[円/kW・30分],3.4,1.75,0.73,19.47,2.09,1.04,0.44,0.36,0.49,0.36
20251102B06,システム約定結果,平均落札価格（電源属地別）[円/kW・30分],4.21,2.34,3.25,19.49,2.09,2.61,1.74,1.19,1.44,2.51
20251102B06,システム約定結果,最高落札価格（TSO別）[円/kW・30分],4.85,19.51,19.51,19.51,2.59,19.51,19.51,7.39,19.51,19.51
20251102B06,システム約定結果,最低落札価格（TSO別）[円/kW・30分],3.4,1.75,0.73,3,2.09,1.04,0.44,0.36,0.49,0.36
20251102B06,システム約定結果,平均落札価格（TSO別）[円/kW・30分],4.21,2.42,3.34,4.02,2.25,2.71,1.73,1.19,1.65,2.51
20251102B06,システム約定結果,落札量合計（TSO別）[MW],36,878.419,651.972,125.274,113,613.365,291.168,134,456.727,3299.925
20251102B06,システム約定結果,（内訳）自エリアからの落札量[MW],36,770.419,651.972,7.718,73,583.425,221.682,134,312.47,2790.686
20251102B06,追加調達結果,募集量（TSO別）[MW],-,-,-,-,-,-,-,-,-,-
20251102B06,追加調達結果,応札量合計（電源属地別）[MW],0,0,0,0,0,0,0,0,0,0
20251102B06,追加調達結果,約定量合計（電源属地別）[MW],0,0,0,0,0,0,0,0,0,0
20251102B06,追加調達結果,応札件数（電源属地別）[件],0,0,0,0,0,0,0,0,0,0
20251102B06,追加調達結果,約定件数（電源属地別）[件],0,0,0,0,0,0,0,0,0,0
20251102B06,追加調達結果,最高約定価格（電源属地別）[円/kW・30分],0,0,0,0,0,0,0,0,0,0
20251102B06,追加調達結果,最低約定価格（電源属地別）[円/kW・30分],0,0,0,0,0,0,0,0,0,0
20251102B06,追加調達結果,平均約定価格（電源属地別）[円/kW・30分],0,0,0,0,0,0,0,0,0,0
20251102B06,追加調達結果,最高約定価格（TSO別）[円/kW・30分],0,0,0,0,0,0,0,0,0,0
20251102B06,追加調達結果,最低約定価格（TSO別）[円/kW・30分],0,0,0,0,0,0,0,0,0,0
20251102B06,追加調達結果,平均約定価格（TSO別）[円/kW・30分],0,0,0,0,0,0,0,0,0,0
20251102B06,追加調達結果,約定量合計（TSO別）[MW],0,0,0,0,0,0,0,0,0,0
20251102B06,追加調達結果,（内訳）自エリアからの約定量[MW],0,0,0,0,0,0,0,0,0,0
20251102B06,合計（確報値）,募集量（TSO別）[MW],36,732,991,257,120,692,340,179,549,3896
20251102B06,合計（確報値）,応札量合計（電源属地別）[MW],321.94,940.419,877.528,256.424,120,1036.365,325.957,134,312.47,4325.103
20251102B06,合計（確報値）,約定量合計（電源属地別）[MW],36,770.419,877.528,7.718,120,761.694,280.096,134,312.47,3299.925
20251102B06,合計（確報値）,応札件数（電源属地別）[件],7,10,25,5,1,8,6,4,9,75
20251102B06,合計（確報値）,約定件数（電源属地別）[件],2,9,25,4,1,8,6,4,9,68
20251102B06,合計（確報値）,最高約定価格（電源属地別）[円/kW・30分],4.85,19.51,19.51,19.51,2.09,19.51,19.51,7.39,19.51,19.51
20251102B06,合計（確報値）,最低約定価格（電源属地別）[円/kW・30分],3.4,1.29,0.73,19.47,2.09,1.04,0.44,0.36,0.49,0.36
20251102B06,合計（確報値）,平均約定価格（電源属地別）[円/kW・30分],4.21,2.23,3.25,19.49,2.09,2.61,1.74,1.19,1.44,2.49
20251102B06,合計（確報値）,最高約定価格（TSO別）[円/kW・30分],4.85,19.51,19.51,19.51,2.59,19.51,19.51,7.39,19.51,19.51
20251102B06,合計（確報値）,最低約定価格（TSO別）[円/kW・30分],3.4,1.29,0.73,3,2.09,1.04,0.44,0.36,0.49,0.36
20251102B06,合計（確報値）,平均約定価格（TSO別）[円/kW・30分],4.21,2.33,3.34,4.02,2.25,2.71,1.73,1.19,1.65,2.49
20251102B06,合計（確報値）,約定量合計（TSO別）[MW],36,878.419,651.972,125.274,113,613.365,291.168,134,456.727,3299.925
20251102B06,合計（確報値）,（内訳）自エリアからの約定量[MW],36,770.419,651.972,7.718,73,583.425,221.682,134,312.47,2790.686
20251102B07,システム約定結果,募集量（TSO別）[MW],32,263,696,85,106,574,305,83,328,2472
20251102B07,システム約定結果,応札量合計（電源属地別）[MW],320.04,260.419,1649.636,1510,106,962.865,405.269,83,590.142,5887.371
20251102B07,システム約定結果,落札量合計（電源属地別）[MW],32,260.419,992.309,789.718,106,336.99,223.901,55,167.142,2963.479
20251102B07,システム約定結果,応札件数（電源属地別）[件],6,3,37,21,1,7,8,6,11,100
20251102B07,システム約定結果,落札件数（電源属地別）[件],2,3,35,19,1,7,7,5,10,89
20251102B07,システム約定結果,最高落札価格（電源属地別）[円/kW・30分],5.99,19.51,19.51,19.51,2.6,19.49,19.49,7.9,19.51,19.51
20251102B07,システム約定結果,最低落札価格（電源属地別）[円/kW・30分],2.5,2.31,0.73,1.88,2.6,1.5,0.42,0.81,0.5,0.42
20251102B07,システム約定結果,平均落札価格（電源属地別）[円/kW・30分],4.57,2.89,4.94,3.61,2.6,2.98,1.54,4.11,1.76,3.64
20251102B07,システム約定結果,最高落札価格（TSO別）[円/kW・30分],5.99,19.51,19.51,4,19.49,19.51,19.49,7.9,19.51,19.51
20251102B07,システム約定結果,最低落札価格（TSO別）[円/kW・30分],2.5,2.31,0.73,1.88,2.6,1.5,0.42,0.81,0.5,0.42
20251102B07,システム約定結果,平均落札価格（TSO別）[円/kW・30分],4.57,3,4.94,3.2,3.54,3.25,1.99,4.11,2.55,3.64
20251102B07,システム約定結果,落札量合計（TSO別）[MW],32,275.419,977.309,257.602,107.355,669.912,282.74,83,278.142,2963.479
20251102B07,システム約定結果,（内訳）自エリアからの落札量[MW],32,260.419,977.309,257.602,88,303.631,223.901,55,167.142,2365.004
20251102B07,追加調達結果,募集量（TSO別）[MW],-,-,-,-,-,-,-,-,-,-
20251102B07,追加調達結果,応札量合計（電源属地別）[MW],0,0,0,0,0,0,0,0,0,0
20251102B07,追加調達結果,約定量合計（電源属地別）[MW],0,0,0,0,0,0,0,0,0,0
20251102B07,追加調達結果,応札件数（電源属地別）[件],0,0,0,0,0,0,0,0,0,0
20251102B07,追加調達結果,約定件数（電源属地別）[件],0,0,0,0,0,0,0,0,0,0
20251102B07,追加調達結果,最高約定価格（電源属地別）[円/kW・30分],0,0,0,0,0,0,0,0,0,0
20251102B07,追加調達結果,最低約定価格（電源属地別）[円/kW・30分],0,0,0,0,0,0,0,0,0,0
20251102B07,追加調達結果,平均約定価格（電源属地別）[円/kW・30分],0,0,0,0,0,0,0,0,0,0
20251102B07,追加調達結果,最高約定価格（TSO別）[円/kW・30分],0,0,0,0,0,0,0,0,0,0
20251102B07,追加調達結果,最低約定価格（TSO別）[円/kW・30分],0,0,0,0,0,0,0,0,0,0
20251102B07,追加調達結果,平均約定価格（TSO別）[円/kW・30分],0,0,0,0,0,0,0,0,0,0
20251102B07,追加調達結果,約定量合計（TSO別）[MW],0,0,0,0,0,0,0,0,0,0
20251102B07,追加調達結果,（内訳）自エリアからの約定量[MW],0,0,0,0,0,0,0,0,0,0
20251102B07,合計（確報値）,募集量（TSO別）[MW],32,263,696,85,106,574,305,83,328,2472
20251102B07,合計（確報値）,応札量合計（電源属地別）[MW],320.04,260.419,1649.636,2174,106,962.865,405.269,83,590.142,6551.371
20251102B07,合計（確報値）,約定量合計（電源属地別）[MW],32,260.419,992.309,789.718,106,336.99,223.901,55,167.142,2963.479
20251102B07,合計（確報値）,応札件数（電源属地別）[件],6,3,37,60,1,7,8,6,11,139
20251102B07,合計（確報値）,約定件数（電源属地別）[件],2,3,35,50,1,7,7,5,10,120
20251102B07,合計（確報値）,最高約定価格（電源属地別）[円/kW・30分],5.99,19.51,19.51,19.51,2.6,19.49,19.49,7.9,19.51,19.51
20251102B07,合計（確報値）,最低約定価格（電源属地別）[円/kW・30分],2.5,2.31,0.73,0.36,2.6,1.5,0.42,0.81,0.5,0.36
20251102B07,合計（確報値）,平均約定価格（電源属地別）[円/kW・30分],4.57,2.89,4.94,0.79,2.6,2.98,1.54,4.11,1.76,2.89
20251102B07,合計（確報値）,最高約定価格（TSO別）[円/kW・30分],5.99,19.51,19.51,2.01,19.49,19.51,19.49,7.9,19.51,19.51
20251102B07,合計（確報値）,最低約定価格（TSO別）[円/kW・30分],2.5,2.31,0.73,0.36,0.36,0.36,0.42,0.36,0.36,0.36
20251102B07,合計（確報値）,平均約定価格（TSO別）[円/kW・30分],4.57,3,4.94,0.67,3.04,1.64,1.99,3.27,1.2,2.89
20251102B07,合計（確報値）,約定量合計（TSO別）[MW],32,275.419,977.309,257.602,107.355,669.912,282.74,83,278.142,2963.479
20251102B07,合計（確報値）,（内訳）自エリアからの約定量[MW],32,260.419,977.309,257.602,88,303.631,223.901,55,167.142,2365.004
20251102B08,システム約定結果,募集量（TSO別）[MW],39,138,650,103,105,462,197,88,298,2080
20251102B08,システム約定結果,応札量合計（電源属地別）[MW],188.94,260.419,561.565,284.718,105,955.965,325.957,118,455.218,3255.782
20251102B08,システム約定結果,落札量合計（電源属地別）[MW],39,260.419,554.464,284.718,105,367.465,144.901,63.799,155.218,1974.984
20251102B08,システム約定結果,応札件数（電源属地別）[件],6,3,16,9,1,8,6,6,8,63
20251102B08,システム約定結果,落札件数（電源属地別）[件],2,3,16,9,1,7,5,4,7,54
20251102B08,システム約定結果,最高落札価格（電源属地別）[円/kW・30分],18.53,19.51,19.51,19.51,1.26,19.49,19.49,8.05,19.51,19.51
20251102B08,システム約定結果,最低落札価格（電源属地別）[円/kW・30分],3.8,3.26,0.73,1.33,1.26,0.36,0.36,0.9,0.36,0.36
20251102B08,システム約定結果,平均落札価格（電源属地別）[円/kW・30分],10.98,3.8,3.03,3.48,1.26,3.73,1.52,2.71,1.38,3.14
20251102B08,システム約定結果,最高落札価格（TSO別）[円/kW・30分],18.53,19.51,19.51,3.48,2.41,19.51,19.49,8.05,19.51,19.51
20251102B08,システム約定結果,最低落札価格（TSO別）[円/kW・30分],3.8,3.26,0.73,1.33,1.26,0.36,0.36,0.9,0.36,0.36
20251102B08,システム約定結果,平均落札価格（TSO別）[円/kW・30分],10.98,3.8,3.03,2.52,1.38,3.89,1.49,3.01,1.62,3.14
20251102B08,システム約定結果,落札量合計（TSO別）[MW],39,260.419,554.464,103,83,487.203,136.68,88,223.218,1974.984
20251102B08,システム約定結果,（内訳）自エリアからの落札量[MW],39,260.419,554.464,103,74.546,367.465,132.881,60,155.218,1746.993
20251102B08,追加調達結果,募集量（TSO別）[MW],-,-,-,-,-,-,-,-,-,-
20251102B08,追加調達結果,応札量合計（電源属地別）[MW],0,0,0,0,0,0,0,0,0,0
20251102B08,追加調達結果,約定量合計（電源属地別）[MW],0,0,0,0,0,0,0,0,0,0
20251102B08,追加調達結果,応札件数（電源属地別）[件],0,0,0,0,0,0,0,0,0,0
20251102B08,追加調達結果,約定件数（電源属地別）[件],0,0,0,0,0,0,0,0,0,0
20251102B08,追加調達結果,最高約定価格（電源属地別）[円/kW・30分],0,0,0,0,0,0,0,0,0,0
20251102B08,追加調達結果,最低約定価格（電源属地別）[円/kW・30分],0,0,0,0,0,0,0,0,0,0
20251102B08,追加調達結果,平均約定価格（電源属地別）[円/kW・30分],0,0,0,0,0,0,0,0,0,0
20251102B08,追加調達結果,最高約定価格（TSO別）[円/kW・30分],0,0,0,0,0,0,0,0,0,0
20251102B08,追加調達結果,最低約定価格（TSO別）[円/kW・30分],0,0,0,0,0,0,0,0,0,0
20251102B08,追加調達結果,平均約定価格（TSO別）[円/kW・30分],0,0,0,0,0,0,0,0,0,0
20251102B08,追加調達結果,約定量合計（TSO別）[MW],0,0,0,0,0,0,0,0,0,0
20251102B08,追加調達結果,（内訳）自エリアからの約定量[MW],0,0,0,0,0,0,0,0,0,0
20251102B08,合計（確報値）,募集量（TSO別）[MW],39,138,650,103,105,462,197,88,298,2080
20251102B08,合計（確報値）,応札量合計（電源属地別）[MW],188.94,260.419,561.565,561.718,105,955.965,325.957,118,455.218,3532.782
20251102B08,合計（確報値）,約定量合計（電源属地別）[MW],39,260.419,554.464,284.718,105,367.465,144.901,63.799,155.218,1974.984
20251102B08,合計（確報値）,応札件数（電源属地別）[件],6,3,16,27,1,8,6,6,8,81
20251102B08,合計（確報値）,約定件数（電源属地別）[件],2,3,16,22,1,7,5,4,7,67
20251102B08,合計（確報値）,最高約定価格（電源属地別）[円/kW・30分],18.53,19.51,19.51,19.51,1.26,19.49,19.49,8.05,19.51,19.51
20251102B08,合計（確報値）,最低約定価格（電源属地別）[円/kW・30分],3.8,3.26,0.73,0.36,1.26,0.36,0.36,0.9,0.36,0.36
20251102B08,合計（確報値）,平均約定価格（電源属地別）[円/kW・30分],10.98,3.8,3.03,1.04,1.26,3.73,1.52,2.71,1.38,2.79
20251102B08,合計（確報値）,最高約定価格（TSO別）[円/kW・30分],18.53,19.51,19.51,1.95,1.26,19.51,19.49,8.05,19.51,19.51
20251102B08,合計（確報値）,最低約定価格（TSO別）[円/kW・30分],3.8,3.26,0.73,0.36,0.36,0.36,0.36,0.36,0.36,0.36
20251102B08,合計（確報値）,平均約定価格（TSO別）[円/kW・30分],10.98,3.8,3.03,0.81,1.17,3.2,1.49,2.03,1.27,2.79
20251102B08,合計（確報値）,約定量合計（TSO別）[MW],39,260.419,554.464,103,83,487.203,136.68,88,223.218,1974.984
20251102B08,合計（確報値）,（内訳）自エリアからの約定量[MW],39,260.419,554.464,103,74.546,367.465,132.881,60,155.218,1746.993
20251103B01,システム約定結果,募集量（TSO別）[MW],55,163,477,41,86,281,189,95,198,1585
20251103B01,システム約定結果,応札量合計（電源属地別）[MW],376.04,430.419,752.332,1.92,86,955.965,324.157,125,449.74,3501.573
20251103B01,システム約定結果,落札量合計（電源属地別）[MW],55,430.419,389.354,1.92,86,340.965,138.101,58.085,35.74,1535.584
20251103B01,システム約定結果,応札件数（電源属地別）[件],5,4,17,1,1,8,5,7,5,53
20251103B01,システム約定結果,落札件数（電源属地別）[件],4,4,16,1,1,7,4,5,4,46
20251103B01,システム約定結果,最高落札価格（電源属地別）[円/kW・30分],18.53,19.51,19.51,19.51,0.87,19.49,1.09,6.62,19.51,19.51
20251103B01,システム約定結果,最低落札価格（電源属地別）[円/kW・30分],2.5,1.88,1.96,19.51,0.87,0.36,0.36,0.47,0.36,0.36
20251103B01,システム約定結果,平均落札価格（電源属地別）[円/kW・30分],16.24,3.17,2.67,19.51,0.87,4.32,0.88,1.36,1.81,3.35
20251103B01,システム約定結果,最高落札価格（TSO別）[円/kW・30分],18.53,19.51,19.51,19.51,0.87,19.49,1.09,8.6,19.51,19.51
20251103B01,システム約定結果,最低落札価格（TSO別）[円/kW・30分],2.5,1.88,1.96,19.51,0.87,0.36,0.36,0.36,0.36,0.36
20251103B01,システム約定結果,平均落札価格（TSO別）[円/kW・30分],16.24,3.17,2.67,19.51,0.87,3.67,0.88,4.59,1.81,3.35
20251103B01,システム約定結果,落札量合計（TSO別）[MW],55,430.419,389.354,1.92,86,304.07,138.081,95,35.74,1535.584
20251103B01,システム約定結果,（内訳）自エリアからの落札量[MW],55,430.419,389.354,1.92,86,297.985,138.081,52,35.74,1486.499
20251103B01,追加調達結果,募集量（TSO別）[MW],-,-,-,-,-,-,-,-,-,-
20251103B01,追加調達結果,応札量合計（電源属地別）[MW],0,0,0,0,0,0,0,0,0,0
20251103B01,追加調達結果,約定量合計（電源属地別）[MW],0,0,0,0,0,0,0,0,0,0
20251103B01,追加調達結果,応札件数（電源属地別）[件],0,0,0,0,0,0,0,0,0,0
20251103B01,追加調達結果,約定件数（電源属地別）[件],0,0,0,0,0,0,0,0,0,0
20251103B01,追加調達結果,最高約定価格（電源属地別）[円/kW・30分],0,0,0,0,0,0,0,0,0,0
20251103B01,追加調達結果,最低約定価格（電源属地別）[円/kW・30分],0,0,0,0,0,0,0,0,0,0
20251103B01,追加調達結果,平均約定価格（電源属地別）[円/kW・30分],0,0,0,0,0,0,0,0,0,0
20251103B01,追加調達結果,最高約定価格（TSO別）[円/kW・30分],0,0,0,0,0,0,0,0,0,0
20251103B01,追加調達結果,最低約定価格（TSO別）[円/kW・30分],0,0,0,0,0,0,0,0,0,0
20251103B01,追加調達結果,平均約定価格（TSO別）[円/kW・30分],0,0,0,0,0,0,0,0,0,0
20251103B01,追加調達結果,約定量合計（TSO別）[MW],0,0,0,0,0,0,0,0,0,0
20251103B01,追加調達結果,（内訳）自エリアからの約定量[MW],0,0,0,0,0,0,0,0,0,0
20251103B01,合計（確報値）,募集量（TSO別）[MW],55,163,477,41,86,281,189,95,198,1585
20251103B01,合計（確報値）,応札量合計（電源属地別）[MW],376.04,430.419,752.332,1.92,86,955.965,324.157,125,449.74,3501.573
20251103B01,合計（確報値）,約定量合計（電源属地別）[MW],55,430.419,389.354,1.92,86,340.965,138.101,58.085,35.74,1535.584
20251103B01,合計（確報値）,応札件数（電源属地別）[件],5,4,17,1,1,8,5,7,5,53
20251103B01,合計（確報値）,約定件数（電源属地別）[件],4,4,16,1,1,7,4,5,4,46
20251103B01,合計（確報値）,最高約定価格（電源属地別）[円/kW・30分],18.53,19.51,19.51,19.51,0.87,19.49,1.09,6.62,19.51,19.51
20251103B01,合計（確報値）,最低約定価格（電源属地別）[円/kW・30分],2.5,1.88,1.96,19.51,0.87,0.36,0.36,0.47,0.36,0.36
20251103B01,合計（確報値）,平均約定価格（電源属地別）[円/kW・30分],16.24,3.17,2.67,19.51,0.87,4.32,0.88,1.36,1.81,3.35
20251103B01,合計（確報値）,最高約定価格（TSO別）[円/kW・30分],18.53,19.51,19.51,19.51,0.87,19.49,1.09,8.6,19.51,19.51
20251103B01,合計（確報値）,最低約定価格（TSO別）[円/kW・30分],2.5,1.88,1.96,19.51,0.87,0.36,0.36,0.36,0.36,0.36
20251103B01,合計（確報値）,平均約定価格（TSO別）[円/kW・30分],16.24,3.17,2.67,19.51,0.87,3.67,0.88,4.59,1.81,3.35
20251103B01,合計（確報値）,約定量合計（TSO別）[MW],55,430.419,389.354,1.92,86,304.07,138.081,95,35.74,1535.584
20251103B01,合計（確報値）,（内訳）自エリアからの約定量[MW],55,430.419,389.354,1.92,86,297.985,138.081,52,35.74,1486.499
20251103B02,システム約定結果,募集量（TSO別）[MW],28,333,476,158,92,380,189,99,300,2055
20251103B02,システム約定結果,応札量合計（電源属地別）[MW],34.9,430.419,372.912,445.858,92,955.965,325.957,129,420.718,3207.729
20251103B02,システム約定結果,落札量合計（電源属地別）[MW],33,430.419,221.612,445.858,92,357.465,139.145,70.733,188.718,1978.95
20251103B02,システム約定結果,応札件数（電源属地別）[件],2,4,11,9,1,8,6,6,7,54
20251103B02,システム約定結果,落札件数（電源属地別）[件],1,4,9,9,1,7,5,4,6,46
20251103B02,システム約定結果,最高落札価格（電源属地別）[円/kW・30分],19.3,19.51,19.51,19.51,1.39,19.49,19.49,6.06,19.51,19.51
20251103B02,システム約定結果,最低落札価格（電源属地別）[円/kW・30分],19.3,1.79,0.73,2.46,1.39,0.36,0.36,0.36,0.36,0.36
20251103B02,システム約定結果,平均落札価格（電源属地別）[円/kW・30分],19.3,3.07,3.55,2.91,1.39,3.63,1.44,1.85,1.1,3.03
20251103B02,システム約定結果,最高落札価格（TSO別）[円/kW・30分],19.3,19.51,19.51,19.51,1.39,19.49,19.49,6.06,19.51,19.51
20251103B02,システム約定結果,最低落札価格（TSO別）[円/kW・30分],19.3,1.79,0.73,2.46,1.39,0.36,0.36,0.36,0.36,0.36
20251103B02,システム約定結果,平均落札価格（TSO別）[円/kW・30分],19.3,3.33,3.12,2.96,1.39,3.49,1.44,2.02,1.41,3.03
20251103B02,システム約定結果,落札量合計（TSO別）[MW],33,357.727,294.304,321.998,80,420.098,139.105,99,233.718,1978.95
20251103B02,システム約定結果,（内訳）自エリアからの落札量[MW],33,357.727,221.612,321.998,80,357.465,139.105,65,188.718,1764.625
20251103B02,追加調達結果,募集量（TSO別）[MW],-,-,-,-,-,-,-,-,-,-
20251103B02,追加調達結果,応札量合計（電源属地別）[MW],0,0,0,0,0,0,0,0,0,0
20251103B02,追加調達結果,約定量合計（電源属地別）[MW],0,0,0,0,0,0,0,0,0,0
20251103B02,追加調達結果,応札件数（電源属地別）[件],0,0,0,0,0,0,0,0,0,0
20251103B02,追加調達結果,約定件数（電源属地別）[件],0,0,0,0,0,0,0,0,0,0
20251103B02,追加調達結果,最高約定価格（電源属地別）[円/kW・30分],0,0,0,0,0,0,0,0,0,0
20251103B02,追加調達結果,最低約定価格（電源属地別）[円/kW・30分],0,0,0,0,0,0,0,0,0,0
20251103B02,追加調達結果,平均約定価格（電源属地別）[円/kW・30分],0,0,0,0,0,0,0,0,0,0
20251103B02,追加調達結果,最高約定価格（TSO別）[円/kW・30分],0,0,0,0,0,0,0,0,0,0
20251103B02,追加調達結果,最低約定価格（TSO別）[円/kW・30分],0,0,0,0,0,0,0,0,0,0
20251103B02,追加調達結果,平均約定価格（TSO別）[円/kW・30分],0,0,0,0,0,0,0,0,0,0
20251103B02,追加調達結果,約定量合計（TSO別）[MW],0,0,0,0,0,0,0,0,0,0
20251103B02,追加調達結果,（内訳）自エリアからの約定量[MW],0,0,0,0,0,0,0,0,0,0
20251103B02,合計（確報値）,募集量（TSO別）[MW],28,333,476,158,92,380,189,99,300,2055
20251103B02,合計（確報値）,応札量合計（電源属地別）[MW],34.9,430.419,372.912,885.858,92,955.965,325.957,129,420.718,3647.729
20251103B02,合計（確報値）,約定量合計（電源属地別）[MW],33,430.419,221.612,445.858,92,357.465,139.145,70.733,188.718,1978.95
20251103B02,合計（確報値）,応札件数（電源属地別）[件],2,4,11,28,1,8,6,6,7,73
20251103B02,合計（確報値）,約定件数（電源属地別）[件],1,4,9,22,1,7,5,4,6,59
20251103B02,合計（確報値）,最高約定価格（電源属地別）[円/kW・30分],19.3,19.51,19.51,19.51,1.39,19.49,19.49,6.06,19.51,19.51
20251103B02,合計（確報値）,最低約定価格（電源属地別）[円/kW・30分],19.3,1.79,0.73,0.36,1.39,0.36,0.36,0.36,0.36,0.36
20251103B02,合計（確報値）,平均約定価格（電源属地別）[円/kW・30分],19.3,3.07,3.55,0.61,1.39,3.63,1.44,1.85,1.1,2.52
20251103B02,合計（確報値）,最高約定価格（TSO別）[円/kW・30分],19.3,19.51,19.51,19.51,1.39,19.49,19.49,6.06,19.51,19.51
20251103B02,合計（確報値）,最低約定価格（TSO別）[円/kW・30分],19.3,1.79,0.73,0.36,1.39,0.36,0.36,0.36,0.36,0.36
20251103B02,合計（確報値）,平均約定価格（TSO別）[円/kW・30分],19.3,3.33,3.12,0.71,1.39,3.17,1.44,1.29,1.01,2.52
20251103B02,合計（確報値）,約定量合計（TSO別）[MW],33,357.727,294.304,321.998,80,420.098,139.105,99,233.718,1978.95
20251103B02,合計（確報値）,（内訳）自エリアからの約定量[MW],33,357.727,221.612,321.998,80,357.465,139.105,65,188.718,1764.625
20251103B03,システム約定結果,募集量（TSO別）[MW],134,932,775,400,127,605,284,174,427,3858
20251103B03,システム約定結果,応札量合計（電源属地別）[MW],367.29,770.419,742.666,115.858,127,1012.299,325.957,133,275.642,3870.131
20251103B03,システム約定結果,落札量合計（電源属地別）[MW],134,770.419,742.666,115.858,127,599.189,280.096,133,198.681,3100.909
20251103B03,システム約定結果,応札件数（電源属地別）[件],4,6,13,4,1,7,6,4,7,52
20251103B03,システム約定結果,落札件数（電源属地別）[件],2,6,13,4,1,7,6,4,7,50
20251103B03,システム約定結果,最高落札価格（電源属地別）[円/kW・30分],18.53,19.51,19.5,19.51,1.2,19.51,19.51,6.18,19.51,19.51
20251103B03,システム約定結果,最低落札価格（電源属地別）[円/kW・30分],18.5,2.25,1.64,3.76,1.2,0.36,0.36,0.36,0.36,0.36
20251103B03,システム約定結果,平均落札価格（電源属地別）[円/kW・30分],18.53,3.27,3.04,4.55,1.2,2.45,1.09,1.88,1.22,3.29
20251103B03,システム約定結果,最高落札価格（TSO別）[円/kW・30分],18.53,19.51,19.5,19.51,1.76,19.51,19.51,6.18,19.51,19.51
20251103B03,システム約定結果,最低落札価格（TSO別）[円/kW・30分],18.5,2.25,1.64,3,1.2,0.36,0.36,0.36,0.36,0.36
20251103B03,システム約定結果,平均落札価格（TSO別）[円/kW・30分],18.53,3.18,3.12,4.53,1.46,2.49,1.12,1.88,1.5,3.29
20251103B03,システム約定結果,落札量合計（TSO別）[MW],134,1038.25,457.466,102.346,127,531.324,240.881,133,336.642,3100.909
20251103B03,システム約定結果,（内訳）自エリアからの落札量[MW],134,755.419,442.466,84.977,68,496.398,216.807,133,198.681,2529.748
20251103B03,追加調達結果,募集量（TSO別）[MW],-,-,-,-,-,-,-,-,-,-
20251103B03,追加調達結果,応札量合計（電源属地別）[MW],0,0,0,0,0,0,0,0,0,0
20251103B03,追加調達結果,約定量合計（電源属地別）[MW],0,0,0,0,0,0,0,0,0,0
20251103B03,追加調達結果,応札件数（電源属地別）[件],0,0,0,0,0,0,0,0,0,0
20251103B03,追加調達結果,約定件数（電源属地別）[件],0,0,0,0,0,0,0,0,0,0
20251103B03,追加調達結果,最高約定価格（電源属地別）[円/kW・30分],0,0,0,0,0,0,0,0,0,0
20251103B03,追加調達結果,最低約定価格（電源属地別）[円/kW・30分],0,0,0,0,0,0,0,0,0,0
20251103B03,追加調達結果,平均約定価格（電源属地別）[円/kW・30分],0,0,0,0,0,0,0,0,0,0
20251103B03,追加調達結果,最高約定価格（TSO別）[円/kW・30分],0,0,0,0,0,0,0,0,0,0
20251103B03,追加調達結果,最低約定価格（TSO別）[円/kW・30分],0,0,0,0,0,0,0,0,0,0
20251103B03,追加調達結果,平均約定価格（TSO別）[円/kW・30分],0,0,0,0,0,0,0,0,0,0
20251103B03,追加調達結果,約定量合計（TSO別）[MW],0,0,0,0,0,0,0,0,0,0
20251103B03,追加調達結果,（内訳）自エリアからの約定量[MW],0,0,0,0,0,0,0,0,0,0
20251103B03,合計（確報値）,募集量（TSO別）[MW],134,932,775,400,127,605,284,174,427,3858
20251103B03,合計（確報値）,応札量合計（電源属地別）[MW],367.29,940.419,742.666,225.858,127,1012.299,325.957,133,275.642,4150.131
20251103B03,合計（確報値）,約定量合計（電源属地別）[MW],134,770.419,742.666,115.858,127,599.189,280.096,133,198.681,3100.909
20251103B03,合計（確報値）,応札件数（電源属地別）[件],4,10,13,8,1,7,6,4,7,60
20251103B03,合計（確報値）,約定件数（電源属地別）[件],2,9,13,7,1,7,6,4,7,56
20251103B03,合計（確報値）,最高約定価格（電源属地別）[円/kW・30分],18.53,19.51,19.5,19.51,1.2,19.51,19.51,6.18,19.51,19.51
20251103B03,合計（確報値）,最低約定価格（電源属地別）[円/kW・30分],18.5,1.7,1.64,0.36,1.2,0.36,0.36,0.36,0.36,0.36
20251103B03,合計（確報値）,平均約定価格（電源属地別）[円/kW・30分],18.53,3.11,3.04,1.33,1.2,2.45,1.09,1.88,1.22,3.13
20251103B03,合計（確報値）,最高約定価格（TSO別）[円/kW・30分],18.53,19.51,19.5,19.51,1.76,19.51,19.51,6.18,19.51,19.51
20251103B03,合計（確報値）,最低約定価格（TSO別）[円/kW・30分],18.5,1.7,1.64,0.36,1.2,0.36,0.36,0.36,0.36,0.36
20251103B03,合計（確報値）,平均約定価格（TSO別）[円/kW・30分],18.53,3.06,3.12,1.9,1.46,2.49,1.12,1.88,1.19,3.13
20251103B03,合計（確報値）,約定量合計（TSO別）[MW],134,1038.25,457.466,102.346,127,531.324,240.881,133,336.642,3100.909
20251103B03,合計（確報値）,（内訳）自エリアからの約定量[MW],134,755.419,442.466,84.977,68,496.398,216.807,133,198.681,2529.748
20251103B04,システム約定結果,募集量（TSO別）[MW],116,222,954,264,194,869,486,219,604,3928
20251103B04,システム約定結果,応札量合計（電源属地別）[MW],678.94,340,1736.206,5.858,268,969.1,252.622,181,467.03,4898.756
20251103B04,システム約定結果,落札量合計（電源属地別）[MW],116,340,1021.323,5.858,268,901.378,252.622,181,467.03,3553.211
20251103B04,システム約定結果,応札件数（電源属地別）[件],8,2,31,3,2,5,4,4,9,68
20251103B04,システム約定結果,落札件数（電源属地別）[件],1,2,25,3,2,5,4,4,9,55
20251103B04,システム約定結果,最高落札価格（電源属地別）[円/kW・30分],0.41,3.9,19.51,19.51,0.77,11.47,0.75,7.5,19.51,19.51
20251103B04,システム約定結果,最低落札価格（電源属地別）[円/kW・30分],0.41,3.6,0.37,19.47,0.68,0.36,0.36,0.36,0.36,0.36
20251103B04,システム約定結果,平均落札価格（電源属地別）[円/kW・30分],0.41,3.75,1.08,19.48,0.73,2.37,0.58,1.01,4.68,2.08
20251103B04,システム約定結果,最高落札価格（TSO別）[円/kW・30分],0.41,3.9,19.51,1.08,1.46,19.51,11.47,7.5,19.51,19.51
20251103B04,システム約定結果,最低落札価格（TSO別）[円/kW・30分],0.41,3.6,0.37,0.46,0.36,0.36,0.36,0.36,0.36,0.36
20251103B04,システム約定結果,平均落札価格（TSO別）[円/kW・30分],0.41,3.75,1.09,0.97,0.75,2.63,0.86,1.01,4.19,2.08
20251103B04,システム約定結果,落札量合計（TSO別）[MW],116,340,897.99,123.333,186,801.858,380,181,527.03,3553.211
20251103B04,システム約定結果,（内訳）自エリアからの落札量[MW],116,340,897.99,0,174.064,754.064,245.811,181,467.03,3175.959
20251103B04,追加調達結果,募集量（TSO別）[MW],-,-,-,-,-,-,-,-,-,-
20251103B04,追加調達結果,応札量合計（電源属地別）[MW],0,0,0,0,0,0,0,0,0,0
20251103B04,追加調達結果,約定量合計（電源属地別）[MW],0,0,0,0,0,0,0,0,0,0
20251103B04,追加調達結果,応札件数（電源属地別）[件],0,0,0,0,0,0,0,0,0,0
20251103B04,追加調達結果,約定件数（電源属地別）[件],0,0,0,0,0,0,0,0,0,0
20251103B04,追加調達結果,最高約定価格（電源属地別）[円/kW・30分],0,0,0,0,0,0,0,0,0,0
20251103B04,追加調達結果,最低約定価格（電源属地別）[円/kW・30分],0,0,0,0,0,0,0,0,0,0
20251103B04,追加調達結果,平均約定価格（電源属地別）[円/kW・30分],0,0,0,0,0,0,0,0,0,0
20251103B04,追加調達結果,最高約定価格（TSO別）[円/kW・30分],0,0,0,0,0,0,0,0,0,0
20251103B04,追加調達結果,最低約定価格（TSO別）[円/kW・30分],0,0,0,0,0,0,0,0,0,0
20251103B04,追加調達結果,平均約定価格（TSO別）[円/kW・30分],0,0,0,0,0,0,0,0,0,0
20251103B04,追加調達結果,約定量合計（TSO別）[MW],0,0,0,0,0,0,0,0,0,0
20251103B04,追加調達結果,（内訳）自エリアからの約定量[MW],0,0,0,0,0,0,0,0,0,0
20251103B04,合計（確報値）,募集量（TSO別）[MW],116,222,954,264,194,869,486,219,604,3928
20251103B04,合計（確報値）,応札量合計（電源属地別）[MW],678.94,340,1736.206,5.858,268,969.1,252.622,181,899.03,5330.756
20251103B04,合計（確報値）,約定量合計（電源属地別）[MW],116,340,1021.323,5.858,268,901.378,252.622,181,467.03,3553.211
20251103B04,合計（確報値）,応札件数（電源属地別）[件],8,2,31,3,2,5,4,4,17,76
20251103B04,合計（確報値）,約定件数（電源属地別）[件],1,2,25,3,2,5,4,4,15,61
20251103B04,合計（確報値）,最高約定価格（電源属地別）[円/kW・30分],0.41,3.9,19.51,19.51,0.77,11.47,0.75,7.5,19.51,19.51
20251103B04,合計（確報値）,最低約定価格（電源属地別）[円/kW・30分],0.41,3.6,0.37,19.47,0.68,0.36,0.36,0.36,0.36,0.36
20251103B04,合計（確報値）,平均約定価格（電源属地別）[円/kW・30分],0.41,3.75,1.08,19.48,0.73,2.37,0.58,1.01,1.21,1.62
20251103B04,合計（確報値）,最高約定価格（TSO別）[円/kW・30分],0.41,3.9,19.51,1.08,1.46,19.51,11.47,7.5,19.51,19.51
20251103B04,合計（確報値）,最低約定価格（TSO別）[円/kW・30分],0.41,3.6,0.37,0.46,0.36,0.36,0.36,0.36,0.36,0.36
20251103B04,合計（確報値）,平均約定価格（TSO別）[円/kW・30分],0.41,3.75,1.09,0.97,0.75,2.63,0.86,1.01,1.11,1.62
20251103B04,合計（確報値）,約定量合計（TSO別）[MW],116,340,897.99,123.333,186,801.858,380,181,527.03,3553.211
20251103B04,合計（確報値）,（内訳）自エリアからの約定量[MW],116,340,897.99,0,174.064,754.064,245.811,181,467.03,3175.959
20251103B05,システム約定結果,募集量（TSO別）[MW],32,217,824,383,194,588,361,145,537,3281
20251103B05,システム約定結果,応札量合計（電源属地別）[MW],444.15,364.419,1273.458,7.718,194,1012.299,254.422,117,468.47,4135.936
20251103B05,システム約定結果,落札量合計（電源属地別）[MW],34,364.419,775.848,7.718,194,633.868,208.561,117,428.47,2763.884
20251103B05,システム約定結果,応札件数（電源属地別）[件],5,5,32,4,2,7,5,4,10,74
20251103B05,システム約定結果,落札件数（電源属地別）[件],1,5,28,4,2,7,5,4,10,66
20251103B05,システム約定結果,最高落札価格（電源属地別）[円/kW・30分],0.36,19.51,19.51,19.51,0.57,19.51,19.51,7.47,19.51,19.51
20251103B05,システム約定結果,最低落札価格（電源属地別）[円/kW・30分],0.36,3.06,0.37,19.47,0.48,0.36,0.36,0.36,0.36,0.36
20251103B05,システム約定結果,平均落札価格（電源属地別）[円/kW・30分],0.36,4.24,1.26,19.49,0.54,3.12,0.85,1.36,5.26,2.66
20251103B05,システム約定結果,最高落札価格（TSO別）[円/kW・30分],0.36,19.51,19.51,19.51,1.38,19.51,19.51,7.47,19.51,19.51
20251103B05,システム約定結果,最低落札価格（TSO別）[円/kW・30分],0.36,3.06,0.37,0.46,0.48,0.36,0.36,0.36,0.36,0.36
20251103B05,システム約定結果,平均落札価格（TSO別）[円/kW・30分],0.36,4.24,1.38,1.73,0.7,3.28,1.11,1.36,5.26,2.66
20251103B05,システム約定結果,落札量合計（TSO別）[MW],34,364.419,654.448,129.118,194,547.548,294.881,117,428.47,2763.884
20251103B05,システム約定結果,（内訳）自エリアからの落札量[MW],34,364.419,654.448,7.718,157,547.548,208.561,117,428.47,2519.164
20251103B05,追加調達結果,募集量（TSO別）[MW],-,-,-,-,-,-,-,-,-,-
20251103B05,追加調達結果,応札量合計（電源属地別）[MW],0,0,0,0,0,0,0,0,0,0
20251103B05,追加調達結果,約定量合計（電源属地別）[MW],0,0,0,0,0,0,0,0,0,0
20251103B05,追加調達結果,応札件数（電源属地別）[件],0,0,0,0,0,0,0,0,0,0
20251103B05,追加調達結果,約定件数（電源属地別）[件],0,0,0,0,0,0,0,0,0,0
20251103B05,追加調達結果,最高約定価格（電源属地別）[円/kW・30分],0,0,0,0,0,0,0,0,0,0
20251103B05,追加調達結果,最低約定価格（電源属地別）[円/kW・30分],0,0,0,0,0,0,0,0,0,0
20251103B05,追加調達結果,平均約定価格（電源属地別）[円/kW・30分],0,0,0,0,0,0,0,0,0,0
20251103B05,追加調達結果,最高約定価格（TSO別）[円/kW・30分],0,0,0,0,0,0,0,0,0,0
20251103B05,追加調達結果,最低約定価格（TSO別）[円/kW・30分],0,0,0,0,0,0,0,0,0,0
20251103B05,追加調達結果,平均約定価格（TSO別）[円/kW・30分],0,0,0,0,0,0,0,0,0,0
20251103B05,追加調達結果,約定量合計（TSO別）[MW],0,0,0,0,0,0,0,0,0,0
20251103B05,追加調達結果,（内訳）自エリアからの約定量[MW],0,0,0,0,0,0,0,0,0,0
20251103B05,合計（確報値）,募集量（TSO別）[MW],32,217,824,383,194,588,361,145,537,3281
20251103B05,合計（確報値）,応札量合計（電源属地別）[MW],444.15,364.419,1273.458,7.718,194,1012.299,254.422,117,881.47,4548.936
20251103B05,合計（確報値）,約定量合計（電源属地別）[MW],34,364.419,775.848,7.718,194,633.868,208.561,117,428.47,2763.884
20251103B05,合計（確報値）,応札件数（電源属地別）[件],5,5,32,4,2,7,5,4,18,82
20251103B05,合計（確報値）,約定件数（電源属地別）[件],1,5,28,4,2,7,5,4,16,72
20251103B05,合計（確報値）,最高約定価格（電源属地別）[円/kW・30分],0.36,19.51,19.51,19.51,0.57,19.51,19.51,7.47,19.51,19.51
20251103B05,合計（確報値）,最低約定価格（電源属地別）[円/kW・30分],0.36,3.06,0.37,19.47,0.48,0.36,0.36,0.36,0.36,0.36
20251103B05,合計（確報値）,平均約定価格（電源属地別）[円/kW・30分],0.36,4.24,1.26,19.49,0.54,3.12,0.85,1.36,1.39,2.06
20251103B05,合計（確報値）,最高約定価格（TSO別）[円/kW・30分],0.36,19.51,19.51,19.51,1.38,19.51,19.51,7.47,19.51,19.51
20251103B05,合計（確報値）,最低約定価格（TSO別）[円/kW・30分],0.36,3.06,0.37,0.46,0.48,0.36,0.36,0.36,0.36,0.36
20251103B05,合計（確報値）,平均約定価格（TSO別）[円/kW・30分],0.36,4.24,1.38,1.73,0.7,3.28,1.11,1.36,1.39,2.06
20251103B05,合計（確報値）,約定量合計（TSO別）[MW],34,364.419,654.448,129.118,194,547.548,294.881,117,428.47,2763.884
20251103B05,合計（確報値）,（内訳）自エリアからの約定量[MW],34,364.419,654.448,7.718,157,547.548,208.561,117,428.47,2519.164
20251103B06,システム約定結果,募集量（TSO別）[MW],36,732,991,402,120,692,340,179,549,4041
20251103B06,システム約定結果,応札量合計（電源属地別）[MW],113.94,770.419,1120.128,736.718,120,1012.299,325.957,134,312.47,4645.931
20251103B06,システム約定結果,落札量合計（電源属地別）[MW],68.3,770.419,1120.128,38.718,120,755.528,280.096,134,312.47,3599.659
20251103B06,システム約定結果,応札件数（電源属地別）[件],6,6,29,7,1,7,6,4,9,75
20251103B06,システム約定結果,落札件数（電源属地別）[件],2,6,29,6,1,7,6,4,9,70
20251103B06,システム約定結果,最高落札価格（電源属地別）[円/kW・30分],19.35,19.51,19.51,19.51,2.09,19.51,19.51,6.82,19.51,19.51
20251103B06,システム約定結果,最低落札価格（電源属地別）[円/kW・30分],19,2.13,0.69,2.09,2.09,1.5,0.51,0.36,0.49,0.36
20251103B06,システム約定結果,平均落札価格（電源属地別）[円/kW・30分],19.25,2.46,2.74,5.83,2.09,3.1,1.83,1.12,1.44,2.84
20251103B06,システム約定結果,最高落札価格（TSO別）[円/kW・30分],19.35,19.51,19.51,19.51,3.55,19.51,19.51,6.82,19.51,19.51
20251103B06,システム約定結果,最低落札価格（TSO別）[円/kW・30分],19,2.13,0.69,1.08,2.09,1.5,0.51,0.36,0.49,0.36
20251103B06,システム約定結果,平均落札価格（TSO別）[円/kW・30分],19.25,2.53,2.86,2.66,2.51,3.19,2.07,1.12,1.6,2.84
20251103B06,システム約定結果,落札量合計（TSO別）[MW],68.3,878.419,894.572,156.274,113,607.199,291.168,134,456.727,3599.659
20251103B06,システム約定結果,（内訳）自エリアからの落札量[MW],68.3,770.419,894.572,38.718,73,593.815,205.126,134,312.47,3090.42
20251103B06,追加調達結果,募集量（TSO別）[MW],-,-,-,-,-,-,-,-,-,-
20251103B06,追加調達結果,応札量合計（電源属地別）[MW],0,0,0,0,0,0,0,0,0,0
20251103B06,追加調達結果,約定量合計（電源属地別）[MW],0,0,0,0,0,0,0,0,0,0
20251103B06,追加調達結果,応札件数（電源属地別）[件],0,0,0,0,0,0,0,0,0,0
20251103B06,追加調達結果,約定件数（電源属地別）[件],0,0,0,0,0,0,0,0,0,0
20251103B06,追加調達結果,最高約定価格（電源属地別）[円/kW・30分],0,0,0,0,0,0,0,0,0,0
20251103B06,追加調達結果,最低約定価格（電源属地別）[円/kW・30分],0,0,0,0,0,0,0,0,0,0
20251103B06,追加調達結果,平均約定価格（電源属地別）[円/kW・30分],0,0,0,0,0,0,0,0,0,0
20251103B06,追加調達結果,最高約定価格（TSO別）[円/kW・30分],0,0,0,0,0,0,0,0,0,0
20251103B06,追加調達結果,最低約定価格（TSO別）[円/kW・30分],0,0,0,0,0,0,0,0,0,0
20251103B06,追加調達結果,平均約定価格（TSO別）[円/kW・30分],0,0,0,0,0,0,0,0,0,0
20251103B06,追加調達結果,約定量合計（TSO別）[MW],0,0,0,0,0,0,0,0,0,0
20251103B06,追加調達結果,（内訳）自エリアからの約定量[MW],0,0,0,0,0,0,0,0,0,0
20251103B06,合計（確報値）,募集量（TSO別）[MW],36,732,991,402,120,692,340,179,549,4041
20251103B06,合計（確報値）,応札量合計（電源属地別）[MW],113.94,940.419,1128.728,749.718,120,1012.299,325.957,134,312.47,4837.531
20251103B06,合計（確報値）,約定量合計（電源属地別）[MW],68.3,770.419,1083.728,38.718,120,755.528,280.096,134,312.47,3563.259
20251103B06,合計（確報値）,応札件数（電源属地別）[件],6,10,30,8,1,7,6,4,9,81
20251103B06,合計（確報値）,約定件数（電源属地別）[件],2,9,30,6,1,7,6,4,9,74
20251103B06,合計（確報値）,最高約定価格（電源属地別）[円/kW・30分],19.35,19.51,19.51,19.51,2.09,19.51,19.51,6.82,19.51,19.51
20251103B06,合計（確報値）,最低約定価格（電源属地別）[円/kW・30分],19,1.17,0.69,0.36,2.09,1.5,0.51,0.36,0.49,0.36
20251103B06,合計（確報値）,平均約定価格（電源属地別）[円/kW・30分],19.25,2.24,2.74,5.25,2.09,3.1,1.83,1.12,1.44,2.78
20251103B06,合計（確報値）,最高約定価格（TSO別）[円/kW・30分],19.35,19.51,19.51,19.51,3.55,19.51,19.51,6.82,19.51,19.51
20251103B06,合計（確報値）,最低約定価格（TSO別）[円/kW・30分],19,1.17,0.69,0.36,2.09,1.5,0.51,0.36,0.49,0.36
20251103B06,合計（確報値）,平均約定価格（TSO別）[円/kW・30分],19.25,2.33,2.86,2.52,2.51,3.19,2.07,1.12,1.6,2.78
20251103B06,合計（確報値）,約定量合計（TSO別）[MW],68.3,878.419,858.172,156.274,113,607.199,291.168,134,456.727,3563.259
20251103B06,合計（確報値）,（内訳）自エリアからの約定量[MW],68.3,770.419,858.172,38.718,73,593.815,205.126,134,312.47,3054.02
20251103B07,システム約定結果,募集量（TSO別）[MW],32,263,496,206,106,574,305,83,328,2393
20251103B07,システム約定結果,応札量合計（電源属地別）[MW],87.04,260.419,1516.289,764.31,106,1012.299,405.269,122,618.842,4892.468
20251103B07,システム約定結果,落札量合計（電源属地別）[MW],85.05,260.419,699.454,327.3,106,365.012,223.901,71.964,195.842,2334.942
20251103B07,システム約定結果,応札件数（電源属地別）[件],4,3,33,8,1,7,8,7,10,81
20251103B07,システム約定結果,落札件数（電源属地別）[件],3,3,27,6,1,7,7,5,9,68
20251103B07,システム約定結果,最高落札価格（電源属地別）[円/kW・30分],19.35,19.51,19.51,19.51,2.6,19.49,19.49,0.6,19.51,19.51
20251103B07,システム約定結果,最低落札価格（電源属地別）[円/kW・30分],17,1.87,0.73,1.12,2.6,1.5,0.51,0.36,0.5,0.36
20251103B07,システム約定結果,平均落札価格（電源属地別）[円/kW・30分],19.23,2.47,5.2,1.6,2.6,3.72,1.65,0.44,1.46,3.75
20251103B07,システム約定結果,最高落札価格（TSO別）[円/kW・30分],19.35,19.51,19.51,19.51,3.32,19.49,19.49,5.58,19.51,19.51
20251103B07,システム約定結果,最低落札価格（TSO別）[円/kW・30分],17,1.87,0.73,1.12,2.6,1.12,0.49,0.36,0.5,0.36
20251103B07,システム約定結果,平均落札価格（TSO別）[円/kW・30分],19.23,2.68,5.1,2.88,2.82,3.39,1.79,1.04,1.36,3.75
20251103B07,システム約定結果,落札量合計（TSO別）[MW],85.05,275.419,601.787,88.718,88,540.326,265.8,83,306.842,2334.942
20251103B07,システム約定結果,（内訳）自エリアからの落札量[MW],85.05,260.419,601.787,88.718,61,326.057,223.901,68.631,195.842,1911.405
20251103B07,追加調達結果,募集量（TSO別）[MW],-,-,-,-,-,-,-,-,-,-
20251103B07,追加調達結果,応札量合計（電源属地別）[MW],0,0,0,0,0,0,0,0,0,0
20251103B07,追加調達結果,約定量合計（電源属地別）[MW],0,0,0,0,0,0,0,0,0,0
20251103B07,追加調達結果,応札件数（電源属地別）[件],0,0,0,0,0,0,0,0,0,0
20251103B07,追加調達結果,約定件数（電源属地別）[件],0,0,0,0,0,0,0,0,0,0
20251103B07,追加調達結果,最高約定価格（電源属地別）[円/kW・30分],0,0,0,0,0,0,0,0,0,0
20251103B07,追加調達結果,最低約定価格（電源属地別）[円/kW・30分],0,0,0,0,0,0,0,0,0,0
20251103B07,追加調達結果,平均約定価格（電源属地別）[円/kW・30分],0,0,0,0,0,0,0,0,0,0
20251103B07,追加調達結果,最高約定価格（TSO別）[円/kW・30分],0,0,0,0,0,0,0,0,0,0
20251103B07,追加調達結果,最低約定価格（TSO別）[円/kW・30分],0,0,0,0,0,0,0,0,0,0
20251103B07,追加調達結果,平均約定価格（TSO別）[円/kW・30分],0,0,0,0,0,0,0,0,0,0
20251103B07,追加調達結果,約定量合計（TSO別）[MW],0,0,0,0,0,0,0,0,0,0
20251103B07,追加調達結果,（内訳）自エリアからの約定量[MW],0,0,0,0,0,0,0,0,0,0
20251103B07,合計（確報値）,募集量（TSO別）[MW],32,263,496,206,106,574,305,83,328,2393
20251103B07,合計（確報値）,応札量合計（電源属地別）[MW],87.04,260.419,1552.689,1083.892,106,1012.299,405.269,122,618.842,5248.45
20251103B07,合計（確報値）,約定量合計（電源属地別）[MW],85.05,260.419,663.054,327.3,106,365.012,223.901,71.964,195.842,2298.542
20251103B07,合計（確報値）,応札件数（電源属地別）[件],4,3,34,16,1,7,8,7,10,90
20251103B07,合計（確報値）,約定件数（電源属地別）[件],3,3,27,12,1,7,7,5,9,74
20251103B07,合計（確報値）,最高約定価格（電源属地別）[円/kW・30分],19.35,19.51,19.51,19.51,2.6,19.49,19.49,0.6,19.51,19.51
20251103B07,合計（確報値）,最低約定価格（電源属地別）[円/kW・30分],17,1.87,0.73,0.36,2.6,1.5,0.51,0.36,0.5,0.36
20251103B07,合計（確報値）,平均約定価格（電源属地別）[円/kW・30分],19.23,2.47,5.33,0.81,2.6,3.72,1.65,0.44,1.46,3.65
20251103B07,合計（確報値）,最高約定価格（TSO別）[円/kW・30分],19.35,19.51,19.51,19.51,3.32,19.49,19.49,5.58,19.51,19.51
20251103B07,合計（確報値）,最低約定価格（TSO別）[円/kW・30分],17,1.87,0.73,0.36,2.6,0.36,0.49,0.36,0.36,0.36
20251103B07,合計（確報値）,平均約定価格（TSO別）[円/kW・30分],19.23,2.68,5.25,2.02,2.82,3.2,1.79,1.04,1.09,3.65
20251103B07,合計（確報値）,約定量合計（TSO別）[MW],85.05,275.419,565.387,88.718,88,540.326,265.8,83,306.842,2298.542
20251103B07,合計（確報値）,（内訳）自エリアからの約定量[MW],85.05,260.419,565.387,88.718,61,326.057,223.901,68.631,195.842,1875.005
20251103B08,システム約定結果,募集量（TSO別）[MW],39,138,478,230,105,462,197,88,298,2035
20251103B08,システム約定結果,応札量合計（電源属地別）[MW],88.94,260.419,695.519,482.3,105,864.465,325.957,118,455.218,3395.818
20251103B08,システム約定結果,落札量合計（電源属地別）[MW],48.3,260.419,553.819,395.3,105,367.465,144.901,63.799,155.218,2094.221
20251103B08,システム約定結果,応札件数（電源属地別）[件],5,3,17,8,1,7,6,6,8,61
20251103B08,システム約定結果,落札件数（電源属地別）[件],1,3,15,7,1,7,5,4,7,50
20251103B08,システム約定結果,最高落札価格（電源属地別）[円/kW・30分],19.35,19.51,19.51,19.51,1.26,19.49,19.49,7.77,19.51,19.51
20251103B08,システム約定結果,最低落札価格（電源属地別）[円/kW・30分],19.35,3.02,0.73,1.28,1.26,0.41,0.36,0.97,0.36,0.36
20251103B08,システム約定結果,平均落札価格（電源属地別）[円/kW・30分],19.35,3.57,4.15,3.75,1.26,3.81,1.65,2.42,1.38,3.72
20251103B08,システム約定結果,最高落札価格（TSO別）[円/kW・30分],19.35,19.51,19.51,19.51,1.26,19.49,19.49,7.77,19.51,19.51
20251103B08,システム約定結果,最低落札価格（TSO別）[円/kW・30分],19.35,3.02,0.73,1.28,1.26,0.41,0.36,0.97,0.36,0.36
20251103B08,システム約定結果,平均落札価格（TSO別）[円/kW・30分],19.35,3.57,4.15,3.84,1.26,3.69,1.65,2.88,1.93,3.72
20251103B08,システム約定結果,落札量合計（TSO別）[MW],48.3,260.419,553.819,224.42,88,471.365,136.68,88,223.218,2094.221
20251103B08,システム約定結果,（内訳）自エリアからの落札量[MW],48.3,260.419,553.819,224.42,88,358.365,132.881,60,155.218,1881.422
20251103B08,追加調達結果,募集量（TSO別）[MW],-,-,-,-,-,-,-,-,-,-
20251103B08,追加調達結果,応札量合計（電源属地別）[MW],0,0,0,0,0,0,0,0,0,0
20251103B08,追加調達結果,約定量合計（電源属地別）[MW],0,0,0,0,0,0,0,0,0,0
20251103B08,追加調達結果,応札件数（電源属地別）[件],0,0,0,0,0,0,0,0,0,0
20251103B08,追加調達結果,約定件数（電源属地別）[件],0,0,0,0,0,0,0,0,0,0
20251103B08,追加調達結果,最高約定価格（電源属地別）[円/kW・30分],0,0,0,0,0,0,0,0,0,0
20251103B08,追加調達結果,最低約定価格（電源属地別）[円/kW・30分],0,0,0,0,0,0,0,0,0,0
20251103B08,追加調達結果,平均約定価格（電源属地別）[円/kW・30分],0,0,0,0,0,0,0,0,0,0
20251103B08,追加調達結果,最高約定価格（TSO別）[円/kW・30分],0,0,0,0,0,0,0,0,0,0
20251103B08,追加調達結果,最低約定価格（TSO別）[円/kW・30分],0,0,0,0,0,0,0,0,0,0
20251103B08,追加調達結果,平均約定価格（TSO別）[円/kW・30分],0,0,0,0,0,0,0,0,0,0
20251103B08,追加調達結果,約定量合計（TSO別）[MW],0,0,0,0,0,0,0,0,0,0
20251103B08,追加調達結果,（内訳）自エリアからの約定量[MW],0,0,0,0,0,0,0,0,0,0
20251103B08,合計（確報値）,募集量（TSO別）[MW],39,138,478,230,105,462,197,88,298,2035
20251103B08,合計（確報値）,応札量合計（電源属地別）[MW],88.94,260.419,695.519,869.882,105,864.465,325.957,118,455.218,3783.4
20251103B08,合計（確報値）,約定量合計（電源属地別）[MW],48.3,260.419,553.819,395.3,105,367.465,144.901,63.799,155.218,2094.221
20251103B08,合計（確報値）,応札件数（電源属地別）[件],5,3,17,22,1,7,6,6,8,75
20251103B08,合計（確報値）,約定件数（電源属地別）[件],1,3,15,18,1,7,5,4,7,61
20251103B08,合計（確報値）,最高約定価格（電源属地別）[円/kW・30分],19.35,19.51,19.51,19.51,1.26,19.49,19.49,7.77,19.51,19.51
20251103B08,合計（確報値）,最低約定価格（電源属地別）[円/kW・30分],19.35,3.02,0.73,0.36,1.26,0.41,0.36,0.97,0.36,0.36
20251103B08,合計（確報値）,平均約定価格（電源属地別）[円/kW・30分],19.35,3.57,4.15,0.73,1.26,3.81,1.65,2.42,1.38,3.15
20251103B08,合計（確報値）,最高約定価格（TSO別）[円/kW・30分],19.35,19.51,19.51,19.51,1.26,19.49,19.49,7.77,19.51,19.51
20251103B08,合計（確報値）,最低約定価格（TSO別）[円/kW・30分],19.35,3.02,0.73,0.36,1.26,0.36,0.36,0.36,0.36,0.36
20251103B08,合計（確報値）,平均約定価格（TSO別）[円/kW・30分],19.35,3.57,4.15,1.02,1.26,2.91,1.65,1.83,1.48,3.15
20251103B08,合計（確報値）,約定量合計（TSO別）[MW],48.3,260.419,553.819,224.42,88,471.365,136.68,88,223.218,2094.221
20251103B08,合計（確報値）,（内訳）自エリアからの約定量[MW],48.3,260.419,553.819,224.42,88,358.365,132.881,60,155.218,1881.422
20251104B01,システム約定結果,募集量（TSO別）[MW],55,163,376,41,86,281,189,95,198,1484
20251104B01,システム約定結果,応札量合計（電源属地別）[MW],5.74,430.419,784.654,669.92,86,955.965,324.157,125,457.107,3838.962
20251104B01,システム約定結果,落札量合計（電源属地別）[MW],5.74,430.419,270.354,637.658,86,340.965,138.101,58.085,43.107,2010.429
20251104B01,システム約定結果,応札件数（電源属地別）[件],2,4,18,15,1,8,5,7,9,69
20251104B01,システム約定結果,落札件数（電源属地別）[件],2,4,16,15,1,7,4,5,8,62
20251104B01,システム約定結果,最高落札価格（電源属地別）[円/kW・30分],18.5,19.51,19.51,19.51,0.63,19.49,1.25,6.77,19.51,19.51
20251104B01,システム約定結果,最低落札価格（電源属地別）[円/kW・30分],5,1.97,1.85,1.84,0.63,0.36,0.36,0.52,0.36,0.36
20251104B01,システム約定結果,平均落札価格（電源属地別）[円/kW・30分],9.68,3.27,2.44,2.93,0.63,4.43,0.99,1.41,4.83,2.98
20251104B01,システム約定結果,最高落札価格（TSO別）[円/kW・30分],18.5,19.51,19.51,4.38,4.38,8.87,19.51,8.87,19.51,19.51
20251104B01,システム約定結果,最低落札価格（TSO別）[円/kW・30分],5,1.97,1.85,1.93,0.63,0.36,0.36,0.36,0.36,0.36
20251104B01,システム約定結果,平均落札価格（TSO別）[円/kW・30分],9.68,3.27,2.44,3.26,1.68,3.37,1.55,4.75,3.03,2.98
20251104B01,システム約定結果,落札量合計（TSO別）[MW],5.74,430.419,270.354,381.738,142,380.1,189.776,95,115.302,2010.429
20251104B01,システム約定結果,（内訳）自エリアからの落札量[MW],5.74,430.419,270.354,381.738,86,278.92,138.081,52,43.107,1686.359
20251104B01,追加調達結果,募集量（TSO別）[MW],-,-,-,-,-,-,-,-,-,-
20251104B01,追加調達結果,応札量合計（電源属地別）[MW],0,0,0,0,0,0,0,0,0,0
20251104B01,追加調達結果,約定量合計（電源属地別）[MW],0,0,0,0,0,0,0,0,0,0
20251104B01,追加調達結果,応札件数（電源属地別）[件],0,0,0,0,0,0,0,0,0,0
20251104B01,追加調達結果,約定件数（電源属地別）[件],0,0,0,0,0,0,0,0,0,0
20251104B01,追加調達結果,最高約定価格（電源属地別）[円/kW・30分],0,0,0,0,0,0,0,0,0,0
20251104B01,追加調達結果,最低約定価格（電源属地別）[円/kW・30分],0,0,0,0,0,0,0,0,0,0
20251104B01,追加調達結果,平均約定価格（電源属地別）[円/kW・30分],0,0,0,0,0,0,0,0,0,0
20251104B01,追加調達結果,最高約定価格（TSO別）[円/kW・30分],0,0,0,0,0,0,0,0,0,0
20251104B01,追加調達結果,最低約定価格（TSO別）[円/kW・30分],0,0,0,0,0,0,0,0,0,0
20251104B01,追加調達結果,平均約定価格（TSO別）[円/kW・30分],0,0,0,0,0,0,0,0,0,0
20251104B01,追加調達結果,約定量合計（TSO別）[MW],0,0,0,0,0,0,0,0,0,0
20251104B01,追加調達結果,（内訳）自エリアからの約定量[MW],0,0,0,0,0,0,0,0,0,0
20251104B01,合計（確報値）,募集量（TSO別）[MW],55,163,376,41,86,281,189,95,198,1484
20251104B01,合計（確報値）,応札量合計（電源属地別）[MW],5.74,430.419,784.654,891.92,86,955.965,324.157,125,457.107,4060.962
20251104B01,合計（確報値）,約定量合計（電源属地別）[MW],5.74,430.419,270.354,637.658,86,340.965,138.101,58.085,43.107,2010.429
20251104B01,合計（確報値）,応札件数（電源属地別）[件],2,4,18,29,1,8,5,7,9,83
20251104B01,合計（確報値）,約定件数（電源属地別）[件],2,4,16,27,1,7,4,5,8,74
20251104B01,合計（確報値）,最高約定価格（電源属地別）[円/kW・30分],18.5,19.51,19.51,19.51,0.63,19.49,1.25,6.77,19.51,19.51
20251104B01,合計（確報値）,最低約定価格（電源属地別）[円/kW・30分],5,1.97,1.85,0.36,0.63,0.36,0.36,0.52,0.36,0.36
20251104B01,合計（確報値）,平均約定価格（電源属地別）[円/kW・30分],9.68,3.27,2.44,1.87,0.63,4.43,0.99,1.41,4.83,2.64
20251104B01,合計（確報値）,最高約定価格（TSO別）[円/kW・30分],18.5,19.51,19.51,3.89,3.89,8.87,19.51,8.87,19.51,19.51
20251104B01,合計（確報値）,最低約定価格（TSO別）[円/kW・30分],5,1.97,1.85,0.36,0.36,0.36,0.36,0.36,0.36,0.36
20251104B01,合計（確報値）,平均約定価格（TSO別）[円/kW・30分],9.68,3.27,2.44,1.77,1.2,3.37,1.36,4.75,3.03,2.64
20251104B01,合計（確報値）,約定量合計（TSO別）[MW],5.74,430.419,270.354,381.738,142,380.1,189.776,95,115.302,2010.429
20251104B01,合計（確報値）,（内訳）自エリアからの約定量[MW],5.74,430.419,270.354,381.738,86,278.92,138.081,52,43.107,1686.359
20251104B02,システム約定結果,募集量（TSO別）[MW],28,333,371,158,92,380,189,99,300,1950
20251104B02,システム約定結果,応札量合計（電源属地別）[MW],18.9,430.419,499.239,257.858,92,955.965,325.957,129,422.607,3131.945
20251104B02,システム約定結果,落札量合計（電源属地別）[MW],18.9,430.419,357.539,257.858,92,357.465,139.145,70.733,190.607,1914.666
20251104B02,システム約定結果,応札件数（電源属地別）[件],2,4,13,7,1,8,6,6,8,55
20251104B02,システム約定結果,落札件数（電源属地別）[件],2,4,11,7,1,7,5,4,7,48
20251104B02,システム約定結果,最高落札価格（電源属地別）[円/kW・30分],4.42,19.51,19.51,19.51,1.22,19.49,19.49,6.34,19.51,19.51
20251104B02,システム約定結果,最低落札価格（電源属地別）[円/kW・30分],4,1.95,0.73,1.9,1.22,0.36,0.36,0.36,0.36,0.36
20251104B02,システム約定結果,平均落札価格（電源属地別）[円/kW・30分],4.04,3.24,3.03,2.94,1.22,3.96,1.64,1.81,1.22,2.83
20251104B02,システム約定結果,最高落札価格（TSO別）[円/kW・30分],4.42,19.51,19.51,19.51,1.22,19.49,19.49,6.34,19.51,19.51
20251104B02,システム約定結果,最低落札価格（TSO別）[円/kW・30分],4,1.95,0.73,1.9,1.22,0.36,0.36,0.36,0.36,0.36
20251104B02,システム約定結果,平均落札価格（TSO別）[円/kW・30分],4.04,3.24,3.03,3.27,1.22,3.74,1.73,1.98,1.42,2.83
20251104B02,システム約定結果,落札量合計（TSO別）[MW],18.9,430.419,357.539,133.998,80,417.365,141.838,99,235.607,1914.666
20251104B02,システム約定結果,（内訳）自エリアからの落札量[MW],18.9,430.419,357.539,133.998,80,357.465,139.105,65,190.607,1773.033
20251104B02,追加調達結果,募集量（TSO別）[MW],-,-,-,-,-,-,-,-,-,-
20251104B02,追加調達結果,応札量合計（電源属地別）[MW],0,0,0,0,0,0,0,0,0,0
20251104B02,追加調達結果,約定量合計（電源属地別）[MW],0,0,0,0,0,0,0,0,0,0
20251104B02,追加調達結果,応札件数（電源属地別）[件],0,0,0,0,0,0,0,0,0,0
20251104B02,追加調達結果,約定件数（電源属地別）[件],0,0,0,0,0,0,0,0,0,0
20251104B02,追加調達結果,最高約定価格（電源属地別）[円/kW・30分],0,0,0,0,0,0,0,0,0,0
20251104B02,追加調達結果,最低約定価格（電源属地別）[円/kW・30分],0,0,0,0,0,0,0,0,0,0
20251104B02,追加調達結果,平均約定価格（電源属地別）[円/kW・30分],0,0,0,0,0,0,0,0,0,0
20251104B02,追加調達結果,最高約定価格（TSO別）[円/kW・30分],0,0,0,0,0,0,0,0,0,0
20251104B02,追加調達結果,最低約定価格（TSO別）[円/kW・30分],0,0,0,0,0,0,0,0,0,0
20251104B02,追加調達結果,平均約定価格（TSO別）[円/kW・30分],0,0,0,0,0,0,0,0,0,0
20251104B02,追加調達結果,約定量合計（TSO別）[MW],0,0,0,0,0,0,0,0,0,0
20251104B02,追加調達結果,（内訳）自エリアからの約定量[MW],0,0,0,0,0,0,0,0,0,0
20251104B02,合計（確報値）,募集量（TSO別）[MW],28,333,371,158,92,380,189,99,300,1950
20251104B02,合計（確報値）,応札量合計（電源属地別）[MW],18.9,430.419,499.239,369.858,92,955.965,325.957,129,422.607,3243.945
20251104B02,合計（確報値）,約定量合計（電源属地別）[MW],18.9,430.419,357.539,257.858,92,357.465,139.145,70.733,190.607,1914.666
20251104B02,合計（確報値）,応札件数（電源属地別）[件],2,4,13,11,1,8,6,6,8,59
20251104B02,合計（確報値）,約定件数（電源属地別）[件],2,4,11,10,1,7,5,4,7,51
20251104B02,合計（確報値）,最高約定価格（電源属地別）[円/kW・30分],4.42,19.51,19.51,19.51,1.22,19.49,19.49,6.34,19.51,19.51
20251104B02,合計（確報値）,最低約定価格（電源属地別）[円/kW・30分],4,1.95,0.73,0.36,1.22,0.36,0.36,0.36,0.36,0.36
20251104B02,合計（確報値）,平均約定価格（電源属地別）[円/kW・30分],4.04,3.24,3.03,1.93,1.22,3.96,1.64,1.81,1.22,2.7
20251104B02,合計（確報値）,最高約定価格（TSO別）[円/kW・30分],4.42,19.51,19.51,19.51,1.22,19.49,19.49,6.34,19.51,19.51
20251104B02,合計（確報値）,最低約定価格（TSO別）[円/kW・30分],4,1.95,0.73,0.36,1.22,0.36,0.36,0.36,0.36,0.36
20251104B02,合計（確報値）,平均約定価格（TSO別）[円/kW・30分],4.04,3.24,3.03,2.46,1.22,3.74,1.73,1.22,1.1,2.7
20251104B02,合計（確報値）,約定量合計（TSO別）[MW],18.9,430.419,357.539,133.998,80,417.365,141.838,99,235.607,1914.666
20251104B02,合計（確報値）,（内訳）自エリアからの約定量[MW],18.9,430.419,357.539,133.998,80,357.465,139.105,65,190.607,1773.033
20251104B03,システム約定結果,募集量（TSO別）[MW],134,932,525,400,127,605,284,174,427,3608
20251104B03,システム約定結果,応札量合計（電源属地別）[MW],114.29,770.419,872.382,28.858,127,427.012,325.957,133,277.531,3076.449
20251104B03,システム約定結果,落札量合計（電源属地別）[MW],114.29,770.419,487.535,28.858,127,427.012,325.957,133,277.531,2691.602
20251104B03,システム約定結果,応札件数（電源属地別）[件],3,6,17,4,2,8,6,4,8,58
20251104B03,システム約定結果,落札件数（電源属地別）[件],3,6,15,4,2,8,6,4,8,56
20251104B03,システム約定結果,最高落札価格（電源属地別）[円/kW・30分],19.35,19.51,19.5,19.51,1.33,19.51,19.51,5.93,19.51,19.51
20251104B03,システム約定結果,最低落札価格（電源属地別）[円/kW・30分],18.5,1.98,1.68,1.89,0.35,0.36,0.36,0.36,0.36,0.35
20251104B03,システム約定結果,平均落札価格（電源属地別）[円/kW・30分],18.88,2.96,3.37,5.46,0.87,4.08,1.42,2.07,1.08,3.39
20251104B03,システム約定結果,最高落札価格（TSO別）[円/kW・30分],19.35,19.51,19.5,19.51,1.7,19.51,19.51,5.93,19.51,19.51
20251104B03,システム約定結果,最低落札価格（TSO別）[円/kW・30分],18.5,1.98,1.68,1.89,0.35,0.35,0.36,0.36,0.36,0.35
20251104B03,システム約定結果,平均落札価格（TSO別）[円/kW・30分],18.88,3.11,3.18,4.36,1.33,3.73,1.51,2.07,1.15,3.39
20251104B03,システム約定結果,落札量合計（TSO別）[MW],114.29,940.419,300.166,46.227,127,455.721,240.881,133,333.898,2691.602
20251104B03,システム約定結果,（内訳）自エリアからの落札量[MW],114.29,655.419,185.166,28.858,77,377.012,240.881,133,277.531,2089.157
20251104B03,追加調達結果,募集量（TSO別）[MW],-,-,-,-,-,-,-,-,-,-
20251104B03,追加調達結果,応札量合計（電源属地別）[MW],0,0,0,0,0,0,0,0,0,0
20251104B03,追加調達結果,約定量合計（電源属地別）[MW],0,0,0,0,0,0,0,0,0,0
20251104B03,追加調達結果,応札件数（電源属地別）[件],0,0,0,0,0,0,0,0,0,0
20251104B03,追加調達結果,約定件数（電源属地別）[件],0,0,0,0,0,0,0,0,0,0
20251104B03,追加調達結果,最高約定価格（電源属地別）[円/kW・30分],0,0,0,0,0,0,0,0,0,0
20251104B03,追加調達結果,最低約定価格（電源属地別）[円/kW・30分],0,0,0,0,0,0,0,0,0,0
20251104B03,追加調達結果,平均約定価格（電源属地別）[円/kW・30分],0,0,0,0,0,0,0,0,0,0
20251104B03,追加調達結果,最高約定価格（TSO別）[円/kW・30分],0,0,0,0,0,0,0,0,0,0
20251104B03,追加調達結果,最低約定価格（TSO別）[円/kW・30分],0,0,0,0,0,0,0,0,0,0
20251104B03,追加調達結果,平均約定価格（TSO別）[円/kW・30分],0,0,0,0,0,0,0,0,0,0
20251104B03,追加調達結果,約定量合計（TSO別）[MW],0,0,0,0,0,0,0,0,0,0
20251104B03,追加調達結果,（内訳）自エリアからの約定量[MW],0,0,0,0,0,0,0,0,0,0
20251104B03,合計（確報値）,募集量（TSO別）[MW],134,932,525,400,127,605,284,174,427,3608
20251104B03,合計（確報値）,応札量合計（電源属地別）[MW],114.29,940.419,872.382,28.858,127,427.012,325.957,133,277.531,3246.449
20251104B03,合計（確報値）,約定量合計（電源属地別）[MW],114.29,770.419,487.535,28.858,127,427.012,325.957,133,277.531,2691.602
20251104B03,合計（確報値）,応札件数（電源属地別）[件],3,11,17,4,2,8,6,4,8,63
20251104B03,合計（確報値）,約定件数（電源属地別）[件],3,10,15,4,2,8,6,4,8,60
20251104B03,合計（確報値）,最高約定価格（電源属地別）[円/kW・30分],19.35,19.51,19.5,19.51,1.33,19.51,19.51,5.93,19.51,19.51
20251104B03,合計（確報値）,最低約定価格（電源属地別）[円/kW・30分],18.5,1.98,1.68,1.89,0.35,0.36,0.36,0.36,0.36,0.35
20251104B03,合計（確報値）,平均約定価格（電源属地別）[円/kW・30分],18.88,2.93,3.37,5.46,0.87,4.08,1.42,2.07,1.08,3.39
20251104B03,合計（確報値）,最高約定価格（TSO別）[円/kW・30分],19.35,19.51,19.5,19.51,1.7,19.51,19.51,5.93,19.51,19.51
20251104B03,合計（確報値）,最低約定価格（TSO別）[円/kW・30分],18.5,1.98,1.68,1.89,0.35,0.35,0.36,0.36,0.36,0.35
20251104B03,合計（確報値）,平均約定価格（TSO別）[円/kW・30分],18.88,3.1,3.15,4.36,1.33,3.73,1.51,2.07,1.15,3.39
20251104B03,合計（確報値）,約定量合計（TSO別）[MW],114.29,940.419,300.166,46.227,127,455.721,240.881,133,333.898,2691.602
20251104B03,合計（確報値）,（内訳）自エリアからの約定量[MW],114.29,655.419,185.166,28.858,77,377.012,240.881,133,277.531,2089.157
20251104B04,システム約定結果,募集量（TSO別）[MW],116,222,664,264,194,869,486,219,604,3638
20251104B04,システム約定結果,応札量合計（電源属地別）[MW],416.94,250,1220.518,7.718,194,875.215,112.191,181,470.28,3727.862
20251104B04,システム約定結果,落札量合計（電源属地別）[MW],120,250,662.322,7.718,194,875.215,112.191,181,470.28,2872.726
20251104B04,システム約定結果,応札件数（電源属地別）[件],7,1,25,4,2,7,3,4,11,64
20251104B04,システム約定結果,落札件数（電源属地別）[件],4,1,20,4,2,7,3,4,11,56
20251104B04,システム約定結果,最高落札価格（電源属地別）[円/kW・30分],16.41,6.38,19.51,19.51,1.22,18.28,19.51,6.52,19.51,19.51
20251104B04,システム約定結果,最低落札価格（電源属地別）[円/kW・30分],5,6.38,0.37,19.47,0.35,0.36,0.36,0.36,0.36,0.35
20251104B04,システム約定結果,平均落札価格（電源属地別）[円/kW・30分],15.2,6.38,1.36,19.49,0.89,2.07,1.03,0.88,3.98,3
20251104B04,システム約定結果,最高落札価格（TSO別）[円/kW・30分],16.41,6.38,19.51,6.38,1.22,19.51,19.51,6.52,19.51,19.51
20251104B04,システム約定結果,最低落札価格（TSO別）[円/kW・30分],5,6.38,0.37,0.37,0.35,0.36,0.36,0.36,0.36,0.35
20251104B04,システム約定結果,平均落札価格（TSO別）[円/kW・30分],15.2,6.38,1.87,1.41,0.88,2.31,1.26,0.88,3.98,3
20251104B04,システム約定結果,落札量合計（TSO別）[MW],120,188,600.989,123.333,186,782.757,220.367,181,470.28,2872.726
20251104B04,システム約定結果,（内訳）自エリアからの落札量[MW],120,188,560.322,0,186,767.039,112.191,181,470.28,2584.832
20251104B04,追加調達結果,募集量（TSO別）[MW],-,-,-,-,-,-,-,-,-,-
20251104B04,追加調達結果,応札量合計（電源属地別）[MW],0,0,0,0,0,0,0,0,0,0
20251104B04,追加調達結果,約定量合計（電源属地別）[MW],0,0,0,0,0,0,0,0,0,0
20251104B04,追加調達結果,応札件数（電源属地別）[件],0,0,0,0,0,0,0,0,0,0
20251104B04,追加調達結果,約定件数（電源属地別）[件],0,0,0,0,0,0,0,0,0,0
20251104B04,追加調達結果,最高約定価格（電源属地別）[円/kW・30分],0,0,0,0,0,0,0,0,0,0
20251104B04,追加調達結果,最低約定価格（電源属地別）[円/kW・30分],0,0,0,0,0,0,0,0,0,0
20251104B04,追加調達結果,平均約定価格（電源属地別）[円/kW・30分],0,0,0,0,0,0,0,0,0,0
20251104B04,追加調達結果,最高約定価格（TSO別）[円/kW・30分],0,0,0,0,0,0,0,0,0,0
20251104B04,追加調達結果,最低約定価格（TSO別）[円/kW・30分],0,0,0,0,0,0,0,0,0,0
20251104B04,追加調達結果,平均約定価格（TSO別）[円/kW・30分],0,0,0,0,0,0,0,0,0,0
20251104B04,追加調達結果,約定量合計（TSO別）[MW],0,0,0,0,0,0,0,0,0,0
20251104B04,追加調達結果,（内訳）自エリアからの約定量[MW],0,0,0,0,0,0,0,0,0,0
20251104B04,合計（確報値）,募集量（TSO別）[MW],116,222,664,264,194,869,486,219,604,3638
20251104B04,合計（確報値）,応札量合計（電源属地別）[MW],416.94,250,1220.518,7.718,194,875.215,112.191,181,470.28,3727.862
20251104B04,合計（確報値）,約定量合計（電源属地別）[MW],120,250,662.322,7.718,194,875.215,112.191,181,470.28,2872.726
20251104B04,合計（確報値）,応札件数（電源属地別）[件],7,1,25,4,2,7,3,4,11,64
20251104B04,合計（確報値）,約定件数（電源属地別）[件],4,1,20,4,2,7,3,4,11,56
20251104B04,合計（確報値）,最高約定価格（電源属地別）[円/kW・30分],16.41,6.38,19.51,19.51,1.22,18.28,19.51,6.52,19.51,19.51
20251104B04,合計（確報値）,最低約定価格（電源属地別）[円/kW・30分],5,6.38,0.37,19.47,0.35,0.36,0.36,0.36,0.36,0.35
20251104B04,合計（確報値）,平均約定価格（電源属地別）[円/kW・30分],15.2,6.38,1.36,19.49,0.89,2.07,1.03,0.88,3.98,3
20251104B04,合計（確報値）,最高約定価格（TSO別）[円/kW・30分],16.41,6.38,19.51,6.38,1.22,19.51,19.51,6.52,19.51,19.51
20251104B04,合計（確報値）,最低約定価格（TSO別）[円/kW・30分],5,6.38,0.37,0.37,0.35,0.36,0.36,0.36,0.36,0.35
20251104B04,合計（確報値）,平均約定価格（TSO別）[円/kW・30分],15.2,6.38,1.87,1.41,0.88,2.31,1.26,0.88,3.98,3
20251104B04,合計（確報値）,約定量合計（TSO別）[MW],120,188,600.989,123.333,186,782.757,220.367,181,470.28,2872.726
20251104B04,合計（確報値）,（内訳）自エリアからの約定量[MW],120,188,560.322,0,186,767.039,112.191,181,470.28,2584.832
20251104B05,システム約定結果,募集量（TSO別）[MW],32,217,534,383,194,588,361,145,537,2991
20251104B05,システム約定結果,応札量合計（電源属地別）[MW],226.75,260.419,1230.806,7.718,194,1105.649,183.347,117,473.844,3799.533
20251104B05,システム約定結果,落札量合計（電源属地別）[MW],32,260.419,481.361,7.718,194,701.095,183.347,117,444.584,2421.524
20251104B05,システム約定結果,応札件数（電源属地別）[件],3,3,29,4,2,9,6,3,13,72
20251104B05,システム約定結果,落札件数（電源属地別）[件],1,3,24,4,2,9,6,3,13,65
20251104B05,システム約定結果,最高落札価格（電源属地別）[円/kW・30分],18.53,19.51,19.51,19.51,0.8,19.51,19.51,1.18,19.51,19.51
20251104B05,システム約定結果,最低落札価格（電源属地別）[円/kW・30分],18.53,5.1,0.37,19.47,0.35,0.36,0.36,0.36,0.36,0.35
20251104B05,システム約定結果,平均落札価格（電源属地別）[円/kW・30分],18.53,5.57,2.44,19.49,0.63,2.22,0.99,0.6,4.62,3.03
20251104B05,システム約定結果,最高落札価格（TSO別）[円/kW・30分],18.53,19.51,19.51,19.51,0.8,19.51,19.51,1.18,19.51,19.51
20251104B05,システム約定結果,最低落札価格（TSO別）[円/kW・30分],18.53,0.37,0.37,0.36,0.35,0.36,0.36,0.36,0.36,0.35
20251104B05,システム約定結果,平均落札価格（TSO別）[円/kW・30分],18.53,4.95,3.61,1.31,0.63,2.64,1.03,0.6,4.73,3.03
20251104B05,システム約定結果,落札量合計（TSO別）[MW],32,235.086,385.294,212.451,194,523.049,288.8,117,433.844,2421.524
20251104B05,システム約定結果,（内訳）自エリアからの落札量[MW],32,200.086,330.011,7.718,194,523.049,183.347,117,433.844,2021.055
20251104B05,追加調達結果,募集量（TSO別）[MW],-,-,-,-,-,-,-,-,-,-
20251104B05,追加調達結果,応札量合計（電源属地別）[MW],0,0,0,0,0,0,0,0,0,0
20251104B05,追加調達結果,約定量合計（電源属地別）[MW],0,0,0,0,0,0,0,0,0,0
20251104B05,追加調達結果,応札件数（電源属地別）[件],0,0,0,0,0,0,0,0,0,0
20251104B05,追加調達結果,約定件数（電源属地別）[件],0,0,0,0,0,0,0,0,0,0
20251104B05,追加調達結果,最高約定価格（電源属地別）[円/kW・30分],0,0,0,0,0,0,0,0,0,0
20251104B05,追加調達結果,最低約定価格（電源属地別）[円/kW・30分],0,0,0,0,0,0,0,0,0,0
20251104B05,追加調達結果,平均約定価格（電源属地別）[円/kW・30分],0,0,0,0,0,0,0,0,0,0
20251104B05,追加調達結果,最高約定価格（TSO別）[円/kW・30分],0,0,0,0,0,0,0,0,0,0
20251104B05,追加調達結果,最低約定価格（TSO別）[円/kW・30分],0,0,0,0,0,0,0,0,0,0
20251104B05,追加調達結果,平均約定価格（TSO別）[円/kW・30分],0,0,0,0,0,0,0,0,0,0
20251104B05,追加調達結果,約定量合計（TSO別）[MW],0,0,0,0,0,0,0,0,0,0
20251104B05,追加調達結果,（内訳）自エリアからの約定量[MW],0,0,0,0,0,0,0,0,0,0
20251104B05,合計（確報値）,募集量（TSO別）[MW],32,217,534,383,194,588,361,145,537,2991
20251104B05,合計（確報値）,応札量合計（電源属地別）[MW],226.75,260.419,1230.806,7.718,194,1105.649,183.347,117,473.844,3799.533
20251104B05,合計（確報値）,約定量合計（電源属地別）[MW],32,260.419,481.361,7.718,194,701.095,183.347,117,444.584,2421.524
20251104B05,合計（確報値）,応札件数（電源属地別）[件],3,3,29,4,2,9,6,3,13,72
20251104B05,合計（確報値）,約定件数（電源属地別）[件],1,3,24,4,2,9,6,3,13,65
20251104B05,合計（確報値）,最高約定価格（電源属地別）[円/kW・30分],18.53,19.51,19.51,19.51,0.8,19.51,19.51,1.18,19.51,19.51
20251104B05,合計（確報値）,最低約定価格（電源属地別）[円/kW・30分],18.53,5.1,0.37,19.47,0.35,0.36,0.36,0.36,0.36,0.35
20251104B05,合計（確報値）,平均約定価格（電源属地別）[円/kW・30分],18.53,5.57,2.44,19.49,0.63,2.22,0.99,0.6,4.62,3.03
20251104B05,合計（確報値）,最高約定価格（TSO別）[円/kW・30分],18.53,19.51,19.51,19.51,0.8,19.51,19.51,1.18,19.51,19.51
20251104B05,合計（確報値）,最低約定価格（TSO別）[円/kW・30分],18.53,0.37,0.37,0.36,0.35,0.36,0.36,0.36,0.36,0.35
20251104B05,合計（確報値）,平均約定価格（TSO別）[円/kW・30分],18.53,4.95,3.61,1.31,0.63,2.64,1.03,0.6,4.73,3.03
20251104B05,合計（確報値）,約定量合計（TSO別）[MW],32,235.086,385.294,212.451,194,523.049,288.8,117,433.844,2421.524
20251104B05,合計（確報値）,（内訳）自エリアからの約定量[MW],32,200.086,330.011,7.718,194,523.049,183.347,117,433.844,2021.055
20251104B06,システム約定結果,募集量（TSO別）[MW],36,732,695,402,120,692,340,179,549,3745
20251104B06,システム約定結果,応札量合計（電源属地別）[MW],255.64,770.419,841.901,378.718,120,283.649,223.003,134,317.844,3325.174
20251104B06,システム約定結果,落札量合計（電源属地別）[MW],36,770.419,787.201,378.718,120,283.649,223.003,134,317.844,3050.834
20251104B06,システム約定結果,応札件数（電源属地別）[件],6,6,27,6,1,5,7,4,12,74
20251104B06,システム約定結果,落札件数（電源属地別）[件],3,6,26,6,1,5,7,4,12,70
20251104B06,システム約定結果,最高落札価格（電源属地別）[円/kW・30分],18.53,19.51,19.51,19.51,3.11,19.51,19.51,7.07,19.51,19.51
20251104B06,システム約定結果,最低落札価格（電源属地別）[円/kW・30分],17,1.79,0.73,1.13,3.11,1.09,1.34,0.36,0.94,0.36
20251104B06,システム約定結果,平均落札価格（電源属地別）[円/kW・30分],18.37,2.95,3.98,1.75,3.11,5.51,2.23,1.16,2.27,3.29
20251104B06,システム約定結果,最高落札価格（TSO別）[円/kW・30分],18.53,19.51,19.51,19.51,3.11,19.51,19.51,7.07,19.51,19.51
20251104B06,システム約定結果,最低落札価格（TSO別）[円/kW・30分],17,1.79,0.73,1.13,3.11,1.09,0.56,0.36,0.94,0.36
20251104B06,システム約定結果,平均落札価格（TSO別）[円/kW・30分],18.37,2.96,4.29,2.74,3.11,3.58,2.09,1.2,2.31,3.29
20251104B06,システム約定結果,落札量合計（TSO別）[MW],36,841.197,598.867,128.697,112,578.122,244.8,126,385.151,3050.834
20251104B06,システム約定結果,（内訳）自エリアからの落札量[MW],36,733.197,561.645,94.07,112,283.649,183.696,126,317.844,2448.101
20251104B06,追加調達結果,募集量（TSO別）[MW],-,-,-,-,-,-,-,-,-,-
20251104B06,追加調達結果,応札量合計（電源属地別）[MW],0,0,0,0,0,0,0,0,0,0
20251104B06,追加調達結果,約定量合計（電源属地別）[MW],0,0,0,0,0,0,0,0,0,0
20251104B06,追加調達結果,応札件数（電源属地別）[件],0,0,0,0,0,0,0,0,0,0
20251104B06,追加調達結果,約定件数（電源属地別）[件],0,0,0,0,0,0,0,0,0,0
20251104B06,追加調達結果,最高約定価格（電源属地別）[円/kW・30分],0,0,0,0,0,0,0,0,0,0
20251104B06,追加調達結果,最低約定価格（電源属地別）[円/kW・30分],0,0,0,0,0,0,0,0,0,0
20251104B06,追加調達結果,平均約定価格（電源属地別）[円/kW・30分],0,0,0,0,0,0,0,0,0,0
20251104B06,追加調達結果,最高約定価格（TSO別）[円/kW・30分],0,0,0,0,0,0,0,0,0,0
20251104B06,追加調達結果,最低約定価格（TSO別）[円/kW・30分],0,0,0,0,0,0,0,0,0,0
20251104B06,追加調達結果,平均約定価格（TSO別）[円/kW・30分],0,0,0,0,0,0,0,0,0,0
20251104B06,追加調達結果,約定量合計（TSO別）[MW],0,0,0,0,0,0,0,0,0,0
20251104B06,追加調達結果,（内訳）自エリアからの約定量[MW],0,0,0,0,0,0,0,0,0,0
20251104B06,合計（確報値）,募集量（TSO別）[MW],36,732,695,402,120,692,340,179,549,3745
20251104B06,合計（確報値）,応札量合計（電源属地別）[MW],255.64,770.419,849.501,645.718,120,283.649,223.003,134,317.844,3599.774
20251104B06,合計（確報値）,約定量合計（電源属地別）[MW],36,770.419,750.801,378.718,120,283.649,223.003,134,317.844,3014.434
20251104B06,合計（確報値）,応札件数（電源属地別）[件],6,6,28,15,1,5,7,4,12,84
20251104B06,合計（確報値）,約定件数（電源属地別）[件],3,6,27,14,1,5,7,4,12,79
20251104B06,合計（確報値）,最高約定価格（電源属地別）[円/kW・30分],18.53,19.51,19.51,19.51,3.11,19.51,19.51,7.07,19.51,19.51
20251104B06,合計（確報値）,最低約定価格（電源属地別）[円/kW・30分],17,1.79,0.73,0.36,3.11,1.09,1.34,0.36,0.94,0.36
20251104B06,合計（確報値）,平均約定価格（電源属地別）[円/kW・30分],18.37,2.95,3.94,1.2,3.11,5.51,2.23,1.16,2.27,3.21
20251104B06,合計（確報値）,最高約定価格（TSO別）[円/kW・30分],18.53,19.51,19.51,19.51,3.11,19.51,19.51,7.07,19.51,19.51
20251104B06,合計（確報値）,最低約定価格（TSO別）[円/kW・30分],17,1.79,0.73,0.36,3.11,0.36,0.36,0.36,0.94,0.36
20251104B06,合計（確報値）,平均約定価格（TSO別）[円/kW・30分],18.37,2.96,4.26,2.22,3.11,3.39,1.99,1.2,2.31,3.21
20251104B06,合計（確報値）,約定量合計（TSO別）[MW],36,841.197,562.467,128.697,112,578.122,244.8,126,385.151,3014.434
20251104B06,合計（確報値）,（内訳）自エリアからの約定量[MW],36,733.197,525.245,94.07,112,283.649,183.696,126,317.844,2411.701
20251104B07,システム約定結果,募集量（TSO別）[MW],32,263,496,206,106,574,305,83,328,2393
20251104B07,システム約定結果,応札量合計（電源属地別）[MW],228.74,260.419,975.496,324.028,106,428.862,405.269,122,627.216,3478.03
20251104B07,システム約定結果,落札量合計（電源属地別）[MW],28.333,260.419,307.665,315.3,106,428.862,223.901,78.333,268.216,2017.029
20251104B07,システム約定結果,応札件数（電源属地別）[件],4,3,27,6,1,9,8,7,12,77
20251104B07,システム約定結果,落札件数（電源属地別）[件],1,3,22,5,1,9,7,5,11,64
20251104B07,システム約定結果,最高落札価格（電源属地別）[円/kW・30分],16.28,19.51,19.51,19.51,2.6,19.49,19.49,2.11,19.51,19.51
20251104B07,システム約定結果,最低落札価格（電源属地別）[円/kW・30分],16.28,1.64,0.37,1.18,2.6,1.09,0.89,0.36,0.58,0.36
20251104B07,システム約定結果,平均落札価格（電源属地別）[円/kW・30分],16.28,2.25,3.31,1.63,2.6,4.44,2.03,0.93,1.52,2.82
20251104B07,システム約定結果,最高落札価格（TSO別）[円/kW・30分],16.28,19.51,19.51,19.51,3.26,19.49,19.49,6.26,19.51,19.51
20251104B07,システム約定結果,最低落札価格（TSO別）[円/kW・30分],1.18,0.37,0.37,1.18,2.6,1.09,0.73,0.36,0.58,0.36
20251104B07,システム約定結果,平均落札価格（TSO別）[円/kW・30分],14.55,2.47,2.81,2.89,2.8,3.6,2.12,1.43,1.47,2.82
20251104B07,システム約定結果,落札量合計（TSO別）[MW],32,168.419,438.7,88.718,88,537.176,265.8,83,315.216,2017.029
20251104B07,システム約定結果,（内訳）自エリアからの落札量[MW],28.333,153.419,292.665,83.718,61,383.276,223.901,75,268.216,1569.528
20251104B07,追加調達結果,募集量（TSO別）[MW],-,-,-,-,-,-,-,-,-,-
20251104B07,追加調達結果,応札量合計（電源属地別）[MW],0,0,0,0,0,0,0,0,0,0
20251104B07,追加調達結果,約定量合計（電源属地別）[MW],0,0,0,0,0,0,0,0,0,0
20251104B07,追加調達結果,応札件数（電源属地別）[件],0,0,0,0,0,0,0,0,0,0
20251104B07,追加調達結果,約定件数（電源属地別）[件],0,0,0,0,0,0,0,0,0,0
20251104B07,追加調達結果,最高約定価格（電源属地別）[円/kW・30分],0,0,0,0,0,0,0,0,0,0
20251104B07,追加調達結果,最低約定価格（電源属地別）[円/kW・30分],0,0,0,0,0,0,0,0,0,0
20251104B07,追加調達結果,平均約定価格（電源属地別）[円/kW・30分],0,0,0,0,0,0,0,0,0,0
20251104B07,追加調達結果,最高約定価格（TSO別）[円/kW・30分],0,0,0,0,0,0,0,0,0,0
20251104B07,追加調達結果,最低約定価格（TSO別）[円/kW・30分],0,0,0,0,0,0,0,0,0,0
20251104B07,追加調達結果,平均約定価格（TSO別）[円/kW・30分],0,0,0,0,0,0,0,0,0,0
20251104B07,追加調達結果,約定量合計（TSO別）[MW],0,0,0,0,0,0,0,0,0,0
20251104B07,追加調達結果,（内訳）自エリアからの約定量[MW],0,0,0,0,0,0,0,0,0,0
20251104B07,合計（確報値）,募集量（TSO別）[MW],32,263,496,206,106,574,305,83,328,2393
20251104B07,合計（確報値）,応札量合計（電源属地別）[MW],228.74,260.419,1011.896,631.61,106,428.862,405.269,122,627.216,3822.012
20251104B07,合計（確報値）,約定量合計（電源属地別）[MW],28.333,260.419,271.265,315.3,106,428.862,223.901,78.333,268.216,1980.629
20251104B07,合計（確報値）,応札件数（電源属地別）[件],4,3,28,14,1,9,8,7,12,86
20251104B07,合計（確報値）,約定件数（電源属地別）[件],1,3,22,12,1,9,7,5,11,71
20251104B07,合計（確報値）,最高約定価格（電源属地別）[円/kW・30分],16.28,19.51,19.51,19.51,2.6,19.49,19.49,2.11,19.51,19.51
20251104B07,合計（確報値）,最低約定価格（電源属地別）[円/kW・30分],16.28,1.64,0.37,0.36,2.6,1.09,0.89,0.36,0.58,0.36
20251104B07,合計（確報値）,平均約定価格（電源属地別）[円/kW・30分],16.28,2.25,3.2,0.83,2.6,4.44,2.03,0.93,1.52,2.67
20251104B07,合計（確報値）,最高約定価格（TSO別）[円/kW・30分],16.28,19.51,19.51,19.51,3.26,19.49,19.49,6.26,19.51,19.51
20251104B07,合計（確報値）,最低約定価格（TSO別）[円/kW・30分],0.36,0.37,0.36,0.36,2.6,0.36,0.73,0.36,0.36,0.36
20251104B07,合計（確報値）,平均約定価格（TSO別）[円/kW・30分],14.46,2.47,2.61,2.19,2.8,3.38,2.12,1.43,1.35,2.67
20251104B07,合計（確報値）,約定量合計（TSO別）[MW],32,168.419,402.3,88.718,88,537.176,265.8,83,315.216,1980.629
20251104B07,合計（確報値）,（内訳）自エリアからの約定量[MW],28.333,153.419,256.265,83.718,61,383.276,223.901,75,268.216,1533.128
20251104B08,システム約定結果,募集量（TSO別）[MW],39,138,478,230,105,462,197,88,298,2035
20251104B08,システム約定結果,応札量合計（電源属地別）[MW],230.64,260.419,512.744,315.3,105,864.465,365.613,118,457.607,3229.788
20251104B08,システム約定結果,落札量合計（電源属地別）[MW],39,260.419,228.044,315.3,105,367.465,185.325,63.799,157.607,1721.959
20251104B08,システム約定結果,応札件数（電源属地別）[件],5,3,14,5,1,7,7,6,9,57
20251104B08,システム約定結果,落札件数（電源属地別）[件],3,3,11,5,1,7,6,4,8,48
20251104B08,システム約定結果,最高落札価格（電源属地別）[円/kW・30分],18.5,19.51,19.51,19.51,1.56,19.49,19.49,7.11,19.51,19.51
20251104B08,システム約定結果,最低落札価格（電源属地別）[円/kW・30分],5,2.93,0.73,3.41,1.56,0.41,0.37,0.71,0.37,0.37
20251104B08,システム約定結果,平均落札価格（電源属地別）[円/kW・30分],16.87,3.49,3.7,3.8,1.56,3.52,1.45,1.52,1.72,3.31
20251104B08,システム約定結果,最高落札価格（TSO別）[円/kW・30分],18.5,19.51,19.51,19.51,1.56,19.49,19.49,7.11,19.51,19.51
20251104B08,システム約定結果,最低落札価格（TSO別）[円/kW・30分],5,2.93,0.73,0.37,1.56,0.41,0.37,0.37,0.37,0.37
20251104B08,システム約定結果,平均落札価格（TSO別）[円/kW・30分],16.87,3.49,3.7,3.68,1.56,3.47,1.65,1.82,2.16,3.31
20251104B08,システム約定結果,落札量合計（TSO別）[MW],39,260.419,228.044,165.191,100.702,475.164,139.832,88,225.607,1721.959
20251104B08,システム約定結果,（内訳）自エリアからの落札量[MW],39,260.419,228.044,137.718,100.702,367.465,139.832,60,157.607,1490.787
20251104B08,追加調達結果,募集量（TSO別）[MW],-,-,-,-,-,-,-,-,-,-
20251104B08,追加調達結果,応札量合計（電源属地別）[MW],0,0,0,0,0,0,0,0,0,0
20251104B08,追加調達結果,約定量合計（電源属地別）[MW],0,0,0,0,0,0,0,0,0,0
20251104B08,追加調達結果,応札件数（電源属地別）[件],0,0,0,0,0,0,0,0,0,0
20251104B08,追加調達結果,約定件数（電源属地別）[件],0,0,0,0,0,0,0,0,0,0
20251104B08,追加調達結果,最高約定価格（電源属地別）[円/kW・30分],0,0,0,0,0,0,0,0,0,0
20251104B08,追加調達結果,最低約定価格（電源属地別）[円/kW・30分],0,0,0,0,0,0,0,0,0,0
20251104B08,追加調達結果,平均約定価格（電源属地別）[円/kW・30分],0,0,0,0,0,0,0,0,0,0
20251104B08,追加調達結果,最高約定価格（TSO別）[円/kW・30分],0,0,0,0,0,0,0,0,0,0
20251104B08,追加調達結果,最低約定価格（TSO別）[円/kW・30分],0,0,0,0,0,0,0,0,0,0
20251104B08,追加調達結果,平均約定価格（TSO別）[円/kW・30分],0,0,0,0,0,0,0,0,0,0
20251104B08,追加調達結果,約定量合計（TSO別）[MW],0,0,0,0,0,0,0,0,0,0
20251104B08,追加調達結果,（内訳）自エリアからの約定量[MW],0,0,0,0,0,0,0,0,0,0
20251104B08,合計（確報値）,募集量（TSO別）[MW],39,138,478,230,105,462,197,88,298,2035
20251104B08,合計（確報値）,応札量合計（電源属地別）[MW],230.64,260.419,512.744,622.882,105,864.465,365.613,118,457.607,3537.37
20251104B08,合計（確報値）,約定量合計（電源属地別）[MW],39,260.419,228.044,315.3,105,367.465,185.325,63.799,157.607,1721.959
20251104B08,合計（確報値）,応札件数（電源属地別）[件],5,3,14,14,1,7,7,6,9,66
20251104B08,合計（確報値）,約定件数（電源属地別）[件],3,3,11,13,1,7,6,4,8,56
20251104B08,合計（確報値）,最高約定価格（電源属地別）[円/kW・30分],18.5,19.51,19.51,19.51,1.56,19.49,19.49,7.11,19.51,19.51
20251104B08,合計（確報値）,最低約定価格（電源属地別）[円/kW・30分],5,2.93,0.73,0.36,1.56,0.41,0.37,0.71,0.37,0.36
20251104B08,合計（確報値）,平均約定価格（電源属地別）[円/kW・30分],16.87,3.49,3.7,0.83,1.56,3.52,1.45,1.52,1.72,2.77
20251104B08,合計（確報値）,最高約定価格（TSO別）[円/kW・30分],18.5,19.51,19.51,19.51,1.56,19.49,19.49,7.11,19.51,19.51
20251104B08,合計（確報値）,最低約定価格（TSO別）[円/kW・30分],5,2.93,0.73,0.36,1.56,0.36,0.37,0.36,0.36,0.36
20251104B08,合計（確報値）,平均約定価格（TSO別）[円/kW・30分],16.87,3.49,3.7,1.28,1.56,2.8,1.65,1.21,1.4,2.77
20251104B08,合計（確報値）,約定量合計（TSO別）[MW],39,260.419,228.044,165.191,100.702,475.164,139.832,88,225.607,1721.959
20251104B08,合計（確報値）,（内訳）自エリアからの約定量[MW],39,260.419,228.044,137.718,100.702,367.465,139.832,60,157.607,1490.787
20251105B01,システム約定結果,募集量（TSO別）[MW],55,163,376,41,86,281,189,95,198,1484
20251105B01,システム約定結果,応札量合計（電源属地別）[MW],228.74,430.419,628.022,933.92,86,864.465,324.157,125,652.317,4273.04
20251105B01,システム約定結果,落札量合計（電源属地別）[MW],55,430.419,561.222,884.88,86,340.965,138.101,58.085,57.151,2611.823
20251105B01,システム約定結果,応札件数（電源属地別）[件],4,4,10,18,1,7,5,7,7,63
20251105B01,システム約定結果,落札件数（電源属地別）[件],2,4,9,17,1,7,4,5,6,55
20251105B01,システム約定結果,最高落札価格（電源属地別）[円/kW・30分],12.28,19.51,19.51,3.23,0.63,19.49,1.28,6.63,19.51,19.51
20251105B01,システム約定結果,最低落札価格（電源属地別）[円/kW・30分],5,1.99,2.06,2.09,0.63,0.36,0.36,0.47,0.36,0.36
20251105B01,システム約定結果,平均落札価格（電源属地別）[円/kW・30分],11.78,3.29,2.66,2.71,0.63,4.25,1.01,1.34,2.01,2.98
20251105B01,システム約定結果,最高落札価格（TSO別）[円/kW・30分],12.28,19.51,19.51,3.23,3.23,8.44,3.23,8.44,19.51,19.51
20251105B01,システム約定結果,最低落札価格（TSO別）[円/kW・30分],5,1.99,2.06,2.39,0.63,0.36,0.36,0.36,0.36,0.36
20251105B01,システム約定結果,平均落札価格（TSO別）[円/kW・30分],11.78,3.29,2.66,2.9,1.49,3.58,1.48,4.4,1.75,2.98
20251105B01,システム約定結果,落札量合計（TSO別）[MW],55,430.419,561.222,547.306,142,380.1,189.776,95,211,2611.823
20251105B01,システム約定結果,（内訳）自エリアからの落札量[MW],55,430.419,561.222,547.306,86,171.62,138.081,52,57.151,2098.799
20251105B01,追加調達結果,募集量（TSO別）[MW],-,-,-,-,-,-,-,-,-,-
20251105B01,追加調達結果,応札量合計（電源属地別）[MW],0,0,0,0,0,0,0,0,0,0
20251105B01,追加調達結果,約定量合計（電源属地別）[MW],0,0,0,0,0,0,0,0,0,0
20251105B01,追加調達結果,応札件数（電源属地別）[件],0,0,0,0,0,0,0,0,0,0
20251105B01,追加調達結果,約定件数（電源属地別）[件],0,0,0,0,0,0,0,0,0,0
20251105B01,追加調達結果,最高約定価格（電源属地別）[円/kW・30分],0,0,0,0,0,0,0,0,0,0
20251105B01,追加調達結果,最低約定価格（電源属地別）[円/kW・30分],0,0,0,0,0,0,0,0,0,0
20251105B01,追加調達結果,平均約定価格（電源属地別）[円/kW・30分],0,0,0,0,0,0,0,0,0,0
20251105B01,追加調達結果,最高約定価格（TSO別）[円/kW・30分],0,0,0,0,0,0,0,0,0,0
20251105B01,追加調達結果,最低約定価格（TSO別）[円/kW・30分],0,0,0,0,0,0,0,0,0,0
20251105B01,追加調達結果,平均約定価格（TSO別）[円/kW・30分],0,0,0,0,0,0,0,0,0,0
20251105B01,追加調達結果,約定量合計（TSO別）[MW],0,0,0,0,0,0,0,0,0,0
20251105B01,追加調達結果,（内訳）自エリアからの約定量[MW],0,0,0,0,0,0,0,0,0,0
20251105B01,合計（確報値）,募集量（TSO別）[MW],55,163,376,41,86,281,189,95,198,1484
20251105B01,合計（確報値）,応札量合計（電源属地別）[MW],228.74,430.419,628.022,1705.624,86,864.465,324.157,125,652.317,5044.744
20251105B01,合計（確報値）,約定量合計（電源属地別）[MW],55,430.419,561.222,884.88,86,340.965,138.101,58.085,57.151,2611.823
20251105B01,合計（確報値）,応札件数（電源属地別）[件],4,4,10,59,1,7,5,7,7,104
20251105B01,合計（確報値）,約定件数（電源属地別）[件],2,4,9,41,1,7,4,5,6,79
20251105B01,合計（確報値）,最高約定価格（電源属地別）[円/kW・30分],12.28,19.51,19.51,2.23,0.63,19.49,1.28,6.63,19.51,19.51
20251105B01,合計（確報値）,最低約定価格（電源属地別）[円/kW・30分],5,1.99,2.06,0.36,0.63,0.36,0.36,0.47,0.36,0.36
20251105B01,合計（確報値）,平均約定価格（電源属地別）[円/kW・30分],11.78,3.29,2.66,0.71,0.63,4.25,1.01,1.34,2.01,2.3
20251105B01,合計（確報値）,最高約定価格（TSO別）[円/kW・30分],12.28,19.51,19.51,0.36,2.2,8.44,1.28,8.44,19.51,19.51
20251105B01,合計（確報値）,最低約定価格（TSO別）[円/kW・30分],5,1.99,2.06,0.36,0.36,0.36,0.36,0.36,0.36,0.36
20251105B01,合計（確報値）,平均約定価格（TSO別）[円/kW・30分],11.78,3.29,2.66,0.36,0.56,3.38,0.83,4.4,1.55,2.3
20251105B01,合計（確報値）,約定量合計（TSO別）[MW],55,430.419,561.222,547.306,142,380.1,189.776,95,211,2611.823
20251105B01,合計（確報値）,（内訳）自エリアからの約定量[MW],55,430.419,561.222,547.306,86,171.62,138.081,52,57.151,2098.799
20251105B02,システム約定結果,募集量（TSO別）[MW],28,333,371,158,92,380,189,99,300,1950
20251105B02,システム約定結果,応札量合計（電源属地別）[MW],224.9,430.419,795.19,748.858,92,864.465,325.957,129,621.307,4232.096
20251105B02,システム約定結果,落札量合計（電源属地別）[MW],28,430.419,570.551,748.858,92,357.465,139.145,70.733,189.307,2626.478
20251105B02,システム約定結果,応札件数（電源属地別）[件],3,4,14,10,1,7,6,6,8,59
20251105B02,システム約定結果,落札件数（電源属地別）[件],2,4,12,10,1,7,5,4,7,52
20251105B02,システム約定結果,最高落札価格（電源属地別）[円/kW・30分],11.42,19.51,19.51,19.51,1.22,19.49,19.49,6.38,19.51,19.51
20251105B02,システム約定結果,最低落札価格（電源属地別）[円/kW・30分],4.42,1.97,0.73,2.37,1.22,0.36,0.36,0.36,0.36,0.36
20251105B02,システム約定結果,平均落札価格（電源属地別）[円/kW・30分],10.95,3.27,2.55,3.03,1.22,4,1.61,1.8,1.3,2.88
20251105B02,システム約定結果,最高落札価格（TSO別）[円/kW・30分],11.42,19.51,19.51,19.51,1.22,19.51,19.49,7.92,19.51,19.51
20251105B02,システム約定結果,最低落札価格（TSO別）[円/kW・30分],4.42,1.97,0.73,2.37,1.22,0.36,0.36,0.36,0.36,0.36
20251105B02,システム約定結果,平均落札価格（TSO別）[円/kW・30分],10.95,3.27,2.55,2.87,1.22,3.98,1.61,2.43,1.6,2.88
20251105B02,システム約定結果,落札量合計（TSO別）[MW],28,430.419,570.551,619.446,80,425.65,139.105,99,234.307,2626.478
20251105B02,システム約定結果,（内訳）自エリアからの落札量[MW],28,430.419,570.551,619.446,80,348.365,139.105,65,189.307,2470.193
20251105B02,追加調達結果,募集量（TSO別）[MW],-,-,-,-,-,-,-,-,-,-
20251105B02,追加調達結果,応札量合計（電源属地別）[MW],0,0,0,0,0,0,0,0,0,0
20251105B02,追加調達結果,約定量合計（電源属地別）[MW],0,0,0,0,0,0,0,0,0,0
20251105B02,追加調達結果,応札件数（電源属地別）[件],0,0,0,0,0,0,0,0,0,0
20251105B02,追加調達結果,約定件数（電源属地別）[件],0,0,0,0,0,0,0,0,0,0
20251105B02,追加調達結果,最高約定価格（電源属地別）[円/kW・30分],0,0,0,0,0,0,0,0,0,0
20251105B02,追加調達結果,最低約定価格（電源属地別）[円/kW・30分],0,0,0,0,0,0,0,0,0,0
20251105B02,追加調達結果,平均約定価格（電源属地別）[円/kW・30分],0,0,0,0,0,0,0,0,0,0
20251105B02,追加調達結果,最高約定価格（TSO別）[円/kW・30分],0,0,0,0,0,0,0,0,0,0
20251105B02,追加調達結果,最低約定価格（TSO別）[円/kW・30分],0,0,0,0,0,0,0,0,0,0
20251105B02,追加調達結果,平均約定価格（TSO別）[円/kW・30分],0,0,0,0,0,0,0,0,0,0
20251105B02,追加調達結果,約定量合計（TSO別）[MW],0,0,0,0,0,0,0,0,0,0
20251105B02,追加調達結果,（内訳）自エリアからの約定量[MW],0,0,0,0,0,0,0,0,0,0
20251105B02,合計（確報値）,募集量（TSO別）[MW],28,333,371,158,92,380,189,99,300,1950
20251105B02,合計（確報値）,応札量合計（電源属地別）[MW],224.9,430.419,795.19,1491.858,92,864.465,325.957,129,621.307,4975.096
20251105B02,合計（確報値）,約定量合計（電源属地別）[MW],28,430.419,570.551,748.858,92,357.465,139.145,70.733,189.307,2626.478
20251105B02,合計（確報値）,応札件数（電源属地別）[件],3,4,14,35,1,7,6,6,8,84
20251105B02,合計（確報値）,約定件数（電源属地別）[件],2,4,12,28,1,7,5,4,7,70
20251105B02,合計（確報値）,最高約定価格（電源属地別）[円/kW・30分],11.42,19.51,19.51,19.51,1.22,19.49,19.49,6.38,19.51,19.51
20251105B02,合計（確報値）,最低約定価格（電源属地別）[円/kW・30分],4.42,1.97,0.73,0.36,1.22,0.36,0.36,0.36,0.36,0.36
20251105B02,合計（確報値）,平均約定価格（電源属地別）[円/kW・30分],10.95,3.27,2.55,0.51,1.22,4,1.61,1.8,1.3,2.16
20251105B02,合計（確報値）,最高約定価格（TSO別）[円/kW・30分],11.42,19.51,19.51,19.51,1.22,19.51,19.49,7.92,19.51,19.51
20251105B02,合計（確報値）,最低約定価格（TSO別）[円/kW・30分],4.42,1.97,0.73,0.36,1.22,0.36,0.36,0.36,0.36,0.36
20251105B02,合計（確報値）,平均約定価格（TSO別）[円/kW・30分],10.95,3.27,2.55,0.37,1.22,3.51,1.61,2.15,1.12,2.16
20251105B02,合計（確報値）,約定量合計（TSO別）[MW],28,430.419,570.551,619.446,80,425.65,139.105,99,234.307,2626.478
20251105B02,合計（確報値）,（内訳）自エリアからの約定量[MW],28,430.419,570.551,619.446,80,348.365,139.105,65,189.307,2470.193
20251105B03,システム約定結果,募集量（TSO別）[MW],134,932,525,400,127,605,284,174,427,3608
20251105B03,システム約定結果,応札量合計（電源属地別）[MW],224.99,770.419,805.987,222.858,127,238.184,325.957,133,476.231,3324.626
20251105B03,システム約定結果,落札量合計（電源属地別）[MW],134,770.419,485.367,222.858,127,238.184,325.957,133,337.231,2774.016
20251105B03,システム約定結果,応札件数（電源属地別）[件],3,6,18,5,2,5,6,4,8,57
20251105B03,システム約定結果,落札件数（電源属地別）[件],3,6,14,5,2,5,6,4,8,53
20251105B03,システム約定結果,最高落札価格（電源属地別）[円/kW・30分],18.53,19.51,19.5,19.51,1.33,19.51,19.51,5.92,19.51,19.51
20251105B03,システム約定結果,最低落札価格（電源属地別）[円/kW・30分],11.97,2.03,1.45,3.45,0.35,0.36,0.36,0.36,0.36,0.35
20251105B03,システム約定結果,平均落札価格（電源属地別）[円/kW・30分],13.39,2.93,3.19,4,0.87,4.59,1.54,2.27,1.09,3.2
20251105B03,システム約定結果,最高落札価格（TSO別）[円/kW・30分],18.53,19.51,19.5,19.51,1.33,19.51,19.51,5.92,19.51,19.51
20251105B03,システム約定結果,最低落札価格（TSO別）[円/kW・30分],11.97,2.03,1.45,2.88,0.35,0.36,0.36,0.36,0.36,0.35
20251105B03,システム約定結果,平均落札価格（TSO別）[円/kW・30分],13.39,3,3.14,4.14,0.8,3.53,1.31,2.27,1.09,3.2
20251105B03,システム約定結果,落札量合計（TSO別）[MW],134,940.419,297.998,144.203,114.54,485.825,186.8,133,337.231,2774.016
20251105B03,システム約定結果,（内訳）自エリアからの落札量[MW],134,655.419,182.998,126.834,112.574,238.184,186.8,133,337.231,2107.04
20251105B03,追加調達結果,募集量（TSO別）[MW],-,-,-,-,-,-,-,-,-,-
20251105B03,追加調達結果,応札量合計（電源属地別）[MW],0,0,0,0,0,0,0,0,0,0
20251105B03,追加調達結果,約定量合計（電源属地別）[MW],0,0,0,0,0,0,0,0,0,0
20251105B03,追加調達結果,応札件数（電源属地別）[件],0,0,0,0,0,0,0,0,0,0
20251105B03,追加調達結果,約定件数（電源属地別）[件],0,0,0,0,0,0,0,0,0,0
20251105B03,追加調達結果,最高約定価格（電源属地別）[円/kW・30分],0,0,0,0,0,0,0,0,0,0
20251105B03,追加調達結果,最低約定価格（電源属地別）[円/kW・30分],0,0,0,0,0,0,0,0,0,0
20251105B03,追加調達結果,平均約定価格（電源属地別）[円/kW・30分],0,0,0,0,0,0,0,0,0,0
20251105B03,追加調達結果,最高約定価格（TSO別）[円/kW・30分],0,0,0,0,0,0,0,0,0,0
20251105B03,追加調達結果,最低約定価格（TSO別）[円/kW・30分],0,0,0,0,0,0,0,0,0,0
20251105B03,追加調達結果,平均約定価格（TSO別）[円/kW・30分],0,0,0,0,0,0,0,0,0,0
20251105B03,追加調達結果,約定量合計（TSO別）[MW],0,0,0,0,0,0,0,0,0,0
20251105B03,追加調達結果,（内訳）自エリアからの約定量[MW],0,0,0,0,0,0,0,0,0,0
20251105B03,合計（確報値）,募集量（TSO別）[MW],134,932,525,400,127,605,284,174,427,3608
20251105B03,合計（確報値）,応札量合計（電源属地別）[MW],224.99,940.419,805.987,439.858,127,238.184,325.957,133,476.231,3711.626
20251105B03,合計（確報値）,約定量合計（電源属地別）[MW],134,770.419,485.367,222.858,127,238.184,325.957,133,337.231,2774.016
20251105B03,合計（確報値）,応札件数（電源属地別）[件],3,11,18,11,2,5,6,4,8,68
20251105B03,合計（確報値）,約定件数（電源属地別）[件],3,10,14,9,2,5,6,4,8,61
20251105B03,合計（確報値）,最高約定価格（電源属地別）[円/kW・30分],18.53,19.51,19.5,19.51,1.33,19.51,19.51,5.92,19.51,19.51
20251105B03,合計（確報値）,最低約定価格（電源属地別）[円/kW・30分],11.97,2.03,1.45,0.36,0.35,0.36,0.36,0.36,0.36,0.35
20251105B03,合計（確報値）,平均約定価格（電源属地別）[円/kW・30分],13.39,2.93,3.19,0.86,0.87,4.59,1.54,2.27,1.09,2.94
20251105B03,合計（確報値）,最高約定価格（TSO別）[円/kW・30分],18.53,19.51,19.5,19.51,1.33,19.51,19.51,5.92,19.51,19.51
20251105B03,合計（確報値）,最低約定価格（TSO別）[円/kW・30分],11.97,2.03,1.45,0.36,0.35,0.36,0.36,0.36,0.36,0.35
20251105B03,合計（確報値）,平均約定価格（TSO別）[円/kW・30分],13.39,3,3.14,1.44,0.8,2.89,1.31,2.27,1.09,2.94
20251105B03,合計（確報値）,約定量合計（TSO別）[MW],134,940.419,297.998,144.203,114.54,485.825,186.8,133,337.231,2774.016
20251105B03,合計（確報値）,（内訳）自エリアからの約定量[MW],134,655.419,182.998,126.834,112.574,238.184,186.8,133,337.231,2107.04
20251105B04,システム約定結果,募集量（TSO別）[MW],116,222,664,264,194,869,486,219,604,3638
20251105B04,システム約定結果,応札量合計（電源属地別）[MW],255.64,250,1201.994,7.718,194,975.1,325.157,181,669.58,4060.189
20251105B04,システム約定結果,落札量合計（電源属地別）[MW],118.01,250,660.154,7.718,194,898.984,279.296,181,608.363,3197.525
20251105B04,システム約定結果,応札件数（電源属地別）[件],6,1,29,4,2,6,6,4,12,70
20251105B04,システム約定結果,落札件数（電源属地別）[件],5,1,24,4,2,5,6,4,10,61
20251105B04,システム約定結果,最高落札価格（電源属地別）[円/kW・30分],18.5,5.97,19.51,19.51,1.22,8.03,19.51,6.47,19.51,19.51
20251105B04,システム約定結果,最低落札価格（電源属地別）[円/kW・30分],5,5.97,0.37,19.47,0.35,0.36,0.4,0.36,0.36,0.35
20251105B04,システム約定結果,平均落札価格（電源属地別）[円/kW・30分],13.63,5.97,1.41,19.49,0.89,1.81,1.6,0.88,3.5,2.73
20251105B04,システム約定結果,最高落札価格（TSO別）[円/kW・30分],18.5,5.97,19.51,8.03,2.34,19.51,19.51,6.47,19.51,19.51
20251105B04,システム約定結果,最低落札価格（TSO別）[円/kW・30分],5,5.97,0.37,0.36,0.35,0.36,0.4,0.36,0.36,0.35
20251105B04,システム約定結果,平均落札価格（TSO別）[円/kW・30分],13.63,5.97,1.47,2.67,0.99,2,1.38,0.88,3.92,2.73
20251105B04,システム約定結果,落札量合計（TSO別）[MW],118.01,188,598.821,206.666,186,803.718,387.78,181,527.53,3197.525
20251105B04,システム約定結果,（内訳）自エリアからの落札量[MW],118.01,188,595.387,0,157,796,255.421,181,527.53,2818.348
20251105B04,追加調達結果,募集量（TSO別）[MW],-,-,-,-,-,-,-,-,-,-
20251105B04,追加調達結果,応札量合計（電源属地別）[MW],0,0,0,0,0,0,0,0,0,0
20251105B04,追加調達結果,約定量合計（電源属地別）[MW],0,0,0,0,0,0,0,0,0,0
20251105B04,追加調達結果,応札件数（電源属地別）[件],0,0,0,0,0,0,0,0,0,0
20251105B04,追加調達結果,約定件数（電源属地別）[件],0,0,0,0,0,0,0,0,0,0
20251105B04,追加調達結果,最高約定価格（電源属地別）[円/kW・30分],0,0,0,0,0,0,0,0,0,0
20251105B04,追加調達結果,最低約定価格（電源属地別）[円/kW・30分],0,0,0,0,0,0,0,0,0,0
20251105B04,追加調達結果,平均約定価格（電源属地別）[円/kW・30分],0,0,0,0,0,0,0,0,0,0
20251105B04,追加調達結果,最高約定価格（TSO別）[円/kW・30分],0,0,0,0,0,0,0,0,0,0
20251105B04,追加調達結果,最低約定価格（TSO別）[円/kW・30分],0,0,0,0,0,0,0,0,0,0
20251105B04,追加調達結果,平均約定価格（TSO別）[円/kW・30分],0,0,0,0,0,0,0,0,0,0
20251105B04,追加調達結果,約定量合計（TSO別）[MW],0,0,0,0,0,0,0,0,0,0
20251105B04,追加調達結果,（内訳）自エリアからの約定量[MW],0,0,0,0,0,0,0,0,0,0
20251105B04,合計（確報値）,募集量（TSO別）[MW],116,222,664,264,194,869,486,219,604,3638
20251105B04,合計（確報値）,応札量合計（電源属地別）[MW],255.64,250,1201.994,7.718,194,975.1,325.157,181,669.58,4060.189
20251105B04,合計（確報値）,約定量合計（電源属地別）[MW],118.01,250,660.154,7.718,194,898.984,279.296,181,608.363,3197.525
20251105B04,合計（確報値）,応札件数（電源属地別）[件],6,1,29,4,2,6,6,4,12,70
20251105B04,合計（確報値）,約定件数（電源属地別）[件],5,1,24,4,2,5,6,4,10,61
20251105B04,合計（確報値）,最高約定価格（電源属地別）[円/kW・30分],18.5,5.97,19.51,19.51,1.22,8.03,19.51,6.47,19.51,19.51
20251105B04,合計（確報値）,最低約定価格（電源属地別）[円/kW・30分],5,5.97,0.37,19.47,0.35,0.36,0.4,0.36,0.36,0.35
20251105B04,合計（確報値）,平均約定価格（電源属地別）[円/kW・30分],13.63,5.97,1.41,19.49,0.89,1.81,1.6,0.88,3.5,2.73
20251105B04,合計（確報値）,最高約定価格（TSO別）[円/kW・30分],18.5,5.97,19.51,8.03,2.34,19.51,19.51,6.47,19.51,19.51
20251105B04,合計（確報値）,最低約定価格（TSO別）[円/kW・30分],5,5.97,0.37,0.36,0.35,0.36,0.4,0.36,0.36,0.35
20251105B04,合計（確報値）,平均約定価格（TSO別）[円/kW・30分],13.63,5.97,1.47,2.67,0.99,2,1.38,0.88,3.92,2.73
20251105B04,合計（確報値）,約定量合計（TSO別）[MW],118.01,188,598.821,206.666,186,803.718,387.78,181,527.53,3197.525
20251105B04,合計（確報値）,（内訳）自エリアからの約定量[MW],118.01,188,595.387,0,157,796,255.421,181,527.53,2818.348
20251105B05,システム約定結果,募集量（TSO別）[MW],32,217,534,383,194,588,361,145,537,2991
20251105B05,システム約定結果,応札量合計（電源属地別）[MW],187.75,260.419,825.436,7.718,194,1014.149,326.957,117,596.844,3530.273
20251105B05,システム約定結果,落札量合計（電源属地別）[MW],32,260.419,449.347,7.718,194,726.796,248.166,117,395.844,2431.29
20251105B05,システム約定結果,応札件数（電源属地別）[件],3,3,26,4,2,8,7,4,15,72
20251105B05,システム約定結果,落札件数（電源属地別）[件],1,3,22,4,2,8,7,4,13,64
20251105B05,システム約定結果,最高落札価格（電源属地別）[円/kW・30分],13.86,19.51,19.51,19.51,0.8,19.51,19.51,6.4,19.51,19.51
20251105B05,システム約定結果,最低落札価格（電源属地別）[円/kW・30分],13.86,5.03,0.37,19.47,0.35,0.36,0.54,0.36,0.36,0.35
20251105B05,システム約定結果,平均落札価格（電源属地別）[円/kW・30分],13.86,5.5,1.77,19.49,0.63,2.11,1.95,1.37,3.4,2.66
20251105B05,システム約定結果,最高落札価格（TSO別）[円/kW・30分],13.86,19.51,19.51,19.51,1.38,19.51,19.51,6.4,19.51,19.51
20251105B05,システム約定結果,最低落札価格（TSO別）[円/kW・30分],13.86,0.37,0.37,0.36,0.35,0.36,0.36,0.36,0.36,0.35
20251105B05,システム約定結果,平均落札価格（TSO別）[円/kW・30分],13.86,4.87,2.94,1.06,0.77,2.45,1.91,1.37,3.17,2.66
20251105B05,システム約定結果,落札量合計（TSO別）[MW],32,235.086,353.28,212.451,194,552.174,301.455,117,433.844,2431.29
20251105B05,システム約定結果,（内訳）自エリアからの落札量[MW],32,200.086,292.947,7.718,147,552.174,248.166,117,395.844,1992.935
20251105B05,追加調達結果,募集量（TSO別）[MW],-,-,-,-,-,-,-,-,-,-
20251105B05,追加調達結果,応札量合計（電源属地別）[MW],0,0,0,0,0,0,0,0,0,0
20251105B05,追加調達結果,約定量合計（電源属地別）[MW],0,0,0,0,0,0,0,0,0,0
20251105B05,追加調達結果,応札件数（電源属地別）[件],0,0,0,0,0,0,0,0,0,0
20251105B05,追加調達結果,約定件数（電源属地別）[件],0,0,0,0,0,0,0,0,0,0
20251105B05,追加調達結果,最高約定価格（電源属地別）[円/kW・30分],0,0,0,0,0,0,0,0,0,0
20251105B05,追加調達結果,最低約定価格（電源属地別）[円/kW・30分],0,0,0,0,0,0,0,0,0,0
20251105B05,追加調達結果,平均約定価格（電源属地別）[円/kW・30分],0,0,0,0,0,0,0,0,0,0
20251105B05,追加調達結果,最高約定価格（TSO別）[円/kW・30分],0,0,0,0,0,0,0,0,0,0
20251105B05,追加調達結果,最低約定価格（TSO別）[円/kW・30分],0,0,0,0,0,0,0,0,0,0
20251105B05,追加調達結果,平均約定価格（TSO別）[円/kW・30分],0,0,0,0,0,0,0,0,0,0
20251105B05,追加調達結果,約定量合計（TSO別）[MW],0,0,0,0,0,0,0,0,0,0
20251105B05,追加調達結果,（内訳）自エリアからの約定量[MW],0,0,0,0,0,0,0,0,0,0
20251105B05,合計（確報値）,募集量（TSO別）[MW],32,217,534,383,194,588,361,145,537,2991
20251105B05,合計（確報値）,応札量合計（電源属地別）[MW],187.75,260.419,825.436,7.718,194,1014.149,326.957,117,596.844,3530.273
20251105B05,合計（確報値）,約定量合計（電源属地別）[MW],32,260.419,449.347,7.718,194,726.796,248.166,117,395.844,2431.29
20251105B05,合計（確報値）,応札件数（電源属地別）[件],3,3,26,4,2,8,7,4,15,72
20251105B05,合計（確報値）,約定件数（電源属地別）[件],1,3,22,4,2,8,7,4,13,64
20251105B05,合計（確報値）,最高約定価格（電源属地別）[円/kW・30分],13.86,19.51,19.51,19.51,0.8,19.51,19.51,6.4,19.51,19.51
20251105B05,合計（確報値）,最低約定価格（電源属地別）[円/kW・30分],13.86,5.03,0.37,19.47,0.35,0.36,0.54,0.36,0.36,0.35
20251105B05,合計（確報値）,平均約定価格（電源属地別）[円/kW・30分],13.86,5.5,1.77,19.49,0.63,2.11,1.95,1.37,3.4,2.66
20251105B05,合計（確報値）,最高約定価格（TSO別）[円/kW・30分],13.86,19.51,19.51,19.51,1.38,19.51,19.51,6.4,19.51,19.51
20251105B05,合計（確報値）,最低約定価格（TSO別）[円/kW・30分],13.86,0.37,0.37,0.36,0.35,0.36,0.36,0.36,0.36,0.35
20251105B05,合計（確報値）,平均約定価格（TSO別）[円/kW・30分],13.86,4.87,2.94,1.06,0.77,2.45,1.91,1.37,3.17,2.66
20251105B05,合計（確報値）,約定量合計（TSO別）[MW],32,235.086,353.28,212.451,194,552.174,301.455,117,433.844,2431.29
20251105B05,合計（確報値）,（内訳）自エリアからの約定量[MW],32,200.086,292.947,7.718,147,552.174,248.166,117,395.844,1992.935
20251105B06,システム約定結果,募集量（TSO別）[MW],36,732,695,402,120,692,340,179,549,3745
20251105B06,システム約定結果,応札量合計（電源属地別）[MW],216.64,770.419,972.231,351.718,120,289.477,262.659,134,517.844,3634.988
20251105B06,システム約定結果,落札量合計（電源属地別）[MW],36,770.419,780.593,351.718,120,289.477,262.659,134,454.861,3199.727
20251105B06,システム約定結果,応札件数（電源属地別）[件],6,6,30,6,1,6,8,5,13,81
20251105B06,システム約定結果,落札件数（電源属地別）[件],2,6,26,6,1,6,8,5,13,73
20251105B06,システム約定結果,最高落札価格（電源属地別）[円/kW・30分],17,19.51,19.51,19.51,3.11,19.51,19.51,7.08,19.51,19.51
20251105B06,システム約定結果,最低落札価格（電源属地別）[円/kW・30分],7.8,1.73,0.69,0.39,3.11,1.09,1.84,0.36,0.94,0.36
20251105B06,システム約定結果,平均落札価格（電源属地別）[円/kW・30分],8.76,2.51,3.21,1.17,3.11,4.34,2.61,1.21,2.51,2.75
20251105B06,システム約定結果,最高落札価格（TSO別）[円/kW・30分],17,19.51,19.51,19.51,3.11,19.51,19.51,7.08,19.51,19.51
20251105B06,システム約定結果,最低落札価格（TSO別）[円/kW・30分],7.8,1.73,0.69,0.92,0.92,0.39,0.56,0.36,0.94,0.36
20251105B06,システム約定結果,平均落札価格（TSO別）[円/kW・30分],8.76,2.57,3.39,2.65,3.07,2.56,2.43,1.24,2.57,2.75
20251105B06,システム約定結果,落札量合計（TSO別）[MW],36,841.197,592.259,175.626,113,570.789,253.012,128,489.844,3199.727
20251105B06,システム約定結果,（内訳）自エリアからの落札量[MW],36,733.197,555.037,94.07,110.833,278.353,227.676,128,454.861,2618.027
20251105B06,追加調達結果,募集量（TSO別）[MW],-,-,-,-,-,-,-,-,-,-
20251105B06,追加調達結果,応札量合計（電源属地別）[MW],0,0,0,0,0,0,0,0,0,0
20251105B06,追加調達結果,約定量合計（電源属地別）[MW],0,0,0,0,0,0,0,0,0,0
20251105B06,追加調達結果,応札件数（電源属地別）[件],0,0,0,0,0,0,0,0,0,0
20251105B06,追加調達結果,約定件数（電源属地別）[件],0,0,0,0,0,0,0,0,0,0
20251105B06,追加調達結果,最高約定価格（電源属地別）[円/kW・30分],0,0,0,0,0,0,0,0,0,0
20251105B06,追加調達結果,最低約定価格（電源属地別）[円/kW・30分],0,0,0,0,0,0,0,0,0,0
20251105B06,追加調達結果,平均約定価格（電源属地別）[円/kW・30分],0,0,0,0,0,0,0,0,0,0
20251105B06,追加調達結果,最高約定価格（TSO別）[円/kW・30分],0,0,0,0,0,0,0,0,0,0
20251105B06,追加調達結果,最低約定価格（TSO別）[円/kW・30分],0,0,0,0,0,0,0,0,0,0
20251105B06,追加調達結果,平均約定価格（TSO別）[円/kW・30分],0,0,0,0,0,0,0,0,0,0
20251105B06,追加調達結果,約定量合計（TSO別）[MW],0,0,0,0,0,0,0,0,0,0
20251105B06,追加調達結果,（内訳）自エリアからの約定量[MW],0,0,0,0,0,0,0,0,0,0
20251105B06,合計（確報値）,募集量（TSO別）[MW],36,732,695,402,120,692,340,179,549,3745
20251105B06,合計（確報値）,応札量合計（電源属地別）[MW],216.64,940.419,1000.981,591.718,120,289.477,262.659,134,517.844,4073.738
20251105B06,合計（確報値）,約定量合計（電源属地別）[MW],36,770.419,747.343,351.718,120,289.477,262.659,134,454.861,3166.477
20251105B06,合計（確報値）,応札件数（電源属地別）[件],6,12,31,19,1,6,8,5,13,101
20251105B06,合計（確報値）,約定件数（電源属地別）[件],2,11,27,18,1,6,8,5,13,91
20251105B06,合計（確報値）,最高約定価格（電源属地別）[円/kW・30分],17,19.51,19.51,19.51,3.11,19.51,19.51,7.08,19.51,19.51
20251105B06,合計（確報値）,最低約定価格（電源属地別）[円/kW・30分],7.8,1.73,0.69,0.36,3.11,1.09,1.84,0.36,0.94,0.36
20251105B06,合計（確報値）,平均約定価格（電源属地別）[円/kW・30分],8.76,2.42,3.11,0.79,3.11,4.34,2.61,1.21,2.51,2.65
20251105B06,合計（確報値）,最高約定価格（TSO別）[円/kW・30分],17,19.51,19.51,19.51,3.11,19.51,19.51,7.08,19.51,19.51
20251105B06,合計（確報値）,最低約定価格（TSO別）[円/kW・30分],7.8,1.73,0.69,0.36,0.36,0.36,0.36,0.36,0.94,0.36
20251105B06,合計（確報値）,平均約定価格（TSO別）[円/kW・30分],8.76,2.5,3.24,2.37,3.06,2.41,2.41,1.24,2.57,2.65
20251105B06,合計（確報値）,約定量合計（TSO別）[MW],36,841.197,559.009,175.626,113,570.789,253.012,128,489.844,3166.477
20251105B06,合計（確報値）,（内訳）自エリアからの約定量[MW],36,733.197,521.787,94.07,110.833,278.353,227.676,128,454.861,2584.777
20251105B07,システム約定結果,募集量（TSO別）[MW],32,263,496,206,106,574,305,83,328,2393
20251105B07,システム約定結果,応札量合計（電源属地別）[MW],189.74,260.419,819.282,324.028,106,289.477,405.269,111,785.716,3290.931
20251105B07,システム約定結果,落札量合計（電源属地別）[MW],28.333,260.419,407.332,324.028,106,289.477,232.124,78.333,259.716,1985.762
20251105B07,システム約定結果,応札件数（電源属地別）[件],4,3,27,6,1,6,8,6,12,73
20251105B07,システム約定結果,落札件数（電源属地別）[件],1,3,23,6,1,6,7,5,11,63
20251105B07,システム約定結果,最高落札価格（電源属地別）[円/kW・30分],8.52,19.51,19.51,19.51,2.6,19.49,19.49,2.11,19.51,19.51
20251105B07,システム約定結果,最低落札価格（電源属地別）[円/kW・30分],8.52,1.96,0.37,0.39,2.6,1.09,0.94,0.36,0.58,0.36
20251105B07,システム約定結果,平均落札価格（電源属地別）[円/kW・30分],8.52,2.56,3.15,1.65,2.6,4.18,2.04,0.93,1.71,2.62
20251105B07,システム約定結果,最高落札価格（TSO別）[円/kW・30分],8.52,19.51,19.51,19.51,2.6,19.49,19.49,2.11,19.51,19.51
20251105B07,システム約定結果,最低落札価格（TSO別）[円/kW・30分],0.37,0.69,0.37,1.24,2.6,1.09,0.39,0.36,0.58,0.36
20251105B07,システム約定結果,平均落札価格（TSO別）[円/kW・30分],7.59,3.09,3.01,2.83,2.6,2.92,1.98,0.91,1.75,2.62
20251105B07,システム約定結果,落札量合計（TSO別）[MW],32,168.419,436.06,88.718,88,517.049,265.8,83,306.716,1985.762
20251105B07,システム約定結果,（内訳）自エリアからの落札量[MW],28.333,153.419,388.665,88.718,88,287.434,232.114,75,259.716,1601.399
20251105B07,追加調達結果,募集量（TSO別）[MW],-,-,-,-,-,-,-,-,-,-
20251105B07,追加調達結果,応札量合計（電源属地別）[MW],0,0,0,0,0,0,0,0,0,0
20251105B07,追加調達結果,約定量合計（電源属地別）[MW],0,0,0,0,0,0,0,0,0,0
20251105B07,追加調達結果,応札件数（電源属地別）[件],0,0,0,0,0,0,0,0,0,0
20251105B07,追加調達結果,約定件数（電源属地別）[件],0,0,0,0,0,0,0,0,0,0
20251105B07,追加調達結果,最高約定価格（電源属地別）[円/kW・30分],0,0,0,0,0,0,0,0,0,0
20251105B07,追加調達結果,最低約定価格（電源属地別）[円/kW・30分],0,0,0,0,0,0,0,0,0,0
20251105B07,追加調達結果,平均約定価格（電源属地別）[円/kW・30分],0,0,0,0,0,0,0,0,0,0
20251105B07,追加調達結果,最高約定価格（TSO別）[円/kW・30分],0,0,0,0,0,0,0,0,0,0
20251105B07,追加調達結果,最低約定価格（TSO別）[円/kW・30分],0,0,0,0,0,0,0,0,0,0
20251105B07,追加調達結果,平均約定価格（TSO別）[円/kW・30分],0,0,0,0,0,0,0,0,0,0
20251105B07,追加調達結果,約定量合計（TSO別）[MW],0,0,0,0,0,0,0,0,0,0
20251105B07,追加調達結果,（内訳）自エリアからの約定量[MW],0,0,0,0,0,0,0,0,0,0
20251105B07,合計（確報値）,募集量（TSO別）[MW],32,263,496,206,106,574,305,83,328,2393
20251105B07,合計（確報値）,応札量合計（電源属地別）[MW],189.74,260.419,838.432,631.61,106,289.477,405.269,111,785.716,3617.663
20251105B07,合計（確報値）,約定量合計（電源属地別）[MW],28.333,260.419,373.182,324.028,106,289.477,232.124,78.333,259.716,1951.612
20251105B07,合計（確報値）,応札件数（電源属地別）[件],4,3,28,14,1,6,8,6,12,82
20251105B07,合計（確報値）,約定件数（電源属地別）[件],1,3,24,13,1,6,7,5,11,71
20251105B07,合計（確報値）,最高約定価格（電源属地別）[円/kW・30分],8.52,19.51,19.51,19.51,2.6,19.49,19.49,2.11,19.51,19.51
20251105B07,合計（確報値）,最低約定価格（電源属地別）[円/kW・30分],8.52,1.96,0.37,0.36,2.6,1.09,0.94,0.36,0.58,0.36
20251105B07,合計（確報値）,平均約定価格（電源属地別）[円/kW・30分],8.52,2.56,3.08,0.82,2.6,4.18,2.04,0.93,1.71,2.46
20251105B07,合計（確報値）,最高約定価格（TSO別）[円/kW・30分],8.52,19.51,19.51,19.51,2.6,19.49,19.49,2.11,19.51,19.51
20251105B07,合計（確報値）,最低約定価格（TSO別）[円/kW・30分],0.37,0.69,0.37,0.36,2.6,0.36,0.36,0.36,0.58,0.36
20251105B07,合計（確報値）,平均約定価格（TSO別）[円/kW・30分],7.59,3.09,2.93,2.02,2.6,2.58,1.92,0.82,1.75,2.46
20251105B07,合計（確報値）,約定量合計（TSO別）[MW],32,168.419,401.91,88.718,88,517.049,265.8,83,306.716,1951.612
20251105B07,合計（確報値）,（内訳）自エリアからの約定量[MW],28.333,153.419,354.515,88.718,88,287.434,232.114,75,259.716,1567.249
20251105B08,システム約定結果,募集量（TSO別）[MW],39,138,478,230,105,462,197,88,298,2035
20251105B08,システム約定結果,応札量合計（電源属地別）[MW],191.64,260.419,571.799,315.3,105,864.465,365.613,118,656.107,3448.343
20251105B08,システム約定結果,落札量合計（電源属地別）[MW],39,260.419,439.699,315.3,105,367.465,185.325,63.799,156.107,1932.114
20251105B08,システム約定結果,応札件数（電源属地別）[件],5,3,16,5,1,7,7,6,9,59
20251105B08,システム約定結果,落札件数（電源属地別）[件],3,3,14,5,1,7,6,4,8,51
20251105B08,システム約定結果,最高落札価格（電源属地別）[円/kW・30分],18.5,19.51,19.51,19.51,1.56,19.49,19.49,7.11,19.51,19.51
20251105B08,システム約定結果,最低落札価格（電源属地別）[円/kW・30分],5,3.33,0.73,3.64,1.56,0.41,0.37,0.7,0.37,0.37
20251105B08,システム約定結果,平均落札価格（電源属地別）[円/kW・30分],10.37,3.87,3.3,4.03,1.56,3.61,1.42,1.51,1.82,3.24
20251105B08,システム約定結果,最高落札価格（TSO別）[円/kW・30分],18.5,19.51,19.51,19.51,1.56,19.49,19.49,7.11,19.51,19.51
20251105B08,システム約定結果,最低落札価格（TSO別）[円/kW・30分],5,3.33,0.73,0.37,1.56,0.41,0.37,0.37,0.37,0.37
20251105B08,システム約定結果,平均落札価格（TSO別）[円/kW・30分],10.37,3.87,3.3,3.84,1.56,3.59,1.62,1.89,2.11,3.24
20251105B08,システム約定結果,落札量合計（TSO別）[MW],39,260.419,439.699,182.893,83,475.164,139.832,88,224.107,1932.114
20251105B08,システム約定結果,（内訳）自エリアからの落札量[MW],39,260.419,439.699,155.42,83,367.465,139.832,60,156.107,1700.942
20251105B08,追加調達結果,募集量（TSO別）[MW],-,-,-,-,-,-,-,-,-,-
20251105B08,追加調達結果,応札量合計（電源属地別）[MW],0,0,0,0,0,0,0,0,0,0
20251105B08,追加調達結果,約定量合計（電源属地別）[MW],0,0,0,0,0,0,0,0,0,0
20251105B08,追加調達結果,応札件数（電源属地別）[件],0,0,0,0,0,0,0,0,0,0
20251105B08,追加調達結果,約定件数（電源属地別）[件],0,0,0,0,0,0,0,0,0,0
20251105B08,追加調達結果,最高約定価格（電源属地別）[円/kW・30分],0,0,0,0,0,0,0,0,0,0
20251105B08,追加調達結果,最低約定価格（電源属地別）[円/kW・30分],0,0,0,0,0,0,0,0,0,0
20251105B08,追加調達結果,平均約定価格（電源属地別）[円/kW・30分],0,0,0,0,0,0,0,0,0,0
20251105B08,追加調達結果,最高約定価格（TSO別）[円/kW・30分],0,0,0,0,0,0,0,0,0,0
20251105B08,追加調達結果,最低約定価格（TSO別）[円/kW・30分],0,0,0,0,0,0,0,0,0,0
20251105B08,追加調達結果,平均約定価格（TSO別）[円/kW・30分],0,0,0,0,0,0,0,0,0,0
20251105B08,追加調達結果,約定量合計（TSO別）[MW],0,0,0,0,0,0,0,0,0,0
20251105B08,追加調達結果,（内訳）自エリアからの約定量[MW],0,0,0,0,0,0,0,0,0,0
20251105B08,合計（確報値）,募集量（TSO別）[MW],39,138,478,230,105,462,197,88,298,2035
20251105B08,合計（確報値）,応札量合計（電源属地別）[MW],191.64,260.419,571.799,622.882,105,864.465,365.613,118,656.107,3755.925
20251105B08,合計（確報値）,約定量合計（電源属地別）[MW],39,260.419,439.699,315.3,105,367.465,185.325,63.799,156.107,1932.114
20251105B08,合計（確報値）,応札件数（電源属地別）[件],5,3,16,15,1,7,7,6,9,69
20251105B08,合計（確報値）,約定件数（電源属地別）[件],3,3,14,14,1,7,6,4,8,60
20251105B08,合計（確報値）,最高約定価格（電源属地別）[円/kW・30分],18.5,19.51,19.51,19.51,1.56,19.49,19.49,7.11,19.51,19.51
20251105B08,合計（確報値）,最低約定価格（電源属地別）[円/kW・30分],5,3.33,0.73,0.36,1.56,0.41,0.37,0.7,0.37,0.36
20251105B08,合計（確報値）,平均約定価格（電源属地別）[円/kW・30分],10.37,3.87,3.3,0.83,1.56,3.61,1.42,1.51,1.82,2.72
20251105B08,合計（確報値）,最高約定価格（TSO別）[円/kW・30分],18.5,19.51,19.51,19.51,1.56,19.49,19.49,7.11,19.51,19.51
20251105B08,合計（確報値）,最低約定価格（TSO別）[円/kW・30分],5,3.33,0.73,0.36,1.56,0.36,0.37,0.36,0.36,0.36
20251105B08,合計（確報値）,平均約定価格（TSO別）[円/kW・30分],10.37,3.87,3.3,1.19,1.56,2.88,1.62,1.18,1.57,2.72
20251105B08,合計（確報値）,約定量合計（TSO別）[MW],39,260.419,439.699,182.893,83,475.164,139.832,88,224.107,1932.114
20251105B08,合計（確報値）,（内訳）自エリアからの約定量[MW],39,260.419,439.699,155.42,83,367.465,139.832,60,156.107,1700.942
20251106B01,システム約定結果,募集量（TSO別）[MW],55,163,376,41,86,281,189,95,198,1484
20251106B01,システム約定結果,応札量合計（電源属地別）[MW],189.74,430.419,627.658,896.92,86,864.465,324.157,125,654.307,4198.666
20251106B01,システム約定結果,落札量合計（電源属地別）[MW],55,430.419,566.072,694.417,86,340.965,138.101,58.085,60.307,2429.366
20251106B01,システム約定結果,応札件数（電源属地別）[件],4,4,10,15,1,7,5,7,8,61
20251106B01,システム約定結果,落札件数（電源属地別）[件],2,4,9,15,1,7,4,5,7,54
20251106B01,システム約定結果,最高落札価格（電源属地別）[円/kW・30分],12.28,19.51,19.51,19.51,0.63,19.49,1.32,6.64,19.51,19.51
20251106B01,システム約定結果,最低落札価格（電源属地別）[円/kW・30分],5,2.02,2.02,2.06,0.63,0.36,0.36,0.43,0.36,0.36
20251106B01,システム約定結果,平均落札価格（電源属地別）[円/kW・30分],11.78,3.33,2.68,2.88,0.63,4.26,1.04,1.32,2.93,3.09
20251106B01,システム約定結果,最高落札価格（TSO別）[円/kW・30分],12.28,19.51,19.51,5.51,5.51,8.47,3.06,8.47,19.51,19.51
20251106B01,システム約定結果,最低落札価格（TSO別）[円/kW・30分],5,2.02,2.02,2.3,0.63,0.36,0.36,0.36,0.36,0.36
20251106B01,システム約定結果,平均落札価格（TSO別）[円/kW・30分],11.78,3.33,2.68,3.15,1.86,3.54,1.32,4.61,2.24,3.09
20251106B01,システム約定結果,落札量合計（TSO別）[MW],55,430.419,566.072,360.991,142,380.1,189.776,95,210.008,2429.366
20251106B01,システム約定結果,（内訳）自エリアからの落札量[MW],55,430.419,566.072,360.991,86,203.184,138.081,52,60.307,1952.054
20251106B01,追加調達結果,募集量（TSO別）[MW],-,-,-,-,-,-,-,-,-,-
20251106B01,追加調達結果,応札量合計（電源属地別）[MW],0,0,0,0,0,0,0,0,0,0
20251106B01,追加調達結果,約定量合計（電源属地別）[MW],0,0,0,0,0,0,0,0,0,0
20251106B01,追加調達結果,応札件数（電源属地別）[件],0,0,0,0,0,0,0,0,0,0
20251106B01,追加調達結果,約定件数（電源属地別）[件],0,0,0,0,0,0,0,0,0,0
20251106B01,追加調達結果,最高約定価格（電源属地別）[円/kW・30分],0,0,0,0,0,0,0,0,0,0
20251106B01,追加調達結果,最低約定価格（電源属地別）[円/kW・30分],0,0,0,0,0,0,0,0,0,0
20251106B01,追加調達結果,平均約定価格（電源属地別）[円/kW・30分],0,0,0,0,0,0,0,0,0,0
20251106B01,追加調達結果,最高約定価格（TSO別）[円/kW・30分],0,0,0,0,0,0,0,0,0,0
20251106B01,追加調達結果,最低約定価格（TSO別）[円/kW・30分],0,0,0,0,0,0,0,0,0,0
20251106B01,追加調達結果,平均約定価格（TSO別）[円/kW・30分],0,0,0,0,0,0,0,0,0,0
20251106B01,追加調達結果,約定量合計（TSO別）[MW],0,0,0,0,0,0,0,0,0,0
20251106B01,追加調達結果,（内訳）自エリアからの約定量[MW],0,0,0,0,0,0,0,0,0,0
20251106B01,合計（確報値）,募集量（TSO別）[MW],55,163,376,41,86,281,189,95,198,1484
20251106B01,合計（確報値）,応札量合計（電源属地別）[MW],189.74,430.419,627.658,1135.746,86,864.465,324.157,125,654.307,4437.492
20251106B01,合計（確報値）,約定量合計（電源属地別）[MW],55,430.419,564.292,694.417,86,340.965,138.101,58.085,60.307,2427.586
20251106B01,合計（確報値）,応札件数（電源属地別）[件],4,4,10,22,1,7,5,7,8,68
20251106B01,合計（確報値）,約定件数（電源属地別）[件],2,4,8,19,1,7,4,5,7,57
20251106B01,合計（確報値）,最高約定価格（電源属地別）[円/kW・30分],12.28,19.51,19.51,19.51,0.63,19.49,1.32,6.64,19.51,19.51
20251106B01,合計（確報値）,最低約定価格（電源属地別）[円/kW・30分],5,2.02,2.02,0.36,0.63,0.36,0.36,0.43,0.36,0.36
20251106B01,合計（確報値）,平均約定価格（電源属地別）[円/kW・30分],11.78,3.33,2.63,1.96,0.63,4.26,1.04,1.32,2.93,2.81
20251106B01,合計（確報値）,最高約定価格（TSO別）[円/kW・30分],12.28,19.51,19.51,5.51,5.51,8.47,2.33,8.47,19.51,19.51
20251106B01,合計（確報値）,最低約定価格（TSO別）[円/kW・30分],5,2.02,2.02,0.36,0.36,0.36,0.36,0.36,0.36,0.36
20251106B01,合計（確報値）,平均約定価格（TSO別）[円/kW・30分],11.78,3.33,2.63,1.71,1.43,3.44,1.25,4.61,2.19,2.81
20251106B01,合計（確報値）,約定量合計（TSO別）[MW],55,430.419,564.292,360.991,142,380.1,189.776,95,210.008,2427.586
20251106B01,合計（確報値）,（内訳）自エリアからの約定量[MW],55,430.419,564.292,360.991,86,203.184,138.081,52,60.307,1950.274
20251106B02,システム約定結果,募集量（TSO別）[MW],28,333,371,158,92,380,189,99,300,1950
20251106B02,システム約定結果,応札量合計（電源属地別）[MW],185.9,430.419,646.268,759.858,92,864.465,325.957,129,621.307,4055.174
20251106B02,システム約定結果,落札量合計（電源属地別）[MW],28,430.419,514.168,753.837,92,357.465,139.145,70.733,189.307,2575.074
20251106B02,システム約定結果,応札件数（電源属地別）[件],3,4,12,14,1,7,6,6,8,61
20251106B02,システム約定結果,落札件数（電源属地別）[件],2,4,10,14,1,7,5,4,7,54
20251106B02,システム約定結果,最高落札価格（電源属地別）[円/kW・30分],11.42,19.51,19.51,19.51,1.22,19.49,19.49,6.39,19.51,19.51
20251106B02,システム約定結果,最低落札価格（電源属地別）[円/kW・30分],4.42,2,0.73,1.94,1.22,0.36,0.36,0.36,0.36,0.36
20251106B02,システム約定結果,平均落札価格（電源属地別）[円/kW・30分],10.95,3.3,2.78,3.06,1.22,4,1.6,1.8,1.3,2.95
20251106B02,システム約定結果,最高落札価格（TSO別）[円/kW・30分],11.42,19.51,19.51,4.04,19.51,19.49,19.49,7.93,19.51,19.51
20251106B02,システム約定結果,最低落札価格（TSO別）[円/kW・30分],4.42,2,0.73,1.94,1.22,0.36,0.36,0.36,0.36,0.36
20251106B02,システム約定結果,平均落札価格（TSO別）[円/kW・30分],10.95,3.3,2.78,2.98,1.96,3.55,2.04,2.55,1.6,2.95
20251106B02,システム約定結果,落札量合計（TSO別）[MW],28,430.419,514.168,503.808,95.868,507.48,162.024,99,234.307,2575.074
20251106B02,システム約定結果,（内訳）自エリアからの落札量[MW],28,430.419,514.168,503.808,92,352.574,139.105,65,189.307,2314.381
20251106B02,追加調達結果,募集量（TSO別）[MW],-,-,-,-,-,-,-,-,-,-
20251106B02,追加調達結果,応札量合計（電源属地別）[MW],0,0,0,0,0,0,0,0,0,0
20251106B02,追加調達結果,約定量合計（電源属地別）[MW],0,0,0,0,0,0,0,0,0,0
20251106B02,追加調達結果,応札件数（電源属地別）[件],0,0,0,0,0,0,0,0,0,0
20251106B02,追加調達結果,約定件数（電源属地別）[件],0,0,0,0,0,0,0,0,0,0
20251106B02,追加調達結果,最高約定価格（電源属地別）[円/kW・30分],0,0,0,0,0,0,0,0,0,0
20251106B02,追加調達結果,最低約定価格（電源属地別）[円/kW・30分],0,0,0,0,0,0,0,0,0,0
20251106B02,追加調達結果,平均約定価格（電源属地別）[円/kW・30分],0,0,0,0,0,0,0,0,0,0
20251106B02,追加調達結果,最高約定価格（TSO別）[円/kW・30分],0,0,0,0,0,0,0,0,0,0
20251106B02,追加調達結果,最低約定価格（TSO別）[円/kW・30分],0,0,0,0,0,0,0,0,0,0
20251106B02,追加調達結果,平均約定価格（TSO別）[円/kW・30分],0,0,0,0,0,0,0,0,0,0
20251106B02,追加調達結果,約定量合計（TSO別）[MW],0,0,0,0,0,0,0,0,0,0
20251106B02,追加調達結果,（内訳）自エリアからの約定量[MW],0,0,0,0,0,0,0,0,0,0
20251106B02,合計（確報値）,募集量（TSO別）[MW],28,333,371,158,92,380,189,99,300,1950
20251106B02,合計（確報値）,応札量合計（電源属地別）[MW],185.9,430.419,646.268,1425.712,92,864.465,325.967,129,621.307,4721.038
20251106B02,合計（確報値）,約定量合計（電源属地別）[MW],28,430.419,512.388,753.837,92,357.465,41.406,70.733,189.307,2475.555
20251106B02,合計（確報値）,応札件数（電源属地別）[件],3,4,12,35,1,7,7,6,8,83
20251106B02,合計（確報値）,約定件数（電源属地別）[件],2,4,9,25,1,7,5,4,7,64
20251106B02,合計（確報値）,最高約定価格（電源属地別）[円/kW・30分],11.42,19.51,19.51,19.51,1.22,19.49,19.49,6.39,19.51,19.51
20251106B02,合計（確報値）,最低約定価格（電源属地別）[円/kW・30分],4.42,2,0.73,0.36,1.22,0.36,0.36,0.36,0.36,0.36
20251106B02,合計（確報値）,平均約定価格（電源属地別）[円/kW・30分],10.95,3.3,2.74,1.39,1.22,4,1.19,1.8,1.3,2.48
20251106B02,合計（確報値）,最高約定価格（TSO別）[円/kW・30分],11.42,19.51,19.51,4.04,19.51,19.49,19.49,7.93,19.51,19.51
20251106B02,合計（確報値）,最低約定価格（TSO別）[円/kW・30分],4.42,2,0.73,0.36,1.22,0.36,0.36,0.36,0.36,0.36
20251106B02,合計（確報値）,平均約定価格（TSO別）[円/kW・30分],10.95,3.3,2.74,1.3,1.96,3.04,1.78,2.55,1.12,2.48
20251106B02,合計（確報値）,約定量合計（TSO別）[MW],28,430.419,512.388,503.808,95.868,507.48,64.285,99,234.307,2475.555
20251106B02,合計（確報値）,（内訳）自エリアからの約定量[MW],28,430.419,512.388,503.808,92,352.574,41.366,65,189.307,2214.862
20251106B03,システム約定結果,募集量（TSO別）[MW],134,932,525,400,127,605,284,174,427,3608
20251106B03,システム約定結果,応札量合計（電源属地別）[MW],185.99,690.419,968.935,329.858,127,190.299,325.957,133,476.231,3427.689
20251106B03,システム約定結果,落札量合計（電源属地別）[MW],134,690.419,482.573,329.858,127,190.299,325.957,133,337.231,2750.337
20251106B03,システム約定結果,応札件数（電源属地別）[件],3,6,20,6,2,3,6,4,8,58
20251106B03,システム約定結果,落札件数（電源属地別）[件],3,6,13,6,2,3,6,4,8,51
20251106B03,システム約定結果,最高落札価格（電源属地別）[円/kW・30分],18.53,19.51,19.5,19.51,1.33,19.51,19.51,6.02,19.51,19.51
20251106B03,システム約定結果,最低落札価格（電源属地別）[円/kW・30分],11.97,1.96,1.77,3.42,0.35,1.5,0.36,0.36,0.36,0.35
20251106B03,システム約定結果,平均落札価格（電源属地別）[円/kW・30分],13.39,2.38,3.8,3.82,0.87,5.81,1.49,2.25,1.09,3.23
20251106B03,システム約定結果,最高落札価格（TSO別）[円/kW・30分],18.53,19.51,19.5,19.51,3.42,19.51,19.51,6.02,19.51,19.51
20251106B03,システム約定結果,最低落札価格（TSO別）[円/kW・30分],11.97,1.77,1.77,1.77,0.35,0.35,0.36,0.36,0.36,0.35
20251106B03,システム約定結果,平均落札価格（TSO別）[円/kW・30分],13.39,2.75,3.62,3.86,1.03,3.73,1.37,2.25,1.09,3.23
20251106B03,システム約定結果,落札量合計（TSO別）[MW],134,857.625,297.998,204.697,104.787,494.199,186.8,133,337.231,2750.337
20251106B03,システム約定結果,（内訳）自エリアからの落札量[MW],134,619.625,227.204,187.328,75.574,190.299,186.8,133,337.231,2091.061
20251106B03,追加調達結果,募集量（TSO別）[MW],-,-,-,-,-,-,-,-,-,-
20251106B03,追加調達結果,応札量合計（電源属地別）[MW],0,0,0,0,0,0,0,0,0,0
20251106B03,追加調達結果,約定量合計（電源属地別）[MW],0,0,0,0,0,0,0,0,0,0
20251106B03,追加調達結果,応札件数（電源属地別）[件],0,0,0,0,0,0,0,0,0,0
20251106B03,追加調達結果,約定件数（電源属地別）[件],0,0,0,0,0,0,0,0,0,0
20251106B03,追加調達結果,最高約定価格（電源属地別）[円/kW・30分],0,0,0,0,0,0,0,0,0,0
20251106B03,追加調達結果,最低約定価格（電源属地別）[円/kW・30分],0,0,0,0,0,0,0,0,0,0
20251106B03,追加調達結果,平均約定価格（電源属地別）[円/kW・30分],0,0,0,0,0,0,0,0,0,0
20251106B03,追加調達結果,最高約定価格（TSO別）[円/kW・30分],0,0,0,0,0,0,0,0,0,0
20251106B03,追加調達結果,最低約定価格（TSO別）[円/kW・30分],0,0,0,0,0,0,0,0,0,0
20251106B03,追加調達結果,平均約定価格（TSO別）[円/kW・30分],0,0,0,0,0,0,0,0,0,0
20251106B03,追加調達結果,約定量合計（TSO別）[MW],0,0,0,0,0,0,0,0,0,0
20251106B03,追加調達結果,（内訳）自エリアからの約定量[MW],0,0,0,0,0,0,0,0,0,0
20251106B03,合計（確報値）,募集量（TSO別）[MW],134,932,525,400,127,605,284,174,427,3608
20251106B03,合計（確報値）,応札量合計（電源属地別）[MW],185.99,690.419,968.935,867.876,127,190.299,384.555,133,476.231,4024.305
20251106B03,合計（確報値）,約定量合計（電源属地別）[MW],134,690.419,482.573,329.858,127,190.299,240.945,133,337.231,2665.325
20251106B03,合計（確報値）,応札件数（電源属地別）[件],3,6,20,24,2,3,9,4,8,79
20251106B03,合計（確報値）,約定件数（電源属地別）[件],3,6,13,14,2,3,8,4,8,61
20251106B03,合計（確報値）,最高約定価格（電源属地別）[円/kW・30分],18.53,19.51,19.5,19.51,1.33,19.51,19.51,6.02,19.51,19.51
20251106B03,合計（確報値）,最低約定価格（電源属地別）[円/kW・30分],11.97,1.96,1.77,0.36,0.35,1.5,0.36,0.36,0.36,0.35
20251106B03,合計（確報値）,平均約定価格（電源属地別）[円/kW・30分],13.39,2.38,3.8,0.7,0.87,5.81,0.93,2.25,1.09,2.85
20251106B03,合計（確報値）,最高約定価格（TSO別）[円/kW・30分],18.53,19.51,19.5,19.51,1.33,19.51,19.51,6.02,19.51,19.51
20251106B03,合計（確報値）,最低約定価格（TSO別）[円/kW・30分],11.97,1.77,1.77,0.36,0.35,0.35,0.36,0.36,0.36,0.35
20251106B03,合計（確報値）,平均約定価格（TSO別）[円/kW・30分],13.39,2.75,3.62,1.05,0.63,2.99,0.65,2.25,1.09,2.85
20251106B03,合計（確報値）,約定量合計（TSO別）[MW],134,857.625,297.998,204.697,104.787,444.33,151.657,133,337.231,2665.325
20251106B03,合計（確報値）,（内訳）自エリアからの約定量[MW],134,619.625,227.204,187.328,75.574,190.299,151.657,133,337.231,2055.918
20251106B04,システム約定結果,募集量（TSO別）[MW],116,222,664,264,194,869,486,219,604,3638
20251106B04,システム約定結果,応札量合計（電源属地別）[MW],249.64,340,981.154,7.718,194,975.1,325.157,181,669.58,3923.349
20251106B04,システム約定結果,落札量合計（電源属地別）[MW],120,340,662.014,7.718,194,898.984,279.296,181,608.363,3291.375
20251106B04,システム約定結果,応札件数（電源属地別）[件],6,2,25,4,1,6,6,4,12,66
20251106B04,システム約定結果,落札件数（電源属地別）[件],4,2,21,4,1,5,6,4,10,57
20251106B04,システム約定結果,最高落札価格（電源属地別）[円/kW・30分],14.4,3.34,19.51,19.51,0.35,8.84,19.51,6.76,19.51,19.51
20251106B04,システム約定結果,最低落札価格（電源属地別）[円/kW・30分],5,3.32,0.37,19.47,0.35,0.36,0.38,0.36,0.36,0.35
20251106B04,システム約定結果,平均落札価格（電源属地別）[円/kW・30分],12.95,3.33,2.15,19.49,0.35,1.94,1.48,0.91,3.5,2.67
20251106B04,システム約定結果,最高落札価格（TSO別）[円/kW・30分],14.4,3.34,19.51,3.34,2.16,19.51,19.51,6.76,19.51,19.51
20251106B04,システム約定結果,最低落札価格（TSO別）[円/kW・30分],5,3.32,0.37,0.36,0.35,0.36,0.35,0.36,0.36,0.35
20251106B04,システム約定結果,平均落札価格（TSO別）[円/kW・30分],12.95,3.33,2.1,1.94,0.61,2.21,1.33,0.91,3.94,2.67
20251106B04,システム約定結果,落札量合計（TSO別）[MW],120,278,600.681,206.666,186,803.718,387.78,181,527.53,3291.375
20251106B04,システム約定結果,（内訳）自エリアからの落札量[MW],120,278,600.681,0,157,796,255.421,181,527.53,2915.632
20251106B04,追加調達結果,募集量（TSO別）[MW],-,-,-,-,-,-,-,-,-,-
20251106B04,追加調達結果,応札量合計（電源属地別）[MW],0,0,0,0,0,0,0,0,0,0
20251106B04,追加調達結果,約定量合計（電源属地別）[MW],0,0,0,0,0,0,0,0,0,0
20251106B04,追加調達結果,応札件数（電源属地別）[件],0,0,0,0,0,0,0,0,0,0
20251106B04,追加調達結果,約定件数（電源属地別）[件],0,0,0,0,0,0,0,0,0,0
20251106B04,追加調達結果,最高約定価格（電源属地別）[円/kW・30分],0,0,0,0,0,0,0,0,0,0
20251106B04,追加調達結果,最低約定価格（電源属地別）[円/kW・30分],0,0,0,0,0,0,0,0,0,0
20251106B04,追加調達結果,平均約定価格（電源属地別）[円/kW・30分],0,0,0,0,0,0,0,0,0,0
20251106B04,追加調達結果,最高約定価格（TSO別）[円/kW・30分],0,0,0,0,0,0,0,0,0,0
20251106B04,追加調達結果,最低約定価格（TSO別）[円/kW・30分],0,0,0,0,0,0,0,0,0,0
20251106B04,追加調達結果,平均約定価格（TSO別）[円/kW・30分],0,0,0,0,0,0,0,0,0,0
20251106B04,追加調達結果,約定量合計（TSO別）[MW],0,0,0,0,0,0,0,0,0,0
20251106B04,追加調達結果,（内訳）自エリアからの約定量[MW],0,0,0,0,0,0,0,0,0,0
20251106B04,合計（確報値）,募集量（TSO別）[MW],116,222,664,264,194,869,486,219,604,3638
20251106B04,合計（確報値）,応札量合計（電源属地別）[MW],249.64,510,981.154,7.718,194,975.1,337.894,181,997.476,4433.982
20251106B04,合計（確報値）,約定量合計（電源属地別）[MW],120,340,660.234,7.718,194,898.984,194.284,181,608.363,3204.583
20251106B04,合計（確報値）,応札件数（電源属地別）[件],6,5,25,4,1,6,8,4,21,80
20251106B04,合計（確報値）,約定件数（電源属地別）[件],4,4,20,4,1,5,7,4,17,66
20251106B04,合計（確報値）,最高約定価格（電源属地別）[円/kW・30分],14.4,3.34,19.51,19.51,0.35,8.84,19.51,6.76,19.51,19.51
20251106B04,合計（確報値）,最低約定価格（電源属地別）[円/kW・30分],5,2.94,0.37,19.47,0.35,0.36,0.36,0.36,0.36,0.35
20251106B04,合計（確報値）,平均約定価格（電源属地別）[円/kW・30分],12.95,3.14,2.12,19.49,0.35,1.94,1.07,0.91,1.36,2.24
20251106B04,合計（確報値）,最高約定価格（TSO別）[円/kW・30分],14.4,3.34,19.51,3.34,1.46,19.51,19.51,6.76,19.51,19.51
20251106B04,合計（確報値）,最低約定価格（TSO別）[円/kW・30分],5,2.94,0.37,0.36,0.35,0.36,0.35,0.36,0.36,0.35
20251106B04,合計（確報値）,平均約定価格（TSO別）[円/kW・30分],12.95,3.13,2.06,1.9,0.39,2.21,1.1,0.91,1.48,2.24
20251106B04,合計（確報値）,約定量合計（TSO別）[MW],120,278,598.901,206.666,162.125,803.718,326.643,181,527.53,3204.583
20251106B04,合計（確報値）,（内訳）自エリアからの約定量[MW],120,278,598.901,0,157,796,194.284,181,527.53,2852.715
20251106B05,システム約定結果,募集量（TSO別）[MW],32,217,534,383,194,588,361,145,537,2991
20251106B05,システム約定結果,応札量合計（電源属地別）[MW],187.75,260.419,680.106,7.718,194,1014.149,326.957,117,596.844,3384.943
20251106B05,システム約定結果,落札量合計（電源属地別）[MW],32,260.419,449.347,7.718,194,726.796,248.166,117,395.844,2431.29
20251106B05,システム約定結果,応札件数（電源属地別）[件],3,3,25,4,2,8,7,4,15,71
20251106B05,システム約定結果,落札件数（電源属地別）[件],1,3,22,4,2,8,7,4,13,64
20251106B05,システム約定結果,最高落札価格（電源属地別）[円/kW・30分],13.86,19.51,19.51,19.51,0.8,19.51,19.51,6.76,19.51,19.51
20251106B05,システム約定結果,最低落札価格（電源属地別）[円/kW・30分],13.86,4.99,0.37,19.47,0.35,0.36,0.45,0.36,0.36,0.35
20251106B05,システム約定結果,平均落札価格（電源属地別）[円/kW・30分],13.86,5.47,1.87,19.49,0.63,2.24,1.72,1.21,3.4,2.69
20251106B05,システム約定結果,最高落札価格（TSO別）[円/kW・30分],13.86,19.51,19.51,19.51,1.38,19.51,19.51,6.76,19.51,19.51
20251106B05,システム約定結果,最低落札価格（TSO別）[円/kW・30分],13.86,0.37,0.37,0.36,0.35,0.36,0.36,0.36,0.36,0.35
20251106B05,システム約定結果,平均落札価格（TSO別）[円/kW・30分],13.86,5.17,2.72,1.27,0.77,2.62,1.7,1.21,3.21,2.69
20251106B05,システム約定結果,落札量合計（TSO別）[MW],32,235.086,353.28,212.451,194,552.174,301.455,117,433.844,2431.29
20251106B05,システム約定結果,（内訳）自エリアからの落札量[MW],32,200.086,302.68,7.718,147,552.174,228.355,117,395.844,1982.857
20251106B05,追加調達結果,募集量（TSO別）[MW],-,-,-,-,-,-,-,-,-,-
20251106B05,追加調達結果,応札量合計（電源属地別）[MW],0,0,0,0,0,0,0,0,0,0
20251106B05,追加調達結果,約定量合計（電源属地別）[MW],0,0,0,0,0,0,0,0,0,0
20251106B05,追加調達結果,応札件数（電源属地別）[件],0,0,0,0,0,0,0,0,0,0
20251106B05,追加調達結果,約定件数（電源属地別）[件],0,0,0,0,0,0,0,0,0,0
20251106B05,追加調達結果,最高約定価格（電源属地別）[円/kW・30分],0,0,0,0,0,0,0,0,0,0
20251106B05,追加調達結果,最低約定価格（電源属地別）[円/kW・30分],0,0,0,0,0,0,0,0,0,0
20251106B05,追加調達結果,平均約定価格（電源属地別）[円/kW・30分],0,0,0,0,0,0,0,0,0,0
20251106B05,追加調達結果,最高約定価格（TSO別）[円/kW・30分],0,0,0,0,0,0,0,0,0,0
20251106B05,追加調達結果,最低約定価格（TSO別）[円/kW・30分],0,0,0,0,0,0,0,0,0,0
20251106B05,追加調達結果,平均約定価格（TSO別）[円/kW・30分],0,0,0,0,0,0,0,0,0,0
20251106B05,追加調達結果,約定量合計（TSO別）[MW],0,0,0,0,0,0,0,0,0,0
20251106B05,追加調達結果,（内訳）自エリアからの約定量[MW],0,0,0,0,0,0,0,0,0,0
20251106B05,合計（確報値）,募集量（TSO別）[MW],32,217,534,383,194,588,361,145,537,2991
20251106B05,合計（確報値）,応札量合計（電源属地別）[MW],187.75,260.419,680.106,7.718,194,1014.149,339.694,117,935.844,3736.68
20251106B05,合計（確報値）,約定量合計（電源属地別）[MW],32,260.419,449.347,7.718,194,726.796,163.154,117,394.044,2344.478
20251106B05,合計（確報値）,応札件数（電源属地別）[件],3,3,25,4,2,8,9,4,21,79
20251106B05,合計（確報値）,約定件数（電源属地別）[件],1,3,22,4,2,8,8,4,16,68
20251106B05,合計（確報値）,最高約定価格（電源属地別）[円/kW・30分],13.86,19.51,19.51,19.51,0.8,19.51,19.51,6.76,19.51,19.51
20251106B05,合計（確報値）,最低約定価格（電源属地別）[円/kW・30分],13.86,4.99,0.37,19.47,0.35,0.36,0.36,0.36,0.36,0.35
20251106B05,合計（確報値）,平均約定価格（電源属地別）[円/kW・30分],13.86,5.47,1.87,19.49,0.63,2.24,1.4,1.21,1.57,2.39
20251106B05,合計（確報値）,最高約定価格（TSO別）[円/kW・30分],13.86,19.51,19.51,19.51,1.38,19.51,19.51,6.76,19.51,19.51
20251106B05,合計（確報値）,最低約定価格（TSO別）[円/kW・30分],13.86,0.37,0.37,0.36,0.35,0.36,0.36,0.36,0.36,0.35
20251106B05,合計（確報値）,平均約定価格（TSO別）[円/kW・30分],13.86,5.17,2.72,1.27,0.77,2.62,1.45,1.21,1.53,2.39
20251106B05,合計（確報値）,約定量合計（TSO別）[MW],32,235.086,353.28,212.451,194,552.174,216.443,117,432.044,2344.478
20251106B05,合計（確報値）,（内訳）自エリアからの約定量[MW],32,200.086,302.68,7.718,147,552.174,143.343,117,394.044,1896.045
20251106B06,システム約定結果,募集量（TSO別）[MW],36,732,695,402,120,692,340,179,549,3745
20251106B06,システム約定結果,応札量合計（電源属地別）[MW],216.64,770.419,1312.396,45.718,120,337.362,262.659,134,517.844,3717.038
20251106B06,システム約定結果,落札量合計（電源属地別）[MW],36,770.419,780.593,45.718,120,337.362,262.659,134,517.844,3004.595
20251106B06,システム約定結果,応札件数（電源属地別）[件],6,6,34,5,1,8,8,5,13,86
20251106B06,システム約定結果,落札件数（電源属地別）[件],2,6,28,5,1,8,8,5,13,76
20251106B06,システム約定結果,最高落札価格（電源属地別）[円/kW・30分],10,19.51,19.51,19.51,3.11,19.51,19.51,7.3,19.51,19.51
20251106B06,システム約定結果,最低落札価格（電源属地別）[円/kW・30分],7.8,1.75,0.37,2.63,3.11,1.09,1.72,0.36,0.94,0.36
20251106B06,システム約定結果,平均落札価格（電源属地別）[円/kW・30分],7.92,2.57,2.91,5.48,3.11,3.93,2.49,1.37,2.57,2.88
20251106B06,システム約定結果,最高落札価格（TSO別）[円/kW・30分],10,19.51,19.51,19.51,3.49,19.51,19.51,7.3,19.51,19.51
20251106B06,システム約定結果,最低落札価格（TSO別）[円/kW・30分],7.8,1.75,0.37,1.08,1.84,0.69,1.35,0.36,0.94,0.36
20251106B06,システム約定結果,平均落札価格（TSO別）[円/kW・30分],7.92,2.67,3.19,2.66,3.02,3.44,2.31,1.37,2.67,2.88
20251106B06,システム約定結果,落札量合計（TSO別）[MW],36,841.197,592.259,110.209,113,465.286,248.8,134,463.844,3004.595
20251106B06,システム約定結果,（内訳）自エリアからの落札量[MW],36,733.197,555.037,28.653,81.846,302.149,169.464,134,463.844,2504.19
20251106B06,追加調達結果,募集量（TSO別）[MW],-,-,-,-,-,-,-,-,-,-
20251106B06,追加調達結果,応札量合計（電源属地別）[MW],0,0,0,0,0,0,0,0,0,0
20251106B06,追加調達結果,約定量合計（電源属地別）[MW],0,0,0,0,0,0,0,0,0,0
20251106B06,追加調達結果,応札件数（電源属地別）[件],0,0,0,0,0,0,0,0,0,0
20251106B06,追加調達結果,約定件数（電源属地別）[件],0,0,0,0,0,0,0,0,0,0
20251106B06,追加調達結果,最高約定価格（電源属地別）[円/kW・30分],0,0,0,0,0,0,0,0,0,0
20251106B06,追加調達結果,最低約定価格（電源属地別）[円/kW・30分],0,0,0,0,0,0,0,0,0,0
20251106B06,追加調達結果,平均約定価格（電源属地別）[円/kW・30分],0,0,0,0,0,0,0,0,0,0
20251106B06,追加調達結果,最高約定価格（TSO別）[円/kW・30分],0,0,0,0,0,0,0,0,0,0
20251106B06,追加調達結果,最低約定価格（TSO別）[円/kW・30分],0,0,0,0,0,0,0,0,0,0
20251106B06,追加調達結果,平均約定価格（TSO別）[円/kW・30分],0,0,0,0,0,0,0,0,0,0
20251106B06,追加調達結果,約定量合計（TSO別）[MW],0,0,0,0,0,0,0,0,0,0
20251106B06,追加調達結果,（内訳）自エリアからの約定量[MW],0,0,0,0,0,0,0,0,0,0
20251106B06,合計（確報値）,募集量（TSO別）[MW],36,732,695,402,120,692,340,179,549,3745
20251106B06,合計（確報値）,応札量合計（電源属地別）[MW],216.64,770.419,1472.193,121.718,120,337.362,262.659,134,517.844,3952.835
20251106B06,合計（確報値）,約定量合計（電源属地別）[MW],36,770.419,780.593,45.718,120,337.362,262.659,134,516.044,3002.795
20251106B06,合計（確報値）,応札件数（電源属地別）[件],6,6,36,11,1,8,8,5,13,94
20251106B06,合計（確報値）,約定件数（電源属地別）[件],2,6,29,7,1,8,8,5,12,78
20251106B06,合計（確報値）,最高約定価格（電源属地別）[円/kW・30分],10,19.51,19.51,19.51,3.11,19.51,19.51,7.3,19.51,19.51
20251106B06,合計（確報値）,最低約定価格（電源属地別）[円/kW・30分],7.8,1.75,0.36,0.36,3.11,1.09,1.72,0.36,0.94,0.36
20251106B06,合計（確報値）,平均約定価格（電源属地別）[円/kW・30分],7.92,2.57,2.76,3.59,3.11,3.93,2.49,1.37,2.52,2.8
20251106B06,合計（確報値）,最高約定価格（TSO別）[円/kW・30分],10,19.51,19.51,19.51,3.49,19.51,19.51,7.3,19.51,19.51
20251106B06,合計（確報値）,最低約定価格（TSO別）[円/kW・30分],7.8,1.75,0.36,0.36,0.36,0.69,1.35,0.36,0.94,0.36
20251106B06,合計（確報値）,平均約定価格（TSO別）[円/kW・30分],7.92,2.67,3.1,1.7,2.68,3.44,2.31,1.37,2.6,2.8
20251106B06,合計（確報値）,約定量合計（TSO別）[MW],36,841.197,592.259,110.209,113,465.286,248.8,134,462.044,3002.795
20251106B06,合計（確報値）,（内訳）自エリアからの約定量[MW],36,733.197,555.037,28.653,81.846,302.149,169.464,134,462.044,2502.39
20251106B07,システム約定結果,募集量（TSO別）[MW],32,263,460,206,106,574,305,83,328,2357
20251106B07,システム約定結果,応札量合計（電源属地別）[MW],188.74,260.419,788.961,571.3,106,337.362,405.269,122,792.216,3572.267
20251106B07,システム約定結果,落札量合計（電源属地別）[MW],28.333,260.419,217.914,513.373,106,337.362,223.901,58.333,202.216,1947.851
20251106B07,システム約定結果,応札件数（電源属地別）[件],4,3,27,12,1,8,8,7,13,83
20251106B07,システム約定結果,落札件数（電源属地別）[件],1,3,21,12,1,8,7,4,12,69
20251106B07,システム約定結果,最高落札価格（電源属地別）[円/kW・30分],8.52,19.51,19.51,19.51,2.6,19.49,19.49,2.11,19.51,19.51
20251106B07,システム約定結果,最低落札価格（電源属地別）[円/kW・30分],8.52,2.06,0.73,2,2.6,1.09,1.02,0.69,0.58,0.58
20251106B07,システム約定結果,平均落札価格（電源属地別）[円/kW・30分],8.52,2.65,5.43,2.55,2.6,3.69,2.16,1.07,2.17,3.05
20251106B07,システム約定結果,最高落札価格（TSO別）[円/kW・30分],8.52,19.51,19.51,19.51,3.26,19.49,19.49,2.6,19.51,19.51
20251106B07,システム約定結果,最低落札価格（TSO別）[円/kW・30分],2.4,2.06,0.73,2,2.6,1.09,1.02,0.69,0.58,0.58
20251106B07,システム約定結果,平均落札価格（TSO別）[円/kW・30分],7.82,3.17,4.49,2.86,2.77,3.18,2.23,1.43,2.26,3.05
20251106B07,システム約定結果,落札量合計（TSO別）[MW],32,171.63,287.06,190.096,88,517.049,265.8,83,313.216,1947.851
20251106B07,システム約定結果,（内訳）自エリアからの落札量[MW],28.333,156.63,205.094,190.096,65.373,309.149,223.891,55,202.216,1435.782
20251106B07,追加調達結果,募集量（TSO別）[MW],-,-,-,-,-,-,-,-,-,-
20251106B07,追加調達結果,応札量合計（電源属地別）[MW],0,0,0,0,0,0,0,0,0,0
20251106B07,追加調達結果,約定量合計（電源属地別）[MW],0,0,0,0,0,0,0,0,0,0
20251106B07,追加調達結果,応札件数（電源属地別）[件],0,0,0,0,0,0,0,0,0,0
20251106B07,追加調達結果,約定件数（電源属地別）[件],0,0,0,0,0,0,0,0,0,0
20251106B07,追加調達結果,最高約定価格（電源属地別）[円/kW・30分],0,0,0,0,0,0,0,0,0,0
20251106B07,追加調達結果,最低約定価格（電源属地別）[円/kW・30分],0,0,0,0,0,0,0,0,0,0
20251106B07,追加調達結果,平均約定価格（電源属地別）[円/kW・30分],0,0,0,0,0,0,0,0,0,0
20251106B07,追加調達結果,最高約定価格（TSO別）[円/kW・30分],0,0,0,0,0,0,0,0,0,0
20251106B07,追加調達結果,最低約定価格（TSO別）[円/kW・30分],0,0,0,0,0,0,0,0,0,0
20251106B07,追加調達結果,平均約定価格（TSO別）[円/kW・30分],0,0,0,0,0,0,0,0,0,0
20251106B07,追加調達結果,約定量合計（TSO別）[MW],0,0,0,0,0,0,0,0,0,0
20251106B07,追加調達結果,（内訳）自エリアからの約定量[MW],0,0,0,0,0,0,0,0,0,0
20251106B07,合計（確報値）,募集量（TSO別）[MW],32,263,460,206,106,574,305,83,328,2357
20251106B07,合計（確報値）,応札量合計（電源属地別）[MW],188.74,260.419,788.961,1174.455,106,337.362,418.006,122,792.216,4188.159
20251106B07,合計（確報値）,約定量合計（電源属地別）[MW],28.333,260.419,217.914,513.373,106,337.362,138.889,58.333,202.216,1862.839
20251106B07,合計（確報値）,応札件数（電源属地別）[件],4,3,27,35,1,8,10,7,13,108
20251106B07,合計（確報値）,約定件数（電源属地別）[件],1,3,21,25,1,8,8,4,12,83
20251106B07,合計（確報値）,最高約定価格（電源属地別）[円/kW・30分],8.52,19.51,19.51,19.51,2.6,19.49,19.49,2.11,19.51,19.51
20251106B07,合計（確報値）,最低約定価格（電源属地別）[円/kW・30分],8.52,2.06,0.73,0.36,2.6,1.09,0.36,0.69,0.58,0.36
20251106B07,合計（確報値）,平均約定価格（電源属地別）[円/kW・30分],8.52,2.65,5.43,0.82,2.6,3.69,1.21,1.07,2.17,2.54
20251106B07,合計（確報値）,最高約定価格（TSO別）[円/kW・30分],8.52,19.51,19.51,19.51,3.26,19.49,19.49,2.6,19.51,19.51
20251106B07,合計（確報値）,最低約定価格（TSO別）[円/kW・30分],0.36,0.36,0.73,0.36,2.6,0.36,0.36,0.36,0.36,0.36
20251106B07,合計（確報値）,平均約定価格（TSO別）[円/kW・30分],7.58,3.15,4.49,1.61,2.77,2.4,1.53,1.32,1.53,2.54
20251106B07,合計（確報値）,約定量合計（TSO別）[MW],32,171.63,287.06,190.096,88,517.049,180.788,83,313.216,1862.839
20251106B07,合計（確報値）,（内訳）自エリアからの約定量[MW],28.333,156.63,205.094,190.096,65.373,309.149,138.879,55,202.216,1350.77
20251106B08,システム約定結果,募集量（TSO別）[MW],39,138,442,230,105,462,197,88,298,1999
20251106B08,システム約定結果,応札量合計（電源属地別）[MW],191.64,260.419,480.78,789.3,105,864.465,365.613,118,657.607,3832.824
20251106B08,システム約定結果,落札量合計（電源属地別）[MW],39,260.419,348.68,769.262,105,367.465,151.882,63.799,157.607,2263.114
20251106B08,システム約定結果,応札件数（電源属地別）[件],5,3,13,18,1,7,7,6,10,70
20251106B08,システム約定結果,落札件数（電源属地別）[件],3,3,11,18,1,7,6,4,9,62
20251106B08,システム約定結果,最高落札価格（電源属地別）[円/kW・30分],18.5,19.51,19.51,19.51,1.56,19.49,19.49,7.11,19.51,19.51
20251106B08,システム約定結果,最低落札価格（電源属地別）[円/kW・30分],5,3.38,0.73,1.45,1.56,0.41,0.37,0.65,0.37,0.37
20251106B08,システム約定結果,平均落札価格（電源属地別）[円/kW・30分],10.37,3.92,3.37,2.64,1.56,3.68,1.63,1.5,1.99,3.01
20251106B08,システム約定結果,最高落札価格（TSO別）[円/kW・30分],18.5,19.51,19.51,4.06,1.56,19.51,19.49,7.11,19.51,19.51
20251106B08,システム約定結果,最低落札価格（TSO別）[円/kW・30分],5,3.38,0.73,1.45,1.56,0.41,0.37,0.65,0.37,0.37
20251106B08,システム約定結果,平均落札価格（TSO別）[円/kW・30分],10.37,3.92,3.37,2.45,1.56,3.4,1.63,1.81,2.23,3.01
20251106B08,システム約定結果,落札量合計（TSO別）[MW],39,260.419,348.68,503.651,83,571.126,143.631,88,225.607,2263.114
20251106B08,システム約定結果,（内訳）自エリアからの落札量[MW],39,260.419,348.68,503.651,83,367.465,139.832,60,157.607,1959.654
20251106B08,追加調達結果,募集量（TSO別）[MW],-,-,-,-,-,-,-,-,-,-
20251106B08,追加調達結果,応札量合計（電源属地別）[MW],0,0,0,0,0,0,0,0,0,0
20251106B08,追加調達結果,約定量合計（電源属地別）[MW],0,0,0,0,0,0,0,0,0,0
20251106B08,追加調達結果,応札件数（電源属地別）[件],0,0,0,0,0,0,0,0,0,0
20251106B08,追加調達結果,約定件数（電源属地別）[件],0,0,0,0,0,0,0,0,0,0
20251106B08,追加調達結果,最高約定価格（電源属地別）[円/kW・30分],0,0,0,0,0,0,0,0,0,0
20251106B08,追加調達結果,最低約定価格（電源属地別）[円/kW・30分],0,0,0,0,0,0,0,0,0,0
20251106B08,追加調達結果,平均約定価格（電源属地別）[円/kW・30分],0,0,0,0,0,0,0,0,0,0
20251106B08,追加調達結果,最高約定価格（TSO別）[円/kW・30分],0,0,0,0,0,0,0,0,0,0
20251106B08,追加調達結果,最低約定価格（TSO別）[円/kW・30分],0,0,0,0,0,0,0,0,0,0
20251106B08,追加調達結果,平均約定価格（TSO別）[円/kW・30分],0,0,0,0,0,0,0,0,0,0
20251106B08,追加調達結果,約定量合計（TSO別）[MW],0,0,0,0,0,0,0,0,0,0
20251106B08,追加調達結果,（内訳）自エリアからの約定量[MW],0,0,0,0,0,0,0,0,0,0
20251106B08,合計（確報値）,募集量（TSO別）[MW],39,138,442,230,105,462,197,88,298,1999
20251106B08,合計（確報値）,応札量合計（電源属地別）[MW],191.64,260.419,480.78,1392.882,105,864.465,404.88,118,657.607,4475.673
20251106B08,合計（確報値）,約定量合計（電源属地別）[MW],39,260.419,348.68,769.262,105,367.465,93.4,63.799,155.807,2202.832
20251106B08,合計（確報値）,応札件数（電源属地別）[件],5,3,13,41,1,7,11,6,10,97
20251106B08,合計（確報値）,約定件数（電源属地別）[件],3,3,11,36,1,7,9,4,8,82
20251106B08,合計（確報値）,最高約定価格（電源属地別）[円/kW・30分],18.5,19.51,19.51,19.51,1.56,19.49,19.49,7.11,19.51,19.51
20251106B08,合計（確報値）,最低約定価格（電源属地別）[円/kW・30分],5,3.38,0.73,0.36,1.56,0.41,0.36,0.65,0.37,0.36
20251106B08,合計（確報値）,平均約定価格（電源属地別）[円/kW・30分],10.37,3.92,3.37,0.87,1.56,3.68,0.98,1.5,1.79,2.38
20251106B08,合計（確報値）,最高約定価格（TSO別）[円/kW・30分],18.5,19.51,19.51,1.57,1.56,19.51,19.49,7.11,19.51,19.51
20251106B08,合計（確報値）,最低約定価格（TSO別）[円/kW・30分],5,3.38,0.73,0.36,1.56,0.36,0.36,0.36,0.36,0.36
20251106B08,合計（確報値）,平均約定価格（TSO別）[円/kW・30分],10.37,3.92,3.37,0.68,1.56,2.9,0.99,1.17,1.51,2.38
20251106B08,合計（確報値）,約定量合計（TSO別）[MW],39,260.419,348.68,503.651,83,571.126,92.937,88,216.019,2202.832
20251106B08,合計（確報値）,（内訳）自エリアからの約定量[MW],39,260.419,348.68,503.651,83,367.465,89.138,60,155.807,1907.16
20251107B01,システム約定結果,募集量（TSO別）[MW],55,163,340,41,86,281,189,95,198,1448
20251107B01,システム約定結果,応札量合計（電源属地別）[MW],189.74,430.419,392.463,856.92,86,864.465,324.157,125,303.329,3572.493
20251107B01,システム約定結果,落札量合計（電源属地別）[MW],55,430.419,321.974,694.417,86,340.965,138.101,58.085,36.329,2161.29
20251107B01,システム約定結果,応札件数（電源属地別）[件],4,4,9,15,1,7,5,7,4,56
20251107B01,システム約定結果,落札件数（電源属地別）[件],2,4,8,15,1,7,4,5,4,50
20251107B01,システム約定結果,最高落札価格（電源属地別）[円/kW・30分],12.28,19.51,19.51,19.51,0.63,19.49,1.31,6.52,19.51,19.51
20251107B01,システム約定結果,最低落札価格（電源属地別）[円/kW・30分],5,2,2.18,2.11,0.63,0.36,0.36,0.46,0.36,0.36
20251107B01,システム約定結果,平均落札価格（電源属地別）[円/kW・30分],11.78,3.3,3.13,2.69,0.63,4.14,1.03,1.36,2.11,3.1
20251107B01,システム約定結果,最高落札価格（TSO別）[円/kW・30分],12.28,19.51,19.51,3.33,3.33,19.49,19.51,8.18,19.51,19.51
20251107B01,システム約定結果,最低落札価格（TSO別）[円/kW・30分],5,2,2.18,2.13,0.63,0.36,0.36,0.36,0.36,0.36
20251107B01,システム約定結果,平均落札価格（TSO別）[円/kW・30分],11.78,3.3,3.13,2.89,1.34,3.51,1.57,4.47,1.78,3.1
20251107B01,システム約定結果,落札量合計（TSO別）[MW],55,430.419,321.974,367.133,142,380.1,189.776,95,179.888,2161.29
20251107B01,システム約定結果,（内訳）自エリアからの落札量[MW],55,430.419,321.974,367.133,86,220.985,138.081,52,36.329,1707.921
20251107B01,追加調達結果,募集量（TSO別）[MW],-,-,-,-,-,-,-,-,-,-
20251107B01,追加調達結果,応札量合計（電源属地別）[MW],0,0,0,0,0,0,0,0,0,0
20251107B01,追加調達結果,約定量合計（電源属地別）[MW],0,0,0,0,0,0,0,0,0,0
20251107B01,追加調達結果,応札件数（電源属地別）[件],0,0,0,0,0,0,0,0,0,0
20251107B01,追加調達結果,約定件数（電源属地別）[件],0,0,0,0,0,0,0,0,0,0
20251107B01,追加調達結果,最高約定価格（電源属地別）[円/kW・30分],0,0,0,0,0,0,0,0,0,0
20251107B01,追加調達結果,最低約定価格（電源属地別）[円/kW・30分],0,0,0,0,0,0,0,0,0,0
20251107B01,追加調達結果,平均約定価格（電源属地別）[円/kW・30分],0,0,0,0,0,0,0,0,0,0
20251107B01,追加調達結果,最高約定価格（TSO別）[円/kW・30分],0,0,0,0,0,0,0,0,0,0
20251107B01,追加調達結果,最低約定価格（TSO別）[円/kW・30分],0,0,0,0,0,0,0,0,0,0
20251107B01,追加調達結果,平均約定価格（TSO別）[円/kW・30分],0,0,0,0,0,0,0,0,0,0
20251107B01,追加調達結果,約定量合計（TSO別）[MW],0,0,0,0,0,0,0,0,0,0
20251107B01,追加調達結果,（内訳）自エリアからの約定量[MW],0,0,0,0,0,0,0,0,0,0
20251107B01,合計（確報値）,募集量（TSO別）[MW],55,163,340,41,86,281,189,95,198,1448
20251107B01,合計（確報値）,応札量合計（電源属地別）[MW],189.74,430.419,392.463,1317.532,86,864.465,363.424,125,303.329,4072.372
20251107B01,合計（確報値）,約定量合計（電源属地別）[MW],55,430.419,321.974,694.417,86,340.965,79.619,58.085,36.329,2102.808
20251107B01,合計（確報値）,応札件数（電源属地別）[件],4,4,9,35,1,7,8,7,4,79
20251107B01,合計（確報値）,約定件数（電源属地別）[件],2,4,8,27,1,7,6,5,4,64
20251107B01,合計（確報値）,最高約定価格（電源属地別）[円/kW・30分],12.28,19.51,19.51,19.51,0.63,19.49,1.31,6.52,19.51,19.51
20251107B01,合計（確報値）,最低約定価格（電源属地別）[円/kW・30分],5,2,2.18,0.36,0.63,0.36,0.36,0.46,0.36,0.36
20251107B01,合計（確報値）,平均約定価格（電源属地別）[円/kW・30分],11.78,3.3,3.13,1.38,0.63,4.14,0.52,1.36,2.11,2.71
20251107B01,合計（確報値）,最高約定価格（TSO別）[円/kW・30分],12.28,19.51,19.51,2.41,2.41,19.49,19.51,8.18,19.51,19.51
20251107B01,合計（確報値）,最低約定価格（TSO別）[円/kW・30分],5,2,2.18,0.36,0.36,0.36,0.36,0.36,0.36,0.36
20251107B01,合計（確報値）,平均約定価格（TSO別）[円/kW・30分],11.78,3.3,3.13,1,1.22,3.51,0.74,4.47,1.25,2.71
20251107B01,合計（確報値）,約定量合計（TSO別）[MW],55,430.419,321.974,367.133,142,380.1,131.294,95,179.888,2102.808
20251107B01,合計（確報値）,（内訳）自エリアからの約定量[MW],55,430.419,321.974,367.133,86,220.985,79.599,52,36.329,1649.439
20251107B02,システム約定結果,募集量（TSO別）[MW],28,133,335,158,92,380,189,99,300,1714
20251107B02,システム約定結果,応札量合計（電源属地別）[MW],185.9,430.419,334.404,691.858,92,864.465,325.957,129,474.307,3528.31
20251107B02,システム約定結果,落札量合計（電源属地別）[MW],28,430.419,202.304,691.858,92,357.465,139.145,70.733,189.307,2201.231
20251107B02,システム約定結果,応札件数（電源属地別）[件],3,4,10,11,1,7,6,6,7,55
20251107B02,システム約定結果,落札件数（電源属地別）[件],2,4,8,11,1,7,5,4,7,49
20251107B02,システム約定結果,最高落札価格（電源属地別）[円/kW・30分],11.42,19.51,19.51,19.51,1.22,19.49,19.49,6.16,19.51,19.51
20251107B02,システム約定結果,最低落札価格（電源属地別）[円/kW・30分],7.21,2,0.73,2.36,1.22,0.36,0.36,0.36,0.36,0.36
20251107B02,システム約定結果,平均落札価格（電源属地別）[円/kW・30分],11.13,3.29,3.73,3.1,1.22,3.72,1.63,1.83,1.3,3.03
20251107B02,システム約定結果,最高落札価格（TSO別）[円/kW・30分],11.42,19.51,19.51,3.56,1.22,19.51,19.49,6.16,19.51,19.51
20251107B02,システム約定結果,最低落札価格（TSO別）[円/kW・30分],7.21,2,0.73,2.36,1.22,0.36,0.36,0.36,0.36,0.36
20251107B02,システム約定結果,平均落札価格（TSO別）[円/kW・30分],11.13,3.29,3.73,2.95,1.22,3.72,1.58,2.3,1.66,3.03
20251107B02,システム約定結果,落札量合計（TSO別）[MW],28,430.419,202.304,532.141,80,450.222,144.838,99,234.307,2201.231
20251107B02,システム約定結果,（内訳）自エリアからの落札量[MW],28,430.419,202.304,532.141,80,357.465,139.105,65,189.307,2023.741
20251107B02,追加調達結果,募集量（TSO別）[MW],-,-,-,-,-,-,-,-,-,-
20251107B02,追加調達結果,応札量合計（電源属地別）[MW],0,0,0,0,0,0,0,0,0,0
20251107B02,追加調達結果,約定量合計（電源属地別）[MW],0,0,0,0,0,0,0,0,0,0
20251107B02,追加調達結果,応札件数（電源属地別）[件],0,0,0,0,0,0,0,0,0,0
20251107B02,追加調達結果,約定件数（電源属地別）[件],0,0,0,0,0,0,0,0,0,0
20251107B02,追加調達結果,最高約定価格（電源属地別）[円/kW・30分],0,0,0,0,0,0,0,0,0,0
20251107B02,追加調達結果,最低約定価格（電源属地別）[円/kW・30分],0,0,0,0,0,0,0,0,0,0
20251107B02,追加調達結果,平均約定価格（電源属地別）[円/kW・30分],0,0,0,0,0,0,0,0,0,0
20251107B02,追加調達結果,最高約定価格（TSO別）[円/kW・30分],0,0,0,0,0,0,0,0,0,0
20251107B02,追加調達結果,最低約定価格（TSO別）[円/kW・30分],0,0,0,0,0,0,0,0,0,0
20251107B02,追加調達結果,平均約定価格（TSO別）[円/kW・30分],0,0,0,0,0,0,0,0,0,0
20251107B02,追加調達結果,約定量合計（TSO別）[MW],0,0,0,0,0,0,0,0,0,0
20251107B02,追加調達結果,（内訳）自エリアからの約定量[MW],0,0,0,0,0,0,0,0,0,0
20251107B02,合計（確報値）,募集量（TSO別）[MW],28,133,335,158,92,380,189,99,300,1714
20251107B02,合計（確報値）,応札量合計（電源属地別）[MW],185.9,430.419,334.404,1475.858,92,864.465,365.224,129,474.307,4351.577
20251107B02,合計（確報値）,約定量合計（電源属地別）[MW],28,430.419,202.304,691.858,92,357.465,80.663,70.733,189.307,2142.749
20251107B02,合計（確報値）,応札件数（電源属地別）[件],3,4,10,42,1,7,9,6,7,89
20251107B02,合計（確報値）,約定件数（電源属地別）[件],2,4,8,29,1,7,7,4,7,69
20251107B02,合計（確報値）,最高約定価格（電源属地別）[円/kW・30分],11.42,19.51,19.51,19.51,1.22,19.49,19.49,6.16,19.51,19.51
20251107B02,合計（確報値）,最低約定価格（電源属地別）[円/kW・30分],7.21,2,0.73,0.36,1.22,0.36,0.36,0.36,0.36,0.36
20251107B02,合計（確報値）,平均約定価格（電源属地別）[円/kW・30分],11.13,3.29,3.73,1,1.22,3.72,1.04,1.83,1.3,2.37
20251107B02,合計（確報値）,最高約定価格（TSO別）[円/kW・30分],11.42,19.51,19.51,2.5,1.22,19.51,19.49,6.16,19.51,19.51
20251107B02,合計（確報値）,最低約定価格（TSO別）[円/kW・30分],7.21,2,0.73,0.36,1.22,0.36,0.36,0.36,0.36,0.36
20251107B02,合計（確報値）,平均約定価格（TSO別）[円/kW・30分],11.13,3.29,3.73,0.9,1.22,3.4,0.99,1.41,1.12,2.37
20251107B02,合計（確報値）,約定量合計（TSO別）[MW],28,430.419,202.304,532.141,80,450.222,86.356,99,234.307,2142.749
20251107B02,合計（確報値）,（内訳）自エリアからの約定量[MW],28,430.419,202.304,532.141,80,357.465,80.623,65,189.307,1965.259
20251107B03,システム約定結果,募集量（TSO別）[MW],134,932,481,400,127,605,284,174,427,3564
20251107B03,システム約定結果,応札量合計（電源属地別）[MW],185.99,770.419,311.684,329.858,127,190.299,325.957,133,476.231,2850.438
20251107B03,システム約定結果,落札量合計（電源属地別）[MW],134,770.419,267.831,329.858,127,190.299,325.957,133,337.231,2615.595
20251107B03,システム約定結果,応札件数（電源属地別）[件],3,6,21,6,2,3,6,4,8,59
20251107B03,システム約定結果,落札件数（電源属地別）[件],3,6,18,6,2,3,6,4,8,56
20251107B03,システム約定結果,最高落札価格（電源属地別）[円/kW・30分],18.53,19.51,19.51,19.51,1.33,19.51,19.51,5.95,19.51,19.51
20251107B03,システム約定結果,最低落札価格（電源属地別）[円/kW・30分],11.97,2.13,0.73,3.47,0.35,1.5,0.36,0.36,0.36,0.35
20251107B03,システム約定結果,平均落札価格（電源属地別）[円/kW・30分],13.39,3.03,4.03,3.86,0.87,5.8,1.37,2.08,1.09,3.36
20251107B03,システム約定結果,最高落札価格（TSO別）[円/kW・30分],18.53,19.51,19.51,19.51,3.52,19.51,19.51,5.95,19.51,19.51
20251107B03,システム約定結果,最低落札価格（TSO別）[円/kW・30分],11.97,2.13,0.73,3.47,0.35,0.35,0.36,0.36,0.36,0.35
20251107B03,システム約定結果,平均落札価格（TSO別）[円/kW・30分],13.39,3.09,4.44,4.08,1.38,3.64,1.31,2.08,1.09,3.36
20251107B03,システム約定結果,落札量合計（TSO別）[MW],134,856.719,164.162,187.328,122.156,494.199,186.8,133,337.231,2615.595
20251107B03,システム約定結果,（内訳）自エリアからの落札量[MW],134,705.419,99.162,187.328,75.574,190.299,186.8,133,337.231,2048.813
20251107B03,追加調達結果,募集量（TSO別）[MW],-,-,-,-,-,-,-,-,-,-
20251107B03,追加調達結果,応札量合計（電源属地別）[MW],0,0,0,0,0,0,0,0,0,0
20251107B03,追加調達結果,約定量合計（電源属地別）[MW],0,0,0,0,0,0,0,0,0,0
20251107B03,追加調達結果,応札件数（電源属地別）[件],0,0,0,0,0,0,0,0,0,0
20251107B03,追加調達結果,約定件数（電源属地別）[件],0,0,0,0,0,0,0,0,0,0
20251107B03,追加調達結果,最高約定価格（電源属地別）[円/kW・30分],0,0,0,0,0,0,0,0,0,0
20251107B03,追加調達結果,最低約定価格（電源属地別）[円/kW・30分],0,0,0,0,0,0,0,0,0,0
20251107B03,追加調達結果,平均約定価格（電源属地別）[円/kW・30分],0,0,0,0,0,0,0,0,0,0
20251107B03,追加調達結果,最高約定価格（TSO別）[円/kW・30分],0,0,0,0,0,0,0,0,0,0
20251107B03,追加調達結果,最低約定価格（TSO別）[円/kW・30分],0,0,0,0,0,0,0,0,0,0
20251107B03,追加調達結果,平均約定価格（TSO別）[円/kW・30分],0,0,0,0,0,0,0,0,0,0
20251107B03,追加調達結果,約定量合計（TSO別）[MW],0,0,0,0,0,0,0,0,0,0
20251107B03,追加調達結果,（内訳）自エリアからの約定量[MW],0,0,0,0,0,0,0,0,0,0
20251107B03,合計（確報値）,募集量（TSO別）[MW],134,932,481,400,127,605,284,174,427,3564
20251107B03,合計（確報値）,応札量合計（電源属地別）[MW],185.99,940.419,311.684,977.858,127,190.299,385.631,133,476.231,3728.112
20251107B03,合計（確報値）,約定量合計（電源属地別）[MW],134,770.419,267.831,329.858,127,190.299,242.021,133,337.231,2531.659
20251107B03,合計（確報値）,応札件数（電源属地別）[件],3,10,21,43,2,3,10,4,8,104
20251107B03,合計（確報値）,約定件数（電源属地別）[件],3,9,18,23,2,3,9,4,8,79
20251107B03,合計（確報値）,最高約定価格（電源属地別）[円/kW・30分],18.53,19.51,19.51,19.51,1.33,19.51,19.51,5.95,19.51,19.51
20251107B03,合計（確報値）,最低約定価格（電源属地別）[円/kW・30分],11.97,2.13,0.73,0.36,0.35,1.5,0.36,0.36,0.36,0.35
20251107B03,合計（確報値）,平均約定価格（電源属地別）[円/kW・30分],13.39,3.03,4.03,0.7,0.87,5.8,1.14,2.08,1.09,2.99
20251107B03,合計（確報値）,最高約定価格（TSO別）[円/kW・30分],18.53,19.51,19.51,19.51,2.39,19.51,19.51,5.95,19.51,19.51
20251107B03,合計（確報値）,最低約定価格（TSO別）[円/kW・30分],11.97,2.13,0.73,0.36,0.35,0.35,0.36,0.36,0.36,0.35
20251107B03,合計（確報値）,平均約定価格（TSO別）[円/kW・30分],13.39,3.09,4.44,0.96,1.02,2.91,1.06,2.08,1.09,2.99
20251107B03,合計（確報値）,約定量合計（TSO別）[MW],134,856.719,164.162,187.328,122.156,444.33,152.733,133,337.231,2531.659
20251107B03,合計（確報値）,（内訳）自エリアからの約定量[MW],134,705.419,99.162,187.328,75.574,190.299,152.733,133,337.231,2014.746
20251107B04,システム約定結果,募集量（TSO別）[MW],116,270,954,264,194,869,486,219,604,3976
20251107B04,システム約定結果,応札量合計（電源属地別）[MW],296.64,250,1582.657,7.718,194,975.1,325.157,181,591.58,4403.852
20251107B04,システム約定結果,落札量合計（電源属地別）[MW],118.01,250,962.85,7.718,194,871.956,325.157,181,589.53,3500.221
20251107B04,システム約定結果,応札件数（電源属地別）[件],6,1,19,4,2,6,6,4,11,59
20251107B04,システム約定結果,落札件数（電源属地別）[件],5,1,14,4,2,5,6,4,9,50
20251107B04,システム約定結果,最高落札価格（電源属地別）[円/kW・30分],18.5,5.06,19.51,19.51,1.22,3.87,19.51,6.83,19.51,19.51
20251107B04,システム約定結果,最低落札価格（電源属地別）[円/kW・30分],4.87,5.06,0.37,19.47,0.35,0.36,0.36,0.36,0.36,0.35
20251107B04,システム約定結果,平均落札価格（電源属地別）[円/kW・30分],13.12,5.06,1.47,19.49,0.89,1.12,0.86,0.93,3.64,2.32
20251107B04,システム約定結果,最高落札価格（TSO別）[円/kW・30分],18.5,5.06,19.51,5.06,1.46,19.51,19.51,6.83,19.51,19.51
20251107B04,システム約定結果,最低落札価格（TSO別）[円/kW・30分],4.87,3.07,0.37,0.36,0.35,0.36,0.36,0.36,0.36,0.35
20251107B04,システム約定結果,平均落札価格（TSO別）[円/kW・30分],13.12,4.89,1.69,1.21,0.85,1.33,0.86,0.93,3.98,2.32
20251107B04,システム約定結果,落札量合計（TSO別）[MW],118.01,205,884.517,206.666,186,803.718,387.78,181,527.53,3500.221
20251107B04,システム約定結果,（内訳）自エリアからの落札量[MW],118.01,188,845.121,0,157,787.077,301.282,181,527.53,3105.02
20251107B04,追加調達結果,募集量（TSO別）[MW],-,-,-,-,-,-,-,-,-,-
20251107B04,追加調達結果,応札量合計（電源属地別）[MW],0,0,0,0,0,0,0,0,0,0
20251107B04,追加調達結果,約定量合計（電源属地別）[MW],0,0,0,0,0,0,0,0,0,0
20251107B04,追加調達結果,応札件数（電源属地別）[件],0,0,0,0,0,0,0,0,0,0
20251107B04,追加調達結果,約定件数（電源属地別）[件],0,0,0,0,0,0,0,0,0,0
20251107B04,追加調達結果,最高約定価格（電源属地別）[円/kW・30分],0,0,0,0,0,0,0,0,0,0
20251107B04,追加調達結果,最低約定価格（電源属地別）[円/kW・30分],0,0,0,0,0,0,0,0,0,0
20251107B04,追加調達結果,平均約定価格（電源属地別）[円/kW・30分],0,0,0,0,0,0,0,0,0,0
20251107B04,追加調達結果,最高約定価格（TSO別）[円/kW・30分],0,0,0,0,0,0,0,0,0,0
20251107B04,追加調達結果,最低約定価格（TSO別）[円/kW・30分],0,0,0,0,0,0,0,0,0,0
20251107B04,追加調達結果,平均約定価格（TSO別）[円/kW・30分],0,0,0,0,0,0,0,0,0,0
20251107B04,追加調達結果,約定量合計（TSO別）[MW],0,0,0,0,0,0,0,0,0,0
20251107B04,追加調達結果,（内訳）自エリアからの約定量[MW],0,0,0,0,0,0,0,0,0,0
20251107B04,合計（確報値）,募集量（TSO別）[MW],116,270,954,264,194,869,486,219,604,3976
20251107B04,合計（確報値）,応札量合計（電源属地別）[MW],296.64,250,1916.989,7.718,194,975.1,384.831,181,941.58,5147.858
20251107B04,合計（確報値）,約定量合計（電源属地別）[MW],104,250,962.85,7.718,194,871.956,241.221,181,587.73,3400.475
20251107B04,合計（確報値）,応札件数（電源属地別）[件],6,1,25,4,2,6,9,4,19,76
20251107B04,合計（確報値）,約定件数（電源属地別）[件],4,1,19,4,2,5,8,4,15,62
20251107B04,合計（確報値）,最高約定価格（電源属地別）[円/kW・30分],18.5,5.06,19.51,19.51,1.22,3.87,19.51,6.83,19.51,19.51
20251107B04,合計（確報値）,最低約定価格（電源属地別）[円/kW・30分],4.87,5.06,0.36,19.47,0.35,0.36,0.36,0.36,0.36,0.35
20251107B04,合計（確報値）,平均約定価格（電源属地別）[円/kW・30分],14.21,5.06,1.22,19.49,0.89,1.12,0.73,0.93,1.14,1.83
20251107B04,合計（確報値）,最高約定価格（TSO別）[円/kW・30分],18.5,5.06,19.51,5.06,1.46,19.51,19.51,6.83,19.51,19.51
20251107B04,合計（確報値）,最低約定価格（TSO別）[円/kW・30分],4.87,3.07,0.36,0.36,0.35,0.36,0.36,0.36,0.36,0.35
20251107B04,合計（確報値）,平均約定価格（TSO別）[円/kW・30分],14.21,4.89,1.42,1.21,0.82,1.33,0.77,0.93,1.19,1.83
20251107B04,合計（確報値）,約定量合計（TSO別）[MW],104,205,884.517,206.666,166.337,803.718,323.507,181,525.73,3400.475
20251107B04,合計（確報値）,（内訳）自エリアからの約定量[MW],104,188,845.121,0,157,787.077,237.009,181,525.73,3024.937
20251107B05,システム約定結果,募集量（TSO別）[MW],32,406,824,383,194,588,361,145,537,3470
20251107B05,システム約定結果,応札量合計（電源属地別）[MW],226.75,430.419,1334.551,7.718,194,1014.149,255.422,117,596.844,4176.853
20251107B05,システム約定結果,落札量合計（電源属地別）[MW],32,430.419,745.347,7.718,194,747.051,209.561,117,395.844,2878.94
20251107B05,システム約定結果,応札件数（電源属地別）[件],3,4,28,4,2,8,6,4,15,74
20251107B05,システム約定結果,落札件数（電源属地別）[件],1,4,22,4,2,8,6,4,13,64
20251107B05,システム約定結果,最高落札価格（電源属地別）[円/kW・30分],13.86,19.51,19.51,19.51,0.8,19.51,19.51,6.62,19.51,19.51
20251107B05,システム約定結果,最低落札価格（電源属地別）[円/kW・30分],13.86,2.93,0.37,19.47,0.35,0.36,0.36,0.36,0.36,0.35
20251107B05,システム約定結果,平均落札価格（電源属地別）[円/kW・30分],13.86,4.33,1.41,19.49,0.63,1.34,1.02,1.19,3.4,2.2
20251107B05,システム約定結果,最高落札価格（TSO別）[円/kW・30分],13.86,19.51,19.51,19.51,1.38,19.51,19.51,6.62,19.51,19.51
20251107B05,システム約定結果,最低落札価格（TSO別）[円/kW・30分],13.86,1.08,0.37,0.36,0.35,0.36,0.36,0.36,0.36,0.35
20251107B05,システム約定結果,平均落札価格（TSO別）[円/kW・30分],13.86,4.28,1.7,1.41,0.77,1.58,0.87,1.19,3.14,2.2
20251107B05,システム約定結果,落札量合計（TSO別）[MW],32,402.086,652.28,212.451,194,539.398,295.881,117,433.844,2878.94
20251107B05,システム約定結果,（内訳）自エリアからの落札量[MW],32,370.086,591.947,7.718,147,493.031,209.561,117,395.844,2364.187
20251107B05,追加調達結果,募集量（TSO別）[MW],-,-,-,-,-,-,-,-,-,-
20251107B05,追加調達結果,応札量合計（電源属地別）[MW],0,0,0,0,0,0,0,0,0,0
20251107B05,追加調達結果,約定量合計（電源属地別）[MW],0,0,0,0,0,0,0,0,0,0
20251107B05,追加調達結果,応札件数（電源属地別）[件],0,0,0,0,0,0,0,0,0,0
20251107B05,追加調達結果,約定件数（電源属地別）[件],0,0,0,0,0,0,0,0,0,0
20251107B05,追加調達結果,最高約定価格（電源属地別）[円/kW・30分],0,0,0,0,0,0,0,0,0,0
20251107B05,追加調達結果,最低約定価格（電源属地別）[円/kW・30分],0,0,0,0,0,0,0,0,0,0
20251107B05,追加調達結果,平均約定価格（電源属地別）[円/kW・30分],0,0,0,0,0,0,0,0,0,0
20251107B05,追加調達結果,最高約定価格（TSO別）[円/kW・30分],0,0,0,0,0,0,0,0,0,0
20251107B05,追加調達結果,最低約定価格（TSO別）[円/kW・30分],0,0,0,0,0,0,0,0,0,0
20251107B05,追加調達結果,平均約定価格（TSO別）[円/kW・30分],0,0,0,0,0,0,0,0,0,0
20251107B05,追加調達結果,約定量合計（TSO別）[MW],0,0,0,0,0,0,0,0,0,0
20251107B05,追加調達結果,（内訳）自エリアからの約定量[MW],0,0,0,0,0,0,0,0,0,0
20251107B05,合計（確報値）,募集量（TSO別）[MW],32,406,824,383,194,588,361,145,537,3470
20251107B05,合計（確報値）,応札量合計（電源属地別）[MW],226.75,600.419,1657.874,7.718,194,1014.149,269.235,117,973.194,5060.339
20251107B05,合計（確報値）,約定量合計（電源属地別）[MW],32,430.419,745.347,7.718,194,747.051,125.625,117,395.394,2794.554
20251107B05,合計（確報値）,応札件数（電源属地別）[件],3,9,34,4,2,8,8,4,23,95
20251107B05,合計（確報値）,約定件数（電源属地別）[件],1,8,27,4,2,8,7,4,18,79
20251107B05,合計（確報値）,最高約定価格（電源属地別）[円/kW・30分],13.86,19.51,19.51,19.51,0.8,19.51,19.51,6.62,19.51,19.51
20251107B05,合計（確報値）,最低約定価格（電源属地別）[円/kW・30分],13.86,1.87,0.36,19.47,0.35,0.36,0.36,0.36,0.36,0.35
20251107B05,合計（確報値）,平均約定価格（電源属地別）[円/kW・30分],13.86,3.91,1.1,19.49,0.63,1.34,0.88,1.19,1.46,1.81
20251107B05,合計（確報値）,最高約定価格（TSO別）[円/kW・30分],13.86,19.51,19.51,19.51,1.38,19.51,19.51,6.62,19.51,19.51
20251107B05,合計（確報値）,最低約定価格（TSO別）[円/kW・30分],13.86,0.36,0.36,0.36,0.35,0.36,0.36,0.36,0.36,0.35
20251107B05,合計（確報値）,平均約定価格（TSO別）[円/kW・30分],13.86,3.94,1.28,1.41,0.77,1.58,0.73,1.19,1.36,1.81
20251107B05,合計（確報値）,約定量合計（TSO別）[MW],32,402.086,652.28,212.451,194,539.398,211.945,117,433.394,2794.554
20251107B05,合計（確報値）,（内訳）自エリアからの約定量[MW],32,370.086,591.947,7.718,147,493.031,125.625,117,395.394,2279.801
20251107B06,システム約定結果,募集量（TSO別）[MW],36,732,695,402,120,692,340,179,549,3745
20251107B06,システム約定結果,応札量合計（電源属地別）[MW],216.64,770.419,898.886,157.718,120,337.362,334.734,134,517.844,3487.603
20251107B06,システム約定結果,落札量合計（電源属地別）[MW],36,770.419,780.593,157.718,120,337.362,334.734,134,517.844,3188.67
20251107B06,システム約定結果,応札件数（電源属地別）[件],6,6,28,6,1,8,8,5,13,81
20251107B06,システム約定結果,落札件数（電源属地別）[件],2,6,26,6,1,8,8,5,13,75
20251107B06,システム約定結果,最高落札価格（電源属地別）[円/kW・30分],10,19.51,19.51,19.51,3.11,19.51,19.51,7.08,19.51,19.51
20251107B06,システム約定結果,最低落札価格（電源属地別）[円/kW・30分],7.8,1.73,0.37,0.66,3.11,1.09,1.35,0.36,0.94,0.36
20251107B06,システム約定結果,平均落札価格（電源属地別）[円/kW・30分],7.92,2.58,2.76,2.3,3.11,4.13,2.46,1.22,2.57,2.78
20251107B06,システム約定結果,最高落札価格（TSO別）[円/kW・30分],10,19.51,19.51,19.51,3.57,19.51,19.51,7.08,19.51,19.51
20251107B06,システム約定結果,最低落札価格（TSO別）[円/kW・30分],7.8,1.08,0.37,0.66,3.11,0.66,1.35,0.36,0.94,0.36
20251107B06,システム約定結果,平均落札価格（TSO別）[円/kW・30分],7.92,2.37,3.34,2.35,3.25,3.15,2.45,1.22,2.67,2.78
20251107B06,システム約定結果,落札量合計（TSO別）[MW],36,841.197,592.259,157.718,113,558.312,289.65,134,466.534,3188.67
20251107B06,システム約定結果,（内訳）自エリアからの落札量[MW],36,733.197,555.037,71.718,73,306.593,275.34,134,466.534,2651.419
20251107B06,追加調達結果,募集量（TSO別）[MW],-,-,-,-,-,-,-,-,-,-
20251107B06,追加調達結果,応札量合計（電源属地別）[MW],0,0,0,0,0,0,0,0,0,0
20251107B06,追加調達結果,約定量合計（電源属地別）[MW],0,0,0,0,0,0,0,0,0,0
20251107B06,追加調達結果,応札件数（電源属地別）[件],0,0,0,0,0,0,0,0,0,0
20251107B06,追加調達結果,約定件数（電源属地別）[件],0,0,0,0,0,0,0,0,0,0
20251107B06,追加調達結果,最高約定価格（電源属地別）[円/kW・30分],0,0,0,0,0,0,0,0,0,0
20251107B06,追加調達結果,最低約定価格（電源属地別）[円/kW・30分],0,0,0,0,0,0,0,0,0,0
20251107B06,追加調達結果,平均約定価格（電源属地別）[円/kW・30分],0,0,0,0,0,0,0,0,0,0
20251107B06,追加調達結果,最高約定価格（TSO別）[円/kW・30分],0,0,0,0,0,0,0,0,0,0
20251107B06,追加調達結果,最低約定価格（TSO別）[円/kW・30分],0,0,0,0,0,0,0,0,0,0
20251107B06,追加調達結果,平均約定価格（TSO別）[円/kW・30分],0,0,0,0,0,0,0,0,0,0
20251107B06,追加調達結果,約定量合計（TSO別）[MW],0,0,0,0,0,0,0,0,0,0
20251107B06,追加調達結果,（内訳）自エリアからの約定量[MW],0,0,0,0,0,0,0,0,0,0
20251107B06,合計（確報値）,募集量（TSO別）[MW],36,732,695,402,120,692,340,179,549,3745
20251107B06,合計（確報値）,応札量合計（電源属地別）[MW],216.64,770.419,1339.2,249.718,120,337.362,394.408,134,519.194,4080.941
20251107B06,合計（確報値）,約定量合計（電源属地別）[MW],36,770.419,780.593,157.718,120,337.362,250.798,134,517.394,3104.284
20251107B06,合計（確報値）,応札件数（電源属地別）[件],6,6,36,12,1,8,12,5,14,100
20251107B06,合計（確報値）,約定件数（電源属地別）[件],2,6,32,8,1,8,11,5,13,86
20251107B06,合計（確報値）,最高約定価格（電源属地別）[円/kW・30分],10,19.51,19.51,19.51,3.11,19.51,19.51,7.08,19.51,19.51
20251107B06,合計（確報値）,最低約定価格（電源属地別）[円/kW・30分],7.8,1.73,0.36,0.36,3.11,1.09,0.36,0.36,0.94,0.36
20251107B06,合計（確報値）,平均約定価格（電源属地別）[円/kW・30分],7.92,2.58,2.61,1.49,3.11,4.13,1.9,1.22,2.56,2.67
20251107B06,合計（確報値）,最高約定価格（TSO別）[円/kW・30分],10,19.51,19.51,19.51,3.49,19.51,19.51,7.08,19.51,19.51
20251107B06,合計（確報値）,最低約定価格（TSO別）[円/kW・30分],7.8,0.36,0.36,0.36,3.11,0.66,0.36,0.36,0.94,0.36
20251107B06,合計（確報値）,平均約定価格（TSO別）[円/kW・30分],7.92,2.28,3.29,1.48,3.21,3.15,1.87,1.22,2.65,2.67
20251107B06,合計（確報値）,約定量合計（TSO別）[MW],36,841.197,592.259,157.718,99.769,558.312,218.945,134,466.084,3104.284
20251107B06,合計（確報値）,（内訳）自エリアからの約定量[MW],36,733.197,555.037,71.718,73,306.593,204.635,134,466.084,2580.264
20251107B07,システム約定結果,募集量（TSO別）[MW],32,263,460,206,106,574,305,83,328,2357
20251107B07,システム約定結果,応札量合計（電源属地別）[MW],237.04,260.419,1108.659,791.3,106,1014.149,405.269,122,675.216,4720.052
20251107B07,システム約定結果,落札量合計（電源属地別）[MW],28.333,260.419,499.166,560.508,106,366.862,223.901,58.333,217,2320.522
20251107B07,システム約定結果,応札件数（電源属地別）[件],5,3,28,15,1,8,8,7,12,87
20251107B07,システム約定結果,落札件数（電源属地別）[件],1,3,22,14,1,8,7,4,5,65
20251107B07,システム約定結果,最高落札価格（電源属地別）[円/kW・30分],8.52,19.51,19.51,19.51,2.6,19.49,19.49,2.11,2.79,19.51
20251107B07,システム約定結果,最低落札価格（電源属地別）[円/kW・30分],8.52,1.9,0.73,2.01,2.6,1.09,0.92,0.75,0.58,0.58
20251107B07,システム約定結果,平均落札価格（電源属地別）[円/kW・30分],8.52,2.5,5.23,2.49,2.6,3.8,2.06,1.16,0.98,3.15
20251107B07,システム約定結果,最高落札価格（TSO別）[円/kW・30分],8.52,19.51,19.51,2.77,2.6,19.51,19.49,2.47,5.06,19.51
20251107B07,システム約定結果,最低落札価格（TSO別）[円/kW・30分],5.06,1.9,0.73,2.01,2.6,1.09,0.92,0.75,0.58,0.58
20251107B07,システム約定結果,平均落札価格（TSO別）[円/kW・30分],8.12,2.64,5.25,2.46,2.6,3.4,2.46,1.54,1.41,3.15
20251107B07,システム約定結果,落札量合計（TSO別）[MW],32,275.419,440.896,206,106,583.407,265.8,83,328,2320.522
20251107B07,システム約定結果,（内訳）自エリアからの落札量[MW],28.333,260.419,440.896,206,106,361.276,223.891,55,217,1898.815
20251107B07,追加調達結果,募集量（TSO別）[MW],-,-,-,-,-,-,-,-,-,-
20251107B07,追加調達結果,応札量合計（電源属地別）[MW],0,0,0,0,0,0,0,0,0,0
20251107B07,追加調達結果,約定量合計（電源属地別）[MW],0,0,0,0,0,0,0,0,0,0
20251107B07,追加調達結果,応札件数（電源属地別）[件],0,0,0,0,0,0,0,0,0,0
20251107B07,追加調達結果,約定件数（電源属地別）[件],0,0,0,0,0,0,0,0,0,0
20251107B07,追加調達結果,最高約定価格（電源属地別）[円/kW・30分],0,0,0,0,0,0,0,0,0,0
20251107B07,追加調達結果,最低約定価格（電源属地別）[円/kW・30分],0,0,0,0,0,0,0,0,0,0
20251107B07,追加調達結果,平均約定価格（電源属地別）[円/kW・30分],0,0,0,0,0,0,0,0,0,0
20251107B07,追加調達結果,最高約定価格（TSO別）[円/kW・30分],0,0,0,0,0,0,0,0,0,0
20251107B07,追加調達結果,最低約定価格（TSO別）[円/kW・30分],0,0,0,0,0,0,0,0,0,0
20251107B07,追加調達結果,平均約定価格（TSO別）[円/kW・30分],0,0,0,0,0,0,0,0,0,0
20251107B07,追加調達結果,約定量合計（TSO別）[MW],0,0,0,0,0,0,0,0,0,0
20251107B07,追加調達結果,（内訳）自エリアからの約定量[MW],0,0,0,0,0,0,0,0,0,0
20251107B07,合計（確報値）,募集量（TSO別）[MW],32,263,460,206,106,574,305,83,328,2357
20251107B07,合計（確報値）,応札量合計（電源属地別）[MW],237.04,260.419,1108.659,1458.864,106,1014.149,431.809,122,675.216,5414.156
20251107B07,合計（確報値）,約定量合計（電源属地別）[MW],28.333,260.419,499.166,560.508,106,366.862,152.692,58.333,217,2249.313
20251107B07,合計（確報値）,応札件数（電源属地別）[件],5,3,28,42,1,8,11,7,12,117
20251107B07,合計（確報値）,約定件数（電源属地別）[件],1,3,22,35,1,8,9,4,5,88
20251107B07,合計（確報値）,最高約定価格（電源属地別）[円/kW・30分],8.52,19.51,19.51,19.51,2.6,19.49,19.49,2.11,2.79,19.51
20251107B07,合計（確報値）,最低約定価格（電源属地別）[円/kW・30分],8.52,1.9,0.73,0.36,2.6,1.09,0.36,0.75,0.58,0.36
20251107B07,合計（確報値）,平均約定価格（電源属地別）[円/kW・30分],8.52,2.5,5.23,1.03,2.6,3.8,1.31,1.16,0.98,2.77
20251107B07,合計（確報値）,最高約定価格（TSO別）[円/kW・30分],8.52,19.51,19.51,2.77,2.6,19.51,19.49,2.11,5.06,19.51
20251107B07,合計（確報値）,最低約定価格（TSO別）[円/kW・30分],5.06,1.9,0.73,0.36,2.6,0.36,0.36,0.36,0.36,0.36
20251107B07,合計（確報値）,平均約定価格（TSO別）[円/kW・30分],8.12,2.64,5.25,1.47,2.6,2.75,2.01,0.87,0.87,2.77
20251107B07,合計（確報値）,約定量合計（TSO別）[MW],32,275.419,440.896,206,106,583.407,194.591,83,328,2249.313
20251107B07,合計（確報値）,（内訳）自エリアからの約定量[MW],28.333,260.419,440.896,206,106,361.276,152.682,55,217,1827.606
20251107B08,システム約定結果,募集量（TSO別）[MW],39,138,442,230,105,462,197,88,298,1999
20251107B08,システム約定結果,応札量合計（電源属地別）[MW],239.94,260.419,755.277,783.756,105,787.465,365.613,118,510.607,3926.077
20251107B08,システム約定結果,落札量合計（電源属地別）[MW],39,260.419,608.16,743.3,105,290.465,151.882,63.799,157.607,2419.632
20251107B08,システム約定結果,応札件数（電源属地別）[件],6,3,17,12,1,6,7,6,9,67
20251107B08,システム約定結果,落札件数（電源属地別）[件],3,3,15,11,1,6,6,4,9,58
20251107B08,システム約定結果,最高落札価格（電源属地別）[円/kW・30分],18.5,19.51,19.51,19.51,1.56,19.49,19.49,7.12,19.51,19.51
20251107B08,システム約定結果,最低落札価格（電源属地別）[円/kW・30分],5,3.33,0.73,1.74,1.56,0.41,0.37,0.74,0.37,0.37
20251107B08,システム約定結果,平均落札価格（電源属地別）[円/kW・30分],10.37,3.87,3.74,5.53,1.56,3.95,1.67,1.56,1.99,4.04
20251107B08,システム約定結果,最高落札価格（TSO別）[円/kW・30分],18.5,19.51,19.51,19.51,1.56,19.49,19.49,7.12,19.51,19.51
20251107B08,システム約定結果,最低落札価格（TSO別）[円/kW・30分],5,3.33,0.73,1.74,1.56,0.41,0.37,0.74,0.37,0.37
20251107B08,システム約定結果,平均落札価格（TSO別）[円/kW・30分],10.37,3.87,3.74,6.35,1.56,3.49,1.64,2.17,2.19,4.04
20251107B08,システム約定結果,落札量合計（TSO別）[MW],39,260.419,608.16,575.45,85,398.164,139.832,88,225.607,2419.632
20251107B08,システム約定結果,（内訳）自エリアからの落札量[MW],39,260.419,608.16,575.45,85,290.465,139.832,60,157.607,2215.933
20251107B08,追加調達結果,募集量（TSO別）[MW],-,-,-,-,-,-,-,-,-,-
20251107B08,追加調達結果,応札量合計（電源属地別）[MW],0,0,0,0,0,0,0,0,0,0
20251107B08,追加調達結果,約定量合計（電源属地別）[MW],0,0,0,0,0,0,0,0,0,0
20251107B08,追加調達結果,応札件数（電源属地別）[件],0,0,0,0,0,0,0,0,0,0
20251107B08,追加調達結果,約定件数（電源属地別）[件],0,0,0,0,0,0,0,0,0,0
20251107B08,追加調達結果,最高約定価格（電源属地別）[円/kW・30分],0,0,0,0,0,0,0,0,0,0
20251107B08,追加調達結果,最低約定価格（電源属地別）[円/kW・30分],0,0,0,0,0,0,0,0,0,0
20251107B08,追加調達結果,平均約定価格（電源属地別）[円/kW・30分],0,0,0,0,0,0,0,0,0,0
20251107B08,追加調達結果,最高約定価格（TSO別）[円/kW・30分],0,0,0,0,0,0,0,0,0,0
20251107B08,追加調達結果,最低約定価格（TSO別）[円/kW・30分],0,0,0,0,0,0,0,0,0,0
20251107B08,追加調達結果,平均約定価格（TSO別）[円/kW・30分],0,0,0,0,0,0,0,0,0,0
20251107B08,追加調達結果,約定量合計（TSO別）[MW],0,0,0,0,0,0,0,0,0,0
20251107B08,追加調達結果,（内訳）自エリアからの約定量[MW],0,0,0,0,0,0,0,0,0,0
20251107B08,合計（確報値）,募集量（TSO別）[MW],39,138,442,230,105,462,197,88,298,1999
20251107B08,合計（確報値）,応札量合計（電源属地別）[MW],239.94,260.419,755.277,1770.338,105,787.465,404.88,118,511.957,4953.276
20251107B08,合計（確報値）,約定量合計（電源属地別）[MW],39,260.419,608.16,743.3,105,290.465,93.4,63.799,157.157,2360.7
20251107B08,合計（確報値）,応札件数（電源属地別）[件],6,3,17,44,1,6,11,6,10,104
20251107B08,合計（確報値）,約定件数（電源属地別）[件],3,3,15,30,1,6,9,4,9,80
20251107B08,合計（確報値）,最高約定価格（電源属地別）[円/kW・30分],18.5,19.51,19.51,19.51,1.56,19.49,19.49,7.12,19.51,19.51
20251107B08,合計（確報値）,最低約定価格（電源属地別）[円/kW・30分],5,3.33,0.73,0.36,1.56,0.41,0.36,0.74,0.37,0.36
20251107B08,合計（確報値）,平均約定価格（電源属地別）[円/kW・30分],10.37,3.87,3.74,0.56,1.56,3.95,0.98,1.56,1.94,2.51
20251107B08,合計（確報値）,最高約定価格（TSO別）[円/kW・30分],18.5,19.51,19.51,19.51,1.56,19.49,19.49,7.12,19.51,19.51
20251107B08,合計（確報値）,最低約定価格（TSO別）[円/kW・30分],5,3.33,0.73,0.36,1.56,0.36,0.36,0.36,0.36,0.36
20251107B08,合計（確報値）,平均約定価格（TSO別）[円/kW・30分],10.37,3.87,3.74,0.62,1.56,2.99,0.98,1.21,1.64,2.51
20251107B08,合計（確報値）,約定量合計（TSO別）[MW],39,260.419,608.16,575.45,85,398.164,93.35,88,213.157,2360.7
20251107B08,合計（確報値）,（内訳）自エリアからの約定量[MW],39,260.419,608.16,575.45,85,290.465,93.35,60,157.157,2169.001
20251108B01,システム約定結果,募集量（TSO別）[MW],55,163,340,41,86,281,189,95,198,1448
20251108B01,システム約定結果,応札量合計（電源属地別）[MW],227.74,180.419,1442.025,178.86,86,662.915,180.547,86,510.918,3555.424
20251108B01,システム約定結果,落札量合計（電源属地別）[MW],55,180.419,308.108,178.86,86,269.415,135.913,86,59.918,1359.633
20251108B01,システム約定結果,応札件数（電源属地別）[件],5,3,23,4,1,7,4,5,7,59
20251108B01,システム約定結果,落札件数（電源属地別）[件],2,3,22,4,1,7,4,5,7,55
20251108B01,システム約定結果,最高落札価格（電源属地別）[円/kW・30分],12.1,19.51,19.51,19.49,0.83,19.49,1.24,6.56,19.51,19.51
20251108B01,システム約定結果,最低落札価格（電源属地別）[円/kW・30分],8,2.58,0.36,1.83,0.83,0.36,0.36,0.36,0.36,0.36
20251108B01,システム約定結果,平均落札価格（電源属地別）[円/kW・30分],11.58,3.4,2.35,2.28,0.83,4.85,0.82,1.78,2.75,3.08
20251108B01,システム約定結果,最高落札価格（TSO別）[円/kW・30分],12.1,19.51,19.51,2.15,0.83,19.49,1.24,6.56,19.51,19.51
20251108B01,システム約定結果,最低落札価格（TSO別）[円/kW・30分],8,2.58,0.36,1.83,0.83,0.36,0.36,0.36,0.36,0.36
20251108B01,システム約定結果,平均落札価格（TSO別）[円/kW・30分],11.58,3.4,2.35,2.1,0.83,4.57,0.82,1.78,2.75,3.08
20251108B01,システム約定結果,落札量合計（TSO別）[MW],55,180.419,308.108,135.165,86,313.11,135.913,86,59.918,1359.633
20251108B01,システム約定結果,（内訳）自エリアからの落札量[MW],55,180.419,308.108,135.165,86,269.415,135.913,86,59.918,1315.938
20251108B01,追加調達結果,募集量（TSO別）[MW],-,-,-,-,-,-,-,-,-,-
20251108B01,追加調達結果,応札量合計（電源属地別）[MW],0,0,0,0,0,0,0,0,0,0
20251108B01,追加調達結果,約定量合計（電源属地別）[MW],0,0,0,0,0,0,0,0,0,0
20251108B01,追加調達結果,応札件数（電源属地別）[件],0,0,0,0,0,0,0,0,0,0
20251108B01,追加調達結果,約定件数（電源属地別）[件],0,0,0,0,0,0,0,0,0,0
20251108B01,追加調達結果,最高約定価格（電源属地別）[円/kW・30分],0,0,0,0,0,0,0,0,0,0
20251108B01,追加調達結果,最低約定価格（電源属地別）[円/kW・30分],0,0,0,0,0,0,0,0,0,0
20251108B01,追加調達結果,平均約定価格（電源属地別）[円/kW・30分],0,0,0,0,0,0,0,0,0,0
20251108B01,追加調達結果,最高約定価格（TSO別）[円/kW・30分],0,0,0,0,0,0,0,0,0,0
20251108B01,追加調達結果,最低約定価格（TSO別）[円/kW・30分],0,0,0,0,0,0,0,0,0,0
20251108B01,追加調達結果,平均約定価格（TSO別）[円/kW・30分],0,0,0,0,0,0,0,0,0,0
20251108B01,追加調達結果,約定量合計（TSO別）[MW],0,0,0,0,0,0,0,0,0,0
20251108B01,追加調達結果,（内訳）自エリアからの約定量[MW],0,0,0,0,0,0,0,0,0,0
20251108B01,合計（確報値）,募集量（TSO別）[MW],55,163,340,41,86,281,189,95,198,1448
20251108B01,合計（確報値）,応札量合計（電源属地別）[MW],227.74,180.419,1442.025,343.86,86,662.915,180.547,86,510.918,3720.424
20251108B01,合計（確報値）,約定量合計（電源属地別）[MW],48,180.419,308.108,178.86,86,269.415,135.913,86,59.918,1352.633
20251108B01,合計（確報値）,応札件数（電源属地別）[件],5,3,23,11,1,7,4,5,7,66
20251108B01,合計（確報値）,約定件数（電源属地別）[件],1,3,22,9,1,7,4,5,7,59
20251108B01,合計（確報値）,最高約定価格（電源属地別）[円/kW・30分],12.1,19.51,19.51,19.49,0.83,19.49,1.24,6.56,19.51,19.51
20251108B01,合計（確報値）,最低約定価格（電源属地別）[円/kW・30分],12.1,2.58,0.36,0.36,0.83,0.36,0.36,0.36,0.36,0.36
20251108B01,合計（確報値）,平均約定価格（電源属地別）[円/kW・30分],12.1,3.4,2.35,0.66,0.83,4.85,0.82,1.78,2.75,2.84
20251108B01,合計（確報値）,最高約定価格（TSO別）[円/kW・30分],12.1,19.51,19.51,1.83,0.83,19.49,1.24,6.56,19.51,19.51
20251108B01,合計（確報値）,最低約定価格（TSO別）[円/kW・30分],12.1,2.58,0.36,0.36,0.83,0.36,0.36,0.36,0.36,0.36
20251108B01,合計（確報値）,平均約定価格（TSO別）[円/kW・30分],12.1,3.4,2.35,0.45,0.83,4.36,0.82,1.78,2.75,2.84
20251108B01,合計（確報値）,約定量合計（TSO別）[MW],48,180.419,308.108,135.165,86,313.11,135.913,86,59.918,1352.633
20251108B01,合計（確報値）,（内訳）自エリアからの約定量[MW],48,180.419,308.108,135.165,86,269.415,135.913,86,59.918,1308.938
20251108B02,システム約定結果,募集量（TSO別）[MW],28,133,335,158,92,380,189,99,300,1714
20251108B02,システム約定結果,応札量合計（電源属地別）[MW],246.45,180.419,529.749,17.798,92,662.915,182.347,129,472.418,2513.096
20251108B02,システム約定結果,落札量合計（電源属地別）[MW],28,180.419,361.608,17.798,92,285.915,125.713,104.733,213.017,1409.203
20251108B02,システム約定結果,応札件数（電源属地別）[件],5,3,19,4,1,7,5,6,6,56
20251108B02,システム約定結果,落札件数（電源属地別）[件],3,3,17,4,1,7,5,5,6,51
20251108B02,システム約定結果,最高落札価格（電源属地別）[円/kW・30分],13.05,19.51,19.51,19.49,1.49,19.49,19.49,6.17,19.51,19.51
20251108B02,システム約定結果,最低落札価格（電源属地別）[円/kW・30分],4,2.33,0.37,1.66,1.49,0.71,0.42,0.36,0.36,0.36
20251108B02,システム約定結果,平均落札価格（電源属地別）[円/kW・30分],11.36,3.17,2.89,7.46,1.49,4.34,1.68,1.35,1,2.85
20251108B02,システム約定結果,最高落札価格（TSO別）[円/kW・30分],13.05,19.51,19.51,19.49,1.66,19.49,19.49,6.17,19.51,19.51
20251108B02,システム約定結果,最低落札価格（TSO別）[円/kW・30分],4,2.33,0.37,1.66,0.46,0.46,0.42,0.36,0.36,0.36
20251108B02,システム約定結果,平均落札価格（TSO別）[円/kW・30分],11.36,3.17,2.89,8.67,1.43,3.95,1.45,1.35,1.1,2.85
20251108B02,システム約定結果,落札量合計（TSO別）[MW],28,180.419,361.608,14.743,80,339.215,73.8,99,232.418,1409.203
20251108B02,システム約定結果,（内訳）自エリアからの落札量[MW],28,180.419,361.608,14.743,67,285.915,73.8,99,213.017,1323.502
20251108B02,追加調達結果,募集量（TSO別）[MW],-,-,-,-,-,-,-,-,-,-
20251108B02,追加調達結果,応札量合計（電源属地別）[MW],0,0,0,0,0,0,0,0,0,0
20251108B02,追加調達結果,約定量合計（電源属地別）[MW],0,0,0,0,0,0,0,0,0,0
20251108B02,追加調達結果,応札件数（電源属地別）[件],0,0,0,0,0,0,0,0,0,0
20251108B02,追加調達結果,約定件数（電源属地別）[件],0,0,0,0,0,0,0,0,0,0
20251108B02,追加調達結果,最高約定価格（電源属地別）[円/kW・30分],0,0,0,0,0,0,0,0,0,0
20251108B02,追加調達結果,最低約定価格（電源属地別）[円/kW・30分],0,0,0,0,0,0,0,0,0,0
20251108B02,追加調達結果,平均約定価格（電源属地別）[円/kW・30分],0,0,0,0,0,0,0,0,0,0
20251108B02,追加調達結果,最高約定価格（TSO別）[円/kW・30分],0,0,0,0,0,0,0,0,0,0
20251108B02,追加調達結果,最低約定価格（TSO別）[円/kW・30分],0,0,0,0,0,0,0,0,0,0
20251108B02,追加調達結果,平均約定価格（TSO別）[円/kW・30分],0,0,0,0,0,0,0,0,0,0
20251108B02,追加調達結果,約定量合計（TSO別）[MW],0,0,0,0,0,0,0,0,0,0
20251108B02,追加調達結果,（内訳）自エリアからの約定量[MW],0,0,0,0,0,0,0,0,0,0
20251108B02,合計（確報値）,募集量（TSO別）[MW],28,133,335,158,92,380,189,99,300,1714
20251108B02,合計（確報値）,応札量合計（電源属地別）[MW],246.45,180.419,529.749,17.798,92,662.915,182.347,129,472.418,2513.096
20251108B02,合計（確報値）,約定量合計（電源属地別）[MW],28,180.419,361.608,17.798,92,285.915,125.713,104.733,213.017,1409.203
20251108B02,合計（確報値）,応札件数（電源属地別）[件],5,3,19,4,1,7,5,6,6,56
20251108B02,合計（確報値）,約定件数（電源属地別）[件],3,3,17,4,1,7,5,5,6,51
20251108B02,合計（確報値）,最高約定価格（電源属地別）[円/kW・30分],13.05,19.51,19.51,19.49,1.49,19.49,19.49,6.17,19.51,19.51
20251108B02,合計（確報値）,最低約定価格（電源属地別）[円/kW・30分],4,2.33,0.37,1.66,1.49,0.71,0.42,0.36,0.36,0.36
20251108B02,合計（確報値）,平均約定価格（電源属地別）[円/kW・30分],11.36,3.17,2.89,7.46,1.49,4.34,1.68,1.35,1,2.85
20251108B02,合計（確報値）,最高約定価格（TSO別）[円/kW・30分],13.05,19.51,19.51,19.49,1.66,19.49,19.49,6.17,19.51,19.51
20251108B02,合計（確報値）,最低約定価格（TSO別）[円/kW・30分],4,2.33,0.37,1.66,0.46,0.46,0.42,0.36,0.36,0.36
20251108B02,合計（確報値）,平均約定価格（TSO別）[円/kW・30分],11.36,3.17,2.89,8.67,1.43,3.95,1.45,1.35,1.1,2.85
20251108B02,合計（確報値）,約定量合計（TSO別）[MW],28,180.419,361.608,14.743,80,339.215,73.8,99,232.418,1409.203
20251108B02,合計（確報値）,（内訳）自エリアからの約定量[MW],28,180.419,361.608,14.743,67,285.915,73.8,99,213.017,1323.502
20251108B03,システム約定結果,募集量（TSO別）[MW],134,932,481,400,127,605,284,174,427,3564
20251108B03,システム約定結果,応札量合計（電源属地別）[MW],238.74,690.419,618.554,3.938,127,733.749,182.347,133,474.342,3202.089
20251108B03,システム約定結果,落札量合計（電源属地別）[MW],134,690.419,272.923,3.938,127,642.914,182.347,133,274.342,2460.883
20251108B03,システム約定結果,応札件数（電源属地別）[件],5,6,17,2,2,8,5,4,7,56
20251108B03,システム約定結果,落札件数（電源属地別）[件],4,6,14,2,2,8,5,4,6,51
20251108B03,システム約定結果,最高落札価格（電源属地別）[円/kW・30分],18.53,19.51,19.51,19.47,1.08,19.51,19.51,6.65,19.51,19.51
20251108B03,システム約定結果,最低落札価格（電源属地別）[円/kW・30分],13.83,1.45,2.26,19.47,1.03,0.36,0.4,0.36,0.36,0.36
20251108B03,システム約定結果,平均落札価格（電源属地別）[円/kW・30分],14.83,2.86,3.37,19.47,1.05,2.68,1.07,1.5,0.87,3.03
20251108B03,システム約定結果,最高落札価格（TSO別）[円/kW・30分],18.53,19.51,19.51,19.47,1.08,19.51,19.51,6.65,19.51,19.51
20251108B03,システム約定結果,最低落札価格（TSO別）[円/kW・30分],13.83,1.45,1.45,2.26,0.44,0.36,0.36,0.36,0.36,0.36
20251108B03,システム約定結果,平均落札価格（TSO別）[円/kW・30分],14.83,2.7,5,5.44,1.03,2.7,1.18,1.5,1.07,3.03
20251108B03,システム約定結果,落札量合計（TSO別）[MW],134,812.419,133.554,21.307,127,591.461,172.8,133,335.342,2460.883
20251108B03,システム約定結果,（内訳）自エリアからの落札量[MW],134,574.419,17.554,3.938,122.788,591.461,153.871,133,274.342,2005.373
20251108B03,追加調達結果,募集量（TSO別）[MW],-,-,-,-,-,-,-,-,-,-
20251108B03,追加調達結果,応札量合計（電源属地別）[MW],0,0,0,0,0,0,0,0,0,0
20251108B03,追加調達結果,約定量合計（電源属地別）[MW],0,0,0,0,0,0,0,0,0,0
20251108B03,追加調達結果,応札件数（電源属地別）[件],0,0,0,0,0,0,0,0,0,0
20251108B03,追加調達結果,約定件数（電源属地別）[件],0,0,0,0,0,0,0,0,0,0
20251108B03,追加調達結果,最高約定価格（電源属地別）[円/kW・30分],0,0,0,0,0,0,0,0,0,0
20251108B03,追加調達結果,最低約定価格（電源属地別）[円/kW・30分],0,0,0,0,0,0,0,0,0,0
20251108B03,追加調達結果,平均約定価格（電源属地別）[円/kW・30分],0,0,0,0,0,0,0,0,0,0
20251108B03,追加調達結果,最高約定価格（TSO別）[円/kW・30分],0,0,0,0,0,0,0,0,0,0
20251108B03,追加調達結果,最低約定価格（TSO別）[円/kW・30分],0,0,0,0,0,0,0,0,0,0
20251108B03,追加調達結果,平均約定価格（TSO別）[円/kW・30分],0,0,0,0,0,0,0,0,0,0
20251108B03,追加調達結果,約定量合計（TSO別）[MW],0,0,0,0,0,0,0,0,0,0
20251108B03,追加調達結果,（内訳）自エリアからの約定量[MW],0,0,0,0,0,0,0,0,0,0
20251108B03,合計（確報値）,募集量（TSO別）[MW],134,932,481,400,127,605,284,174,427,3564
20251108B03,合計（確報値）,応札量合計（電源属地別）[MW],238.74,690.419,618.554,3.938,127,733.749,182.347,133,474.342,3202.089
20251108B03,合計（確報値）,約定量合計（電源属地別）[MW],134,690.419,272.923,3.938,127,642.914,182.347,133,274.342,2460.883
20251108B03,合計（確報値）,応札件数（電源属地別）[件],5,6,17,2,2,8,5,4,7,56
20251108B03,合計（確報値）,約定件数（電源属地別）[件],4,6,14,2,2,8,5,4,6,51
20251108B03,合計（確報値）,最高約定価格（電源属地別）[円/kW・30分],18.53,19.51,19.51,19.47,1.08,19.51,19.51,6.65,19.51,19.51
20251108B03,合計（確報値）,最低約定価格（電源属地別）[円/kW・30分],13.83,1.45,2.26,19.47,1.03,0.36,0.4,0.36,0.36,0.36
20251108B03,合計（確報値）,平均約定価格（電源属地別）[円/kW・30分],14.83,2.86,3.37,19.47,1.05,2.68,1.07,1.5,0.87,3.03
20251108B03,合計（確報値）,最高約定価格（TSO別）[円/kW・30分],18.53,19.51,19.51,19.47,1.08,19.51,19.51,6.65,19.51,19.51
20251108B03,合計（確報値）,最低約定価格（TSO別）[円/kW・30分],13.83,1.45,1.45,2.26,0.44,0.36,0.36,0.36,0.36,0.36
20251108B03,合計（確報値）,平均約定価格（TSO別）[円/kW・30分],14.83,2.7,5,5.44,1.03,2.7,1.18,1.5,1.07,3.03
20251108B03,合計（確報値）,約定量合計（TSO別）[MW],134,812.419,133.554,21.307,127,591.461,172.8,133,335.342,2460.883
20251108B03,合計（確報値）,（内訳）自エリアからの約定量[MW],134,574.419,17.554,3.938,122.788,591.461,153.871,133,274.342,2005.373
20251108B04,システム約定結果,募集量（TSO別）[MW],116,270,490,264,194,869,486,219,604,3512
20251108B04,システム約定結果,応札量合計（電源属地別）[MW],512.64,170,804.258,7.718,194,688.7,180.547,181,620.73,3359.593
20251108B04,システム約定結果,落札量合計（電源属地別）[MW],116,170,506.571,7.718,194,688.7,180.547,181,525.73,2570.266
20251108B04,システム約定結果,応札件数（電源属地別）[件],6,1,32,4,2,5,4,4,9,67
20251108B04,システム約定結果,落札件数（電源属地別）[件],4,1,31,4,2,5,4,4,9,64
20251108B04,システム約定結果,最高落札価格（電源属地別）[円/kW・30分],15.14,4.06,19.51,19.51,0.35,11.45,0.36,8.72,19.51,19.51
20251108B04,システム約定結果,最低落札価格（電源属地別）[円/kW・30分],7.21,4.06,0.37,19.47,0.35,0.36,0.36,0.36,0.36,0.35
20251108B04,システム約定結果,平均落札価格（電源属地別）[円/kW・30分],14.77,4.06,2.36,19.49,0.35,2.86,0.36,1.17,4.39,3.26
20251108B04,システム約定結果,最高落札価格（TSO別）[円/kW・30分],15.14,4.06,19.51,4.06,0.35,19.51,0.36,8.72,19.51,19.51
20251108B04,システム約定結果,最低落札価格（TSO別）[円/kW・30分],7.21,4.06,0.37,1.08,0.35,0.35,0.36,0.36,0.36,0.35
20251108B04,システム約定結果,平均落札価格（TSO別）[円/kW・30分],14.77,4.06,2.77,1.61,0.35,3.29,0.36,1.17,4.39,3.26
20251108B04,システム約定結果,落札量合計（TSO別）[MW],116,119,434.238,123.333,186,637.122,247.843,181,525.73,2570.266
20251108B04,システム約定結果,（内訳）自エリアからの落札量[MW],116,119,404.571,0,186,621.404,180.547,181,525.73,2334.252
20251108B04,追加調達結果,募集量（TSO別）[MW],-,-,-,-,-,-,-,-,-,-
20251108B04,追加調達結果,応札量合計（電源属地別）[MW],0,0,0,0,0,0,0,0,0,0
20251108B04,追加調達結果,約定量合計（電源属地別）[MW],0,0,0,0,0,0,0,0,0,0
20251108B04,追加調達結果,応札件数（電源属地別）[件],0,0,0,0,0,0,0,0,0,0
20251108B04,追加調達結果,約定件数（電源属地別）[件],0,0,0,0,0,0,0,0,0,0
20251108B04,追加調達結果,最高約定価格（電源属地別）[円/kW・30分],0,0,0,0,0,0,0,0,0,0
20251108B04,追加調達結果,最低約定価格（電源属地別）[円/kW・30分],0,0,0,0,0,0,0,0,0,0
20251108B04,追加調達結果,平均約定価格（電源属地別）[円/kW・30分],0,0,0,0,0,0,0,0,0,0
20251108B04,追加調達結果,最高約定価格（TSO別）[円/kW・30分],0,0,0,0,0,0,0,0,0,0
20251108B04,追加調達結果,最低約定価格（TSO別）[円/kW・30分],0,0,0,0,0,0,0,0,0,0
20251108B04,追加調達結果,平均約定価格（TSO別）[円/kW・30分],0,0,0,0,0,0,0,0,0,0
20251108B04,追加調達結果,約定量合計（TSO別）[MW],0,0,0,0,0,0,0,0,0,0
20251108B04,追加調達結果,（内訳）自エリアからの約定量[MW],0,0,0,0,0,0,0,0,0,0
20251108B04,合計（確報値）,募集量（TSO別）[MW],116,270,490,264,194,869,486,219,604,3512
20251108B04,合計（確報値）,応札量合計（電源属地別）[MW],512.64,170,804.258,7.718,194,688.7,180.547,181,1133.73,3872.593
20251108B04,合計（確報値）,約定量合計（電源属地別）[MW],116,170,506.571,7.718,194,688.7,180.547,181,525.73,2570.266
20251108B04,合計（確報値）,応札件数（電源属地別）[件],6,1,32,4,2,5,4,4,19,77
20251108B04,合計（確報値）,約定件数（電源属地別）[件],4,1,31,4,2,5,4,4,16,71
20251108B04,合計（確報値）,最高約定価格（電源属地別）[円/kW・30分],15.14,4.06,19.51,19.51,0.35,11.45,0.36,8.72,19.51,19.51
20251108B04,合計（確報値）,最低約定価格（電源属地別）[円/kW・30分],7.21,4.06,0.37,19.47,0.35,0.36,0.36,0.36,0.36,0.35
20251108B04,合計（確報値）,平均約定価格（電源属地別）[円/kW・30分],14.77,4.06,2.36,19.49,0.35,2.86,0.36,1.17,1.16,2.59
20251108B04,合計（確報値）,最高約定価格（TSO別）[円/kW・30分],15.14,4.06,19.51,4.06,0.35,19.51,0.36,8.72,19.51,19.51
20251108B04,合計（確報値）,最低約定価格（TSO別）[円/kW・30分],7.21,4.06,0.37,1.08,0.35,0.35,0.36,0.36,0.36,0.35
20251108B04,合計（確報値）,平均約定価格（TSO別）[円/kW・30分],14.77,4.06,2.77,1.61,0.35,3.29,0.36,1.17,1.16,2.59
20251108B04,合計（確報値）,約定量合計（TSO別）[MW],116,119,434.238,123.333,186,637.122,247.843,181,525.73,2570.266
20251108B04,合計（確報値）,（内訳）自エリアからの約定量[MW],116,119,404.571,0,186,621.404,180.547,181,525.73,2334.252
20251108B05,システム約定結果,募集量（TSO別）[MW],32,406,360,383,194,588,361,145,537,3006
20251108B05,システム約定結果,応札量合計（電源属地別）[MW],242.85,350.419,596.93,7.718,194,733.749,182.347,117,622.17,3047.183
20251108B05,システム約定結果,落札量合計（電源属地別）[MW],32,350.419,391.638,7.718,194,733.749,182.347,117,427.17,2436.041
20251108B05,システム約定結果,応札件数（電源属地別）[件],4,4,28,4,2,8,5,4,10,69
20251108B05,システム約定結果,落札件数（電源属地別）[件],2,4,25,4,2,8,5,4,10,64
20251108B05,システム約定結果,最高落札価格（電源属地別）[円/kW・30分],13.6,19.51,19.51,19.51,0.35,19.51,19.51,7.94,19.51,19.51
20251108B05,システム約定結果,最低落札価格（電源属地別）[円/kW・30分],13,1.78,0.37,19.47,0.35,0.36,0.36,0.36,0.36,0.35
20251108B05,システム約定結果,平均落札価格（電源属地別）[円/kW・30分],13.3,3.04,2.85,19.49,0.35,2.77,0.6,1.45,5.24,3.03
20251108B05,システム約定結果,最高落札価格（TSO別）[円/kW・30分],13.6,19.51,19.51,19.51,0.35,19.51,19.51,7.94,19.51,19.51
20251108B05,システム約定結果,最低落札価格（TSO別）[円/kW・30分],13,1.78,0.73,0.36,0.35,0.36,0.36,0.36,0.36,0.35
20251108B05,システム約定結果,平均落札価格（TSO別）[円/kW・30分],13.3,2.94,4.08,1.74,0.35,3.09,1.04,1.45,5.24,3.03
20251108B05,システム約定結果,落札量合計（TSO別）[MW],32,284.419,256.238,268.718,194,598.461,258.035,117,427.17,2436.041
20251108B05,システム約定結果,（内訳）自エリアからの落札量[MW],32,284.419,256.238,7.718,194,598.461,182.347,117,427.17,2099.353
20251108B05,追加調達結果,募集量（TSO別）[MW],-,-,-,-,-,-,-,-,-,-
20251108B05,追加調達結果,応札量合計（電源属地別）[MW],0,0,0,0,0,0,0,0,0,0
20251108B05,追加調達結果,約定量合計（電源属地別）[MW],0,0,0,0,0,0,0,0,0,0
20251108B05,追加調達結果,応札件数（電源属地別）[件],0,0,0,0,0,0,0,0,0,0
20251108B05,追加調達結果,約定件数（電源属地別）[件],0,0,0,0,0,0,0,0,0,0
20251108B05,追加調達結果,最高約定価格（電源属地別）[円/kW・30分],0,0,0,0,0,0,0,0,0,0
20251108B05,追加調達結果,最低約定価格（電源属地別）[円/kW・30分],0,0,0,0,0,0,0,0,0,0
20251108B05,追加調達結果,平均約定価格（電源属地別）[円/kW・30分],0,0,0,0,0,0,0,0,0,0
20251108B05,追加調達結果,最高約定価格（TSO別）[円/kW・30分],0,0,0,0,0,0,0,0,0,0
20251108B05,追加調達結果,最低約定価格（TSO別）[円/kW・30分],0,0,0,0,0,0,0,0,0,0
20251108B05,追加調達結果,平均約定価格（TSO別）[円/kW・30分],0,0,0,0,0,0,0,0,0,0
20251108B05,追加調達結果,約定量合計（TSO別）[MW],0,0,0,0,0,0,0,0,0,0
20251108B05,追加調達結果,（内訳）自エリアからの約定量[MW],0,0,0,0,0,0,0,0,0,0
20251108B05,合計（確報値）,募集量（TSO別）[MW],32,406,360,383,194,588,361,145,537,3006
20251108B05,合計（確報値）,応札量合計（電源属地別）[MW],242.85,350.419,596.93,7.718,194,733.749,182.347,117,1035.17,3460.183
20251108B05,合計（確報値）,約定量合計（電源属地別）[MW],15.9,350.419,391.638,7.718,194,733.749,182.347,117,427.17,2419.941
20251108B05,合計（確報値）,応札件数（電源属地別）[件],4,4,28,4,2,8,5,4,18,77
20251108B05,合計（確報値）,約定件数（電源属地別）[件],1,4,25,4,2,8,5,4,15,68
20251108B05,合計（確報値）,最高約定価格（電源属地別）[円/kW・30分],13.6,19.51,19.51,19.51,0.35,19.51,19.51,7.94,19.51,19.51
20251108B05,合計（確報値）,最低約定価格（電源属地別）[円/kW・30分],13.6,1.78,0.37,19.47,0.35,0.36,0.36,0.36,0.36,0.35
20251108B05,合計（確報値）,平均約定価格（電源属地別）[円/kW・30分],13.6,3.04,2.85,19.49,0.35,2.77,0.6,1.45,1.41,2.28
20251108B05,合計（確報値）,最高約定価格（TSO別）[円/kW・30分],13.6,19.51,19.51,19.51,0.35,19.51,19.51,7.94,19.51,19.51
20251108B05,合計（確報値）,最低約定価格（TSO別）[円/kW・30分],13.6,1.78,0.73,0.36,0.35,0.36,0.36,0.36,0.36,0.35
20251108B05,合計（確報値）,平均約定価格（TSO別）[円/kW・30分],13.6,2.94,4.08,1.74,0.35,3.09,1.04,1.45,1.41,2.28
20251108B05,合計（確報値）,約定量合計（TSO別）[MW],15.9,284.419,256.238,268.718,194,598.461,258.035,117,427.17,2419.941
20251108B05,合計（確報値）,（内訳）自エリアからの約定量[MW],15.9,284.419,256.238,7.718,194,598.461,182.347,117,427.17,2083.253
20251108B06,システム約定結果,募集量（TSO別）[MW],36,732,527,402,120,692,340,179,549,3577
20251108B06,システム約定結果,応札量合計（電源属地別）[MW],246.64,690.419,726.74,507.718,120,733.749,182.347,134,466.17,3807.783
20251108B06,システム約定結果,落札量合計（電源属地別）[MW],36,690.419,487.194,12.915,120,733.749,182.347,134,421.17,2817.794
20251108B06,システム約定結果,応札件数（電源属地別）[件],6,6,29,5,1,8,5,4,9,73
20251108B06,システム約定結果,落札件数（電源属地別）[件],2,6,28,5,1,8,5,4,9,68
20251108B06,システム約定結果,最高落札価格（電源属地別）[円/kW・30分],12.51,19.51,19.51,19.51,1.59,19.51,19.51,7.48,19.51,19.51
20251108B06,システム約定結果,最低落札価格（電源属地別）[円/kW・30分],8,1.41,0.69,4.42,1.59,0.47,0.38,0.36,0.39,0.36
20251108B06,システム約定結果,平均落札価格（電源属地別）[円/kW・30分],10.51,2.4,2.94,13.43,1.59,2.43,1.12,1.23,1.31,2.32
20251108B06,システム約定結果,最高落札価格（TSO別）[円/kW・30分],12.51,19.51,19.51,19.51,1.59,19.51,19.51,7.48,19.51,19.51
20251108B06,システム約定結果,最低落札価格（TSO別）[円/kW・30分],8,1.41,0.73,0.69,1.59,0.38,0.38,0.36,0.39,0.36
20251108B06,システム約定結果,平均落札価格（TSO別）[円/kW・30分],10.51,2.36,3.48,2.67,1.59,2.61,1.02,1.23,1.25,2.32
20251108B06,システム約定結果,落札量合計（TSO別）[MW],36,588.419,391.638,169.718,113,686.049,247.8,134,451.17,2817.794
20251108B06,システム約定結果,（内訳）自エリアからの落札量[MW],36,536.419,237.638,12.915,113,607.453,147.504,134,421.17,2246.099
20251108B06,追加調達結果,募集量（TSO別）[MW],-,-,-,-,-,-,-,-,-,-
20251108B06,追加調達結果,応札量合計（電源属地別）[MW],0,0,0,0,0,0,0,0,0,0
20251108B06,追加調達結果,約定量合計（電源属地別）[MW],0,0,0,0,0,0,0,0,0,0
20251108B06,追加調達結果,応札件数（電源属地別）[件],0,0,0,0,0,0,0,0,0,0
20251108B06,追加調達結果,約定件数（電源属地別）[件],0,0,0,0,0,0,0,0,0,0
20251108B06,追加調達結果,最高約定価格（電源属地別）[円/kW・30分],0,0,0,0,0,0,0,0,0,0
20251108B06,追加調達結果,最低約定価格（電源属地別）[円/kW・30分],0,0,0,0,0,0,0,0,0,0
20251108B06,追加調達結果,平均約定価格（電源属地別）[円/kW・30分],0,0,0,0,0,0,0,0,0,0
20251108B06,追加調達結果,最高約定価格（TSO別）[円/kW・30分],0,0,0,0,0,0,0,0,0,0
20251108B06,追加調達結果,最低約定価格（TSO別）[円/kW・30分],0,0,0,0,0,0,0,0,0,0
20251108B06,追加調達結果,平均約定価格（TSO別）[円/kW・30分],0,0,0,0,0,0,0,0,0,0
20251108B06,追加調達結果,約定量合計（TSO別）[MW],0,0,0,0,0,0,0,0,0,0
20251108B06,追加調達結果,（内訳）自エリアからの約定量[MW],0,0,0,0,0,0,0,0,0,0
20251108B06,合計（確報値）,募集量（TSO別）[MW],36,732,527,402,120,692,340,179,549,3577
20251108B06,合計（確報値）,応札量合計（電源属地別）[MW],246.64,860.419,726.74,507.718,120,733.749,182.347,134,466.17,3977.783
20251108B06,合計（確報値）,約定量合計（電源属地別）[MW],20,690.419,487.194,12.915,120,733.749,182.347,134,421.17,2801.794
20251108B06,合計（確報値）,応札件数（電源属地別）[件],6,10,29,5,1,8,5,4,9,77
20251108B06,合計（確報値）,約定件数（電源属地別）[件],1,9,28,5,1,8,5,4,9,70
20251108B06,合計（確報値）,最高約定価格（電源属地別）[円/kW・30分],12.51,19.51,19.51,19.51,1.59,19.51,19.51,7.48,19.51,19.51
20251108B06,合計（確報値）,最低約定価格（電源属地別）[円/kW・30分],12.51,1.41,0.69,4.42,1.59,0.47,0.38,0.36,0.39,0.36
20251108B06,合計（確報値）,平均約定価格（電源属地別）[円/kW・30分],12.51,2.4,2.94,13.43,1.59,2.43,1.12,1.23,1.31,2.29
20251108B06,合計（確報値）,最高約定価格（TSO別）[円/kW・30分],12.51,19.51,19.51,19.51,1.59,19.51,19.51,7.48,19.51,19.51
20251108B06,合計（確報値）,最低約定価格（TSO別）[円/kW・30分],12.51,1.41,0.73,0.69,1.59,0.38,0.38,0.36,0.39,0.36
20251108B06,合計（確報値）,平均約定価格（TSO別）[円/kW・30分],12.51,2.36,3.48,2.67,1.59,2.61,1.02,1.23,1.25,2.29
20251108B06,合計（確報値）,約定量合計（TSO別）[MW],20,588.419,391.638,169.718,113,686.049,247.8,134,451.17,2801.794
20251108B06,合計（確報値）,（内訳）自エリアからの約定量[MW],20,536.419,237.638,12.915,113,607.453,147.504,134,421.17,2230.099
20251108B07,システム約定結果,募集量（TSO別）[MW],32,263,460,206,106,574,305,83,328,2357
20251108B07,システム約定結果,応札量合計（電源属地別）[MW],240.75,180.419,1641.799,697.248,106,733.749,405.269,122,631.842,4759.076
20251108B07,システム約定結果,落札量合計（電源属地別）[MW],34.75,180.419,660.273,540.718,106,369.749,223.901,86.333,217,2419.143
20251108B07,システム約定結果,応札件数（電源属地別）[件],4,3,39,13,1,8,8,8,10,94
20251108B07,システム約定結果,落札件数（電源属地別）[件],3,3,34,12,1,8,7,6,5,79
20251108B07,システム約定結果,最高落札価格（電源属地別）[円/kW・30分],12.39,19.51,19.51,19.51,1.79,19.49,19.49,5.06,1.87,19.51
20251108B07,システム約定結果,最低落札価格（電源属地別）[円/kW・30分],5,1.09,0.73,2.14,1.79,0.76,0.37,0.36,0.36,0.36
20251108B07,システム約定結果,平均落札価格（電源属地別）[円/kW・30分],9.42,2,5.15,3.98,1.79,3.77,1.52,1.55,0.98,3.52
20251108B07,システム約定結果,最高落札価格（TSO別）[円/kW・30分],12.39,19.51,19.51,19.51,1.79,19.49,19.49,5.06,4.42,19.51
20251108B07,システム約定結果,最低落札価格（TSO別）[円/kW・30分],5,1.09,0.73,2.14,1.79,0.76,0.37,0.36,0.36,0.36
20251108B07,システム約定結果,平均落札価格（TSO別）[円/kW・30分],9.42,2,5.15,4.31,1.79,3.69,1.81,1.59,2.02,3.52
20251108B07,システム約定結果,落札量合計（TSO別）[MW],34.75,180.419,660.273,184.852,88,594.049,265.8,83,328,2419.143
20251108B07,システム約定結果,（内訳）自エリアからの落札量[MW],34.75,180.419,660.273,184.852,88,369.749,223.901,83,217,2041.944
20251108B07,追加調達結果,募集量（TSO別）[MW],-,-,-,-,-,-,-,-,-,-
20251108B07,追加調達結果,応札量合計（電源属地別）[MW],0,0,0,0,0,0,0,0,0,0
20251108B07,追加調達結果,約定量合計（電源属地別）[MW],0,0,0,0,0,0,0,0,0,0
20251108B07,追加調達結果,応札件数（電源属地別）[件],0,0,0,0,0,0,0,0,0,0
20251108B07,追加調達結果,約定件数（電源属地別）[件],0,0,0,0,0,0,0,0,0,0
20251108B07,追加調達結果,最高約定価格（電源属地別）[円/kW・30分],0,0,0,0,0,0,0,0,0,0
20251108B07,追加調達結果,最低約定価格（電源属地別）[円/kW・30分],0,0,0,0,0,0,0,0,0,0
20251108B07,追加調達結果,平均約定価格（電源属地別）[円/kW・30分],0,0,0,0,0,0,0,0,0,0
20251108B07,追加調達結果,最高約定価格（TSO別）[円/kW・30分],0,0,0,0,0,0,0,0,0,0
20251108B07,追加調達結果,最低約定価格（TSO別）[円/kW・30分],0,0,0,0,0,0,0,0,0,0
20251108B07,追加調達結果,平均約定価格（TSO別）[円/kW・30分],0,0,0,0,0,0,0,0,0,0
20251108B07,追加調達結果,約定量合計（TSO別）[MW],0,0,0,0,0,0,0,0,0,0
20251108B07,追加調達結果,（内訳）自エリアからの約定量[MW],0,0,0,0,0,0,0,0,0,0
20251108B07,合計（確報値）,募集量（TSO別）[MW],32,263,460,206,106,574,305,83,328,2357
20251108B07,合計（確報値）,応札量合計（電源属地別）[MW],240.75,350.419,1641.799,1215.248,106,733.749,405.279,122,631.842,5447.086
20251108B07,合計（確報値）,約定量合計（電源属地別）[MW],20.75,180.419,660.273,540.718,106,369.749,126.162,86.333,217,2307.404
20251108B07,合計（確報値）,応札件数（電源属地別）[件],4,9,39,39,1,8,9,8,10,127
20251108B07,合計（確報値）,約定件数（電源属地別）[件],2,8,34,31,1,8,7,6,5,102
20251108B07,合計（確報値）,最高約定価格（電源属地別）[円/kW・30分],12.39,19.51,19.51,19.51,1.79,19.49,19.49,5.06,1.87,19.51
20251108B07,合計（確報値）,最低約定価格（電源属地別）[円/kW・30分],5,1.09,0.73,0.36,1.79,0.76,0.36,0.36,0.36,0.36
20251108B07,合計（確報値）,平均約定価格（電源属地別）[円/kW・30分],11.05,2,5.15,0.68,1.79,3.77,0.65,1.55,0.98,2.76
20251108B07,合計（確報値）,最高約定価格（TSO別）[円/kW・30分],12.39,19.51,19.51,19.51,1.79,19.49,19.49,5.06,1.87,19.51
20251108B07,合計（確報値）,最低約定価格（TSO別）[円/kW・30分],5,1.09,0.73,0.36,1.79,0.36,0.36,0.36,0.36,0.36
20251108B07,合計（確報値）,平均約定価格（TSO別）[円/kW・30分],11.05,2,5.15,1.3,1.79,2.51,0.63,1.59,0.77,2.76
20251108B07,合計（確報値）,約定量合計（TSO別）[MW],20.75,180.419,660.273,184.852,88,594.049,168.061,83,328,2307.404
20251108B07,合計（確報値）,（内訳）自エリアからの約定量[MW],20.75,180.419,660.273,184.852,88,369.749,126.162,83,217,1930.205
20251108B08,システム約定結果,募集量（TSO別）[MW],39,138,442,230,105,462,197,88,298,1999
20251108B08,システム約定結果,応札量合計（電源属地別）[MW],255.64,180.419,1113.5,572.718,105,739.915,182.347,118,461.918,3729.457
20251108B08,システム約定結果,落札量合計（電源属地別）[MW],39,180.419,363.323,485.718,105,372.915,142.713,91.799,153.918,1934.805
20251108B08,システム約定結果,応札件数（電源属地別）[件],6,3,26,13,1,8,5,6,7,75
20251108B08,システム約定結果,落札件数（電源属地別）[件],3,3,24,12,1,8,5,5,7,68
20251108B08,システム約定結果,最高落札価格（電源属地別）[円/kW・30分],18.5,19.51,19.51,19.51,0.89,19.49,19.49,8.2,19.51,19.51
20251108B08,システム約定結果,最低落札価格（電源属地別）[円/kW・30分],5,2.01,0.73,1.58,0.89,0.36,0.36,0.36,0.36,0.36
20251108B08,システム約定結果,平均落札価格（電源属地別）[円/kW・30分],12.72,2.87,4.1,3.51,0.89,3.71,1.24,2.91,1.41,3.28
20251108B08,システム約定結果,最高落札価格（TSO別）[円/kW・30分],18.5,19.51,19.51,19.51,0.89,19.49,19.49,8.2,19.51,19.51
20251108B08,システム約定結果,最低落札価格（TSO別）[円/kW・30分],5,2.01,0.73,1.58,0.89,0.36,0.36,0.36,0.36,0.36
20251108B08,システム約定結果,平均落札価格（TSO別）[円/kW・30分],12.72,2.87,4.1,3.55,0.89,3.63,1.06,2.99,1.41,3.28
20251108B08,システム約定結果,落札量合計（TSO別）[MW],39,180.419,363.323,385.13,83,473.215,100.8,88,221.918,1934.805
20251108B08,システム約定結果,（内訳）自エリアからの落札量[MW],39,180.419,363.323,385.13,83,372.915,97.001,88,153.918,1762.706
20251108B08,追加調達結果,募集量（TSO別）[MW],-,-,-,-,-,-,-,-,-,-
20251108B08,追加調達結果,応札量合計（電源属地別）[MW],0,0,0,0,0,0,0,0,0,0
20251108B08,追加調達結果,約定量合計（電源属地別）[MW],0,0,0,0,0,0,0,0,0,0
20251108B08,追加調達結果,応札件数（電源属地別）[件],0,0,0,0,0,0,0,0,0,0
20251108B08,追加調達結果,約定件数（電源属地別）[件],0,0,0,0,0,0,0,0,0,0
20251108B08,追加調達結果,最高約定価格（電源属地別）[円/kW・30分],0,0,0,0,0,0,0,0,0,0
20251108B08,追加調達結果,最低約定価格（電源属地別）[円/kW・30分],0,0,0,0,0,0,0,0,0,0
20251108B08,追加調達結果,平均約定価格（電源属地別）[円/kW・30分],0,0,0,0,0,0,0,0,0,0
20251108B08,追加調達結果,最高約定価格（TSO別）[円/kW・30分],0,0,0,0,0,0,0,0,0,0
20251108B08,追加調達結果,最低約定価格（TSO別）[円/kW・30分],0,0,0,0,0,0,0,0,0,0
20251108B08,追加調達結果,平均約定価格（TSO別）[円/kW・30分],0,0,0,0,0,0,0,0,0,0
20251108B08,追加調達結果,約定量合計（TSO別）[MW],0,0,0,0,0,0,0,0,0,0
20251108B08,追加調達結果,（内訳）自エリアからの約定量[MW],0,0,0,0,0,0,0,0,0,0
20251108B08,合計（確報値）,募集量（TSO別）[MW],39,138,442,230,105,462,197,88,298,1999
20251108B08,合計（確報値）,応札量合計（電源属地別）[MW],255.64,180.419,1113.5,1015.718,105,739.915,182.347,118,461.918,4172.457
20251108B08,合計（確報値）,約定量合計（電源属地別）[MW],39,180.419,363.323,485.718,105,372.915,142.713,91.799,153.918,1934.805
20251108B08,合計（確報値）,応札件数（電源属地別）[件],6,3,26,36,1,8,5,6,7,98
20251108B08,合計（確報値）,約定件数（電源属地別）[件],3,3,24,29,1,8,5,5,7,85
20251108B08,合計（確報値）,最高約定価格（電源属地別）[円/kW・30分],18.5,19.51,19.51,19.51,0.89,19.49,19.49,8.2,19.51,19.51
20251108B08,合計（確報値）,最低約定価格（電源属地別）[円/kW・30分],5,2.01,0.73,0.36,0.89,0.36,0.36,0.36,0.36,0.36
20251108B08,合計（確報値）,平均約定価格（電源属地別）[円/kW・30分],12.72,2.87,4.1,0.75,0.89,3.71,1.24,2.91,1.41,2.59
20251108B08,合計（確報値）,最高約定価格（TSO別）[円/kW・30分],18.5,19.51,19.51,19.51,0.89,19.49,19.49,8.2,19.51,19.51
20251108B08,合計（確報値）,最低約定価格（TSO別）[円/kW・30分],5,2.01,0.73,0.36,0.89,0.36,0.36,0.36,0.36,0.36
20251108B08,合計（確報値）,平均約定価格（TSO別）[円/kW・30分],12.72,2.87,4.1,0.86,0.89,3,1.06,2.99,1.4,2.59
20251108B08,合計（確報値）,約定量合計（TSO別）[MW],39,180.419,363.323,385.13,83,473.215,100.8,88,221.918,1934.805
20251108B08,合計（確報値）,（内訳）自エリアからの約定量[MW],39,180.419,363.323,385.13,83,372.915,97.001,88,153.918,1762.706
20251109B01,システム約定結果,募集量（TSO別）[MW],55,163,340,41,86,281,189,95,198,1448
20251109B01,システム約定結果,応札量合計（電源属地別）[MW],228.74,180.419,181.769,314.78,86,739.915,324.157,86,458.428,2600.208
20251109B01,システム約定結果,落札量合計（電源属地別）[MW],55,180.419,82.659,172.642,86,346.415,138.101,86,56.428,1203.664
20251109B01,システム約定結果,応札件数（電源属地別）[件],4,3,11,6,1,8,5,5,5,48
20251109B01,システム約定結果,落札件数（電源属地別）[件],2,3,10,6,1,8,4,5,5,44
20251109B01,システム約定結果,最高落札価格（電源属地別）[円/kW・30分],13.53,19.51,19.51,19.51,0.44,19.49,1.4,6.83,19.51,19.51
20251109B01,システム約定結果,最低落札価格（電源属地別）[円/kW・30分],5,2.66,0.36,1.96,0.44,0.36,0.36,0.36,0.36,0.36
20251109B01,システム約定結果,平均落札価格（電源属地別）[円/kW・30分],12.95,3.48,4.43,2.38,0.44,4.33,1.1,1.82,1.72,3.37
20251109B01,システム約定結果,最高落札価格（TSO別）[円/kW・30分],13.53,19.51,19.51,2.01,19.49,19.49,19.51,6.83,19.51,19.51
20251109B01,システム約定結果,最低落札価格（TSO別）[円/kW・30分],5,2.66,0.36,1.96,0.44,0.36,0.36,0.36,0.36,0.36
20251109B01,システム約定結果,平均落札価格（TSO別）[円/kW・30分],12.95,3.48,4.43,1.97,0.95,3.91,1.47,1.82,1.72,3.37
20251109B01,システム約定結果,落札量合計（TSO別）[MW],55,180.419,82.659,41,104,426.68,171.478,86,56.428,1203.664
20251109B01,システム約定結果,（内訳）自エリアからの落札量[MW],55,180.419,82.659,41,86,329.797,138.101,86,56.428,1055.404
20251109B01,追加調達結果,募集量（TSO別）[MW],-,-,-,-,-,-,-,-,-,-
20251109B01,追加調達結果,応札量合計（電源属地別）[MW],0,0,0,0,0,0,0,0,0,0
20251109B01,追加調達結果,約定量合計（電源属地別）[MW],0,0,0,0,0,0,0,0,0,0
20251109B01,追加調達結果,応札件数（電源属地別）[件],0,0,0,0,0,0,0,0,0,0
20251109B01,追加調達結果,約定件数（電源属地別）[件],0,0,0,0,0,0,0,0,0,0
20251109B01,追加調達結果,最高約定価格（電源属地別）[円/kW・30分],0,0,0,0,0,0,0,0,0,0
20251109B01,追加調達結果,最低約定価格（電源属地別）[円/kW・30分],0,0,0,0,0,0,0,0,0,0
20251109B01,追加調達結果,平均約定価格（電源属地別）[円/kW・30分],0,0,0,0,0,0,0,0,0,0
20251109B01,追加調達結果,最高約定価格（TSO別）[円/kW・30分],0,0,0,0,0,0,0,0,0,0
20251109B01,追加調達結果,最低約定価格（TSO別）[円/kW・30分],0,0,0,0,0,0,0,0,0,0
20251109B01,追加調達結果,平均約定価格（TSO別）[円/kW・30分],0,0,0,0,0,0,0,0,0,0
20251109B01,追加調達結果,約定量合計（TSO別）[MW],0,0,0,0,0,0,0,0,0,0
20251109B01,追加調達結果,（内訳）自エリアからの約定量[MW],0,0,0,0,0,0,0,0,0,0
20251109B01,合計（確報値）,募集量（TSO別）[MW],55,163,340,41,86,281,189,95,198,1448
20251109B01,合計（確報値）,応札量合計（電源属地別）[MW],228.74,180.419,181.769,353.759,86,739.915,324.167,86,458.428,2639.197
20251109B01,合計（確報値）,約定量合計（電源属地別）[MW],55,180.419,82.659,172.642,86,346.415,40.362,86,56.428,1105.925
20251109B01,合計（確報値）,応札件数（電源属地別）[件],4,3,11,9,1,8,6,5,5,52
20251109B01,合計（確報値）,約定件数（電源属地別）[件],2,3,10,8,1,8,4,5,5,46
20251109B01,合計（確報値）,最高約定価格（電源属地別）[円/kW・30分],13.53,19.51,19.51,19.51,0.44,19.49,0.36,6.83,19.51,19.51
20251109B01,合計（確報値）,最低約定価格（電源属地別）[円/kW・30分],5,2.66,0.36,0.36,0.44,0.36,0.36,0.36,0.36,0.36
20251109B01,合計（確報値）,平均約定価格（電源属地別）[円/kW・30分],12.95,3.48,4.43,2.01,0.44,4.33,0.36,1.82,1.72,3.49
20251109B01,合計（確報値）,最高約定価格（TSO別）[円/kW・30分],13.53,19.51,19.51,1.96,19.49,19.49,19.51,6.83,19.51,19.51
20251109B01,合計（確報値）,最低約定価格（TSO別）[円/kW・30分],5,2.66,0.36,0.36,0.44,0.36,0.36,0.36,0.36,0.36
20251109B01,合計（確報値）,平均約定価格（TSO別）[円/kW・30分],12.95,3.48,4.43,1.65,0.95,3.91,0.87,1.82,1.72,3.49
20251109B01,合計（確報値）,約定量合計（TSO別）[MW],55,180.419,82.659,41,104,426.68,73.739,86,56.428,1105.925
20251109B01,合計（確報値）,（内訳）自エリアからの約定量[MW],55,180.419,82.659,41,86,329.797,40.362,86,56.428,957.665
20251109B02,システム約定結果,募集量（TSO別）[MW],28,133,335,158,92,380,189,99,300,1714
20251109B02,システム約定結果,応札量合計（電源属地別）[MW],246.45,180.419,827.362,7.718,92,739.915,325.957,129,423.418,2972.239
20251109B02,システム約定結果,落札量合計（電源属地別）[MW],28,180.419,268.806,7.718,92,391.215,139.145,104.733,232.378,1444.414
20251109B02,システム約定結果,応札件数（電源属地別）[件],5,3,22,4,1,8,6,6,6,61
20251109B02,システム約定結果,落札件数（電源属地別）[件],3,3,20,4,1,8,5,5,6,55
20251109B02,システム約定結果,最高落札価格（電源属地別）[円/kW・30分],13.59,19.51,19.51,19.51,1.13,19.49,19.49,6.53,19.51,19.51
20251109B02,システム約定結果,最低落札価格（電源属地別）[円/kW・30分],4.69,2.53,0.36,19.47,1.13,0.36,0.36,0.36,0.36,0.36
20251109B02,システム約定結果,平均落札価格（電源属地別）[円/kW・30分],11.84,3.36,3.74,19.48,1.13,3.76,1.77,1.31,0.95,2.96
20251109B02,システム約定結果,最高落札価格（TSO別）[円/kW・30分],13.59,19.51,19.51,19.51,2.11,19.49,19.49,6.53,19.51,19.51
20251109B02,システム約定結果,最低落札価格（TSO別）[円/kW・30分],4.69,2.53,0.36,19.47,0.36,0.36,0.36,0.36,0.36,0.36
20251109B02,システム約定結果,平均落札価格（TSO別）[円/kW・30分],11.84,3.36,3.74,19.48,1.22,3.6,1.76,1.32,0.95,2.96
20251109B02,システム約定結果,落札量合計（TSO別）[MW],28,180.419,268.806,7.718,80,416.215,131.838,99,232.418,1444.414
20251109B02,システム約定結果,（内訳）自エリアからの落札量[MW],28,180.419,268.806,7.718,67,391.215,131.838,99,232.378,1406.374
20251109B02,追加調達結果,募集量（TSO別）[MW],-,-,-,-,-,-,-,-,-,-
20251109B02,追加調達結果,応札量合計（電源属地別）[MW],0,0,0,0,0,0,0,0,0,0
20251109B02,追加調達結果,約定量合計（電源属地別）[MW],0,0,0,0,0,0,0,0,0,0
20251109B02,追加調達結果,応札件数（電源属地別）[件],0,0,0,0,0,0,0,0,0,0
20251109B02,追加調達結果,約定件数（電源属地別）[件],0,0,0,0,0,0,0,0,0,0
20251109B02,追加調達結果,最高約定価格（電源属地別）[円/kW・30分],0,0,0,0,0,0,0,0,0,0
20251109B02,追加調達結果,最低約定価格（電源属地別）[円/kW・30分],0,0,0,0,0,0,0,0,0,0
20251109B02,追加調達結果,平均約定価格（電源属地別）[円/kW・30分],0,0,0,0,0,0,0,0,0,0
20251109B02,追加調達結果,最高約定価格（TSO別）[円/kW・30分],0,0,0,0,0,0,0,0,0,0
20251109B02,追加調達結果,最低約定価格（TSO別）[円/kW・30分],0,0,0,0,0,0,0,0,0,0
20251109B02,追加調達結果,平均約定価格（TSO別）[円/kW・30分],0,0,0,0,0,0,0,0,0,0
20251109B02,追加調達結果,約定量合計（TSO別）[MW],0,0,0,0,0,0,0,0,0,0
20251109B02,追加調達結果,（内訳）自エリアからの約定量[MW],0,0,0,0,0,0,0,0,0,0
20251109B02,合計（確報値）,募集量（TSO別）[MW],28,133,335,158,92,380,189,99,300,1714
20251109B02,合計（確報値）,応札量合計（電源属地別）[MW],246.45,180.419,827.362,7.718,92,739.915,325.967,129,423.418,2972.249
20251109B02,合計（確報値）,約定量合計（電源属地別）[MW],28,180.419,268.806,7.718,92,391.215,41.406,104.733,232.378,1346.675
20251109B02,合計（確報値）,応札件数（電源属地別）[件],5,3,22,4,1,8,7,6,6,62
20251109B02,合計（確報値）,約定件数（電源属地別）[件],3,3,20,4,1,8,5,5,6,55
20251109B02,合計（確報値）,最高約定価格（電源属地別）[円/kW・30分],13.59,19.51,19.51,19.51,1.13,19.49,19.49,6.53,19.51,19.51
20251109B02,合計（確報値）,最低約定価格（電源属地別）[円/kW・30分],4.69,2.53,0.36,19.47,1.13,0.36,0.36,0.36,0.36,0.36
20251109B02,合計（確報値）,平均約定価格（電源属地別）[円/kW・30分],11.84,3.36,3.74,19.48,1.13,3.76,1.19,1.31,0.95,3.03
20251109B02,合計（確報値）,最高約定価格（TSO別）[円/kW・30分],13.59,19.51,19.51,19.51,2.11,19.49,19.49,6.53,19.51,19.51
20251109B02,合計（確報値）,最低約定価格（TSO別）[円/kW・30分],4.69,2.53,0.36,19.47,0.36,0.36,0.36,0.36,0.36,0.36
20251109B02,合計（確報値）,平均約定価格（TSO別）[円/kW・30分],11.84,3.36,3.74,19.48,1.14,3.6,1.19,1.32,0.95,3.03
20251109B02,合計（確報値）,約定量合計（TSO別）[MW],28,180.419,268.806,7.718,72.733,416.215,41.366,99,232.418,1346.675
20251109B02,合計（確報値）,（内訳）自エリアからの約定量[MW],28,180.419,268.806,7.718,67,391.215,41.366,99,232.378,1315.902
20251109B03,システム約定結果,募集量（TSO別）[MW],134,932,481,400,127,605,284,174,427,3564
20251109B03,システム約定結果,応札量合計（電源属地別）[MW],238.74,690.419,618.554,5.858,127,713.049,325.957,133,425.342,3277.919
20251109B03,システム約定結果,落札量合計（電源属地別）[MW],134,690.419,453.923,5.858,127,589.753,280.096,133,225.342,2639.391
20251109B03,システム約定結果,応札件数（電源属地別）[件],5,6,17,3,1,7,6,4,7,56
20251109B03,システム約定結果,落札件数（電源属地別）[件],3,6,16,3,1,7,6,4,6,52
20251109B03,システム約定結果,最高落札価格（電源属地別）[円/kW・30分],18.53,19.51,19.51,19.51,0.62,19.51,19.51,6.62,19.51,19.51
20251109B03,システム約定結果,最低落札価格（電源属地別）[円/kW・30分],13.11,1.49,1.3,19.47,0.62,0.36,0.36,0.36,0.36,0.36
20251109B03,システム約定結果,平均落札価格（電源属地別）[円/kW・30分],14.28,2.94,2.77,19.48,0.62,0.65,1.53,1.64,0.98,2.52
20251109B03,システム約定結果,最高落札価格（TSO別）[円/kW・30分],18.53,19.51,19.51,19.51,0.62,19.51,19.51,6.62,19.51,19.51
20251109B03,システム約定結果,最低落札価格（TSO別）[円/kW・30分],13.11,1.49,1.3,2.26,0.62,0.36,0.36,0.36,0.36,0.36
20251109B03,システム約定結果,平均落札価格（TSO別）[円/kW・30分],14.28,2.76,4.08,3.24,0.62,0.82,1.29,1.64,0.96,2.52
20251109B03,システム約定結果,落札量合計（TSO別）[MW],134,913.419,133.554,103.227,127,573.049,186.8,133,335.342,2639.391
20251109B03,システム約定結果,（内訳）自エリアからの落札量[MW],134,675.419,118.554,5.858,127,518.968,186.8,133,225.342,2124.941
20251109B03,追加調達結果,募集量（TSO別）[MW],-,-,-,-,-,-,-,-,-,-
20251109B03,追加調達結果,応札量合計（電源属地別）[MW],0,0,0,0,0,0,0,0,0,0
20251109B03,追加調達結果,約定量合計（電源属地別）[MW],0,0,0,0,0,0,0,0,0,0
20251109B03,追加調達結果,応札件数（電源属地別）[件],0,0,0,0,0,0,0,0,0,0
20251109B03,追加調達結果,約定件数（電源属地別）[件],0,0,0,0,0,0,0,0,0,0
20251109B03,追加調達結果,最高約定価格（電源属地別）[円/kW・30分],0,0,0,0,0,0,0,0,0,0
20251109B03,追加調達結果,最低約定価格（電源属地別）[円/kW・30分],0,0,0,0,0,0,0,0,0,0
20251109B03,追加調達結果,平均約定価格（電源属地別）[円/kW・30分],0,0,0,0,0,0,0,0,0,0
20251109B03,追加調達結果,最高約定価格（TSO別）[円/kW・30分],0,0,0,0,0,0,0,0,0,0
20251109B03,追加調達結果,最低約定価格（TSO別）[円/kW・30分],0,0,0,0,0,0,0,0,0,0
20251109B03,追加調達結果,平均約定価格（TSO別）[円/kW・30分],0,0,0,0,0,0,0,0,0,0
20251109B03,追加調達結果,約定量合計（TSO別）[MW],0,0,0,0,0,0,0,0,0,0
20251109B03,追加調達結果,（内訳）自エリアからの約定量[MW],0,0,0,0,0,0,0,0,0,0
20251109B03,合計（確報値）,募集量（TSO別）[MW],134,932,481,400,127,605,284,174,427,3564
20251109B03,合計（確報値）,応札量合計（電源属地別）[MW],238.74,690.419,618.554,5.858,127,713.049,325.967,133,425.342,3277.929
20251109B03,合計（確報値）,約定量合計（電源属地別）[MW],134,690.419,453.923,5.858,127,589.753,182.357,133,225.342,2541.652
20251109B03,合計（確報値）,応札件数（電源属地別）[件],5,6,17,3,1,7,7,4,7,57
20251109B03,合計（確報値）,約定件数（電源属地別）[件],3,6,16,3,1,7,6,4,6,52
20251109B03,合計（確報値）,最高約定価格（電源属地別）[円/kW・30分],18.53,19.51,19.51,19.51,0.62,19.51,19.51,6.62,19.51,19.51
20251109B03,合計（確報値）,最低約定価格（電源属地別）[円/kW・30分],13.11,1.49,1.3,19.47,0.62,0.36,0.36,0.36,0.36,0.36
20251109B03,合計（確報値）,平均約定価格（電源属地別）[円/kW・30分],14.28,2.94,2.77,19.48,0.62,0.65,1.16,1.64,0.98,2.53
20251109B03,合計（確報値）,最高約定価格（TSO別）[円/kW・30分],18.53,19.51,19.51,19.51,0.62,19.51,19.51,6.62,19.51,19.51
20251109B03,合計（確報値）,最低約定価格（TSO別）[円/kW・30分],13.11,1.49,1.3,2.26,0.62,0.36,0.36,0.36,0.36,0.36
20251109B03,合計（確報値）,平均約定価格（TSO別）[円/kW・30分],14.28,2.76,4.08,3.24,0.62,0.68,0.97,1.64,0.96,2.53
20251109B03,合計（確報値）,約定量合計（TSO別）[MW],134,913.419,133.554,103.227,127,523.18,138.93,133,335.342,2541.652
20251109B03,合計（確報値）,（内訳）自エリアからの約定量[MW],134,675.419,118.554,5.858,127,518.968,138.93,133,225.342,2077.071
20251109B04,システム約定結果,募集量（TSO別）[MW],116,270,490,264,194,869,486,219,604,3512
20251109B04,システム約定結果,応札量合計（電源属地別）[MW],374.64,170,1066.438,7.718,194,668,324.157,181,620.73,3606.683
20251109B04,システム約定結果,落札量合計（電源属地別）[MW],116,170,625.571,7.718,194,668,324.157,181,525.73,2812.176
20251109B04,システム約定結果,応札件数（電源属地別）[件],5,1,33,4,2,4,5,4,9,67
20251109B04,システム約定結果,落札件数（電源属地別）[件],4,1,30,4,2,4,5,4,9,63
20251109B04,システム約定結果,最高落札価格（電源属地別）[円/kW・30分],17.57,3.47,19.51,19.51,0.35,1.09,1.4,7.39,19.51,19.51
20251109B04,システム約定結果,最低落札価格（電源属地別）[円/kW・30分],7.21,3.47,0.37,19.47,0.35,0.36,0.36,0.36,0.36,0.35
20251109B04,システム約定結果,平均落札価格（電源属地別）[円/kW・30分],13.43,3.47,1.86,19.49,0.35,0.44,1.01,0.98,4.88,2.45
20251109B04,システム約定結果,最高落札価格（TSO別）[円/kW・30分],17.57,3.47,19.51,3.47,0.35,19.51,1.4,7.39,19.51,19.51
20251109B04,システム約定結果,最低落札価格（TSO別）[円/kW・30分],7.21,3.47,0.37,0.37,0.35,0.35,0.36,0.36,0.36,0.35
20251109B04,システム約定結果,平均落札価格（TSO別）[円/kW・30分],13.43,3.47,2.34,0.92,0.35,0.72,0.87,0.98,4.88,2.45
20251109B04,システム約定結果,落札量合計（TSO別）[MW],116,158,434.238,203.333,186,655.373,352.502,181,525.73,2812.176
20251109B04,システム約定結果,（内訳）自エリアからの落札量[MW],116,158,434.238,0,186,609,293.502,181,525.73,2503.47
20251109B04,追加調達結果,募集量（TSO別）[MW],-,-,-,-,-,-,-,-,-,-
20251109B04,追加調達結果,応札量合計（電源属地別）[MW],0,0,0,0,0,0,0,0,0,0
20251109B04,追加調達結果,約定量合計（電源属地別）[MW],0,0,0,0,0,0,0,0,0,0
20251109B04,追加調達結果,応札件数（電源属地別）[件],0,0,0,0,0,0,0,0,0,0
20251109B04,追加調達結果,約定件数（電源属地別）[件],0,0,0,0,0,0,0,0,0,0
20251109B04,追加調達結果,最高約定価格（電源属地別）[円/kW・30分],0,0,0,0,0,0,0,0,0,0
20251109B04,追加調達結果,最低約定価格（電源属地別）[円/kW・30分],0,0,0,0,0,0,0,0,0,0
20251109B04,追加調達結果,平均約定価格（電源属地別）[円/kW・30分],0,0,0,0,0,0,0,0,0,0
20251109B04,追加調達結果,最高約定価格（TSO別）[円/kW・30分],0,0,0,0,0,0,0,0,0,0
20251109B04,追加調達結果,最低約定価格（TSO別）[円/kW・30分],0,0,0,0,0,0,0,0,0,0
20251109B04,追加調達結果,平均約定価格（TSO別）[円/kW・30分],0,0,0,0,0,0,0,0,0,0
20251109B04,追加調達結果,約定量合計（TSO別）[MW],0,0,0,0,0,0,0,0,0,0
20251109B04,追加調達結果,（内訳）自エリアからの約定量[MW],0,0,0,0,0,0,0,0,0,0
20251109B04,合計（確報値）,募集量（TSO別）[MW],116,270,490,264,194,869,486,219,604,3512
20251109B04,合計（確報値）,応札量合計（電源属地別）[MW],374.64,170,1066.438,7.718,194,668,370.028,181,620.73,3652.554
20251109B04,合計（確報値）,約定量合計（電源属地別）[MW],116,170,625.571,7.718,194,668,226.418,181,525.73,2714.437
20251109B04,合計（確報値）,応札件数（電源属地別）[件],5,1,33,4,2,4,6,4,9,68
20251109B04,合計（確報値）,約定件数（電源属地別）[件],4,1,30,4,2,4,5,4,9,63
20251109B04,合計（確報値）,最高約定価格（電源属地別）[円/kW・30分],17.57,3.47,19.51,19.51,0.35,1.09,1.22,7.39,19.51,19.51
20251109B04,合計（確報値）,最低約定価格（電源属地別）[円/kW・30分],7.21,3.47,0.37,19.47,0.35,0.36,0.36,0.36,0.36,0.35
20251109B04,合計（確報値）,平均約定価格（電源属地別）[円/kW・30分],13.43,3.47,1.86,19.49,0.35,0.44,0.63,0.98,4.88,2.47
20251109B04,合計（確報値）,最高約定価格（TSO別）[円/kW・30分],17.57,3.47,19.51,3.47,0.35,19.51,1.22,7.39,19.51,19.51
20251109B04,合計（確報値）,最低約定価格（TSO別）[円/kW・30分],7.21,3.47,0.37,0.37,0.35,0.35,0.36,0.36,0.36,0.35
20251109B04,合計（確報値）,平均約定価格（TSO別）[円/kW・30分],13.43,3.47,2.34,0.92,0.35,0.69,0.58,0.98,4.88,2.47
20251109B04,合計（確報値）,約定量合計（TSO別）[MW],116,158,434.238,203.333,186,624.718,285.418,181,525.73,2714.437
20251109B04,合計（確報値）,（内訳）自エリアからの約定量[MW],116,158,434.238,0,186,609,226.418,181,525.73,2436.386
20251109B05,システム約定結果,募集量（TSO別）[MW],32,406,360,383,194,588,361,145,537,3006
20251109B05,システム約定結果,応札量合計（電源属地別）[MW],242.85,350.419,802.162,7.718,194,713.049,325.957,117,622.17,3375.325
20251109B05,システム約定結果,落札量合計（電源属地別）[MW],32,350.419,447.305,7.718,194,601.753,280.096,117,427.17,2457.461
20251109B05,システム約定結果,応札件数（電源属地別）[件],4,4,28,4,2,7,6,4,10,69
20251109B05,システム約定結果,落札件数（電源属地別）[件],1,4,24,4,2,7,6,4,10,62
20251109B05,システム約定結果,最高落札価格（電源属地別）[円/kW・30分],12.52,19.51,19.51,19.51,0.35,19.51,19.51,7.29,19.51,19.51
20251109B05,システム約定結果,最低落札価格（電源属地別）[円/kW・30分],12.52,1.65,0.37,19.47,0.35,0.36,0.36,0.36,0.36,0.35
20251109B05,システム約定結果,平均落札価格（電源属地別）[円/kW・30分],12.52,2.85,2.5,19.49,0.35,0.55,1.15,1.3,5.85,2.46
20251109B05,システム約定結果,最高落札価格（TSO別）[円/kW・30分],12.52,19.51,19.51,19.51,0.35,19.51,19.51,7.29,19.51,19.51
20251109B05,システム約定結果,最低落札価格（TSO別）[円/kW・30分],12.52,1.65,0.69,0.37,0.35,0.36,0.36,0.36,0.36,0.35
20251109B05,システム約定結果,平均落札価格（TSO別）[円/kW・30分],12.52,2.86,4.03,1.25,0.35,0.58,1.07,1.3,5.85,2.46
20251109B05,システム約定結果,落札量合計（TSO別）[MW],32,340.086,256.238,209.118,194,594.049,287.8,117,427.17,2457.461
20251109B05,システム約定結果,（内訳）自エリアからの落札量[MW],32,340.086,256.238,7.718,194,581.394,267.441,117,427.17,2223.047
20251109B05,追加調達結果,募集量（TSO別）[MW],-,-,-,-,-,-,-,-,-,-
20251109B05,追加調達結果,応札量合計（電源属地別）[MW],0,0,0,0,0,0,0,0,0,0
20251109B05,追加調達結果,約定量合計（電源属地別）[MW],0,0,0,0,0,0,0,0,0,0
20251109B05,追加調達結果,応札件数（電源属地別）[件],0,0,0,0,0,0,0,0,0,0
20251109B05,追加調達結果,約定件数（電源属地別）[件],0,0,0,0,0,0,0,0,0,0
20251109B05,追加調達結果,最高約定価格（電源属地別）[円/kW・30分],0,0,0,0,0,0,0,0,0,0
20251109B05,追加調達結果,最低約定価格（電源属地別）[円/kW・30分],0,0,0,0,0,0,0,0,0,0
20251109B05,追加調達結果,平均約定価格（電源属地別）[円/kW・30分],0,0,0,0,0,0,0,0,0,0
20251109B05,追加調達結果,最高約定価格（TSO別）[円/kW・30分],0,0,0,0,0,0,0,0,0,0
20251109B05,追加調達結果,最低約定価格（TSO別）[円/kW・30分],0,0,0,0,0,0,0,0,0,0
20251109B05,追加調達結果,平均約定価格（TSO別）[円/kW・30分],0,0,0,0,0,0,0,0,0,0
20251109B05,追加調達結果,約定量合計（TSO別）[MW],0,0,0,0,0,0,0,0,0,0
20251109B05,追加調達結果,（内訳）自エリアからの約定量[MW],0,0,0,0,0,0,0,0,0,0
20251109B05,合計（確報値）,募集量（TSO別）[MW],32,406,360,383,194,588,361,145,537,3006
20251109B05,合計（確報値）,応札量合計（電源属地別）[MW],242.85,350.419,802.162,7.718,194,713.049,325.967,117,622.17,3375.335
20251109B05,合計（確報値）,約定量合計（電源属地別）[MW],32,350.419,447.305,7.718,194,601.753,182.357,117,427.17,2359.722
20251109B05,合計（確報値）,応札件数（電源属地別）[件],4,4,28,4,2,7,7,4,10,70
20251109B05,合計（確報値）,約定件数（電源属地別）[件],1,4,24,4,2,7,6,4,10,62
20251109B05,合計（確報値）,最高約定価格（電源属地別）[円/kW・30分],12.52,19.51,19.51,19.51,0.35,19.51,19.51,7.29,19.51,19.51
20251109B05,合計（確報値）,最低約定価格（電源属地別）[円/kW・30分],12.52,1.65,0.37,19.47,0.35,0.36,0.36,0.36,0.36,0.35
20251109B05,合計（確報値）,平均約定価格（電源属地別）[円/kW・30分],12.52,2.85,2.5,19.49,0.35,0.55,0.94,1.3,5.85,2.5
20251109B05,合計（確報値）,最高約定価格（TSO別）[円/kW・30分],12.52,19.51,19.51,19.51,0.35,19.51,19.51,7.29,19.51,19.51
20251109B05,合計（確報値）,最低約定価格（TSO別）[円/kW・30分],12.52,1.65,0.69,0.37,0.35,0.36,0.36,0.36,0.36,0.35
20251109B05,合計（確報値）,平均約定価格（TSO別）[円/kW・30分],12.52,2.86,4.03,1.25,0.35,0.56,0.88,1.3,5.85,2.5
20251109B05,合計（確報値）,約定量合計（TSO別）[MW],32,340.086,256.238,209.118,194,581.394,202.716,117,427.17,2359.722
20251109B05,合計（確報値）,（内訳）自エリアからの約定量[MW],32,340.086,256.238,7.718,194,581.394,182.357,117,427.17,2137.963
20251109B06,システム約定結果,募集量（TSO別）[MW],36,732,527,402,120,692,340,179,549,3577
20251109B06,システム約定結果,応札量合計（電源属地別）[MW],246.64,690.419,804.76,7.718,120,713.049,325.957,134,466.17,3508.713
20251109B06,システム約定結果,落札量合計（電源属地別）[MW],36,690.419,602.438,7.718,120,713.049,280.096,134,384.874,2968.594
20251109B06,システム約定結果,応札件数（電源属地別）[件],6,6,30,4,1,7,6,4,9,73
20251109B06,システム約定結果,落札件数（電源属地別）[件],2,6,29,4,1,7,6,4,9,68
20251109B06,システム約定結果,最高落札価格（電源属地別）[円/kW・30分],12.39,19.51,19.51,19.51,1.16,19.51,19.51,7.61,19.51,19.51
20251109B06,システム約定結果,最低落札価格（電源属地別）[円/kW・30分],8,1.39,0.69,19.47,1.16,0.43,0.53,0.36,0.39,0.36
20251109B06,システム約定結果,平均落札価格（電源属地別）[円/kW・30分],10.44,2.35,2.85,19.49,1.16,0.78,1.78,1.24,1.3,1.93
20251109B06,システム約定結果,最高落札価格（TSO別）[円/kW・30分],12.39,19.51,19.51,19.51,1.16,19.51,19.51,7.61,19.51,19.51
20251109B06,システム約定結果,最低落札価格（TSO別）[円/kW・30分],8,0.69,0.73,0.69,1.16,0.43,0.43,0.36,0.39,0.36
20251109B06,システム約定結果,平均落札価格（TSO別）[円/kW・30分],10.44,2.33,3.42,2.53,1.16,0.93,1.5,1.24,1.21,1.93
20251109B06,システム約定結果,落札量合計（TSO別）[MW],36,742.419,388.438,169.718,113,686.049,247.8,134,451.17,2968.594
20251109B06,システム約定結果,（内訳）自エリアからの落札量[MW],36,690.419,388.438,7.718,113,624.968,195.374,134,384.874,2574.791
20251109B06,追加調達結果,募集量（TSO別）[MW],-,-,-,-,-,-,-,-,-,-
20251109B06,追加調達結果,応札量合計（電源属地別）[MW],0,0,0,0,0,0,0,0,0,0
20251109B06,追加調達結果,約定量合計（電源属地別）[MW],0,0,0,0,0,0,0,0,0,0
20251109B06,追加調達結果,応札件数（電源属地別）[件],0,0,0,0,0,0,0,0,0,0
20251109B06,追加調達結果,約定件数（電源属地別）[件],0,0,0,0,0,0,0,0,0,0
20251109B06,追加調達結果,最高約定価格（電源属地別）[円/kW・30分],0,0,0,0,0,0,0,0,0,0
20251109B06,追加調達結果,最低約定価格（電源属地別）[円/kW・30分],0,0,0,0,0,0,0,0,0,0
20251109B06,追加調達結果,平均約定価格（電源属地別）[円/kW・30分],0,0,0,0,0,0,0,0,0,0
20251109B06,追加調達結果,最高約定価格（TSO別）[円/kW・30分],0,0,0,0,0,0,0,0,0,0
20251109B06,追加調達結果,最低約定価格（TSO別）[円/kW・30分],0,0,0,0,0,0,0,0,0,0
20251109B06,追加調達結果,平均約定価格（TSO別）[円/kW・30分],0,0,0,0,0,0,0,0,0,0
20251109B06,追加調達結果,約定量合計（TSO別）[MW],0,0,0,0,0,0,0,0,0,0
20251109B06,追加調達結果,（内訳）自エリアからの約定量[MW],0,0,0,0,0,0,0,0,0,0
20251109B06,合計（確報値）,募集量（TSO別）[MW],36,732,527,402,120,692,340,179,549,3577
20251109B06,合計（確報値）,応札量合計（電源属地別）[MW],246.64,690.419,804.76,7.718,120,713.049,325.967,134,466.17,3508.723
20251109B06,合計（確報値）,約定量合計（電源属地別）[MW],20,690.419,602.438,7.718,120,713.049,182.357,134,384.874,2854.855
20251109B06,合計（確報値）,応札件数（電源属地別）[件],6,6,30,4,1,7,7,4,9,74
20251109B06,合計（確報値）,約定件数（電源属地別）[件],1,6,29,4,1,7,6,4,9,67
20251109B06,合計（確報値）,最高約定価格（電源属地別）[円/kW・30分],12.39,19.51,19.51,19.51,1.16,19.51,19.51,7.61,19.51,19.51
20251109B06,合計（確報値）,最低約定価格（電源属地別）[円/kW・30分],12.39,1.39,0.69,19.47,1.16,0.43,0.36,0.36,0.39,0.36
20251109B06,合計（確報値）,平均約定価格（電源属地別）[円/kW・30分],12.39,2.35,2.85,19.49,1.16,0.78,1.41,1.24,1.3,1.87
20251109B06,合計（確報値）,最高約定価格（TSO別）[円/kW・30分],12.39,19.51,19.51,19.51,1.16,19.51,19.51,7.61,19.51,19.51
20251109B06,合計（確報値）,最低約定価格（TSO別）[円/kW・30分],12.39,0.69,0.73,0.69,1.16,0.43,0.43,0.36,0.36,0.36
20251109B06,合計（確報値）,平均約定価格（TSO別）[円/kW・30分],12.39,2.33,3.42,2.53,1.16,0.82,1.27,1.24,1.21,1.87
20251109B06,合計（確報値）,約定量合計（TSO別）[MW],20,742.419,388.438,169.718,113,636.18,199.93,134,451.17,2854.855
20251109B06,合計（確報値）,（内訳）自エリアからの約定量[MW],20,690.419,388.438,7.718,113,624.968,147.504,134,384.874,2510.921
20251109B07,システム約定結果,募集量（TSO別）[MW],32,263,460,206,106,574,305,83,328,2357
20251109B07,システム約定結果,応札量合計（電源属地別）[MW],240.75,180.419,1520.472,1397.786,106,713.049,405.269,122,590.342,5276.087
20251109B07,システム約定結果,落札量合計（電源属地別）[MW],32,180.419,652.858,554.701,106,240.461,223.901,86.333,195.342,2272.015
20251109B07,システム約定結果,応札件数（電源属地別）[件],4,3,39,16,1,7,8,8,9,95
20251109B07,システム約定結果,落札件数（電源属地別）[件],2,3,33,14,1,7,7,6,9,82
20251109B07,システム約定結果,最高落札価格（電源属地別）[円/kW・30分],12.06,19.51,19.51,19.51,1.48,19.49,19.49,7.01,19.51,19.51
20251109B07,システム約定結果,最低落札価格（電源属地別）[円/kW・30分],7,1.01,0.73,2.64,1.48,0.95,0.38,0.36,0.36,0.36
20251109B07,システム約定結果,平均落札価格（電源属地別）[円/kW・30分],9.85,1.93,5.6,4.04,1.48,1.76,1.47,1.76,1.73,3.5
20251109B07,システム約定結果,最高落札価格（TSO別）[円/kW・30分],12.06,19.51,19.51,19.51,1.48,19.49,19.49,7.01,19.51,19.51
20251109B07,システム約定結果,最低落札価格（TSO別）[円/kW・30分],7,1.01,0.73,2.64,1.48,0.95,0.38,0.36,0.36,0.36
20251109B07,システム約定結果,平均落札価格（TSO別）[円/kW・30分],9.85,1.93,5.7,4.86,1.48,2.98,1.73,1.55,2.52,3.5
20251109B07,システム約定結果,落札量合計（TSO別）[MW],32,180.419,625.548,96.857,88,594.049,265.8,83,306.342,2272.015
20251109B07,システム約定結果,（内訳）自エリアからの落札量[MW],32,180.419,625.548,96.857,88,240.461,223.901,83,195.342,1765.528
20251109B07,追加調達結果,募集量（TSO別）[MW],-,-,-,-,-,-,-,-,-,-
20251109B07,追加調達結果,応札量合計（電源属地別）[MW],0,0,0,0,0,0,0,0,0,0
20251109B07,追加調達結果,約定量合計（電源属地別）[MW],0,0,0,0,0,0,0,0,0,0
20251109B07,追加調達結果,応札件数（電源属地別）[件],0,0,0,0,0,0,0,0,0,0
20251109B07,追加調達結果,約定件数（電源属地別）[件],0,0,0,0,0,0,0,0,0,0
20251109B07,追加調達結果,最高約定価格（電源属地別）[円/kW・30分],0,0,0,0,0,0,0,0,0,0
20251109B07,追加調達結果,最低約定価格（電源属地別）[円/kW・30分],0,0,0,0,0,0,0,0,0,0
20251109B07,追加調達結果,平均約定価格（電源属地別）[円/kW・30分],0,0,0,0,0,0,0,0,0,0
20251109B07,追加調達結果,最高約定価格（TSO別）[円/kW・30分],0,0,0,0,0,0,0,0,0,0
20251109B07,追加調達結果,最低約定価格（TSO別）[円/kW・30分],0,0,0,0,0,0,0,0,0,0
20251109B07,追加調達結果,平均約定価格（TSO別）[円/kW・30分],0,0,0,0,0,0,0,0,0,0
20251109B07,追加調達結果,約定量合計（TSO別）[MW],0,0,0,0,0,0,0,0,0,0
20251109B07,追加調達結果,（内訳）自エリアからの約定量[MW],0,0,0,0,0,0,0,0,0,0
20251109B07,合計（確報値）,募集量（TSO別）[MW],32,263,460,206,106,574,305,83,328,2357
20251109B07,合計（確報値）,応札量合計（電源属地別）[MW],240.75,180.419,1520.472,1572.786,106,713.049,405.279,122,590.342,5451.097
20251109B07,合計（確報値）,約定量合計（電源属地別）[MW],18,180.419,652.858,554.701,106,240.461,126.162,86.333,195.342,2160.276
20251109B07,合計（確報値）,応札件数（電源属地別）[件],4,3,39,24,1,7,9,8,9,104
20251109B07,合計（確報値）,約定件数（電源属地別）[件],1,3,33,20,1,7,7,6,9,87
20251109B07,合計（確報値）,最高約定価格（電源属地別）[円/kW・30分],12.06,19.51,19.51,19.51,1.48,19.49,19.49,7.01,19.51,19.51
20251109B07,合計（確報値）,最低約定価格（電源属地別）[円/kW・30分],12.06,1.01,0.73,0.36,1.48,0.95,0.36,0.36,0.36,0.36
20251109B07,合計（確報値）,平均約定価格（電源属地別）[円/kW・30分],12.06,1.93,5.6,2.9,1.48,1.76,0.66,1.76,1.73,3.23
20251109B07,合計（確報値）,最高約定価格（TSO別）[円/kW・30分],12.06,19.51,19.51,19.51,1.48,19.49,19.49,7.01,19.51,19.51
20251109B07,合計（確報値）,最低約定価格（TSO別）[円/kW・30分],12.06,1.01,0.73,0.36,1.48,0.36,0.36,0.36,0.36,0.36
20251109B07,合計（確報値）,平均約定価格（TSO別）[円/kW・30分],12.06,1.93,5.7,3.78,1.48,2.18,1.27,1.55,2.34,3.23
20251109B07,合計（確報値）,約定量合計（TSO別）[MW],18,180.419,625.548,96.857,88,594.049,168.061,83,306.342,2160.276
20251109B07,合計（確報値）,（内訳）自エリアからの約定量[MW],18,180.419,625.548,96.857,88,240.461,126.162,83,195.342,1653.789
20251109B08,システム約定結果,募集量（TSO別）[MW],39,138,442,230,105,462,197,88,298,1999
20251109B08,システム約定結果,応札量合計（電源属地別）[MW],255.64,180.419,994.888,1279.118,105,719.215,325.957,118,460.418,4438.655
20251109B08,システム約定結果,落札量合計（電源属地別）[MW],44,180.419,363.323,652.718,105,246.627,144.901,91.799,152.418,1981.205
20251109B08,システム約定結果,応札件数（電源属地別）[件],6,3,26,13,1,7,6,6,6,74
20251109B08,システム約定結果,落札件数（電源属地別）[件],2,3,24,12,1,7,5,5,6,65
20251109B08,システム約定結果,最高落札価格（電源属地別）[円/kW・30分],12.49,19.51,19.51,19.51,0.63,19.49,19.49,8.26,19.51,19.51
20251109B08,システム約定結果,最低落札価格（電源属地別）[円/kW・30分],10,2.26,0.62,1.61,0.63,0.36,0.36,0.36,0.36,0.36
20251109B08,システム約定結果,平均落札価格（電源属地別）[円/kW・30分],11.08,3.1,3.91,3.17,0.63,1.02,1.46,2.94,1.24,2.79
20251109B08,システム約定結果,最高落札価格（TSO別）[円/kW・30分],12.49,19.51,19.51,19.51,0.63,19.49,19.49,8.26,19.51,19.51
20251109B08,システム約定結果,最低落札価格（TSO別）[円/kW・30分],10,2.26,0.62,1.61,0.63,0.36,0.36,0.36,0.36,0.36
20251109B08,システム約定結果,平均落札価格（TSO別）[円/kW・30分],11.08,3.1,3.91,3.31,0.63,1.98,1.45,2.71,1.43,2.79
20251109B08,システム約定結果,落札量合計（TSO別）[MW],44,180.419,363.323,400.949,83,468.215,132.881,88,220.418,1981.205
20251109B08,システム約定結果,（内訳）自エリアからの落札量[MW],44,180.419,363.323,400.949,83,246.627,132.881,88,152.418,1691.617
20251109B08,追加調達結果,募集量（TSO別）[MW],-,-,-,-,-,-,-,-,-,-
20251109B08,追加調達結果,応札量合計（電源属地別）[MW],0,0,0,0,0,0,0,0,0,0
20251109B08,追加調達結果,約定量合計（電源属地別）[MW],0,0,0,0,0,0,0,0,0,0
20251109B08,追加調達結果,応札件数（電源属地別）[件],0,0,0,0,0,0,0,0,0,0
20251109B08,追加調達結果,約定件数（電源属地別）[件],0,0,0,0,0,0,0,0,0,0
20251109B08,追加調達結果,最高約定価格（電源属地別）[円/kW・30分],0,0,0,0,0,0,0,0,0,0
20251109B08,追加調達結果,最低約定価格（電源属地別）[円/kW・30分],0,0,0,0,0,0,0,0,0,0
20251109B08,追加調達結果,平均約定価格（電源属地別）[円/kW・30分],0,0,0,0,0,0,0,0,0,0
20251109B08,追加調達結果,最高約定価格（TSO別）[円/kW・30分],0,0,0,0,0,0,0,0,0,0
20251109B08,追加調達結果,最低約定価格（TSO別）[円/kW・30分],0,0,0,0,0,0,0,0,0,0
20251109B08,追加調達結果,平均約定価格（TSO別）[円/kW・30分],0,0,0,0,0,0,0,0,0,0
20251109B08,追加調達結果,約定量合計（TSO別）[MW],0,0,0,0,0,0,0,0,0,0
20251109B08,追加調達結果,（内訳）自エリアからの約定量[MW],0,0,0,0,0,0,0,0,0,0
20251109B08,合計（確報値）,募集量（TSO別）[MW],39,138,442,230,105,462,197,88,298,1999
20251109B08,合計（確報値）,応札量合計（電源属地別）[MW],255.64,180.419,994.888,1454.118,105,719.215,325.967,118,460.418,4613.665
20251109B08,合計（確報値）,約定量合計（電源属地別）[MW],19,180.419,363.323,652.718,105,246.627,47.162,91.799,152.418,1858.466
20251109B08,合計（確報値）,応札件数（電源属地別）[件],6,3,26,21,1,7,7,6,6,83
20251109B08,合計（確報値）,約定件数（電源属地別）[件],1,3,24,18,1,7,5,5,6,70
20251109B08,合計（確報値）,最高約定価格（電源属地別）[円/kW・30分],12.49,19.51,19.51,19.51,0.63,19.49,19.49,8.26,19.51,19.51
20251109B08,合計（確報値）,最低約定価格（電源属地別）[円/kW・30分],12.49,2.26,0.62,0.36,0.63,0.36,0.36,0.36,0.36,0.36
20251109B08,合計（確報値）,平均約定価格（電源属地別）[円/kW・30分],12.49,3.1,3.91,2.41,0.63,1.02,1.09,2.94,1.24,2.48
20251109B08,合計（確報値）,最高約定価格（TSO別）[円/kW・30分],12.49,19.51,19.51,19.51,0.63,19.49,19.49,8.26,19.51,19.51
20251109B08,合計（確報値）,最低約定価格（TSO別）[円/kW・30分],12.49,2.26,0.62,0.36,0.63,0.36,0.36,0.36,0.36,0.36
20251109B08,合計（確報値）,平均約定価格（TSO別）[円/kW・30分],12.49,3.1,3.91,2.7,0.63,1.45,1.09,2.71,1.42,2.48
20251109B08,合計（確報値）,約定量合計（TSO別）[MW],19,180.419,363.323,400.949,83,468.215,47.142,88,208.418,1858.466
20251109B08,合計（確報値）,（内訳）自エリアからの約定量[MW],19,180.419,363.323,400.949,83,246.627,47.142,88,152.418,1580.878
20251110B01,システム約定結果,募集量（TSO別）[MW],55,163,340,41,86,281,189,95,198,1448
20251110B01,システム約定結果,応札量合計（電源属地別）[MW],228.74,180.419,260.107,450.78,86,719.215,324.157,86,462.307,2797.725
20251110B01,システム約定結果,落札量合計（電源属地別）[MW],13,180.419,176.466,419.725,86,246.627,138.101,86,60.307,1406.645
20251110B01,システム約定結果,応札件数（電源属地別）[件],4,3,17,10,1,7,5,5,7,59
20251110B01,システム約定結果,落札件数（電源属地別）[件],1,3,16,10,1,7,4,5,7,54
20251110B01,システム約定結果,最高落札価格（電源属地別）[円/kW・30分],13.89,19.51,19.51,19.51,0.62,19.49,1.17,6.84,19.51,19.51
20251110B01,システム約定結果,最低落札価格（電源属地別）[円/kW・30分],13.89,2.74,0.36,2.03,0.62,0.36,0.36,0.36,0.36,0.36
20251110B01,システム約定結果,平均落札価格（電源属地別）[円/kW・30分],13.89,3.56,2.59,2.73,0.62,0.89,0.93,1.83,3.01,2.25
20251110B01,システム約定結果,最高落札価格（TSO別）[円/kW・30分],13.89,19.51,19.51,3.24,19.51,5.6,2.31,6.84,19.51,19.51
20251110B01,システム約定結果,最低落札価格（TSO別）[円/kW・30分],2.74,2.74,0.36,2.06,0.62,0.36,0.36,0.36,0.36,0.36
20251110B01,システム約定結果,平均落札価格（TSO別）[円/kW・30分],5.38,3.8,2.59,2.76,1.68,1.23,1.25,1.83,3.39,2.25
20251110B01,システム約定結果,落札量合計（TSO別）[MW],55,138.419,176.466,207.648,142,331.912,189.796,86,79.404,1406.645
20251110B01,システム約定結果,（内訳）自エリアからの落札量[MW],13,138.419,176.466,207.648,86,225.54,138.101,86,60.307,1131.481
20251110B01,追加調達結果,募集量（TSO別）[MW],-,-,-,-,-,-,-,-,-,-
20251110B01,追加調達結果,応札量合計（電源属地別）[MW],0,0,0,0,0,0,0,0,0,0
20251110B01,追加調達結果,約定量合計（電源属地別）[MW],0,0,0,0,0,0,0,0,0,0
20251110B01,追加調達結果,応札件数（電源属地別）[件],0,0,0,0,0,0,0,0,0,0
20251110B01,追加調達結果,約定件数（電源属地別）[件],0,0,0,0,0,0,0,0,0,0
20251110B01,追加調達結果,最高約定価格（電源属地別）[円/kW・30分],0,0,0,0,0,0,0,0,0,0
20251110B01,追加調達結果,最低約定価格（電源属地別）[円/kW・30分],0,0,0,0,0,0,0,0,0,0
20251110B01,追加調達結果,平均約定価格（電源属地別）[円/kW・30分],0,0,0,0,0,0,0,0,0,0
20251110B01,追加調達結果,最高約定価格（TSO別）[円/kW・30分],0,0,0,0,0,0,0,0,0,0
20251110B01,追加調達結果,最低約定価格（TSO別）[円/kW・30分],0,0,0,0,0,0,0,0,0,0
20251110B01,追加調達結果,平均約定価格（TSO別）[円/kW・30分],0,0,0,0,0,0,0,0,0,0
20251110B01,追加調達結果,約定量合計（TSO別）[MW],0,0,0,0,0,0,0,0,0,0
20251110B01,追加調達結果,（内訳）自エリアからの約定量[MW],0,0,0,0,0,0,0,0,0,0
20251110B01,合計（確報値）,募集量（TSO別）[MW],55,163,340,41,86,281,189,95,198,1448
20251110B01,合計（確報値）,応札量合計（電源属地別）[MW],228.74,180.419,260.107,733.78,86,719.215,324.167,86,462.307,3080.735
20251110B01,合計（確報値）,約定量合計（電源属地別）[MW],13,180.419,176.466,419.725,86,246.627,40.362,86,60.307,1308.906
20251110B01,合計（確報値）,応札件数（電源属地別）[件],4,3,17,24,1,7,6,5,7,74
20251110B01,合計（確報値）,約定件数（電源属地別）[件],1,3,16,20,1,7,4,5,7,64
20251110B01,合計（確報値）,最高約定価格（電源属地別）[円/kW・30分],13.89,19.51,19.51,19.51,0.62,19.49,0.36,6.84,19.51,19.51
20251110B01,合計（確報値）,最低約定価格（電源属地別）[円/kW・30分],13.89,2.74,0.36,0.36,0.62,0.36,0.36,0.36,0.36,0.36
20251110B01,合計（確報値）,平均約定価格（電源属地別）[円/kW・30分],13.89,3.56,2.59,1.07,0.62,0.89,0.36,1.83,3.01,1.8
20251110B01,合計（確報値）,最高約定価格（TSO別）[円/kW・30分],13.89,19.51,19.51,2.06,19.51,5.6,2.08,6.84,19.51,19.51
20251110B01,合計（確報値）,最低約定価格（TSO別）[円/kW・30分],2.74,2.74,0.36,0.36,0.36,0.36,0.36,0.36,0.36,0.36
20251110B01,合計（確報値）,平均約定価格（TSO別）[円/kW・30分],5.38,3.8,2.59,0.43,1.34,0.9,1.24,1.83,2.85,1.8
20251110B01,合計（確報値）,約定量合計（TSO別）[MW],55,138.419,176.466,207.648,142,331.912,92.057,86,79.404,1308.906
20251110B01,合計（確報値）,（内訳）自エリアからの約定量[MW],13,138.419,176.466,207.648,86,225.54,40.362,86,60.307,1033.742
20251110B02,システム約定結果,募集量（TSO別）[MW],28,333,335,158,92,380,189,99,300,1914
20251110B02,システム約定結果,応札量合計（電源属地別）[MW],246.45,444.919,637.502,381.718,92,719.215,325.957,129,425.307,3402.068
20251110B02,システム約定結果,落札量合計（電源属地別）[MW],14,444.919,397.83,381.718,92,246.627,139.145,104.733,189.307,2010.279
20251110B02,システム約定結果,応札件数（電源属地別）[件],5,5,19,11,1,7,6,6,7,67
20251110B02,システム約定結果,落札件数（電源属地別）[件],2,5,17,11,1,7,5,5,7,60
20251110B02,システム約定結果,最高落札価格（電源属地別）[円/kW・30分],13.25,19.51,19.51,19.51,1.89,19.49,19.49,6.44,19.51,19.51
20251110B02,システム約定結果,最低落札価格（電源属地別）[円/kW・30分],5,2.68,0.36,1.94,1.89,0.36,0.36,0.36,0.4,0.36
20251110B02,システム約定結果,平均落札価格（電源属地別）[円/kW・30分],11.04,4.19,2.81,2.54,1.89,1.2,1.68,1.32,1.47,2.6
20251110B02,システム約定結果,最高落札価格（TSO別）[円/kW・30分],13.25,19.51,19.51,19.51,1.89,19.49,19.49,6.44,19.51,19.51
20251110B02,システム約定結果,最低落札価格（TSO別）[円/kW・30分],2.68,2.68,0.36,1.94,1.89,0.36,0.36,0.36,0.36,0.36
20251110B02,システム約定結果,平均落札価格（TSO別）[円/kW・30分],6.86,4.24,2.81,2.88,1.89,1.6,1.68,1.34,1.6,2.6
20251110B02,システム約定結果,落札量合計（TSO別）[MW],28,430.919,397.83,185.903,80,415.215,139.105,99,234.307,2010.279
20251110B02,システム約定結果,（内訳）自エリアからの落札量[MW],14,430.919,397.83,185.903,80,246.627,139.105,99,189.307,1782.691
20251110B02,追加調達結果,募集量（TSO別）[MW],-,-,-,-,-,-,-,-,-,-
20251110B02,追加調達結果,応札量合計（電源属地別）[MW],0,0,0,0,0,0,0,0,0,0
20251110B02,追加調達結果,約定量合計（電源属地別）[MW],0,0,0,0,0,0,0,0,0,0
20251110B02,追加調達結果,応札件数（電源属地別）[件],0,0,0,0,0,0,0,0,0,0
20251110B02,追加調達結果,約定件数（電源属地別）[件],0,0,0,0,0,0,0,0,0,0
20251110B02,追加調達結果,最高約定価格（電源属地別）[円/kW・30分],0,0,0,0,0,0,0,0,0,0
20251110B02,追加調達結果,最低約定価格（電源属地別）[円/kW・30分],0,0,0,0,0,0,0,0,0,0
20251110B02,追加調達結果,平均約定価格（電源属地別）[円/kW・30分],0,0,0,0,0,0,0,0,0,0
20251110B02,追加調達結果,最高約定価格（TSO別）[円/kW・30分],0,0,0,0,0,0,0,0,0,0
20251110B02,追加調達結果,最低約定価格（TSO別）[円/kW・30分],0,0,0,0,0,0,0,0,0,0
20251110B02,追加調達結果,平均約定価格（TSO別）[円/kW・30分],0,0,0,0,0,0,0,0,0,0
20251110B02,追加調達結果,約定量合計（TSO別）[MW],0,0,0,0,0,0,0,0,0,0
20251110B02,追加調達結果,（内訳）自エリアからの約定量[MW],0,0,0,0,0,0,0,0,0,0
20251110B02,合計（確報値）,募集量（TSO別）[MW],28,333,335,158,92,380,189,99,300,1914
20251110B02,合計（確報値）,応札量合計（電源属地別）[MW],246.45,444.919,637.502,716.718,92,719.215,325.967,129,425.307,3737.078
20251110B02,合計（確報値）,約定量合計（電源属地別）[MW],14,444.919,397.83,381.718,92,246.627,41.406,104.733,189.307,1912.54
20251110B02,合計（確報値）,応札件数（電源属地別）[件],5,5,19,25,1,7,7,6,7,82
20251110B02,合計（確報値）,約定件数（電源属地別）[件],2,5,17,20,1,7,5,5,7,69
20251110B02,合計（確報値）,最高約定価格（電源属地別）[円/kW・30分],13.25,19.51,19.51,19.51,1.89,19.49,19.49,6.44,19.51,19.51
20251110B02,合計（確報値）,最低約定価格（電源属地別）[円/kW・30分],5,2.68,0.36,0.36,1.89,0.36,0.36,0.36,0.4,0.36
20251110B02,合計（確報値）,平均約定価格（電源属地別）[円/kW・30分],11.04,4.19,2.81,0.91,1.89,1.2,1.19,1.32,1.47,2.31
20251110B02,合計（確報値）,最高約定価格（TSO別）[円/kW・30分],13.25,19.51,19.51,19.51,1.89,19.49,19.49,6.44,19.51,19.51
20251110B02,合計（確報値）,最低約定価格（TSO別）[円/kW・30分],2.68,2.68,0.36,0.36,1.89,0.36,0.36,0.36,0.36,0.36
20251110B02,合計（確報値）,平均約定価格（TSO別）[円/kW・30分],6.86,4.24,2.81,1.49,1.89,0.87,1.19,1.34,1.33,2.31
20251110B02,合計（確報値）,約定量合計（TSO別）[MW],28,430.919,397.83,185.903,80,415.215,41.366,99,234.307,1912.54
20251110B02,合計（確報値）,（内訳）自エリアからの約定量[MW],14,430.919,397.83,185.903,80,246.627,41.366,99,189.307,1684.952
20251110B03,システム約定結果,募集量（TSO別）[MW],134,932,481,400,127,605,284,174,427,3564
20251110B03,システム約定結果,応札量合計（電源属地別）[MW],238.74,784.919,1157.431,5.858,127,864.462,325.957,133,427.231,4064.598
20251110B03,システム約定結果,落札量合計（電源属地別）[MW],15,784.919,878.587,5.858,127,527.59,280.096,133,123.231,2875.281
20251110B03,システム約定結果,応札件数（電源属地別）[件],5,7,24,3,2,8,6,4,8,67
20251110B03,システム約定結果,落札件数（電源属地別）[件],1,7,19,3,2,8,6,4,7,57
20251110B03,システム約定結果,最高落札価格（電源属地別）[円/kW・30分],14.12,19.51,19.51,19.51,2.22,19.51,19.51,6.32,19.51,19.51
20251110B03,システム約定結果,最低落札価格（電源属地別）[円/kW・30分],14.12,2.48,2.26,19.47,2.17,0.41,0.36,0.36,0.52,0.36
20251110B03,システム約定結果,平均落札価格（電源属地別）[円/kW・30分],14.12,3.52,3.34,19.48,2.19,2.81,1.61,1.85,2.01,3.03
20251110B03,システム約定結果,最高落札価格（TSO別）[円/kW・30分],14.12,19.51,19.51,19.51,2.22,19.51,19.51,6.32,19.51,19.51
20251110B03,システム約定結果,最低落札価格（TSO別）[円/kW・30分],2.26,2.26,2.5,2.26,1.95,0.41,0.36,0.36,0.36,0.36
20251110B03,システム約定結果,平均落札価格（TSO別）[円/kW・30分],3.79,3.44,5.34,2.86,2.16,2.96,1.59,1.85,2.57,3.03
20251110B03,システム約定結果,落札量合計（TSO別）[MW],134,998.919,148.218,183.858,127,572.174,240.881,133,337.231,2875.281
20251110B03,システム約定結果,（内訳）自エリアからの落札量[MW],15,694.919,148.218,5.858,107,498.164,240.881,133,123.231,1966.271
20251110B03,追加調達結果,募集量（TSO別）[MW],-,-,-,-,-,-,-,-,-,-
20251110B03,追加調達結果,応札量合計（電源属地別）[MW],0,0,0,0,0,0,0,0,0,0
20251110B03,追加調達結果,約定量合計（電源属地別）[MW],0,0,0,0,0,0,0,0,0,0
20251110B03,追加調達結果,応札件数（電源属地別）[件],0,0,0,0,0,0,0,0,0,0
20251110B03,追加調達結果,約定件数（電源属地別）[件],0,0,0,0,0,0,0,0,0,0
20251110B03,追加調達結果,最高約定価格（電源属地別）[円/kW・30分],0,0,0,0,0,0,0,0,0,0
20251110B03,追加調達結果,最低約定価格（電源属地別）[円/kW・30分],0,0,0,0,0,0,0,0,0,0
20251110B03,追加調達結果,平均約定価格（電源属地別）[円/kW・30分],0,0,0,0,0,0,0,0,0,0
20251110B03,追加調達結果,最高約定価格（TSO別）[円/kW・30分],0,0,0,0,0,0,0,0,0,0
20251110B03,追加調達結果,最低約定価格（TSO別）[円/kW・30分],0,0,0,0,0,0,0,0,0,0
20251110B03,追加調達結果,平均約定価格（TSO別）[円/kW・30分],0,0,0,0,0,0,0,0,0,0
20251110B03,追加調達結果,約定量合計（TSO別）[MW],0,0,0,0,0,0,0,0,0,0
20251110B03,追加調達結果,（内訳）自エリアからの約定量[MW],0,0,0,0,0,0,0,0,0,0
20251110B03,合計（確報値）,募集量（TSO別）[MW],134,932,481,400,127,605,284,174,427,3564
20251110B03,合計（確報値）,応札量合計（電源属地別）[MW],238.74,784.919,1157.431,5.858,127,864.462,325.967,133,427.231,4064.608
20251110B03,合計（確報値）,約定量合計（電源属地別）[MW],15,784.919,878.587,5.858,127,527.59,182.357,133,123.231,2777.542
20251110B03,合計（確報値）,応札件数（電源属地別）[件],5,7,24,3,2,8,7,4,8,68
20251110B03,合計（確報値）,約定件数（電源属地別）[件],1,7,19,3,2,8,6,4,7,57
20251110B03,合計（確報値）,最高約定価格（電源属地別）[円/kW・30分],14.12,19.51,19.51,19.51,2.22,19.51,19.51,6.32,19.51,19.51
20251110B03,合計（確報値）,最低約定価格（電源属地別）[円/kW・30分],14.12,2.48,2.26,19.47,2.17,0.41,0.36,0.36,0.52,0.36
20251110B03,合計（確報値）,平均約定価格（電源属地別）[円/kW・30分],14.12,3.52,3.34,19.48,2.19,2.81,1.24,1.85,2.01,3.06
20251110B03,合計（確報値）,最高約定価格（TSO別）[円/kW・30分],14.12,19.51,19.51,19.51,2.22,19.51,19.51,6.32,19.51,19.51
20251110B03,合計（確報値）,最低約定価格（TSO別）[円/kW・30分],2.26,2.26,2.5,2.26,1.95,0.41,0.36,0.36,0.36,0.36
20251110B03,合計（確報値）,平均約定価格（TSO別）[円/kW・30分],3.79,3.44,5.34,2.86,2.16,2.96,1.11,1.85,2.57,3.06
20251110B03,合計（確報値）,約定量合計（TSO別）[MW],134,998.919,148.218,183.858,127,572.174,143.142,133,337.231,2777.542
20251110B03,合計（確報値）,（内訳）自エリアからの約定量[MW],15,694.919,148.218,5.858,107,498.164,143.142,133,123.231,1868.532
20251110B04,システム約定結果,募集量（TSO別）[MW],116,222,543,264,194,869,486,219,604,3517
20251110B04,システム約定結果,応札量合計（電源属地別）[MW],531.64,264.5,1139.206,7.718,194,975.7,40.656,181,624.58,3959
20251110B04,システム約定結果,落札量合計（電源属地別）[MW],116,264.5,837.048,7.718,194,972.7,40.656,181,608.363,3221.985
20251110B04,システム約定結果,応札件数（電源属地別）[件],7,2,32,4,2,6,2,4,12,71
20251110B04,システム約定結果,落札件数（電源属地別）[件],4,2,29,4,2,5,2,4,10,62
20251110B04,システム約定結果,最高落札価格（電源属地別）[円/kW・30分],15.56,19.51,19.51,19.51,1.92,10.29,19.51,7.36,19.51,19.51
20251110B04,システム約定結果,最低落札価格（電源属地別）[円/kW・30分],0.36,3.88,0.37,19.47,1.88,0.36,0.36,0.36,0.36,0.36
20251110B04,システム約定結果,平均落札価格（電源属地別）[円/kW・30分],6.8,4.74,1.68,19.49,1.9,2.14,0.83,0.98,3.32,2.57
20251110B04,システム約定結果,最高落札価格（TSO別）[円/kW・30分],15.56,19.51,19.51,1.8,1.92,19.51,19.51,7.36,19.51,19.51
20251110B04,システム約定結果,最低落札価格（TSO別）[円/kW・30分],0.36,3.88,0.37,1.08,1.88,0.36,0.36,0.36,0.36,0.36
20251110B04,システム約定結果,平均落札価格（TSO別）[円/kW・30分],6.8,4.74,1.86,1.45,1.9,2.56,0.98,0.98,3.73,2.57
20251110B04,システム約定結果,落札量合計（TSO別）[MW],116,264.5,498.237,264,186,803.718,381,181,527.53,3221.985
20251110B04,システム約定結果,（内訳）自エリアからの落札量[MW],116,264.5,498.237,0,186,788,40.656,181,527.53,2601.923
20251110B04,追加調達結果,募集量（TSO別）[MW],-,-,-,-,-,-,-,-,-,-
20251110B04,追加調達結果,応札量合計（電源属地別）[MW],0,0,0,0,0,0,0,0,0,0
20251110B04,追加調達結果,約定量合計（電源属地別）[MW],0,0,0,0,0,0,0,0,0,0
20251110B04,追加調達結果,応札件数（電源属地別）[件],0,0,0,0,0,0,0,0,0,0
20251110B04,追加調達結果,約定件数（電源属地別）[件],0,0,0,0,0,0,0,0,0,0
20251110B04,追加調達結果,最高約定価格（電源属地別）[円/kW・30分],0,0,0,0,0,0,0,0,0,0
20251110B04,追加調達結果,最低約定価格（電源属地別）[円/kW・30分],0,0,0,0,0,0,0,0,0,0
20251110B04,追加調達結果,平均約定価格（電源属地別）[円/kW・30分],0,0,0,0,0,0,0,0,0,0
20251110B04,追加調達結果,最高約定価格（TSO別）[円/kW・30分],0,0,0,0,0,0,0,0,0,0
20251110B04,追加調達結果,最低約定価格（TSO別）[円/kW・30分],0,0,0,0,0,0,0,0,0,0
20251110B04,追加調達結果,平均約定価格（TSO別）[円/kW・30分],0,0,0,0,0,0,0,0,0,0
20251110B04,追加調達結果,約定量合計（TSO別）[MW],0,0,0,0,0,0,0,0,0,0
20251110B04,追加調達結果,（内訳）自エリアからの約定量[MW],0,0,0,0,0,0,0,0,0,0
20251110B04,合計（確報値）,募集量（TSO別）[MW],116,222,543,264,194,869,486,219,604,3517
20251110B04,合計（確報値）,応札量合計（電源属地別）[MW],531.64,264.5,1139.206,7.718,194,975.7,40.656,181,1033.93,4368.35
20251110B04,合計（確報値）,約定量合計（電源属地別）[MW],116,264.5,837.048,7.718,194,972.7,40.656,181,607.913,3221.535
20251110B04,合計（確報値）,応札件数（電源属地別）[件],7,2,32,4,2,6,2,4,22,81
20251110B04,合計（確報値）,約定件数（電源属地別）[件],4,2,29,4,2,5,2,4,17,69
20251110B04,合計（確報値）,最高約定価格（電源属地別）[円/kW・30分],15.56,19.51,19.51,19.51,1.92,10.29,19.51,7.36,19.51,19.51
20251110B04,合計（確報値）,最低約定価格（電源属地別）[円/kW・30分],0.36,3.88,0.37,19.47,1.88,0.36,0.36,0.36,0.36,0.36
20251110B04,合計（確報値）,平均約定価格（電源属地別）[円/kW・30分],6.8,4.74,1.68,19.49,1.9,2.14,0.83,0.98,1.31,2.19
20251110B04,合計（確報値）,最高約定価格（TSO別）[円/kW・30分],15.56,19.51,19.51,1.8,1.92,19.51,19.51,7.36,19.51,19.51
20251110B04,合計（確報値）,最低約定価格（TSO別）[円/kW・30分],0.36,3.88,0.37,1.08,1.88,0.36,0.36,0.36,0.36,0.36
20251110B04,合計（確報値）,平均約定価格（TSO別）[円/kW・30分],6.8,4.74,1.86,1.45,1.9,2.56,0.98,0.98,1.42,2.19
20251110B04,合計（確報値）,約定量合計（TSO別）[MW],116,264.5,498.237,264,186,803.718,381,181,527.08,3221.535
20251110B04,合計（確報値）,（内訳）自エリアからの約定量[MW],116,264.5,498.237,0,186,788,40.656,181,527.08,2601.473
20251110B05,システム約定結果,募集量（TSO別）[MW],32,217,413,383,194,588,361,145,537,2870
20251110B05,システム約定結果,応札量合計（電源属地別）[MW],333.85,274.919,1056.796,7.718,194,1017.749,111.812,117,631.144,3744.988
20251110B05,システム約定結果,落札量合計（電源属地別）[MW],32,274.919,482.905,7.718,194,786.782,111.812,117,430.144,2437.28
20251110B05,システム約定結果,応札件数（電源属地別）[件],4,4,29,4,2,8,5,4,16,76
20251110B05,システム約定結果,落札件数（電源属地別）[件],2,4,25,4,2,8,5,4,14,68
20251110B05,システム約定結果,最高落札価格（電源属地別）[円/kW・30分],15.06,19.51,19.51,19.51,1.2,19.51,19.51,7.46,19.51,19.51
20251110B05,システム約定結果,最低落札価格（電源属地別）[円/kW・30分],13,3.74,0.34,19.47,1.15,0.36,0.36,0.36,0.36,0.34
20251110B05,システム約定結果,平均落札価格（電源属地別）[円/kW・30分],14.02,5.07,2.33,19.49,1.17,2.45,0.84,1.34,4.85,3.12
20251110B05,システム約定結果,最高落札価格（TSO別）[円/kW・30分],15.06,19.51,19.51,19.51,1.2,19.51,19.51,7.46,19.51,19.51
20251110B05,システム約定結果,最低落札価格（TSO別）[円/kW・30分],13,3.74,0.37,0.34,1.15,0.36,0.36,0.36,0.36,0.34
20251110B05,システム約定結果,平均落札価格（TSO別）[円/kW・30分],14.02,5.07,3.56,0.9,1.17,3.18,0.97,1.34,4.92,3.12
20251110B05,システム約定結果,落札量合計（TSO別）[MW],32,274.919,296.238,277.718,194,521.461,288.8,117,435.144,2437.28
20251110B05,システム約定結果,（内訳）自エリアからの落札量[MW],32,274.919,296.238,7.718,194,521.461,111.812,117,430.144,1985.292
20251110B05,追加調達結果,募集量（TSO別）[MW],-,-,-,-,-,-,-,-,-,-
20251110B05,追加調達結果,応札量合計（電源属地別）[MW],0,0,0,0,0,0,0,0,0,0
20251110B05,追加調達結果,約定量合計（電源属地別）[MW],0,0,0,0,0,0,0,0,0,0
20251110B05,追加調達結果,応札件数（電源属地別）[件],0,0,0,0,0,0,0,0,0,0
20251110B05,追加調達結果,約定件数（電源属地別）[件],0,0,0,0,0,0,0,0,0,0
20251110B05,追加調達結果,最高約定価格（電源属地別）[円/kW・30分],0,0,0,0,0,0,0,0,0,0
20251110B05,追加調達結果,最低約定価格（電源属地別）[円/kW・30分],0,0,0,0,0,0,0,0,0,0
20251110B05,追加調達結果,平均約定価格（電源属地別）[円/kW・30分],0,0,0,0,0,0,0,0,0,0
20251110B05,追加調達結果,最高約定価格（TSO別）[円/kW・30分],0,0,0,0,0,0,0,0,0,0
20251110B05,追加調達結果,最低約定価格（TSO別）[円/kW・30分],0,0,0,0,0,0,0,0,0,0
20251110B05,追加調達結果,平均約定価格（TSO別）[円/kW・30分],0,0,0,0,0,0,0,0,0,0
20251110B05,追加調達結果,約定量合計（TSO別）[MW],0,0,0,0,0,0,0,0,0,0
20251110B05,追加調達結果,（内訳）自エリアからの約定量[MW],0,0,0,0,0,0,0,0,0,0
20251110B05,合計（確報値）,募集量（TSO別）[MW],32,217,413,383,194,588,361,145,537,2870
20251110B05,合計（確報値）,応札量合計（電源属地別）[MW],333.85,274.919,1058.766,7.718,194,1017.749,111.812,117,1040.494,4156.308
20251110B05,合計（確報値）,約定量合計（電源属地別）[MW],15.9,274.919,482.885,7.718,194,786.782,111.812,117,429.694,2420.71
20251110B05,合計（確報値）,応札件数（電源属地別）[件],4,4,30,4,2,8,5,4,24,85
20251110B05,合計（確報値）,約定件数（電源属地別）[件],1,4,25,4,2,8,5,4,19,72
20251110B05,合計（確報値）,最高約定価格（電源属地別）[円/kW・30分],15.06,19.51,19.51,19.51,1.2,19.51,19.51,7.46,19.51,19.51
20251110B05,合計（確報値）,最低約定価格（電源属地別）[円/kW・30分],15.06,3.74,0.34,19.47,1.15,0.36,0.36,0.36,0.36,0.34
20251110B05,合計（確報値）,平均約定価格（電源属地別）[円/kW・30分],15.06,5.07,2.33,19.49,1.17,2.45,0.84,1.34,1.9,2.53
20251110B05,合計（確報値）,最高約定価格（TSO別）[円/kW・30分],15.06,19.51,19.51,19.51,1.2,19.51,19.51,7.46,19.51,19.51
20251110B05,合計（確報値）,最低約定価格（TSO別）[円/kW・30分],15.06,3.74,0.37,0.34,1.15,0.36,0.36,0.36,0.36,0.34
20251110B05,合計（確報値）,平均約定価格（TSO別）[円/kW・30分],15.06,5.07,3.56,0.9,1.17,3.18,0.97,1.34,2,2.53
20251110B05,合計（確報値）,約定量合計（TSO別）[MW],15.9,274.919,296.238,277.698,194,521.461,288.8,117,434.694,2420.71
20251110B05,合計（確報値）,（内訳）自エリアからの約定量[MW],15.9,274.919,296.238,7.718,194,521.461,111.812,117,429.694,1968.742
20251110B06,システム約定結果,募集量（TSO別）[MW],36,732,580,402,120,692,340,179,549,3630
20251110B06,システム約定結果,応札量合計（電源属地別）[MW],271.64,784.919,1064.098,642.088,120,867.462,307.029,134,274.144,4465.38
20251110B06,システム約定結果,落札量合計（電源属地別）[MW],36,784.919,387.274,642.088,120,535.617,277.449,134,224.887,3142.234
20251110B06,システム約定結果,応札件数（電源属地別）[件],7,7,32,7,1,9,9,4,13,89
20251110B06,システム約定結果,落札件数（電源属地別）[件],2,7,26,7,1,8,9,4,13,77
20251110B06,システム約定結果,最高落札価格（電源属地別）[円/kW・30分],12.42,19.51,19.51,19.51,2.8,19.51,19.51,6.96,19.51,19.51
20251110B06,システム約定結果,最低落札価格（電源属地別）[円/kW・30分],8,1.57,0.69,1.27,2.8,1.37,0.96,0.36,1.28,0.36
20251110B06,システム約定結果,平均落札価格（電源属地別）[円/kW・30分],10.46,3.15,2.68,2.24,2.8,2.93,2.6,1.13,2.93,2.79
20251110B06,システム約定結果,最高落札価格（TSO別）[円/kW・30分],12.42,19.51,19.51,19.51,2.91,19.51,19.51,6.96,19.51,19.51
20251110B06,システム約定結果,最低落札価格（TSO別）[円/kW・30分],8,1.57,0.73,0.69,2.8,1.08,0.96,0.36,1.04,0.36
20251110B06,システム約定結果,平均落札価格（TSO別）[円/kW・30分],10.46,3.15,2.75,3.12,2.84,2.63,2.67,1.13,2.18,2.79
20251110B06,システム約定結果,落札量合計（TSO別）[MW],36,784.919,485.737,249.206,113,627.216,253.012,134,459.144,3142.234
20251110B06,システム約定結果,（内訳）自エリアからの落札量[MW],36,784.919,177.637,105.206,73,420.374,229.466,134,224.887,2185.489
20251110B06,追加調達結果,募集量（TSO別）[MW],-,-,-,-,-,-,-,-,-,-
20251110B06,追加調達結果,応札量合計（電源属地別）[MW],0,0,0,0,0,0,0,0,0,0
20251110B06,追加調達結果,約定量合計（電源属地別）[MW],0,0,0,0,0,0,0,0,0,0
20251110B06,追加調達結果,応札件数（電源属地別）[件],0,0,0,0,0,0,0,0,0,0
20251110B06,追加調達結果,約定件数（電源属地別）[件],0,0,0,0,0,0,0,0,0,0
20251110B06,追加調達結果,最高約定価格（電源属地別）[円/kW・30分],0,0,0,0,0,0,0,0,0,0
20251110B06,追加調達結果,最低約定価格（電源属地別）[円/kW・30分],0,0,0,0,0,0,0,0,0,0
20251110B06,追加調達結果,平均約定価格（電源属地別）[円/kW・30分],0,0,0,0,0,0,0,0,0,0
20251110B06,追加調達結果,最高約定価格（TSO別）[円/kW・30分],0,0,0,0,0,0,0,0,0,0
20251110B06,追加調達結果,最低約定価格（TSO別）[円/kW・30分],0,0,0,0,0,0,0,0,0,0
20251110B06,追加調達結果,平均約定価格（TSO別）[円/kW・30分],0,0,0,0,0,0,0,0,0,0
20251110B06,追加調達結果,約定量合計（TSO別）[MW],0,0,0,0,0,0,0,0,0,0
20251110B06,追加調達結果,（内訳）自エリアからの約定量[MW],0,0,0,0,0,0,0,0,0,0
20251110B06,合計（確報値）,募集量（TSO別）[MW],36,732,580,402,120,692,340,179,549,3630
20251110B06,合計（確報値）,応札量合計（電源属地別）[MW],271.64,784.919,1064.098,754.088,120,867.462,307.029,134,275.494,4578.73
20251110B06,合計（確報値）,約定量合計（電源属地別）[MW],20,784.919,387.274,642.088,120,535.617,277.449,134,224.437,3125.784
20251110B06,合計（確報値）,応札件数（電源属地別）[件],7,7,32,13,1,9,9,4,14,96
20251110B06,合計（確報値）,約定件数（電源属地別）[件],1,7,26,11,1,8,9,4,13,80
20251110B06,合計（確報値）,最高約定価格（電源属地別）[円/kW・30分],12.42,19.51,19.51,19.51,2.8,19.51,19.51,6.96,19.51,19.51
20251110B06,合計（確報値）,最低約定価格（電源属地別）[円/kW・30分],12.42,1.57,0.69,0.36,2.8,1.37,0.96,0.36,1.28,0.36
20251110B06,合計（確報値）,平均約定価格（電源属地別）[円/kW・30分],12.42,3.15,2.68,1.42,2.8,2.93,2.6,1.13,2.9,2.59
20251110B06,合計（確報値）,最高約定価格（TSO別）[円/kW・30分],12.42,19.51,19.51,19.51,2.91,19.51,19.51,6.96,19.51,19.51
20251110B06,合計（確報値）,最低約定価格（TSO別）[円/kW・30分],12.42,1.57,0.36,0.36,2.8,1.08,0.96,0.36,1.04,0.36
20251110B06,合計（確報値）,平均約定価格（TSO別）[円/kW・30分],12.42,3.15,2.46,1.57,2.84,2.63,2.67,1.13,2.17,2.59
20251110B06,合計（確報値）,約定量合計（TSO別）[MW],20,784.919,485.737,249.206,113,627.216,253.012,134,458.694,3125.784
20251110B06,合計（確報値）,（内訳）自エリアからの約定量[MW],20,784.919,177.637,105.206,73,420.374,229.466,134,224.437,2169.039
20251110B07,システム約定結果,募集量（TSO別）[MW],32,263,460,206,106,574,305,83,328,2357
20251110B07,システム約定結果,応札量合計（電源属地別）[MW],240.75,274.919,1000.853,791.3,106,1017.749,345.685,122,401.516,4300.772
20251110B07,システム約定結果,落札量合計（電源属地別）[MW],33.75,274.919,367.27,710.3,106,370.462,174.022,86.333,173.516,2296.572
20251110B07,システム約定結果,応札件数（電源属地別）[件],4,4,31,10,1,8,9,8,12,87
20251110B07,システム約定結果,落札件数（電源属地別）[件],3,4,26,9,1,8,8,6,12,77
20251110B07,システム約定結果,最高落札価格（電源属地別）[円/kW・30分],12.43,19.51,19.51,19.51,3.3,19.49,19.51,2.11,19.51,19.51
20251110B07,システム約定結果,最低落札価格（電源属地別）[円/kW・30分],7,1.76,0.73,3.1,3.3,1.5,1.04,0.36,1.41,0.36
20251110B07,システム約定結果,平均落札価格（電源属地別）[円/kW・30分],9.69,3.27,3.85,3.53,3.3,3.96,2.71,0.56,3.66,3.53
20251110B07,システム約定結果,最高落札価格（TSO別）[円/kW・30分],12.43,19.51,19.51,19.51,3.3,19.49,19.51,2.11,19.51,19.51
20251110B07,システム約定結果,最低落札価格（TSO別）[円/kW・30分],7,1.76,0.73,3.1,3.3,1.5,0.36,0.36,1.41,0.36
20251110B07,システム約定結果,平均落札価格（TSO別）[円/kW・30分],9.69,3.27,3.85,3.71,3.3,3.83,2.85,0.57,3.46,3.53
20251110B07,システム約定結果,落札量合計（TSO別）[MW],33.75,274.919,367.27,380.01,88,519.307,265.8,83,284.516,2296.572
20251110B07,システム約定結果,（内訳）自エリアからの落札量[MW],33.75,274.919,367.27,380.01,88,315.007,174.022,83,173.516,1889.494
20251110B07,追加調達結果,募集量（TSO別）[MW],-,-,-,-,-,-,-,-,-,-
20251110B07,追加調達結果,応札量合計（電源属地別）[MW],0,0,0,0,0,0,0,0,0,0
20251110B07,追加調達結果,約定量合計（電源属地別）[MW],0,0,0,0,0,0,0,0,0,0
20251110B07,追加調達結果,応札件数（電源属地別）[件],0,0,0,0,0,0,0,0,0,0
20251110B07,追加調達結果,約定件数（電源属地別）[件],0,0,0,0,0,0,0,0,0,0
20251110B07,追加調達結果,最高約定価格（電源属地別）[円/kW・30分],0,0,0,0,0,0,0,0,0,0
20251110B07,追加調達結果,最低約定価格（電源属地別）[円/kW・30分],0,0,0,0,0,0,0,0,0,0
20251110B07,追加調達結果,平均約定価格（電源属地別）[円/kW・30分],0,0,0,0,0,0,0,0,0,0
20251110B07,追加調達結果,最高約定価格（TSO別）[円/kW・30分],0,0,0,0,0,0,0,0,0,0
20251110B07,追加調達結果,最低約定価格（TSO別）[円/kW・30分],0,0,0,0,0,0,0,0,0,0
20251110B07,追加調達結果,平均約定価格（TSO別）[円/kW・30分],0,0,0,0,0,0,0,0,0,0
20251110B07,追加調達結果,約定量合計（TSO別）[MW],0,0,0,0,0,0,0,0,0,0
20251110B07,追加調達結果,（内訳）自エリアからの約定量[MW],0,0,0,0,0,0,0,0,0,0
20251110B07,合計（確報値）,募集量（TSO別）[MW],32,263,460,206,106,574,305,83,328,2357
20251110B07,合計（確報値）,応札量合計（電源属地別）[MW],240.75,274.919,1008.703,1098.882,106,1017.749,345.685,122,401.516,4616.204
20251110B07,合計（確報値）,約定量合計（電源属地別）[MW],19.75,274.919,367.27,710.3,106,370.462,174.022,86.333,173.516,2282.572
20251110B07,合計（確報値）,応札件数（電源属地別）[件],4,4,32,20,1,8,9,8,12,98
20251110B07,合計（確報値）,約定件数（電源属地別）[件],2,4,26,18,1,8,8,6,12,85
20251110B07,合計（確報値）,最高約定価格（電源属地別）[円/kW・30分],12.43,19.51,19.51,19.51,3.3,19.49,19.51,2.11,19.51,19.51
20251110B07,合計（確報値）,最低約定価格（電源属地別）[円/kW・30分],8,1.76,0.36,0.36,3.3,1.5,1.04,0.36,1.41,0.36
20251110B07,合計（確報値）,平均約定価格（電源属地別）[円/kW・30分],11.59,3.27,3.73,2.34,3.3,3.96,2.71,0.56,3.66,3.13
20251110B07,合計（確報値）,最高約定価格（TSO別）[円/kW・30分],12.43,19.51,19.51,19.51,3.3,19.49,19.51,2.11,19.51,19.51
20251110B07,合計（確報値）,最低約定価格（TSO別）[円/kW・30分],8,1.76,0.36,0.36,3.3,0.36,0.36,0.36,0.36,0.36
20251110B07,合計（確報値）,平均約定価格（TSO別）[円/kW・30分],11.59,3.27,3.73,2.84,3.3,3.51,2.51,0.57,2.56,3.13
20251110B07,合計（確報値）,約定量合計（TSO別）[MW],19.75,274.919,367.27,380.01,88,519.307,265.8,83,284.516,2282.572
20251110B07,合計（確報値）,（内訳）自エリアからの約定量[MW],19.75,274.919,367.27,380.01,88,315.007,174.022,83,173.516,1875.494
20251110B08,システム約定結果,募集量（TSO別）[MW],39,138,442,230,105,462,197,88,298,1999
20251110B08,システム約定結果,応札量合計（電源属地別）[MW],280.64,274.919,936.55,949.3,105,869.915,370.327,118,316.407,4221.058
20251110B08,システム約定結果,落札量合計（電源属地別）[MW],44,274.919,336.752,862.3,105,372.915,152.958,91.799,157.407,2398.05
20251110B08,システム約定結果,応札件数（電源属地別）[件],7,4,22,11,1,8,7,6,9,75
20251110B08,システム約定結果,落札件数（電源属地別）[件],2,4,20,10,1,8,6,5,9,65
20251110B08,システム約定結果,最高落札価格（電源属地別）[円/kW・30分],13.83,19.51,19.51,19.51,1.31,19.49,19.51,6.88,19.51,19.51
20251110B08,システム約定結果,最低落札価格（電源属地別）[円/kW・30分],10,3.19,0.52,2.73,1.31,0.36,0.37,0.36,0.41,0.36
20251110B08,システム約定結果,平均落札価格（電源属地別）[円/kW・30分],11.65,4.57,3.89,3.27,1.31,3.32,3.34,1.41,1.71,3.41
20251110B08,システム約定結果,最高落札価格（TSO別）[円/kW・30分],13.83,19.51,19.51,19.51,1.31,19.49,19.51,6.88,19.51,19.51
20251110B08,システム約定結果,最低落札価格（TSO別）[円/kW・30分],10,3.19,0.52,2.73,1.31,0.36,0.37,0.36,0.37,0.36
20251110B08,システム約定結果,平均落札価格（TSO別）[円/kW・30分],11.65,4.57,3.89,3.32,1.31,3.26,3.42,1.38,2.05,3.41
20251110B08,システム約定結果,落札量合計（TSO別）[MW],44,274.919,336.752,706.05,105,473.215,144.707,88,225.407,2398.05
20251110B08,システム約定結果,（内訳）自エリアからの落札量[MW],44,274.919,336.752,706.05,105,372.915,140.908,88,157.407,2225.951
20251110B08,追加調達結果,募集量（TSO別）[MW],-,-,-,-,-,-,-,-,-,-
20251110B08,追加調達結果,応札量合計（電源属地別）[MW],0,0,0,0,0,0,0,0,0,0
20251110B08,追加調達結果,約定量合計（電源属地別）[MW],0,0,0,0,0,0,0,0,0,0
20251110B08,追加調達結果,応札件数（電源属地別）[件],0,0,0,0,0,0,0,0,0,0
20251110B08,追加調達結果,約定件数（電源属地別）[件],0,0,0,0,0,0,0,0,0,0
20251110B08,追加調達結果,最高約定価格（電源属地別）[円/kW・30分],0,0,0,0,0,0,0,0,0,0
20251110B08,追加調達結果,最低約定価格（電源属地別）[円/kW・30分],0,0,0,0,0,0,0,0,0,0
20251110B08,追加調達結果,平均約定価格（電源属地別）[円/kW・30分],0,0,0,0,0,0,0,0,0,0
20251110B08,追加調達結果,最高約定価格（TSO別）[円/kW・30分],0,0,0,0,0,0,0,0,0,0
20251110B08,追加調達結果,最低約定価格（TSO別）[円/kW・30分],0,0,0,0,0,0,0,0,0,0
20251110B08,追加調達結果,平均約定価格（TSO別）[円/kW・30分],0,0,0,0,0,0,0,0,0,0
20251110B08,追加調達結果,約定量合計（TSO別）[MW],0,0,0,0,0,0,0,0,0,0
20251110B08,追加調達結果,（内訳）自エリアからの約定量[MW],0,0,0,0,0,0,0,0,0,0
20251110B08,合計（確報値）,募集量（TSO別）[MW],39,138,442,230,105,462,197,88,298,1999
20251110B08,合計（確報値）,応札量合計（電源属地別）[MW],280.64,274.919,936.55,1256.882,105,869.915,370.337,118,368.757,4581
20251110B08,合計（確報値）,約定量合計（電源属地別）[MW],19,274.919,336.752,862.3,105,372.915,55.219,91.799,156.957,2274.861
20251110B08,合計（確報値）,応札件数（電源属地別）[件],7,4,22,17,1,8,8,6,11,84
20251110B08,合計（確報値）,約定件数（電源属地別）[件],1,4,20,15,1,8,6,5,9,69
20251110B08,合計（確報値）,最高約定価格（電源属地別）[円/kW・30分],13.83,19.51,19.51,19.51,1.31,19.49,19.51,6.88,19.51,19.51
20251110B08,合計（確報値）,最低約定価格（電源属地別）[円/kW・30分],13.83,3.19,0.52,0.36,1.31,0.36,0.37,0.36,0.41,0.36
20251110B08,合計（確報値）,平均約定価格（電源属地別）[円/kW・30分],13.83,4.57,3.89,2.32,1.31,3.32,5.79,1.41,1.66,3.04
20251110B08,合計（確報値）,最高約定価格（TSO別）[円/kW・30分],13.83,19.51,19.51,19.51,1.31,19.49,19.51,6.88,19.51,19.51
20251110B08,合計（確報値）,最低約定価格（TSO別）[円/kW・30分],13.83,3.19,0.52,0.36,1.31,0.36,0.37,0.36,0.36,0.36
20251110B08,合計（確報値）,平均約定価格（TSO別）[円/kW・30分],13.83,4.57,3.89,2.75,1.31,2.7,5.55,1.38,1.32,3.04
20251110B08,合計（確報値）,約定量合計（TSO別）[MW],19,274.919,336.752,706.05,105,473.215,58.968,88,212.957,2274.861
20251110B08,合計（確報値）,（内訳）自エリアからの約定量[MW],19,274.919,336.752,706.05,105,372.915,55.169,88,156.957,2114.762
20251111B01,システム約定結果,募集量（TSO別）[MW],55,163,340,41,86,281,189,95,198,1448
20251111B01,システム約定結果,応札量合計（電源属地別）[MW],228.74,260.419,138.845,703.78,86,869.915,324.157,86,312.617,3010.473
20251111B01,システム約定結果,落札量合計（電源属地別）[MW],13.75,260.419,55.204,703.78,86,346.415,138.101,86,39.617,1729.286
20251111B01,システム約定結果,応札件数（電源属地別）[件],4,3,10,11,1,8,5,5,7,54
20251111B01,システム約定結果,落札件数（電源属地別）[件],2,3,9,11,1,8,4,5,6,49
20251111B01,システム約定結果,最高落札価格（電源属地別）[円/kW・30分],13.47,19.51,19.51,19.51,0.62,19.49,1.6,6.6,19.51,19.51
20251111B01,システム約定結果,最低落札価格（電源属地別）[円/kW・30分],12,3.62,0.36,2.04,0.62,0.36,0.36,0.36,0.36,0.36
20251111B01,システム約定結果,平均落札価格（電源属地別）[円/kW・30分],13.07,4.15,4.77,3.12,0.62,3.99,1.24,1.78,3.54,3.25
20251111B01,システム約定結果,最高落札価格（TSO別）[円/kW・30分],13.47,19.51,19.51,4.22,4.22,19.49,19.51,6.6,19.51,19.51
20251111B01,システム約定結果,最低落札価格（TSO別）[円/kW・30分],3.62,3.62,0.36,2.04,0.62,0.36,0.36,0.36,0.36,0.36
20251111B01,システム約定結果,平均落札価格（TSO別）[円/kW・30分],5.98,4.25,4.77,3.05,1.26,3.77,2.01,1.78,3.54,3.25
20251111B01,システム約定結果,落札量合計（TSO別）[MW],55,219.169,55.204,559.709,123.659,426.68,164.248,86,39.617,1729.286
20251111B01,システム約定結果,（内訳）自エリアからの落札量[MW],13.75,219.169,55.204,559.709,86,346.415,138.101,86,39.617,1543.965
20251111B01,追加調達結果,募集量（TSO別）[MW],-,-,-,-,-,-,-,-,-,-
20251111B01,追加調達結果,応札量合計（電源属地別）[MW],0,0,0,0,0,0,0,0,0,0
20251111B01,追加調達結果,約定量合計（電源属地別）[MW],0,0,0,0,0,0,0,0,0,0
20251111B01,追加調達結果,応札件数（電源属地別）[件],0,0,0,0,0,0,0,0,0,0
20251111B01,追加調達結果,約定件数（電源属地別）[件],0,0,0,0,0,0,0,0,0,0
20251111B01,追加調達結果,最高約定価格（電源属地別）[円/kW・30分],0,0,0,0,0,0,0,0,0,0
20251111B01,追加調達結果,最低約定価格（電源属地別）[円/kW・30分],0,0,0,0,0,0,0,0,0,0
20251111B01,追加調達結果,平均約定価格（電源属地別）[円/kW・30分],0,0,0,0,0,0,0,0,0,0
20251111B01,追加調達結果,最高約定価格（TSO別）[円/kW・30分],0,0,0,0,0,0,0,0,0,0
20251111B01,追加調達結果,最低約定価格（TSO別）[円/kW・30分],0,0,0,0,0,0,0,0,0,0
20251111B01,追加調達結果,平均約定価格（TSO別）[円/kW・30分],0,0,0,0,0,0,0,0,0,0
20251111B01,追加調達結果,約定量合計（TSO別）[MW],0,0,0,0,0,0,0,0,0,0
20251111B01,追加調達結果,（内訳）自エリアからの約定量[MW],0,0,0,0,0,0,0,0,0,0
20251111B01,合計（確報値）,募集量（TSO別）[MW],55,163,340,41,86,281,189,95,198,1448
20251111B01,合計（確報値）,応札量合計（電源属地別）[MW],228.74,260.419,138.845,1345.78,86,869.915,324.167,86,312.617,3652.483
20251111B01,合計（確報値）,約定量合計（電源属地別）[MW],13.75,260.419,55.204,703.78,86,346.415,40.362,86,39.617,1631.547
20251111B01,合計（確報値）,応札件数（電源属地別）[件],4,3,10,40,1,8,6,5,7,84
20251111B01,合計（確報値）,約定件数（電源属地別）[件],2,3,9,32,1,8,4,5,6,70
20251111B01,合計（確報値）,最高約定価格（電源属地別）[円/kW・30分],13.47,19.51,19.51,19.51,0.62,19.49,0.36,6.6,19.51,19.51
20251111B01,合計（確報値）,最低約定価格（電源属地別）[円/kW・30分],12,3.62,0.36,0.36,0.62,0.36,0.36,0.36,0.36,0.36
20251111B01,合計（確報値）,平均約定価格（電源属地別）[円/kW・30分],13.07,4.15,4.77,0.72,0.62,3.99,0.36,1.78,3.54,2.32
20251111B01,合計（確報値）,最高約定価格（TSO別）[円/kW・30分],13.47,19.51,19.51,2.45,0.62,19.49,19.51,6.6,19.51,19.51
20251111B01,合計（確報値）,最低約定価格（TSO別）[円/kW・30分],3.62,3.62,0.36,0.36,0.36,0.36,0.36,0.36,0.36,0.36
20251111B01,合計（確報値）,平均約定価格（TSO別）[円/kW・30分],5.98,4.25,4.77,0.55,0.54,3.49,1.45,1.78,3.54,2.32
20251111B01,合計（確報値）,約定量合計（TSO別）[MW],55,219.169,55.204,559.709,123.659,426.68,66.509,86,39.617,1631.547
20251111B01,合計（確報値）,（内訳）自エリアからの約定量[MW],13.75,219.169,55.204,559.709,86,346.415,40.362,86,39.617,1446.226
20251111B02,システム約定結果,募集量（TSO別）[MW],28,333,335,158,92,380,189,99,300,1914
20251111B02,システム約定結果,応札量合計（電源属地別）[MW],246.45,444.919,605.026,468.718,92,869.915,325.957,129,477.607,3659.592
20251111B02,システム約定結果,落札量合計（電源属地別）[MW],14,444.919,251.752,468.718,92,443.086,139.145,104.733,208.696,2167.049
20251111B02,システム約定結果,応札件数（電源属地別）[件],5,5,19,10,1,8,6,6,9,69
20251111B02,システム約定結果,落札件数（電源属地別）[件],2,5,17,10,1,8,5,5,9,62
20251111B02,システム約定結果,最高落札価格（電源属地別）[円/kW・30分],13.28,19.51,19.51,19.51,1.89,19.49,19.49,6.15,19.51,19.51
20251111B02,システム約定結果,最低落札価格（電源属地別）[円/kW・30分],5,1.95,0.36,2.01,1.89,0.36,0.48,0.36,0.4,0.36
20251111B02,システム約定結果,平均落札価格（電源属地別）[円/kW・30分],11.06,3.78,3.54,3.05,1.89,3.03,2.13,1.35,1.49,2.97
20251111B02,システム約定結果,最高落札価格（TSO別）[円/kW・30分],13.28,19.51,19.51,19.51,1.89,19.49,19.49,6.15,19.51,19.51
20251111B02,システム約定結果,最低落札価格（TSO別）[円/kW・30分],1.95,1.95,0.36,2.01,1.89,0.36,0.48,0.36,0.36,0.36
20251111B02,システム約定結果,平均落札価格（TSO別）[円/kW・30分],6.51,3.84,3.54,3.05,1.89,3.01,2.21,1.19,1.71,2.97
20251111B02,システム約定結果,落札量合計（TSO別）[MW],28,430.919,251.752,468.718,92,416.215,144.838,99,235.607,2167.049
20251111B02,システム約定結果,（内訳）自エリアからの落札量[MW],14,430.919,251.752,468.718,92,416.215,139.105,99,208.696,2120.405
20251111B02,追加調達結果,募集量（TSO別）[MW],-,-,-,-,-,-,-,-,-,-
20251111B02,追加調達結果,応札量合計（電源属地別）[MW],0,0,0,0,0,0,0,0,0,0
20251111B02,追加調達結果,約定量合計（電源属地別）[MW],0,0,0,0,0,0,0,0,0,0
20251111B02,追加調達結果,応札件数（電源属地別）[件],0,0,0,0,0,0,0,0,0,0
20251111B02,追加調達結果,約定件数（電源属地別）[件],0,0,0,0,0,0,0,0,0,0
20251111B02,追加調達結果,最高約定価格（電源属地別）[円/kW・30分],0,0,0,0,0,0,0,0,0,0
20251111B02,追加調達結果,最低約定価格（電源属地別）[円/kW・30分],0,0,0,0,0,0,0,0,0,0
20251111B02,追加調達結果,平均約定価格（電源属地別）[円/kW・30分],0,0,0,0,0,0,0,0,0,0
20251111B02,追加調達結果,最高約定価格（TSO別）[円/kW・30分],0,0,0,0,0,0,0,0,0,0
20251111B02,追加調達結果,最低約定価格（TSO別）[円/kW・30分],0,0,0,0,0,0,0,0,0,0
20251111B02,追加調達結果,平均約定価格（TSO別）[円/kW・30分],0,0,0,0,0,0,0,0,0,0
20251111B02,追加調達結果,約定量合計（TSO別）[MW],0,0,0,0,0,0,0,0,0,0
20251111B02,追加調達結果,（内訳）自エリアからの約定量[MW],0,0,0,0,0,0,0,0,0,0
20251111B02,合計（確報値）,募集量（TSO別）[MW],28,333,335,158,92,380,189,99,300,1914
20251111B02,合計（確報値）,応札量合計（電源属地別）[MW],246.45,444.919,605.026,913.718,92,869.915,325.967,129,477.607,4104.602
20251111B02,合計（確報値）,約定量合計（電源属地別）[MW],14,444.919,251.752,468.718,92,443.086,41.406,104.733,208.696,2069.31
20251111B02,合計（確報値）,応札件数（電源属地別）[件],5,5,19,23,1,8,7,6,9,83
20251111B02,合計（確報値）,約定件数（電源属地別）[件],2,5,17,18,1,8,5,5,9,70
20251111B02,合計（確報値）,最高約定価格（電源属地別）[円/kW・30分],13.28,19.51,19.51,19.51,1.89,19.49,19.49,6.15,19.51,19.51
20251111B02,合計（確報値）,最低約定価格（電源属地別）[円/kW・30分],5,1.95,0.36,0.36,1.89,0.36,0.36,0.36,0.4,0.36
20251111B02,合計（確報値）,平均約定価格（電源属地別）[円/kW・30分],11.06,3.78,3.54,0.73,1.89,3.03,1.32,1.35,1.49,2.46
20251111B02,合計（確報値）,最高約定価格（TSO別）[円/kW・30分],13.28,19.51,19.51,19.51,1.89,19.49,19.49,6.15,19.51,19.51
20251111B02,合計（確報値）,最低約定価格（TSO別）[円/kW・30分],1.95,1.95,0.36,0.36,1.89,0.36,0.48,0.36,0.36,0.36
20251111B02,合計（確報値）,平均約定価格（TSO別）[円/kW・30分],6.51,3.84,3.54,0.73,1.89,3.01,1.65,1.19,1.71,2.46
20251111B02,合計（確報値）,約定量合計（TSO別）[MW],28,430.919,251.752,468.718,92,416.215,47.099,99,235.607,2069.31
20251111B02,合計（確報値）,（内訳）自エリアからの約定量[MW],14,430.919,251.752,468.718,92,416.215,41.366,99,208.696,2022.666
20251111B03,システム約定結果,募集量（TSO別）[MW],134,932,481,400,127,605,284,174,427,3564
20251111B03,システム約定結果,応札量合計（電源属地別）[MW],238.74,784.919,981.125,117.858,127,860.904,325.957,133,479.531,4049.034
20251111B03,システム約定結果,落札量合計（電源属地別）[MW],15,784.919,506.179,117.858,127,860.904,264.518,133,250.245,3059.623
20251111B03,システム約定結果,応札件数（電源属地別）[件],5,7,22,4,2,8,6,4,10,68
20251111B03,システム約定結果,落札件数（電源属地別）[件],1,7,15,4,2,8,6,4,9,56
20251111B03,システム約定結果,最高落札価格（電源属地別）[円/kW・30分],13.47,19.51,19.51,19.51,2.22,19.51,19.51,6.28,19.51,19.51
20251111B03,システム約定結果,最低落札価格（電源属地別）[円/kW・30分],13.47,2.09,2.26,3.55,2.17,0.41,0.6,0.36,0.52,0.36
20251111B03,システム約定結果,平均落札価格（電源属地別）[円/kW・30分],13.47,3.55,4.06,4.34,2.19,1.89,1.97,1.69,1.4,2.8
20251111B03,システム約定結果,最高落札価格（TSO別）[円/kW・30分],13.47,19.51,19.51,19.51,4.21,19.51,19.51,6.28,19.51,19.51
20251111B03,システム約定結果,最低落札価格（TSO別）[円/kW・30分],2.84,0.5,3.9,0.41,2.17,0.41,0.6,0.36,0.5,0.36
20251111B03,システム約定結果,平均落札価格（TSO別）[円/kW・30分],4.26,3.26,4.99,2.07,2.77,2.39,2.22,1.69,1.27,2.8
20251111B03,システム約定結果,落札量合計（TSO別）[MW],134,998.919,256.33,242.346,127,588.616,240.881,133,338.531,3059.623
20251111B03,システム約定結果,（内訳）自エリアからの落札量[MW],15,694.919,256.33,66.346,74,588.616,228.181,133,250.245,2306.637
20251111B03,追加調達結果,募集量（TSO別）[MW],-,-,-,-,-,-,-,-,-,-
20251111B03,追加調達結果,応札量合計（電源属地別）[MW],0,0,0,0,0,0,0,0,0,0
20251111B03,追加調達結果,約定量合計（電源属地別）[MW],0,0,0,0,0,0,0,0,0,0
20251111B03,追加調達結果,応札件数（電源属地別）[件],0,0,0,0,0,0,0,0,0,0
20251111B03,追加調達結果,約定件数（電源属地別）[件],0,0,0,0,0,0,0,0,0,0
20251111B03,追加調達結果,最高約定価格（電源属地別）[円/kW・30分],0,0,0,0,0,0,0,0,0,0
20251111B03,追加調達結果,最低約定価格（電源属地別）[円/kW・30分],0,0,0,0,0,0,0,0,0,0
20251111B03,追加調達結果,平均約定価格（電源属地別）[円/kW・30分],0,0,0,0,0,0,0,0,0,0
20251111B03,追加調達結果,最高約定価格（TSO別）[円/kW・30分],0,0,0,0,0,0,0,0,0,0
20251111B03,追加調達結果,最低約定価格（TSO別）[円/kW・30分],0,0,0,0,0,0,0,0,0,0
20251111B03,追加調達結果,平均約定価格（TSO別）[円/kW・30分],0,0,0,0,0,0,0,0,0,0
20251111B03,追加調達結果,約定量合計（TSO別）[MW],0,0,0,0,0,0,0,0,0,0
20251111B03,追加調達結果,（内訳）自エリアからの約定量[MW],0,0,0,0,0,0,0,0,0,0
20251111B03,合計（確報値）,募集量（TSO別）[MW],134,932,481,400,127,605,284,174,427,3564
20251111B03,合計（確報値）,応札量合計（電源属地別）[MW],238.74,784.919,981.125,229.858,127,860.904,325.967,133,479.531,4161.044
20251111B03,合計（確報値）,約定量合計（電源属地別）[MW],15,784.919,506.179,117.858,127,860.904,166.779,133,250.245,2961.884
20251111B03,合計（確報値）,応札件数（電源属地別）[件],5,7,22,8,2,8,7,4,10,73
20251111B03,合計（確報値）,約定件数（電源属地別）[件],1,7,15,7,2,8,6,4,9,59
20251111B03,合計（確報値）,最高約定価格（電源属地別）[円/kW・30分],13.47,19.51,19.51,19.51,2.22,19.51,19.51,6.28,19.51,19.51
20251111B03,合計（確報値）,最低約定価格（電源属地別）[円/kW・30分],13.47,2.09,2.26,0.36,2.17,0.41,0.36,0.36,0.52,0.36
20251111B03,合計（確報値）,平均約定価格（電源属地別）[円/kW・30分],13.47,3.55,4.06,1.31,2.19,1.89,1.59,1.69,1.4,2.68
20251111B03,合計（確報値）,最高約定価格（TSO別）[円/kW・30分],13.47,19.51,19.51,19.51,4.21,19.51,19.51,6.28,19.51,19.51
20251111B03,合計（確報値）,最低約定価格（TSO別）[円/kW・30分],2.84,0.5,3.9,0.36,0.36,0.41,0.36,0.36,0.5,0.36
20251111B03,合計（確報値）,平均約定価格（TSO別）[円/kW・30分],4.26,3.26,4.99,1.27,1.48,2.39,1.95,1.69,1.27,2.68
20251111B03,合計（確報値）,約定量合計（TSO別）[MW],134,998.919,256.33,242.346,127,588.616,143.142,133,338.531,2961.884
20251111B03,合計（確報値）,（内訳）自エリアからの約定量[MW],15,694.919,256.33,66.346,74,588.616,130.442,133,250.245,2208.898
20251111B04,システム約定結果,募集量（TSO別）[MW],116,222,490,264,194,869,486,219,604,3464
20251111B04,システム約定結果,応札量合計（電源属地別）[MW],448.64,264.5,1069.366,7.718,194,821.7,181.547,181,676.88,3845.351
20251111B04,システム約定結果,落札量合計（電源属地別）[MW],31,264.5,733.157,7.718,194,818.7,181.547,181,609.663,3021.285
20251111B04,システム約定結果,応札件数（電源属地別）[件],6,2,30,4,2,6,5,4,14,73
20251111B04,システム約定結果,落札件数（電源属地別）[件],2,2,26,4,2,5,5,4,12,62
20251111B04,システム約定結果,最高落札価格（電源属地別）[円/kW・30分],15.08,19.51,19.51,19.51,1.92,10.88,19.51,7.79,19.51,19.51
20251111B04,システム約定結果,最低落札価格（電源属地別）[円/kW・30分],14,4.33,0.69,19.47,1.88,0.36,0.36,0.36,0.36,0.36
20251111B04,システム約定結果,平均落札価格（電源属地別）[円/kW・30分],14.95,5.16,1.86,19.49,1.9,2.39,0.8,1.04,3.62,2.72
20251111B04,システム約定結果,最高落札価格（TSO別）[円/kW・30分],15.08,19.51,19.51,4.33,19.51,10.88,19.51,7.79,19.51,19.51
20251111B04,システム約定結果,最低落札価格（TSO別）[円/kW・30分],1.08,4.33,0.69,1.08,1.08,0.36,0.36,0.36,0.36,0.36
20251111B04,システム約定結果,平均落札価格（TSO別）[円/kW・30分],7.14,8.87,2.19,1.51,2.53,2.35,1.85,1.04,4.09,2.72
20251111B04,システム約定結果,落札量合計（TSO別）[MW],116,48.5,435.237,264,193.718,873,381,181,528.83,3021.285
20251111B04,システム約定結果,（内訳）自エリアからの落札量[MW],31,48.5,435.237,0,171,818.404,181.547,181,528.83,2395.518
20251111B04,追加調達結果,募集量（TSO別）[MW],-,-,-,-,-,-,-,-,-,-
20251111B04,追加調達結果,応札量合計（電源属地別）[MW],0,0,0,0,0,0,0,0,0,0
20251111B04,追加調達結果,約定量合計（電源属地別）[MW],0,0,0,0,0,0,0,0,0,0
20251111B04,追加調達結果,応札件数（電源属地別）[件],0,0,0,0,0,0,0,0,0,0
20251111B04,追加調達結果,約定件数（電源属地別）[件],0,0,0,0,0,0,0,0,0,0
20251111B04,追加調達結果,最高約定価格（電源属地別）[円/kW・30分],0,0,0,0,0,0,0,0,0,0
20251111B04,追加調達結果,最低約定価格（電源属地別）[円/kW・30分],0,0,0,0,0,0,0,0,0,0
20251111B04,追加調達結果,平均約定価格（電源属地別）[円/kW・30分],0,0,0,0,0,0,0,0,0,0
20251111B04,追加調達結果,最高約定価格（TSO別）[円/kW・30分],0,0,0,0,0,0,0,0,0,0
20251111B04,追加調達結果,最低約定価格（TSO別）[円/kW・30分],0,0,0,0,0,0,0,0,0,0
20251111B04,追加調達結果,平均約定価格（TSO別）[円/kW・30分],0,0,0,0,0,0,0,0,0,0
20251111B04,追加調達結果,約定量合計（TSO別）[MW],0,0,0,0,0,0,0,0,0,0
20251111B04,追加調達結果,（内訳）自エリアからの約定量[MW],0,0,0,0,0,0,0,0,0,0
20251111B04,合計（確報値）,募集量（TSO別）[MW],116,222,490,264,194,869,486,219,604,3464
20251111B04,合計（確報値）,応札量合計（電源属地別）[MW],448.64,264.5,1069.366,7.718,194,821.7,181.547,181,982.063,4150.534
20251111B04,合計（確報値）,約定量合計（電源属地別）[MW],31,264.5,733.157,5.728,194,818.7,181.547,181,609.213,3018.845
20251111B04,合計（確報値）,応札件数（電源属地別）[件],6,2,30,4,2,6,5,4,26,85
20251111B04,合計（確報値）,約定件数（電源属地別）[件],2,2,26,3,2,5,5,4,20,69
20251111B04,合計（確報値）,最高約定価格（電源属地別）[円/kW・30分],15.08,19.51,19.51,19.51,1.92,10.88,19.51,7.79,19.51,19.51
20251111B04,合計（確報値）,最低約定価格（電源属地別）[円/kW・30分],14,4.33,0.69,19.47,1.88,0.36,0.36,0.36,0.36,0.36
20251111B04,合計（確報値）,平均約定価格（電源属地別）[円/kW・30分],14.95,5.16,1.86,19.5,1.9,2.39,0.8,1.04,1.29,2.24
20251111B04,合計（確報値）,最高約定価格（TSO別）[円/kW・30分],15.08,19.51,19.51,4.33,19.51,10.88,19.51,7.79,19.51,19.51
20251111B04,合計（確報値）,最低約定価格（TSO別）[円/kW・30分],1.08,4.33,0.69,1.08,1.08,0.36,0.36,0.36,0.36,0.36
20251111B04,合計（確報値）,平均約定価格（TSO別）[円/kW・30分],7.14,8.87,2.19,1.51,2.36,2.35,1.85,1.04,1.4,2.24
20251111B04,合計（確報値）,約定量合計（TSO別）[MW],116,48.5,435.237,264,191.728,873,381,181,528.38,3018.845
20251111B04,合計（確報値）,（内訳）自エリアからの約定量[MW],31,48.5,435.237,0,171,818.404,181.547,181,528.38,2395.068
20251111B05,システム約定結果,募集量（TSO別）[MW],32,217,360,383,194,588,361,145,537,2817
20251111B05,システム約定結果,応札量合計（電源属地別）[MW],242.85,274.919,963.767,7.718,194,860.904,183.347,117,604.144,3448.649
20251111B05,システム約定結果,落札量合計（電源属地別）[MW],23,274.919,245.07,7.718,194,860.904,183.347,117,435.144,2341.102
20251111B05,システム約定結果,応札件数（電源属地別）[件],4,4,26,4,2,8,6,4,17,75
20251111B05,システム約定結果,落札件数（電源属地別）[件],1,4,22,4,2,8,6,4,16,67
20251111B05,システム約定結果,最高落札価格（電源属地別）[円/kW・30分],14.27,19.51,19.51,19.51,1.2,19.51,19.51,7.76,19.51,19.51
20251111B05,システム約定結果,最低落札価格（電源属地別）[円/kW・30分],14.27,4.2,0.69,19.47,1.15,0.36,0.36,0.36,0.36,0.36
20251111B05,システム約定結果,平均落札価格（電源属地別）[円/kW・30分],14.27,5.49,4.11,19.49,1.17,2.3,0.87,1.41,3.23,2.96
20251111B05,システム約定結果,最高落札価格（TSO別）[円/kW・30分],14.27,19.51,19.51,19.51,4.2,19.51,19.51,7.76,19.51,19.51
20251111B05,システム約定結果,最低落札価格（TSO別）[円/kW・30分],4.2,0.36,0.73,0.36,1.15,0.36,0.36,0.36,0.36,0.36
20251111B05,システム約定結果,平均落札価格（TSO別）[円/kW・30分],11.44,5.63,4.43,2.08,1.99,2.95,1.13,1.41,3.23,2.96
20251111B05,システム約定結果,落札量合計（TSO別）[MW],32,145.586,255.238,277.718,194,595.616,288.8,117,435.144,2341.102
20251111B05,システム約定結果,（内訳）自エリアからの落札量[MW],23,105.586,222.238,7.718,141.667,595.616,183.347,117,435.144,1831.316
20251111B05,追加調達結果,募集量（TSO別）[MW],-,-,-,-,-,-,-,-,-,-
20251111B05,追加調達結果,応札量合計（電源属地別）[MW],0,0,0,0,0,0,0,0,0,0
20251111B05,追加調達結果,約定量合計（電源属地別）[MW],0,0,0,0,0,0,0,0,0,0
20251111B05,追加調達結果,応札件数（電源属地別）[件],0,0,0,0,0,0,0,0,0,0
20251111B05,追加調達結果,約定件数（電源属地別）[件],0,0,0,0,0,0,0,0,0,0
20251111B05,追加調達結果,最高約定価格（電源属地別）[円/kW・30分],0,0,0,0,0,0,0,0,0,0
20251111B05,追加調達結果,最低約定価格（電源属地別）[円/kW・30分],0,0,0,0,0,0,0,0,0,0
20251111B05,追加調達結果,平均約定価格（電源属地別）[円/kW・30分],0,0,0,0,0,0,0,0,0,0
20251111B05,追加調達結果,最高約定価格（TSO別）[円/kW・30分],0,0,0,0,0,0,0,0,0,0
20251111B05,追加調達結果,最低約定価格（TSO別）[円/kW・30分],0,0,0,0,0,0,0,0,0,0
20251111B05,追加調達結果,平均約定価格（TSO別）[円/kW・30分],0,0,0,0,0,0,0,0,0,0
20251111B05,追加調達結果,約定量合計（TSO別）[MW],0,0,0,0,0,0,0,0,0,0
20251111B05,追加調達結果,（内訳）自エリアからの約定量[MW],0,0,0,0,0,0,0,0,0,0
20251111B05,合計（確報値）,募集量（TSO別）[MW],32,217,360,383,194,588,361,145,537,2817
20251111B05,合計（確報値）,応札量合計（電源属地別）[MW],242.85,274.919,963.767,7.718,194,860.904,183.347,117,969.494,3813.999
20251111B05,合計（確報値）,約定量合計（電源属地別）[MW],23,274.919,245.07,5.728,194,860.904,183.347,117,434.694,2338.662
20251111B05,合計（確報値）,応札件数（電源属地別）[件],4,4,26,4,2,8,6,4,26,84
20251111B05,合計（確報値）,約定件数（電源属地別）[件],1,4,22,3,2,8,6,4,20,70
20251111B05,合計（確報値）,最高約定価格（電源属地別）[円/kW・30分],14.27,19.51,19.51,19.51,1.2,19.51,19.51,7.76,19.51,19.51
20251111B05,合計（確報値）,最低約定価格（電源属地別）[円/kW・30分],14.27,4.2,0.69,19.47,1.15,0.36,0.36,0.36,0.36,0.36
20251111B05,合計（確報値）,平均約定価格（電源属地別）[円/kW・30分],14.27,5.49,4.11,19.5,1.17,2.3,0.87,1.41,1.54,2.63
20251111B05,合計（確報値）,最高約定価格（TSO別）[円/kW・30分],14.27,19.51,19.51,19.51,4.2,19.51,19.51,7.76,19.51,19.51
20251111B05,合計（確報値）,最低約定価格（TSO別）[円/kW・30分],4.2,0.36,0.73,0.36,1.15,0.36,0.36,0.36,0.36,0.36
20251111B05,合計（確報値）,平均約定価格（TSO別）[円/kW・30分],11.44,5.63,4.43,1.96,1.99,2.95,1.13,1.41,1.54,2.63
20251111B05,合計（確報値）,約定量合計（TSO別）[MW],32,145.586,255.238,275.728,194,595.616,288.8,117,434.694,2338.662
20251111B05,合計（確報値）,（内訳）自エリアからの約定量[MW],23,105.586,222.238,5.728,141.667,595.616,183.347,117,434.694,1828.876
20251111B06,システム約定結果,募集量（TSO別）[MW],36,732,527,402,120,692,340,179,549,3577
20251111B06,システム約定結果,応札量合計（電源属地別）[MW],271.64,784.919,1084.901,504.358,120,697.843,275.15,134,525.144,4397.955
20251111B06,システム約定結果,落札量合計（電源属地別）[MW],36,784.919,422.93,198.128,120,694.843,244.98,134,483.325,3119.125
20251111B06,システム約定結果,応札件数（電源属地別）[件],7,7,32,6,1,9,9,4,15,90
20251111B06,システム約定結果,落札件数（電源属地別）[件],2,7,27,6,1,8,9,4,15,79
20251111B06,システム約定結果,最高落札価格（電源属地別）[円/kW・30分],11.72,19.51,19.51,19.51,2.8,19.51,19.51,6.95,19.51,19.51
20251111B06,システム約定結果,最低落札価格（電源属地別）[円/kW・30分],8,1.67,0.33,0.93,2.8,1.1,1.39,0.36,1.28,0.33
20251111B06,システム約定結果,平均落札価格（電源属地別）[円/kW・30分],10.07,3.12,3.28,2.38,2.8,2.48,2.66,1.14,2.68,2.83
20251111B06,システム約定結果,最高落札価格（TSO別）[円/kW・30分],11.72,19.51,19.51,19.51,2.8,19.51,19.51,6.95,19.51,19.51
20251111B06,システム約定結果,最低落札価格（TSO別）[円/kW・30分],8,0.69,0.33,0.69,2.36,1.1,1.37,0.36,1.28,0.33
20251111B06,システム約定結果,平均落札価格（TSO別）[円/kW・30分],10.07,3.01,3.74,2.08,2.67,2.51,2.64,1.14,2.65,2.83
20251111B06,システム約定結果,落札量合計（TSO別）[MW],36,755.697,420.737,236.543,113,683.204,248.8,134,491.144,3119.125
20251111B06,システム約定結果,（内訳）自エリアからの落札量[MW],36,647.697,178.93,92.543,78.825,666.843,231.8,134,480.144,2546.782
20251111B06,追加調達結果,募集量（TSO別）[MW],-,-,-,-,-,-,-,-,-,-
20251111B06,追加調達結果,応札量合計（電源属地別）[MW],0,0,0,0,0,0,0,0,0,0
20251111B06,追加調達結果,約定量合計（電源属地別）[MW],0,0,0,0,0,0,0,0,0,0
20251111B06,追加調達結果,応札件数（電源属地別）[件],0,0,0,0,0,0,0,0,0,0
20251111B06,追加調達結果,約定件数（電源属地別）[件],0,0,0,0,0,0,0,0,0,0
20251111B06,追加調達結果,最高約定価格（電源属地別）[円/kW・30分],0,0,0,0,0,0,0,0,0,0
20251111B06,追加調達結果,最低約定価格（電源属地別）[円/kW・30分],0,0,0,0,0,0,0,0,0,0
20251111B06,追加調達結果,平均約定価格（電源属地別）[円/kW・30分],0,0,0,0,0,0,0,0,0,0
20251111B06,追加調達結果,最高約定価格（TSO別）[円/kW・30分],0,0,0,0,0,0,0,0,0,0
20251111B06,追加調達結果,最低約定価格（TSO別）[円/kW・30分],0,0,0,0,0,0,0,0,0,0
20251111B06,追加調達結果,平均約定価格（TSO別）[円/kW・30分],0,0,0,0,0,0,0,0,0,0
20251111B06,追加調達結果,約定量合計（TSO別）[MW],0,0,0,0,0,0,0,0,0,0
20251111B06,追加調達結果,（内訳）自エリアからの約定量[MW],0,0,0,0,0,0,0,0,0,0
20251111B06,合計（確報値）,募集量（TSO別）[MW],36,732,527,402,120,692,340,179,549,3577
20251111B06,合計（確報値）,応札量合計（電源属地別）[MW],271.64,784.919,1084.901,605.358,120,697.843,275.15,134,684.675,4658.486
20251111B06,合計（確報値）,約定量合計（電源属地別）[MW],20,784.919,422.93,196.138,120,694.843,244.98,134,482.875,3100.685
20251111B06,合計（確報値）,応札件数（電源属地別）[件],7,7,32,8,1,9,9,4,19,96
20251111B06,合計（確報値）,約定件数（電源属地別）[件],1,7,27,6,1,8,9,4,17,80
20251111B06,合計（確報値）,最高約定価格（電源属地別）[円/kW・30分],11.72,19.51,19.51,19.51,2.8,19.51,19.51,6.95,19.51,19.51
20251111B06,合計（確報値）,最低約定価格（電源属地別）[円/kW・30分],11.72,1.67,0.33,0.36,2.8,1.1,1.39,0.36,1.28,0.33
20251111B06,合計（確報値）,平均約定価格（電源属地別）[円/kW・30分],11.72,3.12,3.28,1.18,2.8,2.48,2.66,1.14,2.43,2.69
20251111B06,合計（確報値）,最高約定価格（TSO別）[円/kW・30分],11.72,19.51,19.51,19.51,2.8,19.51,19.51,6.95,19.51,19.51
20251111B06,合計（確報値）,最低約定価格（TSO別）[円/kW・30分],11.72,0.69,0.33,0.36,0.36,1.1,1.37,0.36,1.28,0.33
20251111B06,合計（確報値）,平均約定価格（TSO別）[円/kW・30分],11.72,3.01,3.74,1.36,2.06,2.51,2.64,1.14,2.41,2.69
20251111B06,合計（確報値）,約定量合計（TSO別）[MW],20,755.697,420.737,234.553,113,683.204,248.8,134,490.694,3100.685
20251111B06,合計（確報値）,（内訳）自エリアからの約定量[MW],20,647.697,178.93,90.553,78.825,666.843,231.8,134,479.694,2528.342
20251111B07,システム約定結果,募集量（TSO別）[MW],32,263,460,206,106,574,305,83,328,2357
20251111B07,システム約定結果,応札量合計（電源属地別）[MW],240.75,274.919,966.041,406.3,106,695.556,417.76,122,684.016,3913.342
20251111B07,システム約定結果,落札量合計（電源属地別）[MW],24,274.919,362.75,325.3,106,367.617,341.342,86.333,272.983,2161.244
20251111B07,システム約定結果,応札件数（電源属地別）[件],4,4,27,7,1,8,9,8,15,83
20251111B07,システム約定結果,落札件数（電源属地別）[件],2,4,22,6,1,8,9,6,6,64
20251111B07,システム約定結果,最高落札価格（電源属地別）[円/kW・30分],11.43,19.51,19.51,19.51,3.3,19.49,19.51,2.11,3.41,19.51
20251111B07,システム約定結果,最低落札価格（電源属地別）[円/kW・30分],7,1.74,0.73,2.58,3.3,1.43,1.32,0.36,1.41,0.36
20251111B07,システム約定結果,平均落札価格（電源属地別）[円/kW・30分],8.85,3.25,3.87,3.01,3.3,3.72,2.81,0.69,2.3,3.17
20251111B07,システム約定結果,最高落札価格（TSO別）[円/kW・30分],11.43,19.51,19.51,19.51,3.3,19.49,19.51,2.11,3.59,19.51
20251111B07,システム約定結果,最低落札価格（TSO別）[円/kW・30分],2.58,1.74,0.73,2.58,2.58,1.32,1.32,0.36,1.32,0.36
20251111B07,システム約定結果,平均落札価格（TSO別）[円/kW・30分],7.28,3.18,3.94,3.46,3.14,3.29,3.28,0.64,2.14,3.17
20251111B07,システム約定結果,落札量合計（TSO別）[MW],32,289.919,349.75,158.444,88,566.331,265.8,83,328,2161.244
20251111B07,システム約定結果,（内訳）自エリアからの落札量[MW],24,274.919,349.75,158.444,69,362.031,256.881,83,272.983,1851.008
20251111B07,追加調達結果,募集量（TSO別）[MW],-,-,-,-,-,-,-,-,-,-
20251111B07,追加調達結果,応札量合計（電源属地別）[MW],0,0,0,0,0,0,0,0,0,0
20251111B07,追加調達結果,約定量合計（電源属地別）[MW],0,0,0,0,0,0,0,0,0,0
20251111B07,追加調達結果,応札件数（電源属地別）[件],0,0,0,0,0,0,0,0,0,0
20251111B07,追加調達結果,約定件数（電源属地別）[件],0,0,0,0,0,0,0,0,0,0
20251111B07,追加調達結果,最高約定価格（電源属地別）[円/kW・30分],0,0,0,0,0,0,0,0,0,0
20251111B07,追加調達結果,最低約定価格（電源属地別）[円/kW・30分],0,0,0,0,0,0,0,0,0,0
20251111B07,追加調達結果,平均約定価格（電源属地別）[円/kW・30分],0,0,0,0,0,0,0,0,0,0
20251111B07,追加調達結果,最高約定価格（TSO別）[円/kW・30分],0,0,0,0,0,0,0,0,0,0
20251111B07,追加調達結果,最低約定価格（TSO別）[円/kW・30分],0,0,0,0,0,0,0,0,0,0
20251111B07,追加調達結果,平均約定価格（TSO別）[円/kW・30分],0,0,0,0,0,0,0,0,0,0
20251111B07,追加調達結果,約定量合計（TSO別）[MW],0,0,0,0,0,0,0,0,0,0
20251111B07,追加調達結果,（内訳）自エリアからの約定量[MW],0,0,0,0,0,0,0,0,0,0
20251111B07,合計（確報値）,募集量（TSO別）[MW],32,263,460,206,106,574,305,83,328,2357
20251111B07,合計（確報値）,応札量合計（電源属地別）[MW],240.75,274.919,966.041,713.882,106,695.556,449.514,122,711.016,4279.678
20251111B07,合計（確報値）,約定量合計（電源属地別）[MW],24,274.919,362.75,325.3,106,367.617,261.534,86.333,272.983,2081.436
20251111B07,合計（確報値）,応札件数（電源属地別）[件],4,4,27,15,1,8,12,8,17,96
20251111B07,合計（確報値）,約定件数（電源属地別）[件],2,4,22,13,1,8,10,6,7,73
20251111B07,合計（確報値）,最高約定価格（電源属地別）[円/kW・30分],11.43,19.51,19.51,19.51,3.3,19.49,19.49,2.11,2.5,19.51
20251111B07,合計（確報値）,最低約定価格（電源属地別）[円/kW・30分],7,1.74,0.73,0.36,3.3,1.43,0.36,0.36,1.41,0.36
20251111B07,合計（確報値）,平均約定価格（電源属地別）[円/kW・30分],8.85,3.25,3.87,0.91,3.3,3.72,1.53,0.69,2.17,2.68
20251111B07,合計（確報値）,最高約定価格（TSO別）[円/kW・30分],11.43,19.51,19.51,19.51,3.3,19.49,19.49,2.11,2.5,19.51
20251111B07,合計（確報値）,最低約定価格（TSO別）[円/kW・30分],0.36,0.36,0.73,0.36,0.36,0.36,1.32,0.36,0.36,0.36
20251111B07,合計（確報値）,平均約定価格（TSO別）[円/kW・30分],6.72,3.17,3.94,1.49,2.67,2.75,1.68,0.64,2.04,2.68
20251111B07,合計（確報値）,約定量合計（TSO別）[MW],32,289.919,349.75,158.444,88,566.331,185.992,83,328,2081.436
20251111B07,合計（確報値）,（内訳）自エリアからの約定量[MW],24,274.919,349.75,158.444,69,362.031,177.073,83,272.983,1771.2
20251111B08,システム約定結果,募集量（TSO別）[MW],39,138,442,230,105,462,197,88,298,1999
20251111B08,システム約定結果,応札量合計（電源属地別）[MW],280.64,274.919,944.11,533.3,105,869.915,370.327,118,517.907,4014.118
20251111B08,システム約定結果,落札量合計（電源属地別）[MW],44,274.919,336.752,446.3,105,529.165,152.958,91.799,158.907,2139.8
20251111B08,システム約定結果,応札件数（電源属地別）[件],7,4,24,8,1,8,7,6,11,76
20251111B08,システム約定結果,落札件数（電源属地別）[件],2,4,22,7,1,8,6,5,11,66
20251111B08,システム約定結果,最高落札価格（電源属地別）[円/kW・30分],12.4,19.51,19.51,19.51,1.31,19.49,19.51,6.73,19.51,19.51
20251111B08,システム約定結果,最低落札価格（電源属地別）[円/kW・30分],10,3.36,0.43,1.73,1.31,0.36,0.44,0.36,0.41,0.36
20251111B08,システム約定結果,平均落札価格（電源属地別）[円/kW・30分],11.04,4.72,3.8,2.34,1.31,2.81,3.5,1.4,2.16,3.15
20251111B08,システム約定結果,最高落札価格（TSO別）[円/kW・30分],12.4,19.51,19.51,19.51,1.31,19.49,19.51,6.73,19.51,19.51
20251111B08,システム約定結果,最低落札価格（TSO別）[円/kW・30分],10,3.36,0.43,1.73,1.31,0.36,0.44,0.36,0.36,0.36
20251111B08,システム約定結果,平均落札価格（TSO別）[円/kW・30分],11.04,4.72,3.8,2.34,1.31,2.9,3.53,1.44,2.12,3.15
20251111B08,システム約定結果,落札量合計（TSO別）[MW],44,274.919,336.752,446.3,105,473.215,144.707,88,226.907,2139.8
20251111B08,システム約定結果,（内訳）自エリアからの落札量[MW],44,274.919,336.752,446.3,105,473.215,140.908,88,158.907,2068.001
20251111B08,追加調達結果,募集量（TSO別）[MW],-,-,-,-,-,-,-,-,-,-
20251111B08,追加調達結果,応札量合計（電源属地別）[MW],0,0,0,0,0,0,0,0,0,0
20251111B08,追加調達結果,約定量合計（電源属地別）[MW],0,0,0,0,0,0,0,0,0,0
20251111B08,追加調達結果,応札件数（電源属地別）[件],0,0,0,0,0,0,0,0,0,0
20251111B08,追加調達結果,約定件数（電源属地別）[件],0,0,0,0,0,0,0,0,0,0
20251111B08,追加調達結果,最高約定価格（電源属地別）[円/kW・30分],0,0,0,0,0,0,0,0,0,0
20251111B08,追加調達結果,最低約定価格（電源属地別）[円/kW・30分],0,0,0,0,0,0,0,0,0,0
20251111B08,追加調達結果,平均約定価格（電源属地別）[円/kW・30分],0,0,0,0,0,0,0,0,0,0
20251111B08,追加調達結果,最高約定価格（TSO別）[円/kW・30分],0,0,0,0,0,0,0,0,0,0
20251111B08,追加調達結果,最低約定価格（TSO別）[円/kW・30分],0,0,0,0,0,0,0,0,0,0
20251111B08,追加調達結果,平均約定価格（TSO別）[円/kW・30分],0,0,0,0,0,0,0,0,0,0
20251111B08,追加調達結果,約定量合計（TSO別）[MW],0,0,0,0,0,0,0,0,0,0
20251111B08,追加調達結果,（内訳）自エリアからの約定量[MW],0,0,0,0,0,0,0,0,0,0
20251111B08,合計（確報値）,募集量（TSO別）[MW],39,138,442,230,105,462,197,88,298,1999
20251111B08,合計（確報値）,応札量合計（電源属地別）[MW],280.64,274.919,944.11,840.882,105,869.915,424.395,118,552.257,4410.118
20251111B08,合計（確報値）,約定量合計（電源属地別）[MW],44,274.919,336.752,446.3,105,529.165,95.464,91.799,158.457,2081.856
20251111B08,合計（確報値）,応札件数（電源属地別）[件],7,4,24,12,1,8,14,6,13,89
20251111B08,合計（確報値）,約定件数（電源属地別）[件],2,4,22,10,1,8,11,5,11,74
20251111B08,合計（確報値）,最高約定価格（電源属地別）[円/kW・30分],12.4,19.51,19.51,19.51,1.31,19.49,19.49,6.73,19.51,19.51
20251111B08,合計（確報値）,最低約定価格（電源属地別）[円/kW・30分],10,3.36,0.43,0.36,1.31,0.36,0.36,0.36,0.41,0.36
20251111B08,合計（確報値）,平均約定価格（電源属地別）[円/kW・30分],11.04,4.72,3.8,1.4,1.31,2.81,1.02,1.4,2.06,2.82
20251111B08,合計（確報値）,最高約定価格（TSO別）[円/kW・30分],12.4,19.51,19.51,19.51,1.31,19.49,19.49,6.73,19.51,19.51
20251111B08,合計（確報値）,最低約定価格（TSO別）[円/kW・30分],10,3.36,0.43,0.36,1.31,0.36,0.36,0.36,0.36,0.36
20251111B08,合計（確報値）,平均約定価格（TSO別）[円/kW・30分],11.04,4.72,3.8,1.4,1.31,2.9,1,1.44,2.05,2.82
20251111B08,合計（確報値）,約定量合計（TSO別）[MW],44,274.919,336.752,446.3,105,473.215,99.213,88,214.457,2081.856
20251111B08,合計（確報値）,（内訳）自エリアからの約定量[MW],44,274.919,336.752,446.3,105,473.215,95.414,88,158.457,2022.057
20251112B01,システム約定結果,募集量（TSO別）[MW],55,163,340,41,86,281,189,95,198,1448
20251112B01,システム約定結果,応札量合計（電源属地別）[MW],228.74,260.419,506.107,756.78,86,869.915,324.157,86,659.619,3777.737
20251112B01,システム約定結果,落札量合計（電源属地別）[MW],13,260.419,306.257,756.763,86,346.424,138.101,86,59.619,2052.583
20251112B01,システム約定結果,応札件数（電源属地別）[件],4,3,13,14,1,8,5,5,9,62
20251112B01,システム約定結果,落札件数（電源属地別）[件],1,3,12,14,1,8,4,5,7,55
20251112B01,システム約定結果,最高落札価格（電源属地別）[円/kW・30分],13.47,19.51,19.51,19.51,0.67,19.49,1.6,6.85,19.51,19.51
20251112B01,システム約定結果,最低落札価格（電源属地別）[円/kW・30分],13.47,3.52,0.36,2.25,0.67,0.36,0.36,0.36,0.36,0.36
20251112B01,システム約定結果,平均落札価格（電源属地別）[円/kW・30分],13.47,4.05,3,2.81,0.67,4.39,1.24,1.82,2.81,3.1
20251112B01,システム約定結果,最高落札価格（TSO別）[円/kW・30分],13.47,19.51,19.51,3.03,2.88,19.51,3.03,6.85,19.51,19.51
20251112B01,システム約定結果,最低落札価格（TSO別）[円/kW・30分],3.52,3.52,0.36,2.31,0.67,0.36,0.36,0.36,0.36,0.36
20251112B01,システム約定結果,平均落札価格（TSO別）[円/kW・30分],5.87,4.16,3,2.8,1.23,4.17,1.59,1.82,2.73,3.1
20251112B01,システム約定結果,落札量合計（TSO別）[MW],55,218.419,306.257,530.709,118,426.68,189.796,86,121.722,2052.583
20251112B01,システム約定結果,（内訳）自エリアからの落札量[MW],13,218.419,306.257,530.709,86,346.424,138.101,86,59.619,1784.529
20251112B01,追加調達結果,募集量（TSO別）[MW],-,-,-,-,-,-,-,-,-,-
20251112B01,追加調達結果,応札量合計（電源属地別）[MW],0,0,0,0,0,0,0,0,0,0
20251112B01,追加調達結果,約定量合計（電源属地別）[MW],0,0,0,0,0,0,0,0,0,0
20251112B01,追加調達結果,応札件数（電源属地別）[件],0,0,0,0,0,0,0,0,0,0
20251112B01,追加調達結果,約定件数（電源属地別）[件],0,0,0,0,0,0,0,0,0,0
20251112B01,追加調達結果,最高約定価格（電源属地別）[円/kW・30分],0,0,0,0,0,0,0,0,0,0
20251112B01,追加調達結果,最低約定価格（電源属地別）[円/kW・30分],0,0,0,0,0,0,0,0,0,0
20251112B01,追加調達結果,平均約定価格（電源属地別）[円/kW・30分],0,0,0,0,0,0,0,0,0,0
20251112B01,追加調達結果,最高約定価格（TSO別）[円/kW・30分],0,0,0,0,0,0,0,0,0,0
20251112B01,追加調達結果,最低約定価格（TSO別）[円/kW・30分],0,0,0,0,0,0,0,0,0,0
20251112B01,追加調達結果,平均約定価格（TSO別）[円/kW・30分],0,0,0,0,0,0,0,0,0,0
20251112B01,追加調達結果,約定量合計（TSO別）[MW],0,0,0,0,0,0,0,0,0,0
20251112B01,追加調達結果,（内訳）自エリアからの約定量[MW],0,0,0,0,0,0,0,0,0,0
20251112B01,合計（確報値）,募集量（TSO別）[MW],55,163,340,41,86,281,189,95,198,1448
20251112B01,合計（確報値）,応札量合計（電源属地別）[MW],228.74,260.419,506.107,1351.78,86,869.915,324.167,86,725.619,4438.747
20251112B01,合計（確報値）,約定量合計（電源属地別）[MW],13,260.419,306.257,756.763,86,346.424,40.362,86,59.619,1954.844
20251112B01,合計（確報値）,応札件数（電源属地別）[件],4,3,13,34,1,8,6,5,13,87
20251112B01,合計（確報値）,約定件数（電源属地別）[件],1,3,12,27,1,8,4,5,8,69
20251112B01,合計（確報値）,最高約定価格（電源属地別）[円/kW・30分],13.47,19.51,19.51,19.51,0.67,19.49,0.36,6.85,19.51,19.51
20251112B01,合計（確報値）,最低約定価格（電源属地別）[円/kW・30分],13.47,3.52,0.36,0.36,0.67,0.36,0.36,0.36,0.36,0.36
20251112B01,合計（確報値）,平均約定価格（電源属地別）[円/kW・30分],13.47,4.05,3,0.88,0.67,4.39,0.36,1.82,2.81,2.42
20251112B01,合計（確報値）,最高約定価格（TSO別）[円/kW・30分],13.47,19.51,19.51,2.58,2.58,19.51,2.31,6.85,19.51,19.51
20251112B01,合計（確報値）,最低約定価格（TSO別）[円/kW・30分],3.52,3.52,0.36,0.36,0.36,0.36,0.36,0.36,0.36,0.36
20251112B01,合計（確報値）,平均約定価格（TSO別）[円/kW・30分],5.87,4.16,3,0.58,0.85,4.03,1.08,1.82,1.65,2.42
20251112B01,合計（確報値）,約定量合計（TSO別）[MW],55,218.419,306.257,530.709,118,426.68,92.057,86,121.722,1954.844
20251112B01,合計（確報値）,（内訳）自エリアからの約定量[MW],13,218.419,306.257,530.709,86,346.424,40.362,86,59.619,1686.79
20251112B02,システム約定結果,募集量（TSO別）[MW],28,333,335,158,92,380,189,99,300,1914
20251112B02,システム約定結果,応札量合計（電源属地別）[MW],246.45,444.919,1005.386,416.718,92,869.915,325.957,129,624.607,4154.952
20251112B02,システム約定結果,落札量合計（電源属地別）[MW],14,444.919,282.715,416.718,92,362.915,139.145,104.733,190.607,2047.752
20251112B02,システム約定結果,応札件数（電源属地別）[件],5,5,23,10,1,8,6,6,10,74
20251112B02,システム約定結果,落札件数（電源属地別）[件],2,5,21,10,1,8,5,5,9,66
20251112B02,システム約定結果,最高落札価格（電源属地別）[円/kW・30分],13.28,19.51,19.51,19.51,1.94,19.49,19.49,6.5,19.51,19.51
20251112B02,システム約定結果,最低落札価格（電源属地別）[円/kW・30分],5,1.88,0.36,2.83,1.94,0.36,0.47,0.36,0.4,0.36
20251112B02,システム約定結果,平均落札価格（電源属地別）[円/kW・30分],11.06,3.7,3.81,3.31,1.94,4.05,2.13,1.32,1.59,3.25
20251112B02,システム約定結果,最高落札価格（TSO別）[円/kW・30分],13.28,19.51,19.51,19.51,1.94,19.49,19.49,6.5,19.51,19.51
20251112B02,システム約定結果,最低落札価格（TSO別）[円/kW・30分],1.88,1.88,0.36,2.83,1.94,0.36,0.47,0.36,0.4,0.36
20251112B02,システム約定結果,平均落札価格（TSO別）[円/kW・30分],6.47,3.76,3.81,3.39,1.94,3.88,2.21,1.2,1.82,3.25
20251112B02,システム約定結果,落札量合計（TSO別）[MW],28,430.919,282.715,330.458,80,419.215,141.838,99,235.607,2047.752
20251112B02,システム約定結果,（内訳）自エリアからの落札量[MW],14,430.919,282.715,330.458,80,362.915,139.105,99,190.607,1929.719
20251112B02,追加調達結果,募集量（TSO別）[MW],-,-,-,-,-,-,-,-,-,-
20251112B02,追加調達結果,応札量合計（電源属地別）[MW],0,0,0,0,0,0,0,0,0,0
20251112B02,追加調達結果,約定量合計（電源属地別）[MW],0,0,0,0,0,0,0,0,0,0
20251112B02,追加調達結果,応札件数（電源属地別）[件],0,0,0,0,0,0,0,0,0,0
20251112B02,追加調達結果,約定件数（電源属地別）[件],0,0,0,0,0,0,0,0,0,0
20251112B02,追加調達結果,最高約定価格（電源属地別）[円/kW・30分],0,0,0,0,0,0,0,0,0,0
20251112B02,追加調達結果,最低約定価格（電源属地別）[円/kW・30分],0,0,0,0,0,0,0,0,0,0
20251112B02,追加調達結果,平均約定価格（電源属地別）[円/kW・30分],0,0,0,0,0,0,0,0,0,0
20251112B02,追加調達結果,最高約定価格（TSO別）[円/kW・30分],0,0,0,0,0,0,0,0,0,0
20251112B02,追加調達結果,最低約定価格（TSO別）[円/kW・30分],0,0,0,0,0,0,0,0,0,0
20251112B02,追加調達結果,平均約定価格（TSO別）[円/kW・30分],0,0,0,0,0,0,0,0,0,0
20251112B02,追加調達結果,約定量合計（TSO別）[MW],0,0,0,0,0,0,0,0,0,0
20251112B02,追加調達結果,（内訳）自エリアからの約定量[MW],0,0,0,0,0,0,0,0,0,0
20251112B02,合計（確報値）,募集量（TSO別）[MW],28,333,335,158,92,380,189,99,300,1914
20251112B02,合計（確報値）,応札量合計（電源属地別）[MW],246.45,444.919,1005.386,825.718,92,869.915,325.967,129,624.607,4563.962
20251112B02,合計（確報値）,約定量合計（電源属地別）[MW],14,444.919,282.715,416.718,92,362.915,41.406,104.733,190.607,1950.013
20251112B02,合計（確報値）,応札件数（電源属地別）[件],5,5,23,23,1,8,7,6,10,88
20251112B02,合計（確報値）,約定件数（電源属地別）[件],2,5,21,17,1,8,5,5,9,73
20251112B02,合計（確報値）,最高約定価格（電源属地別）[円/kW・30分],13.28,19.51,19.51,19.51,1.94,19.49,19.49,6.5,19.51,19.51
20251112B02,合計（確報値）,最低約定価格（電源属地別）[円/kW・30分],5,1.88,0.36,0.36,1.94,0.36,0.36,0.36,0.4,0.36
20251112B02,合計（確報値）,平均約定価格（電源属地別）[円/kW・30分],11.06,3.7,3.81,0.71,1.94,4.05,1.31,1.32,1.59,2.73
20251112B02,合計（確報値）,最高約定価格（TSO別）[円/kW・30分],13.28,19.51,19.51,19.51,1.94,19.49,19.49,6.5,19.51,19.51
20251112B02,合計（確報値）,最低約定価格（TSO別）[円/kW・30分],1.88,1.88,0.36,0.36,1.94,0.36,0.47,0.36,0.36,0.36
20251112B02,合計（確報値）,平均約定価格（TSO別）[円/kW・30分],6.47,3.76,3.81,0.81,1.94,3.56,1.63,1.2,1.43,2.73
20251112B02,合計（確報値）,約定量合計（TSO別）[MW],28,430.919,282.715,330.458,80,419.215,44.099,99,235.607,1950.013
20251112B02,合計（確報値）,（内訳）自エリアからの約定量[MW],14,430.919,282.715,330.458,80,362.915,41.366,99,190.607,1831.98
20251112B03,システム約定結果,募集量（TSO別）[MW],134,932,481,400,127,605,284,174,427,3564
20251112B03,システム約定結果,応札量合計（電源属地別）[MW],238.74,784.919,765.844,333.858,127,860.904,325.957,133,479.531,4049.753
20251112B03,システム約定結果,落札量合計（電源属地別）[MW],15,784.919,344.72,333.858,127,860.904,280.096,133,204.841,3084.338
20251112B03,システム約定結果,応札件数（電源属地別）[件],5,7,23,6,1,8,6,4,10,70
20251112B03,システム約定結果,落札件数（電源属地別）[件],1,7,17,6,1,8,6,4,9,59
20251112B03,システム約定結果,最高落札価格（電源属地別）[円/kW・30分],7.8,19.51,19.51,19.51,2.22,19.51,19.51,6.36,19.51,19.51
20251112B03,システム約定結果,最低落札価格（電源属地別）[円/kW・30分],7.8,1.94,1.87,3.63,2.22,0.41,0.56,0.36,0.52,0.36
20251112B03,システム約定結果,平均落札価格（電源属地別）[円/kW・30分],7.8,3.37,3.86,4,2.22,1.92,1.86,2.03,1.57,2.75
20251112B03,システム約定結果,最高落札価格（TSO別）[円/kW・30分],7.8,19.51,19.51,19.51,3.86,19.51,19.51,6.36,19.51,19.51
20251112B03,システム約定結果,最低落札価格（TSO別）[円/kW・30分],1.94,0.41,1.87,0.49,2.22,0.41,0.56,0.36,0.41,0.36
20251112B03,システム約定結果,平均落札価格（TSO別）[円/kW・30分],3.24,3.1,4.9,3.12,3.11,2.49,1.95,2.03,1.41,2.75
20251112B03,システム約定結果,落札量合計（TSO別）[MW],134,998.919,136.714,386.388,127,588.905,240.881,133,338.531,3084.338
20251112B03,システム約定結果,（内訳）自エリアからの落札量[MW],15,694.919,136.714,261.858,55,588.905,232.405,133,204.841,2322.642
20251112B03,追加調達結果,募集量（TSO別）[MW],-,-,-,-,-,-,-,-,-,-
20251112B03,追加調達結果,応札量合計（電源属地別）[MW],0,0,0,0,0,0,0,0,0,0
20251112B03,追加調達結果,約定量合計（電源属地別）[MW],0,0,0,0,0,0,0,0,0,0
20251112B03,追加調達結果,応札件数（電源属地別）[件],0,0,0,0,0,0,0,0,0,0
20251112B03,追加調達結果,約定件数（電源属地別）[件],0,0,0,0,0,0,0,0,0,0
20251112B03,追加調達結果,最高約定価格（電源属地別）[円/kW・30分],0,0,0,0,0,0,0,0,0,0
20251112B03,追加調達結果,最低約定価格（電源属地別）[円/kW・30分],0,0,0,0,0,0,0,0,0,0
20251112B03,追加調達結果,平均約定価格（電源属地別）[円/kW・30分],0,0,0,0,0,0,0,0,0,0
20251112B03,追加調達結果,最高約定価格（TSO別）[円/kW・30分],0,0,0,0,0,0,0,0,0,0
20251112B03,追加調達結果,最低約定価格（TSO別）[円/kW・30分],0,0,0,0,0,0,0,0,0,0
20251112B03,追加調達結果,平均約定価格（TSO別）[円/kW・30分],0,0,0,0,0,0,0,0,0,0
20251112B03,追加調達結果,約定量合計（TSO別）[MW],0,0,0,0,0,0,0,0,0,0
20251112B03,追加調達結果,（内訳）自エリアからの約定量[MW],0,0,0,0,0,0,0,0,0,0
20251112B03,合計（確報値）,募集量（TSO別）[MW],134,932,481,400,127,605,284,174,427,3564
20251112B03,合計（確報値）,応札量合計（電源属地別）[MW],238.74,784.919,787.475,661.858,127,860.904,325.967,133,479.531,4399.394
20251112B03,合計（確報値）,約定量合計（電源属地別）[MW],15,784.919,344.72,333.858,127,860.904,182.357,133,204.841,2986.599
20251112B03,合計（確報値）,応札件数（電源属地別）[件],5,7,25,17,1,8,7,4,10,84
20251112B03,合計（確報値）,約定件数（電源属地別）[件],1,7,18,14,1,8,6,4,9,68
20251112B03,合計（確報値）,最高約定価格（電源属地別）[円/kW・30分],7.8,19.51,19.51,19.51,2.22,19.51,19.51,6.36,19.51,19.51
20251112B03,合計（確報値）,最低約定価格（電源属地別）[円/kW・30分],7.8,1.94,0.36,0.36,2.22,0.41,0.36,0.36,0.52,0.36
20251112B03,合計（確報値）,平均約定価格（電源属地別）[円/kW・30分],7.8,3.37,3.54,0.7,2.22,1.92,1.47,2.03,1.57,2.35
20251112B03,合計（確報値）,最高約定価格（TSO別）[円/kW・30分],7.8,19.51,19.51,19.51,2.22,19.51,19.51,6.36,19.51,19.51
20251112B03,合計（確報値）,最低約定価格（TSO別）[円/kW・30分],1.94,0.36,0.36,0.36,0.36,0.41,0.36,0.36,0.41,0.36
20251112B03,合計（確報値）,平均約定価格（TSO別）[円/kW・30分],3.24,3.03,4.6,0.9,1.17,2.49,1.52,2.03,1.41,2.35
20251112B03,合計（確報値）,約定量合計（TSO別）[MW],134,998.919,136.714,386.388,127,588.905,143.142,133,338.531,2986.599
20251112B03,合計（確報値）,（内訳）自エリアからの約定量[MW],15,694.919,136.714,261.858,55,588.905,134.666,133,204.841,2224.903
20251112B04,システム約定結果,募集量（TSO別）[MW],116,222,490,264,194,869,486,219,604,3464
20251112B04,システム約定結果,応札量合計（電源属地別）[MW],448.64,264.5,864.504,7.718,194,821.7,181.547,181,676.88,3640.489
20251112B04,システム約定結果,落札量合計（電源属地別）[MW],31,264.5,733.157,7.718,194,818.7,181.547,181,609.663,3021.285
20251112B04,システム約定結果,応札件数（電源属地別）[件],6,2,29,4,2,6,5,4,14,72
20251112B04,システム約定結果,落札件数（電源属地別）[件],1,2,26,4,2,5,5,4,12,61
20251112B04,システム約定結果,最高落札価格（電源属地別）[円/kW・30分],8.35,19.51,19.51,19.51,1.92,10.08,19.51,7.31,19.51,19.51
20251112B04,システム約定結果,最低落札価格（電源属地別）[円/kW・30分],8.35,4.21,0.37,19.47,0.78,0.36,0.36,0.36,0.36,0.36
20251112B04,システム約定結果,平均落札価格（電源属地別）[円/kW・30分],8.35,5.05,1.93,19.49,1.68,2.24,0.79,0.97,3.62,2.6
20251112B04,システム約定結果,最高落札価格（TSO別）[円/kW・30分],8.35,19.51,19.51,4.21,19.51,10.08,19.51,7.31,19.51,19.51
20251112B04,システム約定結果,最低落札価格（TSO別）[円/kW・30分],2.26,4.21,0.37,0.69,0.78,0.36,0.36,0.36,0.36,0.36
20251112B04,システム約定結果,平均落札価格（TSO別）[円/kW・30分],5.3,8.78,2.42,1.83,2.38,1.98,1.95,0.97,4.09,2.6
20251112B04,システム約定結果,落札量合計（TSO別）[MW],116,48.5,435.237,264,193.718,873,381,181,528.83,3021.285
20251112B04,システム約定結果,（内訳）自エリアからの落札量[MW],31,48.5,435.237,0,186,805.704,181.547,181,528.83,2397.818
20251112B04,追加調達結果,募集量（TSO別）[MW],-,-,-,-,-,-,-,-,-,-
20251112B04,追加調達結果,応札量合計（電源属地別）[MW],0,0,0,0,0,0,0,0,0,0
20251112B04,追加調達結果,約定量合計（電源属地別）[MW],0,0,0,0,0,0,0,0,0,0
20251112B04,追加調達結果,応札件数（電源属地別）[件],0,0,0,0,0,0,0,0,0,0
20251112B04,追加調達結果,約定件数（電源属地別）[件],0,0,0,0,0,0,0,0,0,0
20251112B04,追加調達結果,最高約定価格（電源属地別）[円/kW・30分],0,0,0,0,0,0,0,0,0,0
20251112B04,追加調達結果,最低約定価格（電源属地別）[円/kW・30分],0,0,0,0,0,0,0,0,0,0
20251112B04,追加調達結果,平均約定価格（電源属地別）[円/kW・30分],0,0,0,0,0,0,0,0,0,0
20251112B04,追加調達結果,最高約定価格（TSO別）[円/kW・30分],0,0,0,0,0,0,0,0,0,0
20251112B04,追加調達結果,最低約定価格（TSO別）[円/kW・30分],0,0,0,0,0,0,0,0,0,0
20251112B04,追加調達結果,平均約定価格（TSO別）[円/kW・30分],0,0,0,0,0,0,0,0,0,0
20251112B04,追加調達結果,約定量合計（TSO別）[MW],0,0,0,0,0,0,0,0,0,0
20251112B04,追加調達結果,（内訳）自エリアからの約定量[MW],0,0,0,0,0,0,0,0,0,0
20251112B04,合計（確報値）,募集量（TSO別）[MW],116,222,490,264,194,869,486,219,604,3464
20251112B04,合計（確報値）,応札量合計（電源属地別）[MW],448.64,264.5,864.504,7.718,194,821.7,181.547,181,678.23,3641.839
20251112B04,合計（確報値）,約定量合計（電源属地別）[MW],31,264.5,733.157,7.718,194,818.7,181.547,181,609.213,3020.835
20251112B04,合計（確報値）,応札件数（電源属地別）[件],6,2,29,4,2,6,5,4,15,73
20251112B04,合計（確報値）,約定件数（電源属地別）[件],1,2,26,4,2,5,5,4,12,61
20251112B04,合計（確報値）,最高約定価格（電源属地別）[円/kW・30分],8.35,19.51,19.51,19.51,1.92,10.08,19.51,7.31,19.51,19.51
20251112B04,合計（確報値）,最低約定価格（電源属地別）[円/kW・30分],8.35,4.21,0.37,19.47,0.78,0.36,0.36,0.36,0.36,0.36
20251112B04,合計（確報値）,平均約定価格（電源属地別）[円/kW・30分],8.35,5.05,1.93,19.49,1.68,2.24,0.79,0.97,3.61,2.59
20251112B04,合計（確報値）,最高約定価格（TSO別）[円/kW・30分],8.35,19.51,19.51,4.21,19.51,10.08,19.51,7.31,19.51,19.51
20251112B04,合計（確報値）,最低約定価格（TSO別）[円/kW・30分],2.26,4.21,0.37,0.69,0.78,0.36,0.36,0.36,0.36,0.36
20251112B04,合計（確報値）,平均約定価格（TSO別）[円/kW・30分],5.3,8.78,2.42,1.83,2.38,1.98,1.95,0.97,4.07,2.59
20251112B04,合計（確報値）,約定量合計（TSO別）[MW],116,48.5,435.237,264,193.718,873,381,181,528.38,3020.835
20251112B04,合計（確報値）,（内訳）自エリアからの約定量[MW],31,48.5,435.237,0,186,805.704,181.547,181,528.38,2397.368
20251112B05,システム約定結果,募集量（TSO別）[MW],32,217,360,383,194,588,361,145,537,2817
20251112B05,システム約定結果,応札量合計（電源属地別）[MW],177.85,274.919,763.115,7.718,194,860.904,234.167,117,604.144,3233.817
20251112B05,システム約定結果,落札量合計（電源属地別）[MW],23,274.919,302.238,7.718,194,787.081,232.291,117,403.144,2341.391
20251112B05,システム約定結果,応札件数（電源属地別）[件],4,4,25,4,2,8,8,4,17,76
20251112B05,システム約定結果,落札件数（電源属地別）[件],1,4,22,4,2,8,8,4,15,68
20251112B05,システム約定結果,最高落札価格（電源属地別）[円/kW・30分],8.73,19.51,19.51,19.51,1.2,19.51,19.51,7.32,19.51,19.51
20251112B05,システム約定結果,最低落札価格（電源属地別）[円/kW・30分],8.73,4.02,0.37,19.47,0.35,0.36,0.36,0.36,0.36,0.35
20251112B05,システム約定結果,平均落札価格（電源属地別）[円/kW・30分],8.73,5.32,3.38,19.49,1.02,2.37,1.3,1.3,3.43,2.88
20251112B05,システム約定結果,最高落札価格（TSO別）[円/kW・30分],8.73,19.51,19.51,19.51,4.02,19.51,19.51,7.32,19.51,19.51
20251112B05,システム約定結果,最低落札価格（TSO別）[円/kW・30分],4.02,0.37,0.73,0.36,0.35,0.36,0.36,0.36,0.36,0.35
20251112B05,システム約定結果,平均落札価格（TSO別）[円/kW・30分],7.41,5.48,4.4,2.04,1.79,2.81,1.47,1.3,3.25,2.88
20251112B05,システム約定結果,落札量合計（TSO別）[MW],32,145.586,255.238,277.718,194,595.905,288.8,117,435.144,2341.391
20251112B05,システム約定結果,（内訳）自エリアからの落札量[MW],23,105.586,222.238,7.718,141.667,595.905,200.291,117,403.144,1816.549
20251112B05,追加調達結果,募集量（TSO別）[MW],-,-,-,-,-,-,-,-,-,-
20251112B05,追加調達結果,応札量合計（電源属地別）[MW],0,0,0,0,0,0,0,0,0,0
20251112B05,追加調達結果,約定量合計（電源属地別）[MW],0,0,0,0,0,0,0,0,0,0
20251112B05,追加調達結果,応札件数（電源属地別）[件],0,0,0,0,0,0,0,0,0,0
20251112B05,追加調達結果,約定件数（電源属地別）[件],0,0,0,0,0,0,0,0,0,0
20251112B05,追加調達結果,最高約定価格（電源属地別）[円/kW・30分],0,0,0,0,0,0,0,0,0,0
20251112B05,追加調達結果,最低約定価格（電源属地別）[円/kW・30分],0,0,0,0,0,0,0,0,0,0
20251112B05,追加調達結果,平均約定価格（電源属地別）[円/kW・30分],0,0,0,0,0,0,0,0,0,0
20251112B05,追加調達結果,最高約定価格（TSO別）[円/kW・30分],0,0,0,0,0,0,0,0,0,0
20251112B05,追加調達結果,最低約定価格（TSO別）[円/kW・30分],0,0,0,0,0,0,0,0,0,0
20251112B05,追加調達結果,平均約定価格（TSO別）[円/kW・30分],0,0,0,0,0,0,0,0,0,0
20251112B05,追加調達結果,約定量合計（TSO別）[MW],0,0,0,0,0,0,0,0,0,0
20251112B05,追加調達結果,（内訳）自エリアからの約定量[MW],0,0,0,0,0,0,0,0,0,0
20251112B05,合計（確報値）,募集量（TSO別）[MW],32,217,360,383,194,588,361,145,537,2817
20251112B05,合計（確報値）,応札量合計（電源属地別）[MW],177.85,274.919,763.115,7.718,194,860.904,234.167,117,605.494,3235.167
20251112B05,合計（確報値）,約定量合計（電源属地別）[MW],23,274.919,302.238,7.718,194,787.081,232.291,117,402.694,2340.941
20251112B05,合計（確報値）,応札件数（電源属地別）[件],4,4,25,4,2,8,8,4,18,77
20251112B05,合計（確報値）,約定件数（電源属地別）[件],1,4,22,4,2,8,8,4,15,68
20251112B05,合計（確報値）,最高約定価格（電源属地別）[円/kW・30分],8.73,19.51,19.51,19.51,1.2,19.51,19.51,7.32,19.51,19.51
20251112B05,合計（確報値）,最低約定価格（電源属地別）[円/kW・30分],8.73,4.02,0.37,19.47,0.35,0.36,0.36,0.36,0.36,0.35
20251112B05,合計（確報値）,平均約定価格（電源属地別）[円/kW・30分],8.73,5.32,3.38,19.49,1.02,2.37,1.3,1.3,3.41,2.87
20251112B05,合計（確報値）,最高約定価格（TSO別）[円/kW・30分],8.73,19.51,19.51,19.51,4.02,19.51,19.51,7.32,19.51,19.51
20251112B05,合計（確報値）,最低約定価格（TSO別）[円/kW・30分],4.02,0.37,0.73,0.36,0.35,0.36,0.36,0.36,0.36,0.35
20251112B05,合計（確報値）,平均約定価格（TSO別）[円/kW・30分],7.41,5.48,4.4,2.04,1.79,2.81,1.47,1.3,3.23,2.87
20251112B05,合計（確報値）,約定量合計（TSO別）[MW],32,145.586,255.238,277.718,194,595.905,288.8,117,434.694,2340.941
20251112B05,合計（確報値）,（内訳）自エリアからの約定量[MW],23,105.586,222.238,7.718,141.667,595.905,200.291,117,402.694,1816.099
20251112B06,システム約定結果,募集量（TSO別）[MW],36,732,527,402,120,692,340,179,549,3577
20251112B06,システム約定結果,応札量合計（電源属地別）[MW],48.64,784.919,936.956,335.266,120,697.852,500.421,134,672.144,4230.198
20251112B06,システム約定結果,落札量合計（電源属地別）[MW],36,784.919,322.96,300.098,120,694.852,403.152,134,325.144,3121.125
20251112B06,システム約定結果,応札件数（電源属地別）[件],5,7,34,6,1,9,12,4,16,94
20251112B06,システム約定結果,落札件数（電源属地別）[件],2,7,29,6,1,8,12,4,14,83
20251112B06,システム約定結果,最高落札価格（電源属地別）[円/kW・30分],15,19.51,19.51,19.51,2.84,19.51,19.51,6.94,19.51,19.51
20251112B06,システム約定結果,最低落札価格（電源属地別）[円/kW・30分],8,1.62,0.34,0.69,2.84,1.05,1.11,0.36,1.28,0.34
20251112B06,システム約定結果,平均落札価格（電源属地別）[円/kW・30分],11.89,3,3.37,1.73,2.84,2.75,2.56,1.12,2.48,2.76
20251112B06,システム約定結果,最高落札価格（TSO別）[円/kW・30分],15,19.51,19.51,19.51,2.84,19.51,19.51,6.94,19.51,19.51
20251112B06,システム約定結果,最低落札価格（TSO別）[円/kW・30分],8,0.34,0.69,0.37,0.69,1.05,1.11,0.36,1.11,0.34
20251112B06,システム約定結果,平均落札価格（TSO別）[円/kW・30分],11.89,2.81,3.09,2.56,2.35,2.77,2.75,1.12,2.38,2.76
20251112B06,システム約定結果,落札量合計（TSO別）[MW],36,755.697,422.737,236.543,113,683.204,248.8,134,491.144,3121.125
20251112B06,システム約定結果,（内訳）自エリアからの落札量[MW],36,647.697,129.96,92.543,61,678.992,248.8,134,325.144,2354.136
20251112B06,追加調達結果,募集量（TSO別）[MW],-,-,-,-,-,-,-,-,-,-
20251112B06,追加調達結果,応札量合計（電源属地別）[MW],0,0,0,0,0,0,0,0,0,0
20251112B06,追加調達結果,約定量合計（電源属地別）[MW],0,0,0,0,0,0,0,0,0,0
20251112B06,追加調達結果,応札件数（電源属地別）[件],0,0,0,0,0,0,0,0,0,0
20251112B06,追加調達結果,約定件数（電源属地別）[件],0,0,0,0,0,0,0,0,0,0
20251112B06,追加調達結果,最高約定価格（電源属地別）[円/kW・30分],0,0,0,0,0,0,0,0,0,0
20251112B06,追加調達結果,最低約定価格（電源属地別）[円/kW・30分],0,0,0,0,0,0,0,0,0,0
20251112B06,追加調達結果,平均約定価格（電源属地別）[円/kW・30分],0,0,0,0,0,0,0,0,0,0
20251112B06,追加調達結果,最高約定価格（TSO別）[円/kW・30分],0,0,0,0,0,0,0,0,0,0
20251112B06,追加調達結果,最低約定価格（TSO別）[円/kW・30分],0,0,0,0,0,0,0,0,0,0
20251112B06,追加調達結果,平均約定価格（TSO別）[円/kW・30分],0,0,0,0,0,0,0,0,0,0
20251112B06,追加調達結果,約定量合計（TSO別）[MW],0,0,0,0,0,0,0,0,0,0
20251112B06,追加調達結果,（内訳）自エリアからの約定量[MW],0,0,0,0,0,0,0,0,0,0
20251112B06,合計（確報値）,募集量（TSO別）[MW],36,732,527,402,120,692,340,179,549,3577
20251112B06,合計（確報値）,応札量合計（電源属地別）[MW],48.64,784.919,938.926,436.266,120,697.852,514.234,134,673.494,4348.331
20251112B06,合計（確報値）,約定量合計（電源属地別）[MW],36,784.919,322.94,300.098,120,694.852,403.152,134,324.694,3120.655
20251112B06,合計（確報値）,応札件数（電源属地別）[件],5,7,35,8,1,9,13,4,17,99
20251112B06,合計（確報値）,約定件数（電源属地別）[件],2,7,29,7,1,8,12,4,14,84
20251112B06,合計（確報値）,最高約定価格（電源属地別）[円/kW・30分],15,19.51,19.51,19.51,2.84,19.51,19.51,6.94,19.51,19.51
20251112B06,合計（確報値）,最低約定価格（電源属地別）[円/kW・30分],8,1.62,0.34,0.36,2.84,1.05,1.11,0.36,1.28,0.34
20251112B06,合計（確報値）,平均約定価格（電源属地別）[円/kW・30分],11.89,3,3.37,1.06,2.84,2.75,1.96,1.12,2.46,2.62
20251112B06,合計（確報値）,最高約定価格（TSO別）[円/kW・30分],15,19.51,19.51,19.51,2.84,19.51,19.51,6.94,19.51,19.51
20251112B06,合計（確報値）,最低約定価格（TSO別）[円/kW・30分],8,0.34,0.69,0.36,0.36,1.05,1.11,0.36,1.11,0.34
20251112B06,合計（確報値）,平均約定価格（TSO別）[円/kW・30分],11.89,2.81,3.09,2,1.75,2.77,1.78,1.12,2.37,2.62
20251112B06,合計（確報値）,約定量合計（TSO別）[MW],36,755.677,422.737,236.543,113,683.204,248.8,134,490.694,3120.655
20251112B06,合計（確報値）,（内訳）自エリアからの約定量[MW],36,647.697,129.96,92.543,61,678.992,248.8,134,324.694,2353.686
20251112B07,システム約定結果,募集量（TSO別）[MW],32,263,460,206,106,574,305,83,328,2357
20251112B07,システム約定結果,応札量合計（電源属地別）[MW],240.75,274.919,620.669,396.3,106,695.565,643.031,122,836.016,3935.25
20251112B07,システム約定結果,落札量合計（電源属地別）[MW],24,274.919,377.57,315.3,106,367.617,373.096,86.333,268.171,2193.006
20251112B07,システム約定結果,応札件数（電源属地別）[件],4,4,29,6,1,8,12,8,16,88
20251112B07,システム約定結果,落札件数（電源属地別）[件],2,4,26,5,1,8,11,6,6,69
20251112B07,システム約定結果,最高落札価格（電源属地別）[円/kW・30分],11.43,19.51,19.51,19.51,3.35,19.49,19.51,2.11,3.41,19.51
20251112B07,システム約定結果,最低落札価格（電源属地別）[円/kW・30分],7,1.72,0.73,1.86,3.35,1.39,1.14,0.36,1.41,0.36
20251112B07,システム約定結果,平均落札価格（電源属地別）[円/kW・30分],8.85,3.23,3.83,2.29,3.35,4.2,2.66,0.55,2.3,3.11
20251112B07,システム約定結果,最高落札価格（TSO別）[円/kW・30分],11.43,19.51,19.51,19.51,3.35,19.51,19.51,2.11,3.41,19.51
20251112B07,システム約定結果,最低落札価格（TSO別）[円/kW・30分],4.84,1.72,0.73,1.86,3.35,0.39,1.14,0.36,1.14,0.36
20251112B07,システム約定結果,平均落札価格（TSO別）[円/kW・30分],7.84,3.21,3.85,2.72,3.35,3.36,3.13,0.56,2.09,3.11
20251112B07,システム約定結果,落札量合計（TSO別）[MW],32,289.919,354.57,158.444,88,575.25,283.823,83,328,2193.006
20251112B07,システム約定結果,（内訳）自エリアからの落札量[MW],24,274.919,354.57,158.444,88,367.617,283.823,83,268.171,1902.544
20251112B07,追加調達結果,募集量（TSO別）[MW],-,-,-,-,-,-,-,-,-,-
20251112B07,追加調達結果,応札量合計（電源属地別）[MW],0,0,0,0,0,0,0,0,0,0
20251112B07,追加調達結果,約定量合計（電源属地別）[MW],0,0,0,0,0,0,0,0,0,0
20251112B07,追加調達結果,応札件数（電源属地別）[件],0,0,0,0,0,0,0,0,0,0
20251112B07,追加調達結果,約定件数（電源属地別）[件],0,0,0,0,0,0,0,0,0,0
20251112B07,追加調達結果,最高約定価格（電源属地別）[円/kW・30分],0,0,0,0,0,0,0,0,0,0
20251112B07,追加調達結果,最低約定価格（電源属地別）[円/kW・30分],0,0,0,0,0,0,0,0,0,0
20251112B07,追加調達結果,平均約定価格（電源属地別）[円/kW・30分],0,0,0,0,0,0,0,0,0,0
20251112B07,追加調達結果,最高約定価格（TSO別）[円/kW・30分],0,0,0,0,0,0,0,0,0,0
20251112B07,追加調達結果,最低約定価格（TSO別）[円/kW・30分],0,0,0,0,0,0,0,0,0,0
20251112B07,追加調達結果,平均約定価格（TSO別）[円/kW・30分],0,0,0,0,0,0,0,0,0,0
20251112B07,追加調達結果,約定量合計（TSO別）[MW],0,0,0,0,0,0,0,0,0,0
20251112B07,追加調達結果,（内訳）自エリアからの約定量[MW],0,0,0,0,0,0,0,0,0,0
20251112B07,合計（確報値）,募集量（TSO別）[MW],32,263,460,206,106,574,305,83,328,2357
20251112B07,合計（確報値）,応札量合計（電源属地別）[MW],240.75,274.919,620.669,703.882,106,695.565,658.918,122,836.016,4258.719
20251112B07,合計（確報値）,約定量合計（電源属地別）[MW],24,274.919,377.57,315.3,106,367.617,277.421,86.333,268.171,2097.331
20251112B07,合計（確報値）,応札件数（電源属地別）[件],4,4,29,11,1,8,16,8,16,97
20251112B07,合計（確報値）,約定件数（電源属地別）[件],2,4,26,9,1,8,13,6,6,75
20251112B07,合計（確報値）,最高約定価格（電源属地別）[円/kW・30分],11.43,19.51,19.51,19.51,3.35,19.49,19.49,2.11,3.41,19.51
20251112B07,合計（確報値）,最低約定価格（電源属地別）[円/kW・30分],7,1.72,0.73,0.36,3.35,1.39,0.36,0.36,1.41,0.36
20251112B07,合計（確報値）,平均約定価格（電源属地別）[円/kW・30分],8.85,3.23,3.83,0.83,3.35,4.2,1.52,0.55,2.3,2.76
20251112B07,合計（確報値）,最高約定価格（TSO別）[円/kW・30分],11.43,19.51,19.51,19.51,3.35,19.49,19.49,2.11,3.41,19.51
20251112B07,合計（確報値）,最低約定価格（TSO別）[円/kW・30分],4.84,1.72,0.73,0.36,3.35,0.36,1.14,0.36,1.14,0.36
20251112B07,合計（確報値）,平均約定価格（TSO別）[円/kW・30分],7.84,3.21,3.85,1.29,3.35,2.95,1.69,0.56,2.09,2.76
20251112B07,合計（確報値）,約定量合計（TSO別）[MW],32,289.919,354.57,158.444,88,575.25,188.148,83,328,2097.331
20251112B07,合計（確報値）,（内訳）自エリアからの約定量[MW],24,274.919,354.57,158.444,88,367.617,188.148,83,268.171,1806.869
20251112B08,システム約定結果,募集量（TSO別）[MW],39,138,442,230,105,462,197,88,298,1999
20251112B08,システム約定結果,応札量合計（電源属地別）[MW],280.64,274.919,877.866,534.3,105,869.915,437.551,118,664.907,4163.098
20251112B08,システム約定結果,落札量合計（電源属地別）[MW],44,274.919,349.572,447.3,105,503.067,210.79,91.799,158.907,2185.354
20251112B08,システム約定結果,応札件数（電源属地別）[件],7,4,22,8,1,8,9,6,12,77
20251112B08,システム約定結果,落札件数（電源属地別）[件],2,4,21,7,1,8,8,5,11,67
20251112B08,システム約定結果,最高落札価格（電源属地別）[円/kW・30分],12.4,19.51,19.51,19.51,1.36,19.49,19.51,7,19.51,19.51
20251112B08,システム約定結果,最低落札価格（電源属地別）[円/kW・30分],10,3.42,0.4,2.64,1.36,0.36,0.36,0.36,0.41,0.36
20251112B08,システム約定結果,平均落札価格（電源属地別）[円/kW・30分],11.04,4.78,3.74,2.96,1.36,3.24,2.73,1.51,2.16,3.32
20251112B08,システム約定結果,最高落札価格（TSO別）[円/kW・30分],12.4,19.51,19.51,19.51,1.36,19.49,19.51,7,19.51,19.51
20251112B08,システム約定結果,最低落札価格（TSO別）[円/kW・30分],10,3.42,0.4,2.64,1.36,0.36,0.36,0.36,0.36,0.36
20251112B08,システム約定結果,平均落札価格（TSO別）[円/kW・30分],11.04,4.78,3.74,2.96,1.36,3.4,3.14,1.55,1.7,3.32
20251112B08,システム約定結果,落札量合計（TSO別）[MW],44,274.919,349.572,447.3,105,477.014,172.642,88,226.907,2185.354
20251112B08,システム約定結果,（内訳）自エリアからの落札量[MW],44,274.919,349.572,447.3,105,473.215,172.642,88,158.907,2113.555
20251112B08,追加調達結果,募集量（TSO別）[MW],-,-,-,-,-,-,-,-,-,-
20251112B08,追加調達結果,応札量合計（電源属地別）[MW],0,0,0,0,0,0,0,0,0,0
20251112B08,追加調達結果,約定量合計（電源属地別）[MW],0,0,0,0,0,0,0,0,0,0
20251112B08,追加調達結果,応札件数（電源属地別）[件],0,0,0,0,0,0,0,0,0,0
20251112B08,追加調達結果,約定件数（電源属地別）[件],0,0,0,0,0,0,0,0,0,0
20251112B08,追加調達結果,最高約定価格（電源属地別）[円/kW・30分],0,0,0,0,0,0,0,0,0,0
20251112B08,追加調達結果,最低約定価格（電源属地別）[円/kW・30分],0,0,0,0,0,0,0,0,0,0
20251112B08,追加調達結果,平均約定価格（電源属地別）[円/kW・30分],0,0,0,0,0,0,0,0,0,0
20251112B08,追加調達結果,最高約定価格（TSO別）[円/kW・30分],0,0,0,0,0,0,0,0,0,0
20251112B08,追加調達結果,最低約定価格（TSO別）[円/kW・30分],0,0,0,0,0,0,0,0,0,0
20251112B08,追加調達結果,平均約定価格（TSO別）[円/kW・30分],0,0,0,0,0,0,0,0,0,0
20251112B08,追加調達結果,約定量合計（TSO別）[MW],0,0,0,0,0,0,0,0,0,0
20251112B08,追加調達結果,（内訳）自エリアからの約定量[MW],0,0,0,0,0,0,0,0,0,0
20251112B08,合計（確報値）,募集量（TSO別）[MW],39,138,442,230,105,462,197,88,298,1999
20251112B08,合計（確報値）,応札量合計（電源属地別）[MW],280.64,274.919,877.866,973.882,105,869.915,453.438,118,666.257,4619.917
20251112B08,合計（確報値）,約定量合計（電源属地別）[MW],44,274.919,349.572,447.3,105,503.067,115.115,91.799,158.457,2089.229
20251112B08,合計（確報値）,応札件数（電源属地別）[件],7,4,22,18,1,8,13,6,13,92
20251112B08,合計（確報値）,約定件数（電源属地別）[件],2,4,21,14,1,8,10,5,11,76
20251112B08,合計（確報値）,最高約定価格（電源属地別）[円/kW・30分],12.4,19.51,19.51,19.51,1.36,19.49,19.49,7,19.51,19.51
20251112B08,合計（確報値）,最低約定価格（電源属地別）[円/kW・30分],10,3.42,0.4,0.36,1.36,0.36,0.36,0.36,0.41,0.36
20251112B08,合計（確報値）,平均約定価格（電源属地別）[円/kW・30分],11.04,4.78,3.74,0.69,1.36,3.24,1.31,1.51,2.11,2.78
20251112B08,合計（確報値）,最高約定価格（TSO別）[円/kW・30分],12.4,19.51,19.51,19.51,1.36,19.49,19.49,7,19.51,19.51
20251112B08,合計（確報値）,最低約定価格（TSO別）[円/kW・30分],10,3.42,0.4,0.36,1.36,0.36,0.36,0.36,0.36,0.36
20251112B08,合計（確報値）,平均約定価格（TSO別）[円/kW・30分],11.04,4.78,3.74,0.69,1.36,3.4,1.59,1.55,1.65,2.78
20251112B08,合計（確報値）,約定量合計（TSO別）[MW],44,274.919,349.572,447.3,105,477.014,88.967,88,214.457,2089.229
20251112B08,合計（確報値）,（内訳）自エリアからの約定量[MW],44,274.919,349.572,447.3,105,473.215,88.967,88,158.457,2029.43
20251113B01,システム約定結果,募集量（TSO別）[MW],55,163,340,41,86,281,189,95,198,1448
20251113B01,システム約定結果,応札量合計（電源属地別）[MW],228.74,260.419,489.052,768.78,86,869.915,391.381,86,556.117,3736.404
20251113B01,システム約定結果,落札量合計（電源属地別）[MW],13.75,260.419,305.267,762.763,86,346.424,169.099,86,61.117,2090.839
20251113B01,システム約定結果,応札件数（電源属地別）[件],4,3,13,14,1,8,7,5,10,65
20251113B01,システム約定結果,落札件数（電源属地別）[件],2,3,12,14,1,8,6,5,8,59
20251113B01,システム約定結果,最高落札価格（電源属地別）[円/kW・30分],13.47,19.51,19.51,19.51,0.62,19.49,1.94,6.94,19.51,19.51
20251113B01,システム約定結果,最低落札価格（電源属地別）[円/kW・30分],12,3.62,0.36,2.12,0.62,0.36,0.36,0.36,0.36,0.36
20251113B01,システム約定結果,平均落札価格（電源属地別）[円/kW・30分],13.07,4.15,2.96,2.72,0.62,4.45,1.36,1.87,3.22,3.07
20251113B01,システム約定結果,最高落札価格（TSO別）[円/kW・30分],13.47,19.51,19.51,3.02,3.02,19.51,2.43,6.94,19.51,19.51
20251113B01,システム約定結果,最低落札価格（TSO別）[円/kW・30分],3.62,3.62,0.36,2.19,0.62,0.36,0.36,0.36,0.36,0.36
20251113B01,システム約定結果,平均落札価格（TSO別）[円/kW・30分],5.98,4.25,2.96,2.73,1.45,4.41,1.45,1.87,2.11,3.07
20251113B01,システム約定結果,落札量合計（TSO別）[MW],55,219.169,305.267,525.709,142,426.68,189.06,86,141.954,2090.839
20251113B01,システム約定結果,（内訳）自エリアからの落札量[MW],13.75,219.169,305.267,525.709,86,292.45,169.099,86,61.117,1758.561
20251113B01,追加調達結果,募集量（TSO別）[MW],-,-,-,-,-,-,-,-,-,-
20251113B01,追加調達結果,応札量合計（電源属地別）[MW],0,0,0,0,0,0,0,0,0,0
20251113B01,追加調達結果,約定量合計（電源属地別）[MW],0,0,0,0,0,0,0,0,0,0
20251113B01,追加調達結果,応札件数（電源属地別）[件],0,0,0,0,0,0,0,0,0,0
20251113B01,追加調達結果,約定件数（電源属地別）[件],0,0,0,0,0,0,0,0,0,0
20251113B01,追加調達結果,最高約定価格（電源属地別）[円/kW・30分],0,0,0,0,0,0,0,0,0,0
20251113B01,追加調達結果,最低約定価格（電源属地別）[円/kW・30分],0,0,0,0,0,0,0,0,0,0
20251113B01,追加調達結果,平均約定価格（電源属地別）[円/kW・30分],0,0,0,0,0,0,0,0,0,0
20251113B01,追加調達結果,最高約定価格（TSO別）[円/kW・30分],0,0,0,0,0,0,0,0,0,0
20251113B01,追加調達結果,最低約定価格（TSO別）[円/kW・30分],0,0,0,0,0,0,0,0,0,0
20251113B01,追加調達結果,平均約定価格（TSO別）[円/kW・30分],0,0,0,0,0,0,0,0,0,0
20251113B01,追加調達結果,約定量合計（TSO別）[MW],0,0,0,0,0,0,0,0,0,0
20251113B01,追加調達結果,（内訳）自エリアからの約定量[MW],0,0,0,0,0,0,0,0,0,0
20251113B01,合計（確報値）,募集量（TSO別）[MW],55,163,340,41,86,281,189,95,198,1448
20251113B01,合計（確報値）,応札量合計（電源属地別）[MW],228.74,260.419,489.052,1209.78,86,869.915,407.258,86,556.117,4193.281
20251113B01,合計（確報値）,約定量合計（電源属地別）[MW],13.75,260.419,305.267,762.763,86,346.424,87.227,86,61.117,2008.967
20251113B01,合計（確報値）,応札件数（電源属地別）[件],4,3,13,26,1,8,9,5,10,79
20251113B01,合計（確報値）,約定件数（電源属地別）[件],2,3,12,22,1,8,7,5,8,68
20251113B01,合計（確報値）,最高約定価格（電源属地別）[円/kW・30分],13.47,19.51,19.51,19.51,0.62,19.49,1.94,6.94,19.51,19.51
20251113B01,合計（確報値）,最低約定価格（電源属地別）[円/kW・30分],12,3.62,0.36,0.36,0.62,0.36,0.36,0.36,0.36,0.36
20251113B01,合計（確報値）,平均約定価格（電源属地別）[円/kW・30分],13.07,4.15,2.96,1.3,0.62,4.45,1.16,1.87,3.22,2.59
20251113B01,合計（確報値）,最高約定価格（TSO別）[円/kW・30分],13.47,19.51,19.51,2.66,2.66,19.51,2.43,6.94,19.51,19.51
20251113B01,合計（確報値）,最低約定価格（TSO別）[円/kW・30分],3.62,3.62,0.36,0.36,0.36,0.36,0.36,0.36,0.36,0.36
20251113B01,合計（確報値）,平均約定価格（TSO別）[円/kW・30分],5.98,4.25,2.96,1,0.84,4.2,1.36,1.87,2.11,2.59
20251113B01,合計（確報値）,約定量合計（TSO別）[MW],55,219.169,305.267,525.709,142,426.68,107.188,86,141.954,2008.967
20251113B01,合計（確報値）,（内訳）自エリアからの約定量[MW],13.75,219.169,305.267,525.709,86,292.45,87.227,86,61.117,1676.689
20251113B02,システム約定結果,募集量（TSO別）[MW],28,333,335,158,92,380,189,99,300,1914
20251113B02,システム約定結果,応札量合計（電源属地別）[MW],246.45,444.919,884.026,421.718,92,869.915,393.181,129,556.607,4037.816
20251113B02,システム約定結果,落札量合計（電源属地別）[MW],14,444.919,251.752,421.718,92,362.915,170.899,104.733,190.607,2053.543
20251113B02,システム約定結果,応札件数（電源属地別）[件],5,5,22,11,1,8,8,6,10,76
20251113B02,システム約定結果,落札件数（電源属地別）[件],2,5,21,11,1,8,7,5,9,69
20251113B02,システム約定結果,最高落札価格（電源属地別）[円/kW・30分],13.28,19.51,19.51,19.51,1.89,19.49,19.49,6.54,19.51,19.51
20251113B02,システム約定結果,最低落札価格（電源属地別）[円/kW・30分],5,1.95,0.36,2.05,1.89,0.36,0.45,0.36,0.4,0.36
20251113B02,システム約定結果,平均落札価格（電源属地別）[円/kW・30分],11.06,3.78,4.4,3.24,1.89,4.1,2.06,1.31,1.76,3.31
20251113B02,システム約定結果,最高落札価格（TSO別）[円/kW・30分],13.28,19.51,19.51,19.51,19.47,19.49,19.49,6.54,19.51,19.51
20251113B02,システム約定結果,最低落札価格（TSO別）[円/kW・30分],3.57,1.95,0.36,2.05,1.89,0.36,0.36,0.36,0.4,0.36
20251113B02,システム約定結果,平均落札価格（TSO別）[円/kW・30分],7.32,3.79,4.4,3.19,2.49,3.89,2,1.37,2.02,3.31
20251113B02,システム約定結果,落札量合計（TSO別）[MW],28,430.919,251.752,333.278,82.2,416.215,176.572,99,235.607,2053.543
20251113B02,システム約定結果,（内訳）自エリアからの落札量[MW],14,430.919,251.752,333.278,69,362.915,170.839,99,190.607,1922.31
20251113B02,追加調達結果,募集量（TSO別）[MW],-,-,-,-,-,-,-,-,-,-
20251113B02,追加調達結果,応札量合計（電源属地別）[MW],0,0,0,0,0,0,0,0,0,0
20251113B02,追加調達結果,約定量合計（電源属地別）[MW],0,0,0,0,0,0,0,0,0,0
20251113B02,追加調達結果,応札件数（電源属地別）[件],0,0,0,0,0,0,0,0,0,0
20251113B02,追加調達結果,約定件数（電源属地別）[件],0,0,0,0,0,0,0,0,0,0
20251113B02,追加調達結果,最高約定価格（電源属地別）[円/kW・30分],0,0,0,0,0,0,0,0,0,0
20251113B02,追加調達結果,最低約定価格（電源属地別）[円/kW・30分],0,0,0,0,0,0,0,0,0,0
20251113B02,追加調達結果,平均約定価格（電源属地別）[円/kW・30分],0,0,0,0,0,0,0,0,0,0
20251113B02,追加調達結果,最高約定価格（TSO別）[円/kW・30分],0,0,0,0,0,0,0,0,0,0
20251113B02,追加調達結果,最低約定価格（TSO別）[円/kW・30分],0,0,0,0,0,0,0,0,0,0
20251113B02,追加調達結果,平均約定価格（TSO別）[円/kW・30分],0,0,0,0,0,0,0,0,0,0
20251113B02,追加調達結果,約定量合計（TSO別）[MW],0,0,0,0,0,0,0,0,0,0
20251113B02,追加調達結果,（内訳）自エリアからの約定量[MW],0,0,0,0,0,0,0,0,0,0
20251113B02,合計（確報値）,募集量（TSO別）[MW],28,333,335,158,92,380,189,99,300,1914
20251113B02,合計（確報値）,応札量合計（電源属地別）[MW],246.45,614.919,884.026,774.718,92,869.915,409.058,129,556.607,4576.693
20251113B02,合計（確報値）,約定量合計（電源属地別）[MW],14,444.919,251.752,421.718,92,362.915,89.027,104.733,190.607,1971.671
20251113B02,合計（確報値）,応札件数（電源属地別）[件],5,10,22,24,1,8,10,6,10,96
20251113B02,合計（確報値）,約定件数（電源属地別）[件],2,9,21,20,1,8,8,5,9,83
20251113B02,合計（確報値）,最高約定価格（電源属地別）[円/kW・30分],13.28,19.51,19.51,19.51,1.89,19.49,19.49,6.54,19.51,19.51
20251113B02,合計（確報値）,最低約定価格（電源属地別）[円/kW・30分],5,1.5,0.36,0.36,1.89,0.36,0.36,0.36,0.4,0.36
20251113B02,合計（確報値）,平均約定価格（電源属地別）[円/kW・30分],11.06,3.61,4.4,1.04,1.89,4.1,1.67,1.31,1.76,2.84
20251113B02,合計（確報値）,最高約定価格（TSO別）[円/kW・30分],13.28,19.51,19.51,19.51,19.47,19.49,19.49,6.54,19.51,19.51
20251113B02,合計（確報値）,最低約定価格（TSO別）[円/kW・30分],3.57,1.5,0.36,0.36,0.36,0.36,0.36,0.36,0.36,0.36
20251113B02,合計（確報値）,平均約定価格（TSO別）[円/kW・30分],7.32,3.61,4.4,1.09,2.16,3.7,1.59,1.37,1.49,2.84
20251113B02,合計（確報値）,約定量合計（TSO別）[MW],28,430.919,251.752,333.278,82.2,416.215,94.7,99,235.607,1971.671
20251113B02,合計（確報値）,（内訳）自エリアからの約定量[MW],14,430.919,251.752,333.278,69,362.915,88.967,99,190.607,1840.438
20251113B03,システム約定結果,募集量（TSO別）[MW],134,932,481,400,127,605,284,174,427,3564
20251113B03,システム約定結果,応札量合計（電源属地別）[MW],238.74,784.919,675.765,332.858,127,823.203,393.181,133,557.531,4066.197
20251113B03,システム約定結果,落札量合計（電源属地別）[MW],15,784.919,332.36,332.858,127,823.203,224.69,133,315.348,3088.378
20251113B03,システム約定結果,応札件数（電源属地別）[件],5,7,22,6,2,7,8,4,11,72
20251113B03,システム約定結果,落札件数（電源属地別）[件],1,7,18,6,2,7,7,4,10,62
20251113B03,システム約定結果,最高落札価格（電源属地別）[円/kW・30分],13.47,19.51,19.51,19.51,2.22,19.51,19.51,6.33,19.51,19.51
20251113B03,システム約定結果,最低落札価格（電源属地別）[円/kW・30分],13.47,1.98,1.9,3.6,2.17,0.41,0.54,0.36,0.41,0.36
20251113B03,システム約定結果,平均落札価格（電源属地別）[円/kW・30分],13.47,3.42,4.35,3.95,2.19,1.93,2.09,1.85,1.19,2.79
20251113B03,システム約定結果,最高落札価格（TSO別）[円/kW・30分],13.47,19.51,19.51,19.51,3.79,19.51,19.51,6.33,19.51,19.51
20251113B03,システム約定結果,最低落札価格（TSO別）[円/kW・30分],1.98,0.41,1.9,0.49,2.17,0.41,0.41,0.36,0.41,0.36
20251113B03,システム約定結果,平均落札価格（TSO別）[円/kW・30分],4.04,3.12,5.76,2.95,2.82,2.49,2.18,1.85,1.13,2.79
20251113B03,システム約定結果,落札量合計（TSO別）[MW],134,998.919,144.497,404.388,127,551.204,256.839,133,338.531,3088.378
20251113B03,システム約定結果,（内訳）自エリアからの落札量[MW],15,694.919,144.497,279.858,74,551.204,197.849,133,315.348,2405.675
20251113B03,追加調達結果,募集量（TSO別）[MW],-,-,-,-,-,-,-,-,-,-
20251113B03,追加調達結果,応札量合計（電源属地別）[MW],0,0,0,0,0,0,0,0,0,0
20251113B03,追加調達結果,約定量合計（電源属地別）[MW],0,0,0,0,0,0,0,0,0,0
20251113B03,追加調達結果,応札件数（電源属地別）[件],0,0,0,0,0,0,0,0,0,0
20251113B03,追加調達結果,約定件数（電源属地別）[件],0,0,0,0,0,0,0,0,0,0
20251113B03,追加調達結果,最高約定価格（電源属地別）[円/kW・30分],0,0,0,0,0,0,0,0,0,0
20251113B03,追加調達結果,最低約定価格（電源属地別）[円/kW・30分],0,0,0,0,0,0,0,0,0,0
20251113B03,追加調達結果,平均約定価格（電源属地別）[円/kW・30分],0,0,0,0,0,0,0,0,0,0
20251113B03,追加調達結果,最高約定価格（TSO別）[円/kW・30分],0,0,0,0,0,0,0,0,0,0
20251113B03,追加調達結果,最低約定価格（TSO別）[円/kW・30分],0,0,0,0,0,0,0,0,0,0
20251113B03,追加調達結果,平均約定価格（TSO別）[円/kW・30分],0,0,0,0,0,0,0,0,0,0
20251113B03,追加調達結果,約定量合計（TSO別）[MW],0,0,0,0,0,0,0,0,0,0
20251113B03,追加調達結果,（内訳）自エリアからの約定量[MW],0,0,0,0,0,0,0,0,0,0
20251113B03,合計（確報値）,募集量（TSO別）[MW],134,932,481,400,127,605,284,174,427,3564
20251113B03,合計（確報値）,応札量合計（電源属地別）[MW],238.74,954.919,697.396,659.858,127,823.203,447.239,133,557.531,4638.886
20251113B03,合計（確報値）,約定量合計（電源属地別）[MW],15,784.919,332.36,332.858,127,823.203,180.999,133,315.348,3044.687
20251113B03,合計（確報値）,応札件数（電源属地別）[件],5,13,24,20,2,7,12,4,11,98
20251113B03,合計（確報値）,約定件数（電源属地別）[件],1,12,19,17,2,7,10,4,10,82
20251113B03,合計（確報値）,最高約定価格（電源属地別）[円/kW・30分],13.47,19.51,19.51,19.51,2.22,19.51,19.51,6.33,19.51,19.51
20251113B03,合計（確報値）,最低約定価格（電源属地別）[円/kW・30分],13.47,1.54,0.36,0.36,2.17,0.41,0.36,0.36,0.41,0.36
20251113B03,合計（確報値）,平均約定価格（電源属地別）[円/kW・30分],13.47,3.33,4.02,0.7,2.19,1.93,1.34,1.85,1.19,2.34
20251113B03,合計（確報値）,最高約定価格（TSO別）[円/kW・30分],13.47,19.51,19.51,19.51,2.22,19.51,19.51,6.33,19.51,19.51
20251113B03,合計（確報値）,最低約定価格（TSO別）[円/kW・30分],1.54,0.36,0.36,0.36,0.36,0.41,0.36,0.36,0.36,0.36
20251113B03,合計（確報値）,平均約定価格（TSO別）[円/kW・30分],3.8,3.01,5.48,0.7,1.43,2.49,1.56,1.85,1.13,2.34
20251113B03,合計（確報値）,約定量合計（TSO別）[MW],134,998.919,144.497,404.388,127,551.204,213.148,133,338.531,3044.687
20251113B03,合計（確報値）,（内訳）自エリアからの約定量[MW],15,694.919,144.497,279.858,74,551.204,154.158,133,315.348,2361.984
20251113B04,システム約定結果,募集量（TSO別）[MW],116,222,490,264,194,869,486,219,604,3464
20251113B04,システム約定結果,応札量合計（電源属地別）[MW],448.64,264.5,909.629,7.718,194,975.7,248.771,181,634.88,3864.838
20251113B04,システム約定結果,落札量合計（電源属地別）[MW],31,264.5,600.429,7.718,194,903.317,237.491,181,526.83,2946.285
20251113B04,システム約定結果,応札件数（電源属地別）[件],6,2,29,4,2,6,7,4,15,75
20251113B04,システム約定結果,落札件数（電源属地別）[件],2,2,24,4,2,5,7,4,12,62
20251113B04,システム約定結果,最高落札価格（電源属地別）[円/kW・30分],15.08,19.51,19.51,19.51,1.92,10.18,19.51,7.38,19.51,19.51
20251113B04,システム約定結果,最低落札価格（電源属地別）[円/kW・30分],14,4.21,0.37,19.47,1.88,0.36,0.49,0.36,0.36,0.36
20251113B04,システム約定結果,平均落札価格（電源属地別）[円/kW・30分],14.95,5.05,1.69,19.49,1.9,2.18,1.69,0.99,3.83,2.68
20251113B04,システム約定結果,最高落札価格（TSO別）[円/kW・30分],15.08,19.51,19.51,4.21,19.51,10.18,19.51,7.38,19.51,19.51
20251113B04,システム約定結果,最低落札価格（TSO別）[円/kW・30分],1.08,4.21,0.37,1.08,0.52,0.36,0.36,0.36,0.36,0.36
20251113B04,システム約定結果,平均落札価格（TSO別）[円/kW・30分],7.05,8.78,1.92,2.65,2.55,2.42,1.31,0.99,3.82,2.68
20251113B04,システム約定結果,落札量合計（TSO別）[MW],116,48.5,435.237,264,193.718,796,383,181,528.83,2946.285
20251113B04,システム約定結果,（内訳）自エリアからの落札量[MW],31,48.5,435.237,0,176.374,796,233.279,181,526.83,2428.22
20251113B04,追加調達結果,募集量（TSO別）[MW],-,-,-,-,-,-,-,-,-,-
20251113B04,追加調達結果,応札量合計（電源属地別）[MW],0,0,0,0,0,0,0,0,0,0
20251113B04,追加調達結果,約定量合計（電源属地別）[MW],0,0,0,0,0,0,0,0,0,0
20251113B04,追加調達結果,応札件数（電源属地別）[件],0,0,0,0,0,0,0,0,0,0
20251113B04,追加調達結果,約定件数（電源属地別）[件],0,0,0,0,0,0,0,0,0,0
20251113B04,追加調達結果,最高約定価格（電源属地別）[円/kW・30分],0,0,0,0,0,0,0,0,0,0
20251113B04,追加調達結果,最低約定価格（電源属地別）[円/kW・30分],0,0,0,0,0,0,0,0,0,0
20251113B04,追加調達結果,平均約定価格（電源属地別）[円/kW・30分],0,0,0,0,0,0,0,0,0,0
20251113B04,追加調達結果,最高約定価格（TSO別）[円/kW・30分],0,0,0,0,0,0,0,0,0,0
20251113B04,追加調達結果,最低約定価格（TSO別）[円/kW・30分],0,0,0,0,0,0,0,0,0,0
20251113B04,追加調達結果,平均約定価格（TSO別）[円/kW・30分],0,0,0,0,0,0,0,0,0,0
20251113B04,追加調達結果,約定量合計（TSO別）[MW],0,0,0,0,0,0,0,0,0,0
20251113B04,追加調達結果,（内訳）自エリアからの約定量[MW],0,0,0,0,0,0,0,0,0,0
20251113B04,合計（確報値）,募集量（TSO別）[MW],116,222,490,264,194,869,486,219,604,3464
20251113B04,合計（確報値）,応札量合計（電源属地別）[MW],448.64,264.5,909.629,7.718,194,975.7,248.771,181,636.23,3866.188
20251113B04,合計（確報値）,約定量合計（電源属地別）[MW],31,264.5,600.429,7.718,194,903.317,237.491,181,526.38,2945.835
20251113B04,合計（確報値）,応札件数（電源属地別）[件],6,2,29,4,2,6,7,4,16,76
20251113B04,合計（確報値）,約定件数（電源属地別）[件],2,2,24,4,2,5,7,4,12,62
20251113B04,合計（確報値）,最高約定価格（電源属地別）[円/kW・30分],15.08,19.51,19.51,19.51,1.92,10.18,19.51,7.38,19.51,19.51
20251113B04,合計（確報値）,最低約定価格（電源属地別）[円/kW・30分],14,4.21,0.37,19.47,1.88,0.36,0.49,0.36,0.36,0.36
20251113B04,合計（確報値）,平均約定価格（電源属地別）[円/kW・30分],14.95,5.05,1.69,19.49,1.9,2.18,1.69,0.99,3.82,2.68
20251113B04,合計（確報値）,最高約定価格（TSO別）[円/kW・30分],15.08,19.51,19.51,4.21,19.51,10.18,19.51,7.38,19.51,19.51
20251113B04,合計（確報値）,最低約定価格（TSO別）[円/kW・30分],1.08,4.21,0.37,1.08,0.52,0.36,0.36,0.36,0.36,0.36
20251113B04,合計（確報値）,平均約定価格（TSO別）[円/kW・30分],7.05,8.78,1.92,2.65,2.55,2.42,1.31,0.99,3.81,2.68
20251113B04,合計（確報値）,約定量合計（TSO別）[MW],116,48.5,435.237,264,193.718,796,383,181,528.38,2945.835
20251113B04,合計（確報値）,（内訳）自エリアからの約定量[MW],31,48.5,435.237,0,176.374,796,233.279,181,526.38,2427.77
20251113B05,システム約定結果,募集量（TSO別）[MW],32,217,360,383,194,588,361,145,537,2817
20251113B05,システム約定結果,応札量合計（電源属地別）[MW],242.85,274.919,849.014,7.718,194,976.49,250.571,117,640.144,3552.706
20251113B05,システム約定結果,落札量合計（電源属地別）[MW],23,274.919,302.238,7.718,194,793.17,216.713,117,333.144,2261.902
20251113B05,システム約定結果,応札件数（電源属地別）[件],4,4,25,4,2,7,8,4,18,76
20251113B05,システム約定結果,落札件数（電源属地別）[件],1,4,22,4,2,7,8,4,15,67
20251113B05,システム約定結果,最高落札価格（電源属地別）[円/kW・30分],14.27,19.51,19.51,19.51,1.2,19.51,19.51,7.4,19.51,19.51
20251113B05,システム約定結果,最低落札価格（電源属地別）[円/kW・30分],14.27,4.06,0.37,19.47,1.15,0.36,0.44,0.36,0.36,0.36
20251113B05,システム約定結果,平均落札価格（電源属地別）[円/kW・30分],14.27,5.36,3.38,19.49,1.17,2.31,1.74,1.33,6.17,3.37
20251113B05,システム約定結果,最高落札価格（TSO別）[円/kW・30分],14.27,19.51,19.51,19.51,4.06,19.51,19.51,7.4,19.51,19.51
20251113B05,システム約定結果,最低落札価格（TSO別）[円/kW・30分],0.37,0.37,0.73,0.36,0.95,0.36,0.36,0.36,0.36,0.36
20251113B05,システム約定結果,平均落札価格（TSO別）[円/kW・30分],10.82,5.63,4.41,2.09,1.92,3.07,1.42,1.33,5.11,3.37
20251113B05,システム約定結果,落札量合計（TSO別）[MW],32,145.586,255.238,277.718,194,516.416,288.8,117,435.144,2261.902
20251113B05,システム約定結果,（内訳）自エリアからの落札量[MW],23,110.586,222.238,7.718,118.667,516.416,213.662,117,333.144,1662.431
20251113B05,追加調達結果,募集量（TSO別）[MW],-,-,-,-,-,-,-,-,-,-
20251113B05,追加調達結果,応札量合計（電源属地別）[MW],0,0,0,0,0,0,0,0,0,0
20251113B05,追加調達結果,約定量合計（電源属地別）[MW],0,0,0,0,0,0,0,0,0,0
20251113B05,追加調達結果,応札件数（電源属地別）[件],0,0,0,0,0,0,0,0,0,0
20251113B05,追加調達結果,約定件数（電源属地別）[件],0,0,0,0,0,0,0,0,0,0
20251113B05,追加調達結果,最高約定価格（電源属地別）[円/kW・30分],0,0,0,0,0,0,0,0,0,0
20251113B05,追加調達結果,最低約定価格（電源属地別）[円/kW・30分],0,0,0,0,0,0,0,0,0,0
20251113B05,追加調達結果,平均約定価格（電源属地別）[円/kW・30分],0,0,0,0,0,0,0,0,0,0
20251113B05,追加調達結果,最高約定価格（TSO別）[円/kW・30分],0,0,0,0,0,0,0,0,0,0
20251113B05,追加調達結果,最低約定価格（TSO別）[円/kW・30分],0,0,0,0,0,0,0,0,0,0
20251113B05,追加調達結果,平均約定価格（TSO別）[円/kW・30分],0,0,0,0,0,0,0,0,0,0
20251113B05,追加調達結果,約定量合計（TSO別）[MW],0,0,0,0,0,0,0,0,0,0
20251113B05,追加調達結果,（内訳）自エリアからの約定量[MW],0,0,0,0,0,0,0,0,0,0
20251113B05,合計（確報値）,募集量（TSO別）[MW],32,217,360,383,194,588,361,145,537,2817
20251113B05,合計（確報値）,応札量合計（電源属地別）[MW],242.85,274.919,849.014,7.718,194,976.49,250.571,117,641.494,3554.056
20251113B05,合計（確報値）,約定量合計（電源属地別）[MW],23,274.919,302.238,7.718,194,793.17,216.713,117,332.694,2261.452
20251113B05,合計（確報値）,応札件数（電源属地別）[件],4,4,25,4,2,7,8,4,19,77
20251113B05,合計（確報値）,約定件数（電源属地別）[件],1,4,22,4,2,7,8,4,15,67
20251113B05,合計（確報値）,最高約定価格（電源属地別）[円/kW・30分],14.27,19.51,19.51,19.51,1.2,19.51,19.51,7.4,19.51,19.51
20251113B05,合計（確報値）,最低約定価格（電源属地別）[円/kW・30分],14.27,4.06,0.37,19.47,1.15,0.36,0.44,0.36,0.36,0.36
20251113B05,合計（確報値）,平均約定価格（電源属地別）[円/kW・30分],14.27,5.36,3.38,19.49,1.17,2.31,1.74,1.33,6.15,3.37
20251113B05,合計（確報値）,最高約定価格（TSO別）[円/kW・30分],14.27,19.51,19.51,19.51,4.06,19.51,19.51,7.4,19.51,19.51
20251113B05,合計（確報値）,最低約定価格（TSO別）[円/kW・30分],0.37,0.37,0.73,0.36,0.95,0.36,0.36,0.36,0.36,0.36
20251113B05,合計（確報値）,平均約定価格（TSO別）[円/kW・30分],10.82,5.63,4.41,2.09,1.92,3.07,1.42,1.33,5.1,3.37
20251113B05,合計（確報値）,約定量合計（TSO別）[MW],32,145.586,255.238,277.718,194,516.416,288.8,117,434.694,2261.452
20251113B05,合計（確報値）,（内訳）自エリアからの約定量[MW],23,110.586,222.238,7.718,118.667,516.416,213.662,117,332.694,1661.981
20251113B06,システム約定結果,募集量（TSO別）[MW],36,732,527,402,120,692,340,179,549,3577
20251113B06,システム約定結果,応札量合計（電源属地別）[MW],271.64,784.919,773.347,308.266,120,660.151,572.496,134,524.144,4148.963
20251113B06,システム約定結果,落札量合計（電源属地別）[MW],36,784.919,345.737,244.496,120,657.151,374.096,134,416.651,3113.05
20251113B06,システム約定結果,応札件数（電源属地別）[件],7,7,28,6,1,8,12,4,16,89
20251113B06,システム約定結果,落札件数（電源属地別）[件],2,7,25,6,1,7,12,4,16,80
20251113B06,システム約定結果,最高落札価格（電源属地別）[円/kW・30分],11.72,19.51,19.51,19.51,2.8,19.51,19.51,6.94,19.51,19.51
20251113B06,システム約定結果,最低落札価格（電源属地別）[円/kW・30分],8,1.6,0.69,0.69,2.8,1.05,1.51,0.36,1.07,0.36
20251113B06,システム約定結果,平均落札価格（電源属地別）[円/kW・30分],10.07,3.1,3.28,1.82,2.8,2.79,3.05,1.13,3.17,2.94
20251113B06,システム約定結果,最高落札価格（TSO別）[円/kW・30分],11.72,19.51,19.51,19.51,2.91,19.51,19.51,6.94,19.51,19.51
20251113B06,システム約定結果,最低落札価格（TSO別）[円/kW・30分],8,1.08,0.69,0.69,2.8,1.05,1.51,0.36,1.07,0.36
20251113B06,システム約定結果,平均落札価格（TSO別）[円/kW・30分],10.07,3.19,2.83,2.2,2.84,2.83,3.3,1.13,2.92,2.94
20251113B06,システム約定結果,落札量合計（TSO別）[MW],36,755.697,422.737,243.718,113,595.931,320.823,134,491.144,3113.05
20251113B06,システム約定結果,（内訳）自エリアからの落札量[MW],36,647.697,101.737,99.718,73,595.931,320.823,134,416.651,2425.557
20251113B06,追加調達結果,募集量（TSO別）[MW],-,-,-,-,-,-,-,-,-,-
20251113B06,追加調達結果,応札量合計（電源属地別）[MW],0,0,0,0,0,0,0,0,0,0
20251113B06,追加調達結果,約定量合計（電源属地別）[MW],0,0,0,0,0,0,0,0,0,0
20251113B06,追加調達結果,応札件数（電源属地別）[件],0,0,0,0,0,0,0,0,0,0
20251113B06,追加調達結果,約定件数（電源属地別）[件],0,0,0,0,0,0,0,0,0,0
20251113B06,追加調達結果,最高約定価格（電源属地別）[円/kW・30分],0,0,0,0,0,0,0,0,0,0
20251113B06,追加調達結果,最低約定価格（電源属地別）[円/kW・30分],0,0,0,0,0,0,0,0,0,0
20251113B06,追加調達結果,平均約定価格（電源属地別）[円/kW・30分],0,0,0,0,0,0,0,0,0,0
20251113B06,追加調達結果,最高約定価格（TSO別）[円/kW・30分],0,0,0,0,0,0,0,0,0,0
20251113B06,追加調達結果,最低約定価格（TSO別）[円/kW・30分],0,0,0,0,0,0,0,0,0,0
20251113B06,追加調達結果,平均約定価格（TSO別）[円/kW・30分],0,0,0,0,0,0,0,0,0,0
20251113B06,追加調達結果,約定量合計（TSO別）[MW],0,0,0,0,0,0,0,0,0,0
20251113B06,追加調達結果,（内訳）自エリアからの約定量[MW],0,0,0,0,0,0,0,0,0,0
20251113B06,合計（確報値）,募集量（TSO別）[MW],36,732,527,402,120,692,340,179,549,3577
20251113B06,合計（確報値）,応札量合計（電源属地別）[MW],271.64,954.919,773.347,382.266,120,660.151,588.383,134,525.494,4410.2
20251113B06,合計（確報値）,約定量合計（電源属地別）[MW],36,784.919,345.737,244.496,120,657.151,278.421,134,416.201,3016.925
20251113B06,合計（確報値）,応札件数（電源属地別）[件],7,13,28,8,1,8,16,4,17,102
20251113B06,合計（確報値）,約定件数（電源属地別）[件],2,12,25,7,1,7,14,4,16,88
20251113B06,合計（確報値）,最高約定価格（電源属地別）[円/kW・30分],11.72,19.51,19.51,19.51,2.8,19.51,19.51,6.94,19.51,19.51
20251113B06,合計（確報値）,最低約定価格（電源属地別）[円/kW・30分],8,1.6,0.69,0.36,2.8,1.05,0.36,0.36,1.07,0.36
20251113B06,合計（確報値）,平均約定価格（電源属地別）[円/kW・30分],10.07,2.92,3.28,1.18,2.8,2.79,1.92,1.13,3.15,2.73
20251113B06,合計（確報値）,最高約定価格（TSO別）[円/kW・30分],11.72,19.51,19.51,19.51,2.91,19.51,19.51,6.94,19.51,19.51
20251113B06,合計（確報値）,最低約定価格（TSO別）[円/kW・30分],8,1.08,0.69,0.36,2.8,1.05,1.51,0.36,0.36,0.36
20251113B06,合計（確報値）,平均約定価格（TSO別）[円/kW・30分],10.07,3.03,2.78,1.55,2.84,2.83,2.02,1.13,2.9,2.73
20251113B06,合計（確報値）,約定量合計（TSO別）[MW],36,755.697,422.737,243.718,113,595.931,225.148,134,490.694,3016.925
20251113B06,合計（確報値）,（内訳）自エリアからの約定量[MW],36,647.697,101.737,99.718,73,595.931,225.148,134,416.201,2329.432
20251113B07,システム約定結果,募集量（TSO別）[MW],32,263,460,206,106,574,305,83,328,2357
20251113B07,システム約定結果,応札量合計（電源属地別）[MW],240.75,274.919,871.601,396.3,106,657.151,643.031,122,646.516,3958.268
20251113B07,システム約定結果,落札量合計（電源属地別）[MW],24,274.919,185.379,315.3,106,399.23,373.096,86.333,313.516,2077.773
20251113B07,システム約定結果,応札件数（電源属地別）[件],4,4,27,6,1,7,12,8,15,84
20251113B07,システム約定結果,落札件数（電源属地別）[件],2,4,23,5,1,7,11,6,14,73
20251113B07,システム約定結果,最高落札価格（電源属地別）[円/kW・30分],11.43,19.51,19.51,19.51,3.3,19.49,19.51,2.11,19.51,19.51
20251113B07,システム約定結果,最低落札価格（電源属地別）[円/kW・30分],7,1.7,0.69,1.86,3.3,1.39,1.33,0.36,1.09,0.36
20251113B07,システム約定結果,平均落札価格（電源属地別）[円/kW・30分],8.85,3.21,4.93,2.29,3.3,3.96,2.84,0.62,2.79,3.2
20251113B07,システム約定結果,最高落札価格（TSO別）[円/kW・30分],11.43,19.51,19.51,19.51,3.3,19.49,19.51,2.11,19.51,19.51
20251113B07,システム約定結果,最低落札価格（TSO別）[円/kW・30分],0.69,0.69,0.73,1.86,3.24,0.36,0.36,0.36,1.09,0.36
20251113B07,システム約定結果,平均落札価格（TSO別）[円/kW・30分],6.81,3.9,4.01,2.29,3.28,3.47,3.3,0.63,2.79,3.2
20251113B07,システム約定結果,落札量合計（TSO別）[MW],32,189.248,263.05,315.3,88,508.836,284.823,83,313.516,2077.773
20251113B07,システム約定結果,（内訳）自エリアからの落札量[MW],24,174.248,162.379,315.3,61,372.23,283.823,83,313.516,1789.496
20251113B07,追加調達結果,募集量（TSO別）[MW],-,-,-,-,-,-,-,-,-,-
20251113B07,追加調達結果,応札量合計（電源属地別）[MW],0,0,0,0,0,0,0,0,0,0
20251113B07,追加調達結果,約定量合計（電源属地別）[MW],0,0,0,0,0,0,0,0,0,0
20251113B07,追加調達結果,応札件数（電源属地別）[件],0,0,0,0,0,0,0,0,0,0
20251113B07,追加調達結果,約定件数（電源属地別）[件],0,0,0,0,0,0,0,0,0,0
20251113B07,追加調達結果,最高約定価格（電源属地別）[円/kW・30分],0,0,0,0,0,0,0,0,0,0
20251113B07,追加調達結果,最低約定価格（電源属地別）[円/kW・30分],0,0,0,0,0,0,0,0,0,0
20251113B07,追加調達結果,平均約定価格（電源属地別）[円/kW・30分],0,0,0,0,0,0,0,0,0,0
20251113B07,追加調達結果,最高約定価格（TSO別）[円/kW・30分],0,0,0,0,0,0,0,0,0,0
20251113B07,追加調達結果,最低約定価格（TSO別）[円/kW・30分],0,0,0,0,0,0,0,0,0,0
20251113B07,追加調達結果,平均約定価格（TSO別）[円/kW・30分],0,0,0,0,0,0,0,0,0,0
20251113B07,追加調達結果,約定量合計（TSO別）[MW],0,0,0,0,0,0,0,0,0,0
20251113B07,追加調達結果,（内訳）自エリアからの約定量[MW],0,0,0,0,0,0,0,0,0,0
20251113B07,合計（確報値）,募集量（TSO別）[MW],32,263,460,206,106,574,305,83,328,2357
20251113B07,合計（確報値）,応札量合計（電源属地別）[MW],240.75,274.919,871.601,703.882,106,657.151,658.918,122,646.516,4281.737
20251113B07,合計（確報値）,約定量合計（電源属地別）[MW],24,274.919,185.379,315.3,106,399.23,277.421,86.333,313.516,1982.098
20251113B07,合計（確報値）,応札件数（電源属地別）[件],4,4,27,11,1,7,16,8,15,93
20251113B07,合計（確報値）,約定件数（電源属地別）[件],2,4,23,9,1,7,13,6,14,79
20251113B07,合計（確報値）,最高約定価格（電源属地別）[円/kW・30分],11.43,19.51,19.51,19.51,3.3,19.49,19.49,2.11,19.51,19.51
20251113B07,合計（確報値）,最低約定価格（電源属地別）[円/kW・30分],7,1.7,0.69,0.36,3.3,1.39,0.36,0.36,1.09,0.36
20251113B07,合計（確報値）,平均約定価格（電源属地別）[円/kW・30分],8.85,3.21,4.93,0.83,3.3,3.96,1.7,0.62,2.79,2.83
20251113B07,合計（確報値）,最高約定価格（TSO別）[円/kW・30分],11.43,19.51,19.51,19.51,3.3,19.49,19.49,2.11,19.51,19.51
20251113B07,合計（確報値）,最低約定価格（TSO別）[円/kW・30分],0.69,0.69,0.73,0.36,3.24,0.36,0.36,0.36,1.09,0.36
20251113B07,合計（確報値）,平均約定価格（TSO別）[円/kW・30分],6.81,3.9,4.01,0.83,3.28,3.47,1.85,0.63,2.79,2.83
20251113B07,合計（確報値）,約定量合計（TSO別）[MW],32,189.248,263.05,315.3,88,508.836,189.148,83,313.516,1982.098
20251113B07,合計（確報値）,（内訳）自エリアからの約定量[MW],24,174.248,162.379,315.3,61,372.23,188.148,83,313.516,1693.821
20251113B08,システム約定結果,募集量（TSO別）[MW],39,138,442,230,105,462,197,88,298,1999
20251113B08,システム約定結果,応札量合計（電源属地別）[MW],280.64,274.919,988.696,531.3,105,869.915,437.551,118,663.407,4269.428
20251113B08,システム約定結果,落札量合計（電源属地別）[MW],44,274.919,336.752,444.3,105,529.145,184.712,91.799,157.407,2168.034
20251113B08,システム約定結果,応札件数（電源属地別）[件],7,4,23,8,1,8,9,6,11,77
20251113B08,システム約定結果,落札件数（電源属地別）[件],2,4,22,7,1,8,8,5,10,67
20251113B08,システム約定結果,最高落札価格（電源属地別）[円/kW・30分],12.4,19.51,19.51,19.51,1.31,19.49,19.51,6.86,19.51,19.51
20251113B08,システム約定結果,最低落札価格（電源属地別）[円/kW・30分],10,3.43,0.41,2.64,1.31,0.36,0.37,0.36,0.41,0.36
20251113B08,システム約定結果,平均落札価格（電源属地別）[円/kW・30分],11.04,4.79,3.73,2.97,1.31,3.06,3.14,1.39,1.99,3.3
20251113B08,システム約定結果,最高落札価格（TSO別）[円/kW・30分],12.4,19.51,19.51,19.51,1.31,19.49,19.51,6.86,19.51,19.51
20251113B08,システム約定結果,最低落札価格（TSO別）[円/kW・30分],10,3.43,0.41,2.64,1.31,0.36,0.37,0.36,0.36,0.36
20251113B08,システム約定結果,平均落札価格（TSO別）[円/kW・30分],11.04,4.79,3.73,2.97,1.31,3.14,3.21,1.43,2.05,3.3
20251113B08,システム約定結果,落札量合計（TSO別）[MW],44,274.919,336.752,444.3,105,477.014,172.642,88,225.407,2168.034
20251113B08,システム約定結果,（内訳）自エリアからの落札量[MW],44,274.919,336.752,444.3,105,473.215,172.642,88,157.407,2096.235
20251113B08,追加調達結果,募集量（TSO別）[MW],-,-,-,-,-,-,-,-,-,-
20251113B08,追加調達結果,応札量合計（電源属地別）[MW],0,0,0,0,0,0,0,0,0,0
20251113B08,追加調達結果,約定量合計（電源属地別）[MW],0,0,0,0,0,0,0,0,0,0
20251113B08,追加調達結果,応札件数（電源属地別）[件],0,0,0,0,0,0,0,0,0,0
20251113B08,追加調達結果,約定件数（電源属地別）[件],0,0,0,0,0,0,0,0,0,0
20251113B08,追加調達結果,最高約定価格（電源属地別）[円/kW・30分],0,0,0,0,0,0,0,0,0,0
20251113B08,追加調達結果,最低約定価格（電源属地別）[円/kW・30分],0,0,0,0,0,0,0,0,0,0
20251113B08,追加調達結果,平均約定価格（電源属地別）[円/kW・30分],0,0,0,0,0,0,0,0,0,0
20251113B08,追加調達結果,最高約定価格（TSO別）[円/kW・30分],0,0,0,0,0,0,0,0,0,0
20251113B08,追加調達結果,最低約定価格（TSO別）[円/kW・30分],0,0,0,0,0,0,0,0,0,0
20251113B08,追加調達結果,平均約定価格（TSO別）[円/kW・30分],0,0,0,0,0,0,0,0,0,0
20251113B08,追加調達結果,約定量合計（TSO別）[MW],0,0,0,0,0,0,0,0,0,0
20251113B08,追加調達結果,（内訳）自エリアからの約定量[MW],0,0,0,0,0,0,0,0,0,0
20251113B08,合計（確報値）,募集量（TSO別）[MW],39,138,442,230,105,462,197,88,298,1999
20251113B08,合計（確報値）,応札量合計（電源属地別）[MW],280.64,274.919,988.696,967.882,105,869.915,453.438,118,664.757,4723.247
20251113B08,合計（確報値）,約定量合計（電源属地別）[MW],44,274.919,336.752,444.3,105,529.145,89.037,91.799,156.957,2071.909
20251113B08,合計（確報値）,応札件数（電源属地別）[件],7,4,23,17,1,8,13,6,12,91
20251113B08,合計（確報値）,約定件数（電源属地別）[件],2,4,22,13,1,8,10,5,10,75
20251113B08,合計（確報値）,最高約定価格（電源属地別）[円/kW・30分],12.4,19.51,19.51,19.51,1.31,19.49,19.49,6.86,19.51,19.51
20251113B08,合計（確報値）,最低約定価格（電源属地別）[円/kW・30分],10,3.43,0.41,0.36,1.31,0.36,0.36,0.36,0.41,0.36
20251113B08,合計（確報値）,平均約定価格（電源属地別）[円/kW・30分],11.04,4.79,3.73,0.69,1.31,3.06,1.61,1.39,1.94,2.75
20251113B08,合計（確報値）,最高約定価格（TSO別）[円/kW・30分],12.4,19.51,19.51,19.51,1.31,19.49,19.49,6.86,19.51,19.51
20251113B08,合計（確報値）,最低約定価格（TSO別）[円/kW・30分],10,3.43,0.41,0.36,1.31,0.36,0.37,0.36,0.36,0.36
20251113B08,合計（確報値）,平均約定価格（TSO別）[円/kW・30分],11.04,4.79,3.73,0.69,1.31,3.14,1.61,1.43,2.01,2.75
20251113B08,合計（確報値）,約定量合計（TSO別）[MW],44,274.919,336.752,444.3,105,477.014,88.967,88,212.957,2071.909
20251113B08,合計（確報値）,（内訳）自エリアからの約定量[MW],44,274.919,336.752,444.3,105,473.215,88.967,88,156.957,2012.11
20251114B01,システム約定結果,募集量（TSO別）[MW],55,163,340,41,86,281,189,95,198,1448
20251114B01,システム約定結果,応札量合計（電源属地別）[MW],228.74,260.419,516.848,703.78,86,869.915,391.381,86,661.607,3804.69
20251114B01,システム約定結果,落札量合計（電源属地別）[MW],13.75,260.419,312.685,688.742,86,346.424,169.099,86,61.607,2024.726
20251114B01,システム約定結果,応札件数（電源属地別）[件],4,3,14,14,1,8,7,5,10,66
20251114B01,システム約定結果,落札件数（電源属地別）[件],2,3,13,14,1,8,6,5,8,60
20251114B01,システム約定結果,最高落札価格（電源属地別）[円/kW・30分],13.47,19.51,19.51,19.51,0.62,19.49,1.94,6.87,19.51,19.51
20251114B01,システム約定結果,最低落札価格（電源属地別）[円/kW・30分],12,3.71,0.36,2.02,0.62,0.36,0.36,0.36,0.36,0.36
20251114B01,システム約定結果,平均落札価格（電源属地別）[円/kW・30分],13.07,4.24,2.93,2.59,0.62,4.41,1.35,1.85,3.35,3.04
20251114B01,システム約定結果,最高落札価格（TSO別）[円/kW・30分],13.47,19.51,19.51,2.99,2.53,19.51,2.12,6.87,19.51,19.51
20251114B01,システム約定結果,最低落札価格（TSO別）[円/kW・30分],3.71,3.71,0.36,2.09,0.62,0.36,0.36,0.36,0.36,0.36
20251114B01,システム約定結果,平均落札価格（TSO別）[円/kW・30分],6.05,4.34,2.93,2.62,1.26,4.36,1.43,1.85,2.23,3.04
20251114B01,システム約定結果,落札量合計（TSO別）[MW],55,219.169,312.685,435.776,142,426.68,189.06,86,158.356,2024.726
20251114B01,システム約定結果,（内訳）自エリアからの落札量[MW],13.75,219.169,312.685,435.776,86,271.593,169.099,86,61.607,1655.679
20251114B01,追加調達結果,募集量（TSO別）[MW],-,-,-,-,-,-,-,-,-,-
20251114B01,追加調達結果,応札量合計（電源属地別）[MW],0,0,0,0,0,0,0,0,0,0
20251114B01,追加調達結果,約定量合計（電源属地別）[MW],0,0,0,0,0,0,0,0,0,0
20251114B01,追加調達結果,応札件数（電源属地別）[件],0,0,0,0,0,0,0,0,0,0
20251114B01,追加調達結果,約定件数（電源属地別）[件],0,0,0,0,0,0,0,0,0,0
20251114B01,追加調達結果,最高約定価格（電源属地別）[円/kW・30分],0,0,0,0,0,0,0,0,0,0
20251114B01,追加調達結果,最低約定価格（電源属地別）[円/kW・30分],0,0,0,0,0,0,0,0,0,0
20251114B01,追加調達結果,平均約定価格（電源属地別）[円/kW・30分],0,0,0,0,0,0,0,0,0,0
20251114B01,追加調達結果,最高約定価格（TSO別）[円/kW・30分],0,0,0,0,0,0,0,0,0,0
20251114B01,追加調達結果,最低約定価格（TSO別）[円/kW・30分],0,0,0,0,0,0,0,0,0,0
20251114B01,追加調達結果,平均約定価格（TSO別）[円/kW・30分],0,0,0,0,0,0,0,0,0,0
20251114B01,追加調達結果,約定量合計（TSO別）[MW],0,0,0,0,0,0,0,0,0,0
20251114B01,追加調達結果,（内訳）自エリアからの約定量[MW],0,0,0,0,0,0,0,0,0,0
20251114B01,合計（確報値）,募集量（TSO別）[MW],55,163,340,41,86,281,189,95,198,1448
20251114B01,合計（確報値）,応札量合計（電源属地別）[MW],228.74,260.419,516.848,1188.78,86,869.915,407.258,86,661.607,4305.567
20251114B01,合計（確報値）,約定量合計（電源属地別）[MW],13.75,260.419,312.685,688.742,86,346.424,87.227,86,61.607,1942.854
20251114B01,合計（確報値）,応札件数（電源属地別）[件],4,3,14,35,1,8,9,5,10,89
20251114B01,合計（確報値）,約定件数（電源属地別）[件],2,3,13,29,1,8,7,5,8,76
20251114B01,合計（確報値）,最高約定価格（電源属地別）[円/kW・30分],13.47,19.51,19.51,19.51,0.62,19.49,1.94,6.87,19.51,19.51
20251114B01,合計（確報値）,最低約定価格（電源属地別）[円/kW・30分],12,3.71,0.36,0.36,0.62,0.36,0.36,0.36,0.36,0.36
20251114B01,合計（確報値）,平均約定価格（電源属地別）[円/kW・30分],13.07,4.24,2.93,0.99,0.62,4.41,1.15,1.85,3.35,2.54
20251114B01,合計（確報値）,最高約定価格（TSO別）[円/kW・30分],13.47,19.51,19.51,2.4,2.4,19.51,2.12,6.87,19.51,19.51
20251114B01,合計（確報値）,最低約定価格（TSO別）[円/kW・30分],3.71,3.71,0.36,0.36,0.36,0.36,0.36,0.36,0.36,0.36
20251114B01,合計（確報値）,平均約定価格（TSO別）[円/kW・30分],6.05,4.34,2.93,0.6,0.98,4.02,1.33,1.85,1.96,2.54
20251114B01,合計（確報値）,約定量合計（TSO別）[MW],55,219.169,312.685,435.776,142,426.68,107.188,86,158.356,1942.854
20251114B01,合計（確報値）,（内訳）自エリアからの約定量[MW],13.75,219.169,312.685,435.776,86,271.593,87.227,86,61.607,1573.807
20251114B02,システム約定結果,募集量（TSO別）[MW],28,333,335,158,92,380,189,99,300,1914
20251114B02,システム約定結果,応札量合計（電源属地別）[MW],246.45,444.919,860.398,473.718,92,869.915,393.181,129,624.607,4134.188
20251114B02,システム約定結果,落札量合計（電源属地別）[MW],14,444.919,442.171,473.718,92,362.915,170.899,104.733,190.607,2295.962
20251114B02,システム約定結果,応札件数（電源属地別）[件],5,5,22,10,1,8,8,6,10,75
20251114B02,システム約定結果,落札件数（電源属地別）[件],2,5,21,10,1,8,7,5,9,68
20251114B02,システム約定結果,最高落札価格（電源属地別）[円/kW・30分],13.28,19.51,19.51,19.51,1.89,19.49,19.49,6.52,19.51,19.51
20251114B02,システム約定結果,最低落札価格（電源属地別）[円/kW・30分],5,2.02,0.36,1.91,1.89,0.36,0.44,0.36,0.4,0.36
20251114B02,システム約定結果,平均落札価格（電源属地別）[円/kW・30分],11.06,3.85,3.09,3.07,1.89,4.07,2.05,1.31,1.59,3.11
20251114B02,システム約定結果,最高落札価格（TSO別）[円/kW・30分],13.28,19.51,19.51,19.51,1.89,19.49,19.49,6.52,19.51,19.51
20251114B02,システム約定結果,最低落札価格（TSO別）[円/kW・30分],2.02,2.02,0.36,1.91,1.89,0.36,0.44,0.36,0.4,0.36
20251114B02,システム約定結果,平均落札価格（TSO別）[円/kW・30分],6.54,3.91,3.09,3.07,1.89,3.93,2.05,1.2,1.82,3.11
20251114B02,システム約定結果,落札量合計（TSO別）[MW],28,430.919,442.171,387.478,80,421.948,170.839,99,235.607,2295.962
20251114B02,システム約定結果,（内訳）自エリアからの落札量[MW],14,430.919,442.171,387.478,80,362.915,170.839,99,190.607,2177.929
20251114B02,追加調達結果,募集量（TSO別）[MW],-,-,-,-,-,-,-,-,-,-
20251114B02,追加調達結果,応札量合計（電源属地別）[MW],0,0,0,0,0,0,0,0,0,0
20251114B02,追加調達結果,約定量合計（電源属地別）[MW],0,0,0,0,0,0,0,0,0,0
20251114B02,追加調達結果,応札件数（電源属地別）[件],0,0,0,0,0,0,0,0,0,0
20251114B02,追加調達結果,約定件数（電源属地別）[件],0,0,0,0,0,0,0,0,0,0
20251114B02,追加調達結果,最高約定価格（電源属地別）[円/kW・30分],0,0,0,0,0,0,0,0,0,0
20251114B02,追加調達結果,最低約定価格（電源属地別）[円/kW・30分],0,0,0,0,0,0,0,0,0,0
20251114B02,追加調達結果,平均約定価格（電源属地別）[円/kW・30分],0,0,0,0,0,0,0,0,0,0
20251114B02,追加調達結果,最高約定価格（TSO別）[円/kW・30分],0,0,0,0,0,0,0,0,0,0
20251114B02,追加調達結果,最低約定価格（TSO別）[円/kW・30分],0,0,0,0,0,0,0,0,0,0
20251114B02,追加調達結果,平均約定価格（TSO別）[円/kW・30分],0,0,0,0,0,0,0,0,0,0
20251114B02,追加調達結果,約定量合計（TSO別）[MW],0,0,0,0,0,0,0,0,0,0
20251114B02,追加調達結果,（内訳）自エリアからの約定量[MW],0,0,0,0,0,0,0,0,0,0
20251114B02,合計（確報値）,募集量（TSO別）[MW],28,333,335,158,92,380,189,99,300,1914
20251114B02,合計（確報値）,応札量合計（電源属地別）[MW],246.45,444.919,860.398,917.718,92,869.915,409.058,129,624.607,4594.065
20251114B02,合計（確報値）,約定量合計（電源属地別）[MW],14,444.919,442.171,473.718,92,362.915,89.027,104.733,190.607,2214.09
20251114B02,合計（確報値）,応札件数（電源属地別）[件],5,5,22,22,1,8,10,6,10,89
20251114B02,合計（確報値）,約定件数（電源属地別）[件],2,5,21,17,1,8,8,5,9,76
20251114B02,合計（確報値）,最高約定価格（電源属地別）[円/kW・30分],13.28,19.51,19.51,19.51,1.89,19.49,19.49,6.52,19.51,19.51
20251114B02,合計（確報値）,最低約定価格（電源属地別）[円/kW・30分],5,2.02,0.36,0.36,1.89,0.36,0.36,0.36,0.4,0.36
20251114B02,合計（確報値）,平均約定価格（電源属地別）[円/kW・30分],11.06,3.85,3.09,0.74,1.89,4.07,1.67,1.31,1.59,2.63
20251114B02,合計（確報値）,最高約定価格（TSO別）[円/kW・30分],13.28,19.51,19.51,19.51,1.89,19.49,19.49,6.52,19.51,19.51
20251114B02,合計（確報値）,最低約定価格（TSO別）[円/kW・30分],2.02,2.02,0.36,0.36,1.89,0.36,0.44,0.36,0.36,0.36
20251114B02,合計（確報値）,平均約定価格（TSO別）[円/kW・30分],6.54,3.91,3.09,0.83,1.89,3.59,1.67,1.2,1.43,2.63
20251114B02,合計（確報値）,約定量合計（TSO別）[MW],28,430.919,442.171,387.478,80,421.948,88.967,99,235.607,2214.09
20251114B02,合計（確報値）,（内訳）自エリアからの約定量[MW],14,430.919,442.171,387.478,80,362.915,88.967,99,190.607,2096.057
20251114B03,システム約定結果,募集量（TSO別）[MW],134,932,481,400,127,605,284,174,427,3564
20251114B03,システム約定結果,応札量合計（電源属地別）[MW],238.74,784.919,678.174,336.858,127,823.203,393.181,133,279.531,3794.606
20251114B03,システム約定結果,落札量合計（電源属地別）[MW],15,784.919,347.45,336.858,127,823.203,212.555,133,275.119,3055.104
20251114B03,システム約定結果,応札件数（電源属地別）[件],5,7,22,6,2,7,8,4,9,70
20251114B03,システム約定結果,落札件数（電源属地別）[件],1,7,17,6,2,7,7,4,9,60
20251114B03,システム約定結果,最高落札価格（電源属地別）[円/kW・30分],13.47,19.51,19.51,19.51,2.22,19.51,19.51,6.37,19.51,19.51
20251114B03,システム約定結果,最低落札価格（電源属地別）[円/kW・30分],13.47,1.98,2.26,3.57,2.17,0.41,0.55,0.36,0.52,0.36
20251114B03,システム約定結果,平均落札価格（電源属地別）[円/kW・30分],13.47,3.42,3.98,3.98,2.19,1.95,1.95,1.85,1.33,2.79
20251114B03,システム約定結果,最高落札価格（TSO別）[円/kW・30分],13.47,19.51,19.51,19.51,3.76,19.51,19.51,6.37,19.51,19.51
20251114B03,システム約定結果,最低落札価格（TSO別）[円/kW・30分],2.26,0.41,2.71,0.41,2.17,0.41,0.52,0.36,0.41,0.36
20251114B03,システム約定結果,平均落札価格（TSO別）[円/kW・30分],4.49,3,6.07,3.15,2.8,2.52,2.05,1.85,1.16,2.79
20251114B03,システム約定結果,落札量合計（TSO別）[MW],134,988.919,132.554,393.057,127,551.204,256.839,133,338.531,3055.104
20251114B03,システム約定結果,（内訳）自エリアからの落札量[MW],15,684.919,107.223,268.527,74,551.204,212.555,133,275.119,2321.547
20251114B03,追加調達結果,募集量（TSO別）[MW],-,-,-,-,-,-,-,-,-,-
20251114B03,追加調達結果,応札量合計（電源属地別）[MW],0,0,0,0,0,0,0,0,0,0
20251114B03,追加調達結果,約定量合計（電源属地別）[MW],0,0,0,0,0,0,0,0,0,0
20251114B03,追加調達結果,応札件数（電源属地別）[件],0,0,0,0,0,0,0,0,0,0
20251114B03,追加調達結果,約定件数（電源属地別）[件],0,0,0,0,0,0,0,0,0,0
20251114B03,追加調達結果,最高約定価格（電源属地別）[円/kW・30分],0,0,0,0,0,0,0,0,0,0
20251114B03,追加調達結果,最低約定価格（電源属地別）[円/kW・30分],0,0,0,0,0,0,0,0,0,0
20251114B03,追加調達結果,平均約定価格（電源属地別）[円/kW・30分],0,0,0,0,0,0,0,0,0,0
20251114B03,追加調達結果,最高約定価格（TSO別）[円/kW・30分],0,0,0,0,0,0,0,0,0,0
20251114B03,追加調達結果,最低約定価格（TSO別）[円/kW・30分],0,0,0,0,0,0,0,0,0,0
20251114B03,追加調達結果,平均約定価格（TSO別）[円/kW・30分],0,0,0,0,0,0,0,0,0,0
20251114B03,追加調達結果,約定量合計（TSO別）[MW],0,0,0,0,0,0,0,0,0,0
20251114B03,追加調達結果,（内訳）自エリアからの約定量[MW],0,0,0,0,0,0,0,0,0,0
20251114B03,合計（確報値）,募集量（TSO別）[MW],134,932,481,400,127,605,284,174,427,3564
20251114B03,合計（確報値）,応札量合計（電源属地別）[MW],238.74,784.919,678.174,667.858,127,823.203,409.058,133,279.531,4141.483
20251114B03,合計（確報値）,約定量合計（電源属地別）[MW],15,784.919,347.45,336.858,127,823.203,130.683,133,275.119,2973.232
20251114B03,合計（確報値）,応札件数（電源属地別）[件],5,7,22,20,2,7,10,4,9,86
20251114B03,合計（確報値）,約定件数（電源属地別）[件],1,7,17,17,2,7,8,4,9,72
20251114B03,合計（確報値）,最高約定価格（電源属地別）[円/kW・30分],13.47,19.51,19.51,19.51,2.22,19.51,19.51,6.37,19.51,19.51
20251114B03,合計（確報値）,最低約定価格（電源属地別）[円/kW・30分],13.47,1.98,2.26,0.36,2.17,0.41,0.36,0.36,0.52,0.36
20251114B03,合計（確報値）,平均約定価格（電源属地別）[円/kW・30分],13.47,3.42,3.98,0.69,2.19,1.95,1.38,1.85,1.33,2.41
20251114B03,合計（確報値）,最高約定価格（TSO別）[円/kW・30分],13.47,19.51,19.51,19.51,2.22,19.51,19.51,6.37,19.51,19.51
20251114B03,合計（確報値）,最低約定価格（TSO別）[円/kW・30分],2.26,0.41,0.36,0.36,0.36,0.41,0.36,0.36,0.41,0.36
20251114B03,合計（確報値）,平均約定価格（TSO別）[円/kW・30分],4.49,3,5.67,0.91,1.43,2.52,1.66,1.85,1.16,2.41
20251114B03,合計（確報値）,約定量合計（TSO別）[MW],134,988.919,132.554,393.057,127,551.204,174.967,133,338.531,2973.232
20251114B03,合計（確報値）,（内訳）自エリアからの約定量[MW],15,684.919,107.223,268.527,74,551.204,130.683,133,275.119,2239.675
20251114B04,システム約定結果,募集量（TSO別）[MW],116,222,490,264,194,869,486,219,604,3464
20251114B04,システム約定結果,応札量合計（電源属地別）[MW],448.64,264.5,632.493,7.718,194,975.7,153.787,181,676.88,3534.718
20251114B04,システム約定結果,落札量合計（電源属地別）[MW],31,264.5,530.917,7.718,194,972.7,153.787,181,609.663,2945.285
20251114B04,システム約定結果,応札件数（電源属地別）[件],6,2,30,4,2,6,5,4,14,73
20251114B04,システム約定結果,落札件数（電源属地別）[件],2,2,29,4,2,5,5,4,12,65
20251114B04,システム約定結果,最高落札価格（電源属地別）[円/kW・30分],15.08,19.51,19.51,19.51,1.92,10.36,19.51,7.5,19.51,19.51
20251114B04,システム約定結果,最低落札価格（電源属地別）[円/kW・30分],14,4.28,0.37,19.47,1.88,0.36,0.43,0.36,0.36,0.36
20251114B04,システム約定結果,平均落札価格（電源属地別）[円/kW・30分],14.95,5.11,2.4,19.49,1.9,2.15,1.21,1,3.34,2.75
20251114B04,システム約定結果,最高落札価格（TSO別）[円/kW・30分],15.08,19.51,19.51,10.36,19.51,10.36,19.51,7.5,19.51,19.51
20251114B04,システム約定結果,最低落札価格（TSO別）[円/kW・30分],0.37,4.28,0.37,1.39,1.39,0.36,0.36,0.36,0.36,0.36
20251114B04,システム約定結果,平均落札価格（TSO別）[円/kW・30分],7.1,8.83,2.47,3.55,2.56,2.35,0.8,1,3.75,2.75
20251114B04,システム約定結果,落札量合計（TSO別）[MW],116,48.5,436.237,264,193.718,796,381,181,528.83,2945.285
20251114B04,システム約定結果,（内訳）自エリアからの落札量[MW],31,48.5,427.917,0,171,796,153.787,181,528.83,2338.034
20251114B04,追加調達結果,募集量（TSO別）[MW],-,-,-,-,-,-,-,-,-,-
20251114B04,追加調達結果,応札量合計（電源属地別）[MW],0,0,0,0,0,0,0,0,0,0
20251114B04,追加調達結果,約定量合計（電源属地別）[MW],0,0,0,0,0,0,0,0,0,0
20251114B04,追加調達結果,応札件数（電源属地別）[件],0,0,0,0,0,0,0,0,0,0
20251114B04,追加調達結果,約定件数（電源属地別）[件],0,0,0,0,0,0,0,0,0,0
20251114B04,追加調達結果,最高約定価格（電源属地別）[円/kW・30分],0,0,0,0,0,0,0,0,0,0
20251114B04,追加調達結果,最低約定価格（電源属地別）[円/kW・30分],0,0,0,0,0,0,0,0,0,0
20251114B04,追加調達結果,平均約定価格（電源属地別）[円/kW・30分],0,0,0,0,0,0,0,0,0,0
20251114B04,追加調達結果,最高約定価格（TSO別）[円/kW・30分],0,0,0,0,0,0,0,0,0,0
20251114B04,追加調達結果,最低約定価格（TSO別）[円/kW・30分],0,0,0,0,0,0,0,0,0,0
20251114B04,追加調達結果,平均約定価格（TSO別）[円/kW・30分],0,0,0,0,0,0,0,0,0,0
20251114B04,追加調達結果,約定量合計（TSO別）[MW],0,0,0,0,0,0,0,0,0,0
20251114B04,追加調達結果,（内訳）自エリアからの約定量[MW],0,0,0,0,0,0,0,0,0,0
20251114B04,合計（確報値）,募集量（TSO別）[MW],116,222,490,264,194,869,486,219,604,3464
20251114B04,合計（確報値）,応札量合計（電源属地別）[MW],448.64,264.5,632.493,7.718,194,975.7,153.787,181,1137.23,3995.068
20251114B04,合計（確報値）,約定量合計（電源属地別）[MW],31,264.5,529.917,7.718,194,972.7,153.787,181,609.213,2943.835
20251114B04,合計（確報値）,応札件数（電源属地別）[件],6,2,30,4,2,6,5,4,25,84
20251114B04,合計（確報値）,約定件数（電源属地別）[件],2,2,28,4,2,5,5,4,19,71
20251114B04,合計（確報値）,最高約定価格（電源属地別）[円/kW・30分],15.08,19.51,19.51,19.51,1.92,10.36,19.51,7.5,19.51,19.51
20251114B04,合計（確報値）,最低約定価格（電源属地別）[円/kW・30分],14,4.28,0.37,19.47,1.88,0.36,0.43,0.36,0.36,0.36
20251114B04,合計（確報値）,平均約定価格（電源属地別）[円/kW・30分],14.95,5.11,2.39,19.49,1.9,2.15,1.21,1,1.22,2.31
20251114B04,合計（確報値）,最高約定価格（TSO別）[円/kW・30分],15.08,19.51,19.51,10.36,19.51,10.36,19.51,7.5,19.51,19.51
20251114B04,合計（確報値）,最低約定価格（TSO別）[円/kW・30分],0.37,4.28,0.37,1.39,1.39,0.36,0.36,0.36,0.36,0.36
20251114B04,合計（確報値）,平均約定価格（TSO別）[円/kW・30分],7.1,8.83,2.46,3.55,2.56,2.35,0.8,1,1.31,2.31
20251114B04,合計（確報値）,約定量合計（TSO別）[MW],116,48.5,435.237,264,193.718,796,381,181,528.38,2943.835
20251114B04,合計（確報値）,（内訳）自エリアからの約定量[MW],31,48.5,426.917,0,171,796,153.787,181,528.38,2336.584
20251114B05,システム約定結果,募集量（TSO別）[MW],32,217,360,383,194,588,361,145,537,2817
20251114B05,システム約定結果,応札量合計（電源属地別）[MW],242.85,274.919,495.84,7.718,194,976.49,111.812,117,562.144,2982.773
20251114B05,システム約定結果,落札量合計（電源属地別）[MW],23,274.919,383.229,7.718,194,823.203,111.812,117,289.316,2224.197
20251114B05,システム約定結果,応札件数（電源属地別）[件],4,4,22,4,2,7,5,4,17,69
20251114B05,システム約定結果,落札件数（電源属地別）[件],1,4,21,4,2,7,5,4,15,63
20251114B05,システム約定結果,最高落札価格（電源属地別）[円/kW・30分],14.27,19.51,19.51,19.51,1.2,19.51,19.51,7.58,19.51,19.51
20251114B05,システム約定結果,最低落札価格（電源属地別）[円/kW・30分],14.27,4.16,0.37,19.47,1.15,0.36,0.36,0.36,0.36,0.36
20251114B05,システム約定結果,平均落札価格（電源属地別）[円/kW・30分],14.27,5.45,2.67,19.49,1.17,2.29,0.84,1.37,7.09,3.33
20251114B05,システム約定結果,最高落札価格（TSO別）[円/kW・30分],14.27,19.51,19.51,19.51,4.16,19.51,19.51,7.58,19.51,19.51
20251114B05,システム約定結果,最低落札価格（TSO別）[円/kW・30分],4.16,0.37,0.73,0.36,1.15,0.36,0.36,0.36,0.36,0.36
20251114B05,システム約定結果,平均落札価格（TSO別）[円/kW・30分],11.43,5.56,4.34,2.07,1.98,3.31,1.14,1.37,4.83,3.33
20251114B05,システム約定結果,落札量合計（TSO別）[MW],32,145.586,253.458,277.718,194,480.491,288.8,117,435.144,2224.197
20251114B05,システム約定結果,（内訳）自エリアからの落札量[MW],23,105.586,220.458,7.718,141.667,480.491,111.812,117,289.316,1497.048
20251114B05,追加調達結果,募集量（TSO別）[MW],-,-,-,-,-,-,-,-,-,-
20251114B05,追加調達結果,応札量合計（電源属地別）[MW],0,0,0,0,0,0,0,0,0,0
20251114B05,追加調達結果,約定量合計（電源属地別）[MW],0,0,0,0,0,0,0,0,0,0
20251114B05,追加調達結果,応札件数（電源属地別）[件],0,0,0,0,0,0,0,0,0,0
20251114B05,追加調達結果,約定件数（電源属地別）[件],0,0,0,0,0,0,0,0,0,0
20251114B05,追加調達結果,最高約定価格（電源属地別）[円/kW・30分],0,0,0,0,0,0,0,0,0,0
20251114B05,追加調達結果,最低約定価格（電源属地別）[円/kW・30分],0,0,0,0,0,0,0,0,0,0
20251114B05,追加調達結果,平均約定価格（電源属地別）[円/kW・30分],0,0,0,0,0,0,0,0,0,0
20251114B05,追加調達結果,最高約定価格（TSO別）[円/kW・30分],0,0,0,0,0,0,0,0,0,0
20251114B05,追加調達結果,最低約定価格（TSO別）[円/kW・30分],0,0,0,0,0,0,0,0,0,0
20251114B05,追加調達結果,平均約定価格（TSO別）[円/kW・30分],0,0,0,0,0,0,0,0,0,0
20251114B05,追加調達結果,約定量合計（TSO別）[MW],0,0,0,0,0,0,0,0,0,0
20251114B05,追加調達結果,（内訳）自エリアからの約定量[MW],0,0,0,0,0,0,0,0,0,0
20251114B05,合計（確報値）,募集量（TSO別）[MW],32,217,360,383,194,588,361,145,537,2817
20251114B05,合計（確報値）,応札量合計（電源属地別）[MW],242.85,274.919,495.84,7.718,194,976.49,111.812,117,833.666,3254.295
20251114B05,合計（確報値）,約定量合計（電源属地別）[MW],23,274.919,383.229,7.718,194,823.203,111.812,117,288.866,2223.747
20251114B05,合計（確報値）,応札件数（電源属地別）[件],4,4,22,4,2,7,5,4,25,77
20251114B05,合計（確報値）,約定件数（電源属地別）[件],1,4,21,4,2,7,5,4,18,66
20251114B05,合計（確報値）,最高約定価格（電源属地別）[円/kW・30分],14.27,19.51,19.51,19.51,1.2,19.51,19.51,7.58,19.51,19.51
20251114B05,合計（確報値）,最低約定価格（電源属地別）[円/kW・30分],14.27,4.16,0.37,19.47,1.15,0.36,0.36,0.36,0.36,0.36
20251114B05,合計（確報値）,平均約定価格（電源属地別）[円/kW・30分],14.27,5.45,2.67,19.49,1.17,2.29,0.84,1.37,2.51,2.74
20251114B05,合計（確報値）,最高約定価格（TSO別）[円/kW・30分],14.27,19.51,19.51,19.51,4.16,19.51,19.51,7.58,19.51,19.51
20251114B05,合計（確報値）,最低約定価格（TSO別）[円/kW・30分],4.16,0.37,0.73,0.36,1.15,0.36,0.36,0.36,0.36,0.36
20251114B05,合計（確報値）,平均約定価格（TSO別）[円/kW・30分],11.43,5.56,4.34,2.07,1.98,3.31,1.14,1.37,1.79,2.74
20251114B05,合計（確報値）,約定量合計（TSO別）[MW],32,145.586,253.458,277.718,194,480.491,288.8,117,434.694,2223.747
20251114B05,合計（確報値）,（内訳）自エリアからの約定量[MW],23,105.586,220.458,7.718,141.667,480.491,111.812,117,288.866,1496.598
20251114B06,システム約定結果,募集量（TSO別）[MW],36,732,527,402,120,692,340,179,549,3577
20251114B06,システム約定結果,応札量合計（電源属地別）[MW],271.64,784.919,696.981,541.848,120,177.105,418.76,134,323.844,3469.097
20251114B06,システム約定結果,落札量合計（電源属地別）[MW],36,784.919,299.957,322.496,120,177.105,418.76,134,323.844,2617.081
20251114B06,システム約定結果,応札件数（電源属地別）[件],7,7,26,6,1,5,10,4,13,79
20251114B06,システム約定結果,落札件数（電源属地別）[件],2,7,23,6,1,5,10,4,13,71
20251114B06,システム約定結果,最高落札価格（電源属地別）[円/kW・30分],11.72,19.51,19.51,19.51,2.84,19.51,19.51,6.95,19.51,19.51
20251114B06,システム約定結果,最低落札価格（電源属地別）[円/kW・30分],8,1.62,0.73,0.59,2.84,0.81,1.25,0.36,1.28,0.36
20251114B06,システム約定結果,平均落札価格（電源属地別）[円/kW・30分],10.07,3.08,3.87,2.61,2.84,6.32,4.02,1.13,2.41,3.39
20251114B06,システム約定結果,最高落札価格（TSO別）[円/kW・30分],11.72,19.51,19.51,19.51,2.84,19.51,19.51,6.95,19.51,19.51
20251114B06,システム約定結果,最低落札価格（TSO別）[円/kW・30分],8,1.62,0.73,0.59,0.59,0.49,1.25,0.36,1.25,0.36
20251114B06,システム約定結果,平均落札価格（TSO別）[円/kW・30分],10.07,3.23,3.19,2.92,2.53,4.6,5.17,1.22,2.44,3.39
20251114B06,システム約定結果,落札量合計（TSO別）[MW],36,755.697,420.957,237.718,113,294.809,244.8,117.615,396.485,2617.081
20251114B06,システム約定結果,（内訳）自エリアからの落札量[MW],36,647.697,99.957,94.07,68.352,177.105,244.8,117.615,323.844,1809.44
20251114B06,追加調達結果,募集量（TSO別）[MW],-,-,-,-,-,-,-,-,-,-
20251114B06,追加調達結果,応札量合計（電源属地別）[MW],0,0,0,0,0,0,0,0,0,0
20251114B06,追加調達結果,約定量合計（電源属地別）[MW],0,0,0,0,0,0,0,0,0,0
20251114B06,追加調達結果,応札件数（電源属地別）[件],0,0,0,0,0,0,0,0,0,0
20251114B06,追加調達結果,約定件数（電源属地別）[件],0,0,0,0,0,0,0,0,0,0
20251114B06,追加調達結果,最高約定価格（電源属地別）[円/kW・30分],0,0,0,0,0,0,0,0,0,0
20251114B06,追加調達結果,最低約定価格（電源属地別）[円/kW・30分],0,0,0,0,0,0,0,0,0,0
20251114B06,追加調達結果,平均約定価格（電源属地別）[円/kW・30分],0,0,0,0,0,0,0,0,0,0
20251114B06,追加調達結果,最高約定価格（TSO別）[円/kW・30分],0,0,0,0,0,0,0,0,0,0
20251114B06,追加調達結果,最低約定価格（TSO別）[円/kW・30分],0,0,0,0,0,0,0,0,0,0
20251114B06,追加調達結果,平均約定価格（TSO別）[円/kW・30分],0,0,0,0,0,0,0,0,0,0
20251114B06,追加調達結果,約定量合計（TSO別）[MW],0,0,0,0,0,0,0,0,0,0
20251114B06,追加調達結果,（内訳）自エリアからの約定量[MW],0,0,0,0,0,0,0,0,0,0
20251114B06,合計（確報値）,募集量（TSO別）[MW],36,732,527,402,120,692,340,179,549,3577
20251114B06,合計（確報値）,応札量合計（電源属地別）[MW],271.64,784.919,696.981,849.43,120,177.105,464.631,134,325.194,3823.9
20251114B06,合計（確報値）,約定量合計（電源属地別）[MW],36,784.919,299.957,322.496,120,177.105,321.021,134,323.394,2518.892
20251114B06,合計（確報値）,応札件数（電源属地別）[件],7,7,26,14,1,5,11,4,14,89
20251114B06,合計（確報値）,約定件数（電源属地別）[件],2,7,23,13,1,5,10,4,13,78
20251114B06,合計（確報値）,最高約定価格（電源属地別）[円/kW・30分],11.72,19.51,19.51,19.51,2.84,19.51,19.51,6.95,19.51,19.51
20251114B06,合計（確報値）,最低約定価格（電源属地別）[円/kW・30分],8,1.62,0.73,0.36,2.84,0.81,0.36,0.36,1.28,0.36
20251114B06,合計（確報値）,平均約定価格（電源属地別）[円/kW・30分],10.07,3.08,3.87,0.82,2.84,6.32,3.81,1.13,2.39,3.1
20251114B06,合計（確報値）,最高約定価格（TSO別）[円/kW・30分],11.72,19.51,19.51,19.51,2.84,19.51,19.51,6.95,19.51,19.51
20251114B06,合計（確報値）,最低約定価格（TSO別）[円/kW・30分],8,1.62,0.36,0.36,0.36,0.49,1.25,0.36,0.36,0.36
20251114B06,合計（確報値）,平均約定価格（TSO別）[円/kW・30分],10.07,3.23,2.37,2.26,1.87,4.87,5.63,1.22,2.08,3.1
20251114B06,合計（確報値）,約定量合計（TSO別）[MW],36,755.697,420.957,237.718,113,244.94,196.93,117.615,396.035,2518.892
20251114B06,合計（確報値）,（内訳）自エリアからの約定量[MW],36,647.697,99.957,94.07,68.352,177.105,196.93,117.615,323.394,1761.12
20251114B07,システム約定結果,募集量（TSO別）[MW],32,263,460,206,106,574,305,83,328,2357
20251114B07,システム約定結果,応札量合計（電源属地別）[MW],240.75,274.919,1072.246,406.3,106,976.49,489.295,122,651.216,4339.216
20251114B07,システム約定結果,落札量合計（電源属地別）[MW],24,274.919,421.135,325.3,106,329.203,341.342,86.333,261.199,2169.431
20251114B07,システム約定結果,応札件数（電源属地別）[件],4,4,32,7,1,7,10,8,13,86
20251114B07,システム約定結果,落札件数（電源属地別）[件],2,4,28,6,1,7,9,6,13,76
20251114B07,システム約定結果,最高落札価格（電源属地別）[円/kW・30分],11.43,19.51,19.51,19.51,3.35,19.49,19.51,2.11,19.51,19.51
20251114B07,システム約定結果,最低落札価格（電源属地別）[円/kW・30分],7,1.69,0.73,2.01,3.35,1.7,1.16,0.36,1.41,0.36
20251114B07,システム約定結果,平均落札価格（電源属地別）[円/kW・30分],8.85,3.2,4.55,2.47,3.35,4.58,2.66,0.62,3.11,3.43
20251114B07,システム約定結果,最高落札価格（TSO別）[円/kW・30分],11.43,19.51,19.51,19.51,3.35,19.49,19.51,2.11,19.51,19.51
20251114B07,システム約定結果,最低落札価格（TSO別）[円/kW・30分],4.05,1.69,0.73,2.01,3.35,1.16,0.36,0.36,1.16,0.36
20251114B07,システム約定結果,平均落札価格（TSO別）[円/kW・30分],7.65,3.25,4.58,2.89,3.35,3.6,3.11,0.62,2.78,3.43
20251114B07,システム約定結果,落札量合計（TSO別）[MW],32,289.919,398.135,168.444,88,527.917,265.8,83,316.216,2169.431
20251114B07,システム約定結果,（内訳）自エリアからの落札量[MW],24,274.919,398.135,168.444,88,323.617,256.881,83,261.199,1878.195
20251114B07,追加調達結果,募集量（TSO別）[MW],-,-,-,-,-,-,-,-,-,-
20251114B07,追加調達結果,応札量合計（電源属地別）[MW],0,0,0,0,0,0,0,0,0,0
20251114B07,追加調達結果,約定量合計（電源属地別）[MW],0,0,0,0,0,0,0,0,0,0
20251114B07,追加調達結果,応札件数（電源属地別）[件],0,0,0,0,0,0,0,0,0,0
20251114B07,追加調達結果,約定件数（電源属地別）[件],0,0,0,0,0,0,0,0,0,0
20251114B07,追加調達結果,最高約定価格（電源属地別）[円/kW・30分],0,0,0,0,0,0,0,0,0,0
20251114B07,追加調達結果,最低約定価格（電源属地別）[円/kW・30分],0,0,0,0,0,0,0,0,0,0
20251114B07,追加調達結果,平均約定価格（電源属地別）[円/kW・30分],0,0,0,0,0,0,0,0,0,0
20251114B07,追加調達結果,最高約定価格（TSO別）[円/kW・30分],0,0,0,0,0,0,0,0,0,0
20251114B07,追加調達結果,最低約定価格（TSO別）[円/kW・30分],0,0,0,0,0,0,0,0,0,0
20251114B07,追加調達結果,平均約定価格（TSO別）[円/kW・30分],0,0,0,0,0,0,0,0,0,0
20251114B07,追加調達結果,約定量合計（TSO別）[MW],0,0,0,0,0,0,0,0,0,0
20251114B07,追加調達結果,（内訳）自エリアからの約定量[MW],0,0,0,0,0,0,0,0,0,0
20251114B07,合計（確報値）,募集量（TSO別）[MW],32,263,460,206,106,574,305,83,328,2357
20251114B07,合計（確報値）,応札量合計（電源属地別）[MW],240.75,274.919,1072.246,713.882,106,1024.375,536.906,122,651.216,4742.294
20251114B07,合計（確報値）,約定量合計（電源属地別）[MW],24,274.919,421.135,325.3,106,299.375,291.204,86.333,261.199,2089.465
20251114B07,合計（確報値）,応札件数（電源属地別）[件],4,4,32,13,1,10,12,8,13,97
20251114B07,合計（確報値）,約定件数（電源属地別）[件],2,4,28,11,1,9,10,6,13,84
20251114B07,合計（確報値）,最高約定価格（電源属地別）[円/kW・30分],11.43,19.51,19.51,19.51,3.35,19.49,19.51,2.11,19.51,19.51
20251114B07,合計（確報値）,最低約定価格（電源属地別）[円/kW・30分],7,1.69,0.73,0.36,3.35,1.43,1.16,0.36,1.41,0.36
20251114B07,合計（確報値）,平均約定価格（電源属地別）[円/kW・30分],8.85,3.2,4.55,0.91,3.35,4.41,2.28,0.62,3.11,3.11
20251114B07,合計（確報値）,最高約定価格（TSO別）[円/kW・30分],11.43,19.51,19.51,19.51,3.35,19.49,19.51,2.11,19.51,19.51
20251114B07,合計（確報値）,最低約定価格（TSO別）[円/kW・30分],4.05,1.69,0.73,0.36,3.35,0.36,0.36,0.36,1.16,0.36
20251114B07,合計（確報値）,平均約定価格（TSO別）[円/kW・30分],7.65,3.25,4.58,1.42,3.35,2.92,2.7,0.62,2.78,3.11
20251114B07,合計（確報値）,約定量合計（TSO別）[MW],32,289.919,398.135,168.444,88,503.675,210.076,83,316.216,2089.465
20251114B07,合計（確報値）,（内訳）自エリアからの約定量[MW],24,274.919,398.135,168.444,88,299.375,206.743,83,261.199,1803.815
20251114B08,システム約定結果,募集量（TSO別）[MW],39,138,442,230,105,462,197,88,298,1999
20251114B08,システム約定結果,応札量合計（電源属地別）[MW],280.64,274.919,1738.164,623.3,105,869.915,370.327,118,515.107,4895.372
20251114B08,システム約定結果,落札量合計（電源属地別）[MW],44,274.919,468.291,536.3,105,475.327,206.796,91.799,156.107,2358.539
20251114B08,システム約定結果,応札件数（電源属地別）[件],7,4,28,8,1,8,7,6,9,78
20251114B08,システム約定結果,落札件数（電源属地別）[件],2,4,24,7,1,8,6,5,9,66
20251114B08,システム約定結果,最高落札価格（電源属地別）[円/kW・30分],12.4,19.51,19.51,19.51,1.36,19.49,19.51,6.85,19.51,19.51
20251114B08,システム約定結果,最低落札価格（電源属地別）[円/kW・30分],10,3.31,0.48,1.74,1.36,0.36,0.36,0.36,0.41,0.36
20251114B08,システム約定結果,平均落札価格（電源属地別）[円/kW・30分],11.04,4.68,3.55,2.86,1.36,3.36,2.54,1.39,1.85,3.24
20251114B08,システム約定結果,最高落札価格（TSO別）[円/kW・30分],12.4,19.51,19.51,19.51,1.36,19.49,19.51,6.85,19.51,19.51
20251114B08,システム約定結果,最低落札価格（TSO別）[円/kW・30分],10,3.31,0.48,1.74,1.36,0.36,0.36,0.36,0.36,0.36
20251114B08,システム約定結果,平均落札価格（TSO別）[円/kW・30分],11.04,4.68,3.55,2.86,1.36,3.32,3.43,1.42,1.56,3.24
20251114B08,システム約定結果,落札量合計（TSO別）[MW],44,274.919,468.291,536.3,105,477.014,140.908,88,224.107,2358.539
20251114B08,システム約定結果,（内訳）自エリアからの落札量[MW],44,274.919,468.291,536.3,105,473.215,140.908,88,156.107,2286.74
20251114B08,追加調達結果,募集量（TSO別）[MW],-,-,-,-,-,-,-,-,-,-
20251114B08,追加調達結果,応札量合計（電源属地別）[MW],0,0,0,0,0,0,0,0,0,0
20251114B08,追加調達結果,約定量合計（電源属地別）[MW],0,0,0,0,0,0,0,0,0,0
20251114B08,追加調達結果,応札件数（電源属地別）[件],0,0,0,0,0,0,0,0,0,0
20251114B08,追加調達結果,約定件数（電源属地別）[件],0,0,0,0,0,0,0,0,0,0
20251114B08,追加調達結果,最高約定価格（電源属地別）[円/kW・30分],0,0,0,0,0,0,0,0,0,0
20251114B08,追加調達結果,最低約定価格（電源属地別）[円/kW・30分],0,0,0,0,0,0,0,0,0,0
20251114B08,追加調達結果,平均約定価格（電源属地別）[円/kW・30分],0,0,0,0,0,0,0,0,0,0
20251114B08,追加調達結果,最高約定価格（TSO別）[円/kW・30分],0,0,0,0,0,0,0,0,0,0
20251114B08,追加調達結果,最低約定価格（TSO別）[円/kW・30分],0,0,0,0,0,0,0,0,0,0
20251114B08,追加調達結果,平均約定価格（TSO別）[円/kW・30分],0,0,0,0,0,0,0,0,0,0
20251114B08,追加調達結果,約定量合計（TSO別）[MW],0,0,0,0,0,0,0,0,0,0
20251114B08,追加調達結果,（内訳）自エリアからの約定量[MW],0,0,0,0,0,0,0,0,0,0
20251114B08,合計（確報値）,募集量（TSO別）[MW],39,138,442,230,105,462,197,88,298,1999
20251114B08,合計（確報値）,応札量合計（電源属地別）[MW],280.64,274.919,1738.164,930.882,105,917.8,383.064,118,516.457,5264.926
20251114B08,合計（確報値）,約定量合計（電源属地別）[MW],44,274.919,468.291,536.3,105,446.212,121.784,91.799,155.657,2243.962
20251114B08,合計（確報値）,応札件数（電源属地別）[件],7,4,28,14,1,12,9,6,10,91
20251114B08,合計（確報値）,約定件数（電源属地別）[件],2,4,24,12,1,11,7,5,9,75
20251114B08,合計（確報値）,最高約定価格（電源属地別）[円/kW・30分],12.4,19.51,19.51,19.51,1.36,19.49,19.51,6.85,19.51,19.51
20251114B08,合計（確報値）,最低約定価格（電源属地別）[円/kW・30分],10,3.31,0.48,0.36,1.36,0.36,0.36,0.36,0.41,0.36
20251114B08,合計（確報値）,平均約定価格（電源属地別）[円/kW・30分],11.04,4.68,3.55,2.07,1.36,3.35,2.82,1.39,1.8,3.09
20251114B08,合計（確報値）,最高約定価格（TSO別）[円/kW・30分],12.4,19.51,19.51,19.51,1.36,19.49,19.51,6.85,19.51,19.51
20251114B08,合計（確報値）,最低約定価格（TSO別）[円/kW・30分],10,3.31,0.48,0.36,1.36,0.36,0.36,0.36,0.36,0.36
20251114B08,合計（確報値）,平均約定価格（TSO別）[円/kW・30分],11.04,4.68,3.55,2.07,1.36,3.3,4.76,1.42,1.5,3.09
20251114B08,合計（確報値）,約定量合計（TSO別）[MW],44,274.919,468.291,536.3,105,447.899,67.896,88,211.657,2243.962
20251114B08,合計（確報値）,（内訳）自エリアからの約定量[MW],44,274.919,468.291,536.3,105,444.1,67.896,88,155.657,2184.163
20251115B01,システム約定結果,募集量（TSO別）[MW],55,163,340,41,86,281,189,95,198,1448
20251115B01,システム約定結果,応札量合計（電源属地別）[MW],231.74,260.419,992.33,113.86,86,865.215,180.547,71,659.917,3461.028
20251115B01,システム約定結果,落札量合計（電源属地別）[MW],13,260.419,380.577,105.925,86,353.715,135.913,71,59.917,1466.466
20251115B01,システム約定結果,応札件数（電源属地別）[件],6,3,21,4,1,8,4,4,9,60
20251115B01,システム約定結果,落札件数（電源属地別）[件],1,3,19,4,1,8,4,4,7,51
20251115B01,システム約定結果,最高落札価格（電源属地別）[円/kW・30分],12.41,19.51,19.51,19.49,0.35,19.49,2.01,4.78,19.51,19.51
20251115B01,システム約定結果,最低落札価格（電源属地別）[円/kW・30分],12.41,3.57,1.86,2.15,0.35,0.36,0.36,0.36,0.36,0.35
20251115B01,システム約定結果,平均落札価格（電源属地別）[円/kW・30分],12.41,4.1,2.65,2.67,0.35,4.24,1.23,1.32,3.14,3.07
20251115B01,システム約定結果,最高落札価格（TSO別）[円/kW・30分],12.41,19.51,19.51,2.46,19.49,19.49,2.01,4.78,19.51,19.51
20251115B01,システム約定結果,最低落札価格（TSO別）[円/kW・30分],3.57,3.57,1.86,2.15,0.35,0.36,0.36,0.36,0.36,0.35
20251115B01,システム約定結果,平均落札価格（TSO別）[円/kW・30分],5.66,4.2,2.65,2.41,1.33,4.24,1.23,1.32,3.14,3.07
20251115B01,システム約定結果,落札量合計（TSO別）[MW],55,218.419,380.577,53.191,138.734,353.715,135.913,71,59.917,1466.466
20251115B01,システム約定結果,（内訳）自エリアからの落札量[MW],13,218.419,380.577,53.191,86,353.715,135.913,71,59.917,1371.732
20251115B01,追加調達結果,募集量（TSO別）[MW],-,-,-,-,-,-,-,-,-,-
20251115B01,追加調達結果,応札量合計（電源属地別）[MW],0,0,0,0,0,0,0,0,0,0
20251115B01,追加調達結果,約定量合計（電源属地別）[MW],0,0,0,0,0,0,0,0,0,0
20251115B01,追加調達結果,応札件数（電源属地別）[件],0,0,0,0,0,0,0,0,0,0
20251115B01,追加調達結果,約定件数（電源属地別）[件],0,0,0,0,0,0,0,0,0,0
20251115B01,追加調達結果,最高約定価格（電源属地別）[円/kW・30分],0,0,0,0,0,0,0,0,0,0
20251115B01,追加調達結果,最低約定価格（電源属地別）[円/kW・30分],0,0,0,0,0,0,0,0,0,0
20251115B01,追加調達結果,平均約定価格（電源属地別）[円/kW・30分],0,0,0,0,0,0,0,0,0,0
20251115B01,追加調達結果,最高約定価格（TSO別）[円/kW・30分],0,0,0,0,0,0,0,0,0,0
20251115B01,追加調達結果,最低約定価格（TSO別）[円/kW・30分],0,0,0,0,0,0,0,0,0,0
20251115B01,追加調達結果,平均約定価格（TSO別）[円/kW・30分],0,0,0,0,0,0,0,0,0,0
20251115B01,追加調達結果,約定量合計（TSO別）[MW],0,0,0,0,0,0,0,0,0,0
20251115B01,追加調達結果,（内訳）自エリアからの約定量[MW],0,0,0,0,0,0,0,0,0,0
20251115B01,合計（確報値）,募集量（TSO別）[MW],55,163,340,41,86,281,189,95,198,1448
20251115B01,合計（確報値）,応札量合計（電源属地別）[MW],231.74,260.419,992.33,197.925,86,865.215,180.547,71,659.917,3545.093
20251115B01,合計（確報値）,約定量合計（電源属地別）[MW],13,260.419,378.697,105.925,86,276.715,135.913,71,59.917,1387.586
20251115B01,合計（確報値）,応札件数（電源属地別）[件],6,3,21,12,1,8,4,4,9,68
20251115B01,合計（確報値）,約定件数（電源属地別）[件],1,3,18,10,1,7,4,4,7,55
20251115B01,合計（確報値）,最高約定価格（電源属地別）[円/kW・30分],12.41,19.51,19.51,19.49,0.35,19.49,2.01,4.78,19.51,19.51
20251115B01,合計（確報値）,最低約定価格（電源属地別）[円/kW・30分],12.41,3.57,1.86,0.36,0.35,0.36,0.36,0.36,0.36,0.35
20251115B01,合計（確報値）,平均約定価格（電源属地別）[円/kW・30分],12.41,4.1,2.61,1.05,0.35,5.22,1.23,1.32,3.14,3.07
20251115B01,合計（確報値）,最高約定価格（TSO別）[円/kW・30分],12.41,19.51,19.51,0.36,19.49,19.49,2.01,4.78,19.51,19.51
20251115B01,合計（確報値）,最低約定価格（TSO別）[円/kW・30分],3.57,3.57,1.86,0.36,0.35,0.36,0.36,0.36,0.36,0.35
20251115B01,合計（確報値）,平均約定価格（TSO別）[円/kW・30分],5.66,4.2,2.61,0.36,0.88,5.22,1.23,1.32,3.14,3.07
20251115B01,合計（確報値）,約定量合計（TSO別）[MW],55,218.419,378.697,53.191,138.734,276.715,135.913,71,59.917,1387.586
20251115B01,合計（確報値）,（内訳）自エリアからの約定量[MW],13,218.419,378.697,53.191,86,276.715,135.913,71,59.917,1292.852
20251115B02,システム約定結果,募集量（TSO別）[MW],28,333,335,158,92,380,189,99,300,1914
20251115B02,システム約定結果,応札量合計（電源属地別）[MW],276.85,444.919,472.878,150.798,92,865.215,182.347,235,582.907,3302.914
20251115B02,システム約定結果,落札量合計（電源属地別）[MW],14,444.919,331.178,150.798,92,370.215,125.713,104.733,190.907,1824.463
20251115B02,システム約定結果,応札件数（電源属地別）[件],6,5,19,7,1,8,5,6,10,67
20251115B02,システム約定結果,落札件数（電源属地別）[件],1,5,17,7,1,8,5,6,9,59
20251115B02,システム約定結果,最高落札価格（電源属地別）[円/kW・30分],10,19.51,19.51,19.49,0.39,19.49,19.49,5.62,19.51,19.51
20251115B02,システム約定結果,最低落札価格（電源属地別）[円/kW・30分],10,1.87,0.73,2.17,0.39,0.36,0.49,0.36,0.62,0.36
20251115B02,システム約定結果,平均落札価格（電源属地別）[円/kW・30分],10,3.7,3.05,3.86,0.39,3.72,1.99,1.65,2.22,3.09
20251115B02,システム約定結果,最高落札価格（TSO別）[円/kW・30分],10,19.51,19.51,19.49,0.39,19.49,19.49,5.62,19.51,19.51
20251115B02,システム約定結果,最低落札価格（TSO別）[円/kW・30分],1.87,1.87,0.73,2.17,0.39,0.36,0.49,0.36,0.6,0.36
20251115B02,システム約定結果,平均落札価格（TSO別）[円/kW・30分],5.94,3.75,3.07,3.79,0.39,3.62,1.6,1.52,2.3,3.09
20251115B02,システム約定結果,落札量合計（TSO別）[MW],28,430.919,322.005,128.672,80,421.948,78.012,99,235.907,1824.463
20251115B02,システム約定結果,（内訳）自エリアからの落札量[MW],14,430.919,322.005,128.672,80,370.215,78.012,99,190.907,1713.73
20251115B02,追加調達結果,募集量（TSO別）[MW],-,-,-,-,-,-,-,-,-,-
20251115B02,追加調達結果,応札量合計（電源属地別）[MW],0,0,0,0,0,0,0,0,0,0
20251115B02,追加調達結果,約定量合計（電源属地別）[MW],0,0,0,0,0,0,0,0,0,0
20251115B02,追加調達結果,応札件数（電源属地別）[件],0,0,0,0,0,0,0,0,0,0
20251115B02,追加調達結果,約定件数（電源属地別）[件],0,0,0,0,0,0,0,0,0,0
20251115B02,追加調達結果,最高約定価格（電源属地別）[円/kW・30分],0,0,0,0,0,0,0,0,0,0
20251115B02,追加調達結果,最低約定価格（電源属地別）[円/kW・30分],0,0,0,0,0,0,0,0,0,0
20251115B02,追加調達結果,平均約定価格（電源属地別）[円/kW・30分],0,0,0,0,0,0,0,0,0,0
20251115B02,追加調達結果,最高約定価格（TSO別）[円/kW・30分],0,0,0,0,0,0,0,0,0,0
20251115B02,追加調達結果,最低約定価格（TSO別）[円/kW・30分],0,0,0,0,0,0,0,0,0,0
20251115B02,追加調達結果,平均約定価格（TSO別）[円/kW・30分],0,0,0,0,0,0,0,0,0,0
20251115B02,追加調達結果,約定量合計（TSO別）[MW],0,0,0,0,0,0,0,0,0,0
20251115B02,追加調達結果,（内訳）自エリアからの約定量[MW],0,0,0,0,0,0,0,0,0,0
20251115B02,合計（確報値）,募集量（TSO別）[MW],28,333,335,158,92,380,189,99,300,1914
20251115B02,合計（確報値）,応札量合計（電源属地別）[MW],276.85,444.919,472.878,249.798,92,865.215,182.347,235,582.907,3401.914
20251115B02,合計（確報値）,約定量合計（電源属地別）[MW],14,444.919,329.298,150.798,92,293.215,125.713,104.733,190.907,1745.583
20251115B02,合計（確報値）,応札件数（電源属地別）[件],6,5,19,14,1,8,5,6,10,74
20251115B02,合計（確報値）,約定件数（電源属地別）[件],1,5,16,12,1,7,5,6,9,62
20251115B02,合計（確報値）,最高約定価格（電源属地別）[円/kW・30分],10,19.51,19.51,19.49,0.39,19.49,19.49,5.62,19.51,19.51
20251115B02,合計（確報値）,最低約定価格（電源属地別）[円/kW・30分],10,1.87,0.73,0.36,0.39,0.36,0.49,0.36,0.62,0.36
20251115B02,合計（確報値）,平均約定価格（電源属地別）[円/kW・30分],10,3.7,3.02,1.65,0.39,4.45,1.99,1.65,2.22,2.99
20251115B02,合計（確報値）,最高約定価格（TSO別）[円/kW・30分],10,19.51,19.51,19.49,0.39,19.49,19.49,5.62,19.51,19.51
20251115B02,合計（確報値）,最低約定価格（TSO別）[円/kW・30分],1.87,1.87,0.73,0.36,0.39,0.36,0.49,0.36,0.6,0.36
20251115B02,合計（確報値）,平均約定価格（TSO別）[円/kW・30分],5.94,3.75,3.04,1.87,0.39,3.96,1.6,1.52,2.3,2.99
20251115B02,合計（確報値）,約定量合計（TSO別）[MW],28,430.919,320.125,128.672,80,344.948,78.012,99,235.907,1745.583
20251115B02,合計（確報値）,（内訳）自エリアからの約定量[MW],14,430.919,320.125,128.672,80,293.215,78.012,99,190.907,1634.85
20251115B03,システム約定結果,募集量（TSO別）[MW],134,932,481,400,127,605,284,174,427,3564
20251115B03,システム約定結果,応札量合計（電源属地別）[MW],261.74,784.919,693.283,3.938,127,1010.204,182.347,133,436.331,3632.762
20251115B03,システム約定結果,落札量合計（電源属地別）[MW],15,784.919,261.447,3.938,127,911.917,182.347,133,190.448,2610.016
20251115B03,システム約定結果,応札件数（電源属地別）[件],5,7,18,2,1,8,5,4,9,59
20251115B03,システム約定結果,落札件数（電源属地別）[件],2,7,15,2,1,8,5,4,8,52
20251115B03,システム約定結果,最高落札価格（電源属地別）[円/kW・30分],13.67,19.51,19.51,19.47,1.12,19.51,19.51,4.78,19.51,19.51
20251115B03,システム約定結果,最低落札価格（電源属地別）[円/kW・30分],11,2.43,1.11,19.47,1.12,0.36,0.47,0.36,0.57,0.36
20251115B03,システム約定結果,平均落札価格（電源属地別）[円/kW・30分],13.32,3.99,2.58,19.47,1.12,1.97,1.21,1.29,1.75,2.59
20251115B03,システム約定結果,最高落札価格（TSO別）[円/kW・30分],13.67,19.51,19.51,19.47,3.73,19.51,19.51,4.78,19.51,19.51
20251115B03,システム約定結果,最低落札価格（TSO別）[円/kW・30分],0.36,0.36,4.16,0.36,0.65,0.36,0.47,0.36,0.36,0.36
20251115B03,システム約定結果,平均落札価格（TSO別）[円/kW・30分],4.12,2.89,6.47,1.1,2.16,2.66,1.08,1.29,1.79,2.59
20251115B03,システム約定結果,落札量合計（TSO別）[MW],134,828.25,137.783,181.938,127,553.702,177.012,133,337.331,2610.016
20251115B03,システム約定結果,（内訳）自エリアからの落札量[MW],15,524.25,21.783,3.938,49,553.702,160.716,133,190.448,1651.837
20251115B03,追加調達結果,募集量（TSO別）[MW],-,-,-,-,-,-,-,-,-,-
20251115B03,追加調達結果,応札量合計（電源属地別）[MW],0,0,0,0,0,0,0,0,0,0
20251115B03,追加調達結果,約定量合計（電源属地別）[MW],0,0,0,0,0,0,0,0,0,0
20251115B03,追加調達結果,応札件数（電源属地別）[件],0,0,0,0,0,0,0,0,0,0
20251115B03,追加調達結果,約定件数（電源属地別）[件],0,0,0,0,0,0,0,0,0,0
20251115B03,追加調達結果,最高約定価格（電源属地別）[円/kW・30分],0,0,0,0,0,0,0,0,0,0
20251115B03,追加調達結果,最低約定価格（電源属地別）[円/kW・30分],0,0,0,0,0,0,0,0,0,0
20251115B03,追加調達結果,平均約定価格（電源属地別）[円/kW・30分],0,0,0,0,0,0,0,0,0,0
20251115B03,追加調達結果,最高約定価格（TSO別）[円/kW・30分],0,0,0,0,0,0,0,0,0,0
20251115B03,追加調達結果,最低約定価格（TSO別）[円/kW・30分],0,0,0,0,0,0,0,0,0,0
20251115B03,追加調達結果,平均約定価格（TSO別）[円/kW・30分],0,0,0,0,0,0,0,0,0,0
20251115B03,追加調達結果,約定量合計（TSO別）[MW],0,0,0,0,0,0,0,0,0,0
20251115B03,追加調達結果,（内訳）自エリアからの約定量[MW],0,0,0,0,0,0,0,0,0,0
20251115B03,合計（確報値）,募集量（TSO別）[MW],134,932,481,400,127,605,284,174,427,3564
20251115B03,合計（確報値）,応札量合計（電源属地別）[MW],261.74,784.919,693.283,3.938,127,1010.204,182.347,133,436.331,3632.762
20251115B03,合計（確報値）,約定量合計（電源属地別）[MW],15,784.919,261.447,3.938,127,779.204,182.347,133,190.448,2477.303
20251115B03,合計（確報値）,応札件数（電源属地別）[件],5,7,18,2,1,8,5,4,9,59
20251115B03,合計（確報値）,約定件数（電源属地別）[件],2,7,15,2,1,7,5,4,8,51
20251115B03,合計（確報値）,最高約定価格（電源属地別）[円/kW・30分],13.67,19.51,19.51,19.47,1.12,19.51,19.51,4.78,19.51,19.51
20251115B03,合計（確報値）,最低約定価格（電源属地別）[円/kW・30分],11,2.43,1.11,19.47,1.12,0.36,0.47,0.36,0.57,0.36
20251115B03,合計（確報値）,平均約定価格（電源属地別）[円/kW・30分],13.32,3.99,2.58,19.47,1.12,2.2,1.21,1.29,1.75,2.69
20251115B03,合計（確報値）,最高約定価格（TSO別）[円/kW・30分],13.67,19.51,19.51,19.47,3.73,19.51,19.51,4.78,19.51,19.51
20251115B03,合計（確報値）,最低約定価格（TSO別）[円/kW・30分],0.36,0.36,4.16,0.36,1.12,0.36,0.47,0.36,0.36,0.36
20251115B03,合計（確報値）,平均約定価格（TSO別）[円/kW・30分],4.12,2.9,6.47,1.1,2.5,2.83,1.13,1.29,1.97,2.69
20251115B03,合計（確報値）,約定量合計（TSO別）[MW],134,824.979,137.783,181.938,103.669,511.616,160.716,133,289.602,2477.303
20251115B03,合計（確報値）,（内訳）自エリアからの約定量[MW],15,524.25,21.783,3.938,49,511.616,160.716,133,190.448,1609.751
20251115B04,システム約定結果,募集量（TSO別）[MW],116,222,490,264,194,869,486,219,604,3464
20251115B04,システム約定結果,応札量合計（電源属地別）[MW],437.65,354.5,703.486,7.718,194,968,180.547,181,673.719,3700.62
20251115B04,システム約定結果,落札量合計（電源属地別）[MW],31,354.5,536.699,7.718,194,968,180.547,181,527.719,2981.183
20251115B04,システム約定結果,応札件数（電源属地別）[件],6,3,29,4,2,5,4,4,11,68
20251115B04,システム約定結果,落札件数（電源属地別）[件],2,3,27,4,2,5,4,4,11,62
20251115B04,システム約定結果,最高落札価格（電源属地別）[円/kW・30分],13.96,19.51,19.51,19.51,0.35,11.4,0.36,4.78,19.51,19.51
20251115B04,システム約定結果,最低落札価格（電源属地別）[円/kW・30分],13,4.07,0.37,19.47,0.35,0.36,0.36,0.36,0.36,0.35
20251115B04,システム約定結果,平均落札価格（電源属地別）[円/kW・30分],13.71,4.83,2,19.49,0.35,2.16,0.36,0.86,4.31,2.69
20251115B04,システム約定結果,最高落札価格（TSO別）[円/kW・30分],13.96,19.51,19.51,4.34,19.51,11.4,11.4,4.78,19.51,19.51
20251115B04,システム約定結果,最低落札価格（TSO別）[円/kW・30分],4.07,4.07,0.37,0.35,0.35,0.36,0.35,0.36,0.36,0.35
20251115B04,システム約定結果,平均落札価格（TSO別）[円/kW・30分],6.81,6.21,2.2,2.99,1.11,2.27,0.98,0.86,4.31,2.69
20251115B04,システム約定結果,落札量合計（TSO別）[MW],116,107.5,438.467,264,193.718,796,356.779,181,527.719,2981.183
20251115B04,システム約定結果,（内訳）自エリアからの落札量[MW],31,107.5,438.467,0,186,796,180.547,181,527.719,2448.233
20251115B04,追加調達結果,募集量（TSO別）[MW],-,-,-,-,-,-,-,-,-,-
20251115B04,追加調達結果,応札量合計（電源属地別）[MW],0,0,0,0,0,0,0,0,0,0
20251115B04,追加調達結果,約定量合計（電源属地別）[MW],0,0,0,0,0,0,0,0,0,0
20251115B04,追加調達結果,応札件数（電源属地別）[件],0,0,0,0,0,0,0,0,0,0
20251115B04,追加調達結果,約定件数（電源属地別）[件],0,0,0,0,0,0,0,0,0,0
20251115B04,追加調達結果,最高約定価格（電源属地別）[円/kW・30分],0,0,0,0,0,0,0,0,0,0
20251115B04,追加調達結果,最低約定価格（電源属地別）[円/kW・30分],0,0,0,0,0,0,0,0,0,0
20251115B04,追加調達結果,平均約定価格（電源属地別）[円/kW・30分],0,0,0,0,0,0,0,0,0,0
20251115B04,追加調達結果,最高約定価格（TSO別）[円/kW・30分],0,0,0,0,0,0,0,0,0,0
20251115B04,追加調達結果,最低約定価格（TSO別）[円/kW・30分],0,0,0,0,0,0,0,0,0,0
20251115B04,追加調達結果,平均約定価格（TSO別）[円/kW・30分],0,0,0,0,0,0,0,0,0,0
20251115B04,追加調達結果,約定量合計（TSO別）[MW],0,0,0,0,0,0,0,0,0,0
20251115B04,追加調達結果,（内訳）自エリアからの約定量[MW],0,0,0,0,0,0,0,0,0,0
20251115B04,合計（確報値）,募集量（TSO別）[MW],116,222,490,264,194,869,486,219,604,3464
20251115B04,合計（確報値）,応札量合計（電源属地別）[MW],437.65,354.5,703.486,7.718,194,968,180.547,181,1103.719,4130.62
20251115B04,合計（確報値）,約定量合計（電源属地別）[MW],31,354.5,534.819,7.718,194,737,180.547,181,527.719,2748.303
20251115B04,合計（確報値）,応札件数（電源属地別）[件],6,3,29,4,2,5,4,4,20,77
20251115B04,合計（確報値）,約定件数（電源属地別）[件],2,3,26,4,2,4,4,4,18,67
20251115B04,合計（確報値）,最高約定価格（電源属地別）[円/kW・30分],13.96,19.51,19.51,19.51,0.35,11.4,0.36,4.78,19.51,19.51
20251115B04,合計（確報値）,最低約定価格（電源属地別）[円/kW・30分],13,4.07,0.37,19.47,0.35,0.36,0.36,0.36,0.36,0.35
20251115B04,合計（確報値）,平均約定価格（電源属地別）[円/kW・30分],13.71,4.83,1.97,19.49,0.35,2.73,0.36,0.86,1.06,2.26
20251115B04,合計（確報値）,最高約定価格（TSO別）[円/kW・30分],13.96,19.51,19.51,4.34,19.51,11.4,11.4,4.78,19.51,19.51
20251115B04,合計（確報値）,最低約定価格（TSO別）[円/kW・30分],4.07,4.07,0.37,0.35,0.35,0.36,0.35,0.36,0.36,0.35
20251115B04,合計（確報値）,平均約定価格（TSO別）[円/kW・30分],6.81,6.21,2.17,2.99,1.11,2.96,1.02,0.86,1.06,2.26
20251115B04,合計（確報値）,約定量合計（TSO別）[MW],116,107.5,436.587,264,193.718,586.682,335.097,181,527.719,2748.303
20251115B04,合計（確報値）,（内訳）自エリアからの約定量[MW],31,107.5,436.587,0,186,586.682,180.547,181,527.719,2237.035
20251115B05,システム約定結果,募集量（TSO別）[MW],32,217,360,383,194,588,361,145,537,2817
20251115B05,システム約定結果,応札量合計（電源属地別）[MW],558.94,364.919,616.006,7.718,194,1010.204,182.347,117,597.159,3648.293
20251115B05,システム約定結果,落札量合計（電源属地別）[MW],23,364.919,373.923,7.718,194,670.28,182.347,117,397.159,2330.346
20251115B05,システム約定結果,応札件数（電源属地別）[件],7,5,29,4,2,8,5,4,12,76
20251115B05,システム約定結果,落札件数（電源属地別）[件],2,5,27,4,2,8,5,4,11,68
20251115B05,システム約定結果,最高落札価格（電源属地別）[円/kW・30分],14.93,19.51,19.51,19.51,0.35,19.51,19.51,4.78,19.51,19.51
20251115B05,システム約定結果,最低落札価格（電源属地別）[円/kW・30分],8.5,2.58,0.32,19.47,0.35,0.36,0.36,0.36,0.36,0.32
20251115B05,システム約定結果,平均落札価格（電源属地別）[円/kW・30分],11.3,3.84,2.51,19.49,0.35,3.06,0.55,1.1,3.3,2.75
20251115B05,システム約定結果,最高落札価格（TSO別）[円/kW・30分],14.93,19.51,19.51,19.51,2.96,19.51,19.51,4.78,19.51,19.51
20251115B05,システム約定結果,最低落札価格（TSO別）[円/kW・30分],2.96,2.58,0.32,0.32,0.32,0.36,0.36,0.36,0.35,0.32
20251115B05,システム約定結果,平均落札価格（TSO別）[円/kW・30分],8.95,4.64,3.26,1.67,1.32,3.78,0.61,1.1,3.08,2.75
20251115B05,システム約定結果,落札量合計（TSO別）[MW],32,195.586,278.467,277.718,194,518.616,287.8,117,429.159,2330.346
20251115B05,システム約定結果,（内訳）自エリアからの落札量[MW],23,195.586,278.467,7.718,101.211,518.616,182.347,117,397.159,1821.104
20251115B05,追加調達結果,募集量（TSO別）[MW],-,-,-,-,-,-,-,-,-,-
20251115B05,追加調達結果,応札量合計（電源属地別）[MW],0,0,0,0,0,0,0,0,0,0
20251115B05,追加調達結果,約定量合計（電源属地別）[MW],0,0,0,0,0,0,0,0,0,0
20251115B05,追加調達結果,応札件数（電源属地別）[件],0,0,0,0,0,0,0,0,0,0
20251115B05,追加調達結果,約定件数（電源属地別）[件],0,0,0,0,0,0,0,0,0,0
20251115B05,追加調達結果,最高約定価格（電源属地別）[円/kW・30分],0,0,0,0,0,0,0,0,0,0
20251115B05,追加調達結果,最低約定価格（電源属地別）[円/kW・30分],0,0,0,0,0,0,0,0,0,0
20251115B05,追加調達結果,平均約定価格（電源属地別）[円/kW・30分],0,0,0,0,0,0,0,0,0,0
20251115B05,追加調達結果,最高約定価格（TSO別）[円/kW・30分],0,0,0,0,0,0,0,0,0,0
20251115B05,追加調達結果,最低約定価格（TSO別）[円/kW・30分],0,0,0,0,0,0,0,0,0,0
20251115B05,追加調達結果,平均約定価格（TSO別）[円/kW・30分],0,0,0,0,0,0,0,0,0,0
20251115B05,追加調達結果,約定量合計（TSO別）[MW],0,0,0,0,0,0,0,0,0,0
20251115B05,追加調達結果,（内訳）自エリアからの約定量[MW],0,0,0,0,0,0,0,0,0,0
20251115B05,合計（確報値）,募集量（TSO別）[MW],32,217,360,383,194,588,361,145,537,2817
20251115B05,合計（確報値）,応札量合計（電源属地別）[MW],558.94,364.919,616.006,7.718,194,1010.204,182.347,117,949.159,4000.293
20251115B05,合計（確報値）,約定量合計（電源属地別）[MW],23,364.919,372.043,7.718,194,439.28,182.347,117,397.159,2097.466
20251115B05,合計（確報値）,応札件数（電源属地別）[件],7,5,29,4,2,8,5,4,19,83
20251115B05,合計（確報値）,約定件数（電源属地別）[件],2,5,26,4,2,7,5,4,16,71
20251115B05,合計（確報値）,最高約定価格（電源属地別）[円/kW・30分],14.93,19.51,19.51,19.51,0.35,19.51,19.51,4.78,19.51,19.51
20251115B05,合計（確報値）,最低約定価格（電源属地別）[円/kW・30分],8.5,2.58,0.32,19.47,0.35,0.36,0.36,0.36,0.36,0.32
20251115B05,合計（確報値）,平均約定価格（電源属地別）[円/kW・30分],11.3,3.84,2.48,19.49,0.35,4.48,0.55,1.1,1.09,2.59
20251115B05,合計（確報値）,最高約定価格（TSO別）[円/kW・30分],14.93,19.51,19.51,19.51,2.96,19.51,19.51,4.78,19.51,19.51
20251115B05,合計（確報値）,最低約定価格（TSO別）[円/kW・30分],2.96,2.58,0.32,0.32,0.32,0.36,0.36,0.36,0.35,0.32
20251115B05,合計（確報値）,平均約定価格（TSO別）[円/kW・30分],8.95,4.64,3.22,1.71,1.32,4.69,0.71,1.1,1.08,2.59
20251115B05,合計（確報値）,約定量合計（TSO別）[MW],32,195.586,276.587,270.447,194,409.182,202.716,117,399.948,2097.466
20251115B05,合計（確報値）,（内訳）自エリアからの約定量[MW],23,195.586,276.587,7.718,101.211,409.182,182.347,117,397.159,1709.79
20251115B06,システム約定結果,募集量（TSO別）[MW],36,732,527,402,120,692,340,179,549,3577
20251115B06,システム約定結果,応札量合計（電源属地別）[MW],277.65,784.919,670.686,504.718,120,779.204,182.347,134,519.159,3972.683
20251115B06,システム約定結果,落札量合計（電源属地別）[MW],36,784.919,485.245,7.718,120,779.204,182.347,134,377.612,2907.045
20251115B06,システム約定結果,応札件数（電源属地別）[件],6,7,29,5,1,7,5,4,11,75
20251115B06,システム約定結果,落札件数（電源属地別）[件],2,7,27,4,1,7,5,4,11,68
20251115B06,システム約定結果,最高落札価格（電源属地別）[円/kW・30分],14.06,19.51,19.51,19.51,1.43,19.51,19.51,4.78,19.51,19.51
20251115B06,システム約定結果,最低落札価格（電源属地別）[円/kW・30分],11,1.15,0.73,19.47,1.43,0.36,0.6,0.36,0.79,0.36
20251115B06,システム約定結果,平均落札価格（電源属地別）[円/kW・30分],12.7,2.19,2.36,19.49,1.43,1.91,1.36,0.88,1.82,2.13
20251115B06,システム約定結果,最高落札価格（TSO別）[円/kW・30分],14.06,19.51,19.51,19.51,1.43,19.51,19.51,4.78,19.51,19.51
20251115B06,システム約定結果,最低落札価格（TSO別）[円/kW・30分],11,1.11,0.73,1.11,1.43,0.36,0.36,0.36,0.36,0.36
20251115B06,システム約定結果,平均落札価格（TSO別）[円/kW・30分],12.7,2.21,2.83,1.98,1.43,2.26,0.73,0.88,1.78,2.13
20251115B06,システム約定結果,落札量合計（TSO別）[MW],36,755.697,359.467,169.718,113,606.204,247.8,134,485.159,2907.045
20251115B06,システム約定結果,（内訳）自エリアからの落札量[MW],36,647.697,240.245,7.718,113,601.992,97.504,134,377.612,2255.768
20251115B06,追加調達結果,募集量（TSO別）[MW],-,-,-,-,-,-,-,-,-,-
20251115B06,追加調達結果,応札量合計（電源属地別）[MW],0,0,0,0,0,0,0,0,0,0
20251115B06,追加調達結果,約定量合計（電源属地別）[MW],0,0,0,0,0,0,0,0,0,0
20251115B06,追加調達結果,応札件数（電源属地別）[件],0,0,0,0,0,0,0,0,0,0
20251115B06,追加調達結果,約定件数（電源属地別）[件],0,0,0,0,0,0,0,0,0,0
20251115B06,追加調達結果,最高約定価格（電源属地別）[円/kW・30分],0,0,0,0,0,0,0,0,0,0
20251115B06,追加調達結果,最低約定価格（電源属地別）[円/kW・30分],0,0,0,0,0,0,0,0,0,0
20251115B06,追加調達結果,平均約定価格（電源属地別）[円/kW・30分],0,0,0,0,0,0,0,0,0,0
20251115B06,追加調達結果,最高約定価格（TSO別）[円/kW・30分],0,0,0,0,0,0,0,0,0,0
20251115B06,追加調達結果,最低約定価格（TSO別）[円/kW・30分],0,0,0,0,0,0,0,0,0,0
20251115B06,追加調達結果,平均約定価格（TSO別）[円/kW・30分],0,0,0,0,0,0,0,0,0,0
20251115B06,追加調達結果,約定量合計（TSO別）[MW],0,0,0,0,0,0,0,0,0,0
20251115B06,追加調達結果,（内訳）自エリアからの約定量[MW],0,0,0,0,0,0,0,0,0,0
20251115B06,合計（確報値）,募集量（TSO別）[MW],36,732,527,402,120,692,340,179,549,3577
20251115B06,合計（確報値）,応札量合計（電源属地別）[MW],277.65,784.919,670.686,504.718,120,779.204,182.347,134,519.159,3972.683
20251115B06,合計（確報値）,約定量合計（電源属地別）[MW],36,784.919,483.365,7.718,120,779.204,182.347,134,377.612,2905.165
20251115B06,合計（確報値）,応札件数（電源属地別）[件],6,7,29,5,1,7,5,4,11,75
20251115B06,合計（確報値）,約定件数（電源属地別）[件],2,7,26,4,1,7,5,4,11,67
20251115B06,合計（確報値）,最高約定価格（電源属地別）[円/kW・30分],14.06,19.51,19.51,19.51,1.43,19.51,19.51,4.78,19.51,19.51
20251115B06,合計（確報値）,最低約定価格（電源属地別）[円/kW・30分],11,1.15,0.73,19.47,1.43,0.36,0.6,0.36,0.79,0.36
20251115B06,合計（確報値）,平均約定価格（電源属地別）[円/kW・30分],12.7,2.19,2.33,19.49,1.43,1.91,1.36,0.88,1.82,2.12
20251115B06,合計（確報値）,最高約定価格（TSO別）[円/kW・30分],14.06,19.51,19.51,19.51,1.43,19.51,19.51,4.78,19.51,19.51
20251115B06,合計（確報値）,最低約定価格（TSO別）[円/kW・30分],11,1.11,0.73,1.11,1.43,0.36,0.36,0.36,0.36,0.36
20251115B06,合計（確報値）,平均約定価格（TSO別）[円/kW・30分],12.7,2.21,2.8,1.98,1.43,2.26,0.73,0.88,1.78,2.12
20251115B06,合計（確報値）,約定量合計（TSO別）[MW],36,755.697,357.587,169.718,113,606.204,247.8,134,485.159,2905.165
20251115B06,合計（確報値）,（内訳）自エリアからの約定量[MW],36,647.697,238.365,7.718,113,601.992,97.504,134,377.612,2253.888
20251115B07,システム約定結果,募集量（TSO別）[MW],32,263,460,206,106,574,305,83,328,2357
20251115B07,システム約定結果,応札量合計（電源属地別）[MW],275.74,444.919,815.496,925.706,106,779.204,301.315,257,825.331,4730.711
20251115B07,システム約定結果,落札量合計（電源属地別）[MW],25,444.919,658.842,529.766,106,665.958,221.713,86.333,217,2955.531
20251115B07,システム約定結果,応札件数（電源属地別）[件],6,5,31,14,1,7,8,7,12,91
20251115B07,システム約定結果,落札件数（電源属地別）[件],3,5,28,13,1,7,8,5,5,75
20251115B07,システム約定結果,最高落札価格（電源属地別）[円/kW・30分],14.02,19.51,19.51,19.51,1.78,19.49,19.49,0.44,2.85,19.51
20251115B07,システム約定結果,最低落札価格（電源属地別）[円/kW・30分],6.5,1.12,0.73,3.52,1.78,0.36,0.93,0.36,0.85,0.36
20251115B07,システム約定結果,平均落札価格（電源属地別）[円/kW・30分],11.75,2.89,4.84,4.82,1.78,1.94,1.78,0.37,1.84,3.26
20251115B07,システム約定結果,最高落札価格（TSO別）[円/kW・30分],14.02,19.51,19.51,19.51,1.78,19.49,19.49,0.44,6.45,19.51
20251115B07,システム約定結果,最低落札価格（TSO別）[円/kW・30分],1.12,1.12,0.73,3.52,1.78,0.36,0.36,0.36,0.36,0.36
20251115B07,システム約定結果,平均落札価格（TSO別）[円/kW・30分],9.42,2.91,4.84,4.82,1.78,2.17,1.54,0.37,1.71,3.26
20251115B07,システム約定結果,落札量合計（TSO別）[MW],32,437.919,658.842,529.766,106,514.204,265.8,83,328,2955.531
20251115B07,システム約定結果,（内訳）自エリアからの落札量[MW],25,437.919,658.842,529.766,106,514.204,221.703,83,217,2793.434
20251115B07,追加調達結果,募集量（TSO別）[MW],-,-,-,-,-,-,-,-,-,-
20251115B07,追加調達結果,応札量合計（電源属地別）[MW],0,0,0,0,0,0,0,0,0,0
20251115B07,追加調達結果,約定量合計（電源属地別）[MW],0,0,0,0,0,0,0,0,0,0
20251115B07,追加調達結果,応札件数（電源属地別）[件],0,0,0,0,0,0,0,0,0,0
20251115B07,追加調達結果,約定件数（電源属地別）[件],0,0,0,0,0,0,0,0,0,0
20251115B07,追加調達結果,最高約定価格（電源属地別）[円/kW・30分],0,0,0,0,0,0,0,0,0,0
20251115B07,追加調達結果,最低約定価格（電源属地別）[円/kW・30分],0,0,0,0,0,0,0,0,0,0
20251115B07,追加調達結果,平均約定価格（電源属地別）[円/kW・30分],0,0,0,0,0,0,0,0,0,0
20251115B07,追加調達結果,最高約定価格（TSO別）[円/kW・30分],0,0,0,0,0,0,0,0,0,0
20251115B07,追加調達結果,最低約定価格（TSO別）[円/kW・30分],0,0,0,0,0,0,0,0,0,0
20251115B07,追加調達結果,平均約定価格（TSO別）[円/kW・30分],0,0,0,0,0,0,0,0,0,0
20251115B07,追加調達結果,約定量合計（TSO別）[MW],0,0,0,0,0,0,0,0,0,0
20251115B07,追加調達結果,（内訳）自エリアからの約定量[MW],0,0,0,0,0,0,0,0,0,0
20251115B07,合計（確報値）,募集量（TSO別）[MW],32,263,460,206,106,574,305,83,328,2357
20251115B07,合計（確報値）,応札量合計（電源属地別）[MW],275.74,444.919,815.496,1587.35,106,779.204,301.315,257,825.331,5392.355
20251115B07,合計（確報値）,約定量合計（電源属地別）[MW],25,444.919,656.962,529.766,106,665.958,221.713,86.333,217,2953.651
20251115B07,合計（確報値）,応札件数（電源属地別）[件],6,5,31,32,1,7,8,7,12,109
20251115B07,合計（確報値）,約定件数（電源属地別）[件],3,5,27,19,1,7,8,5,5,80
20251115B07,合計（確報値）,最高約定価格（電源属地別）[円/kW・30分],14.02,19.51,19.51,19.51,1.78,19.49,19.49,0.44,2.85,19.51
20251115B07,合計（確報値）,最低約定価格（電源属地別）[円/kW・30分],6.5,1.12,0.73,0.36,1.78,0.36,0.93,0.36,0.85,0.36
20251115B07,合計（確報値）,平均約定価格（電源属地別）[円/kW・30分],11.75,2.89,4.83,0.98,1.78,1.94,1.78,0.37,1.84,2.57
20251115B07,合計（確報値）,最高約定価格（TSO別）[円/kW・30分],14.02,19.51,19.51,19.51,1.78,19.49,19.49,0.44,6.45,19.51
20251115B07,合計（確報値）,最低約定価格（TSO別）[円/kW・30分],1.12,1.12,0.73,0.36,1.78,0.36,0.36,0.36,0.36,0.36
20251115B07,合計（確報値）,平均約定価格（TSO別）[円/kW・30分],9.42,2.91,4.83,0.98,1.78,2.17,1.54,0.37,1.71,2.57
20251115B07,合計（確報値）,約定量合計（TSO別）[MW],32,437.919,656.962,529.766,106,514.204,265.8,83,328,2953.651
20251115B07,合計（確報値）,（内訳）自エリアからの約定量[MW],25,437.919,656.962,529.766,106,514.204,221.703,83,217,2791.554
20251115B08,システム約定結果,募集量（TSO別）[MW],39,138,442,230,105,462,197,88,298,1999
20251115B08,システム約定結果,応札量合計（電源属地別）[MW],286.65,274.919,1048.814,1161.718,105,865.215,182.347,88,661.907,4674.57
20251115B08,システム約定結果,落札量合計（電源属地別）[MW],44,274.919,436.898,1073.783,105,495.503,142.713,88,155.907,2816.723
20251115B08,システム約定結果,応札件数（電源属地別）[件],6,4,22,16,1,8,5,5,10,77
20251115B08,システム約定結果,落札件数（電源属地別）[件],2,4,18,15,1,8,5,5,9,67
20251115B08,システム約定結果,最高落札価格（電源属地別）[円/kW・30分],13.93,19.51,19.51,19.51,1.21,19.49,19.49,4.78,19.51,19.51
20251115B08,システム約定結果,最低落札価格（電源属地別）[円/kW・30分],8.9,3.51,0.73,2.28,1.21,0.36,0.54,0.36,0.43,0.36
20251115B08,システム約定結果,平均落札価格（電源属地別）[円/kW・30分],11.07,4.86,5.38,3.63,1.21,3,1.75,1.4,1.9,3.68
20251115B08,システム約定結果,最高落札価格（TSO別）[円/kW・30分],13.93,19.51,19.51,4.43,19.51,19.49,19.49,4.78,19.51,19.51
20251115B08,システム約定結果,最低落札価格（TSO別）[円/kW・30分],8.9,3.51,0.73,2.28,1.21,0.36,0.54,0.36,0.36,0.36
20251115B08,システム約定結果,平均落札価格（TSO別）[円/kW・30分],11.07,4.86,5.38,3.52,2.63,2.94,1.38,1.44,2.25,3.68
20251115B08,システム約定結果,落札量合計（TSO別）[MW],44,274.919,436.898,1040.813,137.97,473.215,100.8,84.201,223.907,2816.723
20251115B08,システム約定結果,（内訳）自エリアからの落札量[MW],44,274.919,436.898,1040.813,105,473.215,97.001,84.201,155.907,2711.954
20251115B08,追加調達結果,募集量（TSO別）[MW],-,-,-,-,-,-,-,-,-,-
20251115B08,追加調達結果,応札量合計（電源属地別）[MW],0,0,0,0,0,0,0,0,0,0
20251115B08,追加調達結果,約定量合計（電源属地別）[MW],0,0,0,0,0,0,0,0,0,0
20251115B08,追加調達結果,応札件数（電源属地別）[件],0,0,0,0,0,0,0,0,0,0
20251115B08,追加調達結果,約定件数（電源属地別）[件],0,0,0,0,0,0,0,0,0,0
20251115B08,追加調達結果,最高約定価格（電源属地別）[円/kW・30分],0,0,0,0,0,0,0,0,0,0
20251115B08,追加調達結果,最低約定価格（電源属地別）[円/kW・30分],0,0,0,0,0,0,0,0,0,0
20251115B08,追加調達結果,平均約定価格（電源属地別）[円/kW・30分],0,0,0,0,0,0,0,0,0,0
20251115B08,追加調達結果,最高約定価格（TSO別）[円/kW・30分],0,0,0,0,0,0,0,0,0,0
20251115B08,追加調達結果,最低約定価格（TSO別）[円/kW・30分],0,0,0,0,0,0,0,0,0,0
20251115B08,追加調達結果,平均約定価格（TSO別）[円/kW・30分],0,0,0,0,0,0,0,0,0,0
20251115B08,追加調達結果,約定量合計（TSO別）[MW],0,0,0,0,0,0,0,0,0,0
20251115B08,追加調達結果,（内訳）自エリアからの約定量[MW],0,0,0,0,0,0,0,0,0,0
20251115B08,合計（確報値）,募集量（TSO別）[MW],39,138,442,230,105,462,197,88,298,1999
20251115B08,合計（確報値）,応札量合計（電源属地別）[MW],286.65,274.919,1048.814,2365.373,105,865.215,182.347,88,661.907,5878.225
20251115B08,合計（確報値）,約定量合計（電源属地別）[MW],44,274.919,435.018,1073.783,105,418.503,142.713,88,155.907,2737.843
20251115B08,合計（確報値）,応札件数（電源属地別）[件],6,4,22,61,1,8,5,5,10,122
20251115B08,合計（確報値）,約定件数（電源属地別）[件],2,4,17,39,1,7,5,5,9,89
20251115B08,合計（確報値）,最高約定価格（電源属地別）[円/kW・30分],13.93,19.51,19.51,19.51,1.21,19.49,19.49,4.78,19.51,19.51
20251115B08,合計（確報値）,最低約定価格（電源属地別）[円/kW・30分],8.9,3.51,0.73,0.36,1.21,0.36,0.54,0.36,0.43,0.36
20251115B08,合計（確報値）,平均約定価格（電源属地別）[円/kW・30分],11.07,4.86,5.36,1.41,1.21,3.37,1.75,1.4,1.9,2.88
20251115B08,合計（確報値）,最高約定価格（TSO別）[円/kW・30分],13.93,19.51,19.51,4.43,19.51,19.49,19.49,4.78,19.51,19.51
20251115B08,合計（確報値）,最低約定価格（TSO別）[円/kW・30分],8.9,3.51,0.73,0.36,0.36,0.36,0.54,0.36,0.36,0.36
20251115B08,合計（確報値）,平均約定価格（TSO別）[円/kW・30分],11.07,4.86,5.36,1.29,2.21,3.32,1.38,1.44,2.25,2.88
20251115B08,合計（確報値）,約定量合計（TSO別）[MW],44,274.919,435.018,1040.813,137.97,396.215,100.8,84.201,223.907,2737.843
20251115B08,合計（確報値）,（内訳）自エリアからの約定量[MW],44,274.919,435.018,1040.813,105,396.215,97.001,84.201,155.907,2633.074
20251116B01,システム約定結果,募集量（TSO別）[MW],55,163,340,41,86,281,189,95,198,1448
20251116B01,システム約定結果,応札量合計（電源属地別）[MW],261.74,260.419,243.504,430.78,86,865.215,180.547,71,661.907,3061.112
20251116B01,システム約定結果,落札量合計（電源属地別）[MW],13,260.419,176.704,301.072,86,353.715,135.913,71,61.907,1459.73
20251116B01,システム約定結果,応札件数（電源属地別）[件],5,3,10,12,1,8,4,4,10,57
20251116B01,システム約定結果,落札件数（電源属地別）[件],2,3,9,12,1,8,4,4,8,51
20251116B01,システム約定結果,最高落札価格（電源属地別）[円/kW・30分],14.02,19.51,19.51,19.51,0.55,19.49,1.83,4.78,19.51,19.51
20251116B01,システム約定結果,最低落札価格（電源属地別）[円/kW・30分],11,3.75,1.11,1.91,0.55,0.36,0.36,0.36,0.36,0.36
20251116B01,システム約定結果,平均落札価格（電源属地別）[円/kW・30分],13.56,4.27,2.42,2.43,0.55,4.3,1.13,1.33,3.67,3.08
20251116B01,システム約定結果,最高落札価格（TSO別）[円/kW・30分],14.02,19.51,19.51,2.68,2.68,19.51,2.68,4.78,19.51,19.51
20251116B01,システム約定結果,最低落札価格（TSO別）[円/kW・30分],3.75,3.75,1.11,2.06,0.55,0.36,0.36,0.36,0.36,0.36
20251116B01,システム約定結果,平均落札価格（TSO別）[円/kW・30分],6.07,4.38,2.42,2.57,1.07,4.06,1.6,1.33,3.67,3.08
20251116B01,システム約定結果,落札量合計（TSO別）[MW],55,218.419,176.704,47.021,118,433.98,277.699,71,61.907,1459.73
20251116B01,システム約定結果,（内訳）自エリアからの落札量[MW],13,218.419,176.704,47.021,86,353.715,135.913,71,61.907,1163.679
20251116B01,追加調達結果,募集量（TSO別）[MW],-,-,-,-,-,-,-,-,-,-
20251116B01,追加調達結果,応札量合計（電源属地別）[MW],0,0,0,0,0,0,0,0,0,0
20251116B01,追加調達結果,約定量合計（電源属地別）[MW],0,0,0,0,0,0,0,0,0,0
20251116B01,追加調達結果,応札件数（電源属地別）[件],0,0,0,0,0,0,0,0,0,0
20251116B01,追加調達結果,約定件数（電源属地別）[件],0,0,0,0,0,0,0,0,0,0
20251116B01,追加調達結果,最高約定価格（電源属地別）[円/kW・30分],0,0,0,0,0,0,0,0,0,0
20251116B01,追加調達結果,最低約定価格（電源属地別）[円/kW・30分],0,0,0,0,0,0,0,0,0,0
20251116B01,追加調達結果,平均約定価格（電源属地別）[円/kW・30分],0,0,0,0,0,0,0,0,0,0
20251116B01,追加調達結果,最高約定価格（TSO別）[円/kW・30分],0,0,0,0,0,0,0,0,0,0
20251116B01,追加調達結果,最低約定価格（TSO別）[円/kW・30分],0,0,0,0,0,0,0,0,0,0
20251116B01,追加調達結果,平均約定価格（TSO別）[円/kW・30分],0,0,0,0,0,0,0,0,0,0
20251116B01,追加調達結果,約定量合計（TSO別）[MW],0,0,0,0,0,0,0,0,0,0
20251116B01,追加調達結果,（内訳）自エリアからの約定量[MW],0,0,0,0,0,0,0,0,0,0
20251116B01,合計（確報値）,募集量（TSO別）[MW],55,163,340,41,86,281,189,95,198,1448
20251116B01,合計（確報値）,応札量合計（電源属地別）[MW],261.74,260.419,243.504,592.172,86,865.215,180.547,71,661.907,3222.504
20251116B01,合計（確報値）,約定量合計（電源属地別）[MW],13,260.419,174.824,301.072,86,276.715,135.913,71,61.907,1380.85
20251116B01,合計（確報値）,応札件数（電源属地別）[件],5,3,10,22,1,8,4,4,10,67
20251116B01,合計（確報値）,約定件数（電源属地別）[件],2,3,8,15,1,7,4,4,8,52
20251116B01,合計（確報値）,最高約定価格（電源属地別）[円/kW・30分],14.02,19.51,19.51,19.51,0.55,19.49,1.83,4.78,19.51,19.51
20251116B01,合計（確報値）,最低約定価格（電源属地別）[円/kW・30分],11,3.75,1.11,0.36,0.55,0.36,0.36,0.36,0.36,0.36
20251116B01,合計（確報値）,平均約定価格（電源属地別）[円/kW・30分],13.56,4.27,2.35,1.52,0.55,5.35,1.13,1.33,3.67,3.01
20251116B01,合計（確報値）,最高約定価格（TSO別）[円/kW・30分],14.02,19.51,19.51,2.68,2.68,19.51,2.68,4.78,19.51,19.51
20251116B01,合計（確報値）,最低約定価格（TSO別）[円/kW・30分],3.75,3.75,1.11,2.06,0.55,0.36,0.36,0.36,0.36,0.36
20251116B01,合計（確報値）,平均約定価格（TSO別）[円/kW・30分],6.07,4.38,2.35,2.57,1.07,4.55,0.97,1.33,3.67,3.01
20251116B01,合計（確報値）,約定量合計（TSO別）[MW],55,218.419,174.824,47.021,118,356.98,277.699,71,61.907,1380.85
20251116B01,合計（確報値）,（内訳）自エリアからの約定量[MW],13,218.419,174.824,47.021,86,276.715,135.913,71,61.907,1084.799
20251116B02,システム約定結果,募集量（TSO別）[MW],28,333,335,158,92,380,189,99,300,1914
20251116B02,システム約定結果,応札量合計（電源属地別）[MW],280.35,444.919,456.043,102.718,92,865.215,182.347,235,582.907,3241.499
20251116B02,システム約定結果,落札量合計（電源属地別）[MW],14,444.919,314.343,102.718,92,370.215,125.713,104.733,190.907,1759.548
20251116B02,システム約定結果,応札件数（電源属地別）[件],6,5,18,7,1,8,5,6,10,66
20251116B02,システム約定結果,落札件数（電源属地別）[件],1,5,16,7,1,8,5,6,9,58
20251116B02,システム約定結果,最高落札価格（電源属地別）[円/kW・30分],10,19.51,19.51,19.51,1.59,19.49,19.49,5.5,19.51,19.51
20251116B02,システム約定結果,最低落札価格（電源属地別）[円/kW・30分],10,1.99,0.73,2.12,1.59,0.36,0.41,0.36,0.62,0.36
20251116B02,システム約定結果,平均落札価格（電源属地別）[円/kW・30分],10,3.83,3.3,3.49,1.59,3.91,1.87,1.62,2.22,3.22
20251116B02,システム約定結果,最高落札価格（TSO別）[円/kW・30分],10,19.51,19.51,19.51,1.59,19.49,19.49,5.5,19.51,19.51
20251116B02,システム約定結果,最低落札価格（TSO別）[円/kW・30分],3.62,1.99,0.73,2.12,1.59,0.36,0.41,0.36,0.48,0.36
20251116B02,システム約定結果,平均落札価格（TSO別）[円/kW・30分],6.81,3.83,3.4,3.43,1.59,3.73,1.5,1.5,2.27,3.22
20251116B02,システム約定結果,落札量合計（TSO別）[MW],28,430.919,275.044,110.718,80,421.948,78.012,99,235.907,1759.548
20251116B02,システム約定結果,（内訳）自エリアからの落札量[MW],14,430.919,275.044,102.718,80,370.215,78.012,99,190.907,1640.815
20251116B02,追加調達結果,募集量（TSO別）[MW],-,-,-,-,-,-,-,-,-,-
20251116B02,追加調達結果,応札量合計（電源属地別）[MW],0,0,0,0,0,0,0,0,0,0
20251116B02,追加調達結果,約定量合計（電源属地別）[MW],0,0,0,0,0,0,0,0,0,0
20251116B02,追加調達結果,応札件数（電源属地別）[件],0,0,0,0,0,0,0,0,0,0
20251116B02,追加調達結果,約定件数（電源属地別）[件],0,0,0,0,0,0,0,0,0,0
20251116B02,追加調達結果,最高約定価格（電源属地別）[円/kW・30分],0,0,0,0,0,0,0,0,0,0
20251116B02,追加調達結果,最低約定価格（電源属地別）[円/kW・30分],0,0,0,0,0,0,0,0,0,0
20251116B02,追加調達結果,平均約定価格（電源属地別）[円/kW・30分],0,0,0,0,0,0,0,0,0,0
20251116B02,追加調達結果,最高約定価格（TSO別）[円/kW・30分],0,0,0,0,0,0,0,0,0,0
20251116B02,追加調達結果,最低約定価格（TSO別）[円/kW・30分],0,0,0,0,0,0,0,0,0,0
20251116B02,追加調達結果,平均約定価格（TSO別）[円/kW・30分],0,0,0,0,0,0,0,0,0,0
20251116B02,追加調達結果,約定量合計（TSO別）[MW],0,0,0,0,0,0,0,0,0,0
20251116B02,追加調達結果,（内訳）自エリアからの約定量[MW],0,0,0,0,0,0,0,0,0,0
20251116B02,合計（確報値）,募集量（TSO別）[MW],28,333,335,158,92,380,189,99,300,1914
20251116B02,合計（確報値）,応札量合計（電源属地別）[MW],280.35,444.919,456.043,154.718,92,865.215,182.347,235,582.907,3293.499
20251116B02,合計（確報値）,約定量合計（電源属地別）[MW],14,444.919,312.463,102.718,92,293.215,125.713,104.733,190.907,1680.668
20251116B02,合計（確報値）,応札件数（電源属地別）[件],6,5,18,10,1,8,5,6,10,69
20251116B02,合計（確報値）,約定件数（電源属地別）[件],1,5,15,8,1,7,5,6,9,57
20251116B02,合計（確報値）,最高約定価格（電源属地別）[円/kW・30分],10,19.51,19.51,19.51,1.59,19.49,19.49,5.5,19.51,19.51
20251116B02,合計（確報値）,最低約定価格（電源属地別）[円/kW・30分],10,1.99,0.73,0.36,1.59,0.36,0.41,0.36,0.62,0.36
20251116B02,合計（確報値）,平均約定価格（電源属地別）[円/kW・30分],10,3.83,3.27,2.57,1.59,4.59,1.87,1.62,2.22,3.24
20251116B02,合計（確報値）,最高約定価格（TSO別）[円/kW・30分],10,19.51,19.51,19.51,1.59,19.49,19.49,5.5,19.51,19.51
20251116B02,合計（確報値）,最低約定価格（TSO別）[円/kW・30分],3.62,1.99,0.73,0.36,1.59,0.36,0.41,0.36,0.48,0.36
20251116B02,合計（確報値）,平均約定価格（TSO別）[円/kW・30分],6.81,3.83,3.36,2.57,1.59,4.28,1.5,1.5,2.27,3.24
20251116B02,合計（確報値）,約定量合計（TSO別）[MW],28,430.919,273.164,110.718,80,344.948,78.012,99,235.907,1680.668
20251116B02,合計（確報値）,（内訳）自エリアからの約定量[MW],14,430.919,273.164,102.718,80,293.215,78.012,99,190.907,1561.935
20251116B03,システム約定結果,募集量（TSO別）[MW],134,932,481,400,127,605,284,174,427,3564
20251116B03,システム約定結果,応札量合計（電源属地別）[MW],261.74,784.919,693.283,5.858,127,1010.204,182.347,133,436.331,3634.682
20251116B03,システム約定結果,落札量合計（電源属地別）[MW],15,784.919,261.447,5.858,127,967.495,166.769,133,150.448,2611.936
20251116B03,システム約定結果,応札件数（電源属地別）[件],5,7,18,3,1,8,5,4,9,60
20251116B03,システム約定結果,落札件数（電源属地別）[件],3,7,15,3,1,8,5,4,8,54
20251116B03,システム約定結果,最高落札価格（電源属地別）[円/kW・30分],14.02,19.51,19.51,19.51,1.05,19.51,19.51,4.78,19.51,19.51
20251116B03,システム約定結果,最低落札価格（電源属地別）[円/kW・30分],11,2.68,1.11,19.47,1.05,0.36,0.43,0.36,0.57,0.36
20251116B03,システム約定結果,平均落札価格（電源属地別）[円/kW・30分],13.76,4.26,2.58,19.48,1.05,1.94,1.23,1.29,1.95,2.69
20251116B03,システム約定結果,最高落札価格（TSO別）[円/kW・30分],14.02,19.51,19.51,19.51,4.47,19.51,19.51,4.78,19.51,19.51
20251116B03,システム約定結果,最低落札価格（TSO別）[円/kW・30分],0.36,0.36,4.47,0.36,0.44,0.36,0.43,0.36,0.36,0.36
20251116B03,システム約定結果,平均落札価格（TSO別）[円/kW・30分],4.2,3.05,6.73,1.26,2.41,2.97,1.14,1.29,1.34,2.69
20251116B03,システム約定結果,落札量合計（TSO別）[MW],134,828.25,137.783,183.858,127,553.702,177.012,133,337.331,2611.936
20251116B03,システム約定結果,（内訳）自エリアからの落札量[MW],15,524.25,21.783,5.858,49,553.702,160.716,133,150.448,1613.757
20251116B03,追加調達結果,募集量（TSO別）[MW],-,-,-,-,-,-,-,-,-,-
20251116B03,追加調達結果,応札量合計（電源属地別）[MW],0,0,0,0,0,0,0,0,0,0
20251116B03,追加調達結果,約定量合計（電源属地別）[MW],0,0,0,0,0,0,0,0,0,0
20251116B03,追加調達結果,応札件数（電源属地別）[件],0,0,0,0,0,0,0,0,0,0
20251116B03,追加調達結果,約定件数（電源属地別）[件],0,0,0,0,0,0,0,0,0,0
20251116B03,追加調達結果,最高約定価格（電源属地別）[円/kW・30分],0,0,0,0,0,0,0,0,0,0
20251116B03,追加調達結果,最低約定価格（電源属地別）[円/kW・30分],0,0,0,0,0,0,0,0,0,0
20251116B03,追加調達結果,平均約定価格（電源属地別）[円/kW・30分],0,0,0,0,0,0,0,0,0,0
20251116B03,追加調達結果,最高約定価格（TSO別）[円/kW・30分],0,0,0,0,0,0,0,0,0,0
20251116B03,追加調達結果,最低約定価格（TSO別）[円/kW・30分],0,0,0,0,0,0,0,0,0,0
20251116B03,追加調達結果,平均約定価格（TSO別）[円/kW・30分],0,0,0,0,0,0,0,0,0,0
20251116B03,追加調達結果,約定量合計（TSO別）[MW],0,0,0,0,0,0,0,0,0,0
20251116B03,追加調達結果,（内訳）自エリアからの約定量[MW],0,0,0,0,0,0,0,0,0,0
20251116B03,合計（確報値）,募集量（TSO別）[MW],134,932,481,400,127,605,284,174,427,3564
20251116B03,合計（確報値）,応札量合計（電源属地別）[MW],261.74,784.919,693.283,5.858,127,1010.204,182.347,133,436.331,3634.682
20251116B03,合計（確報値）,約定量合計（電源属地別）[MW],15,784.919,261.447,5.858,127,779.204,166.769,133,150.448,2423.645
20251116B03,合計（確報値）,応札件数（電源属地別）[件],5,7,18,3,1,8,5,4,9,60
20251116B03,合計（確報値）,約定件数（電源属地別）[件],3,7,15,3,1,7,5,4,8,53
20251116B03,合計（確報値）,最高約定価格（電源属地別）[円/kW・30分],14.02,19.51,19.51,19.51,1.05,19.51,19.51,4.78,19.51,19.51
20251116B03,合計（確報値）,最低約定価格（電源属地別）[円/kW・30分],11,2.68,1.11,19.47,1.05,0.36,0.43,0.36,0.57,0.36
20251116B03,合計（確報値）,平均約定価格（電源属地別）[円/kW・30分],13.76,4.26,2.58,19.48,1.05,2.3,1.23,1.29,1.95,2.86
20251116B03,合計（確報値）,最高約定価格（TSO別）[円/kW・30分],14.02,19.51,19.51,19.51,4.47,19.51,19.51,4.78,19.51,19.51
20251116B03,合計（確報値）,最低約定価格（TSO別）[円/kW・30分],0.36,0.36,4.47,0.36,1.05,0.36,0.43,0.36,0.36,0.36
20251116B03,合計（確報値）,平均約定価格（TSO別）[円/kW・30分],4.2,3.05,6.73,1.27,2.85,3.18,1.21,1.29,1.73,2.86
20251116B03,合計（確報値）,約定量合計（TSO別）[MW],134,828.25,137.783,180.587,103.669,511.616,160.716,133,234.024,2423.645
20251116B03,合計（確報値）,（内訳）自エリアからの約定量[MW],15,524.25,21.783,5.858,49,511.616,160.716,133,150.448,1571.671
20251116B04,システム約定結果,募集量（TSO別）[MW],116,222,490,264,194,869,486,219,604,3464
20251116B04,システム約定結果,応札量合計（電源属地別）[MW],549.65,354.5,795.301,7.718,194,814,180.547,181,673.719,3750.435
20251116B04,システム約定結果,落札量合計（電源属地別）[MW],33,354.5,566.699,7.718,194,814,180.547,181,527.719,2859.183
20251116B04,システム約定結果,応札件数（電源属地別）[件],7,3,28,4,2,5,4,4,11,68
20251116B04,システム約定結果,落札件数（電源属地別）[件],2,3,27,4,2,5,4,4,11,62
20251116B04,システム約定結果,最高落札価格（電源属地別）[円/kW・30分],15.05,19.51,19.51,19.51,0.35,11.4,0.36,4.78,19.51,19.51
20251116B04,システム約定結果,最低落札価格（電源属地別）[円/kW・30分],0.44,3.98,0.37,19.47,0.35,0.36,0.36,0.36,0.36,0.35
20251116B04,システム約定結果,平均落札価格（電源属地別）[円/kW・30分],10.62,4.75,1.81,19.49,0.35,2.5,0.36,0.85,4.31,2.73
20251116B04,システム約定結果,最高落札価格（TSO別）[円/kW・30分],15.05,19.51,19.51,4.26,19.51,11.4,0.36,4.78,19.51,19.51
20251116B04,システム約定結果,最低落札価格（TSO別）[円/kW・30分],0.44,3.98,0.37,1.08,0.35,0.35,0.36,0.36,0.36,0.35
20251116B04,システム約定結果,平均落札価格（TSO別）[円/kW・30分],6.03,6.24,2.02,2.97,1.11,2.59,0.36,0.85,4.31,2.73
20251116B04,システム約定結果,落札量合計（TSO別）[MW],116,109.5,438.467,264,193.718,780.936,247.843,181,527.719,2859.183
20251116B04,システム約定結果,（内訳）自エリアからの落札量[MW],33,109.5,438.467,0,186,746.704,180.547,181,527.719,2402.937
20251116B04,追加調達結果,募集量（TSO別）[MW],-,-,-,-,-,-,-,-,-,-
20251116B04,追加調達結果,応札量合計（電源属地別）[MW],0,0,0,0,0,0,0,0,0,0
20251116B04,追加調達結果,約定量合計（電源属地別）[MW],0,0,0,0,0,0,0,0,0,0
20251116B04,追加調達結果,応札件数（電源属地別）[件],0,0,0,0,0,0,0,0,0,0
20251116B04,追加調達結果,約定件数（電源属地別）[件],0,0,0,0,0,0,0,0,0,0
20251116B04,追加調達結果,最高約定価格（電源属地別）[円/kW・30分],0,0,0,0,0,0,0,0,0,0
20251116B04,追加調達結果,最低約定価格（電源属地別）[円/kW・30分],0,0,0,0,0,0,0,0,0,0
20251116B04,追加調達結果,平均約定価格（電源属地別）[円/kW・30分],0,0,0,0,0,0,0,0,0,0
20251116B04,追加調達結果,最高約定価格（TSO別）[円/kW・30分],0,0,0,0,0,0,0,0,0,0
20251116B04,追加調達結果,最低約定価格（TSO別）[円/kW・30分],0,0,0,0,0,0,0,0,0,0
20251116B04,追加調達結果,平均約定価格（TSO別）[円/kW・30分],0,0,0,0,0,0,0,0,0,0
20251116B04,追加調達結果,約定量合計（TSO別）[MW],0,0,0,0,0,0,0,0,0,0
20251116B04,追加調達結果,（内訳）自エリアからの約定量[MW],0,0,0,0,0,0,0,0,0,0
20251116B04,合計（確報値）,募集量（TSO別）[MW],116,222,490,264,194,869,486,219,604,3464
20251116B04,合計（確報値）,応札量合計（電源属地別）[MW],549.65,354.5,795.301,7.718,194,814,180.547,181,1052.719,4129.435
20251116B04,合計（確報値）,約定量合計（電源属地別）[MW],33,354.5,564.819,7.718,194,737,180.547,181,527.719,2780.303
20251116B04,合計（確報値）,応札件数（電源属地別）[件],7,3,28,4,2,5,4,4,19,76
20251116B04,合計（確報値）,約定件数（電源属地別）[件],2,3,26,4,2,4,4,4,17,66
20251116B04,合計（確報値）,最高約定価格（電源属地別）[円/kW・30分],15.05,19.51,19.51,19.51,0.35,11.4,0.36,4.78,19.51,19.51
20251116B04,合計（確報値）,最低約定価格（電源属地別）[円/kW・30分],0.44,3.98,0.37,19.47,0.35,0.36,0.36,0.36,0.36,0.35
20251116B04,合計（確報値）,平均約定価格（電源属地別）[円/kW・30分],10.62,4.75,1.79,19.49,0.35,2.73,0.36,0.85,0.92,2.15
20251116B04,合計（確報値）,最高約定価格（TSO別）[円/kW・30分],15.05,19.51,19.51,4.26,19.51,11.4,0.36,4.78,19.51,19.51
20251116B04,合計（確報値）,最低約定価格（TSO別）[円/kW・30分],0.44,3.98,0.37,1.08,0.35,0.35,0.36,0.36,0.36,0.35
20251116B04,合計（確報値）,平均約定価格（TSO別）[円/kW・30分],6.03,6.24,1.98,2.97,1.11,2.84,0.36,0.85,0.92,2.15
20251116B04,合計（確報値）,約定量合計（TSO別）[MW],116,109.5,436.587,264,193.718,703.936,247.843,181,527.719,2780.303
20251116B04,合計（確報値）,（内訳）自エリアからの約定量[MW],33,109.5,436.587,0,186,669.704,180.547,181,527.719,2324.057
20251116B05,システム約定結果,募集量（TSO別）[MW],32,217,360,383,194,588,361,145,537,2817
20251116B05,システム約定結果,応札量合計（電源属地別）[MW],399.94,364.919,826.992,7.718,194,1010.204,182.347,117,597.159,3700.279
20251116B05,システム約定結果,落札量合計（電源属地別）[MW],23,364.919,387.167,7.718,194,657.036,182.347,117,397.159,2330.346
20251116B05,システム約定結果,応札件数（電源属地別）[件],6,5,30,4,2,8,5,4,12,76
20251116B05,システム約定結果,落札件数（電源属地別）[件],2,5,28,4,2,8,5,4,11,69
20251116B05,システム約定結果,最高落札価格（電源属地別）[円/kW・30分],14.72,19.51,19.51,19.51,0.35,19.51,19.51,4.78,19.51,19.51
20251116B05,システム約定結果,最低落札価格（電源属地別）[円/kW・30分],8.5,2.57,0.32,19.47,0.35,0.36,0.36,0.36,0.36,0.32
20251116B05,システム約定結果,平均落札価格（電源属地別）[円/kW・30分],11.2,3.83,2.48,19.49,0.35,3.13,0.55,1.09,3.3,2.76
20251116B05,システム約定結果,最高落札価格（TSO別）[円/kW・30分],14.72,19.51,19.51,19.51,2.57,19.51,19.51,4.78,19.51,19.51
20251116B05,システム約定結果,最低落札価格（TSO別）[円/kW・30分],2.57,2.57,0.33,0.33,0.32,0.36,0.32,0.36,0.36,0.32
20251116B05,システム約定結果,平均落札価格（TSO別）[円/kW・30分],8.82,4.82,3.32,2.22,0.34,3.45,0.48,1.09,3.59,2.76
20251116B05,システム約定結果,落札量合計（TSO別）[MW],32,195.586,278.467,277.718,194,518.616,287.8,117,429.159,2330.346
20251116B05,システム約定結果,（内訳）自エリアからの落札量[MW],23,195.586,278.467,7.718,96.629,518.616,177.054,117,397.159,1811.229
20251116B05,追加調達結果,募集量（TSO別）[MW],-,-,-,-,-,-,-,-,-,-
20251116B05,追加調達結果,応札量合計（電源属地別）[MW],0,0,0,0,0,0,0,0,0,0
20251116B05,追加調達結果,約定量合計（電源属地別）[MW],0,0,0,0,0,0,0,0,0,0
20251116B05,追加調達結果,応札件数（電源属地別）[件],0,0,0,0,0,0,0,0,0,0
20251116B05,追加調達結果,約定件数（電源属地別）[件],0,0,0,0,0,0,0,0,0,0
20251116B05,追加調達結果,最高約定価格（電源属地別）[円/kW・30分],0,0,0,0,0,0,0,0,0,0
20251116B05,追加調達結果,最低約定価格（電源属地別）[円/kW・30分],0,0,0,0,0,0,0,0,0,0
20251116B05,追加調達結果,平均約定価格（電源属地別）[円/kW・30分],0,0,0,0,0,0,0,0,0,0
20251116B05,追加調達結果,最高約定価格（TSO別）[円/kW・30分],0,0,0,0,0,0,0,0,0,0
20251116B05,追加調達結果,最低約定価格（TSO別）[円/kW・30分],0,0,0,0,0,0,0,0,0,0
20251116B05,追加調達結果,平均約定価格（TSO別）[円/kW・30分],0,0,0,0,0,0,0,0,0,0
20251116B05,追加調達結果,約定量合計（TSO別）[MW],0,0,0,0,0,0,0,0,0,0
20251116B05,追加調達結果,（内訳）自エリアからの約定量[MW],0,0,0,0,0,0,0,0,0,0
20251116B05,合計（確報値）,募集量（TSO別）[MW],32,217,360,383,194,588,361,145,537,2817
20251116B05,合計（確報値）,応札量合計（電源属地別）[MW],399.94,364.919,826.992,7.718,194,1010.204,182.347,117,949.159,4052.279
20251116B05,合計（確報値）,約定量合計（電源属地別）[MW],23,364.919,385.287,7.718,194,426.036,182.347,117,397.159,2097.466
20251116B05,合計（確報値）,応札件数（電源属地別）[件],6,5,30,4,2,8,5,4,19,83
20251116B05,合計（確報値）,約定件数（電源属地別）[件],2,5,27,4,2,7,5,4,16,72
20251116B05,合計（確報値）,最高約定価格（電源属地別）[円/kW・30分],14.72,19.51,19.51,19.51,0.35,19.51,19.51,4.78,19.51,19.51
20251116B05,合計（確報値）,最低約定価格（電源属地別）[円/kW・30分],8.5,2.57,0.32,19.47,0.35,0.36,0.36,0.36,0.36,0.32
20251116B05,合計（確報値）,平均約定価格（電源属地別）[円/kW・30分],11.2,3.83,2.44,19.49,0.35,4.63,0.55,1.09,1.04,2.59
20251116B05,合計（確報値）,最高約定価格（TSO別）[円/kW・30分],14.72,19.51,19.51,19.51,2.57,19.51,19.51,4.78,19.51,19.51
20251116B05,合計（確報値）,最低約定価格（TSO別）[円/kW・30分],2.57,2.57,0.33,0.33,0.32,0.36,0.32,0.36,0.36,0.32
20251116B05,合計（確報値）,平均約定価格（TSO別）[円/kW・30分],8.82,4.82,3.28,2.22,0.34,4.67,0.52,1.09,1.52,2.59
20251116B05,合計（確報値）,約定量合計（TSO別）[MW],32,195.586,276.587,277.718,194,372.036,210.087,117,422.452,2097.466
20251116B05,合計（確報値）,（内訳）自エリアからの約定量[MW],23,195.586,276.587,7.718,96.629,372.036,177.054,117,397.159,1662.769
20251116B06,システム約定結果,募集量（TSO別）[MW],36,732,527,402,120,692,340,179,549,3577
20251116B06,システム約定結果,応札量合計（電源属地別）[MW],277.65,784.919,725.042,515.218,120,1010.204,182.347,134,519.159,4268.539
20251116B06,システム約定結果,落札量合計（電源属地別）[MW],36,784.919,412.245,7.718,120,898.914,182.347,134,330.902,2907.045
20251116B06,システム約定結果,応札件数（電源属地別）[件],6,7,30,5,1,8,5,4,11,77
20251116B06,システム約定結果,落札件数（電源属地別）[件],2,7,28,4,1,8,5,4,11,70
20251116B06,システム約定結果,最高落札価格（電源属地別）[円/kW・30分],10.78,19.51,19.51,19.51,1.77,19.51,19.51,4.78,19.51,19.51
20251116B06,システム約定結果,最低落札価格（電源属地別）[円/kW・30分],8,1.05,0.73,19.47,1.77,0.36,0.63,0.36,0.79,0.36
20251116B06,システム約定結果,平均落札価格（電源属地別）[円/kW・30分],10.49,2.31,2.77,19.49,1.77,1.94,1.43,0.89,1.7,2.19
20251116B06,システム約定結果,最高落札価格（TSO別）[円/kW・30分],10.78,19.51,19.51,19.51,1.77,19.51,19.51,4.78,19.51,19.51
20251116B06,システム約定結果,最低落札価格（TSO別）[円/kW・30分],8,1.05,0.73,0.36,1.77,0.36,0.36,0.36,0.36,0.36
20251116B06,システム約定結果,平均落札価格（TSO別）[円/kW・30分],10.49,2.36,3.01,1.65,1.77,2.62,1.26,0.89,1.31,2.19
20251116B06,システム約定結果,落札量合計（TSO別）[MW],36,755.697,359.467,169.718,113,606.204,247.8,134,485.159,2907.045
20251116B06,システム約定結果,（内訳）自エリアからの落札量[MW],36,647.697,222.245,7.718,113,601.992,147.504,134,330.902,2241.058
20251116B06,追加調達結果,募集量（TSO別）[MW],-,-,-,-,-,-,-,-,-,-
20251116B06,追加調達結果,応札量合計（電源属地別）[MW],0,0,0,0,0,0,0,0,0,0
20251116B06,追加調達結果,約定量合計（電源属地別）[MW],0,0,0,0,0,0,0,0,0,0
20251116B06,追加調達結果,応札件数（電源属地別）[件],0,0,0,0,0,0,0,0,0,0
20251116B06,追加調達結果,約定件数（電源属地別）[件],0,0,0,0,0,0,0,0,0,0
20251116B06,追加調達結果,最高約定価格（電源属地別）[円/kW・30分],0,0,0,0,0,0,0,0,0,0
20251116B06,追加調達結果,最低約定価格（電源属地別）[円/kW・30分],0,0,0,0,0,0,0,0,0,0
20251116B06,追加調達結果,平均約定価格（電源属地別）[円/kW・30分],0,0,0,0,0,0,0,0,0,0
20251116B06,追加調達結果,最高約定価格（TSO別）[円/kW・30分],0,0,0,0,0,0,0,0,0,0
20251116B06,追加調達結果,最低約定価格（TSO別）[円/kW・30分],0,0,0,0,0,0,0,0,0,0
20251116B06,追加調達結果,平均約定価格（TSO別）[円/kW・30分],0,0,0,0,0,0,0,0,0,0
20251116B06,追加調達結果,約定量合計（TSO別）[MW],0,0,0,0,0,0,0,0,0,0
20251116B06,追加調達結果,（内訳）自エリアからの約定量[MW],0,0,0,0,0,0,0,0,0,0
20251116B06,合計（確報値）,募集量（TSO別）[MW],36,732,527,402,120,692,340,179,549,3577
20251116B06,合計（確報値）,応札量合計（電源属地別）[MW],277.65,784.919,725.042,515.218,120,1010.204,182.347,134,519.159,4268.539
20251116B06,合計（確報値）,約定量合計（電源属地別）[MW],36,784.919,410.365,7.718,120,779.204,182.347,134,330.902,2785.455
20251116B06,合計（確報値）,応札件数（電源属地別）[件],6,7,30,5,1,8,5,4,11,77
20251116B06,合計（確報値）,約定件数（電源属地別）[件],2,7,27,4,1,7,5,4,11,68
20251116B06,合計（確報値）,最高約定価格（電源属地別）[円/kW・30分],10.78,19.51,19.51,19.51,1.77,19.51,19.51,4.78,19.51,19.51
20251116B06,合計（確報値）,最低約定価格（電源属地別）[円/kW・30分],8,1.05,0.73,19.47,1.77,0.36,0.63,0.36,0.79,0.36
20251116B06,合計（確報値）,平均約定価格（電源属地別）[円/kW・30分],10.49,2.31,2.74,19.49,1.77,2.08,1.43,0.89,1.7,2.24
20251116B06,合計（確報値）,最高約定価格（TSO別）[円/kW・30分],10.78,19.51,19.51,19.51,1.77,19.51,19.51,4.78,19.51,19.51
20251116B06,合計（確報値）,最低約定価格（TSO別）[円/kW・30分],8,1.05,0.73,0.36,1.77,0.36,0.36,0.36,0.36,0.36
20251116B06,合計（確報値）,平均約定価格（TSO別）[円/kW・30分],10.49,2.36,2.98,1.65,1.77,2.74,1.38,0.89,1.31,2.24
20251116B06,合計（確報値）,約定量合計（TSO別）[MW],36,755.697,357.587,169.259,113,564.093,170.66,134,485.159,2785.455
20251116B06,合計（確報値）,（内訳）自エリアからの約定量[MW],36,647.697,220.365,7.718,113,559.881,147.504,134,330.902,2197.067
20251116B07,システム約定結果,募集量（TSO別）[MW],32,263,460,206,106,574,305,83,328,2357
20251116B07,システム約定結果,応札量合計（電源属地別）[MW],275.74,444.919,1017.81,1795.6,106,1010.204,301.315,257,830.331,6038.919
20251116B07,システム約定結果,落札量合計（電源属地別）[MW],24,444.919,808.118,1201.365,106,668.216,221.713,86.333,217,3777.664
20251116B07,システム約定結果,応札件数（電源属地別）[件],6,5,33,17,1,8,8,7,12,97
20251116B07,システム約定結果,落札件数（電源属地別）[件],2,5,28,16,1,8,8,5,5,78
20251116B07,システム約定結果,最高落札価格（電源属地別）[円/kW・30分],9.7,19.51,19.51,19.51,1.74,19.49,19.49,1.22,2.85,19.51
20251116B07,システム約定結果,最低落札価格（電源属地別）[円/kW・30分],6.5,1.33,0.73,3.29,1.74,0.36,0.87,0.36,0.85,0.36
20251116B07,システム約定結果,平均落札価格（電源属地別）[円/kW・30分],9.43,3.12,4.63,4.72,1.74,2.2,1.72,0.62,1.81,3.58
20251116B07,システム約定結果,最高落札価格（TSO別）[円/kW・30分],9.7,19.51,19.51,5.92,19.51,19.49,19.49,1.22,7.18,19.51
20251116B07,システム約定結果,最低落札価格（TSO別）[円/kW・30分],1.33,1.33,0.73,3.29,1.74,0.36,0.51,0.36,0.36,0.36
20251116B07,システム約定結果,平均落札価格（TSO別）[円/kW・30分],7.45,3.15,4.63,4.61,3.39,2.39,1.51,0.61,1.86,3.58
20251116B07,システム約定結果,落札量合計（TSO別）[MW],32,436.919,808.118,1164.134,143.231,516.462,265.8,83,328,3777.664
20251116B07,システム約定結果,（内訳）自エリアからの落札量[MW],24,436.919,808.118,1164.134,106,516.462,207.012,83,217,3562.645
20251116B07,追加調達結果,募集量（TSO別）[MW],-,-,-,-,-,-,-,-,-,-
20251116B07,追加調達結果,応札量合計（電源属地別）[MW],0,0,0,0,0,0,0,0,0,0
20251116B07,追加調達結果,約定量合計（電源属地別）[MW],0,0,0,0,0,0,0,0,0,0
20251116B07,追加調達結果,応札件数（電源属地別）[件],0,0,0,0,0,0,0,0,0,0
20251116B07,追加調達結果,約定件数（電源属地別）[件],0,0,0,0,0,0,0,0,0,0
20251116B07,追加調達結果,最高約定価格（電源属地別）[円/kW・30分],0,0,0,0,0,0,0,0,0,0
20251116B07,追加調達結果,最低約定価格（電源属地別）[円/kW・30分],0,0,0,0,0,0,0,0,0,0
20251116B07,追加調達結果,平均約定価格（電源属地別）[円/kW・30分],0,0,0,0,0,0,0,0,0,0
20251116B07,追加調達結果,最高約定価格（TSO別）[円/kW・30分],0,0,0,0,0,0,0,0,0,0
20251116B07,追加調達結果,最低約定価格（TSO別）[円/kW・30分],0,0,0,0,0,0,0,0,0,0
20251116B07,追加調達結果,平均約定価格（TSO別）[円/kW・30分],0,0,0,0,0,0,0,0,0,0
20251116B07,追加調達結果,約定量合計（TSO別）[MW],0,0,0,0,0,0,0,0,0,0
20251116B07,追加調達結果,（内訳）自エリアからの約定量[MW],0,0,0,0,0,0,0,0,0,0
20251116B07,合計（確報値）,募集量（TSO別）[MW],32,263,460,206,106,574,305,83,328,2357
20251116B07,合計（確報値）,応札量合計（電源属地別）[MW],275.74,444.919,1017.81,2930.921,106,1010.204,301.315,257,830.331,7174.24
20251116B07,合計（確報値）,約定量合計（電源属地別）[MW],24,444.919,806.238,1201.365,106,590.503,221.713,86.333,217,3698.071
20251116B07,合計（確報値）,応札件数（電源属地別）[件],6,5,33,37,1,8,8,7,12,117
20251116B07,合計（確報値）,約定件数（電源属地別）[件],2,5,27,25,1,7,8,5,5,85
20251116B07,合計（確報値）,最高約定価格（電源属地別）[円/kW・30分],9.7,19.51,19.51,19.51,1.74,19.49,19.49,1.22,2.85,19.51
20251116B07,合計（確報値）,最低約定価格（電源属地別）[円/kW・30分],6.5,1.33,0.73,0.36,1.74,0.36,0.87,0.36,0.85,0.36
20251116B07,合計（確報値）,平均約定価格（電源属地別）[円/kW・30分],9.43,3.12,4.62,1.13,1.74,2.34,1.72,0.62,1.81,2.46
20251116B07,合計（確報値）,最高約定価格（TSO別）[円/kW・30分],9.7,19.51,19.51,5.92,19.51,19.49,19.49,1.22,7.18,19.51
20251116B07,合計（確報値）,最低約定価格（TSO別）[円/kW・30分],1.33,1.33,0.73,0.36,0.36,0.36,0.51,0.36,0.36,0.36
20251116B07,合計（確報値）,平均約定価格（TSO別）[円/kW・30分],7.45,3.15,4.62,0.95,3.03,2.45,1.61,0.61,1.86,2.46
20251116B07,合計（確報値）,約定量合計（TSO別）[MW],32,436.919,806.238,1164.134,143.231,494.204,210.345,83,328,3698.071
20251116B07,合計（確報値）,（内訳）自エリアからの約定量[MW],24,436.919,806.238,1164.134,106,494.204,207.012,83,217,3538.507
20251116B08,システム約定結果,募集量（TSO別）[MW],39,138,442,230,105,462,197,88,298,1999
20251116B08,システム約定結果,応札量合計（電源属地別）[MW],286.65,274.919,755.541,975.928,105,865.215,182.347,88,660.407,4194.007
20251116B08,システム約定結果,落札量合計（電源属地別）[MW],44,274.919,623.441,835.718,105,483.277,149.417,88,159.929,2763.701
20251116B08,システム約定結果,応札件数（電源属地別）[件],6,4,21,15,1,8,5,5,9,74
20251116B08,システム約定結果,落札件数（電源属地別）[件],2,4,19,14,1,8,5,5,8,66
20251116B08,システム約定結果,最高落札価格（電源属地別）[円/kW・30分],13.36,19.51,19.51,19.51,1.02,19.49,19.49,4.78,19.51,19.51
20251116B08,システム約定結果,最低落札価格（電源属地別）[円/kW・30分],8.9,3.64,0.73,2.22,1.02,0.36,0.5,0.36,0.43,0.36
20251116B08,システム約定結果,平均落札価格（電源属地別）[円/kW・30分],10.83,4.98,4.54,3.4,1.02,3.06,1.62,1.56,1.68,3.53
20251116B08,システム約定結果,最高落札価格（TSO別）[円/kW・30分],13.36,19.51,19.51,19.51,1.02,19.49,19.49,4.78,19.51,19.51
20251116B08,システム約定結果,最低落札価格（TSO別）[円/kW・30分],8.9,3.64,0.73,2.22,1.02,0.36,0.5,0.36,0.43,0.36
20251116B08,システム約定結果,平均落札価格（TSO別）[円/kW・30分],10.83,4.98,4.54,3.4,1.02,2.96,1.29,1.49,2.12,3.53
20251116B08,システム約定結果,落札量合計（TSO別）[MW],44,274.919,623.441,835.718,105,473.215,100.8,84.201,222.407,2763.701
20251116B08,システム約定結果,（内訳）自エリアからの落札量[MW],44,274.919,623.441,835.718,105,473.215,97.001,84.201,159.929,2697.424
20251116B08,追加調達結果,募集量（TSO別）[MW],-,-,-,-,-,-,-,-,-,-
20251116B08,追加調達結果,応札量合計（電源属地別）[MW],0,0,0,0,0,0,0,0,0,0
20251116B08,追加調達結果,約定量合計（電源属地別）[MW],0,0,0,0,0,0,0,0,0,0
20251116B08,追加調達結果,応札件数（電源属地別）[件],0,0,0,0,0,0,0,0,0,0
20251116B08,追加調達結果,約定件数（電源属地別）[件],0,0,0,0,0,0,0,0,0,0
20251116B08,追加調達結果,最高約定価格（電源属地別）[円/kW・30分],0,0,0,0,0,0,0,0,0,0
20251116B08,追加調達結果,最低約定価格（電源属地別）[円/kW・30分],0,0,0,0,0,0,0,0,0,0
20251116B08,追加調達結果,平均約定価格（電源属地別）[円/kW・30分],0,0,0,0,0,0,0,0,0,0
20251116B08,追加調達結果,最高約定価格（TSO別）[円/kW・30分],0,0,0,0,0,0,0,0,0,0
20251116B08,追加調達結果,最低約定価格（TSO別）[円/kW・30分],0,0,0,0,0,0,0,0,0,0
20251116B08,追加調達結果,平均約定価格（TSO別）[円/kW・30分],0,0,0,0,0,0,0,0,0,0
20251116B08,追加調達結果,約定量合計（TSO別）[MW],0,0,0,0,0,0,0,0,0,0
20251116B08,追加調達結果,（内訳）自エリアからの約定量[MW],0,0,0,0,0,0,0,0,0,0
20251116B08,合計（確報値）,募集量（TSO別）[MW],39,138,442,230,105,462,197,88,298,1999
20251116B08,合計（確報値）,応札量合計（電源属地別）[MW],305.65,274.919,755.541,1866.838,105,865.215,182.347,88,660.407,5103.917
20251116B08,合計（確報値）,約定量合計（電源属地別）[MW],44,274.919,621.561,835.718,105,406.277,149.417,88,159.929,2684.821
20251116B08,合計（確報値）,応札件数（電源属地別）[件],8,4,21,36,1,8,5,5,9,97
20251116B08,合計（確報値）,約定件数（電源属地別）[件],3,4,18,24,1,7,5,5,8,75
20251116B08,合計（確報値）,最高約定価格（電源属地別）[円/kW・30分],13.36,19.51,19.51,19.51,1.02,19.49,19.49,4.78,19.51,19.51
20251116B08,合計（確報値）,最低約定価格（電源属地別）[円/kW・30分],8.9,3.64,0.73,0.36,1.02,0.36,0.5,0.36,0.43,0.36
20251116B08,合計（確報値）,平均約定価格（電源属地別）[円/kW・30分],10.83,4.98,4.53,0.88,1.02,3.51,1.62,1.56,1.68,2.82
20251116B08,合計（確報値）,最高約定価格（TSO別）[円/kW・30分],13.36,19.51,19.51,19.51,1.02,19.49,19.49,4.78,19.51,19.51
20251116B08,合計（確報値）,最低約定価格（TSO別）[円/kW・30分],8.9,3.64,0.73,0.36,1.02,0.36,0.5,0.36,0.43,0.36
20251116B08,合計（確報値）,平均約定価格（TSO別）[円/kW・30分],10.83,4.98,4.53,0.88,1.02,3.4,1.29,1.49,2.12,2.82
20251116B08,合計（確報値）,約定量合計（TSO別）[MW],44,274.919,621.561,835.718,105,396.215,100.8,84.201,222.407,2684.821
20251116B08,合計（確報値）,（内訳）自エリアからの約定量[MW],44,274.919,621.561,835.718,105,396.215,97.001,84.201,159.929,2618.544
20251117B01,システム約定結果,募集量（TSO別）[MW],55,163,340,41,86,281,189,95,198,1448
20251117B01,システム約定結果,応札量合計（電源属地別）[MW],261.74,260.419,467.539,746.78,86,865.215,180.547,71,658.318,3597.558
20251117B01,システム約定結果,落札量合計（電源属地別）[MW],13,260.419,325.824,683.811,86,353.715,135.913,71,58.318,1988
20251117B01,システム約定結果,応札件数（電源属地別）[件],5,3,15,17,1,8,4,4,8,65
20251117B01,システム約定結果,落札件数（電源属地別）[件],2,3,14,17,1,8,4,4,6,59
20251117B01,システム約定結果,最高落札価格（電源属地別）[円/kW・30分],13.82,19.51,19.51,19.51,0.87,19.49,1.55,4.78,19.51,19.51
20251117B01,システム約定結果,最低落札価格（電源属地別）[円/kW・30分],11,3.78,1.11,1.96,0.87,0.36,0.36,0.36,0.36,0.36
20251117B01,システム約定結果,平均落札価格（電源属地別）[円/kW・30分],13.39,4.3,2.39,2.62,0.87,4.23,0.99,1.42,2.47,2.93
20251117B01,システム約定結果,最高落札価格（TSO別）[円/kW・30分],13.82,19.51,19.51,2.82,2.79,19.51,19.51,4.78,19.51,19.51
20251117B01,システム約定結果,最低落札価格（TSO別）[円/kW・30分],3.78,3.78,1.11,2.17,0.87,0.36,0.36,0.36,0.36,0.36
20251117B01,システム約定結果,平均落札価格（TSO別）[円/kW・30分],6.05,4.4,2.39,2.7,1.6,3.93,1.73,1.42,2.48,2.93
20251117B01,システム約定結果,落札量合計（TSO別）[MW],55,218.419,325.824,395.733,142,433.98,285.347,71,60.697,1988
20251117B01,システム約定結果,（内訳）自エリアからの落札量[MW],13,218.419,325.824,395.733,86,353.715,135.913,71,58.318,1657.922
20251117B01,追加調達結果,募集量（TSO別）[MW],-,-,-,-,-,-,-,-,-,-
20251117B01,追加調達結果,応札量合計（電源属地別）[MW],0,0,0,0,0,0,0,0,0,0
20251117B01,追加調達結果,約定量合計（電源属地別）[MW],0,0,0,0,0,0,0,0,0,0
20251117B01,追加調達結果,応札件数（電源属地別）[件],0,0,0,0,0,0,0,0,0,0
20251117B01,追加調達結果,約定件数（電源属地別）[件],0,0,0,0,0,0,0,0,0,0
20251117B01,追加調達結果,最高約定価格（電源属地別）[円/kW・30分],0,0,0,0,0,0,0,0,0,0
20251117B01,追加調達結果,最低約定価格（電源属地別）[円/kW・30分],0,0,0,0,0,0,0,0,0,0
20251117B01,追加調達結果,平均約定価格（電源属地別）[円/kW・30分],0,0,0,0,0,0,0,0,0,0
20251117B01,追加調達結果,最高約定価格（TSO別）[円/kW・30分],0,0,0,0,0,0,0,0,0,0
20251117B01,追加調達結果,最低約定価格（TSO別）[円/kW・30分],0,0,0,0,0,0,0,0,0,0
20251117B01,追加調達結果,平均約定価格（TSO別）[円/kW・30分],0,0,0,0,0,0,0,0,0,0
20251117B01,追加調達結果,約定量合計（TSO別）[MW],0,0,0,0,0,0,0,0,0,0
20251117B01,追加調達結果,（内訳）自エリアからの約定量[MW],0,0,0,0,0,0,0,0,0,0
20251117B01,合計（確報値）,募集量（TSO別）[MW],55,163,340,41,86,281,189,95,198,1448
20251117B01,合計（確報値）,応札量合計（電源属地別）[MW],272.75,260.419,467.539,1361.828,86,889.159,180.547,71,658.318,4247.56
20251117B01,合計（確報値）,約定量合計（電源属地別）[MW],13,260.419,323.944,683.811,86,300.659,135.913,71,58.318,1933.064
20251117B01,合計（確報値）,応札件数（電源属地別）[件],7,3,15,59,1,9,4,4,8,110
20251117B01,合計（確報値）,約定件数（電源属地別）[件],3,3,13,46,1,8,4,4,6,88
20251117B01,合計（確報値）,最高約定価格（電源属地別）[円/kW・30分],13.82,19.51,19.51,19.51,0.87,19.49,1.55,4.78,19.51,19.51
20251117B01,合計（確報値）,最低約定価格（電源属地別）[円/kW・30分],11,3.78,1.11,0.36,0.87,0.36,0.36,0.36,0.36,0.36
20251117B01,合計（確報値）,平均約定価格（電源属地別）[円/kW・30分],13.39,4.3,2.35,0.79,0.87,4.83,0.99,1.42,2.47,2.33
20251117B01,合計（確報値）,最高約定価格（TSO別）[円/kW・30分],13.82,19.51,19.51,2.17,0.87,19.51,19.51,4.78,19.51,19.51
20251117B01,合計（確報値）,最低約定価格（TSO別）[円/kW・30分],3.78,3.78,1.11,0.36,0.36,0.36,0.36,0.36,0.36,0.36
20251117B01,合計（確報値）,平均約定価格（TSO別）[円/kW・30分],6.05,4.4,2.35,0.38,0.67,4.17,1.27,1.42,2.39,2.33
20251117B01,合計（確報値）,約定量合計（TSO別）[MW],55,218.419,323.944,395.733,142,380.924,285.347,71,60.697,1933.064
20251117B01,合計（確報値）,（内訳）自エリアからの約定量[MW],13,218.419,323.944,395.733,86,300.659,135.913,71,58.318,1602.986
20251117B02,システム約定結果,募集量（TSO別）[MW],28,333,335,158,92,380,189,99,300,1914
20251117B02,システム約定結果,応札量合計（電源属地別）[MW],280.35,444.919,676.68,897.718,92,865.215,182.347,235,583.296,4257.525
20251117B02,システム約定結果,落札量合計（電源属地別）[MW],14,444.919,542.58,865.766,92,370.215,125.713,104.733,191.296,2751.222
20251117B02,システム約定結果,応札件数（電源属地別）[件],6,5,23,18,1,8,5,6,10,82
20251117B02,システム約定結果,落札件数（電源属地別）[件],1,5,19,18,1,8,5,6,9,72
20251117B02,システム約定結果,最高落札価格（電源属地別）[円/kW・30分],10,19.51,19.51,19.51,1.91,19.49,19.49,5.63,19.51,19.51
20251117B02,システム約定結果,最低落札価格（電源属地別）[円/kW・30分],10,1.93,0.73,2.06,1.91,0.36,0.36,0.36,0.36,0.36
20251117B02,システム約定結果,平均落札価格（電源属地別）[円/kW・30分],10,3.76,2.82,3.04,1.91,3.85,1.73,1.7,1.58,3.01
20251117B02,システム約定結果,最高落札価格（TSO別）[円/kW・30分],10,19.51,19.51,3.8,3.8,19.51,19.49,5.63,19.51,19.51
20251117B02,システム約定結果,最低落札価格（TSO別）[円/kW・30分],1.93,1.93,0.73,2.16,1.91,0.36,0.36,0.36,0.36,0.36
20251117B02,システム約定結果,平均落札価格（TSO別）[円/kW・30分],5.97,3.82,2.82,2.96,2.32,3.73,1.74,1.76,1.71,3.01
20251117B02,システム約定結果,落札量合計（TSO別）[MW],28,430.919,542.58,667.237,123,507.48,116.71,99,236.296,2751.222
20251117B02,システム約定結果,（内訳）自エリアからの落札量[MW],14,430.919,542.58,667.237,67,370.215,78.012,99,191.296,2460.259
20251117B02,追加調達結果,募集量（TSO別）[MW],-,-,-,-,-,-,-,-,-,-
20251117B02,追加調達結果,応札量合計（電源属地別）[MW],0,0,0,0,0,0,0,0,0,0
20251117B02,追加調達結果,約定量合計（電源属地別）[MW],0,0,0,0,0,0,0,0,0,0
20251117B02,追加調達結果,応札件数（電源属地別）[件],0,0,0,0,0,0,0,0,0,0
20251117B02,追加調達結果,約定件数（電源属地別）[件],0,0,0,0,0,0,0,0,0,0
20251117B02,追加調達結果,最高約定価格（電源属地別）[円/kW・30分],0,0,0,0,0,0,0,0,0,0
20251117B02,追加調達結果,最低約定価格（電源属地別）[円/kW・30分],0,0,0,0,0,0,0,0,0,0
20251117B02,追加調達結果,平均約定価格（電源属地別）[円/kW・30分],0,0,0,0,0,0,0,0,0,0
20251117B02,追加調達結果,最高約定価格（TSO別）[円/kW・30分],0,0,0,0,0,0,0,0,0,0
20251117B02,追加調達結果,最低約定価格（TSO別）[円/kW・30分],0,0,0,0,0,0,0,0,0,0
20251117B02,追加調達結果,平均約定価格（TSO別）[円/kW・30分],0,0,0,0,0,0,0,0,0,0
20251117B02,追加調達結果,約定量合計（TSO別）[MW],0,0,0,0,0,0,0,0,0,0
20251117B02,追加調達結果,（内訳）自エリアからの約定量[MW],0,0,0,0,0,0,0,0,0,0
20251117B02,合計（確報値）,募集量（TSO別）[MW],28,333,335,158,92,380,189,99,300,1914
20251117B02,合計（確報値）,応札量合計（電源属地別）[MW],280.35,444.919,676.68,1892.824,92,889.159,182.347,235,583.296,5276.575
20251117B02,合計（確報値）,約定量合計（電源属地別）[MW],14,444.919,540.7,865.766,92,317.159,125.713,104.733,191.296,2696.286
20251117B02,合計（確報値）,応札件数（電源属地別）[件],6,5,23,67,1,9,5,6,10,132
20251117B02,合計（確報値）,約定件数（電源属地別）[件],1,5,18,49,1,8,5,6,9,102
20251117B02,合計（確報値）,最高約定価格（電源属地別）[円/kW・30分],10,19.51,19.51,19.51,1.91,19.49,19.49,5.63,19.51,19.51
20251117B02,合計（確報値）,最低約定価格（電源属地別）[円/kW・30分],10,1.93,0.73,0.36,1.91,0.36,0.36,0.36,0.36,0.36
20251117B02,合計（確報値）,平均約定価格（電源属地別）[円/kW・30分],10,3.76,2.8,0.71,1.91,4.16,1.73,1.7,1.58,2.27
20251117B02,合計（確報値）,最高約定価格（TSO別）[円/kW・30分],10,19.51,19.51,2.25,1.91,19.51,19.49,5.63,19.51,19.51
20251117B02,合計（確報値）,最低約定価格（TSO別）[円/kW・30分],1.93,1.93,0.73,0.36,0.36,0.36,0.36,0.36,0.36,0.36
20251117B02,合計（確報値）,平均約定価格（TSO別）[円/kW・30分],5.97,3.82,2.8,0.49,1.2,3.58,1.06,1.76,1.71,2.27
20251117B02,合計（確報値）,約定量合計（TSO別）[MW],28,430.919,540.7,667.237,123,454.424,116.71,99,236.296,2696.286
20251117B02,合計（確報値）,（内訳）自エリアからの約定量[MW],14,430.919,540.7,667.237,67,317.159,78.012,99,191.296,2405.323
20251117B03,システム約定結果,募集量（TSO別）[MW],134,932,481,400,127,605,284,174,427,3564
20251117B03,システム約定結果,応札量合計（電源属地別）[MW],261.74,784.919,1011.921,132.858,127,209.215,182.347,133,438.22,3281.22
20251117B03,システム約定結果,落札量合計（電源属地別）[MW],15,784.919,706.742,132.858,127,209.215,182.347,133,326.673,2617.754
20251117B03,システム約定結果,応札件数（電源属地別）[件],5,7,19,5,2,4,5,4,10,61
20251117B03,システム約定結果,落札件数（電源属地別）[件],3,7,18,5,2,4,5,4,10,58
20251117B03,システム約定結果,最高落札価格（電源属地別）[円/kW・30分],14.07,19.51,19.51,19.51,2.45,19.51,19.51,4.78,19.51,19.51
20251117B03,システム約定結果,最低落札価格（電源属地別）[円/kW・30分],11,1.91,1.11,2.34,2.4,1.5,0.51,0.36,0.36,0.36
20251117B03,システム約定結果,平均落札価格（電源属地別）[円/kW・30分],13.8,3.42,3.17,3.98,2.42,5.84,1.5,0.88,1.59,3.09
20251117B03,システム約定結果,最高落札価格（TSO別）[円/kW・30分],14.07,19.51,19.51,19.51,3.68,19.51,19.51,4.78,19.51,19.51
20251117B03,システム約定結果,最低落札価格（TSO別）[円/kW・30分],3.13,1.11,3.68,1.11,2.4,1.5,0.51,0.36,0.36,0.36
20251117B03,システム約定結果,平均落札価格（TSO別）[円/kW・30分],4.49,2.86,5.21,3.34,2.94,5.67,1.57,0.88,1.55,3.09
20251117B03,システム約定結果,落札量合計（TSO別）[MW],134,998.919,238.907,256.346,127,220.562,169.8,133,339.22,2617.754
20251117B03,システム約定結果,（内訳）自エリアからの落札量[MW],15,694.919,238.907,80.346,62.653,209.215,169.8,133,326.673,1930.513
20251117B03,追加調達結果,募集量（TSO別）[MW],-,-,-,-,-,-,-,-,-,-
20251117B03,追加調達結果,応札量合計（電源属地別）[MW],0,0,0,0,0,0,0,0,0,0
20251117B03,追加調達結果,約定量合計（電源属地別）[MW],0,0,0,0,0,0,0,0,0,0
20251117B03,追加調達結果,応札件数（電源属地別）[件],0,0,0,0,0,0,0,0,0,0
20251117B03,追加調達結果,約定件数（電源属地別）[件],0,0,0,0,0,0,0,0,0,0
20251117B03,追加調達結果,最高約定価格（電源属地別）[円/kW・30分],0,0,0,0,0,0,0,0,0,0
20251117B03,追加調達結果,最低約定価格（電源属地別）[円/kW・30分],0,0,0,0,0,0,0,0,0,0
20251117B03,追加調達結果,平均約定価格（電源属地別）[円/kW・30分],0,0,0,0,0,0,0,0,0,0
20251117B03,追加調達結果,最高約定価格（TSO別）[円/kW・30分],0,0,0,0,0,0,0,0,0,0
20251117B03,追加調達結果,最低約定価格（TSO別）[円/kW・30分],0,0,0,0,0,0,0,0,0,0
20251117B03,追加調達結果,平均約定価格（TSO別）[円/kW・30分],0,0,0,0,0,0,0,0,0,0
20251117B03,追加調達結果,約定量合計（TSO別）[MW],0,0,0,0,0,0,0,0,0,0
20251117B03,追加調達結果,（内訳）自エリアからの約定量[MW],0,0,0,0,0,0,0,0,0,0
20251117B03,合計（確報値）,募集量（TSO別）[MW],134,932,481,400,127,605,284,174,427,3564
20251117B03,合計（確報値）,応札量合計（電源属地別）[MW],271.74,954.919,1320.242,259.858,127,209.215,182.347,133,438.22,3896.541
20251117B03,合計（確報値）,約定量合計（電源属地別）[MW],15,784.919,706.742,132.858,127,209.215,182.347,133,326.673,2617.754
20251117B03,合計（確報値）,応札件数（電源属地別）[件],7,13,21,10,2,4,5,4,10,76
20251117B03,合計（確報値）,約定件数（電源属地別）[件],4,12,19,8,2,4,5,4,10,68
20251117B03,合計（確報値）,最高約定価格（電源属地別）[円/kW・30分],14.07,19.51,19.51,19.51,2.45,19.51,19.51,4.78,19.51,19.51
20251117B03,合計（確報値）,最低約定価格（電源属地別）[円/kW・30分],11,1.27,1.11,0.36,2.4,1.5,0.51,0.36,0.36,0.36
20251117B03,合計（確報値）,平均約定価格（電源属地別）[円/kW・30分],13.8,3.02,3.17,1.2,2.42,5.84,1.5,0.88,1.59,2.83
20251117B03,合計（確報値）,最高約定価格（TSO別）[円/kW・30分],14.07,19.51,19.51,19.51,3.68,19.51,19.51,4.78,19.51,19.51
20251117B03,合計（確報値）,最低約定価格（TSO別）[円/kW・30分],1.27,1.11,3.68,0.36,0.36,1.5,0.51,0.36,0.36,0.36
20251117B03,合計（確報値）,平均約定価格（TSO別）[円/kW・30分],3.46,2.69,5.21,2.52,1.69,5.67,1.57,0.88,1.55,2.83
20251117B03,合計（確報値）,約定量合計（TSO別）[MW],134,998.919,238.907,256.346,127,220.562,169.8,133,339.22,2617.754
20251117B03,合計（確報値）,（内訳）自エリアからの約定量[MW],15,694.919,238.907,80.346,62.653,209.215,169.8,133,326.673,1930.513
20251117B04,システム約定結果,募集量（TSO別）[MW],116,222,490,264,194,869,486,219,604,3464
20251117B04,システム約定結果,応札量合計（電源属地別）[MW],614.65,434.5,399.467,7.718,194,303.213,150.847,181,673.719,2959.114
20251117B04,システム約定結果,落札量合計（電源属地別）[MW],33,434.5,399.467,7.718,194,303.213,150.847,181,658.552,2362.297
20251117B04,システム約定結果,応札件数（電源属地別）[件],9,3,25,4,2,5,3,4,11,66
20251117B04,システム約定結果,落札件数（電源属地別）[件],2,3,25,4,2,5,3,4,11,59
20251117B04,システム約定結果,最高落札価格（電源属地別）[円/kW・30分],10,19.51,19.51,19.51,1.09,9.07,1.86,4.78,19.51,19.51
20251117B04,システム約定結果,最低落札価格（電源属地別）[円/kW・30分],0.63,3.17,0.73,19.47,1.04,0.36,0.36,0.36,0.36,0.36
20251117B04,システム約定結果,平均落札価格（電源属地別）[円/kW・30分],7.16,4.8,2.66,19.49,1.06,5.02,1.07,0.78,3.56,3.35
20251117B04,システム約定結果,最高落札価格（TSO別）[円/kW・30分],10,19.51,19.51,3.17,19.51,9.07,12.38,4.78,19.51,19.51
20251117B04,システム約定結果,最低落札価格（TSO別）[円/kW・30分],0.63,3.17,0.73,1.04,1.04,0.36,0.36,0.36,0.36,0.36
20251117B04,システム約定結果,平均落札価格（TSO別）[円/kW・30分],4.44,5.86,3,2.56,1.79,4.94,1.19,0.78,4.11,3.35
20251117B04,システム約定結果,落札量合計（TSO別）[MW],135,220.5,411.467,102,193.718,309.213,281.68,181,527.719,2362.297
20251117B04,システム約定結果,（内訳）自エリアからの落札量[MW],33,220.5,371.467,0,186,303.213,150.847,181,527.719,1973.746
20251117B04,追加調達結果,募集量（TSO別）[MW],-,-,-,-,-,-,-,-,-,-
20251117B04,追加調達結果,応札量合計（電源属地別）[MW],0,0,0,0,0,0,0,0,0,0
20251117B04,追加調達結果,約定量合計（電源属地別）[MW],0,0,0,0,0,0,0,0,0,0
20251117B04,追加調達結果,応札件数（電源属地別）[件],0,0,0,0,0,0,0,0,0,0
20251117B04,追加調達結果,約定件数（電源属地別）[件],0,0,0,0,0,0,0,0,0,0
20251117B04,追加調達結果,最高約定価格（電源属地別）[円/kW・30分],0,0,0,0,0,0,0,0,0,0
20251117B04,追加調達結果,最低約定価格（電源属地別）[円/kW・30分],0,0,0,0,0,0,0,0,0,0
20251117B04,追加調達結果,平均約定価格（電源属地別）[円/kW・30分],0,0,0,0,0,0,0,0,0,0
20251117B04,追加調達結果,最高約定価格（TSO別）[円/kW・30分],0,0,0,0,0,0,0,0,0,0
20251117B04,追加調達結果,最低約定価格（TSO別）[円/kW・30分],0,0,0,0,0,0,0,0,0,0
20251117B04,追加調達結果,平均約定価格（TSO別）[円/kW・30分],0,0,0,0,0,0,0,0,0,0
20251117B04,追加調達結果,約定量合計（TSO別）[MW],0,0,0,0,0,0,0,0,0,0
20251117B04,追加調達結果,（内訳）自エリアからの約定量[MW],0,0,0,0,0,0,0,0,0,0
20251117B04,合計（確報値）,募集量（TSO別）[MW],116,222,490,264,194,869,486,219,604,3464
20251117B04,合計（確報値）,応札量合計（電源属地別）[MW],614.65,434.5,399.467,7.718,194,303.213,150.847,181,1094.552,3379.947
20251117B04,合計（確報値）,約定量合計（電源属地別）[MW],33,434.5,397.587,7.718,194,225.5,150.847,181,658.552,2282.704
20251117B04,合計（確報値）,応札件数（電源属地別）[件],9,3,25,4,2,5,3,4,20,75
20251117B04,合計（確報値）,約定件数（電源属地別）[件],2,3,24,4,2,4,3,4,16,62
20251117B04,合計（確報値）,最高約定価格（電源属地別）[円/kW・30分],10,19.51,19.51,19.51,1.09,9.07,1.86,4.78,19.51,19.51
20251117B04,合計（確報値）,最低約定価格（電源属地別）[円/kW・30分],0.63,3.17,0.73,19.47,1.04,0.36,0.36,0.36,0.36,0.36
20251117B04,合計（確報値）,平均約定価格（電源属地別）[円/kW・30分],7.16,4.8,2.63,19.49,1.06,6.46,1.07,0.78,1.14,2.73
20251117B04,合計（確報値）,最高約定価格（TSO別）[円/kW・30分],10,19.51,19.51,3.17,19.51,9.07,2.18,4.78,19.51,19.51
20251117B04,合計（確報値）,最低約定価格（TSO別）[円/kW・30分],0.63,3.17,0.73,1.04,1.04,0.36,0.36,0.36,0.36,0.36
20251117B04,合計（確報値）,平均約定価格（TSO別）[円/kW・30分],4.44,5.86,2.97,2.56,1.79,6.32,0.82,0.78,1.3,2.73
20251117B04,合計（確報値）,約定量合計（TSO別）[MW],135,220.5,409.587,102,193.718,231.5,281.68,181,527.719,2282.704
20251117B04,合計（確報値）,（内訳）自エリアからの約定量[MW],33,220.5,369.587,0,186,225.5,150.847,181,527.719,1894.153
20251117B05,システム約定結果,募集量（TSO別）[MW],32,217,360,383,194,588,361,145,537,2817
20251117B05,システム約定結果,応札量合計（電源属地別）[MW],405.94,444.919,287.647,7.718,194,1019.215,142.691,117,605.433,3224.563
20251117B05,システム約定結果,落札量合計（電源属地別）[MW],23,444.919,283.667,7.718,194,855.781,127.113,117,403.383,2456.581
20251117B05,システム約定結果,応札件数（電源属地別）[件],7,5,27,4,2,8,4,4,18,79
20251117B05,システム約定結果,落札件数（電源属地別）[件],2,5,24,4,2,8,4,4,15,68
20251117B05,システム約定結果,最高落札価格（電源属地別）[円/kW・30分],10,19.51,19.51,19.51,0.84,19.51,19.51,4.78,19.51,19.51
20251117B05,システム約定結果,最低落札価格（電源属地別）[円/kW・30分],8.5,2.89,0.32,19.47,0.79,0.36,0.36,0.36,0.36,0.32
20251117B05,システム約定結果,平均落札価格（電源属地別）[円/kW・30分],9.01,4.79,3.03,19.49,0.81,2.12,1.36,1.03,3.63,2.88
20251117B05,システム約定結果,最高落札価格（TSO別）[円/kW・30分],10,19.51,19.51,19.51,0.84,19.51,19.51,4.78,19.51,19.51
20251117B05,システム約定結果,最低落札価格（TSO別）[円/kW・30分],2.89,2.89,0.73,0.32,0.32,0.36,0.36,0.36,0.36,0.32
20251117B05,システム約定結果,平均落札価格（TSO別）[円/kW・30分],7.46,5.3,3.61,1.79,0.78,2.88,1.28,1.03,3.48,2.88
20251117B05,システム約定結果,落札量合計（TSO別）[MW],32.8,324.786,259.467,277.718,194,527.627,287.8,117,435.383,2456.581
20251117B05,システム約定結果,（内訳）自エリアからの落札量[MW],23,324.786,226.467,7.718,183.467,527.627,95.113,117,403.383,1908.561
20251117B05,追加調達結果,募集量（TSO別）[MW],-,-,-,-,-,-,-,-,-,-
20251117B05,追加調達結果,応札量合計（電源属地別）[MW],0,0,0,0,0,0,0,0,0,0
20251117B05,追加調達結果,約定量合計（電源属地別）[MW],0,0,0,0,0,0,0,0,0,0
20251117B05,追加調達結果,応札件数（電源属地別）[件],0,0,0,0,0,0,0,0,0,0
20251117B05,追加調達結果,約定件数（電源属地別）[件],0,0,0,0,0,0,0,0,0,0
20251117B05,追加調達結果,最高約定価格（電源属地別）[円/kW・30分],0,0,0,0,0,0,0,0,0,0
20251117B05,追加調達結果,最低約定価格（電源属地別）[円/kW・30分],0,0,0,0,0,0,0,0,0,0
20251117B05,追加調達結果,平均約定価格（電源属地別）[円/kW・30分],0,0,0,0,0,0,0,0,0,0
20251117B05,追加調達結果,最高約定価格（TSO別）[円/kW・30分],0,0,0,0,0,0,0,0,0,0
20251117B05,追加調達結果,最低約定価格（TSO別）[円/kW・30分],0,0,0,0,0,0,0,0,0,0
20251117B05,追加調達結果,平均約定価格（TSO別）[円/kW・30分],0,0,0,0,0,0,0,0,0,0
20251117B05,追加調達結果,約定量合計（TSO別）[MW],0,0,0,0,0,0,0,0,0,0
20251117B05,追加調達結果,（内訳）自エリアからの約定量[MW],0,0,0,0,0,0,0,0,0,0
20251117B05,合計（確報値）,募集量（TSO別）[MW],32,217,360,383,194,588,361,145,537,2817
20251117B05,合計（確報値）,応札量合計（電源属地別）[MW],405.94,614.919,287.647,7.718,194,1019.215,142.691,117,978.433,3767.563
20251117B05,合計（確報値）,約定量合計（電源属地別）[MW],23,444.919,283.667,7.718,194,778.068,127.113,117,402.033,2377.518
20251117B05,合計（確報値）,応札件数（電源属地別）[件],7,12,27,4,2,8,4,4,26,94
20251117B05,合計（確報値）,約定件数（電源属地別）[件],2,11,24,4,2,7,4,4,19,77
20251117B05,合計（確報値）,最高約定価格（電源属地別）[円/kW・30分],10,19.51,19.51,19.51,0.84,19.51,19.51,4.78,19.51,19.51
20251117B05,合計（確報値）,最低約定価格（電源属地別）[円/kW・30分],8.5,1.85,0.32,19.47,0.79,0.36,0.36,0.36,0.36,0.32
20251117B05,合計（確報値）,平均約定価格（電源属地別）[円/kW・30分],9.01,4.39,3.03,19.49,0.81,2.29,1.36,1.03,1.53,2.53
20251117B05,合計（確報値）,最高約定価格（TSO別）[円/kW・30分],10,19.51,19.51,19.51,0.84,19.51,19.51,4.78,19.51,19.51
20251117B05,合計（確報値）,最低約定価格（TSO別）[円/kW・30分],1.85,1.85,0.73,0.32,0.32,0.36,0.36,0.36,0.36,0.32
20251117B05,合計（確報値）,平均約定価格（TSO別）[円/kW・30分],7.31,5.03,3.47,1.61,0.78,2.88,1.6,1.03,1.54,2.53
20251117B05,合計（確報値）,約定量合計（TSO別）[MW],32.8,324.786,259.467,277.718,194,527.627,210.087,117,434.033,2377.518
20251117B05,合計（確報値）,（内訳）自エリアからの約定量[MW],23,324.786,226.467,7.718,183.467,527.627,95.113,117,402.033,1907.211
20251117B06,システム約定結果,募集量（TSO別）[MW],36,732,527,402,120,692,340,179,549,3577
20251117B06,システム約定結果,応札量合計（電源属地別）[MW],302.65,614.919,739.453,823.996,120,211.215,420.109,134,673.383,4039.725
20251117B06,システム約定結果,落札量合計（電源属地別）[MW],36,614.919,513.435,315.3,120,211.215,226.628,134,516.767,2688.264
20251117B06,システム約定結果,応札件数（電源属地別）[件],7,6,29,6,1,5,9,4,17,84
20251117B06,システム約定結果,落札件数（電源属地別）[件],2,6,27,5,1,5,8,4,17,75
20251117B06,システム約定結果,最高落札価格（電源属地別）[円/kW・30分],11,19.51,19.51,19.51,3,19.51,19.51,4.78,19.51,19.51
20251117B06,システム約定結果,最低落札価格（電源属地別）[円/kW・30分],10,0.98,0.73,2.25,3,1.5,1.92,0.36,1.28,0.36
20251117B06,システム約定結果,平均落札価格（電源属地別）[円/kW・30分],10.44,2.3,3.42,2.67,3,5.31,3.63,0.91,2.75,3.06
20251117B06,システム約定結果,最高落札価格（TSO別）[円/kW・30分],11,19.51,19.51,19.51,3,19.51,19.51,4.78,19.51,19.51
20251117B06,システム約定結果,最低落札価格（TSO別）[円/kW・30分],10,0.98,0.73,1.11,2.25,1.5,1.92,0.36,1.28,0.36
20251117B06,システム約定結果,平均落札価格（TSO別）[円/kW・30分],10.44,2.12,4,2.61,2.99,5.31,3.58,0.91,2.73,3.06
20251117B06,システム約定結果,落札量合計（TSO別）[MW],36,707.697,431.567,311.39,113,211.215,252.012,134,491.383,2688.264
20251117B06,システム約定結果,（内訳）自エリアからの落札量[MW],36,527.697,197.787,167.742,112,211.215,226.628,134,491.383,2104.452
20251117B06,追加調達結果,募集量（TSO別）[MW],-,-,-,-,-,-,-,-,-,-
20251117B06,追加調達結果,応札量合計（電源属地別）[MW],0,0,0,0,0,0,0,0,0,0
20251117B06,追加調達結果,約定量合計（電源属地別）[MW],0,0,0,0,0,0,0,0,0,0
20251117B06,追加調達結果,応札件数（電源属地別）[件],0,0,0,0,0,0,0,0,0,0
20251117B06,追加調達結果,約定件数（電源属地別）[件],0,0,0,0,0,0,0,0,0,0
20251117B06,追加調達結果,最高約定価格（電源属地別）[円/kW・30分],0,0,0,0,0,0,0,0,0,0
20251117B06,追加調達結果,最低約定価格（電源属地別）[円/kW・30分],0,0,0,0,0,0,0,0,0,0
20251117B06,追加調達結果,平均約定価格（電源属地別）[円/kW・30分],0,0,0,0,0,0,0,0,0,0
20251117B06,追加調達結果,最高約定価格（TSO別）[円/kW・30分],0,0,0,0,0,0,0,0,0,0
20251117B06,追加調達結果,最低約定価格（TSO別）[円/kW・30分],0,0,0,0,0,0,0,0,0,0
20251117B06,追加調達結果,平均約定価格（TSO別）[円/kW・30分],0,0,0,0,0,0,0,0,0,0
20251117B06,追加調達結果,約定量合計（TSO別）[MW],0,0,0,0,0,0,0,0,0,0
20251117B06,追加調達結果,（内訳）自エリアからの約定量[MW],0,0,0,0,0,0,0,0,0,0
20251117B06,合計（確報値）,募集量（TSO別）[MW],36,732,527,402,120,692,340,179,549,3577
20251117B06,合計（確報値）,応札量合計（電源属地別）[MW],302.65,784.919,739.453,1318.16,120,211.215,420.109,134,673.383,4703.889
20251117B06,合計（確報値）,約定量合計（電源属地別）[MW],36,614.919,512.435,315.3,120,211.215,226.628,134,515.417,2685.914
20251117B06,合計（確報値）,応札件数（電源属地別）[件],7,9,29,22,1,5,9,4,17,103
20251117B06,合計（確報値）,約定件数（電源属地別）[件],2,8,26,14,1,5,8,4,16,84
20251117B06,合計（確報値）,最高約定価格（電源属地別）[円/kW・30分],11,19.51,19.51,19.51,3,19.51,19.51,4.78,19.51,19.51
20251117B06,合計（確報値）,最低約定価格（電源属地別）[円/kW・30分],10,0.98,0.73,0.36,3,1.5,1.92,0.36,1.28,0.36
20251117B06,合計（確報値）,平均約定価格（電源属地別）[円/kW・30分],10.44,2.3,3.41,0.83,3,5.31,3.63,0.91,2.71,2.84
20251117B06,合計（確報値）,最高約定価格（TSO別）[円/kW・30分],11,19.51,19.51,19.51,3,19.51,19.51,4.78,19.51,19.51
20251117B06,合計（確報値）,最低約定価格（TSO別）[円/kW・30分],10,0.98,0.36,0.36,0.36,1.5,1.92,0.36,1.28,0.36
20251117B06,合計（確報値）,平均約定価格（TSO別）[円/kW・30分],10.44,2.12,3.34,1.64,2.98,5.31,3.58,0.91,2.69,2.84
20251117B06,合計（確報値）,約定量合計（TSO別）[MW],36,707.697,430.567,311.39,113,211.215,252.012,134,490.033,2685.914
20251117B06,合計（確報値）,（内訳）自エリアからの約定量[MW],36,527.697,196.787,167.742,112,211.215,226.628,134,490.033,2102.102
20251117B07,システム約定結果,募集量（TSO別）[MW],32,263,460,206,106,574,305,83,328,2357
20251117B07,システム約定結果,応札量合計（電源属地別）[MW],300.74,274.919,569.871,396.3,106,356.428,499.421,247,615.566,3366.245
20251117B07,システム約定結果,落札量合計（電源属地別）[MW],24,274.919,512.671,315.3,106,356.428,397.587,86.333,317.991,2391.229
20251117B07,システム約定結果,応札件数（電源属地別）[件],7,4,25,6,1,9,11,7,15,85
20251117B07,システム約定結果,落札件数（電源属地別）[件],2,4,24,5,1,9,10,5,14,74
20251117B07,システム約定結果,最高落札価格（電源属地別）[円/kW・30分],10,19.51,19.51,19.51,3.35,19.49,19.51,2.23,19.51,19.51
20251117B07,システム約定結果,最低落札価格（電源属地別）[円/kW・30分],6.5,2.87,0.73,1.81,3.35,0.55,1.88,0.36,1.03,0.36
20251117B07,システム約定結果,平均落札価格（電源属地別）[円/kW・30分],9.71,4.28,4.47,2.24,3.35,4.09,3.28,0.67,2.51,3.51
20251117B07,システム約定結果,最高落札価格（TSO別）[円/kW・30分],10,19.51,19.51,19.51,3.35,19.49,19.51,2.23,19.51,19.51
20251117B07,システム約定結果,最低落札価格（TSO別）[円/kW・30分],3.59,2.87,0.73,1.81,3.35,0.55,0.36,0.36,1.03,0.36
20251117B07,システム約定結果,平均落札価格（TSO別）[円/kW・30分],8.18,4.24,4.51,2.24,3.35,3.76,3.34,0.68,2.47,3.51
20251117B07,システム約定結果,落札量合計（TSO別）[MW],32,289.919,489.671,315.3,106,523.215,265.8,83,286.324,2391.229
20251117B07,システム約定結果,（内訳）自エリアからの落札量[MW],24,274.919,489.671,315.3,106,328.215,207.012,83,286.324,2114.441
20251117B07,追加調達結果,募集量（TSO別）[MW],-,-,-,-,-,-,-,-,-,-
20251117B07,追加調達結果,応札量合計（電源属地別）[MW],0,0,0,0,0,0,0,0,0,0
20251117B07,追加調達結果,約定量合計（電源属地別）[MW],0,0,0,0,0,0,0,0,0,0
20251117B07,追加調達結果,応札件数（電源属地別）[件],0,0,0,0,0,0,0,0,0,0
20251117B07,追加調達結果,約定件数（電源属地別）[件],0,0,0,0,0,0,0,0,0,0
20251117B07,追加調達結果,最高約定価格（電源属地別）[円/kW・30分],0,0,0,0,0,0,0,0,0,0
20251117B07,追加調達結果,最低約定価格（電源属地別）[円/kW・30分],0,0,0,0,0,0,0,0,0,0
20251117B07,追加調達結果,平均約定価格（電源属地別）[円/kW・30分],0,0,0,0,0,0,0,0,0,0
20251117B07,追加調達結果,最高約定価格（TSO別）[円/kW・30分],0,0,0,0,0,0,0,0,0,0
20251117B07,追加調達結果,最低約定価格（TSO別）[円/kW・30分],0,0,0,0,0,0,0,0,0,0
20251117B07,追加調達結果,平均約定価格（TSO別）[円/kW・30分],0,0,0,0,0,0,0,0,0,0
20251117B07,追加調達結果,約定量合計（TSO別）[MW],0,0,0,0,0,0,0,0,0,0
20251117B07,追加調達結果,（内訳）自エリアからの約定量[MW],0,0,0,0,0,0,0,0,0,0
20251117B07,合計（確報値）,募集量（TSO別）[MW],32,263,460,206,106,574,305,83,328,2357
20251117B07,合計（確報値）,応札量合計（電源属地別）[MW],300.74,274.919,569.871,866.464,106,380.372,499.421,275.666,615.566,3889.019
20251117B07,合計（確報値）,約定量合計（電源属地別）[MW],24,274.919,512.671,315.3,106,302.659,397.587,86.333,316.641,2336.11
20251117B07,合計（確報値）,応札件数（電源属地別）[件],7,4,25,17,1,11,11,11,15,102
20251117B07,合計（確報値）,約定件数（電源属地別）[件],2,4,24,11,1,10,10,6,13,81
20251117B07,合計（確報値）,最高約定価格（電源属地別）[円/kW・30分],10,19.51,19.51,19.51,3.35,19.49,19.51,2.23,19.51,19.51
20251117B07,合計（確報値）,最低約定価格（電源属地別）[円/kW・30分],6.5,2.87,0.73,0.36,3.35,0.55,1.88,0.36,1.03,0.36
20251117B07,合計（確報値）,平均約定価格（電源属地別）[円/kW・30分],9.71,4.28,4.47,0.83,3.35,4.21,3.28,0.67,2.44,3.31
20251117B07,合計（確報値）,最高約定価格（TSO別）[円/kW・30分],10,19.51,19.51,19.51,3.35,19.49,19.51,2.23,19.51,19.51
20251117B07,合計（確報値）,最低約定価格（TSO別）[円/kW・30分],3.59,2.87,0.73,0.36,3.35,0.55,0.36,0.36,1.03,0.36
20251117B07,合計（確報値）,平均約定価格（TSO別）[円/kW・30分],8.18,4.24,4.51,0.83,3.35,3.73,3.42,0.68,2.4,3.31
20251117B07,合計（確報値）,約定量合計（TSO別）[MW],32,289.919,489.671,315.3,106,497.659,237.587,83,284.974,2336.11
20251117B07,合計（確報値）,（内訳）自エリアからの約定量[MW],24,274.919,489.671,315.3,106,302.659,207.012,83,284.974,2087.535
20251117B08,システム約定結果,募集量（TSO別）[MW],39,138,442,230,105,462,197,88,298,1999
20251117B08,システム約定結果,応札量合計（電源属地別）[MW],286.65,274.919,955.719,402.3,105,865.215,226.717,254,483.646,3854.166
20251117B08,システム約定結果,落札量合計（電源属地別）[MW],44,274.919,242.353,315.3,105,495.503,142.713,91.799,157.646,1869.233
20251117B08,システム約定結果,応札件数（電源属地別）[件],6,4,17,6,1,8,6,7,11,66
20251117B08,システム約定結果,落札件数（電源属地別）[件],2,4,15,5,1,8,6,6,9,56
20251117B08,システム約定結果,最高落札価格（電源属地別）[円/kW・30分],13.58,19.51,19.51,19.51,2.82,19.49,19.51,4.89,19.51,19.51
20251117B08,システム約定結果,最低落札価格（電源属地別）[円/kW・30分],8.9,3.32,0.73,2.7,2.82,0.36,0.78,0.36,0.5,0.36
20251117B08,システム約定結果,平均落札価格（電源属地別）[円/kW・30分],10.92,4.69,6.86,3.11,2.82,2.33,3.81,1.25,2.19,3.67
20251117B08,システム約定結果,最高落札価格（TSO別）[円/kW・30分],13.58,19.51,19.51,19.51,2.82,19.49,19.51,4.89,19.51,19.51
20251117B08,システム約定結果,最低落札価格（TSO別）[円/kW・30分],8.9,3.32,0.73,2.7,2.82,0.36,0.78,0.36,0.36,0.36
20251117B08,システム約定結果,平均落札価格（TSO別）[円/kW・30分],10.92,4.69,7.34,3.11,2.82,2.31,4.24,1.21,2.34,3.67
20251117B08,システム約定結果,落札量合計（TSO別）[MW],44,274.919,214.88,342.773,105,473.215,100.8,88,225.646,1869.233
20251117B08,システム約定結果,（内訳）自エリアからの落札量[MW],44,274.919,214.88,315.3,105,473.215,97.001,88,157.646,1769.961
20251117B08,追加調達結果,募集量（TSO別）[MW],-,-,-,-,-,-,-,-,-,-
20251117B08,追加調達結果,応札量合計（電源属地別）[MW],0,0,0,0,0,0,0,0,0,0
20251117B08,追加調達結果,約定量合計（電源属地別）[MW],0,0,0,0,0,0,0,0,0,0
20251117B08,追加調達結果,応札件数（電源属地別）[件],0,0,0,0,0,0,0,0,0,0
20251117B08,追加調達結果,約定件数（電源属地別）[件],0,0,0,0,0,0,0,0,0,0
20251117B08,追加調達結果,最高約定価格（電源属地別）[円/kW・30分],0,0,0,0,0,0,0,0,0,0
20251117B08,追加調達結果,最低約定価格（電源属地別）[円/kW・30分],0,0,0,0,0,0,0,0,0,0
20251117B08,追加調達結果,平均約定価格（電源属地別）[円/kW・30分],0,0,0,0,0,0,0,0,0,0
20251117B08,追加調達結果,最高約定価格（TSO別）[円/kW・30分],0,0,0,0,0,0,0,0,0,0
20251117B08,追加調達結果,最低約定価格（TSO別）[円/kW・30分],0,0,0,0,0,0,0,0,0,0
20251117B08,追加調達結果,平均約定価格（TSO別）[円/kW・30分],0,0,0,0,0,0,0,0,0,0
20251117B08,追加調達結果,約定量合計（TSO別）[MW],0,0,0,0,0,0,0,0,0,0
20251117B08,追加調達結果,（内訳）自エリアからの約定量[MW],0,0,0,0,0,0,0,0,0,0
20251117B08,合計（確報値）,募集量（TSO別）[MW],39,138,442,230,105,462,197,88,298,1999
20251117B08,合計（確報値）,応札量合計（電源属地別）[MW],305.65,274.919,955.719,942.192,105,889.159,226.717,269,483.646,4452.002
20251117B08,合計（確報値）,約定量合計（電源属地別）[MW],44,274.919,242.353,315.3,105,442.447,142.713,91.799,156.296,1814.827
20251117B08,合計（確報値）,応札件数（電源属地別）[件],8,4,17,18,1,9,6,10,11,84
20251117B08,合計（確報値）,約定件数（電源属地別）[件],3,4,15,12,1,8,6,8,8,65
20251117B08,合計（確報値）,最高約定価格（電源属地別）[円/kW・30分],13.58,19.51,19.51,19.51,2.82,19.49,19.51,4.89,19.51,19.51
20251117B08,合計（確報値）,最低約定価格（電源属地別）[円/kW・30分],8.9,3.32,0.73,0.36,2.82,0.36,0.78,0.36,0.5,0.36
20251117B08,合計（確報値）,平均約定価格（電源属地別）[円/kW・30分],10.92,4.69,6.86,0.83,2.82,2.3,3.81,1.25,2.05,3.3
20251117B08,合計（確報値）,最高約定価格（TSO別）[円/kW・30分],13.58,19.51,19.51,19.51,2.82,19.49,19.51,4.89,19.51,19.51
20251117B08,合計（確報値）,最低約定価格（TSO別）[円/kW・30分],8.9,3.32,0.73,0.36,2.82,0.36,0.78,0.36,0.36,0.36
20251117B08,合計（確報値）,平均約定価格（TSO別）[円/kW・30分],10.92,4.69,7.34,1.01,2.82,2.29,4.24,1.21,2.24,3.3
20251117B08,合計（確報値）,約定量合計（TSO別）[MW],44,274.919,214.88,342.773,105,420.159,100.8,88,224.296,1814.827
20251117B08,合計（確報値）,（内訳）自エリアからの約定量[MW],44,274.919,214.88,315.3,105,420.159,97.001,88,156.296,1715.555
20251118B01,システム約定結果,募集量（TSO別）[MW],55,163,340,41,86,281,189,95,198,1448
20251118B01,システム約定結果,応札量合計（電源属地別）[MW],261.74,260.419,622.283,856.78,86,865.215,180.547,218,662.296,4013.28
20251118B01,システム約定結果,落札量合計（電源属地別）[MW],13,260.419,359.55,856.78,86,353.715,135.913,101.085,62.296,2228.758
20251118B01,システム約定結果,応札件数（電源属地別）[件],5,3,18,14,1,8,4,7,10,70
20251118B01,システム約定結果,落札件数（電源属地別）[件],2,3,16,14,1,8,4,6,8,62
20251118B01,システム約定結果,最高落札価格（電源属地別）[円/kW・30分],13.87,19.51,19.51,19.51,0.87,19.49,1.79,4.78,19.51,19.51
20251118B01,システム約定結果,最低落札価格（電源属地別）[円/kW・30分],11,3.53,1.99,2.29,0.87,0.36,0.36,0.36,0.36,0.36
20251118B01,システム約定結果,平均落札価格（電源属地別）[円/kW・30分],13.43,4.06,2.72,2.81,0.87,4.05,1.11,1.18,3.56,2.97
20251118B01,システム約定結果,最高落札価格（TSO別）[円/kW・30分],13.87,19.51,19.51,3.16,2.77,19.51,5.6,4.78,19.51,19.51
20251118B01,システム約定結果,最低落札価格（TSO別）[円/kW・30分],3.53,3.53,1.99,2.57,0.87,0.36,0.36,0.36,0.36,0.36
20251118B01,システム約定結果,平均落札価格（TSO別）[円/kW・30分],5.87,4.17,2.72,2.79,1.49,3.94,1.63,1.18,3.56,2.97
20251118B01,システム約定結果,落札量合計（TSO別）[MW],55,218.419,359.55,644.306,142,433.98,218.207,95,62.296,2228.758
20251118B01,システム約定結果,（内訳）自エリアからの落札量[MW],13,218.419,359.55,644.306,86,351.865,135.913,95,62.296,1966.349
20251118B01,追加調達結果,募集量（TSO別）[MW],-,-,-,-,-,-,-,-,-,-
20251118B01,追加調達結果,応札量合計（電源属地別）[MW],0,0,0,0,0,0,0,0,0,0
20251118B01,追加調達結果,約定量合計（電源属地別）[MW],0,0,0,0,0,0,0,0,0,0
20251118B01,追加調達結果,応札件数（電源属地別）[件],0,0,0,0,0,0,0,0,0,0
20251118B01,追加調達結果,約定件数（電源属地別）[件],0,0,0,0,0,0,0,0,0,0
20251118B01,追加調達結果,最高約定価格（電源属地別）[円/kW・30分],0,0,0,0,0,0,0,0,0,0
20251118B01,追加調達結果,最低約定価格（電源属地別）[円/kW・30分],0,0,0,0,0,0,0,0,0,0
20251118B01,追加調達結果,平均約定価格（電源属地別）[円/kW・30分],0,0,0,0,0,0,0,0,0,0
20251118B01,追加調達結果,最高約定価格（TSO別）[円/kW・30分],0,0,0,0,0,0,0,0,0,0
20251118B01,追加調達結果,最低約定価格（TSO別）[円/kW・30分],0,0,0,0,0,0,0,0,0,0
20251118B01,追加調達結果,平均約定価格（TSO別）[円/kW・30分],0,0,0,0,0,0,0,0,0,0
20251118B01,追加調達結果,約定量合計（TSO別）[MW],0,0,0,0,0,0,0,0,0,0
20251118B01,追加調達結果,（内訳）自エリアからの約定量[MW],0,0,0,0,0,0,0,0,0,0
20251118B01,合計（確報値）,募集量（TSO別）[MW],55,163,340,41,86,281,189,95,198,1448
20251118B01,合計（確報値）,応札量合計（電源属地別）[MW],272.75,260.419,622.283,1825.478,86,889.159,180.547,233,662.296,5031.932
20251118B01,合計（確報値）,約定量合計（電源属地別）[MW],13,260.419,359.55,856.78,86,300.659,135.913,101.085,62.296,2175.702
20251118B01,合計（確報値）,応札件数（電源属地別）[件],7,3,18,53,1,9,4,10,10,115
20251118B01,合計（確報値）,約定件数（電源属地別）[件],3,3,16,37,1,8,4,8,8,88
20251118B01,合計（確報値）,最高約定価格（電源属地別）[円/kW・30分],13.87,19.51,19.51,19.51,0.87,19.49,1.79,4.78,19.51,19.51
20251118B01,合計（確報値）,最低約定価格（電源属地別）[円/kW・30分],11,3.53,1.99,0.36,0.87,0.36,0.36,0.36,0.36,0.36
20251118B01,合計（確報値）,平均約定価格（電源属地別）[円/kW・30分],13.43,4.06,2.72,0.76,0.87,4.61,1.11,1.18,3.56,2.21
20251118B01,合計（確報値）,最高約定価格（TSO別）[円/kW・30分],13.87,19.51,19.51,2.58,2.58,19.51,5.6,4.78,19.51,19.51
20251118B01,合計（確報値）,最低約定価格（TSO別）[円/kW・30分],3.53,3.53,1.99,0.36,0.36,0.36,0.36,0.36,0.36,0.36
20251118B01,合計（確報値）,平均約定価格（TSO別）[円/kW・30分],5.87,4.17,2.72,0.63,1.11,3.88,1.06,1.18,3.56,2.21
20251118B01,合計（確報値）,約定量合計（TSO別）[MW],55,218.419,359.55,644.306,142,380.924,218.207,95,62.296,2175.702
20251118B01,合計（確報値）,（内訳）自エリアからの約定量[MW],13,218.419,359.55,644.306,86,298.809,135.913,95,62.296,1913.293
20251118B02,システム約定結果,募集量（TSO別）[MW],28,133,335,158,92,380,189,99,300,1714
20251118B02,システム約定結果,応札量合計（電源属地別）[MW],324.35,274.919,678.741,331.718,92,865.215,182.347,220,403.296,3372.586
20251118B02,システム約定結果,落札量合計（電源属地別）[MW],14,274.919,619.541,331.718,92,370.215,125.713,104.733,191.296,2124.135
20251118B02,システム約定結果,応札件数（電源属地別）[件],6,4,21,11,1,8,5,7,10,73
20251118B02,システム約定結果,落札件数（電源属地別）[件],1,4,18,11,1,8,5,6,9,63
20251118B02,システム約定結果,最高落札価格（電源属地別）[円/kW・30分],10,19.51,19.51,19.51,1.91,19.49,19.49,4.78,19.51,19.51
20251118B02,システム約定結果,最低落札価格（電源属地別）[円/kW・30分],10,3.25,0.73,2.45,1.91,0.36,0.48,0.36,0.36,0.36
20251118B02,システム約定結果,平均落札価格（電源属地別）[円/kW・30分],10,4.62,3.17,3.63,1.91,3.43,1.94,1.28,1.6,3.16
20251118B02,システム約定結果,最高落札価格（TSO別）[円/kW・30分],10,19.51,19.51,19.51,19.49,19.49,19.49,4.78,19.51,19.51
20251118B02,システム約定結果,最低落札価格（TSO別）[円/kW・30分],3.25,3.25,0.73,2.45,1.91,0.36,0.48,0.36,0.36,0.36
20251118B02,システム約定結果,平均落札価格（TSO別）[円/kW・30分],6.63,4.7,3.17,3.59,2.36,3.34,1.57,1.16,1.78,3.16
20251118B02,システム約定結果,落札量合計（TSO別）[MW],28,260.919,619.541,299.374,81.045,421.948,78.012,99,236.296,2124.135
20251118B02,システム約定結果,（内訳）自エリアからの落札量[MW],14,260.919,619.541,299.374,69,370.215,78.012,99,191.296,2001.357
20251118B02,追加調達結果,募集量（TSO別）[MW],-,-,-,-,-,-,-,-,-,-
20251118B02,追加調達結果,応札量合計（電源属地別）[MW],0,0,0,0,0,0,0,0,0,0
20251118B02,追加調達結果,約定量合計（電源属地別）[MW],0,0,0,0,0,0,0,0,0,0
20251118B02,追加調達結果,応札件数（電源属地別）[件],0,0,0,0,0,0,0,0,0,0
20251118B02,追加調達結果,約定件数（電源属地別）[件],0,0,0,0,0,0,0,0,0,0
20251118B02,追加調達結果,最高約定価格（電源属地別）[円/kW・30分],0,0,0,0,0,0,0,0,0,0
20251118B02,追加調達結果,最低約定価格（電源属地別）[円/kW・30分],0,0,0,0,0,0,0,0,0,0
20251118B02,追加調達結果,平均約定価格（電源属地別）[円/kW・30分],0,0,0,0,0,0,0,0,0,0
20251118B02,追加調達結果,最高約定価格（TSO別）[円/kW・30分],0,0,0,0,0,0,0,0,0,0
20251118B02,追加調達結果,最低約定価格（TSO別）[円/kW・30分],0,0,0,0,0,0,0,0,0,0
20251118B02,追加調達結果,平均約定価格（TSO別）[円/kW・30分],0,0,0,0,0,0,0,0,0,0
20251118B02,追加調達結果,約定量合計（TSO別）[MW],0,0,0,0,0,0,0,0,0,0
20251118B02,追加調達結果,（内訳）自エリアからの約定量[MW],0,0,0,0,0,0,0,0,0,0
20251118B02,合計（確報値）,募集量（TSO別）[MW],28,133,335,158,92,380,189,99,300,1714
20251118B02,合計（確報値）,応札量合計（電源属地別）[MW],324.35,274.919,678.741,647.718,92,889.159,182.347,235,403.296,3727.53
20251118B02,合計（確報値）,約定量合計（電源属地別）[MW],14,274.919,619.541,331.718,92,317.159,125.713,104.733,191.296,2071.079
20251118B02,合計（確報値）,応札件数（電源属地別）[件],6,4,21,24,1,9,5,11,10,91
20251118B02,合計（確報値）,約定件数（電源属地別）[件],1,4,18,18,1,8,5,9,9,73
20251118B02,合計（確報値）,最高約定価格（電源属地別）[円/kW・30分],10,19.51,19.51,19.51,1.91,19.49,19.49,4.78,19.51,19.51
20251118B02,合計（確報値）,最低約定価格（電源属地別）[円/kW・30分],10,3.25,0.73,0.36,1.91,0.36,0.48,0.36,0.36,0.36
20251118B02,合計（確報値）,平均約定価格（電源属地別）[円/kW・30分],10,4.62,3.17,0.98,1.91,3.66,1.94,1.28,1.6,2.76
20251118B02,合計（確報値）,最高約定価格（TSO別）[円/kW・30分],10,19.51,19.51,19.51,19.49,19.49,19.49,4.78,19.51,19.51
20251118B02,合計（確報値）,最低約定価格（TSO別）[円/kW・30分],3.25,3.25,0.73,0.36,0.36,0.36,0.48,0.36,0.36,0.36
20251118B02,合計（確報値）,平均約定価格（TSO別）[円/kW・30分],6.63,4.7,3.17,0.98,1.93,3.36,1.57,1.16,1.78,2.76
20251118B02,合計（確報値）,約定量合計（TSO別）[MW],28,260.919,619.541,299.374,81.045,368.892,78.012,99,236.296,2071.079
20251118B02,合計（確報値）,（内訳）自エリアからの約定量[MW],14,260.919,619.541,299.374,69,317.159,78.012,99,191.296,1948.301
20251118B03,システム約定結果,募集量（TSO別）[MW],134,932,481,400,127,605,284,174,427,3564
20251118B03,システム約定結果,応札量合計（電源属地別）[MW],271.74,614.919,680.68,272.858,127,209.215,182.347,133,438.22,2929.979
20251118B03,システム約定結果,落札量合計（電源属地別）[MW],63,614.919,260.256,272.858,127,209.215,182.347,133,333.885,2196.48
20251118B03,システム約定結果,応札件数（電源属地別）[件],5,6,20,6,2,4,5,4,10,62
20251118B03,システム約定結果,落札件数（電源属地別）[件],4,6,16,6,2,4,5,4,10,57
20251118B03,システム約定結果,最高落札価格（電源属地別）[円/kW・30分],18.53,19.51,19.51,19.51,2.45,19.51,19.51,4.78,19.51,19.51
20251118B03,システム約定結果,最低落札価格（電源属地別）[円/kW・30分],10.35,1.65,4.15,3.4,2.4,1.5,1.12,0.36,0.36,0.36
20251118B03,システム約定結果,平均落札価格（電源属地別）[円/kW・30分],14,3.22,8.8,4.03,2.42,5.27,2.16,1.61,1.59,4.01
20251118B03,システム約定結果,最高落札価格（TSO別）[円/kW・30分],18.53,19.51,19.51,19.51,4.02,19.51,19.51,4.78,19.51,19.51
20251118B03,システム約定結果,最低落札価格（TSO別）[円/kW・30分],3.2,1.65,4.15,2.4,2.4,1.5,1.12,0.36,0.36,0.36
20251118B03,システム約定結果,平均落札価格（TSO別）[円/kW・30分],8.28,3.22,10.72,3.93,3.01,5.12,1.98,1.61,1.69,4.01
20251118B03,システム約定結果,落札量合計（TSO別）[MW],134,543.919,182.563,339.204,127,220.562,177.012,133,339.22,2196.48
20251118B03,システム約定結果,（内訳）自エリアからの落札量[MW],63,543.919,182.563,214.674,68.816,209.215,160.716,133,317.589,1893.492
20251118B03,追加調達結果,募集量（TSO別）[MW],-,-,-,-,-,-,-,-,-,-
20251118B03,追加調達結果,応札量合計（電源属地別）[MW],0,0,0,0,0,0,0,0,0,0
20251118B03,追加調達結果,約定量合計（電源属地別）[MW],0,0,0,0,0,0,0,0,0,0
20251118B03,追加調達結果,応札件数（電源属地別）[件],0,0,0,0,0,0,0,0,0,0
20251118B03,追加調達結果,約定件数（電源属地別）[件],0,0,0,0,0,0,0,0,0,0
20251118B03,追加調達結果,最高約定価格（電源属地別）[円/kW・30分],0,0,0,0,0,0,0,0,0,0
20251118B03,追加調達結果,最低約定価格（電源属地別）[円/kW・30分],0,0,0,0,0,0,0,0,0,0
20251118B03,追加調達結果,平均約定価格（電源属地別）[円/kW・30分],0,0,0,0,0,0,0,0,0,0
20251118B03,追加調達結果,最高約定価格（TSO別）[円/kW・30分],0,0,0,0,0,0,0,0,0,0
20251118B03,追加調達結果,最低約定価格（TSO別）[円/kW・30分],0,0,0,0,0,0,0,0,0,0
20251118B03,追加調達結果,平均約定価格（TSO別）[円/kW・30分],0,0,0,0,0,0,0,0,0,0
20251118B03,追加調達結果,約定量合計（TSO別）[MW],0,0,0,0,0,0,0,0,0,0
20251118B03,追加調達結果,（内訳）自エリアからの約定量[MW],0,0,0,0,0,0,0,0,0,0
20251118B03,合計（確報値）,募集量（TSO別）[MW],134,932,481,400,127,605,284,174,427,3564
20251118B03,合計（確報値）,応札量合計（電源属地別）[MW],333.74,614.919,680.68,462.858,127,209.215,182.347,133,438.22,3181.979
20251118B03,合計（確報値）,約定量合計（電源属地別）[MW],63,614.919,260.256,272.858,127,209.215,182.347,133,333.885,2196.48
20251118B03,合計（確報値）,応札件数（電源属地別）[件],11,6,20,16,2,4,5,4,10,78
20251118B03,合計（確報値）,約定件数（電源属地別）[件],6,6,16,14,2,4,5,4,10,67
20251118B03,合計（確報値）,最高約定価格（電源属地別）[円/kW・30分],18.53,19.51,19.51,19.51,2.45,19.51,19.51,4.78,19.51,19.51
20251118B03,合計（確報値）,最低約定価格（電源属地別）[円/kW・30分],10.35,1.65,4.15,0.36,2.4,1.5,1.12,0.36,0.36,0.36
20251118B03,合計（確報値）,平均約定価格（電源属地別）[円/kW・30分],14,3.22,8.8,1.63,2.42,5.27,2.16,1.61,1.59,3.71
20251118B03,合計（確報値）,最高約定価格（TSO別）[円/kW・30分],18.53,19.51,19.51,19.51,3.4,19.51,19.51,4.78,19.51,19.51
20251118B03,合計（確報値）,最低約定価格（TSO別）[円/kW・30分],3.2,1.65,4.15,0.36,0.36,1.5,1.12,0.36,0.36,0.36
20251118B03,合計（確報値）,平均約定価格（TSO別）[円/kW・30分],8.28,3.22,10.72,2.42,1.88,5.12,1.98,1.61,1.69,3.71
20251118B03,合計（確報値）,約定量合計（TSO別）[MW],134,543.919,182.563,339.204,127,220.562,177.012,133,339.22,2196.48
20251118B03,合計（確報値）,（内訳）自エリアからの約定量[MW],63,543.919,182.563,214.674,68.816,209.215,160.716,133,317.589,1893.492
20251118B04,システム約定結果,募集量（TSO別）[MW],116,270,490,264,194,869,486,219,604,3512
20251118B04,システム約定結果,応札量合計（電源属地別）[MW],355.65,434.5,354.047,7.718,194,303.213,181.547,181,673.719,2685.394
20251118B04,システム約定結果,落札量合計（電源属地別）[MW],31,434.5,354.047,7.718,194,303.213,181.547,181,658.552,2345.577
20251118B04,システム約定結果,応札件数（電源属地別）[件],7,3,23,4,2,5,5,4,11,64
20251118B04,システム約定結果,落札件数（電源属地別）[件],1,3,23,4,2,5,5,4,11,58
20251118B04,システム約定結果,最高落札価格（電源属地別）[円/kW・30分],9.91,19.51,19.51,19.51,1.09,9.09,19.51,4.78,19.51,19.51
20251118B04,システム約定結果,最低落札価格（電源属地別）[円/kW・30分],9.91,2.56,0.73,19.47,1.04,0.36,0.49,0.36,0.36,0.36
20251118B04,システム約定結果,平均落札価格（電源属地別）[円/kW・30分],9.91,4.14,2.89,19.49,1.06,5.03,1.4,0.79,3.56,3.3
20251118B04,システム約定結果,最高落札価格（TSO別）[円/kW・30分],9.91,19.51,19.51,1.26,19.51,9.09,19.51,4.78,19.51,19.51
20251118B04,システム約定結果,最低落札価格（TSO別）[円/kW・30分],2.56,2.56,0.73,1.04,1.04,0.36,0.36,0.36,0.36,0.36
20251118B04,システム約定結果,平均落札価格（TSO別）[円/kW・30分],5.8,4.1,3.53,1.26,1.79,4.95,0.98,0.79,4.34,3.3
20251118B04,システム約定結果,落札量合計（TSO別）[MW],116,349.5,254.047,102,193.718,309.213,312.38,181,527.719,2345.577
20251118B04,システム約定結果,（内訳）自エリアからの落札量[MW],31,349.5,254.047,0,186,303.213,181.547,181,527.719,2014.026
20251118B04,追加調達結果,募集量（TSO別）[MW],-,-,-,-,-,-,-,-,-,-
20251118B04,追加調達結果,応札量合計（電源属地別）[MW],0,0,0,0,0,0,0,0,0,0
20251118B04,追加調達結果,約定量合計（電源属地別）[MW],0,0,0,0,0,0,0,0,0,0
20251118B04,追加調達結果,応札件数（電源属地別）[件],0,0,0,0,0,0,0,0,0,0
20251118B04,追加調達結果,約定件数（電源属地別）[件],0,0,0,0,0,0,0,0,0,0
20251118B04,追加調達結果,最高約定価格（電源属地別）[円/kW・30分],0,0,0,0,0,0,0,0,0,0
20251118B04,追加調達結果,最低約定価格（電源属地別）[円/kW・30分],0,0,0,0,0,0,0,0,0,0
20251118B04,追加調達結果,平均約定価格（電源属地別）[円/kW・30分],0,0,0,0,0,0,0,0,0,0
20251118B04,追加調達結果,最高約定価格（TSO別）[円/kW・30分],0,0,0,0,0,0,0,0,0,0
20251118B04,追加調達結果,最低約定価格（TSO別）[円/kW・30分],0,0,0,0,0,0,0,0,0,0
20251118B04,追加調達結果,平均約定価格（TSO別）[円/kW・30分],0,0,0,0,0,0,0,0,0,0
20251118B04,追加調達結果,約定量合計（TSO別）[MW],0,0,0,0,0,0,0,0,0,0
20251118B04,追加調達結果,（内訳）自エリアからの約定量[MW],0,0,0,0,0,0,0,0,0,0
20251118B04,合計（確報値）,募集量（TSO別）[MW],116,270,490,264,194,869,486,219,604,3512
20251118B04,合計（確報値）,応札量合計（電源属地別）[MW],355.65,604.5,354.047,7.718,194,303.213,181.547,181,673.719,2855.394
20251118B04,合計（確報値）,約定量合計（電源属地別）[MW],31,434.5,354.047,7.718,194,225.5,181.547,181,658.552,2267.864
20251118B04,合計（確報値）,応札件数（電源属地別）[件],7,8,23,4,2,5,5,4,11,69
20251118B04,合計（確報値）,約定件数（電源属地別）[件],1,7,23,4,2,4,5,4,11,61
20251118B04,合計（確報値）,最高約定価格（電源属地別）[円/kW・30分],9.91,19.51,19.51,19.51,1.09,9.09,19.51,4.78,19.51,19.51
20251118B04,合計（確報値）,最低約定価格（電源属地別）[円/kW・30分],9.91,2.41,0.73,19.47,1.04,0.36,0.49,0.36,0.36,0.36
20251118B04,合計（確報値）,平均約定価格（電源属地別）[円/kW・30分],9.91,4.08,2.89,19.49,1.06,6.48,1.4,0.79,3.56,3.38
20251118B04,合計（確報値）,最高約定価格（TSO別）[円/kW・30分],9.91,19.51,19.51,1.26,19.51,9.09,19.51,4.78,19.51,19.51
20251118B04,合計（確報値）,最低約定価格（TSO別）[円/kW・30分],2.41,2.41,0.73,1.04,1.04,0.36,0.36,0.36,0.36,0.36
20251118B04,合計（確報値）,平均約定価格（TSO別）[円/kW・30分],5.8,4.03,3.53,1.26,1.79,6.34,0.98,0.79,4.34,3.38
20251118B04,合計（確報値）,約定量合計（TSO別）[MW],116,349.5,254.047,102,193.718,231.5,312.38,181,527.719,2267.864
20251118B04,合計（確報値）,（内訳）自エリアからの約定量[MW],31,349.5,254.047,0,186,225.5,181.547,181,527.719,1936.313
20251118B05,システム約定結果,募集量（TSO別）[MW],32,406,360,383,194,588,361,145,537,3006
20251118B05,システム約定結果,応札量合計（電源属地別）[MW],293.94,444.919,284.147,7.718,194,1019.215,183.347,102,605.433,3134.719
20251118B05,システム約定結果,落札量合計（電源属地別）[MW],28,444.919,282.147,7.718,194,865.928,161.299,102,470.383,2556.394
20251118B05,システム約定結果,応札件数（電源属地別）[件],7,5,25,4,2,8,6,3,18,78
20251118B05,システム約定結果,落札件数（電源属地別）[件],2,5,23,4,2,8,6,3,16,69
20251118B05,システム約定結果,最高落札価格（電源属地別）[円/kW・30分],9.63,19.51,19.51,19.51,0.84,19.51,19.51,0.75,19.51,19.51
20251118B05,システム約定結果,最低落札価格（電源属地別）[円/kW・30分],8.5,2.71,0.32,19.47,0.79,0.36,0.4,0.36,0.36,0.32
20251118B05,システム約定結果,平均落札価格（電源属地別）[円/kW・30分],9.02,4.59,3.04,19.49,0.81,2.11,1.42,0.49,3.17,2.76
20251118B05,システム約定結果,最高落札価格（TSO別）[円/kW・30分],9.63,19.51,19.51,19.51,9.29,19.51,19.51,0.75,19.51,19.51
20251118B05,システム約定結果,最低落札価格（TSO別）[円/kW・30分],4.5,2.71,0.32,0.32,0.42,0.36,0.36,0.36,0.36,0.32
20251118B05,システム約定結果,平均落札価格（TSO別）[円/kW・30分],8.45,4.6,3.29,0.95,1.64,2.89,0.97,0.49,3.4,2.76
20251118B05,システム約定結果,落札量合計（TSO別）[MW],32,440.919,257.947,277.718,194,527.627,288.8,102,435.383,2556.394
20251118B05,システム約定結果,（内訳）自エリアからの落札量[MW],28,440.919,257.947,7.718,151,527.627,161.299,102,435.383,2111.893
20251118B05,追加調達結果,募集量（TSO別）[MW],-,-,-,-,-,-,-,-,-,-
20251118B05,追加調達結果,応札量合計（電源属地別）[MW],0,0,0,0,0,0,0,0,0,0
20251118B05,追加調達結果,約定量合計（電源属地別）[MW],0,0,0,0,0,0,0,0,0,0
20251118B05,追加調達結果,応札件数（電源属地別）[件],0,0,0,0,0,0,0,0,0,0
20251118B05,追加調達結果,約定件数（電源属地別）[件],0,0,0,0,0,0,0,0,0,0
20251118B05,追加調達結果,最高約定価格（電源属地別）[円/kW・30分],0,0,0,0,0,0,0,0,0,0
20251118B05,追加調達結果,最低約定価格（電源属地別）[円/kW・30分],0,0,0,0,0,0,0,0,0,0
20251118B05,追加調達結果,平均約定価格（電源属地別）[円/kW・30分],0,0,0,0,0,0,0,0,0,0
20251118B05,追加調達結果,最高約定価格（TSO別）[円/kW・30分],0,0,0,0,0,0,0,0,0,0
20251118B05,追加調達結果,最低約定価格（TSO別）[円/kW・30分],0,0,0,0,0,0,0,0,0,0
20251118B05,追加調達結果,平均約定価格（TSO別）[円/kW・30分],0,0,0,0,0,0,0,0,0,0
20251118B05,追加調達結果,約定量合計（TSO別）[MW],0,0,0,0,0,0,0,0,0,0
20251118B05,追加調達結果,（内訳）自エリアからの約定量[MW],0,0,0,0,0,0,0,0,0,0
20251118B05,合計（確報値）,募集量（TSO別）[MW],32,406,360,383,194,588,361,145,537,3006
20251118B05,合計（確報値）,応札量合計（電源属地別）[MW],293.94,614.919,284.147,7.718,194,1019.215,183.347,102,605.433,3304.719
20251118B05,合計（確報値）,約定量合計（電源属地別）[MW],28,444.919,282.147,7.718,194,788.215,161.299,102,469.033,2477.331
20251118B05,合計（確報値）,応札件数（電源属地別）[件],7,9,25,4,2,8,6,3,18,82
20251118B05,合計（確報値）,約定件数（電源属地別）[件],2,8,23,4,2,7,6,3,15,70
20251118B05,合計（確報値）,最高約定価格（電源属地別）[円/kW・30分],9.63,19.51,19.51,19.51,0.84,19.51,19.51,0.75,19.51,19.51
20251118B05,合計（確報値）,最低約定価格（電源属地別）[円/kW・30分],8.5,2.58,0.32,19.47,0.79,0.36,0.4,0.36,0.36,0.32
20251118B05,合計（確報値）,平均約定価格（電源属地別）[円/kW・30分],9.02,4.55,3.04,19.49,0.81,2.28,1.42,0.49,3.13,2.82
20251118B05,合計（確報値）,最高約定価格（TSO別）[円/kW・30分],9.63,19.51,19.51,19.51,9.29,19.51,19.51,0.75,19.51,19.51
20251118B05,合計（確報値）,最低約定価格（TSO別）[円/kW・30分],4.5,2.58,0.32,0.32,0.79,0.36,0.36,0.36,0.36,0.32
20251118B05,合計（確報値）,平均約定価格（TSO別）[円/kW・30分],8.45,4.55,3.29,0.95,1.81,2.89,1.09,0.49,3.35,2.82
20251118B05,合計（確報値）,約定量合計（TSO別）[MW],32,440.919,257.947,277.718,171,527.627,234.087,102,434.033,2477.331
20251118B05,合計（確報値）,（内訳）自エリアからの約定量[MW],28,440.919,257.947,7.718,151,527.627,161.299,102,434.033,2110.543
20251118B06,システム約定結果,募集量（TSO別）[MW],36,732,427,402,120,692,340,179,549,3477
20251118B06,システム約定結果,応札量合計（電源属地別）[MW],312.65,614.919,216.571,432.252,120,288.928,423.553,134,673.383,3216.256
20251118B06,システム約定結果,落札量合計（電源属地別）[MW],36,614.919,215.447,201.718,120,288.928,272.98,134,471.415,2355.407
20251118B06,システム約定結果,応札件数（電源属地別）[件],7,6,24,6,1,6,11,4,17,82
20251118B06,システム約定結果,落札件数（電源属地別）[件],3,6,23,6,1,6,10,4,16,75
20251118B06,システム約定結果,最高落札価格（電源属地別）[円/kW・30分],10,19.51,19.51,19.51,3,19.51,19.51,4.78,19.51,19.51
20251118B06,システム約定結果,最低落札価格（電源属地別）[円/kW・30分],8,1,0.73,1.67,3,1.5,2.17,0.36,1.28,0.36
20251118B06,システム約定結果,平均落札価格（電源属地別）[円/kW・30分],8.55,2.34,4.52,2.52,3,5.03,3.42,0.91,2.7,3.13
20251118B06,システム約定結果,最高落札価格（TSO別）[円/kW・30分],10,19.51,19.51,19.51,4.49,19.51,19.51,4.78,19.51,19.51
20251118B06,システム約定結果,最低落札価格（TSO別）[円/kW・30分],8,1,0.73,1.26,3,1.5,2.17,0.36,1.28,0.36
20251118B06,システム約定結果,平均落札価格（TSO別）[円/kW・30分],8.55,2.34,4.04,2.41,3.16,5.03,3.44,0.91,2.72,3.13
20251118B06,システム約定結果,落札量合計（TSO別）[MW],36,614.919,283.747,140.418,113,288.928,253.012,134,491.383,2355.407
20251118B06,システム約定結果,（内訳）自エリアからの落札量[MW],36,614.919,108.747,25.718,101,288.928,253.012,134,471.415,2033.739
20251118B06,追加調達結果,募集量（TSO別）[MW],-,-,-,-,-,-,-,-,-,-
20251118B06,追加調達結果,応札量合計（電源属地別）[MW],0,0,0,0,0,0,0,0,0,0
20251118B06,追加調達結果,約定量合計（電源属地別）[MW],0,0,0,0,0,0,0,0,0,0
20251118B06,追加調達結果,応札件数（電源属地別）[件],0,0,0,0,0,0,0,0,0,0
20251118B06,追加調達結果,約定件数（電源属地別）[件],0,0,0,0,0,0,0,0,0,0
20251118B06,追加調達結果,最高約定価格（電源属地別）[円/kW・30分],0,0,0,0,0,0,0,0,0,0
20251118B06,追加調達結果,最低約定価格（電源属地別）[円/kW・30分],0,0,0,0,0,0,0,0,0,0
20251118B06,追加調達結果,平均約定価格（電源属地別）[円/kW・30分],0,0,0,0,0,0,0,0,0,0
20251118B06,追加調達結果,最高約定価格（TSO別）[円/kW・30分],0,0,0,0,0,0,0,0,0,0
20251118B06,追加調達結果,最低約定価格（TSO別）[円/kW・30分],0,0,0,0,0,0,0,0,0,0
20251118B06,追加調達結果,平均約定価格（TSO別）[円/kW・30分],0,0,0,0,0,0,0,0,0,0
20251118B06,追加調達結果,約定量合計（TSO別）[MW],0,0,0,0,0,0,0,0,0,0
20251118B06,追加調達結果,（内訳）自エリアからの約定量[MW],0,0,0,0,0,0,0,0,0,0
20251118B06,合計（確報値）,募集量（TSO別）[MW],36,732,427,402,120,692,340,179,549,3477
20251118B06,合計（確報値）,応札量合計（電源属地別）[MW],312.65,614.919,216.571,432.252,120,288.928,423.553,134,673.383,3216.256
20251118B06,合計（確報値）,約定量合計（電源属地別）[MW],36,614.919,215.447,201.718,120,211.215,272.98,134,470.065,2276.344
20251118B06,合計（確報値）,応札件数（電源属地別）[件],7,6,24,6,1,6,11,4,17,82
20251118B06,合計（確報値）,約定件数（電源属地別）[件],3,6,23,6,1,5,10,4,15,73
20251118B06,合計（確報値）,最高約定価格（電源属地別）[円/kW・30分],10,19.51,19.51,19.51,3,19.51,19.51,4.78,19.51,19.51
20251118B06,合計（確報値）,最低約定価格（電源属地別）[円/kW・30分],8,1,0.73,1.67,3,1.5,2.17,0.36,1.28,0.36
20251118B06,合計（確報値）,平均約定価格（電源属地別）[円/kW・30分],8.55,2.34,4.52,2.52,3,5.91,3.42,0.91,2.65,3.14
20251118B06,合計（確報値）,最高約定価格（TSO別）[円/kW・30分],10,19.51,19.51,19.51,4.49,19.51,19.51,4.78,19.51,19.51
20251118B06,合計（確報値）,最低約定価格（TSO別）[円/kW・30分],8,1,0.73,1.26,3,1.5,2.17,0.36,1.28,0.36
20251118B06,合計（確報値）,平均約定価格（TSO別）[円/kW・30分],8.55,2.34,4.04,2.41,3.16,5.91,3.44,0.91,2.67,3.14
20251118B06,合計（確報値）,約定量合計（TSO別）[MW],36,614.919,283.747,140.418,113,211.215,253.012,134,490.033,2276.344
20251118B06,合計（確報値）,（内訳）自エリアからの約定量[MW],36,614.919,108.747,25.718,101,211.215,253.012,134,470.065,1954.676
20251118B07,システム約定結果,募集量（TSO別）[MW],32,263,426,206,106,574,305,83,328,2323
20251118B07,システム約定結果,応札量合計（電源属地別）[MW],310.74,274.919,452.162,396.3,106,535.813,499.421,212,621.555,3408.91
20251118B07,システム約定結果,落札量合計（電源属地別）[MW],47,274.919,308.748,315.3,106,503.528,174.022,86.333,220.555,2036.405
20251118B07,システム約定結果,応札件数（電源属地別）[件],7,4,25,6,1,9,11,6,16,85
20251118B07,システム約定結果,落札件数（電源属地別）[件],4,4,23,5,1,8,10,5,14,74
20251118B07,システム約定結果,最高落札価格（電源属地別）[円/kW・30分],10,19.51,19.51,19.51,3.35,19.49,19.51,5.08,19.51,19.51
20251118B07,システム約定結果,最低落札価格（電源属地別）[円/kW・30分],6.27,2.59,0.73,2.5,3.35,0.84,2.38,0.36,1.03,0.36
20251118B07,システム約定結果,平均落札価格（電源属地別）[円/kW・30分],7.39,4.02,3.19,2.92,3.35,3.63,4.25,1.14,3.24,3.48
20251118B07,システム約定結果,最高落札価格（TSO別）[円/kW・30分],10,19.51,19.51,19.51,3.35,19.49,19.51,5.08,19.51,19.51
20251118B07,システム約定結果,最低落札価格（TSO別）[円/kW・30分],6.27,2.59,0.73,2.5,3.35,0.84,0.36,0.36,1.03,0.36
20251118B07,システム約定結果,平均落札価格（TSO別）[円/kW・30分],7.79,4.15,3.19,3.45,3.35,3.37,4.08,1.18,3.07,3.48
20251118B07,システム約定結果,落札量合計（TSO別）[MW],32,289.919,308.748,138.444,88,523.215,265.8,83,307.279,2036.405
20251118B07,システム約定結果,（内訳）自エリアからの落札量[MW],32,274.919,308.748,138.444,88,440.349,174.012,83,208.279,1747.751
20251118B07,追加調達結果,募集量（TSO別）[MW],-,-,-,-,-,-,-,-,-,-
20251118B07,追加調達結果,応札量合計（電源属地別）[MW],0,0,0,0,0,0,0,0,0,0
20251118B07,追加調達結果,約定量合計（電源属地別）[MW],0,0,0,0,0,0,0,0,0,0
20251118B07,追加調達結果,応札件数（電源属地別）[件],0,0,0,0,0,0,0,0,0,0
20251118B07,追加調達結果,約定件数（電源属地別）[件],0,0,0,0,0,0,0,0,0,0
20251118B07,追加調達結果,最高約定価格（電源属地別）[円/kW・30分],0,0,0,0,0,0,0,0,0,0
20251118B07,追加調達結果,最低約定価格（電源属地別）[円/kW・30分],0,0,0,0,0,0,0,0,0,0
20251118B07,追加調達結果,平均約定価格（電源属地別）[円/kW・30分],0,0,0,0,0,0,0,0,0,0
20251118B07,追加調達結果,最高約定価格（TSO別）[円/kW・30分],0,0,0,0,0,0,0,0,0,0
20251118B07,追加調達結果,最低約定価格（TSO別）[円/kW・30分],0,0,0,0,0,0,0,0,0,0
20251118B07,追加調達結果,平均約定価格（TSO別）[円/kW・30分],0,0,0,0,0,0,0,0,0,0
20251118B07,追加調達結果,約定量合計（TSO別）[MW],0,0,0,0,0,0,0,0,0,0
20251118B07,追加調達結果,（内訳）自エリアからの約定量[MW],0,0,0,0,0,0,0,0,0,0
20251118B07,合計（確報値）,募集量（TSO別）[MW],32,263,426,206,106,574,305,83,328,2323
20251118B07,合計（確報値）,応札量合計（電源属地別）[MW],310.74,274.919,452.162,832.532,106,559.757,499.421,212,621.555,3869.086
20251118B07,合計（確報値）,約定量合計（電源属地別）[MW],47,274.919,308.748,315.3,106,449.759,174.022,86.333,219.205,1981.286
20251118B07,合計（確報値）,応札件数（電源属地別）[件],7,4,25,18,1,11,11,6,16,99
20251118B07,合計（確報値）,約定件数（電源属地別）[件],4,4,23,12,1,9,10,5,13,81
20251118B07,合計（確報値）,最高約定価格（電源属地別）[円/kW・30分],10,19.51,19.51,19.51,3.35,19.49,19.51,5.08,19.51,19.51
20251118B07,合計（確報値）,最低約定価格（電源属地別）[円/kW・30分],6.27,2.59,0.73,0.36,3.35,0.84,2.38,0.36,1.03,0.36
20251118B07,合計（確報値）,平均約定価格（電源属地別）[円/kW・30分],7.39,4.02,3.19,0.83,3.35,3.66,4.25,1.14,3.14,3.14
20251118B07,合計（確報値）,最高約定価格（TSO別）[円/kW・30分],10,19.51,19.51,19.51,3.35,19.49,19.51,5.08,19.51,19.51
20251118B07,合計（確報値）,最低約定価格（TSO別）[円/kW・30分],6.27,2.59,0.73,0.36,3.35,0.36,0.36,0.36,0.36,0.36
20251118B07,合計（確報値）,平均約定価格（TSO別）[円/kW・30分],7.79,4.15,3.19,1.43,3.35,2.95,4.24,1.18,2.43,3.14
20251118B07,合計（確報値）,約定量合計（TSO別）[MW],32,289.919,308.748,138.444,88,512.625,222.621,83,305.929,1981.286
20251118B07,合計（確報値）,（内訳）自エリアからの約定量[MW],32,274.919,308.748,138.444,88,429.759,174.012,83,206.929,1735.811
20251118B08,システム約定結果,募集量（TSO別）[MW],39,138,408,230,105,462,197,88,298,1965
20251118B08,システム約定結果,応札量合計（電源属地別）[MW],296.65,274.919,637.281,402.3,105,865.215,226.717,224,485.146,3517.228
20251118B08,システム約定結果,落札量合計（電源属地別）[MW],44,274.919,46.481,315.3,105,506.32,142.713,91.799,159.146,1685.678
20251118B08,システム約定結果,応札件数（電源属地別）[件],6,4,16,6,1,8,6,7,12,66
20251118B08,システム約定結果,落札件数（電源属地別）[件],2,4,14,5,1,8,6,6,10,56
20251118B08,システム約定結果,最高落札価格（電源属地別）[円/kW・30分],8.9,19.51,19.51,19.51,2.82,19.49,19.51,4.89,19.51,19.51
20251118B08,システム約定結果,最低落札価格（電源属地別）[円/kW・30分],7.89,3.16,0.73,2.94,2.82,0.36,1.26,0.36,0.5,0.36
20251118B08,システム約定結果,平均落札価格（電源属地別）[円/kW・30分],8.46,4.54,9.76,3.34,2.82,2.4,4.29,1.71,2.37,3.43
20251118B08,システム約定結果,最高落札価格（TSO別）[円/kW・30分],8.9,19.51,19.51,19.51,2.82,19.49,19.51,4.89,19.51,19.51
20251118B08,システム約定結果,最低落札価格（TSO別）[円/kW・30分],7.89,3.16,0.73,0.36,2.82,0.36,1.26,0.36,0.36,0.36
20251118B08,システム約定結果,平均落札価格（TSO別）[円/kW・30分],8.46,4.54,12.76,3.21,2.82,2.43,4.66,1.69,2.59,3.43
20251118B08,システム約定結果,落札量合計（TSO別）[MW],44,274.919,32.825,342.773,102,473.215,100.8,88,227.146,1685.678
20251118B08,システム約定結果,（内訳）自エリアからの落札量[MW],44,274.919,32.825,315.3,102,473.215,97.001,88,159.146,1586.406
20251118B08,追加調達結果,募集量（TSO別）[MW],-,-,-,-,-,-,-,-,-,-
20251118B08,追加調達結果,応札量合計（電源属地別）[MW],0,0,0,0,0,0,0,0,0,0
20251118B08,追加調達結果,約定量合計（電源属地別）[MW],0,0,0,0,0,0,0,0,0,0
20251118B08,追加調達結果,応札件数（電源属地別）[件],0,0,0,0,0,0,0,0,0,0
20251118B08,追加調達結果,約定件数（電源属地別）[件],0,0,0,0,0,0,0,0,0,0
20251118B08,追加調達結果,最高約定価格（電源属地別）[円/kW・30分],0,0,0,0,0,0,0,0,0,0
20251118B08,追加調達結果,最低約定価格（電源属地別）[円/kW・30分],0,0,0,0,0,0,0,0,0,0
20251118B08,追加調達結果,平均約定価格（電源属地別）[円/kW・30分],0,0,0,0,0,0,0,0,0,0
20251118B08,追加調達結果,最高約定価格（TSO別）[円/kW・30分],0,0,0,0,0,0,0,0,0,0
20251118B08,追加調達結果,最低約定価格（TSO別）[円/kW・30分],0,0,0,0,0,0,0,0,0,0
20251118B08,追加調達結果,平均約定価格（TSO別）[円/kW・30分],0,0,0,0,0,0,0,0,0,0
20251118B08,追加調達結果,約定量合計（TSO別）[MW],0,0,0,0,0,0,0,0,0,0
20251118B08,追加調達結果,（内訳）自エリアからの約定量[MW],0,0,0,0,0,0,0,0,0,0
20251118B08,合計（確報値）,募集量（TSO別）[MW],39,138,408,230,105,462,197,88,298,1965
20251118B08,合計（確報値）,応札量合計（電源属地別）[MW],296.65,274.919,637.281,898.226,105,889.159,226.717,224,485.146,4037.098
20251118B08,合計（確報値）,約定量合計（電源属地別）[MW],44,274.919,46.481,315.3,105,453.264,142.713,91.799,157.796,1631.272
20251118B08,合計（確報値）,応札件数（電源属地別）[件],6,4,16,13,1,10,6,7,12,75
20251118B08,合計（確報値）,約定件数（電源属地別）[件],2,4,14,9,1,9,6,6,9,60
20251118B08,合計（確報値）,最高約定価格（電源属地別）[円/kW・30分],8.9,19.51,19.51,19.51,2.82,19.49,19.51,4.89,19.51,19.51
20251118B08,合計（確報値）,最低約定価格（電源属地別）[円/kW・30分],7.89,3.16,0.73,0.36,2.82,0.36,1.26,0.36,0.5,0.36
20251118B08,合計（確報値）,平均約定価格（電源属地別）[円/kW・30分],8.46,4.54,9.76,0.83,2.82,2.39,4.29,1.71,2.22,2.96
20251118B08,合計（確報値）,最高約定価格（TSO別）[円/kW・30分],8.9,19.51,19.51,19.51,2.82,19.49,19.51,4.89,19.51,19.51
20251118B08,合計（確報値）,最低約定価格（TSO別）[円/kW・30分],7.89,3.16,0.73,0.36,2.82,0.36,1.26,0.36,0.36,0.36
20251118B08,合計（確報値）,平均約定価格（TSO別）[円/kW・30分],8.46,4.54,12.76,0.9,2.82,2.42,4.66,1.69,2.49,2.96
20251118B08,合計（確報値）,約定量合計（TSO別）[MW],44,274.919,32.825,342.773,102,420.159,100.8,88,225.796,1631.272
20251118B08,合計（確報値）,（内訳）自エリアからの約定量[MW],44,274.919,32.825,315.3,102,420.159,97.001,88,157.796,1532
20251119B01,システム約定結果,募集量（TSO別）[MW],55,163,306,41,86,281,189,95,198,1414
20251119B01,システム約定結果,応札量合計（電源属地別）[MW],271.74,260.419,855.894,681.688,86,865.215,180.547,218,661.806,4081.309
20251119B01,システム約定結果,落札量合計（電源属地別）[MW],13,260.419,730.094,676.589,86,353.715,135.913,101.085,61.806,2418.621
20251119B01,システム約定結果,応札件数（電源属地別）[件],5,3,15,13,1,8,4,7,10,66
20251119B01,システム約定結果,落札件数（電源属地別）[件],1,3,14,13,1,8,4,6,8,58
20251119B01,システム約定結果,最高落札価格（電源属地別）[円/kW・30分],4.79,19.51,19.51,19.51,0.96,19.49,2.07,4.78,19.51,19.51
20251119B01,システム約定結果,最低落札価格（電源属地別）[円/kW・30分],4.79,3.51,1.26,2.26,0.96,0.36,0.36,0.36,0.36,0.36
20251119B01,システム約定結果,平均落札価格（電源属地別）[円/kW・30分],4.79,4.04,2.7,2.77,0.96,3.85,1.26,1.19,3.43,2.86
20251119B01,システム約定結果,最高落札価格（TSO別）[円/kW・30分],4.79,19.51,19.51,3.25,2.77,19.49,19.51,4.78,19.51,19.51
20251119B01,システム約定結果,最低落札価格（TSO別）[円/kW・30分],3.51,3.51,1.26,2.35,0.96,0.36,0.36,0.36,0.36,0.36
20251119B01,システム約定結果,平均落札価格（TSO別）[円/kW・30分],3.81,4.15,2.7,2.75,1.52,3.58,2.12,0.96,3.43,2.86
20251119B01,システム約定結果,落札量合計（TSO別）[MW],55,218.419,730.094,464.344,132,433.98,227.978,95,61.806,2418.621
20251119B01,システム約定結果,（内訳）自エリアからの落札量[MW],13,218.419,730.094,464.344,86,353.715,135.913,95,61.806,2158.291
20251119B01,追加調達結果,募集量（TSO別）[MW],-,-,-,-,-,-,-,-,-,-
20251119B01,追加調達結果,応札量合計（電源属地別）[MW],0,0,0,0,0,0,0,0,0,0
20251119B01,追加調達結果,約定量合計（電源属地別）[MW],0,0,0,0,0,0,0,0,0,0
20251119B01,追加調達結果,応札件数（電源属地別）[件],0,0,0,0,0,0,0,0,0,0
20251119B01,追加調達結果,約定件数（電源属地別）[件],0,0,0,0,0,0,0,0,0,0
20251119B01,追加調達結果,最高約定価格（電源属地別）[円/kW・30分],0,0,0,0,0,0,0,0,0,0
20251119B01,追加調達結果,最低約定価格（電源属地別）[円/kW・30分],0,0,0,0,0,0,0,0,0,0
20251119B01,追加調達結果,平均約定価格（電源属地別）[円/kW・30分],0,0,0,0,0,0,0,0,0,0
20251119B01,追加調達結果,最高約定価格（TSO別）[円/kW・30分],0,0,0,0,0,0,0,0,0,0
20251119B01,追加調達結果,最低約定価格（TSO別）[円/kW・30分],0,0,0,0,0,0,0,0,0,0
20251119B01,追加調達結果,平均約定価格（TSO別）[円/kW・30分],0,0,0,0,0,0,0,0,0,0
20251119B01,追加調達結果,約定量合計（TSO別）[MW],0,0,0,0,0,0,0,0,0,0
20251119B01,追加調達結果,（内訳）自エリアからの約定量[MW],0,0,0,0,0,0,0,0,0,0
20251119B01,合計（確報値）,募集量（TSO別）[MW],55,163,306,41,86,281,189,95,198,1414
20251119B01,合計（確報値）,応札量合計（電源属地別）[MW],271.74,260.419,855.894,1477.432,86,889.159,180.547,218,661.806,4900.997
20251119B01,合計（確報値）,約定量合計（電源属地別）[MW],13,260.419,730.094,676.589,86,300.659,135.913,101.085,61.806,2365.565
20251119B01,合計（確報値）,応札件数（電源属地別）[件],5,3,15,45,1,9,4,7,10,99
20251119B01,合計（確報値）,約定件数（電源属地別）[件],1,3,14,33,1,8,4,6,8,78
20251119B01,合計（確報値）,最高約定価格（電源属地別）[円/kW・30分],4.79,19.51,19.51,19.51,0.96,19.49,2.07,4.78,19.51,19.51
20251119B01,合計（確報値）,最低約定価格（電源属地別）[円/kW・30分],4.79,3.51,1.26,0.36,0.96,0.36,0.36,0.36,0.36,0.36
20251119B01,合計（確報値）,平均約定価格（電源属地別）[円/kW・30分],4.79,4.04,2.7,0.58,0.96,4.38,1.26,1.19,3.43,2.28
20251119B01,合計（確報値）,最高約定価格（TSO別）[円/kW・30分],4.79,19.51,19.51,2.35,0.96,19.49,19.51,4.78,19.51,19.51
20251119B01,合計（確報値）,最低約定価格（TSO別）[円/kW・30分],3.51,3.51,1.26,0.36,0.36,0.36,0.36,0.36,0.36,0.36
20251119B01,合計（確報値）,平均約定価格（TSO別）[円/kW・30分],3.81,4.15,2.7,0.39,0.75,3.53,1.6,0.96,3.43,2.28
20251119B01,合計（確報値）,約定量合計（TSO別）[MW],55,218.419,730.094,464.344,132,380.924,227.978,95,61.806,2365.565
20251119B01,合計（確報値）,（内訳）自エリアからの約定量[MW],13,218.419,730.094,464.344,86,300.659,135.913,95,61.806,2105.235
20251119B02,システム約定結果,募集量（TSO別）[MW],28,133,301,158,92,380,189,99,300,1680
20251119B02,システム約定結果,応札量合計（電源属地別）[MW],290.35,274.919,550.378,206.718,92,865.215,182.347,220,404.796,3086.723
20251119B02,システム約定結果,落札量合計（電源属地別）[MW],14,274.919,481.578,206.636,92,370.215,125.713,104.733,192.796,1862.59
20251119B02,システム約定結果,応札件数（電源属地別）[件],6,4,22,9,1,8,5,7,11,73
20251119B02,システム約定結果,落札件数（電源属地別）[件],1,4,19,9,1,8,5,6,10,63
20251119B02,システム約定結果,最高落札価格（電源属地別）[円/kW・30分],3.49,19.51,19.51,19.51,2,19.49,19.49,4.78,19.51,19.51
20251119B02,システム約定結果,最低落札価格（電源属地別）[円/kW・30分],3.49,3.36,0.73,2.36,2,0.36,0.76,0.36,0.36,0.36
20251119B02,システム約定結果,平均落札価格（電源属地別）[円/kW・30分],3.49,4.72,4.31,3.79,2,3.36,2.25,1.29,1.74,3.43
20251119B02,システム約定結果,最高落札価格（TSO別）[円/kW・30分],3.49,19.51,19.51,19.51,2,19.49,19.49,4.78,19.51,19.51
20251119B02,システム約定結果,最低落札価格（TSO別）[円/kW・30分],3.36,3.36,0.73,2.36,2,0.36,0.76,0.36,0.36,0.36
20251119B02,システム約定結果,平均落札価格（TSO別）[円/kW・30分],3.43,4.8,4.31,3.83,2,3.33,1.86,1.17,1.95,3.43
20251119B02,システム約定結果,落札量合計（TSO別）[MW],28,260.919,481.578,175.337,80,421.948,78.012,99,237.796,1862.59
20251119B02,システム約定結果,（内訳）自エリアからの落札量[MW],14,260.919,481.578,175.337,80,370.215,78.012,99,192.796,1751.857
20251119B02,追加調達結果,募集量（TSO別）[MW],-,-,-,-,-,-,-,-,-,-
20251119B02,追加調達結果,応札量合計（電源属地別）[MW],0,0,0,0,0,0,0,0,0,0
20251119B02,追加調達結果,約定量合計（電源属地別）[MW],0,0,0,0,0,0,0,0,0,0
20251119B02,追加調達結果,応札件数（電源属地別）[件],0,0,0,0,0,0,0,0,0,0
20251119B02,追加調達結果,約定件数（電源属地別）[件],0,0,0,0,0,0,0,0,0,0
20251119B02,追加調達結果,最高約定価格（電源属地別）[円/kW・30分],0,0,0,0,0,0,0,0,0,0
20251119B02,追加調達結果,最低約定価格（電源属地別）[円/kW・30分],0,0,0,0,0,0,0,0,0,0
20251119B02,追加調達結果,平均約定価格（電源属地別）[円/kW・30分],0,0,0,0,0,0,0,0,0,0
20251119B02,追加調達結果,最高約定価格（TSO別）[円/kW・30分],0,0,0,0,0,0,0,0,0,0
20251119B02,追加調達結果,最低約定価格（TSO別）[円/kW・30分],0,0,0,0,0,0,0,0,0,0
20251119B02,追加調達結果,平均約定価格（TSO別）[円/kW・30分],0,0,0,0,0,0,0,0,0,0
20251119B02,追加調達結果,約定量合計（TSO別）[MW],0,0,0,0,0,0,0,0,0,0
20251119B02,追加調達結果,（内訳）自エリアからの約定量[MW],0,0,0,0,0,0,0,0,0,0
20251119B02,合計（確報値）,募集量（TSO別）[MW],28,133,301,158,92,380,189,99,300,1680
20251119B02,合計（確報値）,応札量合計（電源属地別）[MW],290.35,274.919,550.378,508.636,92,889.159,182.347,220,404.796,3412.585
20251119B02,合計（確報値）,約定量合計（電源属地別）[MW],14,274.919,481.578,206.636,92,317.159,125.713,104.733,192.796,1809.534
20251119B02,合計（確報値）,応札件数（電源属地別）[件],6,4,22,20,1,9,5,7,11,85
20251119B02,合計（確報値）,約定件数（電源属地別）[件],1,4,19,12,1,8,5,6,10,66
20251119B02,合計（確報値）,最高約定価格（電源属地別）[円/kW・30分],3.49,19.51,19.51,19.51,2,19.49,19.49,4.78,19.51,19.51
20251119B02,合計（確報値）,最低約定価格（電源属地別）[円/kW・30分],3.49,3.36,0.73,0.36,2,0.36,0.76,0.36,0.36,0.36
20251119B02,合計（確報値）,平均約定価格（電源属地別）[円/kW・30分],3.49,4.72,4.31,1.19,2,3.58,2.25,1.29,1.74,3.17
20251119B02,合計（確報値）,最高約定価格（TSO別）[円/kW・30分],3.49,19.51,19.51,19.51,2,19.49,19.49,4.78,19.51,19.51
20251119B02,合計（確報値）,最低約定価格（TSO別）[円/kW・30分],3.36,3.36,0.73,0.36,2,0.36,0.76,0.36,0.36,0.36
20251119B02,合計（確報値）,平均約定価格（TSO別）[円/kW・30分],3.43,4.8,4.31,1.34,2,3.24,1.86,1.17,1.95,3.17
20251119B02,合計（確報値）,約定量合計（TSO別）[MW],28,260.919,481.578,175.337,80,368.892,78.012,99,237.796,1809.534
20251119B02,合計（確報値）,（内訳）自エリアからの約定量[MW],14,260.919,481.578,175.337,80,317.159,78.012,99,192.796,1698.801
20251119B03,システム約定結果,募集量（TSO別）[MW],134,932,447,400,127,605,284,174,427,3530
20251119B03,システム約定結果,応札量合計（電源属地別）[MW],270.74,784.919,499.648,5.858,127,228.83,182.347,133,438.22,2670.562
20251119B03,システム約定結果,落札量合計（電源属地別）[MW],63,784.919,261.571,5.858,127,228.83,182.347,133,333.885,2120.41
20251119B03,システム約定結果,応札件数（電源属地別）[件],5,7,19,3,1,5,5,4,10,59
20251119B03,システム約定結果,落札件数（電源属地別）[件],4,7,16,3,1,5,5,4,10,55
20251119B03,システム約定結果,最高落札価格（電源属地別）[円/kW・30分],18.53,19.51,19.51,19.51,2.5,19.51,19.51,4.89,19.51,19.51
20251119B03,システム約定結果,最低落札価格（電源属地別）[円/kW・30分],4,1.85,1.26,19.47,2.5,0.36,1.51,0.36,0.36,0.36
20251119B03,システム約定結果,平均落札価格（電源属地別）[円/kW・30分],10.87,3.35,6.07,19.48,2.5,4.9,2.54,1.63,1.59,3.61
20251119B03,システム約定結果,最高落札価格（TSO別）[円/kW・30分],18.53,19.51,19.51,19.51,14.44,19.51,19.51,4.89,19.51,19.51
20251119B03,システム約定結果,最低落札価格（TSO別）[円/kW・30分],3.44,1.85,11.58,1.26,2.5,0.36,1.51,0.36,0.36,0.36
20251119B03,システム約定結果,平均落札価格（TSO別）[円/kW・30分],6.93,3.34,15.75,1.87,4,4.78,2.33,1.63,1.71,3.61
20251119B03,システム約定結果,落札量合計（TSO別）[MW],134,713.919,72.224,183.858,127,240.177,177.012,133,339.22,2120.41
20251119B03,システム約定結果,（内訳）自エリアからの落札量[MW],63,713.919,72.224,5.858,111,228.83,160.716,133,317.589,1806.136
20251119B03,追加調達結果,募集量（TSO別）[MW],-,-,-,-,-,-,-,-,-,-
20251119B03,追加調達結果,応札量合計（電源属地別）[MW],0,0,0,0,0,0,0,0,0,0
20251119B03,追加調達結果,約定量合計（電源属地別）[MW],0,0,0,0,0,0,0,0,0,0
20251119B03,追加調達結果,応札件数（電源属地別）[件],0,0,0,0,0,0,0,0,0,0
20251119B03,追加調達結果,約定件数（電源属地別）[件],0,0,0,0,0,0,0,0,0,0
20251119B03,追加調達結果,最高約定価格（電源属地別）[円/kW・30分],0,0,0,0,0,0,0,0,0,0
20251119B03,追加調達結果,最低約定価格（電源属地別）[円/kW・30分],0,0,0,0,0,0,0,0,0,0
20251119B03,追加調達結果,平均約定価格（電源属地別）[円/kW・30分],0,0,0,0,0,0,0,0,0,0
20251119B03,追加調達結果,最高約定価格（TSO別）[円/kW・30分],0,0,0,0,0,0,0,0,0,0
20251119B03,追加調達結果,最低約定価格（TSO別）[円/kW・30分],0,0,0,0,0,0,0,0,0,0
20251119B03,追加調達結果,平均約定価格（TSO別）[円/kW・30分],0,0,0,0,0,0,0,0,0,0
20251119B03,追加調達結果,約定量合計（TSO別）[MW],0,0,0,0,0,0,0,0,0,0
20251119B03,追加調達結果,（内訳）自エリアからの約定量[MW],0,0,0,0,0,0,0,0,0,0
20251119B03,合計（確報値）,募集量（TSO別）[MW],134,932,447,400,127,605,284,174,427,3530
20251119B03,合計（確報値）,応札量合計（電源属地別）[MW],270.74,784.919,499.648,5.858,127,228.83,182.347,133,438.22,2670.562
20251119B03,合計（確報値）,約定量合計（電源属地別）[MW],63,784.919,261.571,5.858,127,228.83,182.347,133,333.885,2120.41
20251119B03,合計（確報値）,応札件数（電源属地別）[件],5,7,19,3,1,5,5,4,10,59
20251119B03,合計（確報値）,約定件数（電源属地別）[件],4,7,16,3,1,5,5,4,10,55
20251119B03,合計（確報値）,最高約定価格（電源属地別）[円/kW・30分],18.53,19.51,19.51,19.51,2.5,19.51,19.51,4.89,19.51,19.51
20251119B03,合計（確報値）,最低約定価格（電源属地別）[円/kW・30分],4,1.85,1.26,19.47,2.5,0.36,1.51,0.36,0.36,0.36
20251119B03,合計（確報値）,平均約定価格（電源属地別）[円/kW・30分],10.87,3.35,6.07,19.48,2.5,4.9,2.54,1.63,1.59,3.61
20251119B03,合計（確報値）,最高約定価格（TSO別）[円/kW・30分],18.53,19.51,19.51,19.51,14.44,19.51,19.51,4.89,19.51,19.51
20251119B03,合計（確報値）,最低約定価格（TSO別）[円/kW・30分],3.44,1.85,11.58,1.26,2.5,0.36,1.51,0.36,0.36,0.36
20251119B03,合計（確報値）,平均約定価格（TSO別）[円/kW・30分],6.93,3.34,15.75,1.87,4,4.78,2.33,1.63,1.71,3.61
20251119B03,合計（確報値）,約定量合計（TSO別）[MW],134,713.919,72.224,183.858,127,240.177,177.012,133,339.22,2120.41
20251119B03,合計（確報値）,（内訳）自エリアからの約定量[MW],63,713.919,72.224,5.858,111,228.83,160.716,133,317.589,1806.136
20251119B04,システム約定結果,募集量（TSO別）[MW],116,270,370,264,194,869,486,219,604,3392
20251119B04,システム約定結果,応札量合計（電源属地別）[MW],340.65,434.5,307.747,7.718,194,482.598,181.547,181,673.719,2803.479
20251119B04,システム約定結果,落札量合計（電源属地別）[MW],31,434.5,307.747,7.718,194,482.598,181.547,181,658.552,2478.662
20251119B04,システム約定結果,応札件数（電源属地別）[件],7,3,24,4,2,5,5,4,11,65
20251119B04,システム約定結果,落札件数（電源属地別）[件],1,3,24,4,2,5,5,4,11,59
20251119B04,システム約定結果,最高落札価格（電源属地別）[円/kW・30分],6.2,19.51,19.51,19.51,1.13,9.63,19.51,4.78,19.51,19.51
20251119B04,システム約定結果,最低落札価格（電源属地別）[円/kW・30分],6.2,2.83,0.73,19.47,1.04,0.36,0.49,0.36,0.36,0.36
20251119B04,システム約定結果,平均落札価格（電源属地別）[円/kW・30分],6.2,4.43,3.21,19.49,1.1,3.47,1.36,0.8,3.56,3.18
20251119B04,システム約定結果,最高落札価格（TSO別）[円/kW・30分],6.2,19.51,19.51,1.26,19.51,9.63,19.51,4.78,19.51,19.51
20251119B04,システム約定結果,最低落札価格（TSO別）[円/kW・30分],2.83,2.83,0.73,1.13,1.04,0.36,0.36,0.36,0.36,0.36
20251119B04,システム約定結果,平均落札価格（TSO別）[円/kW・30分],5.05,4.39,4.06,1.25,1.83,3.47,0.96,0.8,4.34,3.18
20251119B04,システム約定結果,落札量合計（TSO別）[MW],116,349.5,213.747,102,193.718,482.598,312.38,181,527.719,2478.662
20251119B04,システム約定結果,（内訳）自エリアからの落札量[MW],31,349.5,213.747,0,186,482.598,181.547,181,527.719,2153.111
20251119B04,追加調達結果,募集量（TSO別）[MW],-,-,-,-,-,-,-,-,-,-
20251119B04,追加調達結果,応札量合計（電源属地別）[MW],0,0,0,0,0,0,0,0,0,0
20251119B04,追加調達結果,約定量合計（電源属地別）[MW],0,0,0,0,0,0,0,0,0,0
20251119B04,追加調達結果,応札件数（電源属地別）[件],0,0,0,0,0,0,0,0,0,0
20251119B04,追加調達結果,約定件数（電源属地別）[件],0,0,0,0,0,0,0,0,0,0
20251119B04,追加調達結果,最高約定価格（電源属地別）[円/kW・30分],0,0,0,0,0,0,0,0,0,0
20251119B04,追加調達結果,最低約定価格（電源属地別）[円/kW・30分],0,0,0,0,0,0,0,0,0,0
20251119B04,追加調達結果,平均約定価格（電源属地別）[円/kW・30分],0,0,0,0,0,0,0,0,0,0
20251119B04,追加調達結果,最高約定価格（TSO別）[円/kW・30分],0,0,0,0,0,0,0,0,0,0
20251119B04,追加調達結果,最低約定価格（TSO別）[円/kW・30分],0,0,0,0,0,0,0,0,0,0
20251119B04,追加調達結果,平均約定価格（TSO別）[円/kW・30分],0,0,0,0,0,0,0,0,0,0
20251119B04,追加調達結果,約定量合計（TSO別）[MW],0,0,0,0,0,0,0,0,0,0
20251119B04,追加調達結果,（内訳）自エリアからの約定量[MW],0,0,0,0,0,0,0,0,0,0
20251119B04,合計（確報値）,募集量（TSO別）[MW],116,270,370,264,194,869,486,219,604,3392
20251119B04,合計（確報値）,応札量合計（電源属地別）[MW],340.65,604.5,307.747,7.718,194,482.598,181.547,181,673.719,2973.479
20251119B04,合計（確報値）,約定量合計（電源属地別）[MW],31,434.5,307.747,7.718,194,404.885,181.547,181,658.552,2400.949
20251119B04,合計（確報値）,応札件数（電源属地別）[件],7,9,24,4,2,5,5,4,11,71
20251119B04,合計（確報値）,約定件数（電源属地別）[件],1,8,24,4,2,4,5,4,11,63
20251119B04,合計（確報値）,最高約定価格（電源属地別）[円/kW・30分],6.2,19.51,19.51,19.51,1.13,9.63,19.51,4.78,19.51,19.51
20251119B04,合計（確報値）,最低約定価格（電源属地別）[円/kW・30分],6.2,2.16,0.73,19.47,1.04,0.36,0.49,0.36,0.36,0.36
20251119B04,合計（確報値）,平均約定価格（電源属地別）[円/kW・30分],6.2,4.17,3.21,19.49,1.1,3.98,1.36,0.8,3.56,3.21
20251119B04,合計（確報値）,最高約定価格（TSO別）[円/kW・30分],6.2,19.51,19.51,1.26,19.51,9.63,19.51,4.78,19.51,19.51
20251119B04,合計（確報値）,最低約定価格（TSO別）[円/kW・30分],2.16,2.16,0.73,1.13,1.04,0.36,0.36,0.36,0.36,0.36
20251119B04,合計（確報値）,平均約定価格（TSO別）[円/kW・30分],5.04,4.06,4.06,1.25,1.83,3.98,0.96,0.8,4.34,3.21
20251119B04,合計（確報値）,約定量合計（TSO別）[MW],116,349.5,213.747,102,193.718,404.885,312.38,181,527.719,2400.949
20251119B04,合計（確報値）,（内訳）自エリアからの約定量[MW],31,349.5,213.747,0,186,404.885,181.547,181,527.719,2075.398
20251119B05,システム約定結果,募集量（TSO別）[MW],32,406,293,383,194,588,361,145,537,2939
20251119B05,システム約定結果,応札量合計（電源属地別）[MW],311.94,444.919,304.347,7.718,194,1019.215,183.347,117,604.083,3186.569
20251119B05,システム約定結果,落札量合計（電源属地別）[MW],28,444.919,262.347,7.718,194,865.928,176.099,117,402.033,2498.044
20251119B05,システム約定結果,応札件数（電源属地別）[件],7,5,26,4,2,8,6,4,17,79
20251119B05,システム約定結果,落札件数（電源属地別）[件],1,5,24,4,2,8,6,4,14,68
20251119B05,システム約定結果,最高落札価格（電源属地別）[円/kW・30分],5.92,19.51,19.51,19.51,0.88,19.51,19.51,4.78,19.51,19.51
20251119B05,システム約定結果,最低落札価格（電源属地別）[円/kW・30分],5.92,2.65,0.32,19.47,0.79,0.36,0.36,0.36,0.36,0.32
20251119B05,システム約定結果,平均落札価格（電源属地別）[円/kW・30分],5.92,4.53,3.17,19.49,0.85,2.18,1.22,1.05,3.58,2.8
20251119B05,システム約定結果,最高落札価格（TSO別）[円/kW・30分],5.92,19.51,19.51,19.51,0.88,19.51,19.51,4.78,19.51,19.51
20251119B05,システム約定結果,最低落札価格（TSO別）[円/kW・30分],4.43,2.65,0.73,0.32,0.32,0.36,0.36,0.36,0.36,0.32
20251119B05,システム約定結果,平均落札価格（TSO別）[円/kW・30分],5.73,4.53,4.35,0.88,0.85,2.98,1.54,1.05,3.35,2.8
20251119B05,システム約定結果,落札量合計（TSO別）[MW],32,440.919,185.947,277.718,194,527.627,288.8,117,434.033,2498.044
20251119B05,システム約定結果,（内訳）自エリアからの落札量[MW],28,440.919,185.947,7.718,192.6,527.627,174.087,117,402.033,2075.931
20251119B05,追加調達結果,募集量（TSO別）[MW],-,-,-,-,-,-,-,-,-,-
20251119B05,追加調達結果,応札量合計（電源属地別）[MW],0,0,0,0,0,0,0,0,0,0
20251119B05,追加調達結果,約定量合計（電源属地別）[MW],0,0,0,0,0,0,0,0,0,0
20251119B05,追加調達結果,応札件数（電源属地別）[件],0,0,0,0,0,0,0,0,0,0
20251119B05,追加調達結果,約定件数（電源属地別）[件],0,0,0,0,0,0,0,0,0,0
20251119B05,追加調達結果,最高約定価格（電源属地別）[円/kW・30分],0,0,0,0,0,0,0,0,0,0
20251119B05,追加調達結果,最低約定価格（電源属地別）[円/kW・30分],0,0,0,0,0,0,0,0,0,0
20251119B05,追加調達結果,平均約定価格（電源属地別）[円/kW・30分],0,0,0,0,0,0,0,0,0,0
20251119B05,追加調達結果,最高約定価格（TSO別）[円/kW・30分],0,0,0,0,0,0,0,0,0,0
20251119B05,追加調達結果,最低約定価格（TSO別）[円/kW・30分],0,0,0,0,0,0,0,0,0,0
20251119B05,追加調達結果,平均約定価格（TSO別）[円/kW・30分],0,0,0,0,0,0,0,0,0,0
20251119B05,追加調達結果,約定量合計（TSO別）[MW],0,0,0,0,0,0,0,0,0,0
20251119B05,追加調達結果,（内訳）自エリアからの約定量[MW],0,0,0,0,0,0,0,0,0,0
20251119B05,合計（確報値）,募集量（TSO別）[MW],32,406,293,383,194,588,361,145,537,2939
20251119B05,合計（確報値）,応札量合計（電源属地別）[MW],311.94,614.919,304.347,7.718,194,1019.215,183.347,117,604.083,3356.569
20251119B05,合計（確報値）,約定量合計（電源属地別）[MW],28,444.919,262.347,7.718,194,788.215,176.099,117,402.033,2420.331
20251119B05,合計（確報値）,応札件数（電源属地別）[件],7,9,26,4,2,8,6,4,17,83
20251119B05,合計（確報値）,約定件数（電源属地別）[件],1,8,24,4,2,7,6,4,14,70
20251119B05,合計（確報値）,最高約定価格（電源属地別）[円/kW・30分],5.92,19.51,19.51,19.51,0.88,19.51,19.51,4.78,19.51,19.51
20251119B05,合計（確報値）,最低約定価格（電源属地別）[円/kW・30分],5.92,2.05,0.32,19.47,0.79,0.36,0.36,0.36,0.36,0.32
20251119B05,合計（確報値）,平均約定価格（電源属地別）[円/kW・30分],5.92,4.3,3.17,19.49,0.85,2.35,1.22,1.05,3.58,2.83
20251119B05,合計（確報値）,最高約定価格（TSO別）[円/kW・30分],5.92,19.51,19.51,19.51,0.88,19.51,19.51,4.78,19.51,19.51
20251119B05,合計（確報値）,最低約定価格（TSO別）[円/kW・30分],4.43,2.05,0.73,0.32,0.32,0.36,0.36,0.36,0.36,0.32
20251119B05,合計（確報値）,平均約定価格（TSO別）[円/kW・30分],5.73,4.3,4.35,0.88,0.85,2.98,1.95,1.05,3.35,2.83
20251119B05,合計（確報値）,約定量合計（TSO別）[MW],32,440.919,185.947,277.718,194,527.627,211.087,117,434.033,2420.331
20251119B05,合計（確報値）,（内訳）自エリアからの約定量[MW],28,440.919,185.947,7.718,192.6,527.627,174.087,117,402.033,2075.931
20251119B06,システム約定結果,募集量（TSO別）[MW],36,732,427,402,120,692,340,179,549,3477
20251119B06,システム約定結果,応札量合計（電源属地別）[MW],279.65,784.919,286.771,342.708,120,254.776,460.765,134,670.043,3333.632
20251119B06,システム約定結果,落札量合計（電源属地別）[MW],36,784.919,285.647,198.941,120,254.776,264.304,134,476.751,2555.338
20251119B06,システム約定結果,応札件数（電源属地別）[件],6,7,25,6,1,7,11,4,15,82
20251119B06,システム約定結果,落札件数（電源属地別）[件],3,7,24,6,1,7,10,4,14,76
20251119B06,システム約定結果,最高落札価格（電源属地別）[円/kW・30分],10,19.51,19.51,19.51,3.09,19.51,19.51,4.78,19.51,19.51
20251119B06,システム約定結果,最低落札価格（電源属地別）[円/kW・30分],1.76,1.03,0.73,1.64,3.09,0.53,2.18,0.36,1.28,0.36
20251119B06,システム約定結果,平均落札価格（電源属地別）[円/kW・30分],2.7,2.15,3.83,3.49,3.09,4.47,3.68,0.91,2.59,2.9
20251119B06,システム約定結果,最高落札価格（TSO別）[円/kW・30分],10,19.51,19.51,19.51,4.84,19.51,19.51,4.78,19.51,19.51
20251119B06,システム約定結果,最低落札価格（TSO別）[円/kW・30分],1.76,1.03,0.73,1.26,3.09,0.53,2.18,0.36,1.28,0.36
20251119B06,システム約定結果,平均落札価格（TSO別）[円/kW・30分],2.7,2.15,4.14,2.94,3.35,4.47,3.75,0.91,2.58,2.9
20251119B06,システム約定結果,落札量合計（TSO別）[MW],36,784.919,278.447,213.141,113,254.776,253.012,134,488.043,2555.338
20251119B06,システム約定結果,（内訳）自エリアからの落札量[MW],36,784.919,151.647,69.141,95.935,254.776,253.012,134,476.751,2256.181
20251119B06,追加調達結果,募集量（TSO別）[MW],-,-,-,-,-,-,-,-,-,-
20251119B06,追加調達結果,応札量合計（電源属地別）[MW],0,0,0,0,0,0,0,0,0,0
20251119B06,追加調達結果,約定量合計（電源属地別）[MW],0,0,0,0,0,0,0,0,0,0
20251119B06,追加調達結果,応札件数（電源属地別）[件],0,0,0,0,0,0,0,0,0,0
20251119B06,追加調達結果,約定件数（電源属地別）[件],0,0,0,0,0,0,0,0,0,0
20251119B06,追加調達結果,最高約定価格（電源属地別）[円/kW・30分],0,0,0,0,0,0,0,0,0,0
20251119B06,追加調達結果,最低約定価格（電源属地別）[円/kW・30分],0,0,0,0,0,0,0,0,0,0
20251119B06,追加調達結果,平均約定価格（電源属地別）[円/kW・30分],0,0,0,0,0,0,0,0,0,0
20251119B06,追加調達結果,最高約定価格（TSO別）[円/kW・30分],0,0,0,0,0,0,0,0,0,0
20251119B06,追加調達結果,最低約定価格（TSO別）[円/kW・30分],0,0,0,0,0,0,0,0,0,0
20251119B06,追加調達結果,平均約定価格（TSO別）[円/kW・30分],0,0,0,0,0,0,0,0,0,0
20251119B06,追加調達結果,約定量合計（TSO別）[MW],0,0,0,0,0,0,0,0,0,0
20251119B06,追加調達結果,（内訳）自エリアからの約定量[MW],0,0,0,0,0,0,0,0,0,0
20251119B06,合計（確報値）,募集量（TSO別）[MW],36,732,427,402,120,692,340,179,549,3477
20251119B06,合計（確報値）,応札量合計（電源属地別）[MW],279.65,784.919,286.771,486.708,120,254.776,460.765,134,670.043,3477.632
20251119B06,合計（確報値）,約定量合計（電源属地別）[MW],36,784.919,285.647,198.941,120,254.776,264.304,134,476.751,2555.338
20251119B06,合計（確報値）,応札件数（電源属地別）[件],6,7,25,12,1,7,11,4,15,88
20251119B06,合計（確報値）,約定件数（電源属地別）[件],3,7,24,8,1,7,10,4,14,78
20251119B06,合計（確報値）,最高約定価格（電源属地別）[円/kW・30分],10,19.51,19.51,19.51,3.09,19.51,19.51,4.78,19.51,19.51
20251119B06,合計（確報値）,最低約定価格（電源属地別）[円/kW・30分],1.76,1.03,0.73,0.36,3.09,0.53,2.18,0.36,1.28,0.36
20251119B06,合計（確報値）,平均約定価格（電源属地別）[円/kW・30分],2.7,2.15,3.83,1.87,3.09,4.47,3.68,0.91,2.59,2.77
20251119B06,合計（確報値）,最高約定価格（TSO別）[円/kW・30分],10,19.51,19.51,19.51,3.09,19.51,19.51,4.78,19.51,19.51
20251119B06,合計（確報値）,最低約定価格（TSO別）[円/kW・30分],1.76,1.03,0.73,0.36,0.36,0.53,2.18,0.36,1.28,0.36
20251119B06,合計（確報値）,平均約定価格（TSO別）[円/kW・30分],2.7,2.15,4.14,1.79,2.68,4.47,3.75,0.91,2.58,2.77
20251119B06,合計（確報値）,約定量合計（TSO別）[MW],36,784.919,278.447,213.141,113,254.776,253.012,134,488.043,2555.338
20251119B06,合計（確報値）,（内訳）自エリアからの約定量[MW],36,784.919,151.647,69.141,95.935,254.776,253.012,134,476.751,2256.181
20251119B07,システム約定結果,募集量（TSO別）[MW],32,263,426,206,106,574,305,83,328,2323
20251119B07,システム約定結果,応札量合計（電源属地別）[MW],275.75,274.919,292.028,616.3,106,509.715,459.765,212,549.215,3295.692
20251119B07,システム約定結果,落札量合計（電源属地別）[MW],47,274.919,269.748,535.3,106,354.428,204.731,86.333,351.64,2230.099
20251119B07,システム約定結果,応札件数（電源属地別）[件],5,4,23,8,1,9,10,6,13,79
20251119B07,システム約定結果,落札件数（電源属地別）[件],3,4,22,7,1,8,9,5,13,72
20251119B07,システム約定結果,最高落札価格（電源属地別）[円/kW・30分],10,19.51,19.51,19.51,3.45,19.49,19.51,5.08,19.51,19.51
20251119B07,システム約定結果,最低落札価格（電源属地別）[円/kW・30分],2.56,2.85,0.73,2.83,3.45,0.55,2.32,0.36,1.03,0.36
20251119B07,システム約定結果,平均落札価格（電源属地別）[円/kW・30分],5.09,4.26,3.5,3.79,3.45,3.95,3.91,1.14,2.39,3.54
20251119B07,システム約定結果,最高落札価格（TSO別）[円/kW・30分],10,19.51,19.51,19.51,3.45,19.49,19.51,5.08,19.51,19.51
20251119B07,システム約定結果,最低落札価格（TSO別）[円/kW・30分],2.56,2.56,0.73,2.83,3.45,0.55,1.26,0.36,1.03,0.36
20251119B07,システム約定結果,平均落札価格（TSO別）[円/kW・30分],6.05,4.2,3.5,4.08,3.45,3.74,3.57,0.99,2.44,3.54
20251119B07,システム約定結果,落札量合計（TSO別）[MW],32,289.919,269.748,358.444,88,523.215,265.8,83,319.973,2230.099
20251119B07,システム約定結果,（内訳）自エリアからの落札量[MW],32,274.919,269.748,358.444,88,326.215,202.587,83,319.973,1954.886
20251119B07,追加調達結果,募集量（TSO別）[MW],-,-,-,-,-,-,-,-,-,-
20251119B07,追加調達結果,応札量合計（電源属地別）[MW],0,0,0,0,0,0,0,0,0,0
20251119B07,追加調達結果,約定量合計（電源属地別）[MW],0,0,0,0,0,0,0,0,0,0
20251119B07,追加調達結果,応札件数（電源属地別）[件],0,0,0,0,0,0,0,0,0,0
20251119B07,追加調達結果,約定件数（電源属地別）[件],0,0,0,0,0,0,0,0,0,0
20251119B07,追加調達結果,最高約定価格（電源属地別）[円/kW・30分],0,0,0,0,0,0,0,0,0,0
20251119B07,追加調達結果,最低約定価格（電源属地別）[円/kW・30分],0,0,0,0,0,0,0,0,0,0
20251119B07,追加調達結果,平均約定価格（電源属地別）[円/kW・30分],0,0,0,0,0,0,0,0,0,0
20251119B07,追加調達結果,最高約定価格（TSO別）[円/kW・30分],0,0,0,0,0,0,0,0,0,0
20251119B07,追加調達結果,最低約定価格（TSO別）[円/kW・30分],0,0,0,0,0,0,0,0,0,0
20251119B07,追加調達結果,平均約定価格（TSO別）[円/kW・30分],0,0,0,0,0,0,0,0,0,0
20251119B07,追加調達結果,約定量合計（TSO別）[MW],0,0,0,0,0,0,0,0,0,0
20251119B07,追加調達結果,（内訳）自エリアからの約定量[MW],0,0,0,0,0,0,0,0,0,0
20251119B07,合計（確報値）,募集量（TSO別）[MW],32,263,426,206,106,574,305,83,328,2323
20251119B07,合計（確報値）,応札量合計（電源属地別）[MW],275.75,274.919,292.028,1405.882,106,533.659,459.765,212,549.215,4109.218
20251119B07,合計（確報値）,約定量合計（電源属地別）[MW],47,274.919,269.748,535.3,106,300.659,204.731,86.333,351.64,2176.33
20251119B07,合計（確報値）,応札件数（電源属地別）[件],5,4,23,26,1,11,10,6,13,99
20251119B07,合計（確報値）,約定件数（電源属地別）[件],3,4,22,17,1,9,9,5,13,83
20251119B07,合計（確報値）,最高約定価格（電源属地別）[円/kW・30分],10,19.51,19.51,19.51,3.45,19.49,19.51,5.08,19.51,19.51
20251119B07,合計（確報値）,最低約定価格（電源属地別）[円/kW・30分],2.56,2.85,0.73,0.36,3.45,0.55,2.32,0.36,1.03,0.36
20251119B07,合計（確報値）,平均約定価格（電源属地別）[円/kW・30分],5.09,4.26,3.5,0.64,3.45,4.03,3.91,1.14,2.39,2.76
20251119B07,合計（確報値）,最高約定価格（TSO別）[円/kW・30分],10,19.51,19.51,19.51,3.45,19.49,19.51,5.08,19.51,19.51
20251119B07,合計（確報値）,最低約定価格（TSO別）[円/kW・30分],2.56,2.56,0.73,0.36,3.45,0.36,1.26,0.36,1.03,0.36
20251119B07,合計（確報値）,平均約定価格（TSO別）[円/kW・30分],6.05,4.2,3.5,0.77,3.45,2.69,3.68,0.99,2.44,2.76
20251119B07,合計（確報値）,約定量合計（TSO別）[MW],32,289.919,269.748,358.444,88,497.659,237.587,83,319.973,2176.33
20251119B07,合計（確報値）,（内訳）自エリアからの約定量[MW],32,274.919,269.748,358.444,88,300.659,202.587,83,319.973,1929.33
20251119B08,システム約定結果,募集量（TSO別）[MW],39,138,408,230,105,462,197,88,298,1965
20251119B08,システム約定結果,応札量合計（電源属地別）[MW],263.65,274.919,175.912,627.3,105,865.215,226.717,224,481.806,3244.519
20251119B08,システム約定結果,落札量合計（電源属地別）[MW],44,274.919,175.912,540.3,105,495.503,142.713,91.799,155.806,2025.952
20251119B08,システム約定結果,応札件数（電源属地別）[件],5,4,14,8,1,8,6,7,10,63
20251119B08,システム約定結果,落札件数（電源属地別）[件],2,4,14,7,1,8,6,6,8,56
20251119B08,システム約定結果,最高落札価格（電源属地別）[円/kW・30分],8.9,19.51,19.51,19.51,2.92,19.49,19.51,4.89,19.51,19.51
20251119B08,システム約定結果,最低落札価格（電源属地別）[円/kW・30分],4.18,3.47,0.73,2.12,2.92,0.36,1.05,0.36,0.5,0.36
20251119B08,システム約定結果,平均落札価格（電源属地別）[円/kW・30分],6.86,4.82,4.59,3.28,2.92,2.75,4.11,1.68,2,3.42
20251119B08,システム約定結果,最高落札価格（TSO別）[円/kW・30分],8.9,19.51,19.51,19.51,2.92,19.49,19.51,4.89,19.51,19.51
20251119B08,システム約定結果,最低落札価格（TSO別）[円/kW・30分],4.18,3.47,0.73,2.12,2.92,0.36,1.05,0.36,0.36,0.36
20251119B08,システム約定結果,平均落札価格（TSO別）[円/kW・30分],6.86,4.82,4.59,3.28,2.92,2.6,4.49,1.66,2.61,3.42
20251119B08,システム約定結果,落札量合計（TSO別）[MW],44,274.919,175.912,540.3,105,473.215,100.8,88,223.806,2025.952
20251119B08,システム約定結果,（内訳）自エリアからの落札量[MW],44,274.919,175.912,540.3,105,473.215,97.001,88,155.806,1954.153
20251119B08,追加調達結果,募集量（TSO別）[MW],-,-,-,-,-,-,-,-,-,-
20251119B08,追加調達結果,応札量合計（電源属地別）[MW],0,0,0,0,0,0,0,0,0,0
20251119B08,追加調達結果,約定量合計（電源属地別）[MW],0,0,0,0,0,0,0,0,0,0
20251119B08,追加調達結果,応札件数（電源属地別）[件],0,0,0,0,0,0,0,0,0,0
20251119B08,追加調達結果,約定件数（電源属地別）[件],0,0,0,0,0,0,0,0,0,0
20251119B08,追加調達結果,最高約定価格（電源属地別）[円/kW・30分],0,0,0,0,0,0,0,0,0,0
20251119B08,追加調達結果,最低約定価格（電源属地別）[円/kW・30分],0,0,0,0,0,0,0,0,0,0
20251119B08,追加調達結果,平均約定価格（電源属地別）[円/kW・30分],0,0,0,0,0,0,0,0,0,0
20251119B08,追加調達結果,最高約定価格（TSO別）[円/kW・30分],0,0,0,0,0,0,0,0,0,0
20251119B08,追加調達結果,最低約定価格（TSO別）[円/kW・30分],0,0,0,0,0,0,0,0,0,0
20251119B08,追加調達結果,平均約定価格（TSO別）[円/kW・30分],0,0,0,0,0,0,0,0,0,0
20251119B08,追加調達結果,約定量合計（TSO別）[MW],0,0,0,0,0,0,0,0,0,0
20251119B08,追加調達結果,（内訳）自エリアからの約定量[MW],0,0,0,0,0,0,0,0,0,0
20251119B08,合計（確報値）,募集量（TSO別）[MW],39,138,408,230,105,462,197,88,298,1965
20251119B08,合計（確報値）,応札量合計（電源属地別）[MW],263.65,274.919,175.912,1385.289,105,889.159,226.717,224,481.806,4026.452
20251119B08,合計（確報値）,約定量合計（電源属地別）[MW],44,274.919,24.75,540.3,105,442.447,142.713,91.799,155.806,1821.734
20251119B08,合計（確報値）,応札件数（電源属地別）[件],5,4,14,24,1,9,6,7,10,80
20251119B08,合計（確報値）,約定件数（電源属地別）[件],2,4,13,15,1,8,6,6,8,63
20251119B08,合計（確報値）,最高約定価格（電源属地別）[円/kW・30分],8.9,19.51,19.51,19.51,2.92,19.49,19.51,4.89,19.51,19.51
20251119B08,合計（確報値）,最低約定価格（電源属地別）[円/kW・30分],4.18,3.47,0.73,0.36,2.92,0.36,1.05,0.36,0.5,0.36
20251119B08,合計（確報値）,平均約定価格（電源属地別）[円/kW・30分],6.86,4.82,16.1,0.63,2.92,2.78,4.11,1.68,2,2.72
20251119B08,合計（確報値）,最高約定価格（TSO別）[円/kW・30分],8.9,19.51,19.51,19.51,2.92,19.49,19.51,4.89,19.51,19.51
20251119B08,合計（確報値）,最低約定価格（TSO別）[円/kW・30分],4.18,3.47,0.73,0.36,2.92,0.36,1.05,0.36,0.36,0.36
20251119B08,合計（確報値）,平均約定価格（TSO別）[円/kW・30分],6.86,4.82,16.1,0.63,2.92,2.61,4.49,1.66,2.61,2.72
20251119B08,合計（確報値）,約定量合計（TSO別）[MW],44,274.919,24.75,540.3,105,420.159,100.8,88,223.806,1821.734
20251119B08,合計（確報値）,（内訳）自エリアからの約定量[MW],44,274.919,24.75,540.3,105,420.159,97.001,88,155.806,1749.935
20251120B01,システム約定結果,募集量（TSO別）[MW],55,163,306,41,86,281,189,95,198,1414
20251120B01,システム約定結果,応札量合計（電源属地別）[MW],236.75,260.419,722.513,749.688,86,863.365,180.547,218,661.806,3979.088
20251120B01,システム約定結果,落札量合計（電源属地別）[MW],13,260.419,663.513,735.506,86,351.865,135.913,101.085,61.806,2409.107
20251120B01,システム約定結果,応札件数（電源属地別）[件],3,3,12,18,1,7,4,7,10,65
20251120B01,システム約定結果,落札件数（電源属地別）[件],1,3,12,18,1,7,4,6,8,60
20251120B01,システム約定結果,最高落札価格（電源属地別）[円/kW・30分],4.79,19.51,19.51,19.51,0.96,19.49,2.07,4.78,19.51,19.51
20251120B01,システム約定結果,最低落札価格（電源属地別）[円/kW・30分],4.79,3.64,1.26,2.19,0.96,0.36,0.36,0.36,0.36,0.36
20251120B01,システム約定結果,平均落札価格（電源属地別）[円/kW・30分],4.79,4.17,2.34,2.78,0.96,3.98,1.26,1.17,3.43,2.79
20251120B01,システム約定結果,最高落札価格（TSO別）[円/kW・30分],4.79,19.51,19.51,3.78,2.57,19.49,4.78,4.78,19.51,19.51
20251120B01,システム約定結果,最低落札価格（TSO別）[円/kW・30分],3.64,3.64,1.26,2.34,0.96,0.36,0.36,0.36,0.36,0.36
20251120B01,システム約定結果,平均落札価格（TSO別）[円/kW・30分],3.91,4.27,2.34,2.87,1.44,3.85,1.79,0.94,3.55,2.79
20251120B01,システム約定結果,落札量合計（TSO別）[MW],55,218.419,663.513,435.344,132,433.98,285.347,95,90.504,2409.107
20251120B01,システム約定結果,（内訳）自エリアからの落札量[MW],13,218.419,663.513,435.344,86,327.562,135.913,95,61.806,2036.557
20251120B01,追加調達結果,募集量（TSO別）[MW],-,-,-,-,-,-,-,-,-,-
20251120B01,追加調達結果,応札量合計（電源属地別）[MW],0,0,0,0,0,0,0,0,0,0
20251120B01,追加調達結果,約定量合計（電源属地別）[MW],0,0,0,0,0,0,0,0,0,0
20251120B01,追加調達結果,応札件数（電源属地別）[件],0,0,0,0,0,0,0,0,0,0
20251120B01,追加調達結果,約定件数（電源属地別）[件],0,0,0,0,0,0,0,0,0,0
20251120B01,追加調達結果,最高約定価格（電源属地別）[円/kW・30分],0,0,0,0,0,0,0,0,0,0
20251120B01,追加調達結果,最低約定価格（電源属地別）[円/kW・30分],0,0,0,0,0,0,0,0,0,0
20251120B01,追加調達結果,平均約定価格（電源属地別）[円/kW・30分],0,0,0,0,0,0,0,0,0,0
20251120B01,追加調達結果,最高約定価格（TSO別）[円/kW・30分],0,0,0,0,0,0,0,0,0,0
20251120B01,追加調達結果,最低約定価格（TSO別）[円/kW・30分],0,0,0,0,0,0,0,0,0,0
20251120B01,追加調達結果,平均約定価格（TSO別）[円/kW・30分],0,0,0,0,0,0,0,0,0,0
20251120B01,追加調達結果,約定量合計（TSO別）[MW],0,0,0,0,0,0,0,0,0,0
20251120B01,追加調達結果,（内訳）自エリアからの約定量[MW],0,0,0,0,0,0,0,0,0,0
20251120B01,合計（確報値）,募集量（TSO別）[MW],55,163,306,41,86,281,189,95,198,1414
20251120B01,合計（確報値）,応札量合計（電源属地別）[MW],236.75,260.419,722.513,1391.937,86,911.257,180.547,218,661.806,4669.229
20251120B01,合計（確報値）,約定量合計（電源属地別）[MW],13,260.419,663.513,735.506,86,322.757,135.913,101.085,61.806,2379.999
20251120B01,合計（確報値）,応札件数（電源属地別）[件],3,3,12,50,1,9,4,7,10,99
20251120B01,合計（確報値）,約定件数（電源属地別）[件],1,3,12,40,1,8,4,6,8,83
20251120B01,合計（確報値）,最高約定価格（電源属地別）[円/kW・30分],4.79,19.51,19.51,19.51,0.96,19.49,2.07,4.78,19.51,19.51
20251120B01,合計（確報値）,最低約定価格（電源属地別）[円/kW・30分],4.79,3.64,1.26,0.36,0.96,0.36,0.36,0.36,0.36,0.36
20251120B01,合計（確報値）,平均約定価格（電源属地別）[円/kW・30分],4.79,4.17,2.34,0.84,0.96,4.22,1.26,1.17,3.43,2.21
20251120B01,合計（確報値）,最高約定価格（TSO別）[円/kW・30分],4.79,19.51,19.51,2.34,2.34,19.49,4.78,4.78,19.51,19.51
20251120B01,合計（確報値）,最低約定価格（TSO別）[円/kW・30分],3.64,3.64,1.26,0.36,0.36,0.36,0.36,0.36,0.36,0.36
20251120B01,合計（確報値）,平均約定価格（TSO別）[円/kW・30分],3.91,4.27,2.34,0.4,0.92,3.69,1.48,0.94,2.88,2.21
20251120B01,合計（確報値）,約定量合計（TSO別）[MW],55,218.419,663.513,435.344,132,404.872,285.347,95,90.504,2379.999
20251120B01,合計（確報値）,（内訳）自エリアからの約定量[MW],13,218.419,663.513,435.344,86,298.454,135.913,95,61.806,2007.449
20251120B02,システム約定結果,募集量（TSO別）[MW],28,333,301,158,92,380,189,99,300,1880
20251120B02,システム約定結果,応札量合計（電源属地別）[MW],257.35,444.919,338.064,278.718,92,863.365,182.347,220,402.806,3079.569
20251120B02,システム約定結果,落札量合計（電源属地別）[MW],14,444.919,338.064,278.718,92,368.365,125.713,104.733,190.806,1957.318
20251120B02,システム約定結果,応札件数（電源属地別）[件],5,5,19,10,1,7,5,7,10,69
20251120B02,システム約定結果,落札件数（電源属地別）[件],1,5,19,10,1,7,5,6,9,63
20251120B02,システム約定結果,最高落札価格（電源属地別）[円/kW・30分],3.49,19.51,19.51,19.51,2,19.49,19.49,4.78,19.51,19.51
20251120B02,システム約定結果,最低落札価格（電源属地別）[円/kW・30分],3.49,1.81,0.73,2.31,2,0.36,0.7,0.36,0.36,0.36
20251120B02,システム約定結果,平均落札価格（電源属地別）[円/kW・30分],3.49,3.63,5.42,6.04,2,3.54,2.19,1.26,1.55,3.76
20251120B02,システム約定結果,最高落札価格（TSO別）[円/kW・30分],3.49,19.51,19.51,19.49,19.51,19.49,19.49,4.78,19.51,19.51
20251120B02,システム約定結果,最低落札価格（TSO別）[円/kW・30分],1.81,1.81,0.73,2.31,2,0.36,0.45,0.36,0.36,0.36
20251120B02,システム約定結果,平均落札価格（TSO別）[円/kW・30分],2.65,3.69,5.42,5.7,2.84,3.71,1.78,1.25,1.79,3.76
20251120B02,システム約定結果,落札量合計（TSO別）[MW],28,430.919,338.064,244.374,83.045,419.098,79.012,99,235.806,1957.318
20251120B02,システム約定結果,（内訳）自エリアからの落札量[MW],14,430.919,338.064,244.374,76.955,368.365,78.012,99,190.806,1840.495
20251120B02,追加調達結果,募集量（TSO別）[MW],-,-,-,-,-,-,-,-,-,-
20251120B02,追加調達結果,応札量合計（電源属地別）[MW],0,0,0,0,0,0,0,0,0,0
20251120B02,追加調達結果,約定量合計（電源属地別）[MW],0,0,0,0,0,0,0,0,0,0
20251120B02,追加調達結果,応札件数（電源属地別）[件],0,0,0,0,0,0,0,0,0,0
20251120B02,追加調達結果,約定件数（電源属地別）[件],0,0,0,0,0,0,0,0,0,0
20251120B02,追加調達結果,最高約定価格（電源属地別）[円/kW・30分],0,0,0,0,0,0,0,0,0,0
20251120B02,追加調達結果,最低約定価格（電源属地別）[円/kW・30分],0,0,0,0,0,0,0,0,0,0
20251120B02,追加調達結果,平均約定価格（電源属地別）[円/kW・30分],0,0,0,0,0,0,0,0,0,0
20251120B02,追加調達結果,最高約定価格（TSO別）[円/kW・30分],0,0,0,0,0,0,0,0,0,0
20251120B02,追加調達結果,最低約定価格（TSO別）[円/kW・30分],0,0,0,0,0,0,0,0,0,0
20251120B02,追加調達結果,平均約定価格（TSO別）[円/kW・30分],0,0,0,0,0,0,0,0,0,0
20251120B02,追加調達結果,約定量合計（TSO別）[MW],0,0,0,0,0,0,0,0,0,0
20251120B02,追加調達結果,（内訳）自エリアからの約定量[MW],0,0,0,0,0,0,0,0,0,0
20251120B02,合計（確報値）,募集量（TSO別）[MW],28,333,301,158,92,380,189,99,300,1880
20251120B02,合計（確報値）,応札量合計（電源属地別）[MW],257.35,614.919,338.064,569.017,92,911.257,182.347,220,402.806,3587.76
20251120B02,合計（確報値）,約定量合計（電源属地別）[MW],14,444.919,338.064,278.718,92,339.257,125.713,104.733,190.806,1928.21
20251120B02,合計（確報値）,応札件数（電源属地別）[件],5,11,19,21,1,10,5,7,10,89
20251120B02,合計（確報値）,約定件数（電源属地別）[件],1,10,19,14,1,9,5,6,9,74
20251120B02,合計（確報値）,最高約定価格（電源属地別）[円/kW・30分],3.49,19.51,19.51,19.51,2,19.49,19.49,4.78,19.51,19.51
20251120B02,合計（確報値）,最低約定価格（電源属地別）[円/kW・30分],3.49,1.34,0.73,0.36,2,0.36,0.7,0.36,0.36,0.36
20251120B02,合計（確報値）,平均約定価格（電源属地別）[円/kW・30分],3.49,3.45,5.42,0.98,2,3.54,2.19,1.26,1.55,3
20251120B02,合計（確報値）,最高約定価格（TSO別）[円/kW・30分],3.49,19.51,19.51,19.49,19.51,19.49,19.49,4.78,19.51,19.51
20251120B02,合計（確報値）,最低約定価格（TSO別）[円/kW・30分],1.34,1.34,0.73,0.36,0.36,0.36,0.45,0.36,0.36,0.36
20251120B02,合計（確報値）,平均約定価格（TSO別）[円/kW・30分],2.42,3.52,5.42,0.82,2.58,3.22,1.78,1.25,1.79,3
20251120B02,合計（確報値）,約定量合計（TSO別）[MW],28,430.919,338.064,244.374,83.045,389.99,79.012,99,235.806,1928.21
20251120B02,合計（確報値）,（内訳）自エリアからの約定量[MW],14,430.919,338.064,244.374,76.955,339.257,78.012,99,190.806,1811.387
20251120B03,システム約定結果,募集量（TSO別）[MW],134,932,447,400,127,605,284,174,427,3530
20251120B03,システム約定結果,応札量合計（電源属地別）[MW],236.75,784.919,499.849,102.858,127,207.365,182.347,133,436.23,2710.318
20251120B03,システム約定結果,落札量合計（電源属地別）[MW],63,784.919,275.765,102.858,127,207.365,182.347,133,331.895,2208.149
20251120B03,システム約定結果,応札件数（電源属地別）[件],3,7,20,5,1,3,5,4,9,57
20251120B03,システム約定結果,落札件数（電源属地別）[件],3,7,18,5,1,3,5,4,9,55
20251120B03,システム約定結果,最高落札価格（電源属地別）[円/kW・30分],18.53,19.51,19.51,19.51,2.5,19.51,19.51,4.78,19.51,19.51
20251120B03,システム約定結果,最低落札価格（電源属地別）[円/kW・30分],4,1.9,1.26,2.57,2.5,1.5,0.92,0.36,0.36,0.36
20251120B03,システム約定結果,平均落札価格（電源属地別）[円/kW・30分],11.11,3.4,6.38,4.06,2.5,5.74,1.95,0.88,1.48,3.63
20251120B03,システム約定結果,最高落札価格（TSO別）[円/kW・30分],18.53,19.51,19.51,19.51,3.26,19.51,19.51,4.78,19.51,19.51
20251120B03,システム約定結果,最低落札価格（TSO別）[円/kW・30分],2.86,1.9,4.9,1.26,2.5,1.5,0.92,0.36,0.36,0.36
20251120B03,システム約定結果,平均落札価格（TSO別）[円/kW・30分],6.74,3.46,13.79,2.65,2.6,5.58,1.8,0.88,1.57,3.63
20251120B03,システム約定結果,落札量合計（TSO別）[MW],134,713.919,104.418,262.858,127,218.712,177.012,133,337.23,2208.149
20251120B03,システム約定結果,（内訳）自エリアからの落札量[MW],63,713.919,104.418,86.858,111,207.365,160.716,133,315.599,1895.875
20251120B03,追加調達結果,募集量（TSO別）[MW],-,-,-,-,-,-,-,-,-,-
20251120B03,追加調達結果,応札量合計（電源属地別）[MW],0,0,0,0,0,0,0,0,0,0
20251120B03,追加調達結果,約定量合計（電源属地別）[MW],0,0,0,0,0,0,0,0,0,0
20251120B03,追加調達結果,応札件数（電源属地別）[件],0,0,0,0,0,0,0,0,0,0
20251120B03,追加調達結果,約定件数（電源属地別）[件],0,0,0,0,0,0,0,0,0,0
20251120B03,追加調達結果,最高約定価格（電源属地別）[円/kW・30分],0,0,0,0,0,0,0,0,0,0
20251120B03,追加調達結果,最低約定価格（電源属地別）[円/kW・30分],0,0,0,0,0,0,0,0,0,0
20251120B03,追加調達結果,平均約定価格（電源属地別）[円/kW・30分],0,0,0,0,0,0,0,0,0,0
20251120B03,追加調達結果,最高約定価格（TSO別）[円/kW・30分],0,0,0,0,0,0,0,0,0,0
20251120B03,追加調達結果,最低約定価格（TSO別）[円/kW・30分],0,0,0,0,0,0,0,0,0,0
20251120B03,追加調達結果,平均約定価格（TSO別）[円/kW・30分],0,0,0,0,0,0,0,0,0,0
20251120B03,追加調達結果,約定量合計（TSO別）[MW],0,0,0,0,0,0,0,0,0,0
20251120B03,追加調達結果,（内訳）自エリアからの約定量[MW],0,0,0,0,0,0,0,0,0,0
20251120B03,合計（確報値）,募集量（TSO別）[MW],134,932,447,400,127,605,284,174,427,3530
20251120B03,合計（確報値）,応札量合計（電源属地別）[MW],236.75,954.919,499.849,199.858,127,207.365,182.347,133,436.23,2977.318
20251120B03,合計（確報値）,約定量合計（電源属地別）[MW],63,784.919,275.765,102.858,127,207.365,182.347,133,331.895,2208.149
20251120B03,合計（確報値）,応札件数（電源属地別）[件],3,12,20,10,1,3,5,4,9,67
20251120B03,合計（確報値）,約定件数（電源属地別）[件],3,11,18,8,1,3,5,4,9,62
20251120B03,合計（確報値）,最高約定価格（電源属地別）[円/kW・30分],18.53,19.51,19.51,19.51,2.5,19.51,19.51,4.78,19.51,19.51
20251120B03,合計（確報値）,最低約定価格（電源属地別）[円/kW・30分],4,1.44,1.26,0.36,2.5,1.5,0.92,0.36,0.36,0.36
20251120B03,合計（確報値）,平均約定価格（電源属地別）[円/kW・30分],11.11,3.3,6.38,1.45,2.5,5.74,1.95,0.88,1.48,3.48
20251120B03,合計（確報値）,最高約定価格（TSO別）[円/kW・30分],18.53,19.51,19.51,19.51,2.5,19.51,19.51,4.78,19.51,19.51
20251120B03,合計（確報値）,最低約定価格（TSO別）[円/kW・30分],2.86,1.44,4.9,0.36,0.36,1.5,0.92,0.36,0.36,0.36
20251120B03,合計（確報値）,平均約定価格（TSO別）[円/kW・30分],6.74,3.35,13.79,1.81,2.23,5.58,1.8,0.88,1.57,3.48
20251120B03,合計（確報値）,約定量合計（TSO別）[MW],134,713.919,104.418,262.858,127,218.712,177.012,133,337.23,2208.149
20251120B03,合計（確報値）,（内訳）自エリアからの約定量[MW],63,713.919,104.418,86.858,111,207.365,160.716,133,315.599,1895.875
20251120B04,システム約定結果,募集量（TSO別）[MW],116,222,370,264,194,869,486,219,604,3344
20251120B04,システム約定結果,応札量合計（電源属地別）[MW],297.65,264.5,236.567,7.718,194,303.213,181.547,181,673.719,2339.914
20251120B04,システム約定結果,落札量合計（電源属地別）[MW],121,264.5,236.567,7.718,194,303.213,181.547,181,658.552,2148.097
20251120B04,システム約定結果,応札件数（電源属地別）[件],7,2,25,4,2,5,5,4,11,65
20251120B04,システム約定結果,落札件数（電源属地別）[件],2,2,25,4,2,5,5,4,11,60
20251120B04,システム約定結果,最高落札価格（電源属地別）[円/kW・30分],10,19.51,19.51,19.51,1.13,10.21,19.51,4.78,19.51,19.51
20251120B04,システム約定結果,最低落札価格（電源属地別）[円/kW・30分],6.2,4.61,0.73,19.47,1.04,0.36,0.41,0.36,0.36,0.36
20251120B04,システム約定結果,平均落札価格（電源属地別）[円/kW・30分],6.73,5.43,3.9,19.49,1.1,5.61,1.13,0.81,3.56,3.69
20251120B04,システム約定結果,最高落札価格（TSO別）[円/kW・30分],10,19.51,19.51,1.26,19.51,10.21,19.51,4.78,19.51,19.51
20251120B04,システム約定結果,最低落札価格（TSO別）[円/kW・30分],6.2,4.61,0.73,1.04,1.04,0.36,0.36,0.36,0.36,0.36
20251120B04,システム約定結果,平均落札価格（TSO別）[円/kW・30分],6.73,5.43,5.82,1.26,1.84,5.52,0.82,0.81,4.34,3.69
20251120B04,システム約定結果,落札量合計（TSO別）[MW],121,264.5,136.567,102,193.718,309.213,312.38,181,527.719,2148.097
20251120B04,システム約定結果,（内訳）自エリアからの落札量[MW],121,264.5,136.567,0,186,303.213,181.547,181,527.719,1901.546
20251120B04,追加調達結果,募集量（TSO別）[MW],-,-,-,-,-,-,-,-,-,-
20251120B04,追加調達結果,応札量合計（電源属地別）[MW],0,0,0,0,0,0,0,0,0,0
20251120B04,追加調達結果,約定量合計（電源属地別）[MW],0,0,0,0,0,0,0,0,0,0
20251120B04,追加調達結果,応札件数（電源属地別）[件],0,0,0,0,0,0,0,0,0,0
20251120B04,追加調達結果,約定件数（電源属地別）[件],0,0,0,0,0,0,0,0,0,0
20251120B04,追加調達結果,最高約定価格（電源属地別）[円/kW・30分],0,0,0,0,0,0,0,0,0,0
20251120B04,追加調達結果,最低約定価格（電源属地別）[円/kW・30分],0,0,0,0,0,0,0,0,0,0
20251120B04,追加調達結果,平均約定価格（電源属地別）[円/kW・30分],0,0,0,0,0,0,0,0,0,0
20251120B04,追加調達結果,最高約定価格（TSO別）[円/kW・30分],0,0,0,0,0,0,0,0,0,0
20251120B04,追加調達結果,最低約定価格（TSO別）[円/kW・30分],0,0,0,0,0,0,0,0,0,0
20251120B04,追加調達結果,平均約定価格（TSO別）[円/kW・30分],0,0,0,0,0,0,0,0,0,0
20251120B04,追加調達結果,約定量合計（TSO別）[MW],0,0,0,0,0,0,0,0,0,0
20251120B04,追加調達結果,（内訳）自エリアからの約定量[MW],0,0,0,0,0,0,0,0,0,0
20251120B04,合計（確報値）,募集量（TSO別）[MW],116,222,370,264,194,869,486,219,604,3344
20251120B04,合計（確報値）,応札量合計（電源属地別）[MW],297.65,264.5,236.567,7.718,254,303.213,181.547,181,1132.719,2858.914
20251120B04,合計（確報値）,約定量合計（電源属地別）[MW],121,264.5,235.047,7.718,194,225.5,181.547,181,658.552,2068.864
20251120B04,合計（確報値）,応札件数（電源属地別）[件],7,2,25,4,7,5,5,4,23,82
20251120B04,合計（確報値）,約定件数（電源属地別）[件],2,2,24,4,6,4,5,4,20,71
20251120B04,合計（確報値）,最高約定価格（電源属地別）[円/kW・30分],10,19.51,19.51,19.51,1.13,10.21,19.51,4.78,19.51,19.51
20251120B04,合計（確報値）,最低約定価格（電源属地別）[円/kW・30分],6.2,4.61,0.73,19.47,0.35,0.36,0.41,0.36,0.36,0.35
20251120B04,合計（確報値）,平均約定価格（電源属地別）[円/kW・30分],6.73,5.43,3.79,19.49,0.89,7.26,1.13,0.81,1.09,2.98
20251120B04,合計（確報値）,最高約定価格（TSO別）[円/kW・30分],10,19.51,19.51,1.26,19.51,10.21,19.51,4.78,19.51,19.51
20251120B04,合計（確報値）,最低約定価格（TSO別）[円/kW・30分],6.2,4.61,0.73,0.35,0.35,0.35,0.36,0.36,0.36,0.35
20251120B04,合計（確報値）,平均約定価格（TSO別）[円/kW・30分],6.73,5.43,5.67,1.24,1.65,7.08,0.81,0.81,1.27,2.98
20251120B04,合計（確報値）,約定量合計（TSO別）[MW],121,264.5,135.047,102,193.718,231.5,312.38,181,527.719,2068.864
20251120B04,合計（確報値）,（内訳）自エリアからの約定量[MW],121,264.5,135.047,0,186,225.5,181.547,181,527.719,1822.313
20251120B05,システム約定結果,募集量（TSO別）[MW],32,217,293,383,194,588,361,145,537,2750
20251120B05,システム約定結果,応札量合計（電源属地別）[MW],311.94,274.919,284.667,7.718,194,816.425,183.347,117,604.383,2794.399
20251120B05,システム約定結果,落札量合計（電源属地別）[MW],32,274.919,244.667,7.718,194,731.011,183.347,117,542.05,2326.712
20251120B05,システム約定結果,応札件数（電源属地別）[件],7,4,25,4,2,5,6,4,17,74
20251120B05,システム約定結果,落札件数（電源属地別）[件],1,4,25,4,2,5,6,4,16,67
20251120B05,システム約定結果,最高落札価格（電源属地別）[円/kW・30分],5.92,19.51,19.51,19.51,0.88,9.91,19.51,4.78,19.51,19.51
20251120B05,システム約定結果,最低落札価格（電源属地別）[円/kW・30分],5.92,4.38,0.32,19.47,0.79,0.36,0.36,0.36,0.36,0.32
20251120B05,システム約定結果,平均落札価格（電源属地別）[円/kW・30分],5.92,5.65,3.5,19.49,0.85,2.51,0.99,1.05,2.8,2.83
20251120B05,システム約定結果,最高落札価格（TSO別）[円/kW・30分],5.92,19.51,19.51,19.51,0.88,9.91,19.51,4.78,19.51,19.51
20251120B05,システム約定結果,最低落札価格（TSO別）[円/kW・30分],5.92,4.38,0.73,0.32,0.42,0.36,0.36,0.36,0.36,0.32
20251120B05,システム約定結果,平均落札価格（TSO別）[円/kW・30分],5.92,5.65,4.47,0.95,0.77,3.38,0.77,1.05,3.4,2.83
20251120B05,システム約定結果,落札量合計（TSO別）[MW],32,274.919,187.467,277.718,194,519.425,288.8,117,435.383,2326.712
20251120B05,システム約定結果,（内訳）自エリアからの落札量[MW],32,274.919,187.467,7.718,157,519.425,183.347,117,435.383,1914.259
20251120B05,追加調達結果,募集量（TSO別）[MW],-,-,-,-,-,-,-,-,-,-
20251120B05,追加調達結果,応札量合計（電源属地別）[MW],0,0,0,0,0,0,0,0,0,0
20251120B05,追加調達結果,約定量合計（電源属地別）[MW],0,0,0,0,0,0,0,0,0,0
20251120B05,追加調達結果,応札件数（電源属地別）[件],0,0,0,0,0,0,0,0,0,0
20251120B05,追加調達結果,約定件数（電源属地別）[件],0,0,0,0,0,0,0,0,0,0
20251120B05,追加調達結果,最高約定価格（電源属地別）[円/kW・30分],0,0,0,0,0,0,0,0,0,0
20251120B05,追加調達結果,最低約定価格（電源属地別）[円/kW・30分],0,0,0,0,0,0,0,0,0,0
20251120B05,追加調達結果,平均約定価格（電源属地別）[円/kW・30分],0,0,0,0,0,0,0,0,0,0
20251120B05,追加調達結果,最高約定価格（TSO別）[円/kW・30分],0,0,0,0,0,0,0,0,0,0
20251120B05,追加調達結果,最低約定価格（TSO別）[円/kW・30分],0,0,0,0,0,0,0,0,0,0
20251120B05,追加調達結果,平均約定価格（TSO別）[円/kW・30分],0,0,0,0,0,0,0,0,0,0
20251120B05,追加調達結果,約定量合計（TSO別）[MW],0,0,0,0,0,0,0,0,0,0
20251120B05,追加調達結果,（内訳）自エリアからの約定量[MW],0,0,0,0,0,0,0,0,0,0
20251120B05,合計（確報値）,募集量（TSO別）[MW],32,217,293,383,194,588,361,145,537,2750
20251120B05,合計（確報値）,応札量合計（電源属地別）[MW],311.94,274.919,284.667,7.718,194,816.425,183.347,117,937.383,3127.399
20251120B05,合計（確報値）,約定量合計（電源属地別）[MW],32,274.919,243.147,7.718,194,585.425,183.347,117,540.7,2178.256
20251120B05,合計（確報値）,応札件数（電源属地別）[件],7,4,25,4,2,5,6,4,28,85
20251120B05,合計（確報値）,約定件数（電源属地別）[件],1,4,24,4,2,4,6,4,23,72
20251120B05,合計（確報値）,最高約定価格（電源属地別）[円/kW・30分],5.92,19.51,19.51,19.51,0.88,9.91,19.51,4.78,19.51,19.51
20251120B05,合計（確報値）,最低約定価格（電源属地別）[円/kW・30分],5.92,4.38,0.32,19.47,0.79,0.36,0.36,0.36,0.36,0.32
20251120B05,合計（確報値）,平均約定価格（電源属地別）[円/kW・30分],5.92,5.65,3.4,19.49,0.85,3.03,0.99,1.05,1.24,2.59
20251120B05,合計（確報値）,最高約定価格（TSO別）[円/kW・30分],5.92,19.51,19.51,19.51,0.88,9.91,19.51,4.78,19.51,19.51
20251120B05,合計（確報値）,最低約定価格（TSO別）[円/kW・30分],5.92,4.38,0.73,0.32,0.79,0.36,0.36,0.36,0.36,0.32
20251120B05,合計（確報値）,平均約定価格（TSO別）[円/kW・30分],5.92,5.65,4.35,0.96,0.86,4.01,0.78,1.05,1.46,2.59
20251120B05,合計（確報値）,約定量合計（TSO別）[MW],32,274.919,185.947,271.044,157,428.057,278.256,117,434.033,2178.256
20251120B05,合計（確報値）,（内訳）自エリアからの約定量[MW],32,274.919,185.947,7.718,157,428.057,183.347,117,434.033,1820.021
20251120B06,システム約定結果,募集量（TSO別）[MW],36,732,427,402,120,692,340,179,549,3477
20251120B06,システム約定結果,応札量合計（電源属地別）[MW],312.65,784.919,385.191,235.378,120,209.365,302.141,134,673.383,3157.027
20251120B06,システム約定結果,落札量合計（電源属地別）[MW],36,784.919,384.067,58.618,120,209.365,249.291,134,495.104,2471.364
20251120B06,システム約定結果,応札件数（電源属地別）[件],7,7,27,5,1,4,7,4,17,79
20251120B06,システム約定結果,落札件数（電源属地別）[件],3,7,26,5,1,4,7,4,17,74
20251120B06,システム約定結果,最高落札価格（電源属地別）[円/kW・30分],10,19.51,19.51,19.51,3.09,19.51,19.51,4.78,19.51,19.51
20251120B06,システム約定結果,最低落札価格（電源属地別）[円/kW・30分],1.76,1.05,0.73,1.63,3.09,1.5,1.86,0.36,1.28,0.36
20251120B06,システム約定結果,平均落札価格（電源属地別）[円/kW・30分],2.7,2.11,3.17,3.98,3.09,5.13,4.47,0.91,2.74,2.93
20251120B06,システム約定結果,最高落札価格（TSO別）[円/kW・30分],10,19.51,19.51,19.51,3.09,19.51,19.51,4.78,19.51,19.51
20251120B06,システム約定結果,最低落札価格（TSO別）[円/kW・30分],1.76,1.05,0.73,1.26,3.09,1.5,1.86,0.36,1.28,0.36
20251120B06,システム約定結果,平均落札価格（TSO別）[円/kW・30分],2.7,2.11,3.92,2.2,3.09,5.13,4.41,0.91,2.76,2.93
20251120B06,システム約定結果,落札量合計（TSO別）[MW],36,784.919,279.967,169.718,113,209.365,253.012,134,491.383,2471.364
20251120B06,システム約定結果,（内訳）自エリアからの落札量[MW],36,784.919,247.067,25.718,113,209.365,236.012,134,478.104,2264.185
20251120B06,追加調達結果,募集量（TSO別）[MW],-,-,-,-,-,-,-,-,-,-
20251120B06,追加調達結果,応札量合計（電源属地別）[MW],0,0,0,0,0,0,0,0,0,0
20251120B06,追加調達結果,約定量合計（電源属地別）[MW],0,0,0,0,0,0,0,0,0,0
20251120B06,追加調達結果,応札件数（電源属地別）[件],0,0,0,0,0,0,0,0,0,0
20251120B06,追加調達結果,約定件数（電源属地別）[件],0,0,0,0,0,0,0,0,0,0
20251120B06,追加調達結果,最高約定価格（電源属地別）[円/kW・30分],0,0,0,0,0,0,0,0,0,0
20251120B06,追加調達結果,最低約定価格（電源属地別）[円/kW・30分],0,0,0,0,0,0,0,0,0,0
20251120B06,追加調達結果,平均約定価格（電源属地別）[円/kW・30分],0,0,0,0,0,0,0,0,0,0
20251120B06,追加調達結果,最高約定価格（TSO別）[円/kW・30分],0,0,0,0,0,0,0,0,0,0
20251120B06,追加調達結果,最低約定価格（TSO別）[円/kW・30分],0,0,0,0,0,0,0,0,0,0
20251120B06,追加調達結果,平均約定価格（TSO別）[円/kW・30分],0,0,0,0,0,0,0,0,0,0
20251120B06,追加調達結果,約定量合計（TSO別）[MW],0,0,0,0,0,0,0,0,0,0
20251120B06,追加調達結果,（内訳）自エリアからの約定量[MW],0,0,0,0,0,0,0,0,0,0
20251120B06,合計（確報値）,募集量（TSO別）[MW],36,732,427,402,120,692,340,179,549,3477
20251120B06,合計（確報値）,応札量合計（電源属地別）[MW],312.65,954.919,385.191,235.378,120,209.365,302.141,134,673.383,3327.027
20251120B06,合計（確報値）,約定量合計（電源属地別）[MW],36,784.919,382.547,58.618,120,209.365,249.291,134,495.104,2469.844
20251120B06,合計（確報値）,応札件数（電源属地別）[件],7,11,27,5,1,4,7,4,17,83
20251120B06,合計（確報値）,約定件数（電源属地別）[件],3,10,25,5,1,4,7,4,17,76
20251120B06,合計（確報値）,最高約定価格（電源属地別）[円/kW・30分],10,19.51,19.51,19.51,3.09,19.51,19.51,4.78,19.51,19.51
20251120B06,合計（確報値）,最低約定価格（電源属地別）[円/kW・30分],1.76,1.05,0.73,1.63,3.09,1.5,1.86,0.36,1.28,0.36
20251120B06,合計（確報値）,平均約定価格（電源属地別）[円/kW・30分],2.7,2.1,3.11,3.98,3.09,5.13,4.47,0.91,2.74,2.92
20251120B06,合計（確報値）,最高約定価格（TSO別）[円/kW・30分],10,19.51,19.51,19.51,3.09,19.51,19.51,4.78,19.51,19.51
20251120B06,合計（確報値）,最低約定価格（TSO別）[円/kW・30分],1.76,1.05,0.73,1.26,3.09,1.5,1.86,0.36,1.28,0.36
20251120B06,合計（確報値）,平均約定価格（TSO別）[円/kW・30分],2.7,2.1,3.84,2.2,3.09,5.13,4.41,0.91,2.76,2.92
20251120B06,合計（確報値）,約定量合計（TSO別）[MW],36,784.919,278.447,169.718,113,209.365,253.012,134,491.383,2469.844
20251120B06,合計（確報値）,（内訳）自エリアからの約定量[MW],36,784.919,245.547,25.718,113,209.365,236.012,134,478.104,2262.665
20251120B07,システム約定結果,募集量（TSO別）[MW],32,263,426,206,106,574,305,83,328,2323
20251120B07,システム約定結果,応札量合計（電源属地別）[MW],310.74,274.919,474.394,614.3,106,820.365,301.141,242,656.555,3800.414
20251120B07,システム約定結果,落札量合計（電源属地別）[MW],32,274.919,311.268,533.3,106,455.352,221.713,86.333,255.555,2276.44
20251120B07,システム約定結果,応札件数（電源属地別）[件],7,4,27,8,1,7,6,8,16,84
20251120B07,システム約定結果,落札件数（電源属地別）[件],2,4,24,7,1,6,6,5,14,69
20251120B07,システム約定結果,最高落札価格（電源属地別）[円/kW・30分],6.5,19.51,19.51,19.51,3.45,19.49,19.51,2.23,19.51,19.51
20251120B07,システム約定結果,最低落札価格（電源属地別）[円/kW・30分],2.56,2.82,0.73,2.65,3.45,1.2,2.04,0.36,1.03,0.36
20251120B07,システム約定結果,平均落札価格（電源属地別）[円/kW・30分],2.68,4.23,3.2,3.63,3.45,3.32,4.82,0.67,3.07,3.5
20251120B07,システム約定結果,最高落札価格（TSO別）[円/kW・30分],6.5,19.51,19.51,19.51,3.45,19.49,19.51,2.23,19.51,19.51
20251120B07,システム約定結果,最低落札価格（TSO別）[円/kW・30分],2.56,2.82,0.73,2.65,3.45,1.2,0.36,0.36,1.03,0.36
20251120B07,システム約定結果,平均落札価格（TSO別）[円/kW・30分],2.68,4.23,3.2,3.67,3.45,3.23,4.38,0.68,3.53,3.5
20251120B07,システム約定結果,落札量合計（TSO別）[MW],32,274.919,311.268,356.444,88,537.009,265.8,83,328,2276.44
20251120B07,システム約定結果,（内訳）自エリアからの落札量[MW],32,274.919,311.268,356.444,88,406.452,207.012,83,229,1988.095
20251120B07,追加調達結果,募集量（TSO別）[MW],-,-,-,-,-,-,-,-,-,-
20251120B07,追加調達結果,応札量合計（電源属地別）[MW],0,0,0,0,0,0,0,0,0,0
20251120B07,追加調達結果,約定量合計（電源属地別）[MW],0,0,0,0,0,0,0,0,0,0
20251120B07,追加調達結果,応札件数（電源属地別）[件],0,0,0,0,0,0,0,0,0,0
20251120B07,追加調達結果,約定件数（電源属地別）[件],0,0,0,0,0,0,0,0,0,0
20251120B07,追加調達結果,最高約定価格（電源属地別）[円/kW・30分],0,0,0,0,0,0,0,0,0,0
20251120B07,追加調達結果,最低約定価格（電源属地別）[円/kW・30分],0,0,0,0,0,0,0,0,0,0
20251120B07,追加調達結果,平均約定価格（電源属地別）[円/kW・30分],0,0,0,0,0,0,0,0,0,0
20251120B07,追加調達結果,最高約定価格（TSO別）[円/kW・30分],0,0,0,0,0,0,0,0,0,0
20251120B07,追加調達結果,最低約定価格（TSO別）[円/kW・30分],0,0,0,0,0,0,0,0,0,0
20251120B07,追加調達結果,平均約定価格（TSO別）[円/kW・30分],0,0,0,0,0,0,0,0,0,0
20251120B07,追加調達結果,約定量合計（TSO別）[MW],0,0,0,0,0,0,0,0,0,0
20251120B07,追加調達結果,（内訳）自エリアからの約定量[MW],0,0,0,0,0,0,0,0,0,0
20251120B07,合計（確報値）,募集量（TSO別）[MW],32,263,426,206,106,574,305,83,328,2323
20251120B07,合計（確報値）,応札量合計（電源属地別）[MW],310.74,274.919,474.394,1031.882,106,868.257,301.141,242,656.555,4265.888
20251120B07,合計（確報値）,約定量合計（電源属地別）[MW],32,274.919,309.748,533.3,106,425.531,221.713,86.333,255.555,2245.099
20251120B07,合計（確報値）,応札件数（電源属地別）[件],7,4,27,22,1,10,6,8,16,101
20251120B07,合計（確報値）,約定件数（電源属地別）[件],2,4,23,19,1,8,6,5,14,82
20251120B07,合計（確報値）,最高約定価格（電源属地別）[円/kW・30分],6.5,19.51,19.51,19.51,3.45,19.49,19.51,2.23,19.51,19.51
20251120B07,合計（確報値）,最低約定価格（電源属地別）[円/kW・30分],2.56,2.82,0.73,0.36,3.45,0.79,2.04,0.36,1.03,0.36
20251120B07,合計（確報値）,平均約定価格（電源属地別）[円/kW・30分],2.68,4.23,3.12,1.48,3.45,3.15,4.82,0.67,3.07,2.95
20251120B07,合計（確報値）,最高約定価格（TSO別）[円/kW・30分],6.5,19.51,19.51,19.51,3.45,19.49,19.51,2.23,19.51,19.51
20251120B07,合計（確報値）,最低約定価格（TSO別）[円/kW・30分],2.56,2.82,0.73,0.36,3.45,0.36,0.36,0.36,0.36,0.36
20251120B07,合計（確報値）,平均約定価格（TSO別）[円/kW・30分],2.68,4.23,3.12,1.54,3.45,2.69,4.59,0.68,2.96,2.95
20251120B07,合計（確報値）,約定量合計（TSO別）[MW],32,274.919,309.748,356.444,88,536.088,236.9,83,328,2245.099
20251120B07,合計（確報値）,（内訳）自エリアからの約定量[MW],32,274.919,309.748,356.444,88,405.531,207.012,83,229,1985.654
20251120B08,システム約定結果,募集量（TSO別）[MW],39,138,408,230,105,462,197,88,298,1965
20251120B08,システム約定結果,応札量合計（電源属地別）[MW],296.65,274.919,308.012,624.3,105,863.365,226.717,224,485.146,3408.109
20251120B08,システム約定結果,落札量合計（電源属地別）[MW],44,274.919,175.912,537.3,105,493.653,142.713,91.799,159.146,2024.442
20251120B08,システム約定結果,応札件数（電源属地別）[件],6,4,16,8,1,7,6,7,12,67
20251120B08,システム約定結果,落札件数（電源属地別）[件],2,4,14,7,1,7,6,6,11,58
20251120B08,システム約定結果,最高落札価格（電源属地別）[円/kW・30分],8.9,19.51,19.51,19.51,2.92,19.49,19.51,4.78,19.51,19.51
20251120B08,システム約定結果,最低落札価格（電源属地別）[円/kW・30分],4.18,3.45,0.73,2.06,2.92,0.36,0.85,0.36,0.5,0.36
20251120B08,システム約定結果,平均落札価格（電源属地別）[円/kW・30分],6.86,4.81,4.59,3,2.92,2.91,3.88,1.22,2.37,3.37
20251120B08,システム約定結果,最高落札価格（TSO別）[円/kW・30分],8.9,19.51,19.51,19.51,2.92,19.49,19.51,4.78,19.51,19.51
20251120B08,システム約定結果,最低落札価格（TSO別）[円/kW・30分],4.18,3.45,0.73,2.06,2.92,0.36,0.85,0.36,0.36,0.36
20251120B08,システム約定結果,平均落札価格（TSO別）[円/kW・30分],6.86,4.81,4.59,3,2.92,2.75,4.27,1.22,2.84,3.37
20251120B08,システム約定結果,落札量合計（TSO別）[MW],44,274.919,175.912,537.3,105,471.365,100.8,88,227.146,2024.442
20251120B08,システム約定結果,（内訳）自エリアからの落札量[MW],44,274.919,175.912,537.3,105,471.365,97.001,88,159.146,1952.643
20251120B08,追加調達結果,募集量（TSO別）[MW],-,-,-,-,-,-,-,-,-,-
20251120B08,追加調達結果,応札量合計（電源属地別）[MW],0,0,0,0,0,0,0,0,0,0
20251120B08,追加調達結果,約定量合計（電源属地別）[MW],0,0,0,0,0,0,0,0,0,0
20251120B08,追加調達結果,応札件数（電源属地別）[件],0,0,0,0,0,0,0,0,0,0
20251120B08,追加調達結果,約定件数（電源属地別）[件],0,0,0,0,0,0,0,0,0,0
20251120B08,追加調達結果,最高約定価格（電源属地別）[円/kW・30分],0,0,0,0,0,0,0,0,0,0
20251120B08,追加調達結果,最低約定価格（電源属地別）[円/kW・30分],0,0,0,0,0,0,0,0,0,0
20251120B08,追加調達結果,平均約定価格（電源属地別）[円/kW・30分],0,0,0,0,0,0,0,0,0,0
20251120B08,追加調達結果,最高約定価格（TSO別）[円/kW・30分],0,0,0,0,0,0,0,0,0,0
20251120B08,追加調達結果,最低約定価格（TSO別）[円/kW・30分],0,0,0,0,0,0,0,0,0,0
20251120B08,追加調達結果,平均約定価格（TSO別）[円/kW・30分],0,0,0,0,0,0,0,0,0,0
20251120B08,追加調達結果,約定量合計（TSO別）[MW],0,0,0,0,0,0,0,0,0,0
20251120B08,追加調達結果,（内訳）自エリアからの約定量[MW],0,0,0,0,0,0,0,0,0,0
20251120B08,合計（確報値）,募集量（TSO別）[MW],39,138,408,230,105,462,197,88,298,1965
20251120B08,合計（確報値）,応札量合計（電源属地別）[MW],296.65,274.919,459.174,1043.882,105,911.257,226.717,224,485.146,4026.745
20251120B08,合計（確報値）,約定量合計（電源属地別）[MW],44,274.919,175.912,537.3,105,464.545,142.713,91.799,159.146,1995.334
20251120B08,合計（確報値）,応札件数（電源属地別）[件],6,4,27,23,1,10,6,7,12,96
20251120B08,合計（確報値）,約定件数（電源属地別）[件],2,4,24,20,1,9,6,6,11,83
20251120B08,合計（確報値）,最高約定価格（電源属地別）[円/kW・30分],8.9,19.51,19.51,19.51,2.92,19.49,19.51,4.78,19.51,19.51
20251120B08,合計（確報値）,最低約定価格（電源属地別）[円/kW・30分],4.18,3.45,0.36,0.36,2.92,0.36,0.85,0.36,0.5,0.36
20251120B08,合計（確報値）,平均約定価格（電源属地別）[円/kW・30分],6.86,4.81,2.57,1.33,2.92,2.82,3.88,1.22,2.37,2.73
20251120B08,合計（確報値）,最高約定価格（TSO別）[円/kW・30分],8.9,19.51,19.51,19.51,2.92,19.49,19.51,4.78,19.51,19.51
20251120B08,合計（確報値）,最低約定価格（TSO別）[円/kW・30分],4.18,3.45,0.36,0.36,2.92,0.36,0.85,0.36,0.36,0.36
20251120B08,合計（確報値）,平均約定価格（TSO別）[円/kW・30分],6.86,4.81,2.57,1.33,2.92,2.65,4.27,1.22,2.84,2.73
20251120B08,合計（確報値）,約定量合計（TSO別）[MW],44,274.919,175.912,537.3,105,442.257,100.8,88,227.146,1995.334
20251120B08,合計（確報値）,（内訳）自エリアからの約定量[MW],44,274.919,175.912,537.3,105,442.257,97.001,88,159.146,1923.535
20251121B01,システム約定結果,募集量（TSO別）[MW],55,163,306,41,86,281,189,95,198,1414
20251121B01,システム約定結果,応札量合計（電源属地別）[MW],271.74,260.419,805.003,812.78,86,865.215,180.547,218,662.296,4162
20251121B01,システム約定結果,落札量合計（電源属地別）[MW],13,260.419,688.803,765.522,86,353.715,135.913,101.085,62.296,2466.753
20251121B01,システム約定結果,応札件数（電源属地別）[件],5,3,14,16,1,8,4,7,10,68
20251121B01,システム約定結果,落札件数（電源属地別）[件],1,3,13,16,1,8,4,6,8,60
20251121B01,システム約定結果,最高落札価格（電源属地別）[円/kW・30分],4.79,19.51,19.51,19.51,0.96,19.49,2,4.78,19.51,19.51
20251121B01,システム約定結果,最低落札価格（電源属地別）[円/kW・30分],4.79,3.62,1.26,2.17,0.96,0.36,0.36,0.36,0.36,0.36
20251121B01,システム約定結果,平均落札価格（電源属地別）[円/kW・30分],4.79,4.15,2.35,2.87,0.96,4.27,1.22,1.13,3.56,2.86
20251121B01,システム約定結果,最高落札価格（TSO別）[円/kW・30分],4.79,19.51,19.51,3.79,3.79,19.49,4.78,4.78,19.51,19.51
20251121B01,システム約定結果,最低落札価格（TSO別）[円/kW・30分],3.62,3.62,1.26,2.32,0.96,0.36,0.36,0.36,0.36,0.36
20251121B01,システム約定結果,平均落札価格（TSO別）[円/kW・30分],3.9,4.25,2.35,2.96,1.7,4.01,1.69,0.99,4.21,2.86
20251121B01,システム約定結果,落札量合計（TSO別）[MW],55,218.419,688.803,479.147,132,433.98,285.347,95,79.057,2466.753
20251121B01,システム約定結果,（内訳）自エリアからの落札量[MW],13,218.419,688.803,479.147,86,299.377,135.913,95,62.296,2077.955
20251121B01,追加調達結果,募集量（TSO別）[MW],-,-,-,-,-,-,-,-,-,-
20251121B01,追加調達結果,応札量合計（電源属地別）[MW],0,0,0,0,0,0,0,0,0,0
20251121B01,追加調達結果,約定量合計（電源属地別）[MW],0,0,0,0,0,0,0,0,0,0
20251121B01,追加調達結果,応札件数（電源属地別）[件],0,0,0,0,0,0,0,0,0,0
20251121B01,追加調達結果,約定件数（電源属地別）[件],0,0,0,0,0,0,0,0,0,0
20251121B01,追加調達結果,最高約定価格（電源属地別）[円/kW・30分],0,0,0,0,0,0,0,0,0,0
20251121B01,追加調達結果,最低約定価格（電源属地別）[円/kW・30分],0,0,0,0,0,0,0,0,0,0
20251121B01,追加調達結果,平均約定価格（電源属地別）[円/kW・30分],0,0,0,0,0,0,0,0,0,0
20251121B01,追加調達結果,最高約定価格（TSO別）[円/kW・30分],0,0,0,0,0,0,0,0,0,0
20251121B01,追加調達結果,最低約定価格（TSO別）[円/kW・30分],0,0,0,0,0,0,0,0,0,0
20251121B01,追加調達結果,平均約定価格（TSO別）[円/kW・30分],0,0,0,0,0,0,0,0,0,0
20251121B01,追加調達結果,約定量合計（TSO別）[MW],0,0,0,0,0,0,0,0,0,0
20251121B01,追加調達結果,（内訳）自エリアからの約定量[MW],0,0,0,0,0,0,0,0,0,0
20251121B01,合計（確報値）,募集量（TSO別）[MW],55,163,306,41,86,281,189,95,198,1414
20251121B01,合計（確報値）,応札量合計（電源属地別）[MW],271.74,260.419,805.003,1246.698,86,913.107,180.547,218,662.296,4643.81
20251121B01,合計（確報値）,約定量合計（電源属地別）[MW],13,260.419,688.803,765.522,86,324.607,135.913,101.085,62.296,2437.645
20251121B01,合計（確報値）,応札件数（電源属地別）[件],5,3,14,47,1,12,4,7,10,103
20251121B01,合計（確報値）,約定件数（電源属地別）[件],1,3,13,40,1,11,4,6,8,87
20251121B01,合計（確報値）,最高約定価格（電源属地別）[円/kW・30分],4.79,19.51,19.51,19.51,0.96,19.49,2,4.78,19.51,19.51
20251121B01,合計（確報値）,最低約定価格（電源属地別）[円/kW・30分],4.79,3.62,1.26,0.36,0.96,0.36,0.36,0.36,0.36,0.36
20251121B01,合計（確報値）,平均約定価格（電源属地別）[円/kW・30分],4.79,4.15,2.35,1.51,0.96,4.53,1.22,1.13,3.56,2.45
20251121B01,合計（確報値）,最高約定価格（TSO別）[円/kW・30分],4.79,19.51,19.51,2.88,2.88,19.49,4.78,4.78,19.51,19.51
20251121B01,合計（確報値）,最低約定価格（TSO別）[円/kW・30分],3.62,3.62,1.26,0.36,0.36,0.36,0.36,0.36,0.36,0.36
20251121B01,合計（確報値）,平均約定価格（TSO別）[円/kW・30分],3.9,4.25,2.35,1.3,1.12,3.99,1.42,0.99,4.2,2.45
20251121B01,合計（確報値）,約定量合計（TSO別）[MW],55,218.419,688.803,479.147,132,404.872,285.347,95,79.057,2437.645
20251121B01,合計（確報値）,（内訳）自エリアからの約定量[MW],13,218.419,688.803,479.147,86,270.269,135.913,95,62.296,2048.847
20251121B02,システム約定結果,募集量（TSO別）[MW],28,333,301,158,92,380,189,99,300,1880
20251121B02,システム約定結果,応札量合計（電源属地別）[MW],290.35,444.919,583.164,339.718,92,865.215,182.347,220,403.296,3421.009
20251121B02,システム約定結果,落札量合計（電源属地別）[MW],14,444.919,449.064,321.559,92,370.215,125.713,104.733,191.296,2113.499
20251121B02,システム約定結果,応札件数（電源属地別）[件],6,5,22,11,1,8,5,7,10,75
20251121B02,システム約定結果,落札件数（電源属地別）[件],1,5,18,11,1,8,5,6,9,64
20251121B02,システム約定結果,最高落札価格（電源属地別）[円/kW・30分],3.49,19.51,19.51,19.51,2,19.49,19.49,4.78,19.51,19.51
20251121B02,システム約定結果,最低落札価格（電源属地別）[円/kW・30分],3.49,1.77,0.73,2.17,2,0.36,0.59,0.36,0.36,0.36
20251121B02,システム約定結果,平均落札価格（電源属地別）[円/kW・30分],3.49,3.59,4.61,3.29,2,3.73,2.08,1.24,1.6,3.33
20251121B02,システム約定結果,最高落札価格（TSO別）[円/kW・30分],3.49,19.51,19.51,19.51,3.1,19.49,19.49,4.78,19.51,19.51
20251121B02,システム約定結果,最低落札価格（TSO別）[円/kW・30分],1.77,1.77,0.73,2.17,2,0.36,0.59,0.36,0.36,0.36
20251121B02,システム約定結果,平均落札価格（TSO別）[円/kW・30分],2.63,3.65,4.61,3.33,2.12,3.57,1.69,1.19,1.81,3.33
20251121B02,システム約定結果,落札量合計（TSO別）[MW],28,430.919,449.064,290.26,80,421.948,78.012,99,236.296,2113.499
20251121B02,システム約定結果,（内訳）自エリアからの落札量[MW],14,430.919,449.064,290.26,71,370.215,78.012,99,191.296,1993.766
20251121B02,追加調達結果,募集量（TSO別）[MW],-,-,-,-,-,-,-,-,-,-
20251121B02,追加調達結果,応札量合計（電源属地別）[MW],0,0,0,0,0,0,0,0,0,0
20251121B02,追加調達結果,約定量合計（電源属地別）[MW],0,0,0,0,0,0,0,0,0,0
20251121B02,追加調達結果,応札件数（電源属地別）[件],0,0,0,0,0,0,0,0,0,0
20251121B02,追加調達結果,約定件数（電源属地別）[件],0,0,0,0,0,0,0,0,0,0
20251121B02,追加調達結果,最高約定価格（電源属地別）[円/kW・30分],0,0,0,0,0,0,0,0,0,0
20251121B02,追加調達結果,最低約定価格（電源属地別）[円/kW・30分],0,0,0,0,0,0,0,0,0,0
20251121B02,追加調達結果,平均約定価格（電源属地別）[円/kW・30分],0,0,0,0,0,0,0,0,0,0
20251121B02,追加調達結果,最高約定価格（TSO別）[円/kW・30分],0,0,0,0,0,0,0,0,0,0
20251121B02,追加調達結果,最低約定価格（TSO別）[円/kW・30分],0,0,0,0,0,0,0,0,0,0
20251121B02,追加調達結果,平均約定価格（TSO別）[円/kW・30分],0,0,0,0,0,0,0,0,0,0
20251121B02,追加調達結果,約定量合計（TSO別）[MW],0,0,0,0,0,0,0,0,0,0
20251121B02,追加調達結果,（内訳）自エリアからの約定量[MW],0,0,0,0,0,0,0,0,0,0
20251121B02,合計（確報値）,募集量（TSO別）[MW],28,333,301,158,92,380,189,99,300,1880
20251121B02,合計（確報値）,応札量合計（電源属地別）[MW],290.35,444.919,583.164,443.718,92,913.107,182.347,220,403.296,3572.901
20251121B02,合計（確報値）,約定量合計（電源属地別）[MW],14,444.919,449.064,321.559,92,341.107,125.713,104.733,191.296,2084.391
20251121B02,合計（確報値）,応札件数（電源属地別）[件],6,5,22,18,1,10,5,7,10,84
20251121B02,合計（確報値）,約定件数（電源属地別）[件],1,5,18,14,1,9,5,6,9,68
20251121B02,合計（確報値）,最高約定価格（電源属地別）[円/kW・30分],3.49,19.51,19.51,19.51,2,19.49,19.49,4.78,19.51,19.51
20251121B02,合計（確報値）,最低約定価格（電源属地別）[円/kW・30分],3.49,1.77,0.73,0.36,2,0.36,0.59,0.36,0.36,0.36
20251121B02,合計（確報値）,平均約定価格（電源属地別）[円/kW・30分],3.49,3.59,4.61,2.75,2,3.75,2.08,1.24,1.6,3.24
20251121B02,合計（確報値）,最高約定価格（TSO別）[円/kW・30分],3.49,19.51,19.51,19.51,3.1,19.49,19.49,4.78,19.51,19.51
20251121B02,合計（確報値）,最低約定価格（TSO別）[円/kW・30分],1.77,1.77,0.73,0.36,2,0.36,0.59,0.36,0.36,0.36
20251121B02,合計（確報値）,平均約定価格（TSO別）[円/kW・30分],2.63,3.65,4.61,2.73,2.12,3.58,1.69,1.19,1.81,3.24
20251121B02,合計（確報値）,約定量合計（TSO別）[MW],28,430.919,449.064,290.26,80,392.84,78.012,99,236.296,2084.391
20251121B02,合計（確報値）,（内訳）自エリアからの約定量[MW],14,430.919,449.064,290.26,71,341.107,78.012,99,191.296,1964.658
20251121B03,システム約定結果,募集量（TSO別）[MW],134,932,447,400,127,605,284,174,427,3530
20251121B03,システム約定結果,応札量合計（電源属地別）[MW],271.74,784.919,603.118,132.858,127,1019.215,182.347,133,436.296,3690.493
20251121B03,システム約定結果,落札量合計（電源属地別）[MW],63,784.919,110.094,132.858,127,865.928,149.417,133,199.909,2566.125
20251121B03,システム約定結果,応札件数（電源属地別）[件],5,7,21,5,1,8,5,4,9,65
20251121B03,システム約定結果,落札件数（電源属地別）[件],4,7,16,5,1,8,5,4,8,58
20251121B03,システム約定結果,最高落札価格（電源属地別）[円/kW・30分],18.53,19.51,19.51,19.51,2.5,19.51,19.51,4.78,19.51,19.51
20251121B03,システム約定結果,最低落札価格（電源属地別）[円/kW・30分],4,1.67,5.42,2.38,2.5,0.36,0.79,0.36,0.36,0.36
20251121B03,システム約定結果,平均落札価格（電源属地別）[円/kW・30分],10.87,3.15,13.26,4.05,2.5,1.86,2.02,0.89,1.5,3.04
20251121B03,システム約定結果,最高落札価格（TSO別）[円/kW・30分],18.53,19.51,19.51,19.51,3.46,19.51,19.51,4.78,19.51,19.51
20251121B03,システム約定結果,最低落札価格（TSO別）[円/kW・30分],2.61,1.67,5.42,0.36,1.7,0.36,0.36,0.36,0.36,0.36
20251121B03,システム約定結果,平均落札価格（TSO別）[円/kW・30分],6.49,3.21,14.38,2.32,2.49,2.64,1.18,0.89,1.39,3.04
20251121B03,システム約定結果,落札量合計（TSO別）[MW],134,713.919,96.343,281.511,127,566.044,177.012,133,337.296,2566.125
20251121B03,システム約定結果,（内訳）自エリアからの落札量[MW],63,713.919,96.343,105.511,91,554.697,101.716,133,199.909,2059.095
20251121B03,追加調達結果,募集量（TSO別）[MW],-,-,-,-,-,-,-,-,-,-
20251121B03,追加調達結果,応札量合計（電源属地別）[MW],0,0,0,0,0,0,0,0,0,0
20251121B03,追加調達結果,約定量合計（電源属地別）[MW],0,0,0,0,0,0,0,0,0,0
20251121B03,追加調達結果,応札件数（電源属地別）[件],0,0,0,0,0,0,0,0,0,0
20251121B03,追加調達結果,約定件数（電源属地別）[件],0,0,0,0,0,0,0,0,0,0
20251121B03,追加調達結果,最高約定価格（電源属地別）[円/kW・30分],0,0,0,0,0,0,0,0,0,0
20251121B03,追加調達結果,最低約定価格（電源属地別）[円/kW・30分],0,0,0,0,0,0,0,0,0,0
20251121B03,追加調達結果,平均約定価格（電源属地別）[円/kW・30分],0,0,0,0,0,0,0,0,0,0
20251121B03,追加調達結果,最高約定価格（TSO別）[円/kW・30分],0,0,0,0,0,0,0,0,0,0
20251121B03,追加調達結果,最低約定価格（TSO別）[円/kW・30分],0,0,0,0,0,0,0,0,0,0
20251121B03,追加調達結果,平均約定価格（TSO別）[円/kW・30分],0,0,0,0,0,0,0,0,0,0
20251121B03,追加調達結果,約定量合計（TSO別）[MW],0,0,0,0,0,0,0,0,0,0
20251121B03,追加調達結果,（内訳）自エリアからの約定量[MW],0,0,0,0,0,0,0,0,0,0
20251121B03,合計（確報値）,募集量（TSO別）[MW],134,932,447,400,127,605,284,174,427,3530
20251121B03,合計（確報値）,応札量合計（電源属地別）[MW],271.74,784.919,603.118,132.858,127,1019.215,182.347,133,436.296,3690.493
20251121B03,合計（確報値）,約定量合計（電源属地別）[MW],63,784.919,110.094,132.858,127,788.215,149.417,133,199.909,2488.412
20251121B03,合計（確報値）,応札件数（電源属地別）[件],5,7,21,5,1,8,5,4,9,65
20251121B03,合計（確報値）,約定件数（電源属地別）[件],4,7,16,5,1,7,5,4,8,57
20251121B03,合計（確報値）,最高約定価格（電源属地別）[円/kW・30分],18.53,19.51,19.51,19.51,2.5,19.51,19.51,4.78,19.51,19.51
20251121B03,合計（確報値）,最低約定価格（電源属地別）[円/kW・30分],4,1.67,5.42,2.38,2.5,0.36,0.79,0.36,0.36,0.36
20251121B03,合計（確報値）,平均約定価格（電源属地別）[円/kW・30分],10.87,3.15,13.26,4.05,2.5,1.88,2.02,0.89,1.5,3.08
20251121B03,合計（確報値）,最高約定価格（TSO別）[円/kW・30分],18.53,19.51,19.51,19.51,3.46,19.51,19.51,4.78,19.51,19.51
20251121B03,合計（確報値）,最低約定価格（TSO別）[円/kW・30分],2.61,1.67,5.42,0.36,2.5,0.36,0.36,0.36,0.36,0.36
20251121B03,合計（確報値）,平均約定価格（TSO別）[円/kW・30分],6.49,3.21,14.38,2.32,2.64,2.72,1.14,0.89,1.39,3.08
20251121B03,合計（確報値）,約定量合計（TSO別）[MW],134,713.919,96.343,281.511,107,520.627,164.716,133,337.296,2488.412
20251121B03,合計（確報値）,（内訳）自エリアからの約定量[MW],63,713.919,96.343,105.511,91,509.28,101.716,133,199.909,2013.678
20251121B04,システム約定結果,募集量（TSO別）[MW],116,222,370,264,194,869,486,219,604,3344
20251121B04,システム約定結果,応札量合計（電源属地別）[MW],359.65,264.5,497.482,7.718,194,949,151.847,181,671.795,3276.992
20251121B04,システム約定結果,落札量合計（電源属地別）[MW],32,264.5,493.787,7.718,194,949,151.847,181,656.628,2930.48
20251121B04,システム約定結果,応札件数（電源属地別）[件],7,2,28,4,2,5,4,4,10,66
20251121B04,システム約定結果,落札件数（電源属地別）[件],2,2,28,4,2,5,4,4,10,61
20251121B04,システム約定結果,最高落札価格（電源属地別）[円/kW・30分],10,19.51,19.51,19.51,1.13,10.09,19.51,4.78,19.51,19.51
20251121B04,システム約定結果,最低落札価格（電源属地別）[円/kW・30分],6.2,4.47,0.37,19.47,1.04,0.36,0.4,0.36,0.36,0.36
20251121B04,システム約定結果,平均落札価格（電源属地別）[円/kW・30分],6.32,5.29,2.21,19.49,1.1,2.11,1.23,0.8,3.51,2.63
20251121B04,システム約定結果,最高落札価格（TSO別）[円/kW・30分],10,19.51,19.51,1.64,19.51,10.09,19.51,4.78,19.51,19.51
20251121B04,システム約定結果,最低落札価格（TSO別）[円/kW・30分],4.47,4.47,0.37,1.13,0.89,0.36,0.36,0.36,0.36,0.36
20251121B04,システム約定結果,平均落札価格（TSO別）[円/kW・30分],4.98,5.68,2.79,1.31,1.77,2.36,0.81,0.8,4.29,2.63
20251121B04,システム約定結果,落札量合計（TSO別）[MW],116,180.5,292.467,264,193.718,796,381,181,525.795,2930.48
20251121B04,システム約定結果,（内訳）自エリアからの落札量[MW],32,180.5,292.467,0,131.32,796,151.847,181,525.795,2290.929
20251121B04,追加調達結果,募集量（TSO別）[MW],-,-,-,-,-,-,-,-,-,-
20251121B04,追加調達結果,応札量合計（電源属地別）[MW],0,0,0,0,0,0,0,0,0,0
20251121B04,追加調達結果,約定量合計（電源属地別）[MW],0,0,0,0,0,0,0,0,0,0
20251121B04,追加調達結果,応札件数（電源属地別）[件],0,0,0,0,0,0,0,0,0,0
20251121B04,追加調達結果,約定件数（電源属地別）[件],0,0,0,0,0,0,0,0,0,0
20251121B04,追加調達結果,最高約定価格（電源属地別）[円/kW・30分],0,0,0,0,0,0,0,0,0,0
20251121B04,追加調達結果,最低約定価格（電源属地別）[円/kW・30分],0,0,0,0,0,0,0,0,0,0
20251121B04,追加調達結果,平均約定価格（電源属地別）[円/kW・30分],0,0,0,0,0,0,0,0,0,0
20251121B04,追加調達結果,最高約定価格（TSO別）[円/kW・30分],0,0,0,0,0,0,0,0,0,0
20251121B04,追加調達結果,最低約定価格（TSO別）[円/kW・30分],0,0,0,0,0,0,0,0,0,0
20251121B04,追加調達結果,平均約定価格（TSO別）[円/kW・30分],0,0,0,0,0,0,0,0,0,0
20251121B04,追加調達結果,約定量合計（TSO別）[MW],0,0,0,0,0,0,0,0,0,0
20251121B04,追加調達結果,（内訳）自エリアからの約定量[MW],0,0,0,0,0,0,0,0,0,0
20251121B04,合計（確報値）,募集量（TSO別）[MW],116,222,370,264,194,869,486,219,604,3344
20251121B04,合計（確報値）,応札量合計（電源属地別）[MW],359.65,264.5,497.482,7.718,194,949,151.847,181,1092.628,3697.825
20251121B04,合計（確報値）,約定量合計（電源属地別）[MW],32,264.5,492.267,7.718,194,718,151.847,181,656.628,2697.96
20251121B04,合計（確報値）,応札件数（電源属地別）[件],7,2,28,4,2,5,4,4,22,78
20251121B04,合計（確報値）,約定件数（電源属地別）[件],2,2,27,4,2,4,4,4,18,67
20251121B04,合計（確報値）,最高約定価格（電源属地別）[円/kW・30分],10,19.51,19.51,19.51,1.13,10.09,19.51,4.78,19.51,19.51
20251121B04,合計（確報値）,最低約定価格（電源属地別）[円/kW・30分],6.2,4.47,0.37,19.47,1.04,0.36,0.4,0.36,0.36,0.36
20251121B04,合計（確報値）,平均約定価格（電源属地別）[円/kW・30分],6.32,5.29,2.16,19.49,1.1,2.5,1.23,0.8,0.98,2.15
20251121B04,合計（確報値）,最高約定価格（TSO別）[円/kW・30分],10,19.51,19.51,1.64,19.51,10.09,19.51,4.78,19.51,19.51
20251121B04,合計（確報値）,最低約定価格（TSO別）[円/kW・30分],4.47,4.47,0.37,1.13,1.04,0.36,0.36,0.36,0.36,0.36
20251121B04,合計（確報値）,平均約定価格（TSO別）[円/kW・30分],4.98,5.68,2.71,1.31,2.11,2.6,0.8,0.8,1.13,2.15
20251121B04,合計（確報値）,約定量合計（TSO別）[MW],116,180.5,290.947,264,139.038,687.805,312.875,181,525.795,2697.96
20251121B04,合計（確報値）,（内訳）自エリアからの約定量[MW],32,180.5,290.947,0,131.32,687.805,151.847,181,525.795,2181.214
20251121B05,システム約定結果,募集量（TSO別）[MW],32,217,293,383,194,588,361,145,537,2750
20251121B05,システム約定結果,応札量合計（電源属地別）[MW],311.94,274.919,552.202,7.718,194,1000.215,82.112,117,604.383,3144.489
20251121B05,システム約定結果,落札量合計（電源属地別）[MW],28,274.919,376.854,7.718,194,846.928,82.112,117,403.383,2330.914
20251121B05,システム約定結果,応札件数（電源属地別）[件],7,4,30,4,2,8,4,4,17,80
20251121B05,システム約定結果,落札件数（電源属地別）[件],1,4,27,4,2,8,4,4,15,69
20251121B05,システム約定結果,最高落札価格（電源属地別）[円/kW・30分],5.92,19.51,19.51,19.51,0.88,19.51,19.51,4.78,19.51,19.51
20251121B05,システム約定結果,最低落札価格（電源属地別）[円/kW・30分],5.92,4.41,0.32,19.47,0.79,0.36,0.36,0.36,0.36,0.32
20251121B05,システム約定結果,平均落札価格（電源属地別）[円/kW・30分],5.92,5.68,2.39,19.49,0.85,2.23,1.01,1.04,3.63,2.79
20251121B05,システム約定結果,最高落札価格（TSO別）[円/kW・30分],5.92,19.51,19.51,19.51,0.88,19.51,19.51,4.78,19.51,19.51
20251121B05,システム約定結果,最低落札価格（TSO別）[円/kW・30分],4.41,4.41,0.73,0.32,0.33,0.36,0.36,0.36,0.36,0.32
20251121B05,システム約定結果,平均落札価格（TSO別）[円/kW・30分],5.73,5.7,4.47,0.97,0.72,2.99,1.21,1.04,3.39,2.79
20251121B05,システム約定結果,落札量合計（TSO別）[MW],32,270.919,187.467,277.718,194,527.627,288.8,117,435.383,2330.914
20251121B05,システム約定結果,（内訳）自エリアからの落札量[MW],28,270.919,187.467,7.718,144,527.627,82.112,117,403.383,1768.226
20251121B05,追加調達結果,募集量（TSO別）[MW],-,-,-,-,-,-,-,-,-,-
20251121B05,追加調達結果,応札量合計（電源属地別）[MW],0,0,0,0,0,0,0,0,0,0
20251121B05,追加調達結果,約定量合計（電源属地別）[MW],0,0,0,0,0,0,0,0,0,0
20251121B05,追加調達結果,応札件数（電源属地別）[件],0,0,0,0,0,0,0,0,0,0
20251121B05,追加調達結果,約定件数（電源属地別）[件],0,0,0,0,0,0,0,0,0,0
20251121B05,追加調達結果,最高約定価格（電源属地別）[円/kW・30分],0,0,0,0,0,0,0,0,0,0
20251121B05,追加調達結果,最低約定価格（電源属地別）[円/kW・30分],0,0,0,0,0,0,0,0,0,0
20251121B05,追加調達結果,平均約定価格（電源属地別）[円/kW・30分],0,0,0,0,0,0,0,0,0,0
20251121B05,追加調達結果,最高約定価格（TSO別）[円/kW・30分],0,0,0,0,0,0,0,0,0,0
20251121B05,追加調達結果,最低約定価格（TSO別）[円/kW・30分],0,0,0,0,0,0,0,0,0,0
20251121B05,追加調達結果,平均約定価格（TSO別）[円/kW・30分],0,0,0,0,0,0,0,0,0,0
20251121B05,追加調達結果,約定量合計（TSO別）[MW],0,0,0,0,0,0,0,0,0,0
20251121B05,追加調達結果,（内訳）自エリアからの約定量[MW],0,0,0,0,0,0,0,0,0,0
20251121B05,合計（確報値）,募集量（TSO別）[MW],32,217,293,383,194,588,361,145,537,2750
20251121B05,合計（確報値）,応札量合計（電源属地別）[MW],311.94,274.919,552.202,7.718,194,1000.215,82.112,117,937.383,3477.489
20251121B05,合計（確報値）,約定量合計（電源属地別）[MW],28,274.919,375.334,7.718,194,769.215,82.112,117,403.383,2251.681
20251121B05,合計（確報値）,応札件数（電源属地別）[件],7,4,30,4,2,8,4,4,26,89
20251121B05,合計（確報値）,約定件数（電源属地別）[件],1,4,26,4,2,7,4,4,21,73
20251121B05,合計（確報値）,最高約定価格（電源属地別）[円/kW・30分],5.92,19.51,19.51,19.51,0.88,19.51,19.51,4.78,19.51,19.51
20251121B05,合計（確報値）,最低約定価格（電源属地別）[円/kW・30分],5.92,4.41,0.32,19.47,0.79,0.36,0.36,0.36,0.36,0.32
20251121B05,合計（確報値）,平均約定価格（電源属地別）[円/kW・30分],5.92,5.68,2.33,19.49,0.85,2.41,1.01,1.04,1.52,2.48
20251121B05,合計（確報値）,最高約定価格（TSO別）[円/kW・30分],5.92,19.51,19.51,19.51,0.88,19.51,19.51,4.78,19.51,19.51
20251121B05,合計（確報値）,最低約定価格（TSO別）[円/kW・30分],4.41,4.41,0.73,0.32,0.33,0.36,0.36,0.36,0.36,0.32
20251121B05,合計（確報値）,平均約定価格（TSO別）[円/kW・30分],5.73,5.7,4.35,0.97,0.72,2.99,1.5,1.04,1.43,2.48
20251121B05,合計（確報値）,約定量合計（TSO別）[MW],32,270.919,185.947,277.718,194,527.627,211.087,117,435.383,2251.681
20251121B05,合計（確報値）,（内訳）自エリアからの約定量[MW],28,270.919,185.947,7.718,144,527.627,82.112,117,403.383,1766.706
20251121B06,システム約定結果,募集量（TSO別）[MW],36,732,427,402,120,692,340,179,549,3477
20251121B06,システム約定結果,応札量合計（電源属地別）[MW],312.65,614.919,452.991,111.718,120,1002.215,319.874,134,673.383,3741.75
20251121B06,システム約定結果,落札量合計（電源属地別）[MW],36,614.919,290.967,111.718,120,885.9,207.828,134,326.383,2727.715
20251121B06,システム約定結果,応札件数（電源属地別）[件],7,6,28,5,1,9,8,4,17,85
20251121B06,システム約定結果,落札件数（電源属地別）[件],3,6,25,5,1,8,8,4,15,75
20251121B06,システム約定結果,最高落札価格（電源属地別）[円/kW・30分],10,19.51,19.51,19.51,3.09,19.51,19.51,4.78,19.51,19.51
20251121B06,システム約定結果,最低落札価格（電源属地別）[円/kW・30分],1.76,1.04,0.73,0.56,3.09,1,1.6,0.36,1.28,0.36
20251121B06,システム約定結果,平均落札価格（電源属地別）[円/kW・30分],2.7,2.42,3.78,1.87,3.09,2.2,3.64,1.13,2.52,2.55
20251121B06,システム約定結果,最高落札価格（TSO別）[円/kW・30分],10,19.51,19.51,19.51,3.09,19.51,19.51,4.78,19.51,19.51
20251121B06,システム約定結果,最低落札価格（TSO別）[円/kW・30分],1.76,1.04,0.56,1.26,2.67,1,1,0.36,1,0.36
20251121B06,システム約定結果,平均落札価格（TSO別）[円/kW・30分],2.7,2.42,3.75,2.39,2.94,2.3,3.56,1.13,2.17,2.55
20251121B06,システム約定結果,落札量合計（TSO別）[MW],36,614.919,279.967,169.718,113,639.928,248.8,134,491.383,2727.715
20251121B06,システム約定結果,（内訳）自エリアからの落札量[MW],36,614.919,156.967,7.718,73,639.928,190.476,134,326.383,2179.391
20251121B06,追加調達結果,募集量（TSO別）[MW],-,-,-,-,-,-,-,-,-,-
20251121B06,追加調達結果,応札量合計（電源属地別）[MW],0,0,0,0,0,0,0,0,0,0
20251121B06,追加調達結果,約定量合計（電源属地別）[MW],0,0,0,0,0,0,0,0,0,0
20251121B06,追加調達結果,応札件数（電源属地別）[件],0,0,0,0,0,0,0,0,0,0
20251121B06,追加調達結果,約定件数（電源属地別）[件],0,0,0,0,0,0,0,0,0,0
20251121B06,追加調達結果,最高約定価格（電源属地別）[円/kW・30分],0,0,0,0,0,0,0,0,0,0
20251121B06,追加調達結果,最低約定価格（電源属地別）[円/kW・30分],0,0,0,0,0,0,0,0,0,0
20251121B06,追加調達結果,平均約定価格（電源属地別）[円/kW・30分],0,0,0,0,0,0,0,0,0,0
20251121B06,追加調達結果,最高約定価格（TSO別）[円/kW・30分],0,0,0,0,0,0,0,0,0,0
20251121B06,追加調達結果,最低約定価格（TSO別）[円/kW・30分],0,0,0,0,0,0,0,0,0,0
20251121B06,追加調達結果,平均約定価格（TSO別）[円/kW・30分],0,0,0,0,0,0,0,0,0,0
20251121B06,追加調達結果,約定量合計（TSO別）[MW],0,0,0,0,0,0,0,0,0,0
20251121B06,追加調達結果,（内訳）自エリアからの約定量[MW],0,0,0,0,0,0,0,0,0,0
20251121B06,合計（確報値）,募集量（TSO別）[MW],36,732,427,402,120,692,340,179,549,3477
20251121B06,合計（確報値）,応札量合計（電源属地別）[MW],312.65,614.919,452.991,111.718,120,1002.215,319.874,134,779.383,3847.75
20251121B06,合計（確報値）,約定量合計（電源属地別）[MW],36,614.919,289.447,111.718,120,769.215,207.828,134,326.383,2609.51
20251121B06,合計（確報値）,応札件数（電源属地別）[件],7,6,28,5,1,9,8,4,19,87
20251121B06,合計（確報値）,約定件数（電源属地別）[件],3,6,24,5,1,7,8,4,17,75
20251121B06,合計（確報値）,最高約定価格（電源属地別）[円/kW・30分],10,19.51,19.51,19.51,3.09,19.51,19.51,4.78,19.51,19.51
20251121B06,合計（確報値）,最低約定価格（電源属地別）[円/kW・30分],1.76,1.04,0.73,0.56,3.09,1,1.6,0.36,1.28,0.36
20251121B06,合計（確報値）,平均約定価格（電源属地別）[円/kW・30分],2.7,2.42,3.7,1.87,3.09,2.13,3.64,1.13,2.52,2.53
20251121B06,合計（確報値）,最高約定価格（TSO別）[円/kW・30分],10,19.51,19.51,19.51,3.09,19.51,19.51,4.78,19.51,19.51
20251121B06,合計（確報値）,最低約定価格（TSO別）[円/kW・30分],1.76,1.04,0.56,1.26,3.09,1,1,0.36,1,0.36
20251121B06,合計（確報値）,平均約定価格（TSO別）[円/kW・30分],2.7,2.42,3.66,2.39,3.09,2.28,3.58,1.13,2.14,2.53
20251121B06,合計（確報値）,約定量合計（TSO別）[MW],36,614.919,278.447,169.718,73,598.944,244.8,134,459.682,2609.51
20251121B06,合計（確報値）,（内訳）自エリアからの約定量[MW],36,614.919,155.447,7.718,73,598.944,190.476,134,326.383,2136.887
20251121B07,システム約定結果,募集量（TSO別）[MW],32,263,426,206,106,574,305,83,328,2323
20251121B07,システム約定結果,応札量合計（電源属地別）[MW],310.74,274.919,710.53,396.3,106,812.215,459.765,242,617.066,3929.535
20251121B07,システム約定結果,落札量合計（電源属地別）[MW],47,274.919,271.268,315.3,106,508.827,174.022,86.333,204.781,1988.45
20251121B07,システム約定結果,応札件数（電源属地別）[件],7,4,29,6,1,8,10,8,16,89
20251121B07,システム約定結果,落札件数（電源属地別）[件],4,4,23,5,1,7,9,5,14,72
20251121B07,システム約定結果,最高落札価格（電源属地別）[円/kW・30分],10,19.51,19.51,19.51,3.45,19.49,19.51,2.23,19.51,19.51
20251121B07,システム約定結果,最低落札価格（電源属地別）[円/kW・30分],2.56,2.85,0.73,2.45,3.45,1.02,1.67,0.36,1.03,0.36
20251121B07,システム約定結果,平均落札価格（電源属地別）[円/kW・30分],4.94,4.26,3.54,2.87,3.45,2.93,3.6,0.67,3.35,3.27
20251121B07,システム約定結果,最高落札価格（TSO別）[円/kW・30分],10,19.51,19.51,19.51,3.45,19.49,19.51,2.23,19.51,19.51
20251121B07,システム約定結果,最低落札価格（TSO別）[円/kW・30分],2.56,2.56,0.73,2.45,2.45,1.02,0.36,0.36,1.03,0.36
20251121B07,システム約定結果,平均落札価格（TSO別）[円/kW・30分],5.58,4.22,3.54,3.4,3.26,2.9,3.24,0.68,3.17,3.27
20251121B07,システム約定結果,落札量合計（TSO別）[MW],32,289.919,271.268,138.444,88,523.215,265.8,83,296.804,1988.45
20251121B07,システム約定結果,（内訳）自エリアからの落札量[MW],32,274.919,271.268,138.444,71,471.634,174.022,83,186.519,1702.806
20251121B07,追加調達結果,募集量（TSO別）[MW],-,-,-,-,-,-,-,-,-,-
20251121B07,追加調達結果,応札量合計（電源属地別）[MW],0,0,0,0,0,0,0,0,0,0
20251121B07,追加調達結果,約定量合計（電源属地別）[MW],0,0,0,0,0,0,0,0,0,0
20251121B07,追加調達結果,応札件数（電源属地別）[件],0,0,0,0,0,0,0,0,0,0
20251121B07,追加調達結果,約定件数（電源属地別）[件],0,0,0,0,0,0,0,0,0,0
20251121B07,追加調達結果,最高約定価格（電源属地別）[円/kW・30分],0,0,0,0,0,0,0,0,0,0
20251121B07,追加調達結果,最低約定価格（電源属地別）[円/kW・30分],0,0,0,0,0,0,0,0,0,0
20251121B07,追加調達結果,平均約定価格（電源属地別）[円/kW・30分],0,0,0,0,0,0,0,0,0,0
20251121B07,追加調達結果,最高約定価格（TSO別）[円/kW・30分],0,0,0,0,0,0,0,0,0,0
20251121B07,追加調達結果,最低約定価格（TSO別）[円/kW・30分],0,0,0,0,0,0,0,0,0,0
20251121B07,追加調達結果,平均約定価格（TSO別）[円/kW・30分],0,0,0,0,0,0,0,0,0,0
20251121B07,追加調達結果,約定量合計（TSO別）[MW],0,0,0,0,0,0,0,0,0,0
20251121B07,追加調達結果,（内訳）自エリアからの約定量[MW],0,0,0,0,0,0,0,0,0,0
20251121B07,合計（確報値）,募集量（TSO別）[MW],32,263,426,206,106,574,305,83,328,2323
20251121B07,合計（確報値）,応札量合計（電源属地別）[MW],310.74,274.919,710.53,820.608,106,860.107,459.765,242,617.066,4401.735
20251121B07,合計（確報値）,約定量合計（電源属地別）[MW],47,274.919,269.748,315.3,106,479.006,174.022,86.333,204.781,1957.109
20251121B07,合計（確報値）,応札件数（電源属地別）[件],7,4,29,15,1,12,10,8,16,102
20251121B07,合計（確報値）,約定件数（電源属地別）[件],4,4,22,12,1,10,9,5,14,81
20251121B07,合計（確報値）,最高約定価格（電源属地別）[円/kW・30分],10,19.51,19.51,19.51,3.45,19.49,19.51,2.23,19.51,19.51
20251121B07,合計（確報値）,最低約定価格（電源属地別）[円/kW・30分],2.56,2.85,0.73,0.36,3.45,0.79,1.67,0.36,1.03,0.36
20251121B07,合計（確報値）,平均約定価格（電源属地別）[円/kW・30分],4.94,4.26,3.45,0.83,3.45,2.75,3.6,0.67,3.35,2.89
20251121B07,合計（確報値）,最高約定価格（TSO別）[円/kW・30分],10,19.51,19.51,19.51,3.45,19.49,19.51,2.23,19.51,19.51
20251121B07,合計（確報値）,最低約定価格（TSO別）[円/kW・30分],2.56,2.56,0.73,0.36,0.36,0.36,0.36,0.36,0.36,0.36
20251121B07,合計（確報値）,平均約定価格（TSO別）[円/kW・30分],5.58,4.22,3.45,1.43,2.85,2.54,2.96,0.68,2.64,2.89
20251121B07,合計（確報値）,約定量合計（TSO別）[MW],32,289.919,269.748,138.444,88,523.215,235.979,83,296.804,1957.109
20251121B07,合計（確報値）,（内訳）自エリアからの約定量[MW],32,274.919,269.748,138.444,71,471.634,174.022,83,186.519,1701.286
20251121B08,システム約定結果,募集量（TSO別）[MW],39,138,408,230,105,462,197,88,298,1965
20251121B08,システム約定結果,応札量合計（電源属地別）[MW],296.65,274.919,329.743,538.756,105,579.215,226.717,224,485.146,3060.146
20251121B08,システム約定結果,落札量合計（電源属地別）[MW],44,274.919,197.643,498.3,105,413.503,142.713,91.799,159.146,1927.023
20251121B08,システム約定結果,応札件数（電源属地別）[件],6,4,17,8,1,6,6,7,12,67
20251121B08,システム約定結果,落札件数（電源属地別）[件],2,4,15,7,1,6,6,6,11,58
20251121B08,システム約定結果,最高落札価格（電源属地別）[円/kW・30分],8.9,19.51,19.51,19.51,2.92,19.49,19.51,4.78,19.51,19.51
20251121B08,システム約定結果,最低落札価格（電源属地別）[円/kW・30分],4.18,3.46,0.73,1.97,2.92,0.36,0.79,0.36,0.5,0.36
20251121B08,システム約定結果,平均落札価格（電源属地別）[円/kW・30分],6.86,4.81,4.34,3.74,2.92,3.43,3.84,1.2,2.37,3.69
20251121B08,システム約定結果,最高落札価格（TSO別）[円/kW・30分],8.9,19.51,19.51,19.51,2.92,19.49,19.51,4.78,19.51,19.51
20251121B08,システム約定結果,最低落札価格（TSO別）[円/kW・30分],4.18,3.46,0.73,1.97,2.92,0.36,0.36,0.36,0.36,0.36
20251121B08,システム約定結果,平均落札価格（TSO別）[円/kW・30分],6.86,4.81,4.34,3.74,2.92,3.6,4.21,1.16,2.27,3.69
20251121B08,システム約定結果,落札量合計（TSO別）[MW],44,274.919,197.643,498.3,105,391.215,100.8,88,227.146,1927.023
20251121B08,システム約定結果,（内訳）自エリアからの落札量[MW],44,274.919,197.643,498.3,105,391.215,95.022,88,159.146,1853.245
20251121B08,追加調達結果,募集量（TSO別）[MW],-,-,-,-,-,-,-,-,-,-
20251121B08,追加調達結果,応札量合計（電源属地別）[MW],0,0,0,0,0,0,0,0,0,0
20251121B08,追加調達結果,約定量合計（電源属地別）[MW],0,0,0,0,0,0,0,0,0,0
20251121B08,追加調達結果,応札件数（電源属地別）[件],0,0,0,0,0,0,0,0,0,0
20251121B08,追加調達結果,約定件数（電源属地別）[件],0,0,0,0,0,0,0,0,0,0
20251121B08,追加調達結果,最高約定価格（電源属地別）[円/kW・30分],0,0,0,0,0,0,0,0,0,0
20251121B08,追加調達結果,最低約定価格（電源属地別）[円/kW・30分],0,0,0,0,0,0,0,0,0,0
20251121B08,追加調達結果,平均約定価格（電源属地別）[円/kW・30分],0,0,0,0,0,0,0,0,0,0
20251121B08,追加調達結果,最高約定価格（TSO別）[円/kW・30分],0,0,0,0,0,0,0,0,0,0
20251121B08,追加調達結果,最低約定価格（TSO別）[円/kW・30分],0,0,0,0,0,0,0,0,0,0
20251121B08,追加調達結果,平均約定価格（TSO別）[円/kW・30分],0,0,0,0,0,0,0,0,0,0
20251121B08,追加調達結果,約定量合計（TSO別）[MW],0,0,0,0,0,0,0,0,0,0
20251121B08,追加調達結果,（内訳）自エリアからの約定量[MW],0,0,0,0,0,0,0,0,0,0
20251121B08,合計（確報値）,募集量（TSO別）[MW],39,138,408,230,105,462,197,88,298,1965
20251121B08,合計（確報値）,応札量合計（電源属地別）[MW],296.65,274.919,329.743,1118.73,105,579.215,226.717,224,485.146,3640.12
20251121B08,合計（確報値）,約定量合計（電源属地別）[MW],44,274.919,197.643,498.3,105,413.503,142.713,91.799,159.146,1927.023
20251121B08,合計（確報値）,応札件数（電源属地別）[件],6,4,17,17,1,6,6,7,12,76
20251121B08,合計（確報値）,約定件数（電源属地別）[件],2,4,15,13,1,6,6,6,11,64
20251121B08,合計（確報値）,最高約定価格（電源属地別）[円/kW・30分],8.9,19.51,19.51,19.51,2.92,19.49,19.51,4.78,19.51,19.51
20251121B08,合計（確報値）,最低約定価格（電源属地別）[円/kW・30分],4.18,3.46,0.73,0.36,2.92,0.36,0.79,0.36,0.5,0.36
20251121B08,合計（確報値）,平均約定価格（電源属地別）[円/kW・30分],6.86,4.81,4.34,0.72,2.92,3.43,3.84,1.2,2.37,2.91
20251121B08,合計（確報値）,最高約定価格（TSO別）[円/kW・30分],8.9,19.51,19.51,19.51,2.92,19.49,19.51,4.78,19.51,19.51
20251121B08,合計（確報値）,最低約定価格（TSO別）[円/kW・30分],4.18,3.46,0.73,0.36,2.92,0.36,0.36,0.36,0.36,0.36
20251121B08,合計（確報値）,平均約定価格（TSO別）[円/kW・30分],6.86,4.81,4.34,0.72,2.92,3.6,4.21,1.16,2.27,2.91
20251121B08,合計（確報値）,約定量合計（TSO別）[MW],44,274.919,197.643,498.3,105,391.215,100.8,88,227.146,1927.023
20251121B08,合計（確報値）,（内訳）自エリアからの約定量[MW],44,274.919,197.643,498.3,105,391.215,95.022,88,159.146,1853.245
20251122B01,システム約定結果,募集量（TSO別）[MW],55,163,306,41,86,281,189,95,198,1414
20251122B01,システム約定結果,応札量合計（電源属地別）[MW],156.54,260.419,1210.219,533.442,86,795.315,182.529,95,481.907,3801.371
20251122B01,システム約定結果,落札量合計（電源属地別）[MW],13,260.419,291.134,533.442,86,271.822,135.913,43,61.907,1696.637
20251122B01,システム約定結果,応札件数（電源属地別）[件],5,3,30,4,1,7,4,4,10,68
20251122B01,システム約定結果,落札件数（電源属地別）[件],1,3,23,4,1,7,4,3,8,54
20251122B01,システム約定結果,最高落札価格（電源属地別）[円/kW・30分],4.5,19.51,19.51,19.49,1.74,19.49,1.19,8.28,19.51,19.51
20251122B01,システム約定結果,最低落札価格（電源属地別）[円/kW・30分],4.5,3.58,1.77,1.2,1.74,0.36,0.36,0.62,0.36,0.36
20251122B01,システム約定結果,平均落札価格（電源属地別）[円/kW・30分],4.5,4.11,2.61,1.79,1.74,5.15,0.8,3.29,3.53,2.87
20251122B01,システム約定結果,最高落札価格（TSO別）[円/kW・30分],4.5,19.51,19.51,2.45,19.49,19.49,1.19,8.28,19.51,19.51
20251122B01,システム約定結果,最低落札価格（TSO別）[円/kW・30分],3.58,3.58,1.77,1.2,1.2,0.36,0.36,0.62,0.36,0.36
20251122B01,システム約定結果,平均落札価格（TSO別）[円/kW・30分],3.8,4.21,2.61,1.72,1.97,4.65,0.73,4.3,3.53,2.87
20251122B01,システム約定結果,落札量合計（TSO別）[MW],55,218.419,291.134,471.277,132,261.887,117.013,88,61.907,1696.637
20251122B01,システム約定結果,（内訳）自エリアからの落札量[MW],13,218.419,291.134,471.277,86,245.722,117.013,43,61.907,1547.472
20251122B01,追加調達結果,募集量（TSO別）[MW],-,-,-,-,-,-,-,-,-,-
20251122B01,追加調達結果,応札量合計（電源属地別）[MW],0,0,0,0,0,0,0,0,0,0
20251122B01,追加調達結果,約定量合計（電源属地別）[MW],0,0,0,0,0,0,0,0,0,0
20251122B01,追加調達結果,応札件数（電源属地別）[件],0,0,0,0,0,0,0,0,0,0
20251122B01,追加調達結果,約定件数（電源属地別）[件],0,0,0,0,0,0,0,0,0,0
20251122B01,追加調達結果,最高約定価格（電源属地別）[円/kW・30分],0,0,0,0,0,0,0,0,0,0
20251122B01,追加調達結果,最低約定価格（電源属地別）[円/kW・30分],0,0,0,0,0,0,0,0,0,0
20251122B01,追加調達結果,平均約定価格（電源属地別）[円/kW・30分],0,0,0,0,0,0,0,0,0,0
20251122B01,追加調達結果,最高約定価格（TSO別）[円/kW・30分],0,0,0,0,0,0,0,0,0,0
20251122B01,追加調達結果,最低約定価格（TSO別）[円/kW・30分],0,0,0,0,0,0,0,0,0,0
20251122B01,追加調達結果,平均約定価格（TSO別）[円/kW・30分],0,0,0,0,0,0,0,0,0,0
20251122B01,追加調達結果,約定量合計（TSO別）[MW],0,0,0,0,0,0,0,0,0,0
20251122B01,追加調達結果,（内訳）自エリアからの約定量[MW],0,0,0,0,0,0,0,0,0,0
20251122B01,合計（確報値）,募集量（TSO別）[MW],55,163,306,41,86,281,189,95,198,1414
20251122B01,合計（確報値）,応札量合計（電源属地別）[MW],156.54,260.419,1210.219,1207.524,86,795.315,182.529,95,481.907,4475.453
20251122B01,合計（確報値）,約定量合計（電源属地別）[MW],13,260.419,291.134,533.442,86,271.822,135.913,43,61.907,1696.637
20251122B01,合計（確報値）,応札件数（電源属地別）[件],5,3,30,28,1,7,4,4,10,92
20251122B01,合計（確報値）,約定件数（電源属地別）[件],1,3,23,22,1,7,4,3,8,72
20251122B01,合計（確報値）,最高約定価格（電源属地別）[円/kW・30分],4.5,19.51,19.51,19.49,1.74,19.49,1.19,8.28,19.51,19.51
20251122B01,合計（確報値）,最低約定価格（電源属地別）[円/kW・30分],4.5,3.58,1.77,0.36,1.74,0.36,0.36,0.62,0.36,0.36
20251122B01,合計（確報値）,平均約定価格（電源属地別）[円/kW・30分],4.5,4.11,2.61,0.43,1.74,5.15,0.8,3.29,3.53,2.44
20251122B01,合計（確報値）,最高約定価格（TSO別）[円/kW・30分],4.5,19.51,19.51,0.36,19.49,19.49,1.19,8.28,19.51,19.51
20251122B01,合計（確報値）,最低約定価格（TSO別）[円/kW・30分],3.58,3.58,1.77,0.36,0.36,0.36,0.36,0.62,0.36,0.36
20251122B01,合計（確報値）,平均約定価格（TSO別）[円/kW・30分],3.8,4.21,2.61,0.36,1.53,4.55,0.73,4.3,3.53,2.44
20251122B01,合計（確報値）,約定量合計（TSO別）[MW],55,218.419,291.134,471.277,132,261.887,117.013,88,61.907,1696.637
20251122B01,合計（確報値）,（内訳）自エリアからの約定量[MW],13,218.419,291.134,471.277,86,245.722,117.013,43,61.907,1547.472
20251122B02,システム約定結果,募集量（TSO別）[MW],28,333,301,158,92,380,189,99,300,1880
20251122B02,システム約定結果,応札量合計（電源属地別）[MW],138.74,454.919,1048.751,549.38,92,969.215,184.329,205,401.407,4043.741
20251122B02,システム約定結果,落札量合計（電源属地別）[MW],14.75,454.919,497.75,549.38,92,288.315,125.713,70.733,189.407,2282.967
20251122B02,システム約定結果,応札件数（電源属地別）[件],4,5,34,7,1,8,5,6,9,79
20251122B02,システム約定結果,落札件数（電源属地別）[件],3,5,29,7,1,7,5,5,8,70
20251122B02,システム約定結果,最高落札価格（電源属地別）[円/kW・30分],9.5,19.51,19.51,19.49,2.38,19.49,19.49,7.51,19.51,19.51
20251122B02,システム約定結果,最低落札価格（電源属地別）[円/kW・30分],9,2,0.73,2.33,2.38,1.1,0.36,0.36,0.69,0.36
20251122B02,システム約定結果,平均落札価格（電源属地別）[円/kW・30分],9.34,3.51,3.57,3.58,2.38,3.52,1.37,2.9,2.16,3.28
20251122B02,システム約定結果,最高落札価格（TSO別）[円/kW・30分],9.5,19.51,19.51,19.49,2.38,19.49,19.49,6.38,19.51,19.51
20251122B02,システム約定結果,最低落札価格（TSO別）[円/kW・30分],3.11,2,0.73,2.33,2.38,1.1,0.36,0.36,0.69,0.36
20251122B02,システム約定結果,平均落札価格（TSO別）[円/kW・30分],6.39,3.52,3.57,3.67,2.38,3.39,1.2,2.94,2.06,3.28
20251122B02,システム約定結果,落札量合計（TSO別）[MW],28,441.669,497.75,479.181,80,344.948,78.012,99,234.407,2282.967
20251122B02,システム約定結果,（内訳）自エリアからの落札量[MW],14.75,441.669,497.75,479.181,80,273.215,78.012,65,189.407,2118.984
20251122B02,追加調達結果,募集量（TSO別）[MW],-,-,-,-,-,-,-,-,-,-
20251122B02,追加調達結果,応札量合計（電源属地別）[MW],0,0,0,0,0,0,0,0,0,0
20251122B02,追加調達結果,約定量合計（電源属地別）[MW],0,0,0,0,0,0,0,0,0,0
20251122B02,追加調達結果,応札件数（電源属地別）[件],0,0,0,0,0,0,0,0,0,0
20251122B02,追加調達結果,約定件数（電源属地別）[件],0,0,0,0,0,0,0,0,0,0
20251122B02,追加調達結果,最高約定価格（電源属地別）[円/kW・30分],0,0,0,0,0,0,0,0,0,0
20251122B02,追加調達結果,最低約定価格（電源属地別）[円/kW・30分],0,0,0,0,0,0,0,0,0,0
20251122B02,追加調達結果,平均約定価格（電源属地別）[円/kW・30分],0,0,0,0,0,0,0,0,0,0
20251122B02,追加調達結果,最高約定価格（TSO別）[円/kW・30分],0,0,0,0,0,0,0,0,0,0
20251122B02,追加調達結果,最低約定価格（TSO別）[円/kW・30分],0,0,0,0,0,0,0,0,0,0
20251122B02,追加調達結果,平均約定価格（TSO別）[円/kW・30分],0,0,0,0,0,0,0,0,0,0
20251122B02,追加調達結果,約定量合計（TSO別）[MW],0,0,0,0,0,0,0,0,0,0
20251122B02,追加調達結果,（内訳）自エリアからの約定量[MW],0,0,0,0,0,0,0,0,0,0
20251122B02,合計（確報値）,募集量（TSO別）[MW],28,333,301,158,92,380,189,99,300,1880
20251122B02,合計（確報値）,応札量合計（電源属地別）[MW],138.74,454.919,1048.751,1219.544,92,969.215,184.329,205,401.407,4713.905
20251122B02,合計（確報値）,約定量合計（電源属地別）[MW],14.75,454.919,497.75,549.38,92,288.315,125.713,70.733,189.407,2282.967
20251122B02,合計（確報値）,応札件数（電源属地別）[件],4,5,34,25,1,8,5,6,9,97
20251122B02,合計（確報値）,約定件数（電源属地別）[件],3,5,29,18,1,7,5,5,8,81
20251122B02,合計（確報値）,最高約定価格（電源属地別）[円/kW・30分],9.5,19.51,19.51,19.49,2.38,19.49,19.49,7.51,19.51,19.51
20251122B02,合計（確報値）,最低約定価格（電源属地別）[円/kW・30分],9,2,0.73,0.36,2.38,1.1,0.36,0.36,0.69,0.36
20251122B02,合計（確報値）,平均約定価格（電源属地別）[円/kW・30分],9.34,3.51,3.57,0.6,2.38,3.52,1.37,2.9,2.16,2.56
20251122B02,合計（確報値）,最高約定価格（TSO別）[円/kW・30分],9.5,19.51,19.51,19.49,2.38,19.49,19.49,6.38,19.51,19.51
20251122B02,合計（確報値）,最低約定価格（TSO別）[円/kW・30分],3.11,2,0.73,0.36,2.38,0.36,0.36,0.36,0.69,0.36
20251122B02,合計（確報値）,平均約定価格（TSO別）[円/kW・30分],6.39,3.52,3.57,0.63,2.38,2.89,1.2,2.83,2.06,2.56
20251122B02,合計（確報値）,約定量合計（TSO別）[MW],28,441.669,497.75,479.181,80,344.948,78.012,99,234.407,2282.967
20251122B02,合計（確報値）,（内訳）自エリアからの約定量[MW],14.75,441.669,497.75,479.181,80,273.215,78.012,65,189.407,2118.984
20251122B03,システム約定結果,募集量（TSO別）[MW],134,932,447,400,127,605,284,174,427,3530
20251122B03,システム約定結果,応札量合計（電源属地別）[MW],148.74,814.919,674.903,3.938,127,969.215,184.329,174,436.331,3533.375
20251122B03,システム約定結果,落札量合計（電源属地別）[MW],63,814.919,323.403,3.938,127,796.784,184.329,148.907,150.448,2612.728
20251122B03,システム約定結果,応札件数（電源属地別）[件],5,7,20,2,1,8,5,4,9,61
20251122B03,システム約定結果,落札件数（電源属地別）[件],4,7,17,2,1,8,5,4,8,56
20251122B03,システム約定結果,最高落札価格（電源属地別）[円/kW・30分],19.46,19.51,19.51,19.47,2.09,19.51,19.51,8.03,19.51,19.51
20251122B03,システム約定結果,最低落札価格（電源属地別）[円/kW・30分],15,1.66,0.85,19.47,2.09,0.6,0.36,0.36,0.63,0.36
20251122B03,システム約定結果,平均落札価格（電源属地別）[円/kW・30分],18.95,3.06,4.25,19.47,2.09,3.38,1.02,1.38,2,3.36
20251122B03,システム約定結果,最高落札価格（TSO別）[円/kW・30分],19.46,19.51,19.51,19.47,3.86,19.51,19.51,8.03,19.51,19.51
20251122B03,システム約定結果,最低落札価格（TSO別）[円/kW・30分],2.63,1.66,0.85,0.6,2.09,0.6,0.36,0.36,0.36,0.36
20251122B03,システム約定結果,平均落札価格（TSO別）[円/kW・30分],10.3,3.1,4.34,2.63,2.31,4.49,1.04,1.12,1.82,3.36
20251122B03,システム約定結果,落札量合計（TSO別）[MW],134,743.919,230.313,181.938,127,525.215,177.012,156,337.331,2612.728
20251122B03,システム約定結果,（内訳）自エリアからの落札量[MW],63,743.919,230.313,3.938,111,525.215,101.716,128,150.448,2057.549
20251122B03,追加調達結果,募集量（TSO別）[MW],-,-,-,-,-,-,-,-,-,-
20251122B03,追加調達結果,応札量合計（電源属地別）[MW],0,0,0,0,0,0,0,0,0,0
20251122B03,追加調達結果,約定量合計（電源属地別）[MW],0,0,0,0,0,0,0,0,0,0
20251122B03,追加調達結果,応札件数（電源属地別）[件],0,0,0,0,0,0,0,0,0,0
20251122B03,追加調達結果,約定件数（電源属地別）[件],0,0,0,0,0,0,0,0,0,0
20251122B03,追加調達結果,最高約定価格（電源属地別）[円/kW・30分],0,0,0,0,0,0,0,0,0,0
20251122B03,追加調達結果,最低約定価格（電源属地別）[円/kW・30分],0,0,0,0,0,0,0,0,0,0
20251122B03,追加調達結果,平均約定価格（電源属地別）[円/kW・30分],0,0,0,0,0,0,0,0,0,0
20251122B03,追加調達結果,最高約定価格（TSO別）[円/kW・30分],0,0,0,0,0,0,0,0,0,0
20251122B03,追加調達結果,最低約定価格（TSO別）[円/kW・30分],0,0,0,0,0,0,0,0,0,0
20251122B03,追加調達結果,平均約定価格（TSO別）[円/kW・30分],0,0,0,0,0,0,0,0,0,0
20251122B03,追加調達結果,約定量合計（TSO別）[MW],0,0,0,0,0,0,0,0,0,0
20251122B03,追加調達結果,（内訳）自エリアからの約定量[MW],0,0,0,0,0,0,0,0,0,0
20251122B03,合計（確報値）,募集量（TSO別）[MW],134,932,447,400,127,605,284,174,427,3530
20251122B03,合計（確報値）,応札量合計（電源属地別）[MW],148.74,814.919,879.517,3.938,127,969.215,184.329,174,436.331,3737.989
20251122B03,合計（確報値）,約定量合計（電源属地別）[MW],63,814.919,323.403,3.938,127,796.784,184.329,148.907,150.448,2612.728
20251122B03,合計（確報値）,応札件数（電源属地別）[件],5,7,27,2,1,8,5,4,9,68
20251122B03,合計（確報値）,約定件数（電源属地別）[件],4,7,23,2,1,8,5,4,8,62
20251122B03,合計（確報値）,最高約定価格（電源属地別）[円/kW・30分],19.46,19.51,19.51,19.47,2.09,19.51,19.51,8.03,19.51,19.51
20251122B03,合計（確報値）,最低約定価格（電源属地別）[円/kW・30分],15,1.66,0.36,19.47,2.09,0.6,0.36,0.36,0.63,0.36
20251122B03,合計（確報値）,平均約定価格（電源属地別）[円/kW・30分],18.95,3.06,2.04,19.47,2.09,3.38,1.02,1.38,2,3.09
20251122B03,合計（確報値）,最高約定価格（TSO別）[円/kW・30分],19.46,19.51,19.51,19.47,2.09,19.51,19.51,8.03,19.51,19.51
20251122B03,合計（確報値）,最低約定価格（TSO別）[円/kW・30分],2.63,1.66,0.36,0.36,0.36,0.6,0.36,0.36,0.36,0.36
20251122B03,合計（確報値）,平均約定価格（TSO別）[円/kW・30分],10.3,3.1,2.44,1.41,1.87,4.49,1.04,1.12,1.82,3.09
20251122B03,合計（確報値）,約定量合計（TSO別）[MW],134,743.919,230.313,181.938,127,525.215,177.012,156,337.331,2612.728
20251122B03,合計（確報値）,（内訳）自エリアからの約定量[MW],63,743.919,230.313,3.938,111,525.215,101.716,128,150.448,2057.549
20251122B04,システム約定結果,募集量（TSO別）[MW],116,222,375,264,194,869,486,219,604,3349
20251122B04,システム約定結果,応札量合計（電源属地別）[MW],400.54,374.5,929.017,7.718,268,918,110.994,219,673.719,3901.488
20251122B04,システム約定結果,落札量合計（電源属地別）[MW],31.55,374.5,539.837,7.718,268,918,110.994,178.636,527.719,2956.954
20251122B04,システム約定結果,応札件数（電源属地別）[件],6,3,29,4,2,5,3,4,11,67
20251122B04,システム約定結果,落札件数（電源属地別）[件],3,3,26,4,2,5,3,4,11,61
20251122B04,システム約定結果,最高落札価格（電源属地別）[円/kW・30分],12,19.51,19.51,19.51,0.35,11.57,0.36,10.56,19.51,19.51
20251122B04,システム約定結果,最低落札価格（電源属地別）[円/kW・30分],1.24,3.12,0.37,19.47,0.35,0.36,0.36,0.36,0.36,0.35
20251122B04,システム約定結果,平均落札価格（電源属地別）[円/kW・30分],5.2,4.23,1.6,19.49,0.35,4.13,0.36,1.36,5.59,3.34
20251122B04,システム約定結果,最高落札価格（TSO別）[円/kW・30分],12,19.51,19.51,0.37,19.51,11.57,11.57,10.56,19.51,19.51
20251122B04,システム約定結果,最低落札価格（TSO別）[円/kW・30分],1.24,3.12,0.37,0.35,0.35,0.35,0.35,0.36,0.36,0.35
20251122B04,システム約定結果,平均落札価格（TSO別）[円/kW・30分],4.4,4.26,2.42,0.37,1.11,4.68,0.45,1.28,5.59,3.34
20251122B04,システム約定結果,落札量合計（TSO別）[MW],116.55,289.5,323.605,264,193.718,796,250.862,195,527.719,2956.954
20251122B04,システム約定結果,（内訳）自エリアからの落札量[MW],31.55,289.5,323.605,0,186,791.768,110.994,162,527.719,2423.136
20251122B04,追加調達結果,募集量（TSO別）[MW],-,-,-,-,-,-,-,-,-,-
20251122B04,追加調達結果,応札量合計（電源属地別）[MW],0,0,0,0,0,0,0,0,0,0
20251122B04,追加調達結果,約定量合計（電源属地別）[MW],0,0,0,0,0,0,0,0,0,0
20251122B04,追加調達結果,応札件数（電源属地別）[件],0,0,0,0,0,0,0,0,0,0
20251122B04,追加調達結果,約定件数（電源属地別）[件],0,0,0,0,0,0,0,0,0,0
20251122B04,追加調達結果,最高約定価格（電源属地別）[円/kW・30分],0,0,0,0,0,0,0,0,0,0
20251122B04,追加調達結果,最低約定価格（電源属地別）[円/kW・30分],0,0,0,0,0,0,0,0,0,0
20251122B04,追加調達結果,平均約定価格（電源属地別）[円/kW・30分],0,0,0,0,0,0,0,0,0,0
20251122B04,追加調達結果,最高約定価格（TSO別）[円/kW・30分],0,0,0,0,0,0,0,0,0,0
20251122B04,追加調達結果,最低約定価格（TSO別）[円/kW・30分],0,0,0,0,0,0,0,0,0,0
20251122B04,追加調達結果,平均約定価格（TSO別）[円/kW・30分],0,0,0,0,0,0,0,0,0,0
20251122B04,追加調達結果,約定量合計（TSO別）[MW],0,0,0,0,0,0,0,0,0,0
20251122B04,追加調達結果,（内訳）自エリアからの約定量[MW],0,0,0,0,0,0,0,0,0,0
20251122B04,合計（確報値）,募集量（TSO別）[MW],116,222,375,264,194,869,486,219,604,3349
20251122B04,合計（確報値）,応札量合計（電源属地別）[MW],400.54,374.5,929.017,7.718,268,918,110.994,219,1103.719,4331.488
20251122B04,合計（確報値）,約定量合計（電源属地別）[MW],31.55,374.5,539.837,7.718,268,918,110.994,178.636,527.719,2956.954
20251122B04,合計（確報値）,応札件数（電源属地別）[件],6,3,29,4,2,5,3,4,20,76
20251122B04,合計（確報値）,約定件数（電源属地別）[件],3,3,26,4,2,5,3,4,18,68
20251122B04,合計（確報値）,最高約定価格（電源属地別）[円/kW・30分],12,19.51,19.51,19.51,0.35,11.57,0.36,10.56,19.51,19.51
20251122B04,合計（確報値）,最低約定価格（電源属地別）[円/kW・30分],1.24,3.12,0.37,19.47,0.35,0.36,0.36,0.36,0.36,0.35
20251122B04,合計（確報値）,平均約定価格（電源属地別）[円/kW・30分],5.2,4.23,1.6,19.49,0.35,4.13,0.36,1.36,0.87,2.5
20251122B04,合計（確報値）,最高約定価格（TSO別）[円/kW・30分],12,19.51,19.51,0.37,19.51,11.57,11.57,10.56,19.51,19.51
20251122B04,合計（確報値）,最低約定価格（TSO別）[円/kW・30分],1.24,3.12,0.37,0.35,0.35,0.35,0.35,0.36,0.36,0.35
20251122B04,合計（確報値）,平均約定価格（TSO別）[円/kW・30分],4.4,4.26,2.42,0.37,1.11,4.68,0.45,1.28,0.87,2.5
20251122B04,合計（確報値）,約定量合計（TSO別）[MW],116.55,289.5,323.605,264,193.718,796,250.862,195,527.719,2956.954
20251122B04,合計（確報値）,（内訳）自エリアからの約定量[MW],31.55,289.5,323.605,0,186,791.768,110.994,162,527.719,2423.136
20251122B05,システム約定結果,募集量（TSO別）[MW],32,217,293,383,194,588,361,145,537,2750
20251122B05,システム約定結果,応札量合計（電源属地別）[MW],282.75,384.919,1021.16,9.717,268,969.215,112.794,145,597.159,3790.714
20251122B05,システム約定結果,落札量合計（電源属地別）[MW],23,384.919,264.005,9.717,268,848.821,112.794,92,429.159,2432.415
20251122B05,システム約定結果,応札件数（電源属地別）[件],4,5,30,5,2,8,4,4,12,74
20251122B05,システム約定結果,落札件数（電源属地別）[件],2,5,25,5,2,8,4,4,11,66
20251122B05,システム約定結果,最高落札価格（電源属地別）[円/kW・30分],13,19.51,19.51,19.51,0.35,19.51,19.51,10.06,19.51,19.51
20251122B05,システム約定結果,最低落札価格（電源属地別）[円/kW・30分],10.5,2.5,0.35,0.33,0.35,0.36,0.36,0.36,0.36,0.33
20251122B05,システム約定結果,平均落札価格（電源属地別）[円/kW・30分],12.89,3.96,3.09,15.55,0.35,4.57,0.67,2.18,3.9,3.58
20251122B05,システム約定結果,最高落札価格（TSO別）[円/kW・30分],13,19.51,19.51,19.51,0.35,19.51,19.51,10.06,19.51,19.51
20251122B05,システム約定結果,最低落札価格（TSO別）[円/kW・30分],2.5,2.5,0.73,0.33,0.35,0.36,0.36,0.36,0.36,0.33
20251122B05,システム約定結果,平均落札価格（TSO別）[円/kW・30分],7.96,4.01,4.21,0.88,0.35,6.14,2.26,1.79,3.9,3.58
20251122B05,システム約定結果,落札量合計（TSO別）[MW],47,360.919,187.605,279.717,194,529.215,287.8,117,429.159,2432.415
20251122B05,システム約定結果,（内訳）自エリアからの落札量[MW],23,360.919,187.605,9.717,192.6,529.215,112.794,92,429.159,1937.009
20251122B05,追加調達結果,募集量（TSO別）[MW],-,-,-,-,-,-,-,-,-,-
20251122B05,追加調達結果,応札量合計（電源属地別）[MW],0,0,0,0,0,0,0,0,0,0
20251122B05,追加調達結果,約定量合計（電源属地別）[MW],0,0,0,0,0,0,0,0,0,0
20251122B05,追加調達結果,応札件数（電源属地別）[件],0,0,0,0,0,0,0,0,0,0
20251122B05,追加調達結果,約定件数（電源属地別）[件],0,0,0,0,0,0,0,0,0,0
20251122B05,追加調達結果,最高約定価格（電源属地別）[円/kW・30分],0,0,0,0,0,0,0,0,0,0
20251122B05,追加調達結果,最低約定価格（電源属地別）[円/kW・30分],0,0,0,0,0,0,0,0,0,0
20251122B05,追加調達結果,平均約定価格（電源属地別）[円/kW・30分],0,0,0,0,0,0,0,0,0,0
20251122B05,追加調達結果,最高約定価格（TSO別）[円/kW・30分],0,0,0,0,0,0,0,0,0,0
20251122B05,追加調達結果,最低約定価格（TSO別）[円/kW・30分],0,0,0,0,0,0,0,0,0,0
20251122B05,追加調達結果,平均約定価格（TSO別）[円/kW・30分],0,0,0,0,0,0,0,0,0,0
20251122B05,追加調達結果,約定量合計（TSO別）[MW],0,0,0,0,0,0,0,0,0,0
20251122B05,追加調達結果,（内訳）自エリアからの約定量[MW],0,0,0,0,0,0,0,0,0,0
20251122B05,合計（確報値）,募集量（TSO別）[MW],32,217,293,383,194,588,361,145,537,2750
20251122B05,合計（確報値）,応札量合計（電源属地別）[MW],282.75,384.919,1021.16,9.717,268,969.215,112.794,145,984.159,4177.714
20251122B05,合計（確報値）,約定量合計（電源属地別）[MW],23,384.919,264.005,9.717,268,848.821,112.794,92,429.159,2432.415
20251122B05,合計（確報値）,応札件数（電源属地別）[件],4,5,30,5,2,8,4,4,19,81
20251122B05,合計（確報値）,約定件数（電源属地別）[件],2,5,25,5,2,8,4,4,15,70
20251122B05,合計（確報値）,最高約定価格（電源属地別）[円/kW・30分],13,19.51,19.51,19.51,0.35,19.51,19.51,10.06,19.51,19.51
20251122B05,合計（確報値）,最低約定価格（電源属地別）[円/kW・30分],10.5,2.5,0.35,0.33,0.35,0.36,0.36,0.36,0.36,0.33
20251122B05,合計（確報値）,平均約定価格（電源属地別）[円/kW・30分],12.89,3.96,3.09,15.55,0.35,4.57,0.67,2.18,2.44,3.32
20251122B05,合計（確報値）,最高約定価格（TSO別）[円/kW・30分],13,19.51,19.51,19.51,0.35,19.51,19.51,10.06,19.51,19.51
20251122B05,合計（確報値）,最低約定価格（TSO別）[円/kW・30分],2.5,2.5,0.73,0.33,0.35,0.36,0.36,0.36,0.36,0.33
20251122B05,合計（確報値）,平均約定価格（TSO別）[円/kW・30分],7.96,4.01,4.21,0.88,0.35,6.14,2.26,1.79,2.44,3.32
20251122B05,合計（確報値）,約定量合計（TSO別）[MW],47,360.919,187.605,279.717,194,529.215,287.8,117,429.159,2432.415
20251122B05,合計（確報値）,（内訳）自エリアからの約定量[MW],23,360.919,187.605,9.717,192.6,529.215,112.794,92,429.159,1937.009
20251122B06,システム約定結果,募集量（TSO別）[MW],36,732,427,402,120,692,340,179,549,3477
20251122B06,システム約定結果,応札量合計（電源属地別）[MW],179.74,814.919,990.336,7.718,120,795.315,184.329,179,519.159,3790.516
20251122B06,システム約定結果,落札量合計（電源属地別）[MW],36,814.919,472.405,7.718,120,795.315,184.329,161.244,373.498,2965.428
20251122B06,システム約定結果,応札件数（電源属地別）[件],6,7,30,4,1,7,5,4,11,75
20251122B06,システム約定結果,落札件数（電源属地別）[件],2,7,27,4,1,7,5,4,11,68
20251122B06,システム約定結果,最高落札価格（電源属地別）[円/kW・30分],13,19.51,19.51,19.51,1.95,19.51,19.51,8.12,19.51,19.51
20251122B06,システム約定結果,最低落札価格（電源属地別）[円/kW・30分],7.5,1.09,0.35,19.47,1.95,0.43,0.57,0.36,0.7,0.35
20251122B06,システム約定結果,平均落札価格（電源属地別）[円/kW・30分],10.56,2.22,1.89,19.49,1.95,2.02,1.3,1.12,1.62,2.06
20251122B06,システム約定結果,最高落札価格（TSO別）[円/kW・30分],13,19.51,19.51,19.51,1.95,19.51,19.51,8.12,19.51,19.51
20251122B06,システム約定結果,最低落札価格（TSO別）[円/kW・30分],7.5,1.09,0.35,0.35,1.95,0.43,0.5,0.36,0.36,0.35
20251122B06,システム約定結果,平均落札価格（TSO別）[円/kW・30分],10.56,2.22,2.63,1.3,1.95,2.46,0.83,1.13,1.5,2.06
20251122B06,システム約定結果,落札量合計（TSO別）[MW],36,814.919,317.405,169.718,113,615.215,252.012,162,485.159,2965.428
20251122B06,システム約定結果,（内訳）自エリアからの落札量[MW],36,814.919,317.405,7.718,113,615.215,112.573,140,373.498,2530.328
20251122B06,追加調達結果,募集量（TSO別）[MW],-,-,-,-,-,-,-,-,-,-
20251122B06,追加調達結果,応札量合計（電源属地別）[MW],0,0,0,0,0,0,0,0,0,0
20251122B06,追加調達結果,約定量合計（電源属地別）[MW],0,0,0,0,0,0,0,0,0,0
20251122B06,追加調達結果,応札件数（電源属地別）[件],0,0,0,0,0,0,0,0,0,0
20251122B06,追加調達結果,約定件数（電源属地別）[件],0,0,0,0,0,0,0,0,0,0
20251122B06,追加調達結果,最高約定価格（電源属地別）[円/kW・30分],0,0,0,0,0,0,0,0,0,0
20251122B06,追加調達結果,最低約定価格（電源属地別）[円/kW・30分],0,0,0,0,0,0,0,0,0,0
20251122B06,追加調達結果,平均約定価格（電源属地別）[円/kW・30分],0,0,0,0,0,0,0,0,0,0
20251122B06,追加調達結果,最高約定価格（TSO別）[円/kW・30分],0,0,0,0,0,0,0,0,0,0
20251122B06,追加調達結果,最低約定価格（TSO別）[円/kW・30分],0,0,0,0,0,0,0,0,0,0
20251122B06,追加調達結果,平均約定価格（TSO別）[円/kW・30分],0,0,0,0,0,0,0,0,0,0
20251122B06,追加調達結果,約定量合計（TSO別）[MW],0,0,0,0,0,0,0,0,0,0
20251122B06,追加調達結果,（内訳）自エリアからの約定量[MW],0,0,0,0,0,0,0,0,0,0
20251122B06,合計（確報値）,募集量（TSO別）[MW],36,732,427,402,120,692,340,179,549,3477
20251122B06,合計（確報値）,応札量合計（電源属地別）[MW],179.74,814.919,990.336,7.718,120,795.315,184.329,179,519.159,3790.516
20251122B06,合計（確報値）,約定量合計（電源属地別）[MW],36,814.919,472.405,7.718,120,795.315,184.329,161.244,373.498,2965.428
20251122B06,合計（確報値）,応札件数（電源属地別）[件],6,7,30,4,1,7,5,4,11,75
20251122B06,合計（確報値）,約定件数（電源属地別）[件],2,7,27,4,1,7,5,4,11,68
20251122B06,合計（確報値）,最高約定価格（電源属地別）[円/kW・30分],13,19.51,19.51,19.51,1.95,19.51,19.51,8.12,19.51,19.51
20251122B06,合計（確報値）,最低約定価格（電源属地別）[円/kW・30分],7.5,1.09,0.35,19.47,1.95,0.43,0.57,0.36,0.7,0.35
20251122B06,合計（確報値）,平均約定価格（電源属地別）[円/kW・30分],10.56,2.22,1.89,19.49,1.95,2.02,1.3,1.12,1.62,2.06
20251122B06,合計（確報値）,最高約定価格（TSO別）[円/kW・30分],13,19.51,19.51,19.51,1.95,19.51,19.51,8.12,19.51,19.51
20251122B06,合計（確報値）,最低約定価格（TSO別）[円/kW・30分],7.5,1.09,0.35,0.35,1.95,0.43,0.5,0.36,0.36,0.35
20251122B06,合計（確報値）,平均約定価格（TSO別）[円/kW・30分],10.56,2.22,2.63,1.3,1.95,2.46,0.83,1.13,1.5,2.06
20251122B06,合計（確報値）,約定量合計（TSO別）[MW],36,814.919,317.405,169.718,113,615.215,252.012,162,485.159,2965.428
20251122B06,合計（確報値）,（内訳）自エリアからの約定量[MW],36,814.919,317.405,7.718,113,615.215,112.573,140,373.498,2530.328
20251122B07,システム約定結果,募集量（TSO別）[MW],32,263,426,206,106,574,305,83,328,2323
20251122B07,システム約定結果,応札量合計（電源属地別）[MW],152.74,454.919,978.973,1090.018,106,795.315,265.623,227,611.353,4681.941
20251122B07,システム約定結果,落札量合計（電源属地別）[MW],24,454.919,271.438,497.718,106,528.059,265.623,78.333,309.353,2535.443
20251122B07,システム約定結果,応札件数（電源属地別）[件],5,5,29,11,1,7,7,7,10,82
20251122B07,システム約定結果,落札件数（電源属地別）[件],2,5,23,10,1,7,7,5,9,69
20251122B07,システム約定結果,最高落札価格（電源属地別）[円/kW・30分],14.72,19.51,19.51,19.51,2.36,19.49,19.49,2.17,19.51,19.51
20251122B07,システム約定結果,最低落札価格（電源属地別）[円/kW・30分],2.5,1.38,0.73,3.43,2.36,1.01,0.81,0.36,0.57,0.36
20251122B07,システム約定結果,平均落札価格（電源属地別）[円/kW・30分],7.59,2.91,2.97,6.03,2.36,2.44,1.51,0.51,1.48,3.06
20251122B07,システム約定結果,最高落札価格（TSO別）[円/kW・30分],14.72,19.51,19.51,19.51,2.36,19.49,19.49,2.17,19.51,19.51
20251122B07,システム約定結果,最低落札価格（TSO別）[円/kW・30分],1.38,1.38,0.73,3.43,2.36,0.36,0.36,0.36,0.57,0.36
20251122B07,システム約定結果,平均落札価格（TSO別）[円/kW・30分],6.07,2.94,2.97,6.03,2.36,2.46,1.51,0.53,1.48,3.06
20251122B07,システム約定結果,落札量合計（TSO別）[MW],32,446.919,271.438,497.718,106,523.215,265.8,83,309.353,2535.443
20251122B07,システム約定結果,（内訳）自エリアからの落札量[MW],24,446.919,271.438,497.718,106,520.059,265.623,75,309.353,2516.11
20251122B07,追加調達結果,募集量（TSO別）[MW],-,-,-,-,-,-,-,-,-,-
20251122B07,追加調達結果,応札量合計（電源属地別）[MW],0,0,0,0,0,0,0,0,0,0
20251122B07,追加調達結果,約定量合計（電源属地別）[MW],0,0,0,0,0,0,0,0,0,0
20251122B07,追加調達結果,応札件数（電源属地別）[件],0,0,0,0,0,0,0,0,0,0
20251122B07,追加調達結果,約定件数（電源属地別）[件],0,0,0,0,0,0,0,0,0,0
20251122B07,追加調達結果,最高約定価格（電源属地別）[円/kW・30分],0,0,0,0,0,0,0,0,0,0
20251122B07,追加調達結果,最低約定価格（電源属地別）[円/kW・30分],0,0,0,0,0,0,0,0,0,0
20251122B07,追加調達結果,平均約定価格（電源属地別）[円/kW・30分],0,0,0,0,0,0,0,0,0,0
20251122B07,追加調達結果,最高約定価格（TSO別）[円/kW・30分],0,0,0,0,0,0,0,0,0,0
20251122B07,追加調達結果,最低約定価格（TSO別）[円/kW・30分],0,0,0,0,0,0,0,0,0,0
20251122B07,追加調達結果,平均約定価格（TSO別）[円/kW・30分],0,0,0,0,0,0,0,0,0,0
20251122B07,追加調達結果,約定量合計（TSO別）[MW],0,0,0,0,0,0,0,0,0,0
20251122B07,追加調達結果,（内訳）自エリアからの約定量[MW],0,0,0,0,0,0,0,0,0,0
20251122B07,合計（確報値）,募集量（TSO別）[MW],32,263,426,206,106,574,305,83,328,2323
20251122B07,合計（確報値）,応札量合計（電源属地別）[MW],152.74,454.919,978.973,1370.018,106,795.315,265.623,227,611.353,4961.941
20251122B07,合計（確報値）,約定量合計（電源属地別）[MW],24,454.919,271.438,497.718,106,528.059,265.623,78.333,309.353,2535.443
20251122B07,合計（確報値）,応札件数（電源属地別）[件],5,5,29,20,1,7,7,7,10,91
20251122B07,合計（確報値）,約定件数（電源属地別）[件],2,5,23,17,1,7,7,5,9,76
20251122B07,合計（確報値）,最高約定価格（電源属地別）[円/kW・30分],14.72,19.51,19.51,19.51,2.36,19.49,19.49,2.17,19.51,19.51
20251122B07,合計（確報値）,最低約定価格（電源属地別）[円/kW・30分],2.5,1.38,0.73,0.36,2.36,1.01,0.81,0.36,0.57,0.36
20251122B07,合計（確報値）,平均約定価格（電源属地別）[円/kW・30分],7.59,2.91,2.97,2.42,2.36,2.44,1.51,0.51,1.48,2.35
20251122B07,合計（確報値）,最高約定価格（TSO別）[円/kW・30分],14.72,19.51,19.51,19.51,2.36,19.49,19.49,2.17,19.51,19.51
20251122B07,合計（確報値）,最低約定価格（TSO別）[円/kW・30分],1.38,1.38,0.73,0.36,2.36,0.36,0.36,0.36,0.57,0.36
20251122B07,合計（確報値）,平均約定価格（TSO別）[円/kW・30分],6.07,2.94,2.97,2.42,2.36,2.46,1.51,0.53,1.48,2.35
20251122B07,合計（確報値）,約定量合計（TSO別）[MW],32,446.919,271.438,497.718,106,523.215,265.8,83,309.353,2535.443
20251122B07,合計（確報値）,（内訳）自エリアからの約定量[MW],24,446.919,271.438,497.718,106,520.059,265.623,75,309.353,2516.11
20251122B08,システム約定結果,募集量（TSO別）[MW],39,138,408,230,105,462,197,88,298,1965
20251122B08,システム約定結果,応札量合計（電源属地別）[MW],161.75,274.919,440.05,580.948,105,795.315,184.329,88,481.907,3112.218
20251122B08,システム約定結果,落札量合計（電源属地別）[MW],44,274.919,240.75,429.718,105,428.503,142.713,70.799,155.907,1892.309
20251122B08,システム約定結果,応札件数（電源属地別）[件],4,4,17,13,1,7,5,4,10,65
20251122B08,システム約定結果,落札件数（電源属地別）[件],2,4,15,12,1,7,5,4,9,59
20251122B08,システム約定結果,最高落札価格（電源属地別）[円/kW・30分],14.63,19.51,19.51,19.51,2.12,19.49,19.49,8.1,19.51,19.51
20251122B08,システム約定結果,最低落札価格（電源属地別）[円/kW・30分],8.9,3.1,0.73,2.67,2.12,0.37,0.41,0.36,0.36,0.36
20251122B08,システム約定結果,平均落札価格（電源属地別）[円/kW・30分],11.37,4.49,2.5,3.82,2.12,3.04,1.44,2.08,1.72,3.24
20251122B08,システム約定結果,最高落札価格（TSO別）[円/kW・30分],14.63,19.51,19.51,19.51,2.12,19.49,19.49,8.1,19.51,19.51
20251122B08,システム約定結果,最低落札価格（TSO別）[円/kW・30分],8.9,3.1,0.73,2.67,2.12,0.37,0.41,0.36,0.36,0.36
20251122B08,システム約定結果,平均落札価格（TSO別）[円/kW・30分],11.37,4.49,2.5,3.82,2.12,3.08,1.2,1.94,1.93,3.24
20251122B08,システム約定結果,落札量合計（TSO別）[MW],44,274.919,240.75,429.718,105,396.215,100.8,77,223.907,1892.309
20251122B08,システム約定結果,（内訳）自エリアからの落札量[MW],44,274.919,240.75,429.718,105,396.215,99.8,67,155.907,1813.309
20251122B08,追加調達結果,募集量（TSO別）[MW],-,-,-,-,-,-,-,-,-,-
20251122B08,追加調達結果,応札量合計（電源属地別）[MW],0,0,0,0,0,0,0,0,0,0
20251122B08,追加調達結果,約定量合計（電源属地別）[MW],0,0,0,0,0,0,0,0,0,0
20251122B08,追加調達結果,応札件数（電源属地別）[件],0,0,0,0,0,0,0,0,0,0
20251122B08,追加調達結果,約定件数（電源属地別）[件],0,0,0,0,0,0,0,0,0,0
20251122B08,追加調達結果,最高約定価格（電源属地別）[円/kW・30分],0,0,0,0,0,0,0,0,0,0
20251122B08,追加調達結果,最低約定価格（電源属地別）[円/kW・30分],0,0,0,0,0,0,0,0,0,0
20251122B08,追加調達結果,平均約定価格（電源属地別）[円/kW・30分],0,0,0,0,0,0,0,0,0,0
20251122B08,追加調達結果,最高約定価格（TSO別）[円/kW・30分],0,0,0,0,0,0,0,0,0,0
20251122B08,追加調達結果,最低約定価格（TSO別）[円/kW・30分],0,0,0,0,0,0,0,0,0,0
20251122B08,追加調達結果,平均約定価格（TSO別）[円/kW・30分],0,0,0,0,0,0,0,0,0,0
20251122B08,追加調達結果,約定量合計（TSO別）[MW],0,0,0,0,0,0,0,0,0,0
20251122B08,追加調達結果,（内訳）自エリアからの約定量[MW],0,0,0,0,0,0,0,0,0,0
20251122B08,合計（確報値）,募集量（TSO別）[MW],39,138,408,230,105,462,197,88,298,1965
20251122B08,合計（確報値）,応札量合計（電源属地別）[MW],161.75,274.919,440.05,935.948,105,795.315,184.329,88,481.907,3467.218
20251122B08,合計（確報値）,約定量合計（電源属地別）[MW],44,274.919,240.75,429.718,105,428.503,142.713,70.799,155.907,1892.309
20251122B08,合計（確報値）,応札件数（電源属地別）[件],4,4,17,28,1,7,5,4,10,80
20251122B08,合計（確報値）,約定件数（電源属地別）[件],2,4,15,21,1,7,5,4,9,68
20251122B08,合計（確報値）,最高約定価格（電源属地別）[円/kW・30分],14.63,19.51,19.51,19.51,2.12,19.49,19.49,8.1,19.51,19.51
20251122B08,合計（確報値）,最低約定価格（電源属地別）[円/kW・30分],8.9,3.1,0.73,0.36,2.12,0.37,0.41,0.36,0.36,0.36
20251122B08,合計（確報値）,平均約定価格（電源属地別）[円/kW・30分],11.37,4.49,2.5,1.36,2.12,3.04,1.44,2.08,1.72,2.68
20251122B08,合計（確報値）,最高約定価格（TSO別）[円/kW・30分],14.63,19.51,19.51,19.51,2.12,19.49,19.49,8.1,19.51,19.51
20251122B08,合計（確報値）,最低約定価格（TSO別）[円/kW・30分],8.9,3.1,0.73,0.36,2.12,0.37,0.41,0.36,0.36,0.36
20251122B08,合計（確報値）,平均約定価格（TSO別）[円/kW・30分],11.37,4.49,2.5,1.36,2.12,3.08,1.2,1.94,1.93,2.68
20251122B08,合計（確報値）,約定量合計（TSO別）[MW],44,274.919,240.75,429.718,105,396.215,100.8,77,223.907,1892.309
20251122B08,合計（確報値）,（内訳）自エリアからの約定量[MW],44,274.919,240.75,429.718,105,396.215,99.8,67,155.907,1813.309
20251123B01,システム約定結果,募集量（TSO別）[MW],55,163,306,41,86,281,189,95,198,1414
20251123B01,システム約定結果,応札量合計（電源属地別）[MW],154.84,260.419,631.754,356.78,86,795.315,182.529,95,461.907,3024.544
20251123B01,システム約定結果,落札量合計（電源属地別）[MW],13,260.419,505.954,231.368,86,271.822,135.913,43,41.907,1589.383
20251123B01,システム約定結果,応札件数（電源属地別）[件],5,3,12,9,1,7,4,4,9,54
20251123B01,システム約定結果,落札件数（電源属地別）[件],1,3,11,9,1,7,4,3,8,47
20251123B01,システム約定結果,最高落札価格（電源属地別）[円/kW・30分],4.5,19.51,19.51,19.51,1.31,19.49,0.97,8.31,19.51,19.51
20251123B01,システム約定結果,最低落札価格（電源属地別）[円/kW・30分],4.5,3.7,0.92,2.15,1.31,0.36,0.36,0.52,0.36,0.36
20251123B01,システム約定結果,平均落札価格（電源属地別）[円/kW・30分],4.5,4.23,2.26,2.49,1.31,5.14,0.68,3.24,4.41,3.02
20251123B01,システム約定結果,最高落札価格（TSO別）[円/kW・30分],4.5,19.51,19.51,2.26,2.23,19.51,0.97,8.31,19.51,19.51
20251123B01,システム約定結果,最低落札価格（TSO別）[円/kW・30分],3.7,3.7,0.92,2.17,1.31,0.36,0.36,0.52,0.36,0.36
20251123B01,システム約定結果,平均落札価格（TSO別）[円/kW・30分],3.89,4.33,2.26,2.25,1.62,4.08,0.63,4.22,4.41,3.02
20251123B01,システム約定結果,落札量合計（TSO別）[MW],55,218.419,505.954,55.174,132,375.916,117.013,88,41.907,1589.383
20251123B01,システム約定結果,（内訳）自エリアからの落札量[MW],13,218.419,505.954,55.174,86,245.722,117.013,43,41.907,1326.189
20251123B01,追加調達結果,募集量（TSO別）[MW],-,-,-,-,-,-,-,-,-,-
20251123B01,追加調達結果,応札量合計（電源属地別）[MW],0,0,0,0,0,0,0,0,0,0
20251123B01,追加調達結果,約定量合計（電源属地別）[MW],0,0,0,0,0,0,0,0,0,0
20251123B01,追加調達結果,応札件数（電源属地別）[件],0,0,0,0,0,0,0,0,0,0
20251123B01,追加調達結果,約定件数（電源属地別）[件],0,0,0,0,0,0,0,0,0,0
20251123B01,追加調達結果,最高約定価格（電源属地別）[円/kW・30分],0,0,0,0,0,0,0,0,0,0
20251123B01,追加調達結果,最低約定価格（電源属地別）[円/kW・30分],0,0,0,0,0,0,0,0,0,0
20251123B01,追加調達結果,平均約定価格（電源属地別）[円/kW・30分],0,0,0,0,0,0,0,0,0,0
20251123B01,追加調達結果,最高約定価格（TSO別）[円/kW・30分],0,0,0,0,0,0,0,0,0,0
20251123B01,追加調達結果,最低約定価格（TSO別）[円/kW・30分],0,0,0,0,0,0,0,0,0,0
20251123B01,追加調達結果,平均約定価格（TSO別）[円/kW・30分],0,0,0,0,0,0,0,0,0,0
20251123B01,追加調達結果,約定量合計（TSO別）[MW],0,0,0,0,0,0,0,0,0,0
20251123B01,追加調達結果,（内訳）自エリアからの約定量[MW],0,0,0,0,0,0,0,0,0,0
20251123B01,合計（確報値）,募集量（TSO別）[MW],55,163,306,41,86,281,189,95,198,1414
20251123B01,合計（確報値）,応札量合計（電源属地別）[MW],154.84,260.419,631.754,356.78,86,795.315,182.529,95,461.907,3024.544
20251123B01,合計（確報値）,約定量合計（電源属地別）[MW],13,260.419,505.954,231.368,86,271.822,135.913,43,41.907,1589.383
20251123B01,合計（確報値）,応札件数（電源属地別）[件],5,3,12,9,1,7,4,4,9,54
20251123B01,合計（確報値）,約定件数（電源属地別）[件],1,3,11,9,1,7,4,3,8,47
20251123B01,合計（確報値）,最高約定価格（電源属地別）[円/kW・30分],4.5,19.51,19.51,19.51,1.31,19.49,0.97,8.31,19.51,19.51
20251123B01,合計（確報値）,最低約定価格（電源属地別）[円/kW・30分],4.5,3.7,0.92,2.15,1.31,0.36,0.36,0.52,0.36,0.36
20251123B01,合計（確報値）,平均約定価格（電源属地別）[円/kW・30分],4.5,4.23,2.26,2.49,1.31,5.14,0.68,3.24,4.41,3.02
20251123B01,合計（確報値）,最高約定価格（TSO別）[円/kW・30分],4.5,19.51,19.51,2.26,2.23,19.51,0.97,8.31,19.51,19.51
20251123B01,合計（確報値）,最低約定価格（TSO別）[円/kW・30分],3.7,3.7,0.92,2.17,1.31,0.36,0.36,0.52,0.36,0.36
20251123B01,合計（確報値）,平均約定価格（TSO別）[円/kW・30分],3.89,4.33,2.26,2.25,1.62,4.08,0.63,4.22,4.41,3.02
20251123B01,合計（確報値）,約定量合計（TSO別）[MW],55,218.419,505.954,55.174,132,375.916,117.013,88,41.907,1589.383
20251123B01,合計（確報値）,（内訳）自エリアからの約定量[MW],13,218.419,505.954,55.174,86,245.722,117.013,43,41.907,1326.189
20251123B02,システム約定結果,募集量（TSO別）[MW],28,333,301,158,92,380,189,99,300,1880
20251123B02,システム約定結果,応札量合計（電源属地別）[MW],138.74,454.919,843.968,122.718,92,969.215,184.329,205,582.907,3593.796
20251123B02,システム約定結果,落札量合計（電源属地別）[MW],14,454.919,474.282,122.718,92,288.315,156.912,104.733,190.907,1898.786
20251123B02,システム約定結果,応札件数（電源属地別）[件],4,5,21,8,1,8,5,6,10,68
20251123B02,システム約定結果,落札件数（電源属地別）[件],2,5,17,8,1,7,5,6,9,60
20251123B02,システム約定結果,最高落札価格（電源属地別）[円/kW・30分],9.5,19.51,19.51,19.51,2.11,19.49,19.49,7.53,19.51,19.51
20251123B02,システム約定結果,最低落札価格（電源属地別）[円/kW・30分],9,2.37,0.58,2.08,2.11,0.84,0.36,0.36,0.69,0.36
20251123B02,システム約定結果,平均落札価格（電源属地別）[円/kW・30分],9.37,3.86,2.84,3.37,2.11,4.13,1.09,2.06,2.28,3.08
20251123B02,システム約定結果,最高落札価格（TSO別）[円/kW・30分],9.5,19.51,19.51,19.51,2.11,19.49,19.49,7.53,19.51,19.51
20251123B02,システム約定結果,最低落札価格（TSO別）[円/kW・30分],2.37,2.37,0.58,2.08,2.08,0.84,0.36,0.36,0.36,0.36
20251123B02,システム約定結果,平均落札価格（TSO別）[円/kW・30分],5.87,3.91,2.84,3.43,2.11,3.81,1.06,1.81,2.01,3.08
20251123B02,システム約定結果,落札量合計（TSO別）[MW],28,440.919,474.282,117.718,80,344.948,78.012,99,235.907,1898.786
20251123B02,システム約定結果,（内訳）自エリアからの落札量[MW],14,440.919,474.282,109.718,67,288.315,78.012,99,190.907,1762.153
20251123B02,追加調達結果,募集量（TSO別）[MW],-,-,-,-,-,-,-,-,-,-
20251123B02,追加調達結果,応札量合計（電源属地別）[MW],0,0,0,0,0,0,0,0,0,0
20251123B02,追加調達結果,約定量合計（電源属地別）[MW],0,0,0,0,0,0,0,0,0,0
20251123B02,追加調達結果,応札件数（電源属地別）[件],0,0,0,0,0,0,0,0,0,0
20251123B02,追加調達結果,約定件数（電源属地別）[件],0,0,0,0,0,0,0,0,0,0
20251123B02,追加調達結果,最高約定価格（電源属地別）[円/kW・30分],0,0,0,0,0,0,0,0,0,0
20251123B02,追加調達結果,最低約定価格（電源属地別）[円/kW・30分],0,0,0,0,0,0,0,0,0,0
20251123B02,追加調達結果,平均約定価格（電源属地別）[円/kW・30分],0,0,0,0,0,0,0,0,0,0
20251123B02,追加調達結果,最高約定価格（TSO別）[円/kW・30分],0,0,0,0,0,0,0,0,0,0
20251123B02,追加調達結果,最低約定価格（TSO別）[円/kW・30分],0,0,0,0,0,0,0,0,0,0
20251123B02,追加調達結果,平均約定価格（TSO別）[円/kW・30分],0,0,0,0,0,0,0,0,0,0
20251123B02,追加調達結果,約定量合計（TSO別）[MW],0,0,0,0,0,0,0,0,0,0
20251123B02,追加調達結果,（内訳）自エリアからの約定量[MW],0,0,0,0,0,0,0,0,0,0
20251123B02,合計（確報値）,募集量（TSO別）[MW],28,333,301,158,92,380,189,99,300,1880
20251123B02,合計（確報値）,応札量合計（電源属地別）[MW],138.74,454.919,843.968,122.718,92,969.215,184.329,205,582.907,3593.796
20251123B02,合計（確報値）,約定量合計（電源属地別）[MW],14,454.919,474.282,122.718,92,288.315,156.912,104.733,190.907,1898.786
20251123B02,合計（確報値）,応札件数（電源属地別）[件],4,5,21,8,1,8,5,6,10,68
20251123B02,合計（確報値）,約定件数（電源属地別）[件],2,5,17,8,1,7,5,6,9,60
20251123B02,合計（確報値）,最高約定価格（電源属地別）[円/kW・30分],9.5,19.51,19.51,19.51,2.11,19.49,19.49,7.53,19.51,19.51
20251123B02,合計（確報値）,最低約定価格（電源属地別）[円/kW・30分],9,2.37,0.58,2.08,2.11,0.84,0.36,0.36,0.69,0.36
20251123B02,合計（確報値）,平均約定価格（電源属地別）[円/kW・30分],9.37,3.86,2.84,3.37,2.11,4.13,1.09,2.06,2.28,3.08
20251123B02,合計（確報値）,最高約定価格（TSO別）[円/kW・30分],9.5,19.51,19.51,19.51,2.11,19.49,19.49,7.53,19.51,19.51
20251123B02,合計（確報値）,最低約定価格（TSO別）[円/kW・30分],2.37,2.37,0.58,2.08,2.08,0.84,0.36,0.36,0.36,0.36
20251123B02,合計（確報値）,平均約定価格（TSO別）[円/kW・30分],5.87,3.91,2.84,3.43,2.11,3.81,1.06,1.81,2.01,3.08
20251123B02,合計（確報値）,約定量合計（TSO別）[MW],28,440.919,474.282,117.718,80,344.948,78.012,99,235.907,1898.786
20251123B02,合計（確報値）,（内訳）自エリアからの約定量[MW],14,440.919,474.282,109.718,67,288.315,78.012,99,190.907,1762.153
20251123B03,システム約定結果,募集量（TSO別）[MW],134,932,447,400,127,605,284,174,427,3530
20251123B03,システム約定結果,応札量合計（電源属地別）[MW],228.74,814.919,380.521,5.858,127,969.215,184.329,174,436.331,3320.913
20251123B03,システム約定結果,落札量合計（電源属地別）[MW],63,814.919,61.041,5.858,127,885.662,184.329,148.907,150.448,2441.164
20251123B03,システム約定結果,応札件数（電源属地別）[件],5,7,17,3,1,8,5,4,9,59
20251123B03,システム約定結果,落札件数（電源属地別）[件],4,7,15,3,1,8,5,4,8,55
20251123B03,システム約定結果,最高落札価格（電源属地別）[円/kW・30分],19.46,19.51,19.51,19.51,1.89,19.51,19.51,8.32,19.51,19.51
20251123B03,システム約定結果,最低落札価格（電源属地別）[円/kW・30分],15,2.13,0.35,19.47,1.89,0.66,0.36,0.36,0.63,0.35
20251123B03,システム約定結果,平均落札価格（電源属地別）[円/kW・30分],18.95,3.54,6.97,19.48,1.89,3.33,0.88,1.62,2,3.49
20251123B03,システム約定結果,最高落札価格（TSO別）[円/kW・30分],19.46,19.51,19.51,19.51,8.02,19.51,19.51,8.32,19.51,19.51
20251123B03,システム約定結果,最低落札価格（TSO別）[円/kW・30分],4.28,2.13,0.35,0.66,0.36,0.66,0.36,0.36,0.36,0.35
20251123B03,システム約定結果,平均落札価格（TSO別）[円/kW・30分],11.17,3.47,6.97,1.42,2.41,4.52,1.15,1.32,1.96,3.49
20251123B03,システム約定結果,落札量合計（TSO別）[MW],134,743.919,61.041,183.858,127,525.215,172.8,156,337.331,2441.164
20251123B03,システム約定結果,（内訳）自エリアからの落札量[MW],63,743.919,61.041,5.858,111,525.215,141.597,128,150.448,1930.078
20251123B03,追加調達結果,募集量（TSO別）[MW],-,-,-,-,-,-,-,-,-,-
20251123B03,追加調達結果,応札量合計（電源属地別）[MW],0,0,0,0,0,0,0,0,0,0
20251123B03,追加調達結果,約定量合計（電源属地別）[MW],0,0,0,0,0,0,0,0,0,0
20251123B03,追加調達結果,応札件数（電源属地別）[件],0,0,0,0,0,0,0,0,0,0
20251123B03,追加調達結果,約定件数（電源属地別）[件],0,0,0,0,0,0,0,0,0,0
20251123B03,追加調達結果,最高約定価格（電源属地別）[円/kW・30分],0,0,0,0,0,0,0,0,0,0
20251123B03,追加調達結果,最低約定価格（電源属地別）[円/kW・30分],0,0,0,0,0,0,0,0,0,0
20251123B03,追加調達結果,平均約定価格（電源属地別）[円/kW・30分],0,0,0,0,0,0,0,0,0,0
20251123B03,追加調達結果,最高約定価格（TSO別）[円/kW・30分],0,0,0,0,0,0,0,0,0,0
20251123B03,追加調達結果,最低約定価格（TSO別）[円/kW・30分],0,0,0,0,0,0,0,0,0,0
20251123B03,追加調達結果,平均約定価格（TSO別）[円/kW・30分],0,0,0,0,0,0,0,0,0,0
20251123B03,追加調達結果,約定量合計（TSO別）[MW],0,0,0,0,0,0,0,0,0,0
20251123B03,追加調達結果,（内訳）自エリアからの約定量[MW],0,0,0,0,0,0,0,0,0,0
20251123B03,合計（確報値）,募集量（TSO別）[MW],134,932,447,400,127,605,284,174,427,3530
20251123B03,合計（確報値）,応札量合計（電源属地別）[MW],228.74,814.919,380.521,5.858,127,969.215,184.329,174,436.331,3320.913
20251123B03,合計（確報値）,約定量合計（電源属地別）[MW],63,814.919,61.041,5.858,127,885.662,184.329,148.907,150.448,2441.164
20251123B03,合計（確報値）,応札件数（電源属地別）[件],5,7,17,3,1,8,5,4,9,59
20251123B03,合計（確報値）,約定件数（電源属地別）[件],4,7,15,3,1,8,5,4,8,55
20251123B03,合計（確報値）,最高約定価格（電源属地別）[円/kW・30分],19.46,19.51,19.51,19.51,1.89,19.51,19.51,8.32,19.51,19.51
20251123B03,合計（確報値）,最低約定価格（電源属地別）[円/kW・30分],15,2.13,0.35,19.47,1.89,0.66,0.36,0.36,0.63,0.35
20251123B03,合計（確報値）,平均約定価格（電源属地別）[円/kW・30分],18.95,3.54,6.97,19.48,1.89,3.33,0.88,1.62,2,3.49
20251123B03,合計（確報値）,最高約定価格（TSO別）[円/kW・30分],19.46,19.51,19.51,19.51,8.02,19.51,19.51,8.32,19.51,19.51
20251123B03,合計（確報値）,最低約定価格（TSO別）[円/kW・30分],4.28,2.13,0.35,0.66,0.36,0.66,0.36,0.36,0.36,0.35
20251123B03,合計（確報値）,平均約定価格（TSO別）[円/kW・30分],11.17,3.47,6.97,1.42,2.41,4.52,1.15,1.32,1.96,3.49
20251123B03,合計（確報値）,約定量合計（TSO別）[MW],134,743.919,61.041,183.858,127,525.215,172.8,156,337.331,2441.164
20251123B03,合計（確報値）,（内訳）自エリアからの約定量[MW],63,743.919,61.041,5.858,111,525.215,141.597,128,150.448,1930.078
20251123B04,システム約定結果,募集量（TSO別）[MW],116,222,375,264,194,869,486,219,604,3349
20251123B04,システム約定結果,応札量合計（電源属地別）[MW],355.54,374.5,890.884,7.718,268,918,110.994,219,673.719,3818.355
20251123B04,システム約定結果,落札量合計（電源属地別）[MW],31,374.5,566.925,7.718,240.912,918,110.994,178.636,527.719,2956.404
20251123B04,システム約定結果,応札件数（電源属地別）[件],5,3,31,4,2,5,3,4,11,68
20251123B04,システム約定結果,落札件数（電源属地別）[件],3,3,28,4,2,5,3,4,11,63
20251123B04,システム約定結果,最高落札価格（電源属地別）[円/kW・30分],15.8,19.51,19.51,19.51,0.89,11.76,0.36,11.2,19.51,19.51
20251123B04,システム約定結果,最低落札価格（電源属地別）[円/kW・30分],6,3.9,0.37,19.47,0.8,0.5,0.36,0.36,0.36,0.36
20251123B04,システム約定結果,平均落札価格（電源属地別）[円/kW・30分],9.74,5.01,1.73,19.49,0.85,4.3,0.36,1.43,5.59,3.62
20251123B04,システム約定結果,最高落札価格（TSO別）[円/kW・30分],15.8,19.51,19.51,0.92,19.51,11.76,0.8,11.2,19.51,19.51
20251123B04,システム約定結果,最低落札価格（TSO別）[円/kW・30分],3.9,3.9,0.37,0.37,0.8,0.5,0.36,0.36,0.36,0.36
20251123B04,システム約定結果,平均落札価格（TSO別）[円/kW・30分],5.46,5.33,2.59,0.62,1.6,4.87,0.49,1.38,5.59,3.62
20251123B04,システム約定結果,落札量合計（TSO別）[MW],116,289.5,323.605,264,193.718,796,250.862,195,527.719,2956.404
20251123B04,システム約定結果,（内訳）自エリアからの落札量[MW],31,289.5,323.605,0,186,793.86,110.994,162,527.719,2424.678
20251123B04,追加調達結果,募集量（TSO別）[MW],-,-,-,-,-,-,-,-,-,-
20251123B04,追加調達結果,応札量合計（電源属地別）[MW],0,0,0,0,0,0,0,0,0,0
20251123B04,追加調達結果,約定量合計（電源属地別）[MW],0,0,0,0,0,0,0,0,0,0
20251123B04,追加調達結果,応札件数（電源属地別）[件],0,0,0,0,0,0,0,0,0,0
20251123B04,追加調達結果,約定件数（電源属地別）[件],0,0,0,0,0,0,0,0,0,0
20251123B04,追加調達結果,最高約定価格（電源属地別）[円/kW・30分],0,0,0,0,0,0,0,0,0,0
20251123B04,追加調達結果,最低約定価格（電源属地別）[円/kW・30分],0,0,0,0,0,0,0,0,0,0
20251123B04,追加調達結果,平均約定価格（電源属地別）[円/kW・30分],0,0,0,0,0,0,0,0,0,0
20251123B04,追加調達結果,最高約定価格（TSO別）[円/kW・30分],0,0,0,0,0,0,0,0,0,0
20251123B04,追加調達結果,最低約定価格（TSO別）[円/kW・30分],0,0,0,0,0,0,0,0,0,0
20251123B04,追加調達結果,平均約定価格（TSO別）[円/kW・30分],0,0,0,0,0,0,0,0,0,0
20251123B04,追加調達結果,約定量合計（TSO別）[MW],0,0,0,0,0,0,0,0,0,0
20251123B04,追加調達結果,（内訳）自エリアからの約定量[MW],0,0,0,0,0,0,0,0,0,0
20251123B04,合計（確報値）,募集量（TSO別）[MW],116,222,375,264,194,869,486,219,604,3349
20251123B04,合計（確報値）,応札量合計（電源属地別）[MW],355.54,374.5,890.884,7.718,268,918,110.994,219,1090.719,4235.355
20251123B04,合計（確報値）,約定量合計（電源属地別）[MW],31,374.5,566.925,7.718,240.912,918,110.994,178.636,527.719,2956.404
20251123B04,合計（確報値）,応札件数（電源属地別）[件],5,3,31,4,2,5,3,4,25,82
20251123B04,合計（確報値）,約定件数（電源属地別）[件],3,3,28,4,2,5,3,4,19,71
20251123B04,合計（確報値）,最高約定価格（電源属地別）[円/kW・30分],15.8,19.51,19.51,19.51,0.89,11.76,0.36,11.2,19.51,19.51
20251123B04,合計（確報値）,最低約定価格（電源属地別）[円/kW・30分],6,3.9,0.37,19.47,0.8,0.5,0.36,0.36,0.36,0.36
20251123B04,合計（確報値）,平均約定価格（電源属地別）[円/kW・30分],9.74,5.01,1.73,19.49,0.85,4.3,0.36,1.43,2.04,2.99
20251123B04,合計（確報値）,最高約定価格（TSO別）[円/kW・30分],15.8,19.51,19.51,0.92,19.51,11.76,0.8,11.2,19.51,19.51
20251123B04,合計（確報値）,最低約定価格（TSO別）[円/kW・30分],3.9,3.9,0.37,0.37,0.8,0.5,0.36,0.36,0.36,0.36
20251123B04,合計（確報値）,平均約定価格（TSO別）[円/kW・30分],5.46,5.33,2.59,0.62,1.6,4.87,0.49,1.38,2.04,2.99
20251123B04,合計（確報値）,約定量合計（TSO別）[MW],116,289.5,323.605,264,193.718,796,250.862,195,527.719,2956.404
20251123B04,合計（確報値）,（内訳）自エリアからの約定量[MW],31,289.5,323.605,0,186,793.86,110.994,162,527.719,2424.678
20251123B05,システム約定結果,募集量（TSO別）[MW],32,217,293,383,194,588,361,145,537,2750
20251123B05,システム約定結果,応札量合計（電源属地別）[MW],360.75,384.919,933.973,7.718,268,969.215,112.794,145,597.159,3779.528
20251123B05,システム約定結果,落札量合計（電源属地別）[MW],23,384.919,489.621,7.718,194,673.331,112.794,115.874,429.159,2430.416
20251123B05,システム約定結果,応札件数（電源属地別）[件],4,5,30,4,2,8,4,4,12,73
20251123B05,システム約定結果,落札件数（電源属地別）[件],1,5,27,4,2,8,4,4,11,66
20251123B05,システム約定結果,最高落札価格（電源属地別）[円/kW・30分],13,19.51,19.51,19.51,1.09,19.51,19.51,10.85,19.51,19.51
20251123B05,システム約定結果,最低落札価格（電源属地別）[円/kW・30分],13,2.82,0.35,19.47,0.99,0.36,0.36,0.36,0.36,0.35
20251123B05,システム約定結果,平均落札価格（電源属地別）[円/kW・30分],13,4.27,1.84,19.49,1.06,5.66,0.67,1.94,3.9,3.7
20251123B05,システム約定結果,最高落札価格（TSO別）[円/kW・30分],13,19.51,19.51,19.51,1.09,19.51,19.51,10.85,19.51,19.51
20251123B05,システム約定結果,最低落札価格（TSO別）[円/kW・30分],2.82,2.82,0.73,0.35,0.35,0.36,0.35,0.36,0.36,0.35
20251123B05,システム約定結果,平均落札価格（TSO別）[円/kW・30分],8.11,4.31,4.21,1.01,0.9,5.9,1.83,4.05,3.9,3.7
20251123B05,システム約定結果,落札量合計（TSO別）[MW],48,359.919,187.605,277.718,194,529.215,287.8,117,429.159,2430.416
20251123B05,システム約定結果,（内訳）自エリアからの落札量[MW],23,359.919,187.605,7.718,149.716,529.215,112.794,92,429.159,1891.126
20251123B05,追加調達結果,募集量（TSO別）[MW],-,-,-,-,-,-,-,-,-,-
20251123B05,追加調達結果,応札量合計（電源属地別）[MW],0,0,0,0,0,0,0,0,0,0
20251123B05,追加調達結果,約定量合計（電源属地別）[MW],0,0,0,0,0,0,0,0,0,0
20251123B05,追加調達結果,応札件数（電源属地別）[件],0,0,0,0,0,0,0,0,0,0
20251123B05,追加調達結果,約定件数（電源属地別）[件],0,0,0,0,0,0,0,0,0,0
20251123B05,追加調達結果,最高約定価格（電源属地別）[円/kW・30分],0,0,0,0,0,0,0,0,0,0
20251123B05,追加調達結果,最低約定価格（電源属地別）[円/kW・30分],0,0,0,0,0,0,0,0,0,0
20251123B05,追加調達結果,平均約定価格（電源属地別）[円/kW・30分],0,0,0,0,0,0,0,0,0,0
20251123B05,追加調達結果,最高約定価格（TSO別）[円/kW・30分],0,0,0,0,0,0,0,0,0,0
20251123B05,追加調達結果,最低約定価格（TSO別）[円/kW・30分],0,0,0,0,0,0,0,0,0,0
20251123B05,追加調達結果,平均約定価格（TSO別）[円/kW・30分],0,0,0,0,0,0,0,0,0,0
20251123B05,追加調達結果,約定量合計（TSO別）[MW],0,0,0,0,0,0,0,0,0,0
20251123B05,追加調達結果,（内訳）自エリアからの約定量[MW],0,0,0,0,0,0,0,0,0,0
20251123B05,合計（確報値）,募集量（TSO別）[MW],32,217,293,383,194,588,361,145,537,2750
20251123B05,合計（確報値）,応札量合計（電源属地別）[MW],360.75,384.919,933.973,7.718,268,969.215,112.794,145,980.159,4162.528
20251123B05,合計（確報値）,約定量合計（電源属地別）[MW],23,384.919,489.621,7.718,194,673.331,112.794,115.874,429.159,2430.416
20251123B05,合計（確報値）,応札件数（電源属地別）[件],4,5,30,4,2,8,4,4,19,80
20251123B05,合計（確報値）,約定件数（電源属地別）[件],1,5,27,4,2,8,4,4,15,70
20251123B05,合計（確報値）,最高約定価格（電源属地別）[円/kW・30分],13,19.51,19.51,19.51,1.09,19.51,19.51,10.85,19.51,19.51
20251123B05,合計（確報値）,最低約定価格（電源属地別）[円/kW・30分],13,2.82,0.35,19.47,0.99,0.36,0.36,0.36,0.36,0.35
20251123B05,合計（確報値）,平均約定価格（電源属地別）[円/kW・30分],13,4.27,1.84,19.49,1.06,5.66,0.67,1.94,2.44,3.44
20251123B05,合計（確報値）,最高約定価格（TSO別）[円/kW・30分],13,19.51,19.51,19.51,1.09,19.51,19.51,10.85,19.51,19.51
20251123B05,合計（確報値）,最低約定価格（TSO別）[円/kW・30分],2.82,2.82,0.73,0.35,0.35,0.36,0.35,0.36,0.36,0.35
20251123B05,合計（確報値）,平均約定価格（TSO別）[円/kW・30分],8.11,4.31,4.21,1.01,0.9,5.9,1.83,4.05,2.44,3.44
20251123B05,合計（確報値）,約定量合計（TSO別）[MW],48,359.919,187.605,277.718,194,529.215,287.8,117,429.159,2430.416
20251123B05,合計（確報値）,（内訳）自エリアからの約定量[MW],23,359.919,187.605,7.718,149.716,529.215,112.794,92,429.159,1891.126
20251123B06,システム約定結果,募集量（TSO別）[MW],36,732,427,402,120,692,340,179,549,3477
20251123B06,システム約定結果,応札量合計（電源属地別）[MW],336.74,814.919,542.962,7.718,120,795.315,184.329,179,519.159,3500.142
20251123B06,システム約定結果,落札量合計（電源属地別）[MW],36,814.919,507.605,7.718,120,795.315,184.329,161.244,369.286,2996.416
20251123B06,システム約定結果,応札件数（電源属地別）[件],6,7,29,4,1,7,5,4,11,74
20251123B06,システム約定結果,落札件数（電源属地別）[件],2,7,28,4,1,7,5,4,11,69
20251123B06,システム約定結果,最高落札価格（電源属地別）[円/kW・30分],13,19.51,19.51,19.51,2.44,19.51,19.51,8.47,19.51,19.51
20251123B06,システム約定結果,最低落札価格（電源属地別）[円/kW・30分],7.5,1.14,0.35,19.47,2.44,1.5,0.51,0.36,0.7,0.35
20251123B06,システム約定結果,平均落札価格（電源属地別）[円/kW・30分],10.56,2.52,2.34,19.49,2.44,2.96,1.21,1.15,1.62,2.48
20251123B06,システム約定結果,最高落札価格（TSO別）[円/kW・30分],13,19.51,19.51,19.51,2.44,19.51,19.51,8.47,19.51,19.51
20251123B06,システム約定結果,最低落札価格（TSO別）[円/kW・30分],7.5,0.92,0.35,0.35,2.44,0.57,0.51,0.36,0.36,0.35
20251123B06,システム約定結果,平均落札価格（TSO別）[円/kW・30分],10.56,2.33,3.5,2.36,2.44,3.35,1.37,1.31,1.55,2.48
20251123B06,システム約定結果,落札量合計（TSO別）[MW],36,922.919,244.605,169.718,113,615.215,247.8,162,485.159,2996.416
20251123B06,システム約定結果,（内訳）自エリアからの落札量[MW],36,814.919,244.605,7.718,113,611.003,147.504,140,369.286,2484.035
20251123B06,追加調達結果,募集量（TSO別）[MW],-,-,-,-,-,-,-,-,-,-
20251123B06,追加調達結果,応札量合計（電源属地別）[MW],0,0,0,0,0,0,0,0,0,0
20251123B06,追加調達結果,約定量合計（電源属地別）[MW],0,0,0,0,0,0,0,0,0,0
20251123B06,追加調達結果,応札件数（電源属地別）[件],0,0,0,0,0,0,0,0,0,0
20251123B06,追加調達結果,約定件数（電源属地別）[件],0,0,0,0,0,0,0,0,0,0
20251123B06,追加調達結果,最高約定価格（電源属地別）[円/kW・30分],0,0,0,0,0,0,0,0,0,0
20251123B06,追加調達結果,最低約定価格（電源属地別）[円/kW・30分],0,0,0,0,0,0,0,0,0,0
20251123B06,追加調達結果,平均約定価格（電源属地別）[円/kW・30分],0,0,0,0,0,0,0,0,0,0
20251123B06,追加調達結果,最高約定価格（TSO別）[円/kW・30分],0,0,0,0,0,0,0,0,0,0
20251123B06,追加調達結果,最低約定価格（TSO別）[円/kW・30分],0,0,0,0,0,0,0,0,0,0
20251123B06,追加調達結果,平均約定価格（TSO別）[円/kW・30分],0,0,0,0,0,0,0,0,0,0
20251123B06,追加調達結果,約定量合計（TSO別）[MW],0,0,0,0,0,0,0,0,0,0
20251123B06,追加調達結果,（内訳）自エリアからの約定量[MW],0,0,0,0,0,0,0,0,0,0
20251123B06,合計（確報値）,募集量（TSO別）[MW],36,732,427,402,120,692,340,179,549,3477
20251123B06,合計（確報値）,応札量合計（電源属地別）[MW],336.74,814.919,542.962,7.718,120,795.315,184.329,179,519.159,3500.142
20251123B06,合計（確報値）,約定量合計（電源属地別）[MW],36,814.919,507.605,7.718,120,795.315,184.329,161.244,369.286,2996.416
20251123B06,合計（確報値）,応札件数（電源属地別）[件],6,7,29,4,1,7,5,4,11,74
20251123B06,合計（確報値）,約定件数（電源属地別）[件],2,7,28,4,1,7,5,4,11,69
20251123B06,合計（確報値）,最高約定価格（電源属地別）[円/kW・30分],13,19.51,19.51,19.51,2.44,19.51,19.51,8.47,19.51,19.51
20251123B06,合計（確報値）,最低約定価格（電源属地別）[円/kW・30分],7.5,1.14,0.35,19.47,2.44,1.5,0.51,0.36,0.7,0.35
20251123B06,合計（確報値）,平均約定価格（電源属地別）[円/kW・30分],10.56,2.52,2.34,19.49,2.44,2.96,1.21,1.15,1.62,2.48
20251123B06,合計（確報値）,最高約定価格（TSO別）[円/kW・30分],13,19.51,19.51,19.51,2.44,19.51,19.51,8.47,19.51,19.51
20251123B06,合計（確報値）,最低約定価格（TSO別）[円/kW・30分],7.5,0.92,0.35,0.35,2.44,0.57,0.51,0.36,0.36,0.35
20251123B06,合計（確報値）,平均約定価格（TSO別）[円/kW・30分],10.56,2.33,3.5,2.36,2.44,3.35,1.37,1.31,1.55,2.48
20251123B06,合計（確報値）,約定量合計（TSO別）[MW],36,922.919,244.605,169.718,113,615.215,247.8,162,485.159,2996.416
20251123B06,合計（確報値）,（内訳）自エリアからの約定量[MW],36,814.919,244.605,7.718,113,611.003,147.504,140,369.286,2484.035
20251123B07,システム約定結果,募集量（TSO別）[MW],32,263,426,206,106,574,305,83,328,2323
20251123B07,システム約定結果,応札量合計（電源属地別）[MW],375.74,454.919,1292.256,1757.6,106,795.315,265.623,227,826.331,6100.784
20251123B07,システム約定結果,落札量合計（電源属地別）[MW],24,454.919,486.391,1162.279,106,528.059,265.623,78.333,328,3433.604
20251123B07,システム約定結果,応札件数（電源属地別）[件],5,5,40,16,1,7,7,7,12,100
20251123B07,システム約定結果,落札件数（電源属地別）[件],2,5,32,15,1,7,7,5,6,80
20251123B07,システム約定結果,最高落札価格（電源属地別）[円/kW・30分],14.72,19.51,19.51,19.51,2.4,19.49,19.49,1.48,2.53,19.51
20251123B07,システム約定結果,最低落札価格（電源属地別）[円/kW・30分],2.5,1.82,0.73,3.02,2.4,1.36,0.72,0.36,0.57,0.36
20251123B07,システム約定結果,平均落札価格（電源属地別）[円/kW・30分],7.59,3.33,4.13,4.18,2.4,3.06,1.42,0.46,1.14,3.27
20251123B07,システム約定結果,最高落札価格（TSO別）[円/kW・30分],14.72,19.51,19.51,4.68,19.51,19.49,19.49,1.48,2.53,19.51
20251123B07,システム約定結果,最低落札価格（TSO別）[円/kW・30分],2.5,1.82,0.73,3.02,2.4,0.38,0.37,0.36,0.57,0.36
20251123B07,システム約定結果,平均落札価格（TSO別）[円/kW・30分],6.42,3.34,4.13,4.07,3.68,3.07,1.42,0.56,1.14,3.27
20251123B07,システム約定結果,落札量合計（TSO別）[MW],32,446.919,486.391,1129.945,138.334,523.215,265.8,83,328,3433.604
20251123B07,システム約定結果,（内訳）自エリアからの落札量[MW],24,446.919,486.391,1129.945,106,520.059,265.623,75,328,3381.937
20251123B07,追加調達結果,募集量（TSO別）[MW],-,-,-,-,-,-,-,-,-,-
20251123B07,追加調達結果,応札量合計（電源属地別）[MW],0,0,0,0,0,0,0,0,0,0
20251123B07,追加調達結果,約定量合計（電源属地別）[MW],0,0,0,0,0,0,0,0,0,0
20251123B07,追加調達結果,応札件数（電源属地別）[件],0,0,0,0,0,0,0,0,0,0
20251123B07,追加調達結果,約定件数（電源属地別）[件],0,0,0,0,0,0,0,0,0,0
20251123B07,追加調達結果,最高約定価格（電源属地別）[円/kW・30分],0,0,0,0,0,0,0,0,0,0
20251123B07,追加調達結果,最低約定価格（電源属地別）[円/kW・30分],0,0,0,0,0,0,0,0,0,0
20251123B07,追加調達結果,平均約定価格（電源属地別）[円/kW・30分],0,0,0,0,0,0,0,0,0,0
20251123B07,追加調達結果,最高約定価格（TSO別）[円/kW・30分],0,0,0,0,0,0,0,0,0,0
20251123B07,追加調達結果,最低約定価格（TSO別）[円/kW・30分],0,0,0,0,0,0,0,0,0,0
20251123B07,追加調達結果,平均約定価格（TSO別）[円/kW・30分],0,0,0,0,0,0,0,0,0,0
20251123B07,追加調達結果,約定量合計（TSO別）[MW],0,0,0,0,0,0,0,0,0,0
20251123B07,追加調達結果,（内訳）自エリアからの約定量[MW],0,0,0,0,0,0,0,0,0,0
20251123B07,合計（確報値）,募集量（TSO別）[MW],32,263,426,206,106,574,305,83,328,2323
20251123B07,合計（確報値）,応札量合計（電源属地別）[MW],375.74,454.919,1292.256,2674.357,106,795.315,265.623,227,826.331,7017.541
20251123B07,合計（確報値）,約定量合計（電源属地別）[MW],24,454.919,486.391,1162.279,106,528.059,265.623,78.333,328,3433.604
20251123B07,合計（確報値）,応札件数（電源属地別）[件],5,5,40,47,1,7,7,7,12,131
20251123B07,合計（確報値）,約定件数（電源属地別）[件],2,5,32,36,1,7,7,5,6,101
20251123B07,合計（確報値）,最高約定価格（電源属地別）[円/kW・30分],14.72,19.51,19.51,19.51,2.4,19.49,19.49,1.48,2.53,19.51
20251123B07,合計（確報値）,最低約定価格（電源属地別）[円/kW・30分],2.5,1.82,0.73,0.36,2.4,1.36,0.72,0.36,0.57,0.36
20251123B07,合計（確報値）,平均約定価格（電源属地別）[円/kW・30分],7.59,3.33,4.13,1.68,2.4,3.06,1.42,0.46,1.14,2.42
20251123B07,合計（確報値）,最高約定価格（TSO別）[円/kW・30分],14.72,19.51,19.51,4.6,19.51,19.49,19.49,1.48,2.53,19.51
20251123B07,合計（確報値）,最低約定価格（TSO別）[円/kW・30分],2.5,1.82,0.73,0.36,0.36,0.38,0.37,0.36,0.57,0.36
20251123B07,合計（確報値）,平均約定価格（TSO別）[円/kW・30分],6.42,3.34,4.13,1.58,3.08,3.07,1.42,0.56,1.14,2.42
20251123B07,合計（確報値）,約定量合計（TSO別）[MW],32,446.919,486.391,1129.945,138.334,523.215,265.8,83,328,3433.604
20251123B07,合計（確報値）,（内訳）自エリアからの約定量[MW],24,446.919,486.391,1129.945,106,520.059,265.623,75,328,3381.937
20251123B08,システム約定結果,募集量（TSO別）[MW],39,138,408,230,105,462,197,88,298,1965
20251123B08,システム約定結果,応札量合計（電源属地別）[MW],314.75,274.919,785.313,1175.318,105,795.315,184.329,88,661.907,4384.851
20251123B08,システム約定結果,落札量合計（電源属地別）[MW],44.75,274.919,555.043,653.697,105,431.302,142.713,68,155.907,2431.331
20251123B08,システム約定結果,応札件数（電源属地別）[件],4,4,21,13,1,7,5,4,10,69
20251123B08,システム約定結果,落札件数（電源属地別）[件],3,4,19,12,1,7,5,4,8,63
20251123B08,システム約定結果,最高落札価格（電源属地別）[円/kW・30分],14.63,19.51,19.51,19.51,1.67,19.49,19.49,8.29,19.51,19.51
20251123B08,システム約定結果,最低落札価格（電源属地別）[円/kW・30分],8.9,3.56,0.73,2.13,1.67,0.36,0.38,0.36,0.36,0.36
20251123B08,システム約定結果,平均落札価格（電源属地別）[円/kW・30分],11.12,4.91,3.53,3.28,1.67,3.22,1.33,2.17,1.71,3.34
20251123B08,システム約定結果,最高落札価格（TSO別）[円/kW・30分],14.63,19.51,19.51,19.51,1.67,19.49,19.49,8.29,19.51,19.51
20251123B08,システム約定結果,最低落札価格（TSO別）[円/kW・30分],8.9,3.56,0.73,2.13,1.67,0.36,0.38,0.36,0.36,0.36
20251123B08,システム約定結果,平均落札価格（TSO別）[円/kW・30分],11.12,4.91,3.53,3.28,1.67,3.48,1.13,1.96,1.57,3.34
20251123B08,システム約定結果,落札量合計（TSO別）[MW],44.75,274.919,555.043,653.697,105,396.215,100.8,77,223.907,2431.331
20251123B08,システム約定結果,（内訳）自エリアからの落札量[MW],44.75,274.919,555.043,653.697,105,396.215,99.8,67,155.907,2352.331
20251123B08,追加調達結果,募集量（TSO別）[MW],-,-,-,-,-,-,-,-,-,-
20251123B08,追加調達結果,応札量合計（電源属地別）[MW],0,0,0,0,0,0,0,0,0,0
20251123B08,追加調達結果,約定量合計（電源属地別）[MW],0,0,0,0,0,0,0,0,0,0
20251123B08,追加調達結果,応札件数（電源属地別）[件],0,0,0,0,0,0,0,0,0,0
20251123B08,追加調達結果,約定件数（電源属地別）[件],0,0,0,0,0,0,0,0,0,0
20251123B08,追加調達結果,最高約定価格（電源属地別）[円/kW・30分],0,0,0,0,0,0,0,0,0,0
20251123B08,追加調達結果,最低約定価格（電源属地別）[円/kW・30分],0,0,0,0,0,0,0,0,0,0
20251123B08,追加調達結果,平均約定価格（電源属地別）[円/kW・30分],0,0,0,0,0,0,0,0,0,0
20251123B08,追加調達結果,最高約定価格（TSO別）[円/kW・30分],0,0,0,0,0,0,0,0,0,0
20251123B08,追加調達結果,最低約定価格（TSO別）[円/kW・30分],0,0,0,0,0,0,0,0,0,0
20251123B08,追加調達結果,平均約定価格（TSO別）[円/kW・30分],0,0,0,0,0,0,0,0,0,0
20251123B08,追加調達結果,約定量合計（TSO別）[MW],0,0,0,0,0,0,0,0,0,0
20251123B08,追加調達結果,（内訳）自エリアからの約定量[MW],0,0,0,0,0,0,0,0,0,0
20251123B08,合計（確報値）,募集量（TSO別）[MW],39,138,408,230,105,462,197,88,298,1965
20251123B08,合計（確報値）,応札量合計（電源属地別）[MW],314.75,274.919,785.313,1695.264,105,795.315,184.329,88,661.907,4904.797
20251123B08,合計（確報値）,約定量合計（電源属地別）[MW],44.75,274.919,555.043,653.697,105,431.302,142.713,68,155.907,2431.331
20251123B08,合計（確報値）,応札件数（電源属地別）[件],4,4,21,29,1,7,5,4,10,85
20251123B08,合計（確報値）,約定件数（電源属地別）[件],3,4,19,21,1,7,5,4,8,72
20251123B08,合計（確報値）,最高約定価格（電源属地別）[円/kW・30分],14.63,19.51,19.51,19.51,1.67,19.49,19.49,8.29,19.51,19.51
20251123B08,合計（確報値）,最低約定価格（電源属地別）[円/kW・30分],8.9,3.56,0.73,0.36,1.67,0.36,0.38,0.36,0.36,0.36
20251123B08,合計（確報値）,平均約定価格（電源属地別）[円/kW・30分],11.12,4.91,3.53,1.28,1.67,3.22,1.33,2.17,1.71,2.8
20251123B08,合計（確報値）,最高約定価格（TSO別）[円/kW・30分],14.63,19.51,19.51,19.51,1.67,19.49,19.49,8.29,19.51,19.51
20251123B08,合計（確報値）,最低約定価格（TSO別）[円/kW・30分],8.9,3.56,0.73,0.36,1.67,0.36,0.38,0.36,0.36,0.36
20251123B08,合計（確報値）,平均約定価格（TSO別）[円/kW・30分],11.12,4.91,3.53,1.28,1.67,3.48,1.13,1.96,1.57,2.8
20251123B08,合計（確報値）,約定量合計（TSO別）[MW],44.75,274.919,555.043,653.697,105,396.215,100.8,77,223.907,2431.331
20251123B08,合計（確報値）,（内訳）自エリアからの約定量[MW],44.75,274.919,555.043,653.697,105,396.215,99.8,67,155.907,2352.331
20251124B01,システム約定結果,募集量（TSO別）[MW],55,163,306,41,86,281,189,95,198,1414
20251124B01,システム約定結果,応札量合計（電源属地別）[MW],154.84,260.419,686.8,325.78,86,795.315,182.529,95,661.907,3248.59
20251124B01,システム約定結果,落札量合計（電源属地別）[MW],13,260.419,171.267,273.742,86,271.822,135.913,43,61.907,1317.07
20251124B01,システム約定結果,応札件数（電源属地別）[件],5,3,20,10,1,7,4,4,10,64
20251124B01,システム約定結果,落札件数（電源属地別）[件],1,3,17,10,1,7,4,3,8,54
20251124B01,システム約定結果,最高落札価格（電源属地別）[円/kW・30分],4.5,19.51,19.51,19.51,1.31,19.49,0.68,8.38,19.51,19.51
20251124B01,システム約定結果,最低落札価格（電源属地別）[円/kW・30分],4.5,3.71,1.68,2.12,1.31,0.36,0.36,0.61,0.36,0.36
20251124B01,システム約定結果,平均落札価格（電源属地別）[円/kW・30分],4.5,4.24,3.03,3.06,1.31,5.21,0.53,3.32,3.49,3.4
20251124B01,システム約定結果,最高落札価格（TSO別）[円/kW・30分],4.5,19.51,19.51,4.68,2.26,19.51,0.68,8.38,19.51,19.51
20251124B01,システム約定結果,最低落札価格（TSO別）[円/kW・30分],3.71,3.71,1.68,2.24,1.31,0.36,0.36,0.61,0.36,0.36
20251124B01,システム約定結果,平均落札価格（TSO別）[円/kW・30分],3.9,4.34,3.03,3.34,1.64,4.29,0.5,4.24,3.49,3.4
20251124B01,システム約定結果,落札量合計（TSO別）[MW],55,218.419,171.267,100.365,132,373.099,117.013,88,61.907,1317.07
20251124B01,システム約定結果,（内訳）自エリアからの落札量[MW],13,218.419,171.267,100.365,86,245.722,117.013,43,61.907,1056.693
20251124B01,追加調達結果,募集量（TSO別）[MW],-,-,-,-,-,-,-,-,-,-
20251124B01,追加調達結果,応札量合計（電源属地別）[MW],0,0,0,0,0,0,0,0,0,0
20251124B01,追加調達結果,約定量合計（電源属地別）[MW],0,0,0,0,0,0,0,0,0,0
20251124B01,追加調達結果,応札件数（電源属地別）[件],0,0,0,0,0,0,0,0,0,0
20251124B01,追加調達結果,約定件数（電源属地別）[件],0,0,0,0,0,0,0,0,0,0
20251124B01,追加調達結果,最高約定価格（電源属地別）[円/kW・30分],0,0,0,0,0,0,0,0,0,0
20251124B01,追加調達結果,最低約定価格（電源属地別）[円/kW・30分],0,0,0,0,0,0,0,0,0,0
20251124B01,追加調達結果,平均約定価格（電源属地別）[円/kW・30分],0,0,0,0,0,0,0,0,0,0
20251124B01,追加調達結果,最高約定価格（TSO別）[円/kW・30分],0,0,0,0,0,0,0,0,0,0
20251124B01,追加調達結果,最低約定価格（TSO別）[円/kW・30分],0,0,0,0,0,0,0,0,0,0
20251124B01,追加調達結果,平均約定価格（TSO別）[円/kW・30分],0,0,0,0,0,0,0,0,0,0
20251124B01,追加調達結果,約定量合計（TSO別）[MW],0,0,0,0,0,0,0,0,0,0
20251124B01,追加調達結果,（内訳）自エリアからの約定量[MW],0,0,0,0,0,0,0,0,0,0
20251124B01,合計（確報値）,募集量（TSO別）[MW],55,163,306,41,86,281,189,95,198,1414
20251124B01,合計（確報値）,応札量合計（電源属地別）[MW],154.84,260.419,686.8,338.78,86,795.315,182.529,95,661.907,3261.59
20251124B01,合計（確報値）,約定量合計（電源属地別）[MW],13,260.419,171.267,273.742,86,271.822,135.913,43,61.907,1317.07
20251124B01,合計（確報値）,応札件数（電源属地別）[件],5,3,20,12,1,7,4,4,10,66
20251124B01,合計（確報値）,約定件数（電源属地別）[件],1,3,17,11,1,7,4,3,8,55
20251124B01,合計（確報値）,最高約定価格（電源属地別）[円/kW・30分],4.5,19.51,19.51,19.51,1.31,19.49,0.68,8.38,19.51,19.51
20251124B01,合計（確報値）,最低約定価格（電源属地別）[円/kW・30分],4.5,3.71,1.68,0.36,1.31,0.36,0.36,0.61,0.36,0.36
20251124B01,合計（確報値）,平均約定価格（電源属地別）[円/kW・30分],4.5,4.24,3.03,2.97,1.31,5.21,0.53,3.32,3.49,3.38
20251124B01,合計（確報値）,最高約定価格（TSO別）[円/kW・30分],4.5,19.51,19.51,4.68,2.26,19.51,0.68,8.38,19.51,19.51
20251124B01,合計（確報値）,最低約定価格（TSO別）[円/kW・30分],3.71,3.71,1.68,2.24,0.36,0.36,0.36,0.61,0.36,0.36
20251124B01,合計（確報値）,平均約定価格（TSO別）[円/kW・30分],3.9,4.34,3.03,3.34,1.45,4.29,0.5,4.24,3.49,3.38
20251124B01,合計（確報値）,約定量合計（TSO別）[MW],55,218.419,171.267,100.365,132,373.099,117.013,88,61.907,1317.07
20251124B01,合計（確報値）,（内訳）自エリアからの約定量[MW],13,218.419,171.267,100.365,86,245.722,117.013,43,61.907,1056.693
20251124B02,システム約定結果,募集量（TSO別）[MW],28,333,301,158,92,380,189,99,300,1880
20251124B02,システム約定結果,応札量合計（電源属地別）[MW],138.74,454.919,714.147,380.718,92,969.215,184.329,205,582.907,3721.975
20251124B02,システム約定結果,落札量合計（電源属地別）[MW],14.75,454.919,462.847,362.697,92,288.315,125.713,70.733,190.907,2062.881
20251124B02,システム約定結果,応札件数（電源属地別）[件],4,5,20,11,1,8,5,6,10,70
20251124B02,システム約定結果,落札件数（電源属地別）[件],3,5,17,11,1,7,5,5,9,63
20251124B02,システム約定結果,最高落札価格（電源属地別）[円/kW・30分],9.5,19.51,19.51,19.51,2.11,19.49,19.49,7.38,19.51,19.51
20251124B02,システム約定結果,最低落札価格（電源属地別）[円/kW・30分],9,2.21,0.73,2.17,2.11,0.36,0.36,0.36,0.69,0.36
20251124B02,システム約定結果,平均落札価格（電源属地別）[円/kW・30分],9.34,3.71,2.92,2.98,2.11,3.78,1.11,2.99,2.28,3.07
20251124B02,システム約定結果,最高落札価格（TSO別）[円/kW・30分],9.5,19.51,19.51,2.8,19.51,19.49,19.49,6.55,19.51,19.51
20251124B02,システム約定結果,最低落札価格（TSO別）[円/kW・30分],3.32,2.21,0.73,2.17,2.11,0.36,0.36,0.36,0.36,0.36
20251124B02,システム約定結果,平均落札価格（TSO別）[円/kW・30分],6.49,3.72,2.92,2.6,3.19,3.67,1.37,2.65,2.07,3.07
20251124B02,システム約定結果,落札量合計（TSO別）[MW],28,441.669,462.847,257.522,113,342.191,82.745,99,235.907,2062.881
20251124B02,システム約定結果,（内訳）自エリアからの落札量[MW],14.75,441.669,462.847,257.522,67,288.131,78.012,65,190.907,1865.838
20251124B02,追加調達結果,募集量（TSO別）[MW],-,-,-,-,-,-,-,-,-,-
20251124B02,追加調達結果,応札量合計（電源属地別）[MW],0,0,0,0,0,0,0,0,0,0
20251124B02,追加調達結果,約定量合計（電源属地別）[MW],0,0,0,0,0,0,0,0,0,0
20251124B02,追加調達結果,応札件数（電源属地別）[件],0,0,0,0,0,0,0,0,0,0
20251124B02,追加調達結果,約定件数（電源属地別）[件],0,0,0,0,0,0,0,0,0,0
20251124B02,追加調達結果,最高約定価格（電源属地別）[円/kW・30分],0,0,0,0,0,0,0,0,0,0
20251124B02,追加調達結果,最低約定価格（電源属地別）[円/kW・30分],0,0,0,0,0,0,0,0,0,0
20251124B02,追加調達結果,平均約定価格（電源属地別）[円/kW・30分],0,0,0,0,0,0,0,0,0,0
20251124B02,追加調達結果,最高約定価格（TSO別）[円/kW・30分],0,0,0,0,0,0,0,0,0,0
20251124B02,追加調達結果,最低約定価格（TSO別）[円/kW・30分],0,0,0,0,0,0,0,0,0,0
20251124B02,追加調達結果,平均約定価格（TSO別）[円/kW・30分],0,0,0,0,0,0,0,0,0,0
20251124B02,追加調達結果,約定量合計（TSO別）[MW],0,0,0,0,0,0,0,0,0,0
20251124B02,追加調達結果,（内訳）自エリアからの約定量[MW],0,0,0,0,0,0,0,0,0,0
20251124B02,合計（確報値）,募集量（TSO別）[MW],28,333,301,158,92,380,189,99,300,1880
20251124B02,合計（確報値）,応札量合計（電源属地別）[MW],138.74,454.919,714.147,833.145,92,969.215,184.329,205,582.907,4174.402
20251124B02,合計（確報値）,約定量合計（電源属地別）[MW],14.75,454.919,462.847,362.697,92,288.315,125.713,70.733,190.907,2062.881
20251124B02,合計（確報値）,応札件数（電源属地別）[件],4,5,20,44,1,8,5,6,10,103
20251124B02,合計（確報値）,約定件数（電源属地別）[件],3,5,17,26,1,7,5,5,9,78
20251124B02,合計（確報値）,最高約定価格（電源属地別）[円/kW・30分],9.5,19.51,19.51,19.51,2.11,19.49,19.49,7.38,19.51,19.51
20251124B02,合計（確報値）,最低約定価格（電源属地別）[円/kW・30分],9,2.21,0.73,0.36,2.11,0.36,0.36,0.36,0.69,0.36
20251124B02,合計（確報値）,平均約定価格（電源属地別）[円/kW・30分],9.34,3.71,2.92,1.07,2.11,3.78,1.11,2.99,2.28,2.73
20251124B02,合計（確報値）,最高約定価格（TSO別）[円/kW・30分],9.5,19.51,19.51,2.27,19.51,19.49,19.49,6.55,19.51,19.51
20251124B02,合計（確報値）,最低約定価格（TSO別）[円/kW・30分],3.32,2.21,0.73,0.36,0.36,0.36,0.36,0.36,0.36,0.36
20251124B02,合計（確報値）,平均約定価格（TSO別）[円/kW・30分],6.49,3.72,2.92,0.74,2.49,3.49,1.37,1.91,2.07,2.73
20251124B02,合計（確報値）,約定量合計（TSO別）[MW],28,441.669,462.847,257.522,113,342.191,82.745,99,235.907,2062.881
20251124B02,合計（確報値）,（内訳）自エリアからの約定量[MW],14.75,441.669,462.847,257.522,67,288.131,78.012,65,190.907,1865.838
20251124B03,システム約定結果,募集量（TSO別）[MW],134,932,447,400,127,605,284,174,427,3530
20251124B03,システム約定結果,応札量合計（電源属地別）[MW],228.74,814.919,494.121,117.858,127,969.215,184.329,174,436.331,3546.513
20251124B03,システム約定結果,落札量合計（電源属地別）[MW],63,814.919,349.921,117.858,127,928.541,184.329,148.907,150.448,2884.923
20251124B03,システム約定結果,応札件数（電源属地別）[件],5,7,18,4,1,8,5,4,9,61
20251124B03,システム約定結果,落札件数（電源属地別）[件],4,7,16,4,1,8,5,4,8,57
20251124B03,システム約定結果,最高落札価格（電源属地別）[円/kW・30分],19.46,19.51,19.51,19.51,1.89,19.51,19.51,7.93,19.51,19.51
20251124B03,システム約定結果,最低落札価格（電源属地別）[円/kW・30分],9,1.5,0.92,4.46,1.89,0.44,0.36,0.36,0.63,0.36
20251124B03,システム約定結果,平均落札価格（電源属地別）[円/kW・30分],18.76,2.89,2.04,5.21,1.89,2.78,1.06,1.58,2,2.92
20251124B03,システム約定結果,最高落札価格（TSO別）[円/kW・30分],19.46,19.51,19.51,19.51,4.46,19.51,19.51,7.93,19.51,19.51
20251124B03,システム約定結果,最低落札価格（TSO別）[円/kW・30分],3.57,0.54,0.92,0.44,1.89,0.44,0.36,0.36,0.36,0.36
20251124B03,システム約定結果,平均落札価格（TSO別）[円/kW・30分],10.71,2.76,2.23,2.29,2.21,3.57,1.19,1.46,2.17,2.92
20251124B03,システム約定結果,落札量合計（TSO別）[MW],134,851.586,298.921,277.858,127,525.215,177.012,156,337.331,2884.923
20251124B03,システム約定結果,（内訳）自エリアからの落札量[MW],63,743.919,298.921,101.858,111,525.215,160.716,128,150.448,2283.077
20251124B03,追加調達結果,募集量（TSO別）[MW],-,-,-,-,-,-,-,-,-,-
20251124B03,追加調達結果,応札量合計（電源属地別）[MW],0,0,0,0,0,0,0,0,0,0
20251124B03,追加調達結果,約定量合計（電源属地別）[MW],0,0,0,0,0,0,0,0,0,0
20251124B03,追加調達結果,応札件数（電源属地別）[件],0,0,0,0,0,0,0,0,0,0
20251124B03,追加調達結果,約定件数（電源属地別）[件],0,0,0,0,0,0,0,0,0,0
20251124B03,追加調達結果,最高約定価格（電源属地別）[円/kW・30分],0,0,0,0,0,0,0,0,0,0
20251124B03,追加調達結果,最低約定価格（電源属地別）[円/kW・30分],0,0,0,0,0,0,0,0,0,0
20251124B03,追加調達結果,平均約定価格（電源属地別）[円/kW・30分],0,0,0,0,0,0,0,0,0,0
20251124B03,追加調達結果,最高約定価格（TSO別）[円/kW・30分],0,0,0,0,0,0,0,0,0,0
20251124B03,追加調達結果,最低約定価格（TSO別）[円/kW・30分],0,0,0,0,0,0,0,0,0,0
20251124B03,追加調達結果,平均約定価格（TSO別）[円/kW・30分],0,0,0,0,0,0,0,0,0,0
20251124B03,追加調達結果,約定量合計（TSO別）[MW],0,0,0,0,0,0,0,0,0,0
20251124B03,追加調達結果,（内訳）自エリアからの約定量[MW],0,0,0,0,0,0,0,0,0,0
20251124B03,合計（確報値）,募集量（TSO別）[MW],134,932,447,400,127,605,284,174,427,3530
20251124B03,合計（確報値）,応札量合計（電源属地別）[MW],228.74,814.919,494.121,307.858,127,969.215,184.329,174,436.331,3736.513
20251124B03,合計（確報値）,約定量合計（電源属地別）[MW],63,814.919,349.921,117.858,127,928.541,184.329,148.907,150.448,2884.923
20251124B03,合計（確報値）,応札件数（電源属地別）[件],5,7,18,13,1,8,5,4,9,70
20251124B03,合計（確報値）,約定件数（電源属地別）[件],4,7,16,9,1,8,5,4,8,62
20251124B03,合計（確報値）,最高約定価格（電源属地別）[円/kW・30分],19.46,19.51,19.51,19.51,1.89,19.51,19.51,7.93,19.51,19.51
20251124B03,合計（確報値）,最低約定価格（電源属地別）[円/kW・30分],9,1.5,0.92,0.36,1.89,0.44,0.36,0.36,0.63,0.36
20251124B03,合計（確報値）,平均約定価格（電源属地別）[円/kW・30分],18.76,2.89,2.04,1.31,1.89,2.78,1.06,1.58,2,2.76
20251124B03,合計（確報値）,最高約定価格（TSO別）[円/kW・30分],19.46,19.51,19.51,19.51,1.89,19.51,19.51,7.93,19.51,19.51
20251124B03,合計（確報値）,最低約定価格（TSO別）[円/kW・30分],3.57,0.54,0.92,0.36,0.36,0.44,0.36,0.36,0.36,0.36
20251124B03,合計（確報値）,平均約定価格（TSO別）[円/kW・30分],10.71,2.76,2.23,0.88,1.7,3.57,1.19,1.46,2.17,2.76
20251124B03,合計（確報値）,約定量合計（TSO別）[MW],134,851.586,298.921,277.858,127,525.215,177.012,156,337.331,2884.923
20251124B03,合計（確報値）,（内訳）自エリアからの約定量[MW],63,743.919,298.921,101.858,111,525.215,160.716,128,150.448,2283.077
20251124B04,システム約定結果,募集量（TSO別）[MW],116,222,375,264,194,869,486,219,604,3349
20251124B04,システム約定結果,応札量合計（電源属地別）[MW],494.54,374.5,952.347,7.718,268,764.9,110.994,219,673.719,3865.718
20251124B04,システム約定結果,落札量合計（電源属地別）[MW],38.8,374.5,569.342,7.718,238.495,764.9,110.994,178.636,527.719,2811.104
20251124B04,システム約定結果,応札件数（電源属地別）[件],9,3,31,4,2,4,3,4,11,71
20251124B04,システム約定結果,落札件数（電源属地別）[件],3,3,27,4,2,4,3,4,11,61
20251124B04,システム約定結果,最高落札価格（電源属地別）[円/kW・30分],6,19.51,19.51,19.51,0.89,10.07,0.36,10.38,19.51,19.51
20251124B04,システム約定結果,最低落札価格（電源属地別）[円/kW・30分],0.44,2.3,0.37,19.47,0.8,0.36,0.36,0.36,0.36,0.36
20251124B04,システム約定結果,平均落札価格（電源属地別）[円/kW・30分],3,3.39,1.54,19.49,0.85,2.57,0.36,1.33,5.59,2.78
20251124B04,システム約定結果,最高落札価格（TSO別）[円/kW・30分],6,19.51,19.51,0.8,19.51,10.07,0.36,10.38,19.51,19.51
20251124B04,システム約定結果,最低落札価格（TSO別）[円/kW・30分],0.44,2.3,0.37,0.37,0.8,0.36,0.36,0.36,0.36,0.36
20251124B04,システム約定結果,平均落札価格（TSO別）[円/kW・30分],3.06,3.47,2.37,0.47,1.59,2.83,0.36,1.25,5.59,2.78
20251124B04,システム約定結果,落札量合計（TSO別）[MW],116,297.3,323.605,264,193.718,691.628,202.134,195,527.719,2811.104
20251124B04,システム約定結果,（内訳）自エリアからの落札量[MW],38.8,297.3,323.605,0,186,640.76,110.994,162,527.719,2287.178
20251124B04,追加調達結果,募集量（TSO別）[MW],-,-,-,-,-,-,-,-,-,-
20251124B04,追加調達結果,応札量合計（電源属地別）[MW],0,0,0,0,0,0,0,0,0,0
20251124B04,追加調達結果,約定量合計（電源属地別）[MW],0,0,0,0,0,0,0,0,0,0
20251124B04,追加調達結果,応札件数（電源属地別）[件],0,0,0,0,0,0,0,0,0,0
20251124B04,追加調達結果,約定件数（電源属地別）[件],0,0,0,0,0,0,0,0,0,0
20251124B04,追加調達結果,最高約定価格（電源属地別）[円/kW・30分],0,0,0,0,0,0,0,0,0,0
20251124B04,追加調達結果,最低約定価格（電源属地別）[円/kW・30分],0,0,0,0,0,0,0,0,0,0
20251124B04,追加調達結果,平均約定価格（電源属地別）[円/kW・30分],0,0,0,0,0,0,0,0,0,0
20251124B04,追加調達結果,最高約定価格（TSO別）[円/kW・30分],0,0,0,0,0,0,0,0,0,0
20251124B04,追加調達結果,最低約定価格（TSO別）[円/kW・30分],0,0,0,0,0,0,0,0,0,0
20251124B04,追加調達結果,平均約定価格（TSO別）[円/kW・30分],0,0,0,0,0,0,0,0,0,0
20251124B04,追加調達結果,約定量合計（TSO別）[MW],0,0,0,0,0,0,0,0,0,0
20251124B04,追加調達結果,（内訳）自エリアからの約定量[MW],0,0,0,0,0,0,0,0,0,0
20251124B04,合計（確報値）,募集量（TSO別）[MW],116,222,375,264,194,869,486,219,604,3349
20251124B04,合計（確報値）,応札量合計（電源属地別）[MW],515.54,374.5,952.347,7.718,268,764.9,110.994,219,1109.719,4322.718
20251124B04,合計（確報値）,約定量合計（電源属地別）[MW],38.8,374.5,569.342,7.718,238.495,764.9,110.994,178.636,527.719,2811.104
20251124B04,合計（確報値）,応札件数（電源属地別）[件],13,3,31,4,2,4,3,4,21,85
20251124B04,合計（確報値）,約定件数（電源属地別）[件],5,3,27,4,2,4,3,4,17,69
20251124B04,合計（確報値）,最高約定価格（電源属地別）[円/kW・30分],6,19.51,19.51,19.51,0.89,10.07,0.36,10.38,19.51,19.51
20251124B04,合計（確報値）,最低約定価格（電源属地別）[円/kW・30分],0.44,2.3,0.37,19.47,0.8,0.36,0.36,0.36,0.36,0.36
20251124B04,合計（確報値）,平均約定価格（電源属地別）[円/kW・30分],3,3.39,1.54,19.49,0.85,2.57,0.36,1.33,1.28,1.97
20251124B04,合計（確報値）,最高約定価格（TSO別）[円/kW・30分],6,19.51,19.51,0.8,19.51,10.07,0.36,10.38,19.51,19.51
20251124B04,合計（確報値）,最低約定価格（TSO別）[円/kW・30分],0.44,2.3,0.37,0.37,0.8,0.36,0.36,0.36,0.36,0.36
20251124B04,合計（確報値）,平均約定価格（TSO別）[円/kW・30分],3.06,3.47,2.37,0.47,1.59,2.83,0.36,1.25,1.28,1.97
20251124B04,合計（確報値）,約定量合計（TSO別）[MW],116,297.3,323.605,264,193.718,691.628,202.134,195,527.719,2811.104
20251124B04,合計（確報値）,（内訳）自エリアからの約定量[MW],38.8,297.3,323.605,0,186,640.76,110.994,162,527.719,2287.178
20251124B05,システム約定結果,募集量（TSO別）[MW],32,217,293,383,194,588,361,145,537,2750
20251124B05,システム約定結果,応札量合計（電源属地別）[MW],466.75,384.919,1076.14,7.718,268,816.115,112.794,145,597.159,3874.595
20251124B05,システム約定結果,落札量合計（電源属地別）[MW],23,384.919,345.534,7.718,194,816.115,112.794,115.874,429.159,2429.113
20251124B05,システム約定結果,応札件数（電源属地別）[件],7,5,33,4,2,7,4,4,12,78
20251124B05,システム約定結果,落札件数（電源属地別）[件],2,5,27,4,2,7,4,4,12,67
20251124B05,システム約定結果,最高落札価格（電源属地別）[円/kW・30分],10,19.51,19.51,19.51,1.09,19.51,19.51,9.8,19.51,19.51
20251124B05,システム約定結果,最低落札価格（電源属地別）[円/kW・30分],0.36,2.14,0.35,19.47,0.99,0.36,0.36,0.36,0.36,0.35
20251124B05,システム約定結果,平均落札価格（電源属地別）[円/kW・30分],5.81,3.6,2.52,19.49,1.06,2.55,0.67,1.74,3.9,2.79
20251124B05,システム約定結果,最高落札価格（TSO別）[円/kW・30分],10,19.51,19.51,19.51,1.09,19.51,19.51,9.8,19.51,19.51
20251124B05,システム約定結果,最低落札価格（TSO別）[円/kW・30分],0.36,2.14,0.73,0.35,0.35,0.36,0.36,0.36,0.36,0.35
20251124B05,システム約定結果,平均落札価格（TSO別）[円/kW・30分],4.36,3.66,4.3,1.09,0.81,3.75,0.48,1.73,3.9,2.79
20251124B05,システム約定結果,落札量合計（TSO別）[MW],38,369.919,187.605,277.718,194,527.912,287.8,117,429.159,2429.113
20251124B05,システム約定結果,（内訳）自エリアからの落札量[MW],23,369.919,187.605,7.718,124.8,527.912,112.794,92,429.159,1874.907
20251124B05,追加調達結果,募集量（TSO別）[MW],-,-,-,-,-,-,-,-,-,-
20251124B05,追加調達結果,応札量合計（電源属地別）[MW],0,0,0,0,0,0,0,0,0,0
20251124B05,追加調達結果,約定量合計（電源属地別）[MW],0,0,0,0,0,0,0,0,0,0
20251124B05,追加調達結果,応札件数（電源属地別）[件],0,0,0,0,0,0,0,0,0,0
20251124B05,追加調達結果,約定件数（電源属地別）[件],0,0,0,0,0,0,0,0,0,0
20251124B05,追加調達結果,最高約定価格（電源属地別）[円/kW・30分],0,0,0,0,0,0,0,0,0,0
20251124B05,追加調達結果,最低約定価格（電源属地別）[円/kW・30分],0,0,0,0,0,0,0,0,0,0
20251124B05,追加調達結果,平均約定価格（電源属地別）[円/kW・30分],0,0,0,0,0,0,0,0,0,0
20251124B05,追加調達結果,最高約定価格（TSO別）[円/kW・30分],0,0,0,0,0,0,0,0,0,0
20251124B05,追加調達結果,最低約定価格（TSO別）[円/kW・30分],0,0,0,0,0,0,0,0,0,0
20251124B05,追加調達結果,平均約定価格（TSO別）[円/kW・30分],0,0,0,0,0,0,0,0,0,0
20251124B05,追加調達結果,約定量合計（TSO別）[MW],0,0,0,0,0,0,0,0,0,0
20251124B05,追加調達結果,（内訳）自エリアからの約定量[MW],0,0,0,0,0,0,0,0,0,0
20251124B05,合計（確報値）,募集量（TSO別）[MW],32,217,293,383,194,588,361,145,537,2750
20251124B05,合計（確報値）,応札量合計（電源属地別）[MW],476.75,384.919,1076.14,7.718,268,816.115,112.794,145,1010.159,4297.595
20251124B05,合計（確報値）,約定量合計（電源属地別）[MW],23,384.919,345.534,7.718,194,816.115,112.794,115.874,429.159,2429.113
20251124B05,合計（確報値）,応札件数（電源属地別）[件],8,5,33,4,2,7,4,4,20,87
20251124B05,合計（確報値）,約定件数（電源属地別）[件],2,5,27,4,2,7,4,4,16,71
20251124B05,合計（確報値）,最高約定価格（電源属地別）[円/kW・30分],10,19.51,19.51,19.51,1.09,19.51,19.51,9.8,19.51,19.51
20251124B05,合計（確報値）,最低約定価格（電源属地別）[円/kW・30分],0.36,2.14,0.35,19.47,0.99,0.36,0.36,0.36,0.36,0.35
20251124B05,合計（確報値）,平均約定価格（電源属地別）[円/kW・30分],5.81,3.6,2.52,19.49,1.06,2.55,0.67,1.74,1.26,2.32
20251124B05,合計（確報値）,最高約定価格（TSO別）[円/kW・30分],10,19.51,19.51,19.51,1.09,19.51,19.51,9.8,19.51,19.51
20251124B05,合計（確報値）,最低約定価格（TSO別）[円/kW・30分],0.36,2.14,0.73,0.35,0.35,0.36,0.36,0.36,0.36,0.35
20251124B05,合計（確報値）,平均約定価格（TSO別）[円/kW・30分],4.36,3.66,4.3,1.09,0.81,3.75,0.48,1.73,1.26,2.32
20251124B05,合計（確報値）,約定量合計（TSO別）[MW],38,369.919,187.605,277.718,194,527.912,287.8,117,429.159,2429.113
20251124B05,合計（確報値）,（内訳）自エリアからの約定量[MW],23,369.919,187.605,7.718,124.8,527.912,112.794,92,429.159,1874.907
20251124B06,システム約定結果,募集量（TSO別）[MW],36,732,427,402,120,692,340,179,549,3477
20251124B06,システム約定結果,応札量合計（電源属地別）[MW],370.74,814.919,808.522,101.718,120,795.315,184.329,179,519.159,3893.702
20251124B06,システム約定結果,落札量合計（電源属地別）[MW],36,814.919,473.43,101.718,120,690.442,184.329,161.244,474.159,3056.241
20251124B06,システム約定結果,応札件数（電源属地別）[件],6,7,30,5,1,7,5,4,11,76
20251124B06,システム約定結果,落札件数（電源属地別）[件],2,7,28,5,1,7,5,4,11,70
20251124B06,システム約定結果,最高落札価格（電源属地別）[円/kW・30分],10,19.51,19.51,19.51,2.44,19.51,19.51,7.97,19.51,19.51
20251124B06,システム約定結果,最低落札価格（電源属地別）[円/kW・30分],7.5,1.03,0.35,1.64,2.44,1.5,0.75,0.36,0.7,0.35
20251124B06,システム約定結果,平均落札価格（電源属地別）[円/kW・30分],8.89,2.28,2.54,2.99,2.44,3.22,1.59,1.28,1.67,2.45
20251124B06,システム約定結果,最高落札価格（TSO別）[円/kW・30分],10,19.51,19.51,19.51,2.44,19.51,19.51,7.97,19.51,19.51
20251124B06,システム約定結果,最低落札価格（TSO別）[円/kW・30分],7.5,0.46,0.35,0.46,1.64,0.36,0.75,0.36,0.7,0.35
20251124B06,システム約定結果,平均落札価格（TSO別）[円/kW・30分],8.89,2.08,4.15,2.1,2.2,3.32,1.72,1.45,1.68,2.45
20251124B06,システム約定結果,落札量合計（TSO別）[MW],36,922.919,244.605,229.543,113,615.215,247.8,162,485.159,3056.241
20251124B06,システム約定結果,（内訳）自エリアからの落札量[MW],36,814.919,231.43,67.543,78.825,562.146,147.504,140,474.159,2552.526
20251124B06,追加調達結果,募集量（TSO別）[MW],-,-,-,-,-,-,-,-,-,-
20251124B06,追加調達結果,応札量合計（電源属地別）[MW],0,0,0,0,0,0,0,0,0,0
20251124B06,追加調達結果,約定量合計（電源属地別）[MW],0,0,0,0,0,0,0,0,0,0
20251124B06,追加調達結果,応札件数（電源属地別）[件],0,0,0,0,0,0,0,0,0,0
20251124B06,追加調達結果,約定件数（電源属地別）[件],0,0,0,0,0,0,0,0,0,0
20251124B06,追加調達結果,最高約定価格（電源属地別）[円/kW・30分],0,0,0,0,0,0,0,0,0,0
20251124B06,追加調達結果,最低約定価格（電源属地別）[円/kW・30分],0,0,0,0,0,0,0,0,0,0
20251124B06,追加調達結果,平均約定価格（電源属地別）[円/kW・30分],0,0,0,0,0,0,0,0,0,0
20251124B06,追加調達結果,最高約定価格（TSO別）[円/kW・30分],0,0,0,0,0,0,0,0,0,0
20251124B06,追加調達結果,最低約定価格（TSO別）[円/kW・30分],0,0,0,0,0,0,0,0,0,0
20251124B06,追加調達結果,平均約定価格（TSO別）[円/kW・30分],0,0,0,0,0,0,0,0,0,0
20251124B06,追加調達結果,約定量合計（TSO別）[MW],0,0,0,0,0,0,0,0,0,0
20251124B06,追加調達結果,（内訳）自エリアからの約定量[MW],0,0,0,0,0,0,0,0,0,0
20251124B06,合計（確報値）,募集量（TSO別）[MW],36,732,427,402,120,692,340,179,549,3477
20251124B06,合計（確報値）,応札量合計（電源属地別）[MW],370.74,814.919,808.522,195.718,120,795.315,184.329,179,519.159,3987.702
20251124B06,合計（確報値）,約定量合計（電源属地別）[MW],36,814.919,473.43,101.718,120,690.442,184.329,161.244,474.159,3056.241
20251124B06,合計（確報値）,応札件数（電源属地別）[件],6,7,30,7,1,7,5,4,11,78
20251124B06,合計（確報値）,約定件数（電源属地別）[件],2,7,28,6,1,7,5,4,11,71
20251124B06,合計（確報値）,最高約定価格（電源属地別）[円/kW・30分],10,19.51,19.51,19.51,2.44,19.51,19.51,7.97,19.51,19.51
20251124B06,合計（確報値）,最低約定価格（電源属地別）[円/kW・30分],7.5,1.03,0.35,0.36,2.44,1.5,0.75,0.36,0.7,0.35
20251124B06,合計（確報値）,平均約定価格（電源属地別）[円/kW・30分],8.89,2.28,2.54,1.81,2.44,3.22,1.59,1.28,1.67,2.41
20251124B06,合計（確報値）,最高約定価格（TSO別）[円/kW・30分],10,19.51,19.51,19.51,2.44,19.51,19.51,7.97,19.51,19.51
20251124B06,合計（確報値）,最低約定価格（TSO別）[円/kW・30分],7.5,0.46,0.35,0.36,0.36,0.36,0.75,0.36,0.7,0.35
20251124B06,合計（確報値）,平均約定価格（TSO別）[円/kW・30分],8.89,2.08,4.15,1.76,1.81,3.32,1.72,1.45,1.68,2.41
20251124B06,合計（確報値）,約定量合計（TSO別）[MW],36,922.919,244.605,229.543,113,615.215,247.8,162,485.159,3056.241
20251124B06,合計（確報値）,（内訳）自エリアからの約定量[MW],36,814.919,231.43,67.543,78.825,562.146,147.504,140,474.159,2552.526
20251124B07,システム約定結果,募集量（TSO別）[MW],32,263,426,206,106,574,305,83,328,2323
20251124B07,システム約定結果,応札量合計（電源属地別）[MW],399.74,454.919,1359.871,485.3,106,795.315,265.623,227,648.341,4742.109
20251124B07,システム約定結果,落札量合計（電源属地別）[MW],24,454.919,732.157,485.3,106,520.059,265.623,86.333,328,3002.391
20251124B07,システム約定結果,応札件数（電源属地別）[件],6,5,33,6,1,7,7,7,11,83
20251124B07,システム約定結果,落札件数（電源属地別）[件],2,5,27,6,1,7,7,5,6,66
20251124B07,システム約定結果,最高落札価格（電源属地別）[円/kW・30分],10,19.51,19.51,19.51,2.4,19.49,19.49,1.64,2.61,19.51
20251124B07,システム約定結果,最低落札価格（電源属地別）[円/kW・30分],2.5,1.67,0.73,1.42,2.4,1.5,0.8,0.36,0.57,0.36
20251124B07,システム約定結果,平均落札価格（電源属地別）[円/kW・30分],5.63,3.19,4.6,2.27,2.4,3.42,1.5,0.6,1.13,2.97
20251124B07,システム約定結果,最高落札価格（TSO別）[円/kW・30分],10,19.51,19.51,19.51,2.4,19.49,19.49,1.64,2.61,19.51
20251124B07,システム約定結果,最低落札価格（TSO別）[円/kW・30分],2.5,1.67,0.73,1.42,2.4,0.4,0.8,0.36,0.57,0.36
20251124B07,システム約定結果,平均落札価格（TSO別）[円/kW・30分],4.91,3.19,4.6,2.27,2.4,3.4,1.5,0.61,1.13,2.97
20251124B07,システム約定結果,落札量合計（TSO別）[MW],32,446.919,732.157,485.3,106,523.215,265.8,83,328,3002.391
20251124B07,システム約定結果,（内訳）自エリアからの落札量[MW],24,446.919,732.157,485.3,106,520.059,265.623,83,328,2991.058
20251124B07,追加調達結果,募集量（TSO別）[MW],-,-,-,-,-,-,-,-,-,-
20251124B07,追加調達結果,応札量合計（電源属地別）[MW],0,0,0,0,0,0,0,0,0,0
20251124B07,追加調達結果,約定量合計（電源属地別）[MW],0,0,0,0,0,0,0,0,0,0
20251124B07,追加調達結果,応札件数（電源属地別）[件],0,0,0,0,0,0,0,0,0,0
20251124B07,追加調達結果,約定件数（電源属地別）[件],0,0,0,0,0,0,0,0,0,0
20251124B07,追加調達結果,最高約定価格（電源属地別）[円/kW・30分],0,0,0,0,0,0,0,0,0,0
20251124B07,追加調達結果,最低約定価格（電源属地別）[円/kW・30分],0,0,0,0,0,0,0,0,0,0
20251124B07,追加調達結果,平均約定価格（電源属地別）[円/kW・30分],0,0,0,0,0,0,0,0,0,0
20251124B07,追加調達結果,最高約定価格（TSO別）[円/kW・30分],0,0,0,0,0,0,0,0,0,0
20251124B07,追加調達結果,最低約定価格（TSO別）[円/kW・30分],0,0,0,0,0,0,0,0,0,0
20251124B07,追加調達結果,平均約定価格（TSO別）[円/kW・30分],0,0,0,0,0,0,0,0,0,0
20251124B07,追加調達結果,約定量合計（TSO別）[MW],0,0,0,0,0,0,0,0,0,0
20251124B07,追加調達結果,（内訳）自エリアからの約定量[MW],0,0,0,0,0,0,0,0,0,0
20251124B07,合計（確報値）,募集量（TSO別）[MW],32,263,426,206,106,574,305,83,328,2323
20251124B07,合計（確報値）,応札量合計（電源属地別）[MW],399.74,454.919,1359.871,1352.464,106,795.315,265.623,227,648.341,5609.273
20251124B07,合計（確報値）,約定量合計（電源属地別）[MW],24,454.919,732.157,485.3,106,520.059,265.623,86.333,328,3002.391
20251124B07,合計（確報値）,応札件数（電源属地別）[件],6,5,33,40,1,7,7,7,11,117
20251124B07,合計（確報値）,約定件数（電源属地別）[件],2,5,27,22,1,7,7,5,6,82
20251124B07,合計（確報値）,最高約定価格（電源属地別）[円/kW・30分],10,19.51,19.51,19.51,2.4,19.49,19.49,1.64,2.61,19.51
20251124B07,合計（確報値）,最低約定価格（電源属地別）[円/kW・30分],2.5,1.67,0.73,0.36,2.4,1.5,0.8,0.36,0.57,0.36
20251124B07,合計（確報値）,平均約定価格（電源属地別）[円/kW・30分],5.63,3.19,4.6,0.66,2.4,3.42,1.5,0.6,1.13,2.71
20251124B07,合計（確報値）,最高約定価格（TSO別）[円/kW・30分],10,19.51,19.51,19.51,2.4,19.49,19.49,1.64,2.61,19.51
20251124B07,合計（確報値）,最低約定価格（TSO別）[円/kW・30分],2.5,1.67,0.73,0.36,2.4,0.4,0.8,0.36,0.57,0.36
20251124B07,合計（確報値）,平均約定価格（TSO別）[円/kW・30分],4.91,3.19,4.6,0.66,2.4,3.4,1.5,0.61,1.13,2.71
20251124B07,合計（確報値）,約定量合計（TSO別）[MW],32,446.919,732.157,485.3,106,523.215,265.8,83,328,3002.391
20251124B07,合計（確報値）,（内訳）自エリアからの約定量[MW],24,446.919,732.157,485.3,106,520.059,265.623,83,328,2991.058
20251124B08,システム約定結果,募集量（TSO別）[MW],39,138,408,230,105,462,197,88,298,1965
20251124B08,システム約定結果,応札量合計（電源属地別）[MW],314.75,274.919,692.152,616.3,105,795.315,112.794,89,481.907,3482.137
20251124B08,システム約定結果,落札量合計（電源属地別）[MW],44,274.919,480.622,616.3,105,408.422,112.794,63.799,223.907,2329.763
20251124B08,システム約定結果,応札件数（電源属地別）[件],4,4,21,8,1,7,4,5,10,64
20251124B08,システム約定結果,落札件数（電源属地別）[件],3,4,19,8,1,7,4,4,8,58
20251124B08,システム約定結果,最高落札価格（電源属地別）[円/kW・30分],14.63,19.51,19.51,19.51,1.67,19.49,19.49,5.18,19.51,19.51
20251124B08,システム約定結果,最低落札価格（電源属地別）[円/kW・30分],8.9,3.5,0.73,2.07,1.67,0.45,0.38,0.57,0.36,0.36
20251124B08,システム約定結果,平均落札価格（電源属地別）[円/kW・30分],11.29,4.85,3.27,2.75,1.67,3.7,0.69,1.91,1.31,3.12
20251124B08,システム約定結果,最高落札価格（TSO別）[円/kW・30分],14.63,19.51,19.51,19.51,1.67,19.49,19.49,8.46,19.51,19.51
20251124B08,システム約定結果,最低落札価格（TSO別）[円/kW・30分],8.9,3.5,0.73,2.07,1.67,0.45,0.38,0.38,0.36,0.36
20251124B08,システム約定結果,平均落札価格（TSO別）[円/kW・30分],11.29,4.85,3.27,2.75,1.67,3.74,0.73,1.79,1.31,3.12
20251124B08,システム約定結果,落札量合計（TSO別）[MW],44,274.919,480.622,616.3,105,396.215,100.8,88,223.907,2329.763
20251124B08,システム約定結果,（内訳）自エリアからの落札量[MW],44,274.919,480.622,616.3,105,396.215,97.001,60,223.907,2297.964
20251124B08,追加調達結果,募集量（TSO別）[MW],-,-,-,-,-,-,-,-,-,-
20251124B08,追加調達結果,応札量合計（電源属地別）[MW],0,0,0,0,0,0,0,0,0,0
20251124B08,追加調達結果,約定量合計（電源属地別）[MW],0,0,0,0,0,0,0,0,0,0
20251124B08,追加調達結果,応札件数（電源属地別）[件],0,0,0,0,0,0,0,0,0,0
20251124B08,追加調達結果,約定件数（電源属地別）[件],0,0,0,0,0,0,0,0,0,0
20251124B08,追加調達結果,最高約定価格（電源属地別）[円/kW・30分],0,0,0,0,0,0,0,0,0,0
20251124B08,追加調達結果,最低約定価格（電源属地別）[円/kW・30分],0,0,0,0,0,0,0,0,0,0
20251124B08,追加調達結果,平均約定価格（電源属地別）[円/kW・30分],0,0,0,0,0,0,0,0,0,0
20251124B08,追加調達結果,最高約定価格（TSO別）[円/kW・30分],0,0,0,0,0,0,0,0,0,0
20251124B08,追加調達結果,最低約定価格（TSO別）[円/kW・30分],0,0,0,0,0,0,0,0,0,0
20251124B08,追加調達結果,平均約定価格（TSO別）[円/kW・30分],0,0,0,0,0,0,0,0,0,0
20251124B08,追加調達結果,約定量合計（TSO別）[MW],0,0,0,0,0,0,0,0,0,0
20251124B08,追加調達結果,（内訳）自エリアからの約定量[MW],0,0,0,0,0,0,0,0,0,0
20251124B08,合計（確報値）,募集量（TSO別）[MW],39,138,408,230,105,462,197,88,298,1965
20251124B08,合計（確報値）,応札量合計（電源属地別）[MW],314.75,274.919,692.152,1484.466,105,795.315,112.794,89,481.907,4350.303
20251124B08,合計（確報値）,約定量合計（電源属地別）[MW],44,274.919,480.622,616.3,105,408.422,112.794,63.799,223.907,2329.763
20251124B08,合計（確報値）,応札件数（電源属地別）[件],4,4,21,32,1,7,4,5,10,88
20251124B08,合計（確報値）,約定件数（電源属地別）[件],3,4,19,21,1,7,4,4,8,71
20251124B08,合計（確報値）,最高約定価格（電源属地別）[円/kW・30分],14.63,19.51,19.51,19.51,1.67,19.49,19.49,5.18,19.51,19.51
20251124B08,合計（確報値）,最低約定価格（電源属地別）[円/kW・30分],8.9,3.5,0.73,0.36,1.67,0.45,0.38,0.57,0.36,0.36
20251124B08,合計（確報値）,平均約定価格（電源属地別）[円/kW・30分],11.29,4.85,3.27,1.12,1.67,3.7,0.69,1.91,1.31,2.69
20251124B08,合計（確報値）,最高約定価格（TSO別）[円/kW・30分],14.63,19.51,19.51,19.51,1.67,19.49,19.49,8.46,19.51,19.51
20251124B08,合計（確報値）,最低約定価格（TSO別）[円/kW・30分],8.9,3.5,0.73,0.36,1.67,0.45,0.38,0.38,0.36,0.36
20251124B08,合計（確報値）,平均約定価格（TSO別）[円/kW・30分],11.29,4.85,3.27,1.12,1.67,3.74,0.73,1.79,1.31,2.69
20251124B08,合計（確報値）,約定量合計（TSO別）[MW],44,274.919,480.622,616.3,105,396.215,100.8,88,223.907,2329.763
20251124B08,合計（確報値）,（内訳）自エリアからの約定量[MW],44,274.919,480.622,616.3,105,396.215,97.001,60,223.907,2297.964
20251125B01,システム約定結果,募集量（TSO別）[MW],55,163,306,41,86,281,189,95,198,1414
20251125B01,システム約定結果,応札量合計（電源属地別）[MW],154.84,260.419,858.651,1139.362,86,795.315,110.994,183,483.796,4072.377
20251125B01,システム約定結果,落札量合計（電源属地別）[MW],13,260.419,306.176,1114.117,86,271.822,76.082,58.085,63.796,2249.497
20251125B01,システム約定結果,応札件数（電源属地別）[件],5,3,21,16,1,7,3,6,11,73
20251125B01,システム約定結果,落札件数（電源属地別）[件],1,3,18,16,1,7,3,4,9,62
20251125B01,システム約定結果,最高落札価格（電源属地別）[円/kW・30分],4.5,19.51,19.51,19.51,1.96,19.49,0.36,4.63,19.51,19.51
20251125B01,システム約定結果,最低落札価格（電源属地別）[円/kW・30分],4.5,3.78,1.56,1.85,1.96,0.36,0.36,0.79,0.36,0.36
20251125B01,システム約定結果,平均落札価格（電源属地別）[円/kW・30分],4.5,4.3,2.54,2.75,1.96,6,0.36,1.93,3.94,3.21
20251125B01,システム約定結果,最高落札価格（TSO別）[円/kW・30分],4.5,19.51,19.51,4.01,2.99,19.51,19.49,9.72,19.51,19.51
20251125B01,システム約定結果,最低落札価格（TSO別）[円/kW・30分],3.78,3.78,1.56,1.86,1.91,0.36,0.36,0.36,0.36,0.36
20251125B01,システム約定結果,平均落札価格（TSO別）[円/kW・30分],3.95,4.4,2.54,2.79,1.97,4.29,1.71,5.32,3.94,3.21
20251125B01,システム約定結果,落札量合計（TSO別）[MW],55,218.419,306.176,819.208,142,386.09,163.808,95,63.796,2249.497
20251125B01,システム約定結果,（内訳）自エリアからの落札量[MW],13,218.419,306.176,819.208,86,228.832,76.072,52,63.796,1863.503
20251125B01,追加調達結果,募集量（TSO別）[MW],-,-,-,-,-,-,-,-,-,-
20251125B01,追加調達結果,応札量合計（電源属地別）[MW],0,0,0,0,0,0,0,0,0,0
20251125B01,追加調達結果,約定量合計（電源属地別）[MW],0,0,0,0,0,0,0,0,0,0
20251125B01,追加調達結果,応札件数（電源属地別）[件],0,0,0,0,0,0,0,0,0,0
20251125B01,追加調達結果,約定件数（電源属地別）[件],0,0,0,0,0,0,0,0,0,0
20251125B01,追加調達結果,最高約定価格（電源属地別）[円/kW・30分],0,0,0,0,0,0,0,0,0,0
20251125B01,追加調達結果,最低約定価格（電源属地別）[円/kW・30分],0,0,0,0,0,0,0,0,0,0
20251125B01,追加調達結果,平均約定価格（電源属地別）[円/kW・30分],0,0,0,0,0,0,0,0,0,0
20251125B01,追加調達結果,最高約定価格（TSO別）[円/kW・30分],0,0,0,0,0,0,0,0,0,0
20251125B01,追加調達結果,最低約定価格（TSO別）[円/kW・30分],0,0,0,0,0,0,0,0,0,0
20251125B01,追加調達結果,平均約定価格（TSO別）[円/kW・30分],0,0,0,0,0,0,0,0,0,0
20251125B01,追加調達結果,約定量合計（TSO別）[MW],0,0,0,0,0,0,0,0,0,0
20251125B01,追加調達結果,（内訳）自エリアからの約定量[MW],0,0,0,0,0,0,0,0,0,0
20251125B01,合計（確報値）,募集量（TSO別）[MW],55,163,306,41,86,281,189,95,198,1414
20251125B01,合計（確報値）,応札量合計（電源属地別）[MW],154.84,260.419,858.651,1655.923,86,795.315,110.994,183,483.796,4588.938
20251125B01,合計（確報値）,約定量合計（電源属地別）[MW],13,260.419,306.176,1114.117,86,271.822,76.082,58.085,63.796,2249.497
20251125B01,合計（確報値）,応札件数（電源属地別）[件],5,3,21,37,1,7,3,6,11,94
20251125B01,合計（確報値）,約定件数（電源属地別）[件],1,3,18,34,1,7,3,4,9,80
20251125B01,合計（確報値）,最高約定価格（電源属地別）[円/kW・30分],4.5,19.51,19.51,19.51,1.96,19.49,0.36,4.63,19.51,19.51
20251125B01,合計（確報値）,最低約定価格（電源属地別）[円/kW・30分],4.5,3.78,1.56,0.36,1.96,0.36,0.36,0.79,0.36,0.36
20251125B01,合計（確報値）,平均約定価格（電源属地別）[円/kW・30分],4.5,4.3,2.54,1.89,1.96,6,0.36,1.93,3.94,2.78
20251125B01,合計（確報値）,最高約定価格（TSO別）[円/kW・30分],4.5,19.51,19.51,4.01,1.99,19.51,19.49,9.72,19.51,19.51
20251125B01,合計（確報値）,最低約定価格（TSO別）[円/kW・30分],3.78,3.78,1.56,0.36,0.36,0.36,0.36,0.36,0.36,0.36
20251125B01,合計（確報値）,平均約定価格（TSO別）[円/kW・30分],3.95,4.4,2.54,1.85,1.94,4.16,0.82,5.32,3.94,2.78
20251125B01,合計（確報値）,約定量合計（TSO別）[MW],55,218.419,306.176,819.208,142,386.09,163.808,95,63.796,2249.497
20251125B01,合計（確報値）,（内訳）自エリアからの約定量[MW],13,218.419,306.176,819.208,86,228.832,76.072,52,63.796,1863.503
20251125B02,システム約定結果,募集量（TSO別）[MW],28,333,301,158,92,380,189,99,300,1880
20251125B02,システム約定結果,応札量合計（電源属地別）[MW],138.74,454.919,493.927,564.3,92,795.315,112.794,185,404.796,3241.791
20251125B02,システム約定結果,落札量合計（電源属地別）[MW],14,454.919,361.827,564.3,92,288.315,77.882,70.733,192.796,2116.772
20251125B02,システム約定結果,応札件数（電源属地別）[件],4,5,19,10,1,7,4,6,11,67
20251125B02,システム約定結果,落札件数（電源属地別）[件],2,5,17,10,1,7,4,5,10,61
20251125B02,システム約定結果,最高落札価格（電源属地別）[円/kW・30分],9.5,19.51,19.51,19.51,2.05,19.49,19.49,8.26,19.51,19.51
20251125B02,システム約定結果,最低落札価格（電源属地別）[円/kW・30分],9,1.59,0.73,0.8,2.05,0.36,0.36,0.62,0.36,0.36
20251125B02,システム約定結果,平均落札価格（電源属地別）[円/kW・30分],9.37,3.65,2.53,2.06,2.05,4.9,0.8,2.44,1.61,2.84
20251125B02,システム約定結果,最高落札価格（TSO別）[円/kW・30分],9.5,19.51,19.51,3.53,19.51,19.49,19.49,8.26,19.51,19.51
20251125B02,システム約定結果,最低落札価格（TSO別）[円/kW・30分],3.66,1.59,0.73,0.8,2.05,0.36,0.36,0.62,0.36,0.36
20251125B02,システム約定結果,平均落札価格（TSO別）[円/kW・30分],6.51,3.65,2.53,1.67,3.78,4.54,0.8,2.76,1.46,2.84
20251125B02,システム約定結果,落札量合計（TSO別）[MW],28,440.919,361.827,435.127,91.283,343.215,79.605,99,237.796,2116.772
20251125B02,システム約定結果,（内訳）自エリアからの落札量[MW],14,440.919,361.827,435.127,67,279.315,77.872,65,192.796,1933.856
20251125B02,追加調達結果,募集量（TSO別）[MW],-,-,-,-,-,-,-,-,-,-
20251125B02,追加調達結果,応札量合計（電源属地別）[MW],0,0,0,0,0,0,0,0,0,0
20251125B02,追加調達結果,約定量合計（電源属地別）[MW],0,0,0,0,0,0,0,0,0,0
20251125B02,追加調達結果,応札件数（電源属地別）[件],0,0,0,0,0,0,0,0,0,0
20251125B02,追加調達結果,約定件数（電源属地別）[件],0,0,0,0,0,0,0,0,0,0
20251125B02,追加調達結果,最高約定価格（電源属地別）[円/kW・30分],0,0,0,0,0,0,0,0,0,0
20251125B02,追加調達結果,最低約定価格（電源属地別）[円/kW・30分],0,0,0,0,0,0,0,0,0,0
20251125B02,追加調達結果,平均約定価格（電源属地別）[円/kW・30分],0,0,0,0,0,0,0,0,0,0
20251125B02,追加調達結果,最高約定価格（TSO別）[円/kW・30分],0,0,0,0,0,0,0,0,0,0
20251125B02,追加調達結果,最低約定価格（TSO別）[円/kW・30分],0,0,0,0,0,0,0,0,0,0
20251125B02,追加調達結果,平均約定価格（TSO別）[円/kW・30分],0,0,0,0,0,0,0,0,0,0
20251125B02,追加調達結果,約定量合計（TSO別）[MW],0,0,0,0,0,0,0,0,0,0
20251125B02,追加調達結果,（内訳）自エリアからの約定量[MW],0,0,0,0,0,0,0,0,0,0
20251125B02,合計（確報値）,募集量（TSO別）[MW],28,333,301,158,92,380,189,99,300,1880
20251125B02,合計（確報値）,応札量合計（電源属地別）[MW],138.74,454.919,493.927,1055.555,92,795.315,112.794,185,404.796,3733.046
20251125B02,合計（確報値）,約定量合計（電源属地別）[MW],14,454.919,361.827,564.3,92,288.315,77.882,70.733,192.796,2116.772
20251125B02,合計（確報値）,応札件数（電源属地別）[件],4,5,19,24,1,7,4,6,11,81
20251125B02,合計（確報値）,約定件数（電源属地別）[件],2,5,17,21,1,7,4,5,10,72
20251125B02,合計（確報値）,最高約定価格（電源属地別）[円/kW・30分],9.5,19.51,19.51,19.51,2.05,19.49,19.49,8.26,19.51,19.51
20251125B02,合計（確報値）,最低約定価格（電源属地別）[円/kW・30分],9,1.59,0.73,0.36,2.05,0.36,0.36,0.62,0.36,0.36
20251125B02,合計（確報値）,平均約定価格（電源属地別）[円/kW・30分],9.37,3.65,2.53,0.96,2.05,4.9,0.8,2.44,1.61,2.55
20251125B02,合計（確報値）,最高約定価格（TSO別）[円/kW・30分],9.5,19.51,19.51,3.53,19.51,19.49,19.49,8.26,19.51,19.51
20251125B02,合計（確報値）,最低約定価格（TSO別）[円/kW・30分],3.66,1.59,0.73,0.36,0.36,0.36,0.36,0.62,0.36,0.36
20251125B02,合計（確報値）,平均約定価格（TSO別）[円/kW・30分],6.51,3.65,2.53,0.7,3.67,4.04,0.8,2.76,1.38,2.55
20251125B02,合計（確報値）,約定量合計（TSO別）[MW],28,440.919,361.827,435.127,91.283,343.215,79.605,99,237.796,2116.772
20251125B02,合計（確報値）,（内訳）自エリアからの約定量[MW],14,440.919,361.827,435.127,67,279.315,77.872,65,192.796,1933.856
20251125B03,システム約定結果,募集量（TSO別）[MW],134,932,447,400,127,605,284,174,427,3530
20251125B03,システム約定結果,応札量合計（電源属地別）[MW],148.74,634.919,474.921,483.44,127,969.215,112.794,189,438.22,3578.249
20251125B03,システム約定結果,落札量合計（電源属地別）[MW],63,634.919,349.921,483.44,127,969.215,112.794,155,183.758,3079.047
20251125B03,システム約定結果,応札件数（電源属地別）[件],5,6,18,5,2,8,4,6,10,64
20251125B03,システム約定結果,落札件数（電源属地別）[件],4,6,16,5,2,8,4,6,9,60
20251125B03,システム約定結果,最高落札価格（電源属地別）[円/kW・30分],19.46,19.51,19.51,19.51,3.15,19.51,19.51,7.77,19.51,19.51
20251125B03,システム約定結果,最低落札価格（電源属地別）[円/kW・30分],9,2.01,0.92,0.75,3.1,0.44,0.42,0.36,0.47,0.36
20251125B03,システム約定結果,平均落札価格（電源属地別）[円/kW・30分],18.76,3.5,2.04,2.12,3.12,2.59,0.74,2.13,2.01,2.87
20251125B03,システム約定結果,最高落札価格（TSO別）[円/kW・30分],19.46,19.51,19.51,19.51,4.01,19.51,19.51,7.77,19.51,19.51
20251125B03,システム約定結果,最低落札価格（TSO別）[円/kW・30分],3.99,0.44,0.92,0.44,0.75,0.44,0.42,0.36,0.44,0.36
20251125B03,システム約定結果,平均落札価格（TSO別）[円/kW・30分],10.93,2.88,2.23,1.9,2.99,3.34,3.24,1.73,1.32,2.87
20251125B03,システム約定結果,落札量合計（TSO別）[MW],134,783.505,298.921,520.174,127,525.215,177.012,174,339.22,3079.047
20251125B03,システム約定結果,（内訳）自エリアからの落札量[MW],63,563.919,298.921,419.093,74,525.215,97.206,134.093,183.758,2359.205
20251125B03,追加調達結果,募集量（TSO別）[MW],-,-,-,-,-,-,-,-,-,-
20251125B03,追加調達結果,応札量合計（電源属地別）[MW],0,0,0,0,0,0,0,0,0,0
20251125B03,追加調達結果,約定量合計（電源属地別）[MW],0,0,0,0,0,0,0,0,0,0
20251125B03,追加調達結果,応札件数（電源属地別）[件],0,0,0,0,0,0,0,0,0,0
20251125B03,追加調達結果,約定件数（電源属地別）[件],0,0,0,0,0,0,0,0,0,0
20251125B03,追加調達結果,最高約定価格（電源属地別）[円/kW・30分],0,0,0,0,0,0,0,0,0,0
20251125B03,追加調達結果,最低約定価格（電源属地別）[円/kW・30分],0,0,0,0,0,0,0,0,0,0
20251125B03,追加調達結果,平均約定価格（電源属地別）[円/kW・30分],0,0,0,0,0,0,0,0,0,0
20251125B03,追加調達結果,最高約定価格（TSO別）[円/kW・30分],0,0,0,0,0,0,0,0,0,0
20251125B03,追加調達結果,最低約定価格（TSO別）[円/kW・30分],0,0,0,0,0,0,0,0,0,0
20251125B03,追加調達結果,平均約定価格（TSO別）[円/kW・30分],0,0,0,0,0,0,0,0,0,0
20251125B03,追加調達結果,約定量合計（TSO別）[MW],0,0,0,0,0,0,0,0,0,0
20251125B03,追加調達結果,（内訳）自エリアからの約定量[MW],0,0,0,0,0,0,0,0,0,0
20251125B03,合計（確報値）,募集量（TSO別）[MW],134,932,447,400,127,605,284,174,427,3530
20251125B03,合計（確報値）,応札量合計（電源属地別）[MW],148.74,634.919,474.921,994.049,168,969.215,112.794,189,438.22,4129.858
20251125B03,合計（確報値）,約定量合計（電源属地別）[MW],63,634.919,349.921,483.44,108,969.215,112.794,155,183.758,3060.047
20251125B03,合計（確報値）,応札件数（電源属地別）[件],5,6,18,22,5,8,4,6,10,84
20251125B03,合計（確報値）,約定件数（電源属地別）[件],4,6,16,19,4,8,4,6,9,76
20251125B03,合計（確報値）,最高約定価格（電源属地別）[円/kW・30分],19.46,19.51,19.51,19.51,3.1,19.51,19.51,7.77,19.51,19.51
20251125B03,合計（確報値）,最低約定価格（電源属地別）[円/kW・30分],9,2.01,0.92,0.36,0.35,0.44,0.42,0.36,0.47,0.35
20251125B03,合計（確報値）,平均約定価格（電源属地別）[円/kW・30分],18.76,3.5,2.04,0.59,2.06,2.59,0.74,2.13,2.01,2.59
20251125B03,合計（確報値）,最高約定価格（TSO別）[円/kW・30分],19.46,19.51,19.51,19.51,3.1,19.51,19.51,7.77,19.51,19.51
20251125B03,合計（確報値）,最低約定価格（TSO別）[円/kW・30分],3.99,0.35,0.92,0.36,0.35,0.44,0.42,0.36,0.36,0.35
20251125B03,合計（確報値）,平均約定価格（TSO別）[円/kW・30分],10.93,2.84,2.23,0.73,0.99,3.34,3.24,1.73,1.31,2.59
20251125B03,合計（確報値）,約定量合計（TSO別）[MW],134,783.505,298.921,520.174,108,525.215,177.012,174,339.22,3060.047
20251125B03,合計（確報値）,（内訳）自エリアからの約定量[MW],63,563.919,298.921,419.093,55,525.215,97.206,134.093,183.758,2340.205
20251125B04,システム約定結果,募集量（TSO別）[MW],116,222,375,264,194,869,486,219,604,3349
20251125B04,システム約定結果,応札量合計（電源属地別）[MW],494.54,444.5,1096.043,7.718,194,920,41.647,219,671.805,4089.253
20251125B04,システム約定結果,落札量合計（電源属地別）[MW],38.8,444.5,635.613,7.718,194,918,41.647,162,632.15,3074.428
20251125B04,システム約定結果,応札件数（電源属地別）[件],8,3,34,4,2,6,2,6,10,75
20251125B04,システム約定結果,落札件数（電源属地別）[件],3,3,27,4,2,5,2,6,10,62
20251125B04,システム約定結果,最高落札価格（電源属地別）[円/kW・30分],6,19.51,19.51,19.51,2.36,9.89,19.51,8.65,19.51,19.51
20251125B04,システム約定結果,最低落札価格（電源属地別）[円/kW・30分],1.07,2.52,0.37,19.47,2.31,0.36,0.36,0.36,0.36,0.36
20251125B04,システム約定結果,平均落札価格（電源属地別）[円/kW・30分],3.33,4.1,1.42,19.49,2.33,3.5,0.82,1.34,2.8,2.83
20251125B04,システム約定結果,最高落札価格（TSO別）[円/kW・30分],6,19.51,19.51,0.46,19.51,9.89,19.51,8.65,19.51,19.51
20251125B04,システム約定結果,最低落札価格（TSO別）[円/kW・30分],1.07,2.52,0.37,0.37,2.31,0.36,0.36,0.36,0.36,0.36
20251125B04,システム約定結果,平均落札価格（TSO別）[円/kW・30分],4.01,4.57,2.4,0.4,3.01,3.46,2.63,0.82,3.16,2.83
20251125B04,システム約定結果,落札量合計（TSO別）[MW],116,255.3,323.605,264,193.718,796,381,219,525.805,3074.428
20251125B04,システム約定結果,（内訳）自エリアからの落札量[MW],38.8,255.3,323.605,0,186,739.992,41.647,145.364,525.805,2256.513
20251125B04,追加調達結果,募集量（TSO別）[MW],-,-,-,-,-,-,-,-,-,-
20251125B04,追加調達結果,応札量合計（電源属地別）[MW],0,0,0,0,0,0,0,0,0,0
20251125B04,追加調達結果,約定量合計（電源属地別）[MW],0,0,0,0,0,0,0,0,0,0
20251125B04,追加調達結果,応札件数（電源属地別）[件],0,0,0,0,0,0,0,0,0,0
20251125B04,追加調達結果,約定件数（電源属地別）[件],0,0,0,0,0,0,0,0,0,0
20251125B04,追加調達結果,最高約定価格（電源属地別）[円/kW・30分],0,0,0,0,0,0,0,0,0,0
20251125B04,追加調達結果,最低約定価格（電源属地別）[円/kW・30分],0,0,0,0,0,0,0,0,0,0
20251125B04,追加調達結果,平均約定価格（電源属地別）[円/kW・30分],0,0,0,0,0,0,0,0,0,0
20251125B04,追加調達結果,最高約定価格（TSO別）[円/kW・30分],0,0,0,0,0,0,0,0,0,0
20251125B04,追加調達結果,最低約定価格（TSO別）[円/kW・30分],0,0,0,0,0,0,0,0,0,0
20251125B04,追加調達結果,平均約定価格（TSO別）[円/kW・30分],0,0,0,0,0,0,0,0,0,0
20251125B04,追加調達結果,約定量合計（TSO別）[MW],0,0,0,0,0,0,0,0,0,0
20251125B04,追加調達結果,（内訳）自エリアからの約定量[MW],0,0,0,0,0,0,0,0,0,0
20251125B04,合計（確報値）,募集量（TSO別）[MW],116,222,375,264,194,869,486,219,604,3349
20251125B04,合計（確報値）,応札量合計（電源属地別）[MW],494.54,444.5,1096.043,7.718,248,920,41.647,219,671.805,4143.253
20251125B04,合計（確報値）,約定量合計（電源属地別）[MW],38.8,444.5,635.613,7.718,175,918,41.647,162,632.15,3055.428
20251125B04,合計（確報値）,応札件数（電源属地別）[件],8,3,34,4,4,6,2,6,10,77
20251125B04,合計（確報値）,約定件数（電源属地別）[件],3,3,27,4,3,5,2,6,10,63
20251125B04,合計（確報値）,最高約定価格（電源属地別）[円/kW・30分],6,19.51,19.51,19.51,2.31,9.89,19.51,8.65,19.51,19.51
20251125B04,合計（確報値）,最低約定価格（電源属地別）[円/kW・30分],1.07,2.52,0.37,19.47,0.35,0.36,0.36,0.36,0.36,0.35
20251125B04,合計（確報値）,平均約定価格（電源属地別）[円/kW・30分],3.33,4.1,1.42,19.49,1.71,3.5,0.82,1.34,2.8,2.8
20251125B04,合計（確報値）,最高約定価格（TSO別）[円/kW・30分],6,19.51,19.51,0.46,19.51,9.89,19.51,8.65,19.51,19.51
20251125B04,合計（確報値）,最低約定価格（TSO別）[円/kW・30分],1.07,2.52,0.37,0.37,0.35,0.36,0.36,0.36,0.36,0.35
20251125B04,合計（確報値）,平均約定価格（TSO別）[円/kW・30分],4.01,4.57,2.4,0.4,2.46,3.46,2.63,0.82,3.16,2.8
20251125B04,合計（確報値）,約定量合計（TSO別）[MW],116,255.3,323.605,264,174.718,796,381,219,525.805,3055.428
20251125B04,合計（確報値）,（内訳）自エリアからの約定量[MW],38.8,255.3,323.605,0,167,739.992,41.647,145.364,525.805,2237.513
20251125B05,システム約定結果,募集量（TSO別）[MW],32,217,293,383,194,588,361,145,537,2750
20251125B05,システム約定結果,応札量合計（電源属地別）[MW],386.75,454.919,1203.331,7.718,194,795.315,113.794,189,627.119,3971.946
20251125B05,システム約定結果,落札量合計（電源属地別）[MW],23,454.919,297.237,7.718,194,789.911,113.794,92,427.119,2399.698
20251125B05,システム約定結果,応札件数（電源属地別）[件],5,5,33,4,2,7,5,6,13,80
20251125B05,システム約定結果,落札件数（電源属地別）[件],2,5,25,4,2,7,5,6,12,68
20251125B05,システム約定結果,最高落札価格（電源属地別）[円/kW・30分],10,19.51,19.51,19.51,2.49,19.51,19.51,8.64,19.51,19.51
20251125B05,システム約定結果,最低落札価格（電源属地別）[円/kW・30分],1.17,2.5,0.34,19.47,2.44,0.36,0.36,0.36,0.36,0.34
20251125B05,システム約定結果,平均落札価格（電源属地別）[円/kW・30分],6.16,4.38,2.65,19.49,2.46,2.25,0.83,3.25,4.21,3.13
20251125B05,システム約定結果,最高落札価格（TSO別）[円/kW・30分],10,19.51,19.51,19.51,2.49,19.51,19.51,8.64,19.51,19.51
20251125B05,システム約定結果,最低落札価格（TSO別）[円/kW・30分],1.17,2.5,0.73,0.35,0.34,0.36,0.36,0.36,0.34,0.34
20251125B05,システム約定結果,平均落札価格（TSO別）[円/kW・30分],5.2,4.61,4.03,2.76,1.45,3.02,1.2,2.06,4.17,3.13
20251125B05,システム約定結果,落札量合計（TSO別）[MW],38,329.586,185.437,277.718,194,527.912,288.8,126.126,432.119,2399.698
20251125B05,システム約定結果,（内訳）自エリアからの落札量[MW],23,329.586,185.437,7.718,100.867,502.779,113.794,68.126,427.119,1758.426
20251125B05,追加調達結果,募集量（TSO別）[MW],-,-,-,-,-,-,-,-,-,-
20251125B05,追加調達結果,応札量合計（電源属地別）[MW],0,0,0,0,0,0,0,0,0,0
20251125B05,追加調達結果,約定量合計（電源属地別）[MW],0,0,0,0,0,0,0,0,0,0
20251125B05,追加調達結果,応札件数（電源属地別）[件],0,0,0,0,0,0,0,0,0,0
20251125B05,追加調達結果,約定件数（電源属地別）[件],0,0,0,0,0,0,0,0,0,0
20251125B05,追加調達結果,最高約定価格（電源属地別）[円/kW・30分],0,0,0,0,0,0,0,0,0,0
20251125B05,追加調達結果,最低約定価格（電源属地別）[円/kW・30分],0,0,0,0,0,0,0,0,0,0
20251125B05,追加調達結果,平均約定価格（電源属地別）[円/kW・30分],0,0,0,0,0,0,0,0,0,0
20251125B05,追加調達結果,最高約定価格（TSO別）[円/kW・30分],0,0,0,0,0,0,0,0,0,0
20251125B05,追加調達結果,最低約定価格（TSO別）[円/kW・30分],0,0,0,0,0,0,0,0,0,0
20251125B05,追加調達結果,平均約定価格（TSO別）[円/kW・30分],0,0,0,0,0,0,0,0,0,0
20251125B05,追加調達結果,約定量合計（TSO別）[MW],0,0,0,0,0,0,0,0,0,0
20251125B05,追加調達結果,（内訳）自エリアからの約定量[MW],0,0,0,0,0,0,0,0,0,0
20251125B05,合計（確報値）,募集量（TSO別）[MW],32,217,293,383,194,588,361,145,537,2750
20251125B05,合計（確報値）,応札量合計（電源属地別）[MW],386.75,634.919,1203.331,7.718,248,795.315,113.794,189,932.119,4510.946
20251125B05,合計（確報値）,約定量合計（電源属地別）[MW],23,454.919,297.237,7.718,175,789.911,113.794,92,427.119,2380.698
20251125B05,合計（確報値）,応札件数（電源属地別）[件],5,10,33,4,4,7,5,6,19,93
20251125B05,合計（確報値）,約定件数（電源属地別）[件],2,9,25,4,3,7,5,6,16,77
20251125B05,合計（確報値）,最高約定価格（電源属地別）[円/kW・30分],10,19.51,19.51,19.51,2.44,19.51,19.51,8.64,19.51,19.51
20251125B05,合計（確報値）,最低約定価格（電源属地別）[円/kW・30分],1.17,2.31,0.34,19.47,0.35,0.36,0.36,0.36,0.36,0.34
20251125B05,合計（確報値）,平均約定価格（電源属地別）[円/kW・30分],6.16,4.3,2.65,19.49,1.8,2.25,0.83,3.25,2.04,2.68
20251125B05,合計（確報値）,最高約定価格（TSO別）[円/kW・30分],10,19.51,19.51,19.51,2.44,19.51,19.51,8.64,19.51,19.51
20251125B05,合計（確報値）,最低約定価格（TSO別）[円/kW・30分],1.17,2.31,0.73,0.35,0.34,0.36,0.36,0.36,0.34,0.34
20251125B05,合計（確報値）,平均約定価格（TSO別）[円/kW・30分],5.17,4.52,4.03,2.56,0.97,3.02,1.2,2.06,2.02,2.68
20251125B05,合計（確報値）,約定量合計（TSO別）[MW],38,329.586,185.437,277.718,175,527.912,288.8,126.126,432.119,2380.698
20251125B05,合計（確報値）,（内訳）自エリアからの約定量[MW],23,329.586,185.437,7.718,81.867,502.779,113.794,68.126,427.119,1739.426
20251125B06,システム約定結果,募集量（TSO別）[MW],36,732,427,402,120,692,340,179,549,3477
20251125B06,システム約定結果,応札量合計（電源属地別）[MW],179.74,814.919,933.722,612.828,120,797.315,393.194,189,671.049,4711.767
20251125B06,システム約定結果,落札量合計（電源属地別）[MW],36,814.919,453.967,109.893,120,795.315,279.226,145,324.049,3078.369
20251125B06,システム約定結果,応札件数（電源属地別）[件],6,7,31,6,1,8,10,6,15,90
20251125B06,システム約定結果,落札件数（電源属地別）[件],2,7,27,5,1,7,10,6,13,78
20251125B06,システム約定結果,最高落札価格（電源属地別）[円/kW・30分],10,19.51,19.51,19.51,4.54,19.51,19.51,7.2,19.51,19.51
20251125B06,システム約定結果,最低落札価格（電源属地別）[円/kW・30分],7.5,0.81,0.37,1.98,4.54,1.5,1.37,0.36,1.73,0.36
20251125B06,システム約定結果,平均落札価格（電源属地別）[円/kW・30分],8.89,2,3.6,3.21,4.54,2.69,2.89,2.38,2.78,2.82
20251125B06,システム約定結果,最高落札価格（TSO別）[円/kW・30分],10,19.51,19.51,19.51,4.54,19.51,19.51,7.2,19.51,19.51
20251125B06,システム約定結果,最低落札価格（TSO別）[円/kW・30分],7.5,0.37,0.73,0.37,1.98,0.36,1.37,0.36,1.37,0.36
20251125B06,システム約定結果,平均落札価格（TSO別）[円/kW・30分],8.89,2.12,4.86,1.94,4.48,2.79,3.24,2.17,2.54,2.82
20251125B06,システム約定結果,落札量合計（TSO別）[MW],36,835.697,281.005,269.077,113,621.215,255.256,179,488.119,3078.369
20251125B06,システム約定結果,（内訳）自エリアからの落札量[MW],36,727.697,193.783,107.077,110.184,606.215,199.012,123.756,324.049,2427.773
20251125B06,追加調達結果,募集量（TSO別）[MW],-,-,-,-,-,-,-,-,-,-
20251125B06,追加調達結果,応札量合計（電源属地別）[MW],0,0,0,0,0,0,0,0,0,0
20251125B06,追加調達結果,約定量合計（電源属地別）[MW],0,0,0,0,0,0,0,0,0,0
20251125B06,追加調達結果,応札件数（電源属地別）[件],0,0,0,0,0,0,0,0,0,0
20251125B06,追加調達結果,約定件数（電源属地別）[件],0,0,0,0,0,0,0,0,0,0
20251125B06,追加調達結果,最高約定価格（電源属地別）[円/kW・30分],0,0,0,0,0,0,0,0,0,0
20251125B06,追加調達結果,最低約定価格（電源属地別）[円/kW・30分],0,0,0,0,0,0,0,0,0,0
20251125B06,追加調達結果,平均約定価格（電源属地別）[円/kW・30分],0,0,0,0,0,0,0,0,0,0
20251125B06,追加調達結果,最高約定価格（TSO別）[円/kW・30分],0,0,0,0,0,0,0,0,0,0
20251125B06,追加調達結果,最低約定価格（TSO別）[円/kW・30分],0,0,0,0,0,0,0,0,0,0
20251125B06,追加調達結果,平均約定価格（TSO別）[円/kW・30分],0,0,0,0,0,0,0,0,0,0
20251125B06,追加調達結果,約定量合計（TSO別）[MW],0,0,0,0,0,0,0,0,0,0
20251125B06,追加調達結果,（内訳）自エリアからの約定量[MW],0,0,0,0,0,0,0,0,0,0
20251125B06,合計（確報値）,募集量（TSO別）[MW],36,732,427,402,120,692,340,179,549,3477
20251125B06,合計（確報値）,応札量合計（電源属地別）[MW],179.74,814.919,933.722,612.828,120,797.315,393.194,189,671.049,4711.767
20251125B06,合計（確報値）,約定量合計（電源属地別）[MW],36,814.919,453.967,109.893,120,795.315,279.226,145,324.049,3078.369
20251125B06,合計（確報値）,応札件数（電源属地別）[件],6,7,31,6,1,8,10,6,15,90
20251125B06,合計（確報値）,約定件数（電源属地別）[件],2,7,27,5,1,7,10,6,13,78
20251125B06,合計（確報値）,最高約定価格（電源属地別）[円/kW・30分],10,19.51,19.51,19.51,4.54,19.51,19.51,7.2,19.51,19.51
20251125B06,合計（確報値）,最低約定価格（電源属地別）[円/kW・30分],7.5,0.81,0.37,1.98,4.54,1.5,1.37,0.36,1.73,0.36
20251125B06,合計（確報値）,平均約定価格（電源属地別）[円/kW・30分],8.89,2,3.6,3.21,4.54,2.69,2.89,2.38,2.78,2.82
20251125B06,合計（確報値）,最高約定価格（TSO別）[円/kW・30分],10,19.51,19.51,19.51,4.54,19.51,19.51,7.2,19.51,19.51
20251125B06,合計（確報値）,最低約定価格（TSO別）[円/kW・30分],7.5,0.37,0.73,0.37,1.98,0.36,1.37,0.36,1.37,0.36
20251125B06,合計（確報値）,平均約定価格（TSO別）[円/kW・30分],8.89,2.12,4.86,1.94,4.48,2.79,3.24,2.17,2.54,2.82
20251125B06,合計（確報値）,約定量合計（TSO別）[MW],36,835.697,281.005,269.077,113,621.215,255.256,179,488.119,3078.369
20251125B06,合計（確報値）,（内訳）自エリアからの約定量[MW],36,727.697,193.783,107.077,110.184,606.215,199.012,123.756,324.049,2427.773
20251125B07,システム約定結果,募集量（TSO別）[MW],32,263,426,206,106,574,305,83,328,2323
20251125B07,システム約定結果,応札量合計（電源属地別）[MW],177.74,454.919,1406.476,236.718,106,969.215,432.841,192,796.205,4772.114
20251125B07,システム約定結果,落札量合計（電源属地別）[MW],24,454.919,708.024,83.718,106,301.315,280.302,78.333,299.747,2336.358
20251125B07,システム約定結果,応札件数（電源属地別）[件],6,5,37,6,1,8,10,7,15,95
20251125B07,システム約定結果,落札件数（電源属地別）[件],2,5,30,5,1,7,10,6,14,80
20251125B07,システム約定結果,最高落札価格（電源属地別）[円/kW・30分],10,19.51,19.51,19.51,4.14,19.49,19.51,6.73,19.51,19.51
20251125B07,システム約定結果,最低落札価格（電源属地別）[円/kW・30分],2.5,1.13,2.09,1.44,4.14,1.5,1.76,0.36,1.76,0.36
20251125B07,システム約定結果,平均落札価格（電源属地別）[円/kW・30分],5.63,2.74,5.93,3.1,4.14,3.9,2.96,1.75,3.21,4.02
20251125B07,システム約定結果,最高落札価格（TSO別）[円/kW・30分],10,19.51,19.51,19.51,4.14,19.51,19.51,6.73,19.51,19.51
20251125B07,システム約定結果,最低落札価格（TSO別）[円/kW・30分],1.13,1.13,2.09,1.44,4.14,1.5,1.76,0.36,1.76,0.36
20251125B07,システム約定結果,平均落札価格（TSO別）[円/kW・30分],4.5,2.76,5.24,4.03,4.14,5.09,3.21,1.55,3.12,4.02
20251125B07,システム約定結果,落札量合計（TSO別）[MW],32,446.919,526.168,88.718,88,523.215,265.8,83,282.538,2336.358
20251125B07,システム約定結果,（内訳）自エリアからの落札量[MW],24,446.919,526.168,83.718,88,301.315,234.133,75,268.08,2047.333
20251125B07,追加調達結果,募集量（TSO別）[MW],-,-,-,-,-,-,-,-,-,-
20251125B07,追加調達結果,応札量合計（電源属地別）[MW],0,0,0,0,0,0,0,0,0,0
20251125B07,追加調達結果,約定量合計（電源属地別）[MW],0,0,0,0,0,0,0,0,0,0
20251125B07,追加調達結果,応札件数（電源属地別）[件],0,0,0,0,0,0,0,0,0,0
20251125B07,追加調達結果,約定件数（電源属地別）[件],0,0,0,0,0,0,0,0,0,0
20251125B07,追加調達結果,最高約定価格（電源属地別）[円/kW・30分],0,0,0,0,0,0,0,0,0,0
20251125B07,追加調達結果,最低約定価格（電源属地別）[円/kW・30分],0,0,0,0,0,0,0,0,0,0
20251125B07,追加調達結果,平均約定価格（電源属地別）[円/kW・30分],0,0,0,0,0,0,0,0,0,0
20251125B07,追加調達結果,最高約定価格（TSO別）[円/kW・30分],0,0,0,0,0,0,0,0,0,0
20251125B07,追加調達結果,最低約定価格（TSO別）[円/kW・30分],0,0,0,0,0,0,0,0,0,0
20251125B07,追加調達結果,平均約定価格（TSO別）[円/kW・30分],0,0,0,0,0,0,0,0,0,0
20251125B07,追加調達結果,約定量合計（TSO別）[MW],0,0,0,0,0,0,0,0,0,0
20251125B07,追加調達結果,（内訳）自エリアからの約定量[MW],0,0,0,0,0,0,0,0,0,0
20251125B07,合計（確報値）,募集量（TSO別）[MW],32,263,426,206,106,574,305,83,328,2323
20251125B07,合計（確報値）,応札量合計（電源属地別）[MW],177.74,454.919,1406.476,312.718,106,969.215,432.841,192,796.205,4848.114
20251125B07,合計（確報値）,約定量合計（電源属地別）[MW],24,454.919,708.024,83.718,106,301.315,280.302,78.333,299.747,2336.358
20251125B07,合計（確報値）,応札件数（電源属地別）[件],6,5,37,8,1,8,10,7,15,97
20251125B07,合計（確報値）,約定件数（電源属地別）[件],2,5,30,6,1,7,10,6,14,81
20251125B07,合計（確報値）,最高約定価格（電源属地別）[円/kW・30分],10,19.51,19.51,19.51,4.14,19.49,19.51,6.73,19.51,19.51
20251125B07,合計（確報値）,最低約定価格（電源属地別）[円/kW・30分],2.5,1.13,2.09,0.36,4.14,1.5,1.76,0.36,1.76,0.36
20251125B07,合計（確報値）,平均約定価格（電源属地別）[円/kW・30分],5.63,2.74,5.93,2.12,4.14,3.9,2.96,1.75,3.21,3.98
20251125B07,合計（確報値）,最高約定価格（TSO別）[円/kW・30分],10,19.51,19.51,19.51,4.14,19.51,19.51,6.73,19.51,19.51
20251125B07,合計（確報値）,最低約定価格（TSO別）[円/kW・30分],1.13,1.13,2.09,0.36,4.14,1.5,1.76,0.36,1.76,0.36
20251125B07,合計（確報値）,平均約定価格（TSO別）[円/kW・30分],4.5,2.76,5.24,3.1,4.14,5.09,3.21,1.55,3.12,3.98
20251125B07,合計（確報値）,約定量合計（TSO別）[MW],32,446.919,526.168,88.718,88,523.215,265.8,83,282.538,2336.358
20251125B07,合計（確報値）,（内訳）自エリアからの約定量[MW],24,446.919,526.168,83.718,88,301.315,234.133,75,268.08,2047.333
20251125B08,システム約定結果,募集量（TSO別）[MW],39,138,408,230,105,462,197,88,298,1965
20251125B08,システム約定結果,応札量合計（電源属地別）[MW],161.75,274.919,1150.459,135.718,105,795.315,157.164,189,662.296,3631.621
20251125B08,システム約定結果,落札量合計（電源属地別）[MW],44.75,274.919,854.859,48.718,105,477.544,92.672,82.799,156.296,2137.557
20251125B08,システム約定結果,応札件数（電源属地別）[件],4,4,21,6,1,7,5,6,10,64
20251125B08,システム約定結果,落札件数（電源属地別）[件],3,4,18,5,1,7,5,5,9,57
20251125B08,システム約定結果,最高落札価格（電源属地別）[円/kW・30分],14.63,19.51,19.51,19.51,2.7,19.49,19.51,5.87,19.51,19.51
20251125B08,システム約定結果,最低落札価格（電源属地別）[円/kW・30分],8.9,3.21,0.92,0.65,2.7,0.45,0.63,0.36,0.67,0.36
20251125B08,システム約定結果,平均落札価格（電源属地別）[円/kW・30分],11.12,4.59,4.42,3.63,2.7,2.83,4.02,1.75,2.16,3.84
20251125B08,システム約定結果,最高落札価格（TSO別）[円/kW・30分],14.63,19.51,19.51,19.51,2.7,19.49,19.51,5.87,19.51,19.51
20251125B08,システム約定結果,最低落札価格（TSO別）[円/kW・30分],8.9,3.21,0.92,0.65,2.7,0.45,0.63,0.36,0.45,0.36
20251125B08,システム約定結果,平均落札価格（TSO別）[円/kW・30分],11.12,4.59,4.48,3.23,2.7,3.06,4.06,1.63,1.97,3.84
20251125B08,システム約定結果,落札量合計（TSO別）[MW],44.75,274.919,826.859,94.718,87,396.215,100.8,88,224.296,2137.557
20251125B08,システム約定結果,（内訳）自エリアからの落札量[MW],44.75,274.919,826.859,48.718,87,396.215,92.672,79,156.296,2006.429
20251125B08,追加調達結果,募集量（TSO別）[MW],-,-,-,-,-,-,-,-,-,-
20251125B08,追加調達結果,応札量合計（電源属地別）[MW],0,0,0,0,0,0,0,0,0,0
20251125B08,追加調達結果,約定量合計（電源属地別）[MW],0,0,0,0,0,0,0,0,0,0
20251125B08,追加調達結果,応札件数（電源属地別）[件],0,0,0,0,0,0,0,0,0,0
20251125B08,追加調達結果,約定件数（電源属地別）[件],0,0,0,0,0,0,0,0,0,0
20251125B08,追加調達結果,最高約定価格（電源属地別）[円/kW・30分],0,0,0,0,0,0,0,0,0,0
20251125B08,追加調達結果,最低約定価格（電源属地別）[円/kW・30分],0,0,0,0,0,0,0,0,0,0
20251125B08,追加調達結果,平均約定価格（電源属地別）[円/kW・30分],0,0,0,0,0,0,0,0,0,0
20251125B08,追加調達結果,最高約定価格（TSO別）[円/kW・30分],0,0,0,0,0,0,0,0,0,0
20251125B08,追加調達結果,最低約定価格（TSO別）[円/kW・30分],0,0,0,0,0,0,0,0,0,0
20251125B08,追加調達結果,平均約定価格（TSO別）[円/kW・30分],0,0,0,0,0,0,0,0,0,0
20251125B08,追加調達結果,約定量合計（TSO別）[MW],0,0,0,0,0,0,0,0,0,0
20251125B08,追加調達結果,（内訳）自エリアからの約定量[MW],0,0,0,0,0,0,0,0,0,0
20251125B08,合計（確報値）,募集量（TSO別）[MW],39,138,408,230,105,462,197,88,298,1965
20251125B08,合計（確報値）,応札量合計（電源属地別）[MW],161.75,274.919,1537.377,176.718,105,795.315,157.164,189,662.296,4059.539
20251125B08,合計（確報値）,約定量合計（電源属地別）[MW],44.75,274.919,854.859,48.718,105,477.544,92.672,82.799,156.296,2137.557
20251125B08,合計（確報値）,応札件数（電源属地別）[件],4,4,33,8,1,7,5,6,10,78
20251125B08,合計（確報値）,約定件数（電源属地別）[件],3,4,28,6,1,7,5,5,9,68
20251125B08,合計（確報値）,最高約定価格（電源属地別）[円/kW・30分],14.63,19.51,19.51,19.51,2.7,19.49,19.51,5.87,19.51,19.51
20251125B08,合計（確報値）,最低約定価格（電源属地別）[円/kW・30分],8.9,3.21,0.36,0.36,2.7,0.45,0.63,0.36,0.67,0.36
20251125B08,合計（確報値）,平均約定価格（電源属地別）[円/kW・30分],11.12,4.59,3.35,3.39,2.7,2.83,4.02,1.75,2.16,3.41
20251125B08,合計（確報値）,最高約定価格（TSO別）[円/kW・30分],14.63,19.51,19.51,19.51,2.7,19.49,19.51,5.87,19.51,19.51
20251125B08,合計（確報値）,最低約定価格（TSO別）[円/kW・30分],8.9,3.21,0.36,0.36,2.7,0.45,0.63,0.36,0.45,0.36
20251125B08,合計（確報値）,平均約定価格（TSO別）[円/kW・30分],11.12,4.59,3.45,2.36,2.7,3.06,4.06,1.63,1.97,3.41
20251125B08,合計（確報値）,約定量合計（TSO別）[MW],44.75,274.919,826.859,94.718,87,396.215,100.8,88,224.296,2137.557
20251125B08,合計（確報値）,（内訳）自エリアからの約定量[MW],44.75,274.919,826.859,48.718,87,396.215,92.672,79,156.296,2006.429
20251126B01,システム約定結果,募集量（TSO別）[MW],55,163,306,41,86,281,189,95,198,1414
20251126B01,システム約定結果,応札量合計（電源属地別）[MW],152.85,260.419,748.464,1065.362,86,795.315,155.364,183,862.296,4309.07
20251126B01,システム約定結果,落札量合計（電源属地別）[MW],13,260.419,157.204,1057.117,86,271.822,88.222,58.085,95.296,2087.165
20251126B01,システム約定結果,応札件数（電源属地別）[件],4,3,17,13,1,7,4,6,11,66
20251126B01,システム約定結果,落札件数（電源属地別）[件],1,3,14,13,1,7,4,4,9,56
20251126B01,システム約定結果,最高落札価格（電源属地別）[円/kW・30分],4.5,19.51,19.51,19.51,2.06,19.49,19.51,5.08,19.51,19.51
20251126B01,システム約定結果,最低落札価格（電源属地別）[円/kW・30分],4.5,3.59,0.39,1.33,2.06,0.36,0.36,0.36,0.36,0.36
20251126B01,システム約定結果,平均落札価格（電源属地別）[円/kW・30分],4.5,4.12,2.96,2.52,2.06,5.29,3.36,1.81,2.69,3.13
20251126B01,システム約定結果,最高落札価格（TSO別）[円/kW・30分],4.5,19.51,19.51,3.81,3.01,19.51,19.51,8.45,19.51,19.51
20251126B01,システム約定結果,最低落札価格（TSO別）[円/kW・30分],3.59,3.59,0.39,1.33,1.33,0.36,0.36,0.36,0.36,0.36
20251126B01,システム約定結果,平均落札価格（TSO別）[円/kW・30分],3.81,4.22,2.96,2.45,2.24,4,3.15,4.6,2.69,3.13
20251126B01,システム約定結果,落札量合計（TSO別）[MW],55,218.419,157.204,829.426,132,386.09,118.73,95,95.296,2087.165
20251126B01,システム約定結果,（内訳）自エリアからの落札量[MW],13,218.419,157.204,829.426,86,228.832,88.212,52,95.296,1768.389
20251126B01,追加調達結果,募集量（TSO別）[MW],-,-,-,-,-,-,-,-,-,-
20251126B01,追加調達結果,応札量合計（電源属地別）[MW],0,0,0,0,0,0,0,0,0,0
20251126B01,追加調達結果,約定量合計（電源属地別）[MW],0,0,0,0,0,0,0,0,0,0
20251126B01,追加調達結果,応札件数（電源属地別）[件],0,0,0,0,0,0,0,0,0,0
20251126B01,追加調達結果,約定件数（電源属地別）[件],0,0,0,0,0,0,0,0,0,0
20251126B01,追加調達結果,最高約定価格（電源属地別）[円/kW・30分],0,0,0,0,0,0,0,0,0,0
20251126B01,追加調達結果,最低約定価格（電源属地別）[円/kW・30分],0,0,0,0,0,0,0,0,0,0
20251126B01,追加調達結果,平均約定価格（電源属地別）[円/kW・30分],0,0,0,0,0,0,0,0,0,0
20251126B01,追加調達結果,最高約定価格（TSO別）[円/kW・30分],0,0,0,0,0,0,0,0,0,0
20251126B01,追加調達結果,最低約定価格（TSO別）[円/kW・30分],0,0,0,0,0,0,0,0,0,0
20251126B01,追加調達結果,平均約定価格（TSO別）[円/kW・30分],0,0,0,0,0,0,0,0,0,0
20251126B01,追加調達結果,約定量合計（TSO別）[MW],0,0,0,0,0,0,0,0,0,0
20251126B01,追加調達結果,（内訳）自エリアからの約定量[MW],0,0,0,0,0,0,0,0,0,0
20251126B01,合計（確報値）,募集量（TSO別）[MW],55,163,306,41,86,281,189,95,198,1414
20251126B01,合計（確報値）,応札量合計（電源属地別）[MW],152.85,260.419,748.464,1542.944,86,795.315,155.364,183,862.296,4786.652
20251126B01,合計（確報値）,約定量合計（電源属地別）[MW],13,260.419,157.204,1057.117,86,271.822,88.222,58.085,95.296,2087.165
20251126B01,合計（確報値）,応札件数（電源属地別）[件],4,3,17,27,1,7,4,6,11,80
20251126B01,合計（確報値）,約定件数（電源属地別）[件],1,3,14,25,1,7,4,4,9,68
20251126B01,合計（確報値）,最高約定価格（電源属地別）[円/kW・30分],4.5,19.51,19.51,19.51,2.06,19.49,19.51,5.08,19.51,19.51
20251126B01,合計（確報値）,最低約定価格（電源属地別）[円/kW・30分],4.5,3.59,0.39,0.36,2.06,0.36,0.36,0.36,0.36,0.36
20251126B01,合計（確報値）,平均約定価格（電源属地別）[円/kW・30分],4.5,4.12,2.96,1.8,2.06,5.29,3.36,1.81,2.69,2.76
20251126B01,合計（確報値）,最高約定価格（TSO別）[円/kW・30分],4.5,19.51,19.51,3.81,3.01,19.51,19.51,8.45,19.51,19.51
20251126B01,合計（確報値）,最低約定価格（TSO別）[円/kW・30分],3.59,3.59,0.39,0.36,0.36,0.36,0.36,0.36,0.36,0.36
20251126B01,合計（確報値）,平均約定価格（TSO別）[円/kW・30分],3.81,4.22,2.96,1.68,2.23,3.69,3.08,4.6,2.69,2.76
20251126B01,合計（確報値）,約定量合計（TSO別）[MW],55,218.419,157.204,829.426,132,386.09,118.73,95,95.296,2087.165
20251126B01,合計（確報値）,（内訳）自エリアからの約定量[MW],13,218.419,157.204,829.426,86,228.832,88.212,52,95.296,1768.389
20251126B02,システム約定結果,募集量（TSO別）[MW],28,333,301,158,92,380,189,99,300,1880
20251126B02,システム約定結果,応札量合計（電源属地別）[MW],136.75,454.919,661.031,641.3,92,921.79,157.164,185,862.296,4112.25
20251126B02,システム約定結果,落札量合計（電源属地別）[MW],14,454.919,266.588,641.3,92,240.89,78.022,70.733,191.296,2049.748
20251126B02,システム約定結果,応札件数（電源属地別）[件],3,5,23,9,1,7,5,6,11,70
20251126B02,システム約定結果,落札件数（電源属地別）[件],2,5,19,9,1,6,5,5,10,62
20251126B02,システム約定結果,最高落札価格（電源属地別）[円/kW・30分],9.5,19.51,19.51,19.51,2.14,19.49,19.51,8.27,19.51,19.51
20251126B02,システム約定結果,最低落札価格（電源属地別）[円/kW・30分],9,1.78,1.99,1.46,2.14,0.36,0.36,0.6,0.36,0.36
20251126B02,システム約定結果,平均落札価格（電源属地別）[円/kW・30分],9.37,3.59,3.67,2.62,2.14,5.56,4.19,2.43,1.65,3.3
20251126B02,システム約定結果,最高落札価格（TSO別）[円/kW・30分],9.5,19.51,19.51,19.47,19.51,19.49,19.51,5.34,19.51,19.51
20251126B02,システム約定結果,最低落札価格（TSO別）[円/kW・30分],3.41,1.78,1.99,1.46,1.46,0.36,0.36,0.6,0.36,0.36
20251126B02,システム約定結果,平均落札価格（TSO別）[円/kW・30分],6.39,3.59,3.67,2.53,3.51,5.1,4.31,1.9,1.61,3.3
20251126B02,システム約定結果,落札量合計（TSO別）[MW],28,440.919,266.588,516.192,87.218,291.79,83.745,99,236.296,2049.748
20251126B02,システム約定結果,（内訳）自エリアからの落札量[MW],14,440.919,266.588,516.192,71,240.89,78.012,65,191.296,1883.897
20251126B02,追加調達結果,募集量（TSO別）[MW],-,-,-,-,-,-,-,-,-,-
20251126B02,追加調達結果,応札量合計（電源属地別）[MW],0,0,0,0,0,0,0,0,0,0
20251126B02,追加調達結果,約定量合計（電源属地別）[MW],0,0,0,0,0,0,0,0,0,0
20251126B02,追加調達結果,応札件数（電源属地別）[件],0,0,0,0,0,0,0,0,0,0
20251126B02,追加調達結果,約定件数（電源属地別）[件],0,0,0,0,0,0,0,0,0,0
20251126B02,追加調達結果,最高約定価格（電源属地別）[円/kW・30分],0,0,0,0,0,0,0,0,0,0
20251126B02,追加調達結果,最低約定価格（電源属地別）[円/kW・30分],0,0,0,0,0,0,0,0,0,0
20251126B02,追加調達結果,平均約定価格（電源属地別）[円/kW・30分],0,0,0,0,0,0,0,0,0,0
20251126B02,追加調達結果,最高約定価格（TSO別）[円/kW・30分],0,0,0,0,0,0,0,0,0,0
20251126B02,追加調達結果,最低約定価格（TSO別）[円/kW・30分],0,0,0,0,0,0,0,0,0,0
20251126B02,追加調達結果,平均約定価格（TSO別）[円/kW・30分],0,0,0,0,0,0,0,0,0,0
20251126B02,追加調達結果,約定量合計（TSO別）[MW],0,0,0,0,0,0,0,0,0,0
20251126B02,追加調達結果,（内訳）自エリアからの約定量[MW],0,0,0,0,0,0,0,0,0,0
20251126B02,合計（確報値）,募集量（TSO別）[MW],28,333,301,158,92,380,189,99,300,1880
20251126B02,合計（確報値）,応札量合計（電源属地別）[MW],136.75,454.919,661.031,1118.882,92,921.79,157.164,185,862.296,4589.832
20251126B02,合計（確報値）,約定量合計（電源属地別）[MW],14,454.919,266.588,641.3,92,240.89,78.022,70.733,191.296,2049.748
20251126B02,合計（確報値）,応札件数（電源属地別）[件],3,5,23,24,1,7,5,6,11,85
20251126B02,合計（確報値）,約定件数（電源属地別）[件],2,5,19,22,1,6,5,5,10,75
20251126B02,合計（確報値）,最高約定価格（電源属地別）[円/kW・30分],9.5,19.51,19.51,19.51,2.14,19.49,19.51,8.27,19.51,19.51
20251126B02,合計（確報値）,最低約定価格（電源属地別）[円/kW・30分],9,1.78,1.99,0.36,2.14,0.36,0.36,0.6,0.36,0.36
20251126B02,合計（確報値）,平均約定価格（電源属地別）[円/kW・30分],9.37,3.59,3.67,1.27,2.14,5.56,4.19,2.43,1.65,2.88
20251126B02,合計（確報値）,最高約定価格（TSO別）[円/kW・30分],9.5,19.51,19.51,19.47,19.51,19.49,19.51,5.34,19.51,19.51
20251126B02,合計（確報値）,最低約定価格（TSO別）[円/kW・30分],3.41,1.78,1.99,0.36,0.36,0.36,0.36,0.36,0.36,0.36
20251126B02,合計（確報値）,平均約定価格（TSO別）[円/kW・30分],6.39,3.59,3.67,1.22,3.39,4.78,4.31,1.52,1.4,2.88
20251126B02,合計（確報値）,約定量合計（TSO別）[MW],28,440.919,266.588,516.192,87.218,291.79,83.745,99,236.296,2049.748
20251126B02,合計（確報値）,（内訳）自エリアからの約定量[MW],14,440.919,266.588,516.192,71,240.89,78.012,65,191.296,1883.897
20251126B03,システム約定結果,募集量（TSO別）[MW],134,932,447,400,127,605,284,174,427,3530
20251126B03,システム約定結果,応札量合計（電源属地別）[MW],146.75,814.919,743.812,596.44,127,921.79,157.164,189,717.22,4414.095
20251126B03,システム約定結果,落札量合計（電源属地別）[MW],15,814.919,545.514,596.44,127,921.79,112.006,155,184.546,3472.215
20251126B03,システム約定結果,応札件数（電源属地別）[件],4,7,20,6,1,7,5,6,11,67
20251126B03,システム約定結果,落札件数（電源属地別）[件],3,7,17,6,1,7,5,6,9,61
20251126B03,システム約定結果,最高落札価格（電源属地別）[円/kW・30分],19.46,19.51,19.51,19.51,3.2,19.51,19.51,7.84,19.51,19.51
20251126B03,システム約定結果,最低落札価格（電源属地別）[円/kW・30分],16,1.58,0.92,1.87,3.2,0.44,0.55,0.36,0.47,0.36
20251126B03,システム約定結果,平均落札価格（電源属地別）[円/kW・30分],18.47,2.84,2.55,3.21,3.2,2.86,3.37,2.11,1.71,2.87
20251126B03,システム約定結果,最高落札価格（TSO別）[円/kW・30分],19.46,19.51,19.51,19.51,4.73,19.51,19.51,7.84,19.51,19.51
20251126B03,システム約定結果,最低落札価格（TSO別）[円/kW・30分],1.71,0.44,0.92,0.54,3.2,0.44,0.47,0.36,0.44,0.36
20251126B03,システム約定結果,平均落札価格（TSO別）[円/kW・30分],4.09,2.39,2.66,3.03,3.53,3.87,3.71,3.15,1.56,2.87
20251126B03,システム約定結果,落札量合計（TSO別）[MW],134,1028.919,404.588,609.686,127,477.79,177.012,174,339.22,3472.215
20251126B03,システム約定結果,（内訳）自エリアからの落札量[MW],15,724.919,404.588,569.093,99.653,477.79,112.006,134.093,184.546,2721.688
20251126B03,追加調達結果,募集量（TSO別）[MW],-,-,-,-,-,-,-,-,-,-
20251126B03,追加調達結果,応札量合計（電源属地別）[MW],0,0,0,0,0,0,0,0,0,0
20251126B03,追加調達結果,約定量合計（電源属地別）[MW],0,0,0,0,0,0,0,0,0,0
20251126B03,追加調達結果,応札件数（電源属地別）[件],0,0,0,0,0,0,0,0,0,0
20251126B03,追加調達結果,約定件数（電源属地別）[件],0,0,0,0,0,0,0,0,0,0
20251126B03,追加調達結果,最高約定価格（電源属地別）[円/kW・30分],0,0,0,0,0,0,0,0,0,0
20251126B03,追加調達結果,最低約定価格（電源属地別）[円/kW・30分],0,0,0,0,0,0,0,0,0,0
20251126B03,追加調達結果,平均約定価格（電源属地別）[円/kW・30分],0,0,0,0,0,0,0,0,0,0
20251126B03,追加調達結果,最高約定価格（TSO別）[円/kW・30分],0,0,0,0,0,0,0,0,0,0
20251126B03,追加調達結果,最低約定価格（TSO別）[円/kW・30分],0,0,0,0,0,0,0,0,0,0
20251126B03,追加調達結果,平均約定価格（TSO別）[円/kW・30分],0,0,0,0,0,0,0,0,0,0
20251126B03,追加調達結果,約定量合計（TSO別）[MW],0,0,0,0,0,0,0,0,0,0
20251126B03,追加調達結果,（内訳）自エリアからの約定量[MW],0,0,0,0,0,0,0,0,0,0
20251126B03,合計（確報値）,募集量（TSO別）[MW],134,932,447,400,127,605,284,174,427,3530
20251126B03,合計（確報値）,応札量合計（電源属地別）[MW],146.75,814.919,743.812,1074.022,127,921.79,157.164,189,717.22,4891.677
20251126B03,合計（確報値）,約定量合計（電源属地別）[MW],15,814.919,545.514,596.44,127,921.79,112.006,155,184.546,3472.215
20251126B03,合計（確報値）,応札件数（電源属地別）[件],4,7,20,16,1,7,5,6,11,77
20251126B03,合計（確報値）,約定件数（電源属地別）[件],3,7,17,14,1,7,5,6,9,69
20251126B03,合計（確報値）,最高約定価格（電源属地別）[円/kW・30分],19.46,19.51,19.51,19.51,3.2,19.51,19.51,7.84,19.51,19.51
20251126B03,合計（確報値）,最低約定価格（電源属地別）[円/kW・30分],16,1.58,0.92,0.36,3.2,0.44,0.55,0.36,0.47,0.36
20251126B03,合計（確報値）,平均約定価格（電源属地別）[円/kW・30分],18.47,2.84,2.55,1.18,3.2,2.86,3.37,2.11,1.71,2.52
20251126B03,合計（確報値）,最高約定価格（TSO別）[円/kW・30分],19.46,19.51,19.51,19.51,3.2,19.51,19.51,7.84,19.51,19.51
20251126B03,合計（確報値）,最低約定価格（TSO別）[円/kW・30分],1.71,0.44,0.92,0.36,0.36,0.44,0.47,0.36,0.44,0.36
20251126B03,合計（確報値）,平均約定価格（TSO別）[円/kW・30分],4.09,2.39,2.66,1.25,2.59,3.87,3.71,3.15,1.56,2.52
20251126B03,合計（確報値）,約定量合計（TSO別）[MW],134,1028.919,404.588,609.686,127,477.79,177.012,174,339.22,3472.215
20251126B03,合計（確報値）,（内訳）自エリアからの約定量[MW],15,724.919,404.588,569.093,99.653,477.79,112.006,134.093,184.546,2721.688
20251126B04,システム約定結果,募集量（TSO別）[MW],116,222,375,264,194,869,486,219,604,3349
20251126B04,システム約定結果,応札量合計（電源属地別）[MW],423.55,444.5,1141.392,7.718,194,920,156.364,219,715.805,4222.329
20251126B04,システム約定結果,落札量合計（電源属地別）[MW],31.55,444.5,473.655,7.718,194,920,126.784,219,656.021,3073.228
20251126B04,システム約定結果,応札件数（電源属地別）[件],6,3,34,4,2,6,5,7,10,77
20251126B04,システム約定結果,落札件数（電源属地別）[件],3,3,26,4,2,6,5,7,10,66
20251126B04,システム約定結果,最高落札価格（電源属地別）[円/kW・30分],10,19.51,19.51,19.51,2.4,18.28,19.51,8.34,19.51,19.51
20251126B04,システム約定結果,最低落札価格（電源属地別）[円/kW・30分],1.09,2.38,0.37,19.47,2.31,0.36,0.36,0.36,0.36,0.36
20251126B04,システム約定結果,平均落札価格（電源属地別）[円/kW・30分],4.92,3.95,1.8,19.49,2.37,3.32,2.74,1.56,1.03,2.54
20251126B04,システム約定結果,最高落札価格（TSO別）[円/kW・30分],10,19.51,19.51,4.18,19.51,18.28,19.51,8.34,19.51,19.51
20251126B04,システム約定結果,最低落札価格（TSO別）[円/kW・30分],1.09,2.38,0.37,0.37,2.31,0.36,0.36,0.36,0.36,0.36
20251126B04,システム約定結果,平均落札価格（TSO別）[円/kW・30分],3.32,4.43,2.45,1.86,3.03,3.27,2.48,1.56,1.02,2.54
20251126B04,システム約定結果,落札量合計（TSO別）[MW],116,248.05,321.655,264,201.718,796,381,219,525.805,3073.228
20251126B04,システム約定結果,（内訳）自エリアからの落札量[MW],31.55,248.05,321.655,0,194,796,126.784,219,525.805,2462.844
20251126B04,追加調達結果,募集量（TSO別）[MW],-,-,-,-,-,-,-,-,-,-
20251126B04,追加調達結果,応札量合計（電源属地別）[MW],0,0,0,0,0,0,0,0,0,0
20251126B04,追加調達結果,約定量合計（電源属地別）[MW],0,0,0,0,0,0,0,0,0,0
20251126B04,追加調達結果,応札件数（電源属地別）[件],0,0,0,0,0,0,0,0,0,0
20251126B04,追加調達結果,約定件数（電源属地別）[件],0,0,0,0,0,0,0,0,0,0
20251126B04,追加調達結果,最高約定価格（電源属地別）[円/kW・30分],0,0,0,0,0,0,0,0,0,0
20251126B04,追加調達結果,最低約定価格（電源属地別）[円/kW・30分],0,0,0,0,0,0,0,0,0,0
20251126B04,追加調達結果,平均約定価格（電源属地別）[円/kW・30分],0,0,0,0,0,0,0,0,0,0
20251126B04,追加調達結果,最高約定価格（TSO別）[円/kW・30分],0,0,0,0,0,0,0,0,0,0
20251126B04,追加調達結果,最低約定価格（TSO別）[円/kW・30分],0,0,0,0,0,0,0,0,0,0
20251126B04,追加調達結果,平均約定価格（TSO別）[円/kW・30分],0,0,0,0,0,0,0,0,0,0
20251126B04,追加調達結果,約定量合計（TSO別）[MW],0,0,0,0,0,0,0,0,0,0
20251126B04,追加調達結果,（内訳）自エリアからの約定量[MW],0,0,0,0,0,0,0,0,0,0
20251126B04,合計（確報値）,募集量（TSO別）[MW],116,222,375,264,194,869,486,219,604,3349
20251126B04,合計（確報値）,応札量合計（電源属地別）[MW],423.55,444.5,1141.392,7.718,194,920,156.364,219,715.805,4222.329
20251126B04,合計（確報値）,約定量合計（電源属地別）[MW],31.55,444.5,473.655,7.718,194,920,126.784,219,656.021,3073.228
20251126B04,合計（確報値）,応札件数（電源属地別）[件],6,3,34,4,2,6,5,7,10,77
20251126B04,合計（確報値）,約定件数（電源属地別）[件],3,3,26,4,2,6,5,7,10,66
20251126B04,合計（確報値）,最高約定価格（電源属地別）[円/kW・30分],10,19.51,19.51,19.51,2.4,18.28,19.51,8.34,19.51,19.51
20251126B04,合計（確報値）,最低約定価格（電源属地別）[円/kW・30分],1.09,2.38,0.37,19.47,2.31,0.36,0.36,0.36,0.36,0.36
20251126B04,合計（確報値）,平均約定価格（電源属地別）[円/kW・30分],4.92,3.95,1.8,19.49,2.37,3.32,2.74,1.56,1.03,2.54
20251126B04,合計（確報値）,最高約定価格（TSO別）[円/kW・30分],10,19.51,19.51,4.18,19.51,18.28,19.51,8.34,19.51,19.51
20251126B04,合計（確報値）,最低約定価格（TSO別）[円/kW・30分],1.09,2.38,0.37,0.37,2.31,0.36,0.36,0.36,0.36,0.36
20251126B04,合計（確報値）,平均約定価格（TSO別）[円/kW・30分],3.32,4.43,2.45,1.86,3.03,3.27,2.48,1.56,1.02,2.54
20251126B04,合計（確報値）,約定量合計（TSO別）[MW],116,248.05,321.655,264,201.718,796,381,219,525.805,3073.228
20251126B04,合計（確報値）,（内訳）自エリアからの約定量[MW],31.55,248.05,321.655,0,194,796,126.784,219,525.805,2462.844
20251126B05,システム約定結果,募集量（TSO別）[MW],32,217,293,383,194,588,361,145,537,2750
20251126B05,システム約定結果,応札量合計（電源属地別）[MW],304.75,454.919,1233.797,7.718,194,921.79,113.794,189,720.679,4140.447
20251126B05,システム約定結果,落札量合計（電源属地別）[MW],23,454.919,347.272,7.718,194,766.796,113.794,147,320.679,2375.178
20251126B05,システム約定結果,応札件数（電源属地別）[件],5,5,33,4,2,7,5,6,13,80
20251126B05,システム約定結果,落札件数（電源属地別）[件],2,5,25,4,2,7,5,6,11,67
20251126B05,システム約定結果,最高落札価格（電源属地別）[円/kW・30分],10,19.51,19.51,19.51,2.54,19.51,19.51,8.39,19.51,19.51
20251126B05,システム約定結果,最低落札価格（電源属地別）[円/kW・30分],0.7,2.49,0.37,19.47,2.44,0.36,0.36,0.36,0.36,0.36
20251126B05,システム約定結果,平均落札価格（電源属地別）[円/kW・30分],5.96,4.37,2.44,19.49,2.51,4.05,0.83,2.09,1.23,3.16
20251126B05,システム約定結果,最高落札価格（TSO別）[円/kW・30分],10,19.51,19.51,19.51,2.54,19.51,19.51,8.39,19.51,19.51
20251126B05,システム約定結果,最低落札価格（TSO別）[円/kW・30分],0.7,2.49,0.73,0.37,2.44,0.36,0.36,0.36,0.36,0.36
20251126B05,システム約定結果,平均落札価格（TSO別）[円/kW・30分],5.31,4.94,4.21,1.82,2.51,5.33,0.55,2.11,2,3.16
20251126B05,システム約定結果,落札量合計（TSO別）[MW],38,329.586,187.605,277.718,194,483.79,288.8,145,430.679,2375.178
20251126B05,システム約定結果,（内訳）自エリアからの落札量[MW],23,329.586,187.605,7.718,194,481.79,113.794,145,320.679,1803.172
20251126B05,追加調達結果,募集量（TSO別）[MW],-,-,-,-,-,-,-,-,-,-
20251126B05,追加調達結果,応札量合計（電源属地別）[MW],0,0,0,0,0,0,0,0,0,0
20251126B05,追加調達結果,約定量合計（電源属地別）[MW],0,0,0,0,0,0,0,0,0,0
20251126B05,追加調達結果,応札件数（電源属地別）[件],0,0,0,0,0,0,0,0,0,0
20251126B05,追加調達結果,約定件数（電源属地別）[件],0,0,0,0,0,0,0,0,0,0
20251126B05,追加調達結果,最高約定価格（電源属地別）[円/kW・30分],0,0,0,0,0,0,0,0,0,0
20251126B05,追加調達結果,最低約定価格（電源属地別）[円/kW・30分],0,0,0,0,0,0,0,0,0,0
20251126B05,追加調達結果,平均約定価格（電源属地別）[円/kW・30分],0,0,0,0,0,0,0,0,0,0
20251126B05,追加調達結果,最高約定価格（TSO別）[円/kW・30分],0,0,0,0,0,0,0,0,0,0
20251126B05,追加調達結果,最低約定価格（TSO別）[円/kW・30分],0,0,0,0,0,0,0,0,0,0
20251126B05,追加調達結果,平均約定価格（TSO別）[円/kW・30分],0,0,0,0,0,0,0,0,0,0
20251126B05,追加調達結果,約定量合計（TSO別）[MW],0,0,0,0,0,0,0,0,0,0
20251126B05,追加調達結果,（内訳）自エリアからの約定量[MW],0,0,0,0,0,0,0,0,0,0
20251126B05,合計（確報値）,募集量（TSO別）[MW],32,217,293,383,194,588,361,145,537,2750
20251126B05,合計（確報値）,応札量合計（電源属地別）[MW],304.75,454.919,1233.797,7.718,194,921.79,113.794,189,720.679,4140.447
20251126B05,合計（確報値）,約定量合計（電源属地別）[MW],23,454.919,347.272,7.718,194,766.796,113.794,147,320.679,2375.178
20251126B05,合計（確報値）,応札件数（電源属地別）[件],5,5,33,4,2,7,5,6,13,80
20251126B05,合計（確報値）,約定件数（電源属地別）[件],2,5,25,4,2,7,5,6,11,67
20251126B05,合計（確報値）,最高約定価格（電源属地別）[円/kW・30分],10,19.51,19.51,19.51,2.54,19.51,19.51,8.39,19.51,19.51
20251126B05,合計（確報値）,最低約定価格（電源属地別）[円/kW・30分],0.7,2.49,0.37,19.47,2.44,0.36,0.36,0.36,0.36,0.36
20251126B05,合計（確報値）,平均約定価格（電源属地別）[円/kW・30分],5.96,4.37,2.44,19.49,2.51,4.05,0.83,2.09,1.23,3.16
20251126B05,合計（確報値）,最高約定価格（TSO別）[円/kW・30分],10,19.51,19.51,19.51,2.54,19.51,19.51,8.39,19.51,19.51
20251126B05,合計（確報値）,最低約定価格（TSO別）[円/kW・30分],0.7,2.49,0.73,0.37,2.44,0.36,0.36,0.36,0.36,0.36
20251126B05,合計（確報値）,平均約定価格（TSO別）[円/kW・30分],5.31,4.94,4.21,1.82,2.51,5.33,0.55,2.11,2,3.16
20251126B05,合計（確報値）,約定量合計（TSO別）[MW],38,329.586,187.605,277.718,194,483.79,288.8,145,430.679,2375.178
20251126B05,合計（確報値）,（内訳）自エリアからの約定量[MW],23,329.586,187.605,7.718,194,481.79,113.794,145,320.679,1803.172
20251126B06,システム約定結果,募集量（TSO別）[MW],36,732,427,402,120,692,340,179,549,3477
20251126B06,システム約定結果,応札量合計（電源属地別）[MW],177.75,814.919,1304.868,75.718,120,797.315,433.841,189,690.659,4604.07
20251126B06,システム約定結果,落札量合計（電源属地別）[MW],36,814.919,610.086,75.718,120,748.713,281.302,189,320.679,3196.417
20251126B06,システム約定結果,応札件数（電源属地別）[件],5,7,35,5,1,8,11,6,16,94
20251126B06,システム約定結果,落札件数（電源属地別）[件],2,7,29,5,1,7,11,6,11,79
20251126B06,システム約定結果,最高落札価格（電源属地別）[円/kW・30分],10,19.51,19.51,19.51,4.64,19.51,19.51,7.25,19.51,19.51
20251126B06,システム約定結果,最低落札価格（電源属地別）[円/kW・30分],7.5,0.82,0.37,2.06,4.64,1.5,1.29,0.36,1.73,0.36
20251126B06,システム約定結果,平均落札価格（電源属地別）[円/kW・30分],8.89,2.01,4.72,3.84,4.64,2.71,2.57,1.9,2.7,3.02
20251126B06,システム約定結果,最高落札価格（TSO別）[円/kW・30分],10,19.51,19.51,19.51,4.64,19.51,19.51,7.25,19.51,19.51
20251126B06,システム約定結果,最低落札価格（TSO別）[円/kW・30分],7.5,0.37,0.73,0.37,4.64,1.36,1.29,0.36,1.29,0.36
20251126B06,システム約定結果,平均落札価格（TSO別）[円/kW・30分],8.89,1.82,6.53,3.8,4.64,2.91,2.74,1.63,2.43,3.02
20251126B06,システム約定結果,落札量合計（TSO別）[MW],36,922.919,340.086,237.718,120,625.215,248.8,179,486.679,3196.417
20251126B06,システム約定結果,（内訳）自エリアからの落札量[MW],36,814.919,340.086,75.718,120,611.003,244.8,179,320.679,2742.205
20251126B06,追加調達結果,募集量（TSO別）[MW],-,-,-,-,-,-,-,-,-,-
20251126B06,追加調達結果,応札量合計（電源属地別）[MW],0,0,0,0,0,0,0,0,0,0
20251126B06,追加調達結果,約定量合計（電源属地別）[MW],0,0,0,0,0,0,0,0,0,0
20251126B06,追加調達結果,応札件数（電源属地別）[件],0,0,0,0,0,0,0,0,0,0
20251126B06,追加調達結果,約定件数（電源属地別）[件],0,0,0,0,0,0,0,0,0,0
20251126B06,追加調達結果,最高約定価格（電源属地別）[円/kW・30分],0,0,0,0,0,0,0,0,0,0
20251126B06,追加調達結果,最低約定価格（電源属地別）[円/kW・30分],0,0,0,0,0,0,0,0,0,0
20251126B06,追加調達結果,平均約定価格（電源属地別）[円/kW・30分],0,0,0,0,0,0,0,0,0,0
20251126B06,追加調達結果,最高約定価格（TSO別）[円/kW・30分],0,0,0,0,0,0,0,0,0,0
20251126B06,追加調達結果,最低約定価格（TSO別）[円/kW・30分],0,0,0,0,0,0,0,0,0,0
20251126B06,追加調達結果,平均約定価格（TSO別）[円/kW・30分],0,0,0,0,0,0,0,0,0,0
20251126B06,追加調達結果,約定量合計（TSO別）[MW],0,0,0,0,0,0,0,0,0,0
20251126B06,追加調達結果,（内訳）自エリアからの約定量[MW],0,0,0,0,0,0,0,0,0,0
20251126B06,合計（確報値）,募集量（TSO別）[MW],36,732,427,402,120,692,340,179,549,3477
20251126B06,合計（確報値）,応札量合計（電源属地別）[MW],177.75,814.919,1390.906,143.718,120,797.315,433.841,189,690.659,4758.108
20251126B06,合計（確報値）,約定量合計（電源属地別）[MW],36,814.919,477.939,75.718,120,748.713,281.302,189,320.679,3064.27
20251126B06,合計（確報値）,応札件数（電源属地別）[件],5,7,38,8,1,8,11,6,16,100
20251126B06,合計（確報値）,約定件数（電源属地別）[件],2,7,31,7,1,7,11,6,11,83
20251126B06,合計（確報値）,最高約定価格（電源属地別）[円/kW・30分],10,19.51,19.51,19.51,4.64,19.51,19.51,7.25,19.51,19.51
20251126B06,合計（確報値）,最低約定価格（電源属地別）[円/kW・30分],7.5,0.82,0.36,0.36,4.64,1.5,1.29,0.36,1.73,0.36
20251126B06,合計（確報値）,平均約定価格（電源属地別）[円/kW・30分],8.89,2.01,4.05,2.31,4.64,2.71,2.57,1.9,2.7,2.81
20251126B06,合計（確報値）,最高約定価格（TSO別）[円/kW・30分],10,19.51,19.51,19.51,4.64,19.51,19.51,7.25,19.51,19.51
20251126B06,合計（確報値）,最低約定価格（TSO別）[円/kW・30分],7.5,0.37,0.73,0.36,4.64,1.36,1.29,0.36,1.29,0.36
20251126B06,合計（確報値）,平均約定価格（TSO別）[円/kW・30分],8.89,1.82,7.89,1.8,4.64,2.91,2.74,1.63,2.43,2.81
20251126B06,合計（確報値）,約定量合計（TSO別）[MW],36,922.919,207.939,237.718,120,625.215,248.8,179,486.679,3064.27
20251126B06,合計（確報値）,（内訳）自エリアからの約定量[MW],36,814.919,207.939,75.718,120,611.003,244.8,179,320.679,2610.058
20251126B07,システム約定結果,募集量（TSO別）[MW],32,263,426,206,106,574,305,83,328,2323
20251126B07,システム約定結果,応札量合計（電源属地別）[MW],175.75,454.919,1399.63,48.718,106,795.315,509.709,192,694.775,4376.816
20251126B07,システム約定結果,落札量合計（電源属地別）[MW],24,454.919,460.521,48.718,106,301.315,296.179,78.333,328.44,2098.425
20251126B07,システム約定結果,応札件数（電源属地別）[件],5,5,34,5,1,7,11,7,14,89
20251126B07,システム約定結果,落札件数（電源属地別）[件],2,5,26,5,1,7,11,6,13,76
20251126B07,システム約定結果,最高落札価格（電源属地別）[円/kW・30分],10,19.51,19.51,19.51,4.24,19.49,19.51,6.61,19.51,19.51
20251126B07,システム約定結果,最低落札価格（電源属地別）[円/kW・30分],2.5,1.18,0.73,1.49,4.24,1.5,1.8,0.36,1.76,0.36
20251126B07,システム約定結果,平均落札価格（電源属地別）[円/kW・30分],5.63,2.72,5.56,4.34,4.24,3.84,3.03,1.71,3.17,3.73
20251126B07,システム約定結果,最高落札価格（TSO別）[円/kW・30分],10,19.51,19.51,19.51,4.24,19.49,19.51,6.61,19.51,19.51
20251126B07,システム約定結果,最低落札価格（TSO別）[円/kW・30分],2.27,1.18,0.73,1.49,4.24,1.5,1.8,0.36,1.76,0.36
20251126B07,システム約定結果,平均落札価格（TSO別）[円/kW・30分],4.79,2.73,6,6.56,4.24,3.88,3.44,1.53,2.95,3.73
20251126B07,システム約定結果,落札量合計（TSO別）[MW],32,446.919,243.665,88.718,88,523.215,265.8,83,327.108,2098.425
20251126B07,システム約定結果,（内訳）自エリアからの落札量[MW],24,446.919,243.665,48.718,88,301.315,234.133,75,296.773,1758.523
20251126B07,追加調達結果,募集量（TSO別）[MW],-,-,-,-,-,-,-,-,-,-
20251126B07,追加調達結果,応札量合計（電源属地別）[MW],0,0,0,0,0,0,0,0,0,0
20251126B07,追加調達結果,約定量合計（電源属地別）[MW],0,0,0,0,0,0,0,0,0,0
20251126B07,追加調達結果,応札件数（電源属地別）[件],0,0,0,0,0,0,0,0,0,0
20251126B07,追加調達結果,約定件数（電源属地別）[件],0,0,0,0,0,0,0,0,0,0
20251126B07,追加調達結果,最高約定価格（電源属地別）[円/kW・30分],0,0,0,0,0,0,0,0,0,0
20251126B07,追加調達結果,最低約定価格（電源属地別）[円/kW・30分],0,0,0,0,0,0,0,0,0,0
20251126B07,追加調達結果,平均約定価格（電源属地別）[円/kW・30分],0,0,0,0,0,0,0,0,0,0
20251126B07,追加調達結果,最高約定価格（TSO別）[円/kW・30分],0,0,0,0,0,0,0,0,0,0
20251126B07,追加調達結果,最低約定価格（TSO別）[円/kW・30分],0,0,0,0,0,0,0,0,0,0
20251126B07,追加調達結果,平均約定価格（TSO別）[円/kW・30分],0,0,0,0,0,0,0,0,0,0
20251126B07,追加調達結果,約定量合計（TSO別）[MW],0,0,0,0,0,0,0,0,0,0
20251126B07,追加調達結果,（内訳）自エリアからの約定量[MW],0,0,0,0,0,0,0,0,0,0
20251126B07,合計（確報値）,募集量（TSO別）[MW],32,263,426,206,106,574,305,83,328,2323
20251126B07,合計（確報値）,応札量合計（電源属地別）[MW],175.75,454.919,1399.918,89.718,106,795.315,509.709,192,694.775,4418.104
20251126B07,合計（確報値）,約定量合計（電源属地別）[MW],24,454.919,261.949,48.718,106,301.315,296.179,78.333,328.44,1899.853
20251126B07,合計（確報値）,応札件数（電源属地別）[件],5,5,35,9,1,7,11,7,14,94
20251126B07,合計（確報値）,約定件数（電源属地別）[件],2,5,26,8,1,7,11,6,13,79
20251126B07,合計（確報値）,最高約定価格（電源属地別）[円/kW・30分],10,19.51,19.51,19.51,4.24,19.49,19.51,6.61,19.51,19.51
20251126B07,合計（確報値）,最低約定価格（電源属地別）[円/kW・30分],2.5,1.18,0.36,0.36,4.24,1.5,1.8,0.36,1.76,0.36
20251126B07,合計（確報値）,平均約定価格（電源属地別）[円/kW・30分],5.63,2.72,6.77,3.39,4.24,3.84,3.03,1.71,3.17,3.68
20251126B07,合計（確報値）,最高約定価格（TSO別）[円/kW・30分],10,19.51,19.51,19.51,4.24,19.49,19.51,6.61,19.51,19.51
20251126B07,合計（確報値）,最低約定価格（TSO別）[円/kW・30分],2.27,1.18,0.73,0.36,4.24,0.36,1.8,0.36,1.76,0.36
20251126B07,合計（確報値）,平均約定価格（TSO別）[円/kW・30分],4.79,2.73,6.61,6.04,4.24,3.84,3.44,1.53,2.95,3.68
20251126B07,合計（確報値）,約定量合計（TSO別）[MW],32,446.919,187.321,88.718,88,380.987,265.8,83,327.108,1899.853
20251126B07,合計（確報値）,（内訳）自エリアからの約定量[MW],24,446.919,187.321,48.718,88,301.315,234.133,75,296.773,1702.179
20251126B08,システム約定結果,募集量（TSO別）[MW],39,138,408,230,105,462,197,88,298,1965
20251126B08,システム約定結果,応札量合計（電源属地別）[MW],161.75,274.919,833.278,21.718,105,795.315,157.164,189,549.356,3087.5
20251126B08,システム約定結果,落札量合計（電源属地別）[MW],44,274.919,687.54,21.718,105,477.544,92.672,82.799,156.356,1942.548
20251126B08,システム約定結果,応札件数（電源属地別）[件],4,4,19,5,1,7,5,6,11,62
20251126B08,システム約定結果,落札件数（電源属地別）[件],2,4,18,5,1,7,5,5,10,57
20251126B08,システム約定結果,最高落札価格（電源属地別）[円/kW・30分],14.63,19.51,19.51,19.51,2.79,19.49,19.51,5.78,19.51,19.51
20251126B08,システム約定結果,最低落札価格（電源属地別）[円/kW・30分],8.9,3.22,0.73,0.67,2.79,0.45,0.66,0.36,0.67,0.36
20251126B08,システム約定結果,平均落札価格（電源属地別）[円/kW・30分],11.37,4.6,3.78,7.36,2.79,2.87,4.04,1.72,2.55,3.65
20251126B08,システム約定結果,最高落札価格（TSO別）[円/kW・30分],14.63,19.51,19.51,19.51,2.79,19.49,19.51,5.78,19.51,19.51
20251126B08,システム約定結果,最低落札価格（TSO別）[円/kW・30分],8.9,3.22,0.73,0.67,2.79,0.45,0.45,0.36,0.45,0.36
20251126B08,システム約定結果,平均落札価格（TSO別）[円/kW・30分],11.37,4.6,3.39,7.13,2.79,3.1,4,1.61,2.28,3.65
20251126B08,システム約定結果,落札量合計（TSO別）[MW],44,274.919,615.246,94.718,104.294,396.215,100.8,88,224.356,1942.548
20251126B08,システム約定結果,（内訳）自エリアからの落札量[MW],44,274.919,615.246,21.718,104.294,396.215,92.662,79,156.356,1784.41
20251126B08,追加調達結果,募集量（TSO別）[MW],-,-,-,-,-,-,-,-,-,-
20251126B08,追加調達結果,応札量合計（電源属地別）[MW],0,0,0,0,0,0,0,0,0,0
20251126B08,追加調達結果,約定量合計（電源属地別）[MW],0,0,0,0,0,0,0,0,0,0
20251126B08,追加調達結果,応札件数（電源属地別）[件],0,0,0,0,0,0,0,0,0,0
20251126B08,追加調達結果,約定件数（電源属地別）[件],0,0,0,0,0,0,0,0,0,0
20251126B08,追加調達結果,最高約定価格（電源属地別）[円/kW・30分],0,0,0,0,0,0,0,0,0,0
20251126B08,追加調達結果,最低約定価格（電源属地別）[円/kW・30分],0,0,0,0,0,0,0,0,0,0
20251126B08,追加調達結果,平均約定価格（電源属地別）[円/kW・30分],0,0,0,0,0,0,0,0,0,0
20251126B08,追加調達結果,最高約定価格（TSO別）[円/kW・30分],0,0,0,0,0,0,0,0,0,0
20251126B08,追加調達結果,最低約定価格（TSO別）[円/kW・30分],0,0,0,0,0,0,0,0,0,0
20251126B08,追加調達結果,平均約定価格（TSO別）[円/kW・30分],0,0,0,0,0,0,0,0,0,0
20251126B08,追加調達結果,約定量合計（TSO別）[MW],0,0,0,0,0,0,0,0,0,0
20251126B08,追加調達結果,（内訳）自エリアからの約定量[MW],0,0,0,0,0,0,0,0,0,0
20251126B08,合計（確報値）,募集量（TSO別）[MW],39,138,408,230,105,462,197,88,298,1965
20251126B08,合計（確報値）,応札量合計（電源属地別）[MW],161.75,274.919,928.298,35.718,105,795.315,157.164,189,549.356,3196.52
20251126B08,合計（確報値）,約定量合計（電源属地別）[MW],44,274.919,578.854,21.718,105,477.544,92.672,82.799,156.356,1833.862
20251126B08,合計（確報値）,応札件数（電源属地別）[件],4,4,27,7,1,7,5,6,11,72
20251126B08,合計（確報値）,約定件数（電源属地別）[件],2,4,25,6,1,7,5,5,10,65
20251126B08,合計（確報値）,最高約定価格（電源属地別）[円/kW・30分],14.63,19.51,19.51,19.51,2.79,19.49,19.51,5.78,19.51,19.51
20251126B08,合計（確報値）,最低約定価格（電源属地別）[円/kW・30分],8.9,3.22,0.36,0.36,2.79,0.45,0.66,0.36,0.67,0.36
20251126B08,合計（確報値）,平均約定価格（電源属地別）[円/kW・30分],11.37,4.6,3.49,7.16,2.79,2.87,4.04,1.72,2.55,3.55
20251126B08,合計（確報値）,最高約定価格（TSO別）[円/kW・30分],14.63,19.51,19.51,19.51,2.79,19.49,19.51,5.78,19.51,19.51
20251126B08,合計（確報値）,最低約定価格（TSO別）[円/kW・30分],8.9,3.22,0.36,0.36,2.79,0.45,0.45,0.36,0.45,0.36
20251126B08,合計（確報値）,平均約定価格（TSO別）[円/kW・30分],11.37,4.6,3.12,6.3,2.79,3.1,4,1.61,2.28,3.55
20251126B08,合計（確報値）,約定量合計（TSO別）[MW],44,274.919,506.56,94.718,104.294,396.215,100.8,88,224.356,1833.862
20251126B08,合計（確報値）,（内訳）自エリアからの約定量[MW],44,274.919,506.56,21.718,104.294,396.215,92.662,79,156.356,1675.724
20251127B01,システム約定結果,募集量（TSO別）[MW],55,163,306,41,86,281,189,95,198,1414
20251127B01,システム約定結果,応札量合計（電源属地別）[MW],152.85,260.419,821.29,1084.362,86,795.315,155.364,283,863.796,4502.396
20251127B01,システム約定結果,落札量合計（電源属地別）[MW],13,260.419,161.023,1055.182,86,271.822,88.222,58.085,96.796,2090.549
20251127B01,システム約定結果,応札件数（電源属地別）[件],4,3,19,15,1,7,4,6,12,71
20251127B01,システム約定結果,落札件数（電源属地別）[件],1,3,16,15,1,7,4,4,10,61
20251127B01,システム約定結果,最高落札価格（電源属地別）[円/kW・30分],4.5,19.51,19.51,19.51,2.06,19.49,19.51,5.1,19.51,19.51
20251127B01,システム約定結果,最低落札価格（電源属地別）[円/kW・30分],4.5,3.7,1.77,1.38,2.06,0.36,0.36,0.36,0.36,0.36
20251127B01,システム約定結果,平均落札価格（電源属地別）[円/kW・30分],4.5,4.23,3.34,2.48,2.06,5.22,3.36,1.82,2.95,3.16
20251127B01,システム約定結果,最高落札価格（TSO別）[円/kW・30分],4.5,19.51,19.51,3.66,2.48,19.51,19.51,8.33,19.51,19.51
20251127B01,システム約定結果,最低落札価格（TSO別）[円/kW・30分],3.7,3.7,1.77,1.38,1.96,0.36,0.36,0.36,0.36,0.36
20251127B01,システム約定結果,平均落札価格（TSO別）[円/kW・30分],3.89,4.33,3.34,2.43,2.06,4,2.85,4.55,2.95,3.16
20251127B01,システム約定結果,落札量合計（TSO別）[MW],55,218.419,161.023,779.682,132,386.09,166.539,95,96.796,2090.549
20251127B01,システム約定結果,（内訳）自エリアからの落札量[MW],13,218.419,161.023,779.682,86,190.765,88.212,52,96.796,1685.897
20251127B01,追加調達結果,募集量（TSO別）[MW],-,-,-,-,-,-,-,-,-,-
20251127B01,追加調達結果,応札量合計（電源属地別）[MW],0,0,0,0,0,0,0,0,0,0
20251127B01,追加調達結果,約定量合計（電源属地別）[MW],0,0,0,0,0,0,0,0,0,0
20251127B01,追加調達結果,応札件数（電源属地別）[件],0,0,0,0,0,0,0,0,0,0
20251127B01,追加調達結果,約定件数（電源属地別）[件],0,0,0,0,0,0,0,0,0,0
20251127B01,追加調達結果,最高約定価格（電源属地別）[円/kW・30分],0,0,0,0,0,0,0,0,0,0
20251127B01,追加調達結果,最低約定価格（電源属地別）[円/kW・30分],0,0,0,0,0,0,0,0,0,0
20251127B01,追加調達結果,平均約定価格（電源属地別）[円/kW・30分],0,0,0,0,0,0,0,0,0,0
20251127B01,追加調達結果,最高約定価格（TSO別）[円/kW・30分],0,0,0,0,0,0,0,0,0,0
20251127B01,追加調達結果,最低約定価格（TSO別）[円/kW・30分],0,0,0,0,0,0,0,0,0,0
20251127B01,追加調達結果,平均約定価格（TSO別）[円/kW・30分],0,0,0,0,0,0,0,0,0,0
20251127B01,追加調達結果,約定量合計（TSO別）[MW],0,0,0,0,0,0,0,0,0,0
20251127B01,追加調達結果,（内訳）自エリアからの約定量[MW],0,0,0,0,0,0,0,0,0,0
20251127B01,合計（確報値）,募集量（TSO別）[MW],55,163,306,41,86,281,189,95,198,1414
20251127B01,合計（確報値）,応札量合計（電源属地別）[MW],152.85,260.419,821.29,1561.944,86,795.315,155.364,283,863.796,4979.978
20251127B01,合計（確報値）,約定量合計（電源属地別）[MW],13,260.419,161.023,1055.182,86,271.822,88.222,58.085,96.796,2090.549
20251127B01,合計（確報値）,応札件数（電源属地別）[件],4,3,19,23,1,7,4,6,12,79
20251127B01,合計（確報値）,約定件数（電源属地別）[件],1,3,16,21,1,7,4,4,10,67
20251127B01,合計（確報値）,最高約定価格（電源属地別）[円/kW・30分],4.5,19.51,19.51,19.51,2.06,19.49,19.51,5.1,19.51,19.51
20251127B01,合計（確報値）,最低約定価格（電源属地別）[円/kW・30分],4.5,3.7,1.77,0.36,2.06,0.36,0.36,0.36,0.36,0.36
20251127B01,合計（確報値）,平均約定価格（電源属地別）[円/kW・30分],4.5,4.23,3.34,1.73,2.06,5.22,3.36,1.82,2.95,2.78
20251127B01,合計（確報値）,最高約定価格（TSO別）[円/kW・30分],4.5,19.51,19.51,3.66,2.48,19.51,19.51,8.33,19.51,19.51
20251127B01,合計（確報値）,最低約定価格（TSO別）[円/kW・30分],3.7,3.7,1.77,0.36,1.96,0.36,0.36,0.36,0.36,0.36
20251127B01,合計（確報値）,平均約定価格（TSO別）[円/kW・30分],3.89,4.33,3.34,1.58,2.06,3.74,2.64,4.55,2.95,2.78
20251127B01,合計（確報値）,約定量合計（TSO別）[MW],55,218.419,161.023,779.682,132,386.09,166.539,95,96.796,2090.549
20251127B01,合計（確報値）,（内訳）自エリアからの約定量[MW],13,218.419,161.023,779.682,86,190.765,88.212,52,96.796,1685.897
20251127B02,システム約定結果,募集量（TSO別）[MW],28,333,301,158,92,380,189,99,300,1880
20251127B02,システム約定結果,応札量合計（電源属地別）[MW],136.75,454.919,583.947,641.3,92,969.215,157.164,285,684.796,4005.091
20251127B02,システム約定結果,落札量合計（電源属地別）[MW],14,454.919,283.447,641.3,92,288.315,78.022,70.733,192.796,2115.532
20251127B02,システム約定結果,応札件数（電源属地別）[件],3,5,22,9,1,8,5,6,12,71
20251127B02,システム約定結果,落札件数（電源属地別）[件],2,5,18,9,1,7,5,5,11,63
20251127B02,システム約定結果,最高落札価格（電源属地別）[円/kW・30分],9.5,19.51,19.51,19.51,2.14,19.49,19.51,8.19,19.51,19.51
20251127B02,システム約定結果,最低落札価格（電源属地別）[円/kW・30分],9,1.83,0.73,1.45,2.14,0.36,0.36,0.58,0.36,0.36
20251127B02,システム約定結果,平均落札価格（電源属地別）[円/kW・30分],9.37,3.64,3.14,2.6,2.14,4.66,4.19,2.47,1.81,3.19
20251127B02,システム約定結果,最高落札価格（TSO別）[円/kW・30分],9.5,19.51,19.51,19.51,19.51,19.49,19.51,8.19,19.51,19.51
20251127B02,システム約定結果,最低落札価格（TSO別）[円/kW・30分],3.48,1.83,0.73,1.45,1.45,0.36,0.36,0.58,0.36,0.36
20251127B02,システム約定結果,平均落札価格（TSO別）[円/kW・30分],6.42,3.65,3.14,2.48,3.52,4.22,3.97,2.21,2.06,3.19
20251127B02,システム約定結果,落札量合計（TSO別）[MW],28,440.919,283.447,516.192,87.218,339.215,83.745,99,237.796,2115.532
20251127B02,システム約定結果,（内訳）自エリアからの落札量[MW],14,440.919,283.447,516.192,72.782,288.315,78.012,65,192.796,1951.463
20251127B02,追加調達結果,募集量（TSO別）[MW],-,-,-,-,-,-,-,-,-,-
20251127B02,追加調達結果,応札量合計（電源属地別）[MW],0,0,0,0,0,0,0,0,0,0
20251127B02,追加調達結果,約定量合計（電源属地別）[MW],0,0,0,0,0,0,0,0,0,0
20251127B02,追加調達結果,応札件数（電源属地別）[件],0,0,0,0,0,0,0,0,0,0
20251127B02,追加調達結果,約定件数（電源属地別）[件],0,0,0,0,0,0,0,0,0,0
20251127B02,追加調達結果,最高約定価格（電源属地別）[円/kW・30分],0,0,0,0,0,0,0,0,0,0
20251127B02,追加調達結果,最低約定価格（電源属地別）[円/kW・30分],0,0,0,0,0,0,0,0,0,0
20251127B02,追加調達結果,平均約定価格（電源属地別）[円/kW・30分],0,0,0,0,0,0,0,0,0,0
20251127B02,追加調達結果,最高約定価格（TSO別）[円/kW・30分],0,0,0,0,0,0,0,0,0,0
20251127B02,追加調達結果,最低約定価格（TSO別）[円/kW・30分],0,0,0,0,0,0,0,0,0,0
20251127B02,追加調達結果,平均約定価格（TSO別）[円/kW・30分],0,0,0,0,0,0,0,0,0,0
20251127B02,追加調達結果,約定量合計（TSO別）[MW],0,0,0,0,0,0,0,0,0,0
20251127B02,追加調達結果,（内訳）自エリアからの約定量[MW],0,0,0,0,0,0,0,0,0,0
20251127B02,合計（確報値）,募集量（TSO別）[MW],28,333,301,158,92,380,189,99,300,1880
20251127B02,合計（確報値）,応札量合計（電源属地別）[MW],136.75,454.919,583.947,1118.882,92,969.215,157.164,285,684.796,4482.673
20251127B02,合計（確報値）,約定量合計（電源属地別）[MW],14,454.919,283.447,641.3,92,288.315,78.022,70.733,192.796,2115.532
20251127B02,合計（確報値）,応札件数（電源属地別）[件],3,5,22,16,1,8,5,6,12,78
20251127B02,合計（確報値）,約定件数（電源属地別）[件],2,5,18,14,1,7,5,5,11,68
20251127B02,合計（確報値）,最高約定価格（電源属地別）[円/kW・30分],9.5,19.51,19.51,19.51,2.14,19.49,19.51,8.19,19.51,19.51
20251127B02,合計（確報値）,最低約定価格（電源属地別）[円/kW・30分],9,1.83,0.73,0.36,2.14,0.36,0.36,0.58,0.36,0.36
20251127B02,合計（確報値）,平均約定価格（電源属地別）[円/kW・30分],9.37,3.64,3.14,1.25,2.14,4.66,4.19,2.47,1.81,2.77
20251127B02,合計（確報値）,最高約定価格（TSO別）[円/kW・30分],9.5,19.51,19.51,19.51,19.51,19.49,19.51,8.19,19.51,19.51
20251127B02,合計（確報値）,最低約定価格（TSO別）[円/kW・30分],3.48,1.83,0.73,0.36,0.36,0.36,0.36,0.36,0.36,0.36
20251127B02,合計（確報値）,平均約定価格（TSO別）[円/kW・30分],6.42,3.65,3.14,0.96,3.43,4.12,3.97,1.83,2.06,2.77
20251127B02,合計（確報値）,約定量合計（TSO別）[MW],28,440.919,283.447,516.192,87.218,339.215,83.745,99,237.796,2115.532
20251127B02,合計（確報値）,（内訳）自エリアからの約定量[MW],14,440.919,283.447,516.192,72.782,288.315,78.012,65,192.796,1951.463
20251127B03,システム約定結果,募集量（TSO別）[MW],134,932,447,400,127,605,284,174,427,3530
20251127B03,システム約定結果,応札量合計（電源属地別）[MW],146.75,814.919,678.707,596.44,127,714.82,157.164,89,584.22,3909.02
20251127B03,システム約定結果,落札量合計（電源属地別）[MW],63,814.919,553.707,596.44,127,714.82,157.164,89,395.664,3511.714
20251127B03,システム約定結果,応札件数（電源属地別）[件],4,7,19,6,1,9,5,5,11,67
20251127B03,システム約定結果,落札件数（電源属地別）[件],3,7,17,6,1,9,5,5,10,63
20251127B03,システム約定結果,最高落札価格（電源属地別）[円/kW・30分],19.46,19.51,19.51,19.51,3.2,19.51,19.51,7.75,19.51,19.51
20251127B03,システム約定結果,最低落札価格（電源属地別）[円/kW・30分],16,1.81,0.92,1.88,3.2,0.36,0.55,0.45,0.47,0.36
20251127B03,システム約定結果,平均落札価格（電源属地別）[円/kW・30分],19.09,3.07,2.56,3.2,3.2,3.59,6.13,3.45,1.47,3.38
20251127B03,システム約定結果,最高落札価格（TSO別）[円/kW・30分],19.46,19.51,19.51,19.51,3.2,19.51,19.51,7.75,19.51,19.51
20251127B03,システム約定結果,最低落札価格（TSO別）[円/kW・30分],2.17,0.43,0.92,0.43,1.88,0.36,0.55,0.45,0.47,0.36
20251127B03,システム約定結果,平均落札価格（TSO別）[円/kW・30分],10.12,3.08,2.76,3.13,2.83,3.7,5.88,2.75,1.36,3.38
20251127B03,システム約定結果,落札量合計（TSO別）[MW],134,1028.919,406.176,609.686,127,568.578,177.012,121.123,339.22,3511.714
20251127B03,システム約定結果,（内訳）自エリアからの落札量[MW],63,743.919,406.176,569.093,91,557.231,144.041,82,339.22,2995.68
20251127B03,追加調達結果,募集量（TSO別）[MW],-,-,-,-,-,-,-,-,-,-
20251127B03,追加調達結果,応札量合計（電源属地別）[MW],0,0,0,0,0,0,0,0,0,0
20251127B03,追加調達結果,約定量合計（電源属地別）[MW],0,0,0,0,0,0,0,0,0,0
20251127B03,追加調達結果,応札件数（電源属地別）[件],0,0,0,0,0,0,0,0,0,0
20251127B03,追加調達結果,約定件数（電源属地別）[件],0,0,0,0,0,0,0,0,0,0
20251127B03,追加調達結果,最高約定価格（電源属地別）[円/kW・30分],0,0,0,0,0,0,0,0,0,0
20251127B03,追加調達結果,最低約定価格（電源属地別）[円/kW・30分],0,0,0,0,0,0,0,0,0,0
20251127B03,追加調達結果,平均約定価格（電源属地別）[円/kW・30分],0,0,0,0,0,0,0,0,0,0
20251127B03,追加調達結果,最高約定価格（TSO別）[円/kW・30分],0,0,0,0,0,0,0,0,0,0
20251127B03,追加調達結果,最低約定価格（TSO別）[円/kW・30分],0,0,0,0,0,0,0,0,0,0
20251127B03,追加調達結果,平均約定価格（TSO別）[円/kW・30分],0,0,0,0,0,0,0,0,0,0
20251127B03,追加調達結果,約定量合計（TSO別）[MW],0,0,0,0,0,0,0,0,0,0
20251127B03,追加調達結果,（内訳）自エリアからの約定量[MW],0,0,0,0,0,0,0,0,0,0
20251127B03,合計（確報値）,募集量（TSO別）[MW],134,932,447,400,127,605,284,174,427,3530
20251127B03,合計（確報値）,応札量合計（電源属地別）[MW],146.75,814.919,882.493,1074.022,127,714.82,157.164,89,584.22,4590.388
20251127B03,合計（確報値）,約定量合計（電源属地別）[MW],63,814.919,553.707,596.44,127,714.82,157.164,89,395.664,3511.714
20251127B03,合計（確報値）,応札件数（電源属地別）[件],4,7,23,17,1,9,5,5,11,82
20251127B03,合計（確報値）,約定件数（電源属地別）[件],3,7,20,15,1,9,5,5,10,75
20251127B03,合計（確報値）,最高約定価格（電源属地別）[円/kW・30分],19.46,19.51,19.51,19.51,3.2,19.51,19.51,7.75,19.51,19.51
20251127B03,合計（確報値）,最低約定価格（電源属地別）[円/kW・30分],16,1.81,0.36,0.36,3.2,0.36,0.55,0.45,0.47,0.36
20251127B03,合計（確報値）,平均約定価格（電源属地別）[円/kW・30分],19.09,3.07,1.42,1.18,3.2,3.59,6.13,3.45,1.47,2.85
20251127B03,合計（確報値）,最高約定価格（TSO別）[円/kW・30分],19.46,19.51,19.51,19.51,3.2,19.51,19.51,7.75,19.51,19.51
20251127B03,合計（確報値）,最低約定価格（TSO別）[円/kW・30分],2.17,0.36,0.36,0.36,0.36,0.36,0.55,0.45,0.47,0.36
20251127B03,合計（確報値）,平均約定価格（TSO別）[円/kW・30分],10.12,2.89,1.69,1.22,2.64,3.67,5.88,2.75,1.36,2.85
20251127B03,合計（確報値）,約定量合計（TSO別）[MW],134,1028.919,406.176,609.686,127,568.578,177.012,121.123,339.22,3511.714
20251127B03,合計（確報値）,（内訳）自エリアからの約定量[MW],63,743.919,406.176,569.093,91,557.231,144.041,82,339.22,2995.68
20251127B04,システム約定結果,募集量（TSO別）[MW],116,222,375,264,194,869,486,219,604,3349
20251127B04,システム約定結果,応札量合計（電源属地別）[MW],423.55,444.5,1099.737,7.718,194,1151,156.364,110,715.805,4302.674
20251127B04,システム約定結果,落札量合計（電源属地別）[MW],31.55,444.5,626.554,7.718,194,995.713,126.784,110,371.359,2908.178
20251127B04,システム約定結果,応札件数（電源属地別）[件],6,3,35,4,2,7,5,6,10,78
20251127B04,システム約定結果,落札件数（電源属地別）[件],3,3,27,4,2,6,5,6,9,65
20251127B04,システム約定結果,最高落札価格（電源属地別）[円/kW・30分],10,19.51,19.51,19.51,2.4,9.1,19.51,8.35,19.51,19.51
20251127B04,システム約定結果,最低落札価格（電源属地別）[円/kW・30分],1.08,2.82,0.37,19.47,2.36,0.36,0.36,0.59,0.36,0.36
20251127B04,システム約定結果,平均落札価格（電源属地別）[円/kW・30分],4.92,4.44,1.44,19.49,2.39,3.12,2.74,2.74,0.96,2.67
20251127B04,システム約定結果,最高落札価格（TSO別）[円/kW・30分],10,19.51,19.51,0.46,19.51,9.1,19.51,8.35,19.51,19.51
20251127B04,システム約定結果,最低落札価格（TSO別）[円/kW・30分],1.08,2.82,0.37,0.37,2.36,0.36,0.36,0.59,0.36,0.36
20251127B04,システム約定結果,平均落札価格（TSO別）[円/kW・30分],4.51,5.11,2.39,0.43,3.07,3.3,2.37,2.74,1.74,2.67
20251127B04,システム約定結果,落札量合計（TSO別）[MW],116,198.05,323.605,264,193.718,796,381,110,525.805,2908.178
20251127B04,システム約定結果,（内訳）自エリアからの落札量[MW],31.55,198.05,323.605,0,186,757.051,126.784,110,371.359,2104.399
20251127B04,追加調達結果,募集量（TSO別）[MW],-,-,-,-,-,-,-,-,-,-
20251127B04,追加調達結果,応札量合計（電源属地別）[MW],0,0,0,0,0,0,0,0,0,0
20251127B04,追加調達結果,約定量合計（電源属地別）[MW],0,0,0,0,0,0,0,0,0,0
20251127B04,追加調達結果,応札件数（電源属地別）[件],0,0,0,0,0,0,0,0,0,0
20251127B04,追加調達結果,約定件数（電源属地別）[件],0,0,0,0,0,0,0,0,0,0
20251127B04,追加調達結果,最高約定価格（電源属地別）[円/kW・30分],0,0,0,0,0,0,0,0,0,0
20251127B04,追加調達結果,最低約定価格（電源属地別）[円/kW・30分],0,0,0,0,0,0,0,0,0,0
20251127B04,追加調達結果,平均約定価格（電源属地別）[円/kW・30分],0,0,0,0,0,0,0,0,0,0
20251127B04,追加調達結果,最高約定価格（TSO別）[円/kW・30分],0,0,0,0,0,0,0,0,0,0
20251127B04,追加調達結果,最低約定価格（TSO別）[円/kW・30分],0,0,0,0,0,0,0,0,0,0
20251127B04,追加調達結果,平均約定価格（TSO別）[円/kW・30分],0,0,0,0,0,0,0,0,0,0
20251127B04,追加調達結果,約定量合計（TSO別）[MW],0,0,0,0,0,0,0,0,0,0
20251127B04,追加調達結果,（内訳）自エリアからの約定量[MW],0,0,0,0,0,0,0,0,0,0
20251127B04,合計（確報値）,募集量（TSO別）[MW],116,222,375,264,194,869,486,219,604,3349
20251127B04,合計（確報値）,応札量合計（電源属地別）[MW],423.55,444.5,1099.737,7.718,340,1151,156.364,110,715.805,4448.674
20251127B04,合計（確報値）,約定量合計（電源属地別）[MW],31.55,444.5,626.554,7.718,194,995.713,126.784,110,371.359,2908.178
20251127B04,合計（確報値）,応札件数（電源属地別）[件],6,3,35,4,6,7,5,6,10,82
20251127B04,合計（確報値）,約定件数（電源属地別）[件],3,3,27,4,5,6,5,6,9,68
20251127B04,合計（確報値）,最高約定価格（電源属地別）[円/kW・30分],10,19.51,19.51,19.51,2.4,9.1,19.51,8.35,19.51,19.51
20251127B04,合計（確報値）,最低約定価格（電源属地別）[円/kW・30分],1.08,2.82,0.37,19.47,0.35,0.36,0.36,0.59,0.36,0.35
20251127B04,合計（確報値）,平均約定価格（電源属地別）[円/kW・30分],4.92,4.44,1.44,19.49,0.86,3.12,2.74,2.74,0.96,2.57
20251127B04,合計（確報値）,最高約定価格（TSO別）[円/kW・30分],10,19.51,19.51,0.46,19.51,9.1,19.51,8.35,19.51,19.51
20251127B04,合計（確報値）,最低約定価格（TSO別）[円/kW・30分],1.08,2.82,0.37,0.37,0.35,0.36,0.36,0.59,0.36,0.35
20251127B04,合計（確報値）,平均約定価格（TSO別）[円/kW・30分],4.51,5.11,2.39,0.43,1.54,3.3,2.37,2.74,1.74,2.57
20251127B04,合計（確報値）,約定量合計（TSO別）[MW],116,198.05,323.605,264,193.718,796,381,110,525.805,2908.178
20251127B04,合計（確報値）,（内訳）自エリアからの約定量[MW],31.55,198.05,323.605,0,186,757.051,126.784,110,371.359,2104.399
20251127B05,システム約定結果,募集量（TSO別）[MW],32,217,293,383,194,588,361,145,537,2750
20251127B05,システム約定結果,応札量合計（電源属地別）[MW],335.75,454.919,1213.429,7.718,194,1200.215,158.164,89,722.119,4375.314
20251127B05,システム約定結果,落札量合計（電源属地別）[MW],23,454.919,244.805,7.718,194,851.898,128.584,89,322.119,2316.043
20251127B05,システム約定結果,応札件数（電源属地別）[件],5,5,34,4,2,9,6,5,14,84
20251127B05,システム約定結果,落札件数（電源属地別）[件],2,5,25,4,2,9,6,5,12,70
20251127B05,システム約定結果,最高落札価格（電源属地別）[円/kW・30分],10,19.51,19.51,19.51,2.54,19.51,19.51,8.4,19.51,19.51
20251127B05,システム約定結果,最低落札価格（電源属地別）[円/kW・30分],0.72,2.83,0.34,19.47,2.49,0.36,0.36,0.6,0.36,0.34
20251127B05,システム約定結果,平均落札価格（電源属地別）[円/kW・30分],5.97,4.74,3.31,19.49,2.52,3.79,2.98,3.22,1.31,3.48
20251127B05,システム約定結果,最高落札価格（TSO別）[円/kW・30分],10,19.51,19.51,19.51,4.75,19.51,19.51,8.4,19.51,19.51
20251127B05,システム約定結果,最低落札価格（TSO別）[円/kW・30分],0.72,2.83,0.73,0.36,0.34,0.34,0.36,0.6,0.36,0.34
20251127B05,システム約定結果,平均落札価格（TSO別）[円/kW・30分],4.98,5.14,4.21,2.88,2.52,5.01,1.85,3.22,2.06,3.48
20251127B05,システム約定結果,落札量合計（TSO別）[MW],38,279.586,187.605,277.718,194,529.215,288.8,89,432.119,2316.043
20251127B05,システム約定結果,（内訳）自エリアからの落札量[MW],23,279.586,187.605,7.718,120.465,509.217,93.662,89,322.119,1632.372
20251127B05,追加調達結果,募集量（TSO別）[MW],-,-,-,-,-,-,-,-,-,-
20251127B05,追加調達結果,応札量合計（電源属地別）[MW],0,0,0,0,0,0,0,0,0,0
20251127B05,追加調達結果,約定量合計（電源属地別）[MW],0,0,0,0,0,0,0,0,0,0
20251127B05,追加調達結果,応札件数（電源属地別）[件],0,0,0,0,0,0,0,0,0,0
20251127B05,追加調達結果,約定件数（電源属地別）[件],0,0,0,0,0,0,0,0,0,0
20251127B05,追加調達結果,最高約定価格（電源属地別）[円/kW・30分],0,0,0,0,0,0,0,0,0,0
20251127B05,追加調達結果,最低約定価格（電源属地別）[円/kW・30分],0,0,0,0,0,0,0,0,0,0
20251127B05,追加調達結果,平均約定価格（電源属地別）[円/kW・30分],0,0,0,0,0,0,0,0,0,0
20251127B05,追加調達結果,最高約定価格（TSO別）[円/kW・30分],0,0,0,0,0,0,0,0,0,0
20251127B05,追加調達結果,最低約定価格（TSO別）[円/kW・30分],0,0,0,0,0,0,0,0,0,0
20251127B05,追加調達結果,平均約定価格（TSO別）[円/kW・30分],0,0,0,0,0,0,0,0,0,0
20251127B05,追加調達結果,約定量合計（TSO別）[MW],0,0,0,0,0,0,0,0,0,0
20251127B05,追加調達結果,（内訳）自エリアからの約定量[MW],0,0,0,0,0,0,0,0,0,0
20251127B05,合計（確報値）,募集量（TSO別）[MW],32,217,293,383,194,588,361,145,537,2750
20251127B05,合計（確報値）,応札量合計（電源属地別）[MW],335.75,634.919,1213.429,7.718,265.918,1200.215,158.164,89,722.119,4627.232
20251127B05,合計（確報値）,約定量合計（電源属地別）[MW],23,454.919,187.605,7.718,194,851.898,128.584,89,322.119,2258.843
20251127B05,合計（確報値）,応札件数（電源属地別）[件],5,11,34,4,7,9,6,5,14,95
20251127B05,合計（確報値）,約定件数（電源属地別）[件],2,10,24,4,6,9,6,5,12,78
20251127B05,合計（確報値）,最高約定価格（電源属地別）[円/kW・30分],10,19.51,19.51,19.51,2.54,19.51,19.51,8.4,19.51,19.51
20251127B05,合計（確報値）,最低約定価格（電源属地別）[円/kW・30分],0.72,2.5,0.73,19.47,0.35,0.36,0.36,0.6,0.36,0.35
20251127B05,合計（確報値）,平均約定価格（電源属地別）[円/kW・30分],5.97,4.61,4.21,19.49,1.73,3.79,2.98,3.22,1.31,3.47
20251127B05,合計（確報値）,最高約定価格（TSO別）[円/kW・30分],10,19.51,19.51,19.51,4.75,19.51,19.51,8.4,19.51,19.51
20251127B05,合計（確報値）,最低約定価格（TSO別）[円/kW・30分],0.72,2.5,0.73,0.35,0.35,0.36,0.35,0.6,0.36,0.35
20251127B05,合計（確報値）,平均約定価格（TSO別）[円/kW・30分],4.89,4.99,4.21,2.74,2.37,5.19,1.76,3.22,2.06,3.47
20251127B05,合計（確報値）,約定量合計（TSO別）[MW],38,279.586,187.605,277.718,156.798,509.217,288.8,89,432.119,2258.843
20251127B05,合計（確報値）,（内訳）自エリアからの約定量[MW],23,279.586,187.605,7.718,120.465,509.217,93.662,89,322.119,1632.372
20251127B06,システム約定結果,募集量（TSO別）[MW],36,732,427,402,120,692,340,179,549,3477
20251127B06,システム約定結果,応札量合計（電源属地別）[MW],177.75,814.919,989.34,48.718,120,1028.315,510.709,89,692.099,4470.85
20251127B06,システム約定結果,落札量合計（電源属地別）[MW],36,814.919,337.686,48.718,120,801.761,297.179,89,322.119,2867.382
20251127B06,システム約定結果,応札件数（電源属地別）[件],5,7,33,5,1,9,12,5,17,94
20251127B06,システム約定結果,落札件数（電源属地別）[件],2,7,26,5,1,8,12,5,12,78
20251127B06,システム約定結果,最高落札価格（電源属地別）[円/kW・30分],10,19.51,19.51,19.51,4.64,19.51,19.51,7.17,19.51,19.51
20251127B06,システム約定結果,最低落札価格（電源属地別）[円/kW・30分],7.5,0.81,0.37,2.05,4.64,1.5,1.24,0.36,1.73,0.36
20251127B06,システム約定結果,平均落札価格（電源属地別）[円/kW・30分],8.89,1.99,3.36,4.81,4.64,2.8,2.55,3.66,2.78,2.82
20251127B06,システム約定結果,最高落札価格（TSO別）[円/kW・30分],10,19.51,19.51,19.51,4.64,19.51,19.51,7.17,19.51,19.51
20251127B06,システム約定結果,最低落札価格（TSO別）[円/kW・30分],7.5,0.46,0.73,0.37,3.41,1.5,1.24,0.36,1.24,0.36
20251127B06,システム約定結果,平均落札価格（TSO別）[円/kW・30分],8.89,2.04,4.72,2,4.28,2.83,2.94,3.66,2.47,2.82
20251127B06,システム約定結果,落札量合計（TSO別）[MW],36,785.697,244.605,210.718,113,647.231,253.012,89,488.119,2867.382
20251127B06,システム約定結果,（内訳）自エリアからの落札量[MW],36,677.697,95.686,48.718,80.303,647.231,199.012,89,322.119,2195.766
20251127B06,追加調達結果,募集量（TSO別）[MW],-,-,-,-,-,-,-,-,-,-
20251127B06,追加調達結果,応札量合計（電源属地別）[MW],0,0,0,0,0,0,0,0,0,0
20251127B06,追加調達結果,約定量合計（電源属地別）[MW],0,0,0,0,0,0,0,0,0,0
20251127B06,追加調達結果,応札件数（電源属地別）[件],0,0,0,0,0,0,0,0,0,0
20251127B06,追加調達結果,約定件数（電源属地別）[件],0,0,0,0,0,0,0,0,0,0
20251127B06,追加調達結果,最高約定価格（電源属地別）[円/kW・30分],0,0,0,0,0,0,0,0,0,0
20251127B06,追加調達結果,最低約定価格（電源属地別）[円/kW・30分],0,0,0,0,0,0,0,0,0,0
20251127B06,追加調達結果,平均約定価格（電源属地別）[円/kW・30分],0,0,0,0,0,0,0,0,0,0
20251127B06,追加調達結果,最高約定価格（TSO別）[円/kW・30分],0,0,0,0,0,0,0,0,0,0
20251127B06,追加調達結果,最低約定価格（TSO別）[円/kW・30分],0,0,0,0,0,0,0,0,0,0
20251127B06,追加調達結果,平均約定価格（TSO別）[円/kW・30分],0,0,0,0,0,0,0,0,0,0
20251127B06,追加調達結果,約定量合計（TSO別）[MW],0,0,0,0,0,0,0,0,0,0
20251127B06,追加調達結果,（内訳）自エリアからの約定量[MW],0,0,0,0,0,0,0,0,0,0
20251127B06,合計（確報値）,募集量（TSO別）[MW],36,732,427,402,120,692,340,179,549,3477
20251127B06,合計（確報値）,応札量合計（電源属地別）[MW],177.75,814.919,1012.037,89.718,120,1028.315,510.709,89,721.099,4563.547
20251127B06,合計（確報値）,約定量合計（電源属地別）[MW],36,814.919,337.686,48.718,120,801.761,297.179,89,322.119,2867.382
20251127B06,合計（確報値）,応札件数（電源属地別）[件],5,7,34,7,1,9,12,5,19,99
20251127B06,合計（確報値）,約定件数（電源属地別）[件],2,7,27,6,1,8,12,5,13,81
20251127B06,合計（確報値）,最高約定価格（電源属地別）[円/kW・30分],10,19.51,19.51,19.51,4.64,19.51,19.51,7.17,19.51,19.51
20251127B06,合計（確報値）,最低約定価格（電源属地別）[円/kW・30分],7.5,0.81,0.36,0.36,4.64,1.5,1.24,0.36,1.73,0.36
20251127B06,合計（確報値）,平均約定価格（電源属地別）[円/kW・30分],8.89,1.99,3.06,3.39,4.64,2.8,2.55,3.66,2.78,2.76
20251127B06,合計（確報値）,最高約定価格（TSO別）[円/kW・30分],10,19.51,19.51,19.51,4.64,19.51,19.51,7.17,19.51,19.51
20251127B06,合計（確報値）,最低約定価格（TSO別）[円/kW・30分],7.5,0.36,0.73,0.36,3.41,1.5,1.24,0.36,1.24,0.36
20251127B06,合計（確報値）,平均約定価格（TSO別）[円/kW・30分],8.89,1.91,4.72,1.67,4.28,2.83,2.94,3.66,2.47,2.76
20251127B06,合計（確報値）,約定量合計（TSO別）[MW],36,785.697,244.605,210.718,113,647.231,253.012,89,488.119,2867.382
20251127B06,合計（確報値）,（内訳）自エリアからの約定量[MW],36,677.697,95.686,48.718,80.303,647.231,199.012,89,322.119,2195.766
20251127B07,システム約定結果,募集量（TSO別）[MW],32,263,426,206,106,574,305,83,328,2323
20251127B07,システム約定結果,応札量合計（電源属地別）[MW],175.75,454.919,1101.094,48.718,106,1026.315,509.709,92,691.217,4205.722
20251127B07,システム約定結果,落札量合計（電源属地別）[MW],24,454.919,252.837,48.718,106,379.028,296.179,58.333,301.094,1921.108
20251127B07,システム約定結果,応札件数（電源属地別）[件],5,5,32,5,1,8,11,6,15,88
20251127B07,システム約定結果,落札件数（電源属地別）[件],2,5,24,5,1,8,11,5,14,75
20251127B07,システム約定結果,最高落札価格（電源属地別）[円/kW・30分],10,19.51,19.51,19.51,4.24,19.49,19.51,6.6,19.51,19.51
20251127B07,システム約定結果,最低落札価格（電源属地別）[円/kW・30分],2.5,1.03,0.73,1.32,4.24,1.5,1.58,0.36,1.76,0.36
20251127B07,システム約定結果,平均落札価格（電源属地別）[円/kW・30分],5.63,2.76,7.55,4.2,4.24,3.76,2.82,2.17,3.35,3.83
20251127B07,システム約定結果,最高落札価格（TSO別）[円/kW・30分],10,19.51,19.51,19.51,4.24,19.49,19.51,6.6,19.51,19.51
20251127B07,システム約定結果,最低落札価格（TSO別）[円/kW・30分],1.03,1.03,0.73,1.03,3.6,1.5,1.58,0.36,1.58,0.36
20251127B07,システム約定結果,平均落札価格（TSO別）[円/kW・30分],4.48,3.02,7.55,3.39,4.04,4.29,3.43,1.82,3.05,3.83
20251127B07,システム約定結果,落札量合計（TSO別）[MW],32,357.262,152.638,88.718,88,525.69,265.8,83,328,1921.108
20251127B07,システム約定結果,（内訳）自エリアからの落札量[MW],24,357.262,152.638,48.718,61,323.79,207.012,55,273.877,1503.297
20251127B07,追加調達結果,募集量（TSO別）[MW],-,-,-,-,-,-,-,-,-,-
20251127B07,追加調達結果,応札量合計（電源属地別）[MW],0,0,0,0,0,0,0,0,0,0
20251127B07,追加調達結果,約定量合計（電源属地別）[MW],0,0,0,0,0,0,0,0,0,0
20251127B07,追加調達結果,応札件数（電源属地別）[件],0,0,0,0,0,0,0,0,0,0
20251127B07,追加調達結果,約定件数（電源属地別）[件],0,0,0,0,0,0,0,0,0,0
20251127B07,追加調達結果,最高約定価格（電源属地別）[円/kW・30分],0,0,0,0,0,0,0,0,0,0
20251127B07,追加調達結果,最低約定価格（電源属地別）[円/kW・30分],0,0,0,0,0,0,0,0,0,0
20251127B07,追加調達結果,平均約定価格（電源属地別）[円/kW・30分],0,0,0,0,0,0,0,0,0,0
20251127B07,追加調達結果,最高約定価格（TSO別）[円/kW・30分],0,0,0,0,0,0,0,0,0,0
20251127B07,追加調達結果,最低約定価格（TSO別）[円/kW・30分],0,0,0,0,0,0,0,0,0,0
20251127B07,追加調達結果,平均約定価格（TSO別）[円/kW・30分],0,0,0,0,0,0,0,0,0,0
20251127B07,追加調達結果,約定量合計（TSO別）[MW],0,0,0,0,0,0,0,0,0,0
20251127B07,追加調達結果,（内訳）自エリアからの約定量[MW],0,0,0,0,0,0,0,0,0,0
20251127B07,合計（確報値）,募集量（TSO別）[MW],32,263,426,206,106,574,305,83,328,2323
20251127B07,合計（確報値）,応札量合計（電源属地別）[MW],175.75,454.919,1156.999,89.718,106,1026.315,509.709,92,691.217,4302.627
20251127B07,合計（確報値）,約定量合計（電源属地別）[MW],24,454.919,252.837,48.718,106,379.028,296.179,58.333,301.094,1921.108
20251127B07,合計（確報値）,応札件数（電源属地別）[件],5,5,34,7,1,8,11,6,15,92
20251127B07,合計（確報値）,約定件数（電源属地別）[件],2,5,26,6,1,8,11,5,14,78
20251127B07,合計（確報値）,最高約定価格（電源属地別）[円/kW・30分],10,19.51,19.51,19.51,4.24,19.49,19.51,6.6,19.51,19.51
20251127B07,合計（確報値）,最低約定価格（電源属地別）[円/kW・30分],2.5,1.03,0.36,0.36,4.24,1.5,1.58,0.36,1.76,0.36
20251127B07,合計（確報値）,平均約定価格（電源属地別）[円/kW・30分],5.63,2.76,7.24,3.39,4.24,3.76,2.82,2.17,3.35,3.76
20251127B07,合計（確報値）,最高約定価格（TSO別）[円/kW・30分],10,19.51,19.51,19.51,4.24,19.49,19.51,6.6,19.51,19.51
20251127B07,合計（確報値）,最低約定価格（TSO別）[円/kW・30分],1.03,1.03,0.73,0.36,3.6,0.36,1.58,0.36,1.58,0.36
20251127B07,合計（確報値）,平均約定価格（TSO別）[円/kW・30分],4.48,3.02,7.55,2.95,4.04,4.14,3.43,1.82,3.05,3.76
20251127B07,合計（確報値）,約定量合計（TSO別）[MW],32,357.262,152.638,88.718,88,525.69,265.8,83,328,1921.108
20251127B07,合計（確報値）,（内訳）自エリアからの約定量[MW],24,357.262,152.638,48.718,61,323.79,207.012,55,273.877,1503.297
20251127B08,システム約定結果,募集量（TSO別）[MW],39,138,408,230,105,462,197,88,298,1965
20251127B08,システム約定結果,応札量合計（電源属地別）[MW],161.75,274.919,828.216,7.718,105,872.315,157.164,89,550.796,3046.878
20251127B08,システム約定結果,落札量合計（電源属地別）[MW],44.75,274.919,621.275,7.718,105,558.478,107.738,63.799,157.796,1941.473
20251127B08,システム約定結果,応札件数（電源属地別）[件],4,4,20,4,1,8,5,5,12,63
20251127B08,システム約定結果,落札件数（電源属地別）[件],3,4,18,4,1,8,5,4,11,58
20251127B08,システム約定結果,最高落札価格（電源属地別）[円/kW・30分],14.63,19.51,19.51,19.51,2.79,19.49,19.51,5.6,19.51,19.51
20251127B08,システム約定結果,最低落札価格（電源属地別）[円/kW・30分],8.9,3.22,0.73,19.47,2.79,0.45,0.56,0.53,0.67,0.45
20251127B08,システム約定結果,平均落札価格（電源属地別）[円/kW・30分],11.12,4.6,4.22,19.48,2.79,2.79,3.49,2.06,2.7,3.77
20251127B08,システム約定結果,最高落札価格（TSO別）[円/kW・30分],14.63,19.51,19.51,19.51,2.79,19.49,19.51,7.57,19.51,19.51
20251127B08,システム約定結果,最低落札価格（TSO別）[円/kW・30分],8.9,3.22,0.73,2.99,2.79,0.45,0.56,0.45,0.45,0.45
20251127B08,システム約定結果,平均落札価格（TSO別）[円/kW・30分],11.12,4.6,3.66,8.65,2.79,2.98,3.88,1.65,2.41,3.77
20251127B08,システム約定結果,落札量合計（TSO別）[MW],44.75,274.919,534.275,94.718,105,473.215,100.8,88,225.796,1941.473
20251127B08,システム約定結果,（内訳）自エリアからの落札量[MW],44.75,274.919,534.275,7.718,105,473.215,97.001,60,157.796,1754.674
20251127B08,追加調達結果,募集量（TSO別）[MW],-,-,-,-,-,-,-,-,-,-
20251127B08,追加調達結果,応札量合計（電源属地別）[MW],0,0,0,0,0,0,0,0,0,0
20251127B08,追加調達結果,約定量合計（電源属地別）[MW],0,0,0,0,0,0,0,0,0,0
20251127B08,追加調達結果,応札件数（電源属地別）[件],0,0,0,0,0,0,0,0,0,0
20251127B08,追加調達結果,約定件数（電源属地別）[件],0,0,0,0,0,0,0,0,0,0
20251127B08,追加調達結果,最高約定価格（電源属地別）[円/kW・30分],0,0,0,0,0,0,0,0,0,0
20251127B08,追加調達結果,最低約定価格（電源属地別）[円/kW・30分],0,0,0,0,0,0,0,0,0,0
20251127B08,追加調達結果,平均約定価格（電源属地別）[円/kW・30分],0,0,0,0,0,0,0,0,0,0
20251127B08,追加調達結果,最高約定価格（TSO別）[円/kW・30分],0,0,0,0,0,0,0,0,0,0
20251127B08,追加調達結果,最低約定価格（TSO別）[円/kW・30分],0,0,0,0,0,0,0,0,0,0
20251127B08,追加調達結果,平均約定価格（TSO別）[円/kW・30分],0,0,0,0,0,0,0,0,0,0
20251127B08,追加調達結果,約定量合計（TSO別）[MW],0,0,0,0,0,0,0,0,0,0
20251127B08,追加調達結果,（内訳）自エリアからの約定量[MW],0,0,0,0,0,0,0,0,0,0
20251127B08,合計（確報値）,募集量（TSO別）[MW],39,138,408,230,105,462,197,88,298,1965
20251127B08,合計（確報値）,応札量合計（電源属地別）[MW],161.75,274.919,1114.763,7.718,105,872.315,158.151,89,550.796,3334.412
20251127B08,合計（確報値）,約定量合計（電源属地別）[MW],44.75,274.919,621.275,7.718,105,558.478,93.935,63.799,157.796,1927.67
20251127B08,合計（確報値）,応札件数（電源属地別）[件],4,4,28,4,1,8,6,5,12,72
20251127B08,合計（確報値）,約定件数（電源属地別）[件],3,4,24,4,1,8,5,4,11,64
20251127B08,合計（確報値）,最高約定価格（電源属地別）[円/kW・30分],14.63,19.51,19.51,19.51,2.79,19.49,19.49,5.6,19.51,19.51
20251127B08,合計（確報値）,最低約定価格（電源属地別）[円/kW・30分],8.9,3.22,0.36,19.47,2.79,0.45,0.36,0.53,0.67,0.36
20251127B08,合計（確報値）,平均約定価格（電源属地別）[円/kW・30分],11.12,4.6,2.81,19.48,2.79,2.79,0.94,2.06,2.7,3.19
20251127B08,合計（確報値）,最高約定価格（TSO別）[円/kW・30分],14.63,19.51,19.51,19.51,2.79,19.49,19.49,7.57,19.51,19.51
20251127B08,合計（確報値）,最低約定価格（TSO別）[円/kW・30分],8.9,3.22,0.36,0.36,2.79,0.45,0.36,0.45,0.45,0.36
20251127B08,合計（確報値）,平均約定価格（TSO別）[円/kW・30分],11.12,4.6,2.25,7.33,2.79,2.98,1.18,1.65,2.41,3.19
20251127B08,合計（確報値）,約定量合計（TSO別）[MW],44.75,274.919,534.275,94.718,105,473.215,86.997,88,225.796,1927.67
20251127B08,合計（確報値）,（内訳）自エリアからの約定量[MW],44.75,274.919,534.275,7.718,105,473.215,83.198,60,157.796,1740.871
20251128B01,システム約定結果,募集量（TSO別）[MW],55,163,306,41,86,281,189,95,198,1414
20251128B01,システム約定結果,応札量合計（電源属地別）[MW],152.85,260.419,712.13,916.362,86,872.315,155.364,86,663.796,3905.236
20251128B01,システム約定結果,落札量合計（電源属地別）[MW],13,260.419,280.826,877.182,86,348.822,88.222,58.085,63.796,2076.352
20251128B01,システム約定結果,応札件数（電源属地別）[件],4,3,19,15,1,8,4,6,11,71
20251128B01,システム約定結果,落札件数（電源属地別）[件],1,3,16,15,1,8,4,5,9,62
20251128B01,システム約定結果,最高落札価格（電源属地別）[円/kW・30分],4.5,19.51,19.51,19.51,2.06,19.49,19.51,5.12,19.51,19.51
20251128B01,システム約定結果,最低落札価格（電源属地別）[円/kW・30分],4.5,3.66,1.78,1.53,2.06,0.36,0.36,0.36,0.36,0.36
20251128B01,システム約定結果,平均落札価格（電源属地別）[円/kW・30分],4.5,4.19,2.73,2.2,2.06,4.29,3.36,1.58,3.98,2.97
20251128B01,システム約定結果,最高落札価格（TSO別）[円/kW・30分],4.5,19.51,19.51,2.7,2.7,19.51,19.51,8.34,19.51,19.51
20251128B01,システム約定結果,最低落札価格（TSO別）[円/kW・30分],3.66,3.66,1.78,1.53,1.53,0.36,0.36,0.36,0.36,0.36
20251128B01,システム約定結果,平均落札価格（TSO別）[円/kW・30分],3.86,4.29,2.73,2.11,2.16,3.47,2.75,4.72,3.65,2.97
20251128B01,システム約定結果,落札量合計（TSO別）[MW],55,218.419,280.826,614.403,132,386.09,223.843,95,70.771,2076.352
20251128B01,システム約定結果,（内訳）自エリアからの落札量[MW],13,218.419,280.826,614.403,86,296.506,88.212,52,63.796,1713.162
20251128B01,追加調達結果,募集量（TSO別）[MW],-,-,-,-,-,-,-,-,-,-
20251128B01,追加調達結果,応札量合計（電源属地別）[MW],0,0,0,0,0,0,0,0,0,0
20251128B01,追加調達結果,約定量合計（電源属地別）[MW],0,0,0,0,0,0,0,0,0,0
20251128B01,追加調達結果,応札件数（電源属地別）[件],0,0,0,0,0,0,0,0,0,0
20251128B01,追加調達結果,約定件数（電源属地別）[件],0,0,0,0,0,0,0,0,0,0
20251128B01,追加調達結果,最高約定価格（電源属地別）[円/kW・30分],0,0,0,0,0,0,0,0,0,0
20251128B01,追加調達結果,最低約定価格（電源属地別）[円/kW・30分],0,0,0,0,0,0,0,0,0,0
20251128B01,追加調達結果,平均約定価格（電源属地別）[円/kW・30分],0,0,0,0,0,0,0,0,0,0
20251128B01,追加調達結果,最高約定価格（TSO別）[円/kW・30分],0,0,0,0,0,0,0,0,0,0
20251128B01,追加調達結果,最低約定価格（TSO別）[円/kW・30分],0,0,0,0,0,0,0,0,0,0
20251128B01,追加調達結果,平均約定価格（TSO別）[円/kW・30分],0,0,0,0,0,0,0,0,0,0
20251128B01,追加調達結果,約定量合計（TSO別）[MW],0,0,0,0,0,0,0,0,0,0
20251128B01,追加調達結果,（内訳）自エリアからの約定量[MW],0,0,0,0,0,0,0,0,0,0
20251128B01,合計（確報値）,募集量（TSO別）[MW],55,163,306,41,86,281,189,95,198,1414
20251128B01,合計（確報値）,応札量合計（電源属地別）[MW],152.85,260.419,712.13,1745.379,86,872.315,155.374,86,663.796,4734.263
20251128B01,合計（確報値）,約定量合計（電源属地別）[MW],13,260.419,280.826,877.182,86,348.822,74.419,58.085,63.796,2062.549
20251128B01,合計（確報値）,応札件数（電源属地別）[件],4,3,19,49,1,8,5,6,11,106
20251128B01,合計（確報値）,約定件数（電源属地別）[件],1,3,16,37,1,8,4,5,9,84
20251128B01,合計（確報値）,最高約定価格（電源属地別）[円/kW・30分],4.5,19.51,19.51,19.51,2.06,19.49,0.36,5.12,19.51,19.51
20251128B01,合計（確報値）,最低約定価格（電源属地別）[円/kW・30分],4.5,3.66,1.78,0.36,2.06,0.36,0.36,0.36,0.36,0.36
20251128B01,合計（確報値）,平均約定価格（電源属地別）[円/kW・30分],4.5,4.19,2.73,0.82,2.06,4.29,0.36,1.58,3.98,2.27
20251128B01,合計（確報値）,最高約定価格（TSO別）[円/kW・30分],4.5,19.51,19.51,2.52,2.1,19.51,19.49,8.34,19.51,19.51
20251128B01,合計（確報値）,最低約定価格（TSO別）[円/kW・30分],3.66,3.66,1.78,0.36,0.36,0.36,0.36,0.36,0.36,0.36
20251128B01,合計（確報値）,平均約定価格（TSO別）[円/kW・30分],3.86,4.29,2.73,0.52,1.49,3.29,1.31,4.72,3.63,2.27
20251128B01,合計（確報値）,約定量合計（TSO別）[MW],55,218.419,280.826,614.403,132,386.09,210.04,95,70.771,2062.549
20251128B01,合計（確報値）,（内訳）自エリアからの約定量[MW],13,218.419,280.826,614.403,86,296.506,74.409,52,63.796,1699.359
20251128B02,システム約定結果,募集量（TSO別）[MW],28,333,301,158,92,380,189,99,300,1880
20251128B02,システム約定結果,応札量合計（電源属地別）[MW],136.75,454.919,833.799,563.3,92,1046.215,157.164,89,549.296,3922.443
20251128B02,システム約定結果,落札量合計（電源属地別）[MW],14,454.919,601.699,563.3,92,365.315,78.022,70.733,191.296,2431.284
20251128B02,システム約定結果,応札件数（電源属地別）[件],3,5,21,10,1,9,5,6,11,71
20251128B02,システム約定結果,落札件数（電源属地別）[件],2,5,18,10,1,8,5,5,10,64
20251128B02,システム約定結果,最高落札価格（電源属地別）[円/kW・30分],9.5,19.51,19.51,19.51,2.14,19.49,19.51,5.48,19.51,19.51
20251128B02,システム約定結果,最低落札価格（電源属地別）[円/kW・30分],9,1.92,0.73,1.68,2.14,0.36,0.36,0.36,0.36,0.36
20251128B02,システム約定結果,平均落札価格（電源属地別）[円/kW・30分],9.37,3.74,2.6,2.79,2.14,3.98,4.19,2.16,1.69,3.05
20251128B02,システム約定結果,最高落札価格（TSO別）[円/kW・30分],9.5,19.51,19.51,4.03,19.51,19.49,19.51,5.48,19.51,19.51
20251128B02,システム約定結果,最低落札価格（TSO別）[円/kW・30分],1.92,1.92,0.73,1.68,1.68,0.36,0.36,0.36,0.36,0.36
20251128B02,システム約定結果,平均落札価格（TSO別）[円/kW・30分],5.64,3.8,2.6,2.43,3.57,3.86,3.94,2.09,2.13,3.05
20251128B02,システム約定結果,落札量合計（TSO別）[MW],28,440.919,601.699,436.192,89.218,416.215,83.745,99,236.296,2431.284
20251128B02,システム約定結果,（内訳）自エリアからの落札量[MW],14,440.919,601.699,436.192,67,365.315,78.012,65,191.296,2259.433
20251128B02,追加調達結果,募集量（TSO別）[MW],-,-,-,-,-,-,-,-,-,-
20251128B02,追加調達結果,応札量合計（電源属地別）[MW],0,0,0,0,0,0,0,0,0,0
20251128B02,追加調達結果,約定量合計（電源属地別）[MW],0,0,0,0,0,0,0,0,0,0
20251128B02,追加調達結果,応札件数（電源属地別）[件],0,0,0,0,0,0,0,0,0,0
20251128B02,追加調達結果,約定件数（電源属地別）[件],0,0,0,0,0,0,0,0,0,0
20251128B02,追加調達結果,最高約定価格（電源属地別）[円/kW・30分],0,0,0,0,0,0,0,0,0,0
20251128B02,追加調達結果,最低約定価格（電源属地別）[円/kW・30分],0,0,0,0,0,0,0,0,0,0
20251128B02,追加調達結果,平均約定価格（電源属地別）[円/kW・30分],0,0,0,0,0,0,0,0,0,0
20251128B02,追加調達結果,最高約定価格（TSO別）[円/kW・30分],0,0,0,0,0,0,0,0,0,0
20251128B02,追加調達結果,最低約定価格（TSO別）[円/kW・30分],0,0,0,0,0,0,0,0,0,0
20251128B02,追加調達結果,平均約定価格（TSO別）[円/kW・30分],0,0,0,0,0,0,0,0,0,0
20251128B02,追加調達結果,約定量合計（TSO別）[MW],0,0,0,0,0,0,0,0,0,0
20251128B02,追加調達結果,（内訳）自エリアからの約定量[MW],0,0,0,0,0,0,0,0,0,0
20251128B02,合計（確報値）,募集量（TSO別）[MW],28,333,301,158,92,380,189,99,300,1880
20251128B02,合計（確報値）,応札量合計（電源属地別）[MW],136.75,454.919,1034.819,1118.382,92,1046.215,157.174,89,549.296,4678.555
20251128B02,合計（確報値）,約定量合計（電源属地別）[MW],14,454.919,601.699,563.3,92,365.315,64.219,70.733,191.296,2417.481
20251128B02,合計（確報値）,応札件数（電源属地別）[件],3,5,25,33,1,9,6,6,11,99
20251128B02,合計（確報値）,約定件数（電源属地別）[件],2,5,21,26,1,8,5,5,10,83
20251128B02,合計（確報値）,最高約定価格（電源属地別）[円/kW・30分],9.5,19.51,19.51,19.51,2.14,19.49,19.49,5.48,19.51,19.51
20251128B02,合計（確報値）,最低約定価格（電源属地別）[円/kW・30分],9,1.92,0.36,0.36,2.14,0.36,0.36,0.36,0.36,0.36
20251128B02,合計（確報値）,平均約定価格（電源属地別）[円/kW・30分],9.37,3.74,1.98,0.66,2.14,3.98,0.9,2.16,1.69,2.31
20251128B02,合計（確報値）,最高約定価格（TSO別）[円/kW・30分],9.5,19.51,19.51,1.97,19.51,19.49,19.49,5.48,19.51,19.51
20251128B02,合計（確報値）,最低約定価格（TSO別）[円/kW・30分],1.92,1.92,0.36,0.36,0.36,0.36,0.36,0.36,0.36,0.36
20251128B02,合計（確報値）,平均約定価格（TSO別）[円/kW・30分],5.64,3.8,1.98,0.42,3.35,3.65,0.87,1.64,1.44,2.31
20251128B02,合計（確報値）,約定量合計（TSO別）[MW],28,440.919,601.699,436.192,89.218,416.215,69.942,99,236.296,2417.481
20251128B02,合計（確報値）,（内訳）自エリアからの約定量[MW],14,440.919,601.699,436.192,67,365.315,64.209,65,191.296,2245.63
20251128B03,システム約定結果,募集量（TSO別）[MW],134,932,447,400,127,605,284,174,427,3530
20251128B03,システム約定結果,応札量合計（電源属地別）[MW],146.75,814.919,474.921,483.44,127,1200.215,157.164,89,584.22,4077.629
20251128B03,システム約定結果,落札量合計（電源属地別）[MW],63,814.919,349.921,483.44,127,1046.928,127.584,89,214.525,3316.317
20251128B03,システム約定結果,応札件数（電源属地別）[件],4,7,18,5,1,9,5,5,11,65
20251128B03,システム約定結果,落札件数（電源属地別）[件],3,7,16,5,1,9,5,5,9,60
20251128B03,システム約定結果,最高落札価格（電源属地別）[円/kW・30分],19.46,19.51,19.51,19.51,3.2,19.51,19.51,7.75,19.51,19.51
20251128B03,システム約定結果,最低落札価格（電源属地別）[円/kW・30分],16,1.64,0.92,2.08,3.2,0.43,0.44,0.45,0.47,0.43
20251128B03,システム約定結果,平均落札価格（電源属地別）[円/kW・30分],19.09,2.9,2.04,3.52,3.2,2.63,2.93,3.45,1.56,3.06
20251128B03,システム約定結果,最高落札価格（TSO別）[円/kW・30分],19.46,19.51,19.51,19.51,3.2,19.51,19.51,7.75,19.51,19.51
20251128B03,システム約定結果,最低落札価格（TSO別）[円/kW・30分],3.71,0.51,0.92,0.43,1.99,0.43,0.44,0.43,0.43,0.43
20251128B03,システム約定結果,平均落札価格（TSO別）[円/kW・30分],10.94,2.4,2.23,3.21,2.77,3.57,2.94,1.89,2.16,3.06
20251128B03,システム約定結果,落札量合計（TSO別）[MW],134,926.505,298.921,557.174,127,582.485,177.012,174,339.22,3316.317
20251128B03,システム約定結果,（内訳）自エリアからの落札量[MW],63,743.919,298.921,456.093,79.653,582.485,110.986,68.093,214.525,2617.675
20251128B03,追加調達結果,募集量（TSO別）[MW],-,-,-,-,-,-,-,-,-,-
20251128B03,追加調達結果,応札量合計（電源属地別）[MW],0,0,0,0,0,0,0,0,0,0
20251128B03,追加調達結果,約定量合計（電源属地別）[MW],0,0,0,0,0,0,0,0,0,0
20251128B03,追加調達結果,応札件数（電源属地別）[件],0,0,0,0,0,0,0,0,0,0
20251128B03,追加調達結果,約定件数（電源属地別）[件],0,0,0,0,0,0,0,0,0,0
20251128B03,追加調達結果,最高約定価格（電源属地別）[円/kW・30分],0,0,0,0,0,0,0,0,0,0
20251128B03,追加調達結果,最低約定価格（電源属地別）[円/kW・30分],0,0,0,0,0,0,0,0,0,0
20251128B03,追加調達結果,平均約定価格（電源属地別）[円/kW・30分],0,0,0,0,0,0,0,0,0,0
20251128B03,追加調達結果,最高約定価格（TSO別）[円/kW・30分],0,0,0,0,0,0,0,0,0,0
20251128B03,追加調達結果,最低約定価格（TSO別）[円/kW・30分],0,0,0,0,0,0,0,0,0,0
20251128B03,追加調達結果,平均約定価格（TSO別）[円/kW・30分],0,0,0,0,0,0,0,0,0,0
20251128B03,追加調達結果,約定量合計（TSO別）[MW],0,0,0,0,0,0,0,0,0,0
20251128B03,追加調達結果,（内訳）自エリアからの約定量[MW],0,0,0,0,0,0,0,0,0,0
20251128B03,合計（確報値）,募集量（TSO別）[MW],134,932,447,400,127,605,284,174,427,3530
20251128B03,合計（確報値）,応札量合計（電源属地別）[MW],146.75,814.919,474.921,996.61,127,1200.215,157.164,89,584.22,4590.799
20251128B03,合計（確報値）,約定量合計（電源属地別）[MW],63,814.919,349.921,483.44,127,1046.928,112.794,89,214.525,3301.527
20251128B03,合計（確報値）,応札件数（電源属地別）[件],4,7,18,16,1,9,5,5,11,76
20251128B03,合計（確報値）,約定件数（電源属地別）[件],3,7,16,13,1,9,4,5,9,67
20251128B03,合計（確報値）,最高約定価格（電源属地別）[円/kW・30分],19.46,19.51,19.51,19.51,3.2,19.51,19.51,7.75,19.51,19.51
20251128B03,合計（確報値）,最低約定価格（電源属地別）[円/kW・30分],16,1.64,0.92,0.36,3.2,0.43,0.44,0.45,0.47,0.36
20251128B03,合計（確報値）,平均約定価格（電源属地別）[円/kW・30分],19.09,2.9,2.04,0.59,3.2,2.63,0.76,3.45,1.56,2.56
20251128B03,合計（確報値）,最高約定価格（TSO別）[円/kW・30分],19.46,19.51,19.51,19.51,3.2,19.51,19.51,7.75,19.51,19.51
20251128B03,合計（確報値）,最低約定価格（TSO別）[円/kW・30分],3.71,0.51,0.92,0.36,0.36,0.43,0.44,0.43,0.43,0.36
20251128B03,合計（確報値）,平均約定価格（TSO別）[円/kW・30分],10.94,2.4,2.23,0.75,2.4,3.57,1.43,1.89,2.16,2.56
20251128B03,合計（確報値）,約定量合計（TSO別）[MW],134,926.505,298.921,557.174,127,582.485,162.222,174,339.22,3301.527
20251128B03,合計（確報値）,（内訳）自エリアからの約定量[MW],63,743.919,298.921,456.093,79.653,582.485,96.196,68.093,214.525,2602.885
20251128B04,システム約定結果,募集量（TSO別）[MW],116,222,375,264,194,869,486,219,604,3349
20251128B04,システム約定結果,応札量合計（電源属地別）[MW],419.8,444.5,1128.64,7.718,194,1149,156.364,89,715.805,4304.827
20251128B04,システム約定結果,落札量合計（電源属地別）[MW],31,444.5,612.598,7.718,194,995.713,126.784,89,456.819,2958.132
20251128B04,システム約定結果,応札件数（電源属地別）[件],5,3,34,4,2,6,5,5,10,74
20251128B04,システム約定結果,落札件数（電源属地別）[件],3,3,25,4,2,6,5,5,9,62
20251128B04,システム約定結果,最高落札価格（電源属地別）[円/kW・30分],10,19.51,19.51,19.51,2.4,9.13,19.51,8.34,19.51,19.51
20251128B04,システム約定結果,最低落札価格（電源属地別）[円/kW・30分],1.18,2.41,0.37,19.47,2.36,0.36,0.36,0.59,0.36,0.36
20251128B04,システム約定結果,平均落札価格（電源属地別）[円/kW・30分],4.86,3.98,1.38,19.49,2.39,3.13,2.75,3.24,0.97,2.56
20251128B04,システム約定結果,最高落札価格（TSO別）[円/kW・30分],10,19.51,19.51,4.21,19.51,9.13,19.51,8.34,19.51,19.51
20251128B04,システム約定結果,最低落札価格（TSO別）[円/kW・30分],1.18,2.41,0.37,0.37,2.36,0.36,0.36,0.36,0.36,0.36
20251128B04,システム約定結果,平均落札価格（TSO別）[円/kW・30分],3.31,4.64,2.29,1.27,3.07,3.35,3.12,1.47,1.28,2.56
20251128B04,システム約定結果,落札量合計（TSO別）[MW],116,147.5,321.745,264,193.718,796,381,212.364,525.805,2958.132
20251128B04,システム約定結果,（内訳）自エリアからの落札量[MW],31,147.5,321.745,0,186,793.445,111.196,72.364,456.819,2120.069
20251128B04,追加調達結果,募集量（TSO別）[MW],-,-,-,-,-,-,-,-,-,-
20251128B04,追加調達結果,応札量合計（電源属地別）[MW],0,0,0,0,0,0,0,0,0,0
20251128B04,追加調達結果,約定量合計（電源属地別）[MW],0,0,0,0,0,0,0,0,0,0
20251128B04,追加調達結果,応札件数（電源属地別）[件],0,0,0,0,0,0,0,0,0,0
20251128B04,追加調達結果,約定件数（電源属地別）[件],0,0,0,0,0,0,0,0,0,0
20251128B04,追加調達結果,最高約定価格（電源属地別）[円/kW・30分],0,0,0,0,0,0,0,0,0,0
20251128B04,追加調達結果,最低約定価格（電源属地別）[円/kW・30分],0,0,0,0,0,0,0,0,0,0
20251128B04,追加調達結果,平均約定価格（電源属地別）[円/kW・30分],0,0,0,0,0,0,0,0,0,0
20251128B04,追加調達結果,最高約定価格（TSO別）[円/kW・30分],0,0,0,0,0,0,0,0,0,0
20251128B04,追加調達結果,最低約定価格（TSO別）[円/kW・30分],0,0,0,0,0,0,0,0,0,0
20251128B04,追加調達結果,平均約定価格（TSO別）[円/kW・30分],0,0,0,0,0,0,0,0,0,0
20251128B04,追加調達結果,約定量合計（TSO別）[MW],0,0,0,0,0,0,0,0,0,0
20251128B04,追加調達結果,（内訳）自エリアからの約定量[MW],0,0,0,0,0,0,0,0,0,0
20251128B04,合計（確報値）,募集量（TSO別）[MW],116,222,375,264,194,869,486,219,604,3349
20251128B04,合計（確報値）,応札量合計（電源属地別）[MW],419.8,444.5,1128.64,7.718,194,1339,156.364,89,715.805,4494.827
20251128B04,合計（確報値）,約定量合計（電源属地別）[MW],31,444.5,612.598,7.718,194,995.713,111.994,89,456.819,2943.342
20251128B04,合計（確報値）,応札件数（電源属地別）[件],5,3,34,4,2,9,5,5,10,77
20251128B04,合計（確報値）,約定件数（電源属地別）[件],3,3,25,4,2,8,4,5,9,63
20251128B04,合計（確報値）,最高約定価格（電源属地別）[円/kW・30分],10,19.51,19.51,19.51,2.4,9.13,19.51,8.34,19.51,19.51
20251128B04,合計（確報値）,最低約定価格（電源属地別）[円/kW・30分],1.18,2.41,0.37,19.47,2.36,0.36,0.36,0.59,0.36,0.36
20251128B04,合計（確報値）,平均約定価格（電源属地別）[円/kW・30分],4.86,3.98,1.38,19.49,2.39,3.13,0.54,3.24,0.97,2.48
20251128B04,合計（確報値）,最高約定価格（TSO別）[円/kW・30分],10,19.51,19.51,4.21,19.51,9.13,19.51,8.34,19.51,19.51
20251128B04,合計（確報値）,最低約定価格（TSO別）[円/kW・30分],1.18,2.41,0.37,0.37,2.36,0.36,0.36,0.36,0.36,0.36
20251128B04,合計（確報値）,平均約定価格（TSO別）[円/kW・30分],3.31,4.64,2.29,1.27,3.07,3.35,2.46,1.47,1.28,2.48
20251128B04,合計（確報値）,約定量合計（TSO別）[MW],116,147.5,321.745,264,193.718,796,366.21,212.364,525.805,2943.342
20251128B04,合計（確報値）,（内訳）自エリアからの約定量[MW],31,147.5,321.745,0,186,793.445,96.406,72.364,456.819,2105.279
20251128B05,システム約定結果,募集量（TSO別）[MW],32,217,293,383,194,588,361,145,537,2750
20251128B05,システム約定結果,応札量合計（電源属地別）[MW],325,454.919,1236.364,7.718,194,1200.215,158.164,89,574.119,4239.499
20251128B05,システム約定結果,落札量合計（電源属地別）[MW],23,454.919,243.025,7.718,194,855.543,128.584,89,305.6,2301.389
20251128B05,システム約定結果,応札件数（電源属地別）[件],4,5,32,4,2,9,6,5,14,81
20251128B05,システム約定結果,落札件数（電源属地別）[件],2,5,24,4,2,9,6,5,13,70
20251128B05,システム約定結果,最高落札価格（電源属地別）[円/kW・30分],10,19.51,19.51,19.51,2.54,19.51,19.51,8.35,19.51,19.51
20251128B05,システム約定結果,最低落札価格（電源属地別）[円/kW・30分],0.76,2.46,0.34,19.47,2.49,0.36,0.36,0.59,0.36,0.34
20251128B05,システム約定結果,平均落札価格（電源属地別）[円/kW・30分],5.98,4.33,3.21,19.49,2.52,3.78,2.98,3.23,4.62,3.84
20251128B05,システム約定結果,最高落札価格（TSO別）[円/kW・30分],10,19.51,19.51,19.51,4.27,19.51,19.51,8.35,19.51,19.51
20251128B05,システム約定結果,最低落札価格（TSO別）[円/kW・30分],0.76,2.46,0.73,0.36,0.83,0.36,0.34,0.34,0.36,0.34
20251128B05,システム約定結果,平均落札価格（TSO別）[円/kW・30分],4.88,5.4,4.09,2.92,2.73,5.47,1.86,1.87,3.8,3.84
20251128B05,システム約定結果,落札量合計（TSO別）[MW],38,229.586,185.825,277.718,194,529.215,288.8,126.126,432.119,2301.389
20251128B05,システム約定結果,（内訳）自エリアからの落札量[MW],23,229.586,185.825,7.718,147,529.215,123.462,65.126,305.6,1616.532
20251128B05,追加調達結果,募集量（TSO別）[MW],-,-,-,-,-,-,-,-,-,-
20251128B05,追加調達結果,応札量合計（電源属地別）[MW],0,0,0,0,0,0,0,0,0,0
20251128B05,追加調達結果,約定量合計（電源属地別）[MW],0,0,0,0,0,0,0,0,0,0
20251128B05,追加調達結果,応札件数（電源属地別）[件],0,0,0,0,0,0,0,0,0,0
20251128B05,追加調達結果,約定件数（電源属地別）[件],0,0,0,0,0,0,0,0,0,0
20251128B05,追加調達結果,最高約定価格（電源属地別）[円/kW・30分],0,0,0,0,0,0,0,0,0,0
20251128B05,追加調達結果,最低約定価格（電源属地別）[円/kW・30分],0,0,0,0,0,0,0,0,0,0
20251128B05,追加調達結果,平均約定価格（電源属地別）[円/kW・30分],0,0,0,0,0,0,0,0,0,0
20251128B05,追加調達結果,最高約定価格（TSO別）[円/kW・30分],0,0,0,0,0,0,0,0,0,0
20251128B05,追加調達結果,最低約定価格（TSO別）[円/kW・30分],0,0,0,0,0,0,0,0,0,0
20251128B05,追加調達結果,平均約定価格（TSO別）[円/kW・30分],0,0,0,0,0,0,0,0,0,0
20251128B05,追加調達結果,約定量合計（TSO別）[MW],0,0,0,0,0,0,0,0,0,0
20251128B05,追加調達結果,（内訳）自エリアからの約定量[MW],0,0,0,0,0,0,0,0,0,0
20251128B05,合計（確報値）,募集量（TSO別）[MW],32,217,293,383,194,588,361,145,537,2750
20251128B05,合計（確報値）,応札量合計（電源属地別）[MW],325,454.919,1236.364,7.718,194,1390.215,159.151,89,574.119,4430.486
20251128B05,合計（確報値）,約定量合計（電源属地別）[MW],23,454.919,243.025,7.718,194,855.543,114.781,89,305.6,2287.586
20251128B05,合計（確報値）,応札件数（電源属地別）[件],4,5,32,4,2,16,7,5,14,89
20251128B05,合計（確報値）,約定件数（電源属地別）[件],2,5,24,4,2,15,6,5,13,76
20251128B05,合計（確報値）,最高約定価格（電源属地別）[円/kW・30分],10,19.51,19.51,19.51,2.54,19.51,19.51,8.35,19.51,19.51
20251128B05,合計（確報値）,最低約定価格（電源属地別）[円/kW・30分],0.76,2.46,0.34,19.47,2.49,0.36,0.36,0.59,0.36,0.34
20251128B05,合計（確報値）,平均約定価格（電源属地別）[円/kW・30分],5.98,4.33,3.21,19.49,2.52,3.78,0.83,3.23,4.62,3.74
20251128B05,合計（確報値）,最高約定価格（TSO別）[円/kW・30分],10,19.51,19.51,19.51,4.27,19.51,19.51,8.35,19.51,19.51
20251128B05,合計（確報値）,最低約定価格（TSO別）[円/kW・30分],0.76,2.46,0.73,0.36,0.83,0.36,0.34,0.34,0.36,0.34
20251128B05,合計（確報値）,平均約定価格（TSO別）[円/kW・30分],4.88,5.4,4.09,2.92,2.73,5.47,0.9,1.87,3.8,3.74
20251128B05,合計（確報値）,約定量合計（TSO別）[MW],38,229.586,185.825,277.718,194,529.215,274.997,126.126,432.119,2287.586
20251128B05,合計（確報値）,（内訳）自エリアからの約定量[MW],23,229.586,185.825,7.718,147,529.215,109.659,65.126,305.6,1602.729
20251128B06,システム約定結果,募集量（TSO別）[MW],36,732,427,402,120,692,340,179,549,3477
20251128B06,システム約定結果,応札量合計（電源属地別）[MW],177.75,814.919,1401.941,205.718,120,872.315,510.709,89,692.099,4884.451
20251128B06,システム約定結果,落札量合計（電源属地別）[MW],36,814.919,475.402,101.718,120,872.315,334.176,89,325.099,3168.629
20251128B06,システム約定結果,応札件数（電源属地別）[件],5,7,34,6,1,8,12,5,17,95
20251128B06,システム約定結果,落札件数（電源属地別）[件],2,7,26,5,1,8,12,5,14,80
20251128B06,システム約定結果,最高落札価格（電源属地別）[円/kW・30分],10,19.51,19.51,19.51,4.64,19.51,19.51,7.21,19.51,19.51
20251128B06,システム約定結果,最低落札価格（電源属地別）[円/kW・30分],7.5,0.82,0.37,1.96,4.64,1.5,1.3,0.36,1.73,0.36
20251128B06,システム約定結果,平均落札価格（電源属地別）[円/kW・30分],8.89,2,3.96,3.29,4.64,2.71,2.65,3.65,2.78,2.91
20251128B06,システム約定結果,最高落札価格（TSO別）[円/kW・30分],10,19.51,19.51,19.51,4.64,19.51,19.51,7.21,19.51,19.51
20251128B06,システム約定結果,最低落札価格（TSO別）[円/kW・30分],7.5,0.37,0.73,0.37,1.96,0.36,1.3,0.36,1.3,0.36
20251128B06,システム約定結果,平均落札価格（TSO別）[円/kW・30分],8.89,1.93,5.89,2.79,4.57,2.88,3.27,2.7,2.37,2.91
20251128B06,システム約定結果,落札量合計（TSO別）[MW],36,895.496,242.825,260.718,113,700.459,253.012,179,488.119,3168.629
20251128B06,システム約定結果,（内訳）自エリアからの落札量[MW],36,787.496,215.402,98.718,110,683.215,243.601,67.756,325.099,2567.287
20251128B06,追加調達結果,募集量（TSO別）[MW],-,-,-,-,-,-,-,-,-,-
20251128B06,追加調達結果,応札量合計（電源属地別）[MW],0,0,0,0,0,0,0,0,0,0
20251128B06,追加調達結果,約定量合計（電源属地別）[MW],0,0,0,0,0,0,0,0,0,0
20251128B06,追加調達結果,応札件数（電源属地別）[件],0,0,0,0,0,0,0,0,0,0
20251128B06,追加調達結果,約定件数（電源属地別）[件],0,0,0,0,0,0,0,0,0,0
20251128B06,追加調達結果,最高約定価格（電源属地別）[円/kW・30分],0,0,0,0,0,0,0,0,0,0
20251128B06,追加調達結果,最低約定価格（電源属地別）[円/kW・30分],0,0,0,0,0,0,0,0,0,0
20251128B06,追加調達結果,平均約定価格（電源属地別）[円/kW・30分],0,0,0,0,0,0,0,0,0,0
20251128B06,追加調達結果,最高約定価格（TSO別）[円/kW・30分],0,0,0,0,0,0,0,0,0,0
20251128B06,追加調達結果,最低約定価格（TSO別）[円/kW・30分],0,0,0,0,0,0,0,0,0,0
20251128B06,追加調達結果,平均約定価格（TSO別）[円/kW・30分],0,0,0,0,0,0,0,0,0,0
20251128B06,追加調達結果,約定量合計（TSO別）[MW],0,0,0,0,0,0,0,0,0,0
20251128B06,追加調達結果,（内訳）自エリアからの約定量[MW],0,0,0,0,0,0,0,0,0,0
20251128B06,合計（確報値）,募集量（TSO別）[MW],36,732,427,402,120,692,340,179,549,3477
20251128B06,合計（確報値）,応札量合計（電源属地別）[MW],177.75,814.919,1678.146,299.718,120,1062.315,524.522,89,692.099,5458.469
20251128B06,合計（確報値）,約定量合計（電源属地別）[MW],36,814.919,475.402,101.718,120,872.315,334.176,89,323.169,3166.699
20251128B06,合計（確報値）,応札件数（電源属地別）[件],5,7,43,9,1,12,13,5,17,112
20251128B06,合計（確報値）,約定件数（電源属地別）[件],2,7,33,7,1,11,12,5,13,91
20251128B06,合計（確報値）,最高約定価格（電源属地別）[円/kW・30分],10,19.51,19.51,19.51,4.64,19.51,19.51,7.21,19.51,19.51
20251128B06,合計（確報値）,最低約定価格（電源属地別）[円/kW・30分],7.5,0.82,0.36,0.36,4.64,1.5,1.3,0.36,1.73,0.36
20251128B06,合計（確報値）,平均約定価格（電源属地別）[円/kW・30分],8.89,2,1.65,1.81,4.64,2.71,1.93,3.65,2.78,2.43
20251128B06,合計（確報値）,最高約定価格（TSO別）[円/kW・30分],10,19.51,19.51,19.51,4.64,19.51,19.51,7.21,19.51,19.51
20251128B06,合計（確報値）,最低約定価格（TSO別）[円/kW・30分],7.5,0.36,0.36,0.36,0.36,0.36,1.3,0.36,1.3,0.36
20251128B06,合計（確報値）,平均約定価格（TSO別）[円/kW・30分],8.89,1.82,2.99,1.09,4.53,2.88,2.31,2.7,2.36,2.43
20251128B06,合計（確報値）,約定量合計（TSO別）[MW],36,895.496,242.825,260.718,113,700.459,253.012,179,486.189,3166.699
20251128B06,合計（確報値）,（内訳）自エリアからの約定量[MW],36,787.496,215.402,98.718,110,683.215,243.601,67.756,323.169,2565.357
20251128B07,システム約定結果,募集量（TSO別）[MW],32,263,426,206,106,574,305,83,328,2323
20251128B07,システム約定結果,応札量合計（電源属地別）[MW],175.75,454.919,1371.174,65.88,106,1026.315,581.244,292,696.215,4769.497
20251128B07,システム約定結果,落札量合計（電源属地別）[MW],24,454.919,444.098,48.718,106,379.028,296.179,78.333,285.544,2116.819
20251128B07,システム約定結果,応札件数（電源属地別）[件],5,5,32,6,1,8,12,7,15,91
20251128B07,システム約定結果,落札件数（電源属地別）[件],2,5,24,5,1,8,11,6,14,76
20251128B07,システム約定結果,最高落札価格（電源属地別）[円/kW・30分],10,19.51,19.51,19.51,4.24,19.49,19.51,6.53,19.51,19.51
20251128B07,システム約定結果,最低落札価格（電源属地別）[円/kW・30分],2.5,1,0.73,1.31,4.24,1.5,1.46,0.36,1.76,0.36
20251128B07,システム約定結果,平均落札価格（電源属地別）[円/kW・30分],5.63,2.79,5.72,4.19,4.24,3.73,2.71,1.69,3.4,3.74
20251128B07,システム約定結果,最高落札価格（TSO別）[円/kW・30分],10,19.51,19.51,19.51,4.24,19.49,19.51,6.53,19.51,19.51
20251128B07,システム約定結果,最低落札価格（TSO別）[円/kW・30分],2.5,1,0.73,1.31,3.6,1.46,0.36,0.36,1.46,0.36
20251128B07,システム約定結果,平均落札価格（TSO別）[円/kW・30分],4.85,2.79,5.76,4.06,4.04,4.44,3.35,1.68,2.9,3.74
20251128B07,システム約定結果,落札量合計（TSO別）[MW],32,446.919,254.242,88.718,88,530.14,265.8,83,328,2116.819
20251128B07,システム約定結果,（内訳）自エリアからの落札量[MW],24,446.919,254.242,48.718,61,328.24,207.012,75,253.877,1699.008
20251128B07,追加調達結果,募集量（TSO別）[MW],-,-,-,-,-,-,-,-,-,-
20251128B07,追加調達結果,応札量合計（電源属地別）[MW],0,0,0,0,0,0,0,0,0,0
20251128B07,追加調達結果,約定量合計（電源属地別）[MW],0,0,0,0,0,0,0,0,0,0
20251128B07,追加調達結果,応札件数（電源属地別）[件],0,0,0,0,0,0,0,0,0,0
20251128B07,追加調達結果,約定件数（電源属地別）[件],0,0,0,0,0,0,0,0,0,0
20251128B07,追加調達結果,最高約定価格（電源属地別）[円/kW・30分],0,0,0,0,0,0,0,0,0,0
20251128B07,追加調達結果,最低約定価格（電源属地別）[円/kW・30分],0,0,0,0,0,0,0,0,0,0
20251128B07,追加調達結果,平均約定価格（電源属地別）[円/kW・30分],0,0,0,0,0,0,0,0,0,0
20251128B07,追加調達結果,最高約定価格（TSO別）[円/kW・30分],0,0,0,0,0,0,0,0,0,0
20251128B07,追加調達結果,最低約定価格（TSO別）[円/kW・30分],0,0,0,0,0,0,0,0,0,0
20251128B07,追加調達結果,平均約定価格（TSO別）[円/kW・30分],0,0,0,0,0,0,0,0,0,0
20251128B07,追加調達結果,約定量合計（TSO別）[MW],0,0,0,0,0,0,0,0,0,0
20251128B07,追加調達結果,（内訳）自エリアからの約定量[MW],0,0,0,0,0,0,0,0,0,0
20251128B07,合計（確報値）,募集量（TSO別）[MW],32,263,426,206,106,574,305,83,328,2323
20251128B07,合計（確報値）,応札量合計（電源属地別）[MW],175.75,454.919,1630.323,106.88,106,1026.315,595.057,292,696.215,5083.459
20251128B07,合計（確報値）,約定量合計（電源属地別）[MW],24,454.919,444.098,48.718,106,379.028,296.179,58.333,285.544,2096.819
20251128B07,合計（確報値）,応札件数（電源属地別）[件],5,5,45,8,1,8,13,7,15,107
20251128B07,合計（確報値）,約定件数（電源属地別）[件],2,5,36,6,1,8,11,5,14,88
20251128B07,合計（確報値）,最高約定価格（電源属地別）[円/kW・30分],10,19.51,19.51,19.51,4.24,19.49,19.49,6.53,19.51,19.51
20251128B07,合計（確報値）,最低約定価格（電源属地別）[円/kW・30分],2.5,1,0.36,0.36,4.24,1.5,1.46,0.36,1.76,0.36
20251128B07,合計（確報値）,平均約定価格（電源属地別）[円/kW・30分],5.63,2.79,3.93,3.39,4.24,3.73,1.89,2.15,3.4,3.26
20251128B07,合計（確報値）,最高約定価格（TSO別）[円/kW・30分],10,19.51,19.51,19.51,4.24,19.49,19.49,6.53,19.51,19.51
20251128B07,合計（確報値）,最低約定価格（TSO別）[円/kW・30分],2.5,1,0.36,0.36,3.6,0.36,0.36,0.36,1.46,0.36
20251128B07,合計（確報値）,平均約定価格（TSO別）[円/kW・30分],4.85,2.79,4.54,2.02,4.04,3.79,2.43,2.1,2.9,3.26
20251128B07,合計（確報値）,約定量合計（TSO別）[MW],32,446.919,254.242,88.718,88,530.14,265.8,63,328,2096.819
20251128B07,合計（確報値）,（内訳）自エリアからの約定量[MW],24,446.919,254.242,48.718,61,328.24,207.012,55,253.877,1679.008
20251128B08,システム約定結果,募集量（TSO別）[MW],39,138,408,230,105,462,197,88,298,1965
20251128B08,システム約定結果,応札量合計（電源属地別）[MW],161.75,274.919,948.573,7.718,105,872.315,228.699,289,549.296,3437.27
20251128B08,システム約定結果,落札量合計（電源属地別）[MW],44,274.919,672.932,7.718,105,504.503,142.713,82.799,156.296,1990.88
20251128B08,システム約定結果,応札件数（電源属地別）[件],4,4,21,4,1,8,6,6,11,65
20251128B08,システム約定結果,落札件数（電源属地別）[件],3,4,18,4,1,8,6,5,10,59
20251128B08,システム約定結果,最高落札価格（電源属地別）[円/kW・30分],14.63,19.51,19.51,19.51,2.79,19.49,19.51,5.67,19.51,19.51
20251128B08,システム約定結果,最低落札価格（電源属地別）[円/kW・30分],8.9,3.3,0.73,19.47,2.79,0.45,0.54,0.36,0.67,0.36
20251128B08,システム約定結果,平均落札価格（電源属地別）[円/kW・30分],11.29,4.67,3.82,19.48,2.79,3.06,3.44,1.69,2.54,3.7
20251128B08,システム約定結果,最高落札価格（TSO別）[円/kW・30分],14.63,19.51,19.51,19.51,2.79,19.49,19.51,5.67,19.51,19.51
20251128B08,システム約定結果,最低落札価格（TSO別）[円/kW・30分],8.9,3.3,0.73,2.79,2.79,0.45,0.51,0.36,0.45,0.36
20251128B08,システム約定結果,平均落札価格（TSO別）[円/kW・30分],11.29,4.67,3.41,7.49,2.79,3.23,3.94,1.56,2.26,3.7
20251128B08,システム約定結果,落札量合計（TSO別）[MW],44,274.919,602.932,94.718,88,473.215,100.8,88,224.296,1990.88
20251128B08,システム約定結果,（内訳）自エリアからの落札量[MW],44,274.919,602.932,7.718,88,473.215,97.001,79,156.296,1823.081
20251128B08,追加調達結果,募集量（TSO別）[MW],-,-,-,-,-,-,-,-,-,-
20251128B08,追加調達結果,応札量合計（電源属地別）[MW],0,0,0,0,0,0,0,0,0,0
20251128B08,追加調達結果,約定量合計（電源属地別）[MW],0,0,0,0,0,0,0,0,0,0
20251128B08,追加調達結果,応札件数（電源属地別）[件],0,0,0,0,0,0,0,0,0,0
20251128B08,追加調達結果,約定件数（電源属地別）[件],0,0,0,0,0,0,0,0,0,0
20251128B08,追加調達結果,最高約定価格（電源属地別）[円/kW・30分],0,0,0,0,0,0,0,0,0,0
20251128B08,追加調達結果,最低約定価格（電源属地別）[円/kW・30分],0,0,0,0,0,0,0,0,0,0
20251128B08,追加調達結果,平均約定価格（電源属地別）[円/kW・30分],0,0,0,0,0,0,0,0,0,0
20251128B08,追加調達結果,最高約定価格（TSO別）[円/kW・30分],0,0,0,0,0,0,0,0,0,0
20251128B08,追加調達結果,最低約定価格（TSO別）[円/kW・30分],0,0,0,0,0,0,0,0,0,0
20251128B08,追加調達結果,平均約定価格（TSO別）[円/kW・30分],0,0,0,0,0,0,0,0,0,0
20251128B08,追加調達結果,約定量合計（TSO別）[MW],0,0,0,0,0,0,0,0,0,0
20251128B08,追加調達結果,（内訳）自エリアからの約定量[MW],0,0,0,0,0,0,0,0,0,0
20251128B08,合計（確報値）,募集量（TSO別）[MW],39,138,408,230,105,462,197,88,298,1965
20251128B08,合計（確報値）,応札量合計（電源属地別）[MW],179.75,274.919,948.573,7.718,105,872.315,242.512,289,549.296,3469.083
20251128B08,合計（確報値）,約定量合計（電源属地別）[MW],44,274.919,672.932,7.718,105,504.503,142.713,82.799,156.296,1990.88
20251128B08,合計（確報値）,応札件数（電源属地別）[件],6,4,21,4,1,8,8,6,11,69
20251128B08,合計（確報値）,約定件数（電源属地別）[件],4,4,18,4,1,8,7,5,10,61
20251128B08,合計（確報値）,最高約定価格（電源属地別）[円/kW・30分],14.63,19.51,19.51,19.51,2.79,19.49,19.49,5.67,19.51,19.51
20251128B08,合計（確報値）,最低約定価格（電源属地別）[円/kW・30分],8.9,3.3,0.73,19.47,2.79,0.45,0.36,0.36,0.67,0.36
20251128B08,合計（確報値）,平均約定価格（電源属地別）[円/kW・30分],11.29,4.67,3.82,19.48,2.79,3.06,1.59,1.69,2.54,3.57
20251128B08,合計（確報値）,最高約定価格（TSO別）[円/kW・30分],14.63,19.51,19.51,19.51,2.79,19.49,19.49,5.67,19.51,19.51
20251128B08,合計（確報値）,最低約定価格（TSO別）[円/kW・30分],8.9,3.3,0.73,2.79,2.79,0.45,0.36,0.36,0.45,0.36
20251128B08,合計（確報値）,平均約定価格（TSO別）[円/kW・30分],11.29,4.67,3.41,7.49,2.79,3.23,1.32,1.56,2.26,3.57
20251128B08,合計（確報値）,約定量合計（TSO別）[MW],44,274.919,602.932,94.718,88,473.215,100.8,88,224.296,1990.88
20251128B08,合計（確報値）,（内訳）自エリアからの約定量[MW],44,274.919,602.932,7.718,88,473.215,97.001,79,156.296,1823.081
20251129B01,システム約定結果,募集量（TSO別）[MW],55,163,306,41,86,281,189,95,198,1414
20251129B01,システム約定結果,応札量合計（電源属地別）[MW],178.25,260.419,831.268,1.86,86,877.515,253.509,213,547.407,3249.228
20251129B01,システム約定結果,落札量合計（電源属地別）[MW],13,260.419,199.194,1.86,86,354.022,135.542,58.085,93.407,1201.529
20251129B01,システム約定結果,応札件数（電源属地別）[件],4,3,20,1,1,8,5,6,10,58
20251129B01,システム約定結果,落札件数（電源属地別）[件],1,3,18,1,1,8,4,4,8,48
20251129B01,システム約定結果,最高落札価格（電源属地別）[円/kW・30分],4.27,19.51,19.51,19.49,1.95,19.49,1.46,5.53,19.51,19.51
20251129B01,システム約定結果,最低落札価格（電源属地別）[円/kW・30分],4.27,4.09,0.36,19.49,1.95,0.36,0.36,0.5,0.36,0.36
20251129B01,システム約定結果,平均落札価格（電源属地別）[円/kW・30分],4.27,4.6,4.04,19.49,1.95,4.01,0.94,2.11,2.42,3.46
20251129B01,システム約定結果,最高落札価格（TSO別）[円/kW・30分],4.27,19.51,19.51,19.49,1.95,19.49,1.46,7.55,19.51,19.51
20251129B01,システム約定結果,最低落札価格（TSO別）[円/kW・30分],4.09,4.09,0.36,1.95,1.95,0.36,0.36,0.5,0.36,0.36
20251129B01,システム約定結果,平均落札価格（TSO別）[円/kW・30分],4.13,4.72,4.04,6.05,1.95,3.52,0.88,3.47,2.42,3.46
20251129B01,システム約定結果,落札量合計（TSO別）[MW],55,211.419,199.194,34.86,77,313.807,121.842,95,93.407,1201.529
20251129B01,システム約定結果,（内訳）自エリアからの落札量[MW],13,211.419,199.194,1.86,77,307.722,121.842,52,93.407,1077.444
20251129B01,追加調達結果,募集量（TSO別）[MW],-,-,-,-,-,-,-,-,-,-
20251129B01,追加調達結果,応札量合計（電源属地別）[MW],0,0,0,0,0,0,0,0,0,0
20251129B01,追加調達結果,約定量合計（電源属地別）[MW],0,0,0,0,0,0,0,0,0,0
20251129B01,追加調達結果,応札件数（電源属地別）[件],0,0,0,0,0,0,0,0,0,0
20251129B01,追加調達結果,約定件数（電源属地別）[件],0,0,0,0,0,0,0,0,0,0
20251129B01,追加調達結果,最高約定価格（電源属地別）[円/kW・30分],0,0,0,0,0,0,0,0,0,0
20251129B01,追加調達結果,最低約定価格（電源属地別）[円/kW・30分],0,0,0,0,0,0,0,0,0,0
20251129B01,追加調達結果,平均約定価格（電源属地別）[円/kW・30分],0,0,0,0,0,0,0,0,0,0
20251129B01,追加調達結果,最高約定価格（TSO別）[円/kW・30分],0,0,0,0,0,0,0,0,0,0
20251129B01,追加調達結果,最低約定価格（TSO別）[円/kW・30分],0,0,0,0,0,0,0,0,0,0
20251129B01,追加調達結果,平均約定価格（TSO別）[円/kW・30分],0,0,0,0,0,0,0,0,0,0
20251129B01,追加調達結果,約定量合計（TSO別）[MW],0,0,0,0,0,0,0,0,0,0
20251129B01,追加調達結果,（内訳）自エリアからの約定量[MW],0,0,0,0,0,0,0,0,0,0
20251129B01,合計（確報値）,募集量（TSO別）[MW],55,163,306,41,86,281,189,95,198,1414
20251129B01,合計（確報値）,応札量合計（電源属地別）[MW],191.25,260.419,831.268,1.86,86,877.515,253.509,213,547.407,3262.228
20251129B01,合計（確報値）,約定量合計（電源属地別）[MW],13,260.419,199.194,1.86,86,354.022,135.542,58.085,93.407,1201.529
20251129B01,合計（確報値）,応札件数（電源属地別）[件],6,3,20,1,1,8,5,6,10,60
20251129B01,合計（確報値）,約定件数（電源属地別）[件],2,3,18,1,1,8,4,4,8,49
20251129B01,合計（確報値）,最高約定価格（電源属地別）[円/kW・30分],4.27,19.51,19.51,19.49,1.95,19.49,1.46,5.53,19.51,19.51
20251129B01,合計（確報値）,最低約定価格（電源属地別）[円/kW・30分],4.27,4.09,0.36,19.49,1.95,0.36,0.36,0.5,0.36,0.36
20251129B01,合計（確報値）,平均約定価格（電源属地別）[円/kW・30分],4.27,4.6,4.04,19.49,1.95,4.01,0.94,2.11,2.42,3.46
20251129B01,合計（確報値）,最高約定価格（TSO別）[円/kW・30分],4.27,19.51,19.51,19.49,1.95,19.49,1.46,7.55,19.51,19.51
20251129B01,合計（確報値）,最低約定価格（TSO別）[円/kW・30分],4.09,4.09,0.36,1.95,1.95,0.36,0.36,0.5,0.36,0.36
20251129B01,合計（確報値）,平均約定価格（TSO別）[円/kW・30分],4.13,4.72,4.04,6.05,1.95,3.52,0.88,3.47,2.42,3.46
20251129B01,合計（確報値）,約定量合計（TSO別）[MW],55,211.419,199.194,34.86,77,313.807,121.842,95,93.407,1201.529
20251129B01,合計（確報値）,（内訳）自エリアからの約定量[MW],13,211.419,199.194,1.86,77,307.722,121.842,52,93.407,1077.444
20251129B02,システム約定結果,募集量（TSO別）[MW],28,333,301,158,92,380,189,99,300,1880
20251129B02,システム約定結果,応札量合計（電源属地別）[MW],141.59,454.919,1137.871,5.798,92,877.515,255.309,215,547.407,3727.409
20251129B02,システム約定結果,落札量合計（電源属地別）[MW],14,454.919,225.3,5.798,92,370.515,125.342,70.733,189.407,1548.014
20251129B02,システム約定結果,応札件数（電源属地別）[件],6,5,30,3,1,8,6,6,10,75
20251129B02,システム約定結果,落札件数（電源属地別）[件],2,5,26,3,1,8,5,5,9,64
20251129B02,システム約定結果,最高落札価格（電源属地別）[円/kW・30分],9.98,19.51,19.51,19.49,2.15,19.49,19.49,6.06,19.51,19.51
20251129B02,システム約定結果,最低落札価格（電源属地別）[円/kW・30分],8.8,2.81,0.36,19.47,2.15,1.28,0.47,0.41,0.36,0.36
20251129B02,システム約定結果,平均落札価格（電源属地別）[円/kW・30分],9.64,4.31,4.77,19.48,2.15,4.06,1.93,2.66,1.68,3.7
20251129B02,システム約定結果,最高落札価格（TSO別）[円/kW・30分],9.98,19.51,19.51,19.49,6.06,19.49,19.49,5.95,19.51,19.51
20251129B02,システム約定結果,最低落札価格（TSO別）[円/kW・30分],3.98,2.81,0.36,3.98,0.55,0.36,0.47,0.41,0.36,0.36
20251129B02,システム約定結果,平均落札価格（TSO別）[円/kW・30分],6.81,4.35,5.14,11.11,2.3,3.81,1.6,2.93,1.85,3.7
20251129B02,システム約定結果,落札量合計（TSO別）[MW],28,399.365,202.484,13.798,80,416.215,74.745,99,234.407,1548.014
20251129B02,システム約定結果,（内訳）自エリアからの落札量[MW],14,399.365,202.484,5.798,71,370.515,74.745,65,189.407,1392.314
20251129B02,追加調達結果,募集量（TSO別）[MW],-,-,-,-,-,-,-,-,-,-
20251129B02,追加調達結果,応札量合計（電源属地別）[MW],0,0,0,0,0,0,0,0,0,0
20251129B02,追加調達結果,約定量合計（電源属地別）[MW],0,0,0,0,0,0,0,0,0,0
20251129B02,追加調達結果,応札件数（電源属地別）[件],0,0,0,0,0,0,0,0,0,0
20251129B02,追加調達結果,約定件数（電源属地別）[件],0,0,0,0,0,0,0,0,0,0
20251129B02,追加調達結果,最高約定価格（電源属地別）[円/kW・30分],0,0,0,0,0,0,0,0,0,0
20251129B02,追加調達結果,最低約定価格（電源属地別）[円/kW・30分],0,0,0,0,0,0,0,0,0,0
20251129B02,追加調達結果,平均約定価格（電源属地別）[円/kW・30分],0,0,0,0,0,0,0,0,0,0
20251129B02,追加調達結果,最高約定価格（TSO別）[円/kW・30分],0,0,0,0,0,0,0,0,0,0
20251129B02,追加調達結果,最低約定価格（TSO別）[円/kW・30分],0,0,0,0,0,0,0,0,0,0
20251129B02,追加調達結果,平均約定価格（TSO別）[円/kW・30分],0,0,0,0,0,0,0,0,0,0
20251129B02,追加調達結果,約定量合計（TSO別）[MW],0,0,0,0,0,0,0,0,0,0
20251129B02,追加調達結果,（内訳）自エリアからの約定量[MW],0,0,0,0,0,0,0,0,0,0
20251129B02,合計（確報値）,募集量（TSO別）[MW],28,333,301,158,92,380,189,99,300,1880
20251129B02,合計（確報値）,応札量合計（電源属地別）[MW],151.59,454.919,1137.871,5.798,92,877.515,255.309,215,547.407,3737.409
20251129B02,合計（確報値）,約定量合計（電源属地別）[MW],14,454.919,225.3,5.798,92,293.515,125.342,70.733,189.407,1471.014
20251129B02,合計（確報値）,応札件数（電源属地別）[件],7,5,30,3,1,8,6,6,10,76
20251129B02,合計（確報値）,約定件数（電源属地別）[件],2,5,26,3,1,7,5,5,9,63
20251129B02,合計（確報値）,最高約定価格（電源属地別）[円/kW・30分],9.98,19.51,19.51,19.49,2.15,19.49,19.49,6.06,19.51,19.51
20251129B02,合計（確報値）,最低約定価格（電源属地別）[円/kW・30分],8.8,2.81,0.36,19.47,2.15,1.28,0.47,0.41,0.36,0.36
20251129B02,合計（確報値）,平均約定価格（電源属地別）[円/kW・30分],9.64,4.31,4.77,19.48,2.15,4.4,1.93,2.66,1.68,3.75
20251129B02,合計（確報値）,最高約定価格（TSO別）[円/kW・30分],9.98,19.51,19.51,19.49,6.06,19.49,19.49,5.95,19.51,19.51
20251129B02,合計（確報値）,最低約定価格（TSO別）[円/kW・30分],3.98,2.81,0.36,3.98,0.55,0.36,0.47,0.41,0.36,0.36
20251129B02,合計（確報値）,平均約定価格（TSO別）[円/kW・30分],6.81,4.35,5.14,11.11,2.3,4.04,1.6,2.93,1.85,3.75
20251129B02,合計（確報値）,約定量合計（TSO別）[MW],28,399.365,202.484,13.798,80,339.215,74.745,99,234.407,1471.014
20251129B02,合計（確報値）,（内訳）自エリアからの約定量[MW],14,399.365,202.484,5.798,71,293.515,74.745,65,189.407,1315.314
20251129B03,システム約定結果,募集量（TSO別）[MW],134,702,447,400,127,605,284,174,427,3300
20251129B03,システム約定結果,応札量合計（電源属地別）[MW],351.74,814.919,673.778,3.938,127,1221.015,255.309,209,715.331,4372.03
20251129B03,システム約定結果,落札量合計（電源属地別）[MW],15,814.919,330.452,3.938,127,829.481,220.397,155,315.331,2811.518
20251129B03,システム約定結果,応札件数（電源属地別）[件],5,7,22,2,1,9,6,6,10,68
20251129B03,システム約定結果,落札件数（電源属地別）[件],3,7,20,2,1,9,6,6,8,62
20251129B03,システム約定結果,最高落札価格（電源属地別）[円/kW・30分],19.51,19.51,19.51,19.47,2.08,19.51,19.51,6.45,19.51,19.51
20251129B03,システム約定結果,最低落札価格（電源属地別）[円/kW・30分],17,3.44,0.36,19.47,2.08,0.43,0.88,0.36,0.36,0.36
20251129B03,システム約定結果,平均落札価格（電源属地別）[円/kW・30分],18.76,4.44,3.19,19.47,2.08,3.36,2.4,2.17,0.92,3.29
20251129B03,システム約定結果,最高落札価格（TSO別）[円/kW・30分],19.51,19.51,19.51,19.47,2.08,19.51,19.51,6.45,19.51,19.51
20251129B03,システム約定結果,最低落札価格（TSO別）[円/kW・30分],3.75,1.26,0.36,0.43,0.36,0.43,0.88,0.36,0.36,0.36
20251129B03,システム約定結果,平均落札価格（TSO別）[円/kW・30分],6.01,3.93,6.4,2.44,1.85,3.58,2.32,1.86,1.06,3.29
20251129B03,システム約定結果,落札量合計（TSO別）[MW],134,942.919,122.119,181.938,127,593.928,198.283,174,337.331,2811.518
20251129B03,システム約定結果,（内訳）自エリアからの落札量[MW],15,724.919,122.119,3.938,91,568.907,184.376,134.093,315.331,2159.683
20251129B03,追加調達結果,募集量（TSO別）[MW],-,-,-,-,-,-,-,-,-,-
20251129B03,追加調達結果,応札量合計（電源属地別）[MW],0,0,0,0,0,0,0,0,0,0
20251129B03,追加調達結果,約定量合計（電源属地別）[MW],0,0,0,0,0,0,0,0,0,0
20251129B03,追加調達結果,応札件数（電源属地別）[件],0,0,0,0,0,0,0,0,0,0
20251129B03,追加調達結果,約定件数（電源属地別）[件],0,0,0,0,0,0,0,0,0,0
20251129B03,追加調達結果,最高約定価格（電源属地別）[円/kW・30分],0,0,0,0,0,0,0,0,0,0
20251129B03,追加調達結果,最低約定価格（電源属地別）[円/kW・30分],0,0,0,0,0,0,0,0,0,0
20251129B03,追加調達結果,平均約定価格（電源属地別）[円/kW・30分],0,0,0,0,0,0,0,0,0,0
20251129B03,追加調達結果,最高約定価格（TSO別）[円/kW・30分],0,0,0,0,0,0,0,0,0,0
20251129B03,追加調達結果,最低約定価格（TSO別）[円/kW・30分],0,0,0,0,0,0,0,0,0,0
20251129B03,追加調達結果,平均約定価格（TSO別）[円/kW・30分],0,0,0,0,0,0,0,0,0,0
20251129B03,追加調達結果,約定量合計（TSO別）[MW],0,0,0,0,0,0,0,0,0,0
20251129B03,追加調達結果,（内訳）自エリアからの約定量[MW],0,0,0,0,0,0,0,0,0,0
20251129B03,合計（確報値）,募集量（TSO別）[MW],134,702,447,400,127,605,284,174,427,3300
20251129B03,合計（確報値）,応札量合計（電源属地別）[MW],361.74,814.919,673.778,3.938,127,1221.015,255.309,209,715.331,4382.03
20251129B03,合計（確報値）,約定量合計（電源属地別）[MW],15,814.919,330.452,3.938,127,751.768,220.397,155,315.331,2733.805
20251129B03,合計（確報値）,応札件数（電源属地別）[件],7,7,22,2,1,9,6,6,10,70
20251129B03,合計（確報値）,約定件数（電源属地別）[件],4,7,20,2,1,8,6,6,8,62
20251129B03,合計（確報値）,最高約定価格（電源属地別）[円/kW・30分],19.51,19.51,19.51,19.47,2.08,19.51,19.51,6.45,19.51,19.51
20251129B03,合計（確報値）,最低約定価格（電源属地別）[円/kW・30分],17,3.44,0.36,19.47,2.08,0.43,0.88,0.36,0.36,0.36
20251129B03,合計（確報値）,平均約定価格（電源属地別）[円/kW・30分],18.76,4.44,3.19,19.47,2.08,3.5,2.4,2.17,0.92,3.32
20251129B03,合計（確報値）,最高約定価格（TSO別）[円/kW・30分],19.51,19.51,19.51,19.47,2.08,19.51,19.51,6.45,19.51,19.51
20251129B03,合計（確報値）,最低約定価格（TSO別）[円/kW・30分],3.75,1.26,0.36,0.43,0.36,0.43,0.88,0.36,0.36,0.36
20251129B03,合計（確報値）,平均約定価格（TSO別）[円/kW・30分],6.01,3.93,6.4,2.44,1.82,3.76,2.32,1.86,1.06,3.32
20251129B03,合計（確報値）,約定量合計（TSO別）[MW],134,942.919,122.119,181.938,107,536.215,198.283,174,337.331,2733.805
20251129B03,合計（確報値）,（内訳）自エリアからの約定量[MW],15,724.919,122.119,3.938,91,511.194,184.376,134.093,315.331,2101.97
20251129B04,システム約定結果,募集量（TSO別）[MW],116,222,370,264,194,869,486,219,604,3344
20251129B04,システム約定結果,応札量合計（電源属地別）[MW],474.59,374.5,1402.895,7.718,194,1169.8,181.974,250,717.719,4773.196
20251129B04,システム約定結果,落札量合計（電源属地別）[MW],33,374.5,212.425,7.718,194,1169.026,181.974,172,527.719,2872.362
20251129B04,システム約定結果,応札件数（電源属地別）[件],9,3,35,4,2,6,4,7,11,81
20251129B04,システム約定結果,落札件数（電源属地別）[件],3,3,29,4,2,6,4,7,11,69
20251129B04,システム約定結果,最高落札価格（電源属地別）[円/kW・30分],13,19.51,19.51,19.51,0.35,10.99,0.54,10.84,19.51,19.51
20251129B04,システム約定結果,最低落札価格（電源属地別）[円/kW・30分],0.84,3.72,0.35,19.47,0.35,0.36,0.36,0.36,0.36,0.35
20251129B04,システム約定結果,平均落札価格（電源属地別）[円/kW・30分],5.92,4.85,3.72,19.49,0.35,3.26,0.43,3.57,0.78,2.76
20251129B04,システム約定結果,最高落札価格（TSO別）[円/kW・30分],13,19.51,19.51,4.8,19.51,10.99,10.99,10.84,19.51,19.51
20251129B04,システム約定結果,最低落札価格（TSO別）[円/kW・30分],0.84,3.72,0.35,0.35,0.35,0.36,0.36,0.36,0.36,0.35
20251129B04,システム約定結果,平均落札価格（TSO別）[円/kW・30分],4.38,7.23,3.92,2.39,3.51,3.76,1.39,2.14,0.78,2.76
20251129B04,システム約定結果,落札量合計（TSO別）[MW],125,70.5,296.425,264,193.718,796,380,219,527.719,2872.362
20251129B04,システム約定結果,（内訳）自エリアからの落札量[MW],33,70.5,212.425,0,134.5,796,181.974,155.364,527.719,2111.482
20251129B04,追加調達結果,募集量（TSO別）[MW],-,-,-,-,-,-,-,-,-,-
20251129B04,追加調達結果,応札量合計（電源属地別）[MW],0,0,0,0,0,0,0,0,0,0
20251129B04,追加調達結果,約定量合計（電源属地別）[MW],0,0,0,0,0,0,0,0,0,0
20251129B04,追加調達結果,応札件数（電源属地別）[件],0,0,0,0,0,0,0,0,0,0
20251129B04,追加調達結果,約定件数（電源属地別）[件],0,0,0,0,0,0,0,0,0,0
20251129B04,追加調達結果,最高約定価格（電源属地別）[円/kW・30分],0,0,0,0,0,0,0,0,0,0
20251129B04,追加調達結果,最低約定価格（電源属地別）[円/kW・30分],0,0,0,0,0,0,0,0,0,0
20251129B04,追加調達結果,平均約定価格（電源属地別）[円/kW・30分],0,0,0,0,0,0,0,0,0,0
20251129B04,追加調達結果,最高約定価格（TSO別）[円/kW・30分],0,0,0,0,0,0,0,0,0,0
20251129B04,追加調達結果,最低約定価格（TSO別）[円/kW・30分],0,0,0,0,0,0,0,0,0,0
20251129B04,追加調達結果,平均約定価格（TSO別）[円/kW・30分],0,0,0,0,0,0,0,0,0,0
20251129B04,追加調達結果,約定量合計（TSO別）[MW],0,0,0,0,0,0,0,0,0,0
20251129B04,追加調達結果,（内訳）自エリアからの約定量[MW],0,0,0,0,0,0,0,0,0,0
20251129B04,合計（確報値）,募集量（TSO別）[MW],116,222,370,264,194,869,486,219,604,3344
20251129B04,合計（確報値）,応札量合計（電源属地別）[MW],474.59,374.5,1402.895,7.718,194,1169.8,181.974,250,717.719,4773.196
20251129B04,合計（確報値）,約定量合計（電源属地別）[MW],33,374.5,212.425,7.718,194,938.026,181.974,172,527.719,2641.362
20251129B04,合計（確報値）,応札件数（電源属地別）[件],9,3,35,4,2,6,4,7,11,81
20251129B04,合計（確報値）,約定件数（電源属地別）[件],3,3,29,4,2,5,4,7,11,68
20251129B04,合計（確報値）,最高約定価格（電源属地別）[円/kW・30分],13,19.51,19.51,19.51,0.35,10.99,0.54,10.84,19.51,19.51
20251129B04,合計（確報値）,最低約定価格（電源属地別）[円/kW・30分],0.84,3.72,0.35,19.47,0.35,0.36,0.36,0.36,0.36,0.35
20251129B04,合計（確報値）,平均約定価格（電源属地別）[円/kW・30分],5.92,4.85,3.72,19.49,0.35,3.97,0.43,3.57,0.78,2.97
20251129B04,合計（確報値）,最高約定価格（TSO別）[円/kW・30分],13,19.51,19.51,4.8,19.51,10.99,10.99,10.84,19.51,19.51
20251129B04,合計（確報値）,最低約定価格（TSO別）[円/kW・30分],0.84,3.72,0.35,0.35,0.35,0.36,0.36,0.36,0.36,0.35
20251129B04,合計（確報値）,平均約定価格（TSO別）[円/kW・30分],4.38,7.23,3.92,2.88,3.51,4.12,1.77,2.15,0.78,2.97
20251129B04,合計（確報値）,約定量合計（TSO別）[MW],125,70.5,296.425,212.361,193.718,720.365,277.91,217.364,527.719,2641.362
20251129B04,合計（確報値）,（内訳）自エリアからの約定量[MW],33,70.5,212.425,0,134.5,720.365,181.974,155.364,527.719,2035.847
20251129B05,システム約定結果,募集量（TSO別）[MW],32,217,293,383,194,588,361,145,537,2750
20251129B05,システム約定結果,応札量合計（電源属地別）[MW],501.75,384.919,1481.516,7.718,194,1221.015,183.774,189,719.159,4882.851
20251129B05,システム約定結果,落札量合計（電源属地別）[MW],23,384.919,191.425,7.718,194,728.595,183.774,93.758,429.159,2236.348
20251129B05,システム約定結果,応札件数（電源属地別）[件],6,5,36,4,2,9,5,6,12,85
20251129B05,システム約定結果,落札件数（電源属地別）[件],3,5,28,4,2,9,5,6,12,74
20251129B05,システム約定結果,最高落札価格（電源属地別）[円/kW・30分],12.35,19.51,19.51,19.51,0.35,19.51,19.51,10.16,19.51,19.51
20251129B05,システム約定結果,最低落札価格（電源属地別）[円/kW・30分],1.17,3.31,0.73,19.47,0.35,0.36,0.36,0.36,0.36,0.35
20251129B05,システム約定結果,平均落札価格（電源属地別）[円/kW・30分],7.39,4.77,4.68,19.49,0.35,5.21,0.55,5.81,0.94,3.56
20251129B05,システム約定結果,最高落札価格（TSO別）[円/kW・30分],12.35,19.51,19.51,19.51,4.35,19.51,19.51,10.16,19.51,19.51
20251129B05,システム約定結果,最低落札価格（TSO別）[円/kW・30分],1.17,3.31,0.73,0.35,0.35,0.35,0.36,0.36,0.36,0.35
20251129B05,システム約定結果,平均落札価格（TSO別）[円/kW・30分],6.4,6.28,4.68,2.68,1.33,7.03,0.95,3.26,0.94,3.56
20251129B05,システム約定結果,落札量合計（TSO別）[MW],32,165.586,191.425,277.718,194,529.215,287.8,129.445,429.159,2236.348
20251129B05,システム約定結果,（内訳）自エリアからの落札量[MW],23,165.586,191.425,7.718,133.667,515.882,183.774,71.445,429.159,1721.656
20251129B05,追加調達結果,募集量（TSO別）[MW],-,-,-,-,-,-,-,-,-,-
20251129B05,追加調達結果,応札量合計（電源属地別）[MW],0,0,0,0,0,0,0,0,0,0
20251129B05,追加調達結果,約定量合計（電源属地別）[MW],0,0,0,0,0,0,0,0,0,0
20251129B05,追加調達結果,応札件数（電源属地別）[件],0,0,0,0,0,0,0,0,0,0
20251129B05,追加調達結果,約定件数（電源属地別）[件],0,0,0,0,0,0,0,0,0,0
20251129B05,追加調達結果,最高約定価格（電源属地別）[円/kW・30分],0,0,0,0,0,0,0,0,0,0
20251129B05,追加調達結果,最低約定価格（電源属地別）[円/kW・30分],0,0,0,0,0,0,0,0,0,0
20251129B05,追加調達結果,平均約定価格（電源属地別）[円/kW・30分],0,0,0,0,0,0,0,0,0,0
20251129B05,追加調達結果,最高約定価格（TSO別）[円/kW・30分],0,0,0,0,0,0,0,0,0,0
20251129B05,追加調達結果,最低約定価格（TSO別）[円/kW・30分],0,0,0,0,0,0,0,0,0,0
20251129B05,追加調達結果,平均約定価格（TSO別）[円/kW・30分],0,0,0,0,0,0,0,0,0,0
20251129B05,追加調達結果,約定量合計（TSO別）[MW],0,0,0,0,0,0,0,0,0,0
20251129B05,追加調達結果,（内訳）自エリアからの約定量[MW],0,0,0,0,0,0,0,0,0,0
20251129B05,合計（確報値）,募集量（TSO別）[MW],32,217,293,383,194,588,361,145,537,2750
20251129B05,合計（確報値）,応札量合計（電源属地別）[MW],513.75,384.919,1510.017,7.718,194,1221.015,183.774,189,719.159,4923.352
20251129B05,合計（確報値）,約定量合計（電源属地別）[MW],23,384.919,191.425,7.718,194,642.739,183.774,93.758,429.159,2150.492
20251129B05,合計（確報値）,応札件数（電源属地別）[件],8,5,38,4,2,9,5,6,12,89
20251129B05,合計（確報値）,約定件数（電源属地別）[件],4,5,29,4,2,8,5,6,12,75
20251129B05,合計（確報値）,最高約定価格（電源属地別）[円/kW・30分],12.35,19.51,19.51,19.51,0.35,19.51,19.51,10.16,19.51,19.51
20251129B05,合計（確報値）,最低約定価格（電源属地別）[円/kW・30分],1.17,3.31,0.36,19.47,0.35,0.36,0.36,0.36,0.36,0.35
20251129B05,合計（確報値）,平均約定価格（電源属地別）[円/kW・30分],7.39,4.77,4.61,19.49,0.35,5.85,0.55,5.81,0.94,3.68
20251129B05,合計（確報値）,最高約定価格（TSO別）[円/kW・30分],12.35,19.51,19.51,19.51,4.35,19.51,19.51,10.16,19.51,19.51
20251129B05,合計（確報値）,最低約定価格（TSO別）[円/kW・30分],1.17,3.31,0.36,0.35,0.35,0.35,0.36,0.36,0.36,0.35
20251129B05,合計（確報値）,平均約定価格（TSO別）[円/kW・30分],6.4,6.28,4.61,2.68,1.4,7.04,1.12,3.43,0.94,3.68
20251129B05,合計（確報値）,約定量合計（TSO別）[MW],32,165.586,191.425,277.718,181,528.343,223.087,122.174,429.159,2150.492
20251129B05,合計（確報値）,（内訳）自エリアからの約定量[MW],23,165.586,191.425,7.718,133.667,515.01,183.774,71.445,429.159,1720.784
20251129B06,システム約定結果,募集量（TSO別）[MW],36,732,427,402,120,692,340,179,549,3477
20251129B06,システム約定結果,応札量合計（電源属地別）[MW],523.59,814.919,1587.438,256.424,120,1031.515,255.309,209,719.159,5517.354
20251129B06,システム約定結果,落札量合計（電源属地別）[MW],37,814.919,377.142,7.718,120,861.408,220.397,145,330.902,2914.486
20251129B06,システム約定結果,応札件数（電源属地別）[件],9,7,37,5,1,8,6,6,12,91
20251129B06,システム約定結果,落札件数（電源属地別）[件],3,7,30,4,1,8,6,6,11,76
20251129B06,システム約定結果,最高落札価格（電源属地別）[円/kW・30分],12.35,19.51,19.51,19.51,2.07,19.51,19.51,6.4,19.51,19.51
20251129B06,システム約定結果,最低落札価格（電源属地別）[円/kW・30分],7,1.29,0.37,19.47,2.07,0.36,0.5,0.36,0.48,0.36
20251129B06,システム約定結果,平均落札価格（電源属地別）[円/kW・30分],11.1,2.72,3.41,19.49,2.07,1.93,1.59,2.28,1.36,2.44
20251129B06,システム約定結果,最高落札価格（TSO別）[円/kW・30分],12.35,19.51,19.51,19.51,3.43,19.51,19.51,5.67,19.51,19.51
20251129B06,システム約定結果,最低落札価格（TSO別）[円/kW・30分],7,0.37,0.73,0.37,1.43,0.36,0.4,0.36,0.43,0.36
20251129B06,システム約定結果,平均落札価格（TSO別）[円/kW・30分],11.1,2.38,6.13,2.15,2.12,2.15,1.75,1.25,1.57,2.44
20251129B06,システム約定結果,落札量合計（TSO別）[MW],37,847.757,215.625,169.718,113,615.215,252.012,179,485.159,2914.486
20251129B06,システム約定結果,（内訳）自エリアからの落札量[MW],37,739.757,184.142,7.718,61,615.215,152.697,123.756,330.902,2252.187
20251129B06,追加調達結果,募集量（TSO別）[MW],-,-,-,-,-,-,-,-,-,-
20251129B06,追加調達結果,応札量合計（電源属地別）[MW],0,0,0,0,0,0,0,0,0,0
20251129B06,追加調達結果,約定量合計（電源属地別）[MW],0,0,0,0,0,0,0,0,0,0
20251129B06,追加調達結果,応札件数（電源属地別）[件],0,0,0,0,0,0,0,0,0,0
20251129B06,追加調達結果,約定件数（電源属地別）[件],0,0,0,0,0,0,0,0,0,0
20251129B06,追加調達結果,最高約定価格（電源属地別）[円/kW・30分],0,0,0,0,0,0,0,0,0,0
20251129B06,追加調達結果,最低約定価格（電源属地別）[円/kW・30分],0,0,0,0,0,0,0,0,0,0
20251129B06,追加調達結果,平均約定価格（電源属地別）[円/kW・30分],0,0,0,0,0,0,0,0,0,0
20251129B06,追加調達結果,最高約定価格（TSO別）[円/kW・30分],0,0,0,0,0,0,0,0,0,0
20251129B06,追加調達結果,最低約定価格（TSO別）[円/kW・30分],0,0,0,0,0,0,0,0,0,0
20251129B06,追加調達結果,平均約定価格（TSO別）[円/kW・30分],0,0,0,0,0,0,0,0,0,0
20251129B06,追加調達結果,約定量合計（TSO別）[MW],0,0,0,0,0,0,0,0,0,0
20251129B06,追加調達結果,（内訳）自エリアからの約定量[MW],0,0,0,0,0,0,0,0,0,0
20251129B06,合計（確報値）,募集量（TSO別）[MW],36,732,427,402,120,692,340,179,549,3477
20251129B06,合計（確報値）,応札量合計（電源属地別）[MW],543.59,814.919,1587.438,256.424,120,1031.515,255.309,209,719.159,5537.354
20251129B06,合計（確報値）,約定量合計（電源属地別）[MW],37,814.919,377.142,7.718,120,783.695,220.397,145,330.902,2836.773
20251129B06,合計（確報値）,応札件数（電源属地別）[件],11,7,37,5,1,8,6,6,12,93
20251129B06,合計（確報値）,約定件数（電源属地別）[件],4,7,30,4,1,7,6,6,11,76
20251129B06,合計（確報値）,最高約定価格（電源属地別）[円/kW・30分],12.35,19.51,19.51,19.51,2.07,19.51,19.51,6.4,19.51,19.51
20251129B06,合計（確報値）,最低約定価格（電源属地別）[円/kW・30分],1.98,1.29,0.37,19.47,2.07,0.36,0.5,0.36,0.48,0.36
20251129B06,合計（確報値）,平均約定価格（電源属地別）[円/kW・30分],8.3,2.72,3.41,19.49,2.07,1.94,1.59,2.28,1.36,2.42
20251129B06,合計（確報値）,最高約定価格（TSO別）[円/kW・30分],12.35,19.51,19.51,19.51,3.43,19.51,19.51,5.67,19.51,19.51
20251129B06,合計（確報値）,最低約定価格（TSO別）[円/kW・30分],1.98,0.37,0.73,0.37,1.43,0.36,0.4,0.36,0.43,0.36
20251129B06,合計（確報値）,平均約定価格（TSO別）[円/kW・30分],8.3,2.38,6.13,2.15,2.2,2.15,1.72,1.25,1.57,2.42
20251129B06,合計（確報値）,約定量合計（TSO別）[MW],37,847.757,215.625,169.718,86.679,606.215,209.62,179,485.159,2836.773
20251129B06,合計（確報値）,（内訳）自エリアからの約定量[MW],37,739.757,184.142,7.718,61,606.215,152.697,123.756,330.902,2243.187
20251129B07,システム約定結果,募集量（TSO別）[MW],32,263,426,206,106,574,305,83,328,2323
20251129B07,システム約定結果,応札量合計（電源属地別）[MW],517.75,274.919,2476.962,1335.854,106,1031.515,377.25,157,688.331,6965.581
20251129B07,システム約定結果,落札量合計（電源属地別）[MW],24,274.919,785.398,815.3,106,490.225,305.715,78.333,328,3207.89
20251129B07,システム約定結果,応札件数（電源属地別）[件],7,4,47,10,1,8,9,6,13,105
20251129B07,システム約定結果,落札件数（電源属地別）[件],3,4,36,9,1,8,8,6,7,82
20251129B07,システム約定結果,最高落札価格（電源属地別）[円/kW・30分],13,19.51,19.51,19.51,2.4,19.49,19.49,6.3,3.17,19.51
20251129B07,システム約定結果,最低落札価格（電源属地別）[円/kW・30分],9.5,3.22,0.73,2.12,2.4,1.21,0.36,0.36,0.84,0.36
20251129B07,システム約定結果,平均落札価格（電源属地別）[円/kW・30分],10.99,4.6,5.79,4.01,2.4,3.12,0.95,3.71,1.43,3.8
20251129B07,システム約定結果,最高落札価格（TSO別）[円/kW・30分],13,19.51,19.51,19.51,2.4,19.49,19.49,6.3,3.17,19.51
20251129B07,システム約定結果,最低落札価格（TSO別）[円/kW・30分],6.08,3.22,0.73,2.12,2.4,0.36,0.36,0.36,0.84,0.36
20251129B07,システム約定結果,平均落札価格（TSO別）[円/kW・30分],9.76,4.79,5.73,4.01,2.4,2.87,1.25,3.31,1.43,3.8
20251129B07,システム約定結果,落札量合計（TSO別）[MW],32,289.919,762.398,815.3,106,525.473,265.8,83,328,3207.89
20251129B07,システム約定結果,（内訳）自エリアからの落札量[MW],24,274.919,762.398,815.3,106,434.77,207.012,75,328,3027.399
20251129B07,追加調達結果,募集量（TSO別）[MW],-,-,-,-,-,-,-,-,-,-
20251129B07,追加調達結果,応札量合計（電源属地別）[MW],0,0,0,0,0,0,0,0,0,0
20251129B07,追加調達結果,約定量合計（電源属地別）[MW],0,0,0,0,0,0,0,0,0,0
20251129B07,追加調達結果,応札件数（電源属地別）[件],0,0,0,0,0,0,0,0,0,0
20251129B07,追加調達結果,約定件数（電源属地別）[件],0,0,0,0,0,0,0,0,0,0
20251129B07,追加調達結果,最高約定価格（電源属地別）[円/kW・30分],0,0,0,0,0,0,0,0,0,0
20251129B07,追加調達結果,最低約定価格（電源属地別）[円/kW・30分],0,0,0,0,0,0,0,0,0,0
20251129B07,追加調達結果,平均約定価格（電源属地別）[円/kW・30分],0,0,0,0,0,0,0,0,0,0
20251129B07,追加調達結果,最高約定価格（TSO別）[円/kW・30分],0,0,0,0,0,0,0,0,0,0
20251129B07,追加調達結果,最低約定価格（TSO別）[円/kW・30分],0,0,0,0,0,0,0,0,0,0
20251129B07,追加調達結果,平均約定価格（TSO別）[円/kW・30分],0,0,0,0,0,0,0,0,0,0
20251129B07,追加調達結果,約定量合計（TSO別）[MW],0,0,0,0,0,0,0,0,0,0
20251129B07,追加調達結果,（内訳）自エリアからの約定量[MW],0,0,0,0,0,0,0,0,0,0
20251129B07,合計（確報値）,募集量（TSO別）[MW],32,263,426,206,106,574,305,83,328,2323
20251129B07,合計（確報値）,応札量合計（電源属地別）[MW],517.75,274.919,2476.962,2064.02,106,1031.515,377.25,157,688.331,7693.747
20251129B07,合計（確報値）,約定量合計（電源属地別）[MW],24,274.919,785.398,815.3,106,412.512,305.715,78.333,328,3130.177
20251129B07,合計（確報値）,応札件数（電源属地別）[件],7,4,47,27,1,8,9,6,13,122
20251129B07,合計（確報値）,約定件数（電源属地別）[件],3,4,36,21,1,7,8,6,7,93
20251129B07,合計（確報値）,最高約定価格（電源属地別）[円/kW・30分],13,19.51,19.51,19.51,2.4,19.49,19.49,6.3,3.17,19.51
20251129B07,合計（確報値）,最低約定価格（電源属地別）[円/kW・30分],9.5,3.22,0.73,0.36,2.4,1.21,0.36,0.36,0.84,0.36
20251129B07,合計（確報値）,平均約定価格（電源属地別）[円/kW・30分],10.99,4.6,5.79,1.45,2.4,3.19,0.95,3.71,1.43,3.16
20251129B07,合計（確報値）,最高約定価格（TSO別）[円/kW・30分],13,19.51,19.51,19.51,2.4,19.49,19.49,6.3,3.17,19.51
20251129B07,合計（確報値）,最低約定価格（TSO別）[円/kW・30分],6.08,3.22,0.73,0.36,2.4,0.36,0.36,0.36,0.84,0.36
20251129B07,合計（確報値）,平均約定価格（TSO別）[円/kW・30分],9.76,4.79,5.73,1.45,2.4,2.88,0.85,3.31,1.43,3.16
20251129B07,合計（確報値）,約定量合計（TSO別）[MW],32,289.919,762.398,815.3,106,503.215,210.345,83,328,3130.177
20251129B07,合計（確報値）,（内訳）自エリアからの約定量[MW],24,274.919,762.398,815.3,106,412.512,207.012,75,328,3005.141
20251129B08,システム約定結果,募集量（TSO別）[MW],39,138,408,230,105,462,197,88,298,1965
20251129B08,システム約定結果,応札量合計（電源属地別）[MW],507.59,274.919,1533.463,1021.3,105,877.515,255.309,169,548.907,5293.003
20251129B08,システム約定結果,落札量合計（電源属地別）[MW],44,274.919,701.052,934.3,105,504.874,142.342,82.799,155.907,2945.193
20251129B08,システム約定結果,応札件数（電源属地別）[件],8,4,31,11,1,8,6,6,11,86
20251129B08,システム約定結果,落札件数（電源属地別）[件],2,4,27,10,1,8,5,5,10,72
20251129B08,システム約定結果,最高落札価格（電源属地別）[円/kW・30分],15.36,19.51,19.51,19.51,2.04,19.49,19.49,5.71,19.51,19.51
20251129B08,システム約定結果,最低落札価格（電源属地別）[円/kW・30分],11.3,4.02,0.39,2.18,2.04,0.36,0.39,0.36,0.38,0.36
20251129B08,システム約定結果,平均落札価格（電源属地別）[円/kW・30分],13.05,5.32,3.28,3.73,2.04,2.89,1.44,1.67,2.15,3.46
20251129B08,システム約定結果,最高落札価格（TSO別）[円/kW・30分],15.36,19.51,19.51,19.51,2.04,19.49,19.49,5.71,19.51,19.51
20251129B08,システム約定結果,最低落札価格（TSO別）[円/kW・30分],11.3,4.02,0.39,2.18,2.04,0.36,0.39,0.36,0.36,0.36
20251129B08,システム約定結果,平均落札価格（TSO別）[円/kW・30分],13.05,5.32,3.28,3.73,2.04,2.77,1.15,1.59,2.56,3.46
20251129B08,システム約定結果,落札量合計（TSO別）[MW],44,274.919,701.052,934.3,105,473.215,100.8,88,223.907,2945.193
20251129B08,システム約定結果,（内訳）自エリアからの落札量[MW],44,274.919,701.052,934.3,105,473.215,97.001,79,155.907,2864.394
20251129B08,追加調達結果,募集量（TSO別）[MW],-,-,-,-,-,-,-,-,-,-
20251129B08,追加調達結果,応札量合計（電源属地別）[MW],0,0,0,0,0,0,0,0,0,0
20251129B08,追加調達結果,約定量合計（電源属地別）[MW],0,0,0,0,0,0,0,0,0,0
20251129B08,追加調達結果,応札件数（電源属地別）[件],0,0,0,0,0,0,0,0,0,0
20251129B08,追加調達結果,約定件数（電源属地別）[件],0,0,0,0,0,0,0,0,0,0
20251129B08,追加調達結果,最高約定価格（電源属地別）[円/kW・30分],0,0,0,0,0,0,0,0,0,0
20251129B08,追加調達結果,最低約定価格（電源属地別）[円/kW・30分],0,0,0,0,0,0,0,0,0,0
20251129B08,追加調達結果,平均約定価格（電源属地別）[円/kW・30分],0,0,0,0,0,0,0,0,0,0
20251129B08,追加調達結果,最高約定価格（TSO別）[円/kW・30分],0,0,0,0,0,0,0,0,0,0
20251129B08,追加調達結果,最低約定価格（TSO別）[円/kW・30分],0,0,0,0,0,0,0,0,0,0
20251129B08,追加調達結果,平均約定価格（TSO別）[円/kW・30分],0,0,0,0,0,0,0,0,0,0
20251129B08,追加調達結果,約定量合計（TSO別）[MW],0,0,0,0,0,0,0,0,0,0
20251129B08,追加調達結果,（内訳）自エリアからの約定量[MW],0,0,0,0,0,0,0,0,0,0
20251129B08,合計（確報値）,募集量（TSO別）[MW],39,138,408,230,105,462,197,88,298,1965
20251129B08,合計（確報値）,応札量合計（電源属地別）[MW],526.59,274.919,1533.463,1723.882,105,877.515,255.309,169,548.907,6014.585
20251129B08,合計（確報値）,約定量合計（電源属地別）[MW],44,274.919,701.052,934.3,105,427.874,142.342,82.799,155.907,2868.193
20251129B08,合計（確報値）,応札件数（電源属地別）[件],10,4,31,27,1,8,6,6,11,104
20251129B08,合計（確報値）,約定件数（電源属地別）[件],3,4,27,22,1,7,5,5,10,84
20251129B08,合計（確報値）,最高約定価格（電源属地別）[円/kW・30分],15.36,19.51,19.51,19.51,2.04,19.49,19.49,5.71,19.51,19.51
20251129B08,合計（確報値）,最低約定価格（電源属地別）[円/kW・30分],11.3,4.02,0.39,0.36,2.04,0.36,0.39,0.36,0.38,0.36
20251129B08,合計（確報値）,平均約定価格（電源属地別）[円/kW・30分],13.05,5.32,3.28,1.16,2.04,3.12,1.44,1.67,2.15,2.67
20251129B08,合計（確報値）,最高約定価格（TSO別）[円/kW・30分],15.36,19.51,19.51,19.51,2.04,19.49,19.49,5.71,19.51,19.51
20251129B08,合計（確報値）,最低約定価格（TSO別）[円/kW・30分],11.3,4.02,0.39,0.36,2.04,0.36,0.39,0.36,0.36,0.36
20251129B08,合計（確報値）,平均約定価格（TSO別）[円/kW・30分],13.05,5.32,3.28,1.16,2.04,2.99,1.15,1.59,2.56,2.67
20251129B08,合計（確報値）,約定量合計（TSO別）[MW],44,274.919,701.052,934.3,105,396.215,100.8,88,223.907,2868.193
20251129B08,合計（確報値）,（内訳）自エリアからの約定量[MW],44,274.919,701.052,934.3,105,396.215,97.001,79,155.907,2787.394
20251130B01,システム約定結果,募集量（TSO別）[MW],55,163,306,41,86,281,189,95,198,1414
20251130B01,システム約定結果,応札量合計（電源属地別）[MW],283.25,260.419,667.95,381.78,86,877.515,253.509,213,548.907,3572.33
20251130B01,システム約定結果,落札量合計（電源属地別）[MW],13,260.419,199.194,160.721,86,354.022,135.542,58.085,94.907,1361.89
20251130B01,システム約定結果,応札件数（電源属地別）[件],4,3,20,7,1,8,5,6,11,65
20251130B01,システム約定結果,落札件数（電源属地別）[件],1,3,16,7,1,8,4,4,9,53
20251130B01,システム約定結果,最高落札価格（電源属地別）[円/kW・30分],4.27,19.51,19.51,19.51,1.16,19.49,1.14,5.13,19.51,19.51
20251130B01,システム約定結果,最低落札価格（電源属地別）[円/kW・30分],4.27,4.23,0.36,1.53,1.16,0.36,0.36,0.36,0.36,0.36
20251130B01,システム約定結果,平均落札価格（電源属地別）[円/kW・30分],4.27,4.74,2.89,2.04,1.16,4.3,0.77,1.83,2.69,3.14
20251130B01,システム約定結果,最高落札価格（TSO別）[円/kW・30分],4.27,19.51,19.51,4.23,1.67,19.49,19.51,8.35,19.51,19.51
20251130B01,システム約定結果,最低落札価格（TSO別）[円/kW・30分],4.23,4.23,0.36,1.16,1.16,0.36,0.36,0.36,0.36,0.36
20251130B01,システム約定結果,平均落札価格（TSO別）[円/kW・30分],4.24,4.85,2.89,1.71,1.33,3.72,1.52,1.99,2.69,3.14
20251130B01,システム約定結果,落札量合計（TSO別）[MW],55,212.419,199.194,41,91,425.28,148.09,95,94.907,1361.89
20251130B01,システム約定結果,（内訳）自エリアからの落札量[MW],13,212.419,199.194,8,59,310.172,101.542,52,94.907,1050.234
20251130B01,追加調達結果,募集量（TSO別）[MW],-,-,-,-,-,-,-,-,-,-
20251130B01,追加調達結果,応札量合計（電源属地別）[MW],0,0,0,0,0,0,0,0,0,0
20251130B01,追加調達結果,約定量合計（電源属地別）[MW],0,0,0,0,0,0,0,0,0,0
20251130B01,追加調達結果,応札件数（電源属地別）[件],0,0,0,0,0,0,0,0,0,0
20251130B01,追加調達結果,約定件数（電源属地別）[件],0,0,0,0,0,0,0,0,0,0
20251130B01,追加調達結果,最高約定価格（電源属地別）[円/kW・30分],0,0,0,0,0,0,0,0,0,0
20251130B01,追加調達結果,最低約定価格（電源属地別）[円/kW・30分],0,0,0,0,0,0,0,0,0,0
20251130B01,追加調達結果,平均約定価格（電源属地別）[円/kW・30分],0,0,0,0,0,0,0,0,0,0
20251130B01,追加調達結果,最高約定価格（TSO別）[円/kW・30分],0,0,0,0,0,0,0,0,0,0
20251130B01,追加調達結果,最低約定価格（TSO別）[円/kW・30分],0,0,0,0,0,0,0,0,0,0
20251130B01,追加調達結果,平均約定価格（TSO別）[円/kW・30分],0,0,0,0,0,0,0,0,0,0
20251130B01,追加調達結果,約定量合計（TSO別）[MW],0,0,0,0,0,0,0,0,0,0
20251130B01,追加調達結果,（内訳）自エリアからの約定量[MW],0,0,0,0,0,0,0,0,0,0
20251130B01,合計（確報値）,募集量（TSO別）[MW],55,163,306,41,86,281,189,95,198,1414
20251130B01,合計（確報値）,応札量合計（電源属地別）[MW],296.25,260.419,667.95,381.78,86,877.515,253.509,213,548.907,3585.33
20251130B01,合計（確報値）,約定量合計（電源属地別）[MW],13,260.419,199.194,160.721,0,277.022,135.542,58.085,94.907,1198.89
20251130B01,合計（確報値）,応札件数（電源属地別）[件],6,3,20,7,1,8,5,6,11,67
20251130B01,合計（確報値）,約定件数（電源属地別）[件],2,3,16,7,0,7,4,4,9,52
20251130B01,合計（確報値）,最高約定価格（電源属地別）[円/kW・30分],4.27,19.51,19.51,19.51,0,19.49,1.14,5.13,19.51,19.51
20251130B01,合計（確報値）,最低約定価格（電源属地別）[円/kW・30分],4.27,4.23,0.36,1.53,0,0.36,0.36,0.36,0.36,0.36
20251130B01,合計（確報値）,平均約定価格（電源属地別）[円/kW・30分],4.27,4.74,2.89,2.04,0,5.29,0.77,1.83,2.69,3.44
20251130B01,合計（確報値）,最高約定価格（TSO別）[円/kW・30分],4.27,19.51,19.51,4.23,1.67,19.49,19.51,8.35,19.51,19.51
20251130B01,合計（確報値）,最低約定価格（TSO別）[円/kW・30分],4.23,4.23,0.36,1.67,1.63,0.36,0.36,0.36,0.36,0.36
20251130B01,合計（確報値）,平均約定価格（TSO別）[円/kW・30分],4.24,4.85,2.89,2.77,1.64,4.37,1.52,1.99,2.69,3.44
20251130B01,合計（確報値）,約定量合計（TSO別）[MW],55,212.419,199.194,14,32,348.28,148.09,95,94.907,1198.89
20251130B01,合計（確報値）,（内訳）自エリアからの約定量[MW],13,212.419,199.194,8,0,233.172,101.542,52,94.907,914.234
20251130B02,システム約定結果,募集量（TSO別）[MW],28,333,301,158,92,380,189,99,300,1880
20251130B02,システム約定結果,応札量合計（電源属地別）[MW],200.59,454.919,993.78,7.718,92,877.515,255.309,215,548.907,3645.738
20251130B02,システム約定結果,落札量合計（電源属地別）[MW],14,454.919,331.544,7.718,92,370.515,125.342,70.733,190.907,1657.678
20251130B02,システム約定結果,応札件数（電源属地別）[件],6,5,26,4,1,8,6,6,11,73
20251130B02,システム約定結果,落札件数（電源属地別）[件],2,5,23,4,1,8,5,5,9,62
20251130B02,システム約定結果,最高落札価格（電源属地別）[円/kW・30分],9.98,19.51,19.51,19.51,1.75,19.49,19.49,6.51,19.51,19.51
20251130B02,システム約定結果,最低落札価格（電源属地別）[円/kW・30分],8.8,2.94,0.36,19.47,1.75,0.72,0.36,0.36,0.36,0.36
20251130B02,システム約定結果,平均落札価格（電源属地別）[円/kW・30分],9.64,4.44,3.57,19.48,1.75,4.35,1.59,2.3,1.82,3.6
20251130B02,システム約定結果,最高落札価格（TSO別）[円/kW・30分],9.98,19.51,19.51,19.51,1.75,19.49,19.49,7.93,19.51,19.51
20251130B02,システム約定結果,最低落札価格（TSO別）[円/kW・30分],2.94,2.94,0.36,2.94,1.75,0.36,0.36,0.36,0.36,0.36
20251130B02,システム約定結果,平均落札価格（TSO別）[円/kW・30分],6.29,4.51,4.13,11.06,1.75,3.72,1.31,3.16,1.86,3.6
20251130B02,システム約定結果,落札量合計（TSO別）[MW],28,432.919,266.174,15.718,80,421.948,78.012,99,235.907,1657.678
20251130B02,システム約定結果,（内訳）自エリアからの落札量[MW],14,432.919,266.174,7.718,80,350.845,78.012,65,190.907,1485.575
20251130B02,追加調達結果,募集量（TSO別）[MW],-,-,-,-,-,-,-,-,-,-
20251130B02,追加調達結果,応札量合計（電源属地別）[MW],0,0,0,0,0,0,0,0,0,0
20251130B02,追加調達結果,約定量合計（電源属地別）[MW],0,0,0,0,0,0,0,0,0,0
20251130B02,追加調達結果,応札件数（電源属地別）[件],0,0,0,0,0,0,0,0,0,0
20251130B02,追加調達結果,約定件数（電源属地別）[件],0,0,0,0,0,0,0,0,0,0
20251130B02,追加調達結果,最高約定価格（電源属地別）[円/kW・30分],0,0,0,0,0,0,0,0,0,0
20251130B02,追加調達結果,最低約定価格（電源属地別）[円/kW・30分],0,0,0,0,0,0,0,0,0,0
20251130B02,追加調達結果,平均約定価格（電源属地別）[円/kW・30分],0,0,0,0,0,0,0,0,0,0
20251130B02,追加調達結果,最高約定価格（TSO別）[円/kW・30分],0,0,0,0,0,0,0,0,0,0
20251130B02,追加調達結果,最低約定価格（TSO別）[円/kW・30分],0,0,0,0,0,0,0,0,0,0
20251130B02,追加調達結果,平均約定価格（TSO別）[円/kW・30分],0,0,0,0,0,0,0,0,0,0
20251130B02,追加調達結果,約定量合計（TSO別）[MW],0,0,0,0,0,0,0,0,0,0
20251130B02,追加調達結果,（内訳）自エリアからの約定量[MW],0,0,0,0,0,0,0,0,0,0
20251130B02,合計（確報値）,募集量（TSO別）[MW],28,333,301,158,92,380,189,99,300,1880
20251130B02,合計（確報値）,応札量合計（電源属地別）[MW],210.59,454.919,1132.632,7.718,92,877.515,255.309,215,548.907,3794.59
20251130B02,合計（確報値）,約定量合計（電源属地別）[MW],14,454.919,331.544,7.718,0,293.515,125.342,70.733,190.907,1488.678
20251130B02,合計（確報値）,応札件数（電源属地別）[件],7,5,31,4,1,8,6,6,11,79
20251130B02,合計（確報値）,約定件数（電源属地別）[件],2,5,27,4,0,7,5,5,9,64
20251130B02,合計（確報値）,最高約定価格（電源属地別）[円/kW・30分],9.98,19.51,19.51,19.51,0,19.49,19.49,6.51,19.51,19.51
20251130B02,合計（確報値）,最低約定価格（電源属地別）[円/kW・30分],8.8,2.94,0.36,19.47,0,0.72,0.36,0.36,0.36,0.36
20251130B02,合計（確報値）,平均約定価格（電源属地別）[円/kW・30分],9.64,4.44,3.3,19.48,0,4.91,1.59,2.3,1.82,3.73
20251130B02,合計（確報値）,最高約定価格（TSO別）[円/kW・30分],9.98,19.51,19.51,19.51,0,19.49,19.49,7.93,19.51,19.51
20251130B02,合計（確報値）,最低約定価格（TSO別）[円/kW・30分],2.94,2.94,0.36,2.94,0,0.36,0.36,0.36,0.36,0.36
20251130B02,合計（確報値）,平均約定価格（TSO別）[円/kW・30分],6.29,4.51,4.02,11.06,0,3.88,1.31,3.35,1.86,3.73
20251130B02,合計（確報値）,約定量合計（TSO別）[MW],28,432.919,266.174,15.718,0,344.948,78.012,87,235.907,1488.678
20251130B02,合計（確報値）,（内訳）自エリアからの約定量[MW],14,432.919,266.174,7.718,0,273.845,78.012,65,190.907,1328.575
20251130B03,システム約定結果,募集量（TSO別）[MW],134,702,447,400,127,605,284,174,427,3300
20251130B03,システム約定結果,応札量合計（電源属地別）[MW],351.74,814.919,659.939,5.858,127,1221.015,255.309,209,715.331,4360.111
20251130B03,システム約定結果,落札量合計（電源属地別）[MW],15,814.919,274.66,5.858,127,843.481,220.397,155,315.331,2771.646
20251130B03,システム約定結果,応札件数（電源属地別）[件],5,7,21,3,1,9,6,6,10,68
20251130B03,システム約定結果,落札件数（電源属地別）[件],1,7,19,3,1,9,6,6,8,60
20251130B03,システム約定結果,最高落札価格（電源属地別）[円/kW・30分],19.51,19.51,19.51,19.51,1.27,19.51,19.51,6.98,19.51,19.51
20251130B03,システム約定結果,最低落札価格（電源属地別）[円/kW・30分],19.51,3.67,0.36,19.47,1.27,0.36,0.53,0.36,0.36,0.36
20251130B03,システム約定結果,平均落札価格（電源属地別）[円/kW・30分],19.51,4.66,3.28,19.48,1.27,3.67,1.83,2.46,0.92,3.41
20251130B03,システム約定結果,最高落札価格（TSO別）[円/kW・30分],19.51,19.51,19.51,19.51,3.96,19.51,19.51,6.98,19.51,19.51
20251130B03,システム約定結果,最低落札価格（TSO別）[円/kW・30分],0.36,0.36,0.36,0.36,0.36,0.36,0.53,0.36,0.36,0.36
20251130B03,システム約定結果,平均落札価格（TSO別）[円/kW・30分],6.53,3.85,6.01,1.36,2.21,4.63,1.86,1.92,1.01,3.41
20251130B03,システム約定結果,落札量合計（TSO別）[MW],134,888.772,120.474,183.858,127,617.835,188.376,174,337.331,2771.646
20251130B03,システム約定結果,（内訳）自エリアからの落札量[MW],15,670.772,120.474,5.858,49,582.907,184.376,134.093,315.331,2077.811
20251130B03,追加調達結果,募集量（TSO別）[MW],-,-,-,-,-,-,-,-,-,-
20251130B03,追加調達結果,応札量合計（電源属地別）[MW],0,0,0,0,0,0,0,0,0,0
20251130B03,追加調達結果,約定量合計（電源属地別）[MW],0,0,0,0,0,0,0,0,0,0
20251130B03,追加調達結果,応札件数（電源属地別）[件],0,0,0,0,0,0,0,0,0,0
20251130B03,追加調達結果,約定件数（電源属地別）[件],0,0,0,0,0,0,0,0,0,0
20251130B03,追加調達結果,最高約定価格（電源属地別）[円/kW・30分],0,0,0,0,0,0,0,0,0,0
20251130B03,追加調達結果,最低約定価格（電源属地別）[円/kW・30分],0,0,0,0,0,0,0,0,0,0
20251130B03,追加調達結果,平均約定価格（電源属地別）[円/kW・30分],0,0,0,0,0,0,0,0,0,0
20251130B03,追加調達結果,最高約定価格（TSO別）[円/kW・30分],0,0,0,0,0,0,0,0,0,0
20251130B03,追加調達結果,最低約定価格（TSO別）[円/kW・30分],0,0,0,0,0,0,0,0,0,0
20251130B03,追加調達結果,平均約定価格（TSO別）[円/kW・30分],0,0,0,0,0,0,0,0,0,0
20251130B03,追加調達結果,約定量合計（TSO別）[MW],0,0,0,0,0,0,0,0,0,0
20251130B03,追加調達結果,（内訳）自エリアからの約定量[MW],0,0,0,0,0,0,0,0,0,0
20251130B03,合計（確報値）,募集量（TSO別）[MW],134,702,447,400,127,605,284,174,427,3300
20251130B03,合計（確報値）,応札量合計（電源属地別）[MW],366.74,814.919,659.939,5.858,127,1221.015,255.309,209,715.331,4375.111
20251130B03,合計（確報値）,約定量合計（電源属地別）[MW],15,814.919,274.66,5.858,0,765.768,220.397,155,315.331,2566.933
20251130B03,合計（確報値）,応札件数（電源属地別）[件],7,7,21,3,1,9,6,6,10,70
20251130B03,合計（確報値）,約定件数（電源属地別）[件],2,7,19,3,0,8,6,6,8,59
20251130B03,合計（確報値）,最高約定価格（電源属地別）[円/kW・30分],19.51,19.51,19.51,19.51,0,19.51,19.51,6.98,19.51,19.51
20251130B03,合計（確報値）,最低約定価格（電源属地別）[円/kW・30分],19.51,3.67,0.36,19.47,0,0.36,0.53,0.36,0.36,0.36
20251130B03,合計（確報値）,平均約定価格（電源属地別）[円/kW・30分],19.51,4.66,3.28,19.48,0,3.98,1.83,2.46,0.92,3.6
20251130B03,合計（確報値）,最高約定価格（TSO別）[円/kW・30分],19.51,19.51,19.51,19.51,3.96,19.51,19.51,6.98,19.51,19.51
20251130B03,合計（確報値）,最低約定価格（TSO別）[円/kW・30分],0.36,0.36,0.36,0.36,0.36,0.36,0.53,0.36,0.36,0.36
20251130B03,合計（確報値）,平均約定価格（TSO別）[円/kW・30分],6.53,3.85,6.01,1.42,2.98,5.16,1.86,1.92,1.01,3.6
20251130B03,合計（確報値）,約定量合計（TSO別）[MW],134,888.772,120.474,105.858,72,546.122,188.376,174,337.331,2566.933
20251130B03,合計（確報値）,（内訳）自エリアからの約定量[MW],15,670.772,120.474,5.858,0,511.194,184.376,134.093,315.331,1957.098
20251130B04,システム約定結果,募集量（TSO別）[MW],116,222,370,264,194,869,486,219,604,3344
20251130B04,システム約定結果,応札量合計（電源属地別）[MW],514.59,374.5,1091.495,7.718,286,1169.8,181.974,250,717.719,4593.796
20251130B04,システム約定結果,落札量合計（電源属地別）[MW],33,374.5,147.025,7.718,286,1140.626,181.974,172,527.719,2870.562
20251130B04,システム約定結果,応札件数（電源属地別）[件],9,3,33,4,2,6,4,7,11,79
20251130B04,システム約定結果,落札件数（電源属地別）[件],3,3,26,4,2,6,4,7,11,66
20251130B04,システム約定結果,最高落札価格（電源属地別）[円/kW・30分],13,19.51,19.51,19.51,0.35,11.4,0.36,15.39,19.51,19.51
20251130B04,システム約定結果,最低落札価格（電源属地別）[円/kW・30分],1.85,4.23,0.35,19.47,0.35,0.36,0.36,0.36,0.36,0.35
20251130B04,システム約定結果,平均落札価格（電源属地別）[円/kW・30分],7.95,5.36,4.97,19.49,0.35,3.47,0.36,4.46,0.78,2.94
20251130B04,システム約定結果,最高落札価格（TSO別）[円/kW・30分],13,19.51,19.51,9.83,19.51,11.4,12.39,15.39,19.51,19.51
20251130B04,システム約定結果,最低落札価格（TSO別）[円/kW・30分],1.85,4.23,0.35,0.35,0.35,0.36,0.36,0.36,0.36,0.35
20251130B04,システム約定結果,平均落札価格（TSO別）[円/kW・30分],5.96,7.87,4.85,3.15,1.11,4.2,0.66,3.06,0.78,2.94
20251130B04,システム約定結果,落札量合計（TSO別）[MW],125,70.5,294.625,264,193.718,796,380,219,527.719,2870.562
20251130B04,システム約定結果,（内訳）自エリアからの落札量[MW],33,70.5,147.025,0,186,796,181.974,155.364,527.719,2097.582
20251130B04,追加調達結果,募集量（TSO別）[MW],-,-,-,-,-,-,-,-,-,-
20251130B04,追加調達結果,応札量合計（電源属地別）[MW],0,0,0,0,0,0,0,0,0,0
20251130B04,追加調達結果,約定量合計（電源属地別）[MW],0,0,0,0,0,0,0,0,0,0
20251130B04,追加調達結果,応札件数（電源属地別）[件],0,0,0,0,0,0,0,0,0,0
20251130B04,追加調達結果,約定件数（電源属地別）[件],0,0,0,0,0,0,0,0,0,0
20251130B04,追加調達結果,最高約定価格（電源属地別）[円/kW・30分],0,0,0,0,0,0,0,0,0,0
20251130B04,追加調達結果,最低約定価格（電源属地別）[円/kW・30分],0,0,0,0,0,0,0,0,0,0
20251130B04,追加調達結果,平均約定価格（電源属地別）[円/kW・30分],0,0,0,0,0,0,0,0,0,0
20251130B04,追加調達結果,最高約定価格（TSO別）[円/kW・30分],0,0,0,0,0,0,0,0,0,0
20251130B04,追加調達結果,最低約定価格（TSO別）[円/kW・30分],0,0,0,0,0,0,0,0,0,0
20251130B04,追加調達結果,平均約定価格（TSO別）[円/kW・30分],0,0,0,0,0,0,0,0,0,0
20251130B04,追加調達結果,約定量合計（TSO別）[MW],0,0,0,0,0,0,0,0,0,0
20251130B04,追加調達結果,（内訳）自エリアからの約定量[MW],0,0,0,0,0,0,0,0,0,0
20251130B04,合計（確報値）,募集量（TSO別）[MW],116,222,370,264,194,869,486,219,604,3344
20251130B04,合計（確報値）,応札量合計（電源属地別）[MW],514.59,374.5,1091.495,7.718,505.103,1262.247,181.974,250,717.719,4905.346
20251130B04,合計（確報値）,約定量合計（電源属地別）[MW],33,374.5,147.025,7.718,219.103,1045.876,181.974,172,527.719,2708.915
20251130B04,合計（確報値）,応札件数（電源属地別）[件],9,3,33,4,10,7,4,7,11,88
20251130B04,合計（確報値）,約定件数（電源属地別）[件],3,3,26,4,8,7,4,7,11,73
20251130B04,合計（確報値）,最高約定価格（電源属地別）[円/kW・30分],13,19.51,19.51,19.51,0.35,11.4,0.36,15.39,19.51,19.51
20251130B04,合計（確報値）,最低約定価格（電源属地別）[円/kW・30分],1.85,4.23,0.35,19.47,0.35,0.36,0.36,0.36,0.36,0.35
20251130B04,合計（確報値）,平均約定価格（電源属地別）[円/kW・30分],7.95,5.36,4.97,19.49,0.35,2.89,0.36,4.46,0.78,2.77
20251130B04,合計（確報値）,最高約定価格（TSO別）[円/kW・30分],13,19.51,19.51,4.23,19.51,11.4,12.39,15.39,19.51,19.51
20251130B04,合計（確報値）,最低約定価格（TSO別）[円/kW・30分],1.85,4.23,0.35,0.35,0.35,0.36,0.36,0.36,0.36,0.35
20251130B04,合計（確報値）,平均約定価格（TSO別）[円/kW・30分],5.96,7.87,4.85,1.53,1.51,3.87,0.66,3.06,0.78,2.77
20251130B04,合計（確報値）,約定量合計（TSO別）[MW],125,70.5,294.625,212.5,126.821,752.75,380,219,527.719,2708.915
20251130B04,合計（確報値）,（内訳）自エリアからの約定量[MW],33,70.5,147.025,0,119.103,752.75,181.974,155.364,527.719,1987.435
20251130B05,システム約定結果,募集量（TSO別）[MW],32,217,293,383,194,588,361,145,537,2750
20251130B05,システム約定結果,応札量合計（電源属地別）[MW],422.75,384.919,1158.651,7.718,286,1221.015,183.774,189,719.159,4572.986
20251130B05,システム約定結果,落札量合計（電源属地別）[MW],23,384.919,189.625,7.718,270.137,650.897,183.774,92,429.159,2231.229
20251130B05,システム約定結果,応札件数（電源属地別）[件],5,5,34,4,2,9,5,6,12,82
20251130B05,システム約定結果,落札件数（電源属地別）[件],2,5,26,4,2,9,5,6,10,69
20251130B05,システム約定結果,最高落札価格（電源属地別）[円/kW・30分],12.35,19.51,19.51,19.51,0.35,19.51,19.51,13.9,19.51,19.51
20251130B05,システム約定結果,最低落札価格（電源属地別）[円/kW・30分],5.41,4.29,0.5,19.47,0.35,0.36,0.36,0.36,0.36,0.35
20251130B05,システム約定結果,平均落札価格（電源属地別）[円/kW・30分],9.33,5.73,4.52,19.49,0.35,5.95,0.55,7.25,0.94,3.84
20251130B05,システム約定結果,最高落札価格（TSO別）[円/kW・30分],12.35,19.51,19.51,19.51,5.42,19.51,19.51,13.9,19.51,19.51
20251130B05,システム約定結果,最低落札価格（TSO別）[円/kW・30分],5.41,4.29,0.5,0.35,0.35,0.36,0.36,0.36,0.36,0.35
20251130B05,システム約定結果,平均落札価格（TSO別）[円/kW・30分],8.23,7.1,4.52,3.42,0.73,7.45,0.79,4.82,0.94,3.84
20251130B05,システム約定結果,落札量合計（TSO別）[MW],32,165.586,189.625,277.718,194,529.215,287.8,126.126,429.159,2231.229
20251130B05,システム約定結果,（内訳）自エリアからの落札量[MW],23,165.586,189.625,7.718,163.137,496.426,183.774,68.126,429.159,1726.551
20251130B05,追加調達結果,募集量（TSO別）[MW],-,-,-,-,-,-,-,-,-,-
20251130B05,追加調達結果,応札量合計（電源属地別）[MW],0,0,0,0,0,0,0,0,0,0
20251130B05,追加調達結果,約定量合計（電源属地別）[MW],0,0,0,0,0,0,0,0,0,0
20251130B05,追加調達結果,応札件数（電源属地別）[件],0,0,0,0,0,0,0,0,0,0
20251130B05,追加調達結果,約定件数（電源属地別）[件],0,0,0,0,0,0,0,0,0,0
20251130B05,追加調達結果,最高約定価格（電源属地別）[円/kW・30分],0,0,0,0,0,0,0,0,0,0
20251130B05,追加調達結果,最低約定価格（電源属地別）[円/kW・30分],0,0,0,0,0,0,0,0,0,0
20251130B05,追加調達結果,平均約定価格（電源属地別）[円/kW・30分],0,0,0,0,0,0,0,0,0,0
20251130B05,追加調達結果,最高約定価格（TSO別）[円/kW・30分],0,0,0,0,0,0,0,0,0,0
20251130B05,追加調達結果,最低約定価格（TSO別）[円/kW・30分],0,0,0,0,0,0,0,0,0,0
20251130B05,追加調達結果,平均約定価格（TSO別）[円/kW・30分],0,0,0,0,0,0,0,0,0,0
20251130B05,追加調達結果,約定量合計（TSO別）[MW],0,0,0,0,0,0,0,0,0,0
20251130B05,追加調達結果,（内訳）自エリアからの約定量[MW],0,0,0,0,0,0,0,0,0,0
20251130B05,合計（確報値）,募集量（TSO別）[MW],32,217,293,383,194,588,361,145,537,2750
20251130B05,合計（確報値）,応札量合計（電源属地別）[MW],435.75,384.919,1158.651,7.718,490.666,1278.007,183.774,189,719.159,4847.644
20251130B05,合計（確報値）,約定量合計（電源属地別）[MW],23,384.919,189.625,7.718,204.666,556.147,183.774,92,429.159,2071.008
20251130B05,合計（確報値）,応札件数（電源属地別）[件],7,5,34,4,8,10,5,6,12,91
20251130B05,合計（確報値）,約定件数（電源属地別）[件],3,5,26,4,6,10,5,6,10,75
20251130B05,合計（確報値）,最高約定価格（電源属地別）[円/kW・30分],12.35,19.51,19.51,19.51,0.35,19.51,19.51,13.9,19.51,19.51
20251130B05,合計（確報値）,最低約定価格（電源属地別）[円/kW・30分],5.41,4.29,0.5,19.47,0.35,0.36,0.36,0.36,0.36,0.35
20251130B05,合計（確報値）,平均約定価格（電源属地別）[円/kW・30分],9.33,5.73,4.52,19.49,0.35,5.29,0.55,7.25,0.94,3.68
20251130B05,合計（確報値）,最高約定価格（TSO別）[円/kW・30分],12.35,19.51,19.51,19.51,5.42,19.51,19.51,13.9,19.51,19.51
20251130B05,合計（確報値）,最低約定価格（TSO別）[円/kW・30分],5.41,4.29,0.5,0.35,0.35,0.36,0.36,0.36,0.36,0.35
20251130B05,合計（確報値）,平均約定価格（TSO別）[円/kW・30分],8.23,7.1,4.52,3.42,0.92,6.93,0.79,4.82,0.94,3.68
20251130B05,合計（確報値）,約定量合計（TSO別）[MW],32,165.586,189.625,277.718,128.529,434.465,287.8,126.126,429.159,2071.008
20251130B05,合計（確報値）,（内訳）自エリアからの約定量[MW],23,165.586,189.625,7.718,97.666,401.676,183.774,68.126,429.159,1566.33
20251130B06,システム約定結果,募集量（TSO別）[MW],36,732,427,402,120,692,340,179,549,3477
20251130B06,システム約定結果,応札量合計（電源属地別）[MW],523.59,814.919,983.083,7.718,120,1031.515,255.309,209,719.159,4664.293
20251130B06,システム約定結果,落札量合計（電源属地別）[MW],37,814.919,318.271,7.718,120,885.499,255.309,145,344.656,2928.372
20251130B06,システム約定結果,応札件数（電源属地別）[件],9,7,33,4,1,8,6,6,12,86
20251130B06,システム約定結果,落札件数（電源属地別）[件],3,7,29,4,1,8,6,6,11,75
20251130B06,システム約定結果,最高落札価格（電源属地別）[円/kW・30分],12.35,19.51,19.51,19.51,1.28,19.51,19.51,6.88,19.51,19.51
20251130B06,システム約定結果,最低落札価格（電源属地別）[円/kW・30分],7,1.68,0.37,19.47,1.28,0.36,0.36,0.36,0.48,0.36
20251130B06,システム約定結果,平均落札価格（電源属地別）[円/kW・30分],11.1,3.11,3.33,19.49,1.28,2.07,1.05,1.93,1.37,2.45
20251130B06,システム約定結果,最高落札価格（TSO別）[円/kW・30分],12.35,19.51,19.51,19.51,1.28,19.51,19.51,6.88,19.51,19.51
20251130B06,システム約定結果,最低落札価格（TSO別）[円/kW・30分],7,0.37,0.52,0.36,0.52,0.36,0.36,0.36,0.36,0.36
20251130B06,システム約定結果,平均落札価格（TSO別）[円/kW・30分],11.1,2.89,5.3,1.32,1.27,2.55,1.52,1.28,1.19,2.45
20251130B06,システム約定結果,落札量合計（TSO別）[MW],37,835.565,215.625,169.718,113,641.293,252.012,179,485.159,2928.372
20251130B06,システム約定結果,（内訳）自エリアからの落札量[MW],37,727.565,129.175,7.718,112,641.293,167.309,123.756,344.656,2290.472
20251130B06,追加調達結果,募集量（TSO別）[MW],-,-,-,-,-,-,-,-,-,-
20251130B06,追加調達結果,応札量合計（電源属地別）[MW],0,0,0,0,0,0,0,0,0,0
20251130B06,追加調達結果,約定量合計（電源属地別）[MW],0,0,0,0,0,0,0,0,0,0
20251130B06,追加調達結果,応札件数（電源属地別）[件],0,0,0,0,0,0,0,0,0,0
20251130B06,追加調達結果,約定件数（電源属地別）[件],0,0,0,0,0,0,0,0,0,0
20251130B06,追加調達結果,最高約定価格（電源属地別）[円/kW・30分],0,0,0,0,0,0,0,0,0,0
20251130B06,追加調達結果,最低約定価格（電源属地別）[円/kW・30分],0,0,0,0,0,0,0,0,0,0
20251130B06,追加調達結果,平均約定価格（電源属地別）[円/kW・30分],0,0,0,0,0,0,0,0,0,0
20251130B06,追加調達結果,最高約定価格（TSO別）[円/kW・30分],0,0,0,0,0,0,0,0,0,0
20251130B06,追加調達結果,最低約定価格（TSO別）[円/kW・30分],0,0,0,0,0,0,0,0,0,0
20251130B06,追加調達結果,平均約定価格（TSO別）[円/kW・30分],0,0,0,0,0,0,0,0,0,0
20251130B06,追加調達結果,約定量合計（TSO別）[MW],0,0,0,0,0,0,0,0,0,0
20251130B06,追加調達結果,（内訳）自エリアからの約定量[MW],0,0,0,0,0,0,0,0,0,0
20251130B06,合計（確報値）,募集量（TSO別）[MW],36,732,427,402,120,692,340,179,549,3477
20251130B06,合計（確報値）,応札量合計（電源属地別）[MW],543.59,814.919,983.083,7.718,240,1031.515,255.309,209,719.159,4804.293
20251130B06,合計（確報値）,約定量合計（電源属地別）[MW],37,814.919,318.271,7.718,120,885.499,255.309,145,344.656,2928.372
20251130B06,合計（確報値）,応札件数（電源属地別）[件],11,7,33,4,8,8,6,6,12,95
20251130B06,合計（確報値）,約定件数（電源属地別）[件],4,7,29,4,7,8,6,6,11,82
20251130B06,合計（確報値）,最高約定価格（電源属地別）[円/kW・30分],12.35,19.51,19.51,19.51,0.89,19.51,19.51,6.88,19.51,19.51
20251130B06,合計（確報値）,最低約定価格（電源属地別）[円/kW・30分],1.77,1.68,0.37,19.47,0.35,0.36,0.36,0.36,0.48,0.35
20251130B06,合計（確報値）,平均約定価格（電源属地別）[円/kW・30分],8.24,3.11,3.33,19.49,0.76,2.07,1.05,1.93,1.37,2.39
20251130B06,合計（確報値）,最高約定価格（TSO別）[円/kW・30分],12.35,19.51,19.51,19.51,1.19,19.51,19.51,6.88,19.51,19.51
20251130B06,合計（確報値）,最低約定価格（TSO別）[円/kW・30分],1.77,0.37,0.52,0.35,0.35,0.36,0.36,0.36,0.36,0.35
20251130B06,合計（確報値）,平均約定価格（TSO別）[円/kW・30分],8.24,2.89,5.3,1.28,0.78,2.55,1.52,1.28,1.19,2.39
20251130B06,合計（確報値）,約定量合計（TSO別）[MW],37,835.565,215.625,169.718,113,641.293,252.012,179,485.159,2928.372
20251130B06,合計（確報値）,（内訳）自エリアからの約定量[MW],37,727.565,129.175,7.718,112,641.293,167.309,123.756,344.656,2290.472
20251130B07,システム約定結果,募集量（TSO別）[MW],32,263,426,206,106,574,305,83,328,2323
20251130B07,システム約定結果,応札量合計（電源属地別）[MW],517.75,274.919,2032.297,922.3,106,1031.515,377.25,157,691.341,6110.372
20251130B07,システム約定結果,落札量合計（電源属地別）[MW],24,274.919,880.772,922.3,106,600.67,306.27,78.333,217,3410.264
20251130B07,システム約定結果,応札件数（電源属地別）[件],7,4,41,10,1,8,9,6,12,98
20251130B07,システム約定結果,落札件数（電源属地別）[件],2,4,34,10,1,8,8,5,6,78
20251130B07,システム約定結果,最高落札価格（電源属地別）[円/kW・30分],13,19.51,19.51,19.51,2.22,19.49,19.49,5.28,3.17,19.51
20251130B07,システム約定結果,最低落札価格（電源属地別）[円/kW・30分],9.8,3.58,0.51,2.37,2.22,0.49,0.36,0.36,0.84,0.36
20251130B07,システム約定結果,平均落札価格（電源属地別）[円/kW・30分],11.13,4.92,5.27,3.5,2.22,2.85,0.81,1.84,1.59,3.57
20251130B07,システム約定結果,最高落札価格（TSO別）[円/kW・30分],13,19.51,19.51,19.51,2.22,19.49,19.49,5.28,8.04,19.51
20251130B07,システム約定結果,最低落札価格（TSO別）[円/kW・30分],4.54,3.58,0.51,2.37,2.22,0.49,0.36,0.36,0.36,0.36
20251130B07,システム約定結果,平均落札価格（TSO別）[円/kW・30分],9.49,4.88,5.29,3.5,2.22,2.86,1.03,1.58,1.65,3.57
20251130B07,システム約定結果,落札量合計（TSO別）[MW],32,289.919,857.772,922.3,106,525.473,265.8,83,328,3410.264
20251130B07,システム約定結果,（内訳）自エリアからの落札量[MW],24,274.919,857.772,922.3,106,525.473,207.012,75,217,3209.476
20251130B07,追加調達結果,募集量（TSO別）[MW],-,-,-,-,-,-,-,-,-,-
20251130B07,追加調達結果,応札量合計（電源属地別）[MW],0,0,0,0,0,0,0,0,0,0
20251130B07,追加調達結果,約定量合計（電源属地別）[MW],0,0,0,0,0,0,0,0,0,0
20251130B07,追加調達結果,応札件数（電源属地別）[件],0,0,0,0,0,0,0,0,0,0
20251130B07,追加調達結果,約定件数（電源属地別）[件],0,0,0,0,0,0,0,0,0,0
20251130B07,追加調達結果,最高約定価格（電源属地別）[円/kW・30分],0,0,0,0,0,0,0,0,0,0
20251130B07,追加調達結果,最低約定価格（電源属地別）[円/kW・30分],0,0,0,0,0,0,0,0,0,0
20251130B07,追加調達結果,平均約定価格（電源属地別）[円/kW・30分],0,0,0,0,0,0,0,0,0,0
20251130B07,追加調達結果,最高約定価格（TSO別）[円/kW・30分],0,0,0,0,0,0,0,0,0,0
20251130B07,追加調達結果,最低約定価格（TSO別）[円/kW・30分],0,0,0,0,0,0,0,0,0,0
20251130B07,追加調達結果,平均約定価格（TSO別）[円/kW・30分],0,0,0,0,0,0,0,0,0,0
20251130B07,追加調達結果,約定量合計（TSO別）[MW],0,0,0,0,0,0,0,0,0,0
20251130B07,追加調達結果,（内訳）自エリアからの約定量[MW],0,0,0,0,0,0,0,0,0,0
20251130B07,合計（確報値）,募集量（TSO別）[MW],32,263,426,206,106,574,305,83,328,2323
20251130B07,合計（確報値）,応札量合計（電源属地別）[MW],517.75,274.919,2032.297,2211.882,212,1031.515,377.25,157,691.341,7505.954
20251130B07,合計（確報値）,約定量合計（電源属地別）[MW],24,274.919,880.772,922.3,106,600.67,306.27,78.333,217,3410.264
20251130B07,合計（確報値）,応札件数（電源属地別）[件],7,4,41,46,6,8,9,6,12,139
20251130B07,合計（確報値）,約定件数（電源属地別）[件],2,4,34,30,5,8,8,5,6,102
20251130B07,合計（確報値）,最高約定価格（電源属地別）[円/kW・30分],13,19.51,19.51,19.51,0.94,19.49,19.49,5.28,3.17,19.51
20251130B07,合計（確報値）,最低約定価格（電源属地別）[円/kW・30分],9.8,3.58,0.51,0.36,0.35,0.49,0.36,0.36,0.84,0.35
20251130B07,合計（確報値）,平均約定価格（電源属地別）[円/kW・30分],11.13,4.92,5.27,0.52,0.68,2.85,0.81,1.84,1.59,2.72
20251130B07,合計（確報値）,最高約定価格（TSO別）[円/kW・30分],13,19.51,19.51,19.51,0.94,19.49,19.49,5.28,8.04,19.51
20251130B07,合計（確報値）,最低約定価格（TSO別）[円/kW・30分],4.54,3.58,0.51,0.36,0.35,0.49,0.36,0.36,0.36,0.35
20251130B07,合計（確報値）,平均約定価格（TSO別）[円/kW・30分],9.49,4.88,5.29,0.52,0.68,2.86,1.03,1.58,1.65,2.72
20251130B07,合計（確報値）,約定量合計（TSO別）[MW],32,289.919,857.772,922.3,106,525.473,265.8,83,328,3410.264
20251130B07,合計（確報値）,（内訳）自エリアからの約定量[MW],24,274.919,857.772,922.3,106,525.473,207.012,75,217,3209.476
20251130B08,システム約定結果,募集量（TSO別）[MW],39,138,408,230,105,462,197,88,298,1965
20251130B08,システム約定結果,応札量合計（電源属地別）[MW],507.59,274.919,1197.961,930.3,105,877.515,400.059,169,546.918,5009.262
20251130B08,システム約定結果,落札量合計（電源属地別）[MW],44.75,274.919,459.477,930.3,105,380.515,145.106,63.799,153.918,2557.784
20251130B08,システム約定結果,応札件数（電源属地別）[件],8,4,28,10,1,8,7,6,10,82
20251130B08,システム約定結果,落札件数（電源属地別）[件],3,4,25,10,1,8,5,4,9,69
20251130B08,システム約定結果,最高落札価格（電源属地別）[円/kW・30分],15.36,19.51,19.51,19.51,1.46,19.49,19.49,5.23,19.51,19.51
20251130B08,システム約定結果,最低落札価格（電源属地別）[円/kW・30分],11,4.13,0.36,2.73,1.46,0.36,0.36,0.36,0.38,0.36
20251130B08,システム約定結果,平均落札価格（電源属地別）[円/kW・30分],12.73,5.42,3.79,3.48,1.46,3.99,1.58,1.8,1.93,3.66
20251130B08,システム約定結果,最高落札価格（TSO別）[円/kW・30分],15.36,19.51,19.51,19.51,1.46,19.49,19.49,5.23,19.51,19.51
20251130B08,システム約定結果,最低落札価格（TSO別）[円/kW・30分],11,4.13,0.36,2.73,1.46,0.36,0.36,0.36,0.36,0.36
20251130B08,システム約定結果,平均落札価格（TSO別）[円/kW・30分],12.73,5.42,3.79,3.63,1.46,3.52,1.55,2.01,2.5,3.66
20251130B08,システム約定結果,落札量合計（TSO別）[MW],44.75,274.919,459.477,775.62,83,475.83,134.27,88,221.918,2557.784
20251130B08,システム約定結果,（内訳）自エリアからの落札量[MW],44.75,274.919,459.477,775.62,83,360.215,133.086,60,153.918,2344.985
20251130B08,追加調達結果,募集量（TSO別）[MW],-,-,-,-,-,-,-,-,-,-
20251130B08,追加調達結果,応札量合計（電源属地別）[MW],0,0,0,0,0,0,0,0,0,0
20251130B08,追加調達結果,約定量合計（電源属地別）[MW],0,0,0,0,0,0,0,0,0,0
20251130B08,追加調達結果,応札件数（電源属地別）[件],0,0,0,0,0,0,0,0,0,0
20251130B08,追加調達結果,約定件数（電源属地別）[件],0,0,0,0,0,0,0,0,0,0
20251130B08,追加調達結果,最高約定価格（電源属地別）[円/kW・30分],0,0,0,0,0,0,0,0,0,0
20251130B08,追加調達結果,最低約定価格（電源属地別）[円/kW・30分],0,0,0,0,0,0,0,0,0,0
20251130B08,追加調達結果,平均約定価格（電源属地別）[円/kW・30分],0,0,0,0,0,0,0,0,0,0
20251130B08,追加調達結果,最高約定価格（TSO別）[円/kW・30分],0,0,0,0,0,0,0,0,0,0
20251130B08,追加調達結果,最低約定価格（TSO別）[円/kW・30分],0,0,0,0,0,0,0,0,0,0
20251130B08,追加調達結果,平均約定価格（TSO別）[円/kW・30分],0,0,0,0,0,0,0,0,0,0
20251130B08,追加調達結果,約定量合計（TSO別）[MW],0,0,0,0,0,0,0,0,0,0
20251130B08,追加調達結果,（内訳）自エリアからの約定量[MW],0,0,0,0,0,0,0,0,0,0
20251130B08,合計（確報値）,募集量（TSO別）[MW],39,138,408,230,105,462,197,88,298,1965
20251130B08,合計（確報値）,応札量合計（電源属地別）[MW],523.59,274.919,1197.961,2093.882,210,877.515,400.059,169,546.918,6293.844
20251130B08,合計（確報値）,約定量合計（電源属地別）[MW],44.75,274.919,459.477,930.3,105,380.515,145.106,63.799,153.918,2557.784
20251130B08,合計（確報値）,応札件数（電源属地別）[件],10,4,28,48,7,8,7,6,10,128
20251130B08,合計（確報値）,約定件数（電源属地別）[件],4,4,25,36,6,8,5,4,9,101
20251130B08,合計（確報値）,最高約定価格（電源属地別）[円/kW・30分],15.36,19.51,19.51,19.51,0.83,19.49,19.49,5.23,19.51,19.51
20251130B08,合計（確報値）,最低約定価格（電源属地別）[円/kW・30分],11,4.13,0.36,0.36,0.35,0.36,0.36,0.36,0.38,0.35
20251130B08,合計（確報値）,平均約定価格（電源属地別）[円/kW・30分],12.73,5.42,3.79,0.52,0.62,3.99,1.58,1.8,1.93,2.55
20251130B08,合計（確報値）,最高約定価格（TSO別）[円/kW・30分],15.36,19.51,19.51,19.51,0.83,19.49,19.49,5.23,19.51,19.51
20251130B08,合計（確報値）,最低約定価格（TSO別）[円/kW・30分],11,4.13,0.36,0.36,0.35,0.36,0.36,0.36,0.35,0.35
20251130B08,合計（確報値）,平均約定価格（TSO別）[円/kW・30分],12.73,5.42,3.79,0.55,0.69,2.96,1.55,1.26,2.24,2.55
20251130B08,合計（確報値）,約定量合計（TSO別）[MW],44.75,274.919,459.477,775.62,83,475.83,134.27,88,221.918,2557.784
20251130B08,合計（確報値）,（内訳）自エリアからの約定量[MW],44.75,274.919,459.477,775.62,83,360.215,133.086,60,153.918,2344.985
E
