H,電力需給調整力取引所取引結果,対象年月,商品区分,ブロック数
P,速報値,202603,三次調整力1,8
TT,取引情報,北海道,東北,東京,中部,北陸,関西,中国,四国,九州,合計
20260301B01,募集量（TSO別）[MW],0,210,0,0,94,74,108,82,165,733
20260301B01,応札量合計（電源属地別）[MW],266,570,386.996,490.3,105,845,547.821,91,547,3849.117
20260301B01,落札量合計（電源属地別）[MW],0,210,44.163,327.894,105,196.722,235.679,82,87,1288.458
20260301B01,応札件数（電源属地別）[件],3,3,5,7,1,4,7,3,6,39
20260301B01,落札件数（電源属地別）[件],0,3,3,3,1,4,5,3,4,26
20260301B01,最高落札価格（電源属地別）[円/kW・30分],0,3.43,1.2,2.11,1.43,0.82,1.18,7.27,1.44,7.27
20260301B01,最低落札価格（電源属地別）[円/kW・30分],0,2.2,0.89,1.67,1.43,0.36,0.36,0.36,0.36,0.36
20260301B01,平均落札価格（電源属地別）[円/kW・30分],0,2.68,1.06,1.86,1.43,0.54,1,1.68,0.99,1.5
20260301B01,最高落札価格（TSO別）[円/kW・30分],0,3.43,1.2,2.11,1.43,0.82,1.18,7.27,1.44,7.27
20260301B01,最低落札価格（TSO別）[円/kW・30分],0,2.2,0.89,1.67,1.43,0.36,0.36,0.36,0.36,0.36
20260301B01,平均落札価格（TSO別）[円/kW・30分],0,2.68,1.06,1.86,1.43,0.54,0.94,1.68,1.05,1.5
20260301B01,落札量合計（TSO別）[MW],0,210,44.163,327.894,105,196.722,157.679,82,165,1288.458
20260301B01,（内訳）自エリアからの落札量[MW],0,210,44.163,327.894,105,196.722,157.679,82,87,1210.458
20260301B02,募集量（TSO別）[MW],0,262,0,0,87,231,104,84,257,1025
20260301B02,応札量合計（電源属地別）[MW],287.7,570,385.396,358.3,101,845,547.821,92,600,3787.217
20260301B02,落札量合計（電源属地別）[MW],15,202,129,311.97,101,196.722,208.05,91,170,1424.742
20260301B02,応札件数（電源属地別）[件],5,3,6,3,1,4,7,5,8,42
20260301B02,落札件数（電源属地別）[件],1,3,5,2,1,4,5,5,6,32
20260301B02,最高落札価格（電源属地別）[円/kW・30分],3.82,3.5,1.13,4.56,1.43,0.81,1.37,7.94,1.6,7.94
20260301B02,最低落札価格（電源属地別）[円/kW・30分],3.82,2.48,0.35,2.68,1.43,0.36,0.36,0.36,0.36,0.35
20260301B02,平均落札価格（電源属地別）[円/kW・30分],3.82,2.85,0.66,3.01,1.43,0.54,1.14,2.32,0.94,1.76
20260301B02,最高落札価格（TSO別）[円/kW・30分],3.82,3.5,1.13,4.56,1.43,4.56,1.37,7.94,2.68,7.94
20260301B02,最低落札価格（TSO別）[円/kW・30分],3.82,0.35,0.81,2.68,1.43,0.36,0.36,0.36,0.36,0.35
20260301B02,平均落札価格（TSO別）[円/kW・30分],3.82,2.28,0.93,3.21,1.43,1.01,1.14,2.32,1.51,1.76
20260301B02,落札量合計（TSO別）[MW],15,262,69,180.02,87,259.722,204,91,257,1424.742
20260301B02,（内訳）自エリアからの落札量[MW],15,202,69,180.02,87,196.722,204,91,170,1214.742
20260301B03,募集量（TSO別）[MW],0,116,0,0,131,327,249,144,305,1272
20260301B03,応札量合計（電源属地別）[MW],270.99,640,1134.397,0,164,845,547.821,84,647,4333.208
20260301B03,落札量合計（電源属地別）[MW],35.99,287.056,236,0,164,441.322,285.4,84,312,1845.768
20260301B03,応札件数（電源属地別）[件],5,3,10,0,2,4,7,3,6,40
20260301B03,落札件数（電源属地別）[件],3,3,2,0,2,4,5,3,3,25
20260301B03,最高落札価格（電源属地別）[円/kW・30分],10,3.53,4.32,0,1.17,0.62,0.76,7.9,0.36,10
20260301B03,最低落札価格（電源属地別）[円/kW・30分],4.92,1.74,3.2,0,1.16,0.36,0.36,0.36,0.36,0.36
20260301B03,平均落札価格（電源属地別）[円/kW・30分],5.61,2.4,3.76,0,1.17,0.41,0.58,2.47,0.36,1.43
20260301B03,最高落札価格（TSO別）[円/kW・30分],10,3.53,4.32,0,1.17,0.62,0.76,7.9,1.17,10
20260301B03,最低落札価格（TSO別）[円/kW・30分],4.92,1.74,3.2,0,1.16,0.36,0.36,0.36,0.36,0.36
20260301B03,平均落札価格（TSO別）[円/kW・30分],5.61,2.4,3.76,0,1.17,0.42,0.55,2.47,0.43,1.43
20260301B03,落札量合計（TSO別）[MW],35.99,287.056,236,0,131,351.722,341,84,379,1845.768
20260301B03,（内訳）自エリアからの落札量[MW],35.99,287.056,236,0,131,351.722,254.894,84,312,1692.662
20260301B04,募集量（TSO別）[MW],93,106,375,0,264,565,543,247,293,2486
20260301B04,応札量合計（電源属地別）[MW],347.8,640,1323.811,0,268,620,333.231,160,814,4506.842
20260301B04,落札量合計（電源属地別）[MW],26,280,397,0,268,620,333.231,160,342,2426.231
20260301B04,応札件数（電源属地別）[件],5,3,9,0,2,4,5,3,6,37
20260301B04,落札件数（電源属地別）[件],2,3,5,0,2,4,5,3,5,29
20260301B04,最高落札価格（電源属地別）[円/kW・30分],5.47,5.56,0.36,0,0.35,19.51,0.36,14.54,0.36,19.51
20260301B04,最低落札価格（電源属地別）[円/kW・30分],4.07,2.78,0.35,0,0.35,0.36,0.36,0.36,0.36,0.35
20260301B04,平均落札価格（電源属地別）[円/kW・30分],4.61,3.83,0.36,0,0.35,0.55,0.36,2.54,0.36,1
20260301B04,最高落札価格（TSO別）[円/kW・30分],5.56,5.56,0.36,0,0.35,19.51,0.36,14.54,0.36,19.51
20260301B04,最低落札価格（TSO別）[円/kW・30分],0.35,0.36,0.35,0,0.35,0.35,0.36,0.36,0.36,0.35
20260301B04,平均落札価格（TSO別）[円/kW・30分],3.52,3.73,0.36,0,0.35,0.56,0.36,2.54,0.36,1
20260301B04,落札量合計（TSO別）[MW],108,220,375,0,264,565,392.231,160,342,2426.231
20260301B04,（内訳）自エリアからの落札量[MW],26,211,375,0,264,561,333.231,160,342,2272.231
20260301B05,募集量（TSO別）[MW],0,129,549,0,240,424,269,214,329,2154
20260301B05,応札量合計（電源属地別）[MW],458.89,640,76.4,0,249,845,333.231,124,814,3540.521
20260301B05,落札量合計（電源属地別）[MW],9,318,76.4,0,249,411.722,312.286,124,336,1836.408
20260301B05,応札件数（電源属地別）[件],6,3,1,0,2,4,5,3,6,30
20260301B05,落札件数（電源属地別）[件],1,3,1,0,2,4,5,3,5,24
20260301B05,最高落札価格（電源属地別）[円/kW・30分],5.51,6.62,7.21,0,0.35,0.36,0.36,16.93,0.36,16.93
20260301B05,最低落札価格（電源属地別）[円/kW・30分],5.51,3.34,7.21,0,0.35,0.36,0.36,0.36,0.36,0.35
20260301B05,平均落札価格（電源属地別）[円/kW・30分],5.51,4.74,7.21,0,0.35,0.36,0.36,3.51,0.36,1.64
20260301B05,最高落札価格（TSO別）[円/kW・30分],5.51,6.62,7.21,0,0.35,0.36,0.36,16.93,0.36,16.93
20260301B05,最低落札価格（TSO別）[円/kW・30分],5.51,3.34,7.21,0,0.35,0.35,0.36,0.36,0.36,0.35
20260301B05,平均落札価格（TSO別）[円/kW・30分],5.51,4.74,7.21,0,0.35,0.36,0.36,3.51,0.36,1.64
20260301B05,落札量合計（TSO別）[MW],9,318,76.4,0,240,424,309.008,124,336,1836.408
20260301B05,（内訳）自エリアからの落札量[MW],9,318,76.4,0,240,411.722,309.008,124,336,1824.13
20260301B06,募集量（TSO別）[MW],0,389,223,0,202,518,165,219,302,2018
20260301B06,応札量合計（電源属地別）[MW],269,640,1394.802,0,210,845,547.821,135,539,4580.623
20260301B06,落札量合計（電源属地別）[MW],10,280,359,0,210,610.796,313.029,135,268,2185.825
20260301B06,応札件数（電源属地別）[件],4,3,10,0,2,4,7,3,6,39
20260301B06,落札件数（電源属地別）[件],1,3,4,0,2,4,5,3,4,26
20260301B06,最高落札価格（電源属地別）[円/kW・30分],5.35,3.65,4.32,0,0.35,0.36,0.64,8.64,0.6,8.64
20260301B06,最低落札価格（電源属地別）[円/kW・30分],5.35,1.79,0.36,0,0.35,0.36,0.36,0.36,0.36,0.35
20260301B06,平均落札価格（電源属地別）[円/kW・30分],5.35,2.47,2.75,0,0.35,0.36,0.52,2.19,0.46,1.19
20260301B06,最高落札価格（TSO別）[円/kW・30分],5.35,3.65,4.32,0,0.35,0.64,0.64,8.64,0.6,8.64
20260301B06,最低落札価格（TSO別）[円/kW・30分],5.35,0.36,3.2,0,0.35,0.36,0.36,0.36,0.35,0.35
20260301B06,平均落札価格（TSO別）[円/kW・30分],5.35,1.88,3.79,0,0.35,0.38,0.51,2.19,0.42,1.19
20260301B06,落札量合計（TSO別）[MW],10,389,250,0,202,518,263.825,135,418,2185.825
20260301B06,（内訳）自エリアからの落札量[MW],10,280,250,0,202,473.196,236.939,135,268,1855.135
20260301B07,募集量（TSO別）[MW],0,228,122,0,111,399,165,121,305,1451
20260301B07,応札量合計（電源属地別）[MW],266,380,1533.247,1929.582,120,845,547.821,124,532.97,6278.62
20260301B07,落札量合計（電源属地別）[MW],0,140,456.587,403.475,120,196.722,231.426,121,227.377,1896.587
20260301B07,応札件数（電源属地別）[件],3,2,16,13,1,4,7,4,9,59
20260301B07,落札件数（電源属地別）[件],0,2,7,6,1,4,5,4,7,36
20260301B07,最高落札価格（電源属地別）[円/kW・30分],0,2.59,9.04,4.08,0.98,0.7,1.94,7.4,1.72,9.04
20260301B07,最低落札価格（電源属地別）[円/kW・30分],0,1.8,1,1.98,0.98,0.36,0.36,0.36,0.36,0.36
20260301B07,平均落札価格（電源属地別）[円/kW・30分],0,2.2,3.85,3.26,0.98,0.49,1.6,1.59,1.08,2.32
20260301B07,最高落札価格（TSO別）[円/kW・30分],0,9.04,9.04,4.08,0.98,4.08,3.39,7.4,3.53,9.04
20260301B07,最低落札価格（TSO別）[円/kW・30分],0,1.8,1,2.76,0.98,0.36,0.36,0.36,0.36,0.36
20260301B07,平均落札価格（TSO別）[円/kW・30分],0,3.87,3.21,3.62,0.98,1.81,1.69,1.59,1.71,2.32
20260301B07,落札量合計（TSO別）[MW],0,228,368.587,93,111,399,233,121,343,1896.587
20260301B07,（内訳）自エリアからの落札量[MW],0,140,368.587,93,111,196.722,219.02,121,227.377,1476.706
20260301B08,募集量（TSO別）[MW],0,0,0,0,98,260,165,107,262,892
20260301B08,応札量合計（電源属地別）[MW],269,380,317.301,1235.26,118,845,404.211,113,433,4114.772
20260301B08,落札量合計（電源属地別）[MW],3,140,166.001,568.704,118,261.399,166.306,107,220.516,1750.926
20260301B08,応札件数（電源属地別）[件],4,2,4,16,1,4,6,5,7,49
20260301B08,落札件数（電源属地別）[件],1,2,2,8,1,4,4,5,6,33
20260301B08,最高落札価格（電源属地別）[円/kW・30分],7,2.98,1.81,3.11,0.95,0.67,1.36,7.3,1.29,7.3
20260301B08,最低落札価格（電源属地別）[円/kW・30分],7,2.12,1,2.04,0.95,0.36,0.36,0.36,0.36,0.36
20260301B08,平均落札価格（電源属地別）[円/kW・30分],7,2.55,1.05,2.74,0.95,0.45,0.95,1.39,0.67,1.6
20260301B08,最高落札価格（TSO別）[円/kW・30分],7,2.98,1.81,3.11,0.95,0.95,2.32,7.3,2.32,7.3
20260301B08,最低落札価格（TSO別）[円/kW・30分],7,2.12,1,2.32,0.95,0.36,0.36,0.36,0.36,0.36
20260301B08,平均落札価格（TSO別）[円/kW・30分],7,2.55,1.05,2.76,0.95,0.46,1,1.39,0.76,1.6
20260301B08,落札量合計（TSO別）[MW],3,140,166.001,549.925,98,260,165,107,262,1750.926
20260301B08,（内訳）自エリアからの落札量[MW],3,140,166.001,549.925,98,251.677,156.392,107,220.516,1692.511
20260302B01,募集量（TSO別）[MW],0,210,0,0,94,74,108,82,165,733
20260302B01,応札量合計（電源属地別）[MW],266,380,191.648,858.3,105,845,404.211,91,433,3574.159
20260302B01,落札量合計（電源属地別）[MW],0,140,75.269,530.407,105,196.722,141.306,91,117.842,1397.546
20260302B01,応札件数（電源属地別）[件],3,2,3,14,1,4,6,5,7,45
20260302B01,落札件数（電源属地別）[件],0,2,3,8,1,4,4,5,5,32
20260302B01,最高落札価格（電源属地別）[円/kW・30分],0,2.36,1.7,3.39,1.34,1.45,1.25,7.21,2,7.21
20260302B01,最低落札価格（電源属地別）[円/kW・30分],0,2.31,0.35,1.51,1.34,0.48,0.36,0.36,0.36,0.35
20260302B01,平均落札価格（電源属地別）[円/kW・30分],0,2.34,0.92,2.35,1.34,0.9,0.98,1.49,1.51,1.73
20260302B01,最高落札価格（TSO別）[円/kW・30分],0,2.36,1.7,3.39,1.34,1.45,1.45,7.21,2,7.21
20260302B01,最低落札価格（TSO別）[円/kW・30分],0,0.35,1.7,1.51,1.34,0.48,0.36,0.36,0.36,0.35
20260302B01,平均落札価格（TSO別）[円/kW・30分],0,1.84,1.7,2.35,1.34,0.86,0.92,1.49,1.43,1.73
20260302B01,落札量合計（TSO別）[MW],0,210,5.269,530.407,105,182.87,108,91,165,1397.546
20260302B01,（内訳）自エリアからの落札量[MW],0,140,5.269,530.407,105,182.87,94.148,91,117.842,1266.536
20260302B02,募集量（TSO別）[MW],0,262,0,0,87,231,104,84,257,1025
20260302B02,応札量合計（電源属地別）[MW],288.45,380,198.502,1005,101,845,404.211,92,433,3747.163
20260302B02,落札量合計（電源属地別）[MW],15,143.991,155.202,566.71,101,196.722,163.306,90,170,1601.931
20260302B02,応札件数（電源属地別）[件],5,2,3,13,1,4,6,4,7,45
20260302B02,落札件数（電源属地別）[件],1,2,3,7,1,4,4,4,5,31
20260302B02,最高落札価格（電源属地別）[円/kW・30分],3.82,2.19,1.58,2.82,1.46,1.58,1.56,7.15,2.1,7.15
20260302B02,最低落札価格（電源属地別）[円/kW・30分],3.82,2.14,0.35,1.49,1.46,0.62,0.36,0.36,0.36,0.35
20260302B02,平均落札価格（電源属地別）[円/kW・30分],3.82,2.16,0.66,2.21,1.46,1.04,1.08,1.5,1.23,1.62
20260302B02,最高落札価格（TSO別）[円/kW・30分],3.82,2.19,1.58,2.82,1.46,2.29,1.56,7.15,2.29,7.15
20260302B02,最低落札価格（TSO別）[円/kW・30分],3.82,0.35,1.58,1.49,1.46,0.62,0.36,0.36,0.36,0.35
20260302B02,平均落札価格（TSO別）[円/kW・30分],3.82,1.36,1.58,2.28,1.46,1.28,1.07,1.5,1.44,1.62
20260302B02,落札量合計（TSO別）[MW],15,262,37.193,434.73,87,259.722,159.286,90,257,1601.931
20260302B02,（内訳）自エリアからの落札量[MW],15,143.991,37.193,434.73,87,196.722,159.286,90,170,1333.922
20260302B03,募集量（TSO別）[MW],0,116,0,0,131,327,249,144,305,1272
20260302B03,応札量合計（電源属地別）[MW],271.74,432,1038.753,443,165.994,936,404.211,84,688.93,4464.628
20260302B03,落札量合計（電源属地別）[MW],31,210,236,394.738,164,437.686,215.28,84,260,2032.704
20260302B03,応札件数（電源属地別）[件],5,2,8,4,3,5,6,3,8,44
20260302B03,落札件数（電源属地別）[件],1,2,2,4,2,5,4,3,5,28
20260302B03,最高落札価格（電源属地別）[円/kW・30分],4.6,1.56,4.32,3.54,2.38,7.13,1.98,7.47,2.77,7.47
20260302B03,最低落札価格（電源属地別）[円/kW・30分],4.6,1.19,3.2,2.51,2.37,1.55,0.36,0.36,0.69,0.36
20260302B03,平均落札価格（電源属地別）[円/kW・30分],4.6,1.31,3.76,3.12,2.38,2.62,1.1,1.94,1.53,2.4
20260302B03,最高落札価格（TSO別）[円/kW・30分],4.6,1.56,4.32,3.54,2.38,7.13,3.54,7.47,3.25,7.47
20260302B03,最低落札価格（TSO別）[円/kW・30分],4.6,1.19,3.2,2.51,2.37,1.55,0.36,0.36,0.69,0.36
20260302B03,平均落札価格（TSO別）[円/kW・30分],4.6,1.31,3.76,3.12,2.38,2.66,1.67,1.94,2.02,2.4
20260302B03,落札量合計（TSO別）[MW],31,210,236,193.696,131,420.722,291.286,84,435,2032.704
20260302B03,（内訳）自エリアからの落札量[MW],31,210,236,193.696,131,420.009,215.27,84,260,1780.975
20260302B04,募集量（TSO別）[MW],93,106,375,0,264,565,543,247,293,2486
20260302B04,応札量合計（電源属地別）[MW],287.55,450,1117.606,0,268,851,374.511,155,667,4170.667
20260302B04,落札量合計（電源属地別）[MW],93,229,376,0,268,748.226,355.774,155,318,2543
20260302B04,応札件数（電源属地別）[件],5,2,8,0,2,5,5,3,6,36
20260302B04,落札件数（電源属地別）[件],2,2,4,0,2,4,5,3,5,27
20260302B04,最高落札価格（電源属地別）[円/kW・30分],5.3,2.33,1,0,1.1,1.31,1.58,7.25,0.57,7.25
20260302B04,最低落札価格（電源属地別）[円/kW・30分],4.07,1.58,0.35,0,1.09,0.36,0.36,0.36,0.36,0.35
20260302B04,平均落札価格（電源属地別）[円/kW・30分],5.06,1.87,0.62,0,1.1,0.68,1.16,1.04,0.44,1.04
20260302B04,最高落札価格（TSO別）[円/kW・30分],5.3,2.33,1,0,1.1,1.31,1.58,7.25,0.57,7.25
20260302B04,最低落札価格（TSO別）[円/kW・30分],4.07,1.58,0.35,0,1.09,0.36,0.36,0.36,0.36,0.35
20260302B04,平均落札価格（TSO別）[円/kW・30分],5.06,1.87,0.62,0,1.1,0.7,0.96,1.04,0.44,1.04
20260302B04,落札量合計（TSO別）[MW],93,229,376,0,264,565,543,155,318,2543
20260302B04,（内訳）自エリアからの落札量[MW],93,229,376,0,264,561,355.774,155,318,2351.774
20260302B05,募集量（TSO別）[MW],0,129,549,0,240,424,269,214,329,2154
20260302B05,応札量合計（電源属地別）[MW],271.64,450,169.923,0,249,845,360.588,130,668.05,3144.201
20260302B05,落札量合計（電源属地別）[MW],12.99,229,169.923,0,249,453.816,243.192,130,336,1823.921
20260302B05,応札件数（電源属地別）[件],6,2,4,0,2,4,5,2,7,32
20260302B05,落札件数（電源属地別）[件],3,2,4,0,2,4,4,2,5,26
20260302B05,最高落札価格（電源属地別）[円/kW・30分],6.5,2.42,7.21,0,0.35,0.48,0.92,0.64,0.36,7.21
20260302B05,最低落札価格（電源属地別）[円/kW・30分],4.49,1.65,7.21,0,0.35,0.36,0.36,0.36,0.36,0.35
20260302B05,平均落札価格（電源属地別）[円/kW・30分],5.13,1.95,7.21,0,0.35,0.38,0.68,0.39,0.36,1.28
20260302B05,最高落札価格（TSO別）[円/kW・30分],6.5,2.42,7.21,0,0.92,0.92,0.92,0.64,0.36,7.21
20260302B05,最低落札価格（TSO別）[円/kW・30分],4.49,1.65,7.21,0,0.35,0.35,0.36,0.36,0.36,0.35
20260302B05,平均落札価格（TSO別）[円/kW・30分],5.13,1.95,7.21,0,0.41,0.39,0.58,0.39,0.36,1.28
20260302B05,落札量合計（TSO別）[MW],12.99,229,169.923,0,240,424,282.008,130,336,1823.921
20260302B05,（内訳）自エリアからの落札量[MW],12.99,229,169.923,0,213,384.722,212.914,130,336,1688.549
20260302B06,募集量（TSO別）[MW],0,389,223,0,202,518,165,219,302,2018
20260302B06,応札量合計（電源属地別）[MW],269,489,1704.6,960.702,210,845,360.588,135,696.97,5670.86
20260302B06,落札量合計（電源属地別）[MW],16,389,250,522.113,146,328.582,171.657,135,203,2161.352
20260302B06,応札件数（電源属地別）[件],4,3,10,3,2,4,5,2,7,40
20260302B06,落札件数（電源属地別）[件],1,3,2,2,2,4,3,2,4,23
20260302B06,最高落札価格（電源属地別）[円/kW・30分],4.27,2.67,4.32,2.48,1.44,1.62,2.1,7.2,1.49,7.2
20260302B06,最低落札価格（電源属地別）[円/kW・30分],4.27,0.36,3.2,0.61,1.43,0.66,0.4,0.36,0.48,0.36
20260302B06,平均落札価格（電源属地別）[円/kW・30分],4.27,1.97,3.79,1.59,1.44,0.87,1.38,1.12,0.73,1.69
20260302B06,最高落札価格（TSO別）[円/kW・30分],4.27,2.67,4.32,2.48,1.44,2.48,2.1,7.2,1.49,7.2
20260302B06,最低落札価格（TSO別）[円/kW・30分],4.27,0.36,3.2,2.48,0.61,0.43,0.4,0.36,0.48,0.36
20260302B06,平均落札価格（TSO別）[円/kW・30分],4.27,1.97,3.79,2.48,1.21,1.63,1.02,1.12,0.68,1.69
20260302B06,落札量合計（TSO別）[MW],16,389,250,68.352,202,518,165,135,418,2161.352
20260302B06,（内訳）自エリアからの落札量[MW],16,389,250,68.352,146,252.897,117.371,135,203,1577.62
20260302B07,募集量（TSO別）[MW],0,228,122,0,111,399,165,121,305,1451
20260302B07,応札量合計（電源属地別）[MW],266,250,2304.671,726.288,120,918.9,788.803,124,474,5972.662
20260302B07,落札量合計（電源属地別）[MW],0,70,705.101,466.277,120,265.722,219.03,121,173,2140.13
20260302B07,応札件数（電源属地別）[件],3,1,13,3,1,5,11,4,7,48
20260302B07,落札件数（電源属地別）[件],0,1,5,2,1,5,9,4,5,32
20260302B07,最高落札価格（電源属地別）[円/kW・30分],0,2.9,7.8,6.7,2.33,4.76,2.67,7.33,3.02,7.8
20260302B07,最低落札価格（電源属地別）[円/kW・30分],0,2.9,1,1.91,2.33,1.78,0.54,0.36,0.74,0.36
20260302B07,平均落札価格（電源属地別）[円/kW・30分],0,2.9,4.59,3.54,2.33,2.86,1.7,1.52,2.26,3.31
20260302B07,最高落札価格（TSO別）[円/kW・30分],0,7.8,7.8,6.7,2.33,6.7,2.67,7.33,6.7,7.8
20260302B07,最低落札価格（TSO別）[円/kW・30分],0,2.9,1,1.91,2.33,1.78,0.54,0.36,0.64,0.36
20260302B07,平均落札価格（TSO別）[円/kW・30分],0,5.29,4.08,3.75,2.33,3.28,1.73,1.52,2.52,3.31
20260302B07,落札量合計（TSO別）[MW],0,228,547.101,166.307,111,419.722,233,121,314,2140.13
20260302B07,（内訳）自エリアからの落札量[MW],0,70,547.101,166.307,111,265.722,219,121,173,1673.13
20260302B08,募集量（TSO別）[MW],0,0,0,0,98,260,165,107,262,892
20260302B08,応札量合計（電源属地別）[MW],269.75,440,365.136,484.882,118,845,788.803,113,400,3824.571
20260302B08,落札量合計（電源属地別）[MW],3,140,213.836,409.277,118,196.722,245.09,107,183,1615.925
20260302B08,応札件数（電源属地別）[件],4,2,6,3,1,4,11,5,6,42
20260302B08,落札件数（電源属地別）[件],1,2,4,2,1,4,9,5,5,33
20260302B08,最高落札価格（電源属地別）[円/kW・30分],7,3.44,7.01,5.98,1.85,2.1,1.75,7.37,2.45,7.37
20260302B08,最低落札価格（電源属地別）[円/kW・30分],7,1.83,1,1.98,1.85,1.14,0.36,0.36,0.42,0.36
20260302B08,平均落札価格（電源属地別）[円/kW・30分],7,2.64,1.87,3.31,1.85,1.56,1.19,1.74,1.1,2.07
20260302B08,最高落札価格（TSO別）[円/kW・30分],7,3.44,7.01,5.98,1.85,2.1,1.98,7.37,2.45,7.37
20260302B08,最低落札価格（TSO別）[円/kW・30分],7,1.83,1,1.98,1.85,1.14,0.36,0.36,0.42,0.36
20260302B08,平均落札価格（TSO別）[円/kW・30分],7,2.64,1.87,3.82,1.85,1.66,1.17,1.74,1.34,2.07
20260302B08,落札量合計（TSO別）[MW],3,140,213.836,295.367,98,269.722,227,107,262,1615.925
20260302B08,（内訳）自エリアからの落札量[MW],3,140,213.836,295.367,98,196.722,220.09,107,183,1457.015
20260303B01,募集量（TSO別）[MW],0,210,0,0,94,74,108,82,165,733
20260303B01,応札量合計（電源属地別）[MW],266,440,112.834,568,105,845,701.557,91,400,3529.391
20260303B01,落札量合計（電源属地別）[MW],0,140,73.014,482.673,105,196.722,267.433,82,87,1433.842
20260303B01,応札件数（電源属地別）[件],3,2,3,5,1,4,9,5,6,38
20260303B01,落札件数（電源属地別）[件],0,2,3,5,1,4,7,5,4,31
20260303B01,最高落札価格（電源属地別）[円/kW・30分],0,3.88,1.05,2.94,1.34,1.45,1.59,6.63,2,6.63
20260303B01,最低落札価格（電源属地別）[円/kW・30分],0,2.16,0.35,2.39,1.34,0.48,0.36,0.36,0.36,0.35
20260303B01,平均落札価格（電源属地別）[円/kW・30分],0,3.02,0.67,2.77,1.34,0.9,1.22,0.94,1.42,1.85
20260303B01,最高落札価格（TSO別）[円/kW・30分],0,3.88,1.05,2.94,1.34,1.45,1.59,6.63,2,6.63
20260303B01,最低落札価格（TSO別）[円/kW・30分],0,0.35,1.05,2.39,1.34,0.48,0.36,0.36,0.36,0.35
20260303B01,平均落札価格（TSO別）[円/kW・30分],0,2.23,1.05,2.77,1.34,0.9,1.09,0.94,1.48,1.85
20260303B01,落札量合計（TSO別）[MW],0,210,3.014,482.673,105,196.722,189.433,82,165,1433.842
20260303B01,（内訳）自エリアからの落札量[MW],0,140,3.014,482.673,105,196.722,189.433,82,87,1285.842
20260303B02,募集量（TSO別）[MW],0,32,0,0,87,231,104,84,257,795
20260303B02,応札量合計（電源属地別）[MW],288.45,250,151.3,575.3,101,845,701.557,92,433,3437.607
20260303B02,落札量合計（電源属地別）[MW],8,70,0,191.87,101,196.722,208.07,90,170,1035.662
20260303B02,応札件数（電源属地別）[件],5,1,2,6,1,4,9,4,7,39
20260303B02,落札件数（電源属地別）[件],1,1,0,2,1,4,7,4,5,25
20260303B02,最高落札価格（電源属地別）[円/kW・30分],3.82,3.78,0,2.88,1.46,1.58,1.88,6.56,2.1,6.56
20260303B02,最低落札価格（電源属地別）[円/kW・30分],3.82,3.78,0,2.46,1.46,0.62,0.36,0.36,0.36,0.36
20260303B02,平均落札価格（電源属地別）[円/kW・30分],3.82,3.78,0,2.67,1.46,1.04,1.35,1.52,1.23,1.72
20260303B02,最高落札価格（TSO別）[円/kW・30分],3.82,3.78,0,2.88,1.46,2.88,1.88,6.56,2.88,6.56
20260303B02,最低落札価格（TSO別）[円/kW・30分],3.82,3.78,0,2.46,1.46,0.62,0.36,0.36,0.36,0.36
20260303B02,平均落札価格（TSO別）[円/kW・30分],3.82,3.78,0,2.76,1.46,1.41,1.33,1.52,1.65,1.72
20260303B02,落札量合計（TSO別）[MW],8,70,0,59.94,87,259.722,204,90,257,1035.662
20260303B02,（内訳）自エリアからの落札量[MW],8,70,0,59.94,87,196.722,204,90,170,885.662
20260303B03,募集量（TSO別）[MW],0,116,0,0,131,327,249,144,305,1272
20260303B03,応札量合計（電源属地別）[MW],271.74,250,1197.841,224,165.994,929.7,788.803,84,698.9,4610.978
20260303B03,落札量合計（電源属地別）[MW],32,70,302,209.87,131,379.418,454.28,84,260,1922.568
20260303B03,応札件数（電源属地別）[件],5,1,12,2,3,5,11,3,8,50
20260303B03,落札件数（電源属地別）[件],2,1,6,2,2,5,9,3,5,35
20260303B03,最高落札価格（電源属地別）[円/kW・30分],5,3.06,4.32,3.47,2.38,4.46,2.36,7.41,2.77,7.41
20260303B03,最低落札価格（電源属地別）[円/kW・30分],3.82,3.06,0.36,3.17,2.37,1.55,0.41,0.36,0.69,0.36
20260303B03,平均落札価格（電源属地別）[円/kW・30分],3.86,3.06,2.88,3.33,2.38,2.29,0.92,1.88,1.53,2.11
20260303B03,最高落札価格（TSO別）[円/kW・30分],5,3.06,4.32,3.47,2.38,4.46,2.36,7.41,3.47,7.41
20260303B03,最低落札価格（TSO別）[円/kW・30分],3.82,0.36,1.99,3.17,2.37,1.55,0.41,0.36,0.41,0.36
20260303B03,平均落札価格（TSO別）[円/kW・30分],3.86,1.75,3.58,3.34,2.38,2.41,1.08,1.88,1.49,2.11
20260303B03,落札量合計（TSO別）[MW],32,136,236,106.846,131,420.722,341,84,435,1922.568
20260303B03,（内訳）自エリアからの落札量[MW],32,70,236,106.846,131,379.418,341,84,260,1640.264
20260303B04,募集量（TSO別）[MW],290,336,375,0,264,565,543,247,293,2913
20260303B04,応札量合計（電源属地別）[MW],287.55,510,1608.836,0,268,851,437.456,155,667,4784.842
20260303B04,落札量合計（電源属地別）[MW],162.556,210,657.444,0,268,748.226,355.774,155,318,2875
20260303B04,応札件数（電源属地別）[件],5,2,11,0,2,5,6,3,6,40
20260303B04,落札件数（電源属地別）[件],3,2,6,0,2,4,5,3,5,30
20260303B04,最高落札価格（電源属地別）[円/kW・30分],9.47,3.49,1,0,1.1,1.31,2.39,7.18,0.57,9.47
20260303B04,最低落札価格（電源属地別）[円/kW・30分],5.22,1.31,0.35,0,1.09,0.36,0.46,0.36,0.36,0.35
20260303B04,平均落札価格（電源属地別）[円/kW・30分],6.56,2.04,0.51,0,1.1,0.69,1.53,1.02,0.44,1.21
20260303B04,最高落札価格（TSO別）[円/kW・30分],9.47,3.49,1,0,1.1,1.31,2.39,7.18,0.57,9.47
20260303B04,最低落札価格（TSO別）[円/kW・30分],0.35,0.35,0.35,0,1.09,0.36,0.36,0.36,0.36,0.35
20260303B04,平均落札価格（TSO別）[円/kW・30分],4,1.19,0.62,0,1.1,0.69,1.24,1.02,0.44,1.21
20260303B04,落札量合計（TSO別）[MW],290,364,376,0,264,565,543,155,318,2875
20260303B04,（内訳）自エリアからの落札量[MW],162.556,194,376,0,264,565,355.774,155,318,2390.33
20260303B05,募集量（TSO別）[MW],167,359,549,0,240,424,269,214,329,2551
20260303B05,応札量合計（電源属地別）[MW],284.64,510,169.923,0,249,845,144.858,145,668.05,3016.471
20260303B05,落札量合計（電源属地別）[MW],216.645,510,169.923,0,249,541.142,144.858,145,334,2310.568
20260303B05,応札件数（電源属地別）[件],6,2,4,0,2,4,3,3,7,31
20260303B05,落札件数（電源属地別）[件],5,2,4,0,2,4,3,3,5,28
20260303B05,最高落札価格（電源属地別）[円/kW・30分],9.69,3.64,7.21,0,0.35,0.48,1.41,7.09,0.36,9.69
20260303B05,最低落札価格（電源属地別）[円/kW・30分],4.49,1.39,7.21,0,0.35,0.36,0.36,0.36,0.36,0.35
20260303B05,平均落札価格（電源属地別）[円/kW・30分],7.08,2.49,7.21,0,0.35,0.38,0.88,1.07,0.36,2.04
20260303B05,最高落札価格（TSO別）[円/kW・30分],9.69,9.69,7.21,0,0.35,0.48,1.41,7.09,0.36,9.69
20260303B05,最低落札価格（TSO別）[円/kW・30分],4.93,1.39,1.39,0,0.35,0.35,0.36,0.36,0.35,0.35
20260303B05,平均落札価格（TSO別）[円/kW・30分],6.67,3.57,4.41,0,0.35,0.38,0.64,1.07,0.36,2.04
20260303B05,落札量合計（TSO別）[MW],167,359,370.568,0,240,424,269,145,336,2310.568
20260303B05,（内訳）自エリアからの落札量[MW],167,309.355,169.923,0,240,417,144.858,145,334,1927.136
20260303B06,募集量（TSO別）[MW],0,389,223,0,202,518,165,219,302,2018
20260303B06,応札量合計（電源属地別）[MW],269,494,1414.841,746.076,210,845,366.476,150,667,5162.393
20260303B06,落札量合計（電源属地別）[MW],10,210,429,273.407,188.413,467.411,248.525,150,203,2179.756
20260303B06,応札件数（電源属地別）[件],4,2,11,2,2,4,5,3,6,39
20260303B06,落札件数（電源属地別）[件],1,2,6,1,2,4,4,3,4,27
20260303B06,最高落札価格（電源属地別）[円/kW・30分],4.18,2.59,4.32,2.44,1.44,1.62,2.4,7.15,1.49,7.15
20260303B06,最低落札価格（電源属地別）[円/kW・30分],4.18,1.58,0.36,2.44,1.43,0.66,0.47,0.36,0.48,0.36
20260303B06,平均落札価格（電源属地別）[円/kW・30分],4.18,1.92,2.36,2.44,1.44,0.84,1.27,1.04,0.73,1.56
20260303B06,最高落札価格（TSO別）[円/kW・30分],4.18,2.59,4.32,2.44,2.4,2.44,2.44,7.15,2.44,7.15
20260303B06,最低落札価格（TSO別）[円/kW・30分],4.18,0.36,3.2,2.44,1.43,0.51,0.47,0.36,0.47,0.36
20260303B06,平均落札価格（TSO別）[円/kW・30分],4.18,1.2,3.79,2.44,1.5,0.98,1.27,1.04,1.42,1.56
20260303B06,落札量合計（TSO別）[MW],10,389,250,68.352,202,518,174.404,150,418,2179.756
20260303B06,（内訳）自エリアからの落札量[MW],10,210,250,68.352,188.413,467.411,153.239,150,203,1700.415
20260303B07,募集量（TSO別）[MW],0,228,122,0,111,399,165,121,305,1451
20260303B07,応札量合計（電源属地別）[MW],266,250,2139.947,477.582,120,919,717.823,124,523.97,5538.322
20260303B07,落札量合計（電源属地別）[MW],0,70,849.092,466.277,120,265.722,219.03,121,193,2304.121
20260303B07,応札件数（電源属地別）[件],3,1,15,2,1,5,10,4,8,49
20260303B07,落札件数（電源属地別）[件],0,1,6,2,1,5,9,4,5,33
20260303B07,最高落札価格（電源属地別）[円/kW・30分],0,2.74,6.77,4.27,2.33,2.74,2.79,7.19,2.77,7.19
20260303B07,最低落札価格（電源属地別）[円/kW・30分],0,2.74,1,1.82,2.33,1.09,0.66,0.36,0.74,0.36
20260303B07,平均落札価格（電源属地別）[円/kW・30分],0,2.74,4.18,2.71,2.33,1.91,1.85,1.46,2.23,2.96
20260303B07,最高落札価格（TSO別）[円/kW・30分],0,5.49,6.77,4.27,2.33,2.74,2.79,7.19,4.27,7.19
20260303B07,最低落札価格（TSO別）[円/kW・30分],0,2.74,1,1.82,2.33,1.09,0.66,0.36,0.74,0.36
20260303B07,平均落札価格（TSO別）[円/kW・30分],0,3.69,4.2,3.33,2.33,1.88,1.85,1.46,2.57,2.96
20260303B07,落札量合計（TSO別）[MW],0,228,691.092,166.307,111,419.722,233,121,334,2304.121
20260303B07,（内訳）自エリアからの落札量[MW],0,70,691.092,166.307,111,265.722,219.03,121,193,1837.151
20260303B08,募集量（TSO別）[MW],0,0,0,0,98,260,165,107,262,892
20260303B08,応札量合計（電源属地別）[MW],269.75,440,409.312,484.882,118,845,788.803,113,400,3868.747
20260303B08,落札量合計（電源属地別）[MW],3,140,258.012,409.277,118,196.722,245.09,107,183,1660.101
20260303B08,応札件数（電源属地別）[件],4,2,5,3,1,4,11,5,6,41
20260303B08,落札件数（電源属地別）[件],1,2,3,2,1,4,9,5,5,32
20260303B08,最高落札価格（電源属地別）[円/kW・30分],7,3.49,3.98,4.28,1.85,2.1,1.93,7.32,2.2,7.32
20260303B08,最低落札価格（電源属地別）[円/kW・30分],7,1.87,1,1.99,1.85,1.14,0.36,0.36,0.42,0.36
20260303B08,平均落札価格（電源属地別）[円/kW・30分],7,2.68,2.07,2.75,1.85,1.56,1.29,1.52,1.06,1.96
20260303B08,最高落札価格（TSO別）[円/kW・30分],7,3.49,3.98,4.28,1.85,2.1,1.99,7.32,2.2,7.32
20260303B08,最低落札価格（TSO別）[円/kW・30分],7,1.87,1,1.99,1.85,1.14,0.36,0.36,0.36,0.36
20260303B08,平均落札価格（TSO別）[円/kW・30分],7,2.68,2.07,3.12,1.85,1.67,1.24,1.52,1.33,1.96
20260303B08,落札量合計（TSO別）[MW],3,140,258.012,275.367,118,269.722,227,107,262,1660.101
20260303B08,（内訳）自エリアからの落札量[MW],3,140,258.012,275.367,118,196.722,220.07,107,183,1501.171
20260304B01,募集量（TSO別）[MW],0,210,0,0,94,74,108,82,165,733
20260304B01,応札量合計（電源属地別）[MW],266,440,76.4,456,105,845,701.557,91,465,3445.957
20260304B01,落札量合計（電源属地別）[MW],0,140,70,387.738,105,196.722,267.433,82,53,1301.893
20260304B01,応札件数（電源属地別）[件],3,2,1,4,1,4,9,5,5,34
20260304B01,落札件数（電源属地別）[件],0,2,1,4,1,4,7,5,3,27
20260304B01,最高落札価格（電源属地別）[円/kW・30分],0,3.86,0.35,2.84,1.34,1.45,1.64,6.5,1.67,6.5
20260304B01,最低落札価格（電源属地別）[円/kW・30分],0,2.15,0.35,2.39,1.34,0.48,0.36,0.36,0.36,0.35
20260304B01,平均落札価格（電源属地別）[円/kW・30分],0,3.01,0.35,2.64,1.34,0.9,1.26,0.96,1.18,1.74
20260304B01,最高落札価格（TSO別）[円/kW・30分],0,3.86,0,2.84,1.34,1.45,1.64,6.5,1.67,6.5
20260304B01,最低落札価格（TSO別）[円/kW・30分],0,0.35,0,2.39,1.34,0.48,0.36,0.36,0.36,0.35
20260304B01,平均落札価格（TSO別）[円/kW・30分],0,2.12,0,2.64,1.34,0.9,1.12,0.96,1.36,1.74
20260304B01,落札量合計（TSO別）[MW],0,210,0,387.738,105,196.722,155.433,82,165,1301.893
20260304B01,（内訳）自エリアからの落札量[MW],0,140,0,387.738,105,196.722,155.433,82,53,1119.893
20260304B02,募集量（TSO別）[MW],0,262,0,0,87,231,104,84,257,1025
20260304B02,応札量合計（電源属地別）[MW],284.7,250,168.155,467.3,101,845,701.557,92,433,3342.712
20260304B02,落札量合計（電源属地別）[MW],94.995,70,112.855,293.803,101,196.722,208.07,90,170,1337.445
20260304B02,応札件数（電源属地別）[件],5,1,3,5,1,4,9,4,7,39
20260304B02,落札件数（電源属地別）[件],3,1,3,3,1,4,7,4,5,31
20260304B02,最高落札価格（電源属地別）[円/kW・30分],4.65,3.65,1.66,2.86,1.46,1.58,1.94,6.36,2.1,6.36
20260304B02,最低落札価格（電源属地別）[円/kW・30分],3.82,3.65,0.35,2.51,1.46,0.62,0.36,0.36,0.36,0.35
20260304B02,平均落札価格（電源属地別）[円/kW・30分],4.48,3.65,0.55,2.68,1.46,1.04,1.4,1.53,1.23,1.88
20260304B02,最高落札価格（TSO別）[円/kW・30分],4.65,4.65,1.66,2.86,1.46,2.86,1.94,6.36,2.86,6.36
20260304B02,最低落札価格（TSO別）[円/kW・30分],4.65,0.35,1.66,2.51,1.46,0.62,0.36,0.36,0.36,0.35
20260304B02,平均落札価格（TSO別）[円/kW・30分],4.65,2.64,1.66,2.64,1.46,1.4,1.39,1.53,1.69,1.88
20260304B02,落札量合計（TSO別）[MW],8,262,7.85,161.873,87,259.722,204,90,257,1337.445
20260304B02,（内訳）自エリアからの落札量[MW],8,70,7.85,161.873,87,196.722,204,90,170,995.445
20260304B03,募集量（TSO別）[MW],0,116,0,0,131,327,249,144,305,1272
20260304B03,応札量合計（電源属地別）[MW],270.99,250,1134.576,339,165.994,845,788.803,84,688.93,4567.293
20260304B03,落札量合計（電源属地別）[MW],31,70,302,307.803,131,255.912,454.28,84,260,1895.995
20260304B03,応札件数（電源属地別）[件],5,1,11,3,3,4,11,3,8,49
20260304B03,落札件数（電源属地別）[件],1,1,4,3,2,4,9,3,5,32
20260304B03,最高落札価格（電源属地別）[円/kW・30分],3.82,3.34,4.32,3.59,2.38,2.51,2.03,7.62,2.77,7.62
20260304B03,最低落札価格（電源属地別）[円/kW・30分],3.82,3.34,0.36,3.41,2.37,1.55,0.36,0.36,0.69,0.36
20260304B03,平均落札価格（電源属地別）[円/kW・30分],3.82,3.34,2.91,3.49,2.38,1.87,0.77,2.15,1.53,2.12
20260304B03,最高落札価格（TSO別）[円/kW・30分],3.82,3.34,4.32,3.59,2.38,3.59,2.03,7.62,3.59,7.62
20260304B03,最低落札価格（TSO別）[円/kW・30分],3.82,0.36,1.89,3.41,2.37,1.55,0.36,0.36,0.36,0.36
20260304B03,平均落札価格（TSO別）[円/kW・30分],3.82,1.89,3.62,3.48,2.38,2.32,0.9,2.15,1.5,2.12
20260304B03,落札量合計（TSO別）[MW],31,136,236,150.273,131,351.722,341,84,435,1895.995
20260304B03,（内訳）自エリアからの落札量[MW],31,70,236,150.273,131,255.912,341,84,260,1559.185
20260304B04,募集量（TSO別）[MW],224,106,375,0,264,778,543,247,293,2830
20260304B04,応札量合計（電源属地別）[MW],287.55,510,1602.551,0,268,851,437.456,155,667,4778.557
20260304B04,落札量合計（電源属地別）[MW],96.556,210,513.444,0,268,754.226,437.456,155,318,2752.682
20260304B04,応札件数（電源属地別）[件],5,2,11,0,2,5,6,3,6,40
20260304B04,落札件数（電源属地別）[件],2,2,6,0,2,5,6,3,5,31
20260304B04,最高落札価格（電源属地別）[円/kW・30分],5.22,4.12,1,0,1.1,19.51,0.87,7.43,0.57,19.51
20260304B04,最低落札価格（電源属地別）[円/kW・30分],4.07,1.63,0.35,0,1.09,0.36,0.36,0.36,0.36,0.35
20260304B04,平均落札価格（電源属地別）[円/kW・30分],5.01,2.46,0.55,0,1.1,0.84,0.62,1.17,0.44,1.02
20260304B04,最高落札価格（TSO別）[円/kW・30分],5.22,4.12,1,0,1.1,19.51,0.87,7.43,0.57,19.51
20260304B04,最低落札価格（TSO別）[円/kW・30分],0.35,0.36,0.35,0,1.09,0.36,0.36,0.36,0.36,0.35
20260304B04,平均落札価格（TSO別）[円/kW・30分],2.96,1.76,0.62,0,1.1,0.84,0.62,1.17,0.44,1.02
20260304B04,落札量合計（TSO別）[MW],224,220,376,0,264,758.226,437.456,155,318,2752.682
20260304B04,（内訳）自エリアからの落札量[MW],96.556,144,376,0,264,754.226,437.456,155,318,2545.238
20260304B05,募集量（TSO別）[MW],101,129,549,0,240,637,269,214,329,2468
20260304B05,応札量合計（電源属地別）[MW],286.64,510,169.923,0,249,845,437.456,145,668.05,3311.069
20260304B05,落札量合計（電源属地別）[MW],148,510,169.923,0,249,536.934,347.754,145,348.312,2454.923
20260304B05,応札件数（電源属地別）[件],7,2,4,0,2,4,6,3,7,35
20260304B05,落札件数（電源属地別）[件],6,2,4,0,2,4,5,3,4,30
20260304B05,最高落札価格（電源属地別）[円/kW・30分],9.69,4.4,7.21,0,0.35,0.48,0.37,7.57,0.36,9.69
20260304B05,最低落札価格（電源属地別）[円/kW・30分],0.5,1.78,7.21,0,0.35,0.36,0.36,0.36,0.36,0.35
20260304B05,平均落札価格（電源属地別）[円/kW・30分],6.11,3.06,7.21,0,0.35,0.38,0.36,1.33,0.36,1.8
20260304B05,最高落札価格（TSO別）[円/kW・30分],9.69,9.69,7.21,0,0.35,0.48,0.37,7.57,0.36,9.69
20260304B05,最低落札価格（TSO別）[円/kW・30分],0.5,1.78,1.78,0,0.35,0.35,0.36,0.36,0.36,0.35
20260304B05,平均落札価格（TSO別）[円/kW・30分],5.96,3.63,4.47,0,0.35,0.38,0.36,1.33,0.36,1.8
20260304B05,落札量合計（TSO別）[MW],101,189,537.923,0,240,637,269,145,336,2454.923
20260304B05,（内訳）自エリアからの落札量[MW],101,142,169.923,0,240,536.934,256.688,145,336,1927.545
20260304B06,募集量（TSO別）[MW],0,389,223,0,202,732,165,219,302,2232
20260304B06,応札量合計（電源属地別）[MW],269,495,1413.394,715.49,210,845,436.316,150,531,5065.2
20260304B06,落札量合計（電源属地別）[MW],10,210,429,300.685,186.207,557.304,294.348,150,186.911,2324.455
20260304B06,応札件数（電源属地別）[件],4,2,11,2,2,4,6,3,4,38
20260304B06,落札件数（電源属地別）[件],1,2,5,1,2,4,5,3,3,26
20260304B06,最高落札価格（電源属地別）[円/kW・30分],4.18,2.15,4.32,1.51,1.44,1.62,1.52,7.27,1.49,7.27
20260304B06,最低落札価格（電源属地別）[円/kW・30分],4.18,2.03,0.36,1.51,1.43,0.66,0.39,0.36,0.58,0.36
20260304B06,平均落札価格（電源属地別）[円/kW・30分],4.18,2.07,2.36,1.51,1.44,0.83,1,1.07,1.22,1.44
20260304B06,最高落札価格（TSO別）[円/kW・30分],4.18,2.15,4.32,1.51,1.51,1.62,1.52,7.27,1.52,7.27
20260304B06,最低落札価格（TSO別）[円/kW・30分],4.18,0.36,3.2,1.51,1.43,0.41,0.39,0.36,0.39,0.36
20260304B06,平均落札価格（TSO別）[円/kW・30分],4.18,1.28,3.79,1.51,1.44,1.03,1.01,1.07,1.11,1.44
20260304B06,落札量合計（TSO別）[MW],10,389,250,68.352,202,732,211.103,150,312,2324.455
20260304B06,（内訳）自エリアからの落札量[MW],10,210,250,68.352,186.207,519.751,157.706,150,186.911,1738.927
20260304B07,募集量（TSO別）[MW],0,228,122,0,111,613,165,121,305,1665
20260304B07,応札量合計（電源属地別）[MW],266,250,2159.812,477.582,120,918.9,644.053,124,420.97,5381.317
20260304B07,落札量合計（電源属地別）[MW],0,70,845.024,477.582,120,265.722,208.216,121,218,2325.544
20260304B07,応札件数（電源属地別）[件],3,1,17,2,1,5,10,4,7,50
20260304B07,落札件数（電源属地別）[件],0,1,8,2,1,5,8,4,5,34
20260304B07,最高落札価格（電源属地別）[円/kW・30分],0,2.22,5.51,3.95,2.33,2.74,2.8,7.29,3.02,7.29
20260304B07,最低落札価格（電源属地別）[円/kW・30分],0,2.22,1.56,1.18,2.33,1.65,0.79,0.36,1.05,0.36
20260304B07,平均落札価格（電源属地別）[円/kW・30分],0,2.22,4.35,2.17,2.33,2.05,1.77,1.49,2.4,2.91
20260304B07,最高落札価格（TSO別）[円/kW・30分],0,5.51,5.51,3.95,2.8,3.95,2.8,7.29,3.95,7.29
20260304B07,最低落札価格（TSO別）[円/kW・30分],0,2.22,1.56,3.95,0.89,1.18,0.79,0.36,1.05,0.36
20260304B07,平均落札価格（TSO別）[円/kW・30分],0,4,4.24,3.95,2.43,1.8,1.51,1.49,2.69,2.91
20260304B07,落札量合計（TSO別）[MW],0,228,687.024,41.52,111,613,165,121,359,2325.544
20260304B07,（内訳）自エリアからの落札量[MW],0,70,687.024,41.52,71,265.722,161.723,121,218,1635.989
20260304B08,募集量（TSO別）[MW],0,0,0,0,98,474,165,107,262,1106
20260304B08,応札量合計（電源属地別）[MW],269.75,440,544.587,484.882,118,918.9,788.803,113,464,4141.922
20260304B08,落札量合計（電源属地別）[MW],3,140,374.642,419.555,118,265.722,245.09,107,234,1907.009
20260304B08,応札件数（電源属地別）[件],4,2,5,3,1,5,11,5,5,41
20260304B08,落札件数（電源属地別）[件],1,2,3,2,1,5,9,5,5,33
20260304B08,最高落札価格（電源属地別）[円/kW・30分],7,3.02,2.71,3.71,1.85,2.1,2.08,7.33,2.45,7.33
20260304B08,最低落札価格（電源属地別）[円/kW・30分],7,1.51,1,2.55,1.85,1.14,0.36,0.36,0.56,0.36
20260304B08,平均落札価格（電源属地別）[円/kW・30分],7,2.27,2.08,2.95,1.85,1.64,1.38,1.54,2.04,2.09
20260304B08,最高落札価格（TSO別）[円/kW・30分],7,3.02,2.71,3.71,1.85,3.71,2.55,7.33,2.45,7.33
20260304B08,最低落札価格（TSO別）[円/kW・30分],7,1.51,1,2.55,1.85,1.14,0.36,0.36,0.38,0.36
20260304B08,平均落札価格（TSO別）[円/kW・30分],7,2.27,2.08,3.32,1.85,2.07,1.34,1.54,2.04,2.09
20260304B08,落札量合計（TSO別）[MW],3,140,374.642,204.347,115.02,474,227,107,262,1907.009
20260304B08,（内訳）自エリアからの落札量[MW],3,140,374.642,204.347,115.02,265.722,220.07,107,234,1663.801
20260305B01,募集量（TSO別）[MW],0,210,0,0,94,287,108,82,165,946
20260305B01,応札量合計（電源属地別）[MW],266,440,490.212,468.3,105,845,701.557,91,431,3838.069
20260305B01,落札量合計（電源属地別）[MW],0,140,205.684,399.016,105,196.722,267.433,82,77,1472.855
20260305B01,応札件数（電源属地別）[件],3,2,5,5,1,4,9,5,4,38
20260305B01,落札件数（電源属地別）[件],0,2,3,4,1,4,7,5,3,29
20260305B01,最高落札価格（電源属地別）[円/kW・30分],0,3.7,1.91,2.82,1.34,1.45,1.7,6.41,1.86,6.41
20260305B01,最低落札価格（電源属地別）[円/kW・30分],0,2.03,1.28,2.39,1.34,0.48,0.36,0.36,0.36,0.36
20260305B01,平均落札価格（電源属地別）[円/kW・30分],0,2.87,1.8,2.63,1.34,0.9,1.3,1.32,1.5,1.84
20260305B01,最高落札価格（TSO別）[円/kW・30分],0,3.7,1.91,2.82,1.34,2.82,1.7,6.41,1.86,6.41
20260305B01,最低落札価格（TSO別）[円/kW・30分],0,1.91,1.28,2.39,1.34,0.48,0.36,0.36,0.36,0.36
20260305B01,平均落札価格（TSO別）[円/kW・30分],0,2.55,1.75,2.67,1.34,1.41,1.16,1.32,1.55,1.84
20260305B01,落札量合計（TSO別）[MW],0,210,135.684,308.738,105,287,179.433,82,165,1472.855
20260305B01,（内訳）自エリアからの落札量[MW],0,140,135.684,308.738,105,196.722,179.433,82,77,1224.577
20260305B02,募集量（TSO別）[MW],0,32,0,0,87,444,104,84,257,1008
20260305B02,応札量合計（電源属地別）[MW],284.7,250,263.907,465,101,845,701.557,92,464,3467.164
20260305B02,落札量合計（電源属地別）[MW],23,70,76.231,457.016,101,196.722,208.07,92,221,1445.039
20260305B02,応札件数（電源属地別）[件],5,1,4,4,1,4,9,4,5,37
20260305B02,落札件数（電源属地別）[件],2,1,2,4,1,4,7,4,5,30
20260305B02,最高落札価格（電源属地別）[円/kW・30分],4.56,3.36,4.2,3.03,1.46,1.58,2.06,6.19,2.1,6.19
20260305B02,最低落札価格（電源属地別）[円/kW・30分],3.82,3.36,2.15,2.6,1.46,0.62,0.36,0.36,0.36,0.36
20260305B02,平均落札価格（電源属地別）[円/kW・30分],4.19,3.36,2.37,2.81,1.46,1.04,1.43,1.51,1.75,2.06
20260305B02,最高落札価格（TSO別）[円/kW・30分],4.56,3.36,4.2,3.03,1.46,3.03,2.06,6.19,2.72,6.19
20260305B02,最低落札価格（TSO別）[円/kW・30分],3.82,3.36,2.15,2.6,1.46,0.62,0.36,0.36,0.36,0.36
20260305B02,平均落札価格（TSO別）[円/kW・30分],4.19,3.36,2.37,2.83,1.46,1.98,1.42,1.51,1.88,2.06
20260305B02,落札量合計（TSO別）[MW],23,70,76.231,191.808,87,444,204,92,257,1445.039
20260305B02,（内訳）自エリアからの落札量[MW],23,70,76.231,191.808,87,196.722,204,92,221,1161.761
20260305B03,募集量（TSO別）[MW],0,116,0,0,131,541,249,144,305,1486
20260305B03,応札量合計（電源属地別）[MW],270.99,250,1196.647,345,165.994,1020.7,788.803,84,552.93,4675.064
20260305B03,落札量合計（電源属地別）[MW],31,70,340.981,313.803,131,506.474,461.718,84,163,2101.976
20260305B03,応札件数（電源属地別）[件],5,1,12,3,3,5,11,3,6,49
20260305B03,落札件数（電源属地別）[件],1,1,7,3,2,5,9,3,3,34
20260305B03,最高落札価格（電源属地別）[円/kW・30分],3.82,2.99,5.79,3.86,2.38,2.51,2.16,7.55,2.77,7.55
20260305B03,最低落札価格（電源属地別）[円/kW・30分],3.82,2.99,0.36,3.68,2.37,1.55,0.37,0.36,0.94,0.36
20260305B03,平均落札価格（電源属地別）[円/kW・30分],3.82,2.99,3.22,3.76,2.38,1.77,0.95,2.1,2.37,2.29
20260305B03,最高落札価格（TSO別）[円/kW・30分],3.82,3.16,5.79,3.86,2.38,3.86,2.16,7.55,3.86,7.55
20260305B03,最低落札価格（TSO別）[円/kW・30分],3.82,0.36,3.16,3.68,2.37,1.55,0.37,0.36,0.37,0.36
20260305B03,平均落札価格（TSO別）[円/kW・30分],3.82,2.18,3.67,3.76,2.38,2.13,1.15,2.1,1.87,2.29
20260305B03,落札量合計（TSO別）[MW],31,136,274.981,150.273,131,614.722,341,84,339,2101.976
20260305B03,（内訳）自エリアからの落札量[MW],31,70,274.981,150.273,131,506.474,341,84,163,1751.728
20260305B04,募集量（TSO別）[MW],224,336,375,0,264,778,543,247,293,3060
20260305B04,応札量合計（電源属地別）[MW],286.8,510,1378.988,0,147,1026.7,437.456,150,531,4467.944
20260305B04,落札量合計（電源属地別）[MW],99.556,210,656.444,0,147,929.926,437.456,150,293,2923.382
20260305B04,応札件数（電源属地別）[件],5,2,10,0,1,6,6,2,4,36
20260305B04,落札件数（電源属地別）[件],2,2,6,0,1,6,6,2,3,28
20260305B04,最高落札価格（電源属地別）[円/kW・30分],5.22,3.73,0.36,0,1.1,19.51,0.9,7.39,0.57,19.51
20260305B04,最低落札価格（電源属地別）[円/kW・30分],4.07,1.43,0.35,0,1.1,0.36,0.36,0.36,0.36,0.35
20260305B04,平均落札価格（電源属地別）[円/kW・30分],5.01,2.2,0.36,0,1.1,1.26,0.64,1.06,0.52,1.07
20260305B04,最高落札価格（TSO別）[円/kW・30分],5.22,3.73,0.36,0,19.51,3.08,1.31,7.39,0.57,19.51
20260305B04,最低落札価格（TSO別）[円/kW・30分],0.35,0.35,0.35,0,0.36,0.36,0.36,0.36,0.36,0.35
20260305B04,平均落札価格（TSO別）[円/kW・30分],2.4,1.42,0.36,0,2.01,1.11,0.63,1.06,0.52,1.07
20260305B04,落札量合計（TSO別）[MW],227,364,375,0,207.7,778,528.682,150,293,2923.382
20260305B04,（内訳）自エリアからの落札量[MW],99.556,210,375,0,147,778,437.456,150,293,2490.012
20260305B05,募集量（TSO別）[MW],101,359,549,0,240,637,269,214,329,2698
20260305B05,応札量合計（電源属地別）[MW],283.89,510,169.923,0,249,1020.7,366.476,130,638,3367.989
20260305B05,落札量合計（電源属地別）[MW],155.645,510,169.923,0,249,645.722,312.286,130,318,2490.576
20260305B05,応札件数（電源属地別）[件],6,2,4,0,2,5,5,2,5,31
20260305B05,落札件数（電源属地別）[件],5,2,4,0,2,5,5,2,3,28
20260305B05,最高落札価格（電源属地別）[円/kW・30分],9.69,4.19,7.21,0,0.35,3.84,0.37,7.53,0.36,9.69
20260305B05,最低落札価格（電源属地別）[円/kW・30分],4.16,1.67,7.21,0,0.35,0.36,0.36,0.36,0.36,0.35
20260305B05,平均落札価格（電源属地別）[円/kW・30分],6.36,2.91,7.21,0,0.35,1.12,0.36,1.19,0.36,1.96
20260305B05,最高落札価格（TSO別）[円/kW・30分],9.69,9.69,7.21,0,0.48,3.84,0.37,7.53,0.37,9.69
20260305B05,最低落札価格（TSO別）[円/kW・30分],4.16,1.67,1.67,0,0.35,0.35,0.36,0.36,0.36,0.35
20260305B05,平均落札価格（TSO別）[円/kW・30分],5.86,3.99,4.43,0,0.36,1.1,0.36,1.19,0.36,1.96
20260305B05,落札量合計（TSO別）[MW],106,359,370.568,0,240,654.722,301.286,130,329,2490.576
20260305B05,（内訳）自エリアからの落札量[MW],106,309.355,169.923,0,213,618.722,301.286,130,318,2166.286
20260305B06,募集量（TSO別）[MW],0,389,223,0,202,732,165,219,302,2232
20260305B06,応札量合計（電源属地別）[MW],269,510,1452.48,238.4,210,1020.7,294.941,140,667,4802.521
20260305B06,落札量合計（電源属地別）[MW],10,210,429,175.536,210,679.939,248.525,140,203,2306
20260305B06,応札件数（電源属地別）[件],4,2,11,1,2,5,4,3,6,38
20260305B06,落札件数（電源属地別）[件],1,2,6,1,2,5,4,3,4,28
20260305B06,最高落札価格（電源属地別）[円/kW・30分],4.18,2.35,4.32,1.1,1.44,1.87,1.7,7.06,1.49,7.06
20260305B06,最低落札価格（電源属地別）[円/kW・30分],4.18,1.88,0.36,1.1,1.43,0.66,0.42,0.36,0.48,0.36
20260305B06,平均落札価格（電源属地別）[円/kW・30分],4.18,2.19,2.36,1.1,1.44,0.98,0.94,1.11,0.73,1.39
20260305B06,最高落札価格（TSO別）[円/kW・30分],4.18,2.35,4.32,0,1.7,1.87,1.7,7.06,1.49,7.06
20260305B06,最低落札価格（TSO別）[円/kW・30分],4.18,0.36,3.2,0,1.43,0.43,0.42,0.36,0.42,0.36
20260305B06,平均落札価格（TSO別）[円/kW・30分],4.18,1.35,3.79,0,1.45,1.06,0.87,1.11,0.78,1.39
20260305B06,落札量合計（TSO別）[MW],10,389,250,0,202,732,165,140,418,2306
20260305B06,（内訳）自エリアからの落札量[MW],10,210,250,0,188.248,583.103,144.636,140,203,1728.987
20260305B07,募集量（TSO別）[MW],0,228,122,0,111,613,165,121,305,1665
20260305B07,応札量合計（電源属地別）[MW],266,440,1909.975,477,120,1020.7,717.823,124,532.97,5608.468
20260305B07,落札量合計（電源属地別）[MW],0,140,556.237,465.973,120,334.722,259.03,121,213.275,2210.237
20260305B07,応札件数（電源属地別）[件],3,2,14,2,1,5,10,4,9,50
20260305B07,落札件数（電源属地別）[件],0,2,5,2,1,5,9,4,6,34
20260305B07,最高落札価格（電源属地別）[円/kW・30分],0,1.67,4.93,4.32,2.33,2.74,3.14,6.43,3.02,6.43
20260305B07,最低落札価格（電源属地別）[円/kW・30分],0,0.7,1,1.68,2.33,1.78,1.01,0.36,0.74,0.36
20260305B07,平均落札価格（電源属地別）[円/kW・30分],0,1.19,3.53,2.58,2.33,2.37,2.32,1.44,2.25,2.56
20260305B07,最高落札価格（TSO別）[円/kW・30分],0,4.66,4.93,4.32,3.14,2.74,3.14,6.43,4.32,6.43
20260305B07,最低落札価格（TSO別）[円/kW・30分],0,0.7,1,1.68,2.33,1.68,1.01,0.36,0.74,0.36
20260305B07,平均落札価格（TSO別）[円/kW・30分],0,2.47,3.34,3.36,2.62,2.09,2.17,1.44,2.81,2.56
20260305B07,落札量合計（TSO別）[MW],0,228,468.237,93,111,613,233,121,343,2210.237
20260305B07,（内訳）自エリアからの落札量[MW],0,140,468.237,93,71,334.722,219.03,121,213.275,1660.264
20260305B08,募集量（TSO別）[MW],0,0,0,0,98,474,165,107,262,1106
20260305B08,応札量合計（電源属地別）[MW],269,440,536.213,484.882,118,1020.7,717.823,113,433,4132.618
20260305B08,落札量合計（電源属地別）[MW],3,140,373.795,409.277,118,334.722,256.38,107,183,1925.174
20260305B08,応札件数（電源属地別）[件],4,2,6,3,1,5,10,5,7,43
20260305B08,落札件数（電源属地別）[件],1,2,4,2,1,5,9,5,5,34
20260305B08,最高落札価格（電源属地別）[円/kW・30分],7,2.58,3.64,3.46,1.85,2.1,2.21,6.75,2.45,7
20260305B08,最低落札価格（電源属地別）[円/kW・30分],7,1.19,1,2.37,1.85,1.14,0.39,0.36,0.42,0.36
20260305B08,平均落札価格（電源属地別）[円/kW・30分],7,1.89,2.33,2.73,1.85,1.54,1.41,1.32,1.4,1.96
20260305B08,最高落札価格（TSO別）[円/kW・30分],7,2.58,3.64,3.46,1.85,2.37,2.21,6.75,3.46,7
20260305B08,最低落札価格（TSO別）[円/kW・30分],7,1.19,1,2.37,1.85,1.14,0.39,0.36,0.39,0.36
20260305B08,平均落札価格（TSO別）[円/kW・30分],7,1.89,2.33,2.89,1.85,1.83,1.35,1.32,1.84,1.96
20260305B08,落札量合計（TSO別）[MW],3,140,373.795,181.657,98,532.722,227,107,262,1925.174
20260305B08,（内訳）自エリアからの落札量[MW],3,140,373.795,181.657,98,334.722,227,107,183,1648.174
20260306B01,募集量（TSO別）[MW],0,210,0,0,94,287,108,82,165,946
20260306B01,応札量合計（電源属地別）[MW],266,440,232.4,357.3,105,1020.7,630.577,91,400,3542.977
20260306B01,落札量合計（電源属地別）[MW],0,140,70,298.803,105,287.713,267.433,91,87,1346.949
20260306B01,応札件数（電源属地別）[件],3,2,2,4,1,5,8,5,6,36
20260306B01,落札件数（電源属地別）[件],0,2,1,3,1,5,7,5,4,28
20260306B01,最高落札価格（電源属地別）[円/kW・30分],0,3.23,0.35,3.08,1.34,2.01,1.84,6.14,2,6.14
20260306B01,最低落札価格（電源属地別）[円/kW・30分],0,1.67,0.35,2.68,1.34,0.48,0.36,0.36,0.36,0.35
20260306B01,平均落札価格（電源属地別）[円/kW・30分],0,2.45,0.35,2.91,1.34,1.25,1.4,1.53,1.42,1.76
20260306B01,最高落札価格（TSO別）[円/kW・30分],0,3.23,0,3.08,1.34,2.96,1.84,6.14,2,6.14
20260306B01,最低落札価格（TSO別）[円/kW・30分],0,0.35,0,2.68,1.34,0.48,0.36,0.36,0.36,0.35
20260306B01,平均落札価格（TSO別）[円/kW・30分],0,1.75,0,2.96,1.34,1.55,1.24,1.53,1.6,1.76
20260306B01,落札量合計（TSO別）[MW],0,210,0,225.803,94,371.713,189.433,91,165,1346.949
20260306B01,（内訳）自エリアからの落札量[MW],0,140,0,225.803,94,287.713,189.433,91,87,1114.949
20260306B02,募集量（TSO別）[MW],0,262,0,0,87,444,104,84,257,1238
20260306B02,応札量合計（電源属地別）[MW],285.45,440,352.32,361.3,101,1020.7,630.577,92,433,3716.347
20260306B02,落札量合計（電源属地別）[MW],15,140,193.02,302.803,101,334.722,208.07,92,170,1556.615
20260306B02,応札件数（電源属地別）[件],5,2,3,4,1,5,8,4,7,39
20260306B02,落札件数（電源属地別）[件],1,2,1,3,1,5,7,4,5,29
20260306B02,最高落札価格（電源属地別）[円/kW・30分],3.82,3.04,2.23,3.35,1.46,1.63,2.19,5.97,2.1,5.97
20260306B02,最低落札価格（電源属地別）[円/kW・30分],3.82,1.53,2.23,2.88,1.46,0.62,0.36,0.36,0.36,0.36
20260306B02,平均落札価格（電源属地別）[円/kW・30分],3.82,2.29,2.23,3.16,1.46,1.28,1.57,1.53,1.23,1.94
20260306B02,最高落札価格（TSO別）[円/kW・30分],3.82,3.04,2.23,3.35,1.46,3.35,2.19,5.97,3.35,5.97
20260306B02,最低落札価格（TSO別）[円/kW・30分],3.82,1.53,2.23,3.25,1.46,0.62,0.36,0.36,0.36,0.36
20260306B02,平均落札価格（TSO別）[円/kW・30分],3.82,2.26,2.23,3.26,1.46,1.88,1.56,1.53,1.91,1.94
20260306B02,落札量合計（TSO別）[MW],15,262,71.02,46.873,87,521.722,204,92,257,1556.615
20260306B02,（内訳）自エリアからの落札量[MW],15,140,71.02,46.873,87,334.722,204,92,170,1160.615
20260306B03,募集量（TSO別）[MW],0,116,0,0,131,541,249,144,305,1486
20260306B03,応札量合計（電源属地別）[MW],271.74,250,1346.22,118,165.994,1020.7,717.823,118,688.93,4697.407
20260306B03,落札量合計（電源属地別）[MW],32,70,302,118,164,571.016,469.194,118,260,2104.21
20260306B03,応札件数（電源属地別）[件],5,1,12,1,3,5,10,3,8,48
20260306B03,落札件数（電源属地別）[件],2,1,7,1,2,5,9,3,5,35
20260306B03,最高落札価格（電源属地別）[円/kW・30分],5,2.91,4.51,3.71,2.38,2.51,2.51,7.35,2.77,7.35
20260306B03,最低落札価格（電源属地別）[円/kW・30分],3.82,2.91,0.36,3.71,2.37,1.55,0.43,0.36,0.69,0.36
20260306B03,平均落札価格（電源属地別）[円/kW・30分],3.86,2.91,3.14,3.71,2.38,1.73,0.98,1.56,1.53,1.96
20260306B03,最高落札価格（TSO別）[円/kW・30分],5,2.91,4.51,3.71,2.38,3.71,2.51,7.35,3.71,7.35
20260306B03,最低落札価格（TSO別）[円/kW・30分],3.82,0.36,2.05,3.71,2.37,1.55,0.43,0.36,0.43,0.36
20260306B03,平均落札価格（TSO別）[円/kW・30分],3.86,1.67,3.92,3.71,2.38,1.8,1.17,1.56,1.45,1.96
20260306B03,落札量合計（TSO別）[MW],32,136,236,60.488,131,614.722,341,118,435,2104.21
20260306B03,（内訳）自エリアからの落札量[MW],32,70,236,60.488,131,571.016,341,118,260,1819.504
20260306B04,募集量（TSO別）[MW],224,106,375,0,264,778,543,247,293,2830
20260306B04,応札量合計（電源属地別）[MW],286.8,510,1284.796,0,268,1026.7,366.476,191,667,4600.772
20260306B04,落札量合計（電源属地別）[MW],96.556,210,512.444,0,268,929.926,366.476,191,318,2892.402
20260306B04,応札件数（電源属地別）[件],5,2,10,0,2,6,5,3,6,39
20260306B04,落札件数（電源属地別）[件],2,2,5,0,2,6,5,3,5,30
20260306B04,最高落札価格（電源属地別）[円/kW・30分],5.22,4.21,0.36,0,1.1,19.51,1.56,7.69,0.57,19.51
20260306B04,最低落札価格（電源属地別）[円/kW・30分],4.07,1.68,0.35,0,1.09,0.36,0.36,0.36,0.36,0.35
20260306B04,平均落札価格（電源属地別）[円/kW・30分],5.01,2.52,0.36,0,1.1,1.4,1.01,1.16,0.44,1.22
20260306B04,最高落札価格（TSO別）[円/kW・30分],5.22,4.21,0.36,0,1.1,19.51,3.83,7.69,0.57,19.51
20260306B04,最低落札価格（TSO別）[円/kW・30分],0.35,0.36,0.35,0,1.09,0.36,0.36,0.36,0.36,0.35
20260306B04,平均落札価格（TSO別）[円/kW・30分],2.98,1.8,0.36,0,1.1,1.44,1.07,1.16,0.44,1.22
20260306B04,落札量合計（TSO別）[MW],224,220,375,0,264,778,522.402,191,318,2892.402
20260306B04,（内訳）自エリアからの落札量[MW],96.556,144,375,0,264,774,366.476,191,318,2529.032
20260306B05,募集量（TSO別）[MW],101,129,549,0,240,637,269,214,329,2468
20260306B05,応札量合計（電源属地別）[MW],283.89,510,169.923,0,249,1020.7,294.941,195,667,3390.454
20260306B05,落札量合計（電源属地別）[MW],153,510,169.923,0,249,709.483,248.525,195,336,2570.931
20260306B05,応札件数（電源属地別）[件],6,2,4,0,2,5,4,3,6,32
20260306B05,落札件数（電源属地別）[件],5,2,4,0,2,5,4,3,5,30
20260306B05,最高落札価格（電源属地別）[円/kW・30分],9.69,4.46,7.21,0,0.35,4.36,0.57,8.12,0.36,9.69
20260306B05,最低落札価格（電源属地別）[円/kW・30分],3.77,1.81,7.21,0,0.35,0.36,0.36,0.36,0.36,0.35
20260306B05,平均落札価格（電源属地別）[円/kW・30分],6.3,3.11,7.21,0,0.35,1.15,0.44,1.39,0.36,2.02
20260306B05,最高落札価格（TSO別）[円/kW・30分],9.69,9.69,7.21,0,0.48,4.36,0.57,8.12,0.36,9.69
20260306B05,最低落札価格（TSO別）[円/kW・30分],3.77,1.81,1.81,0,0.35,0.35,0.35,0.36,0.36,0.35
20260306B05,平均落札価格（TSO別）[円/kW・30分],6.21,3.68,4.5,0,0.36,1.21,0.43,1.39,0.36,2.02
20260306B05,落札量合計（TSO別）[MW],106,189,537.923,0,240,654.722,312.286,195,336,2570.931
20260306B05,（内訳）自エリアからの落札量[MW],106,142,169.923,0,213,651.722,248.525,195,336,2062.17
20260306B06,募集量（TSO別）[MW],0,389,372,0,202,732,165,219,302,2381
20260306B06,応札量合計（電源属地別）[MW],269,510,1268.707,660.218,210,1020.7,438.551,30,667,5074.176
20260306B06,落札量合計（電源属地別）[MW],10,210,551,324.76,210,705.232,319.397,30,203,2563.389
20260306B06,応札件数（電源属地別）[件],4,2,11,3,2,5,5,2,6,40
20260306B06,落札件数（電源属地別）[件],1,2,6,2,2,5,5,2,4,29
20260306B06,最高落札価格（電源属地別）[円/kW・30分],4.18,2.16,4.32,4.71,1.44,1.62,2.05,7.55,1.49,7.55
20260306B06,最低落札価格（電源属地別）[円/kW・30分],4.18,2.04,0.36,1.68,1.43,0.66,0.51,3.79,0.48,0.36
20260306B06,平均落札価格（電源属地別）[円/kW・30分],4.18,2.12,2.09,2.63,1.44,0.97,1.31,5.67,0.73,1.64
20260306B06,最高落札価格（TSO別）[円/kW・30分],4.18,2.16,4.32,4.71,2.05,1.68,2.05,7.55,4.71,7.55
20260306B06,最低落札価格（TSO別）[円/kW・30分],4.18,0.36,0.36,1.68,1.43,0.66,0.51,3.79,0.48,0.36
20260306B06,平均落札価格（TSO別）[円/kW・30分],4.18,1.31,2.92,2.74,1.5,0.99,1.39,5.67,1.49,1.64
20260306B06,落札量合計（TSO別）[MW],10,389,372,141.775,202,732,268.614,30,418,2563.389
20260306B06,（内訳）自エリアからの落札量[MW],10,210,372,141.775,168,687.51,262.099,30,203,2084.384
20260306B07,募集量（TSO別）[MW],0,228,0,0,111,613,165,121,305,1543
20260306B07,応札量合計（電源属地別）[MW],266,440,2059.851,494,120,1020.7,717.823,124,531.97,5774.344
20260306B07,落札量合計（電源属地別）[MW],0,140,769.391,477.213,120,334.722,247.725,121,212.34,2422.391
20260306B07,応札件数（電源属地別）[件],3,2,17,3,1,5,10,4,9,54
20260306B07,落札件数（電源属地別）[件],0,2,8,3,1,5,9,4,6,38
20260306B07,最高落札価格（電源属地別）[円/kW・30分],0,1.95,7.58,4.24,2.33,2.74,3.18,6.41,3.02,7.58
20260306B07,最低落札価格（電源属地別）[円/kW・30分],0,0.69,1.78,1.47,2.33,1.78,1.05,0.36,0.74,0.36
20260306B07,平均落札価格（電源属地別）[円/kW・30分],0,1.32,6.08,2.96,2.33,2.29,2.32,1.44,2.25,3.53
20260306B07,最高落札価格（TSO別）[円/kW・30分],0,7.56,7.58,4.24,4.06,4.24,3.18,6.41,4.24,7.58
20260306B07,最低落札価格（TSO別）[円/kW・30分],0,0.69,1.78,1.47,2.33,1.47,1.05,0.36,0.74,0.36
20260306B07,平均落札価格（TSO別）[円/kW・30分],0,3.61,5.92,3.14,2.73,2.41,2.16,1.44,2.73,3.53
20260306B07,落札量合計（TSO別）[MW],0,228,681.391,93,111,613,233,121,342,2422.391
20260306B07,（内訳）自エリアからの落札量[MW],0,140,681.391,93,71,334.722,219.03,121,212.34,1872.483
20260306B08,募集量（TSO別）[MW],0,0,0,0,98,474,165,107,262,1106
20260306B08,応札量合計（電源属地別）[MW],269,190,437.048,593.582,118,1094.6,717.823,113,433,3966.053
20260306B08,落札量合計（電源属地別）[MW],3,70,229.748,508.212,118,371.713,273.445,107,183,1864.118
20260306B08,応札件数（電源属地別）[件],4,1,6,3,1,6,10,5,7,43
20260306B08,落札件数（電源属地別）[件],1,1,4,3,1,6,9,5,5,35
20260306B08,最高落札価格（電源属地別）[円/kW・30分],7,1.23,4.35,3.45,1.85,2.1,2.31,6.68,2.45,7
20260306B08,最低落札価格（電源属地別）[円/kW・30分],7,1.23,1,2.42,1.85,1.14,0.41,0.36,0.42,0.36
20260306B08,平均落札価格（電源属地別）[円/kW・30分],7,1.23,2.74,2.89,1.85,1.49,1.43,1.37,1.4,2.02
20260306B08,最高落札価格（TSO別）[円/kW・30分],7,1.23,4.35,3.45,1.85,2.42,2.31,6.68,3.45,7
20260306B08,最低落札価格（TSO別）[円/kW・30分],7,1.23,1,2.42,1.85,1.14,0.41,0.36,0.41,0.36
20260306B08,平均落札価格（TSO別）[円/kW・30分],7,1.23,2.74,3.11,1.85,1.79,1.47,1.37,1.63,2.02
20260306B08,落札量合計（TSO別）[MW],3,70,229.748,297.657,98,569.713,227,107,262,1864.118
20260306B08,（内訳）自エリアからの落札量[MW],3,70,229.748,297.657,98,371.713,227,107,183,1587.118
20260307B01,募集量（TSO別）[MW],0,242,0,0,94,287,108,82,165,978
20260307B01,応札量合計（電源属地別）[MW],33,380,116.205,718.582,105,671.948,476.841,91,235,2827.576
20260307B01,落札量合計（電源属地別）[MW],0,140,102,621.931,105,178.449,235.679,82,67,1532.059
20260307B01,応札件数（電源属地別）[件],1,2,3,5,1,4,6,5,3,30
20260307B01,落札件数（電源属地別）[件],0,2,3,4,1,4,5,5,2,26
20260307B01,最高落札価格（電源属地別）[円/kW・30分],0,1.99,1.59,7.09,0.67,1.86,1.54,6.46,0.48,7.09
20260307B01,最低落札価格（電源属地別）[円/kW・30分],0,1.68,0.35,2.16,0.67,0.61,0.36,0.36,0.37,0.35
20260307B01,平均落札価格（電源属地別）[円/kW・30分],0,1.84,0.76,4.31,0.67,1.32,1.29,0.88,0.42,2.43
20260307B01,最高落札価格（TSO別）[円/kW・30分],0,1.99,0,7.09,0.67,7.09,1.54,6.46,1.54,7.09
20260307B01,最低落札価格（TSO別）[円/kW・30分],0,0.35,0,2.16,0.67,0.61,0.36,0.36,0.36,0.35
20260307B01,平均落札価格（TSO別）[円/kW・30分],0,1.38,0,4.44,0.67,2.06,1.2,0.88,1.02,2.43
20260307B01,落札量合計（TSO別）[MW],0,242,0,524.38,94,287,137.679,82,165,1532.059
20260307B01,（内訳）自エリアからの落札量[MW],0,140,0,524.38,94,178.449,137.679,82,67,1223.508
20260307B02,募集量（TSO別）[MW],0,294,0,0,87,444,104,84,257,1270
20260307B02,応札量合計（電源属地別）[MW],36,380,375.92,765.882,101,671.948,476.841,92,464.97,3364.561
20260307B02,落札量合計（電源属地別）[MW],3,142.123,216.62,700.122,101,178.449,208.05,92,221,1862.364
20260307B02,応札件数（電源属地別）[件],2,2,5,6,1,4,6,4,5,35
20260307B02,落札件数（電源属地別）[件],1,2,3,5,1,4,5,4,4,29
20260307B02,最高落札価格（電源属地別）[円/kW・30分],4.2,1.96,3.81,8.31,0.82,1.95,1.98,6.43,0.94,8.31
20260307B02,最低落札価格（電源属地別）[円/kW・30分],4.2,1.63,1.6,2.05,0.82,0.69,0.36,0.36,0.45,0.36
20260307B02,平均落札価格（電源属地別）[円/kW・30分],4.2,1.79,2.54,4.76,0.82,1.4,1.63,1.42,0.73,2.75
20260307B02,最高落札価格（TSO別）[円/kW・30分],4.2,3.81,3.81,8.31,0.82,8.31,1.98,6.43,4.56,8.31
20260307B02,最低落札価格（TSO別）[円/kW・30分],4.2,1.63,1.6,2.05,0.82,0.69,0.36,0.36,0.36,0.36
20260307B02,平均落札価格（TSO別）[円/kW・30分],4.2,2.21,2.4,4.58,0.82,3.47,1.62,1.42,1.22,2.75
20260307B02,落札量合計（TSO別）[MW],3,294,64.743,416.621,87,444,204,92,257,1862.364
20260307B02,（内訳）自エリアからの落札量[MW],3,142.123,64.743,416.621,87,178.449,204,92,221,1408.936
20260307B03,募集量（TSO別）[MW],0,148,0,0,131,541,249,144,305,1518
20260307B03,応札量合計（電源属地別）[MW],270.99,640,684.55,152.3,164,671.948,333.231,84,602,3603.019
20260307B03,落札量合計（電源属地別）[MW],53.215,280,274,128.733,164,453.07,218.62,84,351.433,2007.071
20260307B03,応札件数（電源属地別）[件],5,3,9,4,2,4,5,3,4,39
20260307B03,落札件数（電源属地別）[件],4,3,2,4,2,4,4,3,4,30
20260307B03,最高落札価格（電源属地別）[円/kW・30分],9.92,1.52,5.77,4.11,0.38,1.62,1.41,7.46,0.74,9.92
20260307B03,最低落札価格（電源属地別）[円/kW・30分],8,1.28,1.23,0.33,0.37,0.37,0.36,0.36,0.46,0.33
20260307B03,平均落札価格（電源属地別）[円/kW・30分],9.63,1.46,3.19,3.56,0.38,0.86,0.85,2.45,0.59,1.65
20260307B03,最高落札価格（TSO別）[円/kW・30分],9.92,1.52,5.77,4.11,0.38,2.92,4.11,7.46,0.74,9.92
20260307B03,最低落札価格（TSO別）[円/kW・30分],8,1.28,1.23,4.11,0.37,0.37,0.33,0.36,0.46,0.33
20260307B03,平均落札価格（TSO別）[円/kW・30分],9.63,1.46,3.19,4.11,0.38,0.95,1.44,2.45,0.59,1.65
20260307B03,落札量合計（TSO別）[MW],53.215,280,274,43.423,131,541,249,84,351.433,2007.071
20260307B03,（内訳）自エリアからの落札量[MW],53.215,280,274,43.423,131,441.216,176.334,84,351.433,1834.621
20260307B04,募集量（TSO別）[MW],236,138,341,0,264,778,543,247,293,2840
20260307B04,応札量合計（電源属地別）[MW],513.9,450,566.55,0,268,677.948,261.696,177,502,3417.094
20260307B04,落札量合計（電源属地別）[MW],138.556,210,431.444,0,264,585.174,261.696,177,293,2360.87
20260307B04,応札件数（電源属地別）[件],7,2,8,0,2,5,4,3,3,34
20260307B04,落札件数（電源属地別）[件],4,2,6,0,2,5,4,3,3,29
20260307B04,最高落札価格（電源属地別）[円/kW・30分],6.11,2.24,1.23,0,0.35,19.51,0.37,17.55,0.36,19.51
20260307B04,最低落札価格（電源属地別）[円/kW・30分],3.11,1.86,0.35,0,0.35,0.36,0.36,0.36,0.36,0.35
20260307B04,平均落札価格（電源属地別）[円/kW・30分],5.08,1.99,0.67,0,0.35,0.42,0.37,2.59,0.36,1.02
20260307B04,最高落札価格（TSO別）[円/kW・30分],6.11,2.24,1.23,0,0.35,0.36,19.51,17.55,0.36,19.51
20260307B04,最低落札価格（TSO別）[円/kW・30分],0.35,0.36,0.35,0,0.35,0.36,0.36,0.36,0.36,0.35
20260307B04,平均落札価格（TSO別）[円/kW・30分],3.42,1.7,0.76,0,0.35,0.36,0.49,2.59,0.36,1.02
20260307B04,落札量合計（TSO別）[MW],236,203,341,0,264,583.284,263.586,177,293,2360.87
20260307B04,（内訳）自エリアからの落札量[MW],138.556,164,341,0,264,583.284,261.696,177,293,2222.536
20260307B05,募集量（TSO別）[MW],113,161,511,0,240,637,269,214,329,2474
20260307B05,応札量合計（電源属地別）[MW],629.69,640,560.55,0,249,671.948,261.696,156,565,3733.884
20260307B05,落札量合計（電源属地別）[MW],85.676,536.174,269.324,0,249,635.304,261.696,156,336,2529.174
20260307B05,応札件数（電源属地別）[件],8,3,8,0,2,4,4,3,5,37
20260307B05,落札件数（電源属地別）[件],5,3,5,0,2,4,4,3,4,30
20260307B05,最高落札価格（電源属地別）[円/kW・30分],7.18,3.16,2.62,0,0.35,0.36,0.36,17.64,0.36,17.64
20260307B05,最低落札価格（電源属地別）[円/kW・30分],4.62,2.16,0.36,0,0.35,0.36,0.36,0.36,0.36,0.35
20260307B05,平均落札価格（電源属地別）[円/kW・30分],5.55,2.63,0.99,0,0.35,0.36,0.36,2.9,0.36,1.24
20260307B05,最高落札価格（TSO別）[円/kW・30分],7.18,3.16,3.02,0,0.35,0.36,0.36,17.64,0.36,17.64
20260307B05,最低落札価格（TSO別）[円/kW・30分],2.16,2.16,0.36,0,0.35,0.36,0.35,0.36,0.36,0.35
20260307B05,平均落札価格（TSO別）[円/kW・30分],4.73,2.77,1.71,0,0.35,0.36,0.36,2.9,0.36,1.24
20260307B05,落札量合計（TSO別）[MW],113,267.174,511,0,240,637,269,156,336,2529.174
20260307B05,（内訳）自エリアからの落札量[MW],85.676,267.174,269.324,0,240,593.714,218.41,156,336,2166.298
20260307B06,募集量（TSO別）[MW],0,421,189,0,202,732,165,219,302,2230
20260307B06,応札量合計（電源属地別）[MW],269,640,684.55,0,210,671.948,333.231,126,565,3499.729
20260307B06,落札量合計（電源属地別）[MW],3,297.636,397.364,0,144,654.24,286.815,126,394.899,2303.954
20260307B06,応札件数（電源属地別）[件],4,3,9,0,2,4,5,3,5,35
20260307B06,落札件数（電源属地別）[件],1,3,4,0,2,4,5,3,5,27
20260307B06,最高落札価格（電源属地別）[円/kW・30分],3.4,2.18,5.77,0,0.35,0.36,0.86,7.46,0.58,7.46
20260307B06,最低落札価格（電源属地別）[円/kW・30分],3.4,1.61,0.35,0,0.35,0.36,0.36,0.36,0.36,0.35
20260307B06,平均落札価格（電源属地別）[円/kW・30分],3.4,1.81,2.31,0,0.35,0.36,0.62,1.87,0.45,1.02
20260307B06,最高落札価格（TSO別）[円/kW・30分],3.4,2.18,5.77,0,0.35,0.86,0.86,7.46,0.72,7.46
20260307B06,最低落札価格（TSO別）[円/kW・30分],3.4,0.35,1.23,0,0.35,0.36,0.36,0.36,0.36,0.35
20260307B06,平均落札価格（TSO別）[円/kW・30分],3.4,1.38,3.19,0,0.35,0.41,0.56,1.87,0.45,1.02
20260307B06,落札量合計（TSO別）[MW],3,421,274,0,144,732,205.954,126,398,2303.954
20260307B06,（内訳）自エリアからの落札量[MW],3,297.636,274,0,144,654.24,205.954,126,394.899,2099.729
20260307B07,募集量（TSO別）[MW],0,260,88,0,111,613,165,121,305,1663
20260307B07,応札量合計（電源属地別）[MW],266,450,1031.426,1339,120,671.948,607.71,121,454.97,5062.054
20260307B07,落札量合計（電源属地別）[MW],0,210,759.493,481,120,178.449,276.84,121,258.48,2405.262
20260307B07,応札件数（電源属地別）[件],3,2,10,7,1,4,9,4,8,48
20260307B07,落札件数（電源属地別）[件],0,2,8,5,1,4,8,4,6,38
20260307B07,最高落札価格（電源属地別）[円/kW・30分],0,1.59,8.71,4.67,0.96,1.84,2.68,6.03,1.77,8.71
20260307B07,最低落札価格（電源属地別）[円/kW・30分],0,1.21,1.05,4.19,0.96,0.59,0.52,0.36,0.36,0.36
20260307B07,平均落札価格（電源属地別）[円/kW・30分],0,1.46,5.88,4.37,0.96,1.3,2.01,1.38,1.07,3.42
20260307B07,最高落札価格（TSO別）[円/kW・30分],0,8.71,8.71,4.67,0.96,4.67,4.3,6.03,4.3,8.71
20260307B07,最低落札価格（TSO別）[円/kW・30分],0,1.21,1.05,4.3,0.96,0.59,0.52,0.36,0.36,0.36
20260307B07,平均落札価格（TSO別）[円/kW・30分],0,2.45,5.88,4.38,0.96,3.12,1.89,1.38,1.79,3.42
20260307B07,落札量合計（TSO別）[MW],0,269,700.493,71.114,111,613,186.655,121,333,2405.262
20260307B07,（内訳）自エリアからの落札量[MW],0,210,700.493,71.114,111,178.449,172.685,121,258.48,1823.221
20260307B08,募集量（TSO別）[MW],0,0,0,0,98,474,165,107,262,1106
20260307B08,応札量合計（電源属地別）[MW],285.7,380,457.486,639,118,671.948,333.231,107,331,3323.365
20260307B08,落札量合計（電源属地別）[MW],16,140,306.186,603.137,118,242.758,215.28,107,231,1979.361
20260307B08,応札件数（電源属地別）[件],5,2,6,7,1,4,5,5,6,41
20260307B08,落札件数（電源属地別）[件],1,2,4,7,1,4,4,5,5,33
20260307B08,最高落札価格（電源属地別）[円/kW・30分],4.38,1.79,6.44,3.5,0.62,1.29,2.01,6.33,0.85,6.44
20260307B08,最低落札価格（電源属地別）[円/kW・30分],4.38,1.44,3.27,2.38,0.62,0.36,0.36,0.36,0.36,0.36
20260307B08,平均落札価格（電源属地別）[円/kW・30分],4.38,1.62,4.14,3.05,0.62,0.68,1.11,1.25,0.46,2.08
20260307B08,最高落札価格（TSO別）[円/kW・30分],4.38,1.79,6.44,3.5,0.62,3.18,3.14,6.33,3.16,6.44
20260307B08,最低落札価格（TSO別）[円/kW・30分],4.38,1.44,3.27,2.38,0.62,0.36,0.36,0.36,0.36,0.36
20260307B08,平均落札価格（TSO別）[円/kW・30分],4.38,1.62,4.14,3.04,0.62,1.53,1.29,1.25,0.67,2.08
20260307B08,落札量合計（TSO別）[MW],16,140,306.186,411.175,98,474,165,107,262,1979.361
20260307B08,（内訳）自エリアからの落札量[MW],16,140,306.186,411.175,98,242.758,161.062,107,231,1713.181
20260308B01,募集量（TSO別）[MW],0,242,0,0,94,287,108,82,165,978
20260308B01,応札量合計（電源属地別）[MW],266,380,448.838,255.3,105,671.948,476.841,91,331,3025.927
20260308B01,落札量合計（電源属地別）[MW],0,140,372.034,155.349,105,178.449,235.679,82,86,1354.511
20260308B01,応札件数（電源属地別）[件],3,2,4,6,1,4,6,5,6,37
20260308B01,落札件数（電源属地別）[件],0,2,3,3,1,4,5,5,4,27
20260308B01,最高落札価格（電源属地別）[円/kW・30分],0,2.19,1.93,2.55,0.62,0.8,1.74,6.58,0.73,6.58
20260308B01,最低落札価格（電源属地別）[円/kW・30分],0,1.9,1.17,1.79,0.62,0.36,0.36,0.36,0.36,0.36
20260308B01,平均落札価格（電源属地別）[円/kW・30分],0,2.05,1.89,2.3,0.62,0.55,1.46,0.86,0.55,1.46
20260308B01,最高落札価格（TSO別）[円/kW・30分],0,2.19,1.93,2.53,0.62,2.55,1.74,6.58,1.74,6.58
20260308B01,最低落札価格（TSO別）[円/kW・30分],0,1.9,1.17,1.79,0.62,0.36,0.36,0.36,0.36,0.36
20260308B01,平均落札価格（TSO別）[円/kW・30分],0,1.99,1.87,2.22,0.62,1.17,1.36,0.86,1.09,1.46
20260308B01,落札量合計（TSO別）[MW],0,242,270.034,57.798,94,287,156.679,82,165,1354.511
20260308B01,（内訳）自エリアからの落札量[MW],0,140,270.034,57.798,94,178.449,156.679,82,86,1064.96
20260308B02,募集量（TSO別）[MW],0,294,0,0,87,444,104,84,257,1270
20260308B02,応札量合計（電源属地別）[MW],269,380,510.623,287,101,671.948,476.841,92,351,3139.412
20260308B02,落札量合計（電源属地別）[MW],3,140,351.323,243.266,101,186.734,230,92,231,1578.323
20260308B02,応札件数（電源属地別）[件],4,2,4,5,1,4,6,4,7,37
20260308B02,落札件数（電源属地別）[件],1,2,2,5,1,4,5,4,5,29
20260308B02,最高落札価格（電源属地別）[円/kW・30分],3.5,2.07,1.95,3.88,0.77,0.93,2.15,6.55,0.94,6.55
20260308B02,最低落札価格（電源属地別）[円/kW・30分],3.5,1.77,1.83,1.46,0.77,0.36,0.36,0.36,0.36,0.36
20260308B02,平均落札価格（電源属地別）[円/kW・30分],3.5,1.92,1.89,3.01,0.77,0.6,1.63,1.41,0.49,1.57
20260308B02,最高落札価格（TSO別）[円/kW・30分],3.5,2.07,1.95,0,0.77,3.88,2.15,6.55,2.15,6.55
20260308B02,最低落札価格（TSO別）[円/kW・30分],3.5,1.77,1.83,0,0.77,0.36,0.36,0.36,0.36,0.36
20260308B02,平均落札価格（TSO別）[円/kW・30分],3.5,1.91,1.88,0,0.77,1.93,1.76,1.41,0.5,1.57
20260308B02,落札量合計（TSO別）[MW],3,294,197.323,0,87,444,204,92,257,1578.323
20260308B02,（内訳）自エリアからの落札量[MW],3,140,197.323,0,87,186.734,204,92,231,1141.057
20260308B03,募集量（TSO別）[MW],0,148,0,0,131,541,249,144,305,1518
20260308B03,応札量合計（電源属地別）[MW],135.99,640,882.257,0,164,671.948,333.231,84,565,3476.426
20260308B03,落札量合計（電源属地別）[MW],53.215,280,274,0,164,551.72,215.28,84,365,1987.215
20260308B03,応札件数（電源属地別）[件],4,3,10,0,2,4,5,3,5,36
20260308B03,落札件数（電源属地別）[件],3,3,2,0,2,4,4,3,4,25
20260308B03,最高落札価格（電源属地別）[円/kW・30分],9.92,2,5.77,0,0.35,0.67,1.28,7.54,0.58,9.92
20260308B03,最低落札価格（電源属地別）[円/kW・30分],8,1.39,1.23,0,0.35,0.36,0.36,0.36,0.36,0.35
20260308B03,平均落札価格（電源属地別）[円/kW・30分],9.79,1.62,3.19,0,0.35,0.42,0.78,2.54,0.48,1.36
20260308B03,最高落札価格（TSO別）[円/kW・30分],9.92,2,5.77,0,0.35,1.28,1.28,7.54,0.67,9.92
20260308B03,最低落札価格（TSO別）[円/kW・30分],8,1.39,1.23,0,0.35,0.35,0.36,0.36,0.36,0.35
20260308B03,平均落札価格（TSO別）[円/kW・30分],9.79,1.62,3.19,0,0.35,0.49,0.57,2.54,0.49,1.36
20260308B03,落札量合計（TSO別）[MW],53.215,280,274,0,131,541,249,84,375,1987.215
20260308B03,（内訳）自エリアからの落札量[MW],53.215,280,274,0,131,465.714,172.994,84,365,1825.923
20260308B04,募集量（TSO別）[MW],236,138,341,0,264,778,543,247,293,2840
20260308B04,応札量合計（電源属地別）[MW],449.9,450,764.034,0,268,677.948,261.696,177,565,3613.578
20260308B04,落札量合計（電源属地別）[MW],138.556,210,431.444,0,268,677.948,261.696,177,318,2482.644
20260308B04,応札件数（電源属地別）[件],6,2,9,0,2,5,4,3,5,36
20260308B04,落札件数（電源属地別）[件],5,2,5,0,2,5,4,3,4,30
20260308B04,最高落札価格（電源属地別）[円/kW・30分],9,4.22,1.23,0,0.35,19.51,0.36,17.65,0.36,19.51
20260308B04,最低落札価格（電源属地別）[円/kW・30分],3.33,2.86,0.35,0,0.35,0.36,0.36,0.36,0.36,0.35
20260308B04,平均落札価格（電源属地別）[円/kW・30分],6.37,3.31,0.67,0,0.35,0.53,0.36,2.6,0.36,1.2
20260308B04,最高落札価格（TSO別）[円/kW・30分],9,4.22,1.23,0,0.35,19.51,19.51,17.65,0.36,19.51
20260308B04,最低落札価格（TSO別）[円/kW・30分],0.35,0.36,0.35,0,0.35,0.35,0.36,0.36,0.36,0.35
20260308B04,平均落札価格（TSO別）[円/kW・30分],4.38,2.85,0.76,0,0.35,0.48,0.5,2.6,0.36,1.2
20260308B04,落札量合計（TSO別）[MW],236,203,341,0,264,680.058,263.586,177,318,2482.644
20260308B04,（内訳）自エリアからの落札量[MW],138.556,164,341,0,264,676.058,261.696,177,318,2340.31
20260308B05,募集量（TSO別）[MW],113,161,511,0,240,637,269,214,329,2474
20260308B05,応札量合計（電源属地別）[MW],496.69,640,762.27,0,249,671.948,261.696,156,565,3802.604
20260308B05,落札量合計（電源属地別）[MW],88.7,331.43,435.87,0,249,635.304,261.696,156,336,2494
20260308B05,応札件数（電源属地別）[件],7,3,9,0,2,4,4,3,5,37
20260308B05,落札件数（電源属地別）[件],3,3,6,0,2,4,4,3,4,29
20260308B05,最高落札価格（電源属地別）[円/kW・30分],5.1,4.88,2.62,0,0.35,0.36,0.36,17.82,0.36,17.82
20260308B05,最低落札価格（電源属地別）[円/kW・30分],1.49,3.22,0.36,0,0.35,0.36,0.36,0.36,0.36,0.35
20260308B05,平均落札価格（電源属地別）[円/kW・30分],2.2,3.9,0.75,0,0.35,0.36,0.36,2.92,0.36,1.12
20260308B05,最高落札価格（TSO別）[円/kW・30分],5.1,4.88,3.22,0,0.35,0.36,0.36,17.82,0.36,17.82
20260308B05,最低落札価格（TSO別）[円/kW・30分],1.49,3.22,0.36,0,0.35,0.36,0.35,0.36,0.36,0.35
20260308B05,平均落札価格（TSO別）[円/kW・30分],2.42,4.19,1.11,0,0.35,0.36,0.36,2.92,0.36,1.12
20260308B05,落札量合計（TSO別）[MW],113,232,511,0,240,637,269,156,336,2494
20260308B05,（内訳）自エリアからの落札量[MW],88.7,232,435.87,0,240,593.714,218.41,156,336,2300.694
20260308B06,募集量（TSO別）[MW],0,421,189,0,202,732,165,219,302,2230
20260308B06,応札量合計（電源属地別）[MW],132,640,879.136,0,210,671.948,333.231,126,565,3557.315
20260308B06,落札量合計（電源属地別）[MW],3,280,415,0,210,659.902,286.815,126,381.237,2361.954
20260308B06,応札件数（電源属地別）[件],3,3,10,0,2,4,5,3,5,35
20260308B06,落札件数（電源属地別）[件],1,3,4,0,2,4,5,3,5,27
20260308B06,最高落札価格（電源属地別）[円/kW・30分],3.9,2.45,5.77,0,0.35,0.36,1.13,7.76,0.58,7.76
20260308B06,最低落札価格（電源属地別）[円/kW・30分],3.9,1.78,0.35,0,0.35,0.36,0.37,0.36,0.36,0.35
20260308B06,平均落札価格（電源属地別）[円/kW・30分],3.9,2.06,2.22,0,0.35,0.36,0.78,2.05,0.44,1.05
20260308B06,最高落札価格（TSO別）[円/kW・30分],3.9,2.45,5.77,0,0.35,1.13,1.13,7.76,0.58,7.76
20260308B06,最低落札価格（TSO別）[円/kW・30分],3.9,0.35,1.23,0,0.35,0.35,0.37,0.36,0.36,0.35
20260308B06,平均落札価格（TSO別）[円/kW・30分],3.9,1.49,3.19,0,0.35,0.42,0.73,2.05,0.44,1.05
20260308B06,落札量合計（TSO別）[MW],3,421,274,0,202,732,205.954,126,398,2361.954
20260308B06,（内訳）自エリアからの落札量[MW],3,280,274,0,202,659.902,205.954,126,381.237,2132.093
20260308B07,募集量（TSO別）[MW],0,260,88,0,111,613,165,121,305,1663
20260308B07,応札量合計（電源属地別）[MW],33,450,1055.976,2101.582,120,671.948,476.841,121,454.97,5485.317
20260308B07,落札量合計（電源属地別）[MW],0,210,782.943,1066.607,120,178.449,228.85,121,238.945,2946.794
20260308B07,応札件数（電源属地別）[件],1,2,10,13,1,4,6,4,8,49
20260308B07,落札件数（電源属地別）[件],0,2,8,10,1,4,5,4,6,40
20260308B07,最高落札価格（電源属地別）[円/kW・30分],0,1.6,7.26,4.46,0.94,0.51,3.46,6.24,1.77,7.26
20260308B07,最低落札価格（電源属地別）[円/kW・30分],0,1.2,2.06,2.97,0.94,0.36,1.3,0.36,0.36,0.36
20260308B07,平均落札価格（電源属地別）[円/kW・30分],0,1.47,5.44,3.83,0.94,0.43,3.05,1.37,1.12,3.39
20260308B07,最高落札価格（TSO別）[円/kW・30分],0,5.76,7.26,4.46,0.94,4.46,4.2,6.24,4.46,7.26
20260308B07,最低落札価格（TSO別）[円/kW・30分],0,1.2,2.06,2.97,0.94,0.36,1.3,0.36,0.36,0.36
20260308B07,平均落札価格（TSO別）[円/kW・30分],0,2.33,5.45,3.93,0.94,2.62,3.11,1.37,2.02,3.39
20260308B07,落札量合計（TSO別）[MW],0,269,723.943,542.851,111,613,233,121,333,2946.794
20260308B07,（内訳）自エリアからの落札量[MW],0,210,723.943,542.851,111,178.449,219.03,121,238.945,2345.218
20260308B08,募集量（TSO別）[MW],0,0,0,0,98,474,165,107,262,1106
20260308B08,応札量合計（電源属地別）[MW],286.8,380,151.3,1741.382,118,440.948,476.841,107,331,4033.271
20260308B08,落札量合計（電源属地別）[MW],16,140,0,1092.222,118,278.51,235.679,107,231,2218.411
20260308B08,応札件数（電源属地別）[件],5,2,2,11,1,3,6,5,6,41
20260308B08,落札件数（電源属地別）[件],1,2,0,10,1,3,5,5,5,32
20260308B08,最高落札価格（電源属地別）[円/kW・30分],4.38,1.78,0,3.36,0.72,0.36,2.69,6.45,0.85,6.45
20260308B08,最低落札価格（電源属地別）[円/kW・30分],4.38,1.43,0,2.05,0.72,0.36,0.66,0.36,0.36,0.36
20260308B08,平均落札価格（電源属地別）[円/kW・30分],4.38,1.61,0,2.91,0.72,0.36,2.31,1.26,0.46,2
20260308B08,最高落札価格（TSO別）[円/kW・30分],4.38,1.78,0,3.36,0.72,3.36,2.69,6.45,2.69,6.45
20260308B08,最低落札価格（TSO別）[円/kW・30分],4.38,1.43,0,2.34,0.72,0.36,0.36,0.36,0.36,0.36
20260308B08,平均落札価格（TSO別）[円/kW・30分],4.38,1.61,0,2.92,0.72,1.38,2.24,1.26,0.64,2
20260308B08,落札量合計（TSO別）[MW],16,140,0,903.782,98,474,217.629,107,262,2218.411
20260308B08,（内訳）自エリアからの落札量[MW],16,140,0,903.782,98,265.56,210.679,107,231,1972.021
20260309B01,募集量（TSO別）[MW],0,242,0,0,94,287,108,82,165,978
20260309B01,応札量合計（電源属地別）[MW],266,380,76.4,875.908,105,671.948,476.841,91,331,3274.097
20260309B01,落札量合計（電源属地別）[MW],0,165.6,76.4,372.407,105,178.449,235.679,91,86,1310.535
20260309B01,応札件数（電源属地別）[件],3,2,1,14,1,4,6,5,6,42
20260309B01,落札件数（電源属地別）[件],0,2,1,6,1,4,5,5,4,28
20260309B01,最高落札価格（電源属地別）[円/kW・30分],0,2.39,0.35,4.01,0.35,0.82,2.18,6.8,0.99,6.8
20260309B01,最低落札価格（電源属地別）[円/kW・30分],0,2.13,0.35,1.71,0.35,0.36,0.36,0.36,0.36,0.35
20260309B01,平均落札価格（電源属地別）[円/kW・30分],0,2.24,0.35,2.59,0.35,0.56,1.82,1.47,0.75,1.62
20260309B01,最高落札価格（TSO別）[円/kW・30分],0,2.39,0,4.01,0.35,4.01,2.18,6.8,2.18,6.8
20260309B01,最低落札価格（TSO別）[円/kW・30分],0,0.35,0,2.12,0.35,0.35,0.36,0.36,0.36,0.35
20260309B01,平均落札価格（TSO別）[円/kW・30分],0,1.64,0,2.67,0.35,1.17,1.73,1.47,1.35,1.62
20260309B01,落札量合計（TSO別）[MW],0,242,0,274.856,94,287,156.679,91,165,1310.535
20260309B01,（内訳）自エリアからの落札量[MW],0,165.6,0,274.856,94,178.449,156.679,91,86,1046.584
20260309B02,募集量（TSO別）[MW],0,294,0,0,87,444,104,84,257,1270
20260309B02,応札量合計（電源属地別）[MW],288.45,380,151.3,909.908,101,671.948,476.841,92,331,3402.447
20260309B02,落札量合計（電源属地別）[MW],22.45,146,148,684.74,101,178.449,208.05,90,170,1748.689
20260309B02,応札件数（電源属地別）[件],5,2,2,10,1,4,6,4,6,40
20260309B02,落札件数（電源属地別）[件],2,2,2,9,1,4,5,4,5,34
20260309B02,最高落札価格（電源属地別）[円/kW・30分],3.99,2.19,0.35,2.65,0.35,1.02,2.75,6.73,1.16,6.73
20260309B02,最低落札価格（電源属地別）[円/kW・30分],3.5,1.91,0.35,1.47,0.35,0.36,0.59,0.36,0.36,0.35
20260309B02,平均落札価格（電源属地別）[円/kW・30分],3.91,2.03,0.35,2.06,0.35,0.65,2.35,1.42,0.62,1.55
20260309B02,最高落札価格（TSO別）[円/kW・30分],3.99,2.19,0,2.65,0.35,2.65,2.75,6.73,2.75,6.73
20260309B02,最低落札価格（TSO別）[円/kW・30分],3.5,0.35,0,1.74,0.35,0.35,0.59,0.36,0.36,0.35
20260309B02,平均落札価格（TSO別）[円/kW・30分],3.91,1.18,0,1.98,0.35,1.43,2.34,1.42,1.23,1.55
20260309B02,落札量合計（TSO別）[MW],22.45,294,0,350.239,87,444,204,90,257,1748.689
20260309B02,（内訳）自エリアからの落札量[MW],22.45,146,0,350.239,87,178.449,204,90,170,1248.138
20260309B03,募集量（TSO別）[MW],0,148,0,0,131,541,249,144,305,1518
20260309B03,応札量合計（電源属地別）[MW],252.74,640,1091.84,233,165.994,671.948,476.841,84,586.93,4203.293
20260309B03,落札量合計（電源属地別）[MW],5.74,280,274,233,164,518.661,297.451,84,316.709,2173.561
20260309B03,応札件数（電源属地別）[件],5,3,10,2,3,4,6,3,7,43
20260309B03,落札件数（電源属地別）[件],2,3,2,2,2,4,5,3,5,28
20260309B03,最高落札価格（電源属地別）[円/kW・30分],4.45,2.02,5.77,3.69,1.06,1.19,3.25,7.02,1.34,7.02
20260309B03,最低落札価格（電源属地別）[円/kW・30分],3.8,1.41,1.23,3.42,1.05,0.36,1.08,0.36,0.36,0.36
20260309B03,平均落札価格（電源属地別）[円/kW・30分],4.03,1.64,3.19,3.55,1.06,0.48,2.48,1.86,0.76,1.72
20260309B03,最高落札価格（TSO別）[円/kW・30分],4.45,2.02,5.77,3.69,1.06,3.69,3.42,7.02,3.69,7.02
20260309B03,最低落札価格（TSO別）[円/kW・30分],3.8,1.41,1.23,3.42,1.05,0.36,0.36,0.36,0.36,0.36
20260309B03,平均落札価格（TSO別）[円/kW・30分],4.03,1.64,3.19,3.55,1.06,0.83,2.32,1.86,1.27,1.72
20260309B03,落札量合計（TSO別）[MW],5.74,280,274,88.561,131,541,334.26,84,435,2173.561
20260309B03,（内訳）自エリアからの落札量[MW],5.74,280,274,88.561,131,474.216,250.072,84,316.709,1904.298
20260309B04,募集量（TSO別）[MW],236,138,341,0,264,778,543,247,293,2840
20260309B04,応札量合計（電源属地別）[MW],385.65,450,1091.171,10.05,268,677.948,231.996,169,565,3848.815
20260309B04,落札量合計（電源属地別）[MW],108.556,210,461.444,10.05,260.928,588.246,231.996,169,318,2358.22
20260309B04,応札件数（電源属地別）[件],5,2,9,1,2,5,3,3,5,35
20260309B04,落札件数（電源属地別）[件],3,2,5,1,2,4,3,3,4,27
20260309B04,最高落札価格（電源属地別）[円/kW・30分],7,2.57,1.23,19.29,1.43,0.39,1.79,14.05,0.95,19.29
20260309B04,最低落札価格（電源属地別）[円/kW・30分],4,1.77,0.35,19.29,1.42,0.36,0.42,0.36,0.36,0.35
20260309B04,平均落札価格（電源属地別）[円/kW・30分],6.86,2.04,0.65,19.29,1.43,0.37,1.27,2.33,0.64,1.34
20260309B04,最高落札価格（TSO別）[円/kW・30分],7,2.57,1.23,19.29,1.43,0.39,1.79,14.05,0.95,19.29
20260309B04,最低落札価格（TSO別）[円/kW・30分],0.35,0.36,0.35,19.29,1.42,0.36,0.39,0.36,0.36,0.35
20260309B04,平均落札価格（TSO別）[円/kW・30分],3.62,1.77,0.76,19.29,1.43,0.37,1.23,2.33,0.64,1.34
20260309B04,落札量合計（TSO別）[MW],236,203,341,10.05,260.928,576.456,243.786,169,318,2358.22
20260309B04,（内訳）自エリアからの落札量[MW],108.556,164,341,10.05,260.928,576.456,231.996,169,318,2179.986
20260309B05,募集量（TSO別）[MW],113,161,511,0,240,637,269,214,329,2474
20260309B05,応札量合計（電源属地別）[MW],559.04,640,1143.631,0,249,671.948,320.718,156,566.05,4306.387
20260309B05,落札量合計（電源属地別）[MW],55.676,280,520.324,0,249,671.948,274.302,156,286.75,2494
20260309B05,応札件数（電源属地別）[件],7,3,11,0,2,4,5,3,6,41
20260309B05,落札件数（電源属地別）[件],4,3,5,0,2,4,5,3,4,30
20260309B05,最高落札価格（電源属地別）[円/kW・30分],8.01,2.58,0.36,0,0.91,0.36,0.78,13.89,0.63,13.89
20260309B05,最低落札価格（電源属地別）[円/kW・30分],4.62,1.78,0.36,0,0.9,0.36,0.36,0.36,0.36,0.36
20260309B05,平均落札価格（電源属地別）[円/kW・30分],6.89,2.14,0.36,0,0.91,0.36,0.51,2.48,0.47,0.92
20260309B05,最高落札価格（TSO別）[円/kW・30分],8.01,2.58,0.36,0,0.91,0.9,0.78,13.89,0.63,13.89
20260309B05,最低落札価格（TSO別）[円/kW・30分],0.36,1.78,0.36,0,0.9,0.36,0.36,0.36,0.36,0.36
20260309B05,平均落札価格（TSO別）[円/kW・30分],4.18,2.21,0.36,0,0.91,0.39,0.45,2.48,0.46,0.92
20260309B05,落札量合計（TSO別）[MW],113,232,511,0,240,637,269,156,336,2494
20260309B05,（内訳）自エリアからの落札量[MW],55.676,232,511,0,240,584.714,227.296,156,286.75,2293.436
20260309B06,募集量（TSO別）[MW],0,421,189,0,202,732,165,219,302,2230
20260309B06,応札量合計（電源属地別）[MW],198,630,1203.346,1291.182,210,671.948,320.718,119,565,5209.194
20260309B06,落札量合計（電源属地別）[MW],3,210,485,315.982,175.362,620.065,264.049,119,271.294,2463.752
20260309B06,応札件数（電源属地別）[件],4,3,10,4,2,4,5,2,5,39
20260309B06,落札件数（電源属地別）[件],1,3,5,2,2,4,5,2,5,29
20260309B06,最高落札価格（電源属地別）[円/kW・30分],3.1,3.95,5.77,19.29,1.26,0.91,2.91,6.06,1.44,19.29
20260309B06,最低落札価格（電源属地別）[円/kW・30分],3.1,2.19,0.35,0.42,1.25,0.36,1.1,0.36,0.36,0.35
20260309B06,平均落札価格（電源属地別）[円/kW・30分],3.1,2.78,1.95,0.92,1.26,0.56,1.81,1.08,0.76,1.31
20260309B06,最高落札価格（TSO別）[円/kW・30分],3.1,3.95,5.77,19.29,1.26,2.91,2.91,6.06,2.91,19.29
20260309B06,最低落札価格（TSO別）[円/kW・30分],3.1,0.35,1.23,0.42,0.42,0.36,0.42,0.36,0.36,0.35
20260309B06,平均落札価格（TSO別）[円/kW・30分],3.1,1.57,3.19,2.49,1.15,0.71,1.5,1.08,0.66,1.31
20260309B06,落札量合計（TSO別）[MW],3,421,274,76.752,202,732,218,119,418,2463.752
20260309B06,（内訳）自エリアからの落札量[MW],3,210,274,76.752,175.362,480.809,202.313,119,271.294,1812.53
20260309B07,募集量（TSO別）[MW],0,260,88,0,111,613,165,121,305,1663
20260309B07,応札量合計（電源属地別）[MW],266,440,720.688,1117.82,120,763.348,838.314,121,463.97,4851.14
20260309B07,落札量合計（電源属地別）[MW],22.303,159,391.888,477.582,120,247.449,324.441,121,211.693,2075.356
20260309B07,応札件数（電源属地別）[件],3,2,5,4,1,5,12,4,9,45
20260309B07,落札件数（電源属地別）[件],1,2,4,2,1,5,11,4,7,37
20260309B07,最高落札価格（電源属地別）[円/kW・30分],4.52,2.88,7.26,5.26,1.55,1.86,5.02,4.84,2.46,7.26
20260309B07,最低落札価格（電源属地別）[円/kW・30分],4.52,1.37,0.35,0.85,1.55,0.36,2.86,0.36,0.36,0.35
20260309B07,平均落札価格（電源属地別）[円/kW・30分],4.52,2.03,5.02,2.42,1.55,1.24,4.16,1.55,1.67,2.86
20260309B07,最高落札価格（TSO別）[円/kW・30分],4.52,6.35,7.26,5.26,5.02,5.26,5.02,4.84,2.46,7.26
20260309B07,最低落札価格（TSO別）[円/kW・30分],4.52,0.35,3,0.85,1.55,0.36,0.85,0.36,0.36,0.35
20260309B07,平均落札価格（TSO別）[円/kW・30分],4.52,2.48,5.58,2.68,2.8,2.46,3.65,1.55,1.36,2.86
20260309B07,落札量合計（TSO別）[MW],1,260,312.191,82.165,111,613,233,121,342,2075.356
20260309B07,（内訳）自エリアからの落札量[MW],1,159,312.191,82.165,71,247.449,219.03,121,211.693,1424.528
20260309B08,募集量（TSO別）[MW],0,0,0,0,98,474,165,107,262,1106
20260309B08,応札量合計（電源属地別）[MW],284.95,440,470.752,477.582,118,671.948,838.314,107,365,3773.546
20260309B08,落札量合計（電源属地別）[MW],16,140,319.452,459.131,118,178.449,271.04,107,212.138,1821.21
20260309B08,応札件数（電源属地別）[件],5,2,6,2,1,4,12,5,7,44
20260309B08,落札件数（電源属地別）[件],2,2,4,2,1,4,11,5,6,37
20260309B08,最高落札価格（電源属地別）[円/kW・30分],6,3.48,4.9,4.92,0.96,0.9,3.58,5.55,1.32,6
20260309B08,最低落札価格（電源属地別）[円/kW・30分],4.38,1.83,2.01,1.16,0.96,0.36,1.42,0.36,0.36,0.36
20260309B08,平均落札価格（電源属地別）[円/kW・30分],4.48,2.66,2.89,2.55,0.96,0.6,2.6,1.65,0.7,2.08
20260309B08,最高落札価格（TSO別）[円/kW・30分],6,3.48,4.9,4.92,0.96,4.92,4.92,5.55,3.58,6
20260309B08,最低落札価格（TSO別）[円/kW・30分],4.38,1.83,2.01,1.16,0.96,0.36,1.42,0.36,0.36,0.36
20260309B08,平均落札価格（TSO別）[円/kW・30分],4.48,2.66,2.89,3.87,0.96,1.36,2.49,1.65,0.97,2.08
20260309B08,落札量合計（TSO別）[MW],16,140,319.452,177.758,98,474,227,107,262,1821.21
20260309B08,（内訳）自エリアからの落札量[MW],16,140,319.452,177.758,98,178.449,220.08,107,212.138,1468.877
20260310B01,募集量（TSO別）[MW],0,242,0,0,94,287,108,82,165,978
20260310B01,応札量合計（電源属地別）[MW],266,440,384.896,467.3,105,671.948,570.563,91,265,3261.707
20260310B01,落札量合計（電源属地別）[MW],0,140,308.496,410.522,105,178.449,251.07,82,120,1595.537
20260310B01,応札件数（電源属地別）[件],3,2,3,5,1,4,8,5,6,37
20260310B01,落札件数（電源属地別）[件],0,2,2,4,1,4,7,5,5,30
20260310B01,最高落札価格（電源属地別）[円/kW・30分],0,4.02,2.17,2.87,0.35,0.82,2.67,6.68,0.99,6.68
20260310B01,最低落札価格（電源属地別）[円/kW・30分],0,2.24,1.89,2.16,0.35,0.36,0.5,0.36,0.36,0.35
20260310B01,平均落札価格（電源属地別）[円/kW・30分],0,3.13,2,2.54,0.35,0.56,2.09,0.83,0.68,1.82
20260310B01,最高落札価格（TSO別）[円/kW・30分],0,4.02,2.17,2.87,0.35,2.87,2.67,6.68,2.55,6.68
20260310B01,最低落札価格（TSO別）[円/kW・30分],0,1.89,1.89,2.16,0.35,0.35,0.5,0.36,0.36,0.35
20260310B01,平均落札価格（TSO別）[円/kW・30分],0,2.63,2.02,2.56,0.35,1.21,1.99,0.83,1.19,1.82
20260310B01,落札量合計（TSO別）[MW],0,242,206.496,312.971,94,287,206.07,82,165,1595.537
20260310B01,（内訳）自エリアからの落札量[MW],0,140,206.496,312.971,94,178.449,206.07,82,120,1339.986
20260310B02,募集量（TSO別）[MW],0,294,0,0,87,444,104,84,257,1270
20260310B02,応札量合計（電源属地別）[MW],269.75,440,231.592,460,101,769.748,570.563,92,365,3299.653
20260310B02,落札量合計（電源属地別）[MW],0,149.62,200.292,401.289,101,247.449,208.07,92,170,1569.72
20260310B02,応札件数（電源属地別）[件],4,2,6,4,1,5,8,4,7,41
20260310B02,落札件数（電源属地別）[件],0,2,6,4,1,5,7,4,5,34
20260310B02,最高落札価格（電源属地別）[円/kW・30分],0,3.88,4.15,3.04,0.35,3.97,3.06,6.73,1.16,6.73
20260310B02,最低落札価格（電源属地別）[円/kW・30分],0,2.13,0.35,2.14,0.35,0.36,0.89,0.36,0.36,0.35
20260310B02,平均落札価格（電源属地別）[円/kW・30分],0,2.95,1.1,2.63,0.35,1.57,2.36,1.4,0.69,1.83
20260310B02,最高落札価格（TSO別）[円/kW・30分],0,3.88,4.15,3.04,0.35,3.97,3.06,6.73,3.06,6.73
20260310B02,最低落札価格（TSO別）[円/kW・30分],0,0.35,1.05,2.14,0.35,0.35,0.89,0.36,0.36,0.35
20260310B02,平均落札価格（TSO別）[円/kW・30分],0,1.76,2.59,2.68,0.35,1.98,2.35,1.4,1.31,1.83
20260310B02,落札量合計（TSO別）[MW],0,294,55.912,135.808,87,444,204,92,257,1569.72
20260310B02,（内訳）自エリアからの落札量[MW],0,149.62,55.912,135.808,87,247.449,204,92,170,1141.789
20260310B03,募集量（TSO別）[MW],0,148,0,0,131,541,249,144,305,1518
20260310B03,応札量合計（電源属地別）[MW],271.74,700,1208.963,226,165.994,671.948,539.828,113,555.93,4453.403
20260310B03,落札量合計（電源属地別）[MW],23.215,280,274,226,164,453.07,345.863,113,315.612,2194.76
20260310B03,応札件数（電源属地別）[件],5,3,10,2,3,4,9,3,8,47
20260310B03,落札件数（電源属地別）[件],2,3,2,2,2,4,8,3,6,32
20260310B03,最高落札価格（電源属地別）[円/kW・30分],4.28,3.59,5.77,3.34,1.27,1.19,3.03,7.12,1.51,7.12
20260310B03,最低落札価格（電源属地別）[円/kW・30分],3.8,1.34,1.23,3.08,1.06,0.36,0.99,0.36,0.36,0.36
20260310B03,平均落札価格（電源属地別）[円/kW・30分],4.2,2.05,3.19,3.21,1.14,0.5,1.58,1.58,0.76,1.66
20260310B03,最高落札価格（TSO別）[円/kW・30分],4.28,3.59,5.77,3.34,1.27,3.34,3.03,7.12,3.34,7.12
20260310B03,最低落札価格（TSO別）[円/kW・30分],3.8,1.34,1.23,3.08,1.06,0.36,0.99,0.36,0.36,0.36
20260310B03,平均落札価格（TSO別）[円/kW・30分],4.2,2.05,3.19,3.21,1.13,0.81,1.57,1.58,1.32,1.66
20260310B03,落札量合計（TSO別）[MW],23.215,280,274,87.188,134,541,307.357,113,435,2194.76
20260310B03,（内訳）自エリアからの落札量[MW],23.215,280,274,87.188,134,453.07,307.357,113,315.612,1987.442
20260310B04,募集量（TSO別）[MW],236,138,341,0,264,778,543,247,293,2840
20260310B04,応札量合計（電源属地別）[MW],408.65,510,1090.567,10.45,247,677.948,391.113,232,667,4234.728
20260310B04,落札量合計（電源属地別）[MW],108.556,210,478.444,10.45,245.468,583.456,390.363,232,318,2576.737
20260310B04,応札件数（電源属地別）[件],5,2,9,1,2,5,6,3,6,39
20260310B04,落札件数（電源属地別）[件],2,2,5,1,2,5,6,3,5,31
20260310B04,最高落札価格（電源属地別）[円/kW・30分],7.1,4.51,1.23,19.29,1.64,19.51,1.45,14.49,0.95,19.51
20260310B04,最低落札価格（電源属地別）[円/kW・30分],4.75,1.81,0.35,19.29,1.43,0.36,0.39,0.36,0.36,0.35
20260310B04,平均落札価格（電源属地別）[円/kW・30分],4.79,2.71,0.64,19.29,1.52,0.57,0.95,1.83,0.58,1.27
20260310B04,最高落札価格（TSO別）[円/kW・30分],7.1,4.51,1.23,19.29,1.64,19.51,1.45,14.49,0.95,19.51
20260310B04,最低落札価格（TSO別）[円/kW・30分],0.35,0.36,0.35,19.29,1.43,0.36,0.39,0.36,0.36,0.35
20260310B04,平均落札価格（TSO別）[円/kW・30分],3.31,1.62,0.76,19.29,1.51,0.59,0.95,1.83,0.58,1.27
20260310B04,落札量合計（TSO別）[MW],236,220,341,10.45,232.468,596.456,390.363,232,318,2576.737
20260310B04,（内訳）自エリアからの落札量[MW],108.556,128,341,10.45,232.468,583.456,390.363,232,318,2344.293
20260310B05,募集量（TSO別）[MW],113,161,511,0,240,637,269,214,329,2474
20260310B05,応札量合計（電源属地別）[MW],401.14,510,1098.344,0,247,671.948,348.945,30,613.05,3920.427
20260310B05,落札量合計（電源属地別）[MW],55.676,210,561.324,0,247,671.948,344.052,30,212,2332
20260310B05,応札件数（電源属地別）[件],6,2,11,0,2,4,6,2,6,39
20260310B05,落札件数（電源属地別）[件],3,2,6,0,2,4,6,2,3,28
20260310B05,最高落札価格（電源属地別）[円/kW・30分],5.07,4.47,0.36,0,1.11,0.36,0.5,14.03,0.5,14.03
20260310B05,最低落札価格（電源属地別）[円/kW・30分],4.62,1.79,0.36,0,0.91,0.36,0.36,8.9,0.36,0.36
20260310B05,平均落札価格（電源属地別）[円/kW・30分],4.96,2.68,0.36,0,0.99,0.36,0.43,11.47,0.43,0.91
20260310B05,最高落札価格（TSO別）[円/kW・30分],5.07,4.47,4.47,0,1.11,1.11,0.5,14.03,0.5,14.03
20260310B05,最低落札価格（TSO別）[円/kW・30分],1.79,0.36,0.36,0,0.91,0.36,0.36,8.9,0.36,0.36
20260310B05,平均落札価格（TSO別）[円/kW・30分],3.57,2.02,0.45,0,0.99,0.37,0.41,11.47,0.44,0.91
20260310B05,落札量合計（TSO別）[MW],113,203,511,0,240,637,269,30,329,2332
20260310B05,（内訳）自エリアからの落札量[MW],55.676,142,500.324,0,240,622.919,240.685,30,212,2043.604
20260310B06,募集量（TSO別）[MW],0,421,189,0,202,732,165,219,302,2230
20260310B06,応札量合計（電源属地別）[MW],269,630,1173.448,1290.682,210,440.948,282.203,168,534,4998.281
20260310B06,落札量合計（電源属地別）[MW],3,210,485,336.949,207.101,440.948,243.254,168,418,2512.252
20260310B06,応札件数（電源属地別）[件],4,3,10,4,2,3,6,3,6,41
20260310B06,落札件数（電源属地別）[件],1,3,5,3,2,3,6,3,6,32
20260310B06,最高落札価格（電源属地別）[円/kW・30分],3.1,3.38,5.77,19.29,1.47,0.36,2.03,5.77,1.61,19.29
20260310B06,最低落札価格（電源属地別）[円/kW・30分],3.1,1.67,0.35,1.1,1.26,0.36,0.78,0.36,0.36,0.35
20260310B06,平均落札価格（電源属地別）[円/kW・30分],3.1,2.27,1.95,1.55,1.32,0.36,1.18,1.01,0.94,1.29
20260310B06,最高落札価格（TSO別）[円/kW・30分],3.1,3.38,5.77,19.29,1.47,2.03,2.03,5.77,1.61,19.29
20260310B06,最低落札価格（TSO別）[円/kW・30分],3.1,0.35,1.23,1.1,0.83,0.36,0.78,0.36,0.36,0.35
20260310B06,平均落札価格（TSO別）[円/kW・30分],3.1,1.31,3.19,2.98,1.32,0.66,1.19,1.01,0.94,1.29
20260310B06,落札量合計（TSO別）[MW],3,421,274,76.252,202,732,218,168,418,2512.252
20260310B06,（内訳）自エリアからの落札量[MW],3,210,274,76.252,174,440.948,218,168,418,1982.2
20260310B07,募集量（TSO別）[MW],0,260,88,0,111,613,165,121,305,1663
20260310B07,応札量合計（電源属地別）[MW],266,440,497.334,920.546,120,671.948,838.314,121,463.97,4339.112
20260310B07,落札量合計（電源属地別）[MW],21.335,159,317.834,477.582,120,178.449,324.441,121,214.46,1934.101
20260310B07,応札件数（電源属地別）[件],3,2,5,4,1,4,12,4,9,44
20260310B07,落札件数（電源属地別）[件],1,2,4,2,1,4,11,4,7,36
20260310B07,最高落札価格（電源属地別）[円/kW・30分],4.19,1.86,7.26,4.59,1.55,1.54,4.55,4.78,2.46,7.26
20260310B07,最低落札価格（電源属地別）[円/kW・30分],4.19,0.66,0.35,1.78,1.55,0.36,2.39,0.36,0.36,0.35
20260310B07,平均落札価格（電源属地別）[円/kW・30分],4.19,1.19,4.93,2.78,1.55,1,3.69,1.68,1.65,2.74
20260310B07,最高落札価格（TSO別）[円/kW・30分],4.19,4.51,7.26,4.59,4.55,4.59,4.55,4.78,4.59,7.26
20260310B07,最低落札価格（TSO別）[円/kW・30分],4.19,0.35,2.27,4.59,1.55,0.36,1.55,0.36,0.36,0.35
20260310B07,平均落札価格（TSO別）[円/kW・30分],4.19,1.7,5.89,4.59,2.63,2.01,3.35,1.68,2.44,2.74
20260310B07,落札量合計（TSO別）[MW],0.282,260,237.887,43.27,111,613,205.662,121,342,1934.101
20260310B07,（内訳）自エリアからの落札量[MW],0.282,159,237.887,43.27,71,178.449,191.682,121,214.46,1217.03
20260310B08,募集量（TSO別）[MW],0,0,0,0,98,474,165,107,262,1106
20260310B08,応札量合計（電源属地別）[MW],284.95,440,260.861,486.881,118,440.948,838.314,107,365,3341.954
20260310B08,落札量合計（電源属地別）[MW],16,140,109.561,477.582,118,100.736,310.644,107,212.138,1591.661
20260310B08,応札件数（電源属地別）[件],5,2,4,4,1,3,12,5,7,43
20260310B08,落札件数（電源属地別）[件],2,2,2,2,1,3,11,5,6,34
20260310B08,最高落札価格（電源属地別）[円/kW・30分],4.52,3.03,3.31,3.76,0.96,0.36,3.27,5.16,1.32,5.16
20260310B08,最低落札価格（電源属地別）[円/kW・30分],4.38,1.49,3.07,2.45,0.96,0.36,1.11,0.36,0.36,0.36
20260310B08,平均落札価格（電源属地別）[円/kW・30分],4.47,2.26,3.26,2.92,0.96,0.36,2.42,1.7,0.7,2.12
20260310B08,最高落札価格（TSO別）[円/kW・30分],4.52,3.03,3.31,3.76,0.96,3.76,3.27,5.16,3.76,5.16
20260310B08,最低落札価格（TSO別）[円/kW・30分],4.38,1.49,3.07,2.45,0.96,0.36,1.11,0.36,0.36,0.36
20260310B08,平均落札価格（TSO別）[円/kW・30分],4.47,2.26,3.26,3.37,0.96,2.26,2.11,1.7,1.02,2.12
20260310B08,落札量合計（TSO別）[MW],16,140,109.561,158.1,98,474,227,107,262,1591.661
20260310B08,（内訳）自エリアからの落札量[MW],16,140,109.561,158.1,98,100.736,220.08,107,212.138,1161.615
20260311B01,募集量（TSO別）[MW],0,242,0,0,94,287,108,82,165,978
20260311B01,応札量合計（電源属地別）[MW],266,440,76.4,477.3,105,440.948,570.563,91,365,2832.211
20260311B01,落札量合計（電源属地別）[MW],0,165.6,76.4,470,105,100.736,264.293,82,120,1384.029
20260311B01,応札件数（電源属地別）[件],3,2,1,5,1,3,8,5,7,35
20260311B01,落札件数（電源属地別）[件],0,2,1,4,1,3,7,5,5,28
20260311B01,最高落札価格（電源属地別）[円/kW・30分],0,3.66,0.35,2.79,0.35,0.36,2.68,6.67,0.99,6.67
20260311B01,最低落札価格（電源属地別）[円/kW・30分],0,2.01,0.35,2.2,0.35,0.36,0.51,0.36,0.36,0.35
20260311B01,平均落札価格（電源属地別）[円/kW・30分],0,2.71,0.35,2.56,0.35,0.36,2.09,0.83,0.68,1.77
20260311B01,最高落札価格（TSO別）[円/kW・30分],0,3.66,0,2.79,0.35,2.79,2.68,6.67,2.68,6.67
20260311B01,最低落札価格（TSO別）[円/kW・30分],0,0.35,0,2.2,0.35,0.36,0.51,0.36,0.36,0.35
20260311B01,平均落札価格（TSO別）[円/kW・30分],0,1.96,0,2.52,0.35,1.8,1.97,0.83,1.23,1.77
20260311B01,落札量合計（TSO別）[MW],0,242,0,297.959,105,287,205.07,82,165,1384.029
20260311B01,（内訳）自エリアからの落札量[MW],0,165.6,0,297.959,105,100.736,205.07,82,120,1076.365
20260311B02,募集量（TSO別）[MW],0,294,0,0,87,444,104,84,257,1270
20260311B02,応札量合計（電源属地別）[MW],269,440,188.332,478.3,101,440.948,570.563,92,385,2965.143
20260311B02,落札量合計（電源属地別）[MW],13,159,164.21,471,101,100.736,208.07,92,170,1479.016
20260311B02,応札件数（電源属地別）[件],4,2,3,5,1,3,8,4,8,38
20260311B02,落札件数（電源属地別）[件],2,2,3,4,1,3,7,4,5,31
20260311B02,最高落札価格（電源属地別）[円/kW・30分],4.55,3.46,1.41,2.95,0.35,0.36,3.06,6.73,1.16,6.73
20260311B02,最低落札価格（電源属地別）[円/kW・30分],4.3,1.85,0.35,2.27,0.35,0.36,0.9,0.36,0.36,0.35
20260311B02,平均落札価格（電源属地別）[円/kW・30分],4.49,2.56,0.58,2.71,0.35,0.36,2.39,1.4,0.69,1.79
20260311B02,最高落札価格（TSO別）[円/kW・30分],4.55,3.46,1.41,2.95,0.35,2.95,3.06,6.73,3.06,6.73
20260311B02,最低落札価格（TSO別）[円/kW・30分],4.3,0.35,1.41,2.86,0.35,0.35,0.9,0.36,0.36,0.35
20260311B02,平均落札価格（TSO別）[円/kW・30分],4.49,1.57,1.41,2.93,0.35,2.03,2.38,1.4,1.45,1.79
20260311B02,落札量合計（TSO別）[MW],13,294,29.21,58.806,87,444,204,92,257,1479.016
20260311B02,（内訳）自エリアからの落札量[MW],13,159,29.21,58.806,87,100.736,204,92,170,913.752
20260311B03,募集量（TSO別）[MW],0,148,0,0,131,541,249,144,305,1518
20260311B03,応札量合計（電源属地別）[MW],270.99,700,1100.439,349,165.994,440.948,539.828,84,534,4185.199
20260311B03,落札量合計（電源属地別）[MW],23.215,280,260,349,156.683,382.674,337.916,84,260,2133.488
20260311B03,応札件数（電源属地別）[件],5,3,10,3,3,3,9,3,6,45
20260311B03,落札件数（電源属地別）[件],2,3,2,3,2,3,8,3,5,31
20260311B03,最高落札価格（電源属地別）[円/kW・30分],4.28,3.5,5.77,3.5,1.06,0.36,2.88,7.02,1.51,7.02
20260311B03,最低落札価格（電源属地別）[円/kW・30分],3.6,1.29,3.08,3.24,1.05,0.36,0.86,0.36,0.36,0.36
20260311B03,平均落札価格（電源属地別）[円/kW・30分],4.19,1.99,4.3,3.36,1.06,0.36,1.46,1.87,0.69,1.91
20260311B03,最高落札価格（TSO別）[円/kW・30分],4.28,3.5,5.77,3.5,1.06,3.5,2.88,7.02,3.24,7.02
20260311B03,最低落札価格（TSO別）[円/kW・30分],3.6,1.29,3.08,3.24,1.05,0.36,0.86,0.36,0.36,0.36
20260311B03,平均落札価格（TSO別）[円/kW・30分],4.19,1.99,4.3,3.36,1.06,1.75,1.26,1.87,0.71,1.91
20260311B03,落札量合計（TSO別）[MW],23.215,280,260,130.273,131,541,249,84,435,2133.488
20260311B03,（内訳）自エリアからの落札量[MW],23.215,280,260,130.273,131,261.922,244.563,84,260,1674.973
20260311B04,募集量（TSO別）[MW],236,138,341,0,264,778,543,247,293,2840
20260311B04,応札量合計（電源属地別）[MW],408.65,510,1067.872,10.45,268,446.948,408.959,179,667,3966.879
20260311B04,落札量合計（電源属地別）[MW],108.556,210,478.444,10.45,251.458,420.224,355.451,179,318,2331.583
20260311B04,応札件数（電源属地別）[件],5,2,9,1,2,4,6,3,6,38
20260311B04,落札件数（電源属地別）[件],2,2,6,1,2,4,6,3,5,31
20260311B04,最高落札価格（電源属地別）[円/kW・30分],4.75,4.55,1.23,19.29,1.43,19.51,1.19,14.06,0.95,19.51
20260311B04,最低落札価格（電源属地別）[円/kW・30分],3.9,1.83,0.35,19.29,1.42,0.36,0.36,0.36,0.36,0.35
20260311B04,平均落札価格（電源属地別）[円/kW・30分],4.72,2.74,0.64,19.29,1.43,0.63,0.79,2.22,0.58,1.32
20260311B04,最高落札価格（TSO別）[円/kW・30分],4.75,4.55,1.23,19.29,1.43,19.51,1.19,14.06,0.95,19.51
20260311B04,最低落札価格（TSO別）[円/kW・30分],0.35,0.35,0.35,19.29,1.42,0.36,0.36,0.36,0.36,0.35
20260311B04,平均落札価格（TSO別）[円/kW・30分],3.02,1.93,0.76,19.29,1.43,0.63,0.79,2.22,0.58,1.32
20260311B04,落札量合計（TSO別）[MW],236,220,341,10.45,251.458,420.224,355.451,179,318,2331.583
20260311B04,（内訳）自エリアからの落札量[MW],108.556,142,341,10.45,251.458,420.224,355.451,179,318,2126.139
20260311B05,募集量（TSO別）[MW],113,161,511,0,240,637,269,214,329,2474
20260311B05,応札量合計（電源属地別）[MW],405.14,510,927.219,0,249,440.948,408.959,156,668.05,3765.316
20260311B05,落札量合計（電源属地別）[MW],55.676,210,561.324,0,249,440.948,408.959,156,348.312,2430.219
20260311B05,応札件数（電源属地別）[件],6,2,10,0,2,3,6,3,7,39
20260311B05,落札件数（電源属地別）[件],3,2,6,0,2,3,6,3,5,30
20260311B05,最高落札価格（電源属地別）[円/kW・30分],5.07,4.59,0.36,0,0.91,0.36,0.43,13.81,0.63,13.81
20260311B05,最低落札価格（電源属地別）[円/kW・30分],4.62,1.85,0.36,0,0.9,0.36,0.36,0.36,0.36,0.36
20260311B05,平均落札価格（電源属地別）[円/kW・30分],4.96,2.76,0.36,0,0.91,0.36,0.39,2.47,0.46,0.88
20260311B05,最高落札価格（TSO別）[円/kW・30分],5.07,4.59,1.85,0,0.91,0.91,0.43,13.81,0.63,13.81
20260311B05,最低落札価格（TSO別）[円/kW・30分],1.85,0.36,0.36,0,0.9,0.36,0.36,0.36,0.36,0.36
20260311B05,平均落札価格（TSO別）[円/kW・30分],3.87,2.08,0.39,0,0.91,0.39,0.38,2.47,0.46,0.88
20260311B05,落札量合計（TSO別）[MW],113,203,511,0,240,602.219,269,156,336,2430.219
20260311B05,（内訳）自エリアからの落札量[MW],55.676,142,500.324,0,240,440.948,269,156,336,2139.948
20260311B06,募集量（TSO別）[MW],0,421,189,0,202,732,165,219,302,2230
20260311B06,応札量合計（電源属地別）[MW],269,630,1184.458,1290.682,210,440.948,265.349,124,534,4948.437
20260311B06,落札量合計（電源属地別）[MW],3,210,479,410.49,169.132,440.948,265.349,124,360.333,2462.252
20260311B06,応札件数（電源属地別）[件],4,3,10,4,2,3,5,3,6,40
20260311B06,落札件数（電源属地別）[件],1,3,6,3,2,3,5,3,6,32
20260311B06,最高落札価格（電源属地別）[円/kW・30分],3.1,4.09,7.26,19.29,1.26,0.36,1.89,6.25,1.61,19.29
20260311B06,最低落札価格（電源属地別）[円/kW・30分],3.1,2.02,0.35,0.64,1.25,0.36,0.75,0.36,0.36,0.35
20260311B06,平均落札価格（電源属地別）[円/kW・30分],3.1,2.82,3.85,1.2,1.26,0.36,1.08,1.24,0.88,1.65
20260311B06,最高落札価格（TSO別）[円/kW・30分],3.1,4.09,7.26,19.29,1.52,1.52,1.89,6.25,1.89,19.29
20260311B06,最低落札価格（TSO別）[円/kW・30分],3.1,0.35,5.77,0.64,0.36,0.36,0.75,0.36,0.36,0.35
20260311B06,平均落札価格（TSO別）[円/kW・30分],3.1,1.59,6.6,2.57,1.13,0.61,0.96,1.24,0.93,1.65
20260311B06,落札量合計（TSO別）[MW],3,421,268,76.252,202,732,218,124,418,2462.252
20260311B06,（内訳）自エリアからの落札量[MW],3,210,268,76.252,144,382.449,218,124,360.333,1786.034
20260311B07,募集量（TSO別）[MW],0,260,88,0,111,613,165,121,305,1663
20260311B07,応札量合計（電源属地別）[MW],266,440,759.792,1123.622,120,671.948,838.314,121,454.97,4795.646
20260311B07,落札量合計（電源属地別）[MW],0,140,442.252,477.582,120,178.449,324.441,121,205.46,2009.184
20260311B07,応札件数（電源属地別）[件],3,2,8,4,1,4,12,4,8,46
20260311B07,落札件数（電源属地別）[件],0,2,5,2,1,4,11,4,6,35
20260311B07,最高落札価格（電源属地別）[円/kW・30分],0,3.35,5.49,4.96,1.55,1.54,4.49,5.48,2.46,5.49
20260311B07,最低落札価格（電源属地別）[円/kW・30分],0,1.76,1.23,0.88,1.55,0.36,2.32,0.36,0.36,0.36
20260311B07,平均落札価格（電源属地別）[円/kW・30分],0,2.56,3.45,2.33,1.55,1,3.63,1.41,1.78,2.53
20260311B07,最高落札価格（TSO別）[円/kW・30分],0,5.49,5.49,0.88,4.96,4.96,4.49,5.48,2.46,5.49
20260311B07,最低落札価格（TSO別）[円/kW・30分],0,1.76,1.23,0.88,0.88,0.36,1.55,0.36,0.36,0.36
20260311B07,平均落札価格（TSO別）[円/kW・30分],0,3.81,2.77,0.88,1.52,2.74,3.11,1.41,1.44,2.53
20260311B07,落札量合計（TSO別）[MW],0,260,322.252,36,111,613,212.932,121,333,2009.184
20260311B07,（内訳）自エリアからの落札量[MW],0,140,322.252,36,71,178.449,198.962,121,205.46,1273.123
20260311B08,募集量（TSO別）[MW],0,0,0,0,98,474,165,107,262,1106
20260311B08,応札量合計（電源属地別）[MW],284.95,440,324.319,479.581,118,671.948,838.314,107,331,3595.112
20260311B08,落札量合計（電源属地別）[MW],16,140,173.019,461.931,118,178.449,268.24,107,212.138,1674.777
20260311B08,応札件数（電源属地別）[件],5,2,4,3,1,4,12,5,6,42
20260311B08,落札件数（電源属地別）[件],2,2,2,2,1,4,11,5,5,34
20260311B08,最高落札価格（電源属地別）[円/kW・30分],4.52,3.68,2.06,4.64,0.96,0.9,3.2,5.77,1.32,5.77
20260311B08,最低落札価格（電源属地別）[円/kW・30分],4.38,2.02,1.23,3.04,0.96,0.36,1.04,0.36,0.36,0.36
20260311B08,平均落札価格（電源属地別）[円/kW・30分],4.47,2.85,1.31,3.57,0.96,0.6,2.24,1.58,0.62,2.07
20260311B08,最高落札価格（TSO別）[円/kW・30分],4.52,3.68,2.06,4.64,0.96,4.64,3.2,5.77,4.64,5.77
20260311B08,最低落札価格（TSO別）[円/kW・30分],4.38,2.02,1.23,3.04,0.96,0.36,1.04,0.36,0.36,0.36
20260311B08,平均落札価格（TSO別）[円/kW・30分],4.47,2.85,1.31,4.02,0.96,2.24,2.06,1.58,1.01,2.07
20260311B08,落札量合計（TSO別）[MW],16,140,173.019,177.758,98,474,227,107,262,1674.777
20260311B08,（内訳）自エリアからの落札量[MW],16,140,173.019,177.758,98,178.449,220.08,107,212.138,1322.444
20260312B01,募集量（TSO別）[MW],0,242,0,0,94,287,108,82,165,978
20260312B01,応札量合計（電源属地別）[MW],266,440,76.4,504,105,671.948,553.709,91,331,3039.057
20260312B01,落札量合計（電源属地別）[MW],0,165.6,76.4,415.522,105,178.449,251.556,82,86,1360.527
20260312B01,応札件数（電源属地別）[件],3,2,1,6,1,4,7,5,6,35
20260312B01,落札件数（電源属地別）[件],0,2,1,5,1,4,6,5,4,28
20260312B01,最高落札価格（電源属地別）[円/kW・30分],0,3.88,0.35,3.71,0.35,0.82,2.59,6.69,0.99,6.69
20260312B01,最低落札価格（電源属地別）[円/kW・30分],0,2.19,0.35,1.67,0.35,0.36,0.43,0.36,0.36,0.35
20260312B01,平均落札価格（電源属地別）[円/kW・30分],0,2.9,0.35,2.89,0.35,0.56,2.09,0.83,0.75,1.84
20260312B01,最高落札価格（TSO別）[円/kW・30分],0,3.88,0,3.71,0.35,3.71,2.59,6.69,2.59,6.69
20260312B01,最低落札価格（TSO別）[円/kW・30分],0,0.35,0,2.41,0.35,0.35,0.43,0.36,0.36,0.35
20260312B01,平均落札価格（TSO別）[円/kW・30分],0,2.1,0,2.93,0.35,1.31,1.88,0.83,1.61,1.84
20260312B01,落札量合計（TSO別）[MW],0,242,0,317.971,94,287,172.556,82,165,1360.527
20260312B01,（内訳）自エリアからの落札量[MW],0,165.6,0,317.971,94,178.449,172.556,82,86,1096.576
20260312B02,募集量（TSO別）[MW],0,294,0,0,87,444,104,84,257,1270
20260312B02,応札量合計（電源属地別）[MW],269,440,151.3,466,101,671.948,553.709,92,365,3109.957
20260312B02,落札量合計（電源属地別）[MW],36.442,159,128,448.935,101,178.449,222.647,92,170,1536.473
20260312B02,応札件数（電源属地別）[件],4,2,2,4,1,4,7,4,7,35
20260312B02,落札件数（電源属地別）[件],3,2,2,4,1,4,6,4,5,31
20260312B02,最高落札価格（電源属地別）[円/kW・30分],4.55,3.59,0.35,2.92,0.35,1.02,3.02,6.73,1.16,6.73
20260312B02,最低落札価格（電源属地別）[円/kW・30分],4.2,1.95,0.35,2.22,0.35,0.36,0.86,0.36,0.36,0.35
20260312B02,平均落札価格（電源属地別）[円/kW・30分],4.51,2.67,0.35,2.65,0.35,0.65,2.47,1.4,0.69,1.8
20260312B02,最高落札価格（TSO別）[円/kW・30分],4.55,4.55,0,2.92,0.35,2.92,3.02,6.73,3.02,6.73
20260312B02,最低落札価格（TSO別）[円/kW・30分],4.2,0.35,0,2.22,0.35,0.35,0.86,0.36,0.36,0.35
20260312B02,平均落札価格（TSO別）[円/kW・30分],4.51,1.71,0,2.74,0.35,1.72,2.43,1.4,1.41,1.8
20260312B02,落札量合計（TSO別）[MW],29.442,294,0,129.031,87,444,204,92,257,1536.473
20260312B02,（内訳）自エリアからの落札量[MW],29.442,159,0,129.031,87,178.449,204,92,170,1048.922
20260312B03,募集量（TSO別）[MW],0,148,0,0,131,541,249,144,305,1518
20260312B03,応札量合計（電源属地別）[MW],270.99,700,1241.508,346,164,671.948,569.42,181,554,4698.866
20260312B03,落札量合計（電源属地別）[MW],23.215,280,260,314.803,164,453.07,415.4,144,260,2314.488
20260312B03,応札件数（電源属地別）[件],5,3,10,3,2,4,8,3,7,45
20260312B03,落札件数（電源属地別）[件],2,3,2,3,2,4,8,3,5,32
20260312B03,最高落札価格（電源属地別）[円/kW・30分],4.28,3.49,5.77,3.48,1.27,1.19,3.09,7.01,1.51,7.01
20260312B03,最低落札価格（電源属地別）[円/kW・30分],3.8,1.28,3.08,3.21,1.05,0.36,0.93,0.36,0.36,0.36
20260312B03,平均落札価格（電源属地別）[円/kW・30分],4.22,1.98,4.3,3.34,1.13,0.5,1.93,1.23,0.69,1.9
20260312B03,最高落札価格（TSO別）[円/kW・30分],4.28,3.49,5.77,3.48,1.27,3.48,3.32,7.01,3.32,7.01
20260312B03,最低落札価格（TSO別）[円/kW・30分],3.8,1.28,3.08,3.21,1.05,0.36,0.93,0.36,0.36,0.36
20260312B03,平均落札価格（TSO別）[円/kW・30分],4.22,1.98,4.3,3.35,1.14,1.49,1.89,1.23,0.76,1.9
20260312B03,落札量合計（TSO別）[MW],23.215,280,260,150.273,140,541,341,144,435,2314.488
20260312B03,（内訳）自エリアからの落札量[MW],23.215,280,260,150.273,140,332.318,317.973,144,260,1907.779
20260312B04,募集量（TSO別）[MW],236,138,567,0,264,778,543,247,293,3066
20260312B04,応札量合計（電源属地別）[MW],387.9,510,1203.492,10.45,221,677.948,482.174,271,667,4430.964
20260312B04,落札量合計（電源属地別）[MW],108.556,210,704.444,10.45,218.718,583.456,482.174,271,318,2906.798
20260312B04,応札件数（電源属地別）[件],5,2,10,1,2,5,6,3,6,40
20260312B04,落札件数（電源属地別）[件],2,2,6,1,2,4,6,3,5,31
20260312B04,最高落札価格（電源属地別）[円/kW・30分],4.75,4.44,1.23,19.29,1.64,0.39,1.57,13.94,0.95,19.29
20260312B04,最低落札価格（電源属地別）[円/kW・30分],3.9,1.77,0.35,19.29,1.42,0.36,0.38,0.36,0.36,0.35
20260312B04,平均落札価格（電源属地別）[円/kW・30分],4.73,2.66,0.55,19.29,1.52,0.37,1.06,1.58,0.58,1.15
20260312B04,最高落札価格（TSO別）[円/kW・30分],4.75,4.44,1.23,19.29,1.64,1.64,1.57,13.94,0.95,19.29
20260312B04,最低落札価格（TSO別）[円/kW・30分],0.35,0.35,0.35,19.29,1.42,0.36,0.38,0.36,0.36,0.35
20260312B04,平均落札価格（TSO別）[円/kW・30分],3,1.88,0.6,19.29,1.52,0.47,1.02,1.7,0.58,1.15
20260312B04,落札量合計（TSO別）[MW],236,220,567,10.45,211.718,664.952,431.678,247,318,2906.798
20260312B04,（内訳）自エリアからの落札量[MW],108.556,142,567,10.45,211.718,583.456,431.678,247,318,2619.858
20260312B05,募集量（TSO別）[MW],113,161,737,0,240,637,269,214,329,2700
20260312B05,応札量合計（電源属地別）[MW],384.39,510,1059.548,0,221,671.948,482.174,30,667,4026.06
20260312B05,落札量合計（電源属地別）[MW],55.676,210,787.324,0,221,671.948,389.897,30,219.867,2585.712
20260312B05,応札件数（電源属地別）[件],6,2,9,0,2,4,6,2,6,37
20260312B05,落札件数（電源属地別）[件],3,2,7,0,2,4,6,2,4,30
20260312B05,最高落札価格（電源属地別）[円/kW・30分],5.07,4.75,7.21,0,1.11,0.36,0.68,14.08,0.5,14.08
20260312B05,最低落札価格（電源属地別）[円/kW・30分],4.62,1.93,0.36,0,0.9,0.36,0.36,8.91,0.36,0.36
20260312B05,平均落札価格（電源属地別）[円/kW・30分],4.96,2.87,0.83,0,1,0.36,0.51,11.5,0.39,1.02
20260312B05,最高落札価格（TSO別）[円/kW・30分],5.07,4.75,7.21,0,1.11,0.68,0.68,14.08,0.5,14.08
20260312B05,最低落札価格（TSO別）[円/kW・30分],1.93,0.36,0.36,0,0.36,0.36,0.36,8.91,0.36,0.36
20260312B05,平均落札価格（TSO別）[円/kW・30分],3.65,2.38,0.87,0,0.95,0.4,0.46,11.5,0.38,1.02
20260312B05,落札量合計（TSO別）[MW],113,203,737,0,240,637,289.712,30,336,2585.712
20260312B05,（内訳）自エリアからの落札量[MW],55.676,152.676,737,0,221,537.216,277.113,30,219.867,2230.548
20260312B06,募集量（TSO別）[MW],0,421,415,0,202,732,165,219,302,2456
20260312B06,応札量合計（電源属地別）[MW],269,630,1231.516,1207.632,210,671.948,482.174,30,534,5266.27
20260312B06,落札量合計（電源属地別）[MW],10,210,626,315.482,176,570.423,381.347,30,203,2522.252
20260312B06,応札件数（電源属地別）[件],4,3,11,4,2,4,6,2,6,42
20260312B06,落札件数（電源属地別）[件],1,3,8,2,2,4,6,2,4,32
20260312B06,最高落札価格（電源属地別）[円/kW・30分],4.18,4.3,7.26,19.29,1.47,0.91,2.33,6.28,1.61,19.29
20260312B06,最低落札価格（電源属地別）[円/kW・30分],4.18,2.21,0.35,0.65,1.25,0.36,0.72,1.7,0.36,0.35
20260312B06,平均落札価格（電源属地別）[円/kW・30分],4.18,3.01,3.03,1.12,1.36,0.54,1.54,3.99,0.59,1.7
20260312B06,最高落札価格（TSO別）[円/kW・30分],4.18,4.3,7.26,19.29,2.33,2.33,2.33,6.28,2.21,19.29
20260312B06,最低落札価格（TSO別）[円/kW・30分],4.18,0.35,0.36,0.65,0.65,0.36,0.72,1.7,0.36,0.35
20260312B06,平均落札価格（TSO別）[円/kW・30分],4.18,1.68,4.39,2.58,1.33,0.81,1.42,3.99,0.57,1.7
20260312B06,落札量合計（TSO別）[MW],10,421,415,76.252,202,732,218,30,418,2522.252
20260312B06,（内訳）自エリアからの落札量[MW],10,210,415,76.252,176,412.274,205.61,30,203,1738.136
20260312B07,募集量（TSO別）[MW],0,260,88,0,111,613,165,121,305,1663
20260312B07,応札量合計（電源属地別）[MW],233,440,829.849,481.732,120,763.348,766.779,121,388.97,4144.678
20260312B07,落札量合計（電源属地別）[MW],10,140,491.174,477.582,120,247.449,324.441,121,228.693,2160.339
20260312B07,応札件数（電源属地別）[件],2,2,8,3,1,5,11,4,8,44
20260312B07,落札件数（電源属地別）[件],1,2,5,2,1,5,11,4,7,38
20260312B07,最高落札価格（電源属地別）[円/kW・30分],4.19,3.85,9.7,4.84,1.54,4.84,4.29,8.04,2.46,9.7
20260312B07,最低落札価格（電源属地別）[円/kW・30分],4.19,2.16,1.23,0.83,1.54,0.36,2.12,0.36,0.36,0.36
20260312B07,平均落札価格（電源属地別）[円/kW・30分],4.19,3.01,4.51,2.26,1.54,2.07,3.43,2.08,1.78,2.88
20260312B07,最高落札価格（TSO別）[円/kW・30分],4.19,9.7,9.7,4.84,4.17,4.84,4.84,8.04,2.46,9.7
20260312B07,最低落札価格（TSO別）[円/kW・30分],4.19,2.16,1.23,0.83,1.54,0.36,2.12,0.36,0.36,0.36
20260312B07,平均落札価格（TSO別）[円/kW・30分],4.19,4.53,3.94,2.5,2.39,2.55,3.19,2.08,1.44,2.88
20260312B07,落札量合計（TSO別）[MW],10,260,371.174,82.165,111,613,233,121,359,2160.339
20260312B07,（内訳）自エリアからの落札量[MW],10,140,371.174,82.165,71,247.449,219.03,121,228.693,1490.511
20260312B08,募集量（TSO別）[MW],0,0,0,0,98,474,165,107,262,1106
20260312B08,応札量合計（電源属地別）[MW],236,440,475.363,477.582,118,671.948,766.779,107,333,3625.672
20260312B08,落札量合計（電源属地別）[MW],16,140,324.063,477.582,118,178.449,227,107,262,1850.094
20260312B08,応札件数（電源属地別）[件],3,2,5,2,1,4,11,5,6,39
20260312B08,落札件数（電源属地別）[件],1,2,3,2,1,4,11,5,6,35
20260312B08,最高落札価格（電源属地別）[円/kW・30分],4.52,4.37,2.53,4.4,0.96,0.9,3.1,5.65,1.32,5.65
20260312B08,最低落札価格（電源属地別）[円/kW・30分],4.52,2.57,1.23,2.78,0.96,0.36,0.93,0.36,0.36,0.36
20260312B08,平均落札価格（電源属地別）[円/kW・30分],4.52,3.47,1.88,3.36,0.96,0.6,1.89,1.29,0.63,2.01
20260312B08,最高落札価格（TSO別）[円/kW・30分],4.52,4.37,2.53,4.4,0.96,4.4,3.1,5.65,1.32,5.65
20260312B08,最低落札価格（TSO別）[円/kW・30分],4.52,2.57,1.23,2.78,0.96,0.36,0.93,0.36,0.36,0.36
20260312B08,平均落札価格（TSO別）[円/kW・30分],4.52,3.47,1.88,3.73,0.96,2.17,1.89,1.29,0.63,2.01
20260312B08,落札量合計（TSO別）[MW],16,140,324.063,182.031,118,474,227,107,262,1850.094
20260312B08,（内訳）自エリアからの落札量[MW],16,140,324.063,182.031,118,178.449,227,107,262,1554.543
20260313B01,募集量（TSO別）[MW],0,242,0,0,94,287,108,82,165,978
20260313B01,応札量合計（電源属地別）[MW],233,440,76.4,0,105,671.948,482.174,91,265,2364.522
20260313B01,落札量合計（電源属地別）[MW],10.332,242,0,0,105,287,206.06,91,165,1106.392
20260313B01,応札件数（電源属地別）[件],2,2,1,0,1,4,6,5,6,27
20260313B01,落札件数（電源属地別）[件],1,2,0,0,1,4,6,5,6,25
20260313B01,最高落札価格（電源属地別）[円/kW・30分],4.6,3.83,0,0,0.35,0.82,2.35,6.19,0.99,6.19
20260313B01,最低落札価格（電源属地別）[円/kW・30分],4.6,2.15,0,0,0.35,0.36,0.36,0.36,0.36,0.35
20260313B01,平均落札価格（電源属地別）[円/kW・30分],4.6,2.64,0,0,0.35,0.48,1.79,1.46,0.59,1.32
20260313B01,最高落札価格（TSO別）[円/kW・30分],4.6,3.83,0,0,0.35,0.82,2.35,6.19,0.99,6.19
20260313B01,最低落札価格（TSO別）[円/kW・30分],4.6,2.15,0,0,0.35,0.36,0.36,0.36,0.36,0.35
20260313B01,平均落札価格（TSO別）[円/kW・30分],4.6,2.64,0,0,0.35,0.48,1.79,1.46,0.59,1.32
20260313B01,落札量合計（TSO別）[MW],10.332,242,0,0,105,287,206.06,91,165,1106.392
20260313B01,（内訳）自エリアからの落札量[MW],10.332,242,0,0,105,287,206.06,91,165,1106.392
20260313B02,募集量（TSO別）[MW],0,294,0,0,87,444,104,84,257,1270
20260313B02,応札量合計（電源属地別）[MW],236.75,440,151.3,0,101,769.748,482.174,92,365,2637.972
20260313B02,落札量合計（電源属地別）[MW],32.182,294,0,0,101,444,204.06,92,257,1424.242
20260313B02,応札件数（電源属地別）[件],3,2,2,0,1,5,6,4,7,30
20260313B02,落札件数（電源属地別）[件],2,2,0,0,1,5,6,4,6,26
20260313B02,最高落札価格（電源属地別）[円/kW・30分],4.54,3.63,0,0,0.35,4.59,2.8,6.27,1.16,6.27
20260313B02,最低落札価格（電源属地別）[円/kW・30分],3.5,1.98,0,0,0.35,0.36,0.64,0.36,0.36,0.35
20260313B02,平均落札価格（電源属地別）[円/kW・30分],4.42,2.56,0,0,0.35,1.13,2.22,1.45,0.58,1.52
20260313B02,最高落札価格（TSO別）[円/kW・30分],4.54,3.63,0,0,0.35,4.59,2.8,6.27,1.16,6.27
20260313B02,最低落札価格（TSO別）[円/kW・30分],3.5,1.98,0,0,0.35,0.36,0.64,0.36,0.36,0.35
20260313B02,平均落札価格（TSO別）[円/kW・30分],4.42,2.56,0,0,0.35,1.13,2.22,1.45,0.58,1.52
20260313B02,落札量合計（TSO別）[MW],32.182,294,0,0,101,444,204.06,92,257,1424.242
20260313B02,（内訳）自エリアからの落札量[MW],32.182,294,0,0,101,444,204.06,92,257,1424.242
20260313B03,募集量（TSO別）[MW],0,148,0,0,131,541,249,144,305,1518
20260313B03,応札量合計（電源属地別）[MW],236.75,651,411.3,0,164,671.948,569.42,30,554,3288.418
20260313B03,落札量合計（電源属地別）[MW],62,299,260,0,164,541,341,30,435,2132
20260313B03,応札件数（電源属地別）[件],3,3,4,0,2,4,8,2,7,33
20260313B03,落札件数（電源属地別）[件],3,3,2,0,2,4,8,2,6,30
20260313B03,最高落札価格（電源属地別）[円/kW・30分],9.92,3.7,5.77,0,1.06,1.19,2.99,7.06,1.51,9.92
20260313B03,最低落札価格（電源属地別）[円/kW・30分],3.8,1.39,3.08,0,1.05,0.36,0.83,2.69,0.36,0.36
20260313B03,平均落札価格（電源属地別）[円/kW・30分],6.73,2.11,4.3,0,1.06,0.51,1.64,4.88,0.85,1.73
20260313B03,最高落札価格（TSO別）[円/kW・30分],9.92,3.7,5.77,0,1.06,1.19,2.99,7.06,1.51,9.92
20260313B03,最低落札価格（TSO別）[円/kW・30分],3.8,1.39,3.08,0,1.05,0.36,0.83,2.69,0.36,0.36
20260313B03,平均落札価格（TSO別）[円/kW・30分],6.73,2.11,4.3,0,1.06,0.51,1.64,4.88,0.85,1.73
20260313B03,落札量合計（TSO別）[MW],62,299,260,0,164,541,341,30,435,2132
20260313B03,（内訳）自エリアからの落札量[MW],62,299,260,0,164,541,341,30,435,2132
20260313B04,募集量（TSO別）[MW],236,138,341,0,264,778,543,247,293,2840
20260313B04,応札量合計（電源属地別）[MW],354.9,510,307.3,0,268,677.948,438.551,30,667,3253.699
20260313B04,落札量合計（電源属地別）[MW],236,220,307.3,0,268,583.456,436.269,30,318,2399.025
20260313B04,応札件数（電源属地別）[件],4,2,3,0,2,5,5,2,6,29
20260313B04,落札件数（電源属地別）[件],4,2,3,0,2,4,5,2,5,27
20260313B04,最高落札価格（電源属地別）[円/kW・30分],9,4.63,7.21,0,1.43,0.39,1.64,14.33,0.95,14.33
20260313B04,最低落札価格（電源属地別）[円/kW・30分],3.9,1.87,0.35,0,1.42,0.36,0.38,8.94,0.36,0.35
20260313B04,平均落札価格（電源属地別）[円/kW・30分],6.51,2.75,2.5,0,1.43,0.37,1.18,11.64,0.58,1.9
20260313B04,最高落札価格（TSO別）[円/kW・30分],9,4.63,7.21,0,1.43,1.64,1.64,14.33,0.95,14.33
20260313B04,最低落札価格（TSO別）[円/kW・30分],3.9,1.87,0.35,0,1.42,0.36,0.38,8.94,0.36,0.35
20260313B04,平均落札価格（TSO別）[円/kW・30分],6.51,2.75,2.5,0,1.43,0.44,1.15,11.64,0.58,1.9
20260313B04,落札量合計（TSO別）[MW],236,220,307.3,0,268,621.225,398.5,30,318,2399.025
20260313B04,（内訳）自エリアからの落札量[MW],236,220,307.3,0,268,583.456,398.5,30,318,2361.256
20260313B05,募集量（TSO別）[MW],113,161,511,0,240,637,269,214,329,2474
20260313B05,応札量合計（電源属地別）[MW],369.4,510,151.3,0,249,671.948,438.551,30,667,3087.199
20260313B05,落札量合計（電源属地別）[MW],123.653,210.679,151.3,0,249,671.948,362.052,30,199,1997.632
20260313B05,応札件数（電源属地別）[件],4,2,2,0,2,4,5,2,6,27
20260313B05,落札件数（電源属地別）[件],4,2,2,0,2,4,5,2,4,25
20260313B05,最高落札価格（電源属地別）[円/kW・30分],9.21,4.81,7.21,0,0.91,0.36,0.66,14.07,0.5,14.07
20260313B05,最低落札価格（電源属地別）[円/kW・30分],4.62,1.96,2.62,0,0.9,0.36,0.36,8.9,0.36,0.36
20260313B05,平均落札価格（電源属地別）[円/kW・30分],6.68,2.91,4.94,0,0.91,0.36,0.52,11.49,0.38,1.63
20260313B05,最高落札価格（TSO別）[円/kW・30分],9.21,9.21,7.21,0,0.91,0.66,0.66,14.07,0.9,14.07
20260313B05,最低落札価格（TSO別）[円/kW・30分],1.96,1.96,2.62,0,0.36,0.36,0.36,8.9,0.36,0.36
20260313B05,平均落札価格（TSO別）[円/kW・30分],5.3,3.66,4.94,0,0.88,0.4,0.45,11.49,0.42,1.63
20260313B05,落札量合計（TSO別）[MW],131.332,203,151.3,0,240,637,269,30,336,1997.632
20260313B05,（内訳）自エリアからの落札量[MW],74.008,153.355,151.3,0,219.015,537.216,204.449,30,199,1568.343
20260313B06,募集量（TSO別）[MW],0,421,189,0,202,732,165,219,302,2230
20260313B06,応札量合計（電源属地別）[MW],236,630,509.7,248.706,210,671.948,438.551,30,534,3508.905
20260313B06,落札量合計（電源属地別）[MW],31.75,248,424,0,175.605,654.24,322.155,30,418,2303.75
20260313B06,応札件数（電源属地別）[件],3,3,5,1,2,4,5,2,6,31
20260313B06,落札件数（電源属地別）[件],2,3,4,0,2,4,5,2,6,28
20260313B06,最高落札価格（電源属地別）[円/kW・30分],4.18,3.61,7.26,0,1.26,0.91,2.26,6.81,1.61,7.26
20260313B06,最低落札価格（電源属地別）[円/kW・30分],3.1,1.6,0.35,0,1.25,0.36,0.66,2.71,0.36,0.35
20260313B06,平均落札価格（電源属地別）[円/kW・30分],4.08,2.29,4.3,0,1.26,0.55,1.66,4.76,0.94,1.81
20260313B06,最高落札価格（TSO別）[円/kW・30分],4.18,4.18,7.26,0,2.15,2.26,2.26,6.81,1.61,7.26
20260313B06,最低落札価格（TSO別）[円/kW・30分],4.18,0.35,5.77,0,0.71,0.36,0.66,2.71,0.36,0.35
20260313B06,平均落札価格（TSO別）[円/kW・30分],4.18,1.64,6.6,0,1.25,0.76,1.43,4.76,0.94,1.81
20260313B06,落札量合計（TSO別）[MW],14.75,421,268,0,202,732,218,30,418,2303.75
20260313B06,（内訳）自エリアからの落札量[MW],14.75,248,268,0,175.605,639,218,30,418,2011.355
20260313B07,募集量（TSO別）[MW],0,260,88,0,111,613,165,121,305,1663
20260313B07,応札量合計（電源属地別）[MW],233,440,561.8,622.3,120,671.948,766.779,44,464.97,3924.797
20260313B07,落札量合計（電源属地別）[MW],35.782,159,392.5,0,120,432.186,324.441,44,335,1842.909
20260313B07,応札件数（電源属地別）[件],2,2,5,2,1,4,11,3,9,39
20260313B07,落札件数（電源属地別）[件],2,2,4,0,1,4,11,3,7,34
20260313B07,最高落札価格（電源属地別）[円/kW・30分],8.59,3.33,3.08,0,1.55,1.54,4.04,7.8,2.46,8.59
20260313B07,最低落札価格（電源属地別）[円/kW・30分],4.19,1.75,0.35,0,1.55,0.36,1.88,1.86,0.36,0.35
20260313B07,平均落札価格（電源属地別）[円/kW・30分],5.42,2.45,1.89,0,1.55,0.79,3.18,5,1.2,1.9
20260313B07,最高落札価格（TSO別）[円/kW・30分],8.59,8.59,3.08,0,1.98,4.04,4.04,7.8,2.46,8.59
20260313B07,最低落札価格（TSO別）[円/kW・30分],4.19,0.35,1.23,0,0.36,0.36,0.7,1.86,0.36,0.35
20260313B07,平均落札価格（TSO別）[円/kW・30分],4.66,2.2,2.14,0,1.53,1.63,2.48,5,1.19,1.9
20260313B07,落札量合計（TSO別）[MW],21.282,260,306,0,111,613,165,44,322.627,1842.909
20260313B07,（内訳）自エリアからの落札量[MW],21.282,159,306,0,71,410.216,151.03,44,314.627,1477.155
20260313B08,募集量（TSO別）[MW],0,0,0,0,98,474,165,107,262,1106
20260313B08,応札量合計（電源属地別）[MW],254.7,380,307.3,355.2,118,671.948,766.779,64,365,3282.927
20260313B08,落札量合計（電源属地別）[MW],35.082,140,156,0,118,384.106,320.894,64,238,1456.082
20260313B08,応札件数（電源属地別）[件],4,2,3,1,1,4,11,4,7,37
20260313B08,落札件数（電源属地別）[件],2,2,1,0,1,4,11,4,6,31
20260313B08,最高落札価格（電源属地別）[円/kW・30分],4.52,2.13,1.23,0,0.96,0.9,3,5.91,1.32,5.91
20260313B08,最低落札価格（電源属地別）[円/kW・30分],4.38,2.08,1.23,0,0.96,0.36,0.87,0.36,0.36,0.36
20260313B08,平均落札価格（電源属地別）[円/kW・30分],4.45,2.11,1.23,0,0.96,0.47,2.16,1.89,0.66,1.31
20260313B08,最高落札価格（TSO別）[円/kW・30分],4.52,2.13,1.23,0,0.96,3,3,5.91,3,5.91
20260313B08,最低落札価格（TSO別）[円/kW・30分],4.38,2.08,1.23,0,0.96,0.36,0.36,0.36,0.36,0.36
20260313B08,平均落札価格（TSO別）[円/kW・30分],4.45,2.11,1.23,0,0.96,0.88,1.76,1.89,0.89,1.31
20260313B08,落札量合計（TSO別）[MW],35.082,140,156,0,98,474,227,64,262,1456.082
20260313B08,（内訳）自エリアからの落札量[MW],35.082,140,156,0,98,378.216,220.11,64,237,1328.408
E
