H,電力需給調整力取引所取引結果,対象年月,商品区分,ブロック数
P,速報値,202607,一次調整力,48
TT,取引情報,北海道,東北,東京,中部,北陸,関西,中国,四国,九州,合計
20260701B01,募集量（TSO別）[MW],60,82,436,53,53,138,140,40,165,1167
20260701B01,応札量合計（電源属地別）[MW],120.09,54.917,377.931,85.671,80.93,84.052,192.521,174.93,148.958,1320
20260701B01,落札量合計（電源属地別）[MW],110,54.917,377.931,56.343,80.93,74.227,192.521,42,144.979,1133.848
20260701B01,応札件数（電源属地別）[件],7,9,45,25,4,13,8,7,23,141
20260701B01,落札件数（電源属地別）[件],4,9,45,14,4,8,8,4,21,117
20260701B01,最高落札価格（電源属地別）[円/kW・30分],8.4,15,15,13,11.9,11.89,12.59,1.9,12,15
20260701B01,最低落札価格（電源属地別）[円/kW・30分],1.01,5.59,0.39,3.02,0.39,1.38,0.39,1.57,0.39,0.39
20260701B01,平均落札価格（電源属地別）[円/kW・30分],2.73,9.12,3.5,5.31,0.66,4.31,1.56,1.62,3.21,3.2
20260701B01,最高落札価格（TSO別）[円/kW・30分],8.4,15,15,13,0.39,11.9,2.13,1.9,12.59,15
20260701B01,最低落札価格（TSO別）[円/kW・30分],1.01,5.59,0.39,3.02,0.39,0.39,0.39,1.57,0.39,0.39
20260701B01,平均落札価格（TSO別）[円/kW・30分],2.73,9.12,3.5,5.38,0.39,3.22,1.23,1.62,3.13,3.2
20260701B01,落札量合計（TSO別）[MW],110,54.917,377.931,53,53,138,140,42,165,1133.848
20260701B01,（内訳）自エリアからの落札量[MW],110,54.917,377.931,53,53,74.227,140,42,144.979,1050.054
20260701B02,募集量（TSO別）[MW],60,82,436,53,53,138,140,40,165,1167
20260701B02,応札量合計（電源属地別）[MW],140.36,64.845,493.494,107.271,80.93,84.052,200.463,174.93,150.947,1497.292
20260701B02,落札量合計（電源属地別）[MW],110,49.634,468.366,71.575,79,72.267,186.574,42,139.584,1219
20260701B02,応札件数（電源属地別）[件],8,14,49,36,4,13,12,7,24,167
20260701B02,落札件数（電源属地別）[件],4,6,36,22,3,7,5,4,18,105
20260701B02,最高落札価格（電源属地別）[円/kW・30分],7.9,15,14.99,10,0.39,10,2.13,1.8,10,15
20260701B02,最低落札価格（電源属地別）[円/kW・30分],1.01,5.69,0.39,1.25,0.39,1.29,0.39,1.75,0.39,0.39
20260701B02,平均落札価格（電源属地別）[円/kW・30分],2.63,8.54,3.31,5.69,0.39,3.62,1.33,1.78,2.1,2.93
20260701B02,最高落札価格（TSO別）[円/kW・30分],7.9,15,14.99,10,0.39,10,2.13,1.8,10,15
20260701B02,最低落札価格（TSO別）[円/kW・30分],1.01,0.39,0.39,1.25,0.39,0.39,0.39,1.75,0.39,0.39
20260701B02,平均落札価格（TSO別）[円/kW・30分],2.63,6.85,3.24,4.3,0.39,3.5,1.31,1.78,1.98,2.93
20260701B02,落札量合計（TSO別）[MW],110,82,436,53,53,138,140,42,165,1219
20260701B02,（内訳）自エリアからの落札量[MW],110,49.634,436,53,53,72.267,140,42,139.584,1095.485
20260701B03,募集量（TSO別）[MW],60,82,436,53,53,138,140,40,165,1167
20260701B03,応札量合計（電源属地別）[MW],120.09,64.845,515.093,91.119,80.93,32.817,200.463,196.93,150.947,1453.234
20260701B03,落札量合計（電源属地別）[MW],110,45.17,472.83,85.841,80.93,30.819,200.463,42,150.947,1219
20260701B03,応札件数（電源属地別）[件],7,14,50,36,4,10,12,8,24,165
20260701B03,落札件数（電源属地別）[件],4,3,29,34,4,9,12,4,24,123
20260701B03,最高落札価格（電源属地別）[円/kW・30分],8.35,12,14.5,13.29,11.9,11.85,11.9,1.8,12,14.5
20260701B03,最低落札価格（電源属地別）[円/kW・30分],1.01,5.76,0.39,1.25,0.39,7.88,0.39,1.75,0.39,0.39
20260701B03,平均落札価格（電源属地別）[円/kW・30分],2.72,7.93,2.8,8.07,0.66,9.18,2.04,1.78,2.7,3.2
20260701B03,最高落札価格（TSO別）[円/kW・30分],8.35,14.5,11.42,13,0.39,13.29,2.13,1.8,12,14.5
20260701B03,最低落札価格（TSO別）[円/kW・30分],1.01,2.96,0.39,3.32,0.39,0.39,0.39,1.75,0.39,0.39
20260701B03,平均落札価格（TSO別）[円/kW・30分],2.72,7.49,2.45,7.56,0.39,5.6,1.33,1.78,2.82,3.2
20260701B03,落札量合計（TSO別）[MW],110,82,436,53,53,138,140,42,165,1219
20260701B03,（内訳）自エリアからの落札量[MW],110,45.17,436,53,53,30.819,140,42,150.947,1060.936
20260701B04,募集量（TSO別）[MW],60,82,436,53,53,138,140,40,165,1167
20260701B04,応札量合計（電源属地別）[MW],118.1,64.845,520.967,91.29,80.93,80.242,204.235,196.93,152.936,1510.475
20260701B04,落札量合計（電源属地別）[MW],84,45.17,472.83,78.617,79,63.425,188.374,42,139.584,1193
20260701B04,応札件数（電源属地別）[件],6,14,53,36,4,11,14,8,25,171
20260701B04,落札件数（電源属地別）[件],1,3,37,29,3,3,6,4,18,104
20260701B04,最高落札価格（電源属地別）[円/kW・30分],1.01,12,14.98,10,0.39,10.5,2.13,1.9,10,14.98
20260701B04,最低落札価格（電源属地別）[円/kW・30分],1.01,5.93,0.39,3.39,0.39,0.3,0.39,1.62,0.39,0.3
20260701B04,平均落札価格（電源属地別）[円/kW・30分],1.01,8,3.47,8.1,0.39,2.25,1.21,1.66,1.9,2.9
20260701B04,最高落札価格（TSO別）[円/kW・30分],1.01,12,14.98,10,0.39,10.5,2.13,1.9,10,14.98
20260701B04,最低落札価格（TSO別）[円/kW・30分],1.01,0.39,0.39,3.39,0.39,0.3,0.39,1.62,0.39,0.3
20260701B04,平均落札価格（TSO別）[円/kW・30分],1.01,6.8,3.32,7.39,0.39,3.06,1.22,1.66,1.8,2.9
20260701B04,落札量合計（TSO別）[MW],84,82,436,53,53,138,140,42,165,1193
20260701B04,（内訳）自エリアからの落札量[MW],84,45.17,436,53,53,63.425,140,42,139.584,1056.179
20260701B05,募集量（TSO別）[MW],60,82,434,52,53,137,139,40,165,1162
20260701B05,応札量合計（電源属地別）[MW],194.88,62.847,509.033,75.398,80.93,80.094,204.235,196.93,150.447,1554.794
20260701B05,落札量合計（電源属地別）[MW],103,45.17,470.83,64.933,80.93,66.235,190.833,42,143.069,1207
20260701B05,応札件数（電源属地別）[件],9,13,47,28,4,11,14,8,24,158
20260701B05,落札件数（電源属地別）[件],5,3,36,22,4,4,8,4,20,106
20260701B05,最高落札価格（電源属地別）[円/kW・30分],5.5,12,14.98,10,9,10.19,11,1.8,10.9,14.98
20260701B05,最低落札価格（電源属地別）[円/kW・30分],1.01,5.82,0.39,2.89,0.39,1.26,0.39,1.75,0.39,0.39
20260701B05,平均落札価格（電源属地別）[円/kW・30分],1.6,7.96,3.38,7.56,0.6,3.02,1.45,1.78,2.18,2.92
20260701B05,最高落札価格（TSO別）[円/kW・30分],5.5,14.98,14.98,10,0.39,11,2.13,1.8,10.9,14.98
20260701B05,最低落札価格（TSO別）[円/kW・30分],1.01,0.39,0.7,2.89,0.39,0.39,0.39,1.75,0.39,0.39
20260701B05,平均落札価格（TSO別）[円/kW・30分],1.6,6.96,3.18,6.96,0.39,3.06,1.31,1.78,2.09,2.92
20260701B05,落札量合計（TSO別）[MW],103,82,434,52,53,137,139,42,165,1207
20260701B05,（内訳）自エリアからの落札量[MW],103,45.17,434,52,53,66.235,139,42,143.069,1077.474
20260701B06,募集量（TSO別）[MW],60,82,433,51,53,137,139,40,165,1160
20260701B06,応札量合計（電源属地別）[MW],160.09,62.849,503.281,93.07,80.93,78.282,204.235,196.93,152.436,1532.103
20260701B06,落札量合計（電源属地別）[MW],104.99,55.245,459.755,72.197,80.93,62.425,188.374,42,141.074,1206.99
20260701B06,応札件数（電源属地別）[件],8,13,52,37,4,10,14,8,25,171
20260701B06,落札件数（電源属地別）[件],6,9,38,26,4,2,6,4,19,114
20260701B06,最高落札価格（電源属地別）[円/kW・30分],8.4,15,14.99,10,9,7.88,3,1.8,10,15
20260701B06,最低落札価格（電源属地別）[円/kW・30分],1.01,5.93,0.39,1.25,0.39,1.26,0.39,1.36,0.39,0.39
20260701B06,平均落札価格（電源属地別）[円/kW・30分],1.81,9.28,3.72,7.32,0.6,2.85,1.45,1.76,1.84,3.13
20260701B06,最高落札価格（TSO別）[円/kW・30分],8.4,15,14.99,10,0.39,10,2.13,1.8,10,15
20260701B06,最低落札価格（TSO別）[円/kW・30分],1.01,3.34,0.39,1.25,0.39,0.39,0.39,1.36,0.39,0.39
20260701B06,平均落札価格（TSO別）[円/kW・30分],1.81,10.52,3.14,6.76,0.39,3.14,1.41,1.76,1.8,3.13
20260701B06,落札量合計（TSO別）[MW],104.99,82,433,51,53,137,139,42,165,1206.99
20260701B06,（内訳）自エリアからの落札量[MW],104.99,55.245,433,51,53,62.425,139,42,141.074,1081.734
20260701B07,募集量（TSO別）[MW],60,167,432,51,53,137,139,40,165,1244
20260701B07,応札量合計（電源属地別）[MW],208.39,75.345,505.28,110.333,45.93,86.001,217.116,194.93,146.903,1590.228
20260701B07,落札量合計（電源属地別）[MW],149,75.345,500.516,62.996,45.93,64.275,188.374,95.912,132.513,1314.861
20260701B07,応札件数（電源属地別）[件],9,14,53,37,3,14,21,7,25,183
20260701B07,落札件数（電源属地別）[件],6,14,51,13,3,3,6,4,18,118
20260701B07,最高落札価格（電源属地別）[円/kW・30分],13.5,15,15,9.99,9,7.88,2.13,1.8,10,15
20260701B07,最低落札価格（電源属地別）[円/kW・30分],1.01,5.33,0.39,2.41,0.39,1.26,0.39,1.19,0.39,0.39
20260701B07,平均落札価格（電源属地別）[円/kW・30分],2.94,9.27,4.12,5.29,0.75,2.8,1.48,1.35,2.04,3.37
20260701B07,最高落札価格（TSO別）[円/kW・30分],13.5,15,15,9.99,9.9,9.99,2.13,1.8,10,15
20260701B07,最低落札価格（TSO別）[円/kW・30分],1.01,2.96,0.39,2.41,0.39,1.19,0.39,1.19,0.39,0.39
20260701B07,平均落札価格（TSO別）[円/kW・30分],2.94,9.48,3.24,4.4,1.78,2.31,1.46,1.52,1.94,3.37
20260701B07,落札量合計（TSO別）[MW],149,143.861,432,51,53,137,139,45,165,1314.861
20260701B07,（内訳）自エリアからの落札量[MW],149,75.345,432,51,45.93,64.275,139,45,132.513,1134.063
20260701B08,募集量（TSO別）[MW],60,167,433,51,53,137,139,40,166,1246
20260701B08,応札量合計（電源属地別）[MW],160.09,76.845,521.046,95.951,45.93,86.001,217.116,194.93,154.365,1552.274
20260701B08,落札量合計（電源属地別）[MW],114.99,76.845,519.202,82.591,45.93,74.227,200.253,46,142.999,1303.037
20260701B08,応札件数（電源属地別）[件],8,15,54,38,3,14,21,7,26,186
20260701B08,落札件数（電源属地別）[件],6,15,54,31,3,8,12,3,20,152
20260701B08,最高落札価格（電源属地別）[円/kW・30分],13.5,15,15,10,9,10,10.77,1.9,10.9,15
20260701B08,最低落札価格（電源属地別）[円/kW・30分],1.01,5.2,0.39,1.25,0.39,1.29,0.39,1.06,0.39,0.39
20260701B08,平均落札価格（電源属地別）[円/kW・30分],3.07,9.33,3.94,7.73,0.75,3.79,2.04,1.31,2.29,3.73
20260701B08,最高落札価格（TSO別）[円/kW・30分],13.5,15,15,10,10,10.77,2.13,1.9,10.9,15
20260701B08,最低落札価格（TSO別）[円/kW・30分],1.01,0.39,0.65,1.25,0.39,1.25,0.39,1.06,0.39,0.39
20260701B08,平均落札価格（TSO別）[円/kW・30分],3.07,8.06,3.35,6.87,1.87,4.65,1.46,1.31,2.42,3.73
20260701B08,落札量合計（TSO別）[MW],114.99,163.047,433,51,53,137,139,46,166,1303.037
20260701B08,（内訳）自エリアからの落札量[MW],114.99,76.845,433,51,45.93,74.227,139,46,142.999,1123.991
20260701B09,募集量（TSO別）[MW],60,167,434,51,53,138,139,41,166,1249
20260701B09,応札量合計（電源属地別）[MW],208.39,76.845,521.046,114.093,45.93,86.001,217.116,197.93,149.258,1616.609
20260701B09,落札量合計（電源属地別）[MW],162.29,76.845,520.202,100.733,45.93,66.225,190.338,46,143.774,1352.337
20260701B09,応札件数（電源属地別）[件],9,15,53,39,3,14,21,8,26,188
20260701B09,落札件数（電源属地別）[件],7,15,53,32,3,4,7,3,23,147
20260701B09,最高落札価格（電源属地別）[円/kW・30分],13.5,15,15,10,9,10.8,10.77,1.8,10,15
20260701B09,最低落札価格（電源属地別）[円/kW・30分],1.01,5.02,0.39,1.25,0.39,1.28,0.39,0.36,0.39,0.36
20260701B09,平均落札価格（電源属地別）[円/kW・30分],3.82,9.26,3.81,6.9,0.75,3.06,1.4,0.69,2.66,3.64
20260701B09,最高落札価格（TSO別）[円/kW・30分],13.5,15,14.95,10,9.99,10.8,2.13,1.8,10,15
20260701B09,最低落札価格（TSO別）[円/kW・30分],1.01,2.37,0.39,1.25,0.39,1.2,0.39,0.36,0.39,0.36
20260701B09,平均落札価格（TSO別）[円/kW・30分],3.82,9.61,2.59,4.26,1.67,4.96,1.31,0.69,2.46,3.64
20260701B09,落札量合計（TSO別）[MW],162.29,163.047,434,51,53,138,139,46,166,1352.337
20260701B09,（内訳）自エリアからの落札量[MW],162.29,76.845,434,51,45.93,66.225,139,46,143.774,1165.064
20260701B10,募集量（TSO別）[MW],60,167,435,51,53,138,139,41,166,1250
20260701B10,応札量合計（電源属地別）[MW],160.09,76.845,524.816,110.333,45.93,86.001,217.116,198.93,156.908,1576.969
20260701B10,落札量合計（電源属地別）[MW],104,76.845,521.202,95.083,45.93,72.267,190.338,47,143.382,1296.047
20260701B10,応札件数（電源属地別）[件],8,15,56,37,3,14,21,8,27,189
20260701B10,落札件数（電源属地別）[件],5,15,55,29,3,7,7,3,20,144
20260701B10,最高落札価格（電源属地別）[円/kW・30分],13.5,15,15,10.6,9,10,10.77,1.8,10.9,15
20260701B10,最低落札価格（電源属地別）[円/kW・30分],1.01,5.07,0.39,2.62,0.39,1.28,0.39,0.36,0.39,0.36
20260701B10,平均落札価格（電源属地別）[円/kW・30分],2.08,9.28,3.84,6.98,0.75,3.61,1.4,0.71,2.27,3.48
20260701B10,最高落札価格（TSO別）[円/kW・30分],13.5,15,15,10,10,10.77,2.13,1.8,10.9,15
20260701B10,最低落札価格（TSO別）[円/kW・30分],1.01,2.37,0.39,2.62,0.39,1.2,0.39,0.36,0.39,0.36
20260701B10,平均落札価格（TSO別）[円/kW・30分],2.08,9.53,2.66,4.98,1.98,4.79,1.29,0.71,2.13,3.48
20260701B10,落札量合計（TSO別）[MW],104,163.047,435,51,53,138,139,47,166,1296.047
20260701B10,（内訳）自エリアからの落札量[MW],104,76.845,435,51,45.93,72.267,139,47,143.382,1114.424
20260701B11,募集量（TSO別）[MW],60,167,435,51,53,138,139,41,166,1250
20260701B11,応札量合計（電源属地別）[MW],168.39,76.845,526.815,117.083,80.93,86.001,217.116,198.93,158.808,1630.918
20260701B11,落札量合計（電源属地別）[MW],128,76.845,521.202,62.086,80.93,64.275,188.374,47,151.335,1320.047
20260701B11,応札件数（電源属地別）[件],8,15,56,41,4,14,21,8,28,195
20260701B11,落札件数（電源属地別）[件],7,15,54,15,4,3,6,3,24,131
20260701B11,最高落札価格（電源属地別）[円/kW・30分],13.45,15,15,9.99,9,7.88,2.13,1.8,9.5,15
20260701B11,最低落札価格（電源属地別）[円/kW・30分],1.01,5.33,0.39,0.4,0.39,1.26,0.39,0.36,0.39,0.36
20260701B11,平均落札価格（電源属地別）[円/kW・30分],5.04,9.38,4.06,4.42,0.6,2.8,1.3,0.71,2.3,3.49
20260701B11,最高落札価格（TSO別）[円/kW・30分],13.45,15,15,9.99,0.39,9.9,2.13,1.8,9.5,15
20260701B11,最低落札価格（TSO別）[円/kW・30分],1.01,2.37,0.39,0.4,0.39,0.39,0.39,0.36,0.39,0.36
20260701B11,平均落札価格（TSO別）[円/kW・30分],5.04,9.49,2.96,3.56,0.39,2.53,1.29,0.71,2.2,3.49
20260701B11,落札量合計（TSO別）[MW],128,163.047,435,51,53,138,139,47,166,1320.047
20260701B11,（内訳）自エリアからの落札量[MW],128,76.845,435,51,53,64.275,139,47,151.335,1145.455
20260701B12,募集量（TSO別）[MW],60,167,435,51,53,138,139,41,166,1250
20260701B12,応札量合計（電源属地別）[MW],206.01,74.849,468.39,105.583,80.93,105.615,217.116,198.93,158.808,1616.231
20260701B12,落札量合計（電源属地別）[MW],126.084,74.849,466.647,58.086,80.93,83.889,188.374,47,151.335,1277.194
20260701B12,応札件数（電源属地別）[件],9,14,51,39,4,15,21,8,28,189
20260701B12,落札件数（電源属地別）[件],6,14,51,15,4,4,6,3,24,127
20260701B12,最高落札価格（電源属地別）[円/kW・30分],11.8,15,15,9.99,9,7.88,3,1.8,9.5,15
20260701B12,最低落札価格（電源属地別）[円/kW・30分],1,6.34,0.39,0.78,0.39,0.39,0.39,0.36,0.39,0.36
20260701B12,平均落札価格（電源属地別）[円/kW・30分],3.77,9.61,5.49,3.92,0.6,2.24,1.26,0.71,1.97,3.75
20260701B12,最高落札価格（TSO別）[円/kW・30分],11.8,15,15,9.99,0.39,9.9,2.13,1.8,9.5,15
20260701B12,最低落札価格（TSO別）[円/kW・30分],1,2.37,0.39,0.78,0.39,0.39,0.39,0.36,0.39,0.36
20260701B12,平均落札価格（TSO別）[円/kW・30分],3.77,11.01,4.85,3.1,0.39,2.16,1.23,0.71,1.91,3.75
20260701B12,落札量合計（TSO別）[MW],126.084,106.496,435,51,53,153.614,139,47,166,1277.194
20260701B12,（内訳）自エリアからの落札量[MW],126.084,74.849,435,51,53,83.889,139,47,151.335,1161.157
20260701B13,募集量（TSO別）[MW],61,176,455,60,56,152,141,43,169,1313
20260701B13,応札量合計（電源属地別）[MW],160.09,76.845,401.061,107.083,80.93,129.56,217.116,200.93,153.217,1526.832
20260701B13,落札量合計（電源属地別）[MW],114.689,76.845,401.061,72.811,80.93,110.794,201.173,50,153.217,1261.52
20260701B13,応札件数（電源属地別）[件],8,15,50,40,4,16,21,8,28,190
20260701B13,落札件数（電源属地別）[件],5,15,50,30,4,7,13,4,28,156
20260701B13,最高落札価格（電源属地別）[円/kW・30分],11.5,15,15,11,9,13,12,1.8,12,15
20260701B13,最低落札価格（電源属地別）[円/kW・30分],1,6.46,0.39,1.72,0.39,0.39,0.39,0.36,0.39,0.36
20260701B13,平均落札価格（電源属地別）[円/kW・30分],2.9,10.11,6.92,7.96,0.6,2.36,1.48,0.66,2.92,4.4
20260701B13,最高落札価格（TSO別）[円/kW・30分],11.5,15,15,11,0.39,13,2.13,1.8,12,15
20260701B13,最低落札価格（TSO別）[円/kW・30分],1,6.46,0.39,1.72,0.39,0.39,0.39,0.36,0.39,0.36
20260701B13,平均落札価格（TSO別）[円/kW・30分],2.9,10.11,6.92,7.49,0.39,2.34,0.8,0.66,3.54,4.4
20260701B13,落札量合計（TSO別）[MW],114.689,76.845,401.061,60,56,192.925,141,50,169,1261.52
20260701B13,（内訳）自エリアからの落札量[MW],114.689,76.845,401.061,60,56,110.794,141,50,153.217,1163.606
20260701B14,募集量（TSO別）[MW],61,182,463,63,57,155,142,44,171,1338
20260701B14,応札量合計（電源属地別）[MW],246.071,87.345,401.061,107.083,80.93,105.615,217.116,200.93,153.217,1599.368
20260701B14,落札量合計（電源属地別）[MW],117,87.345,401.061,81.127,79,91.549,202.221,49,151.717,1260.02
20260701B14,応札件数（電源属地別）[件],11,15,50,40,4,15,21,8,28,192
20260701B14,落札件数（電源属地別）[件],4,15,50,26,3,8,13,3,27,149
20260701B14,最高落札価格（電源属地別）[円/kW・30分],1.01,15,15,11,0.39,11,11.36,1.8,11,15
20260701B14,最低落札価格（電源属地別）[円/kW・30分],0.39,6.46,0.39,1.25,0.39,0.39,0.39,0.36,0.39,0.36
20260701B14,平均落札価格（電源属地別）[円/kW・30分],0.92,9.74,6.93,6.4,0.39,3.28,1.87,0.64,2.62,4.28
20260701B14,最高落札価格（TSO別）[円/kW・30分],1.01,15,15,10,0.39,11,2.13,1.8,11.36,15
20260701B14,最低落札価格（TSO別）[円/kW・30分],0.39,6.46,0.39,1.25,0.39,0.39,0.39,0.36,0.39,0.36
20260701B14,平均落札価格（TSO別）[円/kW・30分],0.92,9.74,6.93,5.3,0.39,3.4,1.19,0.64,3.01,4.28
20260701B14,落札量合計（TSO別）[MW],117,87.345,401.061,63,57,172.614,142,49,171,1260.02
20260701B14,（内訳）自エリアからの落札量[MW],117,87.345,401.061,63,57,91.549,142,49,151.717,1159.672
20260701B15,募集量（TSO別）[MW],62,187,469,66,58,159,143,44,172,1360
20260701B15,応札量合計（電源属地別）[MW],170.09,88.845,402.941,109.043,61.93,71.001,217.116,200.93,155.106,1477.002
20260701B15,落札量合計（電源属地別）[MW],62,88.845,402.941,97.835,61,68.925,215.134,50,155.106,1201.786
20260701B15,応札件数（電源属地別）[件],9,16,51,41,3,13,21,8,29,191
20260701B15,落札件数（電源属地別）[件],3,16,51,35,3,12,20,3,29,172
20260701B15,最高落札価格（電源属地別）[円/kW・30分],1.01,15,15,13.88,13.8,13.85,13.47,1.8,12,15
20260701B15,最低落札価格（電源属地別）[円/kW・30分],0.39,6.46,0.39,0.4,0.39,1.38,0.39,0.36,0.39,0.36
20260701B15,平均落札価格（電源属地別）[円/kW・30分],0.91,9.93,6.28,7.59,0.61,5.13,2.48,0.66,2.8,4.66
20260701B15,最高落札価格（TSO別）[円/kW・30分],1.01,15,15,13,0.39,13.88,2.13,1.8,13.1,15
20260701B15,最低落札価格（TSO別）[円/kW・30分],0.39,6.46,0.39,0.4,0.39,0.39,0.39,0.36,0.39,0.36
20260701B15,平均落札価格（TSO別）[円/kW・30分],0.91,9.93,6.28,5.81,0.39,6.09,1.29,0.66,3.16,4.66
20260701B15,落札量合計（TSO別）[MW],62,88.845,402.941,66,58,159,143,50,172,1201.786
20260701B15,（内訳）自エリアからの落札量[MW],62,88.845,402.941,66,58,68.925,143,50,155.106,1094.817
20260701B16,募集量（TSO別）[MW],62,191,473,68,59,162,144,44,173,1376
20260701B16,応札量合計（電源属地別）[MW],160.09,87.345,402.941,109.043,61.068,71.001,217.116,201.93,155.106,1465.64
20260701B16,落札量合計（電源属地別）[MW],62,87.345,402.941,109.043,61.068,71.001,188.374,51,128.626,1161.398
20260701B16,応札件数（電源属地別）[件],8,15,51,41,3,13,21,8,29,189
20260701B16,落札件数（電源属地別）[件],2,15,51,41,3,13,6,3,15,149
20260701B16,最高落札価格（電源属地別）[円/kW・30分],1.01,15,15,15,13.8,14,3,1.8,4,15
20260701B16,最低落札価格（電源属地別）[円/kW・30分],1,6.46,0.39,0.45,0.39,1.38,0.39,0.36,0.39,0.36
20260701B16,平均落札価格（電源属地別）[円/kW・30分],1.01,10.01,5.83,8.39,0.81,5.38,1.5,0.68,1.37,4.41
20260701B16,最高落札価格（TSO別）[円/kW・30分],1.01,15,15,15,13.8,14,2.13,1.8,4,15
20260701B16,最低落札価格（TSO別）[円/kW・30分],1,6.46,0.39,7.5,0.39,0.39,0.39,0.36,0.39,0.36
20260701B16,平均落札価格（TSO別）[円/kW・30分],1.01,10.01,5.83,11.68,0.87,4.39,1.45,0.68,1.44,4.41
20260701B16,落札量合計（TSO別）[MW],62,87.345,402.941,68,59,114.112,144,51,173,1161.398
20260701B16,（内訳）自エリアからの落札量[MW],62,87.345,402.941,68,58.747,71.001,144,51,128.626,1073.66
20260701B17,募集量（TSO別）[MW],62,191,473,68,59,162,144,44,173,1376
20260701B17,応札量合計（電源属地別）[MW],179.76,88.845,418.748,121.033,30.056,72.871,232.983,201.93,166.756,1512.982
20260701B17,落札量合計（電源属地別）[MW],62,88.845,418.748,121.033,30.056,72.871,204.241,51,131.406,1180.2
20260701B17,応札件数（電源属地別）[件],8,16,51,43,3,14,22,8,31,196
20260701B17,落札件数（電源属地別）[件],2,16,51,43,3,14,7,3,12,151
20260701B17,最高落札価格（電源属地別）[円/kW・30分],1.01,15,15,15,13.8,14,3,1.8,3.25,15
20260701B17,最低落札価格（電源属地別）[円/kW・30分],1,6.46,0.39,0.72,0.39,1.38,0.39,0.36,0.39,0.36
20260701B17,平均落札価格（電源属地別）[円/kW・30分],1.01,10.01,5.29,9,1.25,5.3,1.51,0.68,1.33,4.41
20260701B17,最高落札価格（TSO別）[円/kW・30分],1.01,15,15,15,13.8,14,2.13,1.8,3.25,15
20260701B17,最低落札価格（TSO別）[円/kW・30分],1,6.46,0.39,9.5,0.39,0.72,0.39,0.36,0.39,0.36
20260701B17,平均落札価格（TSO別）[円/kW・30分],1.01,10.01,5.29,11.87,4.58,4.51,1.48,0.68,1.41,4.41
20260701B17,落札量合計（TSO別）[MW],62,88.845,418.748,68,45.089,110.871,160.657,51,174.99,1180.2
20260701B17,（内訳）自エリアからの落札量[MW],62,88.845,418.748,68,30.056,72.871,160.657,51,131.406,1083.583
20260701B18,募集量（TSO別）[MW],62,191,473,68,59,162,144,44,173,1376
20260701B18,応札量合計（電源属地別）[MW],158.14,85.349,444.653,139.312,1.93,72.871,258.437,201.93,174.756,1537.378
20260701B18,落札量合計（電源属地別）[MW],109,85.349,444.653,139.312,1.93,72.871,227.895,51,129.65,1261.66
20260701B18,応札件数（電源属地別）[件],7,14,51,44,1,14,24,8,31,194
20260701B18,落札件数（電源属地別）[件],5,14,51,44,1,14,8,3,7,147
20260701B18,最高落札価格（電源属地別）[円/kW・30分],14.86,15,15,15,13.8,14.96,2.52,1.8,2.41,15
20260701B18,最低落札価格（電源属地別）[円/kW・30分],1,6.46,0.39,0.75,13.8,1.38,0.39,0.36,0.39,0.36
20260701B18,平均落札価格（電源属地別）[円/kW・30分],2.53,10.8,4.55,8.11,13.8,5.8,1.96,0.68,1.99,4.39
20260701B18,最高落札価格（TSO別）[円/kW・30分],14.86,15,15,15,15,14.96,2.52,1.8,2.52,15
20260701B18,最低落札価格（TSO別）[円/kW・30分],1,6.46,0.39,9.89,0.75,0.75,0.39,0.36,0.39,0.36
20260701B18,平均落札価格（TSO別）[円/kW・30分],2.53,10.8,4.55,12.13,5.42,5.08,1.85,0.68,2.1,4.39
20260701B18,落札量合計（TSO別）[MW],109,85.349,444.653,68.001,33.278,112.834,184.545,51,173,1261.66
20260701B18,（内訳）自エリアからの落札量[MW],109,85.349,444.653,68.001,1.93,72.871,184.545,51,129.65,1146.999
20260701B19,募集量（TSO別）[MW],62,204,451,73,61,161,148,46,177,1383
20260701B19,応札量合計（電源属地別）[MW],202.066,109.495,347.951,160.395,1.93,72.871,220.256,187.93,175.426,1478.32
20260701B19,落札量合計（電源属地別）[MW],100,109.495,347.951,160.395,1.93,72.871,191.514,52,133.486,1169.642
20260701B19,応札件数（電源属地別）[件],8,16,50,45,1,14,21,8,32,195
20260701B19,落札件数（電源属地別）[件],4,16,50,45,1,14,6,4,9,149
20260701B19,最高落札価格（電源属地別）[円/kW・30分],10.4,15,15,15,13.8,14.5,3,1.8,3.8,15
20260701B19,最低落札価格（電源属地別）[円/kW・30分],1,3.89,0.39,0.77,13.8,1.38,1.56,0.36,0.39,0.36
20260701B19,平均落札価格（電源属地別）[円/kW・30分],1.47,9.59,4.7,7.48,13.8,5.69,2.61,1.58,2.3,4.59
20260701B19,最高落札価格（TSO別）[円/kW・30分],10.4,15,15,15,14.9,14.5,2.96,1.8,3.8,15
20260701B19,最低落札価格（TSO別）[円/kW・30分],1,3.89,0.39,9.5,1.41,0.77,1.56,0.36,0.39,0.36
20260701B19,平均落札価格（TSO別）[円/kW・30分],1.47,9.59,4.7,12.09,4.06,4.89,2.55,1.58,2.43,4.59
20260701B19,落札量合計（TSO別）[MW],100,109.495,347.951,73,40.93,121.266,148,52,177,1169.642
20260701B19,（内訳）自エリアからの落札量[MW],100,109.495,347.951,73,1.93,72.871,148,52,133.486,1038.733
20260701B20,募集量（TSO別）[MW],63,205,451,73,61,161,148,46,178,1386
20260701B20,応札量合計（電源属地別）[MW],118.14,109.495,399.507,160.395,8.144,72.871,188.522,187.93,174.276,1419.28
20260701B20,落札量合計（電源属地別）[MW],93,109.495,399.507,160.395,8.144,72.871,159.78,53,172.18,1228.372
20260701B20,応札件数（電源属地別）[件],6,16,52,45,2,14,19,8,31,193
20260701B20,落札件数（電源属地別）[件],3,16,52,45,2,14,4,4,30,170
20260701B20,最高落札価格（電源属地別）[円/kW・30分],10.4,15,15,15,13.8,14,3.26,1.8,9.5,15
20260701B20,最低落札価格（電源属地別）[円/kW・30分],1.01,4.18,0.39,0.87,1.62,1.38,2.13,0.36,0.39,0.36
20260701B20,平均落札価格（電源属地別）[円/kW・30分],1.91,9.79,4.53,7.51,4.51,5.62,3.09,1.61,2.9,4.71
20260701B20,最高落札価格（TSO別）[円/kW・30分],10.4,15,15,15,13.8,14,3.26,1.8,9.5,15
20260701B20,最低落札価格（TSO別）[円/kW・30分],1.01,4.18,0.39,7.5,1.62,0.87,2.13,0.36,0.39,0.36
20260701B20,平均落札価格（TSO別）[円/kW・30分],1.91,9.79,4.53,11.63,4.29,4.81,3.12,1.61,2.88,4.71
20260701B20,落札量合計（TSO別）[MW],93,109.495,399.507,73,16.164,152.246,153.96,53,178,1228.372
20260701B20,（内訳）自エリアからの落札量[MW],93,109.495,399.507,73,8.144,72.871,153.96,53,172.18,1135.157
20260701B21,募集量（TSO別）[MW],63,207,451,73,61,161,149,47,179,1391
20260701B21,応札量合計（電源属地別）[MW],168.39,109.495,417.943,158.401,10.166,72.871,193.592,187.93,172.776,1491.564
20260701B21,落札量合計（電源属地別）[MW],91,109.495,417.943,158.401,10.166,72.871,165.158,56,166.802,1247.836
20260701B21,応札件数（電源属地別）[件],8,16,53,44,2,14,21,9,30,197
20260701B21,落札件数（電源属地別）[件],3,16,53,44,2,14,7,4,27,170
20260701B21,最高落札価格（電源属地別）[円/kW・30分],10.9,15,15,15,13.8,14,10.66,1.8,10.48,15
20260701B21,最低落札価格（電源属地別）[円/kW・30分],1.01,4.18,0.39,0.76,1.54,1.38,2.13,0.36,0.39,0.36
20260701B21,平均落札価格（電源属地別）[円/kW・30分],1.76,9.79,4.56,7.31,3.87,4.96,3.08,1.62,2.8,4.62
20260701B21,最高落札価格（TSO別）[円/kW・30分],10.9,15,15,15,13.8,14.5,3.18,1.8,10.66,15
20260701B21,最低落札価格（TSO別）[円/kW・30分],1.01,4.18,0.39,7.5,1.54,0.76,2.13,0.36,0.39,0.36
20260701B21,平均落札価格（TSO別）[円/kW・30分],1.76,9.79,4.56,11.98,3.83,4.11,3.01,1.62,2.87,4.62
20260701B21,落札量合計（TSO別）[MW],91,109.495,417.943,73,27.703,140.735,152.96,56,179,1247.836
20260701B21,（内訳）自エリアからの落札量[MW],91,109.495,417.943,73,10.166,72.871,152.96,56,166.802,1150.237
20260701B22,募集量（TSO別）[MW],63,208,451,73,61,161,150,47,179,1393
20260701B22,応札量合計（電源属地別）[MW],158.59,109.495,399.507,160.395,1.93,72.871,193.592,187.93,172.776,1457.086
20260701B22,落札量合計（電源属地別）[MW],102,109.495,399.507,160.395,1.93,72.871,161.174,55,170.786,1233.158
20260701B22,応札件数（電源属地別）[件],7,16,52,45,1,14,21,8,30,194
20260701B22,落札件数（電源属地別）[件],4,16,52,45,1,14,5,4,29,170
20260701B22,最高落札価格（電源属地別）[円/kW・30分],10.9,15,15,15,13.8,14,10.66,1.8,10.48,15
20260701B22,最低落札価格（電源属地別）[円/kW・30分],1,4.47,0.39,0.93,13.8,1.38,2.13,0.36,0.39,0.36
20260701B22,平均落札価格（電源属地別）[円/kW・30分],1.67,9.99,4.85,7.36,13.8,5.04,3.16,1.62,2.75,4.74
20260701B22,最高落札価格（TSO別）[円/kW・30分],10.9,15,15,14.8,15,14,3.26,1.8,10.66,15
20260701B22,最低落札価格（TSO別）[円/kW・30分],1,4.47,0.39,7.5,3.31,0.93,2.13,0.36,0.39,0.36
20260701B22,平均落札価格（TSO別）[円/kW・30分],1.67,9.99,4.85,11.75,5.69,3.98,3.09,1.62,2.82,4.74
20260701B22,落札量合計（TSO別）[MW],102,109.495,399.507,73,40.93,121.266,152.96,55,179,1233.158
20260701B22,（内訳）自エリアからの落札量[MW],102,109.495,399.507,73,1.93,72.871,152.96,55,170.786,1137.549
20260701B23,募集量（TSO別）[MW],62,208,448,71,61,159,150,47,180,1386
20260701B23,応札量合計（電源属地別）[MW],206.89,109.495,416.46,140.753,1.93,72.871,193.592,187.93,172.776,1502.697
20260701B23,落札量合計（電源属地別）[MW],102,109.495,416.46,140.753,1.93,72.871,166.702,54,166.258,1230.469
20260701B23,応札件数（電源属地別）[件],8,16,52,43,1,14,21,8,30,193
20260701B23,落札件数（電源属地別）[件],3,16,52,43,1,14,8,4,27,168
20260701B23,最高落札価格（電源属地別）[円/kW・30分],10.9,15,15,15,13.8,14.74,10.77,1.8,10.48,15
20260701B23,最低落札価格（電源属地別）[円/kW・30分],1,5.11,0.39,0.82,13.8,1.38,2.13,0.36,0.39,0.36
20260701B23,平均落札価格（電源属地別）[円/kW・30分],1.69,10.42,4.81,8.06,13.8,5.74,3.24,1.61,3.06,4.9
20260701B23,最高落札価格（TSO別）[円/kW・30分],10.9,15,15,15,13.8,14.84,3.28,1.8,10.77,15
20260701B23,最低落札価格（TSO別）[円/kW・30分],1,5.11,0.39,7.5,0.82,0.82,2.13,0.36,0.39,0.36
20260701B23,平均落札価格（TSO別）[円/kW・30分],1.69,10.42,4.81,11.86,4.41,5.17,3.11,1.61,3.19,4.9
20260701B23,落札量合計（TSO別）[MW],102,109.495,416.46,71,12.95,131.604,152.96,54,180,1230.469
20260701B23,（内訳）自エリアからの落札量[MW],102,109.495,416.46,71,1.93,72.871,152.96,54,166.258,1146.974
20260701B24,募集量（TSO別）[MW],62,208,448,70,61,160,150,47,180,1386
20260701B24,応札量合計（電源属地別）[MW],204.45,107.499,434.896,140.753,1.93,71.001,193.592,187.93,172.776,1514.827
20260701B24,落札量合計（電源属地別）[MW],102,107.499,434.896,140.753,1.93,71.001,163.644,54,170.316,1246.039
20260701B24,応札件数（電源属地別）[件],7,15,53,43,1,13,21,8,30,191
20260701B24,落札件数（電源属地別）[件],3,15,53,43,1,13,6,4,29,167
20260701B24,最高落札価格（電源属地別）[円/kW・30分],10.9,15,15,15,13.8,14.74,10,1.8,10.48,15
20260701B24,最低落札価格（電源属地別）[円/kW・30分],1,4.65,0.39,0.74,13.8,1.38,2.13,0.36,0.39,0.36
20260701B24,平均落札価格（電源属地別）[円/kW・30分],1.59,10.01,4.65,8.02,13.8,5.52,3.47,1.61,3.18,4.82
20260701B24,最高落札価格（TSO別）[円/kW・30分],10.9,15,15,15,13.8,15,3.51,1.8,10.48,15
20260701B24,最低落札価格（TSO別）[円/kW・30分],1,4.65,0.39,7.5,0.74,1.38,2.13,0.36,0.39,0.36
20260701B24,平均落札価格（TSO別）[円/kW・30分],1.59,10.01,4.65,11.46,2.5,6.25,3.31,1.61,3.33,4.82
20260701B24,落札量合計（TSO別）[MW],102,107.499,434.896,70,40.93,102.754,153.96,54,180,1246.039
20260701B24,（内訳）自エリアからの落札量[MW],102,107.499,434.896,70,1.93,71.001,153.96,54,170.316,1165.602
20260701B25,募集量（TSO別）[MW],62,209,447,67,62,160,148,47,179,1381
20260701B25,応札量合計（電源属地別）[MW],114.74,98.845,429.175,140.254,1.93,164.98,193.592,187.93,172.776,1504.222
20260701B25,落札量合計（電源属地別）[MW],84,98.845,429.175,133.034,1.93,161.5,163.158,58,167.802,1297.444
20260701B25,応札件数（電源属地別）[件],4,16,50,43,1,18,21,8,30,191
20260701B25,落札件数（電源属地別）[件],1,16,50,39,1,17,6,4,28,162
20260701B25,最高落札価格（電源属地別）[円/kW・30分],1.01,15,15,14.48,13.8,14.5,10.77,1.8,10.8,15
20260701B25,最低落札価格（電源属地別）[円/kW・30分],1.01,4.69,0.39,0.79,13.8,0.39,2.13,0.36,0.39,0.36
20260701B25,平均落札価格（電源属地別）[円/kW・30分],1.01,9.31,4.75,7.72,13.8,2.74,2.98,1.63,2.18,4.23
20260701B25,最高落札価格（TSO別）[円/kW・30分],1.01,15,15,14.48,13.87,14.5,2.96,1.8,10.8,15
20260701B25,最低落札価格（TSO別）[円/kW・30分],1.01,4.69,0.39,0.79,0.79,0.39,2.13,0.36,0.39,0.36
20260701B25,平均落札価格（TSO別）[円/kW・30分],1.01,9.31,4.75,9.13,6.16,3,2.84,1.63,2.36,4.23
20260701B25,落札量合計（TSO別）[MW],84,98.845,429.175,67,62,167.464,151.96,58,179,1297.444
20260701B25,（内訳）自エリアからの落札量[MW],84,98.845,429.175,67,1.93,161.5,151.96,58,167.802,1220.212
20260701B26,募集量（TSO別）[MW],62,209,447,67,62,160,148,47,179,1381
20260701B26,応札量合計（電源属地別）[MW],114.74,98.845,522.406,140.254,10.326,194.166,193.592,187.93,172.776,1635.035
20260701B26,落札量合計（電源属地別）[MW],84,98.845,522.406,118.674,10.326,175.591,159.78,58,163.053,1390.675
20260701B26,応札件数（電源属地別）[件],4,16,55,43,2,20,21,8,30,199
20260701B26,落札件数（電源属地別）[件],1,16,55,33,2,11,4,4,25,151
20260701B26,最高落札価格（電源属地別）[円/kW・30分],1.01,15,15,13.87,13.8,7.88,3,1.8,9,15
20260701B26,最低落札価格（電源属地別）[円/kW・30分],1.01,4.65,0.39,1.11,1.13,0.39,2.13,0.36,0.39,0.36
20260701B26,平均落札価格（電源属地別）[円/kW・30分],1.01,9.27,4.16,7.1,3.5,1.74,2.64,1.63,2.09,3.75
20260701B26,最高落札価格（TSO別）[円/kW・30分],1.01,15,15,13.87,13.8,7.88,2.76,1.8,9,15
20260701B26,最低落札価格（TSO別）[円/kW・30分],1.01,2.37,0.39,3.39,1.11,0.39,2.13,0.36,0.39,0.36
20260701B26,平均落札価格（TSO別）[円/kW・30分],1.01,9.99,3.02,9.04,4.41,1.67,2.64,1.63,2.17,3.75
20260701B26,落札量合計（TSO別）[MW],84,174.251,447,67,62,167.464,151.96,58,179,1390.675
20260701B26,（内訳）自エリアからの落札量[MW],84,98.845,447,67,10.326,167.464,151.96,58,163.053,1247.648
20260701B27,募集量（TSO別）[MW],62,209,447,67,62,160,148,47,179,1381
20260701B27,応札量合計（電源属地別）[MW],163.04,110.845,474.314,195.105,26.93,107.485,193.592,163.93,172.776,1608.017
20260701B27,落札量合計（電源属地別）[MW],84,110.845,474.314,179.928,26.93,101.756,164.738,49,166.222,1357.733
20260701B27,応札件数（電源属地別）[件],5,17,61,43,2,16,21,6,30,201
20260701B27,落札件数（電源属地別）[件],1,17,61,35,2,14,7,3,27,167
20260701B27,最高落札価格（電源属地別）[円/kW・30分],1.01,15,15,13.88,13.8,14,10.66,1.8,10.48,15
20260701B27,最低落札価格（電源属地別）[円/kW・30分],1.01,3.27,0.39,0.85,2.42,0.39,2.13,0.36,1.06,0.36
20260701B27,平均落札価格（電源属地別）[円/kW・30分],1.01,8.42,3.49,4.78,3.24,4.53,3.84,1.54,3.85,4
20260701B27,最高落札価格（TSO別）[円/kW・30分],1.01,15,15,3.46,13.88,14,4.07,1.8,10.66,15
20260701B27,最低落札価格（TSO別）[円/kW・30分],1.01,0.39,0.47,0.85,0.86,0.39,2.13,0.36,1.06,0.36
20260701B27,平均落札価格（TSO別）[円/kW・30分],1.01,7.75,3.39,1.04,4.17,6.01,3.82,1.54,3.87,4
20260701B27,落札量合計（TSO別）[MW],84,138.159,447,67,62,179.614,151.96,49,179,1357.733
20260701B27,（内訳）自エリアからの落札量[MW],84,110.845,447,67,26.93,101.756,151.96,49,166.222,1204.713
20260701B28,募集量（TSO別）[MW],62,208,447,67,62,159,148,47,179,1379
20260701B28,応札量合計（電源属地別）[MW],190.24,110.845,584.867,101.653,26.93,153.505,193.592,129.93,172.776,1664.338
20260701B28,落札量合計（電源属地別）[MW],128,110.845,543.894,101.653,26.93,153.505,159.78,79.524,137.9,1442.031
20260701B28,応札件数（電源属地別）[件],7,17,67,41,2,17,21,4,30,206
20260701B28,落札件数（電源属地別）[件],3,17,65,41,2,17,4,3,15,167
20260701B28,最高落札価格（電源属地別）[円/kW・30分],1.01,15,15,15,13.8,14,4.7,1.8,6,15
20260701B28,最低落札価格（電源属地別）[円/kW・30分],0.42,3.27,0.39,1.07,3.04,0.39,2.44,0.36,1.62,0.36
20260701B28,平均落札価格（電源属地別）[円/kW・30分],0.85,8.81,2.74,8.92,3.81,3.16,4.41,0.78,3.51,3.69
20260701B28,最高落札価格（TSO別）[円/kW・30分],1.01,15,2.86,15,14.48,14,4.7,1.8,6,15
20260701B28,最低落札価格（TSO別）[円/kW・30分],0.42,0.39,0.39,7.5,0.39,0.39,2.44,0.36,0.36,0.36
20260701B28,平均落札価格（TSO別）[円/kW・30分],0.85,9.33,1.18,11.71,2.51,3.62,4.42,1.06,2.98,3.69
20260701B28,落札量合計（TSO別）[MW],128,207.739,447,67,62,153.088,151.204,47,179,1442.031
20260701B28,（内訳）自エリアからの落札量[MW],128,110.845,447,67,26.93,146.566,151.204,47,137.9,1262.445
20260701B29,募集量（TSO別）[MW],62,207,447,67,62,160,148,47,179,1379
20260701B29,応札量合計（電源属地別）[MW],206.49,110.845,583.77,99.793,26.93,167.96,191.792,129.93,166.626,1684.136
20260701B29,落札量合計（電源属地別）[MW],62,110.845,543.155,84.052,25,145.373,161.938,128,151.419,1411.782
20260701B29,応札件数（電源属地別）[件],8,17,63,40,2,19,20,4,30,203
20260701B29,落札件数（電源属地別）[件],2,17,61,32,1,8,5,3,22,151
20260701B29,最高落札価格（電源属地別）[円/kW・30分],1.01,15,15,13.88,3.11,7.88,4.77,1.8,7.99,15
20260701B29,最低落札価格（電源属地別）[円/kW・30分],1,4.21,0.39,1.12,3.11,0.39,2.51,0.36,1.72,0.36
20260701B29,平均落札価格（電源属地別）[円/kW・30分],1.01,9.39,2.37,7.74,3.11,1.61,4.46,0.62,3.76,3.35
20260701B29,最高落札価格（TSO別）[円/kW・30分],1.01,15,4.93,13.88,3.11,7.88,4.77,2.51,7.99,15
20260701B29,最低落札価格（TSO別）[円/kW・30分],1,0.39,0.41,1.12,0.36,0.36,2.51,0.36,0.36,0.36
20260701B29,平均落札価格（TSO別）[円/kW・30分],1.01,8.56,1.25,7.74,1.48,1.41,4.5,1.11,3.42,3.35
20260701B29,落札量合計（TSO別）[MW],62,207,447,84.052,62,171.77,151.96,47,179,1411.782
20260701B29,（内訳）自エリアからの落札量[MW],62,110.845,447,84.052,25,123.571,151.96,46,151.419,1201.847
20260701B30,募集量（TSO別）[MW],62,204,446,67,62,160,148,47,178,1374
20260701B30,応札量合計（電源属地別）[MW],158.19,108.849,567.488,99.793,26.93,86.001,191.792,129.93,166.626,1535.599
20260701B30,落札量合計（電源属地別）[MW],62,108.849,541.151,99.793,26.93,64.275,176.129,129.93,166.626,1375.683
20260701B30,応札件数（電源属地別）[件],7,16,63,40,2,14,20,4,30,196
20260701B30,落札件数（電源属地別）[件],2,16,62,40,2,3,13,4,30,172
20260701B30,最高落札価格（電源属地別）[円/kW・30分],1.01,15,15,15,13.8,7.88,12,9,12,15
20260701B30,最低落札価格（電源属地別）[円/kW・30分],1,2.22,0.39,1.05,3.05,1.38,2.45,0.36,1.8,0.36
20260701B30,平均落札価格（電源属地別）[円/kW・30分],1.01,8.03,3.28,8.83,3.82,3.24,5.13,0.74,4.09,4.06
20260701B30,最高落札価格（TSO別）[円/kW・30分],1.01,15,4.74,15,14.8,7.88,12,9,12,15
20260701B30,最低落札価格（TSO別）[円/kW・30分],1,0.39,0.69,1.05,1.07,0.36,2.45,0.36,0.36,0.36
20260701B30,平均落札価格（TSO別）[円/kW・30分],1.01,8.68,1.97,8.88,6.51,1.98,5.19,2.06,3.87,4.06
20260701B30,落札量合計（TSO別）[MW],62,204,446,67,59.723,160,151.96,47,178,1375.683
20260701B30,（内訳）自エリアからの落札量[MW],62,108.849,446,67,26.93,64.275,151.96,40,166.626,1133.64
20260701B31,募集量（TSO別）[MW],60,188,446,67,62,160,148,45,174,1350
20260701B31,応札量合計（電源属地別）[MW],210.357,110.845,604.359,128.882,26.93,86.001,188.716,163.93,166.626,1686.646
20260701B31,落札量合計（電源属地別）[MW],104,110.845,523.155,128.882,26.93,86.001,157.98,162,125.89,1425.683
20260701B31,応札件数（電源属地別）[件],9,17,66,41,2,14,19,6,30,204
20260701B31,落札件数（電源属地別）[件],3,17,61,41,2,14,3,5,8,154
20260701B31,最高落札価格（電源属地別）[円/kW・30分],1.01,15,15,15,13.8,14.96,4.69,1.9,4.08,15
20260701B31,最低落札価格（電源属地別）[円/kW・30分],0.94,2.92,0.39,1.16,3.04,1.38,2.44,0.36,1.79,0.36
20260701B31,平均落札価格（電源属地別）[円/kW・30分],1,7.85,3.39,8.3,3.81,6,4.42,0.87,3.61,4.02
20260701B31,最高落札価格（TSO別）[円/kW・30分],1.01,15,4.46,15,13.8,14.96,4.69,1.9,4.08,15
20260701B31,最低落札価格（TSO別）[円/kW・30分],0.94,0.39,0.39,7.5,1.16,1.16,0.36,0.36,0.36,0.36
20260701B31,平均落札価格（TSO別）[円/kW・30分],1,9.2,2.04,11.89,2.81,5.87,3.48,1.66,2.68,4.02
20260701B31,落札量合計（TSO別）[MW],104,188,446,67,43.444,131.369,205.88,64,175.99,1425.683
20260701B31,（内訳）自エリアからの落札量[MW],104,110.845,446,67,26.93,86.001,157.98,64,125.89,1188.646
20260701B32,募集量（TSO別）[MW],60,188,447,67,62,160,148,45,174,1351
20260701B32,応札量合計（電源属地別）[MW],168.19,110.845,569.759,323.997,26.93,86.001,188.716,143.93,218.626,1836.994
20260701B32,落札量合計（電源属地別）[MW],104,110.845,524.155,214.725,25,49.275,161.938,89.815,135.247,1415
20260701B32,応札件数（電源属地別）[件],8,17,64,52,2,14,19,5,31,212
20260701B32,落札件数（電源属地別）[件],3,17,61,12,1,2,5,4,8,113
20260701B32,最高落札価格（電源属地別）[円/kW・30分],1.01,15,15,5.02,3.11,1.85,4.77,1.8,5.4,15
20260701B32,最低落札価格（電源属地別）[円/kW・30分],1,2.09,0.39,1.22,3.11,1.38,2.51,0.36,2.8,0.36
20260701B32,平均落札価格（電源属地別）[円/kW・30分],1.01,7.06,3.24,1.96,3.11,1.83,4.46,0.65,4.67,3.24
20260701B32,最高落札価格（TSO別）[円/kW・30分],1.01,15,4.62,1.57,4.98,5.02,4.77,1.8,5.4,15
20260701B32,最低落札価格（TSO別）[円/kW・30分],1,0.39,0.73,1.22,1.22,1.32,0.36,0.36,0.36,0.36
20260701B32,平均落札価格（TSO別）[円/kW・30分],1.01,8.7,1.89,1.43,3.31,1.8,4.36,0.91,3.71,3.24
20260701B32,落札量合計（TSO別）[MW],104,188,447,67,62,160,166,47,174,1415
20260701B32,（内訳）自エリアからの落札量[MW],104,110.845,447,67,25,49.275,161.938,47,135.247,1147.305
20260701B33,募集量（TSO別）[MW],60,188,447,67,63,160,148,45,174,1352
20260701B33,応札量合計（電源属地別）[MW],156.24,88.845,606.349,342.914,61.93,86.001,180.729,140.93,218.626,1882.564
20260701B33,落札量合計（電源属地別）[MW],84,88.845,546.155,182.92,60,49.275,149.993,45,169.812,1376
20260701B33,応札件数（電源属地別）[件],6,16,66,53,3,14,19,4,31,212
20260701B33,落札件数（電源属地別）[件],1,16,63,10,2,2,3,2,25,124
20260701B33,最高落札価格（電源属地別）[円/kW・30分],1.01,15,15,2.19,2.66,1.85,4.12,1.8,5.74,15
20260701B33,最低落札価格（電源属地別）[円/kW・30分],1.01,1.33,0.39,1.44,2.47,1.38,0.58,0.36,3.14,0.36
20260701B33,平均落札価格（電源属地別）[円/kW・30分],1.01,7.09,3.34,1.72,2.58,1.83,2.99,0.84,4.82,3.2
20260701B33,最高落札価格（TSO別）[円/kW・30分],1.01,15,4.57,1.73,2.66,2.19,4.12,1.8,5.74,15
20260701B33,最低落札価格（TSO別）[円/kW・30分],1.01,0.39,0.6,1.44,1.59,1.38,0.58,0.36,2.05,0.36
20260701B33,平均落札価格（TSO別）[円/kW・30分],1.01,8.56,1.89,1.57,2.53,1.81,2.97,0.84,4.78,3.2
20260701B33,落札量合計（TSO別）[MW],84,188,447,67,63,160,148,45,174,1376
20260701B33,（内訳）自エリアからの落札量[MW],84,88.845,447,67,60,49.275,148,45,169.812,1158.932
20260701B34,募集量（TSO別）[MW],60,186,458,67,63,160,148,44,173,1359
20260701B34,応札量合計（電源属地別）[MW],181.56,43.345,606.349,342.914,26.93,86.001,180.729,195.93,217.626,1881.384
20260701B34,落札量合計（電源属地別）[MW],123,43.345,600.655,216.075,25,49.275,149.993,45,170.657,1423
20260701B34,応札件数（電源属地別）[件],7,12,65,53,2,14,19,7,31,210
20260701B34,落札件数（電源属地別）[件],6,12,64,12,1,2,3,3,27,130
20260701B34,最高落札価格（電源属地別）[円/kW・30分],5.2,15,15,6.18,2.53,1.85,4.18,1.8,6.4,15
20260701B34,最低落札価格（電源属地別）[円/kW・30分],1.01,6.46,0.39,1.55,2.53,1.38,0.65,0.36,3.4,0.36
20260701B34,平均落札価格（電源属地別）[円/kW・30分],2.11,11.89,3.73,2.52,2.53,1.83,3.05,1.58,5.37,3.62
20260701B34,最高落札価格（TSO別）[円/kW・30分],5.2,15,5.27,6.1,6.18,2.4,4.18,1.8,6.4,15
20260701B34,最低落札価格（TSO別）[円/kW・30分],1.01,0.39,0.75,1.83,1.55,1.38,0.65,0.36,1.38,0.36
20260701B34,平均落札価格（TSO別）[円/kW・30分],2.11,8.52,2.55,3.19,3.05,1.82,3.06,1.58,5.32,3.62
20260701B34,落札量合計（TSO別）[MW],123,186,458,67,63,160,148,45,173,1423
20260701B34,（内訳）自エリアからの落札量[MW],123,43.345,458,67,25,48.925,148,45,170.657,1128.927
20260701B35,募集量（TSO別）[MW],60,184,458,67,63,159,147,44,172,1354
20260701B35,応札量合計（電源属地別）[MW],195.74,44.845,560.31,349.156,26.93,86.001,180.729,195.93,216.626,1856.267
20260701B35,落札量合計（電源属地別）[MW],106,44.845,560.31,206.133,25,49.275,153.951,44,173.641,1363.155
20260701B35,応札件数（電源属地別）[件],7,13,61,52,2,14,19,7,31,206
20260701B35,落札件数（電源属地別）[件],5,13,61,11,1,2,5,3,29,130
20260701B35,最高落札価格（電源属地別）[円/kW・30分],5.5,15,15,6.2,1.64,1.38,3.28,1.8,6.62,15
20260701B35,最低落札価格（電源属地別）[円/kW・30分],1.01,6.46,0.39,1.57,1.64,1.38,0.39,0.36,3.4,0.36
20260701B35,平均落札価格（電源属地別）[円/kW・30分],1.7,12,3.76,2.48,1.64,1.38,2.42,1.6,5.53,3.55
20260701B35,最高落札価格（TSO別）[円/kW・30分],5.5,15,5.16,6.18,6.2,6.2,3.28,1.8,6.62,15
20260701B35,最低落札価格（TSO別）[円/kW・30分],1.01,0.39,0.74,1.57,1.64,1.38,0.39,0.36,3.4,0.36
20260701B35,平均落札価格（TSO別）[円/kW・30分],1.7,10.41,2.43,2.14,2.28,2.25,2.41,1.6,5.55,3.55
20260701B35,落札量合計（TSO別）[MW],106,147.155,458,67,63,159,147,44,172,1363.155
20260701B35,（内訳）自エリアからの落札量[MW],106,44.845,458,67,25,49.275,147,44,172,1113.12
20260701B36,募集量（TSO別）[MW],60,181,458,66,63,158,148,43,171,1348
20260701B36,応札量合計（電源属地別）[MW],204.54,41.349,574.467,347.557,26.93,86.001,188.716,195.93,215.626,1881.116
20260701B36,落札量合計（電源属地別）[MW],84,41.349,574.467,209.766,25,49.275,161.938,44,167.292,1357.087
20260701B36,応札件数（電源属地別）[件],7,11,63,51,2,14,19,7,31,205
20260701B36,落札件数（電源属地別）[件],1,11,63,11,1,2,5,3,26,123
20260701B36,最高落札価格（電源属地別）[円/kW・30分],1.02,15,15,2.12,1.64,1.85,3.28,1.8,6.63,15
20260701B36,最低落札価格（電源属地別）[円/kW・30分],1.02,6.46,0.39,1.44,1.64,1.38,2.13,0.36,2,0.36
20260701B36,平均落札価格（電源属地別）[円/kW・30分],1.02,11.74,3.51,1.71,1.64,1.83,3.11,1.6,5.54,3.37
20260701B36,最高落札価格（TSO別）[円/kW・30分],1.02,15,5.11,1.89,1.89,3.28,3.28,1.8,6.63,15
20260701B36,最低落札価格（TSO別）[円/kW・30分],1.02,0.39,0.39,1.44,1.44,1.38,2.13,0.36,2,0.36
20260701B36,平均落札価格（TSO別）[円/kW・30分],1.02,9.32,2.25,1.68,1.65,1.81,3.11,1.6,5.48,3.37
20260701B36,落札量合計（TSO別）[MW],84,157.816,458,66,63,158,154.96,44,171.311,1357.087
20260701B36,（内訳）自エリアからの落札量[MW],84,41.349,458,66,25,49.275,154.96,44,167.292,1089.876
20260701B37,募集量（TSO別）[MW],59,180,459,65,63,153,147,41,170,1337
20260701B37,応札量合計（電源属地別）[MW],118.19,44.845,447.506,330.14,26.93,84.041,182.761,195.93,207.738,1638.081
20260701B37,落札量合計（電源属地別）[MW],84,44.845,447.506,178.203,25,77.797,161.938,43,163.022,1225.311
20260701B37,応札件数（電源属地別）[件],6,13,60,51,2,13,16,7,27,195
20260701B37,落札件数（電源属地別）[件],1,13,60,12,1,10,5,3,24,129
20260701B37,最高落札価格（電源属地別）[円/kW・30分],1.07,15,15,9.5,1.64,7.88,3.28,1.8,6.4,15
20260701B37,最低落札価格（電源属地別）[円/kW・30分],1.07,6.46,0.39,1.41,1.64,1.38,2.13,0.36,2,0.36
20260701B37,平均落札価格（電源属地別）[円/kW・30分],1.07,12,3.92,1.87,1.64,4.02,3.11,1.63,5.36,3.69
20260701B37,最高落札価格（TSO別）[円/kW・30分],1.07,15,15,2.44,9.5,7.88,3.28,1.8,6.4,15
20260701B37,最低落札価格（TSO別）[円/kW・30分],1.07,6.46,0.39,1.64,1.64,1.38,2.13,0.36,2,0.36
20260701B37,平均落札価格（TSO別）[円/kW・30分],1.07,12,3.92,1.78,2.26,2.8,3.13,1.63,5.25,3.69
20260701B37,落札量合計（TSO別）[MW],84,44.845,447.506,65,63,153,154.96,43,170,1225.311
20260701B37,（内訳）自エリアからの落札量[MW],84,44.845,447.506,65,25,77.797,154.96,43,163.022,1105.13
20260701B38,募集量（TSO別）[MW],59,180,458,65,63,153,147,41,170,1336
20260701B38,応札量合計（電源属地別）[MW],196.19,43.345,456.224,509.002,26.93,84.041,182.761,195.93,207.738,1902.161
20260701B38,落札量合計（電源属地別）[MW],121,43.345,456.224,206.725,25,49.275,161.938,43,163.022,1269.529
20260701B38,応札件数（電源属地別）[件],8,12,61,51,2,13,16,7,27,197
20260701B38,落札件数（電源属地別）[件],6,12,61,5,1,2,5,3,24,119
20260701B38,最高落札価格（電源属地別）[円/kW・30分],5.21,15,15,7.5,1.62,1.85,3.26,1.8,6.83,15
20260701B38,最低落札価格（電源属地別）[円/kW・30分],1.01,6.46,0.39,0.85,1.62,1.38,2.13,0.36,2,0.36
20260701B38,平均落札価格（電源属地別）[円/kW・30分],2.96,11.89,3.95,1.07,1.62,1.83,3.09,1.63,5.7,3.56
20260701B38,最高落札価格（TSO別）[円/kW・30分],5.21,15,15,1.55,7.5,1.85,3.26,1.8,6.83,15
20260701B38,最低落札価格（TSO別）[円/kW・30分],1.01,6.46,0.39,0.85,0.85,0.85,2.13,0.36,2,0.36
20260701B38,平均落札価格（TSO別）[円/kW・30分],2.96,11.89,3.95,1.01,1.7,1.17,3.11,1.63,5.58,3.56
20260701B38,落札量合計（TSO別）[MW],121,43.345,456.224,65,63,153,154.96,43,170,1269.529
20260701B38,（内訳）自エリアからの落札量[MW],121,43.345,456.224,65,25,49.275,154.96,43,163.022,1120.826
20260701B39,募集量（TSO別）[MW],59,180,459,65,63,153,147,41,170,1337
20260701B39,応札量合計（電源属地別）[MW],244.49,44.845,468.954,328.189,5.908,86.001,204.955,195.93,207.738,1787.01
20260701B39,落札量合計（電源属地別）[MW],151,44.845,468.954,205.805,5.908,70.142,109.892,43,206.253,1305.799
20260701B39,応札件数（電源属地別）[件],9,13,61,50,2,14,23,7,27,206
20260701B39,落札件数（電源属地別）[件],6,13,61,26,2,6,10,3,26,153
20260701B39,最高落札価格（電源属地別）[円/kW・30分],5.21,15,15,10,9.6,7.88,12.56,1.8,6.4,15
20260701B39,最低落札価格（電源属地別）[円/kW・30分],1.01,6.46,0.39,1.41,1.38,1.38,0.39,0.36,2,0.36
20260701B39,平均落札価格（電源属地別）[円/kW・30分],3.39,12,3.84,2.9,4.07,3.6,7.25,1.63,5.56,4.4
20260701B39,最高落札価格（TSO別）[円/kW・30分],5.21,15,15,10,10,10,12.56,1.8,6.4,15
20260701B39,最低落札価格（TSO別）[円/kW・30分],1.01,0.39,0.39,1.53,1.38,1.38,0.39,0.36,3.8,0.36
20260701B39,平均落札価格（TSO別）[円/kW・30分],3.39,10.42,3.86,2.78,3.33,3.15,6.45,1.63,5.87,4.4
20260701B39,落札量合計（TSO別）[MW],151,54.799,459,65,63,153,147,43,170,1305.799
20260701B39,（内訳）自エリアからの落札量[MW],151,44.845,459,65,5.908,69.287,109.892,43,170,1117.932
20260701B40,募集量（TSO別）[MW],59,179,458,65,62,153,147,41,169,1333
20260701B40,応札量合計（電源属地別）[MW],196.19,44.845,486.412,328.189,1.93,86.001,252.19,195.93,202.799,1794.486
20260701B40,落札量合計（電源属地別）[MW],141,44.845,486.412,215.565,1.93,78.134,97.572,43,202.799,1311.257
20260701B40,応札件数（電源属地別）[件],8,13,59,50,1,14,24,7,25,201
20260701B40,落札件数（電源属地別）[件],5,13,59,39,1,10,9,4,25,165
20260701B40,最高落札価格（電源属地別）[円/kW・30分],5.21,15,15,10,9.6,7.88,3,1.8,9.5,15
20260701B40,最低落札価格（電源属地別）[円/kW・30分],1.01,6.46,0.39,1.55,9.6,1.38,0.39,0.36,2,0.36
20260701B40,平均落札価格（電源属地別）[円/kW・30分],3.29,12,3.67,3.64,9.6,4,0.94,1.63,5.15,3.9
20260701B40,最高落札価格（TSO別）[円/kW・30分],5.21,15,15,10,10,10,10,1.8,5.81,15
20260701B40,最低落札価格（TSO別）[円/kW・30分],1.01,0.39,0.39,1.55,1.55,1.38,0.39,0.36,3.22,0.36
20260701B40,平均落札価格（TSO別）[円/kW・30分],3.29,12.65,3.05,2.64,3.49,3.85,2.57,1.63,5.31,3.9
20260701B40,落札量合計（TSO別）[MW],141,73.257,458,65,62,153,147,43,169,1311.257
20260701B40,（内訳）自エリアからの落札量[MW],141,44.845,458,65,1.93,75.244,97.572,43,169,1095.591
20260701B41,募集量（TSO別）[MW],59,179,458,65,61,152,147,41,169,1331
20260701B41,応札量合計（電源属地別）[MW],284.49,44.845,422.755,326.076,1.93,82.043,253.99,197.93,155.729,1769.788
20260701B41,落札量合計（電源属地別）[MW],159.69,44.845,422.755,244.867,1.93,72.267,119.207,41,155.729,1262.29
20260701B41,応札件数（電源属地別）[件],10,13,64,49,1,12,25,8,26,208
20260701B41,落札件数（電源属地別）[件],6,13,64,41,1,7,13,4,26,175
20260701B41,最高落札価格（電源属地別）[円/kW・30分],5.21,15,15,10,9.6,7.88,10.57,1.9,9.5,15
20260701B41,最低落札価格（電源属地別）[円/kW・30分],3.41,6.46,0.39,1.39,9.6,1.28,0.39,0.36,2,0.36
20260701B41,平均落札価格（電源属地別）[円/kW・30分],4.43,12,4.03,3.33,9.6,3.37,2.33,1.64,4.36,4
20260701B41,最高落札価格（TSO別）[円/kW・30分],5.21,15,15,2.38,10,10,10.57,1.9,10.57,15
20260701B41,最低落札価格（TSO別）[円/kW・30分],3.41,6.46,0.39,1.39,1.5,1.28,0.39,0.36,1.68,0.36
20260701B41,平均落札価格（TSO別）[円/kW・30分],4.43,12,4.03,1.52,3.77,4.21,1.99,1.64,4.57,4
20260701B41,落札量合計（TSO別）[MW],159.69,44.845,422.755,65,61,152,147,41,169,1262.29
20260701B41,（内訳）自エリアからの落札量[MW],159.69,44.845,422.755,65,1.93,36.466,113.197,41,155.729,1040.612
20260701B42,募集量（TSO別）[MW],59,179,458,65,59,153,147,41,169,1330
20260701B42,応札量合計（電源属地別）[MW],236.19,86.849,422.435,328.07,10.806,82.043,241.263,197.93,163.379,1768.965
20260701B42,落札量合計（電源属地別）[MW],143.1,86.849,422.435,267.895,10.806,64.275,86.645,41,163.379,1286.384
20260701B42,応札件数（電源属地別）[件],9,15,64,50,2,12,24,8,27,211
20260701B42,落札件数（電源属地別）[件],6,15,64,40,2,3,9,4,27,170
20260701B42,最高落札価格（電源属地別）[円/kW・30分],5.21,15,15,10.6,9.6,7.88,3,1.9,9.5,15
20260701B42,最低落札価格（電源属地別）[円/kW・30分],2.76,1.28,0.39,1.11,0.39,1.28,0.39,0.36,1.81,0.36
20260701B42,平均落札価格（電源属地別）[円/kW・30分],4.03,7.03,3.8,2.97,2.03,2.82,1.03,1.68,3.87,3.56
20260701B42,最高落札価格（TSO別）[円/kW・30分],5.21,15,15,1.29,10,10.6,10,1.9,9.5,15
20260701B42,最低落札価格（TSO別）[円/kW・30分],2.76,1.28,0.39,1.11,0.39,1.25,0.39,0.36,1.25,0.36
20260701B42,平均落札価格（TSO別）[円/kW・30分],4.03,7.03,3.8,1.2,3.13,3.06,2.38,1.68,3.79,3.56
20260701B42,落札量合計（TSO別）[MW],143.1,86.849,422.435,65,59,153,147,41,169,1286.384
20260701B42,（内訳）自エリアからの落札量[MW],143.1,86.849,422.435,65,10.806,48.708,85.433,41,163.379,1066.71
20260701B43,募集量（TSO別）[MW],59,90,458,64,58,153,144,41,169,1236
20260701B43,応札量合計（電源属地別）[MW],280.121,76.845,90.763,298.26,26.93,86.001,243.252,197.93,153.688,1453.79
20260701B43,落札量合計（電源属地別）[MW],117.282,76.845,90.763,248.47,26.93,72.267,86.645,43,153.688,915.89
20260701B43,応札件数（電源属地別）[件],9,15,40,49,2,14,25,9,27,190
20260701B43,落札件数（電源属地別）[件],5,15,40,36,2,7,9,4,27,145
20260701B43,最高落札価格（電源属地別）[円/kW・30分],5.21,15,15,10,9.6,7.88,3,1.8,9.5,15
20260701B43,最低落札価格（電源属地別）[円/kW・30分],1.7,2.78,0.39,0.83,0.8,1.38,0.37,0.36,2,0.36
20260701B43,平均落札価格（電源属地別）[円/kW・30分],3.17,8.55,10.65,2.93,1.43,3.66,1.01,0.67,3.95,4.09
20260701B43,最高落札価格（TSO別）[円/kW・30分],5.21,15,15,0.97,9.6,10,9.99,1.8,9.5,15
20260701B43,最低落札価格（TSO別）[円/kW・30分],1.7,2.78,0.39,0.83,0.8,0.87,0.37,0.36,0.99,0.36
20260701B43,平均落札価格（TSO別）[円/kW・30分],3.17,8.55,10.65,0.91,1.2,4,2.52,0.67,3.69,4.09
20260701B43,落札量合計（TSO別）[MW],117.282,76.845,90.763,64,58,153,144,43,169,915.89
20260701B43,（内訳）自エリアからの落札量[MW],117.282,76.845,90.763,64,26.93,31.514,86.645,43,153.688,690.667
20260701B44,募集量（TSO別）[MW],60,90,458,65,58,153,144,41,170,1239
20260701B44,応札量合計（電源属地別）[MW],158.19,73.942,195.647,292.279,26.93,126.631,205.071,197.93,153.688,1430.308
20260701B44,落札量合計（電源属地別）[MW],95,73.942,195.647,256.09,26.93,108.76,83.162,45,153.688,1038.219
20260701B44,応札件数（電源属地別）[件],7,13,46,46,2,16,22,9,27,188
20260701B44,落札件数（電源属地別）[件],3,13,46,39,2,7,17,4,27,158
20260701B44,最高落札価格（電源属地別）[円/kW・30分],4.6,15,15,10,9.6,11.99,12,1.8,9.5,15
20260701B44,最低落札価格（電源属地別）[円/kW・30分],1.69,2.83,0.39,0.72,1.32,0.39,0.39,0.36,1.66,0.36
20260701B44,平均落札価格（電源属地別）[円/kW・30分],2.02,8.32,6.27,3.14,1.91,2.47,5.61,0.65,3.77,4.08
20260701B44,最高落札価格（TSO別）[円/kW・30分],4.6,15,15,0.98,10,11.99,12,1.8,9.9,15
20260701B44,最低落札価格（TSO別）[円/kW・30分],1.69,2.83,0.39,0.79,0.9,0.39,0.39,0.36,0.9,0.36
20260701B44,平均落札価格（TSO別）[円/kW・30分],2.02,8.32,6.27,0.88,2.05,3.41,4.97,0.65,3.69,4.08
20260701B44,落札量合計（TSO別）[MW],95,73.942,195.647,65,58,191.63,144,45,170,1038.219
20260701B44,（内訳）自エリアからの落札量[MW],95,73.942,195.647,65,26.93,94.908,83.162,45,153.688,833.277
20260701B45,募集量（TSO別）[MW],61,90,458,64,58,153,144,41,170,1239
20260701B45,応札量合計（電源属地別）[MW],160.09,76.845,109.258,296.26,16.626,140.946,205.071,197.93,155.188,1358.214
20260701B45,落札量合計（電源属地別）[MW],108,76.845,109.258,259.85,16.626,131.17,74.22,45,154.902,975.871
20260701B45,応札件数（電源属地別）[件],8,15,41,49,2,17,22,9,28,191
20260701B45,落札件数（電源属地別）[件],6,15,41,41,2,12,12,4,28,161
20260701B45,最高落札価格（電源属地別）[円/kW・30分],11,15,15,10,9.6,7.88,11.36,1.8,10.5,15
20260701B45,最低落札価格（電源属地別）[円/kW・30分],1.8,2.73,0.39,0.81,1.38,1.29,0.39,0.36,1.61,0.36
20260701B45,平均落札価格（電源属地別）[円/kW・30分],2.79,8.53,9.36,3.17,2.33,4.15,4.83,0.66,3.94,4.49
20260701B45,最高落札価格（TSO別）[円/kW・30分],11,15,15,0.97,9.99,10,11.36,1.8,10.5,15
20260701B45,最低落札価格（TSO別）[円/kW・30分],1.8,2.73,0.39,0.85,0.81,0.81,0.39,0.36,0.81,0.36
20260701B45,平均落札価格（TSO別）[円/kW・30分],2.79,8.53,9.36,0.91,3.23,3.81,4.9,0.66,3.87,4.49
20260701B45,落札量合計（TSO別）[MW],108,76.845,109.258,64,58,200.768,144,45,170,975.871
20260701B45,（内訳）自エリアからの落札量[MW],108,76.845,109.258,64,16.626,131.17,74.22,45,154.902,780.021
20260701B46,募集量（TSO別）[MW],61,89,456,63,58,151,144,41,170,1233
20260701B46,応札量合計（電源属地別）[MW],282.39,76.845,135.606,267.897,26.93,105.615,205.071,197.93,155.188,1453.472
20260701B46,落札量合計（電源属地別）[MW],115,76.845,135.606,241.967,26.93,94.367,83.162,45,155.188,974.065
20260701B46,応札件数（電源属地別）[件],11,15,43,46,2,15,22,9,28,191
20260701B46,落札件数（電源属地別）[件],6,15,43,39,2,10,17,4,28,164
20260701B46,最高落札価格（電源属地別）[円/kW・30分],5.21,15,15,11,9.6,12,12,1.8,10.5,15
20260701B46,最低落札価格（電源属地別）[円/kW・30分],1.33,3.15,0.39,0.45,0.39,0.39,0.39,0.36,1.29,0.36
20260701B46,平均落札価格（電源属地別）[円/kW・30分],2.84,8.71,7.91,2.86,1.05,3.6,5.91,0.6,3.76,4.34
20260701B46,最高落札価格（TSO別）[円/kW・30分],5.21,15,15,0.96,11,12,12,1.8,10.5,15
20260701B46,最低落札価格（TSO別）[円/kW・30分],1.33,3.15,0.39,0.65,0.39,0.39,0.39,0.36,0.84,0.36
20260701B46,平均落札価格（TSO別）[円/kW・30分],2.84,8.71,7.91,0.71,2.95,3.95,4.61,0.6,3.5,4.34
20260701B46,落札量合計（TSO別）[MW],115,76.845,135.606,63,58,166.614,144,45,170,974.065
20260701B46,（内訳）自エリアからの落札量[MW],115,76.845,135.606,63,26.93,64.013,83.162,45,155.188,764.744
20260701B47,募集量（TSO別）[MW],61,88,454,62,57,150,143,41,169,1225
20260701B47,応札量合計（電源属地別）[MW],271.866,76.845,109.258,243.054,5.726,144.935,205.071,197.93,153.688,1408.373
20260701B47,落札量合計（電源属地別）[MW],143,76.845,109.258,237.321,5.726,139.028,83.162,45,153.688,993.028
20260701B47,応札件数（電源属地別）[件],10,15,41,43,2,15,22,9,27,184
20260701B47,落札件数（電源属地別）[件],5,15,41,40,2,12,17,4,27,163
20260701B47,最高落札価格（電源属地別）[円/kW・30分],5.21,15,15,13,9.6,11.55,12,1.8,9.5,15
20260701B47,最低落札価格（電源属地別）[円/kW・30分],1.01,3.41,0.39,0.69,0.39,0.39,0.39,0.36,1.07,0.36
20260701B47,平均落札価格（電源属地別）[円/kW・30分],3.17,8.82,9.13,3.04,3.49,2.25,5.94,0.6,3.47,4.27
20260701B47,最高落札価格（TSO別）[円/kW・30分],5.21,15,15,0.95,9.6,13,13,1.8,11.9,15
20260701B47,最低落札価格（TSO別）[円/kW・30分],1.01,3.41,0.39,0.72,0.39,0.39,0.39,0.36,1.07,0.36
20260701B47,平均落札価格（TSO別）[円/kW・30分],3.17,8.82,9.13,0.81,1.06,2.74,5.39,0.6,4.05,4.27
20260701B47,落札量合計（TSO別）[MW],143,76.845,109.258,62,57,187.925,143,45,169,993.028
20260701B47,（内訳）自エリアからの落札量[MW],143,76.845,109.258,62,5.726,119.593,79.176,45,153.688,794.286
20260701B48,募集量（TSO別）[MW],61,87,452,59,56,148,142,41,169,1215
20260701B48,応札量合計（電源属地別）[MW],185.39,73.349,222.441,241.554,28.892,149.746,205.071,197.93,151.698,1456.071
20260701B48,落札量合計（電源属地別）[MW],84,73.349,222.441,223.382,28.892,129.929,66.295,45,150.198,1023.486
20260701B48,応札件数（電源属地別）[件],9,13,48,42,3,15,22,9,26,187
20260701B48,落札件数（電源属地別）[件],1,13,48,37,3,5,8,4,25,144
20260701B48,最高落札価格（電源属地別）[円/kW・30分],1.01,15,15,10,9.6,7.88,11.99,1.8,9.5,15
20260701B48,最低落札価格（電源属地別）[円/kW・30分],1.01,2.87,0.39,0.55,0.39,0.39,0.37,0.36,0.67,0.36
20260701B48,平均落札価格（電源属地別）[円/kW・30分],1.01,8.54,5.13,2.88,1.01,1.56,4.58,0.65,3.63,3.52
20260701B48,最高落札価格（TSO別）[円/kW・30分],1.01,15,15,0.87,10,10,11.99,1.8,10.77,15
20260701B48,最低落札価格（TSO別）[円/kW・30分],1.01,2.87,0.39,0.55,0.39,0.39,0.37,0.36,0.67,0.36
20260701B48,平均落札価格（TSO別）[円/kW・30分],1.01,8.54,5.13,0.68,3.07,2.71,2.4,0.65,4.16,3.52
20260701B48,落札量合計（TSO別）[MW],84,73.349,222.441,59,56,172.696,142,45,169,1023.486
20260701B48,（内訳）自エリアからの落札量[MW],84,73.349,222.441,59,28.892,101.26,64.331,45,150.198,828.471
20260702B01,募集量（TSO別）[MW],60,168,436,53,53,138,140,40,165,1253
20260702B01,応札量合計（電源属地別）[MW],130.09,64.417,281.917,107.41,45.93,177.344,169.037,198.86,153.508,1328.513
20260702B01,落札量合計（電源属地別）[MW],110,64.417,281.917,63.287,44,156.397,161.096,42,132.908,1056.022
20260702B01,応札件数（電源属地別）[件],8,10,39,26,3,18,9,10,24,147
20260702B01,落札件数（電源属地別）[件],5,10,39,7,2,8,5,4,13,93
20260702B01,最高落札価格（電源属地別）[円/kW・30分],8.4,15,15,5,0.39,7.88,2.13,1.8,5.18,15
20260702B01,最低落札価格（電源属地別）[円/kW・30分],1.01,3.09,0.39,2.89,0.39,0.39,1.32,0.36,0.54,0.36
20260702B01,平均落札価格（電源属地別）[円/kW・30分],2.2,6.33,3.4,3.25,0.39,1.5,1.47,0.63,2.61,2.53
20260702B01,最高落札価格（TSO別）[円/kW・30分],8.4,15,15,3.5,5,7.88,2.13,1.8,5.18,15
20260702B01,最低落札価格（TSO別）[円/kW・30分],1.01,3.09,0.39,2.89,0.39,0.39,1.32,0.36,0.54,0.36
20260702B01,平均落札価格（TSO別）[円/kW・30分],2.2,6.33,3.4,3.11,1.03,1.48,1.48,0.63,2.41,2.53
20260702B01,落札量合計（TSO別）[MW],110,64.417,281.917,53,53,146.688,140,42,165,1056.022
20260702B01,（内訳）自エリアからの落札量[MW],110,64.417,281.917,53,44,146.688,140,42,132.908,1014.93
20260702B02,募集量（TSO別）[MW],60,168,436,53,53,138,140,40,165,1253
20260702B02,応札量合計（電源属地別）[MW],130.09,74.345,289.601,149.287,45.93,153.399,176.979,198.86,153.508,1371.999
20260702B02,落札量合計（電源属地別）[MW],110,74.345,289.601,90.295,44,133.622,163.09,42,141.91,1088.863
20260702B02,応札件数（電源属地別）[件],8,15,43,39,3,17,13,10,24,172
20260702B02,落札件数（電源属地別）[件],5,15,43,13,2,7,6,4,18,113
20260702B02,最高落札価格（電源属地別）[円/kW・30分],8.9,15,15,9.99,0.39,7.88,9.89,1.8,10,15
20260702B02,最低落札価格（電源属地別）[円/kW・30分],1.01,3.14,0.39,0.51,0.39,0.39,1.36,0.36,0.44,0.36
20260702B02,平均落札価格（電源属地別）[円/kW・30分],2.24,7.52,3.67,1.96,0.39,1.58,1.6,0.61,2.85,2.72
20260702B02,最高落札価格（TSO別）[円/kW・30分],8.9,15,15,3.45,9.8,9.99,2.13,1.8,10,15
20260702B02,最低落札価格（TSO別）[円/kW・30分],1.01,3.14,0.39,0.51,0.39,0.39,1.36,0.36,0.44,0.36
20260702B02,平均落札価格（TSO別）[円/kW・30分],2.24,7.52,3.67,0.71,0.79,2.01,1.49,0.61,2.77,2.72
20260702B02,落札量合計（TSO別）[MW],110,74.345,289.601,53,53,161.917,140,42,165,1088.863
20260702B02,（内訳）自エリアからの落札量[MW],110,74.345,289.601,53,44,133.622,140,42,141.91,1028.478
20260702B03,募集量（TSO別）[MW],60,168,436,53,53,138,140,40,165,1253
20260702B03,応札量合計（電源属地別）[MW],145.19,74.345,291.6,149.287,45.93,32.817,176.979,198.86,153.508,1268.516
20260702B03,落札量合計（電源属地別）[MW],110,74.345,291.6,141.764,45.93,30.819,176.979,42,153.508,1066.945
20260702B03,応札件数（電源属地別）[件],8,15,44,39,3,10,13,10,24,166
20260702B03,落札件数（電源属地別）[件],3,15,44,35,3,9,13,4,24,150
20260702B03,最高落札価格（電源属地別）[円/kW・30分],7.85,15,15,13.2,11.9,11.85,11.9,1.9,12,15
20260702B03,最低落札価格（電源属地別）[円/kW・30分],1.01,3.22,0.39,0.57,0.39,7.88,1.17,0.57,0.39,0.39
20260702B03,平均落札価格（電源属地別）[円/kW・30分],2.63,7.56,3.73,5.01,0.87,9.18,2.24,0.81,2.92,3.61
20260702B03,最高落札価格（TSO別）[円/kW・30分],7.85,15,15,0.7,11.9,13.2,2.13,1.9,12,15
20260702B03,最低落札価格（TSO別）[円/kW・30分],1.01,3.22,0.39,0.57,0.39,1.22,1.17,0.57,0.39,0.39
20260702B03,平均落札価格（TSO別）[円/kW・30分],2.63,7.56,3.73,0.61,0.93,8.27,1.38,0.81,2.8,3.61
20260702B03,落札量合計（TSO別）[MW],110,74.345,291.6,53,53,138,140,42,165,1066.945
20260702B03,（内訳）自エリアからの落札量[MW],110,74.345,291.6,53,45.93,30.819,140,42,153.508,941.202
20260702B04,募集量（TSO別）[MW],60,168,436,53,53,138,140,40,165,1253
20260702B04,応札量合計（電源属地別）[MW],152.992,74.345,405.964,145.527,45.93,36.517,180.751,198.86,155.497,1396.383
20260702B04,落札量合計（電源属地別）[MW],107,74.345,405.964,136.201,45.93,32.61,178.762,42,155.497,1178.309
20260702B04,応札件数（電源属地別）[件],7,15,49,37,3,12,15,10,25,173
20260702B04,落札件数（電源属地別）[件],2,15,49,33,3,10,14,4,25,155
20260702B04,最高落札価格（電源属地別）[円/kW・30分],5.15,15,15,13.2,11.9,11.89,11.9,1.9,12,15
20260702B04,最低落札価格（電源属地別）[円/kW・30分],1.01,3.28,0.39,0.76,0.39,0.3,1.17,1.62,0.39,0.3
20260702B04,平均落札価格（電源属地別）[円/kW・30分],1.9,7.6,4.16,5.09,0.87,8.1,2.23,1.66,2.81,3.7
20260702B04,最高落札価格（TSO別）[円/kW・30分],5.15,15,15,3.64,11.9,13.2,2.13,1.9,12,15
20260702B04,最低落札価格（TSO別）[円/kW・30分],1.01,3.28,0.39,0.76,0.39,0.3,1.17,1.62,0.39,0.3
20260702B04,平均落札価格（TSO別）[円/kW・30分],1.9,7.6,4.16,1.27,2.09,7.34,1.35,1.66,2.74,3.7
20260702B04,落札量合計（TSO別）[MW],107,74.345,405.964,53,53,138,140,42,165,1178.309
20260702B04,（内訳）自エリアからの落札量[MW],107,74.345,405.964,53,45.93,32.61,140,42,155.497,1056.346
20260702B05,募集量（TSO別）[MW],60,168,434,52,53,137,139,40,165,1248
20260702B05,応札量合計（電源属地別）[MW],160.09,72.347,378.559,119.635,80.93,79.984,180.751,198.86,155.497,1426.653
20260702B05,落札量合計（電源属地別）[MW],84,72.347,378.559,90.909,80.93,67.125,164.89,42,142.146,1122.906
20260702B05,応札件数（電源属地別）[件],8,14,43,28,4,11,15,10,25,158
20260702B05,落札件数（電源属地別）[件],1,14,43,13,4,5,7,4,18,109
20260702B05,最高落札価格（電源属地別）[円/kW・30分],1.01,15,15,9.9,9,10,9.89,1.9,9.9,15
20260702B05,最低落札価格（電源属地別）[円/kW・30分],1.01,3.48,0.39,0.64,0.39,1.26,1.14,1.59,0.39,0.39
20260702B05,平均落札価格（電源属地別）[円/kW・30分],1.01,7.51,4.15,2.4,0.6,2.87,1.44,1.63,1.99,2.89
20260702B05,最高落札価格（TSO別）[円/kW・30分],1.01,15,15,2.86,0.39,10,2.13,1.9,9.9,15
20260702B05,最低落札価格（TSO別）[円/kW・30分],1.01,3.48,0.39,0.82,0.39,0.39,1.14,1.59,0.39,0.39
20260702B05,平均落札価格（TSO別）[円/kW・30分],1.01,7.51,4.15,1.59,0.39,2.63,1.33,1.63,2.01,2.89
20260702B05,落札量合計（TSO別）[MW],84,72.347,378.559,52,53,137,139,42,165,1122.906
20260702B05,（内訳）自エリアからの落札量[MW],84,72.347,378.559,52,53,67.125,139,42,142.146,1030.177
20260702B06,募集量（TSO別）[MW],60,168,433,51,53,137,139,40,165,1246
20260702B06,応札量合計（電源属地別）[MW],182.89,72.349,388.971,137.307,80.93,83.942,180.751,198.86,155.497,1481.497
20260702B06,落札量合計（電源属地別）[MW],84,72.349,388.971,90.909,80.93,66.125,164.89,42,142.146,1132.32
20260702B06,応札件数（電源属地別）[件],9,14,48,37,4,13,15,10,25,175
20260702B06,落札件数（電源属地別）[件],1,14,48,13,4,4,7,4,18,113
20260702B06,最高落札価格（電源属地別）[円/kW・30分],1.01,15,15,9.9,9,7.88,9.89,1.9,9.5,15
20260702B06,最低落札価格（電源属地別）[円/kW・30分],1.01,3.48,0.39,0.64,0.39,1.26,1.17,0.58,0.39,0.39
20260702B06,平均落札価格（電源属地別）[円/kW・30分],1.01,7.51,4.43,2.05,0.6,2.76,1.48,0.82,1.87,2.93
20260702B06,最高落札価格（TSO別）[円/kW・30分],1.01,15,15,2.86,0.39,9.9,2.13,1.9,9.5,15
20260702B06,最低落札価格（TSO別）[円/kW・30分],1.01,3.48,0.39,0.64,0.39,0.39,1.17,0.58,0.39,0.39
20260702B06,平均落札価格（TSO別）[円/kW・30分],1.01,7.51,4.43,1.59,0.39,2.45,1.38,0.82,1.8,2.93
20260702B06,落札量合計（TSO別）[MW],84,72.349,388.971,51,53,137,139,42,165,1132.32
20260702B06,（内訳）自エリアからの落札量[MW],84,72.349,388.971,51,53,66.125,139,42,142.146,1038.591
20260702B07,募集量（TSO別）[MW],60,167,432,51,53,137,139,40,165,1244
20260702B07,応札量合計（電源属地別）[MW],160.09,87.345,391.4,136.428,74.776,155.348,193.632,199.86,151.391,1550.27
20260702B07,落札量合計（電源属地別）[MW],110.99,87.345,388.639,63.424,74.776,133.622,163.896,45,133.199,1200.891
20260702B07,応札件数（電源属地別）[件],8,15,49,36,4,18,22,9,26,187
20260702B07,落札件数（電源属地別）[件],6,15,48,7,4,7,7,3,17,114
20260702B07,最高落札価格（電源属地別）[円/kW・30分],13.5,15,15,5,9,7.88,9.89,1.8,9.8,15
20260702B07,最低落札価格（電源属地別）[円/kW・30分],1.01,3.48,0.39,0.57,0.39,0.39,1.43,0.36,0.39,0.36
20260702B07,平均落札価格（電源属地別）[円/kW・30分],3.1,8.3,4.38,1.72,0.61,1.56,1.6,0.69,2.02,3.08
20260702B07,最高落札価格（TSO別）[円/kW・30分],13.5,15,15,2.92,0.39,9,2.13,1.8,9.89,15
20260702B07,最低落札価格（TSO別）[円/kW・30分],1.01,3.48,0.39,0.57,0.39,0.39,1.43,0.36,0.39,0.36
20260702B07,平均落札価格（TSO別）[円/kW・30分],3.1,8.3,4.38,1.25,0.39,1.55,1.56,0.69,2.08,3.08
20260702B07,落札量合計（TSO別）[MW],110.99,87.345,388.639,51,53,160.917,139,45,165,1200.891
20260702B07,（内訳）自エリアからの落札量[MW],110.99,87.345,388.639,51,53,133.622,139,45,133.199,1141.795
20260702B08,募集量（TSO別）[MW],60,167,433,51,53,137,139,40,166,1246
20260702B08,応札量合計（電源属地別）[MW],208.39,88.845,407.553,140.188,80.93,155.348,193.632,199.86,159.041,1633.787
20260702B08,落札量合計（電源属地別）[MW],163.29,88.845,407.553,67.184,79,127.929,162.896,46,132.908,1275.605
20260702B08,応札件数（電源属地別）[件],9,16,49,38,4,18,22,9,27,192
20260702B08,落札件数（電源属地別）[件],7,16,49,9,3,7,6,3,13,113
20260702B08,最高落札価格（電源属地別）[円/kW・30分],14.87,15,15,5,0.39,7.88,3,1.8,5.18,15
20260702B08,最低落札価格（電源属地別）[円/kW・30分],1.01,3.41,0.39,0.43,0.39,0.39,1.38,0.36,0.39,0.36
20260702B08,平均落札価格（電源属地別）[円/kW・30分],6.92,8.38,4.35,1.6,0.39,1.29,1.53,0.69,1.5,3.47
20260702B08,最高落札価格（TSO別）[円/kW・30分],14.87,15,15,3.11,0.39,7.88,2.13,1.8,5.18,15
20260702B08,最低落札価格（TSO別）[円/kW・30分],1.01,3.41,0.39,0.43,0.39,0.39,1.38,0.36,0.39,0.36
20260702B08,平均落札価格（TSO別）[円/kW・30分],6.92,8.38,4.35,1.45,0.39,1.26,1.5,0.69,1.48,3.47
20260702B08,落札量合計（TSO別）[MW],163.29,88.845,407.553,51,53,160.917,139,46,166,1275.605
20260702B08,（内訳）自エリアからの落札量[MW],163.29,88.845,407.553,51,53,125.358,139,46,132.908,1206.954
20260702B09,募集量（TSO別）[MW],60,167,434,51,53,138,139,41,166,1249
20260702B09,応札量合計（電源属地別）[MW],160.09,88.845,407.975,140.188,80.93,155.348,193.632,199.86,155.219,1582.087
20260702B09,落札量合計（電源属地別）[MW],113.99,88.845,407.975,67.047,79,133.622,162.896,46,127.352,1226.727
20260702B09,応札件数（電源属地別）[件],8,16,49,38,4,18,22,9,28,192
20260702B09,落札件数（電源属地別）[件],6,16,49,9,3,7,6,3,14,113
20260702B09,最高落札価格（電源属地別）[円/kW・30分],13.5,15,15,5,0.39,7.88,2.13,1.8,9,15
20260702B09,最低落札価格（電源属地別）[円/kW・30分],1.01,3.28,0.39,0.45,0.39,0.39,1.17,0.36,0.39,0.36
20260702B09,平均落札価格（電源属地別）[円/kW・30分],3.49,8.32,4.27,1.62,0.39,1.57,1.36,0.69,1.6,3.01
20260702B09,最高落札価格（TSO別）[円/kW・30分],13.5,15,15,3.34,0.39,7.88,2.13,1.8,9,15
20260702B09,最低落札価格（TSO別）[円/kW・30分],1.01,3.28,0.39,0.45,0.39,0.39,1.17,0.36,0.39,0.36
20260702B09,平均落札価格（TSO別）[円/kW・30分],3.49,8.32,4.27,1.38,0.39,1.54,1.36,0.69,1.5,3.01
20260702B09,落札量合計（TSO別）[MW],113.99,88.845,407.975,51,53,160.917,139,46,166,1226.727
20260702B09,（内訳）自エリアからの落札量[MW],113.99,88.845,407.975,51,53,133.622,139,46,127.352,1160.784
20260702B10,募集量（TSO別）[MW],60,167,435,51,53,138,139,41,166,1250
20260702B10,応札量合計（電源属地別）[MW],173.35,88.845,411.953,136.428,80.93,155.348,193.632,200.86,162.869,1604.215
20260702B10,落札量合計（電源属地別）[MW],114,88.845,410.342,63.424,79,131.689,162.896,47,132.908,1230.104
20260702B10,応札件数（電源属地別）[件],9,16,51,36,4,18,22,9,29,194
20260702B10,落札件数（電源属地別）[件],6,16,51,7,3,7,6,3,13,112
20260702B10,最高落札価格（電源属地別）[円/kW・30分],13.5,15,15,5,0.39,7.88,2.13,1.8,5.18,15
20260702B10,最低落札価格（電源属地別）[円/kW・30分],1.01,3.41,0.39,0.51,0.39,0.39,1.39,0.36,0.39,0.36
20260702B10,平均落札価格（電源属地別）[円/kW・30分],3.37,8.38,4.33,1.68,0.39,1.48,1.52,0.71,1.7,3.04
20260702B10,最高落札価格（TSO別）[円/kW・30分],13.5,15,15,2.97,0.39,7.88,2.13,1.8,5.18,15
20260702B10,最低落札価格（TSO別）[円/kW・30分],1.01,3.41,0.39,0.51,0.39,0.39,1.39,0.36,0.39,0.36
20260702B10,平均落札価格（TSO別）[円/kW・30分],3.37,8.38,4.33,1.2,0.39,1.36,1.51,0.71,1.78,3.04
20260702B10,落札量合計（TSO別）[MW],114,88.845,410.342,51,53,160.917,139,47,166,1230.104
20260702B10,（内訳）自エリアからの落札量[MW],114,88.845,410.342,51,53,131.689,139,47,132.908,1167.784
20260702B11,募集量（TSO別）[MW],60,167,435,51,53,138,139,41,166,1250
20260702B11,応札量合計（電源属地別）[MW],153,88.845,308.034,147.109,68.64,155.348,193.632,200.86,164.758,1480.226
20260702B11,落札量合計（電源属地別）[MW],136,88.845,304.424,85.326,66.71,120.188,162.896,47,134.797,1146.186
20260702B11,応札件数（電源属地別）[件],8,16,51,42,4,18,22,9,30,200
20260702B11,落札件数（電源属地別）[件],5,16,50,10,3,7,6,4,14,115
20260702B11,最高落札価格（電源属地別）[円/kW・30分],13.5,15,15,7.5,0.39,7.88,2.13,1.8,5.18,15
20260702B11,最低落札価格（電源属地別）[円/kW・30分],1.01,3.41,0.39,0.39,0.39,0.39,0.75,0.36,0.39,0.36
20260702B11,平均落札価格（電源属地別）[円/kW・30分],5.74,8.38,3.84,1.48,0.39,0.86,1.57,0.71,2.09,3.07
20260702B11,最高落札価格（TSO別）[円/kW・30分],13.5,15,15,3.2,0.39,7.88,2.13,1.8,5.18,15
20260702B11,最低落札価格（TSO別）[円/kW・30分],1.01,3.41,0.39,0.5,0.39,0.39,1.47,0.36,0.39,0.36
20260702B11,平均落札価格（TSO別）[円/kW・30分],5.74,8.38,3.84,1.43,0.39,0.99,1.58,0.71,1.92,3.07
20260702B11,落札量合計（TSO別）[MW],136,88.845,304.424,51,53,160.917,139,47,166,1146.186
20260702B11,（内訳）自エリアからの落札量[MW],136,88.845,304.424,51,53,120.188,139,47,134.797,1074.254
20260702B12,募集量（TSO別）[MW],60,167,435,51,53,138,139,41,166,1250
20260702B12,応札量合計（電源属地別）[MW],203.7,86.849,306.246,145.609,80.93,155.348,206.359,200.86,164.758,1550.659
20260702B12,落札量合計（電源属地別）[MW],147.084,86.849,304.626,63.247,79,118.622,175.623,47,133.425,1155.476
20260702B12,応札件数（電源属地別）[件],10,15,50,41,4,18,23,9,30,200
20260702B12,落札件数（電源属地別）[件],7,15,50,7,3,6,7,3,14,112
20260702B12,最高落札価格（電源属地別）[円/kW・30分],11.5,15,15,5,0.39,1.26,3,1.8,5.18,15
20260702B12,最低落札価格（電源属地別）[円/kW・30分],1,3.48,0.39,0.39,0.39,0.39,0.39,0.36,0.39,0.36
20260702B12,平均落札価格（電源属地別）[円/kW・30分],3.95,8.26,3.94,1.39,0.39,0.76,1.37,0.71,1.6,2.77
20260702B12,最高落札価格（TSO別）[円/kW・30分],11.5,15,15,3.24,0.39,5,2.13,1.8,5.18,15
20260702B12,最低落札価格（TSO別）[円/kW・30分],1,3.48,0.39,0.39,0.39,0.39,0.39,0.36,0.39,0.36
20260702B12,平均落札価格（TSO別）[円/kW・30分],3.95,8.26,3.94,1.38,0.39,0.79,1.34,0.71,1.56,2.77
20260702B12,落札量合計（TSO別）[MW],147.084,86.849,304.626,51,53,160.917,139,47,166,1155.476
20260702B12,（内訳）自エリアからの落札量[MW],147.084,86.849,304.626,51,53,118.622,139,47,133.425,1080.606
20260702B13,募集量（TSO別）[MW],61,176,455,60,56,152,141,43,169,1313
20260702B13,応札量合計（電源属地別）[MW],204.09,88.845,308.438,178.7,61.93,155.348,192.766,202.86,157.217,1550.194
20260702B13,落札量合計（電源属地別）[MW],114,88.845,308.438,118.474,61.93,131.772,164.024,50,140.034,1177.517
20260702B13,応札件数（電源属地別）[件],10,16,51,44,3,18,22,9,29,202
20260702B13,落札件数（電源属地別）[件],4,16,51,15,3,6,7,3,20,125
20260702B13,最高落札価格（電源属地別）[円/kW・30分],2.9,15,15,9.99,9,7.88,9.89,1.8,10,15
20260702B13,最低落札価格（電源属地別）[円/kW・30分],1,3.41,0.39,0.52,0.39,0.39,0.75,0.36,0.39,0.36
20260702B13,平均落札価格（電源属地別）[円/kW・30分],1.29,8.38,4.2,3.14,0.66,1.74,1.69,0.66,2.15,2.92
20260702B13,最高落札価格（TSO別）[円/kW・30分],2.9,15,15,3.33,0.39,9.99,2.13,1.8,10,15
20260702B13,最低落札価格（TSO別）[円/kW・30分],1,3.41,0.39,0.52,0.39,0.39,1.52,0.36,0.39,0.36
20260702B13,平均落札価格（TSO別）[円/kW・30分],1.29,8.38,4.2,1.78,0.39,2.81,1.6,0.66,2.05,2.92
20260702B13,落札量合計（TSO別）[MW],114,88.845,308.438,60,56,177.917,153.317,50,169,1177.517
20260702B13,（内訳）自エリアからの落札量[MW],114,88.845,308.438,60,56,131.772,153.317,50,140.034,1102.406
20260702B14,募集量（TSO別）[MW],61,182,463,63,57,155,142,44,171,1338
20260702B14,応札量合計（電源属地別）[MW],169.09,87.345,308.438,199.897,11.37,155.348,181.279,202.86,157.217,1472.844
20260702B14,落札量合計（電源属地別）[MW],95,87.345,308.438,155.486,9.44,132.772,162.44,49,151.779,1151.7
20260702B14,応札件数（電源属地別）[件],9,15,51,45,2,18,20,9,29,198
20260702B14,落札件数（電源属地別）[件],3,15,51,30,1,7,10,3,26,146
20260702B14,最高落札価格（電源属地別）[円/kW・30分],10.2,15,15,10.9,0.39,11,10.77,1.8,11,15
20260702B14,最低落札価格（電源属地別）[円/kW・30分],1,3.23,0.39,0.9,0.39,0.39,1.33,0.36,0.39,0.36
20260702B14,平均落札価格（電源属地別）[円/kW・30分],1.11,8.18,4.17,5.04,0.39,1.81,2.12,0.64,3.01,3.44
20260702B14,最高落札価格（TSO別）[円/kW・30分],10.2,15,15,4.22,10.8,11,2.13,1.8,11,15
20260702B14,最低落札価格（TSO別）[円/kW・30分],1,3.23,0.39,1.58,0.39,0.39,1.33,0.36,0.39,0.36
20260702B14,平均落札価格（TSO別）[円/kW・30分],1.11,8.18,4.17,3.03,4.27,3.33,1.42,0.64,3.49,3.44
20260702B14,落札量合計（TSO別）[MW],95,87.345,308.438,63,57,178.917,142,49,171,1151.7
20260702B14,（内訳）自エリアからの落札量[MW],95,87.345,308.438,63,9.44,132.772,142,49,151.779,1038.774
20260702B15,募集量（TSO別）[MW],62,187,469,66,58,159,143,44,172,1360
20260702B15,応札量合計（電源属地別）[MW],169.09,88.845,334.292,220.078,1.93,116.41,238.467,202.86,157.156,1529.128
20260702B15,落札量合計（電源属地別）[MW],101,88.845,334.292,194.5,0,96.754,207.731,50,135.94,1209.062
20260702B15,応札件数（電源属地別）[件],9,16,52,47,1,16,24,9,29,203
20260702B15,落札件数（電源属地別）[件],4,16,52,38,0,6,8,3,18,145
20260702B15,最高落札価格（電源属地別）[円/kW・30分],10.3,15,15,13.29,0,13.25,3,1.8,9,15
20260702B15,最低落札価格（電源属地別）[円/kW・30分],1,3.09,0.39,1.03,0,0.39,0.39,0.36,0.39,0.36
20260702B15,平均落札価格（電源属地別）[円/kW・30分],1.65,8.23,4.01,5,0,1.57,1.36,0.66,2.28,3.3
20260702B15,最高落札価格（TSO別）[円/kW・30分],10.3,15,15,3.8,13.2,13.29,2.13,1.8,9,15
20260702B15,最低落札価格（TSO別）[円/kW・30分],1,3.09,0.39,1.03,1.65,0.39,0.39,0.36,0.39,0.36
20260702B15,平均落札価格（TSO別）[円/kW・30分],1.65,8.23,4.01,2.2,4.05,4.03,1.3,0.66,2.1,3.3
20260702B15,落札量合計（TSO別）[MW],101,88.845,334.292,66,58,195.925,143,50,172,1209.062
20260702B15,（内訳）自エリアからの落札量[MW],101,88.845,334.292,66,0,96.754,143,50,135.94,1015.831
20260702B16,募集量（TSO別）[MW],62,191,473,68,59,162,144,44,173,1376
20260702B16,応札量合計（電源属地別）[MW],160.09,87.345,360.098,258.06,1.93,116.41,238.467,203.86,157.156,1583.416
20260702B16,落札量合計（電源属地別）[MW],101,87.345,360.098,203.433,1.93,112.562,205.931,51,111.069,1234.368
20260702B16,応札件数（電源属地別）[件],8,15,54,50,1,16,24,9,29,206
20260702B16,落札件数（電源属地別）[件],4,15,54,39,1,14,7,3,6,143
20260702B16,最高落札価格（電源属地別）[円/kW・30分],10.3,15,15,13.87,13.8,13.85,2.13,1.8,2.72,15
20260702B16,最低落札価格（電源属地別）[円/kW・30分],1,2.82,0.39,1.02,13.8,0.39,0.39,0.36,0.46,0.36
20260702B16,平均落札価格（電源属地別）[円/kW・30分],1.56,7.98,3.75,5.21,13.8,3.25,1.47,0.68,2.41,3.45
20260702B16,最高落札価格（TSO別）[円/kW・30分],10.3,15,15,4.35,13.87,13.86,2.13,1.8,2.72,15
20260702B16,最低落札価格（TSO別）[円/kW・30分],1,2.82,0.39,1.69,1.03,0.39,0.39,0.36,0.46,0.36
20260702B16,平均落札価格（TSO別）[円/kW・30分],1.56,7.98,3.75,3.26,7.28,4.2,1.4,0.68,2.13,3.45
20260702B16,落札量合計（TSO別）[MW],101,87.345,360.098,68,59,190.925,144,51,173,1234.368
20260702B16,（内訳）自エリアからの落札量[MW],101,87.345,360.098,68,1.93,112.562,144,51,111.069,1037.004
20260702B17,募集量（TSO別）[MW],62,191,473,68,59,162,144,44,173,1376
20260702B17,応札量合計（電源属地別）[MW],187.884,88.845,476.51,241.132,1.93,116.41,181.279,203.86,223.806,1721.656
20260702B17,落札量合計（電源属地別）[MW],124.744,88.845,476.51,212.433,1.93,112.562,150.543,51,166.457,1385.024
20260702B17,応札件数（電源属地別）[件],8,16,62,50,1,16,20,9,31,213
20260702B17,落札件数（電源属地別）[件],3,16,62,42,1,14,4,3,14,159
20260702B17,最高落札価格（電源属地別）[円/kW・30分],1.01,15,15,13.87,13.8,13.85,3,1.8,3.53,15
20260702B17,最低落札価格（電源属地別）[円/kW・30分],0.99,2.39,0.39,1.22,13.8,0.39,1.55,0.36,0.93,0.36
20260702B17,平均落札価格（電源属地別）[円/kW・30分],1,7.89,3.05,5.19,13.8,3.05,1.65,0.68,2.96,3.27
20260702B17,最高落札価格（TSO別）[円/kW・30分],1.01,15,15,13,13.87,13.86,2.13,1.8,3.53,15
20260702B17,最低落札価格（TSO別）[円/kW・30分],0.99,2.17,0.39,1.22,1.69,0.39,1.55,0.36,0.93,0.36
20260702B17,平均落札価格（TSO別）[円/kW・30分],1,7.72,3.05,2.29,7.79,4.3,1.64,0.68,2.92,3.27
20260702B17,落札量合計（TSO別）[MW],124.744,92.355,473,68.002,58.998,199.925,144,51,173,1385.024
20260702B17,（内訳）自エリアからの落札量[MW],124.744,88.845,473,68.002,1.93,112.562,144,51,166.457,1230.54
20260702B18,募集量（TSO別）[MW],62,191,473,68,59,162,144,44,173,1376
20260702B18,応札量合計（電源属地別）[MW],177.68,85.349,546.202,298.2,1.93,116.41,181.279,203.86,223.806,1834.716
20260702B18,落札量合計（電源属地別）[MW],95,85.349,546.202,211.585,1.93,116.41,150.543,51,166.457,1424.476
20260702B18,応札件数（電源属地別）[件],8,14,66,54,1,16,20,9,30,218
20260702B18,落札件数（電源属地別）[件],2,14,66,47,1,16,4,3,19,172
20260702B18,最高落札価格（電源属地別）[円/kW・30分],1.01,15,15,15,13.8,15,3,1.8,4.08,15
20260702B18,最低落札価格（電源属地別）[円/kW・30分],1,1.75,0.39,1.32,13.8,0.39,2.13,0.36,1.48,0.36
20260702B18,平均落札価格（電源属地別）[円/kW・30分],1.01,7.29,2.63,5.74,13.8,3.74,2.87,0.68,3.37,3.41
20260702B18,最高落札価格（TSO別）[円/kW・30分],1.01,15,15,14,14.9,15,2.96,1.8,4.08,15
20260702B18,最低落札価格（TSO別）[円/kW・30分],1,0.39,0.58,1.32,1.43,0.39,2.13,0.36,1.48,0.36
20260702B18,平均落札価格（TSO別）[円/kW・30分],1.01,8.62,1.47,1.93,7.79,5.35,2.89,0.68,3.34,3.41
20260702B18,落札量合計（TSO別）[MW],95,158.551,473,68.004,58.996,202.925,144,51,173,1424.476
20260702B18,（内訳）自エリアからの落札量[MW],95,85.349,473,68.004,1.93,116.41,144,51,166.457,1201.15
20260702B19,募集量（TSO別）[MW],62,118,451,73,61,161,148,46,177,1297
20260702B19,応札量合計（電源属地別）[MW],158.14,77.495,575.504,281.134,1.93,72.851,181.279,165.86,230.426,1744.619
20260702B19,落札量合計（電源属地別）[MW],95,77.495,491.505,227.747,1.93,65.323,150.543,52,174.457,1336
20260702B19,応札件数（電源属地別）[件],7,14,68,52,1,14,20,7,33,216
20260702B19,落札件数（電源属地別）[件],2,14,62,46,1,11,4,4,22,166
20260702B19,最高落札価格（電源属地別）[円/kW・30分],1.01,15,15,14.8,13.8,14.5,3.26,1.8,4.36,15
20260702B19,最低落札価格（電源属地別）[円/kW・30分],1,2.98,0.39,1.42,13.8,1.31,2.13,0.36,1.76,0.36
20260702B19,平均落札価格（電源属地別）[円/kW・30分],1.01,8.28,2.73,5.3,13.8,4.61,3.14,1.41,3.77,3.61
20260702B19,最高落札価格（TSO別）[円/kW・30分],1.01,15,15,14.8,13.8,14.5,3.26,1.8,4.36,15
20260702B19,最低落札価格（TSO別）[円/kW・30分],1,0.39,0.39,1.42,1.42,1.31,2.13,0.36,1.76,0.36
20260702B19,平均落札価格（TSO別）[円/kW・30分],1.01,7.77,2.37,10.59,4.9,2.88,3.14,1.41,3.76,3.61
20260702B19,落札量合計（TSO別）[MW],95,118,451,73,61,161,148,52,177,1336
20260702B19,（内訳）自エリアからの落札量[MW],95,77.495,451,73,1.93,65.323,148,52,174.457,1138.205
20260702B20,募集量（TSO別）[MW],63,119,451,73,61,161,148,46,178,1300
20260702B20,応札量合計（電源属地別）[MW],146.39,77.495,585.127,281.134,4.566,116.41,181.279,113.36,230.276,1736.037
20260702B20,落札量合計（電源属地別）[MW],94,77.495,492.505,224.428,4.566,105.931,150.543,53,175.457,1377.925
20260702B20,応札件数（電源属地別）[件],8,14,68,52,2,16,20,6,31,217
20260702B20,落札件数（電源属地別）[件],2,14,57,48,2,12,4,3,20,162
20260702B20,最高落札価格（電源属地別）[円/kW・30分],1.01,15,15,15,13.8,13.8,3,1.8,4.28,15
20260702B20,最低落札価格（電源属地別）[円/kW・30分],0.39,3.22,0.39,1.45,1.08,0.39,2.13,0.36,1.68,0.36
20260702B20,平均落札価格（電源属地別）[円/kW・30分],0.94,8.27,2.57,5.66,6.46,2.6,2.48,1.39,3.76,3.39
20260702B20,最高落札価格（TSO別）[円/kW・30分],1.01,15,15,15,14.8,13.8,2.52,1.8,4.28,15
20260702B20,最低落札価格（TSO別）[円/kW・30分],0.39,0.39,0.66,1.81,1.08,0.39,2.13,0.36,1.68,0.36
20260702B20,平均落札価格（TSO別）[円/kW・30分],0.94,7.44,2.26,11.05,5.29,2.22,2.47,1.39,3.75,3.39
20260702B20,落札量合計（TSO別）[MW],94,119,451,73,61,200.925,148,53,178,1377.925
20260702B20,（内訳）自エリアからの落札量[MW],94,77.495,451,73,4.566,105.931,148,53,175.457,1182.449
20260702B21,募集量（TSO別）[MW],63,121,451,73,61,161,149,47,179,1305
20260702B21,応札量合計（電源属地別）[MW],161.43,77.495,585.877,278.702,7.034,116.41,184.355,113.36,229.776,1754.439
20260702B21,落札量合計（電源属地別）[MW],109,77.495,494.505,229.065,7.034,100.826,150.543,55,177.457,1400.925
20260702B21,応札件数（電源属地別）[件],10,14,70,51,2,16,21,6,31,221
20260702B21,落札件数（電源属地別）[件],3,14,65,47,2,8,4,3,13,159
20260702B21,最高落札価格（電源属地別）[円/kW・30分],1.01,15,15,14.8,13.8,7.8,3,1.8,3.91,15
20260702B21,最低落札価格（電源属地別）[円/kW・30分],0.39,3.22,0.39,1.3,0.43,0.39,1.82,0.36,1.31,0.36
20260702B21,平均落札価格（電源属地別）[円/kW・30分],0.87,8.27,2.98,5.66,4.1,1.63,1.89,1.35,3.42,3.33
20260702B21,最高落札価格（TSO別）[円/kW・30分],1.01,15,15,14.8,13.87,7.8,3,1.8,3.91,15
20260702B21,最低落札価格（TSO別）[円/kW・30分],0.39,0.39,0.64,3.93,0.43,0.39,1.82,0.36,1.31,0.36
20260702B21,平均落札価格（TSO別）[円/kW・30分],0.87,8.52,2.4,10.4,5.44,1.96,1.88,1.35,3.41,3.33
20260702B21,落札量合計（TSO別）[MW],109,121,451,73,61,202.925,149,55,179,1400.925
20260702B21,（内訳）自エリアからの落札量[MW],109,77.495,451,73,7.034,100.826,149,55,177.457,1199.812
20260702B22,募集量（TSO別）[MW],63,122,451,73,61,161,150,47,179,1307
20260702B22,応札量合計（電源属地別）[MW],129.04,77.495,593.941,280.696,1.93,116.41,184.355,113.36,229.776,1727.003
20260702B22,落札量合計（電源属地別）[MW],84,77.495,495.505,232.402,1.93,102.593,150.543,55,178.457,1377.925
20260702B22,応札件数（電源属地別）[件],7,14,71,52,1,16,21,6,31,219
20260702B22,落札件数（電源属地別）[件],1,14,65,45,1,9,4,3,7,149
20260702B22,最高落札価格（電源属地別）[円/kW・30分],1.01,15,15,14.5,13.8,12.89,3,1.8,3.84,15
20260702B22,最低落札価格（電源属地別）[円/kW・30分],1.01,3.62,0.39,0.96,13.8,0.39,1.82,0.36,1.24,0.36
20260702B22,平均落札価格（電源属地別）[円/kW・30分],1.01,8.19,2.86,5.68,13.8,1.82,1.89,1.35,3.37,3.36
20260702B22,最高落札価格（TSO別）[円/kW・30分],1.01,15,15,14.5,13.8,12.89,3,1.8,3.84,15
20260702B22,最低落札価格（TSO別）[円/kW・30分],1.01,0.39,0.64,4.74,0.99,0.39,1.82,0.36,1.24,0.36
20260702B22,平均落札価格（TSO別）[円/kW・30分],1.01,7.47,2.53,9.97,5.01,2.46,1.88,1.35,3.37,3.36
20260702B22,落札量合計（TSO別）[MW],84,122,451,73,61,202.925,150,55,179,1377.925
20260702B22,（内訳）自エリアからの落札量[MW],84,77.495,451,73,1.93,102.593,150,55,178.457,1173.475
20260702B23,募集量（TSO別）[MW],62,122,448,71,61,159,150,47,180,1300
20260702B23,応札量合計（電源属地別）[MW],194.59,77.495,606.557,262.131,1.93,116.41,184.355,165.86,230.776,1840.104
20260702B23,落札量合計（電源属地別）[MW],124,66.291,503.709,234.201,1.93,94.794,150.543,55,179.457,1409.925
20260702B23,応札件数（電源属地別）[件],9,14,71,50,1,16,21,7,31,220
20260702B23,落札件数（電源属地別）[件],3,8,53,46,1,5,4,3,7,130
20260702B23,最高落札価格（電源属地別）[円/kW・30分],1.01,15,14.99,14.8,13.8,12.64,3,1.8,3.65,15
20260702B23,最低落札価格（電源属地別）[円/kW・30分],0.39,3.62,0.39,0.59,13.8,0.39,1.55,0.36,1.05,0.36
20260702B23,平均落札価格（電源属地別）[円/kW・30分],0.86,7.04,2.52,5.76,13.8,1.34,1.65,1.35,3.18,3.01
20260702B23,最高落札価格（TSO別）[円/kW・30分],1.01,15,14.98,14.8,14.5,12.64,3,1.8,3.65,15
20260702B23,最低落札価格（TSO別）[円/kW・30分],0.39,0.39,0.55,2.06,3.31,0.39,1.55,0.36,1.05,0.36
20260702B23,平均落札価格（TSO別）[円/kW・30分],0.86,7.37,1.87,8.27,8.29,2.05,1.65,1.35,3.18,3.01
20260702B23,落札量合計（TSO別）[MW],124,122,448,71,61,198.925,150,55,180,1409.925
20260702B23,（内訳）自エリアからの落札量[MW],124,66.291,448,71,1.93,94.794,150,55,179.457,1190.472
20260702B24,募集量（TSO別）[MW],62,122,448,70,61,160,150,47,180,1300
20260702B24,応札量合計（電源属地別）[MW],196.73,75.499,611.627,144.054,1.93,116.41,184.355,179.86,224.776,1735.241
20260702B24,落札量合計（電源属地別）[MW],130,61.221,508.779,144.054,1.93,116.41,150.543,47,179.457,1339.394
20260702B24,応札件数（電源属地別）[件],8,13,70,44,1,16,21,8,30,211
20260702B24,落札件数（電源属地別）[件],3,6,52,44,1,16,4,4,9,139
20260702B24,最高落札価格（電源属地別）[円/kW・30分],1.01,15,14.99,15,13.8,15,3,1.9,4,15
20260702B24,最低落札価格（電源属地別）[円/kW・30分],0.39,3.16,0.39,0.57,13.8,0.39,1.55,0.36,0.76,0.36
20260702B24,平均落札価格（電源属地別）[円/kW・30分],0.85,6.32,2.46,8.1,13.8,3.7,1.65,1.39,3.07,3.16
20260702B24,最高落札価格（TSO別）[円/kW・30分],1.01,15,14.98,15,13.8,15,3,1.9,4,15
20260702B24,最低落札価格（TSO別）[円/kW・30分],0.39,0.39,0.48,7.5,3.16,0.39,1.55,0.36,0.76,0.36
20260702B24,平均落札価格（TSO別）[円/kW・30分],0.85,7.44,1.63,12.05,4.85,3.84,1.65,1.39,3.07,3.16
20260702B24,落札量合計（TSO別）[MW],130,122,448,70,40.93,151.464,150,47,180,1339.394
20260702B24,（内訳）自エリアからの落札量[MW],130,61.221,448,70,1.93,116.41,150,47,179.457,1204.018
20260702B25,募集量（TSO別）[MW],62,123,447,67,62,160,148,47,179,1295
20260702B25,応札量合計（電源属地別）[MW],127.708,90.845,545.508,126.636,1.93,158.11,186.615,179.86,174.602,1591.814
20260702B25,落札量合計（電源属地別）[MW],95,90.845,479.155,126.636,1.93,158.11,154.797,47,172.203,1325.676
20260702B25,応札件数（電源属地別）[件],6,16,72,44,1,17,23,8,35,222
20260702B25,落札件数（電源属地別）[件],2,16,58,44,1,17,7,3,34,182
20260702B25,最高落札価格（電源属地別）[円/kW・30分],1.01,15,15,15,13.8,14.98,9.89,1.9,10,15
20260702B25,最低落札価格（電源属地別）[円/kW・30分],0.99,2.43,0.39,1.62,13.8,0.39,1.24,1.07,0.39,0.39
20260702B25,平均落札価格（電源属地別）[円/kW・30分],1.01,7.57,3.03,8.79,13.8,2.85,1.49,1.61,3,3.51
20260702B25,最高落札価格（TSO別）[円/kW・30分],1.01,15,15,15,14.8,14.98,2.13,1.9,10,15
20260702B25,最低落札価格（TSO別）[円/kW・30分],0.99,0.39,0.39,7.5,1.62,0.39,1.24,1.07,0.39,0.39
20260702B25,平均落札価格（TSO別）[円/kW・30分],1.01,7.33,2.77,12.38,4.88,2.94,1.36,1.61,3.05,3.51
20260702B25,落札量合計（TSO別）[MW],95,123,447,67,59.676,160,148,47,179,1325.676
20260702B25,（内訳）自エリアからの落札量[MW],95,90.845,447,67,1.93,158.11,148,47,172.203,1227.088
20260702B26,募集量（TSO別）[MW],62,123,447,67,62,160,148,47,179,1295
20260702B26,応札量合計（電源属地別）[MW],150.708,90.845,506.683,126.636,11.052,173.11,216.089,165.86,174.602,1615.585
20260702B26,落札量合計（電源属地別）[MW],118,90.845,479.155,118.437,11.052,169.756,182.277,47,146.83,1363.352
20260702B26,応札件数（電源属地別）[件],6,16,67,44,2,18,23,7,35,218
20260702B26,落札件数（電源属地別）[件],2,16,61,40,2,17,6,3,20,167
20260702B26,最高落札価格（電源属地別）[円/kW・30分],1.01,15,15,14.43,13.8,14,3,1.8,5.18,15
20260702B26,最低落札価格（電源属地別）[円/kW・30分],0.99,2.43,0.39,1.62,0.39,0.39,1.17,0.97,0.39,0.39
20260702B26,平均落札価格（電源属地別）[円/kW・30分],1,7.55,3.53,8.35,2.73,2.74,1.36,1.64,1.74,3.35
20260702B26,最高落札価格（TSO別）[円/kW・30分],1.01,15,15,13.88,14.43,14,2.13,1.8,5.18,15
20260702B26,最低落札価格（TSO別）[円/kW・30分],0.99,0.39,0.99,2.19,0.39,0.39,1.17,0.97,0.39,0.39
20260702B26,平均落札価格（TSO別）[円/kW・30分],1,7.71,3.2,10.73,4.78,2.75,1.36,1.64,1.67,3.35
20260702B26,落札量合計（TSO別）[MW],118,123,447,67,62,170.245,150.107,47,179,1363.352
20260702B26,（内訳）自エリアからの落札量[MW],118,90.845,447,67,11.052,169.756,150.107,47,146.83,1247.59
20260702B27,募集量（TSO別）[MW],62,123,447,67,62,160,148,47,179,1295
20260702B27,応札量合計（電源属地別）[MW],204.488,78.845,549.919,146.856,8.628,169.694,188.805,165.86,239.602,1752.697
20260702B27,落札量合計（電源属地別）[MW],141.78,60.52,509.48,139.617,8.628,166.008,154.993,48,172.007,1401.033
20260702B27,応札件数（電源属地別）[件],8,15,74,46,2,19,23,7,36,230
20260702B27,落札件数（電源属地別）[件],4,5,53,42,2,18,6,3,7,140
20260702B27,最高落札価格（電源属地別）[円/kW・30分],1.01,13.84,14.78,13.88,13.8,14,3.15,1.8,3.16,14.78
20260702B27,最低落札価格（電源属地別）[円/kW・30分],0.39,2.57,0.39,3.26,1.44,0.39,1.56,0.36,0.56,0.36
20260702B27,平均落札価格（電源属地別）[円/kW・30分],0.86,5.89,2.38,8.23,4.2,3.06,1.88,1.53,2.67,3
20260702B27,最高落札価格（TSO別）[円/kW・30分],1.01,14.78,8.7,13.87,13.8,14,2.13,1.8,3.16,14.78
20260702B27,最低落札価格（TSO別）[円/kW・30分],0.39,0.39,0.81,3.26,1.44,0.39,1.56,0.36,0.56,0.36
20260702B27,平均落札価格（TSO別）[円/kW・30分],0.86,6.86,1.63,10.07,4.41,4.02,1.86,1.53,2.66,3
20260702B27,落札量合計（TSO別）[MW],141.78,123,447,67,62,185.253,148,48,179,1401.033
20260702B27,（内訳）自エリアからの落札量[MW],141.78,60.52,447,67,8.628,166.008,148,48,172.007,1258.943
20260702B28,募集量（TSO別）[MW],62,122,447,67,62,159,148,47,179,1293
20260702B28,応札量合計（電源属地別）[MW],215.308,78.845,515.2,146.856,1.93,151.022,250.687,165.86,239.602,1765.31
20260702B28,落札量合計（電源属地別）[MW],151.1,77.345,491.655,146.856,1.93,151.022,216.875,48,139,1423.783
20260702B28,応札件数（電源属地別）[件],9,15,72,46,1,18,28,7,33,229
20260702B28,落札件数（電源属地別）[件],4,14,60,46,1,18,11,3,4,161
20260702B28,最高落札価格（電源属地別）[円/kW・30分],1.01,15,15,14.8,13.8,14,3,1.8,3.57,15
20260702B28,最低落札価格（電源属地別）[円/kW・30分],0.39,2.38,0.39,3.19,13.8,0.39,0.39,0.36,2.86,0.36
20260702B28,平均落札価格（電源属地別）[円/kW・30分],0.96,7.89,2.71,8.54,13.8,3.34,1.6,1.53,3.16,3.32
20260702B28,最高落札価格（TSO別）[円/kW・30分],1.01,15,14.98,14.8,13.95,14.8,2.13,1.8,3.57,15
20260702B28,最低落札価格（TSO別）[円/kW・30分],0.39,0.39,0.71,7.5,3.19,0.39,0.39,0.36,1.86,0.36
20260702B28,平均落札価格（TSO別）[円/kW・30分],0.96,8.06,2.14,11.65,4.01,4.43,1.53,1.53,2.88,3.32
20260702B28,落札量合計（TSO別）[MW],151.1,122,447,67,62,170.808,176.875,48,179,1423.783
20260702B28,（内訳）自エリアからの落札量[MW],151.1,77.345,447,67,1.93,151.022,176.875,48,139,1259.272
20260702B29,募集量（TSO別）[MW],62,121,447,67,62,160,148,47,179,1293
20260702B29,応札量合計（電源属地別）[MW],160.158,66.845,503.755,136.976,3.694,178.765,204.944,165.86,233.452,1654.449
20260702B29,落札量合計（電源属地別）[MW],93,66.845,501.155,131.272,3.694,162.058,171.132,49,173.087,1351.243
20260702B29,応札件数（電源属地別）[件],8,14,66,44,2,20,22,7,36,219
20260702B29,落札件数（電源属地別）[件],2,14,65,41,2,12,5,3,7,151
20260702B29,最高落札価格（電源属地別）[円/kW・30分],1.01,15,15,13.88,13.8,14,2.13,1.8,3.66,15
20260702B29,最低落札価格（電源属地別）[円/kW・30分],1,3.68,0.39,3.41,0.39,0.39,1.56,0.36,1.06,0.36
20260702B29,平均落札価格（電源属地別）[円/kW・30分],1.01,9.07,3.08,8.52,7.4,2.04,1.83,1.54,3.18,3.45
20260702B29,最高落札価格（TSO別）[円/kW・30分],1.01,15,15,13.88,13.87,14,2.13,1.8,3.66,15
20260702B29,最低落札価格（TSO別）[円/kW・30分],1,0.39,0.63,7.5,0.39,0.39,1.56,0.36,1.06,0.36
20260702B29,平均落札価格（TSO別）[円/kW・30分],1.01,9.52,2.23,11.26,5.03,2.44,1.83,1.54,3.14,3.45
20260702B29,落札量合計（TSO別）[MW],93,121,447,67,62,168.024,165.219,49,179,1351.243
20260702B29,（内訳）自エリアからの落札量[MW],93,66.845,447,67,3.694,162.058,165.219,49,173.087,1226.903
20260702B30,募集量（TSO別）[MW],62,118,446,67,62,160,148,47,178,1288
20260702B30,応札量合計（電源属地別）[MW],160.158,64.849,442.655,127.459,8.916,87.851,214.289,165.86,232.452,1504.489
20260702B30,落札量合計（電源属地別）[MW],94,64.849,442.655,127.459,8.916,87.851,180.477,48,178,1232.207
20260702B30,応札件数（電源属地別）[件],8,13,64,43,2,15,22,7,36,210
20260702B30,落札件数（電源属地別）[件],2,13,64,43,2,15,5,3,7,154
20260702B30,最高落札価格（電源属地別）[円/kW・30分],1.01,15,15,15,13.8,15,2.13,1.8,3.77,15
20260702B30,最低落札価格（電源属地別）[円/kW・30分],1,3.91,0.39,3.77,0.39,1.31,1.55,0.36,1.17,0.36
20260702B30,平均落札価格（電源属地別）[円/kW・30分],1.01,8.96,3.11,9.31,3.29,6.07,1.62,1.53,3.3,3.86
20260702B30,最高落札価格（TSO別）[円/kW・30分],1.01,15,15,15,13.8,15,2.13,1.8,3.77,15
20260702B30,最低落札価格（TSO別）[円/kW・30分],1,3.91,0.39,7.5,0.39,1.31,1.55,0.36,1.17,0.36
20260702B30,平均落札価格（TSO別）[円/kW・30分],1.01,8.96,3.11,11.66,3.71,7.26,1.62,1.53,3.3,3.86
20260702B30,落札量合計（TSO別）[MW],94,64.849,442.655,67,48.946,108.28,180.477,48,178,1232.207
20260702B30,（内訳）自エリアからの落札量[MW],94,64.849,442.655,67,8.916,87.851,180.477,48,178,1171.748
20260702B31,募集量（TSO別）[MW],60,188,446,67,62,160,148,45,174,1350
20260702B31,応札量合計（電源属地別）[MW],160.158,44.845,503.755,146.662,9.708,87.851,211.213,165.86,228.452,1558.504
20260702B31,落札量合計（電源属地別）[MW],94,44.845,503.755,146.662,9.708,87.851,180.477,45,208.433,1320.731
20260702B31,応札件数（電源属地別）[件],8,13,68,43,2,15,21,7,36,213
20260702B31,落札件数（電源属地別）[件],3,13,68,43,2,15,5,3,25,177
20260702B31,最高落札価格（電源属地別）[円/kW・30分],1.01,15,15,14.94,13.8,14.98,2.13,1.8,4,15
20260702B31,最低落札価格（電源属地別）[円/kW・30分],1,5.41,0.39,3.86,0.39,1.31,1.56,0.36,1.26,0.36
20260702B31,平均落札価格（電源属地別）[円/kW・30分],1.01,11.71,3.2,8.48,3.06,6.13,1.82,1.58,3.47,3.91
20260702B31,最高落札価格（TSO別）[円/kW・30分],1.01,15,15,14.94,13.8,14.98,2.13,1.8,4,15
20260702B31,最低落札価格（TSO別）[円/kW・30分],1,0.79,0.39,7.5,0.39,1.31,1.56,0.36,1.26,0.36
20260702B31,平均落札価格（TSO別）[円/kW・30分],1.01,5.29,3.53,11.77,4.93,6.17,1.81,1.58,3.44,3.91
20260702B31,落札量合計（TSO別）[MW],94,113.845,434.755,67,55.887,121.334,176.564,45,212.346,1320.731
20260702B31,（内訳）自エリアからの落札量[MW],94,44.845,434.755,67,9.708,87.851,176.564,45,208.433,1168.156
20260702B32,募集量（TSO別）[MW],60,188,447,67,62,160,148,45,174,1351
20260702B32,応札量合計（電源属地別）[MW],206.158,64.845,418.82,229.377,11.15,87.851,232.953,165.86,228.452,1645.466
20260702B32,落札量合計（電源属地別）[MW],121,64.845,418.82,205.583,11.15,72.267,188.105,45,133.895,1260.665
20260702B32,応札件数（電源属地別）[件],10,14,63,48,2,15,25,7,34,218
20260702B32,落札件数（電源属地別）[件],3,14,63,36,2,7,8,3,5,141
20260702B32,最高落札価格（電源属地別）[円/kW・30分],4.52,15,15,10,9.6,7.88,3.02,1.8,4.18,15
20260702B32,最低落札価格（電源属地別）[円/kW・30分],1,3.98,0.39,1.2,1.38,1.31,0.39,0.36,1.58,0.36
20260702B32,平均落札価格（電源属地別）[円/kW・30分],3.3,9.33,3.12,4.1,2.8,3.67,1.93,1.58,3.62,3.46
20260702B32,最高落札価格（TSO別）[円/kW・30分],4.52,15,15,10,10,10,3.02,1.8,4.18,15
20260702B32,最低落札価格（TSO別）[円/kW・30分],1,3.98,0.39,1.25,1.26,1.2,0.39,0.36,1.58,0.36
20260702B32,平均落札価格（TSO別）[円/kW・30分],3.3,9.33,3.12,3.51,3.51,4.29,1.63,1.58,3.48,3.46
20260702B32,落札量合計（TSO別）[MW],121,64.845,418.82,67,62,160,148,45,174,1260.665
20260702B32,（内訳）自エリアからの落札量[MW],121,64.845,418.82,67,11.15,72.267,148,45,133.895,1081.977
20260702B33,募集量（TSO別）[MW],60,188,447,67,63,160,148,45,174,1352
20260702B33,応札量合計（電源属地別）[MW],204.208,44.845,99.165,218.48,8.742,87.851,235.547,189.86,228.452,1317.15
20260702B33,落札量合計（電源属地別）[MW],131,44.845,99.165,218.48,8.742,87.851,204.811,50,134,978.894
20260702B33,応札件数（電源属地別）[件],9,13,44,48,2,15,25,9,35,200
20260702B33,落札件数（電源属地別）[件],7,13,44,48,2,15,9,4,6,148
20260702B33,最高落札価格（電源属地別）[円/kW・30分],4.53,15,15,15,9.6,14.99,3.18,1.8,4.3,15
20260702B33,最低落札価格（電源属地別）[円/kW・30分],1,5.41,0.39,1.16,1.54,1.31,0.39,0.36,1.7,0.36
20260702B33,平均落札価格（電源属地別）[円/kW・30分],3.58,11.71,10.99,4.88,3.32,6.13,2,1.6,3.69,4.8
20260702B33,最高落札価格（TSO別）[円/kW・30分],4.53,15,15,15,14.8,14.99,3.18,1.8,4.3,15
20260702B33,最低落札価格（TSO別）[円/kW・30分],1,5.41,0.39,1.16,1.25,1.21,0.39,0.36,1.7,0.36
20260702B33,平均落札価格（TSO別）[円/kW・30分],3.58,11.71,10.99,5.58,4.77,5.12,1.74,1.6,3.55,4.8
20260702B33,落札量合計（TSO別）[MW],131,44.845,99.165,92.073,63,160,164.811,50,174,978.894
20260702B33,（内訳）自エリアからの落札量[MW],131,44.845,99.165,92.073,8.742,87.851,164.811,50,134,812.487
20260702B34,募集量（TSO別）[MW],60,186,447,67,63,160,148,44,173,1348
20260702B34,応札量合計（電源属地別）[MW],201.208,45.31,99.165,237.397,8.304,87.851,211.213,187.93,227.452,1305.83
20260702B34,落札量合計（電源属地別）[MW],129,45.31,99.165,237.397,8.304,87.851,211.213,51,227.452,1096.692
20260702B34,応札件数（電源属地別）[件],9,13,44,49,2,15,21,9,36,198
20260702B34,落札件数（電源属地別）[件],4,13,44,49,2,15,21,4,36,188
20260702B34,最高落札価格（電源属地別）[円/kW・30分],4.52,15,15,15,9.6,14.96,13.47,1.8,12,15
20260702B34,最低落札価格（電源属地別）[円/kW・30分],1.01,5.41,0.39,1.59,2.17,1.31,1.56,0.36,2.04,0.36
20260702B34,平均落札価格（電源属地別）[円/kW・30分],3.67,11.53,10.99,5.29,3.9,6.13,4.46,1.6,4.62,5.46
20260702B34,最高落札価格（TSO別）[円/kW・30分],4.52,15,15,15,13,15,13.47,1.8,12,15
20260702B34,最低落札価格（TSO別）[円/kW・30分],1.01,5.41,0.39,1.62,1.62,1.31,1.56,0.36,2.04,0.36
20260702B34,平均落札価格（TSO別）[円/kW・30分],3.67,11.53,10.99,6.04,3.9,5.7,4.55,1.6,4.53,5.46
20260702B34,落札量合計（TSO別）[MW],129,45.31,99.165,110.552,63,160,223.675,51,214.99,1096.692
20260702B34,（内訳）自エリアからの落札量[MW],129,45.31,99.165,110.552,8.304,87.851,211.213,51,214.99,957.385
20260702B35,募集量（TSO別）[MW],60,184,447,67,63,159,147,44,172,1343
20260702B35,応札量合計（電源属地別）[MW],236.208,66.81,97.315,252.415,7.39,87.851,211.213,187.93,226.452,1373.584
20260702B35,落札量合計（電源属地別）[MW],138,66.81,97.315,160.718,5.46,51.125,184.435,48,212.171,964.034
20260702B35,応札件数（電源属地別）[件],9,15,43,48,2,15,21,8,36,197
20260702B35,落札件数（電源属地別）[件],3,15,43,10,1,3,7,4,28,114
20260702B35,最高落札価格（電源属地別）[円/kW・30分],4.52,15,15,5.36,1.64,1.38,3.28,1.8,5.22,15
20260702B35,最低落札価格（電源属地別）[円/kW・30分],1.01,2.66,0.39,1.59,1.64,1.31,1.56,0.36,2.13,0.36
20260702B35,平均落札価格（電源属地別）[円/kW・30分],2.85,8.95,11.1,2.64,1.64,1.38,2.88,1.62,4.23,4.24
20260702B35,最高落札価格（TSO別）[円/kW・30分],4.52,15,15,5.36,5.36,5.35,3.28,1.8,4.73,15
20260702B35,最低落札価格（TSO別）[円/kW・30分],1.01,2.66,0.39,1.59,1.62,1.31,1.56,0.36,2.13,0.36
20260702B35,平均落札価格（TSO別）[円/kW・30分],2.85,8.95,11.1,1.68,2.91,2.99,2.84,1.62,4.24,4.24
20260702B35,落札量合計（TSO別）[MW],138,66.81,97.315,67,63,159,152.909,48,172,964.034
20260702B35,（内訳）自エリアからの落札量[MW],138,66.81,97.315,67,5.46,51.125,152.909,48,172,798.619
20260702B36,募集量（TSO別）[MW],60,181,447,66,63,158,148,43,171,1337
20260702B36,応札量合計（電源属地別）[MW],236.208,43.314,97.315,269.816,6.834,87.851,179.479,195.93,225.452,1342.199
20260702B36,落札量合計（電源属地別）[MW],163,43.314,97.315,190.034,4.904,49.275,152.701,48,211.171,959.714
20260702B36,応札件数（電源属地別）[件],9,12,43,48,2,15,19,8,36,192
20260702B36,落札件数（電源属地別）[件],5,12,43,14,1,2,5,4,28,114
20260702B36,最高落札価格（電源属地別）[円/kW・30分],4.53,15,15,5.78,2.24,1.74,3.89,1.8,5.75,15
20260702B36,最低落札価格（電源属地別）[円/kW・30分],1,5.41,0.39,1.73,2.24,1.31,2.13,0.36,3.04,0.36
20260702B36,平均落札価格（電源属地別）[円/kW・30分],3.04,11.37,11.1,3.15,2.24,1.72,3.69,1.62,4.99,4.64
20260702B36,最高落札価格（TSO別）[円/kW・30分],4.53,15,15,2.13,5.78,5.75,3.89,1.8,5.64,15
20260702B36,最低落札価格（TSO別）[円/kW・30分],1,5.41,0.39,1.73,1.76,1.31,2.13,0.36,3.04,0.36
20260702B36,平均落札価格（TSO別）[円/kW・30分],3.04,11.37,11.1,1.86,3.48,3.39,3.71,1.62,5.15,4.64
20260702B36,落札量合計（TSO別）[MW],163,43.314,97.315,68.085,63,158,148,48,171,959.714
20260702B36,（内訳）自エリアからの落札量[MW],163,43.314,97.315,68.085,4.904,49.275,148,48,171,792.893
20260702B37,募集量（TSO別）[MW],59,180,459,65,63,153,147,41,170,1337
20260702B37,応札量合計（電源属地別）[MW],238.158,46.81,170.839,252.316,4,85.891,207.252,195.93,217.564,1418.76
20260702B37,落札量合計（電源属地別）[MW],137,46.81,170.839,198.946,2.07,79.984,184.435,43,132.565,995.649
20260702B37,応札件数（電源属地別）[件],10,14,48,48,2,14,19,7,31,193
20260702B37,落札件数（電源属地別）[件],6,14,48,21,1,11,7,3,7,118
20260702B37,最高落札価格（電源属地別）[円/kW・30分],4.52,15,15,9.5,2.24,7.88,3.89,1.8,5.74,15
20260702B37,最低落札価格（電源属地別）[円/kW・30分],1,5.41,0.39,1.7,2.24,1.31,1.56,0.36,3.14,0.36
20260702B37,平均落札価格（電源属地別）[円/kW・30分],2.8,11.64,7.31,3.62,2.24,4.06,3.33,1.73,5.1,4.61
20260702B37,最高落札価格（TSO別）[円/kW・30分],4.52,15,15,9.4,9.5,9.5,3.89,1.8,5.74,15
20260702B37,最低落札価格（TSO別）[円/kW・30分],1,5.41,0.39,1.7,1.76,1.31,1.56,0.36,3,0.36
20260702B37,平均落札価格（TSO別）[円/kW・30分],2.8,11.64,7.31,4.25,4.34,3.27,3.21,1.73,4.81,4.61
20260702B37,落札量合計（TSO別）[MW],137,46.81,170.839,65,63,153,147,43,170,995.649
20260702B37,（内訳）自エリアからの落札量[MW],137,46.81,170.839,65,2.07,79.984,147,43,132.565,824.268
20260702B38,募集量（TSO別）[MW],59,180,458,65,63,153,147,41,170,1336
20260702B38,応札量合計（電源属地別）[MW],198.158,45.31,159.191,266.291,1.93,85.891,175.518,164.93,217.564,1314.783
20260702B38,落札量合計（電源属地別）[MW],99,45.31,159.191,194.82,0,49.275,152.701,43,201.204,944.501
20260702B38,応札件数（電源属地別）[件],9,13,47,48,1,14,17,7,31,187
20260702B38,落札件数（電源属地別）[件],4,13,47,11,0,2,5,3,29,114
20260702B38,最高落札価格（電源属地別）[円/kW・30分],4.52,15,15,6.02,0,1.74,3.89,1.8,6.4,15
20260702B38,最低落札価格（電源属地別）[円/kW・30分],1.02,5.41,0.39,1.82,0,1.31,2.13,0.36,3.4,0.36
20260702B38,平均落札価格（電源属地別）[円/kW・30分],2.24,11.53,7.5,3.77,0,1.72,3.69,1.63,5.5,4.76
20260702B38,最高落札価格（TSO別）[円/kW・30分],4.52,15,15,5.88,5.94,6.02,4.7,1.8,6.4,15
20260702B38,最低落札価格（TSO別）[円/kW・30分],1.02,5.41,0.39,1.82,1.85,1.31,2.13,0.36,3.8,0.36
20260702B38,平均落札価格（TSO別）[円/kW・30分],2.24,11.53,7.5,3.75,2.97,3.48,3.71,1.63,5.78,4.76
20260702B38,落札量合計（TSO別）[MW],99,45.31,159.191,65,63,153,147,43,170,944.501
20260702B38,（内訳）自エリアからの落札量[MW],99,45.31,159.191,65,0,49.275,144.523,43,170,775.299
20260702B39,募集量（TSO別）[MW],59,180,459,65,63,153,147,41,170,1337
20260702B39,応札量合計（電源属地別）[MW],246.458,44.91,177.686,285.723,26.93,87.851,220.652,163.93,213.751,1467.891
20260702B39,落札量合計（電源属地別）[MW],73,44.91,177.686,156.514,25,49.275,197.835,43,169.376,936.596
20260702B39,応札件数（電源属地別）[件],10,13,48,50,2,15,24,6,29,197
20260702B39,落札件数（電源属地別）[件],5,13,48,10,1,2,12,3,26,120
20260702B39,最高落札価格（電源属地別）[円/kW・30分],5,15,15,5.57,2.22,1.74,3.86,1.8,6.15,15
20260702B39,最低落札価格（電源属地別）[円/kW・30分],1.09,5.41,0.39,1.57,2.22,1.31,0.39,0.36,3.4,0.36
20260702B39,平均落札価格（電源属地別）[円/kW・30分],1.54,11.5,7.16,2.78,2.22,1.72,3.11,1.63,5.24,4.32
20260702B39,最高落札価格（TSO別）[円/kW・30分],5,15,15,1.74,5.57,5.57,3.86,1.8,6.15,15
20260702B39,最低落札価格（TSO別）[円/kW・30分],1.09,5.41,0.39,1.57,1.57,1.31,0.39,0.36,3,0.36
20260702B39,平均落札価格（TSO別）[円/kW・30分],1.54,11.5,7.16,1.72,2.85,3.11,2.87,1.63,5.23,4.32
20260702B39,落札量合計（TSO別）[MW],73,44.91,177.686,65,63,153,147,43,170,936.596
20260702B39,（内訳）自エリアからの落札量[MW],73,44.91,177.686,65,25,49.275,147,43,169.376,794.247
20260702B40,募集量（TSO別）[MW],59,179,458,65,62,153,147,41,169,1333
20260702B40,応札量合計（電源属地別）[MW],198.158,66.81,184.87,285.723,1.93,87.851,222.469,181.93,212.625,1442.366
20260702B40,落札量合計（電源属地別）[MW],75,66.81,184.87,147.612,0,49.275,197.68,43,201.433,965.68
20260702B40,応札件数（電源属地別）[件],9,15,48,50,1,15,25,7,30,200
20260702B40,落札件数（電源属地別）[件],3,15,48,10,0,2,12,4,24,118
20260702B40,最高落札価格（電源属地別）[円/kW・30分],4.52,15,15,5.4,0,1.74,3.28,1.8,5.37,15
20260702B40,最低落札価格（電源属地別）[円/kW・30分],1.08,2.52,0.39,1.52,0,1.31,0.39,0.36,2.77,0.36
20260702B40,平均落札価格（電源属地別）[円/kW・30分],1.58,8.91,6.97,2.34,0,1.72,2.71,1.63,4.73,4.13
20260702B40,最高落札価格（TSO別）[円/kW・30分],4.52,15,15,5.4,1.69,5,3.28,1.8,5.37,15
20260702B40,最低落札価格（TSO別）[円/kW・30分],1.08,2.52,0.39,1.52,1.52,1.31,0.39,0.36,2.77,0.36
20260702B40,平均落札価格（TSO別）[円/kW・30分],1.58,8.91,6.97,3.12,1.64,2.71,2.56,1.63,4.88,4.13
20260702B40,落札量合計（TSO別）[MW],75,66.81,184.87,65,62,153,147,43,169,965.68
20260702B40,（内訳）自エリアからの落札量[MW],75,66.81,184.87,65,0,49.275,147,43,169,799.955
20260702B41,募集量（TSO別）[MW],59,179,458,65,61,152,147,41,169,1331
20260702B41,応札量合計（電源属地別）[MW],168.458,46.81,196.671,283.61,13.03,83.893,211.024,195.93,216.555,1415.981
20260702B41,落札量合計（電源属地別）[MW],113.1,46.81,196.671,213.792,11.1,53.108,183.277,43,132.723,993.581
20260702B41,応札件数（電源属地別）[件],8,14,54,49,2,13,21,7,32,200
20260702B41,落札件数（電源属地別）[件],6,14,54,16,1,4,7,3,9,114
20260702B41,最高落札価格（電源属地別）[円/kW・30分],5.15,15,15,7.5,1.62,7.8,3.26,1.8,5.05,15
20260702B41,最低落札価格（電源属地別）[円/kW・30分],1.02,5.41,0.39,1.45,1.62,1.28,1.5,0.36,2.45,0.36
20260702B41,平均落札価格（電源属地別）[円/kW・30分],2.03,11.64,6.86,3.35,1.62,1.52,2.85,1.63,4.36,4.14
20260702B41,最高落札価格（TSO別）[円/kW・30分],5.15,15,15,5.27,5.37,7.8,3.26,1.8,5.05,15
20260702B41,最低落札価格（TSO別）[円/kW・30分],1.02,5.41,0.39,1.61,1.61,1.28,1.56,0.36,1.5,0.36
20260702B41,平均落札価格（TSO別）[円/kW・30分],2.03,11.64,6.86,3.13,3.25,2.72,2.81,1.63,4.07,4.14
20260702B41,落札量合計（TSO別）[MW],113.1,46.81,196.671,65,61,152,147,43,169,993.581
20260702B41,（内訳）自エリアからの落札量[MW],113.1,46.81,196.671,65,11.1,53.108,147,43,132.723,808.512
20260702B42,募集量（TSO別）[MW],59,179,458,65,59,153,147,41,169,1330
20260702B42,応札量合計（電源属地別）[MW],160.158,64.814,189.131,285.594,13.03,83.893,211.024,195.93,224.205,1427.779
20260702B42,落札量合計（電源属地別）[MW],104.99,64.814,189.131,202.275,11.1,63.625,182.277,42,133.723,993.935
20260702B42,応札件数（電源属地別）[件],8,14,54,51,2,13,21,7,33,203
20260702B42,落札件数（電源属地別）[件],6,14,54,15,1,4,6,3,8,111
20260702B42,最高落札価格（電源属地別）[円/kW・30分],13.4,15,15,7.5,1.44,7.88,3.08,1.8,4.8,15
20260702B42,最低落札価格（電源属地別）[円/kW・30分],1.41,2.66,0.39,1.39,1.44,1.28,1.5,0.36,1.81,0.36
20260702B42,平均落札価格（電源属地別）[円/kW・30分],2.49,8.77,6.84,3.29,1.44,2.58,2.72,1.66,4,4.09
20260702B42,最高落札価格（TSO別）[円/kW・30分],13.4,15,15,5.17,7.5,7.88,3.08,1.8,4.8,15
20260702B42,最低落札価格（TSO別）[円/kW・30分],1.41,2.66,0.39,1.53,1.39,1.28,1.56,0.36,1.5,0.36
20260702B42,平均落札価格（TSO別）[円/kW・30分],2.49,8.77,6.84,2.82,4.12,2.74,2.65,1.66,3.79,4.09
20260702B42,落札量合計（TSO別）[MW],104.99,64.814,189.131,65,59,153,147,42,169,993.935
20260702B42,（内訳）自エリアからの落札量[MW],104.99,64.814,189.131,65,11.1,63.625,147,42,133.723,821.383
20260702B43,募集量（TSO別）[MW],59,90,458,64,58,153,144,41,169,1236
20260702B43,応札量合計（電源属地別）[MW],208.458,78.81,186.685,274.664,21.498,90.341,213.013,197.93,218.514,1489.913
20260702B43,落札量合計（電源属地別）[MW],84,78.81,186.685,203.495,19.568,54.427,182.277,43,130.723,982.985
20260702B43,応札件数（電源属地別）[件],9,16,51,47,2,16,22,8,32,203
20260702B43,落札件数（電源属地別）[件],1,16,51,14,1,5,6,4,6,104
20260702B43,最高落札価格（電源属地別）[円/kW・30分],2.11,15,15,6.74,1.04,15,2.68,1.8,4.4,15
20260702B43,最低落札価格（電源属地別）[円/kW・30分],2.11,2.61,0.39,1.19,1.04,1.31,0.37,0.36,1.8,0.36
20260702B43,平均落札価格（電源属地別）[円/kW・30分],2.11,8.24,6.41,2.66,1.04,2.59,2.41,0.71,3.78,3.75
20260702B43,最高落札価格（TSO別）[円/kW・30分],2.11,15,15,4.22,5,15,2.68,1.8,4.4,15
20260702B43,最低落札価格（TSO別）[円/kW・30分],2.11,2.61,0.39,1.19,1.04,1.21,1.56,0.36,0.37,0.36
20260702B43,平均落札価格（TSO別）[円/kW・30分],2.11,8.24,6.41,1.96,1.49,3.16,2.38,0.71,3.49,3.75
20260702B43,落札量合計（TSO別）[MW],84,78.81,186.685,64,58,155.49,144,43,169,982.985
20260702B43,（内訳）自エリアからの落札量[MW],84,78.81,186.685,64,19.568,54.427,144,43,130.723,805.213
20260702B44,募集量（TSO別）[MW],60,90,458,65,58,153,144,41,170,1239
20260702B44,応札量合計（電源属地別）[MW],160.158,56.91,186.279,292.934,21.498,179.3,213.013,197.93,217.614,1525.636
20260702B44,落札量合計（電源属地別）[MW],88,56.91,186.279,199.556,19.568,87.629,180.477,45,148,1011.419
20260702B44,応札件数（電源属地別）[件],8,14,51,46,2,20,22,8,29,200
20260702B44,落札件数（電源属地別）[件],4,14,51,10,1,5,5,4,4,98
20260702B44,最高落札価格（電源属地別）[円/kW・30分],4.8,15,15,3.44,1.12,2.88,2.75,1.8,4.06,15
20260702B44,最低落札価格（電源属地別）[円/kW・30分],1.4,3.57,0.39,0.8,1.12,0.39,1.56,0.36,3.35,0.36
20260702B44,平均落札価格（電源属地別）[円/kW・30分],1.53,9.79,6.21,2.08,1.12,1.19,2.48,0.69,3.68,3.37
20260702B44,最高落札価格（TSO別）[円/kW・30分],4.8,15,15,3.3,3.44,3.33,2.75,1.8,4.06,15
20260702B44,最低落札価格（TSO別）[円/kW・30分],1.4,3.57,0.39,0.8,0.8,0.39,1.56,0.36,1.21,0.36
20260702B44,平均落札価格（TSO別）[円/kW・30分],1.53,9.79,6.21,1.75,2.1,1.66,2.42,0.69,3.49,3.37
20260702B44,落札量合計（TSO別）[MW],88,56.91,186.279,65,58,183.23,144,45,185,1011.419
20260702B44,（内訳）自エリアからの落札量[MW],88,56.91,186.279,65,19.568,87.629,144,45,148,840.386
20260702B45,募集量（TSO別）[MW],61,90,458,64,58,153,144,41,170,1239
20260702B45,応札量合計（電源属地別）[MW],282.258,66.81,150.3,300.625,22.948,227.181,213.013,197.93,217.614,1678.679
20260702B45,落札量合計（電源属地別）[MW],120,66.81,150.3,100.982,21.018,165.312,180.477,45,133.523,983.422
20260702B45,応札件数（電源属地別）[件],12,15,49,50,2,21,22,9,32,212
20260702B45,落札件数（電源属地別）[件],4,15,49,8,1,8,5,4,7,101
20260702B45,最高落札価格（電源属地別）[円/kW・30分],4.52,15,15,3.3,1.44,3.04,3.08,1.8,3.99,15
20260702B45,最低落札価格（電源属地別）[円/kW・30分],1.01,4.66,0.39,0.75,1.44,1.29,1.56,0.36,1.39,0.36
20260702B45,平均落札価格（電源属地別）[円/kW・30分],2.62,9.55,7.81,1.43,1.44,2.5,2.73,0.69,3.36,3.75
20260702B45,最高落札価格（TSO別）[円/kW・30分],4.52,15,15,3.3,2.5,3.04,3.08,1.8,3.99,15
20260702B45,最低落札価格（TSO別）[円/kW・30分],1.01,4.66,0.39,0.75,0.75,1.29,1.56,0.36,1.39,0.36
20260702B45,平均落札価格（TSO別）[円/kW・30分],2.62,9.55,7.81,1.71,1.13,2.5,2.64,0.69,3.3,3.75
20260702B45,落札量合計（TSO別）[MW],120,66.81,150.3,64,58,165.312,144,45,170,983.422
20260702B45,（内訳）自エリアからの落札量[MW],120,66.81,150.3,64,21.018,165.312,144,45,133.523,909.963
20260702B46,募集量（TSO別）[MW],61,89,456,63,58,151,144,41,170,1233
20260702B46,応札量合計（電源属地別）[MW],162.058,78.81,253.054,300.625,21.424,155.355,213.013,197.93,217.614,1599.883
20260702B46,落札量合計（電源属地別）[MW],97,78.81,253.054,169.522,19.494,116.779,180.477,45,134,1094.136
20260702B46,応札件数（電源属地別）[件],9,16,54,50,2,18,22,9,32,212
20260702B46,落札件数（電源属地別）[件],4,16,54,11,1,5,5,4,7,107
20260702B46,最高落札価格（電源属地別）[円/kW・30分],4.9,15,15,2.7,1.12,1.74,2.75,1.8,3.69,15
20260702B46,最低落札価格（電源属地別）[円/kW・30分],1.14,4.31,0.39,0.56,1.12,0.39,1.56,0.36,1.09,0.36
20260702B46,平均落札価格（電源属地別）[円/kW・30分],1.45,8.86,5.67,1.52,1.12,0.95,2.48,0.69,3.07,3.25
20260702B46,最高落札価格（TSO別）[円/kW・30分],4.9,15,15,2.7,2.59,2.68,2.75,1.8,3.69,15
20260702B46,最低落札価格（TSO別）[円/kW・30分],1.14,4.31,0.39,0.56,0.56,0.39,1.56,0.36,0.59,0.36
20260702B46,平均落札価格（TSO別）[円/kW・30分],1.45,8.86,5.67,1.61,1.47,1.12,2.44,0.69,2.86,3.25
20260702B46,落札量合計（TSO別）[MW],97,78.81,253.054,63,58,172.696,156.576,45,170,1094.136
20260702B46,（内訳）自エリアからの落札量[MW],97,78.81,253.054,63,19.494,116.779,156.576,45,134,963.713
20260702B47,募集量（TSO別）[MW],61,88,454,62,57,150,143,41,169,1225
20260702B47,応札量合計（電源属地別）[MW],210.358,78.81,255.218,296.865,13.69,154.086,197.683,197.93,216.614,1621.254
20260702B47,落札量合計（電源属地別）[MW],102,78.81,255.218,180.929,11.76,116.779,166.947,45,143.515,1100.958
20260702B47,応札件数（電源属地別）[件],10,16,55,48,2,17,22,9,32,211
20260702B47,落札件数（電源属地別）[件],7,16,55,9,1,5,6,4,10,113
20260702B47,最高落札価格（電源属地別）[円/kW・30分],5.15,15,15,3.25,0.39,1.22,3,1.8,3.51,15
20260702B47,最低落札価格（電源属地別）[円/kW・30分],1.1,4.38,0.39,0.65,0.39,0.39,1.56,0.36,0.92,0.36
20260702B47,平均落札価格（電源属地別）[円/kW・30分],1.75,8.89,5.63,2.08,0.39,0.74,1.86,0.69,2.93,3.22
20260702B47,最高落札価格（TSO別）[円/kW・30分],5.15,15,15,3.25,3.25,3.03,2.13,1.8,3.51,15
20260702B47,最低落札価格（TSO別）[円/kW・30分],1.1,4.38,0.39,3.08,0.39,0.39,1.56,0.36,0.92,0.36
20260702B47,平均落札価格（TSO別）[円/kW・30分],1.75,8.89,5.63,3.14,1.04,0.99,1.84,0.69,2.83,3.22
20260702B47,落札量合計（TSO別）[MW],102,78.81,255.218,62,57,172.696,159.234,45,169,1100.958
20260702B47,（内訳）自エリアからの落札量[MW],102,78.81,255.218,62,11.76,109.44,159.234,45,143.515,966.977
20260702B48,募集量（TSO別）[MW],61,87,452,59,56,148,142,41,169,1215
20260702B48,応札量合計（電源属地別）[MW],207.174,76.644,201.612,295.365,11.84,127.651,197.774,197.93,161.524,1477.514
20260702B48,落札量合計（電源属地別）[MW],104,76.644,201.612,217.062,9.91,107.099,167.038,45,129.141,1057.506
20260702B48,応札件数（電源属地別）[件],10,14,52,47,2,15,22,9,31,202
20260702B48,落札件数（電源属地別）[件],3,14,52,14,1,5,6,4,14,113
20260702B48,最高落札価格（電源属地別）[円/kW・30分],5.15,15,15,7.5,0.39,7.88,2.13,1.8,7,15
20260702B48,最低落札価格（電源属地別）[円/kW・30分],1.01,4.55,0.39,0.55,0.39,0.39,0.37,0.36,0.53,0.36
20260702B48,平均落札価格（電源属地別）[円/kW・30分],1.8,8.55,5.98,1.79,0.39,1.77,1.47,0.69,2.76,3.09
20260702B48,最高落札価格（TSO別）[円/kW・30分],5.15,15,15,2.93,7.5,7.88,2.13,1.8,7,15
20260702B48,最低落札価格（TSO別）[円/kW・30分],1.01,4.55,0.39,0.55,0.39,0.39,1.38,0.36,0.37,0.36
20260702B48,平均落札価格（TSO別）[円/kW・30分],1.8,8.55,5.98,1.81,1.64,1.93,1.49,0.69,2.29,3.09
20260702B48,落札量合計（TSO別）[MW],104,76.644,201.612,59,56,187.925,158.325,45,169,1057.506
20260702B48,（内訳）自エリアからの落札量[MW],104,76.644,201.612,59,9.91,107.099,158.325,45,129.141,890.731
20260703B01,募集量（TSO別）[MW],60,168,436,53,53,138,140,40,165,1253
20260703B01,応札量合計（電源属地別）[MW],122.058,78.917,490.583,184.685,80.93,151.549,193.885,196.93,165.201,1664.738
20260703B01,落札量合計（電源属地別）[MW],110,78.917,490.583,79.051,79,114.922,185.944,42,114,1294.417
20260703B01,応札件数（電源属地別）[件],8,11,44,31,4,16,8,9,30,161
20260703B01,落札件数（電源属地別）[件],4,11,44,5,3,4,4,4,6,85
20260703B01,最高落札価格（電源属地別）[円/kW・30分],8.4,15,15,2.5,0.39,1.85,1.56,1.8,2.62,15
20260703B01,最低落札価格（電源属地別）[円/kW・30分],1.01,4.94,0.39,0.39,0.39,0.39,1.4,0.36,0.39,0.36
20260703B01,平均落札価格（電源属地別）[円/kW・30分],2.73,7.77,3.62,2.35,0.39,0.99,1.44,0.65,2.31,2.77
20260703B01,最高落札価格（TSO別）[円/kW・30分],8.4,15,15,2.43,0.39,2.5,1.56,1.8,2.62,15
20260703B01,最低落札価格（TSO別）[円/kW・30分],1.01,0.39,0.5,2.29,0.39,0.39,1.4,0.36,0.39,0.36
20260703B01,平均落札価格（TSO別）[円/kW・30分],2.73,8.45,2.9,2.38,0.39,1.12,1.45,0.65,2,2.77
20260703B01,落札量合計（TSO別）[MW],110,133.5,436,53,53,161.917,140,42,165,1294.417
20260703B01,（内訳）自エリアからの落札量[MW],110,78.917,436,53,53,114.922,140,42,114,1141.839
20260703B02,募集量（TSO別）[MW],60,168,436,53,53,138,140,40,165,1253
20260703B02,応札量合計（電源属地別）[MW],122.058,90.81,497.019,170.905,80.93,153.399,201.827,196.93,165.201,1679.079
20260703B02,落札量合計（電源属地別）[MW],110,90.81,489.733,77.201,79,116.772,185.944,42,114,1305.46
20260703B02,応札件数（電源属地別）[件],8,17,55,40,4,17,12,9,30,192
20260703B02,落札件数（電源属地別）[件],4,17,52,5,3,5,4,4,6,100
20260703B02,最高落札価格（電源属地別）[円/kW・30分],8.9,15,15,2.3,0.39,1.85,1.56,1.8,1.43,15
20260703B02,最低落札価格（電源属地別）[円/kW・30分],1.01,5.06,0.39,0.39,0.39,0.39,1.24,0.36,0.39,0.36
20260703B02,平均落札価格（電源属地別）[円/kW・30分],2.82,8.66,4.15,1.7,0.39,1,1.31,0.6,1.19,2.92
20260703B02,最高落札価格（TSO別）[円/kW・30分],8.9,15,15,2.27,0.39,2.3,1.56,1.8,1.43,15
20260703B02,最低落札価格（TSO別）[円/kW・30分],1.01,0.39,0.53,0.41,0.39,0.39,1.24,0.36,0.39,0.36
20260703B02,平均落札価格（TSO別）[円/kW・30分],2.82,7.51,3.97,1.5,0.39,1.09,1.33,0.6,1.18,2.92
20260703B02,落札量合計（TSO別）[MW],110,144.543,436,53,53,161.917,140,42,165,1305.46
20260703B02,（内訳）自エリアからの落札量[MW],110,90.81,436,53,53,116.772,140,42,114,1155.582
20260703B03,募集量（TSO別）[MW],60,168,436,53,53,138,140,40,165,1253
20260703B03,応札量合計（電源属地別）[MW],148.408,90.81,498.969,170.905,80.93,151.444,201.827,196.93,167.001,1707.224
20260703B03,落札量合計（電源属地別）[MW],110,90.81,489.733,76.717,79,116.777,185.944,42,114,1304.981
20260703B03,応札件数（電源属地別）[件],9,17,56,40,4,16,12,9,31,194
20260703B03,落札件数（電源属地別）[件],2,17,52,5,3,5,4,4,6,98
20260703B03,最高落札価格（電源属地別）[円/kW・30分],7.4,15,15,2.27,0.39,1.85,1.56,1.8,1.37,15
20260703B03,最低落札価格（電源属地別）[円/kW・30分],1.01,5.1,0.39,0.39,0.39,0.39,1.26,0.36,0.39,0.36
20260703B03,平均落札価格（電源属地別）[円/kW・30分],2.52,8.68,4.13,1.66,0.39,1,1.32,0.6,1.13,2.89
20260703B03,最高落札価格（TSO別）[円/kW・30分],7.4,15,15,2.27,0.39,2.13,1.56,1.8,1.37,15
20260703B03,最低落札価格（TSO別）[円/kW・30分],1.01,2.62,0.39,0.39,0.39,0.39,1.26,0.36,0.39,0.36
20260703B03,平均落札価格（TSO別）[円/kW・30分],2.52,9.4,3.33,1.68,0.39,1.01,1.34,0.6,1.15,2.89
20260703B03,落札量合計（TSO別）[MW],110,144.543,436,53,53,161.438,140,42,165,1304.981
20260703B03,（内訳）自エリアからの落札量[MW],110,90.81,436,53,53,116.777,140,42,114,1155.587
20260703B04,募集量（TSO別）[MW],60,168,436,53,53,138,140,40,165,1253
20260703B04,応札量合計（電源属地別）[MW],122.058,90.81,487.404,176.826,80.93,151.444,205.599,196.93,168.99,1680.991
20260703B04,落札量合計（電源属地別）[MW],106,90.81,472.294,79.067,79,116.777,185.944,42,114,1285.892
20260703B04,応札件数（電源属地別）[件],8,17,58,43,4,16,14,9,32,201
20260703B04,落札件数（電源属地別）[件],4,17,51,5,3,5,4,4,6,99
20260703B04,最高落札価格（電源属地別）[円/kW・30分],8.2,15,15,2.3,0.39,1.85,1.56,1.8,1.27,15
20260703B04,最低落札価格（電源属地別）[円/kW・30分],1.01,5.38,0.39,0.39,0.39,0.39,1.19,0.36,0.39,0.36
20260703B04,平均落札価格（電源属地別）[円/kW・30分],2.42,8.8,4.66,1.7,0.39,1,1.27,0.6,1.03,3.05
20260703B04,最高落札価格（TSO別）[円/kW・30分],8.2,15,15,2.24,0.39,2.3,1.56,1.8,1.27,15
20260703B04,最低落札価格（TSO別）[円/kW・30分],1.01,5.38,0.39,0.41,0.39,0.39,1.19,0.36,0.39,0.36
20260703B04,平均落札価格（TSO別）[円/kW・30分],2.42,10.12,3.93,1.5,0.39,1.1,1.29,0.6,1.06,3.05
20260703B04,落札量合計（TSO別）[MW],106,127.104,436,53,53,163.788,140,42,165,1285.892
20260703B04,（内訳）自エリアからの落札量[MW],106,90.81,436,53,53,116.777,140,42,114,1151.587
20260703B05,募集量（TSO別）[MW],60,168,434,52,53,137,139,40,165,1248
20260703B05,応札量合計（電源属地別）[MW],201.374,88.812,477.632,157.134,80.93,149.446,205.599,196.93,168.99,1726.847
20260703B05,落札量合計（電源属地別）[MW],84,88.812,470.5,63.867,79,118.627,185.944,42,114,1246.75
20260703B05,応札件数（電源属地別）[件],10,16,53,33,4,15,14,9,32,186
20260703B05,落札件数（電源属地別）[件],1,16,50,4,3,6,4,4,6,94
20260703B05,最高落札価格（電源属地別）[円/kW・30分],1.01,15,15,2.6,0.39,1.26,1.56,1.8,1.31,15
20260703B05,最低落札価格（電源属地別）[円/kW・30分],1.01,5.38,0.39,1.55,0.39,0.39,1.19,0.36,0.39,0.36
20260703B05,平均落札価格（電源属地別）[円/kW・30分],1.01,8.66,4.61,1.7,0.39,0.76,1.27,0.6,1.07,2.92
20260703B05,最高落札価格（TSO別）[円/kW・30分],1.01,15,14.99,1.69,0.39,2.6,1.56,1.8,1.31,15
20260703B05,最低落札価格（TSO別）[円/kW・30分],1.01,3.88,0.39,1.55,0.39,0.39,1.19,0.36,0.39,0.36
20260703B05,平均落札価格（TSO別）[円/kW・30分],1.01,8.33,4.37,1.61,0.39,0.79,1.29,0.6,1.11,2.92
20260703B05,落札量合計（TSO別）[MW],84,125.312,434,52,53,152.438,139,42,165,1246.75
20260703B05,（内訳）自エリアからの落札量[MW],84,88.812,434,52,53,114.927,139,42,114,1121.739
20260703B06,募集量（TSO別）[MW],60,168,433,51,53,137,139,40,165,1246
20260703B06,応札量合計（電源属地別）[MW],162.058,88.814,505.665,171.046,80.93,125.541,203.542,196.93,168.99,1703.516
20260703B06,落札量合計（電源属地別）[MW],104.99,88.814,487.555,99.384,79,94.684,185.687,42,133.15,1315.264
20260703B06,応札件数（電源属地別）[件],9,16,60,40,4,14,14,9,32,198
20260703B06,落札件数（電源属地別）[件],6,16,52,7,3,5,5,4,17,115
20260703B06,最高落札価格（電源属地別）[円/kW・30分],13.4,15,15,5,0.39,1.26,3,1.8,7.49,15
20260703B06,最低落札価格（電源属地別）[円/kW・30分],1.01,5.29,0.39,1.22,0.39,0.39,1.26,0.36,0.39,0.36
20260703B06,平均落札価格（電源属地別）[円/kW・30分],2.13,8.62,4.31,1.83,0.39,0.86,1.34,0.6,1.71,2.95
20260703B06,最高落札価格（TSO別）[円/kW・30分],13.4,15,14.98,2.68,0.39,5,1.56,1.8,7.49,15
20260703B06,最低落札価格（TSO別）[円/kW・30分],1.01,3.17,0.39,1.71,0.39,0.39,1.26,0.36,0.39,0.36
20260703B06,平均落札価格（TSO別）[円/kW・30分],2.13,9.19,3.58,1.98,0.39,1.03,1.33,0.6,1.64,2.95
20260703B06,落札量合計（TSO別）[MW],104.99,143.369,433,51,53,167.925,154.98,42,165,1315.264
20260703B06,（内訳）自エリアからの落札量[MW],104.99,88.814,433,51,53,94.684,154.98,42,133.15,1155.618
20260703B07,募集量（TSO別）[MW],60,167,432,51,53,137,139,40,165,1244
20260703B07,応札量合計（電源属地別）[MW],210.358,89.31,490.878,163.927,45.93,155.353,216.368,197.93,172.534,1742.588
20260703B07,落札量合計（電源属地別）[MW],137,89.31,469.769,107.32,44,117.777,185.632,45,130.689,1326.497
20260703B07,応札件数（電源属地別）[件],10,16,60,40,3,18,21,8,34,210
20260703B07,落札件数（電源属地別）[件],6,16,50,11,2,6,5,3,15,114
20260703B07,最高落札価格（電源属地別）[円/kW・30分],14.87,15,15,5,0.39,7.8,1.56,1.8,6.35,15
20260703B07,最低落札価格（電源属地別）[円/kW・30分],1.01,5.1,0.39,0.88,0.39,0.39,1.19,0.36,0.39,0.36
20260703B07,平均落札価格（電源属地別）[円/kW・30分],5.39,8.58,4.15,2.15,0.39,1.06,1.26,0.69,1.6,3.24
20260703B07,最高落札価格（TSO別）[円/kW・30分],14.87,15,14.5,2.89,5,7.8,1.56,1.8,6.35,15
20260703B07,最低落札価格（TSO別）[円/kW・30分],1.01,5.1,0.39,1.92,0.39,0.39,1.19,0.36,0.39,0.36
20260703B07,平均落札価格（TSO別）[円/kW・30分],5.39,10.01,3.34,2.19,0.99,1.25,1.28,0.69,1.53,3.24
20260703B07,落札量合計（TSO別）[MW],137,127.079,432,51,53,160.438,155.98,45,165,1326.497
20260703B07,（内訳）自エリアからの落札量[MW],137,89.31,432,51,44,113.118,155.98,45,130.689,1198.097
20260703B08,募集量（TSO別）[MW],60,167,433,51,53,137,139,40,166,1246
20260703B08,応札量合計（電源属地別）[MW],210.358,90.81,525.843,163.927,45.93,155.353,216.312,197.93,172.534,1778.997
20260703B08,落札量合計（電源属地別）[MW],143.6,90.81,507.654,107.32,44,116.777,183.776,46,135.545,1375.482
20260703B08,応札件数（電源属地別）[件],10,17,61,40,3,18,21,8,34,212
20260703B08,落札件数（電源属地別）[件],6,17,52,11,2,5,4,3,18,118
20260703B08,最高落札価格（電源属地別）[円/kW・30分],14.87,15,15,5,0.39,1.85,1.56,1.8,6.35,15
20260703B08,最低落札価格（電源属地別）[円/kW・30分],1.01,5.06,0.39,0.6,0.39,0.39,1.33,0.36,0.39,0.36
20260703B08,平均落札価格（電源属地別）[円/kW・30分],5.81,8.66,3.86,2.21,0.39,1,1.38,0.69,1.87,3.26
20260703B08,最高落札価格（TSO別）[円/kW・30分],14.87,15,14.99,3.06,1.99,5,1.56,1.8,6.35,15
20260703B08,最低落札価格（TSO別）[円/kW・30分],1.01,0.39,0.79,1.99,0.39,0.39,1.33,0.36,0.39,0.36
20260703B08,平均落札価格（TSO別）[円/kW・30分],5.81,8.33,3.15,2.17,0.66,1.33,1.39,0.69,1.81,3.26
20260703B08,落札量合計（TSO別）[MW],143.6,165.464,433,51,53,160.438,156.98,46,166,1375.482
20260703B08,（内訳）自エリアからの落札量[MW],143.6,90.81,433,51,44,116.777,156.98,46,135.545,1217.712
20260703B09,募集量（TSO別）[MW],60,167,434,51,53,138,139,41,166,1249
20260703B09,応札量合計（電源属地別）[MW],122.058,90.81,472.738,163.927,45.93,155.353,216.351,197.93,176.362,1641.459
20260703B09,落札量合計（電源属地別）[MW],113.99,90.81,455.549,107.32,44,119.627,185.615,46,130.856,1293.767
20260703B09,応札件数（電源属地別）[件],8,17,58,40,3,18,21,8,36,209
20260703B09,落札件数（電源属地別）[件],8,17,50,11,2,7,5,3,15,118
20260703B09,最高落札価格（電源属地別）[円/kW・30分],13.5,15,15,5,0.39,7.8,1.63,1.8,6.35,15
20260703B09,最低落札価格（電源属地別）[円/kW・30分],1.01,5.06,0.39,0.42,0.39,0.39,1.4,0.36,0.39,0.36
20260703B09,平均落札価格（電源属地別）[円/kW・30分],3.89,8.66,4.25,2.26,0.39,0.83,1.44,0.69,1.69,3.13
20260703B09,最高落札価格（TSO別）[円/kW・30分],13.5,15,15,3.16,5,5,1.56,1.8,7.8,15
20260703B09,最低落札価格（TSO別）[円/kW・30分],1.01,5.06,0.39,2.1,0.39,0.39,1.4,0.36,0.39,0.36
20260703B09,平均落札価格（TSO別）[円/kW・30分],3.89,9.81,3.73,2.36,0.91,1.09,1.44,0.69,1.67,3.13
20260703B09,落札量合計（TSO別）[MW],113.99,112.359,434,51,53,160.438,156.98,46,166,1293.767
20260703B09,（内訳）自エリアからの落札量[MW],113.99,90.81,434,51,44,113.46,156.98,46,130.856,1181.096
20260703B10,募集量（TSO別）[MW],60,167,435,51,53,138,139,41,166,1250
20260703B10,応札量合計（電源属地別）[MW],162.058,90.81,476.508,163.927,80.93,131.41,216.391,198.93,176.362,1697.326
20260703B10,落札量合計（電源属地別）[MW],112,90.81,456.549,101.276,79,94.684,185.655,47,142.924,1309.898
20260703B10,応札件数（電源属地別）[件],9,17,60,40,4,17,21,8,36,212
20260703B10,落札件数（電源属地別）[件],5,17,51,8,3,5,5,3,18,115
20260703B10,最高落札価格（電源属地別）[円/kW・30分],13.5,15,15,5,0.39,1.28,1.56,1.8,5,15
20260703B10,最低落札価格（電源属地別）[円/kW・30分],1.01,5.06,0.39,0.83,0.39,0.39,1.4,0.36,0.39,0.36
20260703B10,平均落札価格（電源属地別）[円/kW・30分],3.2,8.66,4.26,1.99,0.39,0.87,1.44,0.71,1.93,3.04
20260703B10,最高落札価格（TSO別）[円/kW・30分],13.5,15,15,2.92,0.39,5,1.56,1.8,5,15
20260703B10,最低落札価格（TSO別）[円/kW・30分],1.01,5.06,0.39,0.83,0.39,0.39,1.4,0.36,0.39,0.36
20260703B10,平均落札価格（TSO別）[円/kW・30分],3.2,9.6,3.8,1.98,0.39,1.14,1.44,0.71,1.86,3.04
20260703B10,落札量合計（TSO別）[MW],112,112.359,435,51,53,175.559,157.98,47,166,1309.898
20260703B10,（内訳）自エリアからの落札量[MW],112,90.81,435,51,53,94.684,157.98,47,142.924,1184.398
20260703B11,募集量（TSO別）[MW],60,167,435,51,53,138,139,41,166,1250
20260703B11,応札量合計（電源属地別）[MW],208.198,90.81,479.181,170.717,80.93,131.41,206.448,198.93,166.736,1733.36
20260703B11,落札量合計（電源属地別）[MW],131,90.81,457.223,111.12,79,99.151,175.712,47,138.704,1329.72
20260703B11,応札件数（電源属地別）[件],10,17,61,44,4,17,21,8,34,216
20260703B11,落札件数（電源属地別）[件],5,17,50,13,3,8,5,3,19,123
20260703B11,最高落札価格（電源属地別）[円/kW・30分],13.45,15,15,7.5,0.63,7.8,1.86,1.8,5.18,15
20260703B11,最低落札価格（電源属地別）[円/kW・30分],1.01,5.06,0.39,0.39,0.39,0.39,0.75,0.36,0.39,0.36
20260703B11,平均落札価格（電源属地別）[円/kW・30分],5.22,8.66,4.26,2.31,0.47,1.17,1.8,0.71,1.89,3.34
20260703B11,最高落札価格（TSO別）[円/kW・30分],13.45,15,14.98,3.15,0.63,7.8,1.86,1.8,5.18,15
20260703B11,最低落札価格（TSO別）[円/kW・30分],1.01,5.06,0.39,2.08,0.39,0.39,1.56,0.36,0.39,0.36
20260703B11,平均落札価格（TSO別）[円/kW・30分],5.22,9.68,3.77,2.48,0.48,1.44,1.81,0.71,1.79,3.34
20260703B11,落札量合計（TSO別）[MW],131,113.033,435,51,53,175.925,157.762,47,166,1329.72
20260703B11,（内訳）自エリアからの落札量[MW],131,90.81,435,51,53,99.151,157.762,47,138.704,1203.427
20260703B12,募集量（TSO別）[MW],60,167,435,51,53,138,139,41,166,1250
20260703B12,応札量合計（電源属地別）[MW],207.278,88.814,459.878,169.217,80.93,107.465,227.344,198.93,226.386,1766.242
20260703B12,落札量合計（電源属地別）[MW],117,88.814,437.92,60.931,79,70.739,185.944,47,166,1253.348
20260703B12,応札件数（電源属地別）[件],10,16,60,43,4,16,22,8,36,215
20260703B12,落札件数（電源属地別）[件],3,16,49,4,3,4,4,3,7,93
20260703B12,最高落札価格（電源属地別）[円/kW・30分],10.5,15,15,1.85,0.39,1.26,1.56,1.9,1.37,15
20260703B12,最低落札価格（電源属地別）[円/kW・30分],1,5.43,0.39,0.39,0.39,0.39,1.08,0.38,0.39,0.38
20260703B12,平均落札価格（電源属地別）[円/kW・30分],2.96,8.78,5.11,1.74,0.39,1.02,1.17,0.87,0.97,3.19
20260703B12,最高落札価格（TSO別）[円/kW・30分],10.5,15,15,1.85,0.39,1.7,1.56,1.9,1.37,15
20260703B12,最低落札価格（TSO別）[円/kW・30分],1,5.43,0.39,1.7,0.39,0.39,1.08,0.38,0.39,0.38
20260703B12,平均落札価格（TSO別）[円/kW・30分],2.96,8.72,5.1,1.8,0.39,0.96,1.2,0.87,0.97,3.19
20260703B12,落札量合計（TSO別）[MW],117,91.734,435,51,53,153.614,139,47,166,1253.348
20260703B12,（内訳）自エリアからの落札量[MW],117,88.814,435,51,53,70.739,139,47,166,1167.553
20260703B13,募集量（TSO別）[MW],61,176,455,60,56,152,141,43,169,1313
20260703B13,応札量合計（電源属地別）[MW],162.058,90.81,466.16,182.715,80.93,131.41,206.64,197.93,199.495,1718.148
20260703B13,落札量合計（電源属地別）[MW],101,90.81,458.298,84.077,80.93,117.676,187.804,50,170.663,1341.258
20260703B13,応札件数（電源属地別）[件],9,17,63,46,4,17,21,7,36,220
20260703B13,落札件数（電源属地別）[件],5,17,59,9,4,10,11,3,24,142
20260703B13,最高落札価格（電源属地別）[円/kW・30分],11.5,15,15,9.87,9,7.88,9.5,1.8,9.5,15
20260703B13,最低落札価格（電源属地別）[円/kW・30分],1,5.21,0.39,0.39,0.39,0.39,1.26,0.41,0.39,0.39
20260703B13,平均落札価格（電源属地別）[円/kW・30分],1.68,8.73,4.94,1.67,0.6,2.27,1.83,1.18,2.05,3.31
20260703B13,最高落札価格（TSO別）[円/kW・30分],11.5,15,15,1.92,0.39,9.87,1.56,1.8,9.5,15
20260703B13,最低落札価格（TSO別）[円/kW・30分],1,5.21,0.39,0.85,0.39,0.39,1.26,0.41,0.39,0.39
20260703B13,平均落札価格（TSO別）[円/kW・30分],1.68,8.87,4.89,1.22,0.39,2.56,1.31,1.18,2.03,3.31
20260703B13,落札量合計（TSO別）[MW],101,94.108,455,60,56,195.196,160.954,50,169,1341.258
20260703B13,（内訳）自エリアからの落札量[MW],101,90.81,455,60,56,117.676,160.954,50,169,1260.44
20260703B14,募集量（TSO別）[MW],61,182,463,63,57,155,142,44,171,1338
20260703B14,応札量合計（電源属地別）[MW],204.329,87.345,497.729,161.898,80.93,131.41,232.592,197.93,174.495,1768.658
20260703B14,落札量合計（電源属地別）[MW],101,87.345,497.729,81.368,79,107.834,213.128,49,145.595,1361.999
20260703B14,応札件数（電源属地別）[件],10,15,65,45,4,17,22,7,35,220
20260703B14,落札件数（電源属地別）[件],4,15,65,8,3,5,12,3,20,135
20260703B14,最高落札価格（電源属地別）[円/kW・30分],10.15,15,15,9.8,0.39,7.88,9.5,1.8,9.5,15
20260703B14,最低落札価格（電源属地別）[円/kW・30分],1,5.22,0.39,0.39,0.39,0.39,1.19,0.43,0.39,0.39
20260703B14,平均落札価格（電源属地別）[円/kW・30分],1.64,8.6,5.12,1.91,0.39,2.09,1.76,1.12,1.71,3.34
20260703B14,最高落札価格（TSO別）[円/kW・30分],10.15,15,15,2.47,0.39,9.8,2.13,1.8,9.5,15
20260703B14,最低落札価格（TSO別）[円/kW・30分],1,0.39,0.53,1.4,0.39,0.39,1.19,0.43,0.39,0.39
20260703B14,平均落札価格（TSO別）[円/kW・30分],1.64,7.14,5.24,1.75,0.39,1.78,1.38,1.12,2.12,3.34
20260703B14,落札量合計（TSO別）[MW],101,122.074,463,63,57,193.925,142,49,171,1361.999
20260703B14,（内訳）自エリアからの落札量[MW],101,87.345,463,63,57,107.834,142,49,145.595,1215.774
20260703B15,募集量（TSO別）[MW],62,187,469,66,58,159,143,44,172,1360
20260703B15,応札量合計（電源属地別）[MW],206.058,88.845,505.803,163.858,80.93,140.353,232.592,197.93,166.784,1783.153
20260703B15,落札量合計（電源属地別）[MW],104,88.845,505.803,108.661,79,116.777,201.056,50,114,1368.142
20260703B15,応札件数（電源属地別）[件],11,16,66,46,4,17,22,7,34,223
20260703B15,落札件数（電源属地別）[件],3,16,66,22,3,5,6,3,6,130
20260703B15,最高落札価格（電源属地別）[円/kW・30分],2.14,15,15,10,0.39,1.85,3,1.8,0.85,15
20260703B15,最低落札価格（電源属地別）[円/kW・30分],1,5.2,0.39,0.39,0.39,0.39,0.99,0.38,0.39,0.38
20260703B15,平均落札価格（電源属地別）[円/kW・30分],1.12,8.69,5.09,3.93,0.39,1,1.18,0.71,0.63,3.2
20260703B15,最高落札価格（TSO別）[円/kW・30分],2.14,15,15,2.45,0.39,10,2.13,1.8,3,15
20260703B15,最低落札価格（TSO別）[円/kW・30分],1,5.2,0.39,1.38,0.39,0.39,0.99,0.38,0.39,0.38
20260703B15,平均落札価格（TSO別）[円/kW・30分],1.12,7.85,5.03,1.74,0.39,2.42,1.21,0.71,0.8,3.2
20260703B15,落札量合計（TSO別）[MW],104,125.648,469,66,58,180.438,143.056,50,172,1368.142
20260703B15,（内訳）自エリアからの落札量[MW],104,88.845,469,66,58,116.777,143.056,50,114,1209.678
20260703B16,募集量（TSO別）[MW],62,191,473,68,59,162,144,44,173,1376
20260703B16,応札量合計（電源属地別）[MW],196.058,87.345,505.803,165.857,80.93,142.223,232.592,201.93,59.784,1672.522
20260703B16,落札量合計（電源属地別）[MW],105,87.345,505.803,129.354,79,120.697,230.603,51,59.784,1368.586
20260703B16,応札件数（電源属地別）[件],10,15,66,47,4,18,22,8,30,220
20260703B16,落札件数（電源属地別）[件],3,15,66,33,3,7,21,3,30,181
20260703B16,最高落札価格（電源属地別）[円/kW・30分],2.84,15,15,13.28,0.39,13.25,13.1,1.8,12,15
20260703B16,最低落札価格（電源属地別）[円/kW・30分],1,5.06,0.39,0.39,0.39,0.39,0.65,0.38,0.39,0.38
20260703B16,平均落札価格（電源属地別）[円/kW・30分],1.18,8.52,5.13,5.01,0.39,1.38,2,0.74,5.31,3.75
20260703B16,最高落札価格（TSO別）[円/kW・30分],2.84,15,15,2.2,0.39,13.28,2.13,1.8,13.1,15
20260703B16,最低落札価格（TSO別）[円/kW・30分],1,0.39,0.84,1.14,0.39,0.39,0.65,0.38,0.39,0.38
20260703B16,平均落札価格（TSO別）[円/kW・30分],1.18,7.06,5.27,1.47,0.39,3.62,1.01,0.74,4.16,3.75
20260703B16,落札量合計（TSO別）[MW],105,120.148,473,68,59,175.438,144,51,173,1368.586
20260703B16,（内訳）自エリアからの落札量[MW],105,87.345,473,68,59,120.697,144,51,59.784,1167.826
20260703B17,募集量（TSO別）[MW],62,191,473,68,59,162,144,44,173,1376
20260703B17,応札量合計（電源属地別）[MW],192.108,88.845,407.793,163.867,80.93,94.335,232.592,203.86,174.434,1638.764
20260703B17,落札量合計（電源属地別）[MW],95,88.845,407.793,142.717,79,83.897,200.056,51,116.944,1265.252
20260703B17,応札件数（電源属地別）[件],9,16,68,46,4,16,22,9,35,225
20260703B17,落札件数（電源属地別）[件],2,16,68,39,3,11,5,3,7,154
20260703B17,最高落札価格（電源属地別）[円/kW・30分],1.01,15,15,13.48,0.39,13.5,2.13,1.8,2,15
20260703B17,最低落札価格（電源属地別）[円/kW・30分],1,4.42,0.39,0.39,0.39,0.39,1.08,0.38,0.39,0.38
20260703B17,平均落札価格（電源属地別）[円/kW・30分],1.01,8.35,4.44,5.93,0.39,3.53,1.24,0.74,1.09,3.35
20260703B17,最高落札価格（TSO別）[円/kW・30分],1.01,15,15,10,0.39,13.5,2.13,1.8,2,15
20260703B17,最低落札価格（TSO別）[円/kW・30分],1,4.42,0.39,1.43,0.39,0.39,1.08,0.38,0.39,0.38
20260703B17,平均落札価格（TSO別）[円/kW・30分],1.01,8.35,4.44,2.34,0.39,5.55,1.3,0.74,1.09,3.35
20260703B17,落札量合計（TSO別）[MW],95,88.845,407.793,68,59,178.614,144,51,173,1265.252
20260703B17,（内訳）自エリアからの落札量[MW],95,88.845,407.793,68,59,83.897,144,51,116.944,1114.479
20260703B18,募集量（TSO別）[MW],62,191,473,68,59,162,144,44,173,1376
20260703B18,応札量合計（電源属地別）[MW],118.118,85.349,409.75,167.847,80.93,74.721,227.496,203.86,140.434,1508.505
20260703B18,落札量合計（電源属地別）[MW],84,85.349,409.75,145.734,80.93,62.336,196.76,51,120.24,1236.099
20260703B18,応札件数（電源属地別）[件],6,14,70,48,4,15,22,9,34,222
20260703B18,落札件数（電源属地別）[件],1,14,70,41,4,9,6,3,23,171
20260703B18,最高落札価格（電源属地別）[円/kW・30分],1.08,15,15,14,13.8,14,3,1.8,4.38,15
20260703B18,最低落札価格（電源属地別）[円/kW・30分],1.08,4.1,0.39,0.39,0.39,1.38,0.99,0.38,0.39,0.38
20260703B18,平均落札価格（電源属地別）[円/kW・30分],1.08,7.93,3.79,6.02,0.71,4.33,1.16,0.74,2.13,3.28
20260703B18,最高落札価格（TSO別）[円/kW・30分],1.08,15,15,13.48,0.39,14,2.13,1.8,4.38,15
20260703B18,最低落札価格（TSO別）[円/kW・30分],1.08,4.1,0.39,0.39,0.39,0.39,0.99,0.38,0.39,0.38
20260703B18,平均落札価格（TSO別）[円/kW・30分],1.08,7.93,3.79,2.57,0.39,6.22,1.2,0.74,1.81,3.28
20260703B18,落札量合計（TSO別）[MW],84,85.349,409.75,68,59,162,144,51,173,1236.099
20260703B18,（内訳）自エリアからの落札量[MW],84,85.349,409.75,68,59,62.336,144,51,120.24,1083.675
20260703B19,募集量（TSO別）[MW],62,118,462,73,61,161,148,46,177,1308
20260703B19,応札量合計（電源属地別）[MW],194.108,85.495,407.782,167.847,80.93,74.721,232.592,197.86,97.904,1539.239
20260703B19,落札量合計（電源属地別）[MW],129,85.495,406.931,147.728,80.765,61.011,232.592,46,97.904,1287.426
20260703B19,応札件数（電源属地別）[件],9,14,69,48,4,15,22,8,32,221
20260703B19,落札件数（電源属地別）[件],3,14,69,42,4,8,22,3,32,197
20260703B19,最高落札価格（電源属地別）[円/kW・30分],1.01,15,15,13.9,13.8,13.85,13.47,1.8,12.9,15
20260703B19,最低落札価格（電源属地別）[円/kW・30分],0.99,1.84,0.39,0.39,0.39,1.38,0.65,0.82,1,0.39
20260703B19,平均落札価格（電源属地別）[円/kW・30分],1,7.6,3.7,6.17,0.68,4.03,2.22,1.63,4.07,3.49
20260703B19,最高落札価格（TSO別）[円/kW・30分],1.01,15,15,13.9,13.8,13.85,2.13,1.8,13.47,15
20260703B19,最低落札価格（TSO別）[円/kW・30分],0.99,1.84,0.39,0.39,0.39,0.39,0.65,0.82,0.65,0.39
20260703B19,平均落札価格（TSO別）[円/kW・30分],1,7.6,3.7,10.75,0.78,2.34,0.96,1.63,4.39,3.49
20260703B19,落札量合計（TSO別）[MW],129,85.495,406.931,73,61,161,148,46,177,1287.426
20260703B19,（内訳）自エリアからの落札量[MW],129,85.495,406.931,73,61,49,148,46,97.904,1096.33
20260703B20,募集量（TSO別）[MW],63,119,448,73,61,161,148,46,178,1297
20260703B20,応札量合計（電源属地別）[MW],194.108,85.495,418.213,167.847,80.93,74.721,232.592,197.86,147.904,1599.67
20260703B20,落札量合計（電源属地別）[MW],129,85.495,417.362,121.154,79,49.275,223.667,53,147.904,1305.857
20260703B20,応札件数（電源属地別）[件],9,14,70,48,4,15,22,9,33,224
20260703B20,落札件数（電源属地別）[件],3,14,70,28,3,2,17,4,33,174
20260703B20,最高落札価格（電源属地別）[円/kW・30分],1.01,15,15,12.8,0.39,1.85,11.9,1.8,12,15
20260703B20,最低落札価格（電源属地別）[円/kW・30分],0.39,1.75,0.39,0.39,0.39,1.38,0.54,0.84,1.02,0.39
20260703B20,平均落札価格（電源属地別）[円/kW・30分],0.85,7.54,3.47,4.64,0.39,1.83,1.77,1.67,4.03,3.04
20260703B20,最高落札価格（TSO別）[円/kW・30分],1.01,15,15,12.8,0.39,2.48,2.13,1.8,12,15
20260703B20,最低落札価格（TSO別）[円/kW・30分],0.39,1.75,0.39,0.39,0.39,0.39,0.54,0.84,0.57,0.39
20260703B20,平均落札価格（TSO別）[円/kW・30分],0.85,7.54,3.47,6.55,0.39,1.32,0.88,1.67,4.67,3.04
20260703B20,落札量合計（TSO別）[MW],129,85.495,417.362,73,61,161,148,53,178,1305.857
20260703B20,（内訳）自エリアからの落札量[MW],129,85.495,417.362,73,61,49,148,53,147.904,1163.761
20260703B21,募集量（TSO別）[MW],63,121,448,73,61,161,149,47,179,1302
20260703B21,応札量合計（電源属地別）[MW],156.058,97.495,442.741,165.853,75.542,166.163,235.668,189.86,179.404,1708.784
20260703B21,落札量合計（電源属地別）[MW],118,97.495,442.741,84.492,73.612,148.709,201.856,56,126.019,1348.924
20260703B21,応札件数（電源属地別）[件],9,15,70,47,4,19,23,10,33,230
20260703B21,落札件数（電源属地別）[件],2,15,70,10,3,10,6,4,30,150
20260703B21,最高落札価格（電源属地別）[円/kW・30分],1.01,15,15,10,0.39,7.8,3,1.8,9,15
20260703B21,最低落札価格（電源属地別）[円/kW・30分],0.99,1.94,0.39,0.39,0.39,0.39,1.19,0.86,0.82,0.39
20260703B21,平均落札価格（電源属地別）[円/kW・30分],1,7.29,3.52,2.1,0.39,1.27,1.34,1.68,2.99,2.61
20260703B21,最高落札価格（TSO別）[円/kW・30分],1.01,15,15,10,0.39,7.8,2.13,1.8,9,15
20260703B21,最低落札価格（TSO別）[円/kW・30分],0.99,1.94,0.39,0.39,0.39,0.39,1.19,0.86,0.82,0.39
20260703B21,平均落札価格（TSO別）[円/kW・30分],1,7.29,3.52,2.22,0.39,1.21,1.37,1.68,2.48,2.61
20260703B21,落札量合計（TSO別）[MW],118,97.495,442.741,73,61,172.688,149,56,179,1348.924
20260703B21,（内訳）自エリアからの落札量[MW],118,97.495,442.741,73,61,148.584,149,56,126.019,1271.839
20260703B22,募集量（TSO別）[MW],63,122,448,73,61,161,150,47,179,1304
20260703B22,応札量合計（電源属地別）[MW],154.558,97.495,442.741,167.847,75.678,166.163,235.668,181.86,229.404,1751.414
20260703B22,落札量合計（電源属地別）[MW],93,97.495,442.741,92.223,73.748,140.717,201.856,50,127.144,1318.924
20260703B22,応札件数（電源属地別）[件],8,15,70,48,4,19,23,9,33,229
20260703B22,落札件数（電源属地別）[件],2,15,70,13,3,6,6,4,31,150
20260703B22,最高落札価格（電源属地別）[円/kW・30分],1.01,15,15,10,0.39,1.85,3,1.8,10,15
20260703B22,最低落札価格（電源属地別）[円/kW・30分],0.8,2.53,0.39,0.39,0.39,0.39,1.16,0.86,0.65,0.39
20260703B22,平均落札価格（電源属地別）[円/kW・30分],0.93,7.81,3.52,2.78,0.39,0.9,1.32,1.67,3.05,2.7
20260703B22,最高落札価格（TSO別）[円/kW・30分],1.01,15,15,10,0.39,2.36,2.13,1.8,10,15
20260703B22,最低落札価格（TSO別）[円/kW・30分],0.8,2.53,0.39,0.39,0.39,0.39,1.16,0.86,0.65,0.39
20260703B22,平均落札価格（TSO別）[円/kW・30分],0.93,7.81,3.52,3.13,0.39,0.92,1.32,1.67,2.55,2.7
20260703B22,落札量合計（TSO別）[MW],93,97.495,442.741,73,61,172.688,150,50,179,1318.924
20260703B22,（内訳）自エリアからの落札量[MW],93,97.495,442.741,73,61,140.717,150,50,127.144,1235.097
20260703B23,募集量（TSO別）[MW],62,122,445,71,61,159,150,47,180,1297
20260703B23,応札量合計（電源属地別）[MW],194.558,97.495,620.373,166.347,75.844,166.163,235.668,195.86,229.404,1981.712
20260703B23,落札量合計（電源属地別）[MW],65,52.67,514.33,86.057,73.914,140.717,204.58,47,125.42,1309.688
20260703B23,応札件数（電源属地別）[件],9,15,72,47,4,19,23,9,33,231
20260703B23,落札件数（電源属地別）[件],3,3,28,10,3,6,8,4,30,95
20260703B23,最高落札価格（電源属地別）[円/kW・30分],1.01,7.39,8.46,10,0.39,1.85,9.5,1.9,9.5,10
20260703B23,最低落札価格（電源属地別）[円/kW・30分],0.39,3.05,0.39,0.39,0.39,0.39,1.16,0.87,0.62,0.39
20260703B23,平均落札価格（電源属地別）[円/kW・30分],0.68,5.18,2.44,1.94,0.39,0.9,1.43,1.68,2.97,2.01
20260703B23,最高落札価格（TSO別）[円/kW・30分],1.01,7.39,8.46,10,0.39,1.85,2.13,1.9,9.5,10
20260703B23,最低落札価格（TSO別）[円/kW・30分],0.39,0.39,0.54,0.39,0.39,0.39,1.16,0.87,0.62,0.39
20260703B23,平均落札価格（TSO別）[円/kW・30分],0.68,4.48,2.2,2.13,0.39,0.87,1.32,1.68,2.6,2.01
20260703B23,落札量合計（TSO別）[MW],65,122,445,71,61,168.688,150,47,180,1309.688
20260703B23,（内訳）自エリアからの落札量[MW],65,52.67,445,71,61,140.717,150,47,125.42,1157.807
20260703B24,募集量（TSO別）[MW],62,122,445,70,61,160,150,47,180,1297
20260703B24,応札量合計（電源属地別）[MW],192.658,95.499,602.726,166.347,77.742,166.163,235.668,203.86,229.404,1970.067
20260703B24,落札量合計（電源属地別）[MW],62,52.623,514.377,86.159,75.812,140.717,206.48,47,123.52,1308.688
20260703B24,応札件数（電源属地別）[件],8,14,70,47,4,19,23,9,33,227
20260703B24,落札件数（電源属地別）[件],3,3,25,10,3,6,10,4,29,93
20260703B24,最高落札価格（電源属地別）[円/kW・30分],1.01,7.98,5.23,10,0.39,1.85,9.5,1.9,9.5,10
20260703B24,最低落札価格（電源属地別）[円/kW・30分],0.39,3.37,0.39,0.39,0.39,0.39,1.08,1.07,0.51,0.39
20260703B24,平均落札価格（電源属地別）[円/kW・30分],0.67,5.54,3.05,1.82,0.39,0.9,1.44,1.57,2.88,2.25
20260703B24,最高落札価格（TSO別）[円/kW・30分],1.01,7.98,5.23,10,0.39,1.85,2.13,1.9,9.5,10
20260703B24,最低落札価格（TSO別）[円/kW・30分],0.39,0.39,0.54,0.39,0.39,0.39,1.08,1.07,0.51,0.39
20260703B24,平均落札価格（TSO別）[円/kW・30分],0.67,4.77,2.87,1.93,0.39,0.9,1.29,1.57,2.55,2.25
20260703B24,落札量合計（TSO別）[MW],62,122,445,70,61,171.688,150,47,180,1308.688
20260703B24,（内訳）自エリアからの落札量[MW],62,52.623,445,70,61,140.717,150,47,123.52,1151.86
20260703B25,募集量（TSO別）[MW],62,123,444,67,62,160,148,47,179,1292
20260703B25,応札量合計（電源属地別）[MW],150.708,97.842,591.231,163.85,80.93,186.386,248.395,205.86,203.954,1929.156
20260703B25,落札量合計（電源属地別）[MW],62,85.842,481.158,76.568,79,133.432,182.804,47,153,1300.804
20260703B25,応札件数（電源属地別）[件],6,15,64,46,4,18,24,9,29,215
20260703B25,落札件数（電源属地別）[件],2,14,45,5,3,6,4,3,2,84
20260703B25,最高落札価格（電源属地別）[円/kW・30分],1.01,15,15,0.63,0.39,1.85,1.56,1.9,2.49,15
20260703B25,最低落札価格（電源属地別）[円/kW・30分],0.39,3.49,0.39,0.39,0.39,0.39,0.39,1.07,0.39,0.39
20260703B25,平均落札価格（電源属地別）[円/kW・30分],0.67,8.77,4.14,0.44,0.39,0.59,0.51,1.61,2.45,2.67
20260703B25,最高落札価格（TSO別）[円/kW・30分],1.01,15,15,0.63,0.39,1.85,1.56,1.9,2.49,15
20260703B25,最低落札価格（TSO別）[円/kW・30分],0.39,0.39,0.39,0.39,0.39,0.39,0.39,1.07,0.39,0.39
20260703B25,平均落札価格（TSO別）[円/kW・30分],0.67,7.96,3.98,0.45,0.39,0.55,0.53,1.61,2.16,2.67
20260703B25,落札量合計（TSO別）[MW],62,123,444,67,62,160,156.804,47,179,1300.804
20260703B25,（内訳）自エリアからの落札量[MW],62,85.842,444,67,62,133.432,156.804,47,153,1211.078
20260703B26,募集量（TSO別）[MW],62,123,444,67,62,160,148,47,179,1292
20260703B26,応札量合計（電源属地別）[MW],148.74,97.842,585.148,144.651,80.93,201.386,248.395,205.86,244.604,1957.556
20260703B26,落札量合計（電源属地別）[MW],62,73.348,493.652,67,79,179.799,214.583,47,75.618,1292
20260703B26,応札件数（電源属地別）[件],5,15,61,46,4,19,24,9,31,214
20260703B26,落札件数（電源属地別）[件],2,8,43,10,3,11,7,4,20,108
20260703B26,最高落札価格（電源属地別）[円/kW・30分],1.01,15,14.99,10,0.39,7.88,3,1.9,7.99,15
20260703B26,最低落札価格（電源属地別）[円/kW・30分],0.39,3.49,0.39,0.39,0.39,0.39,0.39,1.07,0.39,0.39
20260703B26,平均落札価格（電源属地別）[円/kW・30分],0.67,7.71,3.85,2.03,0.39,1.48,0.9,1.6,2.6,2.63
20260703B26,最高落札価格（TSO別）[円/kW・30分],1.01,15,14.99,10,0.39,7.88,2.13,1.9,7.99,15
20260703B26,最低落札価格（TSO別）[円/kW・30分],0.39,3.49,0.39,0.39,0.39,0.39,0.39,1.07,0.39,0.39
20260703B26,平均落札価格（TSO別）[円/kW・30分],0.67,7.23,3.55,2.03,0.39,1.43,0.93,1.6,1.64,2.63
20260703B26,落札量合計（TSO別）[MW],62,123,444,67,62,160,148,47,179,1292
20260703B26,（内訳）自エリアからの落札量[MW],62,73.348,444,67,62,160,148,47,75.618,1138.966
20260703B27,募集量（TSO別）[MW],62,123,444,67,62,160,148,47,179,1292
20260703B27,応札量合計（電源属地別）[MW],146.75,100.175,590.869,167.847,77.744,179.293,248.395,205.86,168.604,1885.537
20260703B27,落札量合計（電源属地別）[MW],118,57.85,509.15,80.157,75.814,140.717,212.783,47,114.828,1356.299
20260703B27,応札件数（電源属地別）[件],4,16,64,48,4,19,24,9,33,221
20260703B27,落札件数（電源属地別）[件],2,4,40,7,3,6,6,5,8,81
20260703B27,最高落札価格（電源属地別）[円/kW・30分],1.01,14.55,14.78,7.5,0.39,1.85,2.13,1.9,2.6,14.78
20260703B27,最低落札価格（電源属地別）[円/kW・30分],0.76,3.31,0.39,1.12,0.39,0.39,0.39,1.07,0.39,0.39
20260703B27,平均落札価格（電源属地別）[円/kW・30分],0.94,7.33,3.51,1.65,0.39,0.9,1.32,1.58,0.95,2.27
20260703B27,最高落札価格（TSO別）[円/kW・30分],1.01,14.55,14.78,2.06,0.39,7.5,2.13,1.9,2.6,14.78
20260703B27,最低落札価格（TSO別）[円/kW・30分],0.76,0.39,0.8,1.12,0.39,0.39,0.39,1.07,0.39,0.39
20260703B27,平均落札価格（TSO別）[円/kW・30分],0.94,6.82,3.09,1.28,0.39,1.06,1.32,1.58,1.09,2.27
20260703B27,落札量合計（TSO別）[MW],118,123,444,67,62,167.688,148.611,47,179,1356.299
20260703B27,（内訳）自エリアからの落札量[MW],118,57.85,444,67,62,140.717,148.611,47,114.828,1200.006
20260703B28,募集量（TSO別）[MW],62,122,444,67,62,159,148,47,179,1290
20260703B28,応札量合計（電源属地別）[MW],188.25,110.845,449.134,167.847,61.93,179.293,238.793,205.86,165.604,1767.556
20260703B28,落札量合計（電源属地別）[MW],129,110.845,449.134,80.368,60,154.32,204.981,47,122.019,1357.667
20260703B28,応札件数（電源属地別）[件],6,17,65,48,3,19,24,9,32,223
20260703B28,落札件数（電源属地別）[件],4,17,65,7,2,7,7,4,12,125
20260703B28,最高落札価格（電源属地別）[円/kW・30分],10.3,15,15,7.5,0.39,7.88,3,1.9,4,15
20260703B28,最低落札価格（電源属地別）[円/kW・30分],0.78,3.3,0.39,0.5,0.39,0.39,0.39,1.07,0.39,0.39
20260703B28,平均落札価格（電源属地別）[円/kW・30分],1.02,8.28,3.66,2.56,0.39,1.51,1.33,1.6,1.55,2.72
20260703B28,最高落札価格（TSO別）[円/kW・30分],10.3,15,15,3.63,3.63,7.88,2.13,1.9,4,15
20260703B28,最低落札価格（TSO別）[円/kW・30分],0.78,1.85,0.39,0.5,0.39,0.39,0.39,1.07,0.39,0.39
20260703B28,平均落札価格（TSO別）[円/kW・30分],1.02,8.36,3.59,2.24,0.49,1.7,1.31,1.6,1.5,2.72
20260703B28,落札量合計（TSO別）[MW],129,115.979,444,67,62,165.688,148,47,179,1357.667
20260703B28,（内訳）自エリアからの落札量[MW],129,110.845,444,67,60,154.32,148,47,122.019,1282.184
20260703B29,募集量（TSO別）[MW],62,121,444,67,62,160,148,47,179,1290
20260703B29,応札量合計（電源属地別）[MW],192.168,86.845,419.435,184.208,76.732,178.627,209.902,205.86,166.454,1720.231
20260703B29,落札量合計（電源属地別）[MW],127,86.845,419.435,98.589,74.802,142.987,176.09,47,149.952,1322.7
20260703B29,応札件数（電源属地別）[件],8,15,58,48,4,20,21,9,34,217
20260703B29,落札件数（電源属地別）[件],3,15,58,8,3,8,4,3,25,127
20260703B29,最高落札価格（電源属地別）[円/kW・30分],1.1,15,15,7.5,0.39,7.88,1.56,1.9,7.99,15
20260703B29,最低落札価格（電源属地別）[円/kW・30分],1,3.13,0.39,0.55,0.39,0.39,1.2,1.07,0.39,0.39
20260703B29,平均落札価格（電源属地別）[円/kW・30分],1.03,8.59,2.89,2.8,0.39,1.04,1.27,1.61,1.92,2.37
20260703B29,最高落札価格（TSO別）[円/kW・30分],1.1,15,15,3.76,0.39,7.88,1.56,1.9,7.99,15
20260703B29,最低落札価格（TSO別）[円/kW・30分],1,3.13,0.39,2.91,0.39,0.39,1.2,1.07,0.39,0.39
20260703B29,平均落札価格（TSO別）[円/kW・30分],1.03,8.59,2.89,3.15,0.39,1.06,1.28,1.61,1.91,2.37
20260703B29,落札量合計（TSO別）[MW],127,86.845,419.435,67,62,167.44,166.98,47,179,1322.7
20260703B29,（内訳）自エリアからの落札量[MW],127,86.845,419.435,67,62,141.137,166.98,47,149.952,1267.349
20260703B30,募集量（TSO別）[MW],62,118,443,67,62,160,148,47,178,1285
20260703B30,応札量合計（電源属地別）[MW],168.168,74.179,400.377,184.208,74.34,87.851,210.154,203.86,166.454,1569.591
20260703B30,落札量合計（電源属地別）[MW],129,74.179,400.377,127.083,72.41,64.275,186.278,47,164.954,1265.556
20260703B30,応札件数（電源属地別）[件],8,13,56,48,4,15,21,9,34,208
20260703B30,落札件数（電源属地別）[件],6,13,56,23,3,3,9,4,33,150
20260703B30,最高落札価格（電源属地別）[円/kW・30分],10.4,15,15,10,0.39,7.88,9.89,1.8,10,15
20260703B30,最低落札価格（電源属地別）[円/kW・30分],1,2.53,0.39,0.54,0.39,1.38,1.19,0.36,0.39,0.36
20260703B30,平均落札価格（電源属地別）[円/kW・30分],2.87,8.39,4.27,4.39,0.39,3.24,1.71,0.97,2.71,3.41
20260703B30,最高落札価格（TSO別）[円/kW・30分],10.4,15,15,3.71,0.39,10,1.56,1.8,10,15
20260703B30,最低落札価格（TSO別）[円/kW・30分],1,2.53,0.39,0.54,0.39,0.39,1.19,0.36,0.39,0.36
20260703B30,平均落札価格（TSO別）[円/kW・30分],2.87,8.39,4.27,2.26,0.39,4.06,1.28,0.97,3.07,3.41
20260703B30,落札量合計（TSO別）[MW],129,74.179,400.377,67,62,160,148,47,178,1265.556
20260703B30,（内訳）自エリアからの落札量[MW],129,74.179,400.377,67,62,64.275,148,47,164.954,1156.785
20260703B31,募集量（TSO別）[MW],60,188,443,67,62,160,148,45,174,1347
20260703B31,応札量合計（電源属地別）[MW],158.168,76.845,422.786,174.194,80.93,87.851,175.344,203.86,168.254,1548.232
20260703B31,落札量合計（電源属地別）[MW],114.968,76.845,422.786,145.725,79,64.275,155.544,45,166.456,1270.599
20260703B31,応札件数（電源属地別）[件],7,15,59,46,4,15,18,9,35,208
20260703B31,落札件数（電源属地別）[件],6,15,59,36,3,3,8,3,34,167
20260703B31,最高落札価格（電源属地別）[円/kW・30分],13.4,15,15,13.2,0.39,7.88,10,1.8,10,15
20260703B31,最低落札価格（電源属地別）[円/kW・30分],1,4.54,0.39,0.7,0.39,1.38,1.26,0.36,0.39,0.36
20260703B31,平均落札価格（電源属地別）[円/kW・30分],2.77,8.93,4.26,5.79,0.39,3.24,1.86,1.06,3.11,3.73
20260703B31,最高落札価格（TSO別）[円/kW・30分],13.4,15,15,12.8,0.39,13.2,9.89,1.8,10,15
20260703B31,最低落札価格（TSO別）[円/kW・30分],1,2.44,0.39,0.7,0.39,0.39,1.26,0.36,0.39,0.36
20260703B31,平均落札価格（TSO別）[円/kW・30分],2.77,6.83,4.43,3.54,0.39,5.14,1.46,1.06,3.39,3.73
20260703B31,落札量合計（TSO別）[MW],114.968,113.845,385.786,67,62,160,148,45,174,1270.599
20260703B31,（内訳）自エリアからの落札量[MW],114.968,76.845,385.786,67,62,64.275,148,45,166.456,1130.33
20260703B32,募集量（TSO別）[MW],60,188,444,67,62,160,148,45,174,1348
20260703B32,応札量合計（電源属地別）[MW],160.158,64.845,467.097,156.671,61.93,87.851,175.344,181.86,172.254,1528.01
20260703B32,落札量合計（電源属地別）[MW],113.958,64.845,467.097,147.084,61.93,79.986,158.502,52,163.498,1308.9
20260703B32,応札件数（電源属地別）[件],8,14,62,45,3,15,18,9,35,209
20260703B32,落札件数（電源属地別）[件],7,14,62,40,3,11,9,4,31,181
20260703B32,最高落札価格（電源属地別）[円/kW・30分],13.4,15,15,13.29,9.6,13.85,9.89,1.8,9.9,15
20260703B32,最低落札価格（電源属地別）[円/kW・30分],1,4.69,0.39,0.84,0.39,1.38,1.67,0.36,1.05,0.36
20260703B32,平均落札価格（電源属地別）[円/kW・30分],2.57,9.57,3.02,6.55,0.68,4.55,2.21,1.55,3.51,3.59
20260703B32,最高落札価格（TSO別）[円/kW・30分],13.4,15,15,13.29,9.99,13.85,9.5,1.8,9.9,15
20260703B32,最低落札価格（TSO別）[円/kW・30分],1,0.39,0.43,3.68,0.39,0.84,1.67,0.36,1.05,0.36
20260703B32,平均落札価格（TSO別）[円/kW・30分],2.57,8.27,2.93,8.45,0.69,4.76,1.86,1.55,3.73,3.59
20260703B32,落札量合計（TSO別）[MW],113.958,87.942,444,67,62,160,148,52,174,1308.9
20260703B32,（内訳）自エリアからの落札量[MW],113.958,64.845,444,67,61.93,79.986,148,52,163.498,1195.217
20260703B33,募集量（TSO別）[MW],60,188,444,67,63,160,148,45,174,1349
20260703B33,応札量合計（電源属地別）[MW],160.158,64.845,479.2,156.671,61.93,87.851,156.873,197.86,228.254,1593.642
20260703B33,落札量合計（電源属地別）[MW],126.958,64.845,479.2,156.252,61.93,87.851,130.095,45,207.905,1360.036
20260703B33,応札件数（電源属地別）[件],8,14,64,45,3,15,19,8,35,211
20260703B33,落札件数（電源属地別）[件],8,14,64,45,3,15,5,3,24,181
20260703B33,最高落札価格（電源属地別）[円/kW・30分],13.4,15,15,15,9.6,14.98,15.75,1.8,4,15.75
20260703B33,最低落札価格（電源属地別）[円/kW・30分],1.01,5.09,0.39,0.69,0.39,1.35,3,0.82,0.76,0.39
20260703B33,平均落札価格（電源属地別）[円/kW・30分],4.05,9.69,3.7,6.48,0.7,5.65,14.89,1.65,3,5.22
20260703B33,最高落札価格（TSO別）[円/kW・30分],13.4,15,15,15,9.99,14.98,15.75,1.8,4,15.75
20260703B33,最低落札価格（TSO別）[円/kW・30分],1.01,0.39,0.49,0.72,0.39,0.69,2,0.82,0.76,0.39
20260703B33,平均落札価格（TSO別）[円/kW・30分],4.05,9.08,3.36,8.41,0.86,4.99,13.53,1.65,2.93,5.22
20260703B33,落札量合計（TSO別）[MW],126.958,100.045,444,83.033,63,160,148,45,190,1360.036
20260703B33,（内訳）自エリアからの落札量[MW],126.958,64.845,444,83.033,61.93,87.851,130.095,45,190,1233.712
20260703B34,募集量（TSO別）[MW],60,186,444,67,63,160,148,44,173,1345
20260703B34,応札量合計（電源属地別）[MW],236.19,65.31,437.377,318.106,61.93,87.851,186.863,165.86,227.254,1786.741
20260703B34,落札量合計（電源属地別）[MW],169.74,65.31,437.377,178.875,60,51.125,142.015,45,178.985,1328.427
20260703B34,応札件数（電源属地別）[件],9,14,63,56,3,15,20,7,36,223
20260703B34,落札件数（電源属地別）[件],7,14,63,12,2,3,3,3,16,123
20260703B34,最高落札価格（電源属地別）[円/kW・30分],4.82,15,15,7.5,1.74,1.35,14.79,1.8,4.05,15
20260703B34,最低落札価格（電源属地別）[円/kW・30分],1.34,4.6,0.39,0.77,1.54,1.35,0.39,0.36,1.45,0.36
20260703B34,平均落札価格（電源属地別）[円/kW・30分],3.42,9.43,3.2,1.78,1.66,1.35,11.4,1.58,3.53,4.07
20260703B34,最高落札価格（TSO別）[円/kW・30分],4.82,15,15,3.51,3.37,7.5,14.79,1.8,4.05,15
20260703B34,最低落札価格（TSO別）[円/kW・30分],1.34,4.6,0.39,0.82,1.54,0.77,0.39,0.36,1.45,0.36
20260703B34,平均落札価格（TSO別）[円/kW・30分],3.42,9.43,3.2,2.24,1.74,1.42,11.09,1.58,3.52,4.07
20260703B34,落札量合計（TSO別）[MW],169.74,65.31,437.377,67,63,160,148,45,173,1328.427
20260703B34,（内訳）自エリアからの落札量[MW],169.74,65.31,437.377,67,60,51.125,142.015,45,173,1210.567
20260703B35,募集量（TSO別）[MW],60,184,444,67,63,159,147,44,172,1340
20260703B35,応札量合計（電源属地別）[MW],236.19,78.81,477.702,333.898,61.93,96.113,186.863,197.86,226.254,1895.62
20260703B35,落札量合計（電源属地別）[MW],109,78.81,477.702,89.276,60,59.387,142.015,177.584,132,1325.774
20260703B35,応札件数（電源属地別）[件],9,16,63,54,3,16,20,8,36,225
20260703B35,落札件数（電源属地別）[件],5,16,63,5,2,4,3,6,7,111
20260703B35,最高落札価格（電源属地別）[円/kW・30分],4.82,15,15,1,1.82,1.38,14.77,1.9,4,15
20260703B35,最低落札価格（電源属地別）[円/kW・30分],1.35,3.73,0.39,0.77,1.62,0.39,0.39,0.36,1.4,0.36
20260703B35,平均落札価格（電源属地別）[円/kW・30分],2.58,8.66,3.23,0.87,1.74,1.24,11.37,0.96,3.31,3.76
20260703B35,最高落札価格（TSO別）[円/kW・30分],4.82,15,15,1,1.82,14.77,14.77,1.9,4,15
20260703B35,最低落札価格（TSO別）[円/kW・30分],1.35,0.39,0.53,0.82,0.77,0.36,0.36,0.36,0.36,0.36
20260703B35,平均落札価格（TSO別）[円/kW・30分],2.58,8.29,2.91,0.9,1.69,1.3,10.69,1.62,2.63,3.76
20260703B35,落札量合計（TSO別）[MW],109,112.512,444,67,63,167.262,147,44,172,1325.774
20260703B35,（内訳）自エリアからの落札量[MW],109,78.81,444,67,60,59.387,138.875,44,132,1133.072
20260703B36,募集量（TSO別）[MW],60,181,444,66,63,158,148,43,171,1334
20260703B36,応札量合計（電源属地別）[MW],236.19,75.314,459.886,328.499,61.93,87.851,156.873,197.86,225.254,1829.657
20260703B36,落札量合計（電源属地別）[MW],79,75.314,459.886,85.632,60,51.125,127.243,194,132,1264.2
20260703B36,応札件数（電源属地別）[件],9,14,61,51,3,15,19,8,36,216
20260703B36,落札件数（電源属地別）[件],4,14,61,4,2,3,4,6,7,105
20260703B36,最高落札価格（電源属地別）[円/kW・30分],4.4,15,15,0.87,2.36,1.57,14.5,1.9,4.25,15
20260703B36,最低落札価格（電源属地別）[円/kW・30分],1.51,3.6,0.39,0.69,2.17,1.38,3,0.36,1.65,0.36
20260703B36,平均落札価格（電源属地別）[円/kW・30分],1.93,8.32,3.22,0.76,2.28,1.56,13.74,1.04,3.57,3.93
20260703B36,最高落札価格（TSO別）[円/kW・30分],4.4,15,15,0.87,2.36,1.9,14.5,1.9,4.25,15
20260703B36,最低落札価格（TSO別）[円/kW・30分],1.51,3.6,0.39,0.69,0.69,0.36,0.36,1.8,0.36,0.36
20260703B36,平均落札価格（TSO別）[円/kW・30分],1.93,9.01,2.89,0.78,2.21,1.21,11.86,1.86,2.84,3.93
20260703B36,落札量合計（TSO別）[MW],79,91.2,444,66,63,158,148,44,171,1264.2
20260703B36,（内訳）自エリアからの落札量[MW],79,75.314,444,66,60,51.125,127.243,44,132,1078.682
20260703B37,募集量（TSO別）[MW],59,180,445,65,63,153,147,41,170,1323
20260703B37,応札量合計（電源属地別）[MW],246.458,78.81,466.326,338.001,61.93,85.891,182.902,197.86,191.366,1849.544
20260703B37,落札量合計（電源属地別）[MW],84,78.81,466.326,165.889,60,55.111,142.015,143,110,1305.151
20260703B37,応札件数（電源属地別）[件],10,16,64,53,3,14,18,8,31,217
20260703B37,落札件数（電源属地別）[件],6,16,64,12,2,6,3,4,6,119
20260703B37,最高落札価格（電源属地別）[円/kW・30分],4.45,15,15,4.8,2.61,7.8,14.35,1.8,4.29,15
20260703B37,最低落札価格（電源属地別）[円/kW・30分],1.52,3.58,0.39,0.7,2.42,1.38,0.84,0.36,1.69,0.36
20260703B37,平均落札価格（電源属地別）[円/kW・30分],2.19,8.61,3.3,1.6,2.53,2,11.04,0.74,3.65,3.84
20260703B37,最高落札価格（TSO別）[円/kW・30分],4.45,15,15,3.16,4.8,7.8,14.35,1.8,4.29,15
20260703B37,最低落札価格（TSO別）[円/kW・30分],1.52,3.17,0.39,0.7,0.7,0.75,0.36,0.36,0.36,0.36
20260703B37,平均落札価格（TSO別）[円/kW・30分],2.19,9.59,2.82,2.02,2.59,1.53,8.7,1.63,2.49,3.84
20260703B37,落札量合計（TSO別）[MW],84,100.136,445,65,63,153,182.015,43,170,1305.151
20260703B37,（内訳）自エリアからの落札量[MW],84,78.81,445,65,60,55.111,142.015,43,110,1082.936
20260703B38,募集量（TSO別）[MW],59,180,444,65,63,153,147,41,170,1322
20260703B38,応札量合計（電源属地別）[MW],220.158,65.31,479.478,329.939,61.93,85.891,182.902,197.86,191.366,1814.834
20260703B38,落札量合計（電源属地別）[MW],83,65.31,479.478,171.725,60,49.275,142.015,132.985,85,1268.788
20260703B38,応札件数（電源属地別）[件],10,14,66,52,3,14,18,8,31,216
20260703B38,落札件数（電源属地別）[件],5,14,66,15,2,2,3,4,5,116
20260703B38,最高落札価格（電源属地別）[円/kW・30分],4.15,15,15,7.24,2.66,1.85,14.34,1.8,3.79,15
20260703B38,最低落札価格（電源属地別）[円/kW・30分],1.66,4.35,0.39,0.78,2.47,1.38,0.89,0.36,1.8,0.36
20260703B38,平均落札価格（電源属地別）[円/kW・30分],2.22,9.35,3.15,1.78,2.58,1.83,11.04,0.77,3.49,3.8
20260703B38,最高落札価格（TSO別）[円/kW・30分],4.15,15,15,1.61,6,7.24,14.34,1.8,3.79,15
20260703B38,最低落札価格（TSO別）[円/kW・30分],1.66,4.35,0.39,0.78,2.47,0.83,0.36,0.36,0.36,0.36
20260703B38,平均落札価格（TSO別）[円/kW・30分],2.22,10.75,2.34,1.05,2.71,2.04,10.68,1.63,1.92,3.8
20260703B38,落札量合計（TSO別）[MW],83,100.788,444,65,63,153,147,43,170,1268.788
20260703B38,（内訳）自エリアからの落札量[MW],83,65.31,444,65,60,49.275,142.015,43,85,1036.6
20260703B39,募集量（TSO別）[MW],59,180,459,65,63,153,147,41,170,1337
20260703B39,応札量合計（電源属地別）[MW],120.158,78.81,468.298,328.039,45.494,86.001,182.902,197.86,189.551,1697.113
20260703B39,落札量合計（電源属地別）[MW],103.99,78.81,468.298,188.949,42.776,49.275,142.015,132.985,85,1292.098
20260703B39,応札件数（電源属地別）[件],7,16,65,51,3,14,18,8,30,212
20260703B39,落札件数（電源属地別）[件],6,16,65,10,2,2,3,4,5,113
20260703B39,最高落札価格（電源属地別）[円/kW・30分],13.4,15,15,3.13,3.22,1.57,14.05,1.8,3.8,15
20260703B39,最低落札価格（電源属地別）[円/kW・30分],1.44,3.57,0.39,0.69,3.03,1.57,1.46,0.36,1.8,0.36
20260703B39,平均落札価格（電源属地別）[円/kW・30分],2.23,8.61,3.26,1.53,3.11,1.57,10.87,0.77,3.5,3.78
20260703B39,最高落札価格（TSO別）[円/kW・30分],13.4,15,15,3.13,3.22,2.99,14.05,1.8,3.8,15
20260703B39,最低落札価格（TSO別）[円/kW・30分],1.44,3.57,0.39,0.84,0.69,0.69,0.36,0.36,0.36,0.36
20260703B39,平均落札価格（TSO別）[円/kW・30分],2.23,8.96,3.09,2.18,2.5,1.31,10.51,1.63,1.93,3.78
20260703B39,落札量合計（TSO別）[MW],103.99,88.108,459,65,63,153,147,43,170,1292.098
20260703B39,（内訳）自エリアからの落札量[MW],103.99,78.81,459,65,42.776,49.275,142.015,43,85,1068.866
20260703B40,募集量（TSO別）[MW],59,179,458,65,62,153,147,41,169,1333
20260703B40,応札量合計（電源属地別）[MW],120.158,78.81,454.893,328.039,58.816,87.851,154.884,197.86,187.536,1668.847
20260703B40,落札量合計（電源属地別）[MW],102.99,78.81,454.893,165.489,56.886,57.625,112.025,143,103.975,1275.693
20260703B40,応札件数（電源属地別）[件],7,16,65,52,3,15,18,8,29,213
20260703B40,落札件数（電源属地別）[件],6,16,65,14,2,7,2,4,6,122
20260703B40,最高落札価格（電源属地別）[円/kW・30分],13.4,15,15,5,2.41,7.5,14.46,1.8,4.25,15
20260703B40,最低落札価格（電源属地別）[円/kW・30分],1.77,3.18,0.39,0.91,2.22,1.38,10.62,0.36,1.65,0.36
20260703B40,平均落札価格（電源属地別）[円/kW・30分],2.49,8.47,3.31,1.57,2.33,2.23,13.92,0.74,3.51,3.91
20260703B40,最高落札価格（TSO別）[円/kW・30分],13.4,15,15,1.01,2.41,7.5,14.46,1.8,14.46,15
20260703B40,最低落札価格（TSO別）[円/kW・30分],1.77,3.18,0.39,0.91,1.01,1.01,0.36,0.36,0.36,0.36
20260703B40,平均落札価格（TSO別）[円/kW・30分],2.49,8.47,3.31,0.96,2.22,2.1,10.5,1.63,2.46,3.91
20260703B40,落札量合計（TSO別）[MW],102.99,78.81,454.893,65,62,153,147,43,169,1275.693
20260703B40,（内訳）自エリアからの落札量[MW],102.99,78.81,454.893,65,56.886,57.625,110.025,43,103.975,1073.204
20260703B41,募集量（TSO別）[MW],59,179,458,65,61,152,147,41,169,1331
20260703B41,応札量合計（電源属地別）[MW],184.448,78.81,386.433,334.066,61.93,82.043,186.674,197.86,218.355,1730.619
20260703B41,落札量合計（電源属地別）[MW],100.1,78.81,383.421,168.725,60,49.275,142.015,98.985,118,1199.331
20260703B41,応札件数（電源属地別）[件],9,16,66,50,3,12,20,8,33,217
20260703B41,落札件数（電源属地別）[件],5,16,65,12,2,2,3,4,6,115
20260703B41,最高落札価格（電源属地別）[円/kW・30分],4.5,15,15,7.39,2.4,1.28,14.47,1.8,3.95,15
20260703B41,最低落札価格（電源属地別）[円/kW・30分],2.36,2.58,0.39,1.05,2.21,1.28,0.39,0.36,1.74,0.36
20260703B41,平均落札価格（電源属地別）[円/kW・30分],2.61,8.25,3.62,1.45,2.32,1.28,11.07,0.91,3.58,4.03
20260703B41,最高落札価格（TSO別）[円/kW・30分],4.5,15,15,1.59,4.8,7.39,14.47,1.8,14.47,15
20260703B41,最低落札価格（TSO別）[円/kW・30分],2.36,2.58,0.39,1.13,2.21,1.05,0.36,0.36,0.36,0.36
20260703B41,平均落札価格（TSO別）[円/kW・30分],2.61,8.25,3.62,1.2,2.36,1.48,9.94,1.63,3.28,4.03
20260703B41,落札量合計（TSO別）[MW],100.1,78.81,383.421,65,61,152,147,43,169,1199.331
20260703B41,（内訳）自エリアからの落札量[MW],100.1,78.81,383.421,65,60,49.275,134.015,43,118,1031.621
20260703B42,募集量（TSO別）[MW],59,179,458,65,59,153,147,41,169,1330
20260703B42,応札量合計（電源属地別）[MW],260.218,76.814,342.247,339.82,61.93,82.043,186.674,197.86,218.355,1765.961
20260703B42,落札量合計（電源属地別）[MW],116.1,76.814,339.235,167.725,60,49.275,142.015,132.854,120,1204.018
20260703B42,応札件数（電源属地別）[件],11,15,64,54,3,12,20,8,33,220
20260703B42,落札件数（電源属地別）[件],6,15,63,14,2,2,3,4,7,116
20260703B42,最高落札価格（電源属地別）[円/kW・30分],4.82,15,15,7.39,1.84,1.28,14.75,1.8,4.05,15
20260703B42,最低落札価格（電源属地別）[円/kW・30分],1.48,3.58,0.39,0.76,1.64,1.28,0.39,0.36,1.45,0.36
20260703B42,平均落札価格（電源属地別）[円/kW・30分],2.84,8.45,3.87,1.92,1.76,1.28,11.35,0.77,3.3,4.06
20260703B42,最高落札価格（TSO別）[円/kW・30分],4.82,15,15,3.16,1.84,7.39,14.75,1.8,14.75,15
20260703B42,最低落札価格（TSO別）[円/kW・30分],1.48,3.58,0.39,0.85,1.64,0.76,0.36,0.36,0.36,0.36
20260703B42,平均落札価格（TSO別）[円/kW・30分],2.84,8.45,3.87,2.19,1.76,1.6,8.22,1.66,3.13,4.06
20260703B42,落札量合計（TSO別）[MW],116.1,76.814,339.235,65,59,153,183.869,42,169,1204.018
20260703B42,（内訳）自エリアからの落札量[MW],116.1,76.814,339.235,65,59,49.275,134.015,42,120,1001.439
20260703B43,募集量（TSO別）[MW],59,90,458,64,58,153,144,41,169,1236
20260703B43,応札量合計（電源属地別）[MW],219.158,90.81,409.983,242.036,65.134,107.463,188.663,199.86,229.94,1753.047
20260703B43,落札量合計（電源属地別）[MW],73.1,90.81,409.983,136.392,63.204,89.095,143.815,133.394,121,1260.793
20260703B43,応札件数（電源属地別）[件],10,17,65,43,4,16,21,9,36,221
20260703B43,落札件数（電源属地別）[件],3,17,65,12,3,9,4,5,7,125
20260703B43,最高落札価格（電源属地別）[円/kW・30分],3.81,15,15,7.5,1.84,7.88,14.85,1.8,3.99,15
20260703B43,最低落札価格（電源属地別）[円/kW・30分],1.32,2.1,0.39,0.8,1.44,0.39,0.36,0.36,1.39,0.36
20260703B43,平均落札価格（電源属地別）[円/kW・30分],1.61,7.82,3.66,1.41,1.57,2.52,11.32,0.78,3.24,3.94
20260703B43,最高落札価格（TSO別）[円/kW・30分],3.81,15,15,0.84,1.84,7.88,14.85,1.8,3.99,15
20260703B43,最低落札価格（TSO別）[円/kW・30分],1.32,2.1,0.39,0.8,1.44,0.36,0.36,0.36,0.36,0.36
20260703B43,平均落札価格（TSO別）[円/kW・30分],1.61,7.75,3.68,0.82,1.56,2.18,9.1,1.67,2.42,3.94
20260703B43,落札量合計（TSO別）[MW],73.1,90,410.793,64,58,172.612,180.288,43,169,1260.793
20260703B43,（内訳）自エリアからの落札量[MW],73.1,90,409.983,64,58,89.095,143.815,43,121,1091.993
20260703B44,募集量（TSO別）[MW],60,90,458,65,58,153,144,41,170,1239
20260703B44,応札量合計（電源属地別）[MW],271.658,90.81,416.127,242.036,67.404,170.63,188.663,199.86,178.54,1825.728
20260703B44,落札量合計（電源属地別）[MW],106,90.81,416.127,89.276,65.474,133.904,143.815,64.239,146.973,1256.618
20260703B44,応札件数（電源属地別）[件],11,17,66,43,4,19,21,9,35,225
20260703B44,落札件数（電源属地別）[件],3,17,66,5,3,7,4,5,22,132
20260703B44,最高落札価格（電源属地別）[円/kW・30分],3.7,15,15,0.84,2.02,1.57,14.76,1.8,4,15
20260703B44,最低落札価格（電源属地別）[円/kW・30分],1.1,2.27,0.39,0.67,1.62,0.39,0.39,0.36,1.17,0.36
20260703B44,平均落札価格（電源属地別）[円/kW・30分],2.1,7.9,3.71,0.76,1.76,0.84,11.26,1.26,3.11,3.93
20260703B44,最高落札価格（TSO別）[円/kW・30分],3.7,15,15,0.81,2.02,2.02,14.76,1.8,4,15
20260703B44,最低落札価格（TSO別）[円/kW・30分],1.1,2.27,0.39,0.67,1.62,0.39,0.36,0.36,0.36,0.36
20260703B44,平均落札価格（TSO別）[円/kW・30分],2.1,7.83,3.73,0.76,1.74,0.85,11.21,1.64,2.8,3.93
20260703B44,落札量合計（TSO別）[MW],106,90,416.937,65,58,161.681,144,45,170,1256.618
20260703B44,（内訳）自エリアからの落札量[MW],106,90,416.127,65,58,133.904,142.015,45,146.973,1203.019
20260703B45,募集量（TSO別）[MW],61,90,458,64,58,153,144,41,170,1239
20260703B45,応札量合計（電源属地別）[MW],207.388,90.81,398.309,266.874,61.93,194.575,188.663,199.86,178.54,1786.949
20260703B45,落札量合計（電源属地別）[MW],84,90.81,398.309,104.549,60,155.999,142.015,45,126.437,1207.119
20260703B45,応札件数（電源属地別）[件],9,17,66,47,3,20,21,9,35,227
20260703B45,落札件数（電源属地別）[件],1,17,66,5,2,7,3,5,11,117
20260703B45,最高落札価格（電源属地別）[円/kW・30分],1.16,15,15,2.98,1.64,1.85,14.85,1.8,3.52,15
20260703B45,最低落札価格（電源属地別）[円/kW・30分],1.16,2.59,0.39,0.59,1.44,0.39,0.39,0.36,1.06,0.36
20260703B45,平均落札価格（電源属地別）[円/kW・30分],1.16,8.04,4.33,1.17,1.56,0.85,11.45,1.64,2.89,4.11
20260703B45,最高落札価格（TSO別）[円/kW・30分],1.16,15,15,1.03,1.64,1.85,14.85,1.8,3.52,15
20260703B45,最低落札価格（TSO別）[円/kW・30分],1.16,2.59,0.39,0.59,1.44,0.39,0.39,0.36,0.65,0.36
20260703B45,平均落札価格（TSO別）[円/kW・30分],1.16,7.98,4.35,0.77,1.55,0.83,11.32,1.64,2.61,4.11
20260703B45,落札量合計（TSO別）[MW],84,90.002,399.117,64,58,153,144,45,170,1207.119
20260703B45,（内訳）自エリアからの落札量[MW],84,90.002,398.309,64,58,152.985,142.015,45,126.437,1160.748
20260703B46,募集量（TSO別）[MW],61,89,456,63,58,151,144,41,170,1233
20260703B46,応札量合計（電源属地別）[MW],160.108,90.81,300.209,247.957,26.93,198.908,180.516,199.86,178.54,1583.838
20260703B46,落札量合計（電源属地別）[MW],84,90.81,300.209,168.271,25,162.182,61.713,45,168.834,1106.019
20260703B46,応札件数（電源属地別）[件],8,17,59,46,2,20,22,10,35,219
20260703B46,落札件数（電源属地別）[件],1,17,59,13,1,8,4,4,30,137
20260703B46,最高落札価格（電源属地別）[円/kW・30分],1.05,15,15,5,0.88,7.2,14.77,1.8,7.3,15
20260703B46,最低落札価格（電源属地別）[円/kW・30分],1.05,2.4,0.39,0.59,0.88,0.39,1.56,0.36,1.06,0.36
20260703B46,平均落札価格（電源属地別）[円/kW・30分],1.05,7.96,4.13,1.06,0.88,0.91,7.43,1.64,3.32,3.16
20260703B46,最高落札価格（TSO別）[円/kW・30分],1.05,15,15,1.43,5,1.85,14.77,1.8,7.3,15
20260703B46,最低落札価格（TSO別）[円/kW・30分],1.05,2.4,0.39,0.59,0.59,0.39,0.39,0.36,0.66,0.36
20260703B46,平均落札価格（TSO別）[円/kW・30分],1.05,7.91,4.17,0.8,1.03,0.67,4.13,1.64,3.3,3.16
20260703B46,落札量合計（TSO別）[MW],84,89,302.019,63,58,151,144,45,170,1106.019
20260703B46,（内訳）自エリアからの落札量[MW],84,89,300.209,63,25,129.191,61.713,45,168.834,965.947
20260703B47,募集量（TSO別）[MW],61,88,454,62,57,150,143,41,169,1225
20260703B47,応札量合計（電源属地別）[MW],179.238,87.907,264.812,247.957,26.93,167.33,177.144,199.86,174.54,1525.718
20260703B47,落札量合計（電源属地別）[MW],100,87.907,263.704,132.592,25,136.265,144.608,45,165.228,1100.304
20260703B47,応札件数（電源属地別）[件],9,15,58,46,2,18,19,10,35,212
20260703B47,落札件数（電源属地別）[件],2,15,58,10,1,9,2,4,30,131
20260703B47,最高落札価格（電源属地別）[円/kW・30分],3.6,15,15,5,0.39,7.2,1.86,1.8,6.35,15
20260703B47,最低落札価格（電源属地別）[円/kW・30分],1.01,2.5,0.39,0.7,0.39,0.39,1.83,0.36,0.76,0.36
20260703B47,平均落札価格（電源属地別）[円/kW・30分],1.42,7.77,4.76,1.29,0.39,1.19,1.84,1.64,3,2.96
20260703B47,最高落札価格（TSO別）[円/kW・30分],3.6,15,15,1.39,5,7.2,1.86,1.8,6.35,15
20260703B47,最低落札価格（TSO別）[円/kW・30分],1.01,2.5,0.39,0.77,0.39,0.39,1.83,0.36,0.7,0.36
20260703B47,平均落札価格（TSO別）[円/kW・30分],1.42,7.77,4.76,1.02,1.39,1.15,1.84,1.64,2.96,2.96
20260703B47,落札量合計（TSO別）[MW],100,87.907,263.704,62,57,172.693,143,45,169,1100.304
20260703B47,（内訳）自エリアからの落札量[MW],100,87.907,263.704,62,25,136.265,143,45,165.228,1028.104
20260703B48,募集量（TSO別）[MW],61,87,452,59,56,148,142,41,169,1215
20260703B48,応札量合計（電源属地別）[MW],183.208,87.314,283.065,246.94,45.93,102.321,177.144,199.86,174.45,1500.232
20260703B48,落札量合計（電源属地別）[MW],84,87.314,279.957,176.867,44,82.504,146.408,45,163.079,1109.129
20260703B48,応札件数（電源属地別）[件],9,15,59,45,3,14,19,10,35,209
20260703B48,落札件数（電源属地別）[件],1,15,58,12,2,4,3,4,31,130
20260703B48,最高落札価格（電源属地別）[円/kW・30分],1.01,15,15,7.5,0.39,7.88,8,1.8,9.5,15
20260703B48,最低落札価格（電源属地別）[円/kW・30分],1.01,2.82,0.39,0.59,0.39,0.39,1.34,0.49,0.39,0.39
20260703B48,平均落札価格（電源属地別）[円/kW・30分],1.01,7.88,5.31,1.38,0.39,1.75,1.43,1.63,3.56,3.18
20260703B48,最高落札価格（TSO別）[円/kW・30分],1.01,15,15,1.38,0.95,7.88,1.36,1.8,9.5,15
20260703B48,最低落札価格（TSO別）[円/kW・30分],1.01,2.82,0.39,0.59,0.39,0.39,1.34,0.49,0.39,0.39
20260703B48,平均落札価格（TSO別）[円/kW・30分],1.01,7.87,5.31,0.81,0.51,1.75,1.35,1.63,3.55,3.18
20260703B48,落札量合計（TSO別）[MW],84,87,280.271,59,56,186.858,142,45,169,1109.129
20260703B48,（内訳）自エリアからの落札量[MW],84,87,279.957,59,44,82.504,142,45,163.079,986.54
20260704B01,募集量（TSO別）[MW],60,168,436,53,53,138,100,40,165,1213
20260704B01,応札量合計（電源属地別）[MW],122.058,63.747,429.312,143.361,45.93,142.081,165.921,198.86,165.223,1476.493
20260704B01,落札量合計（電源属地別）[MW],84,63.747,429.312,92.249,45.93,107.304,157.98,66.644,119.818,1166.984
20260704B01,応札件数（電源属地別）[件],8,9,46,30,3,17,7,9,30,159
20260704B01,落札件数（電源属地別）[件],1,9,46,9,3,6,3,4,9,90
20260704B01,最高落札価格（電源属地別）[円/kW・30分],1.01,15,15,3.34,1.5,1.53,2.13,1.8,2.99,15
20260704B01,最低落札価格（電源属地別）[円/kW・30分],1.01,2.59,0.39,0.69,0.39,0.39,1.03,0.36,0.74,0.36
20260704B01,平均落札価格（電源属地別）[円/kW・30分],1.01,6.28,4.3,1.83,0.44,0.93,1.2,0.46,2.67,2.71
20260704B01,最高落札価格（TSO別）[円/kW・30分],1.01,15,15,3.34,2.7,2.7,2.13,1.8,2.99,15
20260704B01,最低落札価格（TSO別）[円/kW・30分],1.01,2.59,0.39,0.69,0.39,0.36,1.03,0.36,0.74,0.36
20260704B01,平均落札価格（TSO別）[円/kW・30分],1.01,6.28,4.3,2.36,0.54,0.92,1.22,0.51,2.24,2.71
20260704B01,落札量合計（TSO別）[MW],84,63.747,429.312,53,53,176.925,100,42,165,1166.984
20260704B01,（内訳）自エリアからの落札量[MW],84,63.747,429.312,53,45.93,107.304,100,42,119.818,1045.111
20260704B02,募集量（TSO別）[MW],60,168,436,53,53,138,100,40,165,1213
20260704B02,応札量合計（電源属地別）[MW],129.374,98.31,412.199,123.763,45.93,171.64,173.863,198.86,165.223,1519.162
20260704B02,落札量合計（電源属地別）[MW],84,98.31,407.819,62.237,45.93,136.863,157.98,42,129.686,1164.825
20260704B02,応札件数（電源属地別）[件],9,17,50,37,3,18,11,9,30,184
20260704B02,落札件数（電源属地別）[件],1,17,48,10,3,7,3,4,14,107
20260704B02,最高落札価格（電源属地別）[円/kW・30分],1.01,15,14.99,5,1.3,1.33,2.13,1.8,4.57,15
20260704B02,最低落札価格（電源属地別）[円/kW・30分],1.01,2.67,0.39,0.45,0.39,0.39,0.92,0.38,0.39,0.38
20260704B02,平均落札価格（電源属地別）[円/kW・30分],1.01,7.26,4.84,1.64,0.43,0.74,1.1,0.52,1.85,2.94
20260704B02,最高落札価格（TSO別）[円/kW・30分],1.01,15,14.99,5,5,2.3,2.13,1.8,4.57,15
20260704B02,最低落札価格（TSO別）[円/kW・30分],1.01,2.67,0.39,0.45,0.39,0.39,0.92,0.38,0.39,0.38
20260704B02,平均落札価格（TSO別）[円/kW・30分],1.01,7.26,4.84,1.17,1.03,0.79,1.09,0.52,1.72,2.94
20260704B02,落札量合計（TSO別）[MW],84,98.31,407.819,53,53,161.696,100,42,165,1164.825
20260704B02,（内訳）自エリアからの落札量[MW],84,98.31,407.819,53,45.93,136.863,100,42,129.686,1097.608
20260704B03,募集量（TSO別）[MW],60,168,436,53,53,138,100,40,165,1213
20260704B03,応札量合計（電源属地別）[MW],122.058,98.31,449.483,141.984,80.93,151.444,173.863,198.86,168.523,1585.455
20260704B03,落札量合計（電源属地別）[MW],84,98.31,443.153,60.761,80.93,116.777,157.98,42,115.99,1199.901
20260704B03,応札件数（電源属地別）[件],8,17,53,38,4,16,11,9,32,188
20260704B03,落札件数（電源属地別）[件],1,17,50,5,4,5,3,4,7,96
20260704B03,最高落札価格（電源属地別）[円/kW・30分],1.01,15,14.99,2.7,1.13,1.64,2.13,1.8,1.46,15
20260704B03,最低落札価格（電源属地別）[円/kW・30分],1.01,2.64,0.39,0.46,0.39,0.39,0.59,0.38,0.39,0.38
20260704B03,平均落札価格（電源属地別）[円/kW・30分],1.01,7.23,4.64,1.18,0.41,0.91,0.8,0.61,1.21,2.8
20260704B03,最高落札価格（TSO別）[円/kW・30分],1.01,15,14.99,2.7,0.39,2.27,2.13,1.8,2.13,15
20260704B03,最低落札価格（TSO別）[円/kW・30分],1.01,2.64,0.39,0.46,0.39,0.39,0.59,0.38,0.39,0.38
20260704B03,平均落札価格（TSO別）[円/kW・30分],1.01,7.71,4.48,1.15,0.39,0.83,0.81,0.61,1.1,2.8
20260704B03,落札量合計（TSO別）[MW],84,105.463,436,53,53,161.438,100,42,165,1199.901
20260704B03,（内訳）自エリアからの落札量[MW],84,98.31,436,53,53,116.777,100,42,115.99,1099.077
20260704B04,募集量（TSO別）[MW],60,168,436,53,53,138,100,40,165,1213
20260704B04,応札量合計（電源属地別）[MW],143.068,98.31,510.679,129.684,80.93,151.444,177.635,198.86,170.325,1660.935
20260704B04,落札量合計（電源属地別）[MW],84,98.31,498.475,54.043,80.93,116.777,159.974,42,120.714,1255.223
20260704B04,応札件数（電源属地別）[件],9,17,61,40,4,16,13,9,33,202
20260704B04,落札件数（電源属地別）[件],1,17,55,5,4,5,4,4,10,105
20260704B04,最高落札価格（電源属地別）[円/kW・30分],1.01,15,14.99,3.4,1.3,1.64,3.22,1.8,4,15
20260704B04,最低落札価格（電源属地別）[円/kW・30分],1.01,2.68,0.39,0.65,0.39,0.39,0.57,0.38,0.39,0.38
20260704B04,平均落札価格（電源属地別）[円/kW・30分],1.01,7.27,4.18,1.26,0.41,0.91,0.81,0.62,1.11,2.7
20260704B04,最高落札価格（TSO別）[円/kW・30分],1.01,15,14.99,3.4,0.39,3.22,2.13,1.8,4,15
20260704B04,最低落札価格（TSO別）[円/kW・30分],1.01,0.39,0.75,0.65,0.39,0.39,0.57,0.38,0.39,0.38
20260704B04,平均落札価格（TSO別）[円/kW・30分],1.01,7.88,3.52,1.24,0.39,0.89,0.71,0.62,1.04,2.7
20260704B04,落札量合計（TSO別）[MW],84,160.785,436,53,53,161.438,100,42,165,1255.223
20260704B04,（内訳）自エリアからの落札量[MW],84,98.31,436,53,53,116.777,100,42,120.714,1103.801
20260704B05,募集量（TSO別）[MW],60,168,434,52,53,137,99,40,165,1208
20260704B05,応札量合計（電源属地別）[MW],162.058,96.312,498.797,113.792,80.93,125.503,190.362,198.86,169.012,1635.626
20260704B05,落札量合計（電源属地別）[MW],84,96.312,495.513,54.043,80.93,92.834,174.501,42,134.617,1254.75
20260704B05,応札件数（電源属地別）[件],9,16,56,32,4,14,14,9,32,186
20260704B05,落札件数（電源属地別）[件],1,16,54,5,4,4,6,4,14,108
20260704B05,最高落札価格（電源属地別）[円/kW・30分],1.01,15,14.99,2.98,1.6,1.64,3.16,1.8,4.27,15
20260704B05,最低落札価格（電源属地別）[円/kW・30分],1.01,2.76,0.39,0.46,0.39,0.39,0.39,0.38,0.39,0.38
20260704B05,平均落札価格（電源属地別）[円/kW・30分],1.01,7.2,4.35,1.13,0.42,1.05,0.87,0.6,1.41,2.78
20260704B05,最高落札価格（TSO別）[円/kW・30分],1.01,15,14.99,2.98,0.39,3.16,0.81,1.8,4.27,15
20260704B05,最低落札価格（TSO別）[円/kW・30分],1.01,2.76,0.39,0.46,0.39,0.39,0.39,0.38,0.39,0.38
20260704B05,平均落札価格（TSO別）[円/kW・30分],1.01,8.1,3.62,1.07,0.39,1,0.71,0.6,1.33,2.78
20260704B05,落札量合計（TSO別）[MW],84,157.825,434,52,53,167.925,99,42,165,1254.75
20260704B05,（内訳）自エリアからの落札量[MW],84,96.312,434,52,53,92.834,99,42,134.617,1087.763
20260704B06,募集量（TSO別）[MW],60,168,433,51,53,137,99,40,165,1206
20260704B06,応札量合計（電源属地別）[MW],146.998,96.314,510.725,127.704,80.93,127.501,190.362,198.86,169.012,1648.406
20260704B06,落札量合計（電源属地別）[MW],84,96.314,494.601,58.303,80.93,94.684,174.501,42,127.507,1252.84
20260704B06,応札件数（電源属地別）[件],9,16,61,39,4,15,14,9,32,199
20260704B06,落札件数（電源属地別）[件],1,16,53,8,4,5,6,4,13,110
20260704B06,最高落札価格（電源属地別）[円/kW・30分],1.01,15,14.99,5,4,0.63,3.15,1.8,4.63,15
20260704B06,最低落札価格（電源属地別）[円/kW・30分],1.01,2.77,0.39,0.42,0.39,0.39,0.39,0.38,0.39,0.38
20260704B06,平均落札価格（電源属地別）[円/kW・30分],1.01,7.21,4.31,1.55,0.48,0.52,1.03,0.55,1.39,2.77
20260704B06,最高落札価格（TSO別）[円/kW・30分],1.01,15,14.99,5,0.39,5,2.13,1.8,4.63,15
20260704B06,最低落札価格（TSO別）[円/kW・30分],1.01,0.39,0.39,0.42,0.39,0.39,0.39,0.38,0.39,0.38
20260704B06,平均落札価格（TSO別）[円/kW・30分],1.01,7.35,3.84,1.07,0.39,0.83,0.99,0.55,1.34,2.77
20260704B06,落札量合計（TSO別）[MW],84,157.915,433,51,53,167.925,99,42,165,1252.84
20260704B06,（内訳）自エリアからの落札量[MW],84,96.314,433,51,53,94.684,99,42,127.507,1080.505
20260704B07,募集量（TSO別）[MW],60,167,432,51,53,137,99,40,165,1204
20260704B07,応札量合計（電源属地別）[MW],162.058,111.31,512.724,130.585,80.93,129.45,203.243,196.86,173.702,1700.862
20260704B07,落札量合計（電源属地別）[MW],84,108.632,490.368,51,79,43.559,156.595,143.405,114,1270.559
20260704B07,応札件数（電源属地別）[件],9,17,62,40,4,16,21,8,35,212
20260704B07,落札件数（電源属地別）[件],1,17,52,4,3,2,3,4,6,92
20260704B07,最高落札価格（電源属地別）[円/kW・30分],1.01,15,14.99,4.8,0.39,0.39,1.06,1.8,1.42,15
20260704B07,最低落札価格（電源属地別）[円/kW・30分],1.01,2.76,0.39,0.44,0.39,0.39,0.39,0.38,0.39,0.38
20260704B07,平均落札価格（電源属地別）[円/kW・30分],1.01,7.68,4.32,1.07,0.39,0.39,0.93,0.64,1.17,2.76
20260704B07,最高落札価格（TSO別）[円/kW・30分],1.01,15,14.99,4.8,0.39,0.9,1.06,1.8,1.42,15
20260704B07,最低落札価格（TSO別）[円/kW・30分],1.01,2.76,0.39,0.44,0.39,0.39,0.39,0.38,0.39,0.38
20260704B07,平均落札価格（TSO別）[円/kW・30分],1.01,7.23,4.04,1.07,0.39,0.53,0.9,0.71,1.12,2.76
20260704B07,落札量合計（TSO別）[MW],84,167,432,51,53,174.559,99,45,165,1270.559
20260704B07,（内訳）自エリアからの落札量[MW],84,108.632,432,51,53,43.559,99,45,114,1030.191
20260704B08,募集量（TSO別）[MW],60,167,433,51,53,137,99,40,166,1206
20260704B08,応札量合計（電源属地別）[MW],210.358,112.81,510.804,130.585,70.484,131.41,203.243,196.86,172.556,1739.11
20260704B08,落札量合計（電源属地別）[MW],84,108.35,491.65,51,68.554,53.41,156.595,146,114,1273.559
20260704B08,応札件数（電源属地別）[件],10,18,61,40,4,17,21,8,34,213
20260704B08,落札件数（電源属地別）[件],1,18,52,4,3,5,3,4,6,96
20260704B08,最高落札価格（電源属地別）[円/kW・30分],1.01,15,14.99,4.8,0.39,1.33,1.06,1.8,1.48,15
20260704B08,最低落札価格（電源属地別）[円/kW・30分],1.01,2.69,0.39,0.63,0.39,0.39,0.39,0.38,0.39,0.38
20260704B08,平均落札価格（電源属地別）[円/kW・30分],1.01,7.6,4.19,1.22,0.39,0.56,0.93,0.62,1.21,2.72
20260704B08,最高落札価格（TSO別）[円/kW・30分],1.01,15,14.99,4.8,0.39,1.33,1.06,1.8,1.48,15
20260704B08,最低落札価格（TSO別）[円/kW・30分],1.01,0.39,0.39,0.63,0.39,0.39,0.39,0.38,0.39,0.38
20260704B08,平均落札価格（TSO別）[円/kW・30分],1.01,7.01,3.96,1.22,0.39,0.58,0.96,0.71,1.1,2.72
20260704B08,落札量合計（TSO別）[MW],84,167,433,51,53,174.559,99,46,166,1273.559
20260704B08,（内訳）自エリアからの落札量[MW],84,108.35,433,51,53,53.41,99,46,114,1041.76
20260704B09,募集量（TSO別）[MW],60,167,434,51,53,138,99,41,166,1209
20260704B09,応札量合計（電源属地別）[MW],210.358,112.81,476.204,130.585,65.088,131.41,203.243,196.86,177.384,1703.942
20260704B09,落札量合計（電源属地別）[MW],84,112.81,461.001,51,63.158,53.146,158.395,149.86,114,1247.37
20260704B09,応札件数（電源属地別）[件],10,18,60,40,4,17,21,8,37,215
20260704B09,落札件数（電源属地別）[件],1,18,53,4,3,4,4,6,6,99
20260704B09,最高落札価格（電源属地別）[円/kW・30分],1.01,15,14.99,4.8,0.39,1.64,1.63,1.8,1.43,15
20260704B09,最低落札価格（電源属地別）[円/kW・30分],1.01,2.69,0.39,0.52,0.39,0.39,0.39,0.36,0.39,0.36
20260704B09,平均落札価格（電源属地別）[円/kW・30分],1.01,7.89,4.45,1.18,0.39,0.6,1,0.52,1.18,2.82
20260704B09,最高落札価格（TSO別）[円/kW・30分],1.01,15,14.99,4.8,0.39,1.64,1.13,1.8,1.63,15
20260704B09,最低落札価格（TSO別）[円/kW・30分],1.01,0.39,0.39,0.52,0.39,0.36,0.39,0.38,0.39,0.36
20260704B09,平均落札価格（TSO別）[円/kW・30分],1.01,7.19,4.46,1.18,0.39,0.5,1.03,0.74,1.11,2.82
20260704B09,落札量合計（TSO別）[MW],84,139.81,434.001,51,53,174.559,99,46,166,1247.37
20260704B09,（内訳）自エリアからの落札量[MW],84,112.81,434.001,51,53,53.146,99,46,114,1046.957
20260704B10,募集量（TSO別）[MW],60,167,435,51,53,138,99,41,166,1210
20260704B10,応札量合計（電源属地別）[MW],162.058,112.81,479.974,121.068,61.93,131.41,203.243,196.86,176.384,1645.737
20260704B10,落札量合計（電源属地別）[MW],84,112.81,462.921,51,60,62.964,156.595,147,114,1251.29
20260704B10,応札件数（電源属地別）[件],9,18,62,39,3,17,21,8,36,213
20260704B10,落札件数（電源属地別）[件],1,18,54,8,2,5,3,4,6,101
20260704B10,最高落札価格（電源属地別）[円/kW・30分],1.01,15,14.99,5,0.39,1.28,1.14,1.8,1.51,15
20260704B10,最低落札価格（電源属地別）[円/kW・30分],1.01,2.69,0.39,0.41,0.39,0.39,0.39,0.36,0.39,0.36
20260704B10,平均落札価格（電源属地別）[円/kW・30分],1.01,7.89,4.48,1.45,0.39,0.66,1.01,0.5,1.27,2.85
20260704B10,最高落札価格（TSO別）[円/kW・30分],1.01,15,14.99,5,0.39,1.28,1.14,1.8,1.51,15
20260704B10,最低落札価格（TSO別）[円/kW・30分],1.01,0.39,0.39,0.41,0.39,0.36,0.39,0.36,0.39,0.36
20260704B10,平均落札価格（TSO別）[円/kW・30分],1.01,7.77,4.3,1.45,0.39,0.51,0.98,0.71,1.2,2.85
20260704B10,落札量合計（TSO別）[MW],84,140.731,435,51,53,175.559,99,47,166,1251.29
20260704B10,（内訳）自エリアからの落札量[MW],84,112.81,435,51,53,62.964,99,47,114,1058.774
20260704B11,募集量（TSO別）[MW],60,167,435,51,53,138,99,41,166,1210
20260704B11,応札量合計（電源属地別）[MW],206.528,112.81,523.12,124.058,68.554,131.41,190.516,196.86,168.734,1722.59
20260704B11,落札量合計（電源属地別）[MW],84,97.932,504.068,51,66.624,67.633,145.668,147,114,1277.925
20260704B11,応札件数（電源属地別）[件],10,18,63,41,4,17,20,8,35,216
20260704B11,落札件数（電源属地別）[件],1,11,54,8,3,5,3,4,6,95
20260704B11,最高落札価格（電源属地別）[円/kW・30分],1.01,15,14.99,7.5,0.39,1.26,1.19,1.8,1.35,15
20260704B11,最低落札価格（電源属地別）[円/kW・30分],1.01,2.91,0.39,0.51,0.39,0.39,0.75,0.36,0.39,0.36
20260704B11,平均落札価格（電源属地別）[円/kW・30分],1.01,7.06,4.93,1.46,0.39,0.7,1.11,0.47,1.09,2.94
20260704B11,最高落札価格（TSO別）[円/kW・30分],1.01,15,14.5,7.5,0.39,1.26,1.19,1.8,1.35,15
20260704B11,最低落札価格（TSO別）[円/kW・30分],1.01,2.91,0.39,0.51,0.39,0.36,1.03,0.36,0.36,0.36
20260704B11,平均落札価格（TSO別）[円/kW・30分],1.01,8.89,3.88,1.46,0.39,0.49,1.11,0.71,1.07,2.94
20260704B11,落札量合計（TSO別）[MW],84,167,435,51,53,175.925,99,47,166,1277.925
20260704B11,（内訳）自エリアからの落札量[MW],84,97.932,435,51,53,67.633,99,47,114,1048.565
20260704B12,募集量（TSO別）[MW],60,167,435,51,53,138,99,41,166,1210
20260704B12,応札量合計（電源属地別）[MW],188.594,110.814,504.6,100.749,77.034,155.353,203.243,196.86,176.384,1713.631
20260704B12,落札量合計（電源属地別）[MW],94,110.814,485.548,69.917,77.034,102.679,84.725,147,114,1285.717
20260704B12,応札件数（電源属地別）[件],11,17,61,39,4,18,21,8,36,215
20260704B12,落札件数（電源属地別）[件],2,17,52,27,4,6,2,4,6,120
20260704B12,最高落札価格（電源属地別）[円/kW・30分],1.01,15,14.99,10,0.7,1.26,0.92,1.8,0.86,15
20260704B12,最低落札価格（電源属地別）[円/kW・30分],0.46,3.75,0.39,1.85,0.39,0.39,0.39,0.38,0.39,0.38
20260704B12,平均落札価格（電源属地別）[円/kW・30分],0.95,8.81,6.44,6.4,0.4,0.69,0.84,0.6,0.65,3.87
20260704B12,最高落札価格（TSO別）[円/kW・30分],1.01,15,14.99,10,0.39,1.26,0.92,1.8,0.86,15
20260704B12,最低落札価格（TSO別）[円/kW・30分],0.46,0.39,0.39,1.85,0.39,0.39,0.39,0.38,0.39,0.38
20260704B12,平均落札価格（TSO別）[円/kW・30分],0.95,9.33,5.97,6.4,0.39,0.61,0.79,0.74,0.62,3.87
20260704B12,落札量合計（TSO別）[MW],94,161.362,435,69.917,53,160.438,99,47,166,1285.717
20260704B12,（内訳）自エリアからの落札量[MW],94,110.814,435,69.917,53,102.679,84.725,47,114,1111.135
20260704B13,募集量（TSO別）[MW],61,176,455,60,56,152,101,43,169,1273
20260704B13,応札量合計（電源属地別）[MW],196.058,112.81,507.6,85.33,80.93,131.41,203.243,199.86,176.493,1693.734
20260704B13,落札量合計（電源属地別）[MW],94,112.81,504.628,60,79,66.47,156.595,152.86,114,1340.363
20260704B13,応札件数（電源属地別）[件],10,18,64,40,4,17,21,8,36,218
20260704B13,落札件数（電源属地別）[件],2,18,63,31,3,4,3,6,6,136
20260704B13,最高落札価格（電源属地別）[円/kW・30分],1.01,15,14.99,13,0.39,1.64,1.03,1.8,0.81,15
20260704B13,最低落札価格（電源属地別）[円/kW・30分],1,3.74,0.39,9.3,0.39,0.39,0.39,0.38,0.39,0.38
20260704B13,平均落札価格（電源属地別）[円/kW・30分],1.01,8.91,6.98,10.05,0.39,0.81,0.9,0.51,0.6,4.18
20260704B13,最高落札価格（TSO別）[円/kW・30分],1.01,15,14.99,13,0.39,1.64,1.03,1.8,1.03,15
20260704B13,最低落札価格（TSO別）[円/kW・30分],1,2.32,0.39,9.3,0.39,0.39,0.39,0.38,0.39,0.38
20260704B13,平均落札価格（TSO別）[円/kW・30分],1.01,9.79,6.45,10.05,0.39,0.56,0.87,0.67,0.72,4.18
20260704B13,落札量合計（TSO別）[MW],94,162.438,455,60,56,192.925,101,50,169,1340.363
20260704B13,（内訳）自エリアからの落札量[MW],94,112.81,455,60,56,66.47,101,50,114,1109.28
20260704B14,募集量（TSO別）[MW],61,182,463,63,57,155,102,44,171,1298
20260704B14,応札量合計（電源属地別）[MW],196.058,109.345,490.506,85.33,80.93,131.41,203.243,199.86,176.493,1673.175
20260704B14,落札量合計（電源属地別）[MW],114,109.345,490.506,63,80.93,109.684,178.459,49,154.852,1349.776
20260704B14,応札件数（電源属地別）[件],10,16,64,40,4,17,21,8,36,216
20260704B14,落札件数（電源属地別）[件],3,16,64,33,4,6,8,3,25,162
20260704B14,最高落札価格（電源属地別）[円/kW・30分],1.01,15,15,13.2,8.8,7.88,9,1.8,9.3,15
20260704B14,最低落札価格（電源属地別）[円/kW・30分],0.78,3.89,0.39,9.3,0.39,0.39,0.39,0.38,0.39,0.38
20260704B14,平均落札価格（電源属地別）[円/kW・30分],0.94,8.96,7.25,10.32,0.59,2.07,0.76,0.67,1.84,4.46
20260704B14,最高落札価格（TSO別）[円/kW・30分],1.01,15,15,13.2,0.39,9,0.39,1.8,9.3,15
20260704B14,最低落札価格（TSO別）[円/kW・30分],0.78,0.39,0.39,9.3,0.39,0.39,0.39,0.38,0.39,0.38
20260704B14,平均落札価格（TSO別）[円/kW・30分],0.94,8.35,7.33,10.32,0.39,1.65,0.39,0.67,1.83,4.46
20260704B14,落札量合計（TSO別）[MW],114,136.851,463,63,57,193.925,102,49,171,1349.776
20260704B14,（内訳）自エリアからの落札量[MW],114,109.345,463,63,57,109.684,102,49,154.852,1221.881
20260704B15,募集量（TSO別）[MW],62,187,469,66,58,159,103,44,172,1320
20260704B15,応札量合計（電源属地別）[MW],242.408,110.845,489.916,87.29,80.93,116.41,193.632,199.86,168.782,1690.073
20260704B15,落札量合計（電源属地別）[MW],85,110.845,489.916,87.29,80.93,116.41,161.096,50,114,1295.487
20260704B15,応札件数（電源属地別）[件],10,17,64,41,4,16,21,8,35,216
20260704B15,落札件数（電源属地別）[件],3,17,64,41,4,16,4,3,6,158
20260704B15,最高落札価格（電源属地別）[円/kW・30分],1,15,15,14.8,9,13.85,2.13,1.8,0.39,15
20260704B15,最低落札価格（電源属地別）[円/kW・30分],0.62,3.98,0.39,9.3,0.39,0.39,0.39,0.38,0.39,0.38
20260704B15,平均落札価格（電源属地別）[円/kW・30分],0.84,9.12,7.2,11.49,0.6,3.38,0.55,0.69,0.39,4.8
20260704B15,最高落札価格（TSO別）[円/kW・30分],1,15,15,14.7,0.39,14.8,2.13,1.8,2.13,15
20260704B15,最低落札価格（TSO別）[円/kW・30分],0.62,0.39,0.39,9.3,0.39,0.39,0.39,0.38,0.39,0.38
20260704B15,平均落札価格（TSO別）[円/kW・30分],0.84,9.46,7.02,11.34,0.39,4.2,0.56,0.69,0.43,4.8
20260704B15,落札量合計（TSO別）[MW],85,131.761,469,66,58,160.63,103.096,50,172,1295.487
20260704B15,（内訳）自エリアからの落札量[MW],85,110.845,469,66,58,116.41,103.096,50,114,1172.351
20260704B16,募集量（TSO別）[MW],62,191,473,68,59,162,104,44,173,1336
20260704B16,応札量合計（電源属地別）[MW],194.108,63.345,488.3,89.289,80.93,140.353,193.632,199.86,168.782,1618.599
20260704B16,落札量合計（電源属地別）[MW],68,63.345,488.3,81.155,80.93,140.353,162.096,51,115,1250.179
20260704B16,応札件数（電源属地別）[件],9,13,64,42,4,17,21,8,35,213
20260704B16,落札件数（電源属地別）[件],3,13,64,38,4,17,5,3,7,154
20260704B16,最高落札価格（電源属地別）[円/kW・30分],1.01,15,15,13.89,12.28,13.85,3,1.8,3.13,15
20260704B16,最低落札価格（電源属地別）[円/kW・30分],0.39,6.43,0.39,9.99,0.39,0.39,0.39,0.38,0.39,0.38
20260704B16,平均落札価格（電源属地別）[円/kW・30分],0.7,10.99,7.43,11.85,0.67,2.98,0.65,0.71,0.41,4.8
20260704B16,最高落札価格（TSO別）[円/kW・30分],1.01,15,15,13.88,0.39,13.89,2.13,1.8,3.13,15
20260704B16,最低落札価格（TSO別）[円/kW・30分],0.39,0.39,0.39,9.99,0.39,0.39,0.39,0.38,0.39,0.38
20260704B16,平均落札価格（TSO別）[円/kW・30分],0.7,9.3,7.6,11.77,0.39,3.48,0.61,0.71,0.52,4.8
20260704B16,落札量合計（TSO別）[MW],68,78.645,473,68,59,175.438,104.096,51,173,1250.179
20260704B16,（内訳）自エリアからの落札量[MW],68,63.345,473,68,59,140.353,104.096,51,115,1141.794
20260704B17,募集量（TSO別）[MW],62,191,473,68,59,162,104,44,173,1336
20260704B17,応札量合計（電源属地別）[MW],208.408,64.845,486.402,109.5,45.93,155.353,191.345,199.86,178.43,1640.073
20260704B17,落札量合計（電源属地別）[MW],62,64.845,486.402,108.721,45.93,155.353,158.809,51,123.181,1256.241
20260704B17,応札件数（電源属地別）[件],9,14,64,44,3,18,21,8,37,218
20260704B17,落札件数（電源属地別）[件],3,14,64,44,3,18,4,3,10,163
20260704B17,最高落札価格（電源属地別）[円/kW・30分],1.01,15,15,14.8,12.5,13.85,2.13,1.8,2,15
20260704B17,最低落札価格（電源属地別）[円/kW・30分],0.98,6.43,0.39,0.39,0.39,0.39,0.39,0.38,0.39,0.38
20260704B17,平均落札価格（電源属地別）[円/kW・30分],0.99,11.12,8.4,10.01,0.9,3.44,0.61,0.71,0.5,5.36
20260704B17,最高落札価格（TSO別）[円/kW・30分],1.01,15,15,14.8,13.48,14,2.13,1.8,2.13,15
20260704B17,最低落札価格（TSO別）[円/kW・30分],0.98,6.43,0.39,0.39,0.39,0.39,0.39,0.38,0.39,0.38
20260704B17,平均落札価格（TSO別）[円/kW・30分],0.99,11.29,8.3,8.59,3.38,4.81,0.5,0.71,0.61,5.36
20260704B17,落札量合計（TSO別）[MW],62,78.247,473,68,59,183.004,108.99,51,173,1256.241
20260704B17,（内訳）自エリアからの落札量[MW],62,64.845,473,68,45.93,155.353,108.99,51,123.181,1152.299
20260704B18,募集量（TSO別）[MW],62,191,473,68,59,162,104,44,173,1336
20260704B18,応札量合計（電源属地別）[MW],160.108,61.349,485.968,91.279,45.93,131.41,191.062,199.86,178.43,1545.396
20260704B18,落札量合計（電源属地別）[MW],62,61.349,485.968,90,45.93,131.41,160.326,51,127.664,1215.647
20260704B18,応札件数（電源属地別）[件],8,12,64,43,3,17,21,8,37,213
20260704B18,落札件数（電源属地別）[件],2,12,64,43,3,17,5,3,13,162
20260704B18,最高落札価格（電源属地別）[円/kW・30分],1.01,15,15,15,13,14.96,3,1.8,3.98,15
20260704B18,最低落札価格（電源属地別）[円/kW・30分],1,6.43,0.39,9.99,0.39,0.39,0.39,0.38,0.39,0.38
20260704B18,平均落札価格（電源属地別）[円/kW・30分],1.01,11.46,7.32,12.12,0.92,4.13,1.03,0.69,0.78,5.18
20260704B18,最高落札価格（TSO別）[円/kW・30分],1.01,15,15,14.8,13.8,15,2.13,1.8,3.98,15
20260704B18,最低落札価格（TSO別）[円/kW・30分],1,0.39,0.39,9.99,0.39,0.39,0.39,0.38,0.39,0.38
20260704B18,平均落札価格（TSO別）[円/kW・30分],1.01,11.21,7.24,12.21,3.26,4.64,0.97,0.69,0.88,5.18
20260704B18,落札量合計（TSO別）[MW],62,74.317,473,68,57.769,141.571,114.99,51,173,1215.647
20260704B18,（内訳）自エリアからの落札量[MW],62,61.349,473,68,45.93,131.41,114.99,51,127.664,1135.343
20260704B19,募集量（TSO別）[MW],62,118,462,73,61,161,108,46,177,1268
20260704B19,応札量合計（電源属地別）[MW],196.058,65.495,484.528,91.279,45.93,131.41,189.856,165.86,178.43,1548.846
20260704B19,落札量合計（電源属地別）[MW],62,65.495,484.528,88.07,45.93,105.505,163.078,119.392,157.94,1291.938
20260704B19,応札件数（電源属地別）[件],10,13,63,43,3,17,21,7,37,214
20260704B19,落札件数（電源属地別）[件],3,13,63,42,3,5,7,4,26,166
20260704B19,最高落札価格（電源属地別）[円/kW・30分],1.01,15,15,14.8,12.85,7.88,3,1.8,6.11,15
20260704B19,最低落札価格（電源属地別）[円/kW・30分],0.39,6,0.39,9.9,0.39,0.39,0.39,0.38,0.39,0.38
20260704B19,平均落札価格（電源属地別）[円/kW・30分],0.67,9.92,7.25,11.96,0.91,1.87,1.14,0.83,1.5,4.66
20260704B19,最高落札価格（TSO別）[円/kW・30分],1.01,15,15,14.8,14.8,7.88,2.13,1.8,6.11,15
20260704B19,最低落札価格（TSO別）[円/kW・30分],0.39,0.39,0.39,9.9,0.39,0.38,0.38,0.38,0.39,0.38
20260704B19,平均落札価格（TSO別）[円/kW・30分],0.67,8.42,7.4,11.83,3.79,1.42,0.84,1.55,1.46,4.66
20260704B19,落札量合計（TSO別）[MW],62,88.023,462,73,61,201.925,120.99,46,177,1291.938
20260704B19,（内訳）自エリアからの落札量[MW],62,65.495,462,73,45.93,105.505,84.99,46,157.94,1102.86
20260704B20,募集量（TSO別）[MW],63,119,462,73,61,161,108,46,178,1271
20260704B20,応札量合計（電源属地別）[MW],244.358,65.495,491.755,91.279,45.93,131.41,187.531,165.86,178.43,1602.048
20260704B20,落札量合計（電源属地別）[MW],128,65.495,491.755,91.279,45.93,131.41,170.163,80.792,174.04,1378.864
20260704B20,応札件数（電源属地別）[件],11,13,64,43,3,17,21,7,37,216
20260704B20,落札件数（電源属地別）[件],4,13,64,43,3,17,12,4,35,195
20260704B20,最高落札価格（電源属地別）[円/kW・30分],1.01,15,15,14.8,1.48,13.85,10.77,1.9,11,15
20260704B20,最低落札価格（電源属地別）[円/kW・30分],0.39,6.27,0.39,9.98,0.39,0.39,0.39,0.36,0.39,0.36
20260704B20,平均落札価格（電源属地別）[円/kW・30分],0.83,10.01,7.27,11.9,0.44,3.92,1.83,1.39,2.37,4.93
20260704B20,最高落札価格（TSO別）[円/kW・30分],1.01,15,15,14.8,13.2,13.9,10.77,1.9,11,15
20260704B20,最低落札価格（TSO別）[円/kW・30分],0.39,0.39,0.39,9.99,0.39,0.39,0.36,0.36,0.39,0.36
20260704B20,平均落札価格（TSO別）[円/kW・30分],0.83,10.87,6.91,11.9,2.62,4.32,1.54,1.64,2.53,4.93
20260704B20,落札量合計（TSO別）[MW],128,95.25,462,73,54.833,140.786,181.995,65,178,1378.864
20260704B20,（内訳）自エリアからの落札量[MW],128,65.495,462,73,43.93,131.41,166.203,65,174.04,1309.078
20260704B21,募集量（TSO別）[MW],63,121,462,73,61,161,109,47,179,1276
20260704B21,応札量合計（電源属地別）[MW],196.058,65.495,482.956,79.285,45.93,131.41,187.177,165.86,176.93,1531.101
20260704B21,落札量合計（電源属地別）[MW],129,65.495,482.956,79.285,45.93,131.41,175.109,69.592,176.93,1355.707
20260704B21,応札件数（電源属地別）[件],10,13,63,41,3,17,21,7,36,211
20260704B21,落札件数（電源属地別）[件],3,13,63,41,3,17,15,4,36,195
20260704B21,最高落札価格（電源属地別）[円/kW・30分],1.01,15,15,14.8,6.8,13.85,12,1.9,9.5,15
20260704B21,最低落札価格（電源属地別）[円/kW・30分],0.39,6.43,0.39,9.8,0.39,0.39,0.39,0.38,0.39,0.38
20260704B21,平均落札価格（電源属地別）[円/kW・30分],0.85,10.1,7.31,11.03,0.66,3.58,1.83,1.56,2.41,4.82
20260704B21,最高落札価格（TSO別）[円/kW・30分],1.01,15,14.99,14.8,6.8,13.85,12,1.9,9.5,15
20260704B21,最低落札価格（TSO別）[円/kW・30分],0.39,3.35,0.39,9.8,0.39,0.39,0.38,0.38,0.39,0.38
20260704B21,平均落札価格（TSO別）[円/kW・30分],0.85,10.59,7.09,10.99,0.67,3.89,1.63,1.62,2.57,4.82
20260704B21,落札量合計（TSO別）[MW],129,86.451,462,73,43.93,139.695,174.641,66,180.99,1355.707
20260704B21,（内訳）自エリアからの落札量[MW],129,65.495,462,73,43.93,131.41,171.049,66,176.93,1318.814
20260704B22,募集量（TSO別）[MW],63,122,462,73,61,161,110,47,179,1278
20260704B22,応札量合計（電源属地別）[MW],202.858,65.495,482.034,81.279,45.93,131.41,188.55,165.86,176.93,1540.346
20260704B22,落札量合計（電源属地別）[MW],63,65.495,482.034,73,45.93,114.923,159.808,115.792,172.462,1292.444
20260704B22,応札件数（電源属地別）[件],9,13,63,42,3,17,21,7,36,211
20260704B22,落札件数（電源属地別）[件],2,13,63,38,3,9,6,5,34,173
20260704B22,最高落札価格（電源属地別）[円/kW・30分],0.98,15,15,13.86,1.36,12.5,3.96,1.9,9,15
20260704B22,最低落札価格（電源属地別）[円/kW・30分],0.39,6.27,0.39,9.5,0.39,0.39,0.39,0.39,0.39,0.39
20260704B22,平均落札価格（電源属地別）[円/kW・30分],0.66,10.01,7.57,10.59,0.43,2.53,1.09,1.09,2.13,4.72
20260704B22,最高落札価格（TSO別）[円/kW・30分],0.98,15,15,13.86,7.14,12.5,3.96,1.8,9,15
20260704B22,最低落札価格（TSO別）[円/kW・30分],0.39,2.96,0.39,9.5,0.39,0.39,0.39,0.39,0.39,0.39
20260704B22,平均落札価格（TSO別）[円/kW・30分],0.66,10.18,7.43,10.59,0.94,1.84,1.04,1.53,1.98,4.72
20260704B22,落札量合計（TSO別）[MW],63,85.529,462,73,61,202.925,118.99,47,179,1292.444
20260704B22,（内訳）自エリアからの落札量[MW],63,65.495,462,73,43.93,97.853,108.784,47,170.472,1131.534
20260704B23,募集量（TSO別）[MW],62,122,459,71,61,159,110,47,180,1271
20260704B23,応札量合計（電源属地別）[MW],184.604,65.495,471.132,79.779,80.93,131.41,192.993,165.86,176.93,1549.133
20260704B23,落札量合計（電源属地別）[MW],62,65.495,471.132,79.779,80.93,131.41,146.345,87.645,115,1239.736
20260704B23,応札件数（電源属地別）[件],8,13,62,41,4,17,21,7,36,209
20260704B23,落札件数（電源属地別）[件],2,13,62,41,4,17,3,3,7,152
20260704B23,最高落札価格（電源属地別）[円/kW・30分],0.98,15,15,14.7,0.85,14.74,1.02,1.8,2,15
20260704B23,最低落札価格（電源属地別）[円/kW・30分],0.39,6.27,0.39,9.8,0.39,0.39,0.39,0.4,0.39,0.39
20260704B23,平均落札価格（電源属地別）[円/kW・30分],0.66,10.01,7.58,11.03,0.4,3.91,0.9,1.01,0.48,4.81
20260704B23,最高落札価格（TSO別）[円/kW・30分],0.98,15,14.99,14.7,13.88,14.74,1.02,1.8,2,15
20260704B23,最低落札価格（TSO別）[円/kW・30分],0.39,0.39,0.39,9.8,0.39,0.39,0.39,0.4,0.39,0.39
20260704B23,平均落札価格（TSO別）[円/kW・30分],0.66,9.75,7.56,11.11,1.99,3.23,0.88,1.53,0.53,4.81
20260704B23,落札量合計（TSO別）[MW],62,77.627,459,71,61,160.119,121.99,47,180,1239.736
20260704B23,（内訳）自エリアからの落札量[MW],62,65.495,459,71,44.93,124.119,121.99,47,115,1110.534
20260704B24,募集量（TSO別）[MW],62,122,459,70,61,160,110,47,180,1271
20260704B24,応札量合計（電源属地別）[MW],179.138,63.499,471.132,79.779,80.93,131.41,193.632,165.86,174.932,1540.312
20260704B24,落札量合計（電源属地別）[MW],77,63.499,471.132,79.779,80.396,131.41,193.632,59.592,174.932,1331.372
20260704B24,応札件数（電源属地別）[件],7,12,62,41,4,17,21,7,35,206
20260704B24,落札件数（電源属地別）[件],3,12,62,41,4,17,21,3,35,198
20260704B24,最高落札価格（電源属地別）[円/kW・30分],1.01,15,15,15,0.85,14.74,13.47,1.8,11.3,15
20260704B24,最低落札価格（電源属地別）[円/kW・30分],0.39,6.41,0.39,9.8,0.39,0.39,0.39,0.41,0.39,0.39
20260704B24,平均落札価格（電源属地別）[円/kW・30分],0.73,9.9,7.54,11.06,0.4,4.01,2.29,1.34,2.46,4.98
20260704B24,最高落札価格（TSO別）[円/kW・30分],1.01,15,15,15,13.8,14.74,13.47,1.8,11.3,15
20260704B24,最低落札価格（TSO別）[円/kW・30分],0.39,6.41,0.39,9.8,0.39,0.39,0.39,0.41,0.39,0.39
20260704B24,平均落札価格（TSO別）[円/kW・30分],0.73,9.84,7.48,11.2,1.95,2.57,2.82,1.54,2.68,4.98
20260704B24,落札量合計（TSO別）[MW],77,75.631,459,70,97,201.925,121.816,49,180,1331.372
20260704B24,（内訳）自エリアからの落札量[MW],77,63.499,459,70,79.93,120.775,107.88,49,174.932,1202.016
20260704B25,募集量（TSO別）[MW],62,123,458,67,62,160,108,47,179,1266
20260704B25,応札量合計（電源属地別）[MW],150.708,66.845,459.242,77.282,80.93,131.41,193.632,165.86,167.282,1493.191
20260704B25,落札量合計（電源属地別）[MW],62,66.845,459.242,34.469,80.93,109.684,160.966,137.524,167.282,1278.942
20260704B25,応札件数（電源属地別）[件],6,14,56,40,4,17,21,7,34,199
20260704B25,落札件数（電源属地別）[件],2,14,56,18,4,6,15,4,34,153
20260704B25,最高落札価格（電源属地別）[円/kW・30分],1.01,15,15,10,0.85,7.88,9.89,1.8,9.99,15
20260704B25,最低落札価格（電源属地別）[円/kW・30分],0.39,6.35,0.39,0.63,0.39,0.39,0.76,0.43,0.39,0.39
20260704B25,平均落札価格（電源属地別）[円/kW・30分],0.67,10.13,7.99,8.64,0.4,2.08,2.06,0.84,2.17,4.5
20260704B25,最高落札価格（TSO別）[円/kW・30分],1.01,15,15,10,0.85,9.89,2.13,1.8,9.99,15
20260704B25,最低落札価格（TSO別）[円/kW・30分],0.39,6.35,0.39,0.45,0.39,0.39,0.76,0.45,0.39,0.39
20260704B25,平均落札価格（TSO別）[円/kW・30分],0.67,10.22,7.97,4.66,0.4,1.97,0.94,1.58,2.5,4.5
20260704B25,落札量合計（TSO別）[MW],62,68.087,458,67,80.93,197.925,118,48,179,1278.942
20260704B25,（内訳）自エリアからの落札量[MW],62,66.845,458,34.469,80.93,109.684,118,48,167.282,1145.21
20260704B26,募集量（TSO別）[MW],62,123,458,67,62,160,108,47,179,1266
20260704B26,応札量合計（電源属地別）[MW],150.708,66.845,459.242,79.28,80.93,153.503,193.632,165.86,174.932,1524.932
20260704B26,落札量合計（電源属地別）[MW],62,66.845,459.242,0,79,114.927,164.89,155.624,140.806,1243.334
20260704B26,応札件数（電源属地別）[件],6,14,56,41,4,17,21,7,35,201
20260704B26,落札件数（電源属地別）[件],2,14,56,0,3,4,6,6,17,108
20260704B26,最高落札価格（電源属地別）[円/kW・30分],1.01,15,15,0,0.39,1.64,3.91,1.8,4,15
20260704B26,最低落札価格（電源属地別）[円/kW・30分],0.39,6.27,0.39,0,0.39,0.39,0.39,0.59,0.39,0.39
20260704B26,平均落札価格（電源属地別）[円/kW・30分],0.67,10.11,8.76,0,0.39,0.91,0.65,0.98,1.08,4.25
20260704B26,最高落札価格（TSO別）[円/kW・30分],1.01,15,15,3,0.39,1.64,2.13,1.8,4,15
20260704B26,最低落札価格（TSO別）[円/kW・30分],0.39,6.27,0.39,0.39,0.39,0.39,0.39,1.5,0.39,0.39
20260704B26,平均落札価格（TSO別）[円/kW・30分],0.67,10.11,8.75,1.23,0.39,0.58,0.57,1.8,1.02,4.25
20260704B26,落札量合計（TSO別）[MW],62,68.087,458,67,62,182.438,117.809,47,179,1243.334
20260704B26,（内訳）自エリアからの落札量[MW],62,66.845,458,0,62,73.814,117.809,47,140.806,1028.274
20260704B27,募集量（TSO別）[MW],62,123,458,67,62,160,108,47,179,1266
20260704B27,応札量合計（電源属地別）[MW],192.658,66.845,461.232,81.279,80.93,129.56,193.632,165.86,176.93,1548.926
20260704B27,落札量合計（電源属地別）[MW],125,66.845,461.232,22.284,80.93,107.834,170.838,155.86,171.046,1361.869
20260704B27,応札件数（電源属地別）[件],8,14,57,42,4,16,21,7,36,205
20260704B27,落札件数（電源属地別）[件],3,14,57,12,4,5,9,6,33,143
20260704B27,最高落札価格（電源属地別）[円/kW・30分],1.01,15,15,10,6.5,7.88,9.5,1.8,9.5,15
20260704B27,最低落札価格（電源属地別）[円/kW・30分],0.39,6.27,0.39,6.8,0.39,0.39,0.39,0.49,0.39,0.39
20260704B27,平均落札価格（電源属地別）[円/kW・30分],0.84,10.11,8.28,9,0.54,2.11,1.21,0.92,2.34,4.27
20260704B27,最高落札価格（TSO別）[円/kW・30分],1.01,15,15,10,0.39,9.5,2.13,1.8,9.5,15
20260704B27,最低落札価格（TSO別）[円/kW・30分],0.39,2.32,0.39,0.49,0.39,0.39,0.39,0.49,0.39,0.39
20260704B27,平均落札価格（TSO別）[円/kW・30分],0.84,10.09,8.27,3.49,0.39,1.62,0.75,1.66,2.48,4.27
20260704B27,落札量合計（TSO別）[MW],125,70.077,458,67,79,197.925,129.867,56,179,1361.869
20260704B27,（内訳）自エリアからの落札量[MW],125,66.845,458,22.284,79,107.834,129.867,56,171.046,1215.876
20260704B28,募集量（TSO別）[MW],62,122,458,67,62,159,108,47,179,1264
20260704B28,応札量合計（電源属地別）[MW],194.158,66.845,461.232,81.279,80.93,155.353,190.516,165.86,176.93,1573.103
20260704B28,落札量合計（電源属地別）[MW],128,66.845,461.232,7.78,80.93,139.936,159.78,142.724,155.946,1343.173
20260704B28,応札件数（電源属地別）[件],9,14,57,42,4,18,20,7,36,207
20260704B28,落札件数（電源属地別）[件],3,14,57,4,4,11,4,4,25,126
20260704B28,最高落札価格（電源属地別）[円/kW・30分],1.01,15,15,7.5,6.88,7.88,3,1.8,7.49,15
20260704B28,最低落札価格（電源属地別）[円/kW・30分],0.39,5.98,0.39,6.8,0.39,0.39,0.77,0.43,0.39,0.39
20260704B28,平均落札価格（電源属地別）[円/kW・30分],0.84,10.01,7.86,7.14,0.54,2.06,0.99,0.81,1.68,3.97
20260704B28,最高落札価格（TSO別）[円/kW・30分],1.01,15,15,7.88,0.39,7.8,2.13,1.8,7.49,15
20260704B28,最低落札価格（TSO別）[円/kW・30分],0.39,5.98,0.39,0.39,0.39,0.39,0.77,0.45,0.39,0.39
20260704B28,平均落札価格（TSO別）[円/kW・30分],0.84,10.24,7.81,3.82,0.39,0.82,0.96,1.55,1.59,3.97
20260704B28,落札量合計（TSO別）[MW],128,70.077,458,67,78.658,180.438,134,48,179,1343.173
20260704B28,（内訳）自エリアからの落札量[MW],128,66.845,458,7.78,78.658,83.914,134,48,155.946,1161.143
20260704B29,募集量（TSO別）[MW],62,121,458,67,62,160,108,47,179,1264
20260704B29,応札量合計（電源属地別）[MW],192.19,66.845,443.545,81.279,70.476,155.353,190.516,165.86,178.43,1544.494
20260704B29,落札量合計（電源属地別）[MW],98,66.845,443.545,67,68.546,116.588,157.98,135.324,114,1267.828
20260704B29,応札件数（電源属地別）[件],8,14,56,42,4,18,20,7,37,206
20260704B29,落札件数（電源属地別）[件],3,14,56,35,3,6,3,4,6,130
20260704B29,最高落札価格（電源属地別）[円/kW・30分],1.01,15,15,13.29,0.39,1.38,2.13,1.8,0.39,15
20260704B29,最低落札価格（電源属地別）[円/kW・30分],0.39,5.72,0.39,6.8,0.39,0.39,0.77,0.43,0.39,0.39
20260704B29,平均落札価格（電源属地別）[円/kW・30分],0.79,9.93,7.7,10.4,0.39,0.8,0.96,0.82,0.39,4.17
20260704B29,最高落札価格（TSO別）[円/kW・30分],1.01,15,15,13.29,0.39,1.38,2.13,1.8,2.13,15
20260704B29,最低落札価格（TSO別）[円/kW・30分],0.39,5.72,0.39,6.8,0.39,0.39,0.77,0.43,0.39,0.39
20260704B29,平均落札価格（TSO別）[円/kW・30分],0.79,9.93,7.7,10.4,0.39,0.67,0.94,1.54,0.53,4.17
20260704B29,落札量合計（TSO別）[MW],98,66.845,443.545,67,62,180.438,124,47,179,1267.828
20260704B29,（内訳）自エリアからの落札量[MW],98,66.845,443.545,67,62,116.588,124,47,114,1138.978
20260704B30,募集量（TSO別）[MW],62,118,457,67,62,160,108,47,178,1259
20260704B30,応札量合計（電源属地別）[MW],202.737,64.849,443.545,81.279,80.528,179.291,190.516,165.86,178.43,1587.035
20260704B30,落札量合計（電源属地別）[MW],62,64.849,443.545,67,78.598,97.34,143.868,141.624,114,1212.824
20260704B30,応札件数（電源属地別）[件],10,13,56,42,4,19,20,7,37,208
20260704B30,落札件数（電源属地別）[件],3,13,56,35,3,7,2,4,6,129
20260704B30,最高落札価格（電源属地別）[円/kW・30分],1.01,15,15,13.2,0.39,1.38,0.85,1.8,0.39,15
20260704B30,最低落札価格（電源属地別）[円/kW・30分],0.39,5.72,0.39,9.8,0.39,0.39,0.69,0.46,0.39,0.39
20260704B30,平均落札価格（電源属地別）[円/kW・30分],0.67,9.77,7.98,10.73,0.39,0.45,0.77,0.82,0.39,4.35
20260704B30,最高落札価格（TSO別）[円/kW・30分],1.01,15,15,13.2,0.39,1.38,0.85,1.8,0.85,15
20260704B30,最低落札価格（TSO別）[円/kW・30分],0.39,5.72,0.39,9.8,0.39,0.39,0.69,0.46,0.39,0.39
20260704B30,平均落札価格（TSO別）[円/kW・30分],0.67,9.77,7.98,10.73,0.39,0.45,0.76,1.54,0.46,4.35
20260704B30,落札量合計（TSO別）[MW],62,64.849,443.545,67,62,164.43,124,47,178,1212.824
20260704B30,（内訳）自エリアからの落札量[MW],62,64.849,443.545,67,62,97.34,124,47,114,1081.734
20260704B31,募集量（TSO別）[MW],60,188,457,67,62,160,108,45,174,1321
20260704B31,応札量合計（電源属地別）[MW],194.158,44.845,447.541,79.285,61.93,179.291,190.516,165.86,178.43,1541.856
20260704B31,落札量合計（電源属地別）[MW],106,44.845,447.541,67.07,61.93,160,143.868,82.577,114,1227.831
20260704B31,応札件数（電源属地別）[件],9,13,58,41,3,19,20,7,37,207
20260704B31,落札件数（電源属地別）[件],2,13,58,35,3,11,2,3,6,133
20260704B31,最高落札価格（電源属地別）[円/kW・30分],1.01,15,15,14.07,12.2,7.88,1.03,1.8,0.69,15
20260704B31,最低落札価格（電源属地別）[円/kW・30分],0.39,6.43,0.39,9.98,0.39,0.39,0.87,0.39,0.39,0.39
20260704B31,平均落札価格（電源属地別）[円/kW・30分],0.81,11.99,7.69,11.24,0.76,1.67,0.95,1.04,0.5,4.41
20260704B31,最高落札価格（TSO別）[円/kW・30分],1.01,15,15,14.07,12.2,7.88,1.03,1.8,1.03,15
20260704B31,最低落札価格（TSO別）[円/kW・30分],0.39,6.43,0.39,9.98,0.39,0.39,0.87,0.39,0.39,0.39
20260704B31,平均落札価格（TSO別）[円/kW・30分],0.81,11.99,7.69,11.24,0.77,1.67,0.96,1.58,0.53,4.41
20260704B31,落札量合計（TSO別）[MW],106,44.845,447.541,67,62,160,121.445,45,174,1227.831
20260704B31,（内訳）自エリアからの落札量[MW],106,44.845,447.541,67,61.93,160,121.445,45,114,1167.761
20260704B32,募集量（TSO別）[MW],60,188,458,67,62,160,108,45,174,1322
20260704B32,応札量合計（電源属地別）[MW],194.158,44.845,429.852,81.279,61.93,155.355,203.243,165.86,178.43,1514.952
20260704B32,落札量合計（電源属地別）[MW],106,44.845,429.852,79.3,61.93,155.355,84.725,140.377,114,1216.384
20260704B32,応札件数（電源属地別）[件],9,13,57,42,3,18,21,7,37,207
20260704B32,落札件数（電源属地別）[件],2,13,57,41,3,18,2,4,6,146
20260704B32,最高落札価格（電源属地別）[円/kW・30分],1.01,15,15,14.8,12.85,14.96,0.98,1.8,0.92,15
20260704B32,最低落札価格（電源属地別）[円/kW・30分],0.39,6.43,0.39,5,0.39,0.39,0.39,0.36,0.39,0.36
20260704B32,平均落札価格（電源属地別）[円/kW・30分],0.81,11.99,5.92,10.96,0.78,3.41,0.89,0.75,0.7,4.01
20260704B32,最高落札価格（TSO別）[円/kW・30分],1.01,15,15,14.8,12.85,14.96,0.98,1.8,0.92,15
20260704B32,最低落札価格（TSO別）[円/kW・30分],0.39,6.43,0.39,5,0.39,0.39,0.36,0.36,0.36,0.36
20260704B32,平均落札価格（TSO別）[円/kW・30分],0.81,11.99,5.92,10.93,0.79,3.97,0.73,1.58,0.59,4.01
20260704B32,落札量合計（TSO別）[MW],106,44.845,429.852,67,62,167.585,120.102,45,174,1216.384
20260704B32,（内訳）自エリアからの落札量[MW],106,44.845,429.852,67,61.93,155.355,84.725,45,114,1108.707
20260704B33,募集量（TSO別）[MW],60,188,458,67,63,160,108,45,174,1323
20260704B33,応札量合計（電源属地別）[MW],204.158,44.845,412.205,85.079,80.93,87.851,203.243,165.86,178.43,1462.601
20260704B33,落札量合計（電源属地別）[MW],106,44.845,412.205,67,79,49.275,156.595,151.13,114,1180.05
20260704B33,応札件数（電源属地別）[件],10,13,56,44,4,15,21,7,37,207
20260704B33,落札件数（電源属地別）[件],3,13,56,35,3,2,3,6,6,127
20260704B33,最高落札価格（電源属地別）[円/kW・30分],1.01,15,15,13.88,0.39,1.64,1.08,1.8,0.64,15
20260704B33,最低落札価格（電源属地別）[円/kW・30分],0.39,6.43,0.39,7.5,0.39,1.22,0.39,0.38,0.39,0.38
20260704B33,平均落札価格（電源属地別）[円/kW・30分],0.82,11.99,6.07,10.55,0.39,1.62,0.95,0.81,0.47,3.62
20260704B33,最高落札価格（TSO別）[円/kW・30分],1.01,15,15,13.88,0.39,1.8,1.08,1.8,1.5,15
20260704B33,最低落札価格（TSO別）[円/kW・30分],0.39,6.43,0.39,7.5,0.39,0.38,0.39,0.38,0.38,0.38
20260704B33,平均落札価格（TSO別）[円/kW・30分],0.82,11.99,6.07,10.55,0.39,0.93,0.93,1.63,0.51,3.62
20260704B33,落札量合計（TSO別）[MW],106,44.845,412.205,67,63,160,108,45,174,1180.05
20260704B33,（内訳）自エリアからの落札量[MW],106,44.845,412.205,67,63,49.275,108,45,114,1009.325
20260704B34,募集量（TSO別）[MW],60,186,458,67,63,160,108,44,173,1319
20260704B34,応札量合計（電源属地別）[MW],158.19,45.31,412.205,123.905,80.93,87.851,203.243,165.86,178.43,1455.924
20260704B34,落札量合計（電源属地別）[MW],89,45.31,412.205,67,79,51.125,156.595,148.28,114,1162.515
20260704B34,応札件数（電源属地別）[件],7,13,56,44,4,15,21,7,37,204
20260704B34,落札件数（電源属地別）[件],3,13,56,35,3,3,3,6,6,128
20260704B34,最高落札価格（電源属地別）[円/kW・30分],4.4,15,15,13.2,0.39,1.37,1.14,1.8,0.97,15
20260704B34,最低落札価格（電源属地別）[円/kW・30分],1.01,6.43,0.39,3.75,0.39,1.22,0.39,0.36,0.39,0.36
20260704B34,平均落札価格（電源属地別）[円/kW・30分],1.19,11.8,5.34,9.73,0.39,1.36,1.01,0.77,0.75,3.4
20260704B34,最高落札価格（TSO別）[円/kW・30分],4.4,15,15,13.2,0.39,1.8,1.14,1.8,1.14,15
20260704B34,最低落札価格（TSO別）[円/kW・30分],1.01,6.43,0.39,3.75,0.39,0.36,0.39,0.36,0.36,0.36
20260704B34,平均落札価格（TSO別）[円/kW・30分],1.19,11.8,5.34,9.73,0.39,0.87,0.99,1.67,0.65,3.4
20260704B34,落札量合計（TSO別）[MW],89,45.31,412.205,67,63,160,108,45,173,1162.515
20260704B34,（内訳）自エリアからの落札量[MW],89,45.31,412.205,67,63,51.125,108,45,114,994.64
20260704B35,募集量（TSO別）[MW],60,184,458,67,63,159,107,44,172,1314
20260704B35,応札量合計（電源属地別）[MW],232.69,46.81,411.355,118.146,67.038,87.851,190.516,165.86,178.43,1498.696
20260704B35,落札量合計（電源属地別）[MW],107.99,46.81,411.355,67,65.108,51.125,145.079,165.86,117.828,1178.155
20260704B35,応札件数（電源属地別）[件],10,14,56,41,4,15,20,7,37,204
20260704B35,落札件数（電源属地別）[件],4,14,56,34,3,3,3,7,8,132
20260704B35,最高落札価格（電源属地別）[円/kW・30分],4.28,15,15,13,0.39,1.38,3,1.9,2,15
20260704B35,最低落札価格（電源属地別）[円/kW・30分],1.01,6.43,0.39,1,0.39,1.22,0.97,0.36,0.39,0.36
20260704B35,平均落札価格（電源属地別）[円/kW・30分],3.66,11.91,5.07,8.73,0.39,1.37,1.07,0.89,1.12,3.52
20260704B35,最高落札価格（TSO別）[円/kW・30分],4.28,15,15,13,0.39,1.9,1.13,1.8,3,15
20260704B35,最低落札価格（TSO別）[円/kW・30分],1.01,6.43,0.39,1,0.39,0.36,0.97,0.36,0.36,0.36
20260704B35,平均落札価格（TSO別）[円/kW・30分],3.66,11.91,5.07,8.73,0.39,1.03,1.04,1.65,0.92,3.52
20260704B35,落札量合計（TSO別）[MW],107.99,46.81,411.355,67,63,159,107,44,172,1178.155
20260704B35,（内訳）自エリアからの落札量[MW],107.99,46.81,411.355,67,63,51.125,107,44,117.828,1016.108
20260704B36,募集量（TSO別）[MW],60,181,458,66,63,158,108,43,171,1308
20260704B36,応札量合計（電源属地別）[MW],174.158,55.314,379.312,119.647,61.93,87.851,190.516,165.86,170.78,1405.368
20260704B36,落札量合計（電源属地別）[MW],90.99,55.314,379.312,67.07,61.93,51.125,145.187,165.86,117.828,1134.616
20260704B36,応札件数（電源属地別）[件],9,13,54,40,3,15,20,7,36,197
20260704B36,落札件数（電源属地別）[件],3,13,54,33,3,3,3,7,8,127
20260704B36,最高落札価格（電源属地別）[円/kW・30分],4.28,15,15,11,0.9,1.34,3,1.9,2.53,15
20260704B36,最低落札価格（電源属地別）[円/kW・30分],3.44,3.22,0.39,0.87,0.39,1.22,1.07,0.36,0.39,0.36
20260704B36,平均落札価格（電源属地別）[円/kW・30分],4.18,9.83,4.62,8.58,0.41,1.34,1.17,0.89,2.18,3.45
20260704B36,最高落札価格（TSO別）[円/kW・30分],4.28,15,15,11,11,1.9,1.23,1.8,3,15
20260704B36,最低落札価格（TSO別）[円/kW・30分],3.44,3.22,0.39,0.87,0.39,0.36,1.07,0.36,0.36,0.36
20260704B36,平均落札価格（TSO別）[円/kW・30分],4.18,9.83,4.62,8.55,0.59,1.05,1.14,1.6,1.67,3.45
20260704B36,落札量合計（TSO別）[MW],90.99,55.314,379.312,66,63,158,108,43,171,1134.616
20260704B36,（内訳）自エリアからの落札量[MW],90.99,55.314,379.312,66,61.93,51.125,108,43,117.828,973.499
20260704B37,募集量（TSO別）[MW],59,180,459,65,63,153,107,41,170,1297
20260704B37,応札量合計（電源属地別）[MW],195.158,70.81,390.7,144.106,74.366,85.891,196.545,165.86,165.362,1488.798
20260704B37,落札量合計（電源属地別）[MW],145.458,70.81,390.7,65,72.436,48.846,153.858,146.86,114,1207.968
20260704B37,応札件数（電源属地別）[件],9,16,58,43,4,14,19,7,33,203
20260704B37,落札件数（電源属地別）[件],5,16,58,22,3,2,3,6,6,121
20260704B37,最高落札価格（電源属地別）[円/kW・30分],4.28,15,15,10,0.63,1.64,1.57,1.8,2.63,15
20260704B37,最低落札価格（電源属地別）[円/kW・30分],1.6,2.93,0.39,2.4,0.39,1.22,0.39,0.36,0.4,0.36
20260704B37,平均落札価格（電源属地別）[円/kW・30分],3.15,8.96,4.86,6.48,0.45,1.62,1.42,0.76,2.3,3.41
20260704B37,最高落札価格（TSO別）[円/kW・30分],4.28,15,15,10,0.63,1.64,1.57,1.8,2.63,15
20260704B37,最低落札価格（TSO別）[円/kW・30分],1.6,2.93,0.39,2.4,0.39,0.36,0.36,0.39,0.36,0.36
20260704B37,平均落札価格（TSO別）[円/kW・30分],3.15,8.96,4.86,6.48,0.44,1.25,1.2,1.64,1.69,3.41
20260704B37,落札量合計（TSO別）[MW],145.458,70.81,390.7,65,63,153,107,43,170,1207.968
20260704B37,（内訳）自エリアからの落札量[MW],145.458,70.81,390.7,65,63,48.846,85.294,38,114,1021.108
20260704B38,募集量（TSO別）[MW],59,180,458,65,63,153,107,41,170,1296
20260704B38,応札量合計（電源属地別）[MW],198.158,69.31,353.757,161.577,71.904,85.891,196.545,165.86,173.012,1476.014
20260704B38,落札量合計（電源属地別）[MW],152.208,69.31,353.757,65,69.974,51.125,153.858,147.043,114,1176.275
20260704B38,応札件数（電源属地別）[件],9,15,57,44,4,14,19,7,34,203
20260704B38,落札件数（電源属地別）[件],6,15,57,15,3,3,3,6,6,114
20260704B38,最高落札価格（電源属地別）[円/kW・30分],4.28,15,15,9.88,0.63,1.34,1.57,1.8,3.14,15
20260704B38,最低落札価格（電源属地別）[円/kW・30分],3.55,1.03,0.39,3.39,0.39,1.22,0.39,0.36,0.93,0.36
20260704B38,平均落札価格（電源属地別）[円/kW・30分],3.95,8.2,6.08,4.73,0.44,1.34,1.42,0.76,2.8,3.72
20260704B38,最高落札価格（TSO別）[円/kW・30分],4.28,15,15,9.88,0.63,1.57,1.57,1.8,3.14,15
20260704B38,最低落札価格（TSO別）[円/kW・30分],3.55,1.03,0.39,3.39,0.39,0.36,0.36,1.57,0.36,0.36
20260704B38,平均落札価格（TSO別）[円/kW・30分],3.95,8.2,6.08,4.73,0.45,1.09,1.25,1.77,2.02,3.72
20260704B38,落札量合計（TSO別）[MW],152.208,69.31,353.757,65,63,153,107,43,170,1176.275
20260704B38,（内訳）自エリアからの落札量[MW],152.208,69.31,353.757,65,63,51.125,83.015,38.183,114,989.598
20260704B39,募集量（TSO別）[MW],59,180,459,65,63,153,107,41,170,1297
20260704B39,応札量合計（電源属地別）[MW],210.458,70.81,392.615,173.093,70.776,87.851,196.545,165.86,161.549,1529.557
20260704B39,落札量合計（電源属地別）[MW],108.968,70.81,392.615,65,68.846,51.125,153.858,148.171,114,1173.393
20260704B39,応札件数（電源属地別）[件],10,16,58,46,4,15,19,7,31,206
20260704B39,落札件数（電源属地別）[件],3,16,58,15,3,3,3,6,6,113
20260704B39,最高落札価格（電源属地別）[円/kW・30分],4.28,15,15,9.88,0.63,1.44,1.57,1.8,3.15,15
20260704B39,最低落札価格（電源属地別）[円/kW・30分],3.22,1.03,0.39,1.81,0.39,1.22,0.39,0.36,0.94,0.36
20260704B39,平均落札価格（電源属地別）[円/kW・30分],4,8.38,6.09,3.4,0.44,1.43,1.42,0.77,2.8,3.75
20260704B39,最高落札価格（TSO別）[円/kW・30分],4.28,15,15,9.88,0.63,1.57,1.57,1.8,3.15,15
20260704B39,最低落札価格（TSO別）[円/kW・30分],3.22,1.03,0.39,1.81,0.39,0.36,0.36,0.39,0.36,0.36
20260704B39,平均落札価格（TSO別）[円/kW・30分],4,8.38,6.09,3.4,0.44,1.21,1.21,1.68,2.01,3.75
20260704B39,落札量合計（TSO別）[MW],108.968,70.81,392.615,65,63,153,107,43,170,1173.393
20260704B39,（内訳）自エリアからの落札量[MW],108.968,70.81,392.615,65,63,51.125,83.015,39.311,114,987.844
20260704B40,募集量（TSO別）[MW],59,179,458,65,62,153,107,41,169,1293
20260704B40,応札量合計（電源属地別）[MW],255.458,70.81,384.551,209.593,69.65,87.851,198.517,165.86,159.534,1601.824
20260704B40,落札量合計（電源属地別）[MW],113.968,70.81,384.551,65,67.72,49.275,153.858,149.147,114,1168.329
20260704B40,応札件数（電源属地別）[件],11,16,57,48,4,15,20,7,30,208
20260704B40,落札件数（電源属地別）[件],3,16,57,13,3,2,3,6,6,109
20260704B40,最高落札価格（電源属地別）[円/kW・30分],4.28,15,15,5,0.63,1.64,1.57,1.8,3.05,15
20260704B40,最低落札価格（電源属地別）[円/kW・30分],2.6,1.73,0.39,1.51,0.39,1.22,0.39,0.36,0.81,0.36
20260704B40,平均落札価格（電源属地別）[円/kW・30分],3.79,8.59,5.35,2.65,0.44,1.62,1.42,0.78,2.73,3.44
20260704B40,最高落札価格（TSO別）[円/kW・30分],4.28,15,15,5,0.63,1.8,1.57,1.8,3.05,15
20260704B40,最低落札価格（TSO別）[円/kW・30分],2.6,1.73,0.39,1.51,0.39,0.36,0.36,1.5,0.36,0.36
20260704B40,平均落札価格（TSO別）[円/kW・30分],3.79,8.59,5.35,2.65,0.44,1.11,1.38,1.78,1.97,3.44
20260704B40,落札量合計（TSO別）[MW],113.968,70.81,384.551,65,62,153,107,43,169,1168.329
20260704B40,（内訳）自エリアからの落札量[MW],113.968,70.81,384.551,65,62,49.275,98.865,43,114,1001.469
20260704B41,募集量（TSO別）[MW],59,179,458,65,61,152,107,41,169,1291
20260704B41,応札量合計（電源属地別）[MW],238.158,70.81,345.693,210.62,71.912,103.507,198.517,179.86,162.353,1581.43
20260704B41,落札量合計（電源属地別）[MW],153.99,70.81,345.693,131.971,71.912,93.731,81.988,141,111,1202.095
20260704B41,応札件数（電源属地別）[件],10,16,55,46,4,14,20,8,32,205
20260704B41,落札件数（電源属地別）[件],4,16,55,34,4,9,2,5,5,134
20260704B41,最高落札価格（電源属地別）[円/kW・30分],4.28,15,15,10,6.39,7.88,1.57,1.9,3.05,15
20260704B41,最低落札価格（電源属地別）[円/kW・30分],2.64,1.75,0.39,1.49,0.39,0.39,0.39,0.36,0.84,0.36
20260704B41,平均落札価格（電源属地別）[円/kW・30分],3.51,8.6,5.48,5.3,0.7,2.95,1.43,0.73,2.71,3.82
20260704B41,最高落札価格（TSO別）[円/kW・30分],4.28,15,15,10,0.78,10,1.57,1.9,3.05,15
20260704B41,最低落札価格（TSO別）[円/kW・30分],2.64,1.75,0.39,1.52,0.39,0.39,0.36,0.36,0.36,0.36
20260704B41,平均落札価格（TSO別）[円/kW・30分],3.51,8.6,5.48,5.69,0.53,3.64,0.99,1.64,1.96,3.82
20260704B41,落札量合計（TSO別）[MW],153.99,70.81,345.693,65,61,171.614,123.988,41,169,1202.095
20260704B41,（内訳）自エリアからの落札量[MW],153.99,70.81,345.693,65,61,93.731,73.988,41,111,1016.212
20260704B42,募集量（TSO別）[MW],59,179,458,65,59,153,107,41,169,1290
20260704B42,応札量合計（電源属地別）[MW],246.458,68.814,392.615,234.205,77.564,83.893,198.517,179.86,165.353,1647.279
20260704B42,落札量合計（電源属地別）[MW],144.968,68.814,392.615,125.319,77.564,74.117,81.988,134,114,1213.385
20260704B42,応札件数（電源属地別）[件],10,15,58,48,4,13,20,8,33,209
20260704B42,落札件数（電源属地別）[件],3,15,58,34,4,8,2,5,6,135
20260704B42,最高落札価格（電源属地別）[円/kW・30分],4.28,15,15,10,6.39,7.88,1.41,1.9,3.02,15
20260704B42,最低落札価格（電源属地別）[円/kW・30分],1.87,2.65,0.39,1.47,0.39,1.22,0.39,0.36,0.81,0.36
20260704B42,平均落札価格（電源属地別）[円/kW・30分],3.21,8.7,4.74,5.72,0.61,3.32,1.29,0.76,2.68,3.66
20260704B42,最高落札価格（TSO別）[円/kW・30分],4.28,15,15,10,6.39,10,1.41,1.9,3.02,15
20260704B42,最低落札価格（TSO別）[円/kW・30分],1.87,2.65,0.39,2.21,0.39,0.43,0.36,0.36,0.36,0.36
20260704B42,平均落札価格（TSO別）[円/kW・30分],3.21,8.7,4.74,6.27,0.61,3.7,0.92,1.68,1.97,3.66
20260704B42,落札量合計（TSO別）[MW],144.968,68.814,392.615,65,59,153,119.988,41,169,1213.385
20260704B42,（内訳）自エリアからの落札量[MW],144.968,68.814,392.615,65,59,74.117,73.988,41,114,1033.502
20260704B43,募集量（TSO別）[MW],59,90,458,64,58,153,104,41,169,1196
20260704B43,応札量合計（電源属地別）[MW],238.158,70.81,380.147,203.468,76.658,87.851,182.529,199.86,167.312,1606.793
20260704B43,落札量合計（電源属地別）[MW],157.74,70.81,380.147,64,74.728,49.275,157.745,96.139,149.113,1199.697
20260704B43,応札件数（電源属地別）[件],10,16,56,42,4,15,20,10,34,207
20260704B43,落札件数（電源属地別）[件],5,16,56,11,3,2,7,5,25,130
20260704B43,最高落札価格（電源属地別）[円/kW・30分],4.28,15,15,9.88,0.63,1.64,3.58,1.8,4,15
20260704B43,最低落札価格（電源属地別）[円/kW・30分],1.44,3.07,0.39,1.33,0.39,1.22,0.36,0.36,0.77,0.36
20260704B43,平均落札価格（電源属地別）[円/kW・30分],3.06,9,5.01,3.31,0.46,1.62,1.37,0.44,2.89,3.37
20260704B43,最高落札価格（TSO別）[円/kW・30分],4.28,15,15,9.88,0.43,1.64,2.13,1.8,4,15
20260704B43,最低落札価格（TSO別）[円/kW・30分],1.44,3.07,0.39,1.33,0.39,0.36,0.39,0.36,0.36,0.36
20260704B43,平均落札価格（TSO別）[円/kW・30分],3.06,9,5.01,3.31,0.41,1.12,1.19,0.54,2.73,3.37
20260704B43,落札量合計（TSO別）[MW],157.74,70.81,380.147,64,58,153,104,43,169,1199.697
20260704B43,（内訳）自エリアからの落札量[MW],157.74,70.81,380.147,64,58,49.275,104,43,149.113,1076.085
20260704B44,募集量（TSO別）[MW],60,90,458,65,58,153,104,41,170,1199
20260704B44,応札量合計（電源属地別）[MW],220.458,58.81,414.164,199.708,75.016,87.851,155.266,199.86,174.562,1585.695
20260704B44,落札量合計（電源属地別）[MW],143.04,58.81,414.164,89.955,75.016,74.117,137.85,45,173.062,1211.014
20260704B44,応札件数（電源属地別）[件],10,15,56,40,4,15,20,10,35,205
20260704B44,落札件数（電源属地別）[件],5,15,56,12,4,8,11,4,34,149
20260704B44,最高落札価格（電源属地別）[円/kW・30分],4.28,15,15,9.98,1.02,7.88,10,1.8,9.5,15
20260704B44,最低落札価格（電源属地別）[円/kW・30分],2.81,3.66,0.39,0.84,0.39,1.22,0.39,0.36,0.39,0.36
20260704B44,平均落札価格（電源属地別）[円/kW・30分],3.91,10.22,5.22,3.53,0.41,3.51,1.96,0.57,2.92,3.91
20260704B44,最高落札価格（TSO別）[円/kW・30分],4.28,15,15,9.8,0.39,9.98,10,1.8,9.5,15
20260704B44,最低落札価格（TSO別）[円/kW・30分],2.81,3.66,0.39,0.84,0.39,0.39,0.39,0.36,0.39,0.36
20260704B44,平均落札価格（TSO別）[円/kW・30分],3.91,10.22,5.22,2.19,0.39,3.18,2.28,0.57,2.91,3.91
20260704B44,落札量合計（TSO別）[MW],143.04,58.81,414.164,65,58,153,104,45,170,1211.014
20260704B44,（内訳）自エリアからの落札量[MW],143.04,58.81,414.164,65,58,74.117,100.938,45,170,1129.069
20260704B45,募集量（TSO別）[MW],61,90,458,64,58,153,104,41,170,1199
20260704B45,応札量合計（電源属地別）[MW],160.108,58.81,398.115,167.499,64.306,87.851,155.266,199.86,174.562,1466.377
20260704B45,落札量合計（電源属地別）[MW],105.75,58.81,398.115,95.133,64.306,78.075,138.424,45,173.062,1156.675
20260704B45,応札件数（電源属地別）[件],8,15,55,42,4,15,20,10,35,204
20260704B45,落札件数（電源属地別）[件],6,15,55,23,4,10,11,4,34,162
20260704B45,最高落札価格（電源属地別）[円/kW・30分],11,15,15,10,0.85,7.88,10,1.8,9.5,15
20260704B45,最低落札価格（電源属地別）[円/kW・30分],1,5.57,0.39,1.25,0.39,1.22,0.39,0.36,0.39,0.36
20260704B45,平均落札価格（電源属地別）[円/kW・30分],2.17,10.61,5.29,5.24,0.4,3.5,2.06,0.57,2.92,3.95
20260704B45,最高落札価格（TSO別）[円/kW・30分],11,15,15,10,0.39,10,10,1.8,9.5,15
20260704B45,最低落札価格（TSO別）[円/kW・30分],1,5.57,0.39,1.25,0.39,0.39,0.39,0.36,0.39,0.36
20260704B45,平均落札価格（TSO別）[円/kW・30分],2.17,10.61,5.29,4.22,0.39,3.59,2.42,0.57,2.91,3.95
20260704B45,落札量合計（TSO別）[MW],105.75,58.81,398.115,64,58,153,104,45,170,1156.675
20260704B45,（内訳）自エリアからの落札量[MW],105.75,58.81,398.115,64,58,78.075,100.938,45,170,1078.688
20260704B46,募集量（TSO別）[MW],61,89,456,63,58,151,104,41,170,1193
20260704B46,応札量合計（電源属地別）[MW],208.408,70.81,412.244,169.359,70.876,87.851,203.243,199.86,174.562,1597.213
20260704B46,落札量合計（電源属地別）[MW],103,70.81,412.244,63,70.876,73.73,172.701,45,165.693,1177.054
20260704B46,応札件数（電源属地別）[件],9,16,55,43,4,15,21,10,35,208
20260704B46,落札件数（電源属地別）[件],3,16,55,11,4,8,5,4,30,136
20260704B46,最高落札価格（電源属地別）[円/kW・30分],3.55,15,15,9.88,0.85,7.88,2.89,1.8,7.3,15
20260704B46,最低落札価格（電源属地別）[円/kW・30分],1,5.46,0.39,1.47,0.39,1.22,0.39,0.38,0.39,0.38
20260704B46,平均落札価格（電源属地別）[円/kW・30分],1.43,9.75,5.28,2.87,0.4,3.53,1.05,0.59,2.32,3.46
20260704B46,最高落札価格（TSO別）[円/kW・30分],3.55,15,15,9.88,0.39,7.88,2.13,1.8,7.3,15
20260704B46,最低落札価格（TSO別）[円/kW・30分],1,5.46,0.39,1.47,0.39,0.39,0.39,0.38,0.39,0.38
20260704B46,平均落札価格（TSO別）[円/kW・30分],1.43,9.75,5.28,2.87,0.39,2.24,1.02,0.59,2.28,3.46
20260704B46,落札量合計（TSO別）[MW],103,70.81,412.244,63,58,151,104,45,170,1177.054
20260704B46,（内訳）自エリアからの落札量[MW],103,70.81,412.244,63,58,73.73,104,45,165.693,1095.477
20260704B47,募集量（TSO別）[MW],61,88,454,62,57,150,103,41,169,1185
20260704B47,応札量合計（電源属地別）[MW],162.058,91.807,414.2,167.499,80.93,85.942,203.243,199.86,174.562,1580.101
20260704B47,落札量合計（電源属地別）[MW],95,91.807,414.2,62,80.93,55.692,172.701,45,169.677,1187.007
20260704B47,応札件数（電源属地別）[件],9,16,56,42,4,14,21,10,35,207
20260704B47,落札件数（電源属地別）[件],3,16,56,10,4,6,5,4,32,136
20260704B47,最高落札価格（電源属地別）[円/kW・30分],3.87,15,14.99,9.88,6.2,7.2,2.57,1.8,6.35,15
20260704B47,最低落札価格（電源属地別）[円/kW・30分],1.01,2.6,0.39,1.33,0.39,1.22,0.39,0.38,0.39,0.38
20260704B47,平均落札価格（電源属地別）[円/kW・30分],1.33,7.93,5.53,2.84,0.53,2.15,0.77,0.69,2.12,3.38
20260704B47,最高落札価格（TSO別）[円/kW・30分],3.87,15,15,9.88,0.39,7.2,2.13,1.8,6.35,15
20260704B47,最低落札価格（TSO別）[円/kW・30分],1.01,2.6,0.39,1.33,0.39,0.39,0.39,0.38,0.39,0.38
20260704B47,平均落札価格（TSO別）[円/kW・30分],1.33,7.7,5.6,2.84,0.39,1.32,0.76,0.69,2.12,3.38
20260704B47,落札量合計（TSO別）[MW],95,88,418.007,62,57,150,103,45,169,1187.007
20260704B47,（内訳）自エリアからの落札量[MW],95,88,414.2,62,57,55.692,103,45,169,1088.892
20260704B48,募集量（TSO別）[MW],61,87,452,59,56,148,102,41,169,1175
20260704B48,応札量合計（電源属地別）[MW],206.258,89.314,255,167.859,80.93,49.293,203.243,199.86,174.472,1426.229
20260704B48,落札量合計（電源属地別）[MW],88,89.314,253.878,73.689,80.93,37.468,186.401,45,168.988,1023.668
20260704B48,応札件数（電源属地別）[件],10,15,55,42,4,12,21,9,35,203
20260704B48,落札件数（電源属地別）[件],3,15,55,13,4,6,12,6,32,146
20260704B48,最高落札価格（電源属地別）[円/kW・30分],3.55,15,15,9.98,6.88,7.88,9.5,1.9,9.5,15
20260704B48,最低落札価格（電源属地別）[円/kW・30分],1,2.76,0.39,1.42,0.39,0.39,0.39,0.38,0.39,0.38
20260704B48,平均落札価格（電源属地別）[円/kW・30分],1.07,7.97,4.78,4.17,0.54,4.97,1.18,0.7,3.05,3.25
20260704B48,最高落札価格（TSO別）[円/kW・30分],3.55,15,15,9.98,0.39,9.88,2.13,1.9,9.5,15
20260704B48,最低落札価格（TSO別）[円/kW・30分],1,2.76,0.39,1.42,0.39,0.39,0.39,0.38,0.39,0.38
20260704B48,平均落札価格（TSO別）[円/kW・30分],1.07,8.01,4.8,2.99,0.39,3.2,0.42,0.7,3.04,3.25
20260704B48,落札量合計（TSO別）[MW],88,87,256.192,59,56,161.476,102,45,169,1023.668
20260704B48,（内訳）自エリアからの落札量[MW],88,87,253.878,59,56,37.468,102,45,168.988,897.334
20260705B01,募集量（TSO別）[MW],60,168,436,53,53,138,100,40,165,1213
20260705B01,応札量合計（電源属地別）[MW],122.058,79.914,430.8,43.682,1.93,103.666,143.363,176.86,168.721,1270.994
20260705B01,落札量合計（電源属地別）[MW],111.99,79.914,430.8,43.682,1.93,103.666,143.363,42,168.721,1126.066
20260705B01,応札件数（電源属地別）[件],8,10,46,23,1,14,9,8,32,151
20260705B01,落札件数（電源属地別）[件],4,10,46,23,1,14,9,5,32,144
20260705B01,最高落札価格（電源属地別）[円/kW・30分],8.4,15,15,14.8,2.4,14,14.5,1.8,12,15
20260705B01,最低落札価格（電源属地別）[円/kW・30分],1,2.7,0.39,2.3,2.4,0.39,0.39,0.38,0.39,0.38
20260705B01,平均落札価格（電源属地別）[円/kW・30分],2.71,7.2,4.69,9.25,2.4,4.2,1.17,0.6,2.92,3.93
20260705B01,最高落札価格（TSO別）[円/kW・30分],8.4,15,15,14.8,2.4,14.5,2.13,1.8,12,15
20260705B01,最低落札価格（TSO別）[円/kW・30分],1,2.7,0.39,2.3,2.4,0.39,0.39,0.38,0.39,0.38
20260705B01,平均落札価格（TSO別）[円/kW・30分],2.71,7.2,4.69,9.25,2.4,3.73,0.58,0.6,2.88,3.93
20260705B01,落札量合計（TSO別）[MW],111.99,79.914,430.8,43.682,1.93,150.75,100,42,165,1126.066
20260705B01,（内訳）自エリアからの落札量[MW],111.99,79.914,430.8,43.682,1.93,103.666,100,42,165,1078.982
20260705B02,募集量（TSO別）[MW],60,168,436,53,53,138,100,40,165,1213
20260705B02,応札量合計（電源属地別）[MW],122.058,92.81,444.637,61.522,1.93,127.611,151.305,176.86,135.721,1314.454
20260705B02,落札量合計（電源属地別）[MW],111.99,92.81,439.337,61.522,1.93,127.611,151.305,42,135.721,1164.226
20260705B02,応札件数（電源属地別）[件],8,17,52,32,1,15,13,8,31,177
20260705B02,落札件数（電源属地別）[件],4,17,50,32,1,15,13,5,31,168
20260705B02,最高落札価格（電源属地別）[円/kW・30分],8.9,15,14.99,14.8,2.4,13.25,14.5,1.8,12,15
20260705B02,最低落札価格（電源属地別）[円/kW・30分],1,2.85,0.39,2.3,2.4,0.39,0.39,0.38,0.39,0.38
20260705B02,平均落札価格（電源属地別）[円/kW・30分],2.81,8.3,5.12,9.68,2.4,3.25,1.64,0.6,3.01,4.32
20260705B02,最高落札価格（TSO別）[円/kW・30分],8.9,15,14.99,14.8,14.8,14.5,2.13,1.8,12.59,15
20260705B02,最低落札価格（TSO別）[円/kW・30分],1,2.85,0.39,2.3,2.4,0.39,0.39,0.38,0.39,0.38
20260705B02,平均落札価格（TSO別）[円/kW・30分],2.81,8.52,5.05,9.94,7.02,3.1,0.54,0.6,3.35,4.32
20260705B02,落札量合計（TSO別）[MW],111.99,96.147,436,53,10.452,149.637,100,42,165,1164.226
20260705B02,（内訳）自エリアからの落札量[MW],111.99,92.81,436,53,1.93,127.611,100,42,135.721,1101.062
20260705B03,募集量（TSO別）[MW],60,168,436,53,53,138,100,40,165,1213
20260705B03,応札量合計（電源属地別）[MW],137.527,92.81,446.587,61.522,1.93,149.594,151.305,176.86,170.521,1388.656
20260705B03,落札量合計（電源属地別）[MW],111.99,92.81,439.337,61.522,1.93,139.769,147.251,42,159.382,1195.991
20260705B03,応札件数（電源属地別）[件],9,17,53,32,1,15,13,8,33,181
20260705B03,落札件数（電源属地別）[件],4,17,50,32,1,10,11,5,30,160
20260705B03,最高落札価格（電源属地別）[円/kW・30分],7.8,15,14.99,14.8,2,10,10,1.8,10,15
20260705B03,最低落札価格（電源属地別）[円/kW・30分],1,2.97,0.39,2.3,2,0.39,0.39,0.38,0.39,0.38
20260705B03,平均落札価格（電源属地別）[円/kW・30分],2.2,8.4,5.29,9.64,2,2.25,1.3,0.6,2.03,4.01
20260705B03,最高落札価格（TSO別）[円/kW・30分],7.8,15,14.99,14.8,13.2,10,2.13,1.8,10,15
20260705B03,最低落札価格（TSO別）[円/kW・30分],1,2.97,0.39,2.3,0.39,0.39,0.39,0.38,0.39,0.38
20260705B03,平均落札価格（TSO別）[円/kW・30分],2.2,8.51,5.24,9.47,3.39,2.4,0.56,0.6,2.3,4.01
20260705B03,落札量合計（TSO別）[MW],111.99,96.147,436,53,30.416,161.438,100,42,165,1195.991
20260705B03,（内訳）自エリアからの落札量[MW],111.99,92.81,436,53,1.93,119.805,100,42,159.382,1116.917
20260705B04,募集量（TSO別）[MW],60,168,436,53,53,138,100,40,165,1213
20260705B04,応札量合計（電源属地別）[MW],122.058,92.81,452.461,67.443,1.93,149.594,155.077,176.86,172.51,1390.743
20260705B04,落札量合計（電源属地別）[MW],111.99,92.81,439.337,65.5,1.93,131.777,139.38,42,155.281,1180.005
20260705B04,応札件数（電源属地別）[件],8,17,56,35,1,15,15,8,34,189
20260705B04,落札件数（電源属地別）[件],4,17,50,34,1,6,7,5,28,152
20260705B04,最高落札価格（電源属地別）[円/kW・30分],8.2,15,14.99,14.8,2,7.88,3,1.8,9,15
20260705B04,最低落札価格（電源属地別）[円/kW・30分],1,3.17,0.39,2.3,2,0.39,0.39,0.38,0.39,0.38
20260705B04,平均落札価格（電源属地別）[円/kW・30分],2.67,8.56,5.63,9.51,2,1.77,0.64,0.6,1.65,4.07
20260705B04,最高落札価格（TSO別）[円/kW・30分],8.2,15,14.99,14.8,14.8,7.88,2.13,1.8,9,15
20260705B04,最低落札価格（TSO別）[円/kW・30分],1,3.17,0.39,2.3,2,0.39,0.39,0.38,0.39,0.38
20260705B04,平均落札価格（TSO別）[円/kW・30分],2.67,8.57,5.61,9.49,8.55,1.63,0.56,0.6,1.58,4.07
20260705B04,落札量合計（TSO別）[MW],111.99,96.147,436,53,14.43,161.438,100,42,165,1180.005
20260705B04,（内訳）自エリアからの落札量[MW],111.99,92.81,436,53,1.93,131.777,100,42,155.281,1124.788
20260705B05,募集量（TSO別）[MW],60,168,434,52,53,137,99,40,165,1208
20260705B05,応札量合計（電源属地別）[MW],207.015,80.142,442.483,51.551,1.93,147.596,155.077,176.86,172.51,1435.164
20260705B05,落札量合計（電源属地別）[MW],93,80.142,437.337,51.551,1.93,116.777,141.18,42,158.481,1122.398
20260705B05,応札件数（電源属地別）[件],10,15,51,27,1,14,15,8,34,175
20260705B05,落札件数（電源属地別）[件],3,15,49,27,1,5,8,5,27,140
20260705B05,最高落札価格（電源属地別）[円/kW・30分],1.01,15,14.99,14.8,2.2,5.63,3,1.8,6.99,15
20260705B05,最低落札価格（電源属地別）[円/kW・30分],1,3.4,0.39,2.3,2.2,0.39,0.39,0.38,0.39,0.38
20260705B05,平均落札価格（電源属地別）[円/kW・30分],1.01,8.9,6.02,9.39,2.2,0.98,0.67,0.6,1.62,3.94
20260705B05,最高落札価格（TSO別）[円/kW・30分],1.01,15,14.99,14.8,2.2,5.63,0.39,1.8,6.99,15
20260705B05,最低落札価格（TSO別）[円/kW・30分],1,3.4,0.39,2.3,2.2,0.39,0.39,0.38,0.39,0.38
20260705B05,平均落札価格（TSO別）[円/kW・30分],1.01,9.06,5.97,9.39,2.2,1.1,0.39,0.6,1.57,3.94
20260705B05,落札量合計（TSO別）[MW],93,83.479,434,51.551,1.93,152.438,99,42,165,1122.398
20260705B05,（内訳）自エリアからの落札量[MW],93,80.142,434,51.551,1.93,116.777,99,42,158.481,1076.881
20260705B06,募集量（TSO別）[MW],60,168,433,51,53,137,99,40,165,1206
20260705B06,応札量合計（電源属地別）[MW],162.058,90.814,452.461,65.463,1.93,147.634,155.077,176.86,172.51,1424.807
20260705B06,落札量合計（電源属地別）[MW],94,90.814,436.337,63.5,1.93,116.777,141.18,42,158.481,1145.019
20260705B06,応札件数（電源属地別）[件],9,16,56,34,1,14,15,8,34,187
20260705B06,落札件数（電源属地別）[件],2,16,48,33,1,5,8,5,28,146
20260705B06,最高落札価格（電源属地別）[円/kW・30分],1.01,15,14.99,14.8,3.5,0.63,3,1.8,7.49,15
20260705B06,最低落札価格（電源属地別）[円/kW・30分],1,3.17,0.39,4.8,3.5,0.39,0.39,0.38,0.39,0.38
20260705B06,平均落札価格（電源属地別）[円/kW・30分],1.01,8.41,5.56,9.51,3.5,0.49,0.67,0.6,1.94,3.82
20260705B06,最高落札価格（TSO別）[円/kW・30分],1.01,15,14.99,14.8,10,3,2.13,1.8,7.49,15
20260705B06,最低落札価格（TSO別）[円/kW・30分],1,3.17,0.39,4.8,3.5,0.39,0.39,0.38,0.39,0.38
20260705B06,平均落札価格（TSO別）[円/kW・30分],1.01,8.63,5.49,9.87,7.41,0.56,0.51,0.6,1.96,3.82
20260705B06,落札量合計（TSO別）[MW],94,94.151,433,51,14.43,152.438,99,42,165,1145.019
20260705B06,（内訳）自エリアからの落札量[MW],94,90.814,433,51,1.93,116.777,99,42,158.481,1087.002
20260705B07,募集量（TSO別）[MW],60,167,432,51,53,137,99,40,165,1204
20260705B07,応札量合計（電源属地別）[MW],210.358,91.31,454.46,68.344,1.93,153.503,175.937,173.86,176.054,1505.756
20260705B07,落札量合計（電源属地別）[MW],93,91.31,435.337,63.901,1.93,116.777,145.201,89.57,117.89,1154.916
20260705B07,応札件数（電源属地別）[件],10,16,57,35,1,17,22,7,36,201
20260705B07,落札件数（電源属地別）[件],2,16,47,33,1,5,6,6,8,124
20260705B07,最高落札価格（電源属地別）[円/kW・30分],1.01,15,14.99,13.88,1.1,1.26,2.13,2.42,1.22,15
20260705B07,最低落札価格（電源属地別）[円/kW・30分],1,3.17,0.39,4.8,1.1,0.39,0.39,0.38,0.39,0.38
20260705B07,平均落札価格（電源属地別）[円/kW・30分],1.01,8.45,5.52,9.25,1.1,0.76,0.44,1.43,0.67,3.65
20260705B07,最高落札価格（TSO別）[円/kW・30分],1.01,15,14.99,13.88,11,2.42,2.13,1.9,1.9,15
20260705B07,最低落札価格（TSO別）[円/kW・30分],1,2.76,0.39,4.8,1.1,0.38,0.39,0.38,0.39,0.38
20260705B07,平均落札価格（TSO別）[円/kW・30分],1.01,8.42,5.5,9.42,7.64,1.09,0.44,0.86,0.61,3.65
20260705B07,落札量合計（TSO別）[MW],93,94.647,432,51,14.831,160.438,99,45,165,1154.916
20260705B07,（内訳）自エリアからの落札量[MW],93,91.31,432,51,1.93,116.777,99,45,117.89,1047.907
20260705B08,募集量（TSO別）[MW],60,167,433,51,53,137,99,40,166,1206
20260705B08,応札量合計（電源属地別）[MW],162.058,92.81,452.54,66.416,1.93,153.503,182.706,173.86,176.054,1461.877
20260705B08,落札量合計（電源属地別）[MW],113,92.81,436.337,63.901,1.93,116.777,150.17,86.601,117.89,1179.416
20260705B08,応札件数（電源属地別）[件],9,17,56,34,1,17,22,7,36,199
20260705B08,落札件数（電源属地別）[件],6,17,48,33,1,5,5,6,8,129
20260705B08,最高落札価格（電源属地別）[円/kW・30分],13.5,15,14.99,13.88,1.1,1.33,2.13,2.31,1.28,15
20260705B08,最低落札価格（電源属地別）[円/kW・30分],1,3.09,0.39,4.8,1.1,0.39,0.39,0.38,0.39,0.38
20260705B08,平均落札価格（電源属地別）[円/kW・30分],3.39,8.49,5.36,9.24,1.1,0.79,0.51,1.37,0.9,3.81
20260705B08,最高落札価格（TSO別）[円/kW・30分],13.5,15,14.99,13.88,10,2.31,0.42,1.9,2.13,15
20260705B08,最低落札価格（TSO別）[円/kW・30分],1,3.09,0.39,4.8,1.1,0.39,0.39,0.38,0.39,0.38
20260705B08,平均落札価格（TSO別）[円/kW・30分],3.39,8.71,5.28,9.25,8.17,1.07,0.4,0.85,0.85,3.81
20260705B08,落札量合計（TSO別）[MW],113,96.147,433,51,14.831,160.438,99,46,166,1179.416
20260705B08,（内訳）自エリアからの落札量[MW],113,92.81,433,51,1.93,116.777,99,46,117.89,1071.407
20260705B09,募集量（TSO別）[MW],60,167,434,51,53,138,99,41,166,1209
20260705B09,応札量合計（電源属地別）[MW],210.358,70.81,420.167,66.416,1.93,153.503,187.157,196.86,179.882,1487.083
20260705B09,落札量合計（電源属地別）[MW],103,70.81,406.96,63.901,1.93,114.927,142.309,92.484,121.718,1118.039
20260705B09,応札件数（電源属地別）[件],10,16,54,34,1,17,22,8,38,200
20260705B09,落札件数（電源属地別）[件],4,16,48,33,1,4,5,7,10,128
20260705B09,最高落札価格（電源属地別）[円/kW・30分],5,15,14.99,13.88,1.2,1.64,1.63,2.42,2,15
20260705B09,最低落札価格（電源属地別）[円/kW・30分],1,6.38,0.39,4.8,1.2,0.39,0.39,0.38,0.39,0.38
20260705B09,平均落札価格（電源属地別）[円/kW・30分],1.4,10.23,6.1,9.18,1.2,0.91,0.42,1.38,0.91,3.88
20260705B09,最高落札価格（TSO別）[円/kW・30分],5,15,14.99,13.88,10,2.42,0.42,1.9,2,15
20260705B09,最低落札価格（TSO別）[円/kW・30分],1,6.38,0.39,4.8,1.2,0.38,0.39,0.38,0.39,0.38
20260705B09,平均落札価格（TSO別）[円/kW・30分],1.4,10.23,6.1,9.69,6.41,1.06,0.4,1.3,0.79,3.88
20260705B09,落札量合計（TSO別）[MW],103,70.81,406.96,51,14.831,160.438,99,46,166,1118.039
20260705B09,（内訳）自エリアからの落札量[MW],103,70.81,406.96,51,1.93,114.927,99,46,121.718,1015.345
20260705B10,募集量（TSO別）[MW],60,167,435,51,53,138,99,41,166,1210
20260705B10,応札量合計（電源属地別）[MW],210.358,70.81,426.667,66.416,1.93,114.56,187.157,196.86,178.382,1453.14
20260705B10,落札量合計（電源属地別）[MW],114,70.81,411.61,63.901,1.93,92.834,142.309,130.698,121.718,1149.81
20260705B10,応札件数（電源属地別）[件],10,16,56,34,1,15,22,8,37,199
20260705B10,落札件数（電源属地別）[件],4,16,49,33,1,4,5,7,10,129
20260705B10,最高落札価格（電源属地別）[円/kW・30分],5,15,14.99,13.88,1.1,1.28,1.5,2.09,2,15
20260705B10,最低落札価格（電源属地別）[円/kW・30分],1,6.38,0.39,4.8,1.1,0.39,0.39,0.38,0.39,0.38
20260705B10,平均落札価格（電源属地別）[円/kW・30分],1.74,10.23,6.1,9.19,1.1,0.86,0.45,1.55,0.93,3.9
20260705B10,最高落札価格（TSO別）[円/kW・30分],5,15,14.99,13.88,13.2,2.09,0.5,1.9,2,15
20260705B10,最低落札価格（TSO別）[円/kW・30分],1,6.38,0.39,4.8,1.1,0.38,0.39,0.38,0.39,0.38
20260705B10,平均落札価格（TSO別）[円/kW・30分],1.74,10.23,6.1,8.94,9,1.24,0.43,1.36,0.81,3.9
20260705B10,落札量合計（TSO別）[MW],114,70.81,411.61,51,14.831,175.559,99,47,166,1149.81
20260705B10,（内訳）自エリアからの落札量[MW],114,70.81,411.61,51,1.93,92.834,99,47,121.718,1009.902
20260705B11,募集量（TSO別）[MW],60,167,435,51,53,138,99,41,166,1210
20260705B11,応札量合計（電源属地別）[MW],132.058,70.81,428.876,69.406,26.93,129.56,173.045,196.86,170.732,1398.277
20260705B11,落札量合計（電源属地別）[MW],126.69,70.81,410.9,63.901,26.93,92.834,142.309,134.892,117.89,1187.156
20260705B11,応札件数（電源属地別）[件],9,16,57,36,2,16,21,8,36,201
20260705B11,落札件数（電源属地別）[件],6,16,49,33,2,4,5,6,8,129
20260705B11,最高落札価格（電源属地別）[円/kW・30分],13.45,15,14.99,13.88,1.1,1.26,0.75,1.8,1.15,15
20260705B11,最低落札価格（電源属地別）[円/kW・30分],0.62,6.38,0.39,4.8,0.39,0.39,0.39,0.38,0.39,0.38
20260705B11,平均落札価格（電源属地別）[円/kW・30分],3.83,10.59,7.32,9.35,0.44,0.85,0.6,1.25,0.7,4.44
20260705B11,最高落札価格（TSO別）[円/kW・30分],13.45,15,14.99,13.88,13,1.57,0.72,1.8,1.57,15
20260705B11,最低落札価格（TSO別）[円/kW・30分],0.62,6.38,0.39,4.8,0.39,0.39,0.39,0.38,0.39,0.38
20260705B11,平均落札価格（TSO別）[円/kW・30分],3.83,10.59,7.32,9.11,3.64,1.16,0.59,0.76,0.7,4.44
20260705B11,落札量合計（TSO別）[MW],126.69,70.81,410.9,51,39.831,175.925,99,47,166,1187.156
20260705B11,（内訳）自エリアからの落札量[MW],126.69,70.81,410.9,51,26.93,92.834,99,47,117.89,1043.054
20260705B12,募集量（TSO別）[MW],60,167,435,51,53,138,99,41,166,1210
20260705B12,応札量合計（電源属地別）[MW],210.358,68.814,428.876,77.906,26.93,153.503,187.157,196.86,178.382,1528.786
20260705B12,落札量合計（電源属地別）[MW],122,68.814,411.82,73.901,26.93,116.777,140.509,93.434,121.718,1175.903
20260705B12,応札件数（電源属地別）[件],10,15,57,36,2,17,22,8,37,204
20260705B12,落札件数（電源属地別）[件],5,15,49,34,2,5,4,7,10,131
20260705B12,最高落札価格（電源属地別）[円/kW・30分],5,15,14.99,13.88,1.1,1.26,0.42,2.32,2,15
20260705B12,最低落札価格（電源属地別）[円/kW・30分],1,6.38,0.39,2.7,0.39,0.39,0.39,0.38,0.39,0.38
20260705B12,平均落札価格（電源属地別）[円/kW・30分],1.94,10.57,7.78,9.61,0.44,0.76,0.4,1.34,0.47,4.44
20260705B12,最高落札価格（TSO別）[円/kW・30分],5,15,14.99,13.2,13.88,1.9,0.42,1.9,2.32,15
20260705B12,最低落札価格（TSO別）[円/kW・30分],1,6.38,0.39,2.7,0.39,0.38,0.39,0.38,0.39,0.38
20260705B12,平均落札価格（TSO別）[円/kW・30分],1.94,10.57,7.78,9.75,4.51,0.84,0.4,1.59,0.47,4.44
20260705B12,落札量合計（TSO別）[MW],122,68.814,411.82,51,49.831,160.438,99,47,166,1175.903
20260705B12,（内訳）自エリアからの落札量[MW],122,68.814,411.82,51,26.93,116.777,99,47,121.718,1065.059
20260705B13,募集量（TSO別）[MW],61,176,455,60,56,152,101,43,169,1273
20260705B13,応札量合計（電源属地別）[MW],162.058,70.81,453.867,81.404,26.93,129.56,187.157,199.86,171.491,1483.137
20260705B13,落札量合計（電源属地別）[MW],100,70.81,452.891,81.404,26.93,115.826,172.978,61.78,162.341,1244.96
20260705B13,応札件数（電源属地別）[件],9,16,62,38,2,16,22,8,35,208
20260705B13,落札件数（電源属地別）[件],5,16,62,38,2,9,15,5,33,185
20260705B13,最高落札価格（電源属地別）[円/kW・30分],11.5,15,15,14.8,2,7.88,9.5,1.9,9.5,15
20260705B13,最低落札価格（電源属地別）[円/kW・30分],1,6.38,0.39,9.78,0.39,0.39,0.39,0.38,0.39,0.38
20260705B13,平均落札価格（電源属地別）[円/kW・30分],1.49,10.78,5.53,11.28,0.51,2.45,1.46,1.02,2.4,4.29
20260705B13,最高落札価格（TSO別）[円/kW・30分],11.5,15,15,13.49,14.8,9.5,2.13,1.9,9.5,15
20260705B13,最低落札価格（TSO別）[円/kW・30分],1,6.38,0.39,9.78,0.39,0.39,0.39,0.38,0.39,0.38
20260705B13,平均落札価格（TSO別）[円/kW・30分],1.49,10.78,5.53,11.13,5.46,2.46,0.61,0.85,2.43,4.29
20260705B13,落札量合計（TSO別）[MW],100,70.81,452.891,60,48.334,192.925,101,50,169,1244.96
20260705B13,（内訳）自エリアからの落札量[MW],100,70.81,452.891,60,26.93,115.826,101,50,162.341,1139.798
20260705B14,募集量（TSO別）[MW],61,182,463,63,57,155,102,44,171,1298
20260705B14,応札量合計（電源属地別）[MW],196.058,67.345,442.089,81.404,26.93,129.56,167.958,199.86,133.491,1444.695
20260705B14,落札量合計（電源属地別）[MW],128,67.345,442.089,81.404,26.93,129.56,167.958,49,130.5,1222.786
20260705B14,応札件数（電源属地別）[件],10,14,61,38,2,16,22,8,34,205
20260705B14,落札件数（電源属地別）[件],4,14,61,38,2,16,22,5,33,195
20260705B14,最高落札価格（電源属地別）[円/kW・30分],1.01,15,15,14.8,8.5,13.85,13.47,1.9,12,15
20260705B14,最低落札価格（電源属地別）[円/kW・30分],0.71,6.38,0.39,9.78,0.39,0.39,0.39,0.38,0.39,0.38
20260705B14,平均落札価格（電源属地別）[円/kW・30分],0.93,10.71,5.19,11.38,0.97,3.73,2.35,0.77,3.27,4.44
20260705B14,最高落札価格（TSO別）[円/kW・30分],1.01,15,15,13.8,14.8,13.85,2.13,1.9,13.47,15
20260705B14,最低落札価格（TSO別）[円/kW・30分],0.71,6.38,0.39,10,0.39,0.39,0.39,0.38,0.39,0.38
20260705B14,平均落札価格（TSO別）[円/kW・30分],0.93,10.71,5.19,11.33,5.27,4.63,0.56,0.77,3.1,4.44
20260705B14,落札量合計（TSO別）[MW],128,67.345,442.089,63,45.334,155.018,102,49,171,1222.786
20260705B14,（内訳）自エリアからの落札量[MW],128,67.345,442.089,63,26.93,129.56,102,49,130.5,1138.424
20260705B15,募集量（TSO別）[MW],62,187,469,66,58,159,103,44,172,1320
20260705B15,応札量合計（電源属地別）[MW],242.408,68.845,297.801,85.292,26.93,129.56,167.958,199.86,177.73,1396.384
20260705B15,落札量合計（電源属地別）[MW],88,68.845,297.801,85.292,26.93,125.237,167.958,50,177.73,1087.793
20260705B15,応札件数（電源属地別）[件],10,15,61,40,2,16,22,8,35,209
20260705B15,落札件数（電源属地別）[件],4,15,61,40,2,14,22,5,35,198
20260705B15,最高落札価格（電源属地別）[円/kW・30分],1,15,15,14.8,10,13.5,13.47,1.9,12,15
20260705B15,最低落札価格（電源属地別）[円/kW・30分],0.39,6.38,0.39,9.78,0.39,0.39,0.39,0.38,0.39,0.38
20260705B15,平均落札価格（電源属地別）[円/kW・30分],0.75,10.94,4.57,11.86,1.08,3.6,2.38,0.79,2.35,4.16
20260705B15,最高落札価格（TSO別）[円/kW・30分],1,15,15,14.8,14.7,13.5,2.13,1.9,12,15
20260705B15,最低落札価格（TSO別）[円/kW・30分],0.39,0.66,0.39,9.78,0.39,0.39,0.39,0.38,0.39,0.38
20260705B15,平均落札価格（TSO別）[円/kW・30分],0.75,10.38,4.63,12.15,5.17,4.3,0.45,0.79,2.2,4.16
20260705B15,落札量合計（TSO別）[MW],88,72.845,293.801,66,46.222,195.925,103,50,172,1087.793
20260705B15,（内訳）自エリアからの落札量[MW],88,68.845,293.801,66,26.93,125.237,103,50,172,993.813
20260705B16,募集量（TSO別）[MW],62,191,473,68,59,162,104,44,173,1336
20260705B16,応札量合計（電源属地別）[MW],160.108,52.845,403.159,87.291,26.93,129.56,167.958,199.86,177.73,1405.441
20260705B16,落札量合計（電源属地別）[MW],62,52.845,403.159,87.291,26.93,122.237,167.958,51,177.73,1151.15
20260705B16,応札件数（電源属地別）[件],8,13,63,41,2,16,22,8,35,208
20260705B16,落札件数（電源属地別）[件],2,13,63,41,2,13,22,5,35,196
20260705B16,最高落札価格（電源属地別）[円/kW・30分],1.01,15,15,14.8,11.9,13.5,13.47,1.9,12,15
20260705B16,最低落札価格（電源属地別）[円/kW・30分],1,6.38,0.39,9.99,0.39,0.39,0.39,0.38,0.39,0.38
20260705B16,平均落札価格（電源属地別）[円/kW・30分],1.01,12,4.85,12.06,1.21,3.47,2.53,0.81,2.59,4.42
20260705B16,最高落札価格（TSO別）[円/kW・30分],1.01,15,15,14.8,13.85,13.5,2.13,1.9,12,15
20260705B16,最低落札価格（TSO別）[円/kW・30分],1,6.38,0.39,9.99,0.39,0.39,0.39,0.38,0.39,0.38
20260705B16,平均落札価格（TSO別）[円/kW・30分],1.01,12,4.85,12.29,5.4,4.29,0.56,0.81,2.51,4.42
20260705B16,落札量合計（TSO別）[MW],62,52.845,403.159,68,46.221,190.925,104,51,173,1151.15
20260705B16,（内訳）自エリアからの落札量[MW],62,52.845,403.159,68,26.93,122.237,104,51,173,1063.171
20260705B17,募集量（TSO別）[MW],62,191,473,68,59,162,104,44,173,1336
20260705B17,応札量合計（電源属地別）[MW],208.408,54.345,400.355,89.281,26.93,129.56,167.958,199.86,185.38,1462.077
20260705B17,落札量合計（電源属地別）[MW],62,54.345,400.355,89.281,26.93,129.519,165.964,51,181.442,1160.836
20260705B17,応札件数（電源属地別）[件],9,14,62,42,2,16,22,8,36,211
20260705B17,落札件数（電源属地別）[件],4,14,62,42,2,16,21,5,34,200
20260705B17,最高落札価格（電源属地別）[円/kW・30分],1.01,15,15,14.8,12.5,13.85,13.47,1.9,13.03,15
20260705B17,最低落札価格（電源属地別）[円/kW・30分],0.98,6.38,0.39,9.99,0.39,0.39,0.39,0.38,0.39,0.38
20260705B17,平均落札価格（電源属地別）[円/kW・30分],0.99,10.7,5.04,12.13,1.26,4.03,2.21,0.81,2.12,4.39
20260705B17,最高落札価格（TSO別）[円/kW・30分],1.01,15,15,14.8,14.8,13.85,3,1.9,13.03,15
20260705B17,最低落札価格（TSO別）[円/kW・30分],0.98,6.38,0.39,9.99,0.39,0.39,0.39,0.38,0.39,0.38
20260705B17,平均落札価格（TSO別）[円/kW・30分],0.99,10.7,5.04,12.12,6.07,4.39,0.44,0.81,2.03,4.39
20260705B17,落札量合計（TSO別）[MW],62,54.345,400.355,68,48.211,199.925,104,51,173,1160.836
20260705B17,（内訳）自エリアからの落札量[MW],62,54.345,400.355,68,26.93,129.519,104,51,173,1069.149
20260705B18,募集量（TSO別）[MW],62,191,473,68,59,162,104,44,173,1336
20260705B18,応札量合計（電源属地別）[MW],160.108,50.849,431.974,89.281,80.93,129.56,167.958,199.86,185.38,1495.9
20260705B18,落札量合計（電源属地別）[MW],62,50.849,431.974,68.118,80.93,111.902,163.975,51,182,1202.748
20260705B18,応札件数（電源属地別）[件],8,12,63,42,4,16,22,8,36,211
20260705B18,落札件数（電源属地別）[件],2,12,63,31,4,7,20,5,35,179
20260705B18,最高落札価格（電源属地別）[円/kW・30分],1.01,15,15,13.86,13,13.29,13.1,1.9,9.89,15
20260705B18,最低落札価格（電源属地別）[円/kW・30分],1,6.38,0.39,9.99,0.39,0.39,0.39,0.38,0.39,0.38
20260705B18,平均落札価格（電源属地別）[円/kW・30分],1.01,12.59,4.83,11.58,0.69,2.56,2.14,0.81,2.03,3.89
20260705B18,最高落札価格（TSO別）[円/kW・30分],1.01,15,15,13.86,0.39,13.29,2.13,1.9,9.89,15
20260705B18,最低落札価格（TSO別）[円/kW・30分],1,6.38,0.39,9.99,0.39,0.39,0.39,0.38,0.39,0.38
20260705B18,平均落札価格（TSO別）[円/kW・30分],1.01,12.59,4.83,11.58,0.39,3.18,0.61,0.81,1.92,3.89
20260705B18,落札量合計（TSO別）[MW],62,50.849,431.974,68,59,202.925,104,51,173,1202.748
20260705B18,（内訳）自エリアからの落札量[MW],62,50.849,431.974,68,59,111.902,104,51,173,1111.725
20260705B19,募集量（TSO別）[MW],62,118,462,73,61,161,108,46,177,1268
20260705B19,応札量合計（電源属地別）[MW],210.358,74.995,451.459,89.281,80.93,129.56,167.958,165.86,185.38,1555.781
20260705B19,落札量合計（電源属地別）[MW],63,74.995,451.459,73,80.93,117.628,163.987,46,185.38,1256.379
20260705B19,応札件数（電源属地別）[件],10,14,65,42,4,16,22,7,36,216
20260705B19,落札件数（電源属地別）[件],4,14,65,34,4,10,20,4,36,191
20260705B19,最高落札価格（電源属地別）[円/kW・30分],1.01,15,15,14.35,13,13,12,1.8,12.9,15
20260705B19,最低落札価格（電源属地別）[円/kW・30分],0.98,6.15,0.71,9.99,0.39,0.39,0.39,1.2,0.39,0.39
20260705B19,平均落札価格（電源属地別）[円/kW・30分],0.99,10.77,4.41,11.67,0.69,2.71,2.35,1.75,2.25,3.96
20260705B19,最高落札価格（TSO別）[円/kW・30分],1.01,15,15,14.35,13,13,12.9,1.8,12,15
20260705B19,最低落札価格（TSO別）[円/kW・30分],0.98,6.15,0.71,9.99,0.39,0.39,0.39,1.2,0.39,0.39
20260705B19,平均落札価格（TSO別）[円/kW・30分],0.99,10.77,4.41,11.67,0.79,1.96,3.46,1.75,2.03,3.96
20260705B19,落札量合計（TSO別）[MW],63,74.995,451.459,73,61,201.925,108,46,177,1256.379
20260705B19,（内訳）自エリアからの落札量[MW],63,74.995,451.459,73,61,116.583,100.565,46,177,1163.602
20260705B20,募集量（TSO別）[MW],63,119,462,73,61,161,108,46,178,1271
20260705B20,応札量合計（電源属地別）[MW],162.058,74.995,469.898,89.281,80.93,129.56,167.958,165.86,185.38,1525.92
20260705B20,落札量合計（電源属地別）[MW],67,74.995,469.898,73,80.93,117.64,163.975,46,185.38,1278.818
20260705B20,応札件数（電源属地別）[件],9,14,66,42,4,16,22,7,36,216
20260705B20,落札件数（電源属地別）[件],3,14,66,34,4,10,20,4,36,191
20260705B20,最高落札価格（電源属地別）[円/kW・30分],1.01,15,15,13.86,12,13.24,13.1,1.8,12,15
20260705B20,最低落札価格（電源属地別）[円/kW・30分],1,6.15,0.71,9.98,0.39,0.39,0.39,1.2,0.39,0.39
20260705B20,平均落札価格（電源属地別）[円/kW・30分],1.01,10.77,4.34,11.53,0.67,2.99,2.38,1.75,2.51,3.99
20260705B20,最高落札価格（TSO別）[円/kW・30分],1.01,15,15,13.86,12,13.24,13.1,1.8,11.25,15
20260705B20,最低落札価格（TSO別）[円/kW・30分],1,4.6,0.71,9.98,0.39,0.39,0.39,1.2,0.39,0.39
20260705B20,平均落札価格（TSO別）[円/kW・30分],1.01,10.19,4.33,11.53,0.76,2.49,3,1.75,2.19,3.99
20260705B20,落札量合計（TSO別）[MW],67,82.893,462,73,61,200.925,108,46,178,1278.818
20260705B20,（内訳）自エリアからの落札量[MW],67,74.995,462,73,61,117.64,104.11,46,178,1183.745
20260705B21,募集量（TSO別）[MW],63,121,462,73,61,161,109,47,179,1276
20260705B21,応札量合計（電源属地別）[MW],170.358,74.995,499.004,87.287,80.93,129.56,180.685,165.86,183.88,1572.559
20260705B21,落札量合計（電源属地別）[MW],65,74.995,499.004,73,80.93,117.359,169.756,47,183.88,1310.924
20260705B21,応札件数（電源属地別）[件],9,14,66,41,4,16,23,7,35,215
20260705B21,落札件数（電源属地別）[件],3,14,66,34,4,10,17,4,35,187
20260705B21,最高落札価格（電源属地別）[円/kW・30分],1.01,15,15,13.86,9,11,10.77,1.8,9.5,15
20260705B21,最低落札価格（電源属地別）[円/kW・30分],0.98,6.38,0.67,9.98,0.39,0.39,0.39,1.2,0.39,0.39
20260705B21,平均落札価格（電源属地別）[円/kW・30分],0.99,11.11,3.96,11.35,0.6,2.61,1.85,1.75,2.43,3.74
20260705B21,最高落札価格（TSO別）[円/kW・30分],1.01,15,15,13.86,9,11,10.77,1.8,9.5,15
20260705B21,最低落札価格（TSO別）[円/kW・30分],0.98,3.45,0.67,9.98,0.39,0.39,0.39,1.2,0.39,0.39
20260705B21,平均落札価格（TSO別）[円/kW・30分],0.99,8.58,4.01,11.35,0.66,2.17,2.02,1.75,2.32,3.74
20260705B21,落札量合計（TSO別）[MW],65,111.999,462,73,61,202.925,109,47,179,1310.924
20260705B21,（内訳）自エリアからの落札量[MW],65,74.995,462,73,61,117.359,106.11,47,179,1185.464
20260705B22,募集量（TSO別）[MW],63,122,462,73,61,161,110,47,179,1278
20260705B22,応札量合計（電源属地別）[MW],118.59,74.995,506.127,89.281,80.93,129.56,180.685,165.86,183.88,1529.908
20260705B22,落札量合計（電源属地別）[MW],65,74.995,506.127,73,80.93,117.824,170.291,47,183.88,1319.047
20260705B22,応札件数（電源属地別）[件],6,14,66,42,4,16,23,7,35,213
20260705B22,落札件数（電源属地別）[件],2,14,66,35,4,10,18,4,35,188
20260705B22,最高落札価格（電源属地別）[円/kW・30分],1.01,15,15,13.85,9,12.5,12.62,1.8,9.5,15
20260705B22,最低落札価格（電源属地別）[円/kW・30分],0.97,6.38,0.72,9.5,0.39,0.39,0.39,1.2,0.39,0.39
20260705B22,平均落札価格（電源属地別）[円/kW・30分],1.01,11.11,4.33,11.15,0.6,2.95,1.75,1.75,2.38,3.88
20260705B22,最高落札価格（TSO別）[円/kW・30分],1.01,15,15,13.85,9,12.62,10.77,1.8,9.5,15
20260705B22,最低落札価格（TSO別）[円/kW・30分],0.97,3.83,0.72,9.5,0.39,0.39,0.39,1.2,0.39,0.39
20260705B22,平均落札価格（TSO別）[円/kW・30分],1.01,9.08,4.21,11.15,0.66,2.53,1.58,1.75,2.26,3.88
20260705B22,落札量合計（TSO別）[MW],65,119.122,462,73,61,202.925,110,47,179,1319.047
20260705B22,（内訳）自エリアからの落札量[MW],65,74.995,462,73,61,117.824,107.69,47,179,1187.509
20260705B23,募集量（TSO別）[MW],62,122,459,71,61,159,110,47,180,1271
20260705B23,応札量合計（電源属地別）[MW],118.608,74.995,492.31,85.791,80.93,129.56,180.685,165.86,183.88,1512.619
20260705B23,落札量合計（電源属地別）[MW],65,74.995,492.31,71,80.93,116.362,168.753,47,183.88,1300.23
20260705B23,応札件数（電源属地別）[件],6,14,70,40,4,16,23,7,35,215
20260705B23,落札件数（電源属地別）[件],2,14,70,33,4,10,17,4,35,189
20260705B23,最高落札価格（電源属地別）[円/kW・30分],1.01,15,15,13.85,11.9,12.5,12,1.8,9.5,15
20260705B23,最低落札価格（電源属地別）[円/kW・30分],0.97,6.38,0.67,9.98,0.39,0.39,0.39,1.2,0.39,0.39
20260705B23,平均落札価格（電源属地別）[円/kW・30分],1.01,11.1,4.25,11.21,0.66,2.83,1.77,1.75,2.25,3.82
20260705B23,最高落札価格（TSO別）[円/kW・30分],1.01,15,15,13.85,11.9,7.88,12.5,1.8,9.5,15
20260705B23,最低落札価格（TSO別）[円/kW・30分],0.97,3.28,0.67,9.98,0.39,0.39,0.39,1.2,0.39,0.39
20260705B23,平均落札価格（TSO別）[円/kW・30分],1.01,11.1,3.75,11.21,0.75,1.45,3.35,1.75,2.19,3.82
20260705B23,落札量合計（TSO別）[MW],65,108.305,459,71,61,198.925,110,47,180,1300.23
20260705B23,（内訳）自エリアからの落札量[MW],65,74.995,459,71,61,93.856,85.604,47,180,1137.455
20260705B24,募集量（TSO別）[MW],62,122,459,70,61,160,110,47,180,1271
20260705B24,応札量合計（電源属地別）[MW],116.708,72.999,527.201,81.811,80.93,127.823,180.685,165.86,181.882,1535.899
20260705B24,落札量合計（電源属地別）[MW],65,72.999,508.001,72.214,80.93,115.072,172.724,47,181.882,1315.822
20260705B24,応札件数（電源属地別）[件],5,13,70,38,4,16,23,7,34,210
20260705B24,落札件数（電源属地別）[件],2,13,69,33,4,10,19,4,34,188
20260705B24,最高落札価格（電源属地別）[円/kW・30分],1.01,15,15,13.88,11.9,13.8,13.47,1.8,11.3,15
20260705B24,最低落札価格（電源属地別）[円/kW・30分],1,6.38,0.67,9.98,0.39,0.39,0.39,1.2,0.39,0.39
20260705B24,平均落札価格（電源属地別）[円/kW・30分],1.01,11,3.94,11.32,0.66,2.98,1.94,1.75,2.64,3.78
20260705B24,最高落札価格（TSO別）[円/kW・30分],1.01,15,15,13.88,13.85,13.8,13.8,1.8,13.1,15
20260705B24,最低落札価格（TSO別）[円/kW・30分],1,2.13,0.67,9.98,0.39,0.39,0.39,1.2,0.39,0.39
20260705B24,平均落札価格（TSO別）[円/kW・30分],1.01,9.58,3.56,11.24,1.24,1.72,3.22,1.75,2.57,3.78
20260705B24,落札量合計（TSO別）[MW],65,122,459,70,61,201.822,110,47,180,1315.822
20260705B24,（内訳）自エリアからの落札量[MW],65,72.999,459,70,58.786,91.539,86.467,47,179.892,1130.683
20260705B25,募集量（TSO別）[MW],62,123,458,67,62,160,108,47,179,1266
20260705B25,応札量合計（電源属地別）[MW],165.008,76.345,521.52,79.314,80.93,129.56,180.685,165.86,224.232,1623.454
20260705B25,落札量合計（電源属地別）[MW],62,68.027,512.973,67,80.93,115.826,149.949,47,204.967,1308.672
20260705B25,応札件数（電源属地別）[件],6,15,66,37,4,16,23,7,33,207
20260705B25,落札件数（電源属地別）[件],3,11,64,31,4,9,7,4,23,156
20260705B25,最高落札価格（電源属地別）[円/kW・30分],1.01,15,14.99,13.2,4.5,7.88,3,1.8,8.99,15
20260705B25,最低落札価格（電源属地別）[円/kW・30分],0.98,6.09,0.65,7.24,0.39,0.39,0.39,1.2,0.39,0.39
20260705B25,平均落札価格（電源属地別）[円/kW・30分],0.99,10.32,3.8,10.13,0.49,2.45,0.75,1.75,1.45,3.22
20260705B25,最高落札価格（TSO別）[円/kW・30分],1.01,15,14.99,13.2,0.39,7.88,2.13,1.8,8.99,15
20260705B25,最低落札価格（TSO別）[円/kW・30分],0.98,4.05,0.65,7.24,0.39,0.39,0.39,1.2,0.39,0.39
20260705B25,平均落札価格（TSO別）[円/kW・30分],0.99,7.52,3.77,10.13,0.39,1.77,0.66,1.75,1.57,3.22
20260705B25,落札量合計（TSO別）[MW],62,123,458,67,62,202.672,108,47,179,1308.672
20260705B25,（内訳）自エリアからの落札量[MW],62,68.027,458,67,62,115.826,108,47,179,1166.853
20260705B26,募集量（TSO別）[MW],62,123,458,67,62,160,108,47,179,1266
20260705B26,応札量合計（電源属地別）[MW],205.008,76.345,554.169,71.312,80.93,153.503,180.685,165.86,231.882,1719.694
20260705B26,落札量合計（電源属地別）[MW],62,65.789,515.211,67,80.93,114.927,153.907,47,188.822,1295.586
20260705B26,応札件数（電源属地別）[件],7,15,68,37,4,17,23,7,34,212
20260705B26,落札件数（電源属地別）[件],4,12,64,35,4,4,9,4,15,151
20260705B26,最高落札価格（電源属地別）[円/kW・30分],1.01,15,14.99,14.7,1.4,1.64,3,1.8,4,15
20260705B26,最低落札価格（電源属地別）[円/kW・30分],0.98,6.09,0.65,2.9,0.39,0.39,0.39,1.7,0.39,0.39
20260705B26,平均落札価格（電源属地別）[円/kW・30分],0.99,10.16,3.61,10.57,0.41,0.91,0.81,1.79,0.77,2.92
20260705B26,最高落札価格（TSO別）[円/kW・30分],1.01,15,14.99,14.7,0.39,3,2.13,1.8,4,15
20260705B26,最低落札価格（TSO別）[円/kW・30分],0.98,4.05,0.65,2.9,0.39,0.39,0.39,1.7,0.39,0.39
20260705B26,平均落札価格（TSO別）[円/kW・30分],0.99,7.32,3.55,10.57,0.39,0.9,0.66,1.79,0.79,2.92
20260705B26,落札量合計（TSO別）[MW],62,123,458,67,62,189.586,108,47,179,1295.586
20260705B26,（内訳）自エリアからの落札量[MW],62,65.789,458,67,62,114.927,108,47,179,1163.716
20260705B27,募集量（TSO別）[MW],62,123,458,67,62,160,108,47,179,1266
20260705B27,応札量合計（電源属地別）[MW],158.658,76.345,491.868,83.311,80.93,145.256,180.685,165.86,183.88,1566.793
20260705B27,落札量合計（電源属地別）[MW],62,76.345,491.868,67,80.93,131.522,154.907,47,179.566,1291.138
20260705B27,応札件数（電源属地別）[件],7,15,64,39,4,17,23,7,35,211
20260705B27,落札件数（電源属地別）[件],3,15,64,31,4,10,10,4,33,174
20260705B27,最高落札価格（電源属地別）[円/kW・30分],1.01,15,15,13.2,7,7.88,9.5,1.8,9.3,15
20260705B27,最低落札価格（電源属地別）[円/kW・30分],1,5.62,0.69,9.88,0.39,0.39,0.39,1.7,0.39,0.39
20260705B27,平均落札価格（電源属地別）[円/kW・30分],1.01,10.51,4.04,10.35,0.55,2.25,0.9,1.79,2.52,3.53
20260705B27,最高落札価格（TSO別）[円/kW・30分],1.01,15,15,13.2,0.39,9.5,2.13,1.8,9.3,15
20260705B27,最低落札価格（TSO別）[円/kW・30分],1,2.13,0.69,9.88,0.39,0.39,0.39,1.7,0.39,0.39
20260705B27,平均落札価格（TSO別）[円/kW・30分],1.01,11.2,3.39,10.35,0.39,2.01,0.57,1.79,2.5,3.53
20260705B27,落札量合計（TSO別）[MW],62,110.213,458,67,62,197.925,108,47,179,1291.138
20260705B27,（内訳）自エリアからの落札量[MW],62,76.345,458,67,62,131.522,108,47,179,1190.867
20260705B28,募集量（TSO別）[MW],62,122,458,67,62,159,108,47,179,1264
20260705B28,応札量合計（電源属地別）[MW],208.458,76.345,547.953,73.311,80.93,125.237,180.685,165.86,183.88,1642.659
20260705B28,落札量合計（電源属地別）[MW],62,70.722,509.278,67.059,80.93,113.501,170.766,47,181.98,1303.236
20260705B28,応札件数（電源属地別）[件],9,15,67,38,4,16,23,7,35,214
20260705B28,落札件数（電源属地別）[件],4,12,64,35,4,10,18,4,34,185
20260705B28,最高落札価格（電源属地別）[円/kW・30分],1.01,15,14.99,13.9,7,11,12.59,1.8,9.5,15
20260705B28,最低落札価格（電源属地別）[円/kW・30分],0.98,5.15,0.39,7.5,0.39,0.39,0.39,1.2,0.39,0.39
20260705B28,平均落札価格（電源属地別）[円/kW・30分],0.99,9.8,3.5,10.92,0.55,2.73,1.67,1.75,2.5,3.41
20260705B28,最高落札価格（TSO別）[円/kW・30分],1.01,15,14.99,13.9,0.39,12.59,2.13,1.8,9.5,15
20260705B28,最低落札価格（TSO別）[円/kW・30分],0.98,0.39,0.66,7.5,0.39,0.39,0.39,1.2,0.39,0.39
20260705B28,平均落札価格（TSO別）[円/kW・30分],0.99,8.79,3.06,10.92,0.39,2.86,0.59,1.75,2.47,3.41
20260705B28,落札量合計（TSO別）[MW],62,122,458,67,62,198.236,108,47,179,1303.236
20260705B28,（内訳）自エリアからの落札量[MW],62,70.722,458,67,62,113.501,108,47,179,1167.223
20260705B29,募集量（TSO別）[MW],62,121,458,67,62,160,108,47,179,1264
20260705B29,応札量合計（電源属地別）[MW],160.158,76.345,550.737,85.301,80.93,126.367,180.685,165.86,185.38,1611.763
20260705B29,落札量合計（電源属地別）[MW],62,66.938,512.062,67,80.93,114.631,169.925,47,183.88,1304.366
20260705B29,応札件数（電源属地別）[件],8,15,67,40,4,16,23,7,36,216
20260705B29,落札件数（電源属地別）[件],3,10,64,31,4,10,18,4,35,179
20260705B29,最高落札価格（電源属地別）[円/kW・30分],1.01,15,14.99,13.2,1.2,11,12,1.8,9.99,15
20260705B29,最低落札価格（電源属地別）[円/kW・30分],1,4.3,0.39,9.98,0.39,0.39,0.39,1.2,0.39,0.39
20260705B29,平均落札価格（電源属地別）[円/kW・30分],1.01,8.83,4,11.06,0.41,2.5,1.83,1.75,2.14,3.49
20260705B29,最高落札価格（TSO別）[円/kW・30分],1.01,15,14.99,13.2,0.39,12,2.13,1.8,9.99,15
20260705B29,最低落札価格（TSO別）[円/kW・30分],1,0.39,0.74,9.98,0.39,0.39,0.39,1.2,0.39,0.39
20260705B29,平均落札価格（TSO別）[円/kW・30分],1.01,9.03,3.38,11.06,0.39,2.72,0.66,1.75,2.14,3.49
20260705B29,落札量合計（TSO別）[MW],62,121,458,67,62,200.366,108,47,179,1304.366
20260705B29,（内訳）自エリアからの落札量[MW],62,66.938,458,67,62,114.631,108,47,179,1164.569
20260705B30,募集量（TSO別）[MW],62,118,457,67,62,160,108,47,178,1259
20260705B30,応札量合計（電源属地別）[MW],194.158,74.349,421.236,98.798,80.93,153.498,180.685,165.86,185.38,1554.894
20260705B30,落札量合計（電源属地別）[MW],62,74.349,421.236,67,80.93,137.412,149.949,47,166.696,1206.572
20260705B30,応札件数（電源属地別）[件],9,14,60,43,4,17,23,7,36,213
20260705B30,落札件数（電源属地別）[件],4,14,60,27,4,10,7,4,26,156
20260705B30,最高落札価格（電源属地別）[円/kW・30分],1.01,15,15,12.85,1.2,7.88,3,1.8,6.75,15
20260705B30,最低落札価格（電源属地別）[円/kW・30分],0.39,2.41,0.39,0.45,0.39,0.39,0.39,1.2,0.3,0.3
20260705B30,平均落札価格（電源属地別）[円/kW・30分],0.67,8.1,5.51,9.35,0.41,1.87,0.75,1.75,1.34,3.56
20260705B30,最高落札価格（TSO別）[円/kW・30分],1.01,15,15,12.85,0.39,7.88,2.13,1.8,6.75,15
20260705B30,最低落札価格（TSO別）[円/kW・30分],0.39,2.41,0.39,0.45,0.39,0.39,0.39,1.2,0.3,0.3
20260705B30,平均落札価格（TSO別）[円/kW・30分],0.67,8.1,5.51,9.35,0.39,1.59,0.67,1.75,1.3,3.56
20260705B30,落札量合計（TSO別）[MW],62,74.349,421.236,67,62,186.987,108,47,178,1206.572
20260705B30,（内訳）自エリアからの落札量[MW],62,74.349,421.236,67,62,137.412,108,47,166.696,1145.693
20260705B31,募集量（TSO別）[MW],60,188,457,67,62,160,108,45,174,1321
20260705B31,応札量合計（電源属地別）[MW],194.158,54.345,423.518,87.287,80.93,153.498,166.573,165.86,135.38,1461.549
20260705B31,落札量合計（電源属地別）[MW],106,54.345,423.518,67,80.553,141.762,162.602,45,133,1213.78
20260705B31,応札件数（電源属地別）[件],9,14,61,41,4,17,22,7,35,210
20260705B31,落札件数（電源属地別）[件],3,14,61,31,4,11,20,3,34,181
20260705B31,最高落札価格（電源属地別）[円/kW・30分],1.01,15,15,13.85,11.5,11,12,1.8,9.9,15
20260705B31,最低落札価格（電源属地別）[円/kW・30分],0.61,6.38,0.39,9.98,0.39,0.39,0.39,0.92,0.39,0.39
20260705B31,平均落札価格（電源属地別）[円/kW・30分],0.88,10.55,5.24,11.32,0.6,2.27,2.17,1.64,2.68,3.95
20260705B31,最高落札価格（TSO別）[円/kW・30分],1.01,15,15,13.85,0.39,11.5,0.92,1.8,12,15
20260705B31,最低落札価格（TSO別）[円/kW・30分],0.61,6.38,0.39,9.98,0.39,0.39,0.39,0.92,0.39,0.39
20260705B31,平均落札価格（TSO別）[円/kW・30分],0.88,10.55,5.24,11.32,0.39,2.37,0.66,1.64,3.28,3.95
20260705B31,落札量合計（TSO別）[MW],106,54.345,423.518,67,62,173.917,108,45,174,1213.78
20260705B31,（内訳）自エリアからの落札量[MW],106,54.345,423.518,67,62,141.762,108,45,133,1140.625
20260705B32,募集量（TSO別）[MW],60,188,458,67,62,160,108,45,174,1322
20260705B32,応札量合計（電源属地別）[MW],170.158,54.345,442.907,89.281,80.93,105.615,166.573,165.86,169.38,1445.049
20260705B32,落札量合計（電源属地別）[MW],119,54.345,442.907,67,79,83.889,153.278,99.277,153.17,1251.866
20260705B32,応札件数（電源属地別）[件],9,14,62,42,4,15,22,7,36,211
20260705B32,落札件数（電源属地別）[件],6,14,62,33,3,4,15,4,28,169
20260705B32,最高落札価格（電源属地別）[円/kW・30分],10.75,15,15,13.85,0.39,7.88,9.89,1.8,9.9,15
20260705B32,最低落札価格（電源属地別）[円/kW・30分],0.39,6.38,0.39,5,0.39,0.39,0.39,0.92,0.39,0.39
20260705B32,平均落札価格（電源属地別）[円/kW・30分],1.86,10.56,5.09,10.63,0.39,2.53,1.74,1.26,1.76,3.73
20260705B32,最高落札価格（TSO別）[円/kW・30分],10.75,15,15,13.85,0.39,7.88,9.89,1.8,9.9,15
20260705B32,最低落札価格（TSO別）[円/kW・30分],0.39,6.38,0.39,5,0.39,0.39,0.39,0.92,0.39,0.39
20260705B32,平均落札価格（TSO別）[円/kW・30分],1.86,10.56,5.09,10.63,0.39,1.58,0.82,1.66,2.48,3.73
20260705B32,落札量合計（TSO別）[MW],119,54.345,442.907,67,62,179.614,108,45,174,1251.866
20260705B32,（内訳）自エリアからの落札量[MW],119,54.345,442.907,67,62,83.889,97.225,45,153.17,1124.536
20260705B33,募集量（TSO別）[MW],60,188,458,67,63,160,108,45,174,1323
20260705B33,応札量合計（電源属地別）[MW],170.158,54.345,444.897,89.281,80.93,86.001,180.685,165.86,176.38,1448.537
20260705B33,落札量合計（電源属地別）[MW],106.106,54.345,444.897,67,80.93,47.425,148.149,99.496,174,1222.348
20260705B33,応札件数（電源属地別）[件],9,14,63,42,4,14,23,7,37,213
20260705B33,落札件数（電源属地別）[件],5,14,63,34,4,1,6,6,36,169
20260705B33,最高落札価格（電源属地別）[円/kW・30分],4.1,15,15,13.85,1.5,1.64,2.13,2.42,9.99,15
20260705B33,最低落札価格（電源属地別）[円/kW・30分],0.39,6.38,0.39,7.5,0.39,1.64,0.39,1.7,0.39,0.39
20260705B33,平均落札価格（電源属地別）[円/kW・30分],1.01,10.46,5.18,10.77,0.42,1.64,0.56,2.05,2.03,3.64
20260705B33,最高落札価格（TSO別）[円/kW・30分],4.1,15,15,13.85,0.39,2.42,2.13,1.9,9.99,15
20260705B33,最低落札価格（TSO別）[円/kW・30分],0.39,6.38,0.39,7.5,0.39,0.39,0.39,1.8,0.39,0.39
20260705B33,平均落札価格（TSO別）[円/kW・30分],1.01,10.46,5.18,10.77,0.39,1.45,0.55,1.82,2.03,3.64
20260705B33,落札量合計（TSO別）[MW],106.106,54.345,444.897,67,63,160,108,45,174,1222.348
20260705B33,（内訳）自エリアからの落札量[MW],106.106,54.345,444.897,67,63,47.425,108,45,174,1109.773
20260705B34,募集量（TSO別）[MW],60,186,458,67,63,160,108,44,173,1319
20260705B34,応札量合計（電源属地別）[MW],160.158,42.81,444.897,89.281,80.93,86.001,173.716,165.86,178.43,1422.083
20260705B34,落札量合計（電源属地別）[MW],123.99,42.81,444.897,67,80.93,49.275,134.037,162.04,121.718,1226.697
20260705B34,応札件数（電源属地別）[件],8,13,63,42,4,14,23,7,37,211
20260705B34,落札件数（電源属地別）[件],6,13,63,31,4,2,5,7,10,141
20260705B34,最高落札価格（電源属地別）[円/kW・30分],13.4,15,15,13.1,1.5,1.37,0.74,1.9,2,15
20260705B34,最低落札価格（電源属地別）[円/kW・30分],1,5.91,0.39,3.75,0.39,1.37,0.39,1.43,0.39,0.39
20260705B34,平均落札価格（電源属地別）[円/kW・30分],2.03,10.07,4.82,10.46,0.42,1.37,0.58,1.6,0.7,3.3
20260705B34,最高落札価格（TSO別）[円/kW・30分],13.4,15,15,13.1,1.5,1.9,0.74,1.8,2,15
20260705B34,最低落札価格（TSO別）[円/kW・30分],1,5.91,0.39,3.75,0.39,0.39,0.39,1.43,0.39,0.39
20260705B34,平均落札価格（TSO別）[円/kW・30分],2.03,10.07,4.82,10.46,0.42,1.22,0.62,1.74,0.91,3.3
20260705B34,落札量合計（TSO別）[MW],123.99,42.81,444.897,67,63,160,108,44,173,1226.697
20260705B34,（内訳）自エリアからの落札量[MW],123.99,42.81,444.897,67,63,49.275,108,44,121.718,1064.69
20260705B35,募集量（TSO別）[MW],60,184,458,67,63,159,107,44,172,1314
20260705B35,応札量合計（電源属地別）[MW],124.158,44.31,354.594,83.522,80.93,86.001,180.685,165.86,178.43,1298.49
20260705B35,落札量合計（電源属地別）[MW],84,44.31,354.594,67,80.93,49.275,134.037,164.844,115.914,1094.904
20260705B35,応札件数（電源属地別）[件],8,14,62,39,4,14,23,7,37,208
20260705B35,落札件数（電源属地別）[件],6,14,62,30,4,2,5,7,7,137
20260705B35,最高落札価格（電源属地別）[円/kW・30分],14,15,15,12.85,1.6,1.38,1.06,1.9,2,15
20260705B35,最低落札価格（電源属地別）[円/kW・30分],1.07,5.33,0.39,9.8,0.39,1.38,0.39,0.53,0.39,0.39
20260705B35,平均落札価格（電源属地別）[円/kW・30分],4.88,10.08,4.62,10.68,0.42,1.38,0.81,1.03,0.88,3.37
20260705B35,最高落札価格（TSO別）[円/kW・30分],14,15,15,12.85,1.6,1.9,1.06,1.8,2,15
20260705B35,最低落札価格（TSO別）[円/kW・30分],1.07,5.33,0.39,9.8,0.39,0.39,0.39,0.53,0.39,0.39
20260705B35,平均落札価格（TSO別）[円/kW・30分],4.88,10.08,4.62,10.68,0.43,1,0.84,1.63,0.79,3.37
20260705B35,落札量合計（TSO別）[MW],84,44.31,354.594,67,63,159,107,44,172,1094.904
20260705B35,（内訳）自エリアからの落札量[MW],84,44.31,354.594,67,63,49.275,107,44,115.914,929.093
20260705B36,募集量（TSO別）[MW],60,181,458,66,63,158,108,43,171,1308
20260705B36,応札量合計（電源属地別）[MW],204.158,40.814,330.045,80.023,80.93,86.001,147.591,165.86,167.78,1303.202
20260705B36,落札量合計（電源属地別）[MW],124.74,40.814,330.045,66,79,49.275,120.813,165.86,128.052,1104.599
20260705B36,応札件数（電源属地別）[件],10,12,62,37,4,14,19,7,35,200
20260705B36,落札件数（電源属地別）[件],5,12,62,31,3,2,5,7,14,141
20260705B36,最高落札価格（電源属地別）[円/kW・30分],4.23,15,15,12.85,0.39,1.34,3,1.9,4,15
20260705B36,最低落札価格（電源属地別）[円/kW・30分],1.62,4.7,0.39,9.8,0.39,1.34,1.14,0.36,0.39,0.36
20260705B36,平均落札価格（電源属地別）[円/kW・30分],3.55,9.48,4.41,10.42,0.39,1.34,1.3,0.89,2.15,3.3
20260705B36,最高落札価格（TSO別）[円/kW・30分],4.23,15,15,12.85,0.39,1.9,3,1.8,4,15
20260705B36,最低落札価格（TSO別）[円/kW・30分],1.62,4.7,0.39,9.8,0.39,0.36,0.36,0.36,0.36,0.36
20260705B36,平均落札価格（TSO別）[円/kW・30分],3.55,9.48,4.41,10.42,0.39,0.97,1.3,1.6,1.7,3.3
20260705B36,落札量合計（TSO別）[MW],124.74,40.814,330.045,66,63,158,108,43,171,1104.599
20260705B36,（内訳）自エリアからの落札量[MW],124.74,40.814,330.045,66,63,49.275,102.813,43,128.052,947.739
20260705B37,募集量（TSO別）[MW],59,180,459,65,63,153,107,41,170,1297
20260705B37,応札量合計（電源属地別）[MW],246.458,56.31,512.077,83.285,80.93,84.041,143.63,179.86,162.362,1548.953
20260705B37,落札量合計（電源属地別）[MW],152,56.31,512.077,65,80.93,47.425,115.055,179.59,111,1319.387
20260705B37,応札件数（電源属地別）[件],10,15,66,39,4,13,17,8,32,204
20260705B37,落札件数（電源属地別）[件],7,15,66,30,4,1,2,8,5,138
20260705B37,最高落札価格（電源属地別）[円/kW・30分],4.23,15,15,10,1.4,1.64,1.3,1.9,2.65,15
20260705B37,最低落札価格（電源属地別）[円/kW・30分],2.14,3.96,0.39,7.15,0.39,1.64,1.14,0.36,0.43,0.36
20260705B37,平均落札価格（電源属地別）[円/kW・30分],3.27,8.54,3.98,9.73,0.41,1.64,1.22,0.97,2.32,3.28
20260705B37,最高落札価格（TSO別）[円/kW・30分],4.23,15,15,10,1.4,1.9,1.7,1.9,2.65,15
20260705B37,最低落札価格（TSO別）[円/kW・30分],2.14,3.96,0.39,7.15,0.39,0.36,0.36,1.8,0.36,0.36
20260705B37,平均落札価格（TSO別）[円/kW・30分],3.27,10.52,2.98,9.73,0.42,1.19,1.1,1.86,1.66,3.28
20260705B37,落札量合計（TSO別）[MW],152,109.387,459,65,63,153,107,41,170,1319.387
20260705B37,（内訳）自エリアからの落札量[MW],152,56.31,459,65,63,47.425,89.715,41,111,1084.45
20260705B38,募集量（TSO別）[MW],59,180,458,65,63,153,107,41,170,1296
20260705B38,応札量合計（電源属地別）[MW],196.19,42.81,515.955,73.323,80.93,84.041,143.63,165.86,162.362,1465.101
20260705B38,落札量合計（電源属地別）[MW],150.24,42.81,515.955,73.323,80.93,84.041,115.055,143,111,1316.354
20260705B38,応札件数（電源属地別）[件],8,13,66,38,4,13,17,7,32,198
20260705B38,落札件数（電源属地別）[件],5,13,66,38,4,13,2,4,5,150
20260705B38,最高落札価格（電源属地別）[円/kW・30分],4.23,15,15,14.8,1.4,13.85,1.57,1.8,3.03,15
20260705B38,最低落札価格（電源属地別）[円/kW・30分],2.58,3.63,0.39,3.62,0.39,1.34,1.41,0.36,0.82,0.36
20260705B38,平均落札価格（電源属地別）[円/kW・30分],3.52,9.43,4.2,10.14,0.49,4.66,1.49,0.74,2.69,3.68
20260705B38,最高落札価格（TSO別）[円/kW・30分],4.23,15,15,14.8,10,13.85,1.57,1.8,3.03,15
20260705B38,最低落札価格（TSO別）[円/kW・30分],2.58,1.06,0.39,3.62,0.39,0.36,0.36,0.36,0.36,0.36
20260705B38,平均落札価格（TSO別）[円/kW・30分],3.52,6.15,4.26,10.25,1.4,3.17,1.12,1.72,1.88,3.68
20260705B38,落札量合計（TSO別）[MW],150.24,100.765,458,65,56.84,148.603,123.906,43,170,1316.354
20260705B38,（内訳）自エリアからの落札量[MW],150.24,42.81,458,65,50.93,84.041,82.906,40,111,1084.927
20260705B39,募集量（TSO別）[MW],59,180,459,65,63,153,107,41,170,1297
20260705B39,応札量合計（電源属地別）[MW],220.49,44.31,517.757,110.976,80.93,86.001,143.63,165.86,158.549,1528.503
20260705B39,落札量合計（電源属地別）[MW],173.04,44.31,517.757,110.976,80.93,86.001,57.583,150.417,111,1332.014
20260705B39,応札件数（電源属地別）[件],9,14,66,41,4,14,17,7,30,202
20260705B39,落札件数（電源属地別）[件],5,14,66,41,4,14,1,7,5,157
20260705B39,最高落札価格（電源属地別）[円/kW・30分],4.23,15,15,14.8,1.4,13.85,2.06,1.9,3.04,15
20260705B39,最低落札価格（電源属地別）[円/kW・30分],2.76,3.34,0.39,1.97,0.88,1.44,2.06,0.36,0.83,0.36
20260705B39,平均落札価格（電源属地別）[円/kW・30分],3.82,9.54,4.36,8.4,1.07,4.59,2.06,0.79,2.7,3.97
20260705B39,最高落札価格（TSO別）[円/kW・30分],4.23,15,15,14.8,10,13.85,2.06,1.9,3.04,15
20260705B39,最低落札価格（TSO別）[円/kW・30分],2.76,2.55,0.39,2.5,0.88,1.08,0.36,1.8,0.36,0.36
20260705B39,平均落札価格（TSO別）[円/kW・30分],3.82,6.61,4.35,9.97,2.28,4.11,1.3,1.8,1.9,3.97
20260705B39,落札量合計（TSO別）[MW],173.04,103.067,459,65,59.907,153,107,42,170,1332.014
20260705B39,（内訳）自エリアからの落札量[MW],173.04,44.31,459,65,50.93,86.001,57.583,42,111,1088.864
20260705B40,募集量（TSO別）[MW],59,179,458,65,62,153,107,41,169,1293
20260705B40,応札量合計（電源属地別）[MW],153.158,56.31,519.675,113.952,80.93,86.001,145.602,165.86,156.534,1478.022
20260705B40,落札量合計（電源属地別）[MW],105.708,56.31,519.675,65.028,80.93,47.425,115.055,165.86,122.702,1278.693
20260705B40,応札件数（電源属地別）[件],9,15,67,41,4,14,18,7,29,204
20260705B40,落札件数（電源属地別）[件],5,15,67,34,4,1,2,7,11,146
20260705B40,最高落札価格（電源属地別）[円/kW・30分],4.23,15,15,13,1.5,1.64,1.57,1.9,3,15
20260705B40,最低落札価格（電源属地別）[円/kW・30分],1.83,4.13,0.39,4.8,0.39,1.64,1.41,0.36,0.76,0.36
20260705B40,平均落札価格（電源属地別）[円/kW・30分],3.78,8.61,3.91,8.74,0.49,1.64,1.49,0.9,2.63,3.32
20260705B40,最高落札価格（TSO別）[円/kW・30分],4.23,15,15,13,4.8,1.9,1.7,1.8,3,15
20260705B40,最低落札価格（TSO別）[円/kW・30分],1.83,3.45,0.39,4.8,0.39,0.36,0.36,0.36,0.36,0.36
20260705B40,平均落札価格（TSO別）[円/kW・30分],3.78,5.91,3.97,8.74,0.51,1.11,1.38,1.69,2.02,3.32
20260705B40,落札量合計（TSO別）[MW],105.708,117.985,458,65,62,153,107,41,169,1278.693
20260705B40,（内訳）自エリアからの落札量[MW],105.708,56.31,458,65,61.972,47.425,94.003,41,122.702,1052.12
20260705B41,募集量（TSO別）[MW],59,179,458,65,61,152,107,41,169,1291
20260705B41,応札量合計（電源属地別）[MW],217.458,56.31,495.113,119.979,80.93,101.657,145.602,165.86,162.353,1545.262
20260705B41,落札量合計（電源属地別）[MW],143.99,56.31,495.113,115.58,80.93,101.104,57.583,150.417,111,1312.027
20260705B41,応札件数（電源属地別）[件],10,15,66,40,4,13,18,7,32,205
20260705B41,落札件数（電源属地別）[件],6,15,66,38,4,13,1,7,5,155
20260705B41,最高落札価格（電源属地別）[円/kW・30分],4.23,15,15,13.29,7.5,13.85,1.41,1.9,2.6,15
20260705B41,最低落札価格（電源属地別）[円/kW・30分],3.59,4.81,0.39,5,0.39,0.39,1.41,0.36,0.39,0.36
20260705B41,平均落札価格（電源属地別）[円/kW・30分],4.1,8.89,4.38,9.17,0.63,4.13,1.41,0.78,2.25,3.99
20260705B41,最高落札価格（TSO別）[円/kW・30分],4.23,15,15,13.29,7.5,13.85,1.41,1.8,2.6,15
20260705B41,最低落札価格（TSO別）[円/kW・30分],3.59,3.6,0.39,5,0.39,0.39,0.36,0.36,0.36,0.36
20260705B41,平均落札価格（TSO別）[円/kW・30分],4.1,6.79,4.44,9.46,0.64,5.1,0.9,1.67,1.66,3.99
20260705B41,落札量合計（TSO別）[MW],143.99,93.423,458,65,61,171.614,107,43,169,1312.027
20260705B41,（内訳）自エリアからの落札量[MW],143.99,56.31,458,65,61,101.104,54,43,111,1093.404
20260705B42,募集量（TSO別）[MW],59,179,458,65,59,153,107,41,169,1290
20260705B42,応札量合計（電源属地別）[MW],173.158,54.314,487.94,121.973,80.93,82.043,145.602,165.86,162.353,1474.173
20260705B42,落札量合計（電源属地別）[MW],109.1,54.314,487.94,65,79,49.275,117.049,165.86,117.816,1245.354
20260705B42,応札件数（電源属地別）[件],9,14,64,41,4,12,18,7,32,201
20260705B42,落札件数（電源属地別）[件],6,14,64,30,3,2,3,7,9,138
20260705B42,最高落札価格（電源属地別）[円/kW・30分],4.24,15,15,10,0.63,1.28,1.57,1.9,2.8,15
20260705B42,最低落札価格（電源属地別）[円/kW・30分],3.7,4.49,0.39,5,0.39,1.28,1,0.36,0.39,0.36
20260705B42,平均落札価格（電源属地別）[円/kW・30分],4.18,8.53,4,9.47,0.47,1.28,1.48,0.88,2.26,3.35
20260705B42,最高落札価格（TSO別）[円/kW・30分],4.24,15,15,10,0.63,1.9,1.57,1.8,2.8,15
20260705B42,最低落札価格（TSO別）[円/kW・30分],3.7,3.45,0.39,5,0.39,0.36,0.36,0.36,0.36,0.36
20260705B42,平均落札価格（TSO別）[円/kW・30分],4.18,6.73,4.04,9.47,0.47,0.98,1.35,1.66,1.75,3.35
20260705B42,落札量合計（TSO別）[MW],109.1,84.254,458,65,59,153,107,41,169,1245.354
20260705B42,（内訳）自エリアからの落札量[MW],109.1,54.314,458,65,59,49.275,94.043,41,117.816,1047.548
20260705B43,募集量（TSO別）[MW],59,90,458,64,58,153,104,41,169,1196
20260705B43,応札量合計（電源属地別）[MW],286.458,44.31,398.898,102.053,80.93,86.001,153.38,199.86,171.962,1523.852
20260705B43,落札量合計（電源属地別）[MW],186.1,44.31,398.898,74.229,80.93,75.032,141.47,49.339,170,1220.308
20260705B43,応札件数（電源属地別）[件],11,14,57,35,4,14,22,10,34,201
20260705B43,落札件数（電源属地別）[件],7,14,57,28,4,9,16,4,33,172
20260705B43,最高落札価格（電源属地別）[円/kW・30分],4.23,15,15,11.17,1.4,12.84,12,1.8,9.5,15
20260705B43,最低落札価格（電源属地別）[円/kW・30分],1.1,5.29,0.39,5,0.39,1.64,0.36,0.36,0.39,0.36
20260705B43,平均落札価格（電源属地別）[円/kW・30分],3,10.07,4.9,9.74,0.41,3.95,2.06,0.52,2.42,3.89
20260705B43,最高落札価格（TSO別）[円/kW・30分],4.23,15,15,11.17,0.39,12.84,12,1.8,9.5,15
20260705B43,最低落札価格（TSO別）[円/kW・30分],1.1,5.29,0.39,5,0.39,0.36,0.39,0.36,0.39,0.36
20260705B43,平均落札価格（TSO別）[円/kW・30分],3,10.07,4.9,9.51,0.39,3.33,2.02,0.54,2.41,3.89
20260705B43,落札量合計（TSO別）[MW],186.1,44.31,398.898,64,58,153,104,43,169,1220.308
20260705B43,（内訳）自エリアからの落札量[MW],186.1,44.31,398.898,64,58,75.032,104,43,169,1142.34
20260705B44,募集量（TSO別）[MW],60,90,458,65,58,153,104,41,170,1199
20260705B44,応札量合計（電源属地別）[MW],160.158,44.31,406.882,98.293,80.93,86.001,199.884,199.86,170.062,1446.38
20260705B44,落札量合計（電源属地別）[MW],107,44.31,406.882,65,79,49.275,169.148,96.939,135.638,1153.192
20260705B44,応札件数（電源属地別）[件],8,14,58,33,4,14,23,10,33,197
20260705B44,落札件数（電源属地別）[件],6,14,58,24,3,2,7,5,18,137
20260705B44,最高落札価格（電源属地別）[円/kW・30分],11.4,15,15,11.58,0.39,2.22,3,1.8,4,15
20260705B44,最低落札価格（電源属地別）[円/kW・30分],1.03,5.57,0.39,5,0.39,1.64,0.39,0.38,0.39,0.38
20260705B44,平均落札価格（電源属地別）[円/kW・30分],1.99,10.15,5.28,10.3,0.39,1.66,0.96,0.58,1.46,3.48
20260705B44,最高落札価格（TSO別）[円/kW・30分],11.4,15,15,11.58,0.39,2.22,1.05,1.8,4,15
20260705B44,最低落札価格（TSO別）[円/kW・30分],1.03,5.57,0.39,5,0.39,0.39,0.39,0.38,0.39,0.38
20260705B44,平均落札価格（TSO別）[円/kW・30分],1.99,10.15,5.28,10.3,0.39,1,0.81,0.6,1.42,3.48
20260705B44,落札量合計（TSO別）[MW],107,44.31,406.882,65,58,153,104,45,170,1153.192
20260705B44,（内訳）自エリアからの落札量[MW],107,44.31,406.882,65,58,49.275,104,45,135.638,1015.105
20260705B45,募集量（TSO別）[MW],61,90,458,64,58,153,104,41,170,1199
20260705B45,応札量合計（電源属地別）[MW],208.408,56.31,265.329,79.344,80.93,86.001,180.685,199.86,171.562,1328.429
20260705B45,落札量合計（電源属地別）[MW],156.04,56.31,265.329,64,80.93,76.225,157.845,45,170,1071.679
20260705B45,応札件数（電源属地別）[件],9,15,58,37,4,14,23,10,34,204
20260705B45,落札件数（電源属地別）[件],6,15,58,29,4,9,11,4,33,169
20260705B45,最高落札価格（電源属地別）[円/kW・30分],11,15,15,10,6.5,7.88,9.5,1.8,9.5,15
20260705B45,最低落札価格（電源属地別）[円/kW・30分],1.01,5.4,0.39,1.25,0.39,1.33,0.39,0.36,0.39,0.36
20260705B45,平均落札価格（電源属地別）[円/kW・30分],2.79,9.14,5.3,9.25,0.54,3.55,1.59,0.57,2.68,3.73
20260705B45,最高落札価格（TSO別）[円/kW・30分],11,15,15,10,0.39,9.5,2.13,1.8,9.5,15
20260705B45,最低落札価格（TSO別）[円/kW・30分],1.01,5.4,0.39,1.25,0.39,0.39,0.39,0.36,0.39,0.36
20260705B45,平均落札価格（TSO別）[円/kW・30分],2.79,9.14,5.3,9.25,0.39,2.82,1.08,0.57,2.68,3.73
20260705B45,落札量合計（TSO別）[MW],156.04,56.31,265.329,64,58,153,104,45,170,1071.679
20260705B45,（内訳）自エリアからの落札量[MW],156.04,56.31,265.329,64,58,76.225,104,45,170,994.904
20260705B46,募集量（TSO別）[MW],61,89,456,63,58,151,104,41,170,1193
20260705B46,応札量合計（電源属地別）[MW],160.108,56.31,404.926,69.344,80.93,86.001,180.685,199.86,171.562,1409.726
20260705B46,落札量合計（電源属地別）[MW],97,56.31,404.926,63,80.93,64.275,166.394,46.339,170.062,1149.236
20260705B46,応札件数（電源属地別）[件],8,15,57,36,4,14,23,9,34,200
20260705B46,落札件数（電源属地別）[件],4,15,57,33,4,3,16,4,33,169
20260705B46,最高落札価格（電源属地別）[円/kW・30分],3.4,15,15,13.2,6,7.88,10.64,1.8,9.5,15
20260705B46,最低落札価格（電源属地別）[円/kW・30分],1.03,5.39,0.39,3.75,0.39,1.64,0.39,0.36,0.39,0.36
20260705B46,平均落札価格（電源属地別）[円/kW・30分],1.29,9.13,5.26,9.35,0.52,3.17,2,0.56,2.45,3.81
20260705B46,最高落札価格（TSO別）[円/kW・30分],3.4,15,15,13.2,0.39,10.64,2.13,1.8,9.5,15
20260705B46,最低落札価格（TSO別）[円/kW・30分],1.03,5.39,0.39,3.75,0.39,0.36,0.39,0.36,0.39,0.36
20260705B46,平均落札価格（TSO別）[円/kW・30分],1.29,9.13,5.26,9.35,0.39,3.06,0.92,0.57,2.44,3.81
20260705B46,落札量合計（TSO別）[MW],97,56.31,404.926,63,58,151,104,45,170,1149.236
20260705B46,（内訳）自エリアからの落札量[MW],97,56.31,404.926,63,58,64.275,104,45,170,1062.511
20260705B47,募集量（TSO別）[MW],61,88,454,62,57,150,103,41,169,1185
20260705B47,応札量合計（電源属地別）[MW],172.234,55.307,406.882,87.565,80.93,84.092,180.685,199.86,171.192,1438.747
20260705B47,落札量合計（電源属地別）[MW],87,55.307,406.882,62,79,49.275,148.149,90.439,157.137,1135.189
20260705B47,応札件数（電源属地別）[件],9,14,58,37,4,13,23,9,34,201
20260705B47,落札件数（電源属地別）[件],2,14,58,24,3,2,6,4,27,140
20260705B47,最高落札価格（電源属地別）[円/kW・30分],2.81,15,14.99,10,0.39,4.21,2.13,1.8,5.8,15
20260705B47,最低落札価格（電源属地別）[円/kW・30分],1.01,6.38,0.39,0.96,0.39,1.64,0.39,0.38,0.39,0.38
20260705B47,平均落札価格（電源属地別）[円/kW・30分],1.07,9.3,5.64,6.65,0.39,1.74,0.83,0.8,1.84,3.45
20260705B47,最高落札価格（TSO別）[円/kW・30分],2.81,15,14.99,10,0.39,4.21,2.13,1.8,5.8,15
20260705B47,最低落札価格（TSO別）[円/kW・30分],1.01,6.38,0.39,0.96,0.39,0.39,0.39,0.38,0.39,0.38
20260705B47,平均落札価格（TSO別）[円/kW・30分],1.07,9.3,5.64,6.65,0.39,1.12,0.74,0.63,1.81,3.45
20260705B47,落札量合計（TSO別）[MW],87,55.307,406.882,62,57,150,103,45,169,1135.189
20260705B47,（内訳）自エリアからの落札量[MW],87,55.307,406.882,62,57,49.275,103,45,157.137,1022.601
20260705B48,募集量（TSO別）[MW],61,87,452,59,56,148,102,41,169,1175
20260705B48,応札量合計（電源属地別）[MW],160.108,52.814,398.848,67.844,80.93,34.817,180.685,199.86,171.472,1347.378
20260705B48,落札量合計（電源属地別）[MW],84,52.814,397.726,59,80.93,22.992,153.907,93.539,168.632,1113.54
20260705B48,応札件数（電源属地別）[件],8,13,57,35,4,11,23,9,34,194
20260705B48,落札件数（電源属地別）[件],1,13,57,31,4,5,9,7,33,160
20260705B48,最高落札価格（電源属地別）[円/kW・30分],1.01,15,15,13,6.5,7.88,8,1.9,9.5,15
20260705B48,最低落札価格（電源属地別）[円/kW・30分],1.01,6.38,0.39,5,0.39,7.8,0.39,0.38,0.39,0.38
20260705B48,平均落札価格（電源属地別）[円/kW・30分],1.01,9.22,6.63,9.68,0.54,7.85,0.83,1.33,3.05,4.28
20260705B48,最高落札価格（TSO別）[円/kW・30分],1.01,15,15,13,0.39,8,2.13,1.9,9.5,15
20260705B48,最低落札価格（TSO別）[円/kW・30分],1.01,6.38,0.39,5,0.39,0.39,0.39,0.38,0.39,0.38
20260705B48,平均落札価格（TSO別）[円/kW・30分],1.01,9.22,6.63,9.68,0.39,2.52,0.48,0.74,3.04,4.28
20260705B48,落札量合計（TSO別）[MW],84,52.814,397.726,59,56,148,102,45,169,1113.54
20260705B48,（内訳）自エリアからの落札量[MW],84,52.814,397.726,59,56,22.992,102,45,168.632,988.164
20260706B01,募集量（TSO別）[MW],60,168,436,53,53,138,100,40,165,1213
20260706B01,応札量合計（電源属地別）[MW],164.806,21.747,375.597,41.684,95.93,125.651,143.363,199.86,166.697,1335.335
20260706B01,落札量合計（電源属地別）[MW],110,21.747,375.597,41.684,95.93,114.903,135.422,42,148.67,1085.953
20260706B01,応札件数（電源属地別）[件],9,7,43,22,5,14,9,9,32,150
20260706B01,落札件数（電源属地別）[件],2,7,43,22,5,9,5,4,26,123
20260706B01,最高落札価格（電源属地別）[円/kW・30分],5,15,15,14.8,9.5,10,2.13,1.8,10,15
20260706B01,最低落札価格（電源属地別）[円/kW・30分],1.01,7.06,0.39,2.3,0.39,0.39,0.39,0.38,0.39,0.38
20260706B01,平均落札価格（電源属地別）[円/kW・30分],1.95,10.62,6.1,9.26,0.57,2.45,0.96,0.54,2.36,3.65
20260706B01,最高落札価格（TSO別）[円/kW・30分],5,15,15,14.8,0.39,10,2.13,1.8,10,15
20260706B01,最低落札価格（TSO別）[円/kW・30分],1.01,0.39,0.39,2.3,0.39,0.39,0.39,0.38,0.39,0.38
20260706B01,平均落札価格（TSO別）[円/kW・30分],1.95,8.13,6.21,9.26,0.39,1.91,0.92,0.54,2.22,3.65
20260706B01,落札量合計（TSO別）[MW],110,28.747,368.597,41.684,53,176.925,100,42,165,1085.953
20260706B01,（内訳）自エリアからの落札量[MW],110,21.747,368.597,41.684,53,114.903,100,42,148.67,1000.601
20260706B02,募集量（TSO別）[MW],60,168,436,53,53,138,100,40,165,1213
20260706B02,応札量合計（電源属地別）[MW],166.058,44.31,387.453,59.524,95.93,149.594,151.305,199.86,166.697,1420.731
20260706B02,落札量合計（電源属地別）[MW],110,44.31,384.133,53,94,116.777,135.422,42,133.239,1112.881
20260706B02,応札件数（電源属地別）[件],10,14,49,31,5,15,13,9,32,178
20260706B02,落札件数（電源属地別）[件],3,14,48,28,4,5,5,4,18,129
20260706B02,最高落札価格（電源属地別）[円/kW・30分],1.03,15,14.99,13.19,0.39,1.33,2.13,1.8,6.99,15
20260706B02,最低落札価格（電源属地別）[円/kW・30分],0.46,5.65,0.39,2.3,0.39,0.39,0.39,0.38,0.39,0.38
20260706B02,平均落札価格（電源属地別）[円/kW・30分],0.96,10.7,7.34,9.18,0.39,0.79,0.94,0.55,1.64,3.94
20260706B02,最高落札価格（TSO別）[円/kW・30分],1.03,15,14.99,13.19,0.39,2.13,2.13,1.8,6.99,15
20260706B02,最低落札価格（TSO別）[円/kW・30分],0.46,0.39,0.39,2.3,0.39,0.39,0.39,0.38,0.39,0.38
20260706B02,平均落札価格（TSO別）[円/kW・30分],0.96,9.29,7.47,9.18,0.39,0.72,0.81,0.55,1.56,3.94
20260706B02,落札量合計（TSO別）[MW],110,51.31,377.133,53,53,161.438,100,42,165,1112.881
20260706B02,（内訳）自エリアからの落札量[MW],110,44.31,377.133,53,53,116.777,100,42,133.239,1029.459
20260706B03,募集量（TSO別）[MW],60,168,436,53,53,138,100,40,165,1213
20260706B03,応札量合計（電源属地別）[MW],198.806,56.31,391.383,61.522,95.93,149.594,151.305,199.86,168.497,1473.207
20260706B03,落札量合計（電源属地別）[MW],118,56.31,384.133,53,94,116.777,135.422,42,133.239,1132.881
20260706B03,応札件数（電源属地別）[件],10,15,51,32,5,15,13,9,33,183
20260706B03,落札件数（電源属地別）[件],2,15,48,28,4,5,5,5,18,130
20260706B03,最高落札価格（電源属地別）[円/kW・30分],1.01,15,14.99,13.28,0.39,6.61,2.13,1.8,6.99,15
20260706B03,最低落札価格（電源属地別）[円/kW・30分],1.01,5.65,0.39,2.3,0.39,0.39,0.39,0.38,0.39,0.38
20260706B03,平均落札価格（電源属地別）[円/kW・30分],1.01,10.18,7.3,9.13,0.39,1.12,0.75,0.6,1.38,3.94
20260706B03,最高落札価格（TSO別）[円/kW・30分],1.01,15,14.99,13.28,0.39,6.61,2.13,1.8,6.99,15
20260706B03,最低落札価格（TSO別）[円/kW・30分],1.01,5.65,0.39,2.3,0.39,0.39,0.39,0.38,0.39,0.38
20260706B03,平均落札価格（TSO別）[円/kW・30分],1.01,10.18,7.3,9.13,0.39,0.92,0.75,0.6,1.26,3.94
20260706B03,落札量合計（TSO別）[MW],118,56.31,384.133,53,53,161.438,100,42,165,1132.881
20260706B03,（内訳）自エリアからの落札量[MW],118,56.31,384.133,53,53,116.777,100,42,133.239,1056.459
20260706B04,募集量（TSO別）[MW],60,168,436,53,53,138,100,40,165,1213
20260706B04,応札量合計（電源属地別）[MW],122.058,56.31,397.257,67.443,95.93,149.594,155.077,199.86,170.486,1414.015
20260706B04,落札量合計（電源属地別）[MW],84,56.31,385.053,53,94,114.927,139.38,42,131.131,1099.801
20260706B04,応札件数（電源属地別）[件],8,15,54,35,5,15,15,9,34,190
20260706B04,落札件数（電源属地別）[件],1,15,48,27,4,4,7,6,17,129
20260706B04,最高落札価格（電源属地別）[円/kW・30分],1.01,15,14.99,12,0.39,1.95,3,1.8,5.23,15
20260706B04,最低落札価格（電源属地別）[円/kW・30分],1.01,5.65,0.39,2.3,0.39,0.39,0.39,0.38,0.39,0.38
20260706B04,平均落札価格（電源属地別）[円/kW・30分],1.01,10.36,7.78,8.8,0.39,1.03,0.78,0.6,1.2,4.16
20260706B04,最高落札価格（TSO別）[円/kW・30分],1.01,15,14.99,12,0.39,3,0.68,1.8,5.23,15
20260706B04,最低落札価格（TSO別）[円/kW・30分],1.01,5.65,0.39,2.3,0.39,0.39,0.39,0.38,0.39,0.38
20260706B04,平均落札価格（TSO別）[円/kW・30分],1.01,10.36,7.78,8.8,0.39,0.91,0.53,0.6,1.22,4.16
20260706B04,落札量合計（TSO別）[MW],84,56.31,385.053,53,53,161.438,100,42,165,1099.801
20260706B04,（内訳）自エリアからの落札量[MW],84,56.31,385.053,53,53,114.927,100,42,131.131,1019.421
20260706B05,募集量（TSO別）[MW],60,168,434,52,53,137,99,40,165,1208
20260706B05,応札量合計（電源属地別）[MW],202.816,54.312,383.429,51.551,95.93,147.596,155.077,199.86,170.486,1461.057
20260706B05,落札量合計（電源属地別）[MW],93,54.312,382.133,51.551,94,114.927,141.18,42,119.331,1092.434
20260706B05,応札件数（電源属地別）[件],9,14,47,27,5,14,15,9,34,174
20260706B05,落札件数（電源属地別）[件],2,14,47,27,4,4,8,6,10,122
20260706B05,最高落札価格（電源属地別）[円/kW・30分],1.01,15,15,14.8,0.39,1.95,3,1.8,4,15
20260706B05,最低落札価格（電源属地別）[円/kW・30分],1,5.65,0.39,2.3,0.39,0.39,0.39,0.38,0.39,0.38
20260706B05,平均落札価格（電源属地別）[円/kW・30分],1.01,10.19,7.72,9.43,0.39,1.03,0.81,0.6,0.83,4.1
20260706B05,最高落札価格（TSO別）[円/kW・30分],1.01,15,15,14.8,0.39,1.95,2.13,1.8,4,15
20260706B05,最低落札価格（TSO別）[円/kW・30分],1,5.65,0.39,2.3,0.39,0.39,0.39,0.38,0.39,0.38
20260706B05,平均落札価格（TSO別）[円/kW・30分],1.01,10.19,7.72,9.43,0.39,0.88,0.71,0.6,0.88,4.1
20260706B05,落札量合計（TSO別）[MW],93,54.312,382.133,51.551,53,152.438,99,42,165,1092.434
20260706B05,（内訳）自エリアからの落札量[MW],93,54.312,382.133,51.551,53,114.927,99,42,119.331,1009.254
20260706B06,募集量（TSO別）[MW],60,168,433,51,53,137,99,40,165,1206
20260706B06,応札量合計（電源属地別）[MW],160.068,54.314,397.257,67.443,95.93,149.594,155.077,199.86,170.486,1450.029
20260706B06,落札量合計（電源属地別）[MW],111,54.314,382.053,51,94,116.777,141.18,42,117.481,1109.805
20260706B06,応札件数（電源属地別）[件],8,14,54,35,5,15,15,9,34,189
20260706B06,落札件数（電源属地別）[件],4,14,47,26,4,5,8,4,9,121
20260706B06,最高落札価格（電源属地別）[円/kW・30分],8.4,15,14.99,11,0.39,0.63,3,1.8,4,15
20260706B06,最低落札価格（電源属地別）[円/kW・30分],1,5.65,0.39,4.8,0.39,0.39,0.39,0.38,0.39,0.38
20260706B06,平均落札価格（電源属地別）[円/kW・30分],2.11,10,7.26,9.07,0.39,0.49,0.97,0.57,0.81,3.93
20260706B06,最高落札価格（TSO別）[円/kW・30分],8.4,15,14.99,11,0.39,0.63,2.13,1.8,4,15
20260706B06,最低落札価格（TSO別）[円/kW・30分],1,5.65,0.39,4.8,0.39,0.39,0.39,0.38,0.39,0.38
20260706B06,平均落札価格（TSO別）[円/kW・30分],2.11,10,7.26,9.07,0.39,0.46,0.82,0.57,0.94,3.93
20260706B06,落札量合計（TSO別）[MW],111,54.314,382.053,51,53,152.438,99,42,165,1109.805
20260706B06,（内訳）自エリアからの落札量[MW],111,54.314,382.053,51,53,111.438,99,42,117.481,1021.286
20260706B07,募集量（TSO別）[MW],60,167,432,51,53,137,99,40,165,1204
20260706B07,応札量合計（電源属地別）[MW],204.806,54.81,362.388,78.344,95.93,153.503,167.958,230.86,174.03,1522.629
20260706B07,落札量合計（電源属地別）[MW],131,54.81,344.185,51,94,67.502,121.31,129.626,110,1103.433
20260706B07,応札件数（電源属地別）[件],10,14,53,36,5,17,22,9,36,202
20260706B07,落札件数（電源属地別）[件],3,14,44,22,4,3,4,6,5,105
20260706B07,最高落札価格（電源属地別）[円/kW・30分],5,15,14.99,10,0.39,0.39,0.89,1.11,0.84,15
20260706B07,最低落札価格（電源属地別）[円/kW・30分],1,5.65,0.39,4.8,0.39,0.39,0.39,0.38,0.39,0.38
20260706B07,平均落札価格（電源属地別）[円/kW・30分],2.17,10.02,7.91,8.32,0.39,0.39,0.72,0.7,0.64,3.89
20260706B07,最高落札価格（TSO別）[円/kW・30分],5,15,14.99,10,0.39,1.11,0.89,0.38,1.01,15
20260706B07,最低落札価格（TSO別）[円/kW・30分],1,5.65,0.39,4.8,0.39,0.39,0.39,0.38,0.38,0.38
20260706B07,平均落札価格（TSO別）[円/kW・30分],2.17,10.02,7.91,8.32,0.39,0.6,0.72,0.38,0.65,3.89
20260706B07,落札量合計（TSO別）[MW],131,54.81,344.185,51,53,160.438,99,45,165,1103.433
20260706B07,（内訳）自エリアからの落札量[MW],131,54.81,344.185,51,53,67.502,99,45,110,955.497
20260706B08,募集量（TSO別）[MW],60,167,433,51,53,137,99,40,166,1206
20260706B08,応札量合計（電源属地別）[MW],162.058,56.31,360.468,96.565,95.93,153.503,163.307,230.86,172.53,1491.531
20260706B08,落札量合計（電源属地別）[MW],123.99,56.31,344.265,51,94,77.799,68.779,173.86,110,1100.003
20260706B08,応札件数（電源属地別）[件],9,15,52,37,5,17,22,9,35,201
20260706B08,落札件数（電源属地別）[件],6,15,44,14,4,5,3,6,5,102
20260706B08,最高落札価格（電源属地別）[円/kW・30分],13.5,15,14.99,10,0.39,1.33,1.01,1,0.84,15
20260706B08,最低落札価格（電源属地別）[円/kW・30分],1,5.65,0.39,0.89,0.39,0.39,0.39,0.36,0.39,0.36
20260706B08,平均落札価格（電源属地別）[円/kW・30分],4.31,10.11,7.78,5.07,0.39,0.51,0.82,0.38,0.65,3.92
20260706B08,最高落札価格（TSO別）[円/kW・30分],13.5,15,14.99,10,0.39,1.33,1.01,0.38,1,15
20260706B08,最低落札価格（TSO別）[円/kW・30分],1,5.65,0.39,0.89,0.39,0.36,0.36,0.38,0.36,0.36
20260706B08,平均落札価格（TSO別）[円/kW・30分],4.31,10.11,7.78,5.07,0.39,0.44,0.68,0.38,0.57,3.92
20260706B08,落札量合計（TSO別）[MW],123.99,56.31,344.265,51,53,160.438,99,46,166,1100.003
20260706B08,（内訳）自エリアからの落札量[MW],123.99,56.31,344.265,51,53,77.799,68.779,46,110,931.143
20260706B09,募集量（TSO別）[MW],60,167,434,51,53,138,99,41,166,1209
20260706B09,応札量合計（電源属地別）[MW],204.806,56.31,360.468,78.344,95.93,153.503,167.958,230.86,175.908,1524.087
20260706B09,落札量合計（電源属地別）[MW],147,56.31,345.265,51,94,67.502,121.31,131.626,110,1124.013
20260706B09,応札件数（電源属地別）[件],10,15,52,36,5,17,22,9,37,203
20260706B09,落札件数（電源属地別）[件],6,15,44,22,4,3,4,4,5,107
20260706B09,最高落札価格（電源属地別）[円/kW・30分],13.5,15,14.99,10,0.39,0.39,0.89,1.1,0.78,15
20260706B09,最低落札価格（電源属地別）[円/kW・30分],1,5.65,0.39,4.8,0.39,0.39,0.39,0.38,0.39,0.38
20260706B09,平均落札価格（電源属地別）[円/kW・30分],2.8,10.11,7.81,8.32,0.39,0.39,0.72,0.7,0.61,3.92
20260706B09,最高落札価格（TSO別）[円/kW・30分],13.5,15,14.99,10,0.39,1.1,0.89,0.38,0.99,15
20260706B09,最低落札価格（TSO別）[円/kW・30分],1,5.65,0.39,4.8,0.39,0.38,0.39,0.38,0.38,0.38
20260706B09,平均落札価格（TSO別）[円/kW・30分],2.8,10.11,7.81,8.32,0.39,0.56,0.8,0.38,0.62,3.92
20260706B09,落札量合計（TSO別）[MW],147,56.31,345.265,51,53,160.438,99,46,166,1124.013
20260706B09,（内訳）自エリアからの落札量[MW],147,56.31,345.265,51,53,67.502,99,46,110,975.077
20260706B10,募集量（TSO別）[MW],60,167,435,51,53,138,99,41,166,1210
20260706B10,応札量合計（電源属地別）[MW],162.058,56.31,398.957,95.881,95.93,153.503,142.504,230.86,174.408,1510.411
20260706B10,落札量合計（電源属地別）[MW],123.99,56.31,380.984,51,94,99.602,47.976,173.86,110,1137.722
20260706B10,応札件数（電源属地別）[件],9,15,55,38,5,17,20,9,36,204
20260706B10,落札件数（電源属地別）[件],6,15,46,16,4,4,1,6,5,103
20260706B10,最高落札価格（電源属地別）[円/kW・30分],13.5,15,14.99,10,0.39,1.28,1.02,1,0.78,15
20260706B10,最低落札価格（電源属地別）[円/kW・30分],1,5.65,0.39,1.4,0.39,0.39,1.02,0.36,0.39,0.36
20260706B10,平均落札価格（電源属地別）[円/kW・30分],3.88,10.05,7.14,5.77,0.39,0.68,1.02,0.38,0.61,3.82
20260706B10,最高落札価格（TSO別）[円/kW・30分],13.5,15,14.99,10,0.39,1.28,1.02,0.38,0.78,15
20260706B10,最低落札価格（TSO別）[円/kW・30分],1,5.65,0.39,1.4,0.39,0.36,0.36,0.38,0.36,0.36
20260706B10,平均落札価格（TSO別）[円/kW・30分],3.88,10.05,7.14,5.77,0.39,0.58,0.68,0.38,0.52,3.82
20260706B10,落札量合計（TSO別）[MW],123.99,56.31,380.984,51,53,160.438,99,47,166,1137.722
20260706B10,（内訳）自エリアからの落札量[MW],123.99,56.31,380.984,51,53,99.602,47.976,47,110,969.862
20260706B11,募集量（TSO別）[MW],60,167,435,51,53,138,99,41,166,1210
20260706B11,応札量合計（電源属地別）[MW],204.027,44.31,425.498,98.871,95.93,153.503,142.504,230.86,162.784,1558.287
20260706B11,落札量合計（電源属地別）[MW],148,44.31,406.446,51,94,93.974,49.776,173.86,113.828,1175.194
20260706B11,応札件数（電源属地別）[件],10,14,57,40,5,17,20,9,33,205
20260706B11,落札件数（電源属地別）[件],7,14,48,16,4,5,2,6,7,109
20260706B11,最高落札価格（電源属地別）[円/kW・30分],13.45,15,14.99,10,0.39,1.26,1.06,1,1.13,15
20260706B11,最低落札価格（電源属地別）[円/kW・30分],1,5.65,0.39,1.6,0.39,0.39,0.75,0.36,0.39,0.36
20260706B11,平均落札価格（電源属地別）[円/kW・30分],3.09,10.64,6.91,6.21,0.39,0.64,1.05,0.38,0.91,3.72
20260706B11,最高落札価格（TSO別）[円/kW・30分],13.45,15,14.99,10,0.39,1.26,1.06,0.38,1.13,15
20260706B11,最低落札価格（TSO別）[円/kW・30分],1,5.65,0.39,1.6,0.39,0.36,0.36,0.38,0.36,0.36
20260706B11,平均落札価格（TSO別）[円/kW・30分],3.09,10.64,6.91,6.21,0.39,0.53,0.72,0.38,0.74,3.72
20260706B11,落札量合計（TSO別）[MW],148,44.31,406.446,51,53,160.438,99,47,166,1175.194
20260706B11,（内訳）自エリアからの落札量[MW],148,44.31,406.446,51,53,93.974,47.976,47,113.828,1005.534
20260706B12,募集量（TSO別）[MW],60,167,435,51,53,138,99,41,166,1210
20260706B12,応札量合計（電源属地別）[MW],162.058,42.314,425.498,97.371,82.262,153.503,167.958,230.86,170.434,1532.258
20260706B12,落札量合計（電源属地別）[MW],125.69,42.314,406.446,51,80.332,67.502,121.31,146.294,110,1150.888
20260706B12,応札件数（電源属地別）[件],9,13,57,39,5,17,22,9,34,205
20260706B12,落札件数（電源属地別）[件],6,13,48,15,4,3,4,4,5,102
20260706B12,最高落札価格（電源属地別）[円/kW・30分],11.5,15,14.99,10,0.39,0.39,0.94,0.96,1.02,15
20260706B12,最低落札価格（電源属地別）[円/kW・30分],1,5.65,0.39,1.62,0.39,0.39,0.39,0.38,0.39,0.38
20260706B12,平均落札価格（電源属地別）[円/kW・30分],3.35,10.46,7.03,6.23,0.39,0.39,0.76,0.66,0.84,3.8
20260706B12,最高落札価格（TSO別）[円/kW・30分],11.5,15,14.99,10,0.39,0.85,0.94,0.38,1.02,15
20260706B12,最低落札価格（TSO別）[円/kW・30分],1,5.65,0.39,1.62,0.39,0.38,0.39,0.38,0.38,0.38
20260706B12,平均落札価格（TSO別）[円/kW・30分],3.35,10.46,7.03,6.23,0.39,0.54,0.73,0.38,0.85,3.8
20260706B12,落札量合計（TSO別）[MW],125.69,42.314,406.446,51,53,160.438,99,47,166,1150.888
20260706B12,（内訳）自エリアからの落札量[MW],125.69,42.314,406.446,51,53,67.502,99,47,110,1001.952
20260706B13,募集量（TSO別）[MW],61,176,455,60,56,152,101,43,169,1273
20260706B13,応札量合計（電源属地別）[MW],205.073,44.31,431.402,100.869,41.93,153.503,167.958,165.86,172.493,1483.398
20260706B13,落札量合計（電源属地別）[MW],137.015,44.31,425.526,60,40,109.268,121.31,165.86,110,1213.289
20260706B13,応札件数（電源属地別）[件],10,14,60,41,3,17,22,6,35,208
20260706B13,落札件数（電源属地別）[件],3,14,57,24,2,4,4,6,5,119
20260706B13,最高落札価格（電源属地別）[円/kW・30分],1.01,15,14.99,10,0.39,1.95,0.92,1.8,0.96,15
20260706B13,最低落札価格（電源属地別）[円/kW・30分],0.98,5.65,0.39,1.81,0.39,0.39,0.39,0.92,0.39,0.39
20260706B13,平均落札価格（電源属地別）[円/kW・30分],1,10.7,7.02,7.59,0.39,0.99,0.74,1.27,0.79,3.76
20260706B13,最高落札価格（TSO別）[円/kW・30分],1.01,15,14.99,10,1.95,1.95,0.92,1.8,1.5,15
20260706B13,最低落札価格（TSO別）[円/kW・30分],0.98,5.65,0.39,1.81,0.39,0.39,0.39,1.8,0.39,0.39
20260706B13,平均落札価格（TSO別）[円/kW・30分],1,10.7,7.02,7.59,0.84,0.95,0.81,1.8,0.8,3.76
20260706B13,落札量合計（TSO別）[MW],137.015,44.31,425.526,60,56,177.438,101,43,169,1213.289
20260706B13,（内訳）自エリアからの落札量[MW],137.015,44.31,425.526,60,40,93.268,101,43,110,1054.119
20260706B14,募集量（TSO別）[MW],61,182,463,63,57,155,102,44,171,1298
20260706B14,応札量合計（電源属地別）[MW],208.368,52.845,484.438,119.09,76.93,177.441,167.958,165.86,172.493,1625.423
20260706B14,落札量合計（電源属地別）[MW],142.3,52.845,484.438,63,75,138.865,137.222,71.18,115.163,1280.013
20260706B14,応札件数（電源属地別）[件],9,13,62,42,4,18,22,6,35,211
20260706B14,落札件数（電源属地別）[件],3,13,62,17,3,5,6,5,8,122
20260706B14,最高落札価格（電源属地別）[円/kW・30分],1.01,15,15,10,0.39,1.95,3,1.8,4,15
20260706B14,最低落札価格（電源属地別）[円/kW・30分],0.98,5.65,0.39,2.94,0.39,0.39,0.39,1.2,0.39,0.39
20260706B14,平均落札価格（電源属地別）[円/kW・30分],1,10.06,5.64,6.12,0.39,0.92,0.74,1.69,1.05,3.35
20260706B14,最高落札価格（TSO別）[円/kW・30分],1.01,15,15,10,0.39,1.95,2.13,1.8,4,15
20260706B14,最低落札価格（TSO別）[円/kW・30分],0.98,3.06,0.39,2.94,0.39,0.39,0.39,1.2,0.39,0.39
20260706B14,平均落札価格（TSO別）[円/kW・30分],1,10.41,5.38,6.12,0.39,0.89,0.66,1.74,1.1,3.35
20260706B14,落札量合計（TSO別）[MW],142.3,74.283,463,63,57,163.43,102,44,171,1280.013
20260706B14,（内訳）自エリアからの落札量[MW],142.3,52.845,463,63,57,138.865,102,44,115.163,1178.173
20260706B15,募集量（TSO別）[MW],62,187,469,66,58,159,103,44,172,1320
20260706B15,応札量合計（電源属地別）[MW],160.108,54.345,508.198,121.05,23.334,162.441,168.141,179.86,166.732,1544.209
20260706B15,落札量合計（電源属地別）[MW],119,54.345,508.198,77.92,23.334,142.713,155.231,44,165.232,1289.973
20260706B15,応札件数（電源属地別）[件],8,14,63,43,2,17,21,7,35,210
20260706B15,落札件数（電源属地別）[件],4,14,63,25,2,7,14,3,34,166
20260706B15,最高落札価格（電源属地別）[円/kW・30分],10.3,15,15,11.64,11.5,11,11.36,1.8,10,15
20260706B15,最低落札価格（電源属地別）[円/kW・30分],1,5.65,0.39,3.84,0.39,0.39,0.39,0.36,0.39,0.36
20260706B15,平均落札価格（電源属地別）[円/kW・30分],2.96,10.22,4.79,7.38,1.31,1.15,1.8,1.6,3.02,3.84
20260706B15,最高落札価格（TSO別）[円/kW・30分],10.3,15,15,11.64,11.5,10.77,2.13,1.8,11.36,15
20260706B15,最低落札価格（TSO別）[円/kW・30分],1,0.39,0.39,3.84,0.39,0.39,0.39,0.36,0.39,0.36
20260706B15,平均落札価格（TSO別）[円/kW・30分],2.96,8.83,4.61,7.5,3.81,1.03,1.03,1.6,3.23,3.84
20260706B15,落札量合計（TSO別）[MW],119,93.543,469,66,58,165.43,103,44,172,1289.973
20260706B15,（内訳）自エリアからの落札量[MW],119,54.345,469,66,23.334,126.865,103,44,165.232,1170.776
20260706B16,募集量（TSO別）[MW],62,191,473,68,59,162,104,44,173,1336
20260706B16,応札量合計（電源属地別）[MW],210.267,52.845,534.006,123.049,26.93,138.498,168.141,165.86,166.732,1586.328
20260706B16,落札量合計（電源属地別）[MW],145.159,52.845,534.006,123.049,26.93,138.498,137.405,44,139.595,1341.487
20260706B16,応札件数（電源属地別）[件],10,13,65,44,2,16,21,7,35,213
20260706B16,落札件数（電源属地別）[件],5,13,65,44,2,16,5,3,21,174
20260706B16,最高落札価格（電源属地別）[円/kW・30分],1.01,15,15,14.8,12.9,13.85,3,1.8,9.1,15
20260706B16,最低落札価格（電源属地別）[円/kW・30分],0.96,5.65,0.39,3.67,0.39,0.39,0.39,0.36,0.39,0.36
20260706B16,平均落札価格（電源属地別）[円/kW・30分],0.99,10.08,4.58,9.6,1.29,3.11,1.09,1.6,2.32,3.96
20260706B16,最高落札価格（TSO別）[円/kW・30分],1.01,15,15,14.8,14.7,13.89,2.13,1.8,9.1,15
20260706B16,最低落札価格（TSO別）[円/kW・30分],0.96,2.8,0.39,3.67,0.39,0.39,0.39,0.36,0.39,0.36
20260706B16,平均落札価格（TSO別）[円/kW・30分],0.99,11.14,3.61,7.57,6.99,4.46,1.05,1.6,2.1,3.96
20260706B16,落札量合計（TSO別）[MW],145.159,113.851,473,68,58.477,162,104,44,173,1341.487
20260706B16,（内訳）自エリアからの落札量[MW],145.159,52.845,473,68,26.93,138.498,104,44,139.595,1192.027
20260706B17,募集量（TSO別）[MW],62,191,473,68,59,162,104,44,173,1336
20260706B17,応札量合計（電源属地別）[MW],208.408,54.345,618.892,107.502,3.554,138.505,158.554,165.86,174.382,1630.002
20260706B17,落札量合計（電源属地別）[MW],143.3,46.908,617.092,107.502,3.554,138.505,123.851,44,158.149,1382.861
20260706B17,応札件数（電源属地別）[件],9,14,71,43,2,16,20,7,36,218
20260706B17,落札件数（電源属地別）[件],4,10,70,43,2,16,9,3,28,185
20260706B17,最高落札価格（電源属地別）[円/kW・30分],1.01,15,14.99,14.8,13.5,13.85,9.5,1.8,9.89,15
20260706B17,最低落札価格（電源属地別）[円/kW・30分],0.98,5.65,0.39,4.09,0.39,0.39,1.16,0.36,0.74,0.36
20260706B17,平均落札価格（電源属地別）[円/kW・30分],1,8.23,3.44,10.64,7.51,3.1,1.89,1.6,3.59,3.7
20260706B17,最高落札価格（TSO別）[円/kW・30分],1.01,15,14.99,14.8,14.8,13.85,2.13,1.8,9.89,15
20260706B17,最低落札価格（TSO別）[円/kW・30分],0.98,0.39,0.4,9.99,0.39,0.39,1.16,0.36,0.74,0.36
20260706B17,平均落札価格（TSO別）[円/kW・30分],1,6.97,2.48,11.87,7.49,3.4,1.28,1.6,3.83,3.7
20260706B17,落札量合計（TSO別）[MW],143.3,191,473,68,42.999,138.562,109,44,173,1382.861
20260706B17,（内訳）自エリアからの落札量[MW],143.3,46.908,473,68,3.554,135.35,109,44,158.149,1181.261
20260706B18,募集量（TSO別）[MW],62,191,473,68,59,162,104,44,173,1336
20260706B18,応札量合計（電源属地別）[MW],170.108,38.849,715.185,89.281,1.93,71.001,158.554,165.86,178.382,1589.15
20260706B18,落札量合計（電源属地別）[MW],130,25.499,638.501,89.281,1.93,71.001,154.583,44,177.5,1332.295
20260706B18,応札件数（電源属地別）[件],9,11,77,42,1,13,20,7,37,217
20260706B18,落札件数（電源属地別）[件],4,4,72,42,1,13,18,3,37,194
20260706B18,最高落札価格（電源属地別）[円/kW・30分],14.86,15,14.99,15,13.5,14.96,13.01,1.8,12,15
20260706B18,最低落札価格（電源属地別）[円/kW・30分],1,5.65,0.39,9.99,13.5,1.95,1.42,0.36,1.13,0.36
20260706B18,平均落札価格（電源属地別）[円/kW・30分],3.74,7.12,3.77,12.12,13.5,5.92,4.13,1.6,4.36,4.57
20260706B18,最高落札価格（TSO別）[円/kW・30分],14.86,15,14.99,15,14.5,14.96,13.01,1.8,12,15
20260706B18,最低落札価格（TSO別）[円/kW・30分],1,0.39,0.64,9.99,10,1.95,1.42,0.36,1.13,0.36
20260706B18,平均落札価格（TSO別）[円/kW・30分],3.74,6.32,2.92,12.21,11.39,6.52,4.13,1.6,4.37,4.57
20260706B18,落札量合計（TSO別）[MW],130,191,473,68,17.224,76.988,159.083,44,173,1332.295
20260706B18,（内訳）自エリアからの落札量[MW],130,25.499,473,68,1.93,71.001,154.583,44,173,1141.013
20260706B19,募集量（TSO別）[MW],62,118,462,73,61,161,108,46,177,1268
20260706B19,応札量合計（電源属地別）[MW],170.09,50.995,752.054,337.977,10.294,71.001,158.554,165.86,179.052,1895.877
20260706B19,落札量合計（電源属地別）[MW],109.597,32.67,547.33,337.977,10.294,55.417,135.678,140.992,170.674,1540.629
20260706B19,応札件数（電源属地別）[件],9,12,79,43,2,13,20,7,38,223
20260706B19,落札件数（電源属地別）[件],5,2,43,43,2,5,8,5,33,146
20260706B19,最高落札価格（電源属地別）[円/kW・30分],9.9,5.65,11.97,14.8,13.5,7.8,13.01,1.9,9.5,14.8
20260706B19,最低落札価格（電源属地別）[円/kW・30分],1,3.18,0.39,0.53,0.39,1.95,1.42,0.36,1.37,0.36
20260706B19,平均落札価格（電源属地別）[円/kW・30分],1.32,3.99,3.24,3.58,2.85,2.79,3.34,0.95,4.16,3.08
20260706B19,最高落札価格（TSO別）[円/kW・30分],9.9,9.99,11.97,14.8,14.8,7.8,13.01,1.8,9.5,14.8
20260706B19,最低落札価格（TSO別）[円/kW・30分],1,0.39,0.73,0.53,0.39,0.36,0.36,0.36,0.36,0.36
20260706B19,平均落札価格（TSO別）[円/kW・30分],1.32,4.97,2.85,3.24,5.05,1.67,3.05,1.55,4.24,3.08
20260706B19,落札量合計（TSO別）[MW],109.597,118,462,287.271,61,161,118.761,46,177,1540.629
20260706B19,（内訳）自エリアからの落札量[MW],109.597,32.67,462,287.271,10.294,55.417,84.457,46,168.684,1256.39
20260706B20,募集量（TSO別）[MW],63,119,462,73,61,161,108,46,178,1271
20260706B20,応札量合計（電源属地別）[MW],177.562,50.995,733.559,337.977,10.514,71.001,158.371,165.86,177.902,1883.741
20260706B20,落札量合計（電源属地別）[MW],143.462,32.67,548.33,337.977,10.514,71.001,158.371,47,177.902,1527.227
20260706B20,応札件数（電源属地別）[件],9,12,78,43,2,13,21,7,37,222
20260706B20,落札件数（電源属地別）[件],4,2,60,43,2,13,21,3,37,185
20260706B20,最高落札価格（電源属地別）[円/kW・30分],1.01,5.65,14.99,14.8,12.5,13.85,13.47,1.8,12,14.99
20260706B20,最低落札価格（電源属地別）[円/kW・30分],0.43,3.78,0.39,1.83,0.39,1.95,1.4,0.36,1.43,0.36
20260706B20,平均落札価格（電源属地別）[円/kW・30分],0.96,4.39,4.97,4.5,2.61,5.52,4.52,1.55,4.5,4.28
20260706B20,最高落札価格（TSO別）[円/kW・30分],1.01,14.99,14.99,14.8,14.8,13.85,13.47,1.8,13.47,14.99
20260706B20,最低落札価格（TSO別）[円/kW・30分],0.43,0.39,0.88,1.83,0.39,1.4,1.4,0.36,1.43,0.36
20260706B20,平均落札価格（TSO別）[円/kW・30分],0.96,6.84,4.45,4.63,5.41,3.66,5.4,1.55,4.55,4.28
20260706B20,落札量合計（TSO別）[MW],143.462,119,462,247.765,61,161,108,47,178,1527.227
20260706B20,（内訳）自エリアからの落札量[MW],143.462,32.67,462,247.765,10.514,71.001,108,47,175.912,1298.324
20260706B21,募集量（TSO別）[MW],63,121,462,73,61,161,109,47,179,1276
20260706B21,応札量合計（電源属地別）[MW],160.068,62.995,733.559,88.287,5.616,188.28,144.259,156.86,172.402,1712.326
20260706B21,落札量合計（電源属地別）[MW],95,44.67,538.33,88.287,5.616,174.546,117.042,47,172.402,1282.893
20260706B21,応札件数（電源属地別）[件],8,13,78,42,2,19,20,7,35,224
20260706B21,落札件数（電源属地別）[件],2,3,41,42,2,12,13,3,35,153
20260706B21,最高落札価格（電源属地別）[円/kW・30分],1.01,8.36,11.97,14.8,9.5,7.8,10.66,1.8,9.5,14.8
20260706B21,最低落札価格（電源属地別）[円/kW・30分],1,3.8,0.39,0.51,1.49,0.39,2.45,0.36,1.85,0.36
20260706B21,平均落札価格（電源属地別）[円/kW・30分],1.01,5.47,3.87,11.78,4.24,1.23,3.79,1.52,4.95,3.95
20260706B21,最高落札価格（TSO別）[円/kW・30分],1.01,8.36,11.97,14.8,13.2,7.8,10.66,1.8,9.5,14.8
20260706B21,最低落札価格（TSO別）[円/kW・30分],1,3.8,0.39,9.99,0.51,0.39,1.95,0.36,1.85,0.36
20260706B21,平均落札価格（TSO別）[円/kW・30分],1.01,5.32,3.64,12.26,8.05,0.89,3.75,1.52,5.06,3.95
20260706B21,落札量合計（TSO別）[MW],95,121,462,73,20.903,161,123.99,47,179,1282.893
20260706B21,（内訳）自エリアからの落札量[MW],95,44.67,462,73,5.616,161,110.444,47,172.402,1171.132
20260706B22,募集量（TSO別）[MW],63,122,462,73,61,161,110,47,179,1278
20260706B22,応札量合計（電源属地別）[MW],176.868,62.995,733.559,337.977,6.706,182.058,144.259,155.86,176.402,1976.684
20260706B22,落札量合計（電源属地別）[MW],142.3,44.67,539.33,337.977,6.706,161.332,121.256,47,176.402,1576.973
20260706B22,応札件数（電源属地別）[件],8,13,77,43,2,18,20,6,36,223
20260706B22,落札件数（電源属地別）[件],3,3,39,43,2,8,15,3,36,152
20260706B22,最高落札価格（電源属地別）[円/kW・30分],1.01,8.31,9.99,14.8,9.5,11,11.36,1.8,9.5,14.8
20260706B22,最低落札価格（電源属地別）[円/kW・30分],0.43,3.78,0.39,0.73,2.05,0.39,2.44,0.36,1.82,0.36
20260706B22,平均落札価格（電源属地別）[円/kW・30分],0.96,5.44,3.71,3.64,4.19,0.99,4.03,1.52,4.66,3.29
20260706B22,最高落札価格（TSO別）[円/kW・30分],1.01,8.31,9.99,14.8,12.79,11,11.36,1.8,10.77,14.8
20260706B22,最低落札価格（TSO別）[円/kW・30分],0.43,3.78,0.39,0.73,0.73,0.39,2.44,0.36,1.82,0.36
20260706B22,平均落札価格（TSO別）[円/kW・30分],0.96,5.35,3.44,3.44,4.62,0.97,4.02,1.52,4.67,3.29
20260706B22,落札量合計（TSO別）[MW],142.3,122,462,283.683,61,161,118.99,47,179,1576.973
20260706B22,（内訳）自エリアからの落札量[MW],142.3,44.67,462,283.683,6.706,161,118.658,47,176.402,1442.419
20260706B23,募集量（TSO別）[MW],62,122,459,71,61,159,110,47,180,1271
20260706B23,応札量合計（電源属地別）[MW],168.608,62.995,674.616,330.443,11.538,182.058,158.371,155.86,176.402,1920.891
20260706B23,落札量合計（電源属地別）[MW],105,44.67,536.33,330.443,11.538,160.332,124.256,49,176.402,1537.971
20260706B23,応札件数（電源属地別）[件],8,13,75,42,2,18,21,6,36,221
20260706B23,落札件数（電源属地別）[件],4,3,55,42,2,7,11,3,36,163
20260706B23,最高落札価格（電源属地別）[円/kW・30分],1.01,8.32,14.98,14.7,11,7.01,9.5,1.8,9.5,14.98
20260706B23,最低落札価格（電源属地別）[円/kW・30分],0.43,3.78,0.39,0.59,4.84,1.95,2.13,0.36,1.82,0.36
20260706B23,平均落札価格（電源属地別）[円/kW・30分],0.95,5.45,3.73,3.58,5.87,2.32,3.16,1.54,4.61,3.41
20260706B23,最高落札価格（TSO別）[円/kW・30分],1.01,14.77,14.98,14.7,14.7,7.01,9.5,1.8,9.5,14.98
20260706B23,最低落札価格（TSO別）[円/kW・30分],0.43,2.45,0.39,0.59,0.59,1.95,1.95,0.36,1.82,0.36
20260706B23,平均落札価格（TSO別）[円/kW・30分],0.95,5.87,3.33,2.78,7.66,2.32,2.96,1.54,4.71,3.41
20260706B23,落札量合計（TSO別）[MW],105,122,459,280.981,61,159,121.99,49,180,1537.971
20260706B23,（内訳）自エリアからの落札量[MW],105,44.67,459,280.981,11.538,159,120.658,49,176.402,1406.249
20260706B24,募集量（TSO別）[MW],62,122,459,70,61,160,110,47,180,1271
20260706B24,応札量合計（電源属地別）[MW],156.708,60.999,684.115,88.781,9.136,182.058,166.327,155.86,176.402,1680.386
20260706B24,落札量合計（電源属地別）[MW],96,44.67,536.33,88.781,9.136,160.332,129.136,52,174.502,1290.887
20260706B24,応札件数（電源属地別）[件],6,12,76,42,2,18,23,6,36,221
20260706B24,落札件数（電源属地別）[件],2,3,43,42,2,7,11,4,35,149
20260706B24,最高落札価格（電源属地別）[円/kW・30分],1.01,8.31,11.97,15,11,8.06,9.5,1.8,9.5,15
20260706B24,最低落札価格（電源属地別）[円/kW・30分],1,3.77,0.39,0.51,4.45,1.8,0.39,0.36,1.55,0.36
20260706B24,平均落札価格（電源属地別）[円/kW・30分],1.01,5.44,3.01,11.76,5.83,2,1.88,1.41,4.68,3.49
20260706B24,最高落札価格（TSO別）[円/kW・30分],1.01,11.77,11.97,15,14.88,8.06,9.5,1.8,9.5,15
20260706B24,最低落札価格（TSO別）[円/kW・30分],1,0.39,0.7,9.99,0.51,1.8,0.39,0.36,1.55,0.36
20260706B24,平均落札価格（TSO別）[円/kW・30分],1.01,5.35,2.62,11.84,9.6,2,1.57,1.41,4.81,3.49
20260706B24,落札量合計（TSO別）[MW],96,122,459,70,27.917,160,123.97,52,180,1290.887
20260706B24,（内訳）自エリアからの落札量[MW],96,44.67,459,70,9.136,160,123.97,52,174.502,1189.278
20260706B25,募集量（TSO別）[MW],62,123,458,67,62,160,108,47,179,1266
20260706B25,応札量合計（電源属地別）[MW],199.008,76.945,735.413,281.673,8.242,204.146,161.879,165.86,211.752,2044.918
20260706B25,落札量合計（電源属地別）[MW],168.29,44.67,536.33,122.688,6.312,182.42,115.276,47,159.274,1382.26
20260706B25,応札件数（電源属地別）[件],7,14,66,49,2,18,22,8,35,221
20260706B25,落札件数（電源属地別）[件],4,3,26,10,1,7,5,5,8,69
20260706B25,最高落札価格（電源属地別）[円/kW・30分],1.01,8.62,9.99,10,1.48,1.95,2.13,1.9,3.98,10
20260706B25,最低落札価格（電源属地別）[円/kW・30分],0.71,3.92,0.39,0.95,1.48,0.39,0.39,0.82,0.39,0.39
20260706B25,平均落札価格（電源属地別）[円/kW・30分],0.94,5.6,2.06,2.41,1.48,0.8,1.2,1.66,2.07,1.81
20260706B25,最高落札価格（TSO別）[円/kW・30分],1.01,8.62,9.99,4.79,10,1.95,2.13,1.9,3.98,10
20260706B25,最低落札価格（TSO別）[円/kW・30分],0.71,3.45,0.39,0.95,1.01,0.39,0.39,0.82,0.39,0.39
20260706B25,平均落札価格（TSO別）[円/kW・30分],0.94,4.23,1.82,2.25,2.48,0.63,1.21,1.66,2.06,1.81
20260706B25,落札量合計（TSO別）[MW],168.29,123,458,67,62,160,117.97,47,179,1382.26
20260706B25,（内訳）自エリアからの落札量[MW],168.29,44.67,458,67,6.312,160,115.276,47,159.274,1225.822
20260706B26,募集量（TSO別）[MW],62,123,458,67,62,160,108,47,179,1266
20260706B26,応札量合計（電源属地別）[MW],148.74,76.945,743.532,300.736,3.582,219.146,168.104,166.86,211.752,2039.397
20260706B26,落札量合計（電源属地別）[MW],119.99,44.67,536.33,141.509,1.652,182.42,107.389,50,157,1340.96
20260706B26,応札件数（電源属地別）[件],5,14,66,51,2,19,22,8,35,222
20260706B26,落札件数（電源属地別）[件],3,3,25,8,1,7,4,4,6,61
20260706B26,最高落札価格（電源属地別）[円/kW・30分],1.01,8.65,9.99,2.9,1.4,1.95,1.17,1.8,3.03,9.99
20260706B26,最低落札価格（電源属地別）[円/kW・30分],0.69,3.93,0.39,0.87,1.4,0.39,0.39,1.5,0.39,0.39
20260706B26,平均落札価格（電源属地別）[円/kW・30分],0.92,5.61,2.15,1.52,1.4,0.8,1.01,1.76,2.04,1.78
20260706B26,最高落札価格（TSO別）[円/kW・30分],1.01,8.65,9.99,2.1,2.9,1.95,1.95,1.8,3.03,9.99
20260706B26,最低落札価格（TSO別）[円/kW・30分],0.69,0.39,0.72,0.87,0.87,0.39,0.39,1.5,0.39,0.39
20260706B26,平均落札価格（TSO別）[円/kW・30分],0.92,4.1,1.96,1.76,1.19,0.63,1.11,1.76,2.03,1.78
20260706B26,落札量合計（TSO別）[MW],119.99,123,458,67,62,160,121.97,50,179,1340.96
20260706B26,（内訳）自エリアからの落札量[MW],119.99,44.67,458,67,1.652,160,107.389,50,157,1165.701
20260706B27,募集量（TSO別）[MW],62,123,458,67,62,160,108,47,179,1266
20260706B27,応札量合計（電源属地別）[MW],208.99,66.845,722.913,362.386,3.152,219.146,158.371,166.86,176.402,2085.065
20260706B27,落札量合計（電源属地別）[MW],144.29,32.67,548.33,157.523,1.222,182.42,111.768,59,139.057,1376.28
20260706B27,応札件数（電源属地別）[件],8,14,74,56,2,19,21,8,36,238
20260706B27,落札件数（電源属地別）[件],4,2,31,9,1,7,4,4,17,79
20260706B27,最高落札価格（電源属地別）[円/kW・30分],1.01,5.65,6.88,5.27,1.49,1.95,3,1.8,7.49,7.49
20260706B27,最低落札価格（電源属地別）[円/kW・30分],0.51,3.73,0.39,1.1,1.49,0.39,1.14,0.36,1.3,0.36
20260706B27,平均落札価格（電源属地別）[円/kW・30分],0.97,4.36,1.66,2.06,1.49,0.8,1.36,1.41,3.41,1.72
20260706B27,最高落札価格（TSO別）[円/kW・30分],1.01,5.65,6.88,5.27,1.49,1.95,3,1.8,7.49,7.49
20260706B27,最低落札価格（TSO別）[円/kW・30分],0.51,0.39,0.49,1.17,1.1,0.39,1.14,0.36,1.1,0.36
20260706B27,平均落札価格（TSO別）[円/kW・30分],0.97,3.38,1.39,3.22,1.22,0.63,1.37,1.41,2.99,1.72
20260706B27,落札量合計（TSO別）[MW],144.29,123,458,67,62,160,123.99,59,179,1376.28
20260706B27,（内訳）自エリアからの落札量[MW],144.29,32.67,458,67,1.222,160,111.768,59,139.057,1173.007
20260706B28,募集量（TSO別）[MW],62,122,458,67,62,159,108,47,179,1264
20260706B28,応札量合計（電源属地別）[MW],214.5,66.845,707.903,363.463,8.674,195.208,158.371,166.86,176.402,2058.226
20260706B28,落札量合計（電源属地別）[MW],142.3,47.17,532.83,182.882,6.744,158.482,115.726,59,127.156,1372.29
20260706B28,応札件数（電源属地別）[件],8,14,72,56,2,18,21,8,36,235
20260706B28,落札件数（電源属地別）[件],3,3,36,11,1,6,6,4,13,83
20260706B28,最高落札価格（電源属地別）[円/kW・30分],1.01,12,9.99,5.83,1.18,1.95,3,1.8,5.18,12
20260706B28,最低落札価格（電源属地別）[円/kW・30分],0.98,2.95,0.39,1.49,1.18,0.39,1.14,0.36,1.36,0.36
20260706B28,平均落札価格（電源属地別）[円/kW・30分],1,6.34,2.61,2.21,1.18,0.86,1.42,1.41,3.32,2.22
20260706B28,最高落札価格（TSO別）[円/kW・30分],1.01,12,9.99,1.84,5.83,5.83,5.77,1.8,5.83,12
20260706B28,最低落札価格（TSO別）[円/kW・30分],0.98,0.39,0.63,1.59,1.18,0.39,1.14,0.36,1.36,0.36
20260706B28,平均落札価格（TSO別）[円/kW・30分],1,4.94,2.37,1.7,2.08,0.88,1.79,1.41,2.96,2.22
20260706B28,落札量合計（TSO別）[MW],142.3,122,458,67,62,159,123.99,59,179,1372.29
20260706B28,（内訳）自エリアからの落札量[MW],142.3,47.17,458,67,6.744,111.057,111.966,59,127.156,1130.393
20260706B29,募集量（TSO別）[MW],62,121,458,67,62,160,108,47,179,1264
20260706B29,応札量合計（電源属地別）[MW],158.168,66.845,741.723,308.175,1.93,171.163,156.571,166.86,136.252,1907.687
20260706B29,落札量合計（電源属地別）[MW],93,47.17,531.83,214.634,0,156.888,125.835,58,116.976,1344.333
20260706B29,応札件数（電源属地別）[件],7,14,69,52,1,17,20,8,35,223
20260706B29,落札件数（電源属地別）[件],2,3,34,11,0,10,4,4,25,93
20260706B29,最高落札価格（電源属地別）[円/kW・30分],1.01,12,14.3,1.86,0,7.88,9.27,1.8,8.9,14.3
20260706B29,最低落札価格（電源属地別）[円/kW・30分],1,2.63,0.39,1.56,0,0.39,1.14,0.36,1.3,0.36
20260706B29,平均落札価格（電源属地別）[円/kW・30分],1.01,6.19,2.82,1.74,0,1.78,2.34,1.43,3.89,2.51
20260706B29,最高落札価格（TSO別）[円/kW・30分],1.01,12,14.3,1.8,1.86,1.83,9.27,1.8,8.9,14.3
20260706B29,最低落札価格（TSO別）[円/kW・30分],1,0.39,0.66,1.56,1.64,0.39,1.14,0.36,1.14,0.36
20260706B29,平均落札価格（TSO別）[円/kW・30分],1.01,4.91,2.62,1.73,1.74,1.02,2.34,1.43,3.92,2.51
20260706B29,落札量合計（TSO別）[MW],93,121,458,67,62,182.353,123.98,58,179,1344.333
20260706B29,（内訳）自エリアからの落札量[MW],93,47.17,458,67,0,130.21,123.98,58,116.976,1094.336
20260706B30,募集量（TSO別）[MW],62,118,457,67,62,160,108,47,178,1259
20260706B30,応札量合計（電源属地別）[MW],158.168,42.849,749.497,408.513,1.93,82.202,198.655,166.86,136.252,1944.926
20260706B30,落札量合計（電源属地別）[MW],94,10.67,564.33,218.583,0,70.417,168.919,57,117.081,1301
20260706B30,応札件数（電源属地別）[件],7,12,68,58,1,12,24,8,35,225
20260706B30,落札件数（電源属地別）[件],2,1,29,26,0,6,9,4,25,102
20260706B30,最高落札価格（電源属地別）[円/kW・30分],1.3,5.65,9.99,10,0,7.88,9,1.8,8.9,10
20260706B30,最低落札価格（電源属地別）[円/kW・30分],1,5.65,0.39,1.27,0,1.38,0.39,0.36,1.3,0.36
20260706B30,平均落札価格（電源属地別）[円/kW・30分],1.27,5.65,2.03,2.95,0,3.49,1.5,1.45,3.72,2.3
20260706B30,最高落札価格（TSO別）[円/kW・30分],1.3,5.65,9.99,4.77,1.5,10,5.57,1.8,9,10
20260706B30,最低落札価格（TSO別）[円/kW・30分],1,4.33,0.39,1.27,1.27,1.36,0.39,0.36,1.06,0.36
20260706B30,平均落札価格（TSO別）[円/kW・30分],1.27,4.46,1.49,2.11,1.4,4.14,1.62,1.45,2.89,2.3
20260706B30,落札量合計（TSO別）[MW],94,118,457,67,62,160,108,57,178,1301
20260706B30,（内訳）自エリアからの落札量[MW],94,10.67,457,67,0,70.417,108,57,117.081,981.168
20260706B31,募集量（TSO別）[MW],60,188,457,67,62,160,108,45,174,1321
20260706B31,応札量合計（電源属地別）[MW],158.168,44.845,734.998,427.604,1.93,82.202,207.479,164.86,136.252,1958.338
20260706B31,落札量合計（電源属地別）[MW],94,25.17,619.83,244.141,0,47.425,176.743,52,102.691,1362
20260706B31,応札件数（電源属地別）[件],7,13,71,58,1,12,24,7,35,228
20260706B31,落札件数（電源属地別）[件],2,2,51,13,0,1,8,3,17,97
20260706B31,最高落札価格（電源属地別）[円/kW・30分],1.22,12,14.95,4.34,0,1.95,2.13,1.8,4,14.95
20260706B31,最低落札価格（電源属地別）[円/kW・30分],1,5.65,0.39,1.07,0,1.95,0.39,0.36,1.36,0.36
20260706B31,平均落札価格（電源属地別）[円/kW・30分],1.2,9.31,2.69,2.03,0,1.95,1.08,1.11,3.38,2.35
20260706B31,最高落札価格（TSO別）[円/kW・30分],1.22,14.95,14.95,4.34,4.22,4.22,1.56,1.8,4,14.95
20260706B31,最低落札価格（TSO別）[円/kW・30分],1,3.45,0.39,1.16,1.1,1.07,0.39,0.36,0.39,0.36
20260706B31,平均落札価格（TSO別）[円/kW・30分],1.2,5.53,1.88,2.85,2.01,1.68,1.12,1.11,2.43,2.35
20260706B31,落札量合計（TSO別）[MW],94,188,457,67,62,160,108,52,174,1362
20260706B31,（内訳）自エリアからの落札量[MW],94,25.17,457,67,0,44.859,108,52,102.691,950.72
20260706B32,募集量（TSO別）[MW],60,188,458,67,62,160,108,45,174,1322
20260706B32,応札量合計（電源属地別）[MW],114.158,44.845,751.099,429.598,1.93,101.814,140.704,164.86,170.252,1919.26
20260706B32,落札量合計（電源属地別）[MW],72,25.17,620.83,225.14,1.435,82.037,125.829,52,156.171,1360.612
20260706B32,応札件数（電源属地別）[件],8,13,72,58,1,13,19,7,36,227
20260706B32,落札件数（電源属地別）[件],7,2,45,30,1,3,11,4,29,132
20260706B32,最高落札価格（電源属地別）[円/kW・30分],13.4,12,14.5,10,10.5,7.88,9.89,1.8,9.8,14.5
20260706B32,最低落札価格（電源属地別）[円/kW・30分],1,5.65,0.39,1.55,10.5,0.39,1.5,0.36,1.79,0.36
20260706B32,平均落札価格（電源属地別）[円/kW・30分],4.35,9.31,2.73,3.54,10.5,2.66,2.64,1.11,4.27,3.18
20260706B32,最高落札価格（TSO別）[円/kW・30分],13.4,13.21,14.5,1.78,10.5,10,2.13,1.8,9.89,14.5
20260706B32,最低落札価格（TSO別）[円/kW・30分],1,0.39,0.58,1.55,1.59,0.39,1.5,0.36,1.79,0.36
20260706B32,平均落札価格（TSO別）[円/kW・30分],4.35,5.85,1.81,1.68,4.38,3.59,1.64,1.11,4.72,3.18
20260706B32,落札量合計（TSO別）[MW],72,188,458,67,62,179.612,108,52,174,1360.612
20260706B32,（内訳）自エリアからの落札量[MW],72,25.17,458,67,1.435,82.037,108,52,156.171,1021.813
20260706B33,募集量（TSO別）[MW],60,188,458,67,63,160,108,45,174,1323
20260706B33,応札量合計（電源属地別）[MW],227.158,56.845,751.827,429.598,1.93,121.422,140.739,153.86,170.252,2053.631
20260706B33,落札量合計（電源属地別）[MW],149.708,37.17,608.83,219.427,0,101.645,121.903,45,160.097,1443.78
20260706B33,応札件数（電源属地別）[件],10,14,71,59,1,14,18,6,36,229
20260706B33,落札件数（電源属地別）[件],6,3,43,22,0,4,8,3,31,120
20260706B33,最高落札価格（電源属地別）[円/kW・30分],4.13,12,14.5,10,0,7.88,9.5,1.8,9.9,14.5
20260706B33,最低落札価格（電源属地別）[円/kW・30分],1,3.15,0.39,1.59,0,0.39,2.13,0.36,2.17,0.36
20260706B33,平均落札価格（電源属地別）[円/kW・30分],3.52,7.32,2.82,3.26,0,2.22,3.02,1.58,4.43,3.19
20260706B33,最高落札価格（TSO別）[円/kW・30分],4.13,13.21,14.5,5.77,9.9,10,2.61,1.8,9.9,14.5
20260706B33,最低落札価格（TSO別）[円/kW・30分],1,3.15,0.39,1.59,1.7,0.39,2.13,0.36,2.17,0.36
20260706B33,平均落札価格（TSO別）[円/kW・30分],3.52,6.13,1.83,2.25,3.03,3.13,2.55,1.58,4.61,3.19
20260706B33,落札量合計（TSO別）[MW],149.708,188,458,67,63,191.072,108,45,174,1443.78
20260706B33,（内訳）自エリアからの落札量[MW],149.708,37.17,458,67,0,101.645,108,45,160.097,1126.62
20260706B34,募集量（TSO別）[MW],60,186,458,67,63,160,108,44,173,1319
20260706B34,応札量合計（電源属地別）[MW],236.19,57.31,732.518,440.115,1.93,156.712,140.739,142.86,178.252,2086.626
20260706B34,落札量合計（電源属地別）[MW],150,39.135,604.865,184.321,0,121.935,110.003,44,162.071,1416.33
20260706B34,応札件数（電源属地別）[件],9,14,70,60,1,16,18,5,36,229
20260706B34,落札件数（電源属地別）[件],4,4,49,11,0,5,2,3,27,105
20260706B34,最高落札価格（電源属地別）[円/kW・30分],4.13,12,14.95,5.71,0,1.37,2.75,1.8,5.18,14.95
20260706B34,最低落札価格（電源属地別）[円/kW・30分],1,2.25,0.39,0.51,0,0.39,2.13,0.36,1.38,0.36
20260706B34,平均落札価格（電源属地別）[円/kW・30分],3.79,7.18,3.26,1.95,0,0.77,2.67,0.85,4.42,3.05
20260706B34,最高落札価格（TSO別）[円/kW・30分],4.13,14.5,14.95,5.71,5.71,1.75,2.75,1.8,5.18,14.95
20260706B34,最低落札価格（TSO別）[円/kW・30分],1,2.25,0.39,1.51,0.51,0.39,2.13,0.36,1.38,0.36
20260706B34,平均落札価格（TSO別）[円/kW・30分],3.79,6.44,2.3,2.13,2.03,1.01,2.68,0.85,4.24,3.05
20260706B34,落札量合計（TSO別）[MW],150,186,458,67,63,167.33,108,44,173,1416.33
20260706B34,（内訳）自エリアからの落札量[MW],150,39.135,458,67,0,121.935,108,44,162.071,1150.141
20260706B35,募集量（TSO別）[MW],60,184,458,67,63,159,107,44,172,1314
20260706B35,応札量合計（電源属地別）[MW],182.19,46.81,715.419,437.116,1.93,166.552,140.704,142.86,144.252,1977.833
20260706B35,落札量合計（電源属地別）[MW],125.99,27.135,614.865,150.417,0,129.826,113.926,142.86,115.944,1420.963
20260706B35,応札件数（電源属地別）[件],8,14,70,58,1,17,19,5,35,227
20260706B35,落札件数（電源属地別）[件],4,3,46,8,0,5,5,5,20,96
20260706B35,最高落札価格（電源属地別）[円/kW・30分],4.13,12,14.77,1.67,0,1.38,3,1.8,4.74,14.77
20260706B35,最低落札価格（電源属地別）[円/kW・30分],2.98,5.65,0.39,1.45,0,0.39,2.13,0.36,2,0.36
20260706B35,平均落札価格（電源属地別）[円/kW・30分],3.86,9.36,3.04,1.59,0,0.77,2.69,0.74,4.14,2.7
20260706B35,最高落札価格（TSO別）[円/kW・30分],4.13,14.5,14.77,1.67,1.67,1.67,2.84,1.8,4.74,14.77
20260706B35,最低落札価格（TSO別）[円/kW・30分],2.98,0.39,0.67,1.45,1.55,0.36,2.13,0.36,0.36,0.36
20260706B35,平均落札価格（TSO別）[円/kW・30分],3.86,5.59,2.39,1.55,1.6,0.75,2.69,1.47,3.03,2.7
20260706B35,落札量合計（TSO別）[MW],125.99,184,458,67,63,199.973,107,44,172,1420.963
20260706B35,（内訳）自エリアからの落札量[MW],125.99,27.135,458,67,0,129.826,107,44,115.944,1074.895
20260706B36,募集量（TSO別）[MW],60,181,458,66,63,158,108,43,171,1308
20260706B36,応札量合計（電源属地別）[MW],172.19,55.314,662.886,384.743,1.93,131.264,140.704,142.86,140.252,1832.143
20260706B36,落札量合計（電源属地別）[MW],111.24,39.135,599.865,176.879,0,94.538,113.926,142.86,120.182,1398.625
20260706B36,応札件数（電源属地別）[件],8,13,67,53,1,15,19,5,35,216
20260706B36,落札件数（電源属地別）[件],5,4,52,10,0,3,5,5,24,108
20260706B36,最高落札価格（電源属地別）[円/kW・30分],4.13,12,14.99,5.05,0,1.34,3.4,1.8,4.47,14.99
20260706B36,最低落札価格（電源属地別）[円/kW・30分],3.38,2.6,0.39,1.29,0,0.39,2.13,0.36,2.26,0.36
20260706B36,平均落札価格（電源属地別）[円/kW・30分],3.95,7.29,3.76,1.79,0,0.89,3.16,0.74,4.02,3.1
20260706B36,最高落札価格（TSO別）[円/kW・30分],4.13,14.99,14.78,1.48,1.54,5.05,3.4,1.8,4.47,14.99
20260706B36,最低落札価格（TSO別）[円/kW・30分],3.38,0.39,0.65,1.29,1.41,0.36,2.13,0.36,0.36,0.36
20260706B36,平均落札価格（TSO別）[円/kW・30分],3.95,7.05,2.77,1.38,1.48,1.19,3.19,1.55,3.03,3.1
20260706B36,落札量合計（TSO別）[MW],111.24,181,458,66,63,197.385,108,43,171,1398.625
20260706B36,（内訳）自エリアからの落札量[MW],111.24,39.135,458,66,0,94.538,108,43,120.182,1040.095
20260706B37,募集量（TSO別）[MW],59,180,459,65,63,153,107,41,170,1297
20260706B37,応札量合計（電源属地別）[MW],221.458,58.81,592.978,313.8,1.93,84.041,136.743,142.86,207.364,1759.984
20260706B37,落札量合計（電源属地別）[MW],162,51.441,587.559,225.996,1.93,53.074,47.976,139,140.024,1409
20260706B37,応札件数（電源属地別）[件],9,15,67,50,1,13,17,5,32,209
20260706B37,落札件数（電源属地別）[件],7,11,64,13,1,4,1,3,6,110
20260706B37,最高落札価格（電源属地別）[円/kW・30分],4.13,15,14.99,7.15,6.5,7.8,3.81,1.8,4.97,15
20260706B37,最低落札価格（電源属地別）[円/kW・30分],3.1,3.02,0.39,1.16,6.5,1.95,3.81,0.36,2.7,0.36
20260706B37,平均落札価格（電源属地別）[円/kW・30分],3.67,9.23,4.04,1.95,6.5,2.55,3.81,0.71,4.56,3.51
20260706B37,最高落札価格（TSO別）[円/kW・30分],4.13,15,4.57,4.61,7.15,7.8,4.97,1.8,4.97,15
20260706B37,最低落札価格（TSO別）[円/kW・30分],3.1,0.39,0.61,1.24,1.16,1.16,0.36,0.36,0.36,0.36
20260706B37,平均落札価格（TSO別）[円/kW・30分],3.67,9.27,2.57,2.38,1.57,2.19,1.91,1.55,3.65,3.51
20260706B37,落札量合計（TSO別）[MW],162,180,459,65,63,153,107,41,179,1409
20260706B37,（内訳）自エリアからの落札量[MW],162,51.441,459,65,1.93,53.074,47.976,41,140,1021.421
20260706B38,募集量（TSO別）[MW],59,180,458,65,63,153,107,41,170,1296
20260706B38,応札量合計（電源属地別）[MW],246.458,57.31,592.984,313.838,1.93,84.041,136.743,142.86,207.364,1783.528
20260706B38,落札量合計（電源属地別）[MW],142,48.451,589.549,227.975,1.93,51.095,47.976,139.024,140,1388
20260706B38,応札件数（電源属地別）[件],10,14,67,50,1,13,17,5,32,209
20260706B38,落札件数（電源属地別）[件],7,10,65,14,1,3,1,5,6,112
20260706B38,最高落札価格（電源属地別）[円/kW・30分],4.13,15,14.99,7,6.5,7.5,4.25,1.8,5.12,15
20260706B38,最低落札価格（電源属地別）[円/kW・30分],3,3.15,0.39,1.15,6.5,1.34,4.25,0.36,2.91,0.36
20260706B38,平均落札価格（電源属地別）[円/kW・30分],3.57,8.9,3.94,1.95,6.5,1.56,4.25,0.71,4.76,3.44
20260706B38,最高落札価格（TSO別）[円/kW・30分],4.13,15,14.99,1.31,6.5,7.5,4.25,1.8,5.12,15
20260706B38,最低落札価格（TSO別）[円/kW・30分],3,3.15,0.39,1.15,1.24,1.24,0.36,0.36,0.36,0.36
20260706B38,平均落札価格（TSO別）[円/kW・30分],3.57,9.2,2.4,1.22,2.04,2.14,2.1,1.55,3.8,3.44
20260706B38,落札量合計（TSO別）[MW],142,180,458,65,63,153,107,41,179,1388
20260706B38,（内訳）自エリアからの落札量[MW],142,48.451,458,65,1.93,51.095,47.976,41,140,995.452
20260706B39,募集量（TSO別）[MW],59,180,459,65,63,153,107,41,170,1297
20260706B39,応札量合計（電源属地別）[MW],198.158,70.81,586.925,332.675,1.93,86.001,136.743,142.86,129.551,1685.653
20260706B39,落札量合計（電源属地別）[MW],135,53.875,585.125,142.869,1.93,70.849,113.926,142.86,126.566,1373
20260706B39,応札件数（電源属地別）[件],9,16,66,50,1,14,17,5,29,207
20260706B39,落札件数（電源属地別）[件],5,7,65,9,1,10,5,5,27,134
20260706B39,最高落札価格（電源属地別）[円/kW・30分],4.13,15,14.99,5,6.5,7.88,4.12,1.8,6.93,15
20260706B39,最低落札価格（電源属地別）[円/kW・30分],2.68,1.75,0.39,1.01,6.5,1.44,2.16,0.36,2,0.36
20260706B39,平均落札価格（電源属地別）[円/kW・30分],3.43,6.65,3.46,3.06,6.5,3.36,3.77,0.74,3.99,3.33
20260706B39,最高落札価格（TSO別）[円/kW・30分],4.13,15,14.99,4.27,6.5,7.88,4.12,4.12,6.93,15
20260706B39,最低落札価格（TSO別）[円/kW・30分],2.68,0.39,0.39,1.01,1.01,0.36,0.36,1.8,0.36,0.36
20260706B39,平均落札価格（TSO別）[円/kW・30分],3.43,4.84,3.29,2.37,3.56,3.45,1.91,2.16,3.11,3.33
20260706B39,落札量合計（TSO別）[MW],135,180,459,65,63,153,107,41,170,1373
20260706B39,（内訳）自エリアからの落札量[MW],135,53.875,459,65,1.93,70.849,48,34,125.333,992.987
20260706B40,募集量（TSO別）[MW],59,179,458,65,62,153,107,41,169,1293
20260706B40,応札量合計（電源属地別）[MW],156.468,58.81,601.442,311.858,1.93,86.001,138.715,142.86,127.536,1625.62
20260706B40,落札量合計（電源属地別）[MW],139.3,39.135,597.865,168.288,0,49.275,113.926,142.86,122.651,1373.3
20260706B40,応札件数（電源属地別）[件],7,15,66,49,1,14,18,5,28,203
20260706B40,落札件数（電源属地別）[件],7,4,65,12,0,2,5,5,25,125
20260706B40,最高落札価格（電源属地別）[円/kW・30分],13.4,12,14.99,5,0,4.4,3.4,1.8,4.38,14.99
20260706B40,最低落札価格（電源属地別）[円/kW・30分],1.43,4.89,0.39,0.78,0,1.95,2.13,0.36,1.55,0.36
20260706B40,平均落札価格（電源属地別）[円/kW・30分],3.24,7.99,3.14,2.2,0,2.04,3.16,0.74,3.43,2.91
20260706B40,最高落札価格（TSO別）[円/kW・30分],13.4,14.99,14.99,3.74,5,4.4,3.4,2.13,4.38,14.99
20260706B40,最低落札価格（TSO別）[円/kW・30分],1.43,0.39,0.49,0.78,1.05,0.36,0.36,1.7,0.36,0.36
20260706B40,平均落札価格（TSO別）[円/kW・30分],3.24,6.65,2.18,1.32,2.23,2.11,2.78,1.82,2.6,2.91
20260706B40,落札量合計（TSO別）[MW],139.3,179,458,65,62,153,107,41,169,1373.3
20260706B40,（内訳）自エリアからの落札量[MW],139.3,39.135,458,65,0,49.275,92.204,37,122.651,1002.565
20260706B41,募集量（TSO別）[MW],59,179,458,65,61,152,107,41,169,1291
20260706B41,応札量合計（電源属地別）[MW],76.158,70.81,608.358,311.733,1.93,121.263,140.515,156.86,133.355,1620.982
20260706B41,落札量合計（電源属地別）[MW],59,51.135,585.865,187.396,0,88.495,115.726,103.985,128.47,1320.072
20260706B41,応札件数（電源属地別）[件],7,16,71,49,1,14,19,6,31,214
20260706B41,落札件数（電源属地別）[件],5,5,60,12,0,4,6,4,28,124
20260706B41,最高落札価格（電源属地別）[円/kW・30分],11.5,12,14.99,6.15,0,4.54,3,1.8,4.43,14.99
20260706B41,最低落札価格（電源属地別）[円/kW・30分],3.07,4.68,0.39,0.64,0,0.39,2.13,0.36,1.51,0.36
20260706B41,平均落札価格（電源属地別）[円/kW・30分],6.76,7.21,2.68,1.98,0,1.31,2.53,0.76,3.45,2.76
20260706B41,最高落札価格（TSO別）[円/kW・30分],11.5,14.99,14.99,3.49,6.15,5,3,1.8,4.43,14.99
20260706B41,最低落札価格（TSO別）[円/kW・30分],3.07,0.39,0.4,1.46,0.64,0.36,2.13,0.36,0.36,0.36
20260706B41,平均落札価格（TSO別）[円/kW・30分],6.76,6.3,1.76,2.06,2.24,1.26,2.54,1.38,2.82,2.76
20260706B41,落札量合計（TSO別）[MW],59,179,458,65,61,181.072,107,41,169,1320.072
20260706B41,（内訳）自エリアからの落札量[MW],59,51.135,458,65,0,88.495,107,41,128.47,998.1
20260706B42,募集量（TSO別）[MW],59,179,458,65,59,153,107,41,169,1290
20260706B42,応札量合計（電源属地別）[MW],149.458,68.814,608.792,281.101,1.93,121.263,172.249,156.86,137.355,1697.822
20260706B42,落札量合計（電源属地別）[MW],95.99,51.135,585.865,195.238,1.93,103.074,147.46,41,134.37,1356.062
20260706B42,応札件数（電源属地別）[件],9,15,70,49,1,14,21,7,31,217
20260706B42,落札件数（電源属地別）[件],7,5,58,13,1,5,8,4,29,130
20260706B42,最高落札価格（電源属地別）[円/kW・30分],13.4,12,14.99,7.39,6.5,7.88,3,1.8,5.92,14.99
20260706B42,最低落札価格（電源属地別）[円/kW・30分],1.01,5.23,0.39,0.44,6.5,0.39,1.56,0.36,1.27,0.36
20260706B42,平均落札価格（電源属地別）[円/kW・30分],3.73,7.47,3.19,1.65,6.5,1.87,2.13,1.38,3.34,2.92
20260706B42,最高落札価格（TSO別）[円/kW・30分],13.4,14.99,14.99,2.82,6.5,7.88,2.35,1.8,5.92,14.99
20260706B42,最低落札価格（TSO別）[円/kW・30分],1.01,2.45,0.39,0.44,0.44,0.39,1.56,0.36,1.27,0.36
20260706B42,平均落札価格（TSO別）[円/kW・30分],3.73,6.89,2.22,1.8,0.97,2.02,2.03,1.38,3.15,2.92
20260706B42,落札量合計（TSO別）[MW],95.99,179,458,65,59,182.072,107,41,169,1356.062
20260706B42,（内訳）自エリアからの落札量[MW],95.99,51.135,458,65,1.93,103.074,107,41,134.37,1057.499
20260706B43,募集量（TSO別）[MW],59,90,458,64,58,153,104,41,169,1196
20260706B43,応札量合計（電源属地別）[MW],160.158,70.81,547.267,261.181,1.93,200.649,225.146,206.86,148.94,1822.941
20260706B43,落札量合計（電源属地別）[MW],109.69,51.135,496.865,122,0,157.702,180.298,43,88,1248.69
20260706B43,応札件数（電源属地別）[件],8,16,63,43,1,20,26,9,34,220
20260706B43,落札件数（電源属地別）[件],6,5,38,7,0,7,9,4,5,81
20260706B43,最高落札価格（電源属地別）[円/kW・30分],11.45,12,14.5,5,0,1.95,2.65,1.8,3.45,14.5
20260706B43,最低落札価格（電源属地別）[円/kW・30分],1.01,5.34,0.39,0.41,0,0.39,0.36,0.36,1.23,0.36
20260706B43,平均落札価格（電源属地別）[円/kW・30分],2.27,7.52,2.94,1.46,0,0.82,1.75,0.54,3.02,2.41
20260706B43,最高落札価格（TSO別）[円/kW・30分],11.45,14.5,12.92,2.96,5,1.95,2.65,1.8,3.45,14.5
20260706B43,最低落札価格（TSO別）[円/kW・30分],1.01,0.39,0.72,0.42,0.41,0.39,0.39,0.36,0.36,0.36
20260706B43,平均落札価格（TSO別）[円/kW・30分],2.27,6.68,2.72,1.28,1.65,0.78,1.85,0.54,2.36,2.41
20260706B43,落札量合計（TSO別）[MW],109.69,90,458,64,58,153,104,43,169,1248.69
20260706B43,（内訳）自エリアからの落札量[MW],109.69,51.135,458,64,0,153,104,43,88,1070.825
20260706B44,募集量（TSO別）[MW],60,90,458,65,58,153,104,41,170,1199
20260706B44,応札量合計（電源属地別）[MW],208.458,70.81,490.955,257.421,9.39,216.67,186.962,206.86,147.04,1794.566
20260706B44,落札量合計（電源属地別）[MW],128,58.845,489.155,143.128,7.46,179.944,111.768,45,107.7,1271
20260706B44,応札件数（電源属地別）[件],9,16,62,41,2,20,22,9,33,214
20260706B44,落札件数（電源属地別）[件],3,9,61,7,1,8,4,4,16,113
20260706B44,最高落札価格（電源属地別）[円/kW・30分],4,15,14.99,2.87,1.15,2.22,3,1.8,3.9,15
20260706B44,最低落札価格（電源属地別）[円/kW・30分],1.01,5.28,0.39,0.42,1.15,0.39,2.13,0.36,0.9,0.36
20260706B44,平均落札価格（電源属地別）[円/kW・30分],2.02,8.47,4.38,1.26,1.15,0.82,2.39,0.57,2.91,3.02
20260706B44,最高落札価格（TSO別）[円/kW・30分],4,15,14.99,2.87,2.87,1.95,2.49,1.8,3.9,15
20260706B44,最低落札価格（TSO別）[円/kW・30分],1.01,2.45,0.39,0.42,0.86,0.39,2.13,0.36,0.42,0.36
20260706B44,平均落札価格（TSO別）[円/kW・30分],2.02,9.1,3.97,0.77,1.39,0.62,2.39,0.57,2.61,3.02
20260706B44,落札量合計（TSO別）[MW],128,90,458,65,58,153,104,45,170,1271
20260706B44,（内訳）自エリアからの落札量[MW],128,58.845,458,65,7.46,153,104,45,107.7,1127.005
20260706B45,募集量（TSO別）[MW],61,90,458,64,58,153,104,41,170,1199
20260706B45,応札量合計（電源属地別）[MW],119.108,70.81,310.501,265.202,3.76,216.67,178.471,206.86,136.04,1507.422
20260706B45,落札量合計（電源属地別）[MW],78.99,70.81,310.501,178.186,3.76,206.894,25.813,45,134.347,1054.301
20260706B45,応札件数（電源属地別）[件],8,16,59,46,2,20,21,9,33,214
20260706B45,落札件数（電源属地別）[件],5,16,59,12,2,15,7,4,32,152
20260706B45,最高落札価格（電源属地別）[円/kW・30分],11,15,15,8.8,8.9,7.88,9.5,1.8,9.5,15
20260706B45,最低落札価格（電源属地別）[円/kW・30分],1.24,4.83,0.39,0.56,1.3,0.39,2.13,0.36,0.96,0.36
20260706B45,平均落札価格（電源属地別）[円/kW・30分],4.8,9.43,4.7,1.58,5.2,1.56,5.35,0.57,4.32,3.67
20260706B45,最高落札価格（TSO別）[円/kW・30分],11,15,15,3.17,8.9,8.8,9.5,1.8,9.5,15
20260706B45,最低落札価格（TSO別）[円/kW・30分],1.24,4.83,0.39,0.56,0.56,0.39,0.39,0.36,0.96,0.36
20260706B45,平均落札価格（TSO別）[円/kW・30分],4.8,9.43,4.7,1.79,1.62,1.96,1.67,0.57,3.88,3.67
20260706B45,落札量合計（TSO別）[MW],78.99,70.81,310.501,64,58,153,104,45,170,1054.301
20260706B45,（内訳）自エリアからの落札量[MW],78.99,70.81,310.501,64,3.76,110.495,23.841,45,134.347,841.744
20260706B46,募集量（TSO別）[MW],61,89,456,63,58,151,104,41,170,1193
20260706B46,応札量合計（電源属地別）[MW],123.108,70.81,282.64,267.102,4.03,216.67,178.471,206.86,148.54,1498.231
20260706B46,落札量合計（電源属地別）[MW],80.99,70.81,282.64,187.228,4.03,194.944,14.112,45,145.686,1025.44
20260706B46,応札件数（電源属地別）[件],8,16,58,46,2,20,21,9,34,214
20260706B46,落札件数（電源属地別）[件],5,16,58,13,2,9,1,4,33,141
20260706B46,最高落札価格（電源属地別）[円/kW・30分],11.5,15,15,8.8,7.5,7.88,2.13,1.8,9.5,15
20260706B46,最低落札価格（電源属地別）[円/kW・30分],1.01,5.2,0.39,0.49,1.15,0.39,2.13,0.36,0.83,0.36
20260706B46,平均落札価格（電源属地別）[円/kW・30分],3.81,9.55,4.87,1.32,4.19,1.38,2.13,0.57,3.91,3.43
20260706B46,最高落札価格（TSO別）[円/kW・30分],11.5,15,15,2.74,8.8,7.88,2.69,1.8,9.5,15
20260706B46,最低落札価格（TSO別）[円/kW・30分],1.01,5.2,0.39,0.5,0.5,0.39,0.39,0.36,0.49,0.36
20260706B46,平均落札価格（TSO別）[円/kW・30分],3.81,9.55,4.87,1.32,1.53,1.74,1.08,0.57,3.45,3.43
20260706B46,落札量合計（TSO別）[MW],80.99,70.81,282.64,63,58,151,104,45,170,1025.44
20260706B46,（内訳）自エリアからの落札量[MW],80.99,70.81,282.64,63,4.03,144.056,14.112,45,145.686,850.324
20260706B47,募集量（TSO別）[MW],61,88,454,62,57,150,103,41,169,1185
20260706B47,応札量合計（電源属地別）[MW],163.166,67.907,444.78,267.102,8.446,214.761,193.821,206.86,147.04,1713.883
20260706B47,落札量合計（電源属地別）[MW],111.798,67.907,444.78,185.238,8.446,179.944,29.462,45,137.91,1210.485
20260706B47,応札件数（電源属地別）[件],9,14,58,46,2,19,25,9,33,215
20260706B47,落札件数（電源属地別）[件],6,14,58,12,2,8,5,4,28,137
20260706B47,最高落札価格（電源属地別）[円/kW・30分],11.5,15,14.99,5,4,4.21,2.13,1.8,5.7,15
20260706B47,最低落札価格（電源属地別）[円/kW・30分],1.01,5.39,0.39,0.45,0.39,0.39,0.39,0.36,0.66,0.36
20260706B47,平均落札価格（電源属地別）[円/kW・30分],3.49,9.38,5.02,1.46,1.21,0.84,1.22,0.57,3.07,3.45
20260706B47,最高落札価格（TSO別）[円/kW・30分],11.5,15,14.99,3.07,4,4.21,5,1.8,5.7,15
20260706B47,最低落札価格（TSO別）[円/kW・30分],1.01,5.39,0.39,0.46,0.39,0.39,0.39,0.36,0.66,0.36
20260706B47,平均落札価格（TSO別）[円/kW・30分],3.49,9.38,5.02,1.76,0.87,0.82,1.48,0.57,2.7,3.45
20260706B47,落札量合計（TSO別）[MW],111.798,67.907,444.78,62,57,150,103,45,169,1210.485
20260706B47,（内訳）自エリアからの落札量[MW],111.798,67.907,444.78,62,8.446,150,29.462,45,137.91,1057.303
20260706B48,募集量（TSO別）[MW],61,87,452,59,56,148,102,41,169,1175
20260706B48,応札量合計（電源属地別）[MW],160.108,67.314,444.78,166.921,61.93,74.037,229.379,199.86,140.45,1544.779
20260706B48,落札量合計（電源属地別）[MW],85.99,67.314,443.658,166.906,61.93,72.088,132.346,45,138.95,1214.182
20260706B48,応札件数（電源属地別）[件],8,14,58,40,3,13,25,9,34,204
20260706B48,落札件数（電源属地別）[件],2,14,58,40,3,12,24,4,33,190
20260706B48,最高落札価格（電源属地別）[円/kW・30分],1.01,15,15,13.88,7.5,13.25,14,1.8,9.5,15
20260706B48,最低落札価格（電源属地別）[円/kW・30分],1,5.65,0.39,0.71,0.39,0.39,0.39,0.36,0.39,0.36
20260706B48,平均落札価格（電源属地別）[円/kW・30分],1.01,9.44,5.19,4.54,0.61,4.43,6.4,0.57,4.2,4.61
20260706B48,最高落札価格（TSO別）[円/kW・30分],1.01,15,15,0.89,0.39,13.88,13.86,1.8,14,15
20260706B48,最低落札価格（TSO別）[円/kW・30分],1,5.65,0.39,0.71,0.39,0.39,0.39,0.36,0.39,0.36
20260706B48,平均落札価格（TSO別）[円/kW・30分],1.01,9.44,5.19,0.78,0.39,5.63,5.38,0.57,5.2,4.61
20260706B48,落札量合計（TSO別）[MW],85.99,67.314,443.658,59,56,186.22,102,45,169,1214.182
20260706B48,（内訳）自エリアからの落札量[MW],85.99,67.314,443.658,59,56,72.088,102,45,138.95,1070
E
