H,電力需給調整力取引所取引結果,対象年月,商品区分,ブロック数
P,速報値,202609,一次調整力,48
TT,取引情報,北海道,東北,東京,中部,北陸,関西,中国,四国,九州,合計
20260901B01,募集量（TSO別）[MW],64,175,539,238,53,132,140,41,163,1545
20260901B01,応札量合計（電源属地別）[MW],118.658,79.309,503.029,322.463,75.93,88.034,185.24,214.473,202.158,1789.294
20260901B01,落札量合計（電源属地別）[MW],104.968,79.309,488.041,238,49,15,169.344,176.536,138.983,1459.181
20260901B01,応札件数（電源属地別）[件],6,12,63,49,4,15,12,10,34,205
20260901B01,落札件数（電源属地別）[件],5,12,56,33,2,1,4,6,6,125
20260901B01,最高落札価格（電源属地別）[円/kW・30分],2.5,15,10,7.99,1.38,1.33,6.34,1.7,7.13,15
20260901B01,最低落札価格（電源属地別）[円/kW・30分],0.92,3.21,0.39,0.59,0.39,1.33,1.34,0.36,1.12,0.36
20260901B01,平均落札価格（電源属地別）[円/kW・30分],1.16,6.91,4.04,2.33,0.77,1.33,5.4,0.64,6.28,3.53
20260901B01,最高落札価格（TSO別）[円/kW・30分],2.5,15,10,7.99,1.38,1.7,6.34,1.7,7.13,15
20260901B01,最低落札価格（TSO別）[円/kW・30分],0.92,3.21,0.39,0.59,0.39,0.36,5.28,0.38,1.12,0.36
20260901B01,平均落札価格（TSO別）[円/kW・30分],1.16,6.91,4.04,2.33,0.82,0.5,5.46,0.89,5.75,3.53
20260901B01,落札量合計（TSO別）[MW],104.968,79.309,488.041,238,53,132,153.863,41,169,1459.181
20260901B01,（内訳）自エリアからの落札量[MW],104.968,79.309,488.041,238,49,11,153.863,41,138.983,1304.164
20260901B02,募集量（TSO別）[MW],64,175,539,238,53,132,140,41,163,1545
20260901B02,応札量合計（電源属地別）[MW],118.658,79.309,489.807,334.32,77.929,93.971,185.24,214.473,182.016,1775.723
20260901B02,落札量合計（電源属地別）[MW],107.958,79.309,470.354,238,33.639,15,169.344,202.93,120.95,1437.484
20260901B02,応札件数（電源属地別）[件],6,12,64,55,5,18,12,10,37,219
20260901B02,落札件数（電源属地別）[件],6,12,54,32,3,1,4,9,8,129
20260901B02,最高落札価格（電源属地別）[円/kW・30分],2.5,15,10,7.99,2.83,1.33,6.89,2.3,6.65,15
20260901B02,最低落札価格（電源属地別）[円/kW・30分],0.92,4.44,0.39,0.83,0.39,1.33,0.59,0.36,1.12,0.36
20260901B02,平均落札価格（電源属地別）[円/kW・30分],1.26,7.91,4.05,2.35,0.61,1.33,6.72,0.79,6.14,3.69
20260901B02,最高落札価格（TSO別）[円/kW・30分],2.5,15,10,7.99,2.83,2.3,6.89,1.7,6.89,15
20260901B02,最低落札価格（TSO別）[円/kW・30分],0.92,4.44,0.39,0.83,0.38,0.36,6.34,0.38,0.36,0.36
20260901B02,平均落札価格（TSO別）[円/kW・30分],1.26,7.91,4.05,2.35,0.74,0.86,6.8,0.92,5.22,3.69
20260901B02,落札量合計（TSO別）[MW],107.958,79.309,470.354,238,53,132,152.863,41,163,1437.484
20260901B02,（内訳）自エリアからの落札量[MW],107.958,79.309,470.354,238,33.639,15,152.863,41,120.95,1259.073
20260901B03,募集量（TSO別）[MW],64,175,539,238,53,132,140,41,163,1545
20260901B03,応札量合計（電源属地別）[MW],161.558,95.191,545.244,375.755,73.367,92.011,171.437,214.473,200.752,1929.788
20260901B03,落札量合計（電源属地別）[MW],132.808,95.191,523.741,238,49,15,153.547,187.53,123.983,1518.8
20260901B03,応札件数（電源属地別）[件],6,20,67,69,5,17,11,10,44,249
20260901B03,落札件数（電源属地別）[件],4,20,56,23,2,1,2,7,7,122
20260901B03,最高落札価格（電源属地別）[円/kW・30分],1.01,15,10,7.3,1.38,1.33,5.42,1.7,6.23,15
20260901B03,最低落札価格（電源属地別）[円/kW・30分],0.92,6.1,0.39,0.95,0.39,1.33,5.28,0.36,1.12,0.36
20260901B03,平均落札価格（電源属地別）[円/kW・30分],1,9.46,3.93,2,0.77,1.33,5.37,0.7,5.72,3.48
20260901B03,最高落札価格（TSO別）[円/kW・30分],1.01,15,10,7.3,1.38,1.6,5.42,1.7,6.23,15
20260901B03,最低落札価格（TSO別）[円/kW・30分],0.92,6.1,0.39,0.95,0.39,0.36,5.28,0.38,0.36,0.36
20260901B03,平均落札価格（TSO別）[円/kW・30分],1,9.46,3.93,2,0.82,0.52,5.36,1.07,5.01,3.48
20260901B03,落札量合計（TSO別）[MW],132.808,95.191,523.741,238,53,132,140.06,41,163,1518.8
20260901B03,（内訳）自エリアからの落札量[MW],132.808,95.191,523.741,238,49,11,140.06,41,123.983,1354.783
20260901B04,募集量（TSO別）[MW],64,175,539,238,53,132,140,41,163,1545
20260901B04,応札量合計（電源属地別）[MW],116.708,95.191,555.197,394.124,71.341,90.024,175.227,214.473,200.75,1913.035
20260901B04,落札量合計（電源属地別）[MW],104.068,95.191,523.919,238,49,15,153.547,187.47,123.983,1490.178
20260901B04,応札件数（電源属地別）[件],5,20,72,69,5,16,13,10,44,254
20260901B04,落札件数（電源属地別）[件],5,20,56,19,2,1,2,7,7,119
20260901B04,最高落札価格（電源属地別）[円/kW・30分],3.99,15,10,7,0.6,1.33,4.64,1.7,5.98,15
20260901B04,最低落札価格（電源属地別）[円/kW・30分],0.92,6.1,0.39,1.06,0.39,1.33,4.5,0.36,1.12,0.36
20260901B04,平均落札価格（電源属地別）[円/kW・30分],1.47,9.48,3.71,1.7,0.47,1.33,4.59,0.7,5.47,3.33
20260901B04,最高落札価格（TSO別）[円/kW・30分],3.99,15,10,7,0.6,1.7,4.64,1.7,5.98,15
20260901B04,最低落札価格（TSO別）[円/kW・30分],0.92,6.1,0.39,1.06,0.36,0.36,4.5,0.38,0.36,0.36
20260901B04,平均落札価格（TSO別）[円/kW・30分],1.47,9.48,3.71,1.7,0.46,0.67,4.59,1.28,4.6,3.33
20260901B04,落札量合計（TSO別）[MW],104.068,95.191,523.919,238,53,132,140,41,163,1490.178
20260901B04,（内訳）自エリアからの落札量[MW],104.068,95.191,523.919,238,49,15,140,41,123.983,1330.161
20260901B05,募集量（TSO別）[MW],64,175,537,237,53,131,140,40,163,1540
20260901B05,応札量合計（電源属地別）[MW],177.838,93.193,510.149,344.119,67.379,88.026,175.227,214.473,196.822,1867.226
20260901B05,落札量合計（電源属地別）[MW],108.1,93.193,488.843,237,49,15,153.547,185.53,123.983,1454.196
20260901B05,応札件数（電源属地別）[件],9,19,69,58,5,15,13,10,42,240
20260901B05,落札件数（電源属地別）[件],6,19,58,35,2,1,2,6,7,136
20260901B05,最高落札価格（電源属地別）[円/kW・30分],9.9,15,10,7.99,0.6,1.33,4.64,1.7,6.41,15
20260901B05,最低落札価格（電源属地別）[円/kW・30分],0.39,6.1,0.39,1.07,0.39,1.33,4.5,0.36,1.12,0.36
20260901B05,平均落札価格（電源属地別）[円/kW・30分],1.11,9.29,3.55,2.86,0.47,1.33,4.59,0.69,5.9,3.44
20260901B05,最高落札価格（TSO別）[円/kW・30分],9.9,15,10,7.99,1.33,1.7,4.64,1.7,6.41,15
20260901B05,最低落札価格（TSO別）[円/kW・30分],0.39,6.1,0.39,1.07,0.39,0.36,4.5,0.38,0.36,0.36
20260901B05,平均落札価格（TSO別）[円/kW・30分],1.11,9.29,3.55,2.86,0.54,0.62,4.59,1.3,4.92,3.44
20260901B05,落札量合計（TSO別）[MW],108.1,93.193,488.843,237,53,131,140.06,40,163,1454.196
20260901B05,（内訳）自エリアからの落札量[MW],108.1,93.193,488.843,237,49,11,140.06,40,123.983,1291.179
20260901B06,募集量（TSO別）[MW],64,175,537,237,53,130,140,40,163,1539
20260901B06,応札量合計（電源属地別）[MW],156.668,93.193,526.373,380.04,77.929,88.026,175.227,214.473,198.8,1910.729
20260901B06,落札量合計（電源属地別）[MW],110,93.193,505.146,237,49,15,153.547,184.53,123.983,1471.399
20260901B06,応札件数（電源属地別）[件],6,19,66,63,5,15,13,10,43,240
20260901B06,落札件数（電源属地別）[件],6,19,55,32,2,1,2,6,7,130
20260901B06,最高落札価格（電源属地別）[円/kW・30分],9.95,15,9.9,7.99,0.6,1.33,4.64,1.7,6.13,15
20260901B06,最低落札価格（電源属地別）[円/kW・30分],0.92,6.1,0.39,1.2,0.39,1.33,4.5,0.36,1.12,0.36
20260901B06,平均落札価格（電源属地別）[円/kW・30分],2.12,9.43,3.54,2.6,0.47,1.33,4.59,0.69,5.62,3.46
20260901B06,最高落札価格（TSO別）[円/kW・30分],9.95,15,9.9,7.99,0.6,1.7,4.64,1.7,6.13,15
20260901B06,最低落札価格（TSO別）[円/kW・30分],0.92,6.1,0.39,1.2,0.36,0.36,4.5,0.38,0.36,0.36
20260901B06,平均落札価格（TSO別）[円/kW・30分],2.12,9.43,3.54,2.6,0.46,0.87,4.59,0.58,4.71,3.46
20260901B06,落札量合計（TSO別）[MW],110,93.193,505.146,237,53,130,140.06,40,163,1471.399
20260901B06,（内訳）自エリアからの落札量[MW],110,93.193,505.146,237,49,15,140.06,40,123.983,1313.382
20260901B07,募集量（TSO別）[MW],63,174,536,237,53,131,140,41,164,1539
20260901B07,応札量合計（電源属地別）[MW],185.648,108.191,557.314,414.883,77.929,95.92,192.086,211.473,212.626,2056.07
20260901B07,落札量合計（電源属地別）[MW],102,108.191,523.115,237,49,16.996,153.547,185.534,123.983,1499.366
20260901B07,応札件数（電源属地別）[件],9,20,72,75,5,19,22,9,51,282
20260901B07,落札件数（電源属地別）[件],4,20,55,39,2,2,2,6,8,138
20260901B07,最高落札価格（電源属地別）[円/kW・30分],1.01,10,9.9,7.99,0.46,1.37,4.5,1.7,6.32,10
20260901B07,最低落札価格（電源属地別）[円/kW・30分],0.39,4.02,0.39,1.15,0.39,1.33,4.36,0.36,1.12,0.36
20260901B07,平均落札価格（電源属地別）[円/kW・30分],0.95,8.03,3.37,2.97,0.42,1.33,4.45,0.71,5.81,3.34
20260901B07,最高落札価格（TSO別）[円/kW・30分],1.01,10,9.9,7.99,1.33,1.7,4.5,1.7,6.32,10
20260901B07,最低落札価格（TSO別）[円/kW・30分],0.39,4.02,0.39,1.15,0.39,0.36,4.36,0.38,0.36,0.36
20260901B07,平均落札価格（TSO別）[円/kW・30分],0.95,8.03,3.37,2.97,0.49,0.78,4.45,0.68,4.87,3.34
20260901B07,落札量合計（TSO別）[MW],102,108.191,523.115,237,53,131,140.06,41,164,1499.366
20260901B07,（内訳）自エリアからの落札量[MW],102,108.191,523.115,237,49,12.996,140.06,41,123.983,1337.345
20260901B08,募集量（TSO別）[MW],63,174,537,237,53,131,140,41,164,1540
20260901B08,応札量合計（電源属地別）[MW],194.008,109.691,553.874,431.125,77.929,95.92,192.086,199.93,208.798,2063.361
20260901B08,落札量合計（電源属地別）[MW],102,109.691,523.116,237,49,15,153.547,187.53,123.983,1500.867
20260901B08,応札件数（電源属地別）[件],9,21,71,75,5,19,22,8,48,278
20260901B08,落札件数（電源属地別）[件],3,21,56,44,2,1,2,6,7,142
20260901B08,最高落札価格（電源属地別）[円/kW・30分],1.64,15,9.98,7.99,0.43,1.33,4.47,1.7,6.37,15
20260901B08,最低落札価格（電源属地別）[円/kW・30分],0.98,4.02,0.39,1.06,0.39,1.33,4.33,0.36,1.12,0.36
20260901B08,平均落札価格（電源属地別）[円/kW・30分],1.07,8.12,3.67,3.25,0.41,1.33,4.42,0.72,5.86,3.51
20260901B08,最高落札価格（TSO別）[円/kW・30分],1.64,15,9.98,7.99,1.7,1.7,4.47,1.7,6.37,15
20260901B08,最低落札価格（TSO別）[円/kW・30分],0.98,4.02,0.39,1.06,0.39,0.36,4.33,0.38,0.36,0.36
20260901B08,平均落札価格（TSO別）[円/kW・30分],1.07,8.12,3.67,3.25,0.5,0.62,4.42,0.86,4.98,3.51
20260901B08,落札量合計（TSO別）[MW],102,109.691,523.116,237,53,131,140.06,41,164,1500.867
20260901B08,（内訳）自エリアからの落札量[MW],102,109.691,523.116,237,49,15,140.06,41,123.983,1340.85
20260901B09,募集量（TSO別）[MW],63,174,538,237,53,132,140,41,165,1543
20260901B09,応札量合計（電源属地別）[MW],170.558,111.69,535.053,433.025,77.929,88.074,192.086,211.473,212.598,2032.486
20260901B09,落札量合計（電源属地別）[MW],94,111.69,503.834,237,49,16.996,153.547,187.534,123.983,1477.584
20260901B09,応札件数（電源属地別）[件],9,22,71,75,5,15,22,9,50,278
20260901B09,落札件数（電源属地別）[件],3,22,55,38,2,2,2,6,7,137
20260901B09,最高落札価格（電源属地別）[円/kW・30分],6,15,9.9,7.99,0.43,1.39,4.47,1.7,6.13,15
20260901B09,最低落札価格（電源属地別）[円/kW・30分],0.98,4.02,0.39,1.33,0.39,1.33,4.33,0.36,1.12,0.36
20260901B09,平均落札価格（電源属地別）[円/kW・30分],1.11,8.15,3.65,3.25,0.41,1.34,4.42,0.72,5.63,3.51
20260901B09,最高落札価格（TSO別）[円/kW・30分],6,15,9.9,7.99,1.39,1.33,4.47,1.7,6.13,15
20260901B09,最低落札価格（TSO別）[円/kW・30分],0.98,4.02,0.39,1.33,0.36,0.36,4.33,0.38,0.36,0.36
20260901B09,平均落札価格（TSO別）[円/kW・30分],1.11,8.15,3.65,3.25,0.44,0.47,4.42,1.26,4.84,3.51
20260901B09,落札量合計（TSO別）[MW],94,111.69,503.834,237,53,132,140.06,41,165,1477.584
20260901B09,（内訳）自エリアからの落札量[MW],94,111.69,503.834,237,49,15,140.06,41,123.983,1315.567
20260901B10,募集量（TSO別）[MW],63,174,538,237,53,132,140,41,165,1543
20260901B10,応札量合計（電源属地別）[MW],172.758,111.69,559.164,414.935,75.93,91.962,192.086,211.473,206.926,2036.924
20260901B10,落札量合計（電源属地別）[MW],94,111.69,525.036,237,49,15,153.547,189.53,123.983,1498.786
20260901B10,応札件数（電源属地別）[件],9,22,73,75,4,17,22,9,50,281
20260901B10,落札件数（電源属地別）[件],2,22,56,44,2,1,2,6,7,142
20260901B10,最高落札価格（電源属地別）[円/kW・30分],2.23,15,10,7.99,0.61,1.33,4.64,1.7,6.37,15
20260901B10,最低落札価格（電源属地別）[円/kW・30分],1.01,3.67,0.39,1.28,0.39,1.33,4.5,0.36,1.12,0.36
20260901B10,平均落札価格（電源属地別）[円/kW・30分],1.14,7.95,3.48,3.44,0.48,1.33,4.59,0.73,5.87,3.5
20260901B10,最高落札価格（TSO別）[円/kW・30分],2.23,15,10,7.99,1.7,1.7,4.64,1.7,6.37,15
20260901B10,最低落札価格（TSO別）[円/kW・30分],1.01,3.67,0.39,1.28,0.39,0.36,4.5,0.38,0.36,0.36
20260901B10,平均落札価格（TSO別）[円/kW・30分],1.14,7.95,3.48,3.44,0.57,0.83,4.59,0.79,4.84,3.5
20260901B10,落札量合計（TSO別）[MW],94,111.69,525.036,237,53,132,140.06,41,165,1498.786
20260901B10,（内訳）自エリアからの落札量[MW],94,111.69,525.036,237,49,15,140.06,41,123.983,1336.769
20260901B11,募集量（TSO別）[MW],63,174,538,237,53,132,140,41,165,1543
20260901B11,応札量合計（電源属地別）[MW],148.798,111.69,553.077,403.086,67.669,80.92,192.086,211.473,214.576,1983.375
20260901B11,落札量合計（電源属地別）[MW],87,111.69,520.939,237,50.93,0,155.541,199.606,124.983,1487.689
20260901B11,応札件数（電源属地別）[件],7,22,72,72,5,18,22,9,51,278
20260901B11,落札件数（電源属地別）[件],2,22,56,39,3,0,3,8,8,141
20260901B11,最高落札価格（電源属地別）[円/kW・30分],6,15,10,7.99,2.3,0,5.5,2.3,6.65,15
20260901B11,最低落札価格（電源属地別）[円/kW・30分],1.01,4,0.39,1.12,0.39,0,1.39,0.36,1.12,0.36
20260901B11,平均落札価格（電源属地別）[円/kW・30分],1.18,8.14,3.95,3.11,0.86,0,5.4,0.79,6.12,3.77
20260901B11,最高落札価格（TSO別）[円/kW・30分],6,15,10,7.99,2.3,2.3,5.5,1.7,6.65,15
20260901B11,最低落札価格（TSO別）[円/kW・30分],1.01,4,0.39,1.12,0.39,0.36,5.36,0.38,0.36,0.36
20260901B11,平均落札価格（TSO別）[円/kW・30分],1.18,8.14,3.95,3.11,0.89,0.67,5.44,1.34,5.17,3.77
20260901B11,落札量合計（TSO別）[MW],87,111.69,520.939,237,53,132,140.06,41,165,1487.689
20260901B11,（内訳）自エリアからの落札量[MW],87,111.69,520.939,237,50.93,0,140.06,41,124.983,1313.602
20260901B12,募集量（TSO別）[MW],63,174,538,237,53,132,140,41,165,1543
20260901B12,応札量合計（電源属地別）[MW],152.068,111.69,544.7,387.204,65.957,95.92,192.086,211.473,212.6,1973.698
20260901B12,落札量合計（電源属地別）[MW],94,111.69,512.562,237,36.616,15,153.547,199.93,125.967,1486.312
20260901B12,応札件数（電源属地別）[件],8,22,72,73,5,19,22,9,51,281
20260901B12,落札件数（電源属地別）[件],2,22,56,43,2,1,2,8,9,145
20260901B12,最高落札価格（電源属地別）[円/kW・30分],1.01,15,10,8,2.73,1.33,6.79,2.3,6.65,15
20260901B12,最低落札価格（電源属地別）[円/kW・30分],0.39,4.64,0.39,1.05,0.39,1.33,6.65,0.36,1.12,0.36
20260901B12,平均落札価格（電源属地別）[円/kW・30分],0.94,8.51,3.75,3.22,0.81,1.33,6.74,0.79,6.09,3.86
20260901B12,最高落札価格（TSO別）[円/kW・30分],1.01,15,10,8,2.73,2.3,6.79,1.7,6.79,15
20260901B12,最低落札価格（TSO別）[円/kW・30分],0.39,4.64,0.39,1.05,0.39,0.36,6.65,0.38,0.36,0.36
20260901B12,平均落札価格（TSO別）[円/kW・30分],0.94,8.51,3.75,3.22,1.02,0.68,6.73,0.7,5.42,3.86
20260901B12,落札量合計（TSO別）[MW],94,111.69,512.562,237,53,132,140.06,41,165,1486.312
20260901B12,（内訳）自エリアからの落札量[MW],94,111.69,512.562,237,36.616,2,140.06,41,125.967,1300.895
20260901B13,募集量（TSO別）[MW],65,183,559,247,57,145,141,44,168,1609
20260901B13,応札量合計（電源属地別）[MW],128.658,111.69,565.877,386.844,52.929,95.92,192.086,214.473,214.586,1963.063
20260901B13,落札量合計（電源属地別）[MW],112.068,111.69,548.835,247,48.321,0,153.547,214.473,139.719,1575.653
20260901B13,応札件数（電源属地別）[件],7,22,76,73,4,19,22,9,51,283
20260901B13,落札件数（電源属地別）[件],6,22,68,48,2,0,2,9,15,172
20260901B13,最高落札価格（電源属地別）[円/kW・30分],9.95,15,10,8,2.73,0,6.79,2.5,6.6,15
20260901B13,最低落札価格（電源属地別）[円/kW・30分],0.39,4.64,0.39,1.07,0.39,0,6.65,0.36,1.12,0.36
20260901B13,平均落札価格（電源属地別）[円/kW・30分],2.22,8.51,3.9,3.49,1.28,0,6.74,0.87,5.65,3.98
20260901B13,最高落札価格（TSO別）[円/kW・30分],9.95,15,10,8,2.73,1.7,6.79,1.7,6.79,15
20260901B13,最低落札価格（TSO別）[円/kW・30分],0.39,4.64,0.39,1.07,0.39,0.36,6.65,0.38,1.12,0.36
20260901B13,平均落札価格（TSO別）[円/kW・30分],2.22,8.51,3.9,3.49,1.45,0.67,6.74,0.83,5.34,3.98
20260901B13,落札量合計（TSO別）[MW],112.068,111.69,548.835,247,57,145,142.06,44,168,1575.653
20260901B13,（内訳）自エリアからの落札量[MW],112.068,111.69,548.835,247,48.321,0,142.06,44,139.719,1393.693
20260901B14,募集量（TSO別）[MW],65,188,567,250,57,148,142,44,169,1630
20260901B14,応札量合計（電源属地別）[MW],152.668,90.19,531.158,390.82,52.929,99.787,192.086,214.473,208.75,1932.861
20260901B14,落札量合計（電源属地別）[MW],106.968,90.19,522.116,250,49,1,158.341,214.473,137.186,1529.274
20260901B14,応札件数（電源属地別）[件],7,20,75,71,4,21,22,9,48,277
20260901B14,落札件数（電源属地別）[件],6,20,71,24,2,1,5,9,14,152
20260901B14,最高落札価格（電源属地別）[円/kW・30分],9.8,10,10,7.5,0.61,3.42,4.64,2.5,6.13,10
20260901B14,最低落札価格（電源属地別）[円/kW・30分],0.92,6.1,0.39,0.6,0.39,3.42,3,0.36,1.12,0.36
20260901B14,平均落札価格（電源属地別）[円/kW・30分],2.58,9.18,4.27,2.07,0.48,3.42,4.54,0.87,5.36,3.61
20260901B14,最高落札価格（TSO別）[円/kW・30分],9.8,10,10,7.5,2.5,3.42,4.64,1.7,6.13,10
20260901B14,最低落札価格（TSO別）[円/kW・30分],0.92,6.1,0.39,0.6,0.39,0.36,4.5,0.38,1.12,0.36
20260901B14,平均落札価格（TSO別）[円/kW・30分],2.58,9.18,4.27,2.07,0.76,0.68,4.58,0.99,4.9,3.61
20260901B14,落札量合計（TSO別）[MW],106.968,90.19,522.116,250,57,148,142,44,169,1529.274
20260901B14,（内訳）自エリアからの落札量[MW],106.968,90.19,522.116,250,49,1,142,44,137.186,1342.46
20260901B15,募集量（TSO別）[MW],66,194,572,253,58,152,143,45,170,1653
20260901B15,応札量合計（電源属地別）[MW],156.708,91.69,425.058,391.82,52.929,99.787,192.086,214.473,260.734,1885.285
20260901B15,落札量合計（電源属地別）[MW],104.1,91.69,421.016,253,49,21.178,156.347,211.543,129.932,1437.806
20260901B15,応札件数（電源属地別）[件],6,21,73,70,4,21,22,9,50,276
20260901B15,落札件数（電源属地別）[件],5,21,71,18,2,3,4,7,10,141
20260901B15,最高落札価格（電源属地別）[円/kW・30分],9.95,15,10,7.29,0.65,3,4.69,2.5,6.1,15
20260901B15,最低落札価格（電源属地別）[円/kW・30分],0.92,6.1,0.39,0.39,0.39,3,3,0.36,1.12,0.36
20260901B15,平均落札価格（電源属地別）[円/kW・30分],1.85,9.29,3.75,1.44,0.49,3,4.61,0.86,5.45,3.26
20260901B15,最高落札価格（TSO別）[円/kW・30分],9.95,15,10,7.29,0.65,3,4.69,1.7,6.1,15
20260901B15,最低落札価格（TSO別）[円/kW・30分],0.92,6.1,0.39,0.39,0.36,0.36,4.55,0.38,1.12,0.36
20260901B15,平均落札価格（TSO別）[円/kW・30分],1.85,9.29,3.75,1.44,0.47,1,4.64,0.85,4.81,3.26
20260901B15,落札量合計（TSO別）[MW],104.1,91.69,421.016,253,58,152,143,45,170,1437.806
20260901B15,（内訳）自エリアからの落札量[MW],104.1,91.69,421.016,253,49,21.178,143,45,129.932,1257.916
20260901B16,募集量（TSO別）[MW],66,198,577,255,59,156,144,45,171,1671
20260901B16,応札量合計（電源属地別）[MW],154.718,90.19,425.058,406.925,52.929,99.787,192.086,214.473,256.936,1893.102
20260901B16,落札量合計（電源属地別）[MW],116.1,90.19,425.058,351.714,52.071,66.215,153.547,151,134.983,1540.878
20260901B16,応札件数（電源属地別）[件],5,20,74,74,4,21,22,9,51,280
20260901B16,落札件数（電源属地別）[件],4,20,74,56,4,4,2,4,7,175
20260901B16,最高落札価格（電源属地別）[円/kW・30分],9.1,10,10,8.5,8.5,6.99,5.42,1.6,6.12,10
20260901B16,最低落札価格（電源属地別）[円/kW・30分],0.92,6.1,0.39,0.58,0.39,3.42,5.28,0.36,1.12,0.36
20260901B16,平均落札価格（電源属地別）[円/kW・30分],2.55,9.2,3.91,3.06,1.21,4.3,5.37,0.46,5.78,3.82
20260901B16,最高落札価格（TSO別）[円/kW・30分],9.1,10,10,8.5,8.5,8.4,5.42,1.6,6.12,10
20260901B16,最低落札価格（TSO別）[円/kW・30分],0.92,6.1,0.39,0.58,0.39,0.98,0.36,0.36,0.36,0.36
20260901B16,平均落札価格（TSO別）[円/kW・30分],2.55,9.2,3.91,1.63,1.94,5.72,3.91,0.66,4.64,3.82
20260901B16,落札量合計（TSO別）[MW],116.1,90.19,425.058,255,59,156,216.53,52,171,1540.878
20260901B16,（内訳）自エリアからの落札量[MW],116.1,90.19,425.058,255,52.071,66.215,153.547,52,134.983,1345.164
20260901B17,募集量（TSO別）[MW],66,198,577,255,60,156,144,45,171,1672
20260901B17,応札量合計（電源属地別）[MW],222.808,113.69,637.035,418.385,52.929,97.878,180.148,214.473,256.936,2194.282
20260901B17,落札量合計（電源属地別）[MW],134.95,113.69,637.035,357.645,50.93,62.425,153.547,164.543,122,1796.765
20260901B17,応札件数（電源属地別）[件],9,22,76,75,4,20,16,9,51,282
20260901B17,落札件数（電源属地別）[件],5,22,76,48,3,2,2,5,6,169
20260901B17,最高落札価格（電源属地別）[円/kW・30分],1.01,15,10,8.5,8.3,6.99,2.97,1.07,6.67,15
20260901B17,最低落札価格（電源属地別）[円/kW・30分],0.39,5.9,0.39,0.4,0.39,3.42,2.83,0.36,4.35,0.36
20260901B17,平均落札価格（電源属地別）[円/kW・30分],0.83,8.69,4.49,2.54,1.92,4.28,2.92,0.43,6.23,3.62
20260901B17,最高落札価格（TSO別）[円/kW・30分],1.01,15,10,3.39,8.3,8.5,2.97,1.07,6.67,15
20260901B17,最低落札価格（TSO別）[円/kW・30分],0.39,0.39,0.39,0.4,0.39,0.51,0.36,0.36,0.36,0.36
20260901B17,平均落札価格（TSO別）[円/kW・30分],0.83,7.47,4.42,1.46,2.22,4.92,2.19,0.56,4.55,3.62
20260901B17,落札量合計（TSO別）[MW],134.95,173.725,577,255,60,156,215.09,54,171,1796.765
20260901B17,（内訳）自エリアからの落札量[MW],134.95,113.69,577,255,50.93,62.425,153.547,54,122,1523.542
20260901B18,募集量（TSO別）[MW],66,198,577,255,60,156,144,45,171,1672
20260901B18,応札量合計（電源属地別）[MW],201.518,112.19,544.987,465.722,52.929,97.878,185.816,214.473,260.586,2136.099
20260901B18,落札量合計（電源属地別）[MW],140.8,112.19,544.987,359.575,49,62.425,159.215,162.543,118,1708.735
20260901B18,応札件数（電源属地別）[件],7,21,73,77,4,20,17,9,52,280
20260901B18,落札件数（電源属地別）[件],5,21,73,36,2,2,3,5,6,153
20260901B18,最高落札価格（電源属地別）[円/kW・30分],1.01,10,10,7.99,4.4,7.88,3.3,1.07,7.32,10
20260901B18,最低落札価格（電源属地別）[円/kW・30分],0.92,5.7,0.39,0.41,0.9,3.42,0.39,0.36,5,0.36
20260901B18,平均落札価格（電源属地別）[円/kW・30分],1,8.53,5.01,1.56,2.26,4.49,3.15,0.42,6.91,3.61
20260901B18,最高落札価格（TSO別）[円/kW・30分],1.01,10,10,1.91,4.4,7.99,3.3,1.07,7.32,10
20260901B18,最低落札価格（TSO別）[円/kW・30分],0.92,5.7,0.39,0.41,0.69,0.63,0.36,0.36,0.36,0.36
20260901B18,平均落札価格（TSO別）[円/kW・30分],1,8.53,5.01,0.94,1.97,3.83,2.41,0.54,4.88,3.61
20260901B18,落札量合計（TSO別）[MW],140.8,112.19,544.987,255,60,156,216.758,52,171,1708.735
20260901B18,（内訳）自エリアからの落札量[MW],140.8,112.19,544.987,255,49,62.425,159.215,52,118,1493.617
20260901B19,募集量（TSO別）[MW],67,129,568,259,61,155,148,47,175,1609
20260901B19,応札量合計（電源属地別）[MW],158.658,112.36,592.207,294.67,33.929,97.878,190.286,127.973,209.602,1817.563
20260901B19,落札量合計（電源属地別）[MW],96.95,112.36,584.165,268.377,33.929,97.878,153.547,114.043,134,1595.249
20260901B19,応札件数（電源属地別）[件],7,21,76,69,3,20,21,8,51,276
20260901B19,落札件数（電源属地別）[件],4,21,72,56,3,20,2,5,15,198
20260901B19,最高落札価格（電源属地別）[円/kW・30分],1.01,15,10,9.48,9.9,12.5,2.1,1.6,7.4,15
20260901B19,最低落札価格（電源属地別）[円/kW・30分],0.92,5.81,0.39,0.44,0.93,3.42,1.96,0.36,1.12,0.36
20260901B19,平均落札価格（電源属地別）[円/kW・30分],1,8.56,4.48,3.41,1.94,6.52,2.05,0.84,6.49,4.12
20260901B19,最高落札価格（TSO別）[円/kW・30分],1.01,15,10,9.48,9.9,12.5,2.1,1.6,7.4,15
20260901B19,最低落札価格（TSO別）[円/kW・30分],0.92,5.81,0.39,0.44,0.93,3.42,0.36,1.07,0.36,0.36
20260901B19,平均落札価格（TSO別）[円/kW・30分],1,8.4,4.41,3.25,1.94,6.63,1.83,1.45,5.05,4.12
20260901B19,落札量合計（TSO別）[MW],96.95,128.525,568,259,33.929,107.255,176.59,50,175,1595.249
20260901B19,（内訳）自エリアからの落札量[MW],96.95,112.36,568,259,33.929,97.878,153.547,50,134,1505.664
20260901B20,募集量（TSO別）[MW],68,131,568,259,61,155,149,47,175,1613
20260901B20,応札量合計（電源属地別）[MW],167.658,112.36,574.561,455.565,33.929,97.878,190.286,127.973,294.602,2054.812
20260901B20,落札量合計（電源属地別）[MW],136.918,112.36,566.519,382.575,30,62.425,153.547,112.043,170.991,1727.378
20260901B20,応札件数（電源属地別）[件],7,21,74,77,3,20,21,8,50,281
20260901B20,落札件数（電源属地別）[件],4,21,70,40,1,2,2,6,38,184
20260901B20,最高落札価格（電源属地別）[円/kW・30分],1.01,15,10,7.99,1.17,7.88,1.95,1.7,7.3,15
20260901B20,最低落札価格（電源属地別）[円/kW・30分],0.39,5.81,0.39,0.56,1.17,3.42,1.81,0.36,1.12,0.36
20260901B20,平均落札価格（電源属地別）[円/kW・30分],0.79,8.56,4.61,1.56,1.17,4.49,1.9,0.83,5.72,3.45
20260901B20,最高落札価格（TSO別）[円/kW・30分],1.01,15,10,1.39,7.99,7.99,1.95,1.7,7.3,15
20260901B20,最低落札価格（TSO別）[円/kW・30分],0.39,5.81,0.39,0.56,0.79,0.75,0.36,0.36,0.36,0.36
20260901B20,平均落札価格（TSO別）[円/kW・30分],0.79,8.56,4.61,0.84,3.75,3.02,1.5,1.33,5.59,3.45
20260901B20,落札量合計（TSO別）[MW],136.918,112.36,566.519,259,61,155,207.534,54,175.047,1727.378
20260901B20,（内訳）自エリアからの落札量[MW],136.918,112.36,566.519,259,30,62.425,153.547,54,170.991,1545.76
20260901B21,募集量（TSO別）[MW],68,134,568,260,62,155,150,48,176,1621
20260901B21,応札量合計（電源属地別）[MW],154.718,112.36,589.276,339.579,33.929,97.878,190.286,89.43,383.222,1990.678
20260901B21,落札量合計（電源属地別）[MW],96,112.36,589.276,312.296,33.929,97.878,154.547,69,254.423,1719.709
20260901B21,応札件数（電源属地別）[件],5,21,67,73,3,20,21,4,44,258
20260901B21,落札件数（電源属地別）[件],3,21,67,59,3,20,3,2,27,205
20260901B21,最高落札価格（電源属地別）[円/kW・30分],1.01,15,10,9.48,9.5,12.5,3,1.6,6.66,15
20260901B21,最低落札価格（電源属地別）[円/kW・30分],0.92,4.99,0.39,0.46,0.99,3.42,1.44,0.36,1.11,0.36
20260901B21,平均落札価格（電源属地別）[円/kW・30分],1.01,8.43,4.36,3.15,1.95,6.38,1.54,0.97,6.02,4.14
20260901B21,最高落札価格（TSO別）[円/kW・30分],1.01,15,10,9.48,9.5,12.5,4,1.6,6.66,15
20260901B21,最低落札価格（TSO別）[円/kW・30分],0.92,2.92,0.39,0.46,0.99,0.77,1.44,0.36,1.11,0.36
20260901B21,平均落札価格（TSO別）[円/kW・30分],1.01,8.32,4.23,2.81,4.17,5.51,1.66,0.97,6.1,4.14
20260901B21,落札量合計（TSO別）[MW],96,133.636,568,260,52.928,131.175,162.98,69,245.99,1719.709
20260901B21,（内訳）自エリアからの落札量[MW],96,112.36,568,260,33.929,97.878,154.547,69,245.99,1637.704
20260901B22,募集量（TSO別）[MW],68,135,567,259,62,155,151,48,176,1621
20260901B22,応札量合計（電源属地別）[MW],163.398,101.69,573.206,464.18,33.929,97.878,178.348,89.43,372.262,2074.321
20260901B22,落札量合計（電源属地別）[MW],104.68,101.69,573.206,383.575,30,62.425,156.541,69,333.318,1814.435
20260901B22,応札件数（電源属地別）[件],6,20,65,79,3,20,15,4,39,251
20260901B22,落札件数（電源属地別）[件],4,20,65,41,1,2,4,2,35,174
20260901B22,最高落札価格（電源属地別）[円/kW・30分],1.01,15,10,7.99,0.98,6.99,3.39,1.6,6.66,15
20260901B22,最低落札価格（電源属地別）[円/kW・30分],0.92,3,0.39,0.5,0.98,3.42,1.52,0.36,0.99,0.36
20260901B22,平均落札価格（電源属地別）[円/kW・30分],1,8.72,4.31,1.57,0.98,4.28,1.64,0.97,6.14,3.71
20260901B22,最高落札価格（TSO別）[円/kW・30分],1.01,15,10,0.91,7.83,7.99,5.3,1.6,6.66,15
20260901B22,最低落札価格（TSO別）[円/kW・30分],0.92,3,0.39,0.52,0.75,0.5,1.52,0.36,0.99,0.36
20260901B22,平均落札価格（TSO別）[円/kW・30分],1,8.64,4.28,0.79,1.36,3.95,1.88,0.97,6.34,3.71
20260901B22,落札量合計（TSO別）[MW],104.68,107.896,567,259,62,155,179.869,69,309.99,1814.435
20260901B22,（内訳）自エリアからの落札量[MW],104.68,101.69,567,259,30,62.425,156.541,69,309.99,1660.326
20260901B23,募集量（TSO別）[MW],68,135,564,258,62,155,151,48,177,1618
20260901B23,応札量合計（電源属地別）[MW],163.398,112.406,513.337,467.206,33.929,97.878,178.348,89.43,372.262,2028.194
20260901B23,落札量合計（電源属地別）[MW],104.68,112.406,503.065,382.575,30,62.425,156.541,69,333.318,1754.01
20260901B23,応札件数（電源属地別）[件],6,21,70,79,3,20,15,4,39,257
20260901B23,落札件数（電源属地別）[件],4,21,65,39,1,2,4,2,35,173
20260901B23,最高落札価格（電源属地別）[円/kW・30分],1.01,15,10,7.99,1.21,6.99,3.27,1.6,6.86,15
20260901B23,最低落札価格（電源属地別）[円/kW・30分],0.92,3,0.39,0.43,1.21,3.42,1.81,0.36,1.11,0.36
20260901B23,平均落札価格（電源属地別）[円/kW・30分],1,8.3,4.99,1.42,1.21,4.28,1.92,0.97,6.29,3.91
20260901B23,最高落札価格（TSO別）[円/kW・30分],1.01,15,10,0.95,7.99,7.99,5.3,1.6,6.86,15
20260901B23,最低落札価格（TSO別）[円/kW・30分],0.92,3,0.39,0.45,0.45,0.43,1.11,0.36,3,0.36
20260901B23,平均落札価格（TSO別）[円/kW・30分],1,8.3,4.99,0.74,3.58,2.8,2.08,0.97,6.5,3.91
20260901B23,落札量合計（TSO別）[MW],104.68,112.406,503.065,258,62,155,177.885,69,311.974,1754.01
20260901B23,（内訳）自エリアからの落札量[MW],104.68,112.406,503.065,258,30,62.425,156.541,69,311.974,1608.091
20260901B24,募集量（TSO別）[MW],68,135,564,257,62,155,151,48,177,1617
20260901B24,応札量合計（電源属地別）[MW],161.43,99.836,565.939,375.174,33.929,97.878,178.348,89.43,372.262,1974.226
20260901B24,落札量合計（電源属地別）[MW],105.68,99.836,556.667,346.283,33.929,93.788,155.964,69,300,1761.147
20260901B24,応札件数（電源属地別）[件],5,19,72,76,3,20,15,4,39,253
20260901B24,落札件数（電源属地別）[件],3,19,68,62,3,18,4,2,23,202
20260901B24,最高落札価格（電源属地別）[円/kW・30分],1.01,15,9.99,9.89,9.9,10,3.42,1.6,6.73,15
20260901B24,最低落札価格（電源属地別）[円/kW・30分],0.98,5.95,0.39,0.4,1.09,3.42,1.83,0.36,2.42,0.36
20260901B24,平均落札価格（電源属地別）[円/kW・30分],1.01,8.97,4.71,2.72,2.08,6.17,1.94,0.97,6.27,4.24
20260901B24,最高落札価格（TSO別）[円/kW・30分],1.01,15,9.99,9.48,9.9,10,3.42,1.6,6.73,15
20260901B24,最低落札価格（TSO別）[円/kW・30分],0.98,5.95,0.39,0.4,1.09,0.73,1.83,0.36,2.42,0.36
20260901B24,平均落札価格（TSO別）[円/kW・30分],1.01,8.97,4.71,1.63,4.83,5.62,1.94,0.97,6.27,4.24
20260901B24,落札量合計（TSO別）[MW],105.68,99.836,556.667,257,62,155,155.964,69,300,1761.147
20260901B24,（内訳）自エリアからの落札量[MW],105.68,99.836,556.667,257,33.929,93.788,155.964,69,300,1671.864
20260901B25,募集量（TSO別）[MW],67,136,563,254,62,155,149,48,176,1610
20260901B25,応札量合計（電源属地別）[MW],167.338,97.225,663.815,376.424,33.929,97.878,257.85,89.43,372.549,2156.438
20260901B25,落札量合計（電源属地別）[MW],105.63,80.985,618.015,342.153,33.929,94.918,175.393,68,241.99,1761.013
20260901B25,応札件数（電源属地別）[件],8,18,72,74,3,20,21,4,42,262
20260901B25,落札件数（電源属地別）[件],5,12,57,57,3,19,7,2,23,185
20260901B25,最高落札価格（電源属地別）[円/kW・30分],1.01,10,9.98,9,9.7,10,1.95,1.6,5.36,10
20260901B25,最低落札価格（電源属地別）[円/kW・30分],0.92,5.97,0.39,0.4,0.39,3.42,0.39,0.36,1.12,0.36
20260901B25,平均落札価格（電源属地別）[円/kW・30分],1,8.68,3.94,3.31,1.44,6.07,1.35,0.98,5.01,3.7
20260901B25,最高落札価格（TSO別）[円/kW・30分],1.01,10,9.98,9,9.7,10,1.95,1.6,5.36,10
20260901B25,最低落札価格（TSO別）[円/kW・30分],0.92,0.39,0.39,0.4,0.39,0.47,0.39,0.36,1.12,0.36
20260901B25,平均落札価格（TSO別）[円/kW・30分],1,7.3,3.81,2.86,3.67,5.18,1.35,0.98,5.01,3.7
20260901B25,落札量合計（TSO別）[MW],105.63,136,563,254,62,155,175.393,68,241.99,1761.013
20260901B25,（内訳）自エリアからの落札量[MW],105.63,80.985,563,254,33.929,94.918,175.393,68,241.99,1617.845
20260901B26,募集量（TSO別）[MW],67,136,563,254,62,155,149,48,176,1610
20260901B26,応札量合計（電源属地別）[MW],167.338,99.19,681.244,378.422,33.929,97.878,257.85,89.43,326.533,2131.814
20260901B26,落札量合計（電源属地別）[MW],105.63,76.464,622.536,342.153,33.929,94.918,175.393,73,196,1720.023
20260901B26,応札件数（電源属地別）[件],8,19,72,75,3,20,21,4,43,265
20260901B26,落札件数（電源属地別）[件],5,7,51,57,3,19,7,2,19,170
20260901B26,最高落札価格（電源属地別）[円/kW・30分],1.01,10,9.89,8.9,9.5,10,1.95,1.6,5.32,10
20260901B26,最低落札価格（電源属地別）[円/kW・30分],0.92,5.98,0.39,0.44,0.39,3.42,0.39,0.36,1.12,0.36
20260901B26,平均落札価格（電源属地別）[円/kW・30分],1,8.59,3.82,3.29,1.42,5.96,1.35,0.94,4.96,3.58
20260901B26,最高落札価格（TSO別）[円/kW・30分],1.01,10,9.89,8.5,9.5,10,1.95,1.6,5.32,10
20260901B26,最低落札価格（TSO別）[円/kW・30分],0.92,2.92,0.39,0.44,0.39,0.49,0.39,0.36,1.12,0.36
20260901B26,平均落札価格（TSO別）[円/kW・30分],1,8.16,3.42,2.98,3.83,4.82,1.32,0.94,4.84,3.58
20260901B26,落札量合計（TSO別）[MW],105.63,136,563,254,62,155,167.393,73,204,1720.023
20260901B26,（内訳）自エリアからの落札量[MW],105.63,76.464,563,254,33.929,94.918,167.393,73,196,1564.334
20260901B27,募集量（TSO別）[MW],67,136,563,254,62,155,149,48,176,1610
20260901B27,応札量合計（電源属地別）[MW],177.338,115.686,772.433,477.759,33.929,97.878,257.85,100.973,374.533,2408.379
20260901B27,落札量合計（電源属地別）[MW],115.63,68.67,630.33,387.423,30,62.425,140.152,78,324,1836.63
20260901B27,応札件数（電源属地別）[件],9,23,81,84,3,20,21,5,43,289
20260901B27,落札件数（電源属地別）[件],6,5,36,41,1,2,9,2,26,128
20260901B27,最高落札価格（電源属地別）[円/kW・30分],1.01,10,7.62,7.99,1.47,6.99,7.33,1.6,6.92,10
20260901B27,最低落札価格（電源属地別）[円/kW・30分],0.39,5.97,0.39,0.69,1.47,3.42,0.39,0.36,1.12,0.36
20260901B27,平均落札価格（電源属地別）[円/kW・30分],0.95,8.09,3.34,1.49,1.47,4.28,3.49,0.9,6.29,3.41
20260901B27,最高落札価格（TSO別）[円/kW・30分],1.01,10,7.62,1.09,7.99,7.99,7.33,1.6,6.92,10
20260901B27,最低落札価格（TSO別）[円/kW・30分],0.39,0.39,0.39,0.69,0.8,0.8,0.39,0.36,1.12,0.36
20260901B27,平均落札価格（TSO別）[円/kW・30分],0.95,6.26,3.22,0.86,1.82,3.56,3.34,0.9,6.29,3.41
20260901B27,落札量合計（TSO別）[MW],115.63,136,563,254,62,155,149,78,324,1836.63
20260901B27,（内訳）自エリアからの落札量[MW],115.63,68.67,563,254,30,62.425,140.152,78,324,1635.877
20260901B28,募集量（TSO別）[MW],67,133,562,254,62,154,148,48,176,1604
20260901B28,応札量合計（電源属地別）[MW],165.37,115.686,695.703,428.594,33.929,143.141,257.85,66.973,320.681,2227.927
20260901B28,落札量合計（電源属地別）[MW],105.63,90.964,604.036,387.598,30,107.688,138.158,52.5,248.431,1765.005
20260901B28,応札件数（電源属地別）[件],7,23,79,78,3,21,21,4,41,277
20260901B28,落札件数（電源属地別）[件],4,10,54,57,1,3,8,1,20,158
20260901B28,最高落札価格（電源属地別）[円/kW・30分],1.01,10,9.89,8.9,4.45,6.99,7.7,0.36,7.37,10
20260901B28,最低落札価格（電源属地別）[円/kW・30分],0.98,5.86,0.39,1.64,4.45,3.42,0.48,0.36,1.12,0.36
20260901B28,平均落札価格（電源属地別）[円/kW・30分],1.01,8.22,4.26,3.13,4.45,5.13,3.66,0.36,6.85,4.28
20260901B28,最高落札価格（TSO別）[円/kW・30分],1.01,10,9.89,8.9,8.4,8.61,7.7,1.72,7.37,10
20260901B28,最低落札価格（TSO別）[円/kW・30分],0.98,0.39,0.39,1.66,1.72,1.64,0.48,0.36,0.36,0.36
20260901B28,平均落札価格（TSO別）[円/kW・30分],1.01,6.74,4.31,2.47,4.55,4.98,3.53,0.5,6.59,4.28
20260901B28,落札量合計（TSO別）[MW],105.63,133,562,254,62,193.385,148,48,258.99,1765.005
20260901B28,（内訳）自エリアからの落札量[MW],105.63,90.964,562,254,30,107.688,137.158,42.941,248.431,1578.812
20260901B29,募集量（TSO別）[MW],66,131,561,253,62,155,148,48,175,1599
20260901B29,応札量合計（電源属地別）[MW],163.398,93.686,777.242,490.702,26.087,94.011,96.26,66.973,275.181,2083.54
20260901B29,落札量合計（電源属地別）[MW],94.68,65.134,626.866,442.243,22.158,62.425,92.302,66.973,235.89,1708.671
20260901B29,応札件数（電源属地別）[件],6,22,78,81,3,18,15,4,43,270
20260901B29,落札件数（電源属地別）[件],3,7,57,59,1,2,13,4,39,185
20260901B29,最高落札価格（電源属地別）[円/kW・30分],1.01,10,10,8,4.52,6.99,7,4.15,8.3,10
20260901B29,最低落札価格（電源属地別）[円/kW・30分],0.98,6.1,0.39,1.69,4.52,3.42,2.83,0.36,1.12,0.36
20260901B29,平均落札価格（電源属地別）[円/kW・30分],1.01,9.11,3.76,3.35,4.52,4.28,4.08,1.17,7.41,4.15
20260901B29,最高落札価格（TSO別）[円/kW・30分],1.01,10,10,7.99,4.72,8,8,4.15,8.3,10
20260901B29,最低落札価格（TSO別）[円/kW・30分],0.98,0.39,0.48,1.69,1.76,1.86,0.36,0.36,1.12,0.36
20260901B29,平均落札価格（TSO別）[円/kW・30分],1.01,7.03,3.62,2.33,2.99,5.3,4.12,1.82,7.64,4.15
20260901B29,落札量合計（TSO別）[MW],94.68,131,561,278.001,62,155,167,48,211.99,1708.671
20260901B29,（内訳）自エリアからの落札量[MW],94.68,65.134,561,278.001,22.158,62.425,92.302,39,211.99,1426.69
20260901B30,募集量（TSO別）[MW],66,126,561,253,62,155,148,47,174,1592
20260901B30,応札量合計（電源属地別）[MW],156.708,93.686,729.614,472.481,26.099,94.011,309.763,119.473,266.951,2268.786
20260901B30,落札量合計（電源属地別）[MW],92,83.014,603.986,385.428,22.17,62.425,177.133,116.543,161.983,1704.682
20260901B30,応札件数（電源属地別）[件],6,22,76,81,3,18,28,5,49,288
20260901B30,落札件数（電源属地別）[件],2,16,67,49,1,2,8,3,5,153
20260901B30,最高落札価格（電源属地別）[円/kW・30分],1.01,10,10,8,5.23,6.99,4.13,0.55,11.05,11.05
20260901B30,最低落札価格（電源属地別）[円/kW・30分],0.98,6.1,0.39,1.91,5.23,3.42,0.39,0.36,1.12,0.36
20260901B30,平均落札価格（電源属地別）[円/kW・30分],1.01,9.28,3.62,3.58,5.23,4.28,2.28,0.38,10.72,4.11
20260901B30,最高落札価格（TSO別）[円/kW・30分],1.01,10,10,8,8,8,4.13,0.55,11.05,11.05
20260901B30,最低落札価格（TSO別）[円/kW・30分],0.98,0.39,0.48,1.91,1.91,1.95,0.36,0.36,0.36,0.36
20260901B30,平均落札価格（TSO別）[円/kW・30分],1.01,6.85,3.74,3.13,4.4,4.51,1.98,0.39,8.8,4.11
20260901B30,落札量合計（TSO別）[MW],92,126,561,253.023,62,155,209.659,47,199,1704.682
20260901B30,（内訳）自エリアからの落札量[MW],92,83.014,561,253.023,22.17,62.425,177.133,47,161.983,1459.748
20260901B31,募集量（TSO別）[MW],64,194,560,252,63,154,147,45,170,1649
20260901B31,応札量合計（電源属地別）[MW],156.708,113.686,764.675,464.597,33.929,94.011,187.137,180.473,288.951,2284.167
20260901B31,落札量合計（電源属地別）[MW],93,83.135,670.865,376.575,30,62.425,151.614,166,120.774,1754.388
20260901B31,応札件数（電源属地別）[件],6,23,82,77,3,18,25,8,50,292
20260901B31,落札件数（電源属地別）[件],2,7,52,55,1,2,7,5,10,141
20260901B31,最高落札価格（電源属地別）[円/kW・30分],1.01,10,9.8,8.7,5.95,6.99,6.17,1.6,9.86,10
20260901B31,最低落札価格（電源属地別）[円/kW・30分],0.98,6.1,0.39,2.22,5.95,3.42,0.39,0.36,1.12,0.36
20260901B31,平均落札価格（電源属地別）[円/kW・30分],1.01,8.83,3.9,3.84,5.95,4.28,2.79,0.82,9.05,3.98
20260901B31,最高落札価格（TSO別）[円/kW・30分],1.01,10,7.82,8.5,8.7,8.4,6.17,1.6,9.86,10
20260901B31,最低落札価格（TSO別）[円/kW・30分],0.98,0.39,1.17,2.25,5.9,2.22,0.36,0.36,0.36,0.36
20260901B31,平均落札価格（TSO別）[円/kW・30分],1.01,7.08,3.53,3.26,6.92,4.13,2.19,1.49,6.48,3.98
20260901B31,落札量合計（TSO別）[MW],93,194,560,252,63,154,199.398,67,171.99,1754.388
20260901B31,（内訳）自エリアからの落札量[MW],93,83.135,560,252,30,62.425,150.398,67,120.774,1418.732
20260901B32,募集量（TSO別）[MW],64,194,560,252,63,154,147,45,170,1649
20260901B32,応札量合計（電源属地別）[MW],154.74,113.686,828.371,425.422,3.929,94.011,187.137,180.473,239.951,2227.72
20260901B32,落札量合計（電源属地別）[MW],93,83.135,670.865,385.738,0,47.425,152.392,168.93,172.641,1774.126
20260901B32,応札件数（電源属地別）[件],5,23,80,74,2,18,25,8,50,285
20260901B32,落札件数（電源属地別）[件],2,7,46,54,0,1,7,7,15,139
20260901B32,最高落札価格（電源属地別）[円/kW・30分],1.01,9.49,9.7,8.8,0,3.42,7.97,4,11.63,11.63
20260901B32,最低落札価格（電源属地別）[円/kW・30分],0.98,4.42,0.39,2.16,0,3.42,0.39,0.36,1.12,0.36
20260901B32,平均落札価格（電源属地別）[円/kW・30分],1.01,7.49,3.52,3.84,0,3.42,3.68,0.87,9.95,4.03
20260901B32,最高落札価格（TSO別）[円/kW・30分],1.01,9.7,9.7,8.8,8.4,6.18,7.97,1.6,11.63,11.63
20260901B32,最低落札価格（TSO別）[円/kW・30分],0.98,2.37,0.39,2.16,2.37,0.36,0.36,0.36,0.36,0.36
20260901B32,平均落札価格（TSO別）[円/kW・30分],1.01,8.56,2.36,3.53,4.58,3.18,2.9,1.48,8.87,4.03
20260901B32,落札量合計（TSO別）[MW],93,194,560,252,63,154,199.398,63.738,194.99,1774.126
20260901B32,（内訳）自エリアからの落札量[MW],93,83.135,560,252,0,47.425,152.392,63.738,172.641,1424.331
20260901B33,募集量（TSO別）[MW],64,194,560,252,63,154,147,45,170,1649
20260901B33,応札量合計（電源属地別）[MW],153.69,113.686,791.057,431.027,3.929,94.011,36.739,168.93,283.951,2077.02
20260901B33,落札量合計（電源属地別）[MW],122.95,83.135,670.865,361.224,0,62.425,16.891,168.93,260.989,1747.409
20260901B33,応札件数（電源属地別）[件],6,23,80,79,2,18,19,8,50,285
20260901B33,落札件数（電源属地別）[件],3,7,47,44,0,2,9,8,39,159
20260901B33,最高落札価格（電源属地別）[円/kW・30分],1.01,9.49,9.79,7.99,0,6.99,7,5.5,12.55,12.55
20260901B33,最低落札価格（電源属地別）[円/kW・30分],0.99,3.54,0.39,3.95,0,3.42,6,0.36,1.12,0.36
20260901B33,平均落札価格（電源属地別）[円/kW・30分],1.01,6.88,3.94,5.06,0,4.28,6.29,0.91,9.48,4.67
20260901B33,最高落札価格（TSO別）[円/kW・30分],1.01,9.79,9.7,7.99,7.88,6.99,12.55,1.7,12.55,12.55
20260901B33,最低落札価格（TSO別）[円/kW・30分],0.99,0.39,0.48,3.95,0.36,0.36,0.36,0.36,2.68,0.36
20260901B33,平均落札価格（TSO別）[円/kW・30分],1.01,6.8,3.38,5.27,3.36,3.66,4.59,1.46,9.74,4.67
20260901B33,落札量合計（TSO別）[MW],122.95,194,560,252,63,154,147,51.883,202.576,1747.409
20260901B33,（内訳）自エリアからの落札量[MW],122.95,83.135,560,252,0,62.425,16.891,51.883,202.576,1351.86
20260901B34,募集量（TSO別）[MW],64,193,560,252,63,154,147,45,169,1647
20260901B34,応札量合計（電源属地別）[MW],151.7,112.186,739.175,437.029,3.929,97.878,36.739,168.93,264.951,2012.517
20260901B34,落札量合計（電源属地別）[MW],122.95,112.186,640.814,372.213,0,62.425,16.891,168.93,240,1736.409
20260901B34,応札件数（電源属地別）[件],5,22,77,79,2,20,19,8,48,280
20260901B34,落札件数（電源属地別）[件],3,22,70,46,0,2,9,8,36,196
20260901B34,最高落札価格（電源属地別）[円/kW・30分],1.33,10,10,7.99,0,6.99,7,5,13.05,13.05
20260901B34,最低落札価格（電源属地別）[円/kW・30分],0.99,2.25,0.39,5.17,0,3.42,6,0.36,1.12,0.36
20260901B34,平均落札価格（電源属地別）[円/kW・30分],1.26,6.99,4.7,6.4,0,4.28,6.29,0.9,11,5.47
20260901B34,最高落札価格（TSO別）[円/kW・30分],1.33,10,10,7.99,7.99,6.99,13.05,5,13.05,13.05
20260901B34,最低落札価格（TSO別）[円/kW・30分],0.99,2.25,0.39,5.2,0.36,0.36,0.36,0.36,1.12,0.36
20260901B34,平均落札価格（TSO別）[円/kW・30分],1.26,8.06,4,6.52,5.82,3.4,4.77,1.73,11.35,5.47
20260901B34,落札量合計（TSO別）[MW],122.95,193,560,252,63,154,147,48,196.459,1736.409
20260901B34,（内訳）自エリアからの落札量[MW],122.95,112.186,560,252,0,60.425,16.891,48,196.459,1368.911
20260901B35,募集量（TSO別）[MW],63,191,560,252,63,154,147,44,169,1643
20260901B35,応札量合計（電源属地別）[MW],95.04,113.686,754.402,432.041,3.929,97.878,36.739,168.93,389.951,2092.596
20260901B35,落札量合計（電源属地別）[MW],84,112.186,638.814,395.286,3.929,62.425,16.891,168.93,330.998,1813.459
20260901B35,応札件数（電源属地別）[件],4,23,79,77,2,20,19,7,50,281
20260901B35,落札件数（電源属地別）[件],1,22,73,59,2,2,9,7,38,213
20260901B35,最高落札価格（電源属地別）[円/kW・30分],1.33,10,10,8.09,7.5,6.49,7,6,13.19,13.19
20260901B35,最低落札価格（電源属地別）[円/kW・30分],1.33,2.81,0.39,5.2,6.9,3.42,6,0.36,1.12,0.36
20260901B35,平均落札価格（電源属地別）[円/kW・30分],1.33,7.3,4.38,6.56,7.21,4.16,6.29,0.91,11.66,5.92
20260901B35,最高落札価格（TSO別）[円/kW・30分],1.33,10,10,8,8.09,8.09,7,6,13.19,13.19
20260901B35,最低落札価格（TSO別）[円/kW・30分],1.33,2.81,0.39,5.2,5.9,0.36,0.36,0.36,1.12,0.36
20260901B35,平均落札価格（TSO別）[円/kW・30分],1.33,8.42,3.59,6.41,6.9,4.03,3.21,1.66,12.2,5.92
20260901B35,落札量合計（TSO別）[MW],84,191,560,252,63,154,146.993,53.46,309.006,1813.459
20260901B35,（内訳）自エリアからの落札量[MW],84,112.186,560,252,3.929,62.425,16.891,53.46,309.006,1453.897
20260901B36,募集量（TSO別）[MW],64,189,560,252,63,153,147,43,168,1639
20260901B36,応札量合計（電源属地別）[MW],87.75,112.186,721.571,427.542,3.929,97.878,36.739,168.93,238.951,1895.476
20260901B36,落札量合計（電源属地別）[MW],84,112.186,636.814,379.373,1.93,72.337,16.891,168.93,202.998,1675.459
20260901B36,応札件数（電源属地別）[件],2,22,78,75,2,20,19,8,47,273
20260901B36,落札件数（電源属地別）[件],1,22,70,51,1,7,9,8,35,204
20260901B36,最高落札価格（電源属地別）[円/kW・30分],1.39,10,10,7.99,7.4,6.97,7,6.5,13.19,13.19
20260901B36,最低落札価格（電源属地別）[円/kW・30分],1.39,2,0.39,5.1,7.4,3.42,6,0.36,1.12,0.36
20260901B36,平均落札価格（電源属地別）[円/kW・30分],1.39,6.86,4.83,6.4,7.4,4.49,6.29,0.92,10.73,5.47
20260901B36,最高落札価格（TSO別）[円/kW・30分],1.39,10,10,7.99,7.99,7.99,7,1.6,13.19,13.19
20260901B36,最低落札価格（TSO別）[円/kW・30分],1.39,2,0.39,5.1,5.13,0.36,0.36,0.36,1.12,0.36
20260901B36,平均落札価格（TSO別）[円/kW・30分],1.39,7.9,4.2,6.3,6.91,3.01,4.04,1.47,11.39,5.47
20260901B36,落札量合計（TSO別）[MW],84,189,560,252,63,153,147,46.459,181,1675.459
20260901B36,（内訳）自エリアからの落札量[MW],84,112.186,560,252,1.93,72.337,16.891,46.459,181,1326.803
20260901B37,募集量（TSO別）[MW],63,188,562,250,63,149,147,42,167,1631
20260901B37,応札量合計（電源属地別）[MW],93.658,109.725,792.301,407.17,3.929,92.051,34.749,168.93,378.319,2080.832
20260901B37,落札量合計（電源属地別）[MW],87.918,108.225,641.775,311.219,0,76.127,16.891,168.93,255.833,1666.918
20260901B37,応札件数（電源属地別）[件],5,21,81,70,2,17,18,8,45,267
20260901B37,落札件数（電源属地別）[件],3,20,73,28,0,9,9,8,37,187
20260901B37,最高落札価格（電源属地別）[円/kW・30分],1.32,10,10,7.83,0,7,7,5,12.9,12.9
20260901B37,最低落札価格（電源属地別）[円/kW・30分],0.92,1.98,0.39,5.05,0,3.42,6,0.36,1.12,0.36
20260901B37,平均落札価格（電源属地別）[円/kW・30分],1.3,6.75,4.68,6.15,0,4.77,6.29,0.9,11.14,5.54
20260901B37,最高落札価格（TSO別）[円/kW・30分],1.32,10,10,7.83,6.56,7,12.9,1.6,12.9,12.9
20260901B37,最低落札価格（TSO別）[円/kW・30分],0.92,0.39,0.39,0.36,0.36,0.36,0.36,0.36,2.5,0.36
20260901B37,平均落札価格（TSO別）[円/kW・30分],1.3,6.96,4.31,5.87,4.57,3.77,6.42,1.48,11.58,5.54
20260901B37,落札量合計（TSO別）[MW],87.918,188,562,250,63,149,147,42,178,1666.918
20260901B37,（内訳）自エリアからの落札量[MW],87.918,108.225,562,238.742,0,68.023,16.891,42,178,1301.799
20260901B38,募集量（TSO別）[MW],63,188,562,250,63,149,147,42,167,1631
20260901B38,応札量合計（電源属地別）[MW],154.458,110.19,710.692,409.168,3.929,92.051,34.749,180.473,276.335,1972.045
20260901B38,落札量合計（電源属地別）[MW],123.718,110.19,639.81,298.317,1.93,76.127,16.891,168.93,256.805,1692.718
20260901B38,応札件数（電源属地別）[件],7,21,78,71,2,17,18,9,42,265
20260901B38,落札件数（電源属地別）[件],4,21,71,30,1,9,9,8,34,187
20260901B38,最高落札価格（電源属地別）[円/kW・30分],1.41,10,10,7.85,7.4,7,7,4.5,10.4,10.4
20260901B38,最低落札価格（電源属地別）[円/kW・30分],0.92,1.98,0.39,3.46,7.4,3.42,6,0.36,1.12,0.36
20260901B38,平均落札価格（電源属地別）[円/kW・30分],1.33,6.8,4.56,4.43,7.4,4.76,6.29,0.89,9.23,4.82
20260901B38,最高落札価格（TSO別）[円/kW・30分],1.41,10,10,7.85,7.4,7,10.4,1.6,10.4,10.4
20260901B38,最低落札価格（TSO別）[円/kW・30分],0.92,0.39,0.39,0.36,0.36,0.36,0.36,0.36,2.43,0.36
20260901B38,平均落札価格（TSO別）[円/kW・30分],1.33,7.11,4.15,4.48,2.59,3.01,6.41,1.48,9.46,4.82
20260901B38,落札量合計（TSO別）[MW],123.718,188,562,250,63,149,147,42,168,1692.718
20260901B38,（内訳）自エリアからの落札量[MW],123.718,110.19,562,242.905,1.93,76.127,16.891,42,168,1343.761
20260901B39,募集量（TSO別）[MW],63,188,563,250,63,149,147,42,167,1632
20260901B39,応札量合計（電源属地別）[MW],154.74,111.69,665.568,417.052,3.929,46.586,96.462,180.473,249.147,1925.647
20260901B39,落札量合計（電源属地別）[MW],93,103.014,647.986,322.814,3.929,24.912,78.604,168.93,218.811,1662
20260901B39,応札件数（電源属地別）[件],5,22,77,75,2,17,22,9,46,275
20260901B39,落札件数（電源属地別）[件],2,17,72,35,2,6,13,8,35,190
20260901B39,最高落札価格（電源属地別）[円/kW・30分],1.01,9.99,9.99,7.83,7.5,6.99,9.47,5,9.24,9.99
20260901B39,最低落札価格（電源属地別）[円/kW・30分],0.98,3.42,0.39,2.42,6.9,6.97,5.55,0.36,1.12,0.36
20260901B39,平均落札価格（電源属地別）[円/kW・30分],1.01,7.46,5.07,3.38,7.21,6.98,8.01,0.9,8.03,4.8
20260901B39,最高落札価格（TSO別）[円/kW・30分],1.01,9.99,9.99,7.83,7.5,6.99,9.47,1.6,9.24,9.99
20260901B39,最低落札価格（TSO別）[円/kW・30分],0.98,0.39,0.39,2.42,0.36,0.36,0.36,0.36,2.44,0.36
20260901B39,平均落札価格（TSO別）[円/kW・30分],1.01,7.76,4.61,3.56,2.38,2.17,6.78,1.48,8.43,4.8
20260901B39,落札量合計（TSO別）[MW],93,188,563,250,63,149,147,42,167,1662
20260901B39,（内訳）自エリアからの落札量[MW],93,103.014,563,250,3.929,24.912,78.604,42,167,1325.459
20260901B40,募集量（TSO別）[MW],63,187,563,250,63,149,147,42,167,1631
20260901B40,応札量合計（電源属地別）[MW],152.75,111.69,676.839,417.052,33.929,94.011,188.442,180.473,251.136,2106.322
20260901B40,落札量合計（電源属地別）[MW],93,103.014,646.986,260.369,30,52.011,134.662,168.93,198.998,1687.97
20260901B40,応札件数（電源属地別）[件],4,22,77,75,3,18,24,9,47,279
20260901B40,落札件数（電源属地別）[件],2,17,71,17,1,4,10,8,35,165
20260901B40,最高落札価格（電源属地別）[円/kW・30分],1.01,9.99,9.99,6.21,7.07,6.55,8.08,5,7.95,9.99
20260901B40,最低落札価格（電源属地別）[円/kW・30分],0.98,4.02,0.39,2.52,7.07,3.42,0.62,0.36,1.12,0.36
20260901B40,平均落札価格（電源属地別）[円/kW・30分],1.01,7.82,4.71,2.86,7.07,3.69,2.89,0.9,6.84,4.15
20260901B40,最高落札価格（TSO別）[円/kW・30分],1.01,9.99,9.99,6.21,7.07,6.55,8.08,1.6,7.95,9.99
20260901B40,最低落札価格（TSO別）[円/kW・30分],0.98,0.39,0.39,0.36,0.36,0.36,0.36,0.36,1.12,0.36
20260901B40,平均落札価格（TSO別）[円/kW・30分],1.01,7.84,4.24,2.82,4.1,1.91,2.82,1.48,7.19,4.15
20260901B40,落札量合計（TSO別）[MW],93,187,563,250,63,149,162.97,42,178,1687.97
20260901B40,（内訳）自エリアからの落札量[MW],93,103.014,563,243.113,30,50.011,126.908,42,178,1429.046
20260901B41,募集量（TSO別）[MW],63,187,561,250,61,148,147,42,167,1626
20260901B41,応札量合計（電源属地別）[MW],154.7,111.69,695.771,417.052,33.929,94.011,188.442,176.473,251.136,2123.204
20260901B41,落札量合計（電源属地別）[MW],93,103.014,644.986,260.369,31.93,49.081,134.662,164.93,198.998,1680.97
20260901B41,応札件数（電源属地別）[件],5,22,77,75,3,18,24,9,47,280
20260901B41,落札件数（電源属地別）[件],2,17,64,17,2,2,10,8,35,157
20260901B41,最高落札価格（電源属地別）[円/kW・30分],1.01,9.99,9.99,6.14,6.2,6.47,6.71,4,6.69,9.99
20260901B41,最低落札価格（電源属地別）[円/kW・30分],0.98,3.87,0.39,2.06,5.72,3.42,0.39,0.36,1.12,0.36
20260901B41,平均落札価格（電源属地別）[円/kW・30分],1.01,7.75,4.33,2.29,5.75,3.52,2.42,0.86,5.95,3.74
20260901B41,最高落札価格（TSO別）[円/kW・30分],1.01,9.99,9.99,6.14,6.2,6.71,6.71,1.6,6.69,9.99
20260901B41,最低落札価格（TSO別）[円/kW・30分],0.98,0.39,1.16,2.06,0.36,0.36,0.36,0.36,1.12,0.36
20260901B41,平均落札価格（TSO別）[円/kW・30分],1.01,6.43,4.26,2.3,3.44,2.14,2.19,1.45,6.14,3.74
20260901B41,落札量合計（TSO別）[MW],93,187,561,250,61,148,161.97,42,177,1680.97
20260901B41,（内訳）自エリアからの落札量[MW],93,103.014,561,250,31.93,44.011,124.908,42,177,1426.863
20260901B42,募集量（TSO別）[MW],63,187,561,250,59,147,146,42,167,1622
20260901B42,応札量合計（電源属地別）[MW],164.7,111.69,627.298,417.052,33.929,94.011,188.442,180.473,258.786,2076.381
20260901B42,落札量合計（電源属地別）[MW],93,111.69,616.096,286.541,30,47.425,121.724,166,186.28,1658.756
20260901B42,応札件数（電源属地別）[件],6,22,76,75,3,18,24,9,48,281
20260901B42,落札件数（電源属地別）[件],2,22,71,15,1,1,3,6,25,146
20260901B42,最高落札価格（電源属地別）[円/kW・30分],1.01,15,10,1.96,5.15,3.42,6.14,1.7,4.9,15
20260901B42,最低落札価格（電源属地別）[円/kW・30分],0.98,4.14,0.39,1.78,5.15,3.42,0.39,0.36,0.92,0.36
20260901B42,平均落札価格（電源属地別）[円/kW・30分],1.01,8.14,4.66,1.87,5.15,3.42,1.89,0.83,4.4,3.57
20260901B42,最高落札価格（TSO別）[円/kW・30分],1.01,15,10,1.96,5.15,3.42,6.14,1.6,4.9,15
20260901B42,最低落札価格（TSO別）[円/kW・30分],0.98,0.39,0.39,1.78,0.36,0.36,0.36,0.36,0.92,0.36
20260901B42,平均落札価格（TSO別）[円/kW・30分],1.01,7.38,4.55,1.87,3.78,1.54,1.65,1.48,4.45,3.57
20260901B42,落札量合計（TSO別）[MW],93,166.786,561,250,59,147,161.97,42,178,1658.756
20260901B42,（内訳）自エリアからの落札量[MW],93,111.69,561,250,30,34.966,121.724,42,178,1422.38
20260901B43,募集量（TSO別）[MW],63,97,560,250,59,147,144,42,167,1529
20260901B43,応札量合計（電源属地別）[MW],189.74,97.19,638.526,413.072,3.929,94.011,116.28,187.473,255.876,1996.097
20260901B43,落札量合計（電源属地別）[MW],93,72.465,584.535,275.215,0,51.215,79.541,185.543,219.486,1561
20260901B43,応札件数（電源属地別）[件],6,19,72,73,2,18,23,8,46,267
20260901B43,落札件数（電源属地別）[件],2,6,45,17,0,3,4,7,27,111
20260901B43,最高落札価格（電源属地別）[円/kW・30分],1.01,9.49,9.8,5.2,0,3.96,6.75,4,4.34,9.8
20260901B43,最低落札価格（電源属地別）[円/kW・30分],0.98,3.12,0.39,1.61,0,3.42,2.29,0.36,1,0.36
20260901B43,平均落札価格（電源属地別）[円/kW・30分],1.01,6.74,4.3,1.77,0,3.46,4.36,0.97,4,3.31
20260901B43,最高落札価格（TSO別）[円/kW・30分],1.01,9.49,9.8,5.2,1.69,6.75,6.75,4,4.34,9.8
20260901B43,最低落札価格（TSO別）[円/kW・30分],0.98,0.39,0.39,1.61,0.36,0.36,0.36,0.36,2.26,0.36
20260901B43,平均落札価格（TSO別）[円/kW・30分],1.01,6.65,4.21,1.78,0.92,2.03,3.63,1.57,4.06,3.31
20260901B43,落札量合計（TSO別）[MW],93,97,560,250,59,147,144,44,167,1561
20260901B43,（内訳）自エリアからの落札量[MW],93,72.465,560,250,0,51.215,62.01,44,167,1299.69
20260901B44,募集量（TSO別）[MW],64,97,560,251,59,147,144,42,168,1532
20260901B44,応札量合計（電源属地別）[MW],164.718,111.69,518.94,413.072,3.929,94.011,144.422,187.473,256.876,1895.131
20260901B44,落札量合計（電源属地別）[MW],94,97,513.042,285.532,0,47.425,113.919,187.473,195.651,1534.042
20260901B44,応札件数（電源属地別）[件],6,22,67,73,2,18,25,8,46,267
20260901B44,落札件数（電源属地別）[件],3,16,65,16,0,1,12,8,29,150
20260901B44,最高落札価格（電源属地別）[円/kW・30分],1.01,9.99,10,5.9,0,3.42,7.14,4,6.53,10
20260901B44,最低落札価格（電源属地別）[円/kW・30分],0.92,3.39,0.39,0.93,0,3.42,3.42,0.36,1.12,0.36
20260901B44,平均落札価格（電源属地別）[円/kW・30分],1.01,7.3,5.53,1.12,0,3.42,5.42,1,5.78,3.95
20260901B44,最高落札価格（TSO別）[円/kW・30分],1.01,9.99,10,5.9,5.9,7.14,7.14,1.6,6.53,10
20260901B44,最低落札価格（TSO別）[円/kW・30分],0.92,3.39,0.39,0.96,0.93,0.36,0.36,0.36,1.4,0.36
20260901B44,平均落札価格（TSO別）[円/kW・30分],1.01,7.3,5.53,1.13,2.06,1.25,4.61,1.47,5.99,3.95
20260901B44,落札量合計（TSO別）[MW],94,97,513.042,251,59,147,144,46,183,1534.042
20260901B44,（内訳）自エリアからの落札量[MW],94,97,513.042,251,0,22.957,110.397,46,183,1317.396
20260901B45,募集量（TSO別）[MW],65,97,560,251,59,147,144,42,168,1533
20260901B45,応札量合計（電源属地別）[MW],188.658,111.69,389.852,402.46,3.929,94.011,253.651,187.473,256.876,1888.6
20260901B45,落札量合計（電源属地別）[MW],93,97,383.554,264.671,0,47.425,129.968,187.473,200.463,1403.554
20260901B45,応札件数（電源属地別）[件],8,22,69,72,2,18,24,8,46,269
20260901B45,落札件数（電源属地別）[件],3,15,66,14,0,1,9,8,27,143
20260901B45,最高落札価格（電源属地別）[円/kW・30分],1.01,9.99,10,3.16,0,3.42,8.73,4,5.04,10
20260901B45,最低落札価格（電源属地別）[円/kW・30分],0.92,3.02,0.39,0.59,0,3.42,1.52,0.36,0.52,0.36
20260901B45,平均落札価格（電源属地別）[円/kW・30分],1.01,7.08,3.34,1.02,0,3.42,8,0.78,4.52,3.27
20260901B45,最高落札価格（TSO別）[円/kW・30分],1.01,9.99,10,3.16,1.03,8.62,8.73,4,5.04,10
20260901B45,最低落札価格（TSO別）[円/kW・30分],0.92,3.02,0.39,0.59,0.36,0.36,0.36,0.36,0.52,0.36
20260901B45,平均落札価格（TSO別）[円/kW・30分],1.01,7.08,3.34,1.02,0.49,2.77,6.48,0.64,4.74,3.27
20260901B45,落札量合計（TSO別）[MW],93,97,383.554,251,59,147,144,46,183,1403.554
20260901B45,（内訳）自エリアからの落札量[MW],93,97,383.554,251,0,47.425,107.352,46,183,1208.331
20260901B46,募集量（TSO別）[MW],65,96,558,250,59,145,144,42,167,1526
20260901B46,応札量合計（電源属地別）[MW],203.658,111.69,507.158,340.701,3.929,94.011,253.651,214.473,255.876,1985.147
20260901B46,落札量合計（電源属地別）[MW],94,96,500.816,250,0,50.544,124.983,214.473,183,1513.816
20260901B46,応札件数（電源属地別）[件],9,22,69,69,2,18,24,10,46,269
20260901B46,落札件数（電源属地別）[件],3,14,66,23,0,3,6,10,19,144
20260901B46,最高落札価格（電源属地別）[円/kW・30分],1.01,9.99,10,7.83,0,4.2,10,4,4.34,10
20260901B46,最低落札価格（電源属地別）[円/kW・30分],0.92,4.78,0.39,0.64,0,3.42,0.39,0.36,0.6,0.36
20260901B46,平均落札価格（電源属地別）[円/kW・30分],1.01,8.21,4.23,1.83,0,3.47,8.4,0.9,3.98,3.7
20260901B46,最高落札価格（TSO別）[円/kW・30分],1.01,9.99,10,7.83,3.42,8.45,10,4,4.34,10
20260901B46,最低落札価格（TSO別）[円/kW・30分],0.92,4.78,0.39,0.64,0.36,0.36,0.36,0.38,0.6,0.36
20260901B46,平均落札価格（TSO別）[円/kW・30分],1.01,8.21,4.23,1.83,0.53,2.06,7.15,1.41,3.98,3.7
20260901B46,落札量合計（TSO別）[MW],94,96,500.816,250,59,145,144,42,183,1513.816
20260901B46,（内訳）自エリアからの落札量[MW],94,96,500.816,250,0,47.544,119.551,42,183,1332.911
20260901B47,募集量（TSO別）[MW],65,95,556,249,58,144,143,42,167,1519
20260901B47,応札量合計（電源属地別）[MW],164.718,111.69,523.416,338.105,3.929,94.011,190.286,214.473,255.876,1896.504
20260901B47,落札量合計（電源属地別）[MW],104,95,513.118,249,0,25.743,155.541,211.543,176.233,1530.178
20260901B47,応札件数（電源属地別）[件],6,22,69,68,2,18,21,10,46,262
20260901B47,落札件数（電源属地別）[件],4,14,64,31,0,1,3,8,15,140
20260901B47,最高落札価格（電源属地別）[円/kW・30分],1.01,9.99,10,7.99,0,3.42,8.16,2.5,4.15,10
20260901B47,最低落札価格（電源属地別）[円/kW・30分],0.92,4.3,0.39,0.55,0,3.42,3.39,0.36,1.12,0.36
20260901B47,平均落札価格（電源属地別）[円/kW・30分],1.01,7.87,4.36,2.19,0,3.42,8.05,0.86,3.91,3.82
20260901B47,最高落札価格（TSO別）[円/kW・30分],1.01,9.99,10,7.99,8.16,8.02,8.16,1.7,4.15,10
20260901B47,最低落札価格（TSO別）[円/kW・30分],0.92,4.3,0.39,0.55,0.36,0.36,0.36,0.36,0.36,0.36
20260901B47,平均落札価格（TSO別）[円/kW・30分],1.01,7.87,4.36,2.19,3.68,0.88,7.97,0.79,3.83,3.82
20260901B47,落札量合計（TSO別）[MW],104,95,513.118,249,58,144,143.06,42,182,1530.178
20260901B47,（内訳）自エリアからの落札量[MW],104,95,513.118,249,0,0,140.547,42,176.233,1319.898
20260901B48,募集量（TSO別）[MW],65,94,555,246,57,142,143,42,167,1511
20260901B48,応札量合計（電源属地別）[MW],235.174,110.19,534.204,429.36,3.929,94.011,190.286,214.473,252.024,2063.651
20260901B48,落札量合計（電源属地別）[MW],133,94,526.656,284.15,0,0,155.541,211.543,160.766,1565.656
20260901B48,応札件数（電源属地別）[件],8,21,69,72,2,18,21,10,44,265
20260901B48,落札件数（電源属地別）[件],4,14,66,15,0,0,3,8,10,120
20260901B48,最高落札価格（電源属地別）[円/kW・30分],1.01,9.99,10,2.46,0,0,7.53,2.5,3.63,10
20260901B48,最低落札価格（電源属地別）[円/kW・30分],0.39,3.3,0.39,0.9,0,0,0.39,0.36,0.72,0.36
20260901B48,平均落札価格（電源属地別）[円/kW・30分],0.83,7.17,4.5,2.03,0,0,7.39,0.86,3.45,3.59
20260901B48,最高落札価格（TSO別）[円/kW・30分],1.01,9.99,10,2.42,2.5,1.7,7.53,1.7,7.53,10
20260901B48,最低落札価格（TSO別）[円/kW・30分],0.39,3.3,0.39,0.9,0.36,0.36,7.39,0.38,0.36,0.36
20260901B48,平均落札価格（TSO別）[円/kW・30分],0.83,7.17,4.5,1.99,2.18,0.63,7.48,1.26,3.5,3.59
20260901B48,落札量合計（TSO別）[MW],133,94,526.656,246,57,142,143,42,182,1565.656
20260901B48,（内訳）自エリアからの落札量[MW],133,94,526.656,246,0,0,143,42,160.766,1345.422
20260902B01,募集量（TSO別）[MW],64,175,539,238,53,132,140,41,163,1545
20260902B01,応札量合計（電源属地別）[MW],121.658,84.939,612.262,394.501,22.929,109.697,229.359,214.473,216.22,2006.038
20260902B01,落札量合計（電源属地別）[MW],85.968,84.939,600.254,300.75,20.93,34.614,70.154,214.473,145.693,1557.775
20260902B01,応札件数（電源属地別）[件],7,13,66,53,3,17,17,10,34,220
20260902B01,落札件数（電源属地別）[件],2,13,60,16,2,2,6,10,14,125
20260902B01,最高落札価格（電源属地別）[円/kW・30分],1.01,10,9.8,2.73,1.51,1.33,2.13,2.5,6,10
20260902B01,最低落札価格（電源属地別）[円/kW・30分],0.92,3.82,0.39,0.39,0.98,0.39,0.39,0.36,0.92,0.36
20260902B01,平均落札価格（電源属地別）[円/kW・30分],1.01,7.77,3.35,1.89,1.03,0.8,1.05,0.87,4.7,2.77
20260902B01,最高落札価格（TSO別）[円/kW・30分],1.01,10,9.7,2.73,2.28,2.64,2.5,1.7,6,10
20260902B01,最低落札価格（TSO別）[円/kW・30分],0.92,0.39,0.39,0.39,0.39,0.36,0.36,0.38,0.36,0.36
20260902B01,平均落札価格（TSO別）[円/kW・30分],1.01,7.31,2.97,1.97,1.36,0.72,1.2,1.28,4.26,2.77
20260902B01,落札量合計（TSO別）[MW],85.968,146.193,539,238,53,151.614,140,41,163,1557.775
20260902B01,（内訳）自エリアからの落札量[MW],85.968,84.939,539,238,20.93,34.614,68.16,41,145.693,1258.304
20260902B02,募集量（TSO別）[MW],64,175,539,238,53,132,140,41,163,1545
20260902B02,応札量合計（電源属地別）[MW],155.658,95.609,616.771,353.203,22.929,143.033,175.311,214.473,185.128,1962.115
20260902B02,落札量合計（電源属地別）[MW],98,95.609,600.436,238,19,64.062,158.712,202.93,123.984,1600.733
20260902B02,応札件数（電源属地別）[件],8,14,68,55,3,21,13,10,36,228
20260902B02,落札件数（電源属地別）[件],3,14,60,44,1,4,5,9,7,147
20260902B02,最高落札価格（電源属地別）[円/kW・30分],1.01,10,9.7,7.89,0.78,1.33,6.38,1.7,4.41,10
20260902B02,最低落札価格（電源属地別）[円/kW・30分],0.39,6.29,0.39,0.39,0.78,0.39,2,0.36,1.96,0.36
20260902B02,平均落札価格（電源属地別）[円/kW・30分],0.79,9,3.26,2.59,0.78,0.61,4.66,0.78,3.96,3.1
20260902B02,最高落札価格（TSO別）[円/kW・30分],1.01,10,9.7,7.89,1.7,1.7,6.38,1.7,4.82,10
20260902B02,最低落札価格（TSO別）[円/kW・30分],0.39,3.98,0.39,0.39,0.36,0.36,2.13,0.38,0.36,0.36
20260902B02,平均落札価格（TSO別）[円/kW・30分],0.79,7.54,3.04,2.59,0.82,0.76,4.75,0.83,3.29,3.1
20260902B02,落札量合計（TSO別）[MW],98,157.045,539,238,53,163.18,148.508,41,163,1600.733
20260902B02,（内訳）自エリアからの落札量[MW],98,95.609,539,238,19,64.062,148.508,41,123.984,1367.163
20260902B03,募集量（TSO別）[MW],64,175,539,238,53,132,140,41,163,1545
20260902B03,応札量合計（電源属地別）[MW],198.558,111.491,582.096,409.119,22.929,110.979,175.311,214.473,246.864,2071.82
20260902B03,落札量合計（電源属地別）[MW],70,111.491,565.717,238,19,46.259,159.415,214.473,118.329,1542.684
20260902B03,応札件数（電源属地別）[件],8,22,67,67,3,18,13,10,44,252
20260902B03,落札件数（電源属地別）[件],4,22,59,14,1,9,5,10,17,141
20260902B03,最高落札価格（電源属地別）[円/kW・30分],1,10,9.7,6,0.39,3,6.38,2.5,3.66,10
20260902B03,最低落札価格（電源属地別）[円/kW・30分],0.39,5.72,0.39,1.09,0.39,0.39,2,0.36,0.92,0.36
20260902B03,平均落札価格（電源属地別）[円/kW・30分],0.7,8.96,3.33,1.48,0.39,1.39,4.16,0.85,3.12,2.96
20260902B03,最高落札価格（TSO別）[円/kW・30分],1,10,9.7,6,2.5,3,6.38,1.7,4.22,10
20260902B03,最低落札価格（TSO別）[円/kW・30分],0.39,0.39,0.39,1.09,0.36,0.36,2.13,0.38,0.36,0.36
20260902B03,平均落札価格（TSO別）[円/kW・30分],0.7,8.04,3.28,1.48,1.02,0.87,4.25,1.11,2.59,2.96
20260902B03,落札量合計（TSO別）[MW],70,138.208,539,238,53,150.968,149.508,41,163,1542.684
20260902B03,（内訳）自エリアからの落札量[MW],70,111.491,539,238,19,46.259,149.508,41,118.329,1332.587
20260902B04,募集量（TSO別）[MW],64,175,539,238,53,132,140,41,163,1545
20260902B04,応札量合計（電源属地別）[MW],132.708,111.491,630.886,411.098,22.929,90.024,205.895,214.473,246.862,2066.366
20260902B04,落札量合計（電源属地別）[MW],98.968,111.491,601.791,238,19,76.205,82.273,214.473,137.049,1579.25
20260902B04,応札件数（電源属地別）[件],7,22,75,68,3,16,16,10,44,261
20260902B04,落札件数（電源属地別）[件],3,22,60,14,1,9,7,10,27,153
20260902B04,最高落札価格（電源属地別）[円/kW・30分],1.01,10,9.9,6,0.61,3,4.49,2.5,4.08,10
20260902B04,最低落札価格（電源属地別）[円/kW・30分],0.39,6.79,0.39,1.29,0.61,1.33,0.39,0.36,0.92,0.36
20260902B04,平均落札価格（電源属地別）[円/kW・30分],0.93,9.24,3.23,1.53,0.61,2.67,2.75,0.87,3.45,2.87
20260902B04,最高落札価格（TSO別）[円/kW・30分],1.01,10,9.9,6,1.7,3,4.49,1.7,4.08,10
20260902B04,最低落札価格（TSO別）[円/kW・30分],0.39,0.39,0.39,1.29,0.61,0.36,0.36,0.38,0.92,0.36
20260902B04,平均落札価格（TSO別）[円/kW・30分],0.93,7.56,3.08,1.53,1.2,1.68,1.9,0.8,3.17,2.87
20260902B04,落札量合計（TSO別）[MW],98.968,174.282,539,238,53,132,140,41,163,1579.25
20260902B04,（内訳）自エリアからの落札量[MW],98.968,111.491,539,238,19,64.205,82.273,41,137.049,1330.986
20260902B05,募集量（TSO別）[MW],64,175,537,237,53,131,140,40,163,1540
20260902B05,応札量合計（電源属地別）[MW],193.958,109.493,620.538,393.24,22.929,88.026,205.895,214.473,244.884,2093.436
20260902B05,落札量合計（電源属地別）[MW],93,109.493,601.371,237,19,76.205,82.273,214.473,135.049,1567.864
20260902B05,応札件数（電源属地別）[件],9,21,71,61,3,15,16,10,43,249
20260902B05,落札件数（電源属地別）[件],3,21,62,17,1,9,7,10,26,156
20260902B05,最高落札価格（電源属地別）[円/kW・30分],1.01,10,9.9,6.99,0.61,3,4.49,2.5,5.66,10
20260902B05,最低落札価格（電源属地別）[円/kW・30分],0.92,5.66,0.39,1.26,0.61,1.33,0.39,0.36,0.92,0.36
20260902B05,平均落札価格（電源属地別）[円/kW・30分],1.01,8.95,3.91,1.6,0.61,2.67,2.75,0.87,4.53,3.22
20260902B05,最高落札価格（TSO別）[円/kW・30分],1.01,10,9.79,6.99,3,3,4.49,1.7,5.66,10
20260902B05,最低落札価格（TSO別）[円/kW・30分],0.92,4.66,0.39,1.26,0.36,0.36,0.36,0.38,0.92,0.36
20260902B05,平均落札価格（TSO別）[円/kW・30分],1.01,8.11,3.58,1.6,0.55,1.67,2.02,1.3,4.03,3.22
20260902B05,落札量合計（TSO別）[MW],93,173.864,537,237,53,131,140,40,163,1567.864
20260902B05,（内訳）自エリアからの落札量[MW],93,109.493,537,237,19,74.207,82.273,40,135.049,1327.022
20260902B06,募集量（TSO別）[MW],64,175,537,237,53,130,140,40,163,1539
20260902B06,応札量合計（電源属地別）[MW],225.858,109.493,573.577,399.181,22.929,88.026,205.895,214.473,246.862,2086.294
20260902B06,落札量合計（電源属地別）[MW],132,109.493,552.46,237,19,78.201,82.273,214.473,132.053,1556.953
20260902B06,応札件数（電源属地別）[件],10,21,69,64,3,15,16,10,44,252
20260902B06,落札件数（電源属地別）[件],4,21,59,17,1,10,7,10,24,153
20260902B06,最高落札価格（電源属地別）[円/kW・30分],1.01,10,9.9,6.99,0.39,3,4.07,2.5,5.55,10
20260902B06,最低落札価格（電源属地別）[円/kW・30分],0.39,4.05,0.39,1.26,0.39,1.33,0.39,0.36,0.92,0.36
20260902B06,平均落札価格（電源属地別）[円/kW・30分],0.82,8.03,3.73,1.6,0.39,2.68,2.58,0.85,4.46,2.97
20260902B06,最高落札価格（TSO別）[円/kW・30分],1.01,10,9.9,6.99,1.7,3,4.07,1.7,5.55,10
20260902B06,最低落札価格（TSO別）[円/kW・30分],0.39,2.61,0.39,1.26,0.36,0.36,0.36,0.38,0.36,0.36
20260902B06,平均落札価格（TSO別）[円/kW・30分],0.82,7.75,3.67,1.6,0.78,1.92,1.74,1.09,3.82,2.97
20260902B06,落札量合計（TSO別）[MW],132,124.953,537,237,53,130,140,40,163,1556.953
20260902B06,（内訳）自エリアからの落札量[MW],132,109.493,537,237,19,78.201,82.273,40,132.053,1367.02
20260902B07,募集量（TSO別）[MW],63,174,536,237,53,131,140,41,164,1539
20260902B07,応札量合計（電源属地別）[MW],198.618,109.991,608.275,418.939,22.929,95.92,222.754,211.473,262.173,2151.072
20260902B07,落札量合計（電源属地別）[MW],131,109.991,576.18,237,20.93,78.201,83.273,211.473,135.123,1583.171
20260902B07,応札件数（電源属地別）[件],8,21,75,74,3,19,25,9,52,286
20260902B07,落札件数（電源属地別）[件],4,21,59,17,2,10,8,9,24,154
20260902B07,最高落札価格（電源属地別）[円/kW・30分],1.01,10,9.9,6.91,1.53,3,4.07,2.5,5.91,10
20260902B07,最低落札価格（電源属地別）[円/kW・30分],0.39,3.78,0.39,1.22,0.39,1.33,0.39,0.36,0.92,0.36
20260902B07,平均落札価格（電源属地別）[円/kW・30分],0.82,7.86,3.79,1.59,0.5,2.64,2.59,0.87,4.77,3.03
20260902B07,最高落札価格（TSO別）[円/kW・30分],1.01,10,9.49,6.91,3,3,4.07,1.7,5.91,10
20260902B07,最低落札価格（TSO別）[円/kW・30分],0.39,0.39,0.39,1.22,0.36,0.36,0.36,0.38,0.36,0.36
20260902B07,平均落札価格（TSO別）[円/kW・30分],0.82,7.78,3.51,1.59,1.24,1.65,1.82,0.77,4.22,3.03
20260902B07,落札量合計（TSO別）[MW],131,150.171,536,237,53,131,140,41,164,1583.171
20260902B07,（内訳）自エリアからの落札量[MW],131,109.991,536,237,20.93,52.285,83.273,41,135.123,1346.602
20260902B08,募集量（TSO別）[MW],63,174,537,237,53,131,140,41,164,1540
20260902B08,応札量合計（電源属地別）[MW],198.618,111.491,622.983,399.039,22.929,88.074,210.027,199.93,256.395,2109.486
20260902B08,落札量合計（電源属地別）[MW],131,111.491,595.328,237,20.93,25.31,161.479,199.93,121.351,1603.819
20260902B08,応札件数（電源属地別）[件],8,22,74,72,3,15,24,8,49,275
20260902B08,落札件数（電源属地別）[件],3,22,60,16,2,5,5,8,16,137
20260902B08,最高落札価格（電源属地別）[円/kW・30分],1.01,10,9.9,6.87,1.58,3,4.34,2.3,6.26,10
20260902B08,最低落札価格（電源属地別）[円/kW・30分],0.43,3.78,0.39,1.13,0.39,1.33,1.56,0.36,0.92,0.36
20260902B08,平均落札価格（電源属地別）[円/kW・30分],0.84,7.9,3.98,1.51,0.5,1.98,3.81,0.78,5.22,3.23
20260902B08,最高落札価格（TSO別）[円/kW・30分],1.01,10,9.9,6.87,2.3,3,4.34,1.7,6.26,10
20260902B08,最低落札価格（TSO別）[円/kW・30分],0.43,3.78,0.39,1.13,0.36,0.36,1.56,0.38,0.92,0.36
20260902B08,平均落札価格（TSO別）[円/kW・30分],0.84,7.76,3.6,1.51,0.78,0.87,3.77,0.7,4.6,3.23
20260902B08,落札量合計（TSO別）[MW],131,169.819,537,237,53,131,140,41,164,1603.819
20260902B08,（内訳）自エリアからの落札量[MW],131,111.491,537,237,20.93,25.24,140,41,121.351,1365.012
20260902B09,募集量（TSO別）[MW],63,174,538,237,53,132,140,41,165,1543
20260902B09,応札量合計（電源属地別）[MW],247.408,113.49,622.823,353.57,22.929,88.004,210.027,211.473,258.245,2127.969
20260902B09,落札量合計（電源属地別）[MW],158,113.49,594.56,237,20.93,16.996,175.282,211.473,118.525,1646.256
20260902B09,応札件数（電源属地別）[件],11,23,76,70,3,15,24,9,50,281
20260902B09,落札件数（電源属地別）[件],4,23,61,37,2,2,6,9,18,162
20260902B09,最高落札価格（電源属地別）[円/kW・30分],1.01,10,9.9,7,1.61,1.39,6.38,2.5,5.99,10
20260902B09,最低落札価格（電源属地別）[円/kW・30分],0.39,3.75,0.39,1.06,0.39,1.33,1.56,0.36,0.92,0.36
20260902B09,平均落札価格（電源属地別）[円/kW・30分],0.85,7.93,4,2.53,0.5,1.34,4.02,0.87,5.05,3.36
20260902B09,最高落札価格（TSO別）[円/kW・30分],1.01,10,9.49,7,2.3,2.5,6.38,1.7,5.99,10
20260902B09,最低落札価格（TSO別）[円/kW・30分],0.39,0.39,0.39,1.06,0.36,0.36,1.56,0.38,0.38,0.36
20260902B09,平均落札価格（TSO別）[円/kW・30分],0.85,7.23,3.81,2.53,0.73,0.8,4,1.01,4.4,3.36
20260902B09,落札量合計（TSO別）[MW],158,170.05,538,237,53,132,152.206,41,165,1646.256
20260902B09,（内訳）自エリアからの落札量[MW],158,113.49,538,237,20.93,16.996,152.206,41,118.525,1396.147
20260902B10,募集量（TSO別）[MW],63,174,538,237,53,132,140,41,165,1543
20260902B10,応札量合計（電源属地別）[MW],202.558,113.49,624.311,453.069,20.93,95.92,194.16,211.473,260.223,2176.134
20260902B10,落札量合計（電源属地別）[MW],131,113.49,594.166,237,20.93,21.435,159.415,211.473,127.255,1616.164
20260902B10,応札件数（電源属地別）[件],10,23,77,76,2,19,23,9,51,290
20260902B10,落札件数（電源属地別）[件],3,23,62,17,2,5,5,9,19,145
20260902B10,最高落札価格（電源属地別）[円/kW・30分],1.01,10,9.9,6.99,1.58,3,6.38,2.5,6.11,10
20260902B10,最低落札価格（電源属地別）[円/kW・30分],0.39,3.75,0.39,1.22,0.39,1.33,2,0.36,0.92,0.36
20260902B10,平均落札価格（電源属地別）[円/kW・30分],0.82,7.93,4.01,1.59,0.5,1.83,4.39,0.89,5.01,3.3
20260902B10,最高落札価格（TSO別）[円/kW・30分],1.01,10,9.5,6.99,2.5,3,6.38,1.7,6.11,10
20260902B10,最低落札価格（TSO別）[円/kW・30分],0.39,0.39,0.39,1.22,0.36,0.36,2.13,0.38,0.36,0.36
20260902B10,平均落札価格（TSO別）[円/kW・30分],0.82,7.17,3.84,1.59,0.77,1.18,4.42,0.7,4.17,3.3
20260902B10,落札量合計（TSO別）[MW],131,169.656,538,237,53,132,149.508,41,165,1616.164
20260902B10,（内訳）自エリアからの落札量[MW],131,113.49,538,237,20.93,21.435,149.508,41,127.255,1379.618
20260902B11,募集量（TSO別）[MW],63,174,538,237,53,132,140,41,165,1543
20260902B11,応札量合計（電源属地別）[MW],245.458,113.49,611.339,386.17,22.929,80.92,194.16,211.473,262.173,2128.112
20260902B11,落札量合計（電源属地別）[MW],159,113.49,579.394,237,22.929,23.42,159.415,211.473,123.271,1629.392
20260902B11,応札件数（電源属地別）[件],10,23,76,73,3,18,23,9,52,287
20260902B11,落札件数（電源属地別）[件],4,23,60,43,3,9,5,9,17,173
20260902B11,最高落札価格（電源属地別）[円/kW・30分],1.01,10,9.9,7.34,2.3,3,6.38,2.5,6.37,10
20260902B11,最低落札価格（電源属地別）[円/kW・30分],0.39,3.66,0.39,1,0.49,2.97,2.08,0.36,2,0.36
20260902B11,平均落札価格（電源属地別）[円/kW・30分],0.85,7.88,3.92,2.98,0.8,3,4.52,0.89,5.29,3.47
20260902B11,最高落札価格（TSO別）[円/kW・30分],1.01,10,9.5,7.34,2.5,3,6.38,1.7,6.37,10
20260902B11,最低落札価格（TSO別）[円/kW・30分],0.39,0.39,0.39,1,0.49,0.36,2.13,0.38,0.36,0.36
20260902B11,平均落札価格（TSO別）[円/kW・30分],0.85,7.28,3.79,2.98,1.5,1.07,4.55,0.7,4.36,3.47
20260902B11,落札量合計（TSO別）[MW],159,154.884,538,237,53,132,149.508,41,165,1629.392
20260902B11,（内訳）自エリアからの落札量[MW],159,113.49,538,237,22.929,23.42,149.508,41,123.271,1407.618
20260902B12,募集量（TSO別）[MW],63,174,538,237,53,132,140,41,165,1543
20260902B12,応札量合計（電源属地別）[MW],243.468,113.49,610.237,384.67,22.929,95.92,194.16,211.473,260.197,2136.544
20260902B12,落札量合計（電源属地別）[MW],159,113.49,578.292,237,22.929,17.996,159.415,211.473,128.695,1628.29
20260902B12,応札件数（電源属地別）[件],9,23,76,72,3,19,23,9,51,285
20260902B12,落札件数（電源属地別）[件],4,23,60,43,3,3,5,9,20,170
20260902B12,最高落札価格（電源属地別）[円/kW・30分],1.01,10,9.9,7.5,2.8,3,6.38,2.5,6.36,10
20260902B12,最低落札価格（電源属地別）[円/kW・30分],0.39,4.02,0.39,1,0.85,1.33,2,0.36,1.78,0.36
20260902B12,平均落札価格（電源属地別）[円/kW・30分],0.85,8.09,4.09,2.98,1.16,1.6,4.81,0.89,5.17,3.56
20260902B12,最高落札価格（TSO別）[円/kW・30分],1.01,10,9.5,7.5,2.97,3,6.38,1.7,6.36,10
20260902B12,最低落札価格（TSO別）[円/kW・30分],0.39,3.48,0.39,1,0.85,0.36,2.13,0.38,1.6,0.36
20260902B12,平均落札価格（TSO別）[円/kW・30分],0.85,7.85,3.86,2.98,1.55,0.64,4.92,0.69,4.51,3.56
20260902B12,落札量合計（TSO別）[MW],159,153.782,538,237,53,132,149.508,41,165,1628.29
20260902B12,（内訳）自エリアからの落札量[MW],159,113.49,538,237,22.929,1,149.508,41,128.695,1390.622
20260902B13,募集量（TSO別）[MW],65,183,559,247,57,145,141,44,168,1609
20260902B13,応札量合計（電源属地別）[MW],200.658,113.49,618.216,529.697,22.929,95.92,194.16,161.973,262.183,2199.226
20260902B13,落札量合計（電源属地別）[MW],146.184,113.49,601.367,258.024,19,61.205,164.373,161.973,147.933,1673.549
20260902B13,応札件数（電源属地別）[件],9,23,78,79,3,19,23,8,51,293
20260902B13,落札件数（電源属地別）[件],7,23,70,13,1,8,8,8,29,167
20260902B13,最高落札価格（電源属地別）[円/kW・30分],9.95,10,9.9,1.83,2.47,3,6.52,2.5,5.55,10
20260902B13,最低落札価格（電源属地別）[円/kW・30分],0.39,6.02,0.39,1.36,2.47,3,2.13,0.36,2,0.36
20260902B13,平均落札価格（電源属地別）[円/kW・30分],1.62,9.04,3.84,1.56,2.47,3,5.94,1.04,4.47,3.59
20260902B13,最高落札価格（TSO別）[円/kW・30分],9.95,10,9.5,1.83,3,3,6.52,1.7,6.52,10
20260902B13,最低落札価格（TSO別）[円/kW・30分],0.39,0.39,0.39,1.36,1.39,0.36,2.13,0.38,0.36,0.36
20260902B13,平均落札価格（TSO別）[円/kW・30分],1.62,8.26,3.66,1.57,2.51,1.41,6.19,1.44,4.18,3.59
20260902B13,落札量合計（TSO別）[MW],146.184,155.857,559,247,57,145,151.508,44,168,1673.549
20260902B13,（内訳）自エリアからの落札量[MW],146.184,113.49,559,247,19,34.229,151.508,44,147.933,1462.344
20260902B14,募集量（TSO別）[MW],65,188,567,250,57,148,142,44,169,1630
20260902B14,応札量合計（電源属地別）[MW],189.358,111.99,583.497,519.913,22.929,95.92,194.16,161.973,258.331,2138.071
20260902B14,落札量合計（電源属地別）[MW],145.968,111.99,574.648,267.896,19,61.205,164.373,161.973,144.061,1651.114
20260902B14,応札件数（電源属地別）[件],9,22,78,74,3,19,23,8,49,285
20260902B14,落札件数（電源属地別）[件],5,22,74,14,1,8,8,8,27,167
20260902B14,最高落札価格（電源属地別）[円/kW・30分],8.9,10,9.9,2.79,0.65,3,6.38,2.5,5.37,10
20260902B14,最低落札価格（電源属地別）[円/kW・30分],0.39,6.79,0.39,0.7,0.65,3,2.13,0.36,2,0.36
20260902B14,平均落札価格（電源属地別）[円/kW・30分],1.98,9.1,4.27,1.63,0.65,3,4.51,1.04,4.45,3.6
20260902B14,最高落札価格（TSO別）[円/kW・30分],8.9,10,9.9,2.79,3,3,6.38,1.7,5.37,10
20260902B14,最低落札価格（TSO別）[円/kW・30分],0.39,2.53,0.39,0.7,0.65,0.36,2.13,0.38,0.36,0.36
20260902B14,平均落札価格（TSO別）[円/kW・30分],1.98,8.68,4.3,1.56,2.11,1.61,4.64,1.11,4.07,3.6
20260902B14,落札量合計（TSO別）[MW],145.968,119.638,567,250,57,148,150.508,44,169,1651.114
20260902B14,（内訳）自エリアからの落札量[MW],145.968,111.99,567,250,19,41.101,150.508,44,144.061,1473.628
20260902B15,募集量（TSO別）[MW],66,194,572,253,58,152,143,45,170,1653
20260902B15,応札量合計（電源属地別）[MW],119.708,113.49,491.884,502.848,22.929,95.92,194.16,161.973,256.347,1959.259
20260902B15,落札量合計（電源属地別）[MW],96.068,113.49,489.835,260.094,19,61.205,162.379,159.043,167.787,1528.901
20260902B15,応札件数（電源属地別）[件],6,23,75,73,3,19,23,8,48,278
20260902B15,落札件数（電源属地別）[件],4,23,74,13,1,8,7,6,29,165
20260902B15,最高落札価格（電源属地別）[円/kW・30分],9.95,10,9.9,2.56,0.46,3,6.38,2.5,4.27,10
20260902B15,最低落札価格（電源属地別）[円/kW・30分],0.92,6.13,0.39,0.85,0.46,3,2.13,0.36,2,0.36
20260902B15,平均落札価格（電源属地別）[円/kW・30分],1.93,9.05,3.68,1.62,0.46,3,4.38,1.02,3.76,3.36
20260902B15,最高落札価格（TSO別）[円/kW・30分],9.95,10,9.9,2.56,3,4.5,6.38,1.7,4.5,10
20260902B15,最低落札価格（TSO別）[円/kW・30分],0.92,2.3,0.39,0.85,0.36,0.36,2.13,0.38,2,0.36
20260902B15,平均落札価格（TSO別）[円/kW・30分],1.93,7.67,3.71,1.59,1.58,1.81,4.48,0.7,3.74,3.36
20260902B15,落札量合計（TSO別）[MW],96.068,149.49,453.835,253,58,152,151.508,45,170,1528.901
20260902B15,（内訳）自エリアからの落札量[MW],96.068,113.49,453.835,253,19,59.406,151.508,45,167.787,1359.094
20260902B16,募集量（TSO別）[MW],66,198,577,255,59,156,144,45,171,1671
20260902B16,応札量合計（電源属地別）[MW],148.408,113.99,455.011,476.602,22.929,95.92,194.16,214.473,268.543,1990.036
20260902B16,落札量合計（電源属地別）[MW],108.068,113.99,455.011,374.795,19,76.205,157.421,151,124,1579.49
20260902B16,応札件数（電源属地別）[件],7,22,73,75,3,19,23,9,48,279
20260902B16,落札件数（電源属地別）[件],4,22,73,51,1,9,4,4,4,172
20260902B16,最高落札価格（電源属地別）[円/kW・30分],9.05,10,9.98,7.79,0.39,6.99,6.38,1.44,4.16,10
20260902B16,最低落札価格（電源属地別）[円/kW・30分],0.92,2.09,0.39,0.83,0.39,3,2.13,0.36,1.99,0.36
20260902B16,平均落札価格（電源属地別）[円/kW・30分],2.65,7.77,3.61,2.67,0.39,4.06,4.29,0.45,3.91,3.39
20260902B16,最高落札価格（TSO別）[円/kW・30分],9.05,10,9.98,2.38,7.79,7.79,6.38,1.44,4.16,10
20260902B16,最低落札価格（TSO別）[円/kW・30分],0.92,2.09,0.39,0.83,0.39,1.27,0.36,0.36,0.36,0.36
20260902B16,平均落札価格（TSO別）[円/kW・30分],2.65,7.77,3.61,1.59,2.92,4.74,3.31,0.62,2.93,3.39
20260902B16,落札量合計（TSO別）[MW],108.068,113.99,455.011,255,59,156,209.421,52,171,1579.49
20260902B16,（内訳）自エリアからの落札量[MW],108.068,113.99,455.011,255,19,76.205,157.421,52,124,1360.695
20260902B17,募集量（TSO別）[MW],66,198,577,255,60,156,144,45,171,1672
20260902B17,応札量合計（電源属地別）[MW],160.658,91.49,577.592,398.114,22.929,95.92,216.674,214.473,263.533,2041.383
20260902B17,落札量合計（電源属地別）[MW],126.918,91.49,577.592,366.677,22.929,81.394,95.982,151,123,1636.982
20260902B17,応札件数（電源属地別）[件],8,21,72,71,3,19,20,9,48,271
20260902B17,落札件数（電源属地別）[件],4,21,72,58,3,12,6,4,4,184
20260902B17,最高落札価格（電源属地別）[円/kW・30分],1.01,10,9.98,8.4,8.3,9.97,6.38,1.32,5.78,10
20260902B17,最低落札価格（電源属地別）[円/kW・30分],0.39,6.05,0.39,0.39,2.95,3,0.39,0.36,3.61,0.36
20260902B17,平均落札価格（電源属地別）[円/kW・30分],0.82,8.26,4.24,2.85,3.87,4.85,2.99,0.44,5.57,3.59
20260902B17,最高落札価格（TSO別）[円/kW・30分],1.01,10,9.98,7.79,8.4,9.97,6.38,1.32,5.78,10
20260902B17,最低落札価格（TSO別）[円/kW・30分],0.39,1.6,0.39,0.39,0.56,0.73,0.36,0.36,0.36,0.36
20260902B17,平均落札価格（TSO別）[円/kW・30分],0.82,8.22,4.24,1.51,5.11,5.38,2.08,0.59,4.11,3.59
20260902B17,落札量合計（TSO別）[MW],126.918,92.082,577,255,60,156,146.982,52,171,1636.982
20260902B17,（内訳）自エリアからの落札量[MW],126.918,91.49,577,255,22.929,81.394,95.982,52,123,1425.713
20260902B18,募集量（TSO別）[MW],66,198,577,255,60,156,144,45,171,1672
20260902B18,応札量合計（電源属地別）[MW],198.668,89.99,560.778,477.068,22.929,113.754,223.529,214.473,248.533,2149.722
20260902B18,落札量合計（電源属地別）[MW],134.95,89.99,560.778,383.855,20.93,69.049,89.034,151,130,1629.586
20260902B18,応札件数（電源属地別）[件],8,20,72,78,3,20,23,9,46,279
20260902B18,落札件数（電源属地別）[件],5,20,72,39,2,4,8,4,2,156
20260902B18,最高落札価格（電源属地別）[円/kW・30分],1.01,10,9.98,7,5.32,3,4.54,1.6,6.37,10
20260902B18,最低落札価格（電源属地別）[円/kW・30分],0.39,6.03,0.39,0.41,3.41,0.39,0.39,0.36,6.3,0.36
20260902B18,平均落札価格（電源属地別）[円/kW・30分],0.83,8.2,4.51,1.44,3.59,2.33,2.44,0.46,6.35,3.24
20260902B18,最高落札価格（TSO別）[円/kW・30分],1.01,10,9.98,1.36,6.99,7,4.54,1.6,6.37,10
20260902B18,最低落札価格（TSO別）[円/kW・30分],0.39,6.03,0.39,0.41,0.67,0.39,0.36,0.36,0.36,0.36
20260902B18,平均落札価格（TSO別）[円/kW・30分],0.83,8.2,4.51,0.7,2.14,3.03,1.62,0.66,4.92,3.24
20260902B18,落札量合計（TSO別）[MW],134.95,89.99,560.778,255,60,158.834,147.034,52,171,1629.586
20260902B18,（内訳）自エリアからの落札量[MW],134.95,89.99,560.778,255,20.93,69.049,89.034,52,130,1401.731
20260902B19,募集量（TSO別）[MW],67,129,568,259,61,155,148,47,175,1609
20260902B19,応札量合計（電源属地別）[MW],206.508,104.136,491.438,452.761,12.939,99.787,286.389,116.43,262.703,2033.091
20260902B19,落札量合計（電源属地別）[MW],141.8,104.136,485.389,412.177,9.01,53.813,106.341,113.5,150.159,1576.325
20260902B19,応札件数（電源属地別）[件],9,22,69,76,3,21,30,7,48,285
20260902B19,落札件数（電源属地別）[件],5,22,66,55,1,3,8,5,8,173
20260902B19,最高落札価格（電源属地別）[円/kW・30分],1.01,10,9.9,7.85,3.74,7.88,2.13,1.7,6.57,10
20260902B19,最低落札価格（電源属地別）[円/kW・30分],0.92,5.25,0.39,0.44,3.74,3.35,0.39,0.36,2.98,0.36
20260902B19,平均落札価格（電源属地別）[円/kW・30分],1,7.93,4.87,1.97,3.74,3.88,0.8,0.97,6.1,3.49
20260902B19,最高落札価格（TSO別）[円/kW・30分],1.01,10,9.9,1.27,3.74,7.88,2.13,1.7,6.57,10
20260902B19,最低落札価格（TSO別）[円/kW・30分],0.92,5.25,0.39,0.44,0.45,0.45,0.36,1.07,0.36,0.36
20260902B19,平均落札価格（TSO別）[円/kW・30分],1,7.93,4.87,0.74,1.27,5.06,0.73,1.45,5.34,3.49
20260902B19,落札量合計（TSO別）[MW],141.8,104.136,485.389,259,61,155,148,47,175,1576.325
20260902B19,（内訳）自エリアからの落札量[MW],141.8,104.136,485.389,259,9.01,53.813,106.341,47,150.159,1356.648
20260902B20,募集量（TSO別）[MW],68,131,568,259,61,155,149,47,175,1613
20260902B20,応札量合計（電源属地別）[MW],166.508,104.136,530.365,445.465,14.261,99.787,236.497,102.43,255.703,1955.152
20260902B20,落札量合計（電源属地別）[MW],130.8,104.136,524.316,408.525,12.262,54.213,138.075,98.925,137,1608.252
20260902B20,応札件数（電源属地別）[件],8,22,72,75,3,21,31,6,47,285
20260902B20,落札件数（電源属地別）[件],3,22,69,56,2,5,10,4,3,174
20260902B20,最高落札価格（電源属地別）[円/kW・30分],1.01,10,9.9,7.85,7.43,7.88,2.13,1.6,6.71,10
20260902B20,最低落札価格（電源属地別）[円/kW・30分],0.99,5.32,0.39,0.4,3.85,3,0.39,0.36,6.5,0.36
20260902B20,平均落札価格（電源属地別）[円/kW・30分],1.01,7.96,4.55,2,4.41,3.27,0.97,0.87,6.56,3.43
20260902B20,最高落札価格（TSO別）[円/kW・30分],1.01,10,9.9,1.22,7.5,7.88,2.13,1.6,6.71,10
20260902B20,最低落札価格（TSO別）[円/kW・30分],0.99,5.32,0.39,0.4,0.59,0.75,0.36,0.36,0.36,0.36
20260902B20,平均落札価格（TSO別）[円/kW・30分],1.01,7.96,4.55,0.7,1.77,4.9,0.93,1.43,5.13,3.43
20260902B20,落札量合計（TSO別）[MW],130.8,104.136,524.316,259,61,155,149,47,178,1608.252
20260902B20,（内訳）自エリアからの落札量[MW],130.8,104.136,524.316,259,12.262,54.213,138.075,47,137,1406.802
20260902B21,募集量（TSO別）[MW],68,134,568,260,62,155,150,48,176,1621
20260902B21,応札量合計（電源属地別）[MW],157.718,104.136,535.266,380.587,22.929,99.787,236.497,127.973,253.271,1918.164
20260902B21,落札量合計（電源属地別）[MW],96,104.136,535.266,358.203,22.929,95.868,123.963,125.043,151,1612.408
20260902B21,応札件数（電源属地別）[件],6,22,63,74,3,21,31,7,43,270
20260902B21,落札件数（電源属地別）[件],2,22,63,63,3,19,9,5,10,196
20260902B21,最高落札価格（電源属地別）[円/kW・30分],1.01,10,9.98,8.98,9.5,10,1.56,1.6,6.62,10
20260902B21,最低落札価格（電源属地別）[円/kW・30分],0.98,5.38,0.39,0.44,3.78,3.35,0.39,0.36,2.87,0.36
20260902B21,平均落札価格（電源属地別）[円/kW・30分],1.01,7.99,4.55,2.77,4.72,6.04,0.84,0.97,6.13,3.84
20260902B21,最高落札価格（TSO別）[円/kW・30分],1.01,10,9.98,8.85,9.5,10,1.56,1.6,6.62,10
20260902B21,最低落札価格（TSO別）[円/kW・30分],0.98,5.38,0.39,0.44,3.78,0.8,0.36,0.36,0.36,0.36
20260902B21,平均落札価格（TSO別）[円/kW・30分],1.01,7.99,4.55,1.63,6.59,5.46,0.76,1.47,5.15,3.84
20260902B21,落札量合計（TSO別）[MW],96,104.136,535.266,260,62,155,150.006,68,182,1612.408
20260902B21,（内訳）自エリアからの落札量[MW],96,104.136,535.266,260,22.929,95.868,123.963,68,151,1457.162
20260902B22,募集量（TSO別）[MW],68,135,567,259,62,155,151,48,176,1621
20260902B22,応札量合計（電源属地別）[MW],157.718,104.136,505.958,360.41,22.929,99.787,224.559,89.43,255.363,1820.29
20260902B22,落札量合計（電源属地別）[MW],96,104.136,505.958,337.917,22.929,99.787,192.907,89.43,178.009,1627.073
20260902B22,応札件数（電源属地別）[件],6,22,62,73,3,21,25,4,39,255
20260902B22,落札件数（電源属地別）[件],2,22,62,62,3,21,15,4,27,218
20260902B22,最高落札価格（電源属地別）[円/kW・30分],1.01,10,9.98,8.4,9.5,10,4.61,4,6.47,10
20260902B22,最低落札価格（電源属地別）[円/kW・30分],0.98,5.39,0.39,0.56,3.96,3,0.39,0.36,3,0.36
20260902B22,平均落札価格（電源属地別）[円/kW・30分],1.01,7.99,4.54,2.81,4.72,5.76,1.81,0.95,5.68,3.87
20260902B22,最高落札価格（TSO別）[円/kW・30分],1.01,10,9.98,7.98,9.5,10,4.61,4,6.47,10
20260902B22,最低落札価格（TSO別）[円/kW・30分],0.98,5.39,0.39,0.56,3.96,0.73,0.36,0.36,3,0.36
20260902B22,平均落札価格（TSO別）[円/kW・30分],1.01,7.99,4.54,2.38,6.33,4.48,1.67,1.13,5.68,3.87
20260902B22,落札量合計（TSO別）[MW],96,104.136,505.958,259,59.988,141.645,213.356,69,177.99,1627.073
20260902B22,（内訳）自エリアからの落札量[MW],96,104.136,505.958,259,22.929,99.787,192.907,69,177.99,1527.707
20260902B23,募集量（TSO別）[MW],68,135,564,258,62,155,151,48,177,1618
20260902B23,応札量合計（電源属地別）[MW],200.6,104.136,517.395,437.29,22.929,99.787,224.559,89.43,238.339,1934.465
20260902B23,落札量合計（電源属地別）[MW],140.85,104.136,510.416,385.857,20.93,68.213,192.907,89.43,210.618,1723.357
20260902B23,応札件数（電源属地別）[件],6,22,71,75,3,21,25,4,38,265
20260902B23,落札件数（電源属地別）[件],3,22,68,52,2,5,15,4,37,208
20260902B23,最高落札価格（電源属地別）[円/kW・30分],1.01,10,9.9,7.83,7.43,7.8,4.4,4,6.83,10
20260902B23,最低落札価格（電源属地別）[円/kW・30分],0.98,5.45,0.39,0.61,4.4,3,0.39,0.36,0.39,0.36
20260902B23,平均落札価格（電源属地別）[円/kW・30分],1,8.01,5.09,2.07,4.68,4.02,1.56,0.95,5.94,3.7
20260902B23,最高落札価格（TSO別）[円/kW・30分],1.01,10,9.9,1.23,7.83,7.8,5.4,4,6.83,10
20260902B23,最低落札価格（TSO別）[円/kW・30分],0.98,5.45,0.39,0.61,0.74,0.77,0.36,0.36,3,0.36
20260902B23,平均落札価格（TSO別）[円/kW・30分],1,8.01,5.09,0.81,5.33,4.08,1.68,1.13,6.14,3.7
20260902B23,落札量合計（TSO別）[MW],140.85,104.136,510.416,258,62,155,233.955,69,190,1723.357
20260902B23,（内訳）自エリアからの落札量[MW],140.85,104.136,510.416,258,20.93,68.213,192.907,69,190,1554.452
20260902B24,募集量（TSO別）[MW],68,135,564,257,62,155,151,48,177,1617
20260902B24,応札量合計（電源属地別）[MW],202.568,104.136,545.711,410.101,22.929,99.787,224.559,89.43,234.415,1933.636
20260902B24,落札量合計（電源属地別）[MW],143.818,104.136,541.612,385.218,19,69.782,206.71,89.43,206.608,1766.314
20260902B24,応札件数（電源属地別）[件],7,22,70,75,3,21,25,4,36,263
20260902B24,落札件数（電源属地別）[件],4,22,68,63,1,6,16,4,34,218
20260902B24,最高落札価格（電源属地別）[円/kW・30分],5.79,10,9.9,8.46,4.55,9,6.38,4,6.78,10
20260902B24,最低落札価格（電源属地別）[円/kW・30分],0.98,5.48,0.39,0.64,4.55,3.35,0.39,0.36,3,0.36
20260902B24,平均落札価格（電源属地別）[円/kW・30分],1.07,8.02,4.75,2.57,4.55,4.69,1.87,0.95,5.9,3.77
20260902B24,最高落札価格（TSO別）[円/kW・30分],5.79,10,9.9,7.83,8.46,9,6.38,1.6,6.78,10
20260902B24,最低落札価格（TSO別）[円/kW・30分],0.98,5.48,0.39,0.64,4.55,0.67,0.36,0.36,3,0.36
20260902B24,平均落札価格（TSO別）[円/kW・30分],1.07,8.02,4.75,0.91,6.71,4.87,1.97,0.97,6.1,3.77
20260902B24,落札量合計（TSO別）[MW],143.818,104.136,541.612,257,62,155,247.758,69,185.99,1766.314
20260902B24,（内訳）自エリアからの落札量[MW],143.818,104.136,541.612,257,19,69.782,206.71,69,185.99,1597.048
20260902B25,募集量（TSO別）[MW],67,136,563,254,62,155,149,48,176,1610
20260902B25,応札量合計（電源属地別）[MW],161.658,99.725,527.018,299.322,21.261,99.787,226.359,89.43,251.672,1776.232
20260902B25,落札量合計（電源属地別）[MW],97.95,99.725,527.018,274.924,21.261,99.787,181.743,69.571,192.419,1564.398
20260902B25,応札件数（電源属地別）[件],8,20,63,68,3,21,26,4,40,253
20260902B25,落札件数（電源属地別）[件],5,20,63,56,3,21,11,2,25,206
20260902B25,最高落札価格（電源属地別）[円/kW・30分],9.9,10,9.98,8.4,9.7,10,2.13,1.6,6.01,10
20260902B25,最低落札価格（電源属地別）[円/kW・30分],0.92,5.53,0.39,0.5,3.83,3.35,0.39,0.36,3,0.36
20260902B25,平均落札価格（電源属地別）[円/kW・30分],1.1,8,4.9,3.36,4.87,6.17,1.13,0.97,5.31,4.11
20260902B25,最高落札価格（TSO別）[円/kW・30分],9.9,10,9.98,8.4,9.7,10,2.13,1.6,6.01,10
20260902B25,最低落札価格（TSO別）[円/kW・30分],0.92,5.53,0.39,0.5,1.5,3.35,0.39,0.36,0.36,0.36
20260902B25,平均落札価格（TSO別）[円/kW・30分],1.1,8,4.9,3.4,3.9,6.17,1.13,0.98,5.27,4.11
20260902B25,落札量合計（TSO別）[MW],97.95,99.725,527.018,254,42.185,99.787,181.743,68,193.99,1564.398
20260902B25,（内訳）自エリアからの落札量[MW],97.95,99.725,527.018,254,21.261,99.787,181.743,68,192.419,1541.903
20260902B26,募集量（TSO別）[MW],67,136,563,254,62,155,149,48,176,1610
20260902B26,応札量合計（電源属地別）[MW],198.69,101.69,595.706,298.3,22.929,130.831,226.359,89.43,239.672,1903.607
20260902B26,落札量合計（電源属地別）[MW],136.95,101.69,595.706,271.904,22.929,130.831,181.743,73,181.99,1696.743
20260902B26,応札件数（電源属地別）[件],8,21,64,68,3,22,26,4,39,255
20260902B26,落札件数（電源属地別）[件],6,21,64,55,3,22,11,2,25,209
20260902B26,最高落札価格（電源属地別）[円/kW・30分],9.9,10,9.9,8.4,9.5,10,2.44,1.6,6.3,10
20260902B26,最低落札価格（電源属地別）[円/kW・30分],0.39,5.57,0.39,0.73,4.17,2.48,0.39,0.36,3,0.36
20260902B26,平均落札価格（電源属地別）[円/kW・30分],0.89,8.04,4.47,3.36,5.04,5.3,1.33,0.94,5.57,3.92
20260902B26,最高落札価格（TSO別）[円/kW・30分],9.9,10,9.9,8.4,9.5,10,2.44,1.6,6.3,10
20260902B26,最低落札価格（TSO別）[円/kW・30分],0.39,5.57,0.39,0.73,1.34,2.48,0.39,0.36,3,0.36
20260902B26,平均落札価格（TSO別）[円/kW・30分],0.89,8.36,4.18,3.18,5.4,5.3,1.33,0.94,5.57,3.92
20260902B26,落札量合計（TSO別）[MW],136.95,134.396,563,254,40.833,130.831,181.743,73,181.99,1696.743
20260902B26,（内訳）自エリアからの落札量[MW],136.95,101.69,563,254,22.929,130.831,181.743,73,181.99,1646.133
20260902B27,募集量（TSO別）[MW],67,136,563,254,62,155,149,48,176,1610
20260902B27,応札量合計（電源属地別）[MW],232.258,105.486,600.201,412.801,22.929,95.92,226.359,89.43,251.645,2037.029
20260902B27,落札量合計（電源属地別）[MW],167.55,99.994,599.006,381.857,20.93,68.213,200.758,86.5,171.49,1796.298
20260902B27,応札件数（電源属地別）[件],10,23,70,74,3,19,26,4,42,271
20260902B27,落札件数（電源属地別）[件],7,20,70,60,2,5,13,2,16,195
20260902B27,最高落札価格（電源属地別）[円/kW・30分],1.01,10,9.96,8,7.43,7.8,6.38,1.6,7.14,10
20260902B27,最低落札価格（電源属地別）[円/kW・30分],0.39,3,0.39,1.27,6.9,3,0.39,0.36,3,0.36
20260902B27,平均落札価格（電源属地別）[円/kW・30分],0.86,7.3,5.25,2.88,6.95,4.02,1.83,0.85,6.45,3.95
20260902B27,最高落札価格（TSO別）[円/kW・30分],1.01,10,9.96,8,7.89,7.88,6.38,1.6,7.14,10
20260902B27,最低落札価格（TSO別）[円/kW・30分],0.39,0.39,0.39,1.27,1.35,1.31,0.39,0.36,0.36,0.36
20260902B27,平均落札価格（TSO別）[円/kW・30分],0.86,6.69,5.27,2.02,6.13,4.02,1.82,0.97,5.87,3.95
20260902B27,落札量合計（TSO別）[MW],167.55,136,563,254,62,155,199.758,69,189.99,1796.298
20260902B27,（内訳）自エリアからの落札量[MW],167.55,99.994,563,254,20.93,68.213,199.758,69,171.49,1613.935
20260902B28,募集量（TSO別）[MW],67,133,562,254,62,154,148,48,176,1604
20260902B28,応札量合計（電源属地別）[MW],161.658,105.486,522.454,412.801,22.929,95.92,260.054,100.973,232.793,1915.068
20260902B28,落札量合計（電源属地別）[MW],96.95,105.486,520.648,383.407,20.93,68.213,233.453,98.043,147.947,1675.077
20260902B28,応札件数（電源属地別）[件],8,23,68,74,3,19,27,5,38,265
20260902B28,落札件数（電源属地別）[件],4,23,68,59,2,5,13,3,6,183
20260902B28,最高落札価格（電源属地別）[円/kW・30分],1.01,10,10,7.9,8.07,7.8,6.47,1.6,8.21,10
20260902B28,最低落札価格（電源属地別）[円/kW・30分],0.92,5.46,0.39,1.59,7.81,3,0.39,0.36,3,0.36
20260902B28,平均落札価格（電源属地別）[円/kW・30分],1,8.06,6.27,3.18,8.05,4.02,2.61,0.81,7.9,4.62
20260902B28,最高落札価格（TSO別）[円/kW・30分],1.01,10,10,7.9,8.07,7.8,6.47,1.6,8.21,10
20260902B28,最低落札価格（TSO別）[円/kW・30分],0.92,5.46,0.39,1.59,1.85,1.63,0.39,0.36,0.36,0.36
20260902B28,平均落札価格（TSO別）[円/kW・30分],1,8.06,6.27,2.52,6.11,4.14,2.61,1.09,6.39,4.62
20260902B28,落札量合計（TSO別）[MW],96.95,105.486,520.648,256.55,62,154,233.453,61,184.99,1675.077
20260902B28,（内訳）自エリアからの落札量[MW],96.95,105.486,520.648,256.55,20.93,68.213,233.453,61,147.947,1511.177
20260902B29,募集量（TSO別）[MW],66,131,561,253,62,155,148,48,175,1599
20260902B29,応札量合計（電源属地別）[MW],199.318,83.486,541.157,470.743,22.929,80.92,203.914,100.973,223.345,1926.785
20260902B29,落札量合計（電源属地別）[MW],133.318,83.486,541.157,441.348,22.929,75.772,196.167,100.973,196.583,1791.733
20260902B29,応札件数（電源属地別）[件],8,22,66,77,3,18,18,5,41,258
20260902B29,落札件数（電源属地別）[件],6,22,66,62,3,16,14,5,33,227
20260902B29,最高落札価格（電源属地別）[円/kW・30分],9.9,10,10,7.89,9.5,10,7.7,4,11.05,11.05
20260902B29,最低落札価格（電源属地別）[円/kW・30分],0.39,5.33,0.39,1.77,4.86,3,2.29,0.36,3,0.36
20260902B29,平均落札価格（電源属地別）[円/kW・30分],1.28,8.49,6.6,3.18,8.39,5.06,6.19,0.9,8.82,5.28
20260902B29,最高落札価格（TSO別）[円/kW・30分],9.9,10,10,7.85,9.5,10,7.7,1.6,11.05,11.05
20260902B29,最低落札価格（TSO別）[円/kW・30分],0.39,5.33,0.39,1.77,1.92,1.92,0.36,0.36,3,0.36
20260902B29,平均落札価格（TSO別）[円/kW・30分],1.28,8.49,6.6,2.78,6.16,4.52,5.34,0.99,9.01,5.28
20260902B29,落札量合計（TSO別）[MW],133.318,83.486,541.157,323.049,62,155,237.733,67,188.99,1791.733
20260902B29,（内訳）自エリアからの落札量[MW],133.318,83.486,541.157,323.049,22.929,75.772,196.167,67,188.99,1631.868
20260902B30,募集量（TSO別）[MW],66,126,561,253,62,155,148,47,174,1592
20260902B30,応札量合計（電源属地別）[MW],169.708,71.486,445.992,470.743,3.929,80.92,205.298,153.473,236.103,1837.652
20260902B30,落札量合計（電源属地別）[MW],134.708,71.486,445.992,441.291,3.606,65.152,171.399,151.543,171.731,1656.908
20260902B30,応札件数（電源属地別）[件],8,21,60,77,2,18,24,6,49,265
20260902B30,落札件数（電源属地別）[件],7,21,60,62,2,10,7,5,15,189
20260902B30,最高落札価格（電源属地別）[円/kW・30分],9.95,10,10,8,9.5,9.44,8.28,4,11.63,11.63
20260902B30,最低落札価格（電源属地別）[円/kW・30分],0.91,6.79,0.39,1.99,7.44,3,2.29,0.36,0.92,0.36
20260902B30,平均落札価格（電源属地別）[円/kW・30分],3.11,8.94,6.26,3.41,8.4,4.26,6.87,0.68,9.99,5.22
20260902B30,最高落札価格（TSO別）[円/kW・30分],9.95,10,10,7.89,9.5,9.44,8.28,1.6,11.63,11.63
20260902B30,最低落札価格（TSO別）[円/kW・30分],0.91,6.79,0.39,2.02,2.17,1.99,0.36,0.36,0.36,0.36
20260902B30,平均落札価格（TSO別）[円/kW・30分],3.11,8.94,6.26,3.16,3.41,4.35,5.29,0.95,8.84,5.22
20260902B30,落札量合計（TSO別）[MW],134.708,71.486,445.992,293.049,62,155,227.683,72,194.99,1656.908
20260902B30,（内訳）自エリアからの落札量[MW],134.708,71.486,445.992,293.049,3.606,65.152,171.399,72,171.731,1429.123
20260902B31,募集量（TSO別）[MW],64,194,560,252,63,154,147,45,170,1649
20260902B31,応札量合計（電源属地別）[MW],165.75,91.486,659.996,462.859,6.545,80.92,100.252,153.473,239.251,1960.532
20260902B31,落札量合計（電源属地別）[MW],103,91.486,657.911,422.049,2.616,51.215,85.036,153.473,193.989,1760.775
20260902B31,応札件数（電源属地別）[件],6,22,74,73,3,18,24,6,49,275
20260902B31,落札件数（電源属地別）[件],3,22,73,52,1,3,16,6,40,216
20260902B31,最高落札価格（電源属地別）[円/kW・30分],3.01,10,10,7.88,9.47,3,8.16,4.11,11.63,11.63
20260902B31,最低落札価格（電源属地別）[円/kW・30分],0.98,6.57,0.39,2.03,9.47,3,3,0.36,3,0.36
20260902B31,平均落札価格（電源属地別）[円/kW・30分],1.2,8.82,5.93,3.28,9.47,3,6.68,0.99,8.61,4.99
20260902B31,最高落札価格（TSO別）[円/kW・30分],3.01,10,10,7.88,9.47,3,8.16,4.11,11.63,11.63
20260902B31,最低落札価格（TSO別）[円/kW・30分],0.98,3.17,0.39,2.03,2.07,0.36,0.36,0.36,3.18,0.36
20260902B31,平均落札価格（TSO別）[円/kW・30分],1.2,9.24,5.28,3.3,4.6,2.17,4.19,1.71,9.27,4.99
20260902B31,落札量合計（TSO別）[MW],103,189.397,560,287.665,63,154,162.383,71,170.33,1760.775
20260902B31,（内訳）自エリアからの落札量[MW],103,91.486,560,287.665,2.616,51.215,85.036,71,170.33,1422.348
20260902B32,募集量（TSO別）[MW],64,194,560,252,63,154,147,45,170,1649
20260902B32,応札量合計（電源属地別）[MW],167.74,91.486,657.595,462.859,15.001,80.92,100.252,153.473,252.251,1981.577
20260902B32,落札量合計（電源属地別）[MW],93,91.486,655.51,418.349,12.072,52.263,86.356,153.473,209.991,1772.5
20260902B32,応札件数（電源属地別）[件],7,22,73,73,3,18,24,6,47,273
20260902B32,落札件数（電源属地別）[件],2,22,72,50,2,4,17,6,38,213
20260902B32,最高落札価格（電源属地別）[円/kW・30分],1.01,10,10,7.8,7.81,7.8,9.21,4.89,12,12
20260902B32,最低落札価格（電源属地別）[円/kW・30分],0.98,3.61,0.39,2.33,6.95,3,2.83,0.36,3,0.36
20260902B32,平均落札価格（電源属地別）[円/kW・30分],1.01,7.88,5.81,3.55,7.02,3.1,7.39,1.04,8.47,5.04
20260902B32,最高落札価格（TSO別）[円/kW・30分],1.01,10,10,7.79,7.81,7.8,9.21,1.6,12,12
20260902B32,最低落札価格（TSO別）[円/kW・30分],0.98,0.39,0.39,2.33,2.37,0.36,0.36,0.36,3,0.36
20260902B32,平均落札価格（TSO別）[円/kW・30分],1.01,7.07,5.73,3.54,5.07,2.44,5.03,0.95,9.05,5.04
20260902B32,落札量合計（TSO別）[MW],93,186.996,560,296.121,63,154,162.383,71,186,1772.5
20260902B32,（内訳）自エリアからの落札量[MW],93,91.486,560,296.121,12.072,49.563,86.356,71,186,1445.598
20260902B33,募集量（TSO別）[MW],64,194,560,252,63,154,147,45,170,1649
20260902B33,応札量合計（電源属地別）[MW],148.54,79.486,492.193,468.753,13.123,95.92,38.539,153.473,252.251,1742.278
20260902B33,落札量合計（電源属地別）[MW],114.8,79.486,492.098,401.391,10.524,66.215,22.649,153.473,232.991,1573.627
20260902B33,応札件数（電源属地別）[件],7,21,64,76,3,19,20,6,46,262
20260902B33,落札件数（電源属地別）[件],3,21,64,44,2,4,12,6,37,193
20260902B33,最高落札価格（電源属地別）[円/kW・30分],1.01,10,10,7.29,9.88,6.99,7,6,10.63,10.63
20260902B33,最低落札価格（電源属地別）[円/kW・30分],0.99,3.87,0.39,3.15,7.33,3,5,0.36,3,0.36
20260902B33,平均落札価格（電源属地別）[円/kW・30分],1.01,7.62,6.75,4.3,9.56,3.9,5.73,1.08,9.03,5.42
20260902B33,最高落札価格（TSO別）[円/kW・30分],1.01,10,10,7.29,9.88,6.99,10.63,1.6,10.63,10.63
20260902B33,最低落札価格（TSO別）[円/kW・30分],0.99,3.87,0.39,3.18,0.36,0.36,0.36,0.36,3,0.36
20260902B33,平均落札価格（TSO別）[円/kW・30分],1.01,7.62,6.75,4.55,3.95,3.86,3.16,1.02,9.49,5.42
20260902B33,落札量合計（TSO別）[MW],114.8,79.486,492.098,252,63,154,147,64,207.243,1573.627
20260902B33,（内訳）自エリアからの落札量[MW],114.8,79.486,492.098,252,10.524,66.215,22.649,64,207.243,1309.015
20260902B34,募集量（TSO別）[MW],64,193,560,252,63,154,147,45,169,1647
20260902B34,応札量合計（電源属地別）[MW],146.55,77.986,473.756,451.232,33.929,95.92,38.539,141.93,377.262,1837.104
20260902B34,落札量合計（電源属地別）[MW],127,77.986,472.662,415.38,31.93,67.99,22.649,141.93,358.949,1716.476
20260902B34,応札件数（電源属地別）[件],6,20,63,75,3,19,20,5,46,257
20260902B34,落札件数（電源属地別）[件],5,20,63,57,2,5,12,5,37,206
20260902B34,最高落札価格（電源属地別）[円/kW・30分],9.95,10,10,7.83,14.35,7.8,7,5.5,16.15,16.15
20260902B34,最低落札価格（電源属地別）[円/kW・30分],0.99,1.99,0.39,4.41,7.43,3,5,0.36,3,0.36
20260902B34,平均落札価格（電源属地別）[円/kW・30分],1.86,7.12,6.68,5.83,13.93,4.01,5.73,0.76,14.17,7.23
20260902B34,最高落札価格（TSO別）[円/kW・30分],9.95,10,10,7.8,14.35,7.83,16.15,5.5,16.15,16.15
20260902B34,最低落札価格（TSO別）[円/kW・30分],0.99,1.99,0.39,4.45,6.05,0.36,0.36,0.36,3,0.36
20260902B34,平均落札価格（TSO別）[円/kW・30分],1.86,7.12,6.68,5.8,10.45,4.33,3.96,1.1,14.74,7.23
20260902B34,落札量合計（TSO別）[MW],127,77.986,472.662,281.885,63,154,147,64,328.943,1716.476
20260902B34,（内訳）自エリアからの落札量[MW],127,77.986,472.662,281.885,31.93,67.99,22.649,64,328.943,1475.045
20260902B35,募集量（TSO別）[MW],63,191,560,252,63,154,147,44,169,1643
20260902B35,応札量合計（電源属地別）[MW],92.74,79.486,542.193,453.22,33.929,95.92,38.539,141.93,376.262,1854.219
20260902B35,落札量合計（電源属地別）[MW],84,79.486,541.099,423.827,33.929,68.213,22.649,141.93,205.013,1600.146
20260902B35,応札件数（電源属地別）[件],4,21,65,75,3,19,20,5,46,258
20260902B35,落札件数（電源属地別）[件],1,21,65,60,3,5,12,5,35,207
20260902B35,最高落札価格（電源属地別）[円/kW・30分],1.01,10,10,7.89,14.33,7.8,7,6.5,13.27,14.33
20260902B35,最低落札価格（電源属地別）[円/kW・30分],1.01,2.47,0.39,4.45,7.5,3,5,0.36,3,0.36
20260902B35,平均落札価格（電源属地別）[円/kW・30分],1.01,7.29,6.36,5.88,13.54,3.91,5.73,0.78,10.69,6.1
20260902B35,最高落札価格（TSO別）[円/kW・30分],1.01,10,10,7.83,14.33,7.83,7,6.5,13.27,14.33
20260902B35,最低落札価格（TSO別）[円/kW・30分],1.01,2.47,0.39,4.45,6.02,0.36,0.36,0.36,3,0.36
20260902B35,平均落札価格（TSO別）[円/kW・30分],1.01,7.29,6.36,5.82,10.63,4.23,3.42,1.22,11.41,6.1
20260902B35,落札量合計（TSO別）[MW],84,79.486,541.099,285.539,63,154,146.997,63,183.025,1600.146
20260902B35,（内訳）自エリアからの落札量[MW],84,79.486,541.099,285.539,33.929,68.213,22.649,63,183.025,1360.94
20260902B36,募集量（TSO別）[MW],64,189,560,252,63,153,147,43,168,1639
20260902B36,応札量合計（電源属地別）[MW],121.568,77.986,504.967,448.721,28.679,99.787,38.539,141.93,303.262,1765.439
20260902B36,落札量合計（電源属地別）[MW],112.85,77.986,504.967,384.229,24.75,88.005,22.649,141.93,202.998,1560.364
20260902B36,応札件数（電源属地別）[件],5,20,62,73,3,21,20,5,45,254
20260902B36,落札件数（電源属地別）[件],2,20,62,43,1,15,12,5,34,194
20260902B36,最高落札価格（電源属地別）[円/kW・30分],1.01,10,10,7.25,14.58,6.97,7,7,16.98,16.98
20260902B36,最低落札価格（電源属地別）[円/kW・30分],1,2.47,0.39,4.42,14.58,3.35,5,0.36,3,0.36
20260902B36,平均落札価格（電源属地別）[円/kW・30分],1.01,7.24,5.45,5.66,14.58,4.73,5.73,0.79,13.29,5.98
20260902B36,最高落札価格（TSO別）[円/kW・30分],1.01,10,10,7.25,14.58,7,7,7,16.98,16.98
20260902B36,最低落札価格（TSO別）[円/kW・30分],1,2.47,0.39,4.42,5.86,0.36,0.36,0.36,3.18,0.36
20260902B36,平均落札価格（TSO別）[円/kW・30分],1.01,7.24,5.45,5.43,9.68,3.56,4.37,1.35,14.41,5.98
20260902B36,落札量合計（TSO別）[MW],112.85,77.986,504.967,258.561,63,153,147,62,181,1560.364
20260902B36,（内訳）自エリアからの落札量[MW],112.85,77.986,504.967,258.561,24.75,88.005,22.649,62,181,1332.768
20260902B37,募集量（TSO別）[MW],63,188,562,250,63,149,147,42,167,1631
20260902B37,応札量合計（電源属地別）[MW],94.668,75.525,583.657,436.641,30.625,97.827,36.549,141.93,237.131,1734.553
20260902B37,落札量合計（電源属地別）[MW],85.95,75.525,581.508,348.476,29.626,88.005,22.649,141.93,198.314,1571.983
20260902B37,応札件数（電源属地別）[件],5,19,69,69,3,20,19,5,40,249
20260902B37,落札件数（電源属地別）[件],2,19,68,47,3,15,12,5,35,206
20260902B37,最高落札価格（電源属地別）[円/kW・30分],1.01,10,10,7.39,14.59,6.99,7,5.5,14.18,14.59
20260902B37,最低落札価格（電源属地別）[円/kW・30分],0.99,3.62,0.39,4.44,6.1,3.35,5,0.36,2.44,0.36
20260902B37,平均落札価格（電源属地別）[円/kW・30分],1.01,7.47,4.98,5.71,13.8,4.82,5.73,0.76,11.44,5.64
20260902B37,最高落札価格（TSO別）[円/kW・30分],1.01,10,10,7.39,14.59,6.99,7,1.6,14.18,14.59
20260902B37,最低落札価格（TSO別）[円/kW・30分],0.99,3.62,0.39,4.44,4.48,0.36,0.36,0.36,2.44,0.36
20260902B37,平均落札価格（TSO別）[円/kW・30分],1.01,7.88,4.82,5.72,9.72,4.5,2.73,0.89,12.23,5.64
20260902B37,落札量合計（TSO別）[MW],85.95,95.033,562,250,63,149,147,42,178,1571.983
20260902B37,（内訳）自エリアからの落札量[MW],85.95,75.525,562,250,29.626,88.005,22.649,42,178,1333.755
20260902B38,募集量（TSO別）[MW],63,188,562,250,63,149,147,42,167,1631
20260902B38,応札量合計（電源属地別）[MW],119.668,75.99,602.497,443.539,33.929,97.827,36.549,141.93,239.12,1791.049
20260902B38,落札量合計（電源属地別）[MW],85.95,75.99,600.348,334.37,30,73.005,20.685,141.93,226,1588.278
20260902B38,応札件数（電源属地別）[件],6,19,68,71,3,20,19,5,41,252
20260902B38,落札件数（電源属地別）[件],2,19,67,35,1,14,11,5,35,189
20260902B38,最高落札価格（電源属地別）[円/kW・30分],1.01,10,10,6.99,13.85,6.97,6.98,5,10.86,13.85
20260902B38,最低落札価格（電源属地別）[円/kW・30分],0.99,3.62,0.39,4.24,13.85,3.35,5,0.36,2.44,0.36
20260902B38,平均落札価格（電源属地別）[円/kW・30分],1.01,7.47,4.83,5.34,13.85,4.37,5.61,0.75,9.33,5.29
20260902B38,最高落札価格（TSO別）[円/kW・30分],1.01,10,10,6.99,13.85,6.97,10.86,1.6,10.86,13.85
20260902B38,最低落札価格（TSO別）[円/kW・30分],0.99,0.39,0.39,0.36,3.35,0.36,0.36,0.36,3.18,0.36
20260902B38,平均落札価格（TSO別）[円/kW・30分],1.01,6.91,4.76,5.3,8.46,3.06,5.41,0.89,9.73,5.29
20260902B38,落札量合計（TSO別）[MW],85.95,114.338,562,250,63,149,147,42,174.99,1588.278
20260902B38,（内訳）自エリアからの落札量[MW],85.95,75.99,562,241.672,30,41.005,20.685,42,174.99,1274.292
20260902B39,募集量（TSO別）[MW],63,188,563,250,63,149,147,42,167,1632
20260902B39,応札量合計（電源属地別）[MW],167.718,77.49,602.065,451.432,33.929,99.787,84.15,153.473,246.932,1916.976
20260902B39,落札量合計（電源属地別）[MW],93,77.49,601.907,303.308,31.93,73.005,68.286,153.473,187.998,1590.397
20260902B39,応札件数（電源属地別）[件],7,20,69,75,3,21,22,6,45,268
20260902B39,落札件数（電源属地別）[件],2,20,69,27,2,14,14,6,35,189
20260902B39,最高落札価格（電源属地別）[円/kW・30分],1.01,10,10,6.99,7.88,6.97,8.89,5.5,10.76,10.76
20260902B39,最低落札価格（電源属地別）[円/kW・30分],0.98,3.62,0.39,2.42,6.98,3.35,5,0.36,2.44,0.36
20260902B39,平均落札価格（電源属地別）[円/kW・30分],1.01,7.52,5.02,3.12,7.83,4.37,7.87,1.07,8.76,4.76
20260902B39,最高落札価格（TSO別）[円/kW・30分],1.01,10,10,6.99,7.88,6.97,8.89,5.5,10.76,10.76
20260902B39,最低落札価格（TSO別）[円/kW・30分],0.98,2.61,0.39,0.36,0.36,0.36,0.36,0.36,1.6,0.36
20260902B39,平均落札価格（TSO別）[円/kW・30分],1.01,7.96,4.75,2.97,5.68,2.77,5.11,1.13,9.31,4.76
20260902B39,落札量合計（TSO別）[MW],93,116.397,563,250,63,149,147,42,167,1590.397
20260902B39,（内訳）自エリアからの落札量[MW],93,77.49,563,227.675,31.93,51.935,68.286,42,166.766,1322.082
20260902B40,募集量（TSO別）[MW],63,187,563,250,63,149,147,42,167,1631
20260902B40,応札量合計（電源属地別）[MW],157.718,57.49,489.54,444.132,33.929,99.787,100.252,153.473,250.421,1786.742
20260902B40,落札量合計（電源属地別）[MW],93,57.49,489.382,336.185,30,47.425,76.451,153.473,185.466,1468.872
20260902B40,応札件数（電源属地別）[件],6,19,64,74,3,21,24,6,47,264
20260902B40,落札件数（電源属地別）[件],2,19,64,23,1,1,12,6,28,156
20260902B40,最高落札価格（電源属地別）[円/kW・30分],1.01,10,10,5.6,5.57,3.35,7.82,5.5,8.06,10
20260902B40,最低落札価格（電源属地別）[円/kW・30分],0.98,6.79,0.39,1.86,5.57,3.35,5,0.36,2.44,0.36
20260902B40,平均落札価格（電源属地別）[円/kW・30分],1.01,8.87,5.56,2.21,5.57,3.35,6.51,1.07,7.03,4.33
20260902B40,最高落札価格（TSO別）[円/kW・30分],1.01,10,10,2.27,5.6,3.35,7.82,5.5,8.06,10
20260902B40,最低落札価格（TSO別）[円/kW・30分],0.98,6.79,0.39,1.86,0.36,0.36,0.36,0.36,2.44,0.36
20260902B40,平均落札価格（TSO別）[円/kW・30分],1.01,8.87,5.56,2.1,4.25,1.76,4.09,2.49,7.16,4.33
20260902B40,落札量合計（TSO別）[MW],93,57.49,489.382,250,63,149,147,42,178,1468.872
20260902B40,（内訳）自エリアからの落札量[MW],93,57.49,489.382,250,30,45.425,76.451,42,178,1261.748
20260902B41,募集量（TSO別）[MW],63,187,561,250,61,148,147,42,167,1626
20260902B41,応札量合計（電源属地別）[MW],159.668,101.49,631.784,442.272,33.929,99.787,100.252,153.473,253.721,1976.376
20260902B41,落札量合計（電源属地別）[MW],94.95,101.49,629.788,291.436,30,47.425,76.451,153.473,222.204,1647.217
20260902B41,応札件数（電源属地別）[件],7,22,71,73,3,21,24,6,49,276
20260902B41,落札件数（電源属地別）[件],3,22,70,23,1,1,12,6,33,171
20260902B41,最高落札価格（電源属地別）[円/kW・30分],1.01,10,9.9,5.64,5.58,3.35,7.83,4.89,5.78,10
20260902B41,最低落札価格（電源属地別）[円/kW・30分],0.98,6.33,0.39,1.87,5.58,3.35,5,0.36,2.44,0.36
20260902B41,平均落札価格（電源属地別）[円/kW・30分],1.01,7.89,4.3,2.27,5.58,3.35,6.52,1.04,5.35,3.91
20260902B41,最高落札価格（TSO別）[円/kW・30分],1.01,10,9.89,5.64,5.58,4,7.83,4.89,5.78,10
20260902B41,最低落札価格（TSO別）[円/kW・30分],0.98,2.61,0.39,1.87,3.35,0.36,0.36,1.6,2.44,0.36
20260902B41,平均落札価格（TSO別）[円/kW・30分],1.01,8.21,3.77,2.3,4.49,1.22,5.23,2.38,5.42,3.91
20260902B41,落札量合計（TSO別）[MW],94.95,170.278,561,250,61,148,147,42,172.989,1647.217
20260902B41,（内訳）自エリアからの落札量[MW],94.95,101.49,561,250,30,17.861,76.451,42,172.989,1346.741
20260902B42,募集量（TSO別）[MW],63,187,561,250,59,147,146,42,167,1622
20260902B42,応札量合計（電源属地別）[MW],159.668,101.49,540.793,439.572,33.929,95.92,165.296,153.473,261.371,1951.512
20260902B42,落札量合計（電源属地別）[MW],94.95,101.49,531.584,292.23,30,61.205,128.557,150.543,164.254,1554.813
20260902B42,応札件数（電源属地別）[件],7,22,70,73,3,19,26,6,50,276
20260902B42,落札件数（電源属地別）[件],3,22,66,16,1,8,7,4,14,141
20260902B42,最高落札価格（電源属地別）[円/kW・30分],1.01,10,9.9,3,4.89,3,7.12,2.5,4.74,10
20260902B42,最低落札価格（電源属地別）[円/kW・30分],0.98,6.57,0.39,1.6,4.89,3,2.29,0.36,2,0.36
20260902B42,平均落札価格（電源属地別）[円/kW・30分],1.01,8,4.92,1.74,4.89,3,5.07,0.8,4.46,3.77
20260902B42,最高落札価格（TSO別）[円/kW・30分],1.01,10,9.9,1.89,4.89,3,7.12,2.29,4.74,10
20260902B42,最低落札価格（TSO別）[円/kW・30分],0.98,6.57,0.39,1.6,0.36,0.36,0.36,0.36,0.36,0.36
20260902B42,平均落札価格（TSO別）[円/kW・30分],1.01,8,4.92,1.73,2.75,1.93,4.39,1.41,4.2,3.77
20260902B42,落札量合計（TSO別）[MW],94.95,101.49,531.584,250,59,147,150.789,42,178,1554.813
20260902B42,（内訳）自エリアからの落札量[MW],94.95,101.49,531.584,250,30,61.205,120.887,41,164.254,1395.37
20260902B43,募集量（TSO別）[MW],63,97,560,250,59,147,144,42,167,1529
20260902B43,応札量合計（電源属地別）[MW],157.718,99.59,549.597,435.592,3.929,95.92,124.787,187.473,258.461,1913.067
20260902B43,落札量合計（電源属地別）[MW],93,99.59,547.126,251.646,0,61.205,88.048,184.543,225.558,1550.716
20260902B43,応札件数（電源属地別）[件],6,21,68,71,2,19,25,8,48,268
20260902B43,落札件数（電源属地別）[件],3,21,67,19,0,8,6,6,31,161
20260902B43,最高落札価格（電源属地別）[円/kW・30分],1.01,10,10,5.1,0,3.46,6.75,2.5,4.32,10
20260902B43,最低落札価格（電源属地別）[円/kW・30分],0.92,6.71,0.39,1.57,0,3,2.29,0.36,1.86,0.36
20260902B43,平均落札価格（電源属地別）[円/kW・30分],1.01,8,4.44,1.86,0,3.3,5.47,0.95,4.07,3.59
20260902B43,最高落札価格（TSO別）[円/kW・30分],1.01,10,10,5.1,3,5.6,6.75,1.6,4.32,10
20260902B43,最低落札価格（TSO別）[円/kW・30分],0.92,6.71,0.39,1.57,0.36,0.36,0.36,0.36,1.86,0.36
20260902B43,平均落札価格（TSO別）[円/kW・30分],1.01,7.94,4.47,1.86,0.9,2.53,4.23,1.49,4.08,3.59
20260902B43,落札量合計（TSO別）[MW],93,97,549.716,250,59,147,144,44,167,1550.716
20260902B43,（内訳）自エリアからの落札量[MW],93,97,547.126,250,0,59.207,83.174,44,167,1340.507
20260902B44,募集量（TSO別）[MW],64,97,560,251,59,147,144,42,168,1532
20260902B44,応札量合計（電源属地別）[MW],157.718,101.49,461.027,428.292,3.929,95.92,147.75,187.473,259.461,1843.06
20260902B44,落札量合計（電源属地別）[MW],94,101.49,457.111,290.698,0,61.205,109.211,184.543,180.343,1478.601
20260902B44,応札件数（電源属地別）[件],6,22,63,70,2,19,26,8,48,264
20260902B44,落札件数（電源属地別）[件],3,22,61,15,0,8,6,6,21,142
20260902B44,最高落札価格（電源属地別）[円/kW・30分],1.01,10,9.9,1.13,0,3,6.38,2.5,7.46,10
20260902B44,最低落札価格（電源属地別）[円/kW・30分],0.92,3.21,0.39,0.82,0,3,2.29,0.36,2.44,0.36
20260902B44,平均落札価格（電源属地別）[円/kW・30分],1.01,6.68,5.63,1.02,0,3,3.89,0.95,6.7,3.81
20260902B44,最高落札価格（TSO別）[円/kW・30分],1.01,10,9.9,1.13,3,3,6.38,1.6,7.46,10
20260902B44,最低落札価格（TSO別）[円/kW・30分],0.92,3.21,0.39,0.82,0.36,0.36,0.36,0.36,0.36,0.36
20260902B44,平均落札価格（TSO別）[円/kW・30分],1.01,6.57,5.66,1.03,1.16,1.72,3.04,1.45,6.61,3.81
20260902B44,落札量合計（TSO別）[MW],94,97,461.601,251,59,147,144,42,183,1478.601
20260902B44,（内訳）自エリアからの落札量[MW],94,97,457.111,251,0,51.957,109.211,42,180.343,1282.622
20260902B45,募集量（TSO別）[MW],65,97,560,251,59,147,144,42,168,1533
20260902B45,応札量合計（電源属地別）[MW],159.668,101.49,402.845,444.292,3.929,95.92,243.641,214.473,259.461,1925.719
20260902B45,落札量合計（電源属地別）[MW],94.95,101.49,398.929,286.303,0,61.205,99.366,211.543,167.583,1421.369
20260902B45,応札件数（電源属地別）[件],7,22,67,72,2,19,27,11,48,275
20260902B45,落札件数（電源属地別）[件],4,22,65,16,0,8,7,9,15,146
20260902B45,最高落札価格（電源属地別）[円/kW・30分],1.01,10,9.9,3.67,0,3,3.17,2.5,5.55,10
20260902B45,最低落札価格（電源属地別）[円/kW・30分],0.92,4.59,0.39,0.63,0,3,2.16,0.36,2.44,0.36
20260902B45,平均落札価格（電源属地別）[円/kW・30分],1.01,7.22,3.5,0.91,0,3,2.52,0.86,5.25,2.8
20260902B45,最高落札価格（TSO別）[円/kW・30分],1.01,10,9.9,3.67,3,3,3.17,1.7,5.55,10
20260902B45,最低落札価格（TSO別）[円/kW・30分],0.92,4.59,0.39,0.63,0.38,0.36,0.36,0.36,0.36,0.36
20260902B45,平均落札価格（TSO別）[円/kW・30分],1.01,7.13,3.56,0.94,1.53,1.35,1.93,1.32,4.89,2.8
20260902B45,落札量合計（TSO別）[MW],94.95,97,403.419,251,59,147,144,42,183,1421.369
20260902B45,（内訳）自エリアからの落札量[MW],94.95,97,398.929,251,0,39.205,95.408,42,167.583,1186.075
20260902B46,募集量（TSO別）[MW],65,96,558,250,59,145,144,42,167,1526
20260902B46,応札量合計（電源属地別）[MW],157.7,101.49,444.334,426.373,3.929,95.92,220.097,214.473,258.461,1922.777
20260902B46,落札量合計（電源属地別）[MW],95.95,101.49,439.985,270.954,0,61.205,77.816,212.543,200.482,1460.425
20260902B46,応札件数（電源属地別）[件],6,22,65,74,2,19,31,10,48,277
20260902B46,落札件数（電源属地別）[件],3,22,63,16,0,8,12,9,28,161
20260902B46,最高落札価格（電源属地別）[円/kW・30分],1.01,10,9.9,3,0,3.7,3,4,4.97,10
20260902B46,最低落札価格（電源属地別）[円/kW・30分],0.98,5.4,0.39,0.57,0,3,0.7,0.36,2,0.36
20260902B46,平均落札価格（電源属地別）[円/kW・30分],1.01,7.53,4.69,1.39,0,3.31,1.73,0.87,4.54,3.24
20260902B46,最高落札価格（TSO別）[円/kW・30分],1.01,10,9.9,3,3.7,3.35,4,1.7,4.97,10
20260902B46,最低落札価格（TSO別）[円/kW・30分],0.98,5.4,0.39,0.57,0.38,0.36,0.36,0.36,2,0.36
20260902B46,平均落札価格（TSO別）[円/kW・30分],1.01,7.44,4.75,1.45,1.8,1.56,1.47,1.26,4.64,3.24
20260902B46,落札量合計（TSO別）[MW],95.95,96,445.475,250,59,145,144,42,183,1460.425
20260902B46,（内訳）自エリアからの落札量[MW],95.95,96,439.985,250,0,41.205,75.77,42,183,1223.91
20260902B47,募集量（TSO別）[MW],65,95,556,249,58,144,143,42,167,1519
20260902B47,応札量合計（電源属地別）[MW],194.75,101.49,432.224,440.152,3.929,95.92,270.441,214.473,258.461,2011.84
20260902B47,落札量合計（電源属地別）[MW],133,101.49,427.67,267.423,0,39.26,124.202,211.543,175.572,1480.16
20260902B47,応札件数（電源属地別）[件],6,22,62,73,2,19,31,10,48,273
20260902B47,落札件数（電源属地別）[件],3,22,60,14,0,8,10,8,15,140
20260902B47,最高落札価格（電源属地別）[円/kW・30分],1.01,10,9.9,0.8,0,3,2.13,2.5,4.73,10
20260902B47,最低落札価格（電源属地別）[円/kW・30分],0.4,5.15,0.39,0.6,0,3,0.39,0.36,2,0.36
20260902B47,平均落札価格（電源属地別）[円/kW・30分],0.83,7.43,4.98,0.68,0,3,0.91,0.86,4.42,2.95
20260902B47,最高落札価格（TSO別）[円/kW・30分],1.01,10,9.9,0.8,1.7,3,2.13,1.7,4.73,10
20260902B47,最低落札価格（TSO別）[円/kW・30分],0.4,5.15,0.39,0.6,0.36,0.36,0.36,0.36,2,0.36
20260902B47,平均落札価格（TSO別）[円/kW・30分],0.83,7.48,5,0.69,0.74,1.49,0.82,0.82,4.35,2.95
20260902B47,落札量合計（TSO別）[MW],133,95,434.16,249,58,144,143,42,182,1480.16
20260902B47,（内訳）自エリアからの落札量[MW],133,95,427.67,249,0,39.26,122.208,42,175.572,1283.71
20260902B48,募集量（TSO別）[MW],65,94,555,246,57,142,143,42,167,1511
20260902B48,応札量合計（電源属地別）[MW],194.75,98.06,469.67,487.183,3.929,95.92,256.638,161.973,240.609,2008.732
20260902B48,落札量合計（電源属地別）[MW],133,98.06,469.67,334.024,0,15.19,124.202,159.043,179.541,1512.73
20260902B48,応札件数（電源属地別）[件],6,20,62,72,2,19,30,9,45,265
20260902B48,落札件数（電源属地別）[件],3,20,62,17,0,2,10,7,16,137
20260902B48,最高落札価格（電源属地別）[円/kW・30分],1.01,10,10,2.97,0,3,2.13,2.5,3.57,10
20260902B48,最低落札価格（電源属地別）[円/kW・30分],0.43,6.6,0.39,0.8,0,3,0.39,0.36,0.01,0.01
20260902B48,平均落札価格（電源属地別）[円/kW・30分],0.84,7.93,4.5,2.28,0,3,0.91,1.02,3.35,3.1
20260902B48,最高落札価格（TSO別）[円/kW・30分],1.01,10,10,2.97,2.91,3,2.5,1.7,3.57,10
20260902B48,最低落札価格（TSO別）[円/kW・30分],0.43,6.6,0.39,0.82,1.05,0.36,0.38,0.38,0.01,0.01
20260902B48,平均落札価格（TSO別）[円/kW・30分],0.84,7.87,4.54,2.41,2.11,1.2,1.07,0.99,3.32,3.1
20260902B48,落札量合計（TSO別）[MW],133,94,473.73,246,57,142,143,42,182,1512.73
20260902B48,（内訳）自エリアからの落札量[MW],133,94,469.67,246,0,15.19,124.202,42,179.541,1303.603
20260903B01,募集量（TSO別）[MW],64,175,539,238,53,132,140,41,163,1545
20260903B01,応札量合計（電源属地別）[MW],158.668,55.209,414.244,447.446,22.929,38.868,141.696,109.473,198.716,1587.249
20260903B01,落札量合計（電源属地別）[MW],126.918,55.209,406.272,316.85,22.929,24.99,129.758,109.473,163,1355.399
20260903B01,応札件数（電源属地別）[件],7,10,56,55,3,13,12,8,36,200
20260903B01,落札件数（電源属地別）[件],4,10,52,17,3,6,6,8,20,126
20260903B01,最高落札価格（電源属地別）[円/kW・30分],1.01,10,9.79,3.21,2.8,3,6.38,2.5,6.87,10
20260903B01,最低落札価格（電源属地別）[円/kW・30分],0.43,5.45,0.39,0.39,1.26,1.33,2,0.38,2.01,0.38
20260903B01,平均落札価格（電源属地別）[円/kW・30分],0.83,7.17,4.59,2.29,1.47,2,4.96,1.38,5.52,3.59
20260903B01,最高落札価格（TSO別）[円/kW・30分],1.01,10,9.79,3.21,3,3.11,6.38,1.7,6.87,10
20260903B01,最低落札価格（TSO別）[円/kW・30分],0.43,5.45,0.39,0.39,0.39,0.38,1.7,0.38,2.01,0.38
20260903B01,平均落札価格（TSO別）[円/kW・30分],0.83,7.17,4.59,2.26,1.48,2.13,4.74,1.06,5.52,3.59
20260903B01,落札量合計（TSO別）[MW],126.918,55.209,406.272,238,53,132,140,41,163,1355.399
20260903B01,（内訳）自エリアからの落札量[MW],126.918,55.209,406.272,238,22.929,24.99,129.758,41,163,1208.076
20260903B02,募集量（TSO別）[MW],64,175,539,238,53,132,140,41,163,1545
20260903B02,応札量合計（電源属地別）[MW],158.668,57.109,456.873,403.927,22.929,188.638,141.696,109.473,200.64,1739.953
20260903B02,落札量合計（電源属地別）[MW],126.918,57.109,448.214,238.779,22.929,135.874,125.8,97.93,145.688,1399.241
20260903B02,応札件数（電源属地別）[件],7,11,58,56,3,21,12,8,37,213
20260903B02,落札件数（電源属地別）[件],4,11,54,12,3,7,4,7,14,116
20260903B02,最高落札価格（電源属地別）[円/kW・30分],1.01,10,9.64,2.4,2.1,2.58,6.38,2.3,6.57,10
20260903B02,最低落札価格（電源属地別）[円/kW・30分],0.4,5.45,0.39,0.39,0.43,0.39,2,0.38,1.76,0.38
20260903B02,平均落札価格（電源属地別）[円/kW・30分],0.82,7.62,4.06,1.5,0.67,0.86,4.38,1.24,5.56,3.09
20260903B02,最高落札価格（TSO別）[円/kW・30分],1.01,10,9.64,2.4,2.58,2.3,6.38,1.7,6.57,10
20260903B02,最低落札価格（TSO別）[円/kW・30分],0.4,5.45,0.39,0.39,0.43,0.38,1.7,0.38,1.55,0.38
20260903B02,平均落札価格（TSO別）[円/kW・30分],0.82,7.62,4.06,1.5,1.59,0.56,4.1,1.06,5.14,3.09
20260903B02,落札量合計（TSO別）[MW],126.918,57.109,448.214,238,53,132,140,41,163,1399.241
20260903B02,（内訳）自エリアからの落札量[MW],126.918,57.109,448.214,238,22.929,110,123.806,41,145.688,1313.664
20260903B03,募集量（TSO別）[MW],64,175,539,238,53,132,140,41,163,1545
20260903B03,応札量合計（電源属地別）[MW],156.718,72.991,555.977,382.784,22.929,88.221,141.696,109.473,212.231,1743.02
20260903B03,落札量合計（電源属地別）[MW],141,72.991,544.095,247.511,22.929,82.391,141.696,109.473,163,1525.086
20260903B03,応札件数（電源属地別）[件],6,19,63,65,3,15,12,8,43,234
20260903B03,落札件数（電源属地別）[件],4,19,57,21,3,13,12,8,20,157
20260903B03,最高落札価格（電源属地別）[円/kW・30分],1.01,10,9.5,6.3,6.1,6.5,6.38,2.5,6.57,10
20260903B03,最低落札価格（電源属地別）[円/kW・30分],0.39,5.45,0.39,0.78,0.65,1.33,2,0.38,2.11,0.38
20260903B03,平均落札価格（電源属地別）[円/kW・30分],0.84,8.04,3.94,1.46,1.31,2.88,4.54,1.38,5.34,3.37
20260903B03,最高落札価格（TSO別）[円/kW・30分],1.01,10,9.5,6.3,6.1,6.5,6.38,1.7,6.57,10
20260903B03,最低落札価格（TSO別）[円/kW・30分],0.39,5.45,0.39,0.78,0.38,1.33,2,0.38,2.11,0.38
20260903B03,平均落札価格（TSO別）[円/kW・30分],0.84,7.94,3.92,1.31,2.18,2.45,4.54,0.9,5.34,3.37
20260903B03,落札量合計（TSO別）[MW],141,78.086,539,238,53,132,140,41,163,1525.086
20260903B03,（内訳）自エリアからの落札量[MW],141,72.991,539,238,22.929,82.391,140,41,163,1440.311
20260903B04,募集量（TSO別）[MW],64,175,539,238,53,132,140,41,163,1545
20260903B04,応札量合計（電源属地別）[MW],201.568,72.991,556.652,384.673,22.929,90.024,145.486,109.473,212.039,1795.835
20260903B04,落札量合計（電源属地別）[MW],169.818,72.991,533.474,251.906,20.93,76.205,145.486,109.473,163,1543.283
20260903B04,応札件数（電源属地別）[件],7,19,69,65,3,16,14,8,43,244
20260903B04,落札件数（電源属地別）[件],4,19,58,22,2,9,14,8,20,156
20260903B04,最高落札価格（電源属地別）[円/kW・30分],1.01,10,9.9,6,2.79,3,6.38,2.5,6.22,10
20260903B04,最低落札価格（電源属地別）[円/kW・30分],0.39,5.45,0.39,0.63,0.61,1.33,2.13,0.38,1.73,0.38
20260903B04,平均落札価格（電源属地別）[円/kW・30分],0.86,8.06,3.82,1.27,0.81,2.41,4.49,1.38,5.05,3.19
20260903B04,最高落札価格（TSO別）[円/kW・30分],1.01,10,9.9,5.98,6,5,6.38,1.7,6.22,10
20260903B04,最低落札価格（TSO別）[円/kW・30分],0.39,5.45,0.39,0.63,0.38,0.38,2.13,0.38,1.73,0.38
20260903B04,平均落札価格（TSO別）[円/kW・30分],0.86,8.06,3.82,1.03,2.05,2.15,4.47,1.5,5.05,3.19
20260903B04,落札量合計（TSO別）[MW],169.818,72.991,533.474,238,53,132,140,41,163,1543.283
20260903B04,（内訳）自エリアからの落札量[MW],169.818,72.991,533.474,238,20.93,76.205,140,41,163,1455.418
20260903B05,募集量（TSO別）[MW],64,175,537,237,53,131,140,40,163,1540
20260903B05,応札量合計（電源属地別）[MW],198.668,70.993,533.172,473.957,3.929,88.026,145.486,109.473,209.896,1833.6
20260903B05,落札量合計（電源属地別）[MW],136.75,70.993,517.972,281.834,1.93,76.205,131.558,109.473,163,1489.715
20260903B05,応札件数（電源属地別）[件],8,18,63,62,2,15,14,8,42,232
20260903B05,落札件数（電源属地別）[件],6,18,56,15,1,9,7,8,20,140
20260903B05,最高落札価格（電源属地別）[円/kW・30分],9.9,10,9.9,3.92,2.79,3,6.38,2.5,6.57,10
20260903B05,最低落札価格（電源属地別）[円/kW・30分],0.39,5.45,0.39,0.85,2.79,1.33,2,0.38,2.34,0.38
20260903B05,平均落札価格（電源属地別）[円/kW・30分],0.94,7.89,3.75,1.05,2.79,2.41,4.93,1.38,5.32,3.21
20260903B05,最高落札価格（TSO別）[円/kW・30分],9.9,10,9.9,1.37,3.92,3,6.38,1.7,6.57,10
20260903B05,最低落札価格（TSO別）[円/kW・30分],0.39,5.45,0.39,0.85,0.95,0.38,0.38,0.38,2.34,0.38
20260903B05,平均落札価格（TSO別）[円/kW・30分],0.94,7.89,3.75,1.04,1.3,2,4.75,1.01,5.32,3.21
20260903B05,落札量合計（TSO別）[MW],136.75,70.993,517.972,237,53,131,140,40,163,1489.715
20260903B05,（内訳）自エリアからの落札量[MW],136.75,70.993,517.972,237,1.93,76.205,131.558,40,163,1375.408
20260903B06,募集量（TSO別）[MW],64,175,537,237,53,130,140,40,163,1539
20260903B06,応札量合計（電源属地別）[MW],204.518,70.993,554.08,409.728,18.031,88.026,145.486,109.473,210.874,1811.209
20260903B06,落札量合計（電源属地別）[MW],137.85,70.993,538.88,250.808,16.032,78.201,145.486,109.473,163,1510.723
20260903B06,応札件数（電源属地別）[件],8,18,64,63,3,15,14,8,42,235
20260903B06,落札件数（電源属地別）[件],4,18,57,25,2,10,14,8,20,158
20260903B06,最高落札価格（電源属地別）[円/kW・30分],1.01,10,9.9,6.85,2.79,3,6.38,2.5,6.57,10
20260903B06,最低落札価格（電源属地別）[円/kW・30分],0.92,5.45,0.39,0.89,0.65,1.33,2.13,0.38,2.39,0.38
20260903B06,平均落札価格（電源属地別）[円/kW・30分],1,7.91,3.69,1.79,0.91,2.42,4.55,1.38,5.32,3.33
20260903B06,最高落札価格（TSO別）[円/kW・30分],1.01,10,9.9,6.85,5.7,5,6.38,1.7,6.57,10
20260903B06,最低落札価格（TSO別）[円/kW・30分],0.92,1.33,0.39,0.89,0.38,1.33,2.13,0.38,2.39,0.38
20260903B06,平均落札価格（TSO別）[円/kW・30分],1,7.74,3.7,1.83,1.27,2.29,4.55,0.74,5.32,3.33
20260903B06,落札量合計（TSO別）[MW],137.85,72.873,537,237,53,130,140,40,163,1510.723
20260903B06,（内訳）自エリアからの落札量[MW],137.85,70.993,537,237,16.032,76.659,140,40,163,1418.534
20260903B07,募集量（TSO別）[MW],63,174,536,237,53,131,140,41,164,1539
20260903B07,応札量合計（電源属地別）[MW],159.618,85.991,558.624,418.486,22.929,95.92,162.345,106.473,226.177,1836.563
20260903B07,落札量合計（電源属地別）[MW],92,85.991,532.446,237.733,20.93,88.026,160.381,94.93,164,1476.437
20260903B07,応札件数（電源属地別）[件],7,19,69,72,3,19,23,7,50,269
20260903B07,落札件数（電源属地別）[件],3,19,56,24,2,15,22,6,21,168
20260903B07,最高落札価格（電源属地別）[円/kW・30分],1.01,10,9.9,6.85,2.79,6.5,6.98,2.5,6.57,10
20260903B07,最低落札価格（電源属地別）[円/kW・30分],0.92,5.45,0.39,0.86,0.39,1.33,2.13,0.38,2.39,0.38
20260903B07,平均落札価格（電源属地別）[円/kW・30分],1.01,8.08,3.68,1.74,0.61,2.84,4.31,1.27,5.31,3.46
20260903B07,最高落札価格（TSO別）[円/kW・30分],1.01,10,9.9,6.85,6.85,6.5,6.98,1.7,6.57,10
20260903B07,最低落札価格（TSO別）[円/kW・30分],0.92,5.45,0.39,0.86,0.38,0.38,2.13,0.38,2.39,0.38
20260903B07,平均落札価格（TSO別）[円/kW・30分],1.01,8.08,3.68,1.73,1.87,2.47,4.42,0.98,5.31,3.46
20260903B07,落札量合計（TSO別）[MW],92,85.991,532.446,237,53,131,140,41,164,1476.437
20260903B07,（内訳）自エリアからの落札量[MW],92,85.991,532.446,237,20.93,78.63,140,41,164,1391.997
20260903B08,募集量（TSO別）[MW],63,174,537,237,53,131,140,41,164,1540
20260903B08,応札量合計（電源属地別）[MW],204.468,87.491,541.643,483.756,22.929,90.053,162.345,94.93,224.333,1911.948
20260903B08,落札量合計（電源属地別）[MW],136.85,87.491,517.972,262.481,20.93,78.201,145.458,94.93,164,1508.313
20260903B08,応札件数（電源属地別）[件],8,20,67,73,3,16,23,6,49,265
20260903B08,落札件数（電源属地別）[件],4,20,55,14,2,10,15,6,23,149
20260903B08,最高落札価格（電源属地別）[円/kW・30分],1.01,10,9.9,3.68,2.79,3,6.38,2.5,6.57,10
20260903B08,最低落札価格（電源属地別）[円/kW・30分],0.92,5.45,0.39,0.72,0.39,1.33,2.05,0.38,2.39,0.38
20260903B08,平均落札価格（電源属地別）[円/kW・30分],1,8.11,3.73,0.94,0.61,2.42,4.3,1.27,5.3,3.21
20260903B08,最高落札価格（TSO別）[円/kW・30分],1.01,10,9.9,1.26,3.68,4.34,6.38,1.7,6.57,10
20260903B08,最低落札価格（TSO別）[円/kW・30分],0.92,5.45,0.39,0.72,0.39,1.33,2.05,0.38,2.39,0.38
20260903B08,平均落札価格（TSO別）[円/kW・30分],1,8.11,3.73,0.92,0.98,2.25,4.29,0.7,5.3,3.21
20260903B08,落札量合計（TSO別）[MW],136.85,87.491,517.972,237,53,131,140,41,164,1508.313
20260903B08,（内訳）自エリアからの落札量[MW],136.85,87.491,517.972,237,20.93,78.201,140,41,164,1423.444
20260903B09,募集量（TSO別）[MW],63,174,538,237,53,132,140,41,165,1543
20260903B09,応札量合計（電源属地別）[MW],163.558,89.49,550.276,419.486,22.929,91.962,162.345,106.473,221.235,1827.754
20260903B09,落札量合計（電源属地別）[MW],93,89.49,524.095,244.68,20.93,84.068,158.392,94.93,165,1474.585
20260903B09,応札件数（電源属地別）[件],9,21,70,72,3,17,23,7,48,270
20260903B09,落札件数（電源属地別）[件],4,21,57,23,2,13,21,6,20,167
20260903B09,最高落札価格（電源属地別）[円/kW・30分],5.5,10,9.9,6.79,2.14,6.5,6.38,2.5,6.57,10
20260903B09,最低落札価格（電源属地別）[円/kW・30分],0.92,5.45,0.39,0.65,0.39,1.33,2,0.38,2.39,0.38
20260903B09,平均落札価格（電源属地別）[円/kW・30分],1.05,8.14,3.88,1.42,0.55,2.67,3.98,1.2,5.29,3.43
20260903B09,最高落札価格（TSO別）[円/kW・30分],5.5,10,9.9,6.79,2.5,6.5,6.38,1.7,6.57,10
20260903B09,最低落札価格（TSO別）[円/kW・30分],0.92,5.45,0.39,0.65,0.39,1.07,2,0.38,2.39,0.38
20260903B09,平均落札価格（TSO別）[円/kW・30分],1.05,8.14,3.88,1.44,1.04,2.64,3.98,0.63,5.29,3.43
20260903B09,落札量合計（TSO別）[MW],93,89.49,524.095,237,53,132,140,41,165,1474.585
20260903B09,（内訳）自エリアからの落札量[MW],93,89.49,524.095,237,20.93,70.998,140,41,165,1381.513
20260903B10,募集量（TSO別）[MW],63,174,538,237,53,132,140,41,165,1543
20260903B10,応札量合計（電源属地別）[MW],218.408,89.49,573.508,418.486,20.93,95.92,162.345,106.473,226.213,1911.773
20260903B10,落札量合計（電源属地別）[MW],146.85,89.49,543.557,240.722,20.93,88.026,158.392,94.93,165,1547.897
20260903B10,応札件数（電源属地別）[件],11,21,73,72,2,19,23,7,50,278
20260903B10,落札件数（電源属地別）[件],5,21,58,25,2,15,21,6,21,174
20260903B10,最高落札価格（電源属地別）[円/kW・30分],1.01,10,9.9,6.85,2.79,6.5,6.38,2.5,6.55,10
20260903B10,最低落札価格（電源属地別）[円/kW・30分],0.39,5.45,0.39,0.89,0.39,1.33,2.13,0.38,2.39,0.38
20260903B10,平均落札価格（電源属地別）[円/kW・30分],0.96,8.19,3.76,1.84,0.61,2.88,4.12,1.23,5.26,3.4
20260903B10,最高落札価格（TSO別）[円/kW・30分],1.01,10,9.9,6.85,3,6.5,6.38,1.7,6.55,10
20260903B10,最低落札価格（TSO別）[円/kW・30分],0.39,5.45,0.39,0.89,0.38,1.33,2.13,0.38,2.39,0.38
20260903B10,平均落札価格（TSO別）[円/kW・30分],0.96,8.24,3.7,1.85,0.91,2.81,4.13,1.03,5.26,3.4
20260903B10,落札量合計（TSO別）[MW],146.85,95.047,538,237,53,132,140,41,165,1547.897
20260903B10,（内訳）自エリアからの落札量[MW],146.85,89.49,538,237,20.93,86.026,140,41,165,1464.296
20260903B11,募集量（TSO別）[MW],63,174,538,237,53,132,140,41,165,1543
20260903B11,応札量合計（電源属地別）[MW],161.608,89.49,557.226,420.476,22.309,80.92,229.623,106.473,228.161,1896.286
20260903B11,落札量合計（電源属地別）[MW],95,89.49,527.275,237,22.309,63.201,202.55,94.93,165,1496.755
20260903B11,応札件数（電源属地別）[件],8,21,73,73,3,18,24,7,51,278
20260903B11,落札件数（電源属地別）[件],5,21,58,27,3,9,11,6,23,163
20260903B11,最高落札価格（電源属地別）[円/kW・30分],5.95,10,9.9,6.99,2.79,3,6.38,2.5,6.55,10
20260903B11,最低落札価格（電源属地別）[円/kW・30分],0.92,5.45,0.39,0.74,0.39,2.58,2.13,0.38,2.23,0.38
20260903B11,平均落札価格（電源属地別）[円/kW・30分],1.15,8.19,3.93,1.65,0.77,2.68,3.84,1.2,5.28,3.51
20260903B11,最高落札価格（TSO別）[円/kW・30分],5.95,10,9.9,6.99,3.75,3.88,6.38,1.7,6.55,10
20260903B11,最低落札価格（TSO別）[円/kW・30分],0.92,5.45,0.39,0.74,0.38,0.38,2.13,0.38,2.23,0.38
20260903B11,平均落札価格（TSO別）[円/kW・30分],1.15,8.19,3.93,1.65,2.24,2.28,3.9,1.15,5.28,3.51
20260903B11,落札量合計（TSO別）[MW],95,89.49,527.275,237,53,132,156.99,41,165,1496.755
20260903B11,（内訳）自エリアからの落札量[MW],95,89.49,527.275,237,22.309,63.201,156.99,41,165,1397.265
20260903B12,募集量（TSO別）[MW],63,174,538,237,53,132,140,41,165,1543
20260903B12,応札量合計（電源属地別）[MW],159.618,89.49,557.226,418.976,22.929,95.92,229.623,106.473,228.161,1908.416
20260903B12,落札量合計（電源属地別）[MW],92,89.49,527.275,237,22.929,72.053,193.078,94.93,165,1493.755
20260903B12,応札件数（電源属地別）[件],7,21,72,72,3,19,24,7,51,276
20260903B12,落札件数（電源属地別）[件],3,21,57,27,3,7,5,6,21,150
20260903B12,最高落札価格（電源属地別）[円/kW・30分],1.01,10,9.9,6.99,2.8,3,6.38,2.5,6.56,10
20260903B12,最低落札価格（電源属地別）[円/kW・30分],0.92,5.45,0.39,0.67,0.39,1.33,2.13,0.38,2.05,0.38
20260903B12,平均落札価格（電源属地別）[円/kW・30分],1.01,8.19,4.17,1.58,0.8,2.38,3.87,1.2,5.25,3.56
20260903B12,最高落札価格（TSO別）[円/kW・30分],1.01,10,9.9,6.99,3.88,3.75,6.38,1.7,6.56,10
20260903B12,最低落札価格（TSO別）[円/kW・30分],0.92,5.45,0.39,0.67,0.39,0.38,2.13,0.38,2.05,0.38
20260903B12,平均落札価格（TSO別）[円/kW・30分],1.01,8.19,4.17,1.58,1.74,2.37,3.95,0.6,5.25,3.56
20260903B12,落札量合計（TSO別）[MW],92,89.49,527.275,237,53,132,156.99,41,165,1493.755
20260903B12,（内訳）自エリアからの落札量[MW],92,89.49,527.275,237,22.929,72.053,156.99,41,165,1403.737
20260903B13,募集量（TSO別）[MW],65,183,559,247,57,145,141,44,168,1609
20260903B13,応札量合計（電源属地別）[MW],172.892,101.49,545.441,531.906,3.929,95.92,229.623,109.473,222.497,2013.171
20260903B13,落札量合計（電源属地別）[MW],107.184,101.49,530.586,282.947,1.93,61.205,199.836,109.473,165.599,1560.25
20260903B13,応札件数（電源属地別）[件],9,22,74,77,2,19,24,7,51,285
20260903B13,落札件数（電源属地別）[件],5,22,67,15,1,8,9,7,24,158
20260903B13,最高落札価格（電源属地別）[円/kW・30分],8.95,10,9.9,2.4,2.79,3,6.38,2.5,6.51,10
20260903B13,最低落札価格（電源属地別）[円/kW・30分],0.92,5.45,0.39,0.75,2.79,2.58,2.13,0.38,2.4,0.38
20260903B13,平均落札価格（電源属地別）[円/kW・30分],1.98,8.12,4.09,1.66,2.79,2.67,4.12,1.34,5.25,3.64
20260903B13,最高落札価格（TSO別）[円/kW・30分],8.95,10,9.9,2.4,4.22,4.09,6.38,1.7,6.51,10
20260903B13,最低落札価格（TSO別）[円/kW・30分],0.92,1.08,0.39,0.75,0.38,0.38,2.13,0.38,2.4,0.38
20260903B13,平均落札価格（TSO別）[円/kW・30分],1.98,7.36,4.16,1.6,2.62,2.42,4.18,0.77,5.24,3.64
20260903B13,落札量合計（TSO別）[MW],107.184,113.826,518.25,247,57,145,159.99,44,168,1560.25
20260903B13,（内訳）自エリアからの落札量[MW],107.184,101.49,518.25,247,1.93,61.205,159.99,44,165.599,1406.648
20260903B14,募集量（TSO別）[MW],65,188,567,250,57,148,142,44,169,1630
20260903B14,応札量合計（電源属地別）[MW],142.658,111.99,553.515,537.902,5.519,95.92,235.481,109.473,245.319,2037.777
20260903B14,落札量合計（電源属地別）[MW],105.052,111.99,546.66,281.816,3.52,61.205,205.694,109.473,165.272,1590.682
20260903B14,応札件数（電源属地別）[件],8,22,76,76,3,19,25,7,49,285
20260903B14,落札件数（電源属地別）[件],3,22,73,15,2,8,10,7,20,160
20260903B14,最高落札価格（電源属地別）[円/kW・30分],8.45,10,9.9,3.21,2.79,3,6.38,2.5,6.59,10
20260903B14,最低落札価格（電源属地別）[円/kW・30分],0.92,3.71,0.39,0.39,0.47,2.58,0.39,0.38,2.84,0.38
20260903B14,平均落札価格（電源属地別）[円/kW・30分],2.36,7.56,4.35,1.69,1.74,2.67,4.35,1.38,5.06,3.77
20260903B14,最高落札価格（TSO別）[円/kW・30分],8.45,10,9.9,3.21,2.79,4.64,6.38,1.7,6.59,10
20260903B14,最低落札価格（TSO別）[円/kW・30分],0.92,1.14,0.39,0.39,0.42,0.38,0.39,0.38,2.84,0.38
20260903B14,平均落札価格（TSO別）[円/kW・30分],2.36,6.2,4.53,1.84,1.3,2.83,4.36,0.83,5.01,3.77
20260903B14,落札量合計（TSO別）[MW],105.052,141.99,516.66,250,57,148,158.98,44,169,1590.682
20260903B14,（内訳）自エリアからの落札量[MW],105.052,111.99,516.66,250,3.52,46.693,158.98,44,165.272,1402.167
20260903B15,募集量（TSO別）[MW],66,194,572,253,58,152,143,45,170,1653
20260903B15,応札量合計（電源属地別）[MW],170.758,113.49,532.153,422.907,22.929,95.92,82.321,161.973,237.669,1840.12
20260903B15,落札量合計（電源属地別）[MW],125.968,113.49,530.298,315.151,20.93,72.589,80.357,161.973,170,1590.756
20260903B15,応札件数（電源属地別）[件],9,23,81,71,3,19,23,8,48,285
20260903B15,落札件数（電源属地別）[件],4,23,81,30,2,9,22,8,26,205
20260903B15,最高落札価格（電源属地別）[円/kW・30分],8.85,10,9.9,6.89,2.79,6.99,6.98,2.5,7.15,10
20260903B15,最低落札価格（電源属地別）[円/kW・30分],0.39,2.89,0.39,0.63,2.47,2.58,1.56,0.36,2.48,0.36
20260903B15,平均落札価格（電源属地別）[円/kW・30分],0.88,7.18,3.29,1.81,2.5,3.35,4.17,1.05,5.5,3.13
20260903B15,最高落札価格（TSO別）[円/kW・30分],8.85,10,9.9,3.86,6.87,6.99,6.98,1.7,7.15,10
20260903B15,最低落札価格（TSO別）[円/kW・30分],0.39,2.89,0.39,0.63,0.78,0.36,0.36,0.38,2.48,0.36
20260903B15,平均落札価格（TSO別）[円/kW・30分],0.88,7.18,3.29,1.27,4.41,2.09,2.89,1.4,5.5,3.13
20260903B15,落札量合計（TSO別）[MW],125.968,113.49,530.298,253,58,152,143,45,170,1590.756
20260903B15,（内訳）自エリアからの落札量[MW],125.968,113.49,530.298,253,20.93,72.589,80.357,45,170,1411.632
20260903B16,募集量（TSO別）[MW],66,198,577,255,59,156,144,45,171,1671
20260903B16,応札量合計（電源属地別）[MW],182.758,111.99,537.164,405.263,22.929,109.588,66.454,214.473,241.521,1892.14
20260903B16,落札量合計（電源属地別）[MW],126.068,111.99,537.164,289.832,19,74.873,64.49,214.473,171,1608.89
20260903B16,応札件数（電源属地別）[件],9,22,81,72,3,20,22,9,50,288
20260903B16,落札件数（電源属地別）[件],4,22,81,26,1,9,21,9,26,199
20260903B16,最高落札価格（電源属地別）[円/kW・30分],8.85,10,9.9,6.89,4.48,4.17,6.98,4.89,7.75,10
20260903B16,最低落札価格（電源属地別）[円/kW・30分],0.48,2.49,0.39,0.64,4.48,2.58,2.35,0.36,0.92,0.36
20260903B16,平均落札価格（電源属地別）[円/kW・30分],0.91,6.89,3.12,1.22,4.48,2.78,4.77,1.01,5.89,2.94
20260903B16,最高落札価格（TSO別）[円/kW・30分],8.85,10,9.9,1.75,6.89,4.89,6.98,1.7,7.75,10
20260903B16,最低落札価格（TSO別）[円/kW・30分],0.48,1.44,0.39,0.64,0.64,0.36,0.36,0.38,0.92,0.36
20260903B16,平均落札価格（TSO別）[円/kW・30分],0.91,5.6,3.23,0.82,4.21,1.79,2.65,0.98,5.89,2.94
20260903B16,落札量合計（TSO別）[MW],126.068,146.59,502.564,255,59,159.668,144,45,171,1608.89
20260903B16,（内訳）自エリアからの落札量[MW],126.068,111.99,502.564,255,19,70.935,64.49,45,171,1366.047
20260903B17,募集量（TSO別）[MW],66,198,577,255,60,156,144,45,171,1672
20260903B17,応札量合計（電源属地別）[MW],127.718,113.49,724.153,453.872,22.929,145.05,54.516,214.473,241.521,2097.722
20260903B17,落札量合計（電源属地別）[MW],85.968,113.49,661.51,363.907,19,111.478,27.915,202.101,129.984,1715.353
20260903B17,応札件数（電源属地別）[件],6,23,84,73,3,22,16,9,50,286
20260903B17,落札件数（電源属地別）[件],2,23,83,48,1,5,2,8,7,179
20260903B17,最高落札価格（電源属地別）[円/kW・30分],1.01,10,10,7.25,7.11,6.99,6.38,2.3,10.05,10.05
20260903B17,最低落札価格（電源属地別）[円/kW・30分],0.92,2.46,0.39,1.59,7.11,2.58,5.91,0.36,1.62,0.36
20260903B17,平均落札価格（電源属地別）[円/kW・30分],1.01,6.93,4.29,2.65,7.11,4.34,6.14,0.86,8.89,3.96
20260903B17,最高落札価格（TSO別）[円/kW・30分],1.01,10,10,2.37,7.11,7.25,6.38,1.7,10.05,10.05
20260903B17,最低落札価格（TSO別）[円/kW・30分],0.92,0.39,0.39,1.59,1.59,1.79,0.36,0.82,0.36,0.36
20260903B17,平均落札価格（TSO別）[円/kW・30分],1.01,5.92,4.25,1.82,4.19,4.84,1.82,1.3,6.9,3.96
20260903B17,落札量合計（TSO別）[MW],85.968,198,577,255,60,179.385,144,45,171,1715.353
20260903B17,（内訳）自エリアからの落札量[MW],85.968,113.49,577,255,19,111.478,27.915,45,129.984,1364.835
20260903B18,募集量（TSO別）[MW],66,198,577,255,60,156,144,45,171,1672
20260903B18,応札量合計（電源属地別）[MW],197.518,111.99,563.021,457.761,3.929,99.787,88.211,214.473,249.171,1985.861
20260903B18,落札量合計（電源属地別）[MW],150.8,111.99,563.021,379.377,1.93,89.693,61.61,168,133,1659.421
20260903B18,応札件数（電源属地別）[件],7,22,76,75,2,21,17,9,51,280
20260903B18,落札件数（電源属地別）[件],5,22,76,59,1,16,3,5,6,193
20260903B18,最高落札価格（電源属地別）[円/kW・30分],1.01,10,10,7.89,6.29,9.44,9.28,1.7,13.35,13.35
20260903B18,最低落札価格（電源属地別）[円/kW・30分],0.92,1.68,0.39,2.26,6.29,2.58,8.41,0.36,11.04,0.36
20260903B18,平均落札価格（電源属地別）[円/kW・30分],1,6.45,6.41,3.7,6.29,5,8.9,0.83,12.34,5.23
20260903B18,最高落札価格（TSO別）[円/kW・30分],1.01,10,10,7,7.79,9.44,9.28,1.7,13.35,13.35
20260903B18,最低落札価格（TSO別）[円/kW・30分],0.92,1.68,0.39,2.26,2.26,2.58,0.36,1.6,0.36,0.36
20260903B18,平均落札価格（TSO別）[円/kW・30分],1,6.45,6.41,2.87,4.97,5.36,4.15,1.63,9.68,5.23
20260903B18,落札量合計（TSO別）[MW],150.8,111.99,563.021,255,60,156,144,47.61,171,1659.421
20260903B18,（内訳）自エリアからの落札量[MW],150.8,111.99,563.021,255,1.93,89.693,61.61,47.61,133,1414.654
20260903B19,募集量（TSO別）[MW],67,129,568,259,61,155,148,47,175,1609
20260903B19,応札量合計（電源属地別）[MW],169.708,114.136,644.508,477.454,3.929,99.787,86.346,180.473,248.691,2025.032
20260903B19,落札量合計（電源属地別）[MW],112.943,114.136,582.864,416.305,0,47.425,47.807,165.27,176.99,1663.74
20260903B19,応札件数（電源属地別）[件],8,23,81,75,2,21,22,9,51,292
20260903B19,落札件数（電源属地別）[件],4,23,77,48,0,1,2,6,25,186
20260903B19,最高落札価格（電源属地別）[円/kW・30分],1.01,10,10,7,0,2.58,9.27,1.7,13.36,13.36
20260903B19,最低落札価格（電源属地別）[円/kW・30分],0.92,1.62,0.39,2.54,0,2.58,8.42,0.36,2.8,0.36
20260903B19,平均落札価格（電源属地別）[円/kW・30分],1.01,6.06,6.08,3.53,0,2.58,8.67,0.82,10.16,4.98
20260903B19,最高落札価格（TSO別）[円/kW・30分],1.01,10,10,3.28,3.18,7,9.27,1.6,13.36,13.36
20260903B19,最低落札価格（TSO別）[円/kW・30分],0.92,0.39,0.39,2.54,2.83,0.36,0.36,0.36,2.8,0.36
20260903B19,平均落札価格（TSO別）[円/kW・30分],1.01,5.41,6.23,3,3.14,4.04,3.1,1.45,10.16,4.98
20260903B19,落札量合計（TSO別）[MW],112.943,129,568,259,61,155,153.807,48,176.99,1663.74
20260903B19,（内訳）自エリアからの落札量[MW],112.943,114.136,568,259,0,47.425,47.807,48,176.99,1374.301
20260903B20,募集量（TSO別）[MW],68,131,568,259,61,155,149,47,175,1613
20260903B20,応札量合計（電源属地別）[MW],169.508,114.136,644.508,477.454,3.929,99.787,86.346,180.473,250.667,2026.808
20260903B20,落札量合計（電源属地別）[MW],150.768,114.136,584.864,362.104,0,51.215,62.751,168.93,201,1695.768
20260903B20,応札件数（電源属地別）[件],8,23,82,75,2,21,22,9,52,294
20260903B20,落札件数（電源属地別）[件],4,23,78,20,0,3,11,8,39,186
20260903B20,最高落札価格（電源属地別）[円/kW・30分],1.01,10,10,4.73,0,3,9.28,4,13.55,13.55
20260903B20,最低落札価格（電源属地別）[円/kW・30分],0.92,1.67,0.39,2.53,0,2.58,3,0.36,1.62,0.36
20260903B20,平均落札価格（電源属地別）[円/kW・30分],1.01,6.53,6.19,3.01,0,2.61,5.52,0.88,9.52,4.81
20260903B20,最高落札価格（TSO別）[円/kW・30分],1.01,10,10,3.28,4.73,4,9.28,1.6,13.55,13.55
20260903B20,最低落札価格（TSO別）[円/kW・30分],0.92,0.39,0.39,2.53,3.1,0.36,0.36,0.36,1.62,0.36
20260903B20,平均落札価格（TSO別）[円/kW・30分],1.01,5.87,6.33,2.96,3.21,1.82,3.38,1.44,10.4,4.81
20260903B20,落札量合計（TSO別）[MW],150.768,131,568,259,61,155,149,47,175,1695.768
20260903B20,（内訳）自エリアからの落札量[MW],150.768,114.136,568,259,0,51.215,62.751,47,175,1427.87
20260903B21,募集量（TSO別）[MW],68,134,568,260,62,155,150,48,176,1621
20260903B21,応札量合計（電源属地別）[MW],159.668,124.136,689.891,486.744,3.929,99.787,86.346,180.473,234.235,2065.209
20260903B21,落札量合計（電源属地別）[MW],122.95,102.485,599.515,379.821,0,60.762,65.487,168.93,177.99,1677.94
20260903B21,応札件数（電源属地別）[件],7,23,75,77,2,21,22,8,47,282
20260903B21,落札件数（電源属地別）[件],5,17,67,29,0,2,12,7,26,165
20260903B21,最高落札価格（電源属地別）[円/kW・30分],1.01,9.79,10,6.87,0,6.99,8.18,4,12.55,12.55
20260903B21,最低落札価格（電源属地別）[円/kW・30分],0.92,2.76,0.39,2.19,0,2.58,3,0.36,2.94,0.36
20260903B21,平均落札価格（電源属地別）[円/kW・30分],1.01,6.19,4.69,2.76,0,3.55,4.64,0.87,9.62,4.17
20260903B21,最高落札価格（TSO別）[円/kW・30分],1.01,10,10,2.77,6.87,6.99,8.18,4,12.55,12.55
20260903B21,最低落札価格（TSO別）[円/kW・30分],0.92,2.76,0.39,2.19,2.56,0.36,0.36,0.36,2.94,0.36
20260903B21,平均落札価格（TSO別）[円/kW・30分],1.01,7.09,4.4,2.54,3.85,2.36,2.49,1.64,9.62,4.17
20260903B21,落札量合計（TSO別）[MW],122.95,134,568,260,62,155,150,48,177.99,1677.94
20260903B21,（内訳）自エリアからの落札量[MW],122.95,102.485,568,260,0,60.762,65.487,48,177.99,1405.674
20260903B22,募集量（TSO別）[MW],68,135,567,259,62,155,151,48,176,1621
20260903B22,応札量合計（電源属地別）[MW],197.518,124.136,689.891,488.742,3.929,99.787,50.681,166.473,229.329,2050.486
20260903B22,落札量合計（電源属地別）[MW],153.8,102.065,599.935,401.303,0,70.082,48.685,154.93,177.99,1708.79
20260903B22,応札件数（電源属地別）[件],7,23,74,78,2,21,16,7,41,269
20260903B22,落札件数（電源属地別）[件],5,17,66,56,0,6,15,6,29,200
20260903B22,最高落札価格（電源属地別）[円/kW・30分],1.01,9.79,10,7.73,0,7.5,9.28,4,13.06,13.06
20260903B22,最低落札価格（電源属地別）[円/kW・30分],0.92,2.75,0.39,2.55,0,2.58,3,0.36,3,0.36
20260903B22,平均落札価格（電源属地別）[円/kW・30分],1,6.18,5,3.75,0,3.82,6.37,0.81,10.09,4.56
20260903B22,最高落札価格（TSO別）[円/kW・30分],1.01,10,10,7.73,7.49,7.5,9.28,4,13.06,13.06
20260903B22,最低落札価格（TSO別）[円/kW・30分],0.92,0.39,0.39,2.55,2.55,0.36,0.36,0.36,3,0.36
20260903B22,平均落札価格（TSO別）[円/kW・30分],1,6.09,4.95,3.7,4.29,3.06,2.99,1.23,10.09,4.56
20260903B22,落札量合計（TSO別）[MW],153.8,135,567,259,62,155,151,48,177.99,1708.79
20260903B22,（内訳）自エリアからの落札量[MW],153.8,102.065,567,259,0,70.082,48.685,48,177.99,1426.622
20260903B23,募集量（TSO別）[MW],68,135,564,258,62,155,151,48,177,1618
20260903B23,応札量合計（電源属地別）[MW],199.468,124.136,705.323,455.542,22.929,99.787,40.713,166.473,229.329,2043.7
20260903B23,落札量合計（電源属地別）[MW],156.026,100.815,598.185,397.463,19,66.215,24.849,166.473,178.99,1708.016
20260903B23,応札件数（電源属地別）[件],8,23,82,78,3,21,15,7,41,278
20260903B23,落札件数（電源属地別）[件],5,16,66,53,1,4,7,7,29,188
20260903B23,最高落札価格（電源属地別）[円/kW・30分],1.02,9.49,10,7.25,9.5,6.99,8.33,5.34,12.85,12.85
20260903B23,最低落札価格（電源属地別）[円/kW・30分],0.92,2.75,0.39,2.13,9.5,2.58,3,0.36,3,0.36
20260903B23,平均落札価格（電源属地別）[円/kW・30分],1.01,6.13,4.71,3.35,9.5,3.6,6.57,1.12,9.96,4.38
20260903B23,最高落札価格（TSO別）[円/kW・30分],1.02,9.49,10,7.25,9.5,7,8.33,4,12.85,12.85
20260903B23,最低落札価格（TSO別）[円/kW・30分],0.92,1,0.39,2.16,6.7,0.36,0.36,0.36,3,0.36
20260903B23,平均落札価格（TSO別）[円/kW・30分],1.01,6.56,4.52,2.92,7.76,2.84,2.45,1.16,9.96,4.38
20260903B23,落札量合計（TSO別）[MW],156.026,135,564,258,62,155,151,48,178.99,1708.016
20260903B23,（内訳）自エリアからの落札量[MW],156.026,100.815,564,258,19,66.215,24.849,48,178.99,1415.895
20260903B24,募集量（TSO別）[MW],68,135,564,257,62,155,151,48,177,1617
20260903B24,応札量合計（電源属地別）[MW],206.508,124.136,705.323,455.542,22.929,99.787,40.713,166.473,227.345,2048.756
20260903B24,落札量合計（電源属地別）[MW],123.106,100.815,598.185,394.608,19,65.745,38.717,154.93,178.99,1674.096
20260903B24,応札件数（電源属地別）[件],9,23,82,78,3,21,15,7,40,278
20260903B24,落札件数（電源属地別）[件],4,16,66,54,1,4,14,6,27,192
20260903B24,最高落札価格（電源属地別）[円/kW・30分],5.5,9.49,10,7.54,10,7.5,9.12,4,13.07,13.07
20260903B24,最低落札価格（電源属地別）[円/kW・30分],0.97,2.75,0.39,2.35,10,2.58,3,0.36,3,0.36
20260903B24,平均落札価格（電源属地別）[円/kW・30分],1.05,6.13,4.96,3.58,10,3.83,6.88,0.81,10.11,4.64
20260903B24,最高落札価格（TSO別）[円/kW・30分],5.5,10,10,7.54,10,7.5,9.12,4,13.07,13.07
20260903B24,最低落札価格（TSO別）[円/kW・30分],0.97,2.75,0.39,2.35,5.16,0.36,0.36,0.36,3,0.36
20260903B24,平均落札価格（TSO別）[円/kW・30分],1.05,7.11,4.66,3.01,7.83,3.14,2.89,1.31,10.11,4.64
20260903B24,落札量合計（TSO別）[MW],123.106,135,564,257,62,155,151,48,178.99,1674.096
20260903B24,（内訳）自エリアからの落札量[MW],123.106,100.815,564,257,19,65.745,38.717,48,178.99,1395.373
20260903B25,募集量（TSO別）[MW],67,136,563,254,62,155,149,48,176,1610
20260903B25,応札量合計（電源属地別）[MW],159.708,119.725,777.947,455.033,22.929,52.362,40.713,166.473,225.638,2020.528
20260903B25,落札量合計（電源属地別）[MW],96,102.23,596.77,422.945,19,20.865,38.717,166.473,177.99,1640.99
20260903B25,応札件数（電源属地別）[件],7,21,78,78,3,20,15,7,42,271
20260903B25,落札件数（電源属地別）[件],4,17,66,62,1,4,14,7,28,203
20260903B25,最高落札価格（電源属地別）[円/kW・30分],9,9.49,9.5,7.99,7.94,7.8,7,5.34,11.3,11.3
20260903B25,最低落札価格（電源属地別）[円/kW・30分],0.92,2.83,0.39,1.73,7.94,6.99,3,0.36,3,0.36
20260903B25,平均落札価格（電源属地別）[円/kW・30分],1.09,6.9,3.85,3.15,7.94,7.16,6.02,1.12,8.66,4.09
20260903B25,最高落札価格（TSO別）[円/kW・30分],9,9.49,9.5,7.89,7.99,7.8,7,1.6,11.3,11.3
20260903B25,最低落札価格（TSO別）[円/kW・30分],0.92,2.83,0.39,1.73,1.96,0.36,0.36,0.36,3,0.36
20260903B25,平均落札価格（TSO別）[円/kW・30分],1.09,7.42,3.55,2.93,6.58,2.87,2.71,1.08,8.66,4.09
20260903B25,落札量合計（TSO別）[MW],96,136,563,254,62,155,149,48,177.99,1640.99
20260903B25,（内訳）自エリアからの落札量[MW],96,102.23,563,254,19,20.865,38.717,48,177.99,1319.802
20260903B26,募集量（TSO別）[MW],67,136,563,254,62,155,149,48,176,1610
20260903B26,応札量合計（電源属地別）[MW],199.508,119.76,777.947,457.031,3.929,99.787,60.207,166.473,244.638,2129.28
20260903B26,落札量合計（電源属地別）[MW],134.8,102.265,596.735,378.895,0,62.425,60.207,166.473,177.99,1679.79
20260903B26,応札件数（電源属地別）[件],8,21,78,78,2,21,16,7,43,274
20260903B26,落札件数（電源属地別）[件],4,17,66,45,0,2,16,7,28,185
20260903B26,最高落札価格（電源属地別）[円/kW・30分],1.01,9.49,9.5,6.99,0,6.99,7,5.34,11.42,11.42
20260903B26,最低落札価格（電源属地別）[円/kW・30分],0.92,2.87,0.39,1.72,0,2.58,2.96,0.36,3,0.36
20260903B26,平均落札価格（電源属地別）[円/kW・30分],1,6.94,4.05,2.63,0,3.64,5.96,1.12,8.47,3.89
20260903B26,最高落札価格（TSO別）[円/kW・30分],1.01,9.49,9.5,6.99,6.99,6.99,7,4,11.42,11.42
20260903B26,最低落札価格（TSO別）[円/kW・30分],0.92,0.39,0.39,1.72,0.36,0.36,0.36,0.36,3,0.36
20260903B26,平均落札価格（TSO別）[円/kW・30分],1,5.39,4.25,2.83,2.51,2.11,3.38,1.31,8.47,3.89
20260903B26,落札量合計（TSO別）[MW],134.8,136,563,254,62,155,149,48,177.99,1679.79
20260903B26,（内訳）自エリアからの落札量[MW],134.8,102.265,563,254,0,62.425,60.207,48,177.99,1402.687
20260903B27,募集量（TSO別）[MW],67,136,563,254,62,155,149,48,176,1610
20260903B27,応札量合計（電源属地別）[MW],159.668,125.486,766.667,457.07,3.929,99.787,60.207,166.473,248.611,2087.898
20260903B27,落札量合計（電源属地別）[MW],96,107.327,591.673,388.644,0,66.215,58.211,154.93,177.99,1640.99
20260903B27,応札件数（電源属地別）[件],7,24,83,79,2,21,16,7,45,284
20260903B27,落札件数（電源属地別）[件],4,20,74,51,0,4,15,6,28,202
20260903B27,最高落札価格（電源属地別）[円/kW・30分],9,9.79,9.74,7,0,6.99,7.47,4,11.42,11.42
20260903B27,最低落札価格（電源属地別）[円/kW・30分],0.92,2.49,0.39,1.91,0,2.58,3,0.36,3,0.36
20260903B27,平均落札価格（電源属地別）[円/kW・30分],1.09,5.88,4.63,2.96,0,3.6,6.23,0.81,8.47,4.18
20260903B27,最高落札価格（TSO別）[円/kW・30分],9,9.79,9.74,7,6.99,6.99,7.47,1.6,11.42,11.42
20260903B27,最低落札価格（TSO別）[円/kW・30分],0.92,0.39,0.39,1.91,1.94,0.36,0.36,0.36,3,0.36
20260903B27,平均落札価格（TSO別）[円/kW・30分],1.09,5.37,4.69,3.06,2.72,2.6,3.19,1.08,8.47,4.18
20260903B27,落札量合計（TSO別）[MW],96,136,563,254,62,155,149,48,177.99,1640.99
20260903B27,（内訳）自エリアからの落札量[MW],96,107.327,563,254,0,66.215,58.211,48,177.99,1370.743
20260903B28,募集量（TSO別）[MW],67,133,562,254,62,154,148,48,176,1604
20260903B28,応札量合計（電源属地別）[MW],201.458,125.486,693.736,457.07,3.929,99.787,60.207,166.473,225.759,2033.905
20260903B28,落札量合計（電源属地別）[MW],134.8,107.994,587.006,372.462,0,51.215,39.534,154.93,223.859,1671.8
20260903B28,応札件数（電源属地別）[件],9,24,78,79,2,21,16,7,42,278
20260903B28,落札件数（電源属地別）[件],4,20,70,43,0,3,6,6,41,193
20260903B28,最高落札価格（電源属地別）[円/kW・30分],1.52,9.79,10,6.99,0,3,8.07,4,12.55,12.55
20260903B28,最低落札価格（電源属地別）[円/kW・30分],0.92,2.97,0.39,2.04,0,2.58,3,0.36,3,0.36
20260903B28,平均落札価格（電源属地別）[円/kW・30分],1.32,6.32,4.98,2.93,0,2.61,6.46,0.81,9.46,4.49
20260903B28,最高落札価格（TSO別）[円/kW・30分],1.52,10,10,6.99,2.51,3,11.95,4,12.55,12.55
20260903B28,最低落札価格（TSO別）[円/kW・30分],0.92,2.97,0.39,2.04,0.36,0.36,0.36,0.36,3,0.36
20260903B28,平均落札価格（TSO別）[円/kW・30分],1.32,6.83,4.8,3.18,2.46,1.74,4.48,1.31,10.06,4.49
20260903B28,落札量合計（TSO別）[MW],134.8,133,562,254,62,154,148,48,176,1671.8
20260903B28,（内訳）自エリアからの落札量[MW],134.8,107.994,562,254,0,51.215,39.534,48,176,1373.543
20260903B29,募集量（TSO別）[MW],66,131,561,253,62,155,148,48,175,1599
20260903B29,応札量合計（電源属地別）[MW],161.658,115.486,692.547,455.072,3.929,99.787,60.207,166.473,227.259,1982.418
20260903B29,落札量合計（電源属地別）[MW],86,109.247,582.753,372.462,0,54.491,56.249,166.473,201.383,1629.058
20260903B29,応札件数（電源属地別）[件],8,24,76,78,2,21,16,7,43,275
20260903B29,落札件数（電源属地別）[件],2,21,66,43,0,4,14,7,41,198
20260903B29,最高落札価格（電源属地別）[円/kW・30分],1.56,9.79,10,6.99,0,6.99,8.17,6.78,13.04,13.04
20260903B29,最低落札価格（電源属地別）[円/kW・30分],0.98,1.13,0.39,2.09,0,2.58,3,0.36,3.18,0.36
20260903B29,平均落札価格（電源属地別）[円/kW・30分],1.55,6.01,4.66,2.99,0,2.87,6.5,1.22,9.71,4.48
20260903B29,最高落札価格（TSO別）[円/kW・30分],1.56,10,10,6.99,2.58,6.99,8.17,1.6,13.04,13.04
20260903B29,最低落札価格（TSO別）[円/kW・30分],0.98,1.13,0.39,2.12,2.4,0.36,0.36,0.36,3.32,0.36
20260903B29,平均落札価格（TSO別）[円/kW・30分],1.55,6.67,4.45,3.27,2.5,2.42,3.75,1.17,10.37,4.48
20260903B29,落札量合計（TSO別）[MW],86,131,561,253,62,155,148,58.058,175,1629.058
20260903B29,（内訳）自エリアからの落札量[MW],86,109.247,561,253,0,54.491,56.249,58.058,175,1353.045
20260903B30,募集量（TSO別）[MW],66,126,561,253,62,155,148,47,174,1592
20260903B30,応札量合計（電源属地別）[MW],188.458,115.486,681.938,455.072,12.199,99.787,72.145,153.473,243.017,2021.575
20260903B30,落札量合計（電源属地別）[MW],92,115.486,571.514,373.462,8.27,64.957,68.187,153.473,201.989,1649.338
20260903B30,応札件数（電源属地別）[件],8,24,73,78,3,21,22,6,51,286
20260903B30,落札件数（電源属地別）[件],2,24,71,43,1,4,20,6,42,213
20260903B30,最高落札価格（電源属地別）[円/kW・30分],1.01,10,10,6.99,5.94,6.99,8.19,6.78,12.95,12.95
20260903B30,最低落札価格（電源属地別）[円/kW・30分],0.98,1.16,0.39,2.06,5.94,2.58,3,0.36,3,0.36
20260903B30,平均落札価格（電源属地別）[円/kW・30分],1.01,6.23,4.02,2.97,5.94,3.54,6.15,1.19,9.34,4.23
20260903B30,最高落札価格（TSO別）[円/kW・30分],1.01,10,10,6.99,5.94,6.99,8.19,6.78,12.95,12.95
20260903B30,最低落札価格（TSO別）[円/kW・30分],0.98,0.39,0.39,2.06,0.36,0.36,0.36,0.36,3.79,0.36
20260903B30,平均落札価格（TSO別）[円/kW・30分],1.01,5.74,4.08,3.14,2.56,2.38,3.87,1.94,10.27,4.23
20260903B30,落札量合計（TSO別）[MW],92,126,561,273.252,62,155,156.086,50,174,1649.338
20260903B30,（内訳）自エリアからの落札量[MW],92,115.486,561,273.252,8.27,63.107,68.187,50,174,1405.302
20260903B31,募集量（TSO別）[MW],64,194,560,252,63,154,147,45,170,1649
20260903B31,応札量合計（電源属地別）[MW],157.718,115.486,787.251,449.178,3.929,95.92,72.145,153.473,243.017,2078.117
20260903B31,落札量合計（電源属地別）[MW],93,106.645,647.355,377.462,0,65.944,64.198,153.473,193.991,1702.068
20260903B31,応札件数（電源属地別）[件],6,24,82,75,2,19,22,6,51,287
20260903B31,落札件数（電源属地別）[件],3,19,70,45,0,4,18,6,40,205
20260903B31,最高落札価格（電源属地別）[円/kW・30分],1.01,9.49,10,7,0,6.99,8.16,4.11,11.63,11.63
20260903B31,最低落札価格（電源属地別）[円/kW・30分],0.92,1.96,0.39,2.15,0,2.58,3,0.36,3,0.36
20260903B31,平均落札価格（電源属地別）[円/kW・30分],1.01,5.41,3.62,3.11,0,3.59,6.37,0.99,8.55,3.9
20260903B31,最高落札価格（TSO別）[円/kW・30分],1.01,10,9.74,7,3,6.99,8.16,4.11,11.63,11.63
20260903B31,最低落札価格（TSO別）[円/kW・30分],0.92,1.96,0.39,2.18,0.36,0.36,0.36,0.36,3.32,0.36
20260903B31,平均落札価格（TSO別）[円/kW・30分],1.01,7.47,2.63,3.42,2.32,2.57,3.63,1.8,9.19,3.9
20260903B31,落札量合計（TSO別）[MW],93,194,560,252,63,154,151.212,64.856,170,1702.068
20260903B31,（内訳）自エリアからの落札量[MW],93,106.645,560,252,0,44.004,59.324,64.856,170,1349.829
20260903B32,募集量（TSO別）[MW],64,194,560,252,63,154,147,45,170,1649
20260903B32,応札量合計（電源属地別）[MW],159.708,115.486,767.562,449.178,18.697,99.787,72.145,153.473,243.017,2079.053
20260903B32,落札量合計（電源属地別）[MW],93,115.486,638.514,376.401,14.768,65.072,66.191,153.473,193.931,1716.836
20260903B32,応札件数（電源属地別）[件],7,24,80,75,3,21,22,6,51,289
20260903B32,落札件数（電源属地別）[件],3,24,72,42,1,10,19,6,39,216
20260903B32,最高落札価格（電源属地別）[円/kW・30分],1.01,10,10,6.99,6.42,6,8.67,4.5,12.95,12.95
20260903B32,最低落札価格（電源属地別）[円/kW・30分],0.92,1.52,0.39,2.28,6.42,2.58,3,0.36,3,0.36
20260903B32,平均落札価格（電源属地別）[円/kW・30分],1.01,5.61,4.04,3.26,6.42,3.18,6.31,1,9.46,4.23
20260903B32,最高落札価格（TSO別）[円/kW・30分],1.01,10,10,6.99,6.42,6,8.67,1.6,12.95,12.95
20260903B32,最低落札価格（TSO別）[円/kW・30分],0.92,1.52,0.39,2.28,0.36,0.36,0.36,0.36,3,0.36
20260903B32,平均落札価格（TSO別）[円/kW・30分],1.01,7.39,3.21,3.45,2.65,2.7,4.13,1.01,10.21,4.23
20260903B32,落札量合計（TSO別）[MW],93,194,560,261.75,63,154,156.086,65,170,1716.836
20260903B32,（内訳）自エリアからの落札量[MW],93,115.486,560,260.689,14.768,64.011,66.191,65,170,1409.145
20260903B33,募集量（TSO別）[MW],64,194,560,252,63,154,147,45,170,1649
20260903B33,応札量合計（電源属地別）[MW],165.658,115.486,767.756,449.762,3.929,99.787,72.145,153.473,256.017,2084.013
20260903B33,落札量合計（電源属地別）[MW],123,114.136,639.864,380.241,0,80.072,54.291,153.473,193.991,1739.068
20260903B33,応札件数（電源属地別）[件],8,24,80,78,2,21,22,6,52,293
20260903B33,落札件数（電源属地別）[件],4,23,76,47,0,11,13,6,40,220
20260903B33,最高落札価格（電源属地別）[円/kW・30分],1.01,10,10,6.99,0,6.99,8.42,6.5,12.09,12.09
20260903B33,最低落札価格（電源属地別）[円/kW・30分],0.92,1.96,0.39,2.19,0,2.58,5,0.36,3,0.36
20260903B33,平均落札価格（電源属地別）[円/kW・30分],1,5.71,3.37,3.17,0,3.89,6.43,1.03,8.77,3.83
20260903B33,最高落札価格（TSO別）[円/kW・30分],1.01,10,10,6.99,6.99,6.99,8.42,6.5,12.09,12.09
20260903B33,最低落札価格（TSO別）[円/kW・30分],0.92,0.39,0.39,2.19,0.36,0.36,0.36,0.36,3,0.36
20260903B33,平均落札価格（TSO別）[円/kW・30分],1,6.48,2.76,3.49,2.2,3.1,3.57,1.17,9.39,3.83
20260903B33,落札量合計（TSO別）[MW],123,194,560,252,63,154,156.086,66.982,170,1739.068
20260903B33,（内訳）自エリアからの落札量[MW],123,114.136,560,252,0,76.851,54.291,66.982,170,1417.26
20260903B34,募集量（TSO別）[MW],64,193,560,252,63,154,147,45,169,1647
20260903B34,応札量合計（電源属地別）[MW],160.74,113.986,750.017,449.762,3.929,99.787,72.145,153.473,253.028,2056.867
20260903B34,落札量合計（電源属地別）[MW],85.95,113.986,639.014,351.175,0,80.072,54.291,153.473,190.989,1668.95
20260903B34,応札件数（電源属地別）[件],7,23,79,78,2,21,22,6,51,289
20260903B34,落札件数（電源属地別）[件],2,23,76,32,0,11,13,6,39,202
20260903B34,最高落札価格（電源属地別）[円/kW・30分],1.01,10,10,6.99,0,6.99,6.98,6.48,11.42,11.42
20260903B34,最低落札価格（電源属地別）[円/kW・30分],0.99,1.65,0.39,1.6,0,2.58,5,0.36,3,0.36
20260903B34,平均落札価格（電源属地別）[円/kW・30分],1.01,5.64,3.66,2.12,0,3.89,6.2,1.2,8.3,3.73
20260903B34,最高落札価格（TSO別）[円/kW・30分],1.01,10,10,6.9,6.99,6.99,6.98,1.6,11.42,11.42
20260903B34,最低落札価格（TSO別）[円/kW・30分],0.99,0.39,0.39,1.6,0.36,0.36,0.36,0.36,3,0.36
20260903B34,平均落札価格（TSO別）[円/kW・30分],1.01,6.26,3.16,2.07,2.26,3.54,2.95,0.75,8.8,3.73
20260903B34,落札量合計（TSO別）[MW],85.95,193,560,252,63,154,147,45,169,1668.95
20260903B34,（内訳）自エリアからの落札量[MW],85.95,113.986,560,252,0,80.072,45.205,45,169,1351.213
20260903B35,募集量（TSO別）[MW],63,191,560,252,63,154,147,44,169,1643
20260903B35,応札量合計（電源属地別）[MW],92.74,115.486,750.469,445.962,5.109,99.787,72.145,153.473,253.028,1988.199
20260903B35,落札量合計（電源属地別）[MW],84,115.486,635.514,351.923,1.18,80.072,54.291,150.543,190.991,1664
20260903B35,応札件数（電源属地別）[件],4,24,78,76,3,21,22,6,50,284
20260903B35,落札件数（電源属地別）[件],1,24,72,32,1,11,13,4,38,196
20260903B35,最高落札価格（電源属地別）[円/kW・30分],1.01,10,10,6.99,5.42,6.49,7.66,6.48,11.71,11.71
20260903B35,最低落札価格（電源属地別）[円/kW・30分],1.01,1.16,0.39,1.88,5.42,2.58,5,0.36,3,0.36
20260903B35,平均落札価格（電源属地別）[円/kW・30分],1.01,6.25,4.24,2.48,5.42,3.8,6.24,1.11,7.78,4.01
20260903B35,最高落札価格（TSO別）[円/kW・30分],1.01,10,10,2.26,6.99,6.99,7.66,6.48,11.71,11.71
20260903B35,最低落札価格（TSO別）[円/kW・30分],1.01,0.39,0.39,1.88,2.1,0.36,0.36,0.36,3,0.36
20260903B35,平均落札価格（TSO別）[円/kW・30分],1.01,6.95,3.73,2.13,3.92,2.6,3.26,2.79,8.21,4.01
20260903B35,落札量合計（TSO別）[MW],84,191,560,252,63,154,147,44,169,1664
20260903B35,（内訳）自エリアからの落札量[MW],84,115.486,560,252,1.18,80.072,54.291,44,169,1360.029
20260903B36,募集量（TSO別）[MW],64,189,560,252,63,153,147,43,168,1639
20260903B36,応札量合計（電源属地別）[MW],134.75,113.986,707.143,453.563,33.929,99.787,72.145,153.473,250.044,2018.82
20260903B36,落札量合計（電源属地別）[MW],123,113.986,635.014,328.438,30,77.528,49.502,150.543,189.989,1698
20260903B36,応札件数（電源属地別）[件],4,23,77,76,3,21,22,6,49,281
20260903B36,落札件数（電源属地別）[件],2,23,72,19,1,11,10,4,38,180
20260903B36,最高落札価格（電源属地別）[円/kW・30分],1.01,10,10,4.31,3.8,6.49,8.69,6.48,10.67,10.67
20260903B36,最低落札価格（電源属地別）[円/kW・30分],1,2.15,0.39,1.15,3.8,2.58,5,0.36,3,0.36
20260903B36,平均落札価格（電源属地別）[円/kW・30分],1.01,5.77,4.33,1.35,3.8,4.01,6.82,1.11,7.15,3.69
20260903B36,最高落札価格（TSO別）[円/kW・30分],1.01,10,10,1.43,4.31,6.49,8.69,1.6,10.67,10.67
20260903B36,最低落札価格（TSO別）[円/kW・30分],1,2.15,0.39,1.15,1.18,0.36,0.36,0.36,3,0.36
20260903B36,平均落札価格（TSO別）[円/kW・30分],1.01,7.25,3.64,1.32,2.65,2.8,3.38,0.88,7.54,3.69
20260903B36,落札量合計（TSO別）[MW],123,189,560,252,63,153,147,43,168,1698
20260903B36,（内訳）自エリアからの落札量[MW],123,113.986,560,252,30,77.528,49.502,43,168,1417.016
20260903B37,募集量（TSO別）[MW],63,188,562,250,63,149,147,42,167,1631
20260903B37,応札量合計（電源属地別）[MW],94.668,111.525,713.401,441.203,3.929,97.827,70.155,153.473,240.897,1927.078
20260903B37,落札量合計（電源属地別）[MW],87.918,111.525,638.475,365.653,0,71.954,54.291,141.93,184.172,1655.918
20260903B37,応札件数（電源属地別）[件],5,22,81,71,2,20,21,6,45,273
20260903B37,落札件数（電源属地別）[件],3,22,74,41,0,14,13,5,35,207
20260903B37,最高落札価格（電源属地別）[円/kW・30分],1.01,10,10,6.99,0,6.97,9.2,6,10.3,10.3
20260903B37,最低落札価格（電源属地別）[円/kW・30分],0.92,2.34,0.39,1.04,0,2.58,5,0.36,2.39,0.36
20260903B37,平均落札価格（電源属地別）[円/kW・30分],1.01,5.74,4.13,1.98,0,3.86,6.96,0.77,6.98,3.71
20260903B37,最高落札価格（TSO別）[円/kW・30分],1.01,10,10,6.99,6.5,6.97,9.2,6,10.3,10.3
20260903B37,最低落札価格（TSO別）[円/kW・30分],0.92,0.39,0.39,1.09,1.04,0.36,0.36,0.36,2.39,0.36
20260903B37,平均落札価格（TSO別）[円/kW・30分],1.01,6.75,3.57,2.35,1.89,1.91,3.45,1.5,7.26,3.71
20260903B37,落札量合計（TSO別）[MW],87.918,188,562,250,63,149,147,42,167,1655.918
20260903B37,（内訳）自エリアからの落札量[MW],87.918,111.525,562,250,0,48.954,54.291,42,167,1323.688
20260903B38,募集量（TSO別）[MW],63,188,562,250,63,149,147,42,167,1631
20260903B38,応札量合計（電源属地別）[MW],119.668,111.99,713.843,443.201,3.929,93.96,50.661,153.473,244.87,1935.595
20260903B38,落札量合計（電源属地別）[MW],87.918,108.644,641.356,360.96,0,84.138,44.707,141.93,186.265,1655.918
20260903B38,応札件数（電源属地別）[件],6,22,81,72,2,18,20,6,47,274
20260903B38,落札件数（電源属地別）[件],3,20,73,42,0,13,17,5,36,209
20260903B38,最高落札価格（電源属地別）[円/kW・30分],1.01,9.84,9.85,6.99,0,6.99,7.14,5.5,10.84,10.84
20260903B38,最低落札価格（電源属地別）[円/kW・30分],0.92,1.95,0.39,1.62,0,2.58,5,0.36,2.39,0.36
20260903B38,平均落札価格（電源属地別）[円/kW・30分],1.01,5.75,3.84,2.64,0,4.36,6.4,0.76,7.33,3.78
20260903B38,最高落札価格（TSO別）[円/kW・30分],1.01,9.85,9.85,6.99,6.99,6.99,7.14,1.6,10.84,10.84
20260903B38,最低落札価格（TSO別）[円/kW・30分],0.92,0.39,0.39,1.62,0.36,0.36,0.36,0.36,2.39,0.36
20260903B38,平均落札価格（TSO別）[円/kW・30分],1.01,6.25,3.41,2.76,2.54,3.05,3.06,1.25,7.62,3.78
20260903B38,落札量合計（TSO別）[MW],87.918,188,562,250,63,149,147,42,167,1655.918
20260903B38,（内訳）自エリアからの落札量[MW],87.918,108.644,562,250,0,84.138,44.707,42,167,1346.407
20260903B39,募集量（TSO別）[MW],63,188,563,250,63,149,147,42,167,1632
20260903B39,応札量合計（電源属地別）[MW],157.718,113.49,776.655,453.084,22.929,95.92,77.029,166.473,248.722,2112.02
20260903B39,落札量合計（電源属地別）[MW],93,106.645,644.355,330.736,19,57.415,57.376,166.473,187,1662
20260903B39,応札件数（電源属地別）[件],6,23,84,77,3,19,21,7,49,289
20260903B39,落札件数（電源属地別）[件],3,19,57,24,1,6,11,7,37,165
20260903B39,最高落札価格（電源属地別）[円/kW・30分],1.01,9.49,9.49,6.27,7.26,6,6.19,6,8.52,9.49
20260903B39,最低落札価格（電源属地別）[円/kW・30分],0.92,2.49,0.39,1.17,7.26,2.58,2.29,0.36,2.39,0.36
20260903B39,平均落札価格（電源属地別）[円/kW・30分],1.01,6.75,3.77,1.55,7.26,3.18,4.13,1.03,5.57,3.33
20260903B39,最高落札価格（TSO別）[円/kW・30分],1.01,9.49,9.49,6.27,7.26,6,6.19,6,8.52,9.49
20260903B39,最低落札価格（TSO別）[円/kW・30分],0.92,0.39,0.39,1.23,0.36,0.36,0.36,0.36,3,0.36
20260903B39,平均落札価格（TSO別）[円/kW・30分],1.01,6.73,3.35,1.64,3.37,1.64,2.62,1.58,5.77,3.33
20260903B39,落札量合計（TSO別）[MW],93,188,563,250,63,149,147,42,167,1662
20260903B39,（内訳）自エリアからの落札量[MW],93,106.645,563,250,19,39.957,57.376,42,167,1337.978
20260903B40,募集量（TSO別）[MW],63,187,563,250,63,149,147,42,167,1631
20260903B40,応札量合計（電源属地別）[MW],155.75,113.49,747.847,445.784,22.929,95.92,215.82,180.473,250.711,2228.724
20260903B40,落札量合計（電源属地別）[MW],93,106.645,643.355,307.397,19,28.284,177.281,166,129.998,1670.96
20260903B40,応札件数（電源属地別）[件],5,23,82,76,3,19,23,9,50,290
20260903B40,落札件数（電源属地別）[件],2,19,59,17,1,1,3,6,6,114
20260903B40,最高落札価格（電源属地別）[円/kW・30分],1.01,9.49,9.49,0.76,5.01,2.58,9.22,1.7,7.6,9.49
20260903B40,最低落札価格（電源属地別）[円/kW・30分],0.98,2.83,0.39,0.6,5.01,2.58,3.92,0.36,2.39,0.36
20260903B40,平均落札価格（電源属地別）[円/kW・30分],1.01,6.94,3.73,0.67,5.01,2.58,8.75,0.83,5.34,3.58
20260903B40,最高落札価格（TSO別）[円/kW・30分],1.01,9.49,9.49,0.76,5.01,9.09,9.22,1.6,9.09,9.49
20260903B40,最低落札価格（TSO別）[円/kW・30分],0.98,0.39,1.24,0.61,0.6,0.36,3.92,0.36,0.36,0.36
20260903B40,平均落札価格（TSO別）[円/kW・30分],1.01,6,3.58,0.69,1.94,1.25,8.73,1.48,5.06,3.58
20260903B40,落札量合計（TSO別）[MW],93,187,563,250,63,149,156.96,42,167,1670.96
20260903B40,（内訳）自エリアからの落札量[MW],93,106.645,563,250,19,28.284,156.96,42,129.998,1388.887
20260903B41,募集量（TSO別）[MW],63,187,561,250,61,148,147,42,167,1626
20260903B41,応札量合計（電源属地別）[MW],159.668,113.49,697.384,454.728,22.929,95.92,249.515,180.473,210.011,2184.118
20260903B41,落札量合計（電源属地別）[MW],94.95,106.645,641.355,257.749,19,47.425,210.976,166,128.85,1672.95
20260903B41,応札件数（電源属地別）[件],7,23,77,77,3,19,24,9,51,290
20260903B41,落札件数（電源属地別）[件],4,19,66,15,1,1,4,6,8,124
20260903B41,最高落札価格（電源属地別）[円/kW・30分],1.01,9.49,9.64,3.03,3.97,2.58,8.18,1.7,6.92,9.64
20260903B41,最低落札価格（電源属地別）[円/kW・30分],0.92,3.89,0.39,0.59,3.97,2.58,2.29,0.36,2.39,0.36
20260903B41,平均落札価格（電源属地別）[円/kW・30分],1.01,7.53,3.96,1.93,3.97,2.58,6.84,0.83,5.78,3.86
20260903B41,最高落札価格（TSO別）[円/kW・30分],1.01,9.64,9.5,3.03,3.97,8.04,8.18,1.6,8.18,9.64
20260903B41,最低落札価格（TSO別）[円/kW・30分],0.92,0.39,0.39,0.59,0.62,0.36,2.29,0.36,0.36,0.36
20260903B41,平均落札価格（TSO別）[円/kW・30分],1.01,7.08,3.6,1.95,2.85,1.71,7.27,1.45,5.19,3.86
20260903B41,落札量合計（TSO別）[MW],94.95,187,561,250,61,148,162,42,167,1672.95
20260903B41,（内訳）自エリアからの落札量[MW],94.95,106.645,561,250,19,13.174,162,42,128.85,1377.619
20260903B42,募集量（TSO別）[MW],63,187,561,250,59,147,146,42,167,1622
20260903B42,応札量合計（電源属地別）[MW],159.668,113.49,685.577,425.507,22.929,95.92,227.823,180.473,219.161,2130.548
20260903B42,落札量合計（電源属地別）[MW],94.95,113.406,634.594,250.929,19,61.205,193.078,166,136.778,1669.94
20260903B42,応札件数（電源属地別）[件],7,23,78,77,3,19,23,9,53,292
20260903B42,落札件数（電源属地別）[件],4,23,69,17,1,8,5,6,12,145
20260903B42,最高落札価格（電源属地別）[円/kW・30分],1.01,10,9.79,3,2.82,3,7.01,1.7,6.36,10
20260903B42,最低落札価格（電源属地別）[円/kW・30分],0.92,4.08,0.39,1.45,2.82,2.58,2,0.36,2.39,0.36
20260903B42,平均落札価格（電源属地別）[円/kW・30分],1.01,7.79,4,1.63,2.82,2.67,6.51,0.83,5.1,3.73
20260903B42,最高落札価格（TSO別）[円/kW・30分],1.01,10,9.64,3,3,7.01,7.01,1.6,7.01,10
20260903B42,最低落札価格（TSO別）[円/kW・30分],0.92,2.4,0.39,1.45,0.36,0.36,2.13,0.36,0.36,0.36
20260903B42,平均落札価格（TSO別）[円/kW・30分],1.01,7.85,3.49,1.62,1.46,2.51,6.48,1.48,4.46,3.73
20260903B42,落札量合計（TSO別）[MW],94.95,187,561,250,59,147,161.99,42,167,1669.94
20260903B42,（内訳）自エリアからの落札量[MW],94.95,113.406,561,250,19,55.359,161.99,42,136.778,1434.483
20260903B43,募集量（TSO別）[MW],63,97,560,250,59,147,144,42,167,1529
20260903B43,応札量合計（電源属地別）[MW],157.718,87.56,715.367,431.527,9.785,95.92,227.823,187.473,193.267,2106.44
20260903B43,落札量合計（電源属地別）[MW],93,70.692,586.308,257.548,7.786,57.415,193.078,184.543,124.62,1574.99
20260903B43,応札件数（電源属地別）[件],6,20,77,73,3,19,23,8,50,279
20260903B43,落札件数（電源属地別）[件],3,15,36,14,2,6,5,6,17,104
20260903B43,最高落札価格（電源属地別）[円/kW・30分],1.01,9.4,9.34,2,3.22,3,6.56,2.5,5.9,9.4
20260903B43,最低落札価格（電源属地別）[円/kW・30分],0.92,5.45,0.39,1.37,2.37,2.58,2,0.36,2.39,0.36
20260903B43,平均落札価格（電源属地別）[円/kW・30分],1.01,8.16,3.14,1.63,2.58,2.65,6.13,0.73,4.77,3.18
20260903B43,最高落札価格（TSO別）[円/kW・30分],1.01,9.4,9.3,2,6.43,6.56,6.56,1.6,5.9,9.4
20260903B43,最低落札価格（TSO別）[円/kW・30分],0.92,0.39,0.39,1.37,0.36,0.36,0.36,0.36,0.36,0.36
20260903B43,平均落札価格（TSO別）[円/kW・30分],1.01,6.8,3.14,1.62,2.82,2.46,5.8,0.78,3.65,3.18
20260903B43,落札量合計（TSO別）[MW],93,97,560,250,59,147,159.99,42,167,1574.99
20260903B43,（内訳）自エリアからの落札量[MW],93,70.692,560,250,7.786,55.417,148.482,42,124.62,1351.997
20260903B44,募集量（TSO別）[MW],64,97,560,251,59,147,144,42,168,1532
20260903B44,応札量合計（電源属地別）[MW],169.708,89.49,715.905,344.515,7.923,95.92,229.623,187.473,195.251,2035.808
20260903B44,落札量合計（電源属地別）[MW],94,76.85,580.15,251,5.924,61.205,193.078,184.543,131.24,1577.99
20260903B44,応札件数（電源属地別）[件],8,21,78,68,3,19,24,8,51,280
20260903B44,落札件数（電源属地別）[件],4,14,47,23,2,8,5,6,20,129
20260903B44,最高落札価格（電源属地別）[円/kW・30分],1.01,9.4,9.4,5.4,3,3,6.38,2.5,6.79,9.4
20260903B44,最低落札価格（電源属地別）[円/kW・30分],0.92,5.45,0.39,0.98,1.87,2.58,2.06,0.36,2.39,0.36
20260903B44,平均落札価格（電源属地別）[円/kW・30分],1,7.8,3.69,1.62,2.24,2.67,5.7,0.73,5.42,3.4
20260903B44,最高落札価格（TSO別）[円/kW・30分],1.01,9.4,9.4,5.4,6.05,6.05,6.38,1.6,6.79,9.4
20260903B44,最低落札価格（TSO別）[円/kW・30分],0.92,3.21,0.39,0.98,0.36,0.36,0.36,0.36,0.36,0.36
20260903B44,平均落札価格（TSO別）[円/kW・30分],1,7.95,3.52,1.62,2.56,2.68,5.18,0.58,4.32,3.4
20260903B44,落札量合計（TSO別）[MW],94,97,560,251,59,147,159.99,42,168,1577.99
20260903B44,（内訳）自エリアからの落札量[MW],94,76.85,560,251,5.924,54.205,140.072,42,131.24,1355.291
20260903B45,募集量（TSO別）[MW],65,97,560,251,59,147,144,42,168,1533
20260903B45,応札量合計（電源属地別）[MW],171.658,89.49,539.777,396.006,3.929,95.92,229.623,214.473,192.251,1933.127
20260903B45,落札量合計（電源属地別）[MW],94.95,89.49,531.682,251,1.93,52.703,197.036,211.543,112.778,1543.112
20260903B45,応札件数（電源属地別）[件],9,21,75,71,2,19,24,11,50,282
20260903B45,落札件数（電源属地別）[件],5,21,71,24,1,6,7,9,11,155
20260903B45,最高落札価格（電源属地別）[円/kW・30分],1.01,10,9.9,5.88,2.79,3,6.38,2.48,6.62,10
20260903B45,最低落札価格（電源属地別）[円/kW・30分],0.92,5.45,0.39,0.4,2.79,2.58,2.13,0.36,2.39,0.36
20260903B45,平均落札価格（電源属地別）[円/kW・30分],1,8.18,3.74,1.82,2.79,2.62,5.13,0.86,5.51,3.39
20260903B45,最高落札価格（TSO別）[円/kW・30分],1.01,10,9.9,5.88,5.42,5.29,6.38,1.6,6.62,10
20260903B45,最低落札価格（TSO別）[円/kW・30分],0.92,5.45,0.39,0.4,0.36,0.36,2.13,0.36,0.36,0.36
20260903B45,平均落札価格（TSO別）[円/kW・30分],1,8.18,3.74,1.82,2.8,1.78,5.08,0.76,4.08,3.39
20260903B45,落札量合計（TSO別）[MW],94.95,89.49,531.682,251,59,147,159.99,42,168,1543.112
20260903B45,（内訳）自エリアからの落札量[MW],94.95,89.49,531.682,251,1.93,49.703,159.99,42,112.778,1333.523
20260903B46,募集量（TSO別）[MW],65,96,558,250,59,145,144,42,167,1526
20260903B46,応札量合計（電源属地別）[MW],206.508,89.49,644.281,426.087,3.929,95.92,229.623,214.473,195.251,2105.562
20260903B46,落札量合計（電源属地別）[MW],140.8,82.645,571.355,250,0,47.425,195.078,211.543,118.944,1617.79
20260903B46,応札件数（電源属地別）[件],9,21,75,73,2,19,24,10,51,284
20260903B46,落札件数（電源属地別）[件],6,17,55,16,0,1,7,8,14,124
20260903B46,最高落札価格（電源属地別）[円/kW・30分],1.01,9.49,9.49,4.99,0,2.58,6.38,2.48,6.25,9.49
20260903B46,最低落札価格（電源属地別）[円/kW・30分],0.92,5.45,0.39,1.26,0,2.58,2,0.36,2.33,0.36
20260903B46,平均落札価格（電源属地別）[円/kW・30分],1,8.15,3.69,1.78,0,2.58,4.49,0.86,5.14,3.19
20260903B46,最高落札価格（TSO別）[円/kW・30分],1.01,9.49,9.49,4.99,4.64,4.64,6.38,1.7,6.25,9.49
20260903B46,最低落札価格（TSO別）[円/kW・30分],0.92,5.45,0.39,1.26,0.36,0.36,2.13,0.36,0.36,0.36
20260903B46,平均落札価格（TSO別）[円/kW・30分],1,7.93,3.62,1.78,1.52,1.53,4.58,1.23,4.17,3.19
20260903B46,落札量合計（TSO別）[MW],140.8,96,558,250,59,145,159.99,42,167,1617.79
20260903B46,（内訳）自エリアからの落札量[MW],140.8,82.645,558,250,0,44.425,159.99,42,118.944,1396.804
20260903B47,募集量（TSO別）[MW],65,95,556,249,58,144,143,42,167,1519
20260903B47,応札量合計（電源属地別）[MW],198.708,89.49,489.821,378.04,3.929,95.92,229.623,214.473,222.251,1922.255
20260903B47,落札量合計（電源属地別）[MW],133,89.49,478.126,249,0,26.629,193.078,214.473,136.81,1520.606
20260903B47,応札件数（電源属地別）[件],8,21,70,70,2,19,24,10,52,276
20260903B47,落札件数（電源属地別）[件],5,21,65,46,0,1,5,10,10,163
20260903B47,最高落札価格（電源属地別）[円/kW・30分],1.01,10,9.9,7.49,0,2.58,6.38,2.48,6.92,10
20260903B47,最低落札価格（電源属地別）[円/kW・30分],0.39,3.83,0.39,0.77,0,2.58,2,0.36,2.07,0.36
20260903B47,平均落札価格（電源属地別）[円/kW・30分],0.82,7.18,4.42,2.76,0,2.58,3.87,0.84,6.16,3.55
20260903B47,最高落札価格（TSO別）[円/kW・30分],1.01,10,9.9,7.49,3.88,3.88,6.38,2.3,6.92,10
20260903B47,最低落札価格（TSO別）[円/kW・30分],0.39,3.83,0.39,0.77,0.36,0.36,2.13,0.36,0.36,0.36
20260903B47,平均落札価格（TSO別）[円/kW・30分],0.82,7.18,4.42,2.76,1.97,1.25,3.94,1.01,5.22,3.55
20260903B47,落札量合計（TSO別）[MW],133,89.49,478.126,249,58,144,159.99,42,167,1520.606
20260903B47,（内訳）自エリアからの落札量[MW],133,89.49,478.126,249,0,25.629,159.99,42,136.81,1314.045
20260903B48,募集量（TSO別）[MW],65,94,555,246,57,142,143,42,167,1511
20260903B48,応札量合計（電源属地別）[MW],198.708,87.99,566.079,412.727,5.987,138.434,215.82,161.973,209.423,1997.141
20260903B48,落札量合計（電源属地別）[MW],133,87.99,556.734,246,3.988,102.707,179.275,161.973,154.531,1626.198
20260903B48,応札件数（電源属地別）[件],8,20,72,70,3,22,23,9,49,276
20260903B48,落札件数（電源属地別）[件],5,20,68,35,2,11,4,9,20,174
20260903B48,最高落札価格（電源属地別）[円/kW・30分],1.01,10,9.9,6.99,2.79,3,3.66,2.48,6.54,10
20260903B48,最低落札価格（電源属地別）[円/kW・30分],0.46,5.45,0.39,1.01,0.39,0.39,2,0.36,1.85,0.36
20260903B48,平均落札価格（電源属地別）[円/kW・30分],0.84,7.82,4.2,2.64,1.55,1.73,3.47,1,5.39,3.44
20260903B48,最高落札価格（TSO別）[円/kW・30分],1.01,10,9.9,6.99,2.79,3.66,3.66,1.7,6.54,10
20260903B48,最低落札価格（TSO別）[円/kW・30分],0.46,2.8,0.39,1.01,0.38,0.36,2.13,0.36,1.85,0.36
20260903B48,平均落札価格（TSO別）[円/kW・30分],0.84,7.73,4.21,2.64,1.59,1.47,3.46,0.89,5.24,3.44
20260903B48,落札量合計（TSO別）[MW],133,89.724,555,246,57,184.514,151.96,42,167,1626.198
20260903B48,（内訳）自エリアからの落札量[MW],133,87.99,555,246,3.988,101.18,151.96,42,154.531,1475.649
20260904B01,募集量（TSO別）[MW],64,175,539,117,53,132,140,41,163,1424
20260904B01,応札量合計（電源属地別）[MW],157.658,72.939,495.495,188.387,22.929,67.603,172.354,109.473,182.766,1469.604
20260904B01,落札量合計（電源属地別）[MW],126.918,72.939,478.633,144.934,22.929,52.924,172.354,109.473,163,1344.104
20260904B01,応札件数（電源属地別）[件],7,12,63,43,3,19,14,9,35,205
20260904B01,落札件数（電源属地別）[件],4,12,55,21,3,12,14,9,25,155
20260904B01,最高落札価格（電源属地別）[円/kW・30分],1.01,10,9.59,6,2.79,6,5,2.82,4.22,10
20260904B01,最低落札価格（電源属地別）[円/kW・30分],0.39,8.22,0.39,0.39,0.39,0.39,0.39,0.38,1.91,0.38
20260904B01,平均落札価格（電源属地別）[円/kW・30分],0.82,8.71,3.56,2.43,0.69,1.69,3.09,1.35,3.54,3.09
20260904B01,最高落札価格（TSO別）[円/kW・30分],1.01,10,9.59,6,5.99,6,3.88,1.7,4.22,10
20260904B01,最低落札価格（TSO別）[円/kW・30分],0.39,8.22,0.39,0.39,0.39,0.38,0.39,0.38,1.91,0.38
20260904B01,平均落札価格（TSO別）[円/kW・30分],0.82,8.71,3.56,2.09,2.51,2.09,2.91,0.86,3.54,3.09
20260904B01,落札量合計（TSO別）[MW],126.918,72.939,478.633,117,53,151.614,140,41,163,1344.104
20260904B01,（内訳）自エリアからの落札量[MW],126.918,72.939,478.633,117,22.929,52.924,140,41,163,1215.343
20260904B02,募集量（TSO別）[MW],64,175,539,117,53,132,140,41,163,1424
20260904B02,応札量合計（電源属地別）[MW],157.658,83.609,472.855,180.091,22.929,95.414,172.354,109.473,184.39,1478.773
20260904B02,落札量合計（電源属地別）[MW],128.908,83.609,454.906,117,22.929,79.644,158.458,109.473,158.496,1313.423
20260904B02,応札件数（電源属地別）[件],7,13,62,48,3,19,14,9,36,211
20260904B02,落札件数（電源属地別）[件],5,13,53,16,3,11,8,9,25,143
20260904B02,最高落札価格（電源属地別）[円/kW・30分],1.01,10,9.5,6,2.39,3,4.5,2.82,3.37,10
20260904B02,最低落札価格（電源属地別）[円/kW・30分],0.53,6.31,0.39,0.39,0.39,1.33,0.39,0.38,1.05,0.38
20260904B02,平均落札価格（電源属地別）[円/kW・30分],0.86,8.77,3.04,2.38,0.66,2.25,3.31,1.42,2.89,2.92
20260904B02,最高落札価格（TSO別）[円/kW・30分],1.01,10,9.5,6,3,4.5,4.5,1.7,4.5,10
20260904B02,最低落札価格（TSO別）[円/kW・30分],0.53,6.31,0.39,0.39,0.38,1.33,0.39,0.38,1.05,0.38
20260904B02,平均落札価格（TSO別）[円/kW・30分],0.86,8.77,3.04,2.38,1.39,2.22,3.29,0.65,2.93,2.92
20260904B02,落札量合計（TSO別）[MW],128.908,83.609,454.906,117,53,132,140,41,163,1313.423
20260904B02,（内訳）自エリアからの落札量[MW],128.908,83.609,454.906,117,22.929,61.567,140,41,158.496,1208.415
20260904B03,募集量（TSO別）[MW],64,175,539,117,53,132,140,41,163,1424
20260904B03,応札量合計（電源属地別）[MW],155.708,99.491,443.817,217.786,22.929,93.454,172.354,109.473,163.413,1478.425
20260904B03,落札量合計（電源属地別）[MW],141,99.491,420.657,117,22.929,80.244,172.354,109.473,144,1307.148
20260904B03,応札件数（電源属地別）[件],6,21,64,59,3,18,14,9,41,235
20260904B03,落札件数（電源属地別）[件],5,21,53,25,3,12,14,9,32,174
20260904B03,最高落札価格（電源属地別）[円/kW・30分],1.01,10,9.47,6.78,5.67,6,5,4.8,3.93,10
20260904B03,最低落札価格（電源属地別）[円/kW・30分],0.5,6.31,0.39,0.39,0.52,1.33,0.39,0.38,1.61,0.38
20260904B03,平均落札価格（電源属地別）[円/kW・30分],0.87,9.32,2.66,2.62,1.04,2.37,3.56,1.63,3.3,3.03
20260904B03,最高落札価格（TSO別）[円/kW・30分],1.01,10,9.47,6.78,6,6,4.69,1.7,5,10
20260904B03,最低落札価格（TSO別）[円/kW・30分],0.5,6.31,0.39,0.39,0.52,0.38,0.39,0.38,1.61,0.38
20260904B03,平均落札価格（TSO別）[円/kW・30分],0.87,9.32,2.66,2.62,2.72,2.12,3.33,0.67,3.45,3.03
20260904B03,落札量合計（TSO別）[MW],141,99.491,420.657,117,53,132,140,41,163,1307.148
20260904B03,（内訳）自エリアからの落札量[MW],141,99.491,420.657,117,22.929,80.11,140,41,144,1206.187
20260904B04,募集量（TSO別）[MW],64,175,539,117,53,132,140,41,163,1424
20260904B04,応札量合計（電源属地別）[MW],161.558,111.491,455.525,235.928,22.929,95.334,176.144,109.473,163.264,1531.646
20260904B04,落札量合計（電源属地別）[MW],130.818,111.491,420.666,117,20.999,81.515,172.024,109.473,144.989,1308.975
20260904B04,応札件数（電源属地別）[件],6,22,70,60,3,19,16,9,41,246
20260904B04,落札件数（電源属地別）[件],3,22,53,25,2,12,14,9,32,172
20260904B04,最高落札価格（電源属地別）[円/kW・30分],1.01,10,9.9,6.78,1.5,3,5,4.8,4.22,10
20260904B04,最低落札価格（電源属地別）[円/kW・30分],0.92,6.31,0.39,0.39,0.52,1.33,0.39,0.38,1.76,0.38
20260904B04,平均落札価格（電源属地別）[円/kW・30分],1.01,9.1,2.82,2.73,0.61,2.28,3.52,1.63,3.48,3.16
20260904B04,最高落札価格（TSO別）[円/kW・30分],1.01,10,9.9,6.78,4.8,5,4.69,1.7,5,10
20260904B04,最低落札価格（TSO別）[円/kW・30分],0.92,6.31,0.39,0.39,0.38,1.33,0.39,0.38,1.76,0.38
20260904B04,平均落札価格（TSO別）[円/kW・30分],1.01,9.1,2.82,2.73,1.42,2.44,3.33,0.98,3.59,3.16
20260904B04,落札量合計（TSO別）[MW],130.818,111.491,420.666,117,53,132,140,41,163,1308.975
20260904B04,（内訳）自エリアからの落札量[MW],130.818,111.491,420.666,117,20.999,81.515,140,41,144.989,1208.478
20260904B05,募集量（TSO別）[MW],64,175,537,116,53,131,140,40,163,1419
20260904B05,応札量合計（電源属地別）[MW],197.658,109.493,443.553,218.07,5.241,93.336,176.144,109.473,163.075,1516.043
20260904B05,落札量合計（電源属地別）[MW],133.95,109.493,418.666,116,5.241,91.153,176.144,109.473,144.989,1305.109
20260904B05,応札件数（電源属地別）[件],8,21,64,51,3,18,16,9,41,231
20260904B05,落札件数（電源属地別）[件],5,21,52,33,3,17,16,9,32,188
20260904B05,最高落札価格（電源属地別）[円/kW・30分],1.01,10,9.9,6.89,3.64,6,5,2.82,3.99,10
20260904B05,最低落札価格（電源属地別）[円/kW・30分],0.51,6.31,0.39,0.39,0.47,1.33,0.39,0.38,1.61,0.38
20260904B05,平均落札価格（電源属地別）[円/kW・30分],0.86,9.24,2.98,3.47,2.03,2.67,3.51,1.42,3.3,3.28
20260904B05,最高落札価格（TSO別）[円/kW・30分],1.01,10,9.9,6.89,5,6,4.64,1.7,5,10
20260904B05,最低落札価格（TSO別）[円/kW・30分],0.51,6.31,0.39,0.39,0.47,0.38,0.39,0.38,1.61,0.38
20260904B05,平均落札価格（TSO別）[円/kW・30分],0.86,9.24,2.98,3.47,2.06,2.53,3.38,0.88,3.44,3.28
20260904B05,落札量合計（TSO別）[MW],133.95,109.493,418.666,116,53,131,140,40,163,1305.109
20260904B05,（内訳）自エリアからの落札量[MW],133.95,109.493,418.666,116,5.241,91.153,140,40,144.989,1199.492
20260904B06,募集量（TSO別）[MW],64,175,537,116,53,130,140,40,163,1418
20260904B06,応札量合計（電源属地別）[MW],242.508,109.493,443.553,222.121,19.089,93.336,176.144,109.473,195.911,1611.628
20260904B06,落札量合計（電源属地別）[MW],166,109.493,418.666,116,17.159,83.511,158.783,109.473,157.074,1336.159
20260904B06,応札件数（電源属地別）[件],9,21,64,53,3,18,16,9,42,235
20260904B06,落札件数（電源属地別）[件],6,21,52,33,2,13,8,9,22,166
20260904B06,最高落札価格（電源属地別）[円/kW・30分],1.01,10,9.9,6.84,1.5,3,4.5,2.5,3.37,10
20260904B06,最低落札価格（電源属地別）[円/kW・30分],0.43,6.31,0.39,0.39,0.39,1.33,0.39,0.38,1.05,0.38
20260904B06,平均落札価格（電源属地別）[円/kW・30分],0.87,9.23,2.91,3.65,0.52,2.3,3.33,1.38,2.93,3.1
20260904B06,最高落札価格（TSO別）[円/kW・30分],1.01,10,9.9,6.84,4.5,3,4.5,1.7,4.5,10
20260904B06,最低落札価格（TSO別）[円/kW・30分],0.43,6.31,0.39,0.39,0.38,0.38,0.39,0.38,1.05,0.38
20260904B06,平均落札価格（TSO別）[円/kW・30分],0.87,9.23,2.91,3.65,1.46,2.11,3.29,1.06,2.97,3.1
20260904B06,落札量合計（TSO別）[MW],166,109.493,418.666,116,53,130,140,40,163,1336.159
20260904B06,（内訳）自エリアからの落札量[MW],166,109.493,418.666,116,17.159,83.511,140,40,157.074,1247.903
20260904B07,募集量（TSO別）[MW],63,174,536,116,53,131,140,41,164,1418
20260904B07,応札量合計（電源属地別）[MW],195.618,109.991,455.525,241.879,22.929,101.23,193.003,75.473,210.227,1605.875
20260904B07,落札量合計（電源属地別）[MW],131,109.991,417.666,116,20.999,83.511,185.03,75.473,163.987,1303.657
20260904B07,応札件数（電源属地別）[件],7,21,70,63,3,22,25,7,49,267
20260904B07,落札件数（電源属地別）[件],4,21,51,33,2,13,21,7,25,177
20260904B07,最高落札価格（電源属地別）[円/kW・30分],1.01,10,9.9,6.84,1.5,3,5.45,3,3.37,10
20260904B07,最低落札価格（電源属地別）[円/kW・30分],0.43,6.31,0.39,0.39,0.39,1.33,0.39,1.42,1.05,0.39
20260904B07,平均落札価格（電源属地別）[円/kW・30分],0.83,9.12,2.68,3.66,0.5,2.26,3.48,1.83,2.93,3.16
20260904B07,最高落札価格（TSO別）[円/kW・30分],1.01,10,9.9,6.84,5.45,5.45,4.34,1.7,5.45,10
20260904B07,最低落札価格（TSO別）[円/kW・30分],0.43,6.31,0.39,0.39,0.39,1.33,0.39,1.42,1.05,0.39
20260904B07,平均落札価格（TSO別）[円/kW・30分],0.83,9.12,2.68,3.66,2.1,2.81,3.13,1.54,2.93,3.16
20260904B07,落札量合計（TSO別）[MW],131,109.991,417.666,116,53,131,140,41,164,1303.657
20260904B07,（内訳）自エリアからの落札量[MW],131,109.991,417.666,116,20.999,71.511,140,41,163.987,1212.154
20260904B08,募集量（TSO別）[MW],63,174,537,116,53,131,140,41,164,1419
20260904B08,応札量合計（電源属地別）[MW],240.468,111.491,452.085,239.969,22.929,101.23,193.003,63.93,175.383,1600.488
20260904B08,落札量合計（電源属地別）[MW],157,111.491,418.666,124.811,22.929,94.336,193.003,63.93,145.991,1332.157
20260904B08,応札件数（電源属地別）[件],8,22,68,62,3,22,25,6,47,263
20260904B08,落札件数（電源属地別）[件],5,22,52,38,3,19,25,6,32,202
20260904B08,最高落札価格（電源属地別）[円/kW・30分],1.01,10,9.9,6.89,3.42,7.8,7,3.5,5.74,10
20260904B08,最低落札価格（電源属地別）[円/kW・30分],0.41,6.31,0.39,0.51,0.39,1.33,0.39,1.57,1.05,0.39
20260904B08,平均落札価格（電源属地別）[円/kW・30分],0.86,8.91,2.76,3.85,0.74,2.73,3.68,1.71,2.98,3.22
20260904B08,最高落札価格（TSO別）[円/kW・30分],1.01,10,9.9,6.89,5.45,7.8,4.5,1.6,7,10
20260904B08,最低落札価格（TSO別）[円/kW・30分],0.41,6.31,0.39,0.51,0.39,1.33,0.39,1.57,1.05,0.39
20260904B08,平均落札価格（TSO別）[円/kW・30分],0.86,8.91,2.76,3.84,2.5,2.87,3.29,1.59,3.23,3.22
20260904B08,落札量合計（TSO別）[MW],157,111.491,418.666,116,53,131,140,41,164,1332.157
20260904B08,（内訳）自エリアからの落札量[MW],157,111.491,418.666,116,22.929,94.336,140,41,145.991,1247.413
20260904B09,募集量（TSO別）[MW],63,174,538,116,53,132,140,41,165,1422
20260904B09,応札量合計（電源属地別）[MW],199.558,113.49,453.605,243.769,22.929,101.23,193.003,75.473,212.211,1615.268
20260904B09,落札量合計（電源属地別）[MW],131,113.49,419.666,116,22.929,83.511,184.087,75.473,165,1311.156
20260904B09,応札件数（電源属地別）[件],9,23,69,64,3,22,25,7,50,272
20260904B09,落札件数（電源属地別）[件],4,23,52,25,3,13,21,7,26,174
20260904B09,最高落札価格（電源属地別）[円/kW・30分],1.01,10,9.9,6.78,2.32,3,5,4,3.37,10
20260904B09,最低落札価格（電源属地別）[円/kW・30分],0.41,6.31,0.39,0.85,0.39,1.33,0.39,1.57,1.05,0.39
20260904B09,平均落札価格（電源属地別）[円/kW・30分],0.83,8.8,2.84,3.16,0.65,2.26,3.46,1.9,2.91,3.15
20260904B09,最高落札価格（TSO別）[円/kW・30分],1.01,10,9.9,6.78,5,5,4.5,1.7,3.37,10
20260904B09,最低落札価格（TSO別）[円/kW・30分],0.41,6.31,0.39,0.85,0.39,1.33,0.39,1.57,1.05,0.39
20260904B09,平均落札価格（TSO別）[円/kW・30分],0.83,8.8,2.84,3.16,1.81,2.74,3.29,1.59,2.91,3.15
20260904B09,落札量合計（TSO別）[MW],131,113.49,419.666,116,53,132,140,41,165,1311.156
20260904B09,（内訳）自エリアからの落札量[MW],131,113.49,419.666,116,22.929,83.052,140,41,165,1232.137
20260904B10,募集量（TSO別）[MW],63,174,538,116,53,132,140,41,165,1422
20260904B10,応札量合計（電源属地別）[MW],244.408,113.49,457.375,243.769,22.929,101.23,193.003,75.473,210.263,1661.94
20260904B10,落札量合計（電源属地別）[MW],159,113.49,419.666,116,22.929,83.511,187.017,72.543,165,1339.156
20260904B10,応札件数（電源属地別）[件],10,23,72,64,3,22,25,7,49,275
20260904B10,落札件数（電源属地別）[件],5,23,53,25,3,13,22,5,26,175
20260904B10,最高落札価格（電源属地別）[円/kW・30分],1.01,10,9.9,6.78,2.79,3,5,2.5,3.92,10
20260904B10,最低落札価格（電源属地別）[円/kW・30分],0.53,5.69,0.39,1.51,0.47,1.33,0.39,1.6,1.61,0.39
20260904B10,平均落札価格（電源属地別）[円/kW・30分],0.89,8.32,3.17,3.38,0.8,2.3,3.49,1.77,3.33,3.25
20260904B10,最高落札価格（TSO別）[円/kW・30分],1.01,10,9.9,6.78,5,5,4.64,1.7,3.92,10
20260904B10,最低落札価格（TSO別）[円/kW・30分],0.53,5.69,0.39,1.51,0.47,1.33,0.39,1.6,1.61,0.39
20260904B10,平均落札価格（TSO別）[円/kW・30分],0.89,8.32,3.17,3.38,2.09,2.59,3.38,1.6,3.33,3.25
20260904B10,落札量合計（TSO別）[MW],159,113.49,419.666,116,53,132,140,41,165,1339.156
20260904B10,（内訳）自エリアからの落札量[MW],159,113.49,419.666,116,22.929,83.511,140,41,165,1260.596
20260904B11,募集量（TSO別）[MW],63,174,538,116,53,132,140,41,165,1422
20260904B11,応札量合計（電源属地別）[MW],157.608,113.49,432.79,263.98,22.929,86.23,193.003,75.473,210.263,1555.766
20260904B11,落札量合計（電源属地別）[MW],124.968,113.49,395.081,121.5,22.929,77.974,187.054,72.543,165,1280.539
20260904B11,応札件数（電源属地別）[件],7,23,70,66,3,21,25,7,49,271
20260904B11,落札件数（電源属地別）[件],3,23,51,19,3,17,22,5,26,169
20260904B11,最高落札価格（電源属地別）[円/kW・30分],1.01,10,9.9,6,3.48,6,5,2.5,4.61,10
20260904B11,最低落札価格（電源属地別）[円/kW・30分],0.4,5.58,0.39,1.2,0.52,1.36,0.39,1.6,2.29,0.39
20260904B11,平均落札価格（電源属地別）[円/kW・30分],0.82,8.25,3.93,3.07,0.9,2.93,3.58,1.77,3.85,3.63
20260904B11,最高落札価格（TSO別）[円/kW・30分],1.01,10,9.9,6,6,6,4.69,1.7,4.61,10
20260904B11,最低落札価格（TSO別）[円/kW・30分],0.4,5.58,0.39,1.2,0.52,1.36,0.39,1.6,2.29,0.39
20260904B11,平均落札価格（TSO別）[円/kW・30分],0.82,8.25,3.93,2.95,2.28,3.15,3.41,1.6,3.85,3.63
20260904B11,落札量合計（TSO別）[MW],124.968,113.49,395.081,116,53,132,140,41,165,1280.539
20260904B11,（内訳）自エリアからの落札量[MW],124.968,113.49,395.081,116,22.929,77.974,140,41,165,1196.442
20260904B12,募集量（TSO別）[MW],63,174,538,116,53,132,140,41,165,1422
20260904B12,応札量合計（電源属地別）[MW],155.618,113.49,439.686,244.259,22.929,101.23,193.003,75.473,212.211,1557.899
20260904B12,落札量合計（電源属地別）[MW],124.968,113.49,401.977,116,22.929,83.511,187.017,72.543,165,1287.435
20260904B12,応札件数（電源属地別）[件],6,23,70,64,3,22,25,7,50,270
20260904B12,落札件数（電源属地別）[件],3,23,51,25,3,13,22,5,26,171
20260904B12,最高落札価格（電源属地別）[円/kW・30分],1.01,10,9.9,6.78,3.6,3,5,2.5,3.92,10
20260904B12,最低落札価格（電源属地別）[円/kW・30分],0.51,5.73,0.39,1.4,0.52,1.33,0.39,1.6,1.61,0.39
20260904B12,平均落札価格（電源属地別）[円/kW・30分],0.85,8.34,3.29,3.5,0.91,2.3,3.58,1.77,3.32,3.37
20260904B12,最高落札価格（TSO別）[円/kW・30分],1.01,10,9.9,6.78,5,5,4.69,1.7,3.92,10
20260904B12,最低落札価格（TSO別）[円/kW・30分],0.51,5.73,0.39,1.4,0.52,1.33,0.39,1.6,1.61,0.39
20260904B12,平均落札価格（TSO別）[円/kW・30分],0.85,8.34,3.29,3.5,2.8,2.5,3.33,1.6,3.32,3.37
20260904B12,落札量合計（TSO別）[MW],124.968,113.49,401.977,116,53,132,140,41,165,1287.435
20260904B12,（内訳）自エリアからの落札量[MW],124.968,113.49,401.977,116,22.929,83.511,140,41,165,1208.875
20260904B13,募集量（TSO別）[MW],65,183,559,126,57,145,141,44,168,1488
20260904B13,応札量合計（電源属地別）[MW],168.892,113.49,464.085,284.783,22.929,101.23,226.928,109.473,214.197,1706.007
20260904B13,落札量合計（電源属地別）[MW],138.152,113.49,441.472,131.316,22.929,76.34,172.942,109.473,168,1374.114
20260904B13,応札件数（電源属地別）[件],8,23,74,67,3,22,25,8,51,281
20260904B13,落札件数（電源属地別）[件],7,23,63,33,3,16,21,8,27,201
20260904B13,最高落札価格（電源属地別）[円/kW・30分],8.9,10,9.9,6.87,3.92,6,5.42,2.5,3.62,10
20260904B13,最低落札価格（電源属地別）[円/kW・30分],0.55,5.77,0.39,1.4,1.25,1.36,0.39,0.38,1.3,0.38
20260904B13,平均落札価格（電源属地別）[円/kW・30分],1.53,8.36,4.07,3.62,1.54,2.95,4.14,1.39,3.11,3.7
20260904B13,最高落札価格（TSO別）[円/kW・30分],8.9,10,9.9,6.87,6.84,6,5.42,1.7,3.62,10
20260904B13,最低落札価格（TSO別）[円/kW・30分],0.55,5.77,0.39,1.4,1.25,0.38,0.39,0.38,1.3,0.38
20260904B13,平均落札価格（TSO別）[円/kW・30分],1.53,8.36,4.07,3.51,2.75,2.58,4.09,1.21,3.11,3.7
20260904B13,落札量合計（TSO別）[MW],138.152,113.49,441.472,126,57,145,141,44,168,1374.114
20260904B13,（内訳）自エリアからの落札量[MW],138.152,113.49,441.472,126,22.929,76.34,141,44,168,1271.383
20260904B14,募集量（TSO別）[MW],65,188,567,129,57,148,142,44,169,1509
20260904B14,応札量合計（電源属地別）[MW],178.658,111.99,464.085,295.12,22.929,101.23,226.928,109.473,210.345,1720.758
20260904B14,落札量合計（電源属地別）[MW],144.052,111.99,449.472,159.079,22.929,66.515,162.004,109.473,169,1394.514
20260904B14,応札件数（電源属地別）[件],8,22,74,64,3,22,25,8,49,275
20260904B14,落札件数（電源属地別）[件],7,22,67,13,3,11,16,8,28,175
20260904B14,最高落札価格（電源属地別）[円/kW・30分],8.85,10,9.9,4.49,2.59,3,5.42,2.5,4.27,10
20260904B14,最低落札価格（電源属地別）[円/kW・30分],0.46,6.27,0.39,0.69,1.25,1.36,0.39,0.38,1.95,0.38
20260904B14,平均落札価格（電源属地別）[円/kW・30分],1.8,8.63,4.13,2.22,1.43,2.49,4.09,1.39,3.62,3.63
20260904B14,最高落札価格（TSO別）[円/kW・30分],8.85,10,9.9,3.9,4.63,4.63,5.42,1.7,4.27,10
20260904B14,最低落札価格（TSO別）[円/kW・30分],0.46,6.27,0.39,0.69,1.25,0.38,0.39,0.38,1.95,0.38
20260904B14,平均落札価格（TSO別）[円/kW・30分],1.8,8.63,4.13,2.07,2.41,2.22,4.09,1.17,3.62,3.63
20260904B14,落札量合計（TSO別）[MW],144.052,111.99,449.472,129,57,148,142,44,169,1394.514
20260904B14,（内訳）自エリアからの落札量[MW],144.052,111.99,449.472,129,22.929,66.494,142,44,169,1278.937
20260904B15,募集量（TSO別）[MW],66,194,572,132,58,152,143,45,170,1532
20260904B15,応札量合計（電源属地別）[MW],167.758,113.49,361.574,357.044,22.929,101.23,242.795,161.973,202.695,1731.488
20260904B15,落札量合計（電源属地別）[MW],135.052,113.49,353.861,179.968,20.999,66.515,115.123,161.973,155.422,1302.403
20260904B15,応札件数（電源属地別）[件],8,23,73,67,3,22,26,9,48,279
20260904B15,落札件数（電源属地別）[件],7,23,69,12,2,11,9,9,23,165
20260904B15,最高落札価格（電源属地別）[円/kW・30分],8.85,10,9.9,3.48,2,3,4.32,2.82,4.8,10
20260904B15,最低落札価格（電源属地別）[円/kW・30分],0.55,6.1,0.39,0.4,0.39,1.36,0.39,0.36,2.49,0.36
20260904B15,平均落札価格（電源属地別）[円/kW・30分],1.36,8.55,4.36,1.35,0.54,2.49,2.67,1.07,4.1,3.25
20260904B15,最高落札価格（TSO別）[円/kW・30分],8.85,10,9.9,3.48,3.28,3,4.32,1.7,4.8,10
20260904B15,最低落札価格（TSO別）[円/kW・30分],0.55,6.1,0.39,0.4,0.39,0.36,0.36,0.38,0.36,0.36
20260904B15,平均落札価格（TSO別）[円/kW・30分],1.36,8.55,4.36,0.91,2.13,1.86,2.22,0.81,3.86,3.25
20260904B15,落札量合計（TSO別）[MW],135.052,113.49,353.861,132,58,152,143,45,170,1302.403
20260904B15,（内訳）自エリアからの落札量[MW],135.052,113.49,353.861,132,20.999,66.515,115.123,45,155.422,1137.462
20260904B16,募集量（TSO別）[MW],66,198,577,134,59,156,144,45,171,1550
20260904B16,応札量合計（電源属地別）[MW],219.758,91.99,363.474,428.371,22.929,101.23,255.522,214.473,258.547,1956.294
20260904B16,落札量合計（電源属地別）[MW],142.184,91.99,358.861,180.455,19,62.725,79.813,214.473,152.534,1302.035
20260904B16,応札件数（電源属地別）[件],9,21,74,74,3,22,27,10,51,291
20260904B16,落札件数（電源属地別）[件],8,21,72,10,1,9,9,10,16,156
20260904B16,最高落札価格（電源属地別）[円/kW・30分],8.85,10,9.9,3.07,0.39,3,3,3,5.82,10
20260904B16,最低落札価格（電源属地別）[円/kW・30分],0.58,6.31,0.39,0.42,0.39,1.36,0.39,0.36,1.64,0.36
20260904B16,平均落札価格（電源属地別）[円/kW・30分],1.3,9.12,4.43,0.89,0.39,2.46,1.31,0.9,3.81,2.93
20260904B16,最高落札価格（TSO別）[円/kW・30分],8.85,10,9.9,3.07,3.07,3,3,1.7,5.82,10
20260904B16,最低落札価格（TSO別）[円/kW・30分],0.58,6.31,0.39,0.42,0.39,0.36,0.36,0.38,1.53,0.36
20260904B16,平均落札価格（TSO別）[円/kW・30分],1.3,9.12,4.43,0.64,1.31,1.47,1.08,0.88,3.58,2.93
20260904B16,落札量合計（TSO別）[MW],142.184,91.99,358.861,134,59,156,144,45,171,1302.035
20260904B16,（内訳）自エリアからの落札量[MW],142.184,91.99,358.861,134,19,62.725,79.813,45,152.534,1086.107
20260904B17,募集量（TSO別）[MW],66,198,577,134,60,156,144,45,171,1551
20260904B17,応札量合計（電源属地別）[MW],193.718,93.49,494.273,447.288,22.929,99.38,281.765,214.473,319.197,2166.513
20260904B17,落札量合計（電源属地別）[MW],133,93.49,491.46,146.33,19,64.665,117.994,201.678,160.333,1427.95
20260904B17,応札件数（電源属地別）[件],6,22,73,77,3,21,24,10,52,288
20260904B17,落札件数（電源属地別）[件],4,22,72,9,1,10,12,8,16,154
20260904B17,最高落札価格（電源属地別）[円/kW・30分],1.01,10,9.9,1.55,2.29,3,3,3,6.29,10
20260904B17,最低落札価格（電源属地別）[円/kW・30分],0.39,6.31,0.39,0.74,2.29,1.36,0.39,0.36,1.42,0.36
20260904B17,平均落札価格（電源属地別）[円/kW・30分],0.83,9.23,5.21,1.03,2.29,2.48,1.01,0.78,3.31,3.29
20260904B17,最高落札価格（TSO別）[円/kW・30分],1.01,10,9.9,1.55,2.34,3,1.56,1.7,6.29,10
20260904B17,最低落札価格（TSO別）[円/kW・30分],0.39,6.31,0.39,0.74,0.86,0.36,0.36,0.38,0.36,0.36
20260904B17,平均落札価格（TSO別）[円/kW・30分],0.83,9.23,5.21,1.04,2.03,1.2,0.77,1.15,3.23,3.29
20260904B17,落札量合計（TSO別）[MW],133,93.49,491.46,134,60,156,144,45,171,1427.95
20260904B17,（内訳）自エリアからの落札量[MW],133,93.49,491.46,134,19,35.995,111.236,45,160.333,1223.514
20260904B18,募集量（TSO別）[MW],66,198,577,134,60,156,144,45,171,1551
20260904B18,応札量合計（電源属地別）[MW],235.808,91.99,536.642,421.216,22.929,99.38,175.519,200.473,255.547,2039.504
20260904B18,落札量合計（電源属地別）[MW],190.1,91.99,532.029,250.528,22.929,76.543,148.918,181.67,133.94,1628.647
20260904B18,応札件数（電源属地別）[件],8,21,77,73,3,21,17,8,51,279
20260904B18,落札件数（電源属地別）[件],7,21,75,52,3,17,3,5,7,190
20260904B18,最高落札価格（電源属地別）[円/kW・30分],1.01,10,9.9,6.99,7.24,7.88,9.72,1.6,7.08,10
20260904B18,最低落札価格（電源属地別）[円/kW・30分],0.39,6.31,0.39,1.56,5.5,1.36,5.45,0.36,1.94,0.36
20260904B18,平均落札価格（電源属地別）[円/kW・30分],0.88,9.21,5.27,3.69,5.69,3.08,9.53,0.65,5.8,4.56
20260904B18,最高落札価格（TSO別）[円/kW・30分],1.01,10,9.9,3.4,7.24,7.88,9.72,1.6,7.08,10
20260904B18,最低落札価格（TSO別）[円/kW・30分],0.39,6.31,0.39,1.56,1.96,1.36,0.36,0.36,0.36,0.36
20260904B18,平均落札価格（TSO別）[円/kW・30分],0.88,9.21,5.27,2.19,5.29,4.36,6.87,1.01,4.6,4.56
20260904B18,落札量合計（TSO別）[MW],190.1,91.99,532.029,134,60,156,209.858,82.67,172,1628.647
20260904B18,（内訳）自エリアからの落札量[MW],190.1,91.99,532.029,134,22.929,76.543,148.918,82.67,133.94,1413.119
20260904B19,募集量（TSO別）[MW],67,129,568,138,61,155,148,47,175,1488
20260904B19,応札量合計（電源属地別）[MW],235.808,94.136,611.209,404.337,22.929,101.23,195.705,161.473,320.667,2147.494
20260904B19,落札量合計（電源属地別）[MW],184,94.136,599.59,244.449,22.929,86.622,127.176,160,128.99,1647.892
20260904B19,応札件数（電源属地別）[件],8,22,79,75,3,22,24,7,53,293
20260904B19,落札件数（電源属地別）[件],7,22,73,55,3,18,3,6,5,192
20260904B19,最高落札価格（電源属地別）[円/kW・30分],1.01,10,9.9,7.85,8.13,7.88,7.7,2.82,7.7,10
20260904B19,最低落札価格（電源属地別）[円/kW・30分],0.39,6.31,0.39,2.08,5.21,1.36,6.62,0.36,2.8,0.36
20260904B19,平均落札価格（電源属地別）[円/kW・30分],0.87,9.23,4.51,5.39,7.7,3.55,7.47,0.88,4.92,4.4
20260904B19,最高落札価格（TSO別）[円/kW・30分],1.01,10,9.49,7.85,8.13,7.88,7.7,2.82,7.7,10
20260904B19,最低落札価格（TSO別）[円/kW・30分],0.39,4.78,0.39,2.08,2.11,1.36,0.36,0.36,0.36,0.36
20260904B19,平均落札価格（TSO別）[円/kW・30分],0.87,9.05,4.28,4.69,6.89,4.73,5.69,1.2,3.69,4.4
20260904B19,落札量合計（TSO別）[MW],184,125.726,568,138,61,155,175.176,64,176.99,1647.892
20260904B19,（内訳）自エリアからの落札量[MW],184,94.136,568,138,22.929,86.622,127.176,64,128.99,1413.853
20260904B20,募集量（TSO別）[MW],68,131,568,138,61,155,149,47,175,1492
20260904B20,応札量合計（電源属地別）[MW],155.708,94.136,639.62,439.544,22.929,97.363,195.705,161.473,320.667,2127.145
20260904B20,落札量合計（電源属地別）[MW],146,84.814,614.186,251.83,22.929,79.241,127.176,147,147.99,1621.166
20260904B20,応札件数（電源属地別）[件],6,22,80,76,3,20,24,7,53,291
20260904B20,落札件数（電源属地別）[件],5,17,67,55,3,16,3,4,13,183
20260904B20,最高落札価格（電源属地別）[円/kW・30分],1.01,10,9.49,6.99,8.23,7.88,7.78,1.6,7.48,10
20260904B20,最低落札価格（電源属地別）[円/kW・30分],0.39,6.31,0.39,1.96,4.39,1.36,6.69,0.36,3,0.36
20260904B20,平均落札価格（電源属地別）[円/kW・30分],0.84,9.17,4.17,4.35,7.71,3.36,7.55,0.71,5.13,4.21
20260904B20,最高落札価格（TSO別）[円/kW・30分],1.01,10,9.49,5.18,8.23,7.88,7.78,1.6,7.48,10
20260904B20,最低落札価格（TSO別）[円/kW・30分],0.39,3.48,0.39,1.96,3.99,1.36,0.36,0.36,0.36,0.36
20260904B20,平均落札価格（TSO別）[円/kW・30分],0.84,8.72,3.87,3.28,6.33,4.52,5.58,1.1,4.35,4.21
20260904B20,落札量合計（TSO別）[MW],146,131,568,138,61,155,175.176,70,176.99,1621.166
20260904B20,（内訳）自エリアからの落札量[MW],146,84.814,568,138,22.929,79.241,127.176,70,147.99,1384.15
20260904B21,募集量（TSO別）[MW],68,134,568,139,62,155,150,48,176,1500
20260904B21,応札量合計（電源属地別）[MW],246.658,116.136,640.204,501.243,22.929,95.513,195.705,153.473,309.245,2281.106
20260904B21,落札量合計（電源属地別）[MW],201.95,108.679,593.321,248.986,22.929,84.085,129.251,139,155,1683.201
20260904B21,応札件数（電源属地別）[件],9,23,71,82,3,19,24,6,47,284
20260904B21,落札件数（電源属地別）[件],8,19,57,56,3,14,2,3,16,178
20260904B21,最高落札価格（電源属地別）[円/kW・30分],1.01,10,9.48,7.83,8.36,7,7.7,1.6,6.85,10
20260904B21,最低落札価格（電源属地別）[円/kW・30分],0.39,6.15,0.39,1.95,6,1.36,7.7,0.36,3,0.36
20260904B21,平均落札価格（電源属地別）[円/kW・30分],0.74,8.56,4.04,4.09,7.99,4.1,7.7,0.66,4.51,4.05
20260904B21,最高落札価格（TSO別）[円/kW・30分],1.01,10,9.48,7.83,8.36,7,7.7,1.6,6.85,10
20260904B21,最低落札価格（TSO別）[円/kW・30分],0.39,0.39,0.39,1.95,6,1.36,0.36,0.36,0.36,0.36
20260904B21,平均落札価格（TSO別）[円/kW・30分],0.74,7.61,4.06,2.94,7.05,4.52,5.68,0.97,4.02,4.05
20260904B21,落札量合計（TSO別）[MW],201.95,134,568,139,62,155,178.251,69,176,1683.201
20260904B21,（内訳）自エリアからの落札量[MW],201.95,108.679,568,139,22.929,84.085,129.251,69,155,1477.894
20260904B22,募集量（TSO別）[MW],68,135,567,138,62,155,151,48,176,1500
20260904B22,応札量合計（電源属地別）[MW],235.808,114.14,676.553,501.243,22.929,95.513,183.767,153.473,297.339,2280.765
20260904B22,落札量合計（電源属地別）[MW],193.1,108.679,593.321,246.448,22.929,85.623,129.251,150.543,143.457,1673.351
20260904B22,応札件数（電源属地別）[件],8,22,74,82,3,19,18,6,41,273
20260904B22,落札件数（電源属地別）[件],7,19,56,56,3,14,2,4,10,171
20260904B22,最高落札価格（電源属地別）[円/kW・30分],1.01,10,9.46,7.21,7.94,6.99,7.78,2.82,8.23,10
20260904B22,最低落札価格（電源属地別）[円/kW・30分],0.39,6.31,0.39,1.98,6,1.36,7.78,0.36,3,0.36
20260904B22,平均落札価格（電源属地別）[円/kW・30分],0.88,8.63,4.04,4.03,7.69,3.66,7.78,0.83,5.25,4.11
20260904B22,最高落札価格（TSO別）[円/kW・30分],1.01,10,9.46,7.21,7.94,6.99,7.78,2.82,8.23,10
20260904B22,最低落札価格（TSO別）[円/kW・30分],0.39,0.39,0.39,1.98,6,1.36,0.36,0.36,0.36,0.36
20260904B22,平均落札価格（TSO別）[円/kW・30分],0.88,7.02,4.21,3.16,7.04,3.94,5.74,1.38,4.35,4.11
20260904B22,落札量合計（TSO別）[MW],193.1,135,567,138,62,155,178.251,69,176,1673.351
20260904B22,（内訳）自エリアからの落札量[MW],193.1,108.679,567,138,22.929,85.623,129.251,69,143.457,1457.039
20260904B23,募集量（TSO別）[MW],68,135,564,137,62,155,151,48,177,1497
20260904B23,応札量合計（電源属地別）[MW],237.758,116.136,691.643,501.741,22.929,95.513,183.767,153.473,297.339,2300.299
20260904B23,落札量合計（電源属地別）[MW],193.1,116.136,582.864,247.378,20.999,85.623,129.251,150.543,143.457,1669.351
20260904B23,応札件数（電源属地別）[件],9,23,82,82,3,19,18,6,41,283
20260904B23,落札件数（電源属地別）[件],7,23,72,55,2,14,2,4,14,193
20260904B23,最高落札価格（電源属地別）[円/kW・30分],1.01,10,10,7.21,7.94,6.99,7.78,2.82,7.13,10
20260904B23,最低落札価格（電源属地別）[円/kW・30分],0.39,6.15,0.39,1.87,6,1.36,7.78,0.36,3,0.36
20260904B23,平均落札価格（電源属地別）[円/kW・30分],0.88,8.64,4.66,3.93,7.76,3.65,7.78,0.83,4.91,4.3
20260904B23,最高落札価格（TSO別）[円/kW・30分],1.01,10,10,6.84,7.94,6.99,7.78,2.82,7.13,10
20260904B23,最低落札価格（TSO別）[円/kW・30分],0.39,0.39,0.39,1.87,6,1.36,0.36,0.36,0.36,0.36
20260904B23,平均落札価格（TSO別）[円/kW・30分],0.88,7.7,4.75,2.76,7.03,4.08,5.77,1.38,4.05,4.3
20260904B23,落札量合計（TSO別）[MW],193.1,135,564,137,62,155,177.251,69,177,1669.351
20260904B23,（内訳）自エリアからの落札量[MW],193.1,116.136,564,137,20.999,85.623,129.251,69,143.457,1458.566
20260904B24,募集量（TSO別）[MW],68,135,564,136,62,155,151,48,177,1496
20260904B24,応札量合計（電源属地別）[MW],242.508,116.136,690.261,501.741,22.929,97.363,183.767,153.473,221.355,2229.533
20260904B24,落札量合計（電源属地別）[MW],153,116.136,582.864,248.318,20.999,83.683,129.251,135.215,155,1624.466
20260904B24,応札件数（電源属地別）[件],9,23,82,82,3,20,18,6,38,281
20260904B24,落札件数（電源属地別）[件],5,23,73,54,2,13,2,3,16,191
20260904B24,最高落札価格（電源属地別）[円/kW・30分],1.01,10,10,7.09,7.37,6.99,7.2,1.6,8.65,10
20260904B24,最低落札価格（電源属地別）[円/kW・30分],0.39,6.31,0.39,1.85,6,1.36,7.2,0.36,3,0.36
20260904B24,平均落札価格（電源属地別）[円/kW・30分],0.85,8.76,4.44,3.97,7.24,3.67,7.2,0.64,7.15,4.49
20260904B24,最高落札価格（TSO別）[円/kW・30分],1.01,10,10,6.99,7.37,6.99,7.2,1.6,8.65,10
20260904B24,最低落札価格（TSO別）[円/kW・30分],0.39,6.31,0.39,1.85,4.7,1.36,0.36,0.36,0.36,0.36
20260904B24,平均落札価格（TSO別）[円/kW・30分],0.85,8.94,4.25,2.73,6.8,4.2,5.35,0.93,6.31,4.49
20260904B24,落札量合計（TSO別）[MW],153,135,564,136,62,155,177.251,65.215,177,1624.466
20260904B24,（内訳）自エリアからの落札量[MW],153,116.136,564,136,20.999,83.683,129.251,65.215,155,1423.284
20260904B25,募集量（TSO別）[MW],67,136,563,133,62,155,149,48,176,1489
20260904B25,応札量合計（電源属地別）[MW],195.708,111.725,689.91,501.232,27.889,48.495,176.423,184.473,221.637,2157.492
20260904B25,落札量合計（電源属地別）[MW],135,106.23,592.77,247.066,25.959,3.386,136.019,169.488,167.051,1582.969
20260904B25,応札件数（電源属地別）[件],7,21,71,82,4,18,19,7,41,270
20260904B25,落札件数（電源属地別）[件],5,18,49,16,3,2,4,4,21,122
20260904B25,最高落札価格（電源属地別）[円/kW・30分],8.9,10,9.4,5.99,6.29,6,3.5,1.6,7.3,10
20260904B25,最低落札価格（電源属地別）[円/kW・30分],0.39,6.31,0.39,1.16,3.7,6,2.29,0.36,3,0.36
20260904B25,平均落札価格（電源属地別）[円/kW・30分],0.89,8.64,4.16,3,4.37,6,3.38,0.61,5.75,3.73
20260904B25,最高落札価格（TSO別）[円/kW・30分],8.9,10,9.4,5.53,6.29,6,3.5,1.6,7.3,10
20260904B25,最低落札価格（TSO別）[円/kW・30分],0.39,6.31,0.39,1.16,1.31,0.36,0.36,0.36,0.36,0.36
20260904B25,平均落札価格（TSO別）[円/kW・30分],0.89,8.41,3.98,1.89,3.73,2.71,2.92,0.72,5.47,3.73
20260904B25,落札量合計（TSO別）[MW],135,136,563,133,62,155,168.969,54.001,175.999,1582.969
20260904B25,（内訳）自エリアからの落札量[MW],135,106.23,563,133,25.959,3.386,136.019,54.001,167.051,1323.646
20260904B26,募集量（TSO別）[MW],67,136,563,133,62,155,149,48,176,1489
20260904B26,応札量合計（電源属地別）[MW],195.708,113.69,645.025,503.23,22.929,46.645,178.201,184.473,225.637,2115.538
20260904B26,落札量合計（電源属地別）[MW],135,110.194,588.806,215.391,20.999,1.94,154.4,170,193.26,1589.99
20260904B26,応札件数（電源属地別）[件],7,22,71,83,3,17,18,7,42,270
20260904B26,落札件数（電源属地別）[件],5,20,64,23,2,1,6,4,33,158
20260904B26,最高落札価格（電源属地別）[円/kW・30分],8.9,10,9.49,6.26,6,4.5,6.38,1.6,7.3,10
20260904B26,最低落札価格（電源属地別）[円/kW・30分],0.39,6.26,0.39,1.43,3.41,4.5,2.17,0.36,3,0.36
20260904B26,平均落札価格（電源属地別）[円/kW・30分],0.89,8.59,4.39,3,3.66,4.5,3.19,0.61,5.62,3.81
20260904B26,最高落札価格（TSO別）[円/kW・30分],8.9,10,9.49,6.26,6.1,4.86,6.38,1.6,7.3,10
20260904B26,最低落札価格（TSO別）[円/kW・30分],0.39,0.39,0.39,1.43,1.87,0.36,1.6,0.36,3,0.36
20260904B26,平均落札価格（TSO別）[円/kW・30分],0.89,7.71,4.41,2.83,4.44,1.06,3.03,0.72,5.72,3.81
20260904B26,落札量合計（TSO別）[MW],135,136,563,133,62,155,168.99,54,183,1589.99
20260904B26,（内訳）自エリアからの落札量[MW],135,110.194,563,133,20.999,1.94,151.6,54,183,1352.733
20260904B27,募集量（TSO別）[MW],67,136,563,133,62,155,149,48,176,1489
20260904B27,応札量合計（電源属地別）[MW],197.658,117.486,717.261,454.034,1.999,92.11,178.201,184.473,223.621,2166.843
20260904B27,落札量合計（電源属地別）[MW],135,90.15,608.85,263.821,1.999,84.18,151.6,119,136,1590.6
20260904B27,応札件数（電源属地別）[件],8,24,78,81,1,17,18,7,42,276
20260904B27,落札件数（電源属地別）[件],5,10,41,54,1,13,4,4,5,137
20260904B27,最高落札価格（電源属地別）[円/kW・30分],8.9,10,9,7.15,6,6.99,6.7,1.6,8.25,10
20260904B27,最低落札価格（電源属地別）[円/kW・30分],0.39,4.39,0.39,1.7,6,2.34,2.29,0.36,5.94,0.36
20260904B27,平均落札価格（電源属地別）[円/kW・30分],0.89,7.96,3.63,3.95,6,3.69,5.59,0.88,7.3,4
20260904B27,最高落札価格（TSO別）[円/kW・30分],8.9,10,9,7.15,6.78,7.15,6.7,1.6,8.25,10
20260904B27,最低落札価格（TSO別）[円/kW・30分],0.39,0.39,0.39,1.87,1.7,1.9,1.6,0.36,0.36,0.36
20260904B27,平均落札価格（TSO別）[円/kW・30分],0.89,6.41,3.65,4.95,2.41,3.59,5.18,1.02,5.72,4
20260904B27,落札量合計（TSO別）[MW],135,136,563,133,62,155,168.99,61.61,176,1590.6
20260904B27,（内訳）自エリアからの落札量[MW],135,90.15,563,133,1.999,84.18,151.6,61.61,136,1356.539
20260904B28,募集量（TSO別）[MW],67,133,562,133,62,154,148,48,176,1483
20260904B28,応札量合計（電源属地別）[MW],242.508,117.486,711.106,454.034,1.999,95.403,178.201,184.473,223.769,2208.979
20260904B28,落札量合計（電源属地別）[MW],178.85,117.18,577.82,259.528,1.999,87.473,151.6,90.207,157.793,1622.45
20260904B28,応札件数（電源属地別）[件],9,24,79,81,1,19,18,7,41,279
20260904B28,落札件数（電源属地別）[件],5,24,72,54,1,15,4,3,17,195
20260904B28,最高落札価格（電源属地別）[円/kW・30分],1.01,10,10,7.17,6,6.99,7.2,1.6,10.07,10.07
20260904B28,最低落札価格（電源属地別）[円/kW・30分],0.39,5.87,0.39,1.7,6,1.36,2.29,0.36,3,0.36
20260904B28,平均落札価格（電源属地別）[円/kW・30分],0.87,8.55,4.06,3.85,6,3.64,5.94,1.22,8.27,4.4
20260904B28,最高落札価格（TSO別）[円/kW・30分],1.01,10,10,6.99,7.17,7.17,7.2,1.6,10.07,10.07
20260904B28,最低落札価格（TSO別）[円/kW・30分],0.39,0.39,0.39,1.7,1.7,1.36,1.51,0.36,0.36,0.36
20260904B28,平均落札価格（TSO別）[円/kW・30分],0.87,7.58,4.16,4.67,2.91,3.42,5.51,1.42,7.45,4.4
20260904B28,落札量合計（TSO別）[MW],178.85,133,562,133,62,154,167.99,55.61,176,1622.45
20260904B28,（内訳）自エリアからの落札量[MW],178.85,117.18,562,133,1,87.473,151.6,55.61,157.793,1444.506
20260904B29,募集量（TSO別）[MW],66,131,561,132,62,155,148,48,175,1478
20260904B29,応札量合計（電源属地別）[MW],242.508,95.486,705.779,414.3,1.999,95.403,178.201,150.473,301.259,2185.408
20260904B29,落札量合計（電源属地別）[MW],169.818,95.486,596.514,257.53,1.999,89.471,151.6,115.965,164.025,1642.408
20260904B29,応札件数（電源属地別）[件],9,23,77,78,1,19,18,6,44,275
20260904B29,落札件数（電源属地別）[件],4,23,71,53,1,16,4,3,20,195
20260904B29,最高落札価格（電源属地別）[円/kW・30分],1.01,10,10,8.78,6,7.8,7.2,1.51,10.73,10.73
20260904B29,最低落札価格（電源属地別）[円/kW・30分],0.44,6.31,0.39,2.12,6,1.36,2.29,0.36,3.18,0.36
20260904B29,平均落札価格（電源属地別）[円/kW・30分],0.88,9.09,4.28,5.32,6,3.73,5.94,0.67,7.13,4.52
20260904B29,最高落札価格（TSO別）[円/kW・30分],1.01,10,10,6.99,8.78,8.65,7.2,1.51,10.73,10.73
20260904B29,最低落札価格（TSO別）[円/kW・30分],0.44,0.39,0.39,2.12,2.3,1.36,0.36,0.36,0.36,0.36
20260904B29,平均落札価格（TSO別）[円/kW・30分],0.88,7.49,4.34,5.04,5.06,4.76,4.62,1,6.63,4.52
20260904B29,落札量合計（TSO別）[MW],169.818,131,561,132,62,155,198.6,56,176.99,1642.408
20260904B29,（内訳）自エリアからの落札量[MW],169.818,95.486,561,132,0,89.471,151.6,56,164.025,1419.4
20260904B30,募集量（TSO別）[MW],66,126,561,132,62,155,148,47,174,1471
20260904B30,応札量合計（電源属地別）[MW],195.708,115.486,706.721,412.302,31.999,95.403,190.139,163.473,317.017,2228.248
20260904B30,落札量合計（電源属地別）[MW],131,109.994,577.006,227.53,31.999,89.471,151.6,139.172,135.818,1593.59
20260904B30,応札件数（電源属地別）[件],7,24,77,77,2,19,24,7,52,289
20260904B30,落札件数（電源属地別）[件],4,21,70,53,2,16,4,4,7,181
20260904B30,最高落札価格（電源属地別）[円/kW・30分],1.01,10,10,8.55,6,7.8,7.2,1.6,9.61,10
20260904B30,最低落札価格（電源属地別）[円/kW・30分],0.53,6.31,0.39,2.11,3.95,1.36,2.29,0.36,3,0.36
20260904B30,平均落札価格（電源属地別）[円/kW・30分],0.86,9.11,4.06,4.85,4.08,3.73,5.94,0.73,7.36,4.41
20260904B30,最高落札価格（TSO別）[円/kW・30分],1.01,10,10,8.55,6.85,7.8,7.2,1.6,9.61,10
20260904B30,最低落札価格（TSO別）[円/kW・30分],0.53,6.31,0.39,2.11,2.11,1.36,0.36,0.36,0.36,0.36
20260904B30,平均落札価格（TSO別）[円/kW・30分],0.86,9.22,3.89,5.54,4.79,3.49,4.6,1.38,5.76,4.41
20260904B30,落札量合計（TSO別）[MW],131,126,561,132,62,155,199.6,51,175.99,1593.59
20260904B30,（内訳）自エリアからの落札量[MW],131,109.994,561,132,31.999,89.471,151.6,51,135.818,1393.882
20260904B31,募集量（TSO別）[MW],64,194,560,131,63,154,147,45,170,1528
20260904B31,応札量合計（電源属地別）[MW],193.718,115.486,669.126,382.609,31.999,95.403,190.139,153.473,243.017,2074.97
20260904B31,落札量合計（電源属地別）[MW],99,115.486,638.514,226.53,31.999,89.471,151.6,139,128.99,1620.59
20260904B31,応札件数（電源属地別）[件],6,24,78,72,2,19,24,6,51,282
20260904B31,落札件数（電源属地別）[件],2,24,72,51,2,16,4,3,7,181
20260904B31,最高落札価格（電源属地別）[円/kW・30分],1.01,10,10,8.82,6,7.8,7.55,1.6,11.28,11.28
20260904B31,最低落札価格（電源属地別）[円/kW・30分],0.4,6.31,0.39,2.22,4.52,1.36,2.29,0.36,5.8,0.36
20260904B31,平均落札価格（電源属地別）[円/kW・30分],0.77,8.92,4.63,5.04,4.61,3.73,6.18,0.66,10.16,4.95
20260904B31,最高落札価格（TSO別）[円/kW・30分],1.01,10,10,8.74,6.99,8.82,7.55,1.6,11.28,11.28
20260904B31,最低落札価格（TSO別）[円/kW・30分],0.4,0.39,0.39,2.22,4.52,1.36,0.36,0.36,0.36,0.36
20260904B31,平均落札価格（TSO別）[円/kW・30分],0.77,8.55,4.15,5.48,5.48,3.63,4.87,1.17,7.71,4.95
20260904B31,落札量合計（TSO別）[MW],99,194,560,131,63,154,195.6,52,171.99,1620.59
20260904B31,（内訳）自エリアからの落札量[MW],99,115.486,560,131,31.999,80,151.6,52,128.99,1350.075
20260904B32,募集量（TSO別）[MW],64,194,560,131,63,154,147,45,170,1528
20260904B32,応札量合計（電源属地別）[MW],195.708,103.486,711.154,268.711,31.999,99.27,190.139,153.473,226.017,1979.957
20260904B32,落札量合計（電源属地別）[MW],99,103.486,650.514,216.922,31.999,99.079,151.6,133,138.99,1624.59
20260904B32,応札件数（電源属地別）[件],7,23,78,67,2,21,24,6,49,277
20260904B32,落札件数（電源属地別）[件],2,23,70,51,2,21,4,3,5,181
20260904B32,最高落札価格（電源属地別）[円/kW・30分],1.01,10,10,7.71,6,9.97,7.2,1.6,11.34,11.34
20260904B32,最低落札価格（電源属地別）[円/kW・30分],0.41,5.24,0.39,2.67,4.52,1.36,2.29,0.36,5.8,0.36
20260904B32,平均落札価格（電源属地別）[円/kW・30分],0.77,7.45,4.63,4.96,4.61,4.37,5.94,0.68,10.46,4.9
20260904B32,最高落札価格（TSO別）[円/kW・30分],1.01,10,10,7.71,9.44,9.97,7.2,1.6,11.34,11.34
20260904B32,最低落札価格（TSO別）[円/kW・30分],0.41,0.39,0.39,2.67,2.34,1.36,0.36,0.36,0.36,0.36
20260904B32,平均落札価格（TSO別）[円/kW・30分],0.77,7.7,4.09,5.17,4.66,4.45,4.58,1.3,8.25,4.9
20260904B32,落札量合計（TSO別）[MW],99,194,560,131,63,154,200.6,45,177.99,1624.59
20260904B32,（内訳）自エリアからの落札量[MW],99,103.486,560,131,31.999,80,151.6,45,138.99,1341.075
20260904B33,募集量（TSO別）[MW],64,194,560,131,63,154,147,45,170,1528
20260904B33,応札量合計（電源属地別）[MW],197.658,103.486,679.854,285.76,33.929,99.27,190.139,153.473,238.028,1981.597
20260904B33,落札量合計（電源属地別）[MW],94.95,103.486,650.514,225.687,33.929,88.384,151.6,133.467,111.99,1594.007
20260904B33,応札件数（電源属地別）[件],8,23,77,71,3,21,24,6,49,282
20260904B33,落札件数（電源属地別）[件],5,23,71,50,3,17,4,3,5,181
20260904B33,最高落札価格（電源属地別）[円/kW・30分],1.01,10,10,7.28,6.5,6.99,7.2,1.6,11.12,11.12
20260904B33,最低落札価格（電源属地別）[円/kW・30分],0.92,5.83,0.39,2.59,3.95,1.36,2.29,0.36,5.8,0.36
20260904B33,平均落札価格（電源属地別）[円/kW・30分],1,7.67,4.7,4.97,4.22,3.85,5.94,0.62,10.07,4.81
20260904B33,最高落札価格（TSO別）[円/kW・30分],1.01,10,10,7.28,6.78,6.99,7.2,1.6,11.12,11.12
20260904B33,最低落札価格（TSO別）[円/kW・30分],0.92,0.39,0.39,2.81,1.36,1.36,0.36,0.36,0.36,0.36
20260904B33,平均落札価格（TSO別）[円/kW・30分],1,7.43,4.3,6.04,4.72,3.36,5.25,1.04,6.68,4.81
20260904B33,落札量合計（TSO別）[MW],94.95,194,560,131,63,154,173.067,52,171.99,1594.007
20260904B33,（内訳）自エリアからの落札量[MW],94.95,103.486,560,131,33.929,80,151.6,52,111.99,1318.955
20260904B34,募集量（TSO別）[MW],64,193,560,131,63,154,147,45,169,1526
20260904B34,応札量合計（電源属地別）[MW],195.69,101.986,710.784,402.256,3.929,99.27,190.139,153.473,315.028,2172.555
20260904B34,落札量合計（電源属地別）[MW],94.95,101.986,651.014,252.731,3.929,91.34,151.6,139,103.457,1590.007
20260904B34,応札件数（電源属地別）[件],7,22,77,77,2,21,24,6,51,287
20260904B34,落札件数（電源属地別）[件],3,22,70,52,2,17,4,3,3,176
20260904B34,最高落札価格（電源属地別）[円/kW・30分],4.96,10,10,7.35,6.5,6.99,7.2,1.6,9.13,10
20260904B34,最低落札価格（電源属地別）[円/kW・30分],0.98,3.94,0.39,1.82,6,1.36,2.29,0.36,5.8,0.36
20260904B34,平均落札価格（電源属地別）[円/kW・30分],4.5,6.92,4.7,4.47,6.25,3.96,5.94,0.66,7.58,4.71
20260904B34,最高落札価格（TSO別）[円/kW・30分],4.96,10,10,6.99,6.85,7.35,7.2,1.6,9.13,10
20260904B34,最低落札価格（TSO別）[円/kW・30分],0.98,3.94,0.39,1.82,1.82,1.36,0.36,0.36,0.36,0.36
20260904B34,平均落札価格（TSO別）[円/kW・30分],4.5,8.3,3.86,4.71,4.39,4.04,5.25,1.2,4.73,4.71
20260904B34,落札量合計（TSO別）[MW],94.95,193,560,131,63,154,173.067,50,170.99,1590.007
20260904B34,（内訳）自エリアからの落札量[MW],94.95,101.986,560,131,3.929,91.34,151.6,50,103.457,1288.262
20260904B35,募集量（TSO別）[MW],63,191,560,131,63,154,147,44,169,1522
20260904B35,応札量合計（電源属地別）[MW],173.59,103.486,715.475,402.756,3.929,99.27,187.457,153.473,315.028,2154.464
20260904B35,落札量合計（電源属地別）[MW],123,88.85,662.15,177.601,1.999,88.574,148.918,139,155.958,1586.05
20260904B35,応札件数（電源属地別）[件],5,23,78,78,2,21,23,6,51,287
20260904B35,落札件数（電源属地別）[件],3,15,51,29,1,17,3,3,18,140
20260904B35,最高落札価格（電源属地別）[円/kW・30分],5.29,9.4,9.4,6.49,6,6.49,8.48,1.6,8.86,9.4
20260904B35,最低落札価格（電源属地別）[円/kW・30分],0.92,3.52,0.39,1.73,6,1.36,4.21,0.36,3,0.36
20260904B35,平均落札価格（電源属地別）[円/kW・30分],5.04,6.33,3.95,3.08,6,3.79,8.29,0.66,6.28,4.41
20260904B35,最高落札価格（TSO別）[円/kW・30分],5.29,9.4,9.31,6.49,6,8.48,8.48,1.6,8.86,9.4
20260904B35,最低落札価格（TSO別）[円/kW・30分],0.92,0.39,0.68,1.73,1.73,0.36,0.36,0.36,0.36,0.36
20260904B35,平均落札価格（TSO別）[円/kW・30分],5.04,6.24,3.55,3.24,3.16,3.47,6.62,1.32,5.83,4.41
20260904B35,落札量合計（TSO別）[MW],123,191,560,131,63,154,151.05,44,169,1586.05
20260904B35,（内訳）自エリアからの落札量[MW],123,88.85,560,131,1.999,74.174,119.918,44,155.958,1298.899
20260904B36,募集量（TSO別）[MW],64,189,560,131,63,153,147,43,168,1518
20260904B36,応札量合計（電源属地別）[MW],173.59,101.986,716.129,406.557,3.929,99.27,187.457,153.473,285.044,2127.435
20260904B36,落札量合計（電源属地別）[MW],123,88.85,660.15,148.194,1.93,58.858,166.808,150.543,195.717,1594.05
20260904B36,応札件数（電源属地別）[件],5,22,78,77,2,21,23,6,48,282
20260904B36,落札件数（電源属地別）[件],3,15,50,14,1,7,12,4,33,139
20260904B36,最高落札価格（電源属地別）[円/kW・30分],4.77,9.4,9.4,5.44,4,5.5,8.06,5.48,8.39,9.4
20260904B36,最低落札価格（電源属地別）[円/kW・30分],0.92,4.17,0.39,1.57,4,1.36,3.79,0.36,3,0.36
20260904B36,平均落札価格（電源属地別）[円/kW・30分],4.54,6.61,3.76,2.18,4,2.85,7.56,1.03,5.37,4.14
20260904B36,最高落札価格（TSO別）[円/kW・30分],4.77,9.4,9.4,5.44,8.06,8.06,8.06,5.48,8.39,9.4
20260904B36,最低落札価格（TSO別）[円/kW・30分],0.92,0.39,0.39,1.57,0.36,0.36,3.79,0.36,3,0.36
20260904B36,平均落札価格（TSO別）[円/kW・30分],4.54,7.32,3.01,2.22,4.07,1.74,7.12,2.08,5.46,4.14
20260904B36,落札量合計（TSO別）[MW],123,189,560,131,63,153,151.05,43,181,1594.05
20260904B36,（内訳）自エリアからの落札量[MW],123,88.85,560,131,1.93,54.862,135.002,43,181,1318.644
20260904B37,募集量（TSO別）[MW],63,188,562,129,63,149,147,42,167,1510
20260904B37,応札量合計（電源属地別）[MW],132.658,111.525,572.437,394.197,3.929,99.27,214.172,153.473,244.786,1926.447
20260904B37,落札量合計（電源属地別）[MW],89.908,111.525,560.334,154.312,0,54.079,195.513,139,169.021,1473.692
20260904B37,応札件数（電源属地別）[件],6,22,75,71,2,21,22,6,48,273
20260904B37,落札件数（電源属地別）[件],4,22,69,23,0,5,12,3,28,166
20260904B37,最高落札価格（電源属地別）[円/kW・30分],3.38,10,9.9,6.52,0,5.5,8.06,1.6,7.86,10
20260904B37,最低落札価格（電源属地別）[円/kW・30分],0.92,3.91,0.39,1.54,0,1.36,2.29,0.36,2.94,0.36
20260904B37,平均落札価格（電源属地別）[円/kW・30分],3.22,7.24,4.73,3.05,0,2.62,6.75,0.66,6,4.61
20260904B37,最高落札価格（TSO別）[円/kW・30分],3.38,10,9.9,6.39,6.52,8.06,8.06,1.6,8.06,10
20260904B37,最低落札価格（TSO別）[円/kW・30分],0.92,3.91,0.39,1.54,0.36,0.36,0.36,0.36,2.29,0.36
20260904B37,平均落札価格（TSO別）[円/kW・30分],3.22,7.24,4.73,3.13,1.74,3.51,5.76,1.36,6.07,4.61
20260904B37,落札量合計（TSO別）[MW],89.908,111.525,560.334,129,63,149,161.925,42,167,1473.692
20260904B37,（内訳）自エリアからの落札量[MW],89.908,111.525,560.334,129,0,54.079,128.815,42,159.99,1275.651
20260904B38,募集量（TSO別）[MW],63,188,562,129,63,149,147,42,167,1510
20260904B38,応札量合計（電源属地別）[MW],157.658,111.99,621.265,394.197,3.929,99.27,194.28,153.473,246.77,1982.832
20260904B38,落札量合計（電源属地別）[MW],89.908,111.99,609.162,175.132,0,52.864,174.852,139,169.015,1521.923
20260904B38,応札件数（電源属地別）[件],7,22,78,71,2,21,22,6,48,277
20260904B38,落札件数（電源属地別）[件],4,22,72,14,0,4,12,3,27,158
20260904B38,最高落札価格（電源属地別）[円/kW・30分],3.56,10,9.9,5.78,0,5.5,7.77,1.6,7.86,10
20260904B38,最低落札価格（電源属地別）[円/kW・30分],0.92,3.74,0.39,1.26,0,1.36,5,0.36,2.94,0.36
20260904B38,平均落札価格（電源属地別）[円/kW・30分],3.39,7.14,4.37,3,0,2.55,7.35,0.66,5.92,4.47
20260904B38,最高落札価格（TSO別）[円/kW・30分],3.56,10,9.9,5.59,5.78,7.77,7.77,1.6,7.86,10
20260904B38,最低落札価格（TSO別）[円/kW・30分],0.92,0.39,0.96,1.26,0.36,0.36,0.36,0.36,2.94,0.36
20260904B38,平均落札価格（TSO別）[円/kW・30分],3.39,5.95,4.47,2.57,3.08,3.11,6,1.36,6.15,4.47
20260904B38,落札量合計（TSO別）[MW],89.908,159.152,562,129,63,149,160.863,42,167,1521.923
20260904B38,（内訳）自エリアからの落札量[MW],89.908,111.99,562,129,0,52.864,126.984,42,158,1272.746
20260904B39,募集量（TSO別）[MW],63,188,563,129,63,149,147,42,167,1511
20260904B39,応札量合計（電源属地別）[MW],240.558,113.49,568.183,383.802,22.929,99.787,205.495,153.473,248.646,2036.363
20260904B39,落札量合計（電源属地別）[MW],137.85,113.49,557.08,203.301,19,48.672,90.945,150.543,184.539,1505.42
20260904B39,応札件数（電源属地別）[件],8,23,75,74,3,21,25,6,50,285
20260904B39,落札件数（電源属地別）[件],5,23,70,18,1,2,14,4,36,173
20260904B39,最高落札価格（電源属地別）[円/kW・30分],2.95,10,9.9,5.5,1.99,5.5,5,2.98,7.3,10
20260904B39,最低落札価格（電源属地別）[円/kW・30分],0.92,4.3,0.39,0.72,1.99,2.34,0.39,0.36,2.94,0.36
20260904B39,平均落札価格（電源属地別）[円/kW・30分],2.67,7.49,4.66,1.78,1.99,2.42,1.9,0.84,5.44,3.74
20260904B39,最高落札価格（TSO別）[円/kW・30分],2.95,10,9.9,3.85,5.5,5.5,5,1.6,7.3,10
20260904B39,最低落札価格（TSO別）[円/kW・30分],0.92,4.3,0.39,0.72,0.78,0.36,0.36,0.36,0.84,0.36
20260904B39,平均落札価格（TSO別）[円/kW・30分],2.67,7.49,4.66,1.05,3.22,1.58,1.91,1.13,5.52,3.74
20260904B39,落札量合計（TSO別）[MW],137.85,113.49,557.08,129,63,149,147,42,167,1505.42
20260904B39,（内訳）自エリアからの落札量[MW],137.85,113.49,557.08,129,19,44.516,90.945,42,158,1291.881
20260904B40,募集量（TSO別）[MW],63,187,563,129,63,149,147,42,167,1510
20260904B40,応札量合計（電源属地別）[MW],195.708,113.49,550.838,368.676,22.929,95.92,205.685,166.473,224.635,1944.354
20260904B40,落札量合計（電源属地別）[MW],93,113.49,539.735,227.948,19,51.215,75.049,163.543,171.245,1454.225
20260904B40,応札件数（電源属地別）[件],7,23,73,71,3,19,25,8,48,277
20260904B40,落札件数（電源属地別）[件],4,23,68,15,1,3,6,6,21,147
20260904B40,最高落札価格（電源属地別）[円/kW・30分],2.82,10,9.9,3.32,0.47,3,1.76,2.98,7.1,10
20260904B40,最低落札価格（電源属地別）[円/kW・30分],0.92,4.42,0.39,0.63,0.47,2.34,0.39,0.36,2.19,0.36
20260904B40,平均落札価格（電源属地別）[円/kW・30分],2.64,7.56,4.88,1.29,0.47,2.39,1.17,0.9,5.72,3.7
20260904B40,最高落札価格（TSO別）[円/kW・30分],2.82,10,9.9,3.23,3.32,3,2.98,1.7,7.1,10
20260904B40,最低落札価格（TSO別）[円/kW・30分],0.92,4.42,0.39,0.63,0.47,0.36,0.36,1.6,0.36,0.36
20260904B40,平均落札価格（TSO別）[円/kW・30分],2.64,7.56,4.88,1.21,1.46,1.31,1,1.6,5.52,3.7
20260904B40,落札量合計（TSO別）[MW],93,113.49,539.735,129,63,149,147,42,178,1454.225
20260904B40,（内訳）自エリアからの落札量[MW],93,113.49,539.735,129,19,51.215,75.049,42,171.245,1233.734
20260904B41,募集量（TSO別）[MW],63,187,561,129,61,148,147,42,167,1505
20260904B41,応札量合計（電源属地別）[MW],242.508,113.49,637.755,310.535,22.929,97.363,208.992,166.473,242.935,2042.98
20260904B41,落札量合計（電源属地別）[MW],139.8,113.49,624.652,192.749,20.93,52.658,94.19,166.473,167,1571.942
20260904B41,応札件数（電源属地別）[件],9,23,78,68,3,20,26,8,52,287
20260904B41,落札件数（電源属地別）[件],6,23,72,18,2,4,15,8,28,176
20260904B41,最高落札価格（電源属地別）[円/kW・30分],2.4,10,9.9,5,3.69,3,5,4,6.73,10
20260904B41,最低落札価格（電源属地別）[円/kW・30分],0.92,4.8,0.39,0.62,0.39,1.36,0.39,0.36,2.57,0.36
20260904B41,平均落札価格（電源属地別）[円/kW・30分],2.13,7.78,4.17,1.41,0.69,2.36,1.22,0.93,5.14,3.39
20260904B41,最高落札価格（TSO別）[円/kW・30分],2.4,10,9.9,2.93,5,3,5,4,6.73,10
20260904B41,最低落札価格（TSO別）[円/kW・30分],0.92,0.39,0.39,0.62,0.39,0.36,0.36,0.36,2.57,0.36
20260904B41,平均落札価格（TSO別）[円/kW・30分],2.13,6.83,4.06,1.12,2.06,1.45,0.91,1.46,5.14,3.39
20260904B41,落札量合計（TSO別）[MW],139.8,177.142,561,129,61,148,147,42,167,1571.942
20260904B41,（内訳）自エリアからの落札量[MW],139.8,113.49,561,129,20.93,52.658,94.19,42,167,1320.068
20260904B42,募集量（TSO別）[MW],63,187,561,129,59,147,146,42,167,1501
20260904B42,応札量合計（電源属地別）[MW],197.658,113.49,631.12,302.296,22.929,94.07,210.792,153.473,253.085,1978.913
20260904B42,落札量合計（電源属地別）[MW],94.95,113.49,612.357,168.801,19,47.425,174.247,150.543,129.984,1510.797
20260904B42,応札件数（電源属地別）[件],8,23,80,66,3,18,27,6,54,285
20260904B42,落札件数（電源属地別）[件],5,23,71,9,1,1,8,4,7,129
20260904B42,最高落札価格（電源属地別）[円/kW・30分],2.21,10,9.9,2.49,0.39,2.34,3.79,2.5,6.6,10
20260904B42,最低落札価格（電源属地別）[円/kW・30分],0.92,4.98,0.39,0.76,0.39,2.34,0.39,0.36,2.03,0.36
20260904B42,平均落札価格（電源属地別）[円/kW・30分],2.07,7.89,4.28,1.54,0.39,2.34,2.28,0.8,5.49,3.52
20260904B42,最高落札価格（TSO別）[円/kW・30分],2.21,10,9.49,2.47,2.5,3.79,3.79,2.5,6.6,10
20260904B42,最低落札価格（TSO別）[円/kW・30分],0.92,3.28,0.39,0.76,0.36,0.36,0.39,1.6,0.36,0.36
20260904B42,平均落札価格（TSO別）[円/kW・30分],2.07,8.1,3.89,1.56,1.14,1.65,2.01,1.77,4.38,3.52
20260904B42,落札量合計（TSO別）[MW],94.95,164.847,561,129,59,147,146,42,167,1510.797
20260904B42,（内訳）自エリアからの落札量[MW],94.95,113.49,561,129,19,39.102,146,42,129.984,1274.526
20260904B43,募集量（TSO別）[MW],63,97,560,129,59,147,144,42,167,1408
20260904B43,応札量合計（電源属地別）[MW],240.558,99.59,625.216,292.391,22.929,95.513,210.792,214.473,213.191,2014.653
20260904B43,落札量合計（電源属地別）[MW],137.85,90.78,566.22,136.137,19,36.616,174.247,200,122,1482.85
20260904B43,応札件数（電源属地別）[件],8,21,76,64,3,19,27,11,51,280
20260904B43,落札件数（電源属地別）[件],5,16,63,7,1,2,8,8,6,116
20260904B43,最高落札価格（電源属地別）[円/kW・30分],2.21,9.4,9.47,1.57,0.39,2.34,3.88,1.7,6.55,9.47
20260904B43,最低落札価格（電源属地別）[円/kW・30分],0.92,6.31,0.39,0.64,0.39,1.36,0.39,0.36,4.24,0.36
20260904B43,平均落札価格（電源属地別）[円/kW・30分],1.99,8.04,4.36,1.11,0.39,2.3,2.33,0.73,6.12,3.38
20260904B43,最高落札価格（TSO別）[円/kW・30分],2.21,9.4,9.47,1.57,0.99,2.34,3.88,1.7,6.55,9.47
20260904B43,最低落札価格（TSO別）[円/kW・30分],0.92,0.39,0.39,0.64,0.36,0.36,0.39,0.36,0.36,0.36
20260904B43,平均落札価格（TSO別）[円/kW・30分],1.99,7.55,4.4,1.11,0.45,1.16,2.03,1.02,5.18,3.38
20260904B43,落札量合計（TSO別）[MW],137.85,97,560,129,59,147,144,42,167,1482.85
20260904B43,（内訳）自エリアからの落札量[MW],137.85,90.78,560,129,19,36.616,144,42,122,1281.246
20260904B44,募集量（TSO別）[MW],64,97,560,130,59,147,144,42,168,1411
20260904B44,応札量合計（電源属地別）[MW],195.708,99.59,625.216,302.98,22.929,95.513,198.065,214.473,215.175,1969.649
20260904B44,落札量合計（電源属地別）[MW],94,90.78,566.22,130,19,47.931,159.526,211.543,122,1441
20260904B44,応札件数（電源属地別）[件],7,21,76,65,3,19,26,11,52,280
20260904B44,落札件数（電源属地別）[件],4,16,63,8,1,2,6,9,6,115
20260904B44,最高落札価格（電源属地別）[円/kW・30分],2.1,9.4,9.47,3,0.39,2.34,3.66,2.5,5.3,9.47
20260904B44,最低落札価格（電源属地別）[円/kW・30分],0.92,6.31,0.39,0.86,0.39,1.36,0.39,0.36,2.99,0.36
20260904B44,平均落札価格（電源属地別）[円/kW・30分],1.98,8.11,4.28,1.98,0.39,2.31,2.36,0.82,4.87,3.38
20260904B44,最高落札価格（TSO別）[円/kW・30分],2.1,9.4,9.47,3,2.5,2.34,3.66,2.5,5.3,9.47
20260904B44,最低落札価格（TSO別）[円/kW・30分],0.92,3.48,0.39,0.86,0.36,0.36,0.39,0.38,0.36,0.36
20260904B44,平均落札価格（TSO別）[円/kW・30分],1.98,7.97,4.27,1.98,0.43,1.31,2.21,1.07,4.05,3.38
20260904B44,落札量合計（TSO別）[MW],94,97,560,130,59,147,144,42,168,1441
20260904B44,（内訳）自エリアからの落札量[MW],94,90.78,560,130,19,47.931,144,42,122,1249.711
20260904B45,募集量（TSO別）[MW],65,97,560,130,59,147,144,42,168,1412
20260904B45,応札量合計（電源属地別）[MW],242.508,99.59,466.016,273.871,22.929,95.513,198.065,214.473,215.175,1828.14
20260904B45,落札量合計（電源属地別）[MW],139.8,99.59,452.157,130,19,43.017,159.526,214.473,123.984,1381.547
20260904B45,応札件数（電源属地別）[件],9,21,76,63,3,19,26,11,52,280
20260904B45,落札件数（電源属地別）[件],6,21,69,10,1,2,6,11,7,133
20260904B45,最高落札価格（電源属地別）[円/kW・30分],2.1,10,9.9,4,0.39,2.34,3.66,2.5,5.59,10
20260904B45,最低落札価格（電源属地別）[円/kW・30分],0.92,6.31,0.39,1.63,0.39,1.36,0.39,0.36,2.32,0.36
20260904B45,平均落札価格（電源属地別）[円/kW・30分],1.88,8.27,3.5,2.38,0.39,2.31,2.36,0.85,5.1,3.1
20260904B45,最高落札価格（TSO別）[円/kW・30分],2.1,10,9.9,4,2.5,2.34,3.66,1.7,5.59,10
20260904B45,最低落札価格（TSO別）[円/kW・30分],0.92,6.31,0.39,1.63,0.36,0.36,0.39,0.36,0.36,0.36
20260904B45,平均落札価格（TSO別）[円/kW・30分],1.88,8.24,3.53,2.38,0.79,1.27,2.21,1.01,4.18,3.1
20260904B45,落札量合計（TSO別）[MW],139.8,97,454.747,130,59,147,144,42,168,1381.547
20260904B45,（内訳）自エリアからの落札量[MW],139.8,97,452.157,130,19,43.017,144,42,123.984,1190.958
20260904B46,募集量（TSO別）[MW],65,96,558,129,59,145,144,42,167,1405
20260904B46,応札量合計（電源属地別）[MW],197.658,101.49,563.693,252.674,22.929,95.513,185.338,214.473,215.175,1848.943
20260904B46,落札量合計（電源属地別）[MW],95.95,101.49,551.65,129,20.882,48.868,148.793,214.473,123.984,1435.09
20260904B46,応札件数（電源属地別）[件],8,22,74,62,3,19,25,11,52,276
20260904B46,落札件数（電源属地別）[件],5,22,68,17,2,2,6,11,7,140
20260904B46,最高落札価格（電源属地別）[円/kW・30分],2.1,10,9.9,5.14,2.5,2.34,3.66,2.5,5.37,10
20260904B46,最低落札価格（電源属地別）[円/kW・30分],0.92,6.31,0.39,1.99,0.39,1.36,0.39,0.36,2.18,0.36
20260904B46,平均落札価格（電源属地別）[円/kW・30分],1.96,8.28,4.03,2.65,0.58,2.31,2.52,0.85,4.88,3.4
20260904B46,最高落札価格（TSO別）[円/kW・30分],2.1,10,9.9,5.14,2.5,2.34,3.66,1.7,5.37,10
20260904B46,最低落札価格（TSO別）[円/kW・30分],0.92,6.31,0.39,1.99,0.36,0.36,0.39,0.38,0.36,0.36
20260904B46,平均落札価格（TSO別）[円/kW・30分],1.96,8.23,4.08,2.65,0.46,1.36,2.5,0.89,3.97,3.4
20260904B46,落札量合計（TSO別）[MW],95.95,96,557.14,129,59,145,144,42,167,1435.09
20260904B46,（内訳）自エリアからの落札量[MW],95.95,96,551.65,129,20.882,47.425,144,42,123.984,1250.891
20260904B47,募集量（TSO別）[MW],65,95,556,128,58,144,143,42,167,1398
20260904B47,応札量合計（電源属地別）[MW],235.708,101.49,551.766,250.814,22.929,95.513,185.338,161.973,208.175,1813.706
20260904B47,落札量合計（電源属地別）[MW],134,101.49,535.767,128.63,20.999,60.798,154.551,161.973,155.049,1453.257
20260904B47,応札件数（電源属地別）[件],8,22,75,61,3,19,25,10,51,274
20260904B47,落札件数（電源属地別）[件],5,22,67,9,2,8,9,10,23,155
20260904B47,最高落札価格（電源属地別）[円/kW・30分],1.72,10,9.9,4,2.5,3,3.78,2.5,4.05,10
20260904B47,最低落札価格（電源属地別）[円/kW・30分],0.92,6.31,0.39,1.63,0.39,1.36,0.39,0.36,1.73,0.36
20260904B47,平均落札価格（電源属地別）[円/kW・30分],1.54,8.48,3.78,2.45,0.59,2.45,2.6,1,3.44,3.21
20260904B47,最高落札価格（TSO別）[円/kW・30分],1.72,10,10,4,2.99,3,3.78,1.7,4.05,10
20260904B47,最低落札価格（TSO別）[円/kW・30分],0.92,6.31,0.39,1.63,0.36,0.36,0.39,0.38,0.36,0.36
20260904B47,平均落札価格（TSO別）[円/kW・30分],1.54,8.4,3.85,2.45,1.11,1.49,2.57,1.09,3.4,3.21
20260904B47,落札量合計（TSO別）[MW],134,95,542.257,128,58,144,143,42,167,1453.257
20260904B47,（内訳）自エリアからの落札量[MW],134,95,535.767,128,20.999,60.798,143,42,155.049,1314.613
20260904B48,募集量（TSO別）[MW],65,94,555,125,57,142,143,42,167,1390
20260904B48,応札量合計（電源属地別）[MW],195.708,99.99,516.695,249.314,22.929,95.513,185.338,109.473,207.323,1682.283
20260904B48,落札量合計（電源属地別）[MW],104,99.99,497.836,126.586,22.929,70.623,179.389,109.473,167,1377.826
20260904B48,応札件数（電源属地別）[件],7,21,73,60,3,19,25,9,50,267
20260904B48,落札件数（電源属地別）[件],5,21,64,24,3,13,22,9,29,190
20260904B48,最高落札価格（電源属地別）[円/kW・30分],5.26,10,9.9,6.78,2.59,6,5.55,2.5,3.37,10
20260904B48,最低落札価格（電源属地別）[円/kW・30分],0.92,6.31,0.39,1.42,0.39,1.36,0.39,0.38,1.05,0.38
20260904B48,平均落札価格（電源属地別）[円/kW・30分],1.6,8.68,3.45,2.88,0.76,2.94,2.7,1.31,2.96,3.24
20260904B48,最高落札価格（TSO別）[円/kW・30分],5.26,10,9.9,6.78,6.78,6,3.52,1.7,3.37,10
20260904B48,最低落札価格（TSO別）[円/kW・30分],0.92,6.31,0.39,1.42,0.39,0.38,0.39,0.38,1.05,0.38
20260904B48,平均落札価格（TSO別）[円/kW・30分],1.6,8.63,3.52,2.83,2.09,2.53,2.41,0.98,2.96,3.24
20260904B48,落札量合計（TSO別）[MW],104,94,503.826,125,57,142,143,42,167,1377.826
20260904B48,（内訳）自エリアからの落札量[MW],104,94,497.836,125,22.929,70.623,143,42,167,1266.388
20260905B01,募集量（TSO別）[MW],64,175,539,55,53,132,140,41,163,1362
20260905B01,応札量合計（電源属地別）[MW],157.658,36.439,531.779,171.533,22.928,88.087,128.163,95.473,168.23,1400.29
20260905B01,落札量合計（電源属地別）[MW],106.958,36.439,517.763,101.046,22.928,76.205,125.348,95.473,163,1245.16
20260905B01,応札件数（電源属地別）[件],7,9,65,43,3,15,11,8,33,194
20260905B01,落札件数（電源属地別）[件],6,9,58,11,3,9,10,8,31,145
20260905B01,最高落札価格（電源属地別）[円/kW・30分],2.5,10,9.4,4.75,3.09,3,5,2.82,4.45,10
20260905B01,最低落札価格（電源属地別）[円/kW・30分],0.92,4.14,0.39,0.39,0.39,2.09,1.22,0.38,1.65,0.38
20260905B01,平均落札価格（電源属地別）[円/kW・30分],1.15,6.34,2.8,1.16,0.71,2.35,3.48,1.39,3.78,2.65
20260905B01,最高落札価格（TSO別）[円/kW・30分],2.5,10,9.4,1.08,4.75,3,5,1.7,4.45,10
20260905B01,最低落札価格（TSO別）[円/kW・30分],0.92,0.39,0.39,0.39,0.39,0.38,1.22,0.38,1.65,0.38
20260905B01,平均落札価格（TSO別）[円/kW・30分],1.15,4.38,2.89,0.59,1.57,1.99,3.31,0.99,3.78,2.65
20260905B01,落札量合計（TSO別）[MW],106.958,54.439,499.763,55,53,132,140,41,163,1245.16
20260905B01,（内訳）自エリアからの落札量[MW],106.958,36.439,499.763,55,22.928,76.205,125.348,41,163,1126.641
20260905B02,募集量（TSO別）[MW],64,175,539,55,53,132,140,41,163,1362
20260905B02,応札量合計（電源属地別）[MW],197.138,47.109,513.618,177.438,22.928,93.971,128.163,95.473,172.092,1447.93
20260905B02,落札量合計（電源属地別）[MW],129.388,47.109,493.698,105.08,22.928,80.188,117.331,95.473,163,1254.195
20260905B02,応札件数（電源属地別）[件],8,10,66,46,3,18,11,8,35,205
20260905B02,落札件数（電源属地別）[件],5,10,56,9,3,11,6,8,31,139
20260905B02,最高落札価格（電源属地別）[円/kW・30分],1.01,10,9.5,3.99,2.69,3,5,2.82,4,10
20260905B02,最低落札価格（電源属地別）[円/kW・30分],0.92,4.17,0.39,0.39,0.39,2.09,2.13,0.38,1.05,0.38
20260905B02,平均落札価格（電源属地別）[円/kW・30分],1,6.41,2.91,1.18,0.68,2.37,3.2,1.39,3.04,2.55
20260905B02,最高落札価格（TSO別）[円/kW・30分],1.01,10,9.5,1.24,3.99,3,5,1.7,4,10
20260905B02,最低落札価格（TSO別）[円/kW・30分],0.92,4.17,0.39,0.39,0.39,0.39,0.38,0.38,1.05,0.38
20260905B02,平均落札価格（TSO別）[円/kW・30分],1,6.41,2.91,0.85,1.61,1.97,2.88,1.07,3.04,2.55
20260905B02,落札量合計（TSO別）[MW],129.388,47.109,493.698,55,53,132,140,41,163,1254.195
20260905B02,（内訳）自エリアからの落札量[MW],129.388,47.109,493.698,55,22.928,80.188,117.331,41,163,1149.642
20260905B03,募集量（TSO別）[MW],64,175,539,55,53,132,140,41,163,1362
20260905B03,応札量合計（電源属地別）[MW],155.708,62.991,522.267,198.941,22.928,92.011,128.163,95.473,187.804,1466.286
20260905B03,落札量合計（電源属地別）[MW],113,62.991,503.817,105.169,20.998,76.205,123.155,95.473,163,1263.808
20260905B03,応札件数（電源属地別）[件],6,18,66,57,3,17,11,8,43,229
20260905B03,落札件数（電源属地別）[件],5,18,57,9,2,9,9,8,31,148
20260905B03,最高落札価格（電源属地別）[円/kW・30分],1.65,10,9.4,4.95,1.5,3,5,3.5,3.79,10
20260905B03,最低落札価格（電源属地別）[円/kW・30分],0.92,4.99,0.39,0.39,0.39,2.09,2.13,0.38,1.02,0.38
20260905B03,平均落札価格（電源属地別）[円/kW・30分],1.07,7.45,3.99,0.96,0.5,2.35,3,1.41,3.03,3.08
20260905B03,最高落札価格（TSO別）[円/kW・30分],1.65,10,9.4,0.39,4.95,4,5,1.7,3.79,10
20260905B03,最低落札価格（TSO別）[円/kW・30分],0.92,4.99,0.39,0.39,0.39,0.39,0.38,0.38,1.02,0.38
20260905B03,平均落札価格（TSO別）[円/kW・30分],1.07,7.45,3.99,0.39,0.93,2.27,2.73,1.06,3.03,3.08
20260905B03,落札量合計（TSO別）[MW],113,62.991,503.817,55,53,132,140,41,163,1263.808
20260905B03,（内訳）自エリアからの落札量[MW],113,62.991,503.817,55,20.998,76.205,123.155,41,163,1159.166
20260905B04,募集量（TSO別）[MW],64,175,539,55,53,132,140,41,163,1362
20260905B04,応札量合計（電源属地別）[MW],195.188,62.991,532.603,200.831,22.928,90.024,131.953,95.473,188.75,1520.741
20260905B04,落札量合計（電源属地別）[MW],166.438,62.991,505.344,104.383,22.928,78.201,120.015,95.473,163,1318.773
20260905B04,応札件数（電源属地別）[件],7,18,71,58,3,16,13,8,43,237
20260905B04,落札件数（電源属地別）[件],5,18,58,9,3,10,7,8,30,148
20260905B04,最高落札価格（電源属地別）[円/kW・30分],1.01,10,9.9,4.8,3.2,3,4.71,3.5,5.14,10
20260905B04,最低落札価格（電源属地別）[円/kW・30分],0.85,3.68,0.39,0.59,0.67,2.09,1.04,0.38,1.05,0.38
20260905B04,平均落札価格（電源属地別）[円/kW・30分],0.97,6.99,3.58,1.96,0.96,2.36,4.26,1.41,4.22,3.15
20260905B04,最高落札価格（TSO別）[円/kW・30分],1.01,10,9.9,2.17,4.8,4,4.71,1.7,5.14,10
20260905B04,最低落札価格（TSO別）[円/kW・30分],0.85,3.68,0.39,0.59,0.67,0.38,0.38,0.38,1.05,0.38
20260905B04,平均落札価格（TSO別）[円/kW・30分],0.97,6.99,3.58,1.26,1.75,2.39,3.88,0.88,4.22,3.15
20260905B04,落札量合計（TSO別）[MW],166.438,62.991,505.344,55,53,132,140,41,163,1318.773
20260905B04,（内訳）自エリアからの落札量[MW],166.438,62.991,505.344,55,22.928,78.201,120.015,41,163,1214.917
20260905B05,募集量（TSO別）[MW],64,175,537,54,53,131,140,40,163,1357
20260905B05,応札量合計（電源属地別）[MW],197.658,60.993,509.49,202.854,22.928,88.026,157.407,95.473,186.772,1521.601
20260905B05,落札量合計（電源属地別）[MW],109,60.993,492.177,89.43,20.998,78.201,143.479,95.473,154.419,1244.17
20260905B05,応札件数（電源属地別）[件],8,17,64,49,3,15,15,8,42,221
20260905B05,落札件数（電源属地別）[件],6,17,56,5,2,10,8,8,26,138
20260905B05,最高落札価格（電源属地別）[円/kW・30分],2.5,10,9.9,2.42,1.61,3,5.65,2.82,5.59,10
20260905B05,最低落札価格（電源属地別）[円/kW・30分],0.92,3.51,0.39,0.63,1.5,2.09,0.37,0.38,1.07,0.37
20260905B05,平均落札価格（電源属地別）[円/kW・30分],1.11,6.85,3.28,1.59,1.6,2.36,4.19,1.39,4.56,3.18
20260905B05,最高落札価格（TSO別）[円/kW・30分],2.5,10,9.9,2.06,2.42,3,5.65,1.7,5.59,10
20260905B05,最低落札価格（TSO別）[円/kW・30分],0.92,3.51,0.39,0.63,0.63,0.38,0.39,0.38,0.37,0.37
20260905B05,平均落札価格（TSO別）[円/kW・30分],1.11,6.85,3.28,1.81,1.43,2.03,4.22,1.13,4.43,3.18
20260905B05,落札量合計（TSO別）[MW],109,60.993,492.177,54,53,131,140,41,163,1244.17
20260905B05,（内訳）自エリアからの落札量[MW],109,60.993,492.177,54,20.998,78.201,135.727,41,154.419,1146.515
20260905B06,募集量（TSO別）[MW],64,175,537,54,53,130,140,40,163,1356
20260905B06,応札量合計（電源属地別）[MW],197.658,60.993,520.267,208.795,22.928,88.026,157.407,95.473,188.75,1540.297
20260905B06,落札量合計（電源属地別）[MW],110,60.993,502.954,89.43,21.998,76.205,143.479,95.473,154.415,1254.947
20260905B06,応札件数（電源属地別）[件],8,17,65,52,3,15,15,8,43,226
20260905B06,落札件数（電源属地別）[件],7,17,57,5,3,9,8,8,26,140
20260905B06,最高落札価格（電源属地別）[円/kW・30分],2.86,10,9.9,2.6,3.2,3,6.77,3,6.3,10
20260905B06,最低落札価格（電源属地別）[円/kW・30分],0.92,3.41,0.39,0.81,1.5,2.09,0.39,0.38,1.55,0.38
20260905B06,平均落札価格（電源属地別）[円/kW・30分],1.22,6.81,3.61,1.77,2.62,2.35,4.95,1.4,5.07,3.5
20260905B06,最高落札価格（TSO別）[円/kW・30分],2.86,10,9.9,2.6,3.2,3,6.77,1.7,6.77,10
20260905B06,最低落札価格（TSO別）[円/kW・30分],0.92,3.41,0.39,0.81,1.41,0.38,0.38,0.38,1.55,0.38
20260905B06,平均落札価格（TSO別）[円/kW・30分],1.22,6.81,3.61,1.66,2.21,2.11,4.83,0.94,5.08,3.5
20260905B06,落札量合計（TSO別）[MW],110,60.993,502.954,54,53,130,140,41,163,1254.947
20260905B06,（内訳）自エリアからの落札量[MW],110,60.993,502.954,54,21.998,76.205,136.669,41,154.415,1158.234
20260905B07,募集量（TSO別）[MW],63,174,536,54,53,131,140,41,164,1356
20260905B07,応札量合計（電源属地別）[MW],235.12,75.991,534.611,228.553,22.928,95.92,174.266,92.473,200.592,1660.454
20260905B07,落札量合計（電源属地別）[MW],98,75.991,502.336,91.32,22.928,80.188,144.479,80.085,164,1259.327
20260905B07,応札件数（電源属地別）[件],8,18,72,62,3,19,24,7,49,262
20260905B07,落札件数（電源属地別）[件],4,18,56,6,3,11,9,6,31,144
20260905B07,最高落札価格（電源属地別）[円/kW・30分],1.6,10,9.9,3.5,3.4,3,6.68,4,6.29,10
20260905B07,最低落札価格（電源属地別）[円/kW・30分],0.92,3.46,0.39,0.73,1.5,1.37,0.39,0.38,1.55,0.38
20260905B07,平均落札価格（電源属地別）[円/kW・30分],1.22,7.25,3.6,1.73,2.6,2.34,4.91,1.24,4.97,3.58
20260905B07,最高落札価格（TSO別）[円/kW・30分],1.6,10,9.9,2.51,3.5,4,6.68,1.7,6.29,10
20260905B07,最低落札価格（TSO別）[円/kW・30分],0.92,3.46,0.39,0.73,1.32,1.32,0.39,0.38,1.55,0.38
20260905B07,平均落札価格（TSO別）[円/kW・30分],1.22,7.25,3.6,1.68,2.21,2.15,4.97,0.7,4.97,3.58
20260905B07,落札量合計（TSO別）[MW],98,75.991,502.336,54,53,131,140,41,164,1259.327
20260905B07,（内訳）自エリアからの落札量[MW],98,75.991,502.336,54,22.928,80.188,140,41,164,1178.443
20260905B08,募集量（TSO別）[MW],63,174,537,54,53,131,140,41,164,1357
20260905B08,応札量合計（電源属地別）[MW],235.12,77.491,533.065,243.032,22.928,91.962,174.266,80.93,196.764,1655.558
20260905B08,落札量合計（電源属地別）[MW],100,77.491,503.306,94.069,22.928,80.188,144.479,78,163.336,1263.797
20260905B08,応札件数（電源属地別）[件],8,19,71,61,3,17,24,6,47,256
20260905B08,落札件数（電源属地別）[件],4,19,56,7,3,11,9,4,30,143
20260905B08,最高落札価格（電源属地別）[円/kW・30分],1.7,10,9.9,3.99,3.76,3,6.77,1.7,6.32,10
20260905B08,最低落札価格（電源属地別）[円/kW・30分],0.92,3.41,0.39,1.08,1.5,2.09,0.39,0.38,2.5,0.38
20260905B08,平均落札価格（電源属地別）[円/kW・30分],1.31,7.29,3.62,2.13,2.69,2.38,4.96,1.16,5.02,3.64
20260905B08,最高落札価格（TSO別）[円/kW・30分],1.7,10,9.9,2.51,3.99,3,6.77,1.7,6.32,10
20260905B08,最低落札価格（TSO別）[円/kW・30分],0.92,3.41,0.39,1.08,1.08,1.6,0.39,0.38,2.5,0.38
20260905B08,平均落札価格（TSO別）[円/kW・30分],1.31,7.29,3.62,2.12,2.26,2.23,5.03,0.7,5.01,3.64
20260905B08,落札量合計（TSO別）[MW],100,77.491,503.306,54,53,131,140,41,164,1263.797
20260905B08,（内訳）自エリアからの落札量[MW],100,77.491,503.306,54,22.928,80.188,140,41,163.336,1182.249
20260905B09,募集量（TSO別）[MW],63,174,538,54,53,132,140,41,165,1360
20260905B09,応札量合計（電源属地別）[MW],160.558,79.49,523.456,248.76,22.928,93.941,174.266,80.93,202.576,1586.905
20260905B09,落札量合計（電源属地別）[MW],93.95,79.49,493.177,91.32,22.928,80.188,146.468,79.096,165,1251.617
20260905B09,応札件数（電源属地別）[件],8,20,72,64,3,18,24,6,50,265
20260905B09,落札件数（電源属地別）[件],4,20,57,6,3,11,10,5,31,147
20260905B09,最高落札価格（電源属地別）[円/kW・30分],1.01,10,9.9,3.5,2.62,3,6.6,4.5,6.27,10
20260905B09,最低落札価格（電源属地別）[円/kW・30分],0.92,3.47,0.39,0.81,1.5,2.09,0.39,0.38,1.55,0.38
20260905B09,平均落札価格（電源属地別）[円/kW・30分],1.01,7.36,3.37,1.8,2.46,2.38,4.84,1.21,4.92,3.49
20260905B09,最高落札価格（TSO別）[円/kW・30分],1.01,10,9.9,2.24,2.62,4.5,6.6,1.6,6.27,10
20260905B09,最低落札価格（TSO別）[円/kW・30分],0.92,3.47,0.39,0.81,0.81,1.4,0.39,0.38,1.55,0.38
20260905B09,平均落札価格（TSO別）[円/kW・30分],1.01,7.36,3.37,1.9,1.97,2.23,4.91,0.68,4.92,3.49
20260905B09,落札量合計（TSO別）[MW],93.95,79.49,493.177,54,53,132,140,41,165,1251.617
20260905B09,（内訳）自エリアからの落札量[MW],93.95,79.49,493.177,54,22.928,80.188,140,41,165,1169.733
20260905B10,募集量（TSO別）[MW],63,174,538,54,53,132,140,41,165,1360
20260905B10,応札量合計（電源属地別）[MW],200.038,91.49,533.321,248.76,20.93,95.92,148.812,92.473,202.576,1634.32
20260905B10,落札量合計（電源属地別）[MW],105,91.49,499.272,95.484,20.93,80.188,130.925,92.473,165,1280.762
20260905B10,応札件数（電源属地別）[件],9,21,73,64,2,19,22,7,50,267
20260905B10,落札件数（電源属地別）[件],6,21,56,7,2,11,13,7,31,154
20260905B10,最高落札価格（電源属地別）[円/kW・30分],1.3,10,9.9,4.99,3.09,3,6.35,3.89,6.05,10
20260905B10,最低落札価格（電源属地別）[円/kW・30分],0.92,3.6,0.39,0.39,2.3,2.09,2.13,0.38,1.55,0.38
20260905B10,平均落札価格（電源属地別）[円/kW・30分],1.04,7.68,3.12,1.44,2.37,2.38,5.52,1.54,4.77,3.44
20260905B10,最高落札価格（TSO別）[円/kW・30分],1.3,10,9.9,2.03,4.99,3.89,6.35,1.7,6.05,10
20260905B10,最低落札価格（TSO別）[円/kW・30分],0.92,3.6,0.39,0.84,0.39,0.38,2.13,0.38,1.55,0.38
20260905B10,平均落札価格（TSO別）[円/kW・30分],1.04,7.68,3.12,1.36,1.85,2.11,5.41,0.86,4.77,3.44
20260905B10,落札量合計（TSO別）[MW],105,91.49,499.272,54,53,132,140,41,165,1280.762
20260905B10,（内訳）自エリアからの落札量[MW],105,91.49,499.272,54,20.93,80.188,130.925,41,165,1187.805
20260905B11,募集量（TSO別）[MW],63,174,538,54,53,132,140,41,165,1360
20260905B11,応札量合計（電源属地別）[MW],158.608,91.49,514.885,250.75,22.928,80.92,148.812,92.473,202.576,1563.442
20260905B11,落札量合計（電源属地別）[MW],94,91.49,480.836,101.32,22.928,65.188,138.091,92.473,165,1251.326
20260905B11,応札件数（電源属地別）[件],7,21,72,65,3,18,22,7,50,265
20260905B11,落札件数（電源属地別）[件],5,21,55,7,3,10,17,7,31,156
20260905B11,最高落札価格（電源属地別）[円/kW・30分],5.95,10,9.9,4.99,3.83,3,6.56,3.89,6.31,10
20260905B11,最低落札価格（電源属地別）[円/kW・30分],0.92,3.49,0.39,0.94,2,2.09,2.13,0.38,2.15,0.38
20260905B11,平均落札価格（電源属地別）[円/kW・30分],1.11,7.62,3.02,2.24,2.58,2.34,5.6,1.54,4.96,3.54
20260905B11,最高落札価格（TSO別）[円/kW・30分],5.95,10,9.9,2.37,4.99,4.99,6.56,1.7,6.31,10
20260905B11,最低落札価格（TSO別）[円/kW・30分],0.92,3.49,0.39,0.94,1.54,0.38,1.7,0.38,2.15,0.38
20260905B11,平均落札価格（TSO別）[円/kW・30分],1.11,7.62,3.02,1.81,2.32,2.42,5.55,0.93,4.96,3.54
20260905B11,落札量合計（TSO別）[MW],94,91.49,480.836,54,53,132,140,41,165,1251.326
20260905B11,（内訳）自エリアからの落札量[MW],94,91.49,480.836,54,22.928,65.188,138.091,41,165,1152.533
20260905B12,募集量（TSO別）[MW],63,174,538,54,53,132,140,41,165,1360
20260905B12,応札量合計（電源属地別）[MW],197.608,91.49,497.196,249.25,22.928,95.92,174.266,92.473,199.576,1620.707
20260905B12,落札量合計（電源属地別）[MW],132,91.49,463.147,91.32,22.115,80.188,146.447,80.93,164,1271.637
20260905B12,応札件数（電源属地別）[件],8,21,71,64,3,19,24,7,49,266
20260905B12,落札件数（電源属地別）[件],6,21,54,6,3,11,10,6,31,148
20260905B12,最高落札価格（電源属地別）[円/kW・30分],6,10,9.9,3.5,3.96,3,5.78,2.5,5.55,10
20260905B12,最低落札価格（電源属地別）[円/kW・30分],0.39,3.88,0.39,0.39,1.73,2.09,0.39,0.38,1.55,0.38
20260905B12,平均落札価格（電源属地別）[円/kW・30分],0.86,7.8,2.83,1.38,1.87,2.38,4.3,1.21,4.41,3.1
20260905B12,最高落札価格（TSO別）[円/kW・30分],6,10,9.9,1.87,3.96,3,5.78,1.7,5.55,10
20260905B12,最低落札価格（TSO別）[円/kW・30分],0.39,3.88,0.39,0.89,0.39,0.38,0.39,0.38,1.55,0.38
20260905B12,平均落札価格（TSO別）[円/kW・30分],0.86,7.8,2.83,1.45,1.63,2.09,4.37,0.75,4.4,3.1
20260905B12,落札量合計（TSO別）[MW],132,91.49,463.147,54,53,132,140,41,165,1271.637
20260905B12,（内訳）自エリアからの落札量[MW],132,91.49,463.147,54,22.115,80.188,140,41,164,1187.94
20260905B13,募集量（TSO別）[MW],65,183,559,64,57,145,141,44,168,1426
20260905B13,応札量合計（電源属地別）[MW],197.658,103.49,468.381,228.941,22.928,95.92,174.266,95.473,204.562,1591.619
20260905B13,落札量合計（電源属地別）[MW],158.1,103.49,449.428,105.08,22.828,78.201,150.418,95.473,168,1331.018
20260905B13,応札件数（電源属地別）[件],8,22,73,64,3,19,24,7,51,271
20260905B13,落札件数（電源属地別）[件],7,22,64,9,3,10,12,7,33,167
20260905B13,最高落札価格（電源属地別）[円/kW・30分],9.95,10,9.9,3.5,4.31,3,4.71,2.85,3.5,10
20260905B13,最低落札価格（電源属地別）[円/kW・30分],0.44,5.72,0.39,0.39,0.67,2.09,0.37,0.38,1.05,0.37
20260905B13,平均落札価格（電源属地別）[円/kW・30分],2.16,8.45,4.23,0.95,1.08,2.36,3.6,1.39,3.01,3.46
20260905B13,最高落札価格（TSO別）[円/kW・30分],9.95,10,9.9,0.95,4.31,4.63,4.71,1.7,3.5,10
20260905B13,最低落札価格（TSO別）[円/kW・30分],0.44,5.72,0.39,0.39,0.63,0.37,0.39,0.38,1.05,0.37
20260905B13,平均落札価格（TSO別）[円/kW・30分],2.16,8.45,4.23,0.55,1.37,2.25,3.63,0.7,3.01,3.46
20260905B13,落札量合計（TSO別）[MW],158.1,103.49,449.428,64,57,145,141,45,168,1331.018
20260905B13,（内訳）自エリアからの落札量[MW],158.1,103.49,449.428,64,22.828,78.201,141,45,168,1230.047
20260905B14,募集量（TSO別）[MW],65,188,567,67,57,148,142,44,169,1447
20260905B14,応札量合計（電源属地別）[MW],237.508,111.99,468.381,221.057,22.928,95.92,174.266,95.473,200.71,1628.233
20260905B14,落札量合計（電源属地別）[MW],85,111.99,457.428,105.019,22.928,78.201,156.379,95.473,169,1281.418
20260905B14,応札件数（電源属地別）[件],9,22,73,60,3,19,24,7,49,266
20260905B14,落札件数（電源属地別）[件],3,22,68,9,3,10,15,7,33,170
20260905B14,最高落札価格（電源属地別）[円/kW・30分],1.01,10,9.9,4.4,2.89,3,4.97,3,4.41,10
20260905B14,最低落札価格（電源属地別）[円/kW・30分],0.39,6.56,0.39,0.39,0.93,2.09,0.39,0.38,1.65,0.38
20260905B14,平均落札価格（電源属地別）[円/kW・30分],0.76,9.34,2.99,1.03,1.19,2.36,3.84,1.36,3.74,3.25
20260905B14,最高落札価格（TSO別）[円/kW・30分],1.01,10,9.9,1.08,4.4,4.63,4.97,1.7,4.41,10
20260905B14,最低落札価格（TSO別）[円/kW・30分],0.39,6.56,0.39,0.39,0.39,0.38,0.39,0.38,1.65,0.38
20260905B14,平均落札価格（TSO別）[円/kW・30分],0.76,9.34,2.99,0.72,1.47,2.25,3.83,0.96,3.74,3.25
20260905B14,落札量合計（TSO別）[MW],85,111.99,457.428,67,57,148,142,44,169,1281.418
20260905B14,（内訳）自エリアからの落札量[MW],85,111.99,457.428,67,22.928,78.201,142,44,169,1177.547
20260905B15,募集量（TSO別）[MW],66,194,572,70,58,152,143,45,170,1470
20260905B15,応札量合計（電源属地別）[MW],237.508,113.49,362.281,185.345,15.14,95.92,186.993,95.473,198.726,1490.876
20260905B15,落札量合計（電源属地別）[MW],83,113.49,356.328,123.044,15.14,65.199,169.144,95.473,170,1190.818
20260905B15,応札件数（電源属地別）[件],9,23,72,58,3,19,25,7,48,264
20260905B15,落札件数（電源属地別）[件],3,23,69,27,3,10,16,7,34,192
20260905B15,最高落札価格（電源属地別）[円/kW・30分],1.01,10,9.9,5,2.8,5,5,2.8,3.79,10
20260905B15,最低落札価格（電源属地別）[円/kW・30分],0.39,6.56,0.39,0.39,0.39,2.09,0.39,0.38,1.04,0.38
20260905B15,平均落札価格（電源属地別）[円/kW・30分],0.75,9.27,2.87,2.07,0.91,2.4,3.14,1.35,3.08,3.14
20260905B15,最高落札価格（TSO別）[円/kW・30分],1.01,10,9.9,5,5,5,4.12,1.7,3.79,10
20260905B15,最低落札価格（TSO別）[円/kW・30分],0.39,6.56,0.39,0.39,0.39,0.38,0.39,0.38,1.04,0.38
20260905B15,平均落札価格（TSO別）[円/kW・30分],0.75,9.27,2.87,1.23,2.26,2.64,2.93,1.03,3.08,3.14
20260905B15,落札量合計（TSO別）[MW],83,113.49,356.328,70,58,152,143,45,170,1190.818
20260905B15,（内訳）自エリアからの落札量[MW],83,113.49,356.328,70,15.14,65.199,143,45,170,1061.157
20260905B16,募集量（TSO別）[MW],66,198,577,72,59,156,144,45,171,1488
20260905B16,応札量合計（電源属地別）[MW],192.658,111.99,382.766,193.229,22.928,95.92,186.993,95.473,204.562,1486.519
20260905B16,落札量合計（電源属地別）[MW],84,111.99,381.038,117.333,20.93,65.199,177.065,95.473,171,1224.028
20260905B16,応札件数（電源属地別）[件],8,22,73,62,3,19,25,7,51,270
20260905B16,落札件数（電源属地別）[件],3,22,72,24,2,10,20,7,34,194
20260905B16,最高落札価格（電源属地別）[円/kW・30分],1.01,10,9.9,5,2.8,5,5.42,3.5,3.64,10
20260905B16,最低落札価格（電源属地別）[円/kW・30分],0.39,6.56,0.39,0.39,0.39,2.09,0.39,0.38,0.39,0.38
20260905B16,平均落札価格（電源属地別）[円/kW・30分],0.76,9.39,2.81,2.07,0.61,2.44,2.38,1.37,2.21,2.88
20260905B16,最高落札価格（TSO別）[円/kW・30分],1.01,10,9.9,5,5,5.42,2.54,1.7,3.64,10
20260905B16,最低落札価格（TSO別）[円/kW・30分],0.39,6.56,0.39,0.39,0.39,1.6,0.39,0.38,0.39,0.38
20260905B16,平均落札価格（TSO別）[円/kW・30分],0.76,9.39,2.81,0.39,3.26,2.79,1.94,0.69,2.21,2.88
20260905B16,落札量合計（TSO別）[MW],84,111.99,381.038,72,59,156,144,45,171,1224.028
20260905B16,（内訳）自エリアからの落札量[MW],84,111.99,381.038,72,20.93,65.199,144,45,171,1095.157
20260905B17,募集量（TSO別）[MW],66,198,577,72,60,156,144,45,171,1489
20260905B17,応札量合計（電源属地別）[MW],233.568,115.49,521.475,171.42,22.928,95.92,175.055,133.473,202.612,1671.941
20260905B17,落札量合計（電源属地別）[MW],70,115.49,519.747,97.192,21.93,65.199,157.206,133.473,173,1353.237
20260905B17,応札件数（電源属地別）[件],7,23,73,61,3,19,19,9,50,264
20260905B17,落札件数（電源属地別）[件],4,23,72,23,3,10,10,9,35,189
20260905B17,最高落札価格（電源属地別）[円/kW・30分],1,10,10,5,6,5,3,3.5,3.79,10
20260905B17,最低落札価格（電源属地別）[円/kW・30分],0.39,6.51,0.39,0.39,0.39,2.09,0.39,0.36,0.39,0.36
20260905B17,平均落札価格（電源属地別）[円/kW・30分],0.7,8.75,5.11,2.51,0.99,2.4,1.33,1.08,1.55,3.52
20260905B17,最高落札価格（TSO別）[円/kW・30分],1,10,10,5,6,5,2.13,1.7,3.79,10
20260905B17,最低落札価格（TSO別）[円/kW・30分],0.39,6.51,0.39,0.39,0.39,0.36,0.39,0.38,0.39,0.36
20260905B17,平均落札価格（TSO別）[円/kW・30分],0.7,8.75,5.11,1.63,3.12,1.63,1.24,1.01,1.53,3.52
20260905B17,落札量合計（TSO別）[MW],70,115.49,519.747,72,60,156,144,45,171,1353.237
20260905B17,（内訳）自エリアからの落札量[MW],70,115.49,519.747,72,21.93,65.199,144,45,171,1224.366
20260905B18,募集量（TSO別）[MW],66,198,577,72,60,156,144,45,171,1489
20260905B18,応札量合計（電源属地別）[MW],190.708,113.99,521.475,171.51,22.928,99.787,175.055,160.973,202.612,1659.038
20260905B18,落札量合計（電源属地別）[MW],74,113.99,520.522,72,19,65.821,157.206,160.973,173,1356.512
20260905B18,応札件数（電源属地別）[件],7,22,73,61,3,21,19,9,50,265
20260905B18,落札件数（電源属地別）[件],5,22,73,10,1,11,10,9,35,176
20260905B18,最高落札価格（電源属地別）[円/kW・30分],1.01,10,10,5,0.39,5,3,2.5,3.79,10
20260905B18,最低落札価格（電源属地別）[円/kW・30分],0.39,6.56,0.39,0.39,0.39,2.09,0.39,0.36,0.39,0.36
20260905B18,平均落札価格（電源属地別）[円/kW・30分],0.72,8.76,5.11,1.77,0.39,2.73,1.13,0.92,1.47,3.4
20260905B18,最高落札価格（TSO別）[円/kW・30分],1.01,10,10,5,2.5,5,2.13,1.7,3.79,10
20260905B18,最低落札価格（TSO別）[円/kW・30分],0.39,6.56,0.39,0.39,0.39,0.36,0.39,0.38,0.39,0.36
20260905B18,平均落札価格（TSO別）[円/kW・30分],0.72,8.76,5.11,1.77,1.47,1.61,1.03,0.7,1.45,3.4
20260905B18,落札量合計（TSO別）[MW],74,113.99,520.522,72,60,156,144,45,171,1356.512
20260905B18,（内訳）自エリアからの落札量[MW],74,113.99,520.522,72,19,56.821,144,45,171,1216.333
20260905B19,募集量（TSO別）[MW],67,129,568,76,61,155,148,47,175,1426
20260905B19,応札量合計（電源属地別）[MW],188.74,116.136,506.475,173.508,47.928,99.787,186.993,149.973,202.612,1672.152
20260905B19,落札量合計（電源属地別）[MW],67,116.136,496.522,76.737,44,59.078,155.212,149.973,177,1341.658
20260905B19,応札件数（電源属地別）[件],6,23,72,62,4,21,25,9,50,272
20260905B19,落札件数（電源属地別）[件],4,23,67,17,2,7,9,9,37,175
20260905B19,最高落札価格（電源属地別）[円/kW・30分],1.01,10,10,5,0.39,5,3,2.8,3.79,10
20260905B19,最低落札価格（電源属地別）[円/kW・30分],0.39,6.56,0.39,0.39,0.39,2.09,0.39,0.36,0.39,0.36
20260905B19,平均落札価格（電源属地別）[円/kW・30分],0.69,8.93,5.17,1.98,0.39,2.5,1.05,1.04,1.6,3.41
20260905B19,最高落札価格（TSO別）[円/kW・30分],1.01,10,10,5,4.6,5,2.13,1.6,3.79,10
20260905B19,最低落札価格（TSO別）[円/kW・30分],0.39,6.56,0.39,0.39,0.39,0.36,0.39,1.07,0.39,0.36
20260905B19,平均落札価格（TSO別）[円/kW・30分],0.69,8.93,5.17,1.95,0.88,1.48,0.96,1.44,1.57,3.41
20260905B19,落札量合計（TSO別）[MW],67,116.136,496.522,76,61,155,148,47,175,1341.658
20260905B19,（内訳）自エリアからの落札量[MW],67,116.136,496.522,76,44,59.078,148,47,175,1228.736
20260905B20,募集量（TSO別）[MW],68,131,568,76,61,155,149,47,175,1430
20260905B20,応札量合計（電源属地別）[MW],150.708,116.136,506.475,173.508,47.928,97.937,186.993,180.473,202.612,1662.77
20260905B20,落札量合計（電源属地別）[MW],87,116.136,496.522,144.849,45.998,77.032,171.121,48,177,1363.658
20260905B20,応札件数（電源属地別）[件],6,23,72,62,4,20,25,9,50,271
20260905B20,落札件数（電源属地別）[件],4,23,67,48,3,16,17,4,37,219
20260905B20,最高落札価格（電源属地別）[円/kW・30分],1.01,10,10,6.78,6,6.98,6.98,1.6,3.79,10
20260905B20,最低落札価格（電源属地別）[円/kW・30分],0.39,6.56,0.39,0.39,0.39,2.09,0.39,0.36,0.39,0.36
20260905B20,平均落札価格（電源属地別）[円/kW・30分],0.76,8.98,5.17,3.75,0.63,3.29,1.51,1.29,1.57,3.74
20260905B20,最高落札価格（TSO別）[円/kW・30分],1.01,10,10,6.77,6.77,6.98,6.98,1.6,3.79,10
20260905B20,最低落札価格（TSO別）[円/kW・30分],0.39,6.56,0.39,0.39,0.39,1.02,0.39,0.36,0.39,0.36
20260905B20,平均落札価格（TSO別）[円/kW・30分],0.76,8.98,5.17,1.98,1.73,4.07,1.37,1.29,1.55,3.74
20260905B20,落札量合計（TSO別）[MW],87,116.136,496.522,76,61,155,149,48,175,1363.658
20260905B20,（内訳）自エリアからの落札量[MW],87,116.136,496.522,76,45.998,77.032,147,48,175,1268.688
20260905B21,募集量（TSO別）[MW],68,134,568,77,62,155,150,48,176,1438
20260905B21,応札量合計（電源属地別）[MW],150.668,116.136,487.41,182.798,47.928,99.928,186.993,180.473,193.18,1645.514
20260905B21,落札量合計（電源属地別）[MW],127,116.136,487.41,147.688,45.998,68.273,179.05,49,178.991,1399.546
20260905B21,応札件数（電源属地別）[件],6,23,62,64,4,21,25,9,45,259
20260905B21,落札件数（電源属地別）[件],5,23,62,49,3,12,21,4,38,217
20260905B21,最高落札価格（電源属地別）[円/kW・30分],1.01,10,10,6.8,6,6.98,6,1.6,5.22,10
20260905B21,最低落札価格（電源属地別）[円/kW・30分],0.39,6.56,0.39,0.39,0.39,2.09,0.39,0.36,0.39,0.36
20260905B21,平均落札価格（電源属地別）[円/kW・30分],0.84,9.11,5.1,3.97,0.63,3.14,1.69,1.27,1.57,3.66
20260905B21,最高落札価格（TSO別）[円/kW・30分],1.01,10,10,6.8,6.2,6.98,6,1.6,5.22,10
20260905B21,最低落札価格（TSO別）[円/kW・30分],0.39,6.56,0.39,0.39,0.39,1.03,0.39,0.36,0.39,0.36
20260905B21,平均落札価格（TSO別）[円/kW・30分],0.84,9.11,5.1,2.29,1.99,3.76,1.74,1.27,1.54,3.66
20260905B21,落札量合計（TSO別）[MW],127,116.136,487.41,77,62,155,150,49,176,1399.546
20260905B21,（内訳）自エリアからの落札量[MW],127,116.136,487.41,77,45.998,68.273,147.009,49,176,1293.826
20260905B22,募集量（TSO別）[MW],68,135,567,76,62,155,151,48,176,1438
20260905B22,応札量合計（電源属地別）[MW],148.718,116.136,487.41,182.798,22.928,99.928,175.055,180.473,174.274,1587.72
20260905B22,落札量合計（電源属地別）[MW],119,116.136,487.41,154.43,22.928,96.019,174.634,49,171.989,1391.546
20260905B22,応札件数（電源属地別）[件],5,23,62,64,3,21,19,9,38,244
20260905B22,落札件数（電源属地別）[件],3,23,62,50,3,19,19,4,37,220
20260905B22,最高落札価格（電源属地別）[円/kW・30分],1.01,10,10,7.27,7.3,6.99,8.62,1.6,5.25,10
20260905B22,最低落札価格（電源属地別）[円/kW・30分],0.39,6.56,0.39,0.39,0.39,2.09,0.39,0.36,0.39,0.36
20260905B22,平均落札価格（電源属地別）[円/kW・30分],0.83,9.11,5.08,4.06,1.46,4,1.8,1.27,1.82,3.86
20260905B22,最高落札価格（TSO別）[円/kW・30分],1.01,10,10,7.27,7.3,7.27,8.62,1.6,8.62,10
20260905B22,最低落札価格（TSO別）[円/kW・30分],0.39,6.56,0.39,0.39,0.39,0.39,0.39,0.36,0.39,0.36
20260905B22,平均落札価格（TSO別）[円/kW・30分],0.83,9.11,5.08,3.45,4.27,3.49,1.77,1.27,1.92,3.86
20260905B22,落札量合計（TSO別）[MW],119,116.136,487.41,76,62,155,151,49,176,1391.546
20260905B22,（内訳）自エリアからの落札量[MW],119,116.136,487.41,76,22.928,96.019,151,49,171.989,1289.482
20260905B23,募集量（TSO別）[MW],68,135,564,75,62,155,151,48,177,1435
20260905B23,応札量合計（電源属地別）[MW],150.668,116.136,502.323,181.298,47.928,99.928,175.055,180.473,174.274,1628.083
20260905B23,落札量合計（電源属地別）[MW],131.95,116.136,492.097,144.506,45.998,88.11,169.101,49,172.285,1409.183
20260905B23,応札件数（電源属地別）[件],6,23,70,63,4,21,19,9,38,253
20260905B23,落札件数（電源属地別）[件],5,23,65,47,3,19,16,4,37,219
20260905B23,最高落札価格（電源属地別）[円/kW・30分],1.01,10,10,6.78,6,6.99,6.98,1.6,5.53,10
20260905B23,最低落札価格（電源属地別）[円/kW・30分],0.39,6.56,0.39,0.39,0.39,2.09,0.39,0.36,0.39,0.36
20260905B23,平均落札価格（電源属地別）[円/kW・30分],0.85,9.2,5.12,3.85,0.63,3.73,1.52,1.27,1.89,3.73
20260905B23,最高落札価格（TSO別）[円/kW・30分],1.01,10,10,6.77,6.54,6.99,6.98,1.6,6.98,10
20260905B23,最低落札価格（TSO別）[円/kW・30分],0.39,6.56,0.39,0.39,0.39,0.39,0.39,0.36,0.39,0.36
20260905B23,平均落札価格（TSO別）[円/kW・30分],0.85,9.2,5.12,3.13,1.88,3.71,1.45,1.27,1.98,3.73
20260905B23,落札量合計（TSO別）[MW],131.95,116.136,492.097,75,62,155,151,49,177,1409.183
20260905B23,（内訳）自エリアからの落札量[MW],131.95,116.136,492.097,75,45.998,88.11,151,49,172.285,1321.576
20260905B24,募集量（TSO別）[MW],68,135,564,74,62,155,151,48,177,1434
20260905B24,応札量合計（電源属地別）[MW],152.658,116.136,501.783,219.438,47.928,101.778,175.055,180.473,172.326,1667.575
20260905B24,落札量合計（電源属地別）[MW],119,116.136,491.557,157.204,47.257,75.101,167.112,49,172.326,1394.693
20260905B24,応札件数（電源属地別）[件],7,23,70,64,4,22,19,9,37,255
20260905B24,落札件数（電源属地別）[件],5,23,65,39,4,15,15,4,37,207
20260905B24,最高落札価格（電源属地別）[円/kW・30分],1.01,10,10,6.59,6.7,6,6.38,1.6,6,10
20260905B24,最低落札価格（電源属地別）[円/kW・30分],0.39,6.56,0.39,0.39,0.39,2.09,0.39,0.36,0.39,0.36
20260905B24,平均落札価格（電源属地別）[円/kW・30分],0.83,9.2,5.13,2.61,0.8,3.27,1.39,1.27,1.88,3.58
20260905B24,最高落札価格（TSO別）[円/kW・30分],1.01,10,10,6,6.7,6.59,6.38,1.6,6.38,10
20260905B24,最低落札価格（TSO別）[円/kW・30分],0.39,6.56,0.39,0.39,0.39,0.39,0.39,0.36,0.39,0.36
20260905B24,平均落札価格（TSO別）[円/kW・30分],0.83,9.2,5.13,0.57,1.85,3.52,1.29,1.27,1.99,3.58
20260905B24,落札量合計（TSO別）[MW],119,116.136,491.557,74,62,155,151,49,177,1394.693
20260905B24,（内訳）自エリアからの落札量[MW],119,116.136,491.557,74,47.257,75.101,151,49,172.326,1295.377
20260905B25,募集量（TSO別）[MW],67,136,563,71,62,155,149,48,176,1427
20260905B25,応札量合計（電源属地別）[MW],170.708,109.795,487.006,202.598,47.928,101.778,175.055,180.473,180.222,1655.563
20260905B25,落札量合計（電源属地別）[MW],110,109.795,481.953,160.858,47.928,65.111,167.112,50,171.991,1364.748
20260905B25,応札件数（電源属地別）[件],7,20,66,64,4,22,19,9,41,252
20260905B25,落札件数（電源属地別）[件],3,20,64,46,4,10,15,4,37,203
20260905B25,最高落札価格（電源属地別）[円/kW・30分],1.01,10,10,6.78,6,6,6.38,1.6,5,10
20260905B25,最低落札価格（電源属地別）[円/kW・30分],0.39,6.56,0.39,0.39,0.39,2.09,0.39,0.36,0.39,0.36
20260905B25,平均落札価格（電源属地別）[円/kW・30分],0.82,9.23,5.21,3.29,0.84,3,1.34,1.25,1.67,3.63
20260905B25,最高落札価格（TSO別）[円/kW・30分],1.01,10,10,6.77,6.78,6.51,6.38,1.6,6.38,10
20260905B25,最低落札価格（TSO別）[円/kW・30分],0.39,6.56,0.39,0.39,0.39,0.39,0.39,0.36,0.39,0.36
20260905B25,平均落札価格（TSO別）[円/kW・30分],0.82,9.23,5.21,3.48,1.02,3.29,0.99,1.25,1.74,3.63
20260905B25,落札量合計（TSO別）[MW],110,109.795,481.953,71,62,155,149,50,176,1364.748
20260905B25,（内訳）自エリアからの落札量[MW],110,109.795,481.953,71,47.928,65.111,149,50,171.991,1256.778
20260905B26,募集量（TSO別）[MW],67,136,563,71,62,155,149,48,176,1427
20260905B26,応札量合計（電源属地別）[MW],210.708,111.76,478.63,204.596,47.928,99.928,175.055,180.473,182.206,1691.284
20260905B26,落札量合計（電源属地別）[MW],112,111.76,473.577,156.924,47.928,67.051,169.106,50,171.991,1360.337
20260905B26,応札件数（電源属地別）[件],8,21,65,65,4,21,19,9,42,254
20260905B26,落札件数（電源属地別）[件],3,21,63,44,4,11,16,4,37,203
20260905B26,最高落札価格（電源属地別）[円/kW・30分],1.01,10,10,6.77,6,6,6.56,1.6,5.07,10
20260905B26,最低落札価格（電源属地別）[円/kW・30分],0.39,6.56,0.39,0.39,0.39,2.09,0.39,0.36,0.39,0.36
20260905B26,平均落札価格（電源属地別）[円/kW・30分],0.81,9.1,5.56,3.2,0.83,3,1.44,1.25,1.66,3.73
20260905B26,最高落札価格（TSO別）[円/kW・30分],1.01,10,10,6.77,6,6.7,6.56,1.6,6.38,10
20260905B26,最低落札価格（TSO別）[円/kW・30分],0.39,6.56,0.39,0.39,0.39,0.39,0.39,0.36,0.39,0.36
20260905B26,平均落札価格（TSO別）[円/kW・30分],0.81,9.1,5.56,3.86,0.98,3.12,0.97,1.25,1.76,3.73
20260905B26,落札量合計（TSO別）[MW],112,111.76,473.577,71,62,155,149,50,176,1360.337
20260905B26,（内訳）自エリアからの落札量[MW],112,111.76,473.577,71,47.928,67.051,149,50,171.991,1254.307
20260905B27,募集量（TSO別）[MW],67,136,563,71,62,155,149,48,176,1427
20260905B27,応札量合計（電源属地別）[MW],212.658,115.556,478.27,206.595,22.928,99.928,175.055,180.473,184.204,1675.667
20260905B27,落札量合計（電源属地別）[MW],127,115.556,473.217,163.497,22.928,85.483,169.101,50,171.991,1378.773
20260905B27,応札件数（電源属地別）[件],9,23,65,66,3,21,19,9,43,258
20260905B27,落札件数（電源属地別）[件],4,23,63,47,3,19,16,4,37,216
20260905B27,最高落札価格（電源属地別）[円/kW・30分],1.01,10,10,6.8,6,6.99,6.98,1.6,5.05,10
20260905B27,最低落札価格（電源属地別）[円/kW・30分],0.39,4.39,0.39,0.39,0.39,2.09,0.39,0.36,0.39,0.36
20260905B27,平均落札価格（電源属地別）[円/kW・30分],0.84,8.74,5.28,3.35,1.31,3.63,1.55,1.25,1.65,3.71
20260905B27,最高落札価格（TSO別）[円/kW・30分],1.01,10,10,6.8,6.49,6.99,6.38,1.6,6.38,10
20260905B27,最低落札価格（TSO別）[円/kW・30分],0.39,4.39,0.39,0.39,0.39,0.39,0.39,0.36,0.39,0.36
20260905B27,平均落札価格（TSO別）[円/kW・30分],0.84,8.74,5.28,4.17,3.25,2.99,1.12,1.25,1.75,3.71
20260905B27,落札量合計（TSO別）[MW],127,115.556,473.217,71,62,155,149,50,176,1378.773
20260905B27,（内訳）自エリアからの落札量[MW],127,115.556,473.217,71,22.928,85.483,149,50,171.991,1266.175
20260905B28,募集量（TSO別）[MW],67,133,562,71,62,154,148,48,176,1421
20260905B28,応札量合計（電源属地別）[MW],190.668,117.486,492.73,224.816,35.154,99.928,175.055,180.473,187.352,1703.662
20260905B28,落札量合計（電源属地別）[MW],70,117.486,486.677,152.704,35.154,77.041,167.112,49,178.989,1334.163
20260905B28,応札件数（電源属地別）[件],7,24,66,67,4,21,19,9,42,259
20260905B28,落札件数（電源属地別）[件],4,24,63,33,4,16,15,4,38,201
20260905B28,最高落札価格（電源属地別）[円/kW・30分],1.01,10,10,6.1,6,6,6.2,1.6,5.85,10
20260905B28,最低落札価格（電源属地別）[円/kW・30分],0.39,6.56,0.39,0.39,0.39,2.09,0.39,0.36,0.39,0.36
20260905B28,平均落札価格（電源属地別）[円/kW・30分],0.69,8.84,5.14,2.4,0.99,3.26,1.66,1.27,1.89,3.69
20260905B28,最高落札価格（TSO別）[円/kW・30分],1.01,10,10,6,6,6.2,6.2,1.6,5.85,10
20260905B28,最低落札価格（TSO別）[円/kW・30分],0.39,6.56,0.39,0.39,0.39,0.39,0.39,0.36,0.39,0.36
20260905B28,平均落札価格（TSO別）[円/kW・30分],0.69,8.84,5.14,3.21,1.49,2.82,1.26,1.27,1.85,3.69
20260905B28,落札量合計（TSO別）[MW],70,117.486,486.677,71,62,154,148,49,176,1334.163
20260905B28,（内訳）自エリアからの落札量[MW],70,117.486,486.677,71,35.154,77.041,146.002,49,176,1228.36
20260905B29,募集量（TSO別）[MW],66,131,561,70,62,155,148,48,175,1416
20260905B29,応札量合計（電源属地別）[MW],231.588,117.486,492.19,224.816,44.63,99.928,175.055,180.473,188.852,1755.018
20260905B29,落札量合計（電源属地別）[MW],66,117.486,485.137,148.181,44.63,75.045,167.112,50,175.032,1328.623
20260905B29,応札件数（電源属地別）[件],8,24,66,67,4,21,19,9,43,261
20260905B29,落札件数（電源属地別）[件],4,24,63,31,4,15,15,4,36,196
20260905B29,最高落札価格（電源属地別）[円/kW・30分],1,10,10,6,6,6,6,1.6,6,10
20260905B29,最低落札価格（電源属地別）[円/kW・30分],0.39,6.56,0.39,0.39,0.39,2.09,0.39,0.36,0.39,0.36
20260905B29,平均落札価格（電源属地別）[円/kW・30分],0.68,8.92,5.16,2.29,0.86,3.19,1.5,1.25,2.15,3.69
20260905B29,最高落札価格（TSO別）[円/kW・30分],1,10,10,5,6,6,6,1.6,6,10
20260905B29,最低落札価格（TSO別）[円/kW・30分],0.39,6.56,0.39,0.39,0.39,0.39,0.39,0.36,0.39,0.36
20260905B29,平均落札価格（TSO別）[円/kW・30分],0.68,8.92,5.16,2.27,0.67,2.82,1.56,1.25,2.15,3.69
20260905B29,落札量合計（TSO別）[MW],66,117.486,485.137,70,62,155,148,50,175,1328.623
20260905B29,（内訳）自エリアからの落札量[MW],66,117.486,485.137,70,44,75.045,147.968,50,175,1230.636
20260905B30,募集量（TSO別）[MW],66,126,561,70,62,155,148,47,174,1409
20260905B30,応札量合計（電源属地別）[MW],235.558,117.486,492.19,242.249,40.652,96.061,186.993,180.473,204.61,1796.272
20260905B30,落札量合計（電源属地別）[MW],66,117.486,485.137,146.152,36.724,61.353,167.15,72.159,174.462,1326.623
20260905B30,応札件数（電源属地別）[件],8,24,66,68,4,19,25,9,51,274
20260905B30,落札件数（電源属地別）[件],3,24,63,22,2,8,15,5,36,178
20260905B30,最高落札価格（電源属地別）[円/kW・30分],1,10,9.9,5,0.39,5,5,1.6,5,10
20260905B30,最低落札価格（電源属地別）[円/kW・30分],0.39,6.56,0.39,0.39,0.39,2.09,0.39,0.36,0.39,0.36
20260905B30,平均落札価格（電源属地別）[円/kW・30分],0.67,8.9,4.8,1.6,0.39,2.69,1.63,0.98,1.96,3.4
20260905B30,最高落札価格（TSO別）[円/kW・30分],1,10,9.9,0.39,5,5,5,1.6,5,10
20260905B30,最低落札価格（TSO別）[円/kW・30分],0.39,6.56,0.39,0.39,0.39,0.36,0.39,0.36,0.39,0.36
20260905B30,平均落札価格（TSO別）[円/kW・30分],0.67,8.9,4.8,0.39,1.9,2.02,1.61,1.27,1.96,3.4
20260905B30,落札量合計（TSO別）[MW],66,117.486,485.137,70,62,155,148,49,174,1326.623
20260905B30,（内訳）自エリアからの落札量[MW],66,117.486,485.137,70,36.724,61.353,148,49,174,1207.7
20260905B31,募集量（TSO別）[MW],64,194,560,69,63,154,147,45,170,1466
20260905B31,応札量合計（電源属地別）[MW],190.708,115.556,496.186,216.144,47.928,96.061,212.447,153.473,204.61,1733.113
20260905B31,落札量合計（電源属地別）[MW],64,115.556,484.137,130.119,45.93,61.353,193.598,45,172,1311.693
20260905B31,応札件数（電源属地別）[件],7,23,68,63,4,19,27,6,51,268
20260905B31,落札件数（電源属地別）[件],3,23,62,23,3,8,17,3,37,179
20260905B31,最高落札価格（電源属地別）[円/kW・30分],1.01,10,9.9,5.99,5.5,5,5,1.6,5.3,10
20260905B31,最低落札価格（電源属地別）[円/kW・30分],0.39,6.56,0.39,0.39,0.39,2.09,0.39,0.36,0.39,0.36
20260905B31,平均落札価格（電源属地別）[円/kW・30分],0.67,8.77,5.03,1.89,0.8,2.69,1.8,0.77,2.13,3.57
20260905B31,最高落札価格（TSO別）[円/kW・30分],1.01,10,9.9,5,5.5,5.99,5.3,1.6,5.3,10
20260905B31,最低落札価格（TSO別）[円/kW・30分],0.39,6.56,0.39,0.39,0.39,0.39,0.39,0.36,0.39,0.36
20260905B31,平均落札価格（TSO別）[円/kW・30分],0.67,8.77,5.03,0.72,1.93,2.43,1.76,0.77,2.09,3.57
20260905B31,落札量合計（TSO別）[MW],64,115.556,484.137,69,63,154,147,45,170,1311.693
20260905B31,（内訳）自エリアからの落札量[MW],64,115.556,484.137,69,45.93,61.353,145,45,170,1199.976
20260905B32,募集量（TSO別）[MW],64,194,560,69,63,154,147,45,170,1466
20260905B32,応札量合計（電源属地別）[MW],168.308,117.486,496.906,234.365,47.928,104.288,148.812,153.473,204.61,1676.176
20260905B32,落札量合計（電源属地別）[MW],94,117.486,484.857,164.312,47.928,81.401,139.869,45,172,1346.853
20260905B32,応札件数（電源属地別）[件],7,24,68,64,4,23,22,6,51,269
20260905B32,落札件数（電源属地別）[件],3,24,62,31,4,18,17,2,37,198
20260905B32,最高落札価格（電源属地別）[円/kW・30分],1.01,10,9.9,6.2,6,10,6,1.6,5.3,10
20260905B32,最低落札価格（電源属地別）[円/kW・30分],0.91,6.56,0.39,0.39,0.39,2.09,2.13,0.36,0.39,0.36
20260905B32,平均落札価格（電源属地別）[円/kW・30分],1,8.77,4.55,2.06,1.27,3.52,3.09,0.77,2.54,3.65
20260905B32,最高落札価格（TSO別）[円/kW・30分],1.01,10,9.9,6.2,6,10,6,1.6,5.3,10
20260905B32,最低落札価格（TSO別）[円/kW・30分],0.91,6.56,0.39,0.39,0.39,0.39,2.13,0.36,0.39,0.36
20260905B32,平均落札価格（TSO別）[円/kW・30分],1,8.77,4.55,2.9,2.19,2.04,3.2,0.77,2.52,3.65
20260905B32,落札量合計（TSO別）[MW],94,117.486,484.857,69,63,156.51,147,45,170,1346.853
20260905B32,（内訳）自エリアからの落札量[MW],94,117.486,484.857,69,47.928,76.27,139.869,45,170,1244.41
20260905B33,募集量（TSO別）[MW],64,194,560,69,63,154,147,45,170,1466
20260905B33,応札量合計（電源属地別）[MW],197.658,115.486,497.446,242.118,47.928,104.288,164.679,153.473,204.61,1727.686
20260905B33,落札量合計（電源属地別）[MW],123,115.486,485.397,163.575,45.998,81.401,142.036,52,172.5,1381.393
20260905B33,応札件数（電源属地別）[件],8,24,68,68,4,23,23,6,51,275
20260905B33,落札件数（電源属地別）[件],4,24,62,36,3,18,11,3,38,199
20260905B33,最高落札価格（電源属地別）[円/kW・30分],1.01,10,10,6.12,6,10,5,1.6,5.7,10
20260905B33,最低落札価格（電源属地別）[円/kW・30分],0.43,6.56,0.39,0.39,0.39,2.09,1.56,0.36,0.39,0.36
20260905B33,平均落札価格（電源属地別）[円/kW・30分],0.82,9.4,5.13,2.66,0.75,3.52,2.24,0.72,2.39,3.77
20260905B33,最高落札価格（TSO別）[円/kW・30分],1.01,10,10,6.12,6.12,10,5.97,1.6,5.7,10
20260905B33,最低落札価格（TSO別）[円/kW・30分],0.43,6.56,0.39,0.39,0.39,0.39,1.56,0.36,0.39,0.36
20260905B33,平均落札価格（TSO別）[円/kW・30分],0.82,9.4,5.13,4.23,2.09,2.04,2.33,0.72,2.37,3.77
20260905B33,落札量合計（TSO別）[MW],123,115.486,485.397,69,63,156.51,147,52,170,1381.393
20260905B33,（内訳）自エリアからの落札量[MW],123,115.486,485.397,69,45.998,78.937,142.036,52,170,1281.854
20260905B34,募集量（TSO別）[MW],64,193,560,69,63,154,147,45,169,1464
20260905B34,応札量合計（電源属地別）[MW],118.658,113.986,497.626,260.339,3.928,101.778,164.679,153.473,204.61,1619.077
20260905B34,落札量合計（電源属地別）[MW],88.968,113.986,485.577,203.504,1.998,78.891,145.83,51,171.777,1341.531
20260905B34,応札件数（電源属地別）[件],6,23,68,69,2,22,23,6,51,270
20260905B34,落札件数（電源属地別）[件],4,23,62,49,1,17,13,3,37,209
20260905B34,最高落札価格（電源属地別）[円/kW・30分],4,10,9.9,6.79,6,6,6.49,1.6,6,10
20260905B34,最低落札価格（電源属地別）[円/kW・30分],0.92,6.56,0.39,0.39,6,2.09,1.56,0.36,0.68,0.36
20260905B34,平均落札価格（電源属地別）[円/kW・30分],1.04,9.34,3.83,2.89,6,3.31,3.22,0.72,3.19,3.68
20260905B34,最高落札価格（TSO別）[円/kW・30分],4,10,9.9,6.79,6.79,6.36,6.49,1.6,6,10
20260905B34,最低落札価格（TSO別）[円/kW・30分],0.92,6.56,0.39,0.39,0.39,0.39,1.56,0.36,0.68,0.36
20260905B34,平均落札価格（TSO別）[円/kW・30分],1.04,9.34,3.83,4.86,2.19,2.56,3.24,0.72,3.18,3.68
20260905B34,落札量合計（TSO別）[MW],88.968,113.986,485.577,69,63,154,147,51,169,1341.531
20260905B34,（内訳）自エリアからの落札量[MW],88.968,113.986,485.577,69,1.998,78.891,144.223,51,169,1202.643
20260905B35,募集量（TSO別）[MW],63,191,560,69,63,154,147,44,169,1460
20260905B35,応札量合計（電源属地別）[MW],130.708,115.486,496.008,250.321,22.928,101.778,164.679,153.473,204.61,1639.991
20260905B35,落札量合計（電源属地別）[MW],124.968,115.486,485.759,157.225,22.928,78.891,144.03,72.926,171,1373.213
20260905B35,応札件数（電源属地別）[件],5,24,67,67,3,22,23,6,51,268
20260905B35,落札件数（電源属地別）[件],3,24,62,31,3,17,12,3,37,192
20260905B35,最高落札価格（電源属地別）[円/kW・30分],1.01,10,9.9,6,6,6,5,1.6,5,10
20260905B35,最低落札価格（電源属地別）[円/kW・30分],0.92,6.56,0.39,0.39,0.67,2.09,1.56,0.36,2.1,0.36
20260905B35,平均落札価格（電源属地別）[円/kW・30分],1.01,9.21,3.01,2.16,1.54,3.31,4.13,0.62,4.07,3.37
20260905B35,最高落札価格（TSO別）[円/kW・30分],1.01,10,9.9,6,6,6,5,1.6,5,10
20260905B35,最低落札価格（TSO別）[円/kW・30分],0.92,6.56,0.39,0.39,0.39,0.36,0.36,0.36,2.1,0.36
20260905B35,平均落札価格（TSO別）[円/kW・30分],1.01,9.21,3.01,0.57,3.55,2.49,4.1,0.77,4.07,3.37
20260905B35,落札量合計（TSO別）[MW],124.968,115.486,485.759,69,63,154,147,45,169,1373.213
20260905B35,（内訳）自エリアからの落札量[MW],124.968,115.486,485.759,69,22.928,78.891,144.03,45,169,1255.062
20260905B36,募集量（TSO別）[MW],64,189,560,69,63,153,147,43,168,1456
20260905B36,応札量合計（電源属地別）[MW],91.708,113.986,496.498,254.842,22.928,101.778,164.679,153.473,202.626,1602.518
20260905B36,落札量合計（電源属地別）[MW],85.968,113.986,486.299,123.301,20.93,47.425,136.943,150.543,163.858,1329.253
20260905B36,応札件数（電源属地別）[件],4,23,67,66,3,22,23,6,50,264
20260905B36,落札件数（電源属地別）[件],2,23,62,10,2,1,9,4,33,146
20260905B36,最高落札価格（電源属地別）[円/kW・30分],1.01,10,9.9,4.78,4.4,2.09,5.44,4.98,5.21,10
20260905B36,最低落札価格（電源属地別）[円/kW・30分],0.92,6.56,0.39,0.39,1.4,2.09,1.56,0.36,2.9,0.36
20260905B36,平均落札価格（電源属地別）[円/kW・30分],1.01,9.13,3.22,0.88,1.68,2.09,4.6,0.99,4.62,3.37
20260905B36,最高落札価格（TSO別）[円/kW・30分],1.01,10,9.9,0.51,4.78,4.98,5.44,4.98,5.21,10
20260905B36,最低落札価格（TSO別）[円/kW・30分],0.92,6.56,0.39,0.39,0.39,0.36,0.36,0.36,0.36,0.36
20260905B36,平均落札価格（TSO別）[円/kW・30分],1.01,9.13,3.22,0.4,1.7,1.22,4.31,1.56,4.52,3.37
20260905B36,落札量合計（TSO別）[MW],85.968,113.986,486.299,69,63,153,147,43,168,1329.253
20260905B36,（内訳）自エリアからの落札量[MW],85.968,113.986,486.299,69,20.93,47.425,136.943,43,163.858,1167.409
20260905B37,募集量（TSO別）[MW],63,188,562,67,63,149,147,42,167,1448
20260905B37,応札量合計（電源属地別）[MW],138.508,111.525,502.762,262.524,22.928,99.818,162.689,153.473,251.799,1706.026
20260905B37,落札量合計（電源属地別）[MW],132.768,111.525,488.659,119.541,20.93,47.425,136.078,141.93,169.096,1367.952
20260905B37,応札件数（電源属地別）[件],6,22,70,62,3,21,22,6,47,259
20260905B37,落札件数（電源属地別）[件],4,22,63,8,2,1,8,5,26,139
20260905B37,最高落札価格（電源属地別）[円/kW・30分],1.01,10,9.9,4.99,4,2.09,5.85,4.5,5.34,10
20260905B37,最低落札価格（電源属地別）[円/kW・30分],0.92,6.56,0.39,0.39,1.8,2.09,1.56,0.36,1.23,0.36
20260905B37,平均落札価格（電源属地別）[円/kW・30分],1,9.08,3.4,0.87,2,2.09,4.86,0.74,3.44,3.22
20260905B37,最高落札価格（TSO別）[円/kW・30分],1.01,10,9.9,0.39,4.99,4.5,5.85,1.6,5.85,10
20260905B37,最低落札価格（TSO別）[円/kW・30分],0.92,6.56,0.39,0.39,0.36,0.36,0.36,0.36,1.23,0.36
20260905B37,平均落札価格（TSO別）[円/kW・30分],1,9.08,3.4,0.39,1.82,1.13,4.48,0.89,3.52,3.22
20260905B37,落札量合計（TSO別）[MW],132.768,111.525,488.659,67,63,149,147,42,167,1367.952
20260905B37,（内訳）自エリアからの落札量[MW],132.768,111.525,488.659,67,20.93,47.425,127.937,42,158.859,1197.103
20260905B38,募集量（TSO別）[MW],63,188,562,67,63,149,147,42,167,1448
20260905B38,応札量合計（電源属地別）[MW],163.508,111.99,503.122,246.38,22.928,145.081,162.689,153.473,253.783,1762.954
20260905B38,落札量合計（電源属地別）[MW],132.768,111.99,489.019,117.468,19,92.688,128.134,153.473,163.622,1408.162
20260905B38,応札件数（電源属地別）[件],7,22,70,62,3,22,22,6,48,262
20260905B38,落札件数（電源属地別）[件],4,22,63,7,1,2,4,6,24,133
20260905B38,最高落札価格（電源属地別）[円/kW・30分],1.01,10,9.9,3.99,1.42,2.09,5.46,3.99,4.95,10
20260905B38,最低落札価格（電源属地別）[円/kW・30分],0.92,6.56,0.39,0.39,1.42,0.39,1.56,0.36,0.84,0.36
20260905B38,平均落札価格（電源属地別）[円/kW・30分],1,9.11,3.26,0.69,1.42,1.26,4.55,0.93,3.1,2.99
20260905B38,最高落札価格（TSO別）[円/kW・30分],1.01,10,9.9,0.39,3.99,2.09,5.46,3.99,5.46,10
20260905B38,最低落札価格（TSO別）[円/kW・30分],0.92,6.56,0.39,0.39,0.36,0.36,0.36,0.36,0.84,0.36
20260905B38,平均落札価格（TSO別）[円/kW・30分],1,9.11,3.26,0.39,1.45,0.91,3.92,1.67,3.13,2.99
20260905B38,落札量合計（TSO別）[MW],132.768,111.99,489.019,67,63,188.385,147,42,167,1408.162
20260905B38,（内訳）自エリアからの落札量[MW],132.768,111.99,489.019,67,19,92.688,119.134,42,158,1231.599
20260905B39,募集量（TSO別）[MW],63,188,563,67,63,149,147,42,167,1449
20260905B39,応札量合計（電源属地別）[MW],154.718,113.49,503.484,274.405,22.928,101.778,162.689,153.473,199.809,1686.774
20260905B39,落札量合計（電源属地別）[MW],93,113.49,490.381,125.511,20.93,47.425,135.365,141.93,163.839,1331.871
20260905B39,応札件数（電源属地別）[件],5,23,70,68,3,22,22,6,49,268
20260905B39,落札件数（電源属地別）[件],3,23,64,11,2,1,8,5,33,150
20260905B39,最高落札価格（電源属地別）[円/kW・30分],1.01,10,9.9,4.9,4.2,2.09,5.81,2.8,5.52,10
20260905B39,最低落札価格（電源属地別）[円/kW・30分],0.92,6.56,0.39,0.39,1.77,2.09,1.56,0.36,2.5,0.36
20260905B39,平均落札価格（電源属地別）[円/kW・30分],1.01,9.08,3.41,0.98,1.99,2.09,4.83,0.71,4.69,3.44
20260905B39,最高落札価格（TSO別）[円/kW・30分],1.01,10,9.9,0.39,4.9,5.81,5.81,1.6,5.81,10
20260905B39,最低落札価格（TSO別）[円/kW・30分],0.92,6.56,0.39,0.39,0.39,0.36,0.36,0.36,3,0.36
20260905B39,平均落札価格（TSO別）[円/kW・30分],1.01,9.08,3.41,0.39,2.41,1.05,3.89,0.89,5.05,3.44
20260905B39,落札量合計（TSO別）[MW],93,113.49,490.381,67,63,149,147,42,167,1331.871
20260905B39,（内訳）自エリアからの落札量[MW],93,113.49,490.381,67,20.93,40.103,108.048,42,141.99,1116.942
20260905B40,募集量（TSO別）[MW],63,187,563,67,63,149,147,42,167,1448
20260905B40,応札量合計（電源属地別）[MW],199.59,113.49,503.547,274.405,20.718,97.911,164.679,180.473,201.798,1756.611
20260905B40,落札量合計（電源属地別）[MW],137.85,113.49,490.444,135.217,16.79,51.215,129.934,168.93,132.914,1376.784
20260905B40,応札件数（電源属地別）[件],6,23,70,68,3,20,23,9,50,272
20260905B40,落札件数（電源属地別）[件],4,23,64,16,1,3,5,8,17,141
20260905B40,最高落札価格（電源属地別）[円/kW・30分],1.01,10,9.9,3,1.81,3,5.85,2.8,5.56,10
20260905B40,最低落札価格（電源属地別）[円/kW・30分],0.92,6.56,0.39,0.39,1.81,2.09,1.56,0.36,2,0.36
20260905B40,平均落札価格（電源属地別）[円/kW・30分],1,9.08,3.47,1.18,1.81,2.16,4.82,0.86,4.81,3.33
20260905B40,最高落札価格（TSO別）[円/kW・30分],1.01,10,9.9,0.84,3,3,5.85,2.8,5.56,10
20260905B40,最低落札価格（TSO別）[円/kW・30分],0.92,6.56,0.39,0.39,0.79,0.36,0.36,0.36,0.36,0.36
20260905B40,平均落札価格（TSO別）[円/kW・30分],1,9.08,3.47,0.6,1.92,1.33,4.32,1.57,3.9,3.33
20260905B40,落札量合計（TSO別）[MW],137.85,113.49,490.444,67,63,149,147,42,167,1376.784
20260905B40,（内訳）自エリアからの落札量[MW],137.85,113.49,490.444,67,16.79,51.215,129.934,42,132.914,1181.637
20260905B41,募集量（TSO別）[MW],63,187,561,67,61,148,147,42,167,1443
20260905B41,応札量合計（電源属地別）[MW],156.69,113.49,524.038,236.891,22.928,97.911,164.679,165.473,201.798,1683.898
20260905B41,落札量合計（電源属地別）[MW],94.95,113.49,508.935,99.682,20.93,51.215,136.329,153.93,169.914,1349.375
20260905B41,応札件数（電源属地別）[件],6,23,71,65,3,20,23,7,50,268
20260905B41,落札件数（電源属地別）[件],4,23,64,14,2,3,9,6,33,158
20260905B41,最高落札価格（電源属地別）[円/kW・30分],1.01,10,9.9,4,4.06,3,5.91,4.5,5.61,10
20260905B41,最低落札価格（電源属地別）[円/kW・30分],0.92,6.56,0.39,0.44,1.86,2.09,0.83,0.36,0.94,0.36
20260905B41,平均落札価格（電源属地別）[円/kW・30分],1.01,9.06,3.43,1.46,2.06,2.16,4.86,0.79,4.58,3.51
20260905B41,最高落札価格（TSO別）[円/kW・30分],1.01,10,9.9,1.6,4.06,5.91,5.91,4.5,5.61,10
20260905B41,最低落札価格（TSO別）[円/kW・30分],0.92,6.56,0.39,0.44,1.86,0.36,0.36,0.36,0.94,0.36
20260905B41,平均落札価格（TSO別）[円/kW・30分],1.01,9.06,3.43,0.8,2.54,1.7,3.91,1.38,4.6,3.51
20260905B41,落札量合計（TSO別）[MW],94.95,113.49,508.935,67,61,148,147,42,167,1349.375
20260905B41,（内訳）自エリアからの落札量[MW],94.95,113.49,508.935,67,20.93,38.83,118.326,42,167,1171.461
20260905B42,募集量（TSO別）[MW],63,187,561,67,59,147,146,42,167,1439
20260905B42,応札量合計（電源属地別）[MW],203.508,113.49,524.038,218.749,22.928,97.911,164.679,165.473,200.298,1711.074
20260905B42,落札量合計（電源属地別）[MW],139.8,113.49,508.935,97.703,22.928,78.201,129.934,153.93,145.304,1390.225
20260905B42,応札件数（電源属地別）[件],8,23,71,64,3,20,23,7,50,269
20260905B42,落札件数（電源属地別）[件],6,23,64,13,3,10,5,6,21,151
20260905B42,最高落札価格（電源属地別）[円/kW・30分],1.01,10,9.9,3,2.6,3,5.65,2.5,5.36,10
20260905B42,最低落札価格（電源属地別）[円/kW・30分],0.92,6.56,0.39,0.39,1.61,2.09,0.24,0.36,0.82,0.24
20260905B42,平均落札価格（電源属地別）[円/kW・30分],1,9.1,3.39,1.51,1.77,2.36,4.65,0.77,4.43,3.33
20260905B42,最高落札価格（TSO別）[円/kW・30分],1.01,10,9.9,2.99,3,5.65,5.65,2.5,5.65,10
20260905B42,最低落札価格（TSO別）[円/kW・30分],0.92,6.56,0.39,0.39,0.36,0.36,0.24,0.36,0.36,0.24
20260905B42,平均落札価格（TSO別）[円/kW・30分],1,9.1,3.39,1.06,2.39,2.13,3.33,1.29,4.03,3.33
20260905B42,落札量合計（TSO別）[MW],139.8,113.49,508.935,67,59,147,146,42,167,1390.225
20260905B42,（内訳）自エリアからの落札量[MW],139.8,113.49,508.935,67,22.928,68.31,103.794,42,145.304,1211.561
20260905B43,募集量（TSO別）[MW],63,97,560,67,59,147,144,42,167,1346
20260905B43,応札量合計（電源属地別）[MW],156.708,89.49,516.234,214.769,22.928,117.519,167.779,199.473,195.404,1680.304
20260905B43,落札量合計（電源属地別）[MW],93,89.49,507.935,83.987,22.928,87.469,133.034,199.473,132.035,1349.351
20260905B43,応札件数（電源属地別）[件],6,21,67,62,3,21,23,9,47,259
20260905B43,落札件数（電源属地別）[件],4,21,63,6,3,6,5,9,17,134
20260905B43,最高落札価格（電源属地別）[円/kW・30分],1.01,10,9.9,2.99,2.6,3,3,2.8,4.43,10
20260905B43,最低落札価格（電源属地別）[円/kW・30分],0.92,6.56,0.39,0.39,0.71,0.39,0.37,0.36,2,0.36
20260905B43,平均落札価格（電源属地別）[円/kW・30分],1,9.21,3.12,0.77,1.03,1.85,2.17,0.83,3.87,2.75
20260905B43,最高落札価格（TSO別）[円/kW・30分],1.01,10,9.9,2.9,2.99,3,3,1.7,4.43,10
20260905B43,最低落札価格（TSO別）[円/kW・30分],0.92,6.56,0.39,0.39,0.36,0.36,0.36,0.36,0.36,0.36
20260905B43,平均落札価格（TSO別）[円/kW・30分],1,9.21,3.12,0.47,1.59,1.52,1.84,0.54,3.13,2.75
20260905B43,落札量合計（TSO別）[MW],93,89.49,507.935,67,59,166.608,157.318,42,167,1349.351
20260905B43,（内訳）自エリアからの落札量[MW],93,89.49,507.935,67,22.928,87.469,126.828,42,132.035,1168.685
20260905B44,募集量（TSO別）[MW],64,97,560,68,59,147,144,42,168,1349
20260905B44,応札量合計（電源属地別）[MW],201.301,89.49,518.134,216.629,22.928,89.708,167.779,146.973,258.388,1711.33
20260905B44,落札量合計（電源属地別）[MW],138.593,89.49,507.935,97.562,22.928,69.998,133.034,146.973,200.697,1407.21
20260905B44,応札件数（電源属地別）[件],7,21,68,63,3,21,23,8,50,264
20260905B44,落札件数（電源属地別）[件],5,21,63,13,3,11,5,8,35,164
20260905B44,最高落札価格（電源属地別）[円/kW・30分],1.01,10,9.9,4,2.6,3,3,2.8,4.43,10
20260905B44,最低落札価格（電源属地別）[円/kW・30分],0.92,6.56,0.39,0.39,0.69,0.39,1,0.36,0.39,0.36
20260905B44,平均落札価格（電源属地別）[円/kW・30分],1,9.23,3.12,1.17,1.01,1.44,2.16,1.01,2.71,2.68
20260905B44,最高落札価格（TSO別）[円/kW・30分],1.01,10,9.9,0.63,4,3,3.79,1.7,4.43,10
20260905B44,最低落札価格（TSO別）[円/kW・30分],0.92,6.56,0.39,0.39,0.63,0.36,1,0.36,0.39,0.36
20260905B44,平均落札価格（TSO別）[円/kW・30分],1,9.23,3.12,0.4,2.2,1.22,2.33,0.87,2.64,2.68
20260905B44,落札量合計（TSO別）[MW],138.593,89.49,507.935,68,59,175.874,157.318,43,168,1407.21
20260905B44,（内訳）自エリアからの落札量[MW],138.593,89.49,507.935,68,22.928,69.998,128.822,43,168,1236.766
20260905B45,募集量（TSO別）[MW],65,97,560,68,59,147,144,42,168,1350
20260905B45,応札量合計（電源属地別）[MW],158.658,89.49,366.948,209.329,22.928,176.754,167.779,147.973,261.59,1601.449
20260905B45,落札量合計（電源属地別）[MW],100,89.49,356.749,71.997,22.928,141.268,131.234,136.43,144.978,1195.074
20260905B45,応札件数（電源属地別）[件],7,21,68,62,3,24,23,9,52,269
20260905B45,落札件数（電源属地別）[件],7,21,63,4,3,6,4,8,12,128
20260905B45,最高落札価格（電源属地別）[円/kW・30分],2.1,10,9.9,1.24,2.5,2.57,2.25,2.5,4.2,10
20260905B45,最低落札価格（電源属地別）[円/kW・30分],0.92,6.56,0.39,0.39,0.67,0.39,0.37,0.36,0.39,0.36
20260905B45,平均落札価格（電源属地別）[円/kW・30分],1.06,9.24,2.9,0.86,0.98,1.19,2.13,0.87,2.36,2.48
20260905B45,最高落札価格（TSO別）[円/kW・30分],2.1,10,9.9,1.24,2.5,2.57,2.5,1.7,4.2,10
20260905B45,最低落札価格（TSO別）[円/kW・30分],0.92,6.56,0.39,0.39,0.39,0.36,0.36,0.38,0.36,0.36
20260905B45,平均落札価格（TSO別）[円/kW・30分],1.06,9.24,2.9,0.84,1.2,1.17,1.87,0.95,2.08,2.48
20260905B45,落札量合計（TSO別）[MW],100,89.49,356.749,68,59,151.517,157.318,45,168,1195.074
20260905B45,（内訳）自エリアからの落札量[MW],100,89.49,356.749,68,22.928,109.193,129.24,45,144.978,1065.578
20260905B46,募集量（TSO別）[MW],65,96,558,67,59,145,144,42,167,1343
20260905B46,応札量合計（電源属地別）[MW],197.485,89.49,471.092,209.329,22.928,176.754,164.679,95.473,203.688,1630.918
20260905B46,落札量合計（電源属地別）[MW],134.777,89.49,460.849,81.997,22.928,149.668,133.892,95.473,148.559,1317.633
20260905B46,応札件数（電源属地別）[件],8,21,68,62,3,24,23,8,51,268
20260905B46,落札件数（電源属地別）[件],6,21,63,5,3,11,7,8,22,146
20260905B46,最高落札価格（電源属地別）[円/kW・30分],1.01,10,9.9,2.99,2.5,3,3.65,2.8,3.35,10
20260905B46,最低落札価格（電源属地別）[円/kW・30分],0.92,6.56,0.39,0.39,0.39,0.39,0.37,0.38,1.04,0.37
20260905B46,平均落札価格（電源属地別）[円/kW・30分],1,9.23,3.24,0.71,0.73,1.27,3.17,1.38,2.94,2.82
20260905B46,最高落札価格（TSO別）[円/kW・30分],1.01,10,9.9,0.39,3,3,3.65,1.7,3.35,10
20260905B46,最低落札価格（TSO別）[円/kW・30分],0.92,6.56,0.39,0.39,0.38,0.39,1.56,0.38,0.37,0.37
20260905B46,平均落札価格（TSO別）[円/kW・30分],1,9.23,3.24,0.39,1.1,1.47,3.03,1.04,2.77,2.82
20260905B46,落札量合計（TSO別）[MW],134.777,89.49,460.849,67,59,150.517,144,45,167,1317.633
20260905B46,（内訳）自エリアからの落札量[MW],134.777,89.49,460.849,67,22.928,131.593,126.14,45,148.559,1226.336
20260905B47,募集量（TSO別）[MW],65,95,556,66,58,144,143,42,167,1336
20260905B47,応札量合計（電源属地別）[MW],195.708,89.49,455.402,205.569,9.72,176.754,148.812,95.473,203.188,1580.116
20260905B47,落札量合計（電源属地別）[MW],112,89.49,441.203,81.997,9.72,157.044,118.025,95.473,163.258,1268.21
20260905B47,応札件数（電源属地別）[件],7,21,68,60,3,24,22,8,51,264
20260905B47,落札件数（電源属地別）[件],7,21,61,5,3,14,6,8,30,155
20260905B47,最高落札価格（電源属地別）[円/kW・30分],2.85,10,9.9,2.99,2.5,3,3.65,2.8,3.69,10
20260905B47,最低落札価格（電源属地別）[円/kW・30分],0.92,6.56,0.39,0.39,0.39,0.39,0.24,0.38,0.92,0.24
20260905B47,平均落札価格（電源属地別）[円/kW・30分],1.25,9.24,3.44,0.71,1.2,1.37,3.38,1.38,2.97,2.99
20260905B47,最高落札価格（TSO別）[円/kW・30分],2.85,10,9.9,2.99,2.99,3,3.65,1.7,3.69,10
20260905B47,最低落札価格（TSO別）[円/kW・30分],0.92,6.56,0.39,0.39,0.38,0.39,0.24,0.38,0.92,0.24
20260905B47,平均落札価格（TSO別）[円/kW・30分],1.25,9.24,3.44,0.48,0.87,1.68,3.09,0.8,2.95,2.99
20260905B47,落札量合計（TSO別）[MW],112,89.49,441.203,66,58,149.517,143,42,167,1268.21
20260905B47,（内訳）自エリアからの落札量[MW],112,89.49,441.203,66,9.72,130.044,118.025,42,163.258,1171.74
20260905B48,募集量（TSO別）[MW],65,94,555,63,57,142,143,42,167,1328
20260905B48,応札量合計（電源属地別）[MW],195.708,87.99,453.452,204.069,50.89,97.911,147.012,95.473,199.5,1532.005
20260905B48,落札量合計（電源属地別）[MW],112,87.99,440.203,90.275,50.89,80.199,128.163,95.473,169,1254.193
20260905B48,応札件数（電源属地別）[件],7,20,67,59,5,20,21,8,49,256
20260905B48,落札件数（電源属地別）[件],7,20,61,10,5,11,11,8,33,166
20260905B48,最高落札価格（電源属地別）[円/kW・30分],9.9,10,9.9,5,2.89,5,5,2.8,3.5,10
20260905B48,最低落札価格（電源属地別）[円/kW・30分],0.92,6.56,0.39,0.39,0.39,2.09,0.24,0.38,0.39,0.24
20260905B48,平均落札価格（電源属地別）[円/kW・30分],1.21,9.23,4.48,1.08,0.94,2.43,2.57,1.38,2.17,3.26
20260905B48,最高落札価格（TSO別）[円/kW・30分],9.9,10,9.9,0.39,5,5,5,1.7,3.5,10
20260905B48,最低落札価格（TSO別）[円/kW・30分],0.92,6.56,0.39,0.39,0.39,0.38,0.24,0.38,0.39,0.24
20260905B48,平均落札価格（TSO別）[円/kW・30分],1.21,9.23,4.48,0.39,1.23,2.14,2.53,1.08,2.17,3.26
20260905B48,落札量合計（TSO別）[MW],112,87.99,440.203,63,57,142,143,42,167,1254.193
20260905B48,（内訳）自エリアからの落札量[MW],112,87.99,440.203,63,50.89,80.199,128.163,42,167,1171.445
20260906B01,募集量（TSO別）[MW],64,175,539,55,53,132,140,41,163,1362
20260906B01,応札量合計（電源属地別）[MW],118.658,55.209,204.292,171.533,56.568,180.129,132.923,95.473,174.616,1189.401
20260906B01,落札量合計（電源属地別）[MW],89.908,55.209,203.714,89.43,54.638,125.991,117.739,95.473,145.094,977.196
20260906B01,応札件数（電源属地別）[件],6,10,46,43,5,22,13,8,36,189
20260906B01,落札件数（電源属地別）[件],4,10,46,5,4,15,6,8,21,119
20260906B01,最高落札価格（電源属地別）[円/kW・30分],1.01,10,9.49,0.39,1.5,6.18,3,2.82,3,10
20260906B01,最低落札価格（電源属地別）[円/kW・30分],0.92,6.61,0.39,0.39,0.39,1.27,0.39,0.38,0.39,0.38
20260906B01,平均落札価格（電源属地別）[円/kW・30分],1.01,9.28,4.04,0.39,0.45,3.66,1.67,1.39,1.85,2.6
20260906B01,最高落札価格（TSO別）[円/kW・30分],1.01,10,9.49,0.39,1.5,6.18,3,1.7,3,10
20260906B01,最低落札価格（TSO別）[円/kW・30分],0.92,6.61,0.39,0.39,0.39,0.39,0.39,0.38,0.39,0.38
20260906B01,平均落札価格（TSO別）[円/kW・30分],1.01,9.28,4.04,0.39,0.42,2.84,1.79,0.61,1.84,2.6
20260906B01,落札量合計（TSO別）[MW],89.908,55.209,203.714,55,53,176.365,140,41,163,977.196
20260906B01,（内訳）自エリアからの落札量[MW],89.908,55.209,203.714,55,53,125.991,117.739,41,145.094,886.655
20260906B02,募集量（TSO別）[MW],64,175,539,55,53,132,140,41,163,1362
20260906B02,応札量合計（電源属地別）[MW],168.133,57.109,214.517,177.438,50.512,224.136,144.77,95.473,141.606,1273.694
20260906B02,落札量合計（電源属地別）[MW],139.383,57.109,204.234,99.064,50.512,128.542,130.838,95.473,123.936,1029.091
20260906B02,応札件数（電源属地別）[件],8,11,51,46,5,26,13,8,35,203
20260906B02,落札件数（電源属地別）[件],6,11,46,10,5,16,6,8,26,134
20260906B02,最高落札価格（電源属地別）[円/kW・30分],1.01,10,9.5,3.4,2.95,4.7,3,2.82,3.44,10
20260906B02,最低落札価格（電源属地別）[円/kW・30分],0.53,6.61,0.39,0.39,0.39,1.27,0.39,0.38,0.39,0.38
20260906B02,平均落札価格（電源属地別）[円/kW・30分],0.97,9.29,3.48,0.66,0.53,3.14,1.49,1.39,1.83,2.36
20260906B02,最高落札価格（TSO別）[円/kW・30分],1.01,10,9.5,0.39,3.1,4.7,2.82,1.7,3.44,10
20260906B02,最低落札価格（TSO別）[円/kW・30分],0.53,6.61,0.39,0.39,0.39,0.39,0.39,0.38,0.38,0.38
20260906B02,平均落札価格（TSO別）[円/kW・30分],0.97,9.29,3.48,0.39,0.65,2.56,1.57,1.06,1.71,2.36
20260906B02,落札量合計（TSO別）[MW],139.383,57.109,204.234,55,53,176.365,140,41,163,1029.091
20260906B02,（内訳）自エリアからの落札量[MW],139.383,57.109,204.234,55,50.512,128.542,126.88,41,123.936,926.596
20260906B03,募集量（TSO別）[MW],64,175,539,55,53,132,140,41,163,1362
20260906B03,応札量合計（電源属地別）[MW],116.708,70.993,224.154,200.939,70.57,222.176,128.041,95.473,192.25,1321.304
20260906B03,落札量合計（電源属地別）[MW],116.708,70.993,204.704,89.43,68.64,118.528,110.151,92.543,149.073,1020.77
20260906B03,応札件数（電源属地別）[件],5,18,56,58,5,25,11,8,45,231
20260906B03,落札件数（電源属地別）[件],5,18,47,5,4,11,2,6,23,121
20260906B03,最高落札価格（電源属地別）[円/kW・30分],2.5,10,9.47,0.39,1.5,4.65,2.13,2.82,3,10
20260906B03,最低落札価格（電源属地別）[円/kW・30分],0.92,6.61,0.39,0.39,0.39,1.27,1.63,0.38,0.39,0.38
20260906B03,平均落札価格（電源属地別）[円/kW・30分],1.05,9.31,3.32,0.39,0.47,3.13,1.69,1.35,1.65,2.41
20260906B03,最高落札価格（TSO別）[円/kW・30分],2.5,10,9.47,0.39,0.52,4.65,2.82,1.7,3,10
20260906B03,最低落札価格（TSO別）[円/kW・30分],0.92,6.61,0.39,0.39,0.39,0.38,0.38,0.38,0.39,0.38
20260906B03,平均落札価格（TSO別）[円/kW・30分],1.05,9.31,3.32,0.39,0.41,2.26,1.76,0.96,1.65,2.41
20260906B03,落札量合計（TSO別）[MW],116.708,70.993,204.704,55,53,176.365,140,41,163,1020.77
20260906B03,（内訳）自エリアからの落札量[MW],116.708,70.993,204.704,55,53,118.528,110.151,41,149.073,919.157
20260906B04,募集量（TSO別）[MW],64,175,539,55,53,132,140,41,163,1362
20260906B04,応札量合計（電源属地別）[MW],156.183,70.993,235.912,221.05,68.838,218.198,157.285,95.473,192.248,1416.18
20260906B04,落札量合計（電源属地別）[MW],126.953,70.993,204.713,107.651,66.908,106.208,135.605,92.543,118.638,1030.212
20260906B04,応札件数（電源属地別）[件],6,18,62,60,5,23,15,8,45,242
20260906B04,落札件数（電源属地別）[件],4,18,47,6,4,5,4,6,10,104
20260906B04,最高落札価格（電源属地別）[円/kW・30分],1.01,10,9.9,0.39,1.5,4.7,2.13,2.82,2.87,10
20260906B04,最低落札価格（電源属地別）[円/kW・30分],0.92,6.61,0.39,0.39,0.39,1.27,0.39,0.38,0.39,0.38
20260906B04,平均落札価格（電源属地別）[円/kW・30分],1,9.31,3.27,0.39,0.43,3.16,1.37,1.35,1.92,2.33
20260906B04,最高落札価格（TSO別）[円/kW・30分],1.01,10,9.9,0.39,0.41,4.7,2.82,1.7,2.87,10
20260906B04,最低落札価格（TSO別）[円/kW・30分],0.92,6.61,0.39,0.39,0.39,0.39,0.39,0.38,0.38,0.38
20260906B04,平均落札価格（TSO別）[円/kW・30分],1,9.31,3.27,0.39,0.4,2.1,1.42,0.98,1.81,2.33
20260906B04,落札量合計（TSO別）[MW],126.953,70.993,204.713,55,53,175.553,140,41,163,1030.212
20260906B04,（内訳）自エリアからの落札量[MW],126.953,70.993,204.713,55,53,106.208,135.605,41,118.638,912.11
20260906B05,募集量（TSO別）[MW],64,175,537,54,53,131,140,40,163,1357
20260906B05,応札量合計（電源属地別）[MW],168.658,68.995,223.94,184.971,63.202,216.2,157.285,95.473,190.27,1368.994
20260906B05,落札量合計（電源属地別）[MW],118.1,68.995,202.713,98.285,63.202,109.415,137.599,83.93,124.12,1006.359
20260906B05,応札件数（電源属地別）[件],8,17,56,50,5,22,15,8,44,225
20260906B05,落札件数（電源属地別）[件],8,17,46,6,5,6,5,7,13,113
20260906B05,最高落札価格（電源属地別）[円/kW・30分],9.9,10,9.9,2.99,2.6,4.74,2.56,2.8,2.99,10
20260906B05,最低落札価格（電源属地別）[円/kW・30分],0.92,6.61,0.39,0.39,0.39,1.27,0.39,0.38,0.39,0.38
20260906B05,平均落札価格（電源属地別）[円/kW・30分],1.86,9.31,3.21,0.62,0.49,3.16,1.33,1.2,1.49,2.4
20260906B05,最高落札価格（TSO別）[円/kW・30分],9.9,10,9.9,0.39,0.39,4.74,2.13,1.7,2.99,10
20260906B05,最低落札価格（TSO別）[円/kW・30分],0.92,6.61,0.39,0.39,0.39,0.38,0.39,0.38,0.38,0.38
20260906B05,平均落札価格（TSO別）[円/kW・30分],1.86,9.31,3.21,0.39,0.39,2.4,1.33,0.98,1.49,2.4
20260906B05,落札量合計（TSO別）[MW],118.1,68.995,202.713,54,53,165.551,140,41,163,1006.359
20260906B05,（内訳）自エリアからの落札量[MW],118.1,68.995,202.713,54,53,109.415,135.605,41,124.12,906.948
20260906B06,募集量（TSO別）[MW],64,175,537,54,53,130,140,40,163,1356
20260906B06,応札量合計（電源属地別）[MW],168.658,68.995,206.294,190.912,47.928,240.138,157.285,95.473,190.057,1365.74
20260906B06,落札量合計（電源属地別）[MW],120,68.995,185.067,99.43,45.998,108.233,137.599,92.543,131.562,989.427
20260906B06,応札件数（電源属地別）[件],8,17,55,53,4,23,15,8,44,227
20260906B06,落札件数（電源属地別）[件],8,17,45,6,3,6,5,6,17,113
20260906B06,最高落札価格（電源属地別）[円/kW・30分],2.5,10,9.9,2.99,1.5,4.65,2.99,2.82,3,10
20260906B06,最低落札価格（電源属地別）[円/kW・30分],0.92,6.61,0.39,0.39,0.39,1.27,0.39,0.38,0.39,0.38
20260906B06,平均落札価格（電源属地別）[円/kW・30分],1.26,9.31,3.47,0.65,0.44,3.14,1.47,1.35,1.88,2.46
20260906B06,最高落札価格（TSO別）[円/kW・30分],2.5,10,9.9,0.39,1.5,4.65,2.82,1.7,3,10
20260906B06,最低落札価格（TSO別）[円/kW・30分],0.92,6.61,0.39,0.39,0.39,0.38,0.39,0.38,0.38,0.38
20260906B06,平均落札価格（TSO別）[円/kW・30分],1.26,9.31,3.47,0.39,0.43,2.37,1.53,1.27,1.84,2.46
20260906B06,落札量合計（TSO別）[MW],120,68.995,185.067,54,53,164.365,140,41,163,989.427
20260906B06,（内訳）自エリアからの落札量[MW],120,68.995,185.067,54,45.998,108.233,130.595,41,131.562,885.45
20260906B07,募集量（TSO別）[MW],63,174,536,54,53,131,140,41,164,1356
20260906B07,応札量合計（電源属地別）[MW],158.608,83.993,235.912,210.67,47.928,99.354,174.144,92.473,205.187,1308.269
20260906B07,落札量合計（電源属地別）[MW],108,83.993,201.713,99.43,45.998,65.864,135.605,89.543,148.56,978.706
20260906B07,応札件数（電源属地別）[件],7,18,62,63,4,21,24,7,52,258
20260906B07,落札件数（電源属地別）[件],7,18,45,6,3,4,4,5,23,115
20260906B07,最高落札価格（電源属地別）[円/kW・30分],6.8,10,9.9,2.99,1.5,2.57,2.58,2.82,3,10
20260906B07,最低落札価格（電源属地別）[円/kW・30分],0.92,6.61,0.39,0.39,0.39,1.27,0.39,0.38,0.39,0.38
20260906B07,平均落札価格（電源属地別）[円/kW・30分],1.82,9.25,3.17,0.65,0.93,2.07,2.12,1.38,2.51,2.7
20260906B07,最高落札価格（TSO別）[円/kW・30分],6.8,10,9.9,0.39,1.5,2.99,2.58,1.7,3,10
20260906B07,最低落札価格（TSO別）[円/kW・30分],0.92,6.61,0.39,0.39,0.39,0.39,0.38,0.38,0.39,0.38
20260906B07,平均落札価格（TSO別）[円/kW・30分],1.82,9.25,3.17,0.39,0.86,1.8,2.07,0.87,2.44,2.7
20260906B07,落札量合計（TSO別）[MW],108,83.993,201.713,54,53,131,140,43,164,978.706
20260906B07,（内訳）自エリアからの落札量[MW],108,83.993,201.713,54,45.998,65.864,135.605,43,148.56,886.733
20260906B08,募集量（TSO別）[MW],63,174,537,54,53,131,140,41,164,1357
20260906B08,応札量合計（電源属地別）[MW],198.108,85.493,232.472,206.87,62.75,95.396,174.144,80.93,200.247,1336.41
20260906B08,落札量合計（電源属地別）[MW],131.5,85.493,202.713,99.43,60.82,65.864,135.605,80.93,142.351,1004.706
20260906B08,応札件数（電源属地別）[件],8,19,61,61,5,19,24,6,49,252
20260906B08,落札件数（電源属地別）[件],5,19,46,6,4,4,4,6,21,115
20260906B08,最高落札価格（電源属地別）[円/kW・30分],1.01,10,9.9,2.99,1.5,2.97,2.29,2.6,3,10
20260906B08,最低落札価格（電源属地別）[円/kW・30分],0.92,6.61,0.39,0.39,0.39,1.27,0.39,0.38,0.39,0.38
20260906B08,平均落札価格（電源属地別）[円/kW・30分],1,9.26,4.74,0.65,0.87,2.12,1.92,1.21,1.75,2.74
20260906B08,最高落札価格（TSO別）[円/kW・30分],1.01,10,9.9,0.39,1.17,2.99,2.29,1.7,3,10
20260906B08,最低落札価格（TSO別）[円/kW・30分],0.92,6.61,0.39,0.39,0.39,0.38,0.39,0.38,0.38,0.38
20260906B08,平均落札価格（TSO別）[円/kW・30分],1,9.26,4.74,0.39,0.9,1.58,1.91,1.08,1.67,2.74
20260906B08,落札量合計（TSO別）[MW],131.5,85.493,202.713,54,53,131,140,43,164,1004.706
20260906B08,（内訳）自エリアからの落札量[MW],131.5,85.493,202.713,54,53,65.864,135.605,43,142.351,913.526
20260906B09,募集量（TSO別）[MW],63,174,538,54,53,132,140,41,165,1360
20260906B09,応札量合計（電源属地別）[MW],160.558,87.492,233.992,210.67,74.116,97.375,174.144,80.93,206.059,1325.336
20260906B09,落札量合計（電源属地別）[MW],102.1,87.492,203.713,99.377,74.116,65.864,135.605,78,134.038,980.305
20260906B09,応札件数（電源属地別）[件],8,20,61,63,5,20,24,6,52,259
20260906B09,落札件数（電源属地別）[件],5,20,46,6,5,4,4,4,18,112
20260906B09,最高落札価格（電源属地別）[円/kW・30分],6,10,9.9,2.99,2.9,2.97,2.13,1.7,3,10
20260906B09,最低落札価格（電源属地別）[円/kW・30分],0.92,6.61,0.39,0.39,0.39,1.27,0.39,0.38,0.39,0.38
20260906B09,平均落札価格（電源属地別）[円/kW・30分],1.5,9.26,3.24,0.65,0.53,2.12,1.45,1.16,1.96,2.47
20260906B09,最高落札価格（TSO別）[円/kW・30分],6,10,9.9,0.39,0.52,2.99,2.13,1.7,3,10
20260906B09,最低落札価格（TSO別）[円/kW・30分],0.92,6.61,0.39,0.39,0.39,0.39,0.39,0.38,0.38,0.38
20260906B09,平均落札価格（TSO別）[円/kW・30分],1.5,9.26,3.24,0.39,0.42,1.52,1.46,1.12,1.81,2.47
20260906B09,落札量合計（TSO別）[MW],102.1,87.492,203.713,54,53,132,140,43,165,980.305
20260906B09,（内訳）自エリアからの落札量[MW],102.1,87.492,203.713,54,53,65.507,135.605,43,134.038,878.455
20260906B10,募集量（TSO別）[MW],63,174,538,54,53,132,140,41,165,1360
20260906B10,応札量合計（電源属地別）[MW],200.058,87.492,237.762,210.67,68.288,99.354,174.144,92.473,204.075,1374.316
20260906B10,落札量合計（電源属地別）[MW],131.5,87.492,203.713,89.43,66.358,65.864,135.605,89.543,140.2,1009.705
20260906B10,応札件数（電源属地別）[件],9,20,63,63,4,21,24,7,51,262
20260906B10,落札件数（電源属地別）[件],4,20,47,5,3,4,4,5,20,112
20260906B10,最高落札価格（電源属地別）[円/kW・30分],1.08,10,9.9,0.39,1.81,2.97,2.94,2.82,3.37,10
20260906B10,最低落札価格（電源属地別）[円/kW・30分],0.92,6.61,0.39,0.39,0.39,1.27,0.39,0.38,1.05,0.38
20260906B10,平均落札価格（電源属地別）[円/kW・30分],1.05,9.03,3.22,0.39,1.34,2.12,2.38,1.38,2.98,2.68
20260906B10,最高落札価格（TSO別）[円/kW・30分],1.08,10,9.9,0.39,1.81,2.97,2.94,1.7,3.37,10
20260906B10,最低落札価格（TSO別）[円/kW・30分],0.92,6.61,0.39,0.39,0.39,0.39,0.38,0.38,0.38,0.38
20260906B10,平均落札価格（TSO別）[円/kW・30分],1.05,9.03,3.22,0.39,1.23,1.66,2.31,1.21,2.7,2.68
20260906B10,落札量合計（TSO別）[MW],131.5,87.492,203.713,54,53,132,140,43,165,1009.705
20260906B10,（内訳）自エリアからの落札量[MW],131.5,87.492,203.713,54,53,65.864,135.605,43,140.2,914.374
20260906B11,募集量（TSO別）[MW],63,174,538,54,53,132,140,41,165,1360
20260906B11,応札量合計（電源属地別）[MW],160.558,87.492,237.762,212.66,64.336,84.354,174.144,92.473,206.059,1319.838
20260906B11,落札量合計（電源属地別）[MW],115,87.492,203.713,89.43,62.406,52.855,135.605,89.543,159.161,995.205
20260906B11,応札件数（電源属地別）[件],8,20,63,64,5,20,24,7,52,263
20260906B11,落札件数（電源属地別）[件],7,20,47,5,4,4,4,5,28,124
20260906B11,最高落札価格（電源属地別）[円/kW・30分],6.8,10,9.9,0.39,2,3,2.94,2.82,3.55,10
20260906B11,最低落札価格（電源属地別）[円/kW・30分],0.98,6.61,0.39,0.39,0.39,1.27,0.39,0.38,1.24,0.38
20260906B11,平均落札価格（電源属地別）[円/kW・30分],2.02,9.03,3.22,0.39,1.32,2.03,2.38,1.38,3.13,2.86
20260906B11,最高落札価格（TSO別）[円/kW・30分],6.8,10,9.9,0.39,1.81,3,2.94,1.7,3.55,10
20260906B11,最低落札価格（TSO別）[円/kW・30分],0.98,6.61,0.39,0.39,0.39,0.39,0.39,0.38,1.24,0.38
20260906B11,平均落札価格（TSO別）[円/kW・30分],2.02,9.03,3.22,0.39,1.33,1.51,2.35,0.79,3.1,2.86
20260906B11,落札量合計（TSO別）[MW],115,87.492,203.713,54,53,132,140,45,165,995.205
20260906B11,（内訳）自エリアからの落札量[MW],115,87.492,203.713,54,53,52.855,135.605,45,159.161,905.826
20260906B12,募集量（TSO別）[MW],63,174,538,54,53,132,140,41,165,1360
20260906B12,応札量合計（電源属地別）[MW],170.558,87.492,237.762,211.16,82.928,99.354,169.926,92.473,261.059,1412.712
20260906B12,落札量合計（電源属地別）[MW],113.1,87.492,203.713,89.43,80.998,48.868,131.387,78,158.317,991.305
20260906B12,応札件数（電源属地別）[件],9,20,63,63,5,21,24,7,53,265
20260906B12,落札件数（電源属地別）[件],8,20,47,5,4,2,4,4,6,100
20260906B12,最高落札価格（電源属地別）[円/kW・30分],9.95,10,9.9,0.39,2,1.97,2.58,1.7,2.14,10
20260906B12,最低落札価格（電源属地別）[円/kW・30分],0.98,6.61,0.39,0.39,0.39,1.27,0.39,0.38,0.39,0.38
20260906B12,平均落札価格（電源属地別）[円/kW・30分],1.59,9.26,3.21,0.39,1.17,1.95,2.12,1.16,1.34,2.47
20260906B12,最高落札価格（TSO別）[円/kW・30分],9.95,10,9.9,0.39,1.46,2,2.58,1.7,2.14,10
20260906B12,最低落札価格（TSO別）[円/kW・30分],0.98,6.61,0.39,0.39,1.29,0.39,0.38,0.38,0.39,0.38
20260906B12,平均落札価格（TSO別）[円/kW・30分],1.59,9.26,3.21,0.39,1.4,1.23,2.07,0.82,1.35,2.47
20260906B12,落札量合計（TSO別）[MW],113.1,87.492,203.713,54,53,132,140,43,165,991.305
20260906B12,（内訳）自エリアからの落札量[MW],113.1,87.492,203.713,54,53,48.868,131.387,43,158.317,892.877
20260906B13,募集量（TSO別）[MW],65,183,559,64,57,145,141,44,168,1426
20260906B13,応札量合計（電源属地別）[MW],192.658,99.492,243.666,212.66,69.764,99.354,169.926,95.473,266.045,1449.038
20260906B13,落札量合計（電源属地別）[MW],128,99.492,224.713,95.695,67.834,65.864,131.387,83.93,177.29,1074.205
20260906B13,応札件数（電源属地別）[件],8,21,66,64,5,21,24,7,55,271
20260906B13,落札件数（電源属地別）[件],3,21,57,6,4,4,4,6,12,117
20260906B13,最高落札価格（電源属地別）[円/kW・30分],1.01,10,9.9,2.99,2,2.97,2.13,2.8,2.94,10
20260906B13,最低落札価格（電源属地別）[円/kW・30分],0.98,6.61,0.39,0.39,0.39,1.27,0.39,0.38,0.39,0.38
20260906B13,平均落札価格（電源属地別）[円/kW・30分],1.01,9.35,3.79,0.56,0.48,2.12,1.43,1.19,1,2.42
20260906B13,最高落札価格（TSO別）[円/kW・30分],1.01,10,9.9,0.39,0.52,2.99,2.94,1.7,1.41,10
20260906B13,最低落札価格（TSO別）[円/kW・30分],0.98,6.61,0.39,0.39,0.39,0.38,0.38,0.38,0.39,0.38
20260906B13,平均落札価格（TSO別）[円/kW・30分],1.01,9.35,3.79,0.39,0.44,1.58,1.51,0.99,0.9,2.42
20260906B13,落札量合計（TSO別）[MW],128,99.492,224.713,64,57,145,141,47,168,1074.205
20260906B13,（内訳）自エリアからの落札量[MW],128,99.492,224.713,64,57,65.864,131.387,47,168,985.456
20260906B14,募集量（TSO別）[MW],65,188,567,67,57,148,142,44,169,1447
20260906B14,応札量合計（電源属地別）[MW],192.658,109.992,243.666,204.776,71.766,99.354,169.926,95.473,202.209,1389.82
20260906B14,落札量合計（電源属地別）[MW],103,109.992,232.713,97.046,71.766,79.644,138.145,83.93,158.469,1074.705
20260906B14,応札件数（電源属地別）[件],8,21,66,60,5,21,24,7,50,262
20260906B14,落札件数（電源属地別）[件],4,21,61,9,5,11,8,6,27,152
20260906B14,最高落札価格（電源属地別）[円/kW・30分],1.01,10,9.9,3.4,3.15,3,3,3.3,3.4,10
20260906B14,最低落札価格（電源属地別）[円/kW・30分],0.61,6.61,0.39,0.39,0.39,1.27,0.39,0.38,0.39,0.38
20260906B14,平均落札価格（電源属地別）[円/kW・30分],0.87,9.41,4.27,0.6,0.51,2.27,1.37,1.21,1.6,2.74
20260906B14,最高落札価格（TSO別）[円/kW・30分],1.01,10,9.9,0.39,0.39,3.4,2.13,1.7,3.4,10
20260906B14,最低落札価格（TSO別）[円/kW・30分],0.61,6.61,0.39,0.39,0.39,0.38,0.39,0.38,0.38,0.38
20260906B14,平均落札価格（TSO別）[円/kW・30分],0.87,9.41,4.27,0.39,0.39,1.81,1.32,0.9,1.63,2.74
20260906B14,落札量合計（TSO別）[MW],103,109.992,232.713,67,57,148,142,46,169,1074.705
20260906B14,（内訳）自エリアからの落札量[MW],103,109.992,232.713,67,57,79.644,131.387,46,158.469,985.205
20260906B15,募集量（TSO別）[MW],66,194,572,70,58,152,143,45,170,1470
20260906B15,応札量合計（電源属地別）[MW],203.508,111.492,243.666,204.776,82.928,99.354,169.926,95.473,197.193,1408.316
20260906B15,落札量合計（電源属地別）[MW],70,111.492,237.713,93.19,82.928,64.644,142.123,95.115,165,1062.205
20260906B15,応札件数（電源属地別）[件],8,22,66,60,5,21,24,7,50,263
20260906B15,落札件数（電源属地別）[件],4,22,63,7,5,10,10,7,34,162
20260906B15,最高落札価格（電源属地別）[円/kW・30分],1.01,10,10,3,3.05,3,4.18,3.9,3.74,10
20260906B15,最低落札価格（電源属地別）[円/kW・30分],0.92,6.61,0.39,0.39,0.39,1.27,0.39,0.38,0.39,0.38
20260906B15,平均落札価格（電源属地別）[円/kW・30分],1,9.42,5.31,0.5,0.49,2.2,1.26,1.52,1.45,2.99
20260906B15,最高落札価格（TSO別）[円/kW・30分],1.01,10,10,0.39,0.39,3.9,4.18,1.7,4.18,10
20260906B15,最低落札価格（TSO別）[円/kW・30分],0.92,6.61,0.39,0.39,0.39,0.39,0.38,0.38,0.39,0.38
20260906B15,平均落札価格（TSO別）[円/kW・30分],1,9.42,5.31,0.39,0.39,1.73,1.25,0.83,1.52,2.99
20260906B15,落札量合計（TSO別）[MW],70,111.492,237.713,70,58,152,143,50,170,1062.205
20260906B15,（内訳）自エリアからの落札量[MW],70,111.492,237.713,70,58,64.644,140.134,50,165,966.983
20260906B16,募集量（TSO別）[MW],66,198,577,72,59,156,144,45,171,1488
20260906B16,応札量合計（電源属地別）[MW],158.658,109.992,243.666,212.66,82.928,99.354,169.926,96.473,201.045,1374.702
20260906B16,落札量合計（電源属地別）[MW],71,109.992,242.713,104.817,80.93,64.644,138.145,96.473,166.991,1075.705
20260906B16,応札件数（電源属地別）[件],7,21,66,64,5,21,24,8,52,268
20260906B16,落札件数（電源属地別）[件],3,21,66,13,4,10,8,8,35,168
20260906B16,最高落札価格（電源属地別）[円/kW・30分],1.01,10,9.9,4.99,3.05,3.67,3,4,3.64,10
20260906B16,最低落札価格（電源属地別）[円/kW・30分],0.92,6.61,0.39,0.39,0.39,1.27,0.39,0.36,0.39,0.36
20260906B16,平均落札価格（電源属地別）[円/kW・30分],1,9.4,4.22,1.04,0.45,2.24,1.31,1.54,1.65,2.81
20260906B16,最高落札価格（TSO別）[円/kW・30分],1.01,10,9.9,0.39,0.39,4.99,4,1.7,4,10
20260906B16,最低落札価格（TSO別）[円/kW・30分],0.92,6.61,0.39,0.39,0.39,0.38,0.36,0.38,0.39,0.36
20260906B16,平均落札価格（TSO別）[円/kW・30分],1,9.4,4.22,0.39,0.39,2.02,1.33,1.02,1.67,2.81
20260906B16,落札量合計（TSO別）[MW],71,109.992,242.713,72,59,156,144,50,171,1075.705
20260906B16,（内訳）自エリアからの落札量[MW],71,109.992,242.713,72,59,64.644,138.145,50,166.991,974.485
20260906B17,募集量（TSO別）[MW],66,198,577,72,60,156,144,45,171,1489
20260906B17,応札量合計（電源属地別）[MW],156.708,111.492,243.666,225.181,82.928,134.644,157.988,135.473,167.045,1415.125
20260906B17,落札量合計（電源属地別）[MW],66,111.492,242.713,107.651,79,99.934,140.139,132.543,108.023,1087.495
20260906B17,応札件数（電源属地別）[件],6,22,66,62,5,23,18,9,51,262
20260906B17,落札件数（電源属地別）[件],4,22,66,6,3,12,9,7,21,150
20260906B17,最高落札価格（電源属地別）[円/kW・30分],1.01,10,10,0.39,0.39,3,3,2.82,3.1,10
20260906B17,最低落札価格（電源属地別）[円/kW・30分],0.92,6.61,0.39,0.39,0.39,0.39,0.39,0.36,0.39,0.36
20260906B17,平均落札価格（電源属地別）[円/kW・30分],1,9.4,5.41,0.39,0.39,1.56,0.71,1.05,1.46,2.81
20260906B17,最高落札価格（TSO別）[円/kW・30分],1.01,10,10,0.39,0.39,3,3,1.7,3.1,10
20260906B17,最低落札価格（TSO別）[円/kW・30分],0.92,6.61,0.39,0.39,0.39,0.36,0.36,0.38,0.36,0.36
20260906B17,平均落札価格（TSO別）[円/kW・30分],1,9.4,5.41,0.39,0.39,1.2,0.62,0.97,1.35,2.81
20260906B17,落札量合計（TSO別）[MW],66,111.492,242.713,72,60,175.29,144,45,171,1087.495
20260906B17,（内訳）自エリアからの落札量[MW],66,111.492,242.713,72,60,99.934,135.147,45,108.023,940.309
20260906B18,募集量（TSO別）[MW],66,198,577,72,60,156,144,45,171,1489
20260906B18,応札量合計（電源属地別）[MW],156.708,109.992,243.666,208.95,82.928,138.511,157.988,154.973,206.061,1459.777
20260906B18,落札量合計（電源属地別）[MW],111,109.992,242.713,89.43,79,84.158,131.387,143.43,140.885,1131.995
20260906B18,応札件数（電源属地別）[件],6,21,66,62,5,25,18,9,52,264
20260906B18,落札件数（電源属地別）[件],5,21,66,5,3,4,4,8,19,135
20260906B18,最高落札価格（電源属地別）[円/kW・30分],1.01,10,9.9,0.39,0.39,1.97,2.13,2.3,3,10
20260906B18,最低落札価格（電源属地別）[円/kW・30分],0.92,6.61,0.39,0.39,0.39,0.39,0.39,0.36,0.39,0.36
20260906B18,平均落札価格（電源属地別）[円/kW・30分],1.01,9.4,5.34,0.39,0.39,1.3,1.29,0.84,1.31,2.73
20260906B18,最高落札価格（TSO別）[円/kW・30分],1.01,10,9.9,0.39,0.39,2.3,2.13,1.7,3,10
20260906B18,最低落札価格（TSO別）[円/kW・30分],0.92,6.61,0.39,0.39,0.39,0.36,0.38,0.38,0.36,0.36
20260906B18,平均落札価格（TSO別）[円/kW・30分],1.01,9.4,5.34,0.39,0.39,0.84,1.21,1.05,1.33,2.73
20260906B18,落札量合計（TSO別）[MW],111,109.992,242.713,72,60,176.29,144,45,171,1131.995
20260906B18,（内訳）自エリアからの落札量[MW],111,109.992,242.713,72,60,84.158,131.387,45,140.885,997.135
20260906B19,募集量（TSO別）[MW],67,129,568,76,61,155,148,47,175,1426
20260906B19,応札量合計（電源属地別）[MW],192.708,114.138,241.67,218.623,82.928,136.661,169.926,126.973,208.045,1491.672
20260906B19,落札量合計（電源属地別）[MW],122,114.138,233.713,116.068,80.93,101.953,148,75.339,175,1167.141
20260906B19,応札件数（電源属地別）[件],7,22,65,66,5,24,24,7,53,273
20260906B19,落札件数（電源属地別）[件],6,22,61,15,4,13,13,4,36,174
20260906B19,最高落札価格（電源属地別）[円/kW・30分],1.01,10,10,5,4.2,5,5,1.6,3.79,10
20260906B19,最低落札価格（電源属地別）[円/kW・30分],0.92,6.61,0.39,0.39,0.39,0.39,0.39,0.36,0.39,0.36
20260906B19,平均落札価格（電源属地別）[円/kW・30分],1,8.8,5.14,1.42,0.69,1.91,1.86,0.82,1.75,2.9
20260906B19,最高落札価格（TSO別）[円/kW・30分],1.01,10,10,0.39,0.74,5,5,1.6,3.79,10
20260906B19,最低落札価格（TSO別）[円/kW・30分],0.92,6.61,0.39,0.39,0.39,0.36,0.39,0.36,0.39,0.36
20260906B19,平均落札価格（TSO別）[円/kW・30分],1,8.8,5.14,0.39,0.66,1.87,1.86,1.1,1.75,2.9
20260906B19,落札量合計（TSO別）[MW],122,114.138,233.713,76,61,190.29,148,47,175,1167.141
20260906B19,（内訳）自エリアからの落札量[MW],122,114.138,233.713,76,61,101.953,148,47,175,1078.804
20260906B20,募集量（TSO別）[MW],68,131,568,76,61,155,149,47,175,1430
20260906B20,応札量合計（電源属地別）[MW],161.558,114.138,352.221,165.734,82.928,136.661,169.926,166.473,208.045,1557.684
20260906B20,落札量合計（電源属地別）[MW],127,114.138,344.264,135.416,82.928,136.661,169.926,53,175,1338.333
20260906B20,応札件数（電源属地別）[件],6,22,70,63,5,24,24,7,53,274
20260906B20,落札件数（電源属地別）[件],5,22,68,48,5,24,24,3,36,235
20260906B20,最高落札価格（電源属地別）[円/kW・30分],1.01,10,10,6.76,6,10,7,1.6,3.79,10
20260906B20,最低落札価格（電源属地別）[円/kW・30分],0.92,6.61,0.39,0.39,0.39,0.39,0.39,0.36,0.39,0.36
20260906B20,平均落札価格（電源属地別）[円/kW・30分],1,8.82,3.68,4.14,1.01,3.14,2.56,1.16,1.75,3.2
20260906B20,最高落札価格（TSO別）[円/kW・30分],1.01,10,10,6.76,0.96,10,7,1.6,3.79,10
20260906B20,最低落札価格（TSO別）[円/kW・30分],0.92,6.61,0.39,0.39,0.39,0.39,0.39,0.36,0.39,0.36
20260906B20,平均落札価格（TSO別）[円/kW・30分],1,8.82,3.68,3.8,0.75,3.55,2.31,1.16,1.75,3.2
20260906B20,落札量合計（TSO別）[MW],127,114.138,344.264,114.516,71.125,190.29,149,53,175,1338.333
20260906B20,（内訳）自エリアからの落札量[MW],127,114.138,344.264,114.516,71.125,136.661,149,53,175,1284.704
20260906B21,募集量（TSO別）[MW],68,134,568,77,62,155,150,48,176,1438
20260906B21,応札量合計（電源属地別）[MW],116.69,114.138,333.156,175.024,82.928,136.661,169.926,166.473,198.613,1493.609
20260906B21,落札量合計（電源属地別）[MW],112.94,114.138,333.156,143.716,82.928,136.661,169.926,51,176,1320.465
20260906B21,応札件数（電源属地別）[件],5,22,60,65,5,24,24,7,48,260
20260906B21,落札件数（電源属地別）[件],4,22,60,49,5,24,24,3,37,228
20260906B21,最高落札価格（電源属地別）[円/kW・30分],1.01,10,9.9,8.5,6,10,7,1.6,4.58,10
20260906B21,最低落札価格（電源属地別）[円/kW・30分],0.92,6.61,0.39,0.39,0.39,0.39,0.39,0.36,0.39,0.36
20260906B21,平均落札価格（電源属地別）[円/kW・30分],1.01,8.88,3.31,4.38,0.88,3.22,2.46,1.11,1.66,3.13
20260906B21,最高落札価格（TSO別）[円/kW・30分],1.01,10,9.9,8.5,6,10,7,1.6,4.58,10
20260906B21,最低落札価格（TSO別）[円/kW・30分],0.92,6.61,0.39,0.39,0.39,0.39,0.39,0.36,0.39,0.36
20260906B21,平均落札価格（TSO別）[円/kW・30分],1.01,8.88,3.31,3.95,0.94,3.42,2.53,1.11,1.66,3.13
20260906B21,落札量合計（TSO別）[MW],112.94,114.138,333.156,115.516,77.425,190.29,150,51,176,1320.465
20260906B21,（内訳）自エリアからの落札量[MW],112.94,114.138,333.156,115.516,76.854,136.661,150,51,176,1266.265
20260906B22,募集量（TSO別）[MW],68,135,567,76,62,155,151,48,176,1438
20260906B22,応札量合計（電源属地別）[MW],159.59,114.138,335.087,175.024,82.928,136.661,157.988,166.473,184.723,1512.612
20260906B22,落札量合計（電源属地別）[MW],142,114.138,335.087,142.716,82.928,136.661,157.988,51,176,1338.518
20260906B22,応札件数（電源属地別）[件],5,22,61,65,5,24,18,7,41,248
20260906B22,落札件数（電源属地別）[件],4,22,61,49,5,24,18,4,37,224
20260906B22,最高落札価格（電源属地別）[円/kW・30分],1.01,10,9.9,8.5,8,10,7,1.6,5,10
20260906B22,最低落札価格（電源属地別）[円/kW・30分],0.92,6.61,0.39,0.39,0.39,0.39,0.39,0.36,0.39,0.36
20260906B22,平均落札価格（電源属地別）[円/kW・30分],1.01,8.96,2.87,4.43,0.93,3.11,2.27,1.11,1.86,2.99
20260906B22,最高落札価格（TSO別）[円/kW・30分],1.01,10,9.9,7.29,8,10,7,1.6,5,10
20260906B22,最低落札価格（TSO別）[円/kW・30分],0.92,6.61,0.39,0.39,0.6,0.39,0.39,0.36,0.39,0.36
20260906B22,平均落札価格（TSO別）[円/kW・30分],1.01,8.96,2.87,3.94,2.13,2.94,2.29,1.11,1.86,2.99
20260906B22,落札量合計（TSO別）[MW],142,114.138,335.087,114.516,64.487,190.29,151,51,176,1338.518
20260906B22,（内訳）自エリアからの落札量[MW],142,114.138,335.087,114.516,51.916,136.661,151,51,176,1272.318
20260906B23,募集量（TSO別）[MW],68,135,564,75,62,155,151,48,177,1435
20260906B23,応札量合計（電源属地別）[MW],150.69,102.138,349.885,169.644,82.928,136.661,157.988,166.473,186.707,1503.114
20260906B23,落札量合計（電源属地別）[MW],139.94,102.138,339.659,139.519,82.928,134.701,157.988,128.839,177,1402.712
20260906B23,応札件数（電源属地別）[件],6,21,69,62,5,24,18,7,42,254
20260906B23,落札件数（電源属地別）[件],5,21,64,48,5,23,18,4,40,228
20260906B23,最高落札価格（電源属地別）[円/kW・30分],1.01,10,9.9,7.29,6,6.99,7,1.6,5,10
20260906B23,最低落札価格（電源属地別）[円/kW・30分],0.39,6.61,0.39,0.39,0.39,0.39,0.39,0.36,0.39,0.36
20260906B23,平均落札価格（電源属地別）[円/kW・30分],0.86,8.89,2.88,4.28,0.91,3.01,2.3,0.81,1.96,2.78
20260906B23,最高落札価格（TSO別）[円/kW・30分],1.01,10,9.9,7.29,7.29,6.99,7,1.6,5,10
20260906B23,最低落札価格（TSO別）[円/kW・30分],0.39,6.61,0.39,0.39,0.39,0.36,0.36,0.36,0.39,0.36
20260906B23,平均落札価格（TSO別）[円/kW・30分],0.86,8.89,2.88,3.97,1.76,2.71,1.9,1.16,1.96,2.78
20260906B23,落札量合計（TSO別）[MW],139.94,102.138,339.659,113.516,90.573,190.29,176.596,73,177,1402.712
20260906B23,（内訳）自エリアからの落札量[MW],139.94,102.138,339.659,113.516,75.501,134.701,135.415,73,177,1290.87
20260906B24,募集量（TSO別）[MW],68,135,564,74,62,155,151,48,177,1434
20260906B24,応札量合計（電源属地別）[MW],152.658,102.138,349.525,210.84,82.928,138.511,157.988,166.473,182.761,1543.822
20260906B24,落札量合計（電源属地別）[MW],144.958,102.138,339.299,67.488,79,84.158,134.187,166.473,170.984,1288.685
20260906B24,応札件数（電源属地別）[件],7,21,69,65,5,25,18,7,40,257
20260906B24,落札件数（電源属地別）[件],6,21,64,9,3,4,6,7,34,154
20260906B24,最高落札価格（電源属地別）[円/kW・30分],1.01,10,9.9,5,1.17,1.97,3.52,2,5,10
20260906B24,最低落札価格（電源属地別）[円/kW・30分],0.39,6.61,0.39,0.39,0.39,0.39,0.39,0.36,0.39,0.36
20260906B24,平均落札価格（電源属地別）[円/kW・30分],0.86,9.12,2.81,1.11,0.93,1.3,1.94,0.85,1.91,2.32
20260906B24,最高落札価格（TSO別）[円/kW・30分],1.01,10,9.9,5,1.17,2,3.52,1.6,5,10
20260906B24,最低落札価格（TSO別）[円/kW・30分],0.39,6.61,0.39,0.36,0.39,0.36,0.36,0.36,0.36,0.36
20260906B24,平均落札価格（TSO別）[円/kW・30分],0.86,9.12,2.81,1.11,0.88,1.02,1.8,1.13,1.86,2.32
20260906B24,落札量合計（TSO別）[MW],144.958,102.138,339.299,74,62,190.29,151,48,177,1288.685
20260906B24,（内訳）自エリアからの落札量[MW],144.958,102.138,339.299,67.488,62,84.158,134.187,48,170.984,1153.212
20260906B25,募集量（TSO別）[MW],67,136,563,71,62,155,149,48,176,1427
20260906B25,応札量合計（電源属地別）[MW],161.558,99.692,342.992,192.11,82.928,118.897,157.988,113.973,192.641,1462.779
20260906B25,落札量合計（電源属地別）[MW],132.808,99.692,337.939,158.801,82.928,101.419,154.028,48,176,1291.615
20260906B25,応札件数（電源属地別）[件],6,20,66,64,5,24,18,6,45,254
20260906B25,落札件数（電源属地別）[件],4,20,64,47,5,21,16,4,37,218
20260906B25,最高落札価格（電源属地別）[円/kW・30分],1.01,10,9.9,8.87,6,6.99,6.98,1.6,4.99,10
20260906B25,最低落札価格（電源属地別）[円/kW・30分],0.92,6.61,0.39,0.39,0.39,0.39,0.39,0.36,0.39,0.36
20260906B25,平均落札価格（電源属地別）[円/kW・30分],1,9.1,2.79,4.8,1.16,3.06,2.4,1.08,1.85,3.02
20260906B25,最高落札価格（TSO別）[円/kW・30分],1.01,10,9.9,8.87,6.76,8.87,6.98,1.6,4.99,10
20260906B25,最低落札価格（TSO別）[円/kW・30分],0.92,6.61,0.39,0.39,1,0.39,0.39,0.36,0.39,0.36
20260906B25,平均落札価格（TSO別）[円/kW・30分],1,9.1,2.79,4.08,1.67,3.67,2.27,1.08,1.85,3.02
20260906B25,落札量合計（TSO別）[MW],132.808,99.692,337.939,115.5,62,170.676,149,48,176,1291.615
20260906B25,（内訳）自エリアからの落札量[MW],132.808,99.692,337.939,115.5,58.928,101.419,147.899,48,176,1218.185
20260906B26,募集量（TSO別）[MW],67,136,563,71,62,155,149,48,176,1427
20260906B26,応札量合計（電源属地別）[MW],116.708,97.727,342.992,212.329,82.928,115.604,157.988,113.973,188.681,1428.93
20260906B26,落札量合計（電源属地別）[MW],87.958,97.727,337.939,148.637,82.928,103.719,154.028,48,176,1236.936
20260906B26,応札件数（電源属地別）[件],5,19,66,66,5,22,18,6,43,250
20260906B26,落札件数（電源属地別）[件],3,19,64,46,5,21,16,4,37,215
20260906B26,最高落札価格（電源属地別）[円/kW・30分],1.01,10,9.9,6.76,6,6.99,6.98,1.6,5,10
20260906B26,最低落札価格（電源属地別）[円/kW・30分],0.92,6.61,0.39,0.39,0.39,0.39,0.39,0.36,0.39,0.36
20260906B26,平均落札価格（電源属地別）[円/kW・30分],1.01,9.14,2.77,3.63,1.51,3.15,2.7,1.08,2.02,3.02
20260906B26,最高落札価格（TSO別）[円/kW・30分],1.01,10,9.9,6.76,6,6.99,6.98,1.6,5,10
20260906B26,最低落札価格（TSO別）[円/kW・30分],0.92,6.61,0.39,0.39,0.39,0.39,0.39,0.36,0.39,0.36
20260906B26,平均落札価格（TSO別）[円/kW・30分],1.01,9.14,2.77,3.83,1.63,2.96,2.6,1.08,2.02,3.02
20260906B26,落札量合計（TSO別）[MW],87.958,97.727,337.939,107.636,62,170.676,149,48,176,1236.936
20260906B26,（内訳）自エリアからの落札量[MW],87.958,97.727,337.939,107.636,58.928,103.719,147.899,48,176,1165.806
20260906B27,募集量（TSO別）[MW],67,136,563,71,62,155,149,48,176,1427
20260906B27,応札量合計（電源属地別）[MW],203.508,103.488,340.899,196.107,22.928,136.661,157.988,113.973,192.663,1468.215
20260906B27,落札量合計（電源属地別）[MW],141.8,103.488,337.759,158.801,22.928,136.661,157.988,54,176,1289.425
20260906B27,応札件数（電源属地別）[件],8,22,65,66,3,24,18,6,45,257
20260906B27,落札件数（電源属地別）[件],4,22,64,47,3,24,18,4,37,223
20260906B27,最高落札価格（電源属地別）[円/kW・30分],1.01,10,9.9,8.17,6,10,7,1.6,4.99,10
20260906B27,最低落札価格（電源属地別）[円/kW・30分],0.91,4.39,0.39,0.39,0.39,0.39,0.39,0.36,0.39,0.36
20260906B27,平均落札価格（電源属地別）[円/kW・30分],1,8.7,2.76,4.73,1.33,3.11,3.17,1,2.02,3.17
20260906B27,最高落札価格（TSO別）[円/kW・30分],1.01,10,9.9,6.76,8.17,10,7,1.6,4.99,10
20260906B27,最低落札価格（TSO別）[円/kW・30分],0.91,4.39,0.39,0.39,0.39,0.39,0.39,0.36,0.39,0.36
20260906B27,平均落札価格（TSO別）[円/kW・30分],1,8.7,2.76,5.41,4.48,2.98,3.06,1,2.02,3.17
20260906B27,落札量合計（TSO別）[MW],141.8,103.488,337.759,75.088,62,190.29,149,54,176,1289.425
20260906B27,（内訳）自エリアからの落札量[MW],141.8,103.488,337.759,75.088,22.928,136.661,149,54,176,1196.724
20260906B28,募集量（TSO別）[MW],67,133,562,71,62,154,148,48,176,1421
20260906B28,応札量合計（電源属地別）[MW],158.658,103.488,342.812,196.107,22.928,135.218,157.988,166.473,188.811,1472.483
20260906B28,落札量合計（電源属地別）[MW],71,103.488,336.759,158.801,22.928,135.218,157.988,51,176,1213.182
20260906B28,応札件数（電源属地別）[件],7,22,66,66,3,23,18,7,43,255
20260906B28,落札件数（電源属地別）[件],3,22,64,47,3,23,18,4,37,221
20260906B28,最高落札価格（電源属地別）[円/kW・30分],1.01,10,9.9,7.44,6,10,7,1.6,5,10
20260906B28,最低落札価格（電源属地別）[円/kW・30分],0.91,6.61,0.39,0.39,0.39,0.39,0.39,0.36,0.39,0.36
20260906B28,平均落札価格（電源属地別）[円/kW・30分],0.99,9.03,2.75,4.64,1.33,3.13,3.45,1.04,2.4,3.41
20260906B28,最高落札価格（TSO別）[円/kW・30分],1.01,10,9.9,7.29,6.76,10,7,1.6,5,10
20260906B28,最低落札価格（TSO別）[円/kW・30分],0.91,6.61,0.39,0.39,0.39,0.39,0.39,0.36,0.39,0.36
20260906B28,平均落札価格（TSO別）[円/kW・30分],0.99,9.03,2.75,5.3,3.09,3.44,3.32,1.04,2.4,3.41
20260906B28,落札量合計（TSO別）[MW],71,103.488,336.759,75.645,62,189.29,148,51,176,1213.182
20260906B28,（内訳）自エリアからの落札量[MW],71,103.488,336.759,75.645,22.928,135.218,148,51,176,1120.038
20260906B29,募集量（TSO別）[MW],66,131,561,70,62,155,148,48,175,1416
20260906B29,応札量合計（電源属地別）[MW],203.508,103.488,342.632,177.012,22.928,135.218,157.988,166.473,190.311,1499.558
20260906B29,落札量合計（電源属地別）[MW],71,103.488,335.579,136.716,22.928,135.218,157.988,52,175,1189.917
20260906B29,応札件数（電源属地別）[件],8,22,66,66,3,23,18,7,44,257
20260906B29,落札件数（電源属地別）[件],4,22,63,46,3,23,18,4,39,222
20260906B29,最高落札価格（電源属地別）[円/kW・30分],1.01,10,9.9,7.29,6,10,7,1.6,5.4,10
20260906B29,最低落札価格（電源属地別）[円/kW・30分],0.91,6.61,0.39,0.39,0.39,0.39,0.39,0.36,0.39,0.36
20260906B29,平均落札価格（電源属地別）[円/kW・30分],1,8.93,2.72,4.19,1.33,3.16,3.61,1.12,3.03,3.44
20260906B29,最高落札価格（TSO別）[円/kW・30分],1.01,10,9.9,7.29,6.44,10,7,1.6,5.4,10
20260906B29,最低落札価格（TSO別）[円/kW・30分],0.91,6.61,0.39,4.89,0.39,0.39,0.39,0.36,0.39,0.36
20260906B29,平均落札価格（TSO別）[円/kW・30分],1,8.93,2.72,5.71,2.5,3.05,3.56,1.12,3.03,3.44
20260906B29,落札量合計（TSO別）[MW],71,103.488,335.579,70,62,190.29,130.56,52,175,1189.917
20260906B29,（内訳）自エリアからの落札量[MW],71,103.488,335.579,70,22.928,133.162,128.504,52,175,1091.661
20260906B30,募集量（TSO別）[MW],66,126,561,70,62,155,148,47,174,1409
20260906B30,応札量合計（電源属地別）[MW],201.558,113.588,342.812,177.012,22.928,156.269,169.926,166.473,204.085,1554.651
20260906B30,落札量合計（電源属地別）[MW],66,113.588,335.759,136.716,22.928,156.269,169.926,52,174,1227.186
20260906B30,応札件数（電源属地別）[件],7,22,66,66,3,25,24,7,51,271
20260906B30,落札件数（電源属地別）[件],3,22,63,46,3,25,24,4,36,226
20260906B30,最高落札価格（電源属地別）[円/kW・30分],1.01,10,9.9,7.29,6,10,7,1.6,4.99,10
20260906B30,最低落札価格（電源属地別）[円/kW・30分],0.91,6.61,0.39,0.39,0.39,0.39,0.39,0.36,0.39,0.36
20260906B30,平均落札価格（電源属地別）[円/kW・30分],0.99,8.84,2.72,4.11,1.12,2.79,3.51,1.15,2.8,3.38
20260906B30,最高落札価格（TSO別）[円/kW・30分],1.01,10,9.9,7.29,6.76,10,7,1.6,4.99,10
20260906B30,最低落札価格（TSO別）[円/kW・30分],0.91,6.61,0.39,0.39,0.39,0.39,0.39,0.36,0.39,0.36
20260906B30,平均落札価格（TSO別）[円/kW・30分],0.99,8.84,2.72,3.81,3.53,2.95,3.4,1.15,2.8,3.38
20260906B30,落札量合計（TSO別）[MW],66,113.588,335.759,99.548,62,176.291,148,52,174,1227.186
20260906B30,（内訳）自エリアからの落札量[MW],66,113.588,335.759,99.548,22.928,154.365,148,52,174,1166.188
20260906B31,募集量（TSO別）[MW],64,194,560,69,63,154,147,45,170,1466
20260906B31,応札量合計（電源属地別）[MW],190.708,111.588,346.808,169.128,22.928,180.214,169.926,166.473,208.045,1565.818
20260906B31,落札量合計（電源属地別）[MW],78,111.588,334.759,101.589,22.928,145.506,162.977,56,170,1183.347
20260906B31,応札件数（電源属地別）[件],7,22,68,62,3,26,24,8,53,273
20260906B31,落札件数（電源属地別）[件],3,22,64,31,3,15,20,5,37,200
20260906B31,最高落札価格（電源属地別）[円/kW・30分],1.01,10,9.9,6,6,5,5.5,1.6,5,10
20260906B31,最低落札価格（電源属地別）[円/kW・30分],0.39,6.61,0.39,0.39,0.39,0.39,0.39,0.36,0.39,0.36
20260906B31,平均落札価格（電源属地別）[円/kW・30分],0.73,9.4,2.7,3.4,1.35,1.45,3.35,1.22,2.84,3.12
20260906B31,最高落札価格（TSO別）[円/kW・30分],1.01,10,9.9,6,6,5.5,5.5,1.6,5,10
20260906B31,最低落札価格（TSO別）[円/kW・30分],0.39,6.61,0.39,0.39,0.39,0.39,0.39,0.36,0.39,0.36
20260906B31,平均落札価格（TSO別）[円/kW・30分],0.73,9.4,2.7,2.5,3.82,1.67,3.16,1.22,2.84,3.12
20260906B31,落札量合計（TSO別）[MW],78,111.588,334.759,69,63,154,147,56,170,1183.347
20260906B31,（内訳）自エリアからの落札量[MW],78,111.588,334.759,69,22.928,138.023,147,56,170,1127.298
20260906B32,募集量（TSO別）[MW],64,194,560,69,63,154,147,45,170,1466
20260906B32,応札量合計（電源属地別）[MW],195.535,111.588,347.528,169.128,22.928,182.064,189.916,166.473,208.045,1593.205
20260906B32,落札量合計（電源属地別）[MW],131.827,111.588,335.479,82.448,20.93,147.356,182.967,45,169.299,1226.894
20260906B32,応札件数（電源属地別）[件],7,22,68,62,3,27,25,8,53,275
20260906B32,落札件数（電源属地別）[件],3,22,63,24,2,16,21,4,36,191
20260906B32,最高落札価格（電源属地別）[円/kW・30分],1.01,10,9.9,5.89,5.8,5,5.5,1.6,5,10
20260906B32,最低落札価格（電源属地別）[円/kW・30分],0.91,6.61,0.39,0.39,0.81,0.39,0.39,0.36,1.58,0.36
20260906B32,平均落札価格（電源属地別）[円/kW・30分],1,9.41,2.69,2.84,1.27,1.47,3.62,1.13,3.75,3.19
20260906B32,最高落札価格（TSO別）[円/kW・30分],1.01,10,9.9,5.89,5.8,5,4.71,1.6,5,10
20260906B32,最低落札価格（TSO別）[円/kW・30分],0.91,6.61,0.39,0.39,0.81,0.39,0.39,0.36,1.58,0.36
20260906B32,平均落札価格（TSO別）[円/kW・30分],1,9.41,2.69,2.41,3.81,1.62,3.27,1.13,3.75,3.19
20260906B32,落札量合計（TSO別）[MW],131.827,111.588,335.479,69,63,154,147,45,170,1226.894
20260906B32,（内訳）自エリアからの落札量[MW],131.827,111.588,335.479,69,20.93,147.356,147,45,169.299,1177.479
20260906B33,募集量（TSO別）[MW],64,194,560,69,63,154,147,45,170,1466
20260906B33,応札量合計（電源属地別）[MW],158.658,111.588,348.248,177.669,22.928,182.064,189.462,153.473,282.045,1626.135
20260906B33,落札量合計（電源属地別）[MW],104.1,111.588,336.199,69,19,147.356,163.878,45,208.52,1204.641
20260906B33,応札件数（電源属地別）[件],7,22,68,67,3,27,23,6,54,277
20260906B33,落札件数（電源属地別）[件],5,22,63,25,1,16,10,3,19,164
20260906B33,最高落札価格（電源属地別）[円/kW・30分],8.85,10,9.9,5.99,0.39,5,5,1.6,3.96,10
20260906B33,最低落札価格（電源属地別）[円/kW・30分],0.91,6.61,0.39,0.39,0.39,0.39,0.39,0.36,0.39,0.36
20260906B33,平均落札価格（電源属地別）[円/kW・30分],1.66,9.21,2.68,4.24,0.39,1.47,3.07,0.77,2.43,3.04
20260906B33,最高落札価格（TSO別）[円/kW・30分],8.85,10,9.9,5.99,5,5,4.17,1.6,3.89,10
20260906B33,最低落札価格（TSO別）[円/kW・30分],0.91,6.61,0.39,0.39,0.39,0.39,0.39,0.36,0.39,0.36
20260906B33,平均落札価格（TSO別）[円/kW・30分],1.66,9.21,2.68,4.24,2.51,1.63,2.91,0.77,2.26,3.04
20260906B33,落札量合計（TSO別）[MW],104.1,111.588,336.199,69,63,154,151.754,45,170,1204.641
20260906B33,（内訳）自エリアからの落札量[MW],104.1,111.588,336.199,69,19,128.331,150.923,45,170,1134.141
20260906B34,募集量（TSO別）[MW],64,193,560,69,63,154,147,45,169,1464
20260906B34,応札量合計（電源属地別）[MW],168.658,111.988,390.313,195.948,22.928,142.443,218.056,153.473,280.061,1683.868
20260906B34,落札量合計（電源属地別）[MW],94.95,111.988,378.264,69,19,107.735,197.407,45,234.038,1257.382
20260906B34,応札件数（電源属地別）[件],8,22,69,67,3,25,25,6,53,278
20260906B34,落札件数（電源属地別）[件],3,22,64,32,1,14,14,3,39,192
20260906B34,最高落札価格（電源属地別）[円/kW・30分],1.01,10,9.9,6,0.39,5,5.19,1.6,5.36,10
20260906B34,最低落札価格（電源属地別）[円/kW・30分],0.91,6.39,0.39,4.39,0.39,0.39,0.39,0.36,1.1,0.36
20260906B34,平均落札価格（電源属地別）[円/kW・30分],1,8.76,2.75,5.35,0.39,1.87,2.83,0.77,3.54,3.27
20260906B34,最高落札価格（TSO別）[円/kW・30分],1.01,10,9.9,6,5.19,5.36,5,1.6,5.36,10
20260906B34,最低落札価格（TSO別）[円/kW・30分],0.91,6.39,0.39,4.39,0.39,0.39,0.39,0.36,1.1,0.36
20260906B34,平均落札価格（TSO別）[円/kW・30分],1,8.76,2.75,5.35,2.57,3,2.32,0.77,3.28,3.27
20260906B34,落札量合計（TSO別）[MW],94.95,111.988,378.264,69,63,179.18,147,45,169,1257.382
20260906B34,（内訳）自エリアからの落札量[MW],94.95,111.988,378.264,69,19,91.735,147,45,169,1125.937
20260906B35,募集量（TSO別）[MW],63,191,560,69,63,154,147,44,169,1460
20260906B35,応札量合計（電源属地別）[MW],150.608,113.488,440.313,195.948,24.426,103.221,208.724,153.473,277.095,1667.296
20260906B35,落札量合計（電源属地別）[MW],112.9,113.488,428.264,78.476,24.426,86.261,199.975,61.926,198.57,1304.286
20260906B35,応札件数（電源属地別）[件],6,23,70,67,4,23,26,6,52,277
20260906B35,落札件数（電源属地別）[件],3,23,65,36,4,21,21,2,37,212
20260906B35,最高落札価格（電源属地別）[円/kW・30分],1.01,10,9.9,6,6,6,5.5,1.6,6.04,10
20260906B35,最低落札価格（電源属地別）[円/kW・30分],0.91,6.2,0.39,4.39,1.05,1.27,0.39,0.36,2,0.36
20260906B35,平均落札価格（電源属地別）[円/kW・30分],1,8.67,2.71,5.35,1.99,3.39,3.58,0.66,3.83,3.48
20260906B35,最高落札価格（TSO別）[円/kW・30分],1.01,10,9.9,6,6,6,5.5,1.6,6.04,10
20260906B35,最低落札価格（TSO別）[円/kW・30分],0.91,6.2,0.39,4.39,0.36,0.36,0.39,0.36,2,0.36
20260906B35,平均落札価格（TSO別）[円/kW・30分],1,8.67,2.71,5.26,3.69,3.54,3.1,0.78,3.75,3.48
20260906B35,落札量合計（TSO別）[MW],112.9,113.488,428.264,69,63,154,150.634,44,169,1304.286
20260906B35,（内訳）自エリアからの落札量[MW],112.9,113.488,428.264,69,24.426,84.264,150.634,44,169,1195.976
20260906B36,募集量（TSO別）[MW],64,189,560,69,63,153,147,43,168,1456
20260906B36,応札量合計（電源属地別）[MW],89.718,110.023,438.463,190.451,22.928,103.221,198.52,153.473,278.111,1584.908
20260906B36,落札量合計（電源属地別）[MW],85.968,110.023,428.264,69,20.93,64.723,177.867,127.126,189,1272.901
20260906B36,応札件数（電源属地別）[件],3,21,69,64,3,23,26,6,52,267
20260906B36,落札件数（電源属地別）[件],2,21,64,32,2,10,15,3,37,186
20260906B36,最高落札価格（電源属地別）[円/kW・30分],1.03,10,9.9,6,4.8,5,5.67,1.6,6.23,10
20260906B36,最低落札価格（電源属地別）[円/kW・30分],0.92,5.67,0.39,2.9,1.76,1.27,0.39,0.36,2.19,0.36
20260906B36,平均落札価格（電源属地別）[円/kW・30分],1.03,8.32,2.87,4.77,2.04,2.7,3.9,0.58,3.87,3.36
20260906B36,最高落札価格（TSO別）[円/kW・30分],1.03,10,9.9,6,5,5.67,5.67,1.6,6.23,10
20260906B36,最低落札価格（TSO別）[円/kW・30分],0.92,5.67,0.39,2.9,0.36,0.36,0.39,0.36,2.19,0.36
20260906B36,平均落札価格（TSO別）[円/kW・30分],1.03,8.32,2.87,4.77,3.23,1.78,3.68,1,3.79,3.36
20260906B36,落札量合計（TSO別）[MW],85.968,110.023,428.264,69,63,153,152.646,43,168,1272.901
20260906B36,（内訳）自エリアからの落札量[MW],85.968,110.023,428.264,69,20.93,62.882,152.646,43,168,1140.713
20260906B37,募集量（TSO別）[MW],63,188,562,67,63,149,147,42,167,1448
20260906B37,応札量合計（電源属地別）[MW],138.508,111.492,444.367,182.524,22.928,101.261,196.53,153.473,266.284,1617.367
20260906B37,落札量合計（電源属地別）[MW],134.758,111.492,430.264,76.257,20.93,64.723,169.13,135.118,177.488,1320.16
20260906B37,応札件数（電源属地別）[件],6,22,72,59,3,22,25,6,48,263
20260906B37,落札件数（電源属地別）[件],5,22,66,27,2,10,12,3,31,178
20260906B37,最高落札価格（電源属地別）[円/kW・30分],1.37,10,9.9,5,4.4,5,5.89,1.6,6.24,10
20260906B37,最低落札価格（電源属地別）[円/kW・30分],0.92,5.78,0.39,0.39,1.98,1.27,0.39,0.36,2.2,0.36
20260906B37,平均落札価格（電源属地別）[円/kW・30分],1.23,8.4,2.89,3.8,2.2,2.7,3.95,0.64,3.88,3.26
20260906B37,最高落札価格（TSO別）[円/kW・30分],1.37,10,9.9,5,5,5.89,5.89,1.6,6.24,10
20260906B37,最低落札価格（TSO別）[円/kW・30分],0.92,5.78,0.39,0.39,0.36,0.36,0.36,0.36,2.2,0.36
20260906B37,平均落札価格（TSO別）[円/kW・30分],1.23,8.4,2.89,3.69,1.88,2.69,3.15,0.95,3.99,3.26
20260906B37,落札量合計（TSO別）[MW],134.758,111.492,430.264,67,63,149,151.646,46,167,1320.16
20260906B37,（内訳）自エリアからの落札量[MW],134.758,111.492,430.264,67,20.93,60.727,125.238,46,159.99,1156.399
20260906B38,募集量（TSO別）[MW],63,188,562,67,63,149,147,42,167,1448
20260906B38,応札量合計（電源属地別）[MW],116.69,109.992,444.367,193.439,22.928,97.394,196.53,153.473,266.284,1601.097
20260906B38,落札量合計（電源属地別）[MW],87.94,109.992,430.264,88.248,20.93,48.868,165.933,130.718,187.949,1270.842
20260906B38,応札件数（電源属地別）[件],5,21,72,60,3,20,25,6,48,260
20260906B38,落札件数（電源属地別）[件],3,21,66,26,2,2,9,3,37,169
20260906B38,最高落札価格（電源属地別）[円/kW・30分],1.14,10,9.9,5,2.17,1.97,6.08,1.6,6.38,10
20260906B38,最低落札価格（電源属地別）[円/kW・30分],0.92,5.67,0.39,0.39,1.4,1.27,0.39,0.36,2.34,0.36
20260906B38,平均落札価格（電源属地別）[円/kW・30分],1.13,8.31,2.87,2.96,2.1,1.95,4.03,0.6,4,3.26
20260906B38,最高落札価格（TSO別）[円/kW・30分],1.14,10,9.9,5,5,6.08,6.08,1.6,6.38,10
20260906B38,最低落札価格（TSO別）[円/kW・30分],0.92,5.67,0.39,0.39,0.36,0.36,0.36,0.36,2.34,0.36
20260906B38,平均落札価格（TSO別）[円/kW・30分],1.13,8.31,2.87,2.45,2.46,2.45,3.2,0.97,4.11,3.26
20260906B38,落札量合計（TSO別）[MW],87.94,109.992,430.264,67,63,149,151.646,45,167,1270.842
20260906B38,（内訳）自エリアからの落札量[MW],87.94,109.992,430.264,67,20.93,44.369,117.764,45,159.99,1083.249
20260906B39,募集量（TSO別）[MW],63,188,563,67,63,149,147,42,167,1449
20260906B39,応札量合計（電源属地別）[MW],159.59,111.492,444.367,240.547,22.928,99.354,196.53,153.473,268.294,1696.575
20260906B39,落札量合計（電源属地別）[MW],130.84,111.492,431.264,122.687,20.93,60.856,177.871,72.518,187.784,1316.242
20260906B39,応札件数（電源属地別）[件],5,22,72,67,3,21,25,6,50,271
20260906B39,落札件数（電源属地別）[件],3,22,66,35,2,8,15,2,36,189
20260906B39,最高落札価格（電源属地別）[円/kW・30分],1.23,10,9.9,5.45,4.6,5,5.88,1.6,6.09,10
20260906B39,最低落札価格（電源属地別）[円/kW・30分],0.92,6.12,0.39,0.39,1.97,1.27,0.39,0.36,2.05,0.36
20260906B39,平均落札価格（電源属地別）[円/kW・30分],1.15,8.59,2.78,2.83,2.21,2.55,4,0.74,3.78,3.29
20260906B39,最高落札価格（TSO別）[円/kW・30分],1.23,10,9.9,5.2,5.1,5.88,5.88,1.6,6.09,10
20260906B39,最低落札価格（TSO別）[円/kW・30分],0.92,6.12,0.39,0.39,1.97,0.36,0.39,0.36,0.39,0.36
20260906B39,平均落札価格（TSO別）[円/kW・30分],1.15,8.59,2.78,1.31,3.82,3.39,3.5,0.97,3.69,3.29
20260906B39,落札量合計（TSO別）[MW],130.84,111.492,431.264,67,63,149,151.646,45,167,1316.242
20260906B39,（内訳）自エリアからの落札量[MW],130.84,111.492,431.264,67,20.93,60.856,123.852,45,159.99,1151.224
20260906B40,募集量（TSO別）[MW],63,187,563,67,63,149,147,42,167,1448
20260906B40,応札量合計（電源属地別）[MW],201.558,111.492,444.367,243.768,22.928,99.354,198.52,153.473,270.283,1745.743
20260906B40,落札量合計（電源属地別）[MW],137.85,111.492,431.264,130.744,20.93,64.646,192.571,43.318,187.437,1320.252
20260906B40,応札件数（電源属地別）[件],7,22,72,67,3,21,26,6,51,275
20260906B40,落札件数（電源属地別）[件],5,22,66,37,2,10,23,2,31,198
20260906B40,最高落札価格（電源属地別）[円/kW・30分],1.01,10,9.9,5.2,1.75,5,5.55,1.6,6.04,10
20260906B40,最低落札価格（電源属地別）[円/kW・30分],0.92,6.2,0.39,0.62,1.42,1.27,0.39,0.36,2,0.36
20260906B40,平均落札価格（電源属地別）[円/kW・30分],1,8.64,2.49,2.75,1.45,2.27,3.79,0.79,3.57,3.14
20260906B40,最高落札価格（TSO別）[円/kW・30分],1.01,10,9.9,5.2,5,5.5,5.55,1.6,6.04,10
20260906B40,最低落札価格（TSO別）[円/kW・30分],0.92,6.2,0.39,0.62,1.42,0.36,0.39,0.36,2,0.36
20260906B40,平均落札価格（TSO別）[円/kW・30分],1,8.64,2.49,1.47,3.07,3.71,3.23,0.8,3.61,3.14
20260906B40,落札量合計（TSO別）[MW],137.85,111.492,431.264,67,63,149,151.646,42,167,1320.252
20260906B40,（内訳）自エリアからの落札量[MW],137.85,111.492,431.264,67,20.93,64.646,134.249,42,167,1176.431
20260906B41,募集量（TSO別）[MW],63,187,561,67,61,148,147,42,167,1443
20260906B41,応札量合計（電源属地別）[MW],158.658,111.492,352.367,207.405,22.928,99.354,198.52,153.473,275.183,1579.38
20260906B41,落札量合計（電源属地別）[MW],94.95,111.492,337.264,122.343,20.93,64.646,192.571,42,193.156,1179.352
20260906B41,応札件数（電源属地別）[件],7,22,70,65,3,21,26,6,53,273
20260906B41,落札件数（電源属地別）[件],5,22,63,41,2,10,23,3,33,202
20260906B41,最高落札価格（電源属地別）[円/kW・30分],1.01,10,9.9,5.64,4.45,5,5.55,1.6,5.84,10
20260906B41,最低落札価格（電源属地別）[円/kW・30分],0.92,6.35,0.39,0.52,0.79,1.27,0.39,0.36,1.8,0.36
20260906B41,平均落札価格（電源属地別）[円/kW・30分],1,8.72,2.94,3.42,1.13,2.27,3.49,0.8,3.53,3.42
20260906B41,最高落札価格（TSO別）[円/kW・30分],1.01,10,9.9,5.64,5.1,5.55,5.5,1.6,5.84,10
20260906B41,最低落札価格（TSO別）[円/kW・30分],0.92,6.35,0.39,0.52,0.79,1.27,0.39,0.36,1.8,0.36
20260906B41,平均落札価格（TSO別）[円/kW・30分],1,8.72,2.94,2.82,3.17,3.57,2.89,0.8,3.57,3.42
20260906B41,落札量合計（TSO別）[MW],94.95,111.492,337.264,67,61,148,150.646,42,167,1179.352
20260906B41,（内訳）自エリアからの落札量[MW],94.95,111.492,337.264,67,20.93,64.646,125.914,42,167,1031.196
20260906B42,募集量（TSO別）[MW],63,187,561,67,59,147,146,42,167,1439
20260906B42,応札量合計（電源属地別）[MW],203.508,111.492,352.367,205.545,22.928,99.354,198.52,153.473,201.699,1548.886
20260906B42,落札量合計（電源属地別）[MW],139.8,111.492,337.264,124.523,22.928,83.633,192.571,42,166.991,1221.202
20260906B42,応札件数（電源属地別）[件],8,22,70,64,3,21,26,6,51,271
20260906B42,落札件数（電源属地別）[件],6,22,63,43,3,13,23,2,32,207
20260906B42,最高落札価格（電源属地別）[円/kW・30分],1.01,10,9.9,5.94,2.85,6,5.55,1.6,5.05,10
20260906B42,最低落札価格（電源属地別）[円/kW・30分],0.92,6.39,0.39,0.62,0.39,1.27,0.39,0.36,1.83,0.36
20260906B42,平均落札価格（電源属地別）[円/kW・30分],1,8.75,2.72,3.44,0.78,2.43,2.52,0.8,4.17,3.19
20260906B42,最高落札価格（TSO別）[円/kW・30分],1.01,10,9.9,5.94,5.5,6,5.55,1.6,5.05,10
20260906B42,最低落札価格（TSO別）[円/kW・30分],0.92,6.39,0.39,0.62,0.39,0.62,0.39,0.36,0.39,0.36
20260906B42,平均落札価格（TSO別）[円/kW・30分],1,8.75,2.72,3.18,2.79,2.66,2.48,0.8,4.13,3.19
20260906B42,落札量合計（TSO別）[MW],139.8,111.492,337.264,67,59,147,150.646,42,167,1221.202
20260906B42,（内訳）自エリアからの落札量[MW],139.8,111.492,337.264,67,22.928,83.633,142.645,42,158.99,1105.752
20260906B43,募集量（TSO別）[MW],63,97,560,67,59,147,144,42,167,1346
20260906B43,応札量合計（電源属地別）[MW],156.708,87.492,344.55,203.425,22.928,190.726,198.52,187.473,193.773,1585.595
20260906B43,落札量合計（電源属地別）[MW],93,87.492,336.264,71.775,22.928,167.21,167.733,44,159,1149.402
20260906B43,応札件数（電源属地別）[件],6,20,66,63,3,27,26,9,49,269
20260906B43,落札件数（電源属地別）[件],4,20,63,15,3,17,10,4,31,167
20260906B43,最高落札価格（電源属地別）[円/kW・30分],1.01,10,9.9,4.39,2.85,4.81,3.83,1.6,4.41,10
20260906B43,最低落札価格（電源属地別）[円/kW・30分],0.92,6.61,0.39,0.39,0.39,0.39,0.39,0.36,2,0.36
20260906B43,平均落札価格（電源属地別）[円/kW・30分],1,9.22,2.71,1.73,0.78,3.53,2.68,0.54,3.8,3.15
20260906B43,最高落札価格（TSO別）[円/kW・30分],1.01,10,9.9,4.39,3.83,4.81,3.83,1.6,4.41,10
20260906B43,最低落札価格（TSO別）[円/kW・30分],0.92,6.61,0.39,0.39,0.39,0.39,0.39,0.36,2,0.36
20260906B43,平均落札価格（TSO別）[円/kW・30分],1,9.22,2.71,1.64,1.95,3.73,2.59,0.54,3.76,3.15
20260906B43,落札量合計（TSO別）[MW],93,87.492,336.264,67,59,147,148.646,44,167,1149.402
20260906B43,（内訳）自エリアからの落札量[MW],93,87.492,336.264,67,22.928,147,148.646,44,159,1105.33
20260906B44,募集量（TSO別）[MW],64,97,560,68,59,147,144,42,168,1349
20260906B44,応札量合計（電源属地別）[MW],200.708,87.492,346.463,203.425,22.928,250.023,198.52,134.973,193.773,1638.305
20260906B44,落札量合計（電源属地別）[MW],128,87.492,336.264,68,22.928,118.866,167.733,134.973,159.368,1223.624
20260906B44,応札件数（電源属地別）[件],8,20,67,63,3,28,26,8,49,272
20260906B44,落札件数（電源属地別）[件],5,20,62,14,3,13,10,8,31,166
20260906B44,最高落札価格（電源属地別）[円/kW・30分],1.01,10,9.9,4.39,2.85,4.1,3,2.6,3.79,10
20260906B44,最低落札価格（電源属地別）[円/kW・30分],0.92,6.61,0.39,0.39,0.39,1.27,0.39,0.36,2,0.36
20260906B44,平均落札価格（電源属地別）[円/kW・30分],1,9.23,2.71,1.84,0.78,2.87,2.11,0.93,2.99,2.69
20260906B44,最高落札価格（TSO別）[円/kW・30分],1.01,10,9.9,4.39,2.85,4.1,3,2.5,3.79,10
20260906B44,最低落札価格（TSO別）[円/kW・30分],0.92,6.61,0.39,0.39,0.36,0.36,0.36,0.38,2,0.36
20260906B44,平均落札価格（TSO別）[円/kW・30分],1,9.23,2.71,1.84,1.21,2.21,1.93,1.08,2.97,2.69
20260906B44,落札量合計（TSO別）[MW],128,87.492,336.264,68,59,186.222,148.646,42,168,1223.624
20260906B44,（内訳）自エリアからの落札量[MW],128,87.492,336.264,68,22.928,97.794,142.723,42,159.368,1084.569
20260906B45,募集量（TSO別）[MW],65,97,560,68,59,147,144,42,168,1350
20260906B45,応札量合計（電源属地別）[MW],168.658,87.492,346.463,177.846,22.928,250.023,198.52,143.973,200.773,1596.676
20260906B45,落札量合計（電源属地別）[MW],110,87.492,336.264,68,22.928,118.866,167.733,143.973,150.368,1205.624
20260906B45,応札件数（電源属地別）[件],8,20,67,61,3,28,26,9,50,272
20260906B45,落札件数（電源属地別）[件],7,20,62,14,3,13,10,9,24,162
20260906B45,最高落札価格（電源属地別）[円/kW・30分],2.53,10,9.9,4.69,2.75,4.1,3,2.75,3.32,10
20260906B45,最低落札価格（電源属地別）[円/kW・30分],0.92,6.61,0.39,0.39,0.39,1.27,0.39,0.36,0.68,0.36
20260906B45,平均落札価格（電源属地別）[円/kW・30分],1.21,9.24,2.71,1.7,0.77,2.87,2.1,0.98,2.72,2.68
20260906B45,最高落札価格（TSO別）[円/kW・30分],2.53,10,9.9,4.69,2.75,4.1,3,2.75,3.32,10
20260906B45,最低落札価格（TSO別）[円/kW・30分],0.92,6.61,0.39,0.39,0.36,0.36,0.39,0.36,0.36,0.36
20260906B45,平均落札価格（TSO別）[円/kW・30分],1.21,9.24,2.71,1.7,0.56,2.34,2.03,0.99,2.67,2.68
20260906B45,落札量合計（TSO別）[MW],110,87.492,336.264,68,59,186.222,148.646,42,168,1205.624
20260906B45,（内訳）自エリアからの落札量[MW],110,87.492,336.264,68,22.928,118.866,148.646,42,150.368,1084.564
20260906B46,募集量（TSO別）[MW],65,96,558,67,59,145,144,42,167,1343
20260906B46,応札量合計（電源属地別）[MW],168.658,87.492,343.156,175.986,49.328,250.023,198.52,95.473,198.789,1567.425
20260906B46,落札量合計（電源属地別）[MW],112,87.492,332.913,67,49.328,121.518,167.733,95.473,166,1199.457
20260906B46,応札件数（電源属地別）[件],8,20,66,60,5,29,26,8,49,271
20260906B46,落札件数（電源属地別）[件],7,20,61,13,5,14,10,8,32,170
20260906B46,最高落札価格（電源属地別）[円/kW・30分],2.1,10,9.9,4.69,2.5,4.13,3,2.6,3.79,10
20260906B46,最低落札価格（電源属地別）[円/kW・30分],0.92,6.61,0.39,0.39,0.39,0.39,0.39,0.38,0.39,0.38
20260906B46,平均落札価格（電源属地別）[円/kW・30分],1.14,9.23,2.68,1.76,1.14,2.51,2.08,1.35,2.5,2.67
20260906B46,最高落札価格（TSO別）[円/kW・30分],2.1,10,9.9,4.69,3,4.13,2.77,1.7,3.79,10
20260906B46,最低落札価格（TSO別）[円/kW・30分],0.92,6.61,0.39,0.39,0.39,0.38,0.39,0.38,0.39,0.38
20260906B46,平均落札価格（TSO別）[円/kW・30分],1.14,9.23,2.68,1.76,1.39,2.23,1.99,1.15,2.5,2.67
20260906B46,落札量合計（TSO別）[MW],112,87.492,332.913,67,59,183.406,148.646,42,167,1199.457
20260906B46,（内訳）自エリアからの落札量[MW],112,87.492,332.913,67,49.328,111.846,148.646,42,166,1117.225
20260906B47,募集量（TSO別）[MW],65,95,556,66,58,144,143,42,167,1336
20260906B47,応札量合計（電源属地別）[MW],197.97,87.492,297.336,155.996,47.928,177.299,198.52,95.473,200.773,1458.787
20260906B47,落札量合計（電源属地別）[MW],133.312,87.492,283.137,66,47.928,145.603,161.975,95.473,115.874,1136.794
20260906B47,応札件数（電源属地別）[件],8,20,65,58,4,22,26,8,50,261
20260906B47,落札件数（電源属地別）[件],5,20,59,12,4,6,7,8,9,130
20260906B47,最高落札価格（電源属地別）[円/kW・30分],1.01,10,9.9,4.99,2.5,2.57,2.28,2.6,2.94,10
20260906B47,最低落札価格（電源属地別）[円/kW・30分],0.92,6.61,0.39,0.39,0.39,0.39,0.39,0.38,0.39,0.38
20260906B47,平均落札価格（電源属地別）[円/kW・30分],1,9.24,3.5,1.85,0.87,1.13,1.75,1.35,1.72,2.53
20260906B47,最高落札価格（TSO別）[円/kW・30分],1.01,10,9.9,4.99,2.57,2.6,2.28,1.7,2.94,10
20260906B47,最低落札価格（TSO別）[円/kW・30分],0.92,6.61,0.39,0.39,0.39,0.38,0.39,0.38,0.39,0.38
20260906B47,平均落札価格（TSO別）[円/kW・30分],1,9.24,3.5,1.85,1.16,1.09,1.71,0.73,1.81,2.53
20260906B47,落札量合計（TSO別）[MW],133.312,87.492,283.137,66,58,151.207,148.646,42,167,1136.794
20260906B47,（内訳）自エリアからの落札量[MW],133.312,87.492,283.137,66,47.928,139.942,148.646,42,115.874,1064.331
20260906B48,募集量（TSO別）[MW],65,94,555,63,57,142,143,42,167,1328
20260906B48,応札量合計（電源属地別）[MW],168.658,85.992,346.463,154.496,47.928,94.121,219.664,95.473,199.921,1412.716
20260906B48,落札量合計（電源属地別）[MW],112,85.992,331.264,63,47.928,74.411,186.883,95.473,146.305,1143.256
20260906B48,応札件数（電源属地別）[件],8,19,67,57,4,18,27,8,49,257
20260906B48,落札件数（電源属地別）[件],7,19,60,11,4,8,10,8,21,148
20260906B48,最高落札価格（電源属地別）[円/kW・30分],9.9,10,9.9,4.99,3.15,3,3,2.6,3.18,10
20260906B48,最低落札価格（電源属地別）[円/kW・30分],0.39,6.61,0.39,0.39,0.39,1.97,0.39,0.38,0.39,0.38
20260906B48,平均落札価格（電源属地別）[円/kW・30分],1.19,9.23,2.65,2.05,0.59,2.26,1.08,1.35,1.57,2.35
20260906B48,最高落札価格（TSO別）[円/kW・30分],9.9,10,9.9,4.99,3.15,3,1.56,1.7,3.18,10
20260906B48,最低落札価格（TSO別）[円/kW・30分],0.39,6.61,0.39,0.39,0.39,0.38,0.39,0.38,0.39,0.38
20260906B48,平均落札価格（TSO別）[円/kW・30分],1.19,9.23,2.65,2.05,0.81,1.99,0.93,0.69,1.59,2.35
20260906B48,落札量合計（TSO別）[MW],112,85.992,331.264,63,57,142,143,42,167,1143.256
20260906B48,（内訳）自エリアからの落札量[MW],112,85.992,331.264,63,47.928,74.411,143,42,146.305,1045.9
20260907B01,募集量（TSO別）[MW],64,175,539,55,53,132,140,41,163,1362
20260907B01,応札量合計（電源属地別）[MW],190.149,61.679,230.446,103.294,82.928,93.449,179.859,95.473,176.592,1213.869
20260907B01,落札量合計（電源属地別）[MW],114.968,61.679,221.259,55.108,80.998,71.86,159.981,83.93,132.123,981.906
20260907B01,応札件数（電源属地別）[件],7,11,52,39,5,18,16,8,37,193
20260907B01,落札件数（電源属地別）[件],3,11,48,15,4,7,6,7,17,118
20260907B01,最高落札価格（電源属地別）[円/kW・30分],1.01,10,9.47,4.69,1.5,2.9,2.13,2.8,2.9,10
20260907B01,最低落札価格（電源属地別）[円/kW・30分],0.92,6.62,0.39,0.39,0.39,1.5,0.39,0.38,0.39,0.38
20260907B01,平均落札価格（電源属地別）[円/kW・30分],1.01,9.13,3.28,2.48,0.47,2.56,1.36,1.2,1.42,2.31
20260907B01,最高落札価格（TSO別）[円/kW・30分],1.01,10,9.47,4.69,0.52,2.97,2.13,1.7,2.9,10
20260907B01,最低落札価格（TSO別）[円/kW・30分],0.92,6.62,0.39,0.39,0.39,0.38,0.39,0.38,0.39,0.38
20260907B01,平均落札価格（TSO別）[円/kW・30分],1.01,9.13,3.28,2.48,0.44,1.84,1.32,0.95,1.47,2.31
20260907B01,落札量合計（TSO別）[MW],114.968,61.679,221.259,55,53,132,140,41,163,981.906
20260907B01,（内訳）自エリアからの落札量[MW],114.968,61.679,221.259,55,53,71.86,140,41,132.123,890.889
20260907B02,募集量（TSO別）[MW],64,175,539,55,53,132,140,41,163,1362
20260907B02,応札量合計（電源属地別）[MW],150.668,61.679,309.43,115.066,82.928,109.125,154.405,95.473,176.032,1254.806
20260907B02,落札量合計（電源属地別）[MW],80,61.679,296.348,76.083,82.928,89.534,136.521,83.93,151.763,1058.786
20260907B02,応札件数（電源属地別）[件],6,11,57,45,5,19,14,8,37,202
20260907B02,落札件数（電源属地別）[件],4,11,51,25,5,9,5,7,25,142
20260907B02,最高落札価格（電源属地別）[円/kW・30分],1.01,10,9.5,5.8,2.95,2.9,2.55,2.8,3,10
20260907B02,最低落札価格（電源属地別）[円/kW・30分],0.87,6.62,0.39,0.39,0.39,0.39,0.39,0.38,0.39,0.38
20260907B02,平均落札価格（電源属地別）[円/kW・30分],0.95,9.13,2.5,3.25,1.18,2.19,2.2,1.2,1.64,2.43
20260907B02,最高落札価格（TSO別）[円/kW・30分],1.01,10,9.5,5.8,1.43,2.95,2.55,1.7,3,10
20260907B02,最低落札価格（TSO別）[円/kW・30分],0.87,6.62,0.39,0.39,0.39,0.38,0.39,0.38,0.39,0.38
20260907B02,平均落札価格（TSO別）[円/kW・30分],0.95,9.13,2.5,3.25,1.27,1.72,2.19,1.17,1.65,2.43
20260907B02,落札量合計（TSO別）[MW],80,61.679,296.348,76.083,53,147.676,140,41,163,1058.786
20260907B02,（内訳）自エリアからの落札量[MW],80,61.679,296.348,76.083,53,89.534,136.521,41,151.763,985.928
20260907B03,募集量（TSO別）[MW],64,175,539,55,53,132,140,41,163,1362
20260907B03,応札量合計（電源属地別）[MW],188.03,75.563,307.506,134.482,47.928,111.121,154.405,95.473,193.969,1308.477
20260907B03,落札量合計（電源属地別）[MW],80,75.563,295.828,55.091,47.928,95.322,154.405,83.93,163,1051.067
20260907B03,応札件数（電源属地別）[件],6,18,56,55,4,20,14,8,46,227
20260907B03,落札件数（電源属地別）[件],4,18,51,15,4,12,14,7,33,158
20260907B03,最高落札価格（電源属地別）[円/kW・30分],1,10,9.49,5,3.5,3,4.39,4.3,3,10
20260907B03,最低落札価格（電源属地別）[円/kW・30分],0.6,6.62,0.39,0.39,0.39,0.39,0.39,0.38,0.39,0.38
20260907B03,平均落札価格（電源属地別）[円/kW・30分],0.83,9.18,2.5,2.7,1.02,2.24,2.32,1.25,1.59,2.5
20260907B03,最高落札価格（TSO別）[円/kW・30分],1,10,9.49,5,3.97,4.39,3,1.7,3,10
20260907B03,最低落札価格（TSO別）[円/kW・30分],0.6,6.62,0.39,0.39,0.39,0.38,0.39,0.38,0.39,0.38
20260907B03,平均落札価格（TSO別）[円/kW・30分],0.83,9.18,2.5,2.7,1.21,2.04,2.23,1.17,1.59,2.5
20260907B03,落札量合計（TSO別）[MW],80,75.563,295.828,55,53,147.676,140,41,163,1051.067
20260907B03,（内訳）自エリアからの落札量[MW],80,75.563,295.828,55,47.928,92.84,140,41,163,991.159
20260907B04,募集量（TSO別）[MW],64,175,539,55,53,132,140,41,163,1362
20260907B04,応札量合計（電源属地別）[MW],148.718,77.493,319.214,134.482,47.928,107.143,158.195,95.473,191.776,1280.422
20260907B04,落札量合計（電源属地別）[MW],80,77.493,296.827,55,47.928,97.318,155.43,81,163,1053.996
20260907B04,応札件数（電源属地別）[件],5,19,62,55,4,18,16,8,45,232
20260907B04,落札件数（電源属地別）[件],3,19,51,15,4,13,15,5,31,156
20260907B04,最高落札価格（電源属地別）[円/kW・30分],1.01,10,9.8,4.8,3.5,3,4.24,1.7,3,10
20260907B04,最低落札価格（電源属地別）[円/kW・30分],0.57,6.62,0.39,0.39,0.39,0.39,0.39,0.38,0.39,0.38
20260907B04,平均落札価格（電源属地別）[円/kW・30分],0.82,9.18,3.24,2.7,0.56,2.25,1.68,1.14,1.53,2.6
20260907B04,最高落札価格（TSO別）[円/kW・30分],1.01,10,9.8,4.8,3.5,3,4.24,1.7,3,10
20260907B04,最低落札価格（TSO別）[円/kW・30分],0.57,6.62,0.39,0.39,0.39,0.38,0.39,0.38,0.39,0.38
20260907B04,平均落札価格（TSO別）[円/kW・30分],0.82,9.18,3.24,2.7,0.69,2.04,1.53,1.15,1.53,2.6
20260907B04,落札量合計（TSO別）[MW],80,77.493,296.827,55,53,147.676,140,41,163,1053.996
20260907B04,（内訳）自エリアからの落札量[MW],80,77.493,296.827,55,47.928,96.246,140,41,163,997.494
20260907B05,募集量（TSO別）[MW],64,175,537,54,53,131,140,40,163,1357
20260907B05,応札量合計（電源属地別）[MW],231.021,75.495,327.607,114.734,71.172,105.145,158.195,95.473,193.724,1372.566
20260907B05,落札量合計（電源属地別）[MW],94,75.495,315.312,54,71.172,91.53,134.527,83.93,153.517,1073.483
20260907B05,応札件数（電源属地別）[件],9,18,57,45,5,17,16,8,46,221
20260907B05,落札件数（電源属地別）[件],5,18,51,14,5,10,4,7,29,143
20260907B05,最高落札価格（電源属地別）[円/kW・30分],1.01,10,9.8,5,2.6,2.97,2.13,2.8,3,10
20260907B05,最低落札価格（電源属地別）[円/kW・30分],0.6,6.62,0.39,0.39,0.39,0.39,0.39,0.38,0.39,0.38
20260907B05,平均落札価格（電源属地別）[円/kW・30分],0.85,9.18,3.2,2.83,0.49,2.2,1.46,1.2,1.49,2.51
20260907B05,最高落札価格（TSO別）[円/kW・30分],1.01,10,9.8,5,0.41,2.97,2.8,1.7,3,10
20260907B05,最低落札価格（TSO別）[円/kW・30分],0.6,6.62,0.39,0.39,0.39,0.38,0.39,0.38,0.38,0.38
20260907B05,平均落札価格（TSO別）[円/kW・30分],0.85,9.18,3.2,2.83,0.4,1.82,1.47,1.14,1.46,2.51
20260907B05,落札量合計（TSO別）[MW],94,75.495,315.312,54,53,137.676,140,41,163,1073.483
20260907B05,（内訳）自エリアからの落札量[MW],94,75.495,315.312,54,53,91.53,134.527,41,153.517,1012.381
20260907B06,募集量（TSO別）[MW],64,175,537,54,53,130,140,40,163,1356
20260907B06,応札量合計（電源属地別）[MW],235.518,75.495,333.447,122.565,82.928,105.145,158.195,95.473,191.74,1400.506
20260907B06,落札量合計（電源属地別）[MW],158,75.495,315.312,54.019,80.998,91.53,134.527,92.543,133.059,1135.483
20260907B06,応札件数（電源属地別）[件],8,18,61,49,5,17,16,8,45,227
20260907B06,落札件数（電源属地別）[件],5,18,52,14,4,10,4,6,18,131
20260907B06,最高落札価格（電源属地別）[円/kW・30分],1.01,10,9.8,5,1.81,2.97,2.94,2.5,2.99,10
20260907B06,最低落札価格（電源属地別）[円/kW・30分],0.6,6.62,0.39,0.39,0.39,0.39,0.39,0.38,0.39,0.38
20260907B06,平均落札価格（電源属地別）[円/kW・30分],0.92,9.18,3.1,2.99,1.42,2.2,2.48,1.31,1.3,2.57
20260907B06,最高落札価格（TSO別）[円/kW・30分],1.01,10,9.8,5,1.81,4.69,2.94,1.7,2.99,10
20260907B06,最低落札価格（TSO別）[円/kW・30分],0.6,6.62,0.39,0.39,0.39,0.39,0.39,0.38,0.38,0.38
20260907B06,平均落札価格（TSO別）[円/kW・30分],0.92,9.18,3.1,2.99,1.22,2.06,2.46,1.14,1.28,2.57
20260907B06,落札量合計（TSO別）[MW],158,75.495,315.312,54,53,135.676,140,41,163,1135.483
20260907B06,（内訳）自エリアからの落札量[MW],158,75.495,315.312,54,53,91.53,129.517,41,133.059,1050.913
20260907B07,募集量（TSO別）[MW],63,174,536,54,53,131,140,41,164,1356
20260907B07,応札量合計（電源属地別）[MW],192.658,75.993,347.343,160.602,22.928,113.07,175.054,61.473,208.035,1357.156
20260907B07,落札量合計（電源属地別）[MW],108,75.993,314.312,75,22.928,113.07,157.205,61.473,164,1091.981
20260907B07,応札件数（電源属地別）[件],8,18,68,60,3,21,25,6,53,262
20260907B07,落札件数（電源属地別）[件],4,18,52,25,3,21,16,6,31,176
20260907B07,最高落札価格（電源属地別）[円/kW・30分],1.01,10,9.8,5,3.7,5,4.68,4.4,3,10
20260907B07,最低落札価格（電源属地別）[円/kW・30分],0.6,6.62,0.39,0.39,0.39,0.39,0.39,1.6,0.39,0.39
20260907B07,平均落札価格（電源属地別）[円/kW・30分],0.88,9.17,2.88,3.42,0.77,2.5,2.58,1.91,1.74,2.8
20260907B07,最高落札価格（TSO別）[円/kW・30分],1.01,10,9.8,5,5,5,3,1.7,3,10
20260907B07,最低落札価格（TSO別）[円/kW・30分],0.6,6.62,0.39,0.39,0.39,0.39,0.39,1.6,0.39,0.39
20260907B07,平均落札価格（TSO別）[円/kW・30分],0.88,9.17,2.88,3.72,1.95,2.53,2.5,1.61,1.74,2.8
20260907B07,落札量合計（TSO別）[MW],108,75.993,314.312,54,53,141.676,140,41,164,1091.981
20260907B07,（内訳）自エリアからの落札量[MW],108,75.993,314.312,54,22.928,111.091,140,41,164,1031.324
20260907B08,募集量（TSO別）[MW],63,174,537,54,53,131,140,41,164,1357
20260907B08,応札量合計（電源属地別）[MW],190.668,77.493,343.903,156.802,22.928,113.07,175.054,49.93,204.207,1334.055
20260907B08,落札量合計（電源属地別）[MW],126,77.493,315.312,90.537,22.928,113.07,155.211,49.93,164,1114.481
20260907B08,応札件数（電源属地別）[件],7,19,66,58,3,21,25,5,51,255
20260907B08,落札件数（電源属地別）[件],4,19,52,33,3,21,15,5,31,183
20260907B08,最高落札価格（電源属地別）[円/kW・30分],1.01,10,9.8,5,4.1,5,3.08,2.6,3,10
20260907B08,最低落札価格（電源属地別）[円/kW・30分],0.8,6.62,0.39,0.39,0.39,0.39,0.39,1.6,0.39,0.39
20260907B08,平均落札価格（電源属地別）[円/kW・30分],0.95,9.18,2.74,3.55,0.8,2.52,2.63,1.67,1.77,2.78
20260907B08,最高落札価格（TSO別）[円/kW・30分],1.01,10,9.8,5,5,5,3.08,1.7,3,10
20260907B08,最低落札価格（TSO別）[円/kW・30分],0.8,6.62,0.39,0.39,0.39,0.39,0.39,1.6,0.39,0.39
20260907B08,平均落札価格（TSO別）[円/kW・30分],0.95,9.18,2.74,3.7,2.04,2.64,2.59,1.61,1.77,2.78
20260907B08,落札量合計（TSO別）[MW],126,77.493,315.312,54,53,143.676,140,41,164,1114.481
20260907B08,（内訳）自エリアからの落札量[MW],126,77.493,315.312,54,22.928,113.07,140,41,164,1053.803
20260907B09,募集量（TSO別）[MW],63,174,538,54,53,132,140,41,165,1360
20260907B09,応札量合計（電源属地別）[MW],205.431,79.492,342.876,160.602,20.26,113.07,175.054,49.93,208.035,1354.75
20260907B09,落札量合計（電源属地別）[MW],140.723,79.492,313.765,80.311,20.26,113.07,169.105,49.93,165,1131.656
20260907B09,応札件数（電源属地別）[件],8,20,66,60,3,21,25,5,53,261
20260907B09,落札件数（電源属地別）[件],5,20,51,28,3,21,22,5,31,186
20260907B09,最高落札価格（電源属地別）[円/kW・30分],1.01,10,9.8,5,2.9,5,4.07,4.95,3,10
20260907B09,最低落札価格（電源属地別）[円/kW・30分],0.39,6.62,0.39,0.39,0.39,0.39,0.39,1.6,0.39,0.39
20260907B09,平均落札価格（電源属地別）[円/kW・30分],0.94,9.19,3.38,3.53,0.74,2.5,2.75,1.81,1.66,2.95
20260907B09,最高落札価格（TSO別）[円/kW・30分],1.01,10,9.8,5,5,5,4.07,1.7,3,10
20260907B09,最低落札価格（TSO別）[円/kW・30分],0.39,6.62,0.39,3,0.39,0.39,0.39,1.6,0.39,0.39
20260907B09,平均落札価格（TSO別）[円/kW・30分],0.94,9.19,3.38,4.62,1.24,2.69,2.61,1.61,1.66,2.95
20260907B09,落札量合計（TSO別）[MW],140.723,79.492,313.765,54,53,144.676,140,41,165,1131.656
20260907B09,（内訳）自エリアからの落札量[MW],140.723,79.492,313.765,54,20.26,109.156,140,41,165,1063.396
20260907B10,募集量（TSO別）[MW],63,174,538,54,53,132,140,41,165,1360
20260907B10,応札量合計（電源属地別）[MW],190.708,79.492,349.193,178.692,22.928,97.394,175.054,61.473,198.401,1353.335
20260907B10,落札量合計（電源属地別）[MW],126,79.492,316.312,69.1,22.928,97.394,169.105,61.473,165,1106.804
20260907B10,応札件数（電源属地別）[件],7,20,68,61,3,20,25,6,51,261
20260907B10,落札件数（電源属地別）[件],5,20,52,22,3,20,22,6,34,184
20260907B10,最高落札価格（電源属地別）[円/kW・30分],1.01,10,9.8,5,3.4,5,4.63,4.8,3,10
20260907B10,最低落札価格（電源属地別）[円/kW・30分],0.77,6.62,0.39,2.51,0.39,1.5,0.39,1.6,0.39,0.39
20260907B10,平均落札価格（電源属地別）[円/kW・30分],0.94,9.19,2.85,3.94,0.78,2.87,2.51,2.31,1.71,2.86
20260907B10,最高落札価格（TSO別）[円/kW・30分],1.01,10,9.8,5,5,5,3,1.7,3,10
20260907B10,最低落札価格（TSO別）[円/kW・30分],0.77,6.62,0.39,2.51,0.39,1.5,0.39,1.6,0.39,0.39
20260907B10,平均落札価格（TSO別）[円/kW・30分],0.94,9.19,2.85,3.65,2.98,3.03,2.25,1.61,1.71,2.86
20260907B10,落札量合計（TSO別）[MW],126,79.492,316.312,54,53,132,140,41,165,1106.804
20260907B10,（内訳）自エリアからの落札量[MW],126,79.492,316.312,54,22.928,95.396,140,41,165,1040.128
20260907B11,募集量（TSO別）[MW],63,174,538,54,53,132,140,41,165,1360
20260907B11,応札量合計（電源属地別）[MW],167.708,79.492,349.193,180.682,47.928,82.394,162.327,61.473,208.035,1339.232
20260907B11,落札量合計（電源属地別）[MW],112.968,79.492,316.312,71.827,47.928,82.394,156.378,61.473,165,1093.772
20260907B11,応札件数（電源属地別）[件],7,20,68,62,4,19,24,6,53,263
20260907B11,落札件数（電源属地別）[件],4,20,52,23,4,19,21,6,31,180
20260907B11,最高落札価格（電源属地別）[円/kW・30分],2.3,10,9.8,5,4.2,5,4.46,3.6,3,10
20260907B11,最低落札価格（電源属地別）[円/kW・30分],0.92,6.62,0.39,2.44,0.39,1.5,1.56,1.6,0.39,0.39
20260907B11,平均落札価格（電源属地別）[円/kW・30分],1.12,9.19,2.68,3.96,1.26,2.93,2.84,1.87,1.84,2.88
20260907B11,最高落札価格（TSO別）[円/kW・30分],2.3,10,9.8,5,5,5,3.75,1.7,3,10
20260907B11,最低落札価格（TSO別）[円/kW・30分],0.92,6.62,0.39,2.44,0.39,1.5,1.56,1.6,0.39,0.39
20260907B11,平均落札価格（TSO別）[円/kW・30分],1.12,9.19,2.68,3.69,1.62,3.06,2.78,1.61,1.84,2.88
20260907B11,落札量合計（TSO別）[MW],112.968,79.492,316.312,54,53,132,140,41,165,1093.772
20260907B11,（内訳）自エリアからの落札量[MW],112.968,79.492,316.312,54,47.928,82.394,140,41,165,1039.094
20260907B12,募集量（TSO別）[MW],63,174,538,54,53,132,140,41,165,1360
20260907B12,応札量合計（電源属地別）[MW],150.708,79.492,349.193,179.182,22.928,171.087,213.235,61.473,206.059,1433.357
20260907B12,落札量合計（電源属地別）[MW],108.968,79.492,316.312,54,20.998,149.547,172.708,61.473,146.426,1109.924
20260907B12,応札件数（電源属地別）[件],6,20,68,61,3,24,28,6,52,268
20260907B12,落札件数（電源属地別）[件],3,20,51,14,2,13,7,6,23,139
20260907B12,最高落札価格（電源属地別）[円/kW・30分],2.76,10,9.8,4.99,2,2.97,3.33,2.75,3,10
20260907B12,最低落札価格（電源属地別）[円/kW・30分],0.92,6.62,0.39,2.3,0.39,0.39,0.39,1.6,0.39,0.39
20260907B12,平均落札価格（電源属地別）[円/kW・30分],1.38,9.19,2.64,3.56,0.54,1.5,2.23,1.83,2.09,2.66
20260907B12,最高落札価格（TSO別）[円/kW・30分],2.76,10,9.8,4.99,3.33,3.33,3.33,1.7,3.33,10
20260907B12,最低落札価格（TSO別）[円/kW・30分],0.92,6.62,0.39,2.3,0.39,0.39,0.39,1.6,0.39,0.39
20260907B12,平均落札価格（TSO別）[円/kW・30分],1.38,9.19,2.64,3.56,1.12,1.78,1.98,1.61,2.23,2.66
20260907B12,落札量合計（TSO別）[MW],108.968,79.492,316.312,54,53,152.152,140,41,165,1109.924
20260907B12,（内訳）自エリアからの落札量[MW],108.968,79.492,316.312,54,20.998,129.547,140,41,146.426,1036.743
20260907B13,募集量（TSO別）[MW],65,183,559,64,57,145,141,44,168,1426
20260907B13,応札量合計（電源属地別）[MW],163.508,91.492,355.097,180.682,22.928,156.629,225.962,61.473,200.395,1458.166
20260907B13,落札量合計（電源属地別）[MW],120.152,91.492,337.312,64,20.998,140.877,206.119,61.473,163.004,1205.427
20260907B13,応札件数（電源属地別）[件],7,21,71,62,3,23,29,6,52,274
20260907B13,落札件数（電源属地別）[件],5,21,62,11,2,15,19,6,33,174
20260907B13,最高落札価格（電源属地別）[円/kW・30分],8.25,10,9.8,3.5,2,3,4.69,2.8,3.15,10
20260907B13,最低落札価格（電源属地別）[円/kW・30分],0.92,6.62,0.39,1.4,0.66,0.39,0.39,1.6,0.39,0.39
20260907B13,平均落札価格（電源属地別）[円/kW・30分],3.01,9.21,3.02,2.38,0.79,1.68,2.83,1.83,2.54,3.1
20260907B13,最高落札価格（TSO別）[円/kW・30分],8.25,10,9.8,3.5,2.8,4.69,4.69,1.6,3.15,10
20260907B13,最低落札価格（TSO別）[円/kW・30分],0.92,6.62,0.39,1.4,0.66,0.39,0.39,1.6,0.39,0.39
20260907B13,平均落札価格（TSO別）[円/kW・30分],3.01,9.21,3.02,2.38,1.85,2.44,2.22,1.6,2.55,3.1
20260907B13,落札量合計（TSO別）[MW],120.152,91.492,337.312,64,57,182.471,141,44,168,1205.427
20260907B13,（内訳）自エリアからの落札量[MW],120.152,91.492,337.312,64,20.998,122.348,141,44,163.004,1104.306
20260907B14,募集量（TSO別）[MW],65,188,567,67,57,148,142,44,169,1447
20260907B14,応札量合計（電源属地別）[MW],152.658,89.992,355.097,193.883,22.928,171.587,236.727,61.473,194.559,1478.904
20260907B14,落札量合計（電源属地別）[MW],121.958,89.992,345.312,95.611,22.928,165.401,134.739,61.473,169,1206.414
20260907B14,応札件数（電源属地別）[件],7,20,71,59,3,24,30,6,49,269
20260907B14,落札件数（電源属地別）[件],4,20,66,19,3,21,26,6,36,201
20260907B14,最高落札価格（電源属地別）[円/kW・30分],1.01,10,9.8,5,3.15,5,4.72,3.3,3.5,10
20260907B14,最低落札価格（電源属地別）[円/kW・30分],0.39,6.62,0.39,0.47,0.66,0.39,0.39,1.6,0.71,0.39
20260907B14,平均落札価格（電源属地別）[円/kW・30分],0.83,8.98,3.09,2.34,0.99,1.76,1.49,1.85,2.84,2.74
20260907B14,最高落札価格（TSO別）[円/kW・30分],1.01,10,9.8,5,4.89,5,4.72,1.7,3.5,10
20260907B14,最低落札価格（TSO別）[円/kW・30分],0.39,6.62,0.39,0.47,0.66,0.39,0.39,1.6,0.71,0.39
20260907B14,平均落札価格（TSO別）[円/kW・30分],0.83,8.98,3.09,1.96,2.3,1.78,1.53,1.61,2.84,2.74
20260907B14,落札量合計（TSO別）[MW],121.958,89.992,345.312,67,57,170.152,142,44,169,1206.414
20260907B14,（内訳）自エリアからの落札量[MW],121.958,89.992,345.312,67,22.928,165.401,134.739,44,169,1160.33
20260907B15,募集量（TSO別）[MW],66,194,572,70,58,152,143,45,170,1470
20260907B15,応札量合計（電源属地別）[MW],159.59,111.492,372.786,193.883,22.928,176.237,226.374,61.473,202.195,1526.958
20260907B15,落札量合計（電源属地別）[MW],130.84,111.492,368.001,127.943,22.928,155.31,123.8,61.473,170,1271.787
20260907B15,応札件数（電源属地別）[件],5,22,72,59,3,24,30,6,50,271
20260907B15,落札件数（電源属地別）[件],3,22,70,35,3,20,26,6,33,218
20260907B15,最高落札価格（電源属地別）[円/kW・30分],1.01,10,9.8,5,3.05,5,5.12,3.05,3.56,10
20260907B15,最低落札価格（電源属地別）[円/kW・30分],0.92,5.66,0.39,0.59,0.66,0.39,0.39,1.6,1.25,0.39
20260907B15,平均落札価格（電源属地別）[円/kW・30分],1.01,8.34,3.92,3.22,0.98,1.64,1.53,1.84,3.21,3.18
20260907B15,最高落札価格（TSO別）[円/kW・30分],1.01,10,9.8,5,5,5,5.12,1.6,3.56,10
20260907B15,最低落札価格（TSO別）[円/kW・30分],0.92,5.66,0.39,0.59,0.66,0.39,0.39,1.6,1.25,0.39
20260907B15,平均落札価格（TSO別）[円/kW・30分],1.01,8.34,3.92,2.45,2.92,1.95,1.66,1.6,3.21,3.18
20260907B15,落札量合計（TSO別）[MW],130.84,111.492,368.001,70,58,175.454,143,45,170,1271.787
20260907B15,（内訳）自エリアからの落札量[MW],130.84,111.492,368.001,70,22.928,152.583,123.8,45,170,1194.644
20260907B16,募集量（TSO別）[MW],66,198,577,72,59,156,144,45,171,1488
20260907B16,応札量合計（電源属地別）[MW],154.74,109.992,340.08,219.988,22.928,132.678,238.689,113.973,206.047,1539.115
20260907B16,落札量合計（電源属地別）[MW],122.75,109.992,340.08,129.829,20.93,111.751,124.801,113.973,171,1245.106
20260907B16,応札件数（電源属地別）[件],5,21,72,64,3,22,30,7,52,276
20260907B16,落札件数（電源属地別）[件],5,21,72,18,2,18,20,7,34,197
20260907B16,最高落札価格（電源属地別）[円/kW・30分],9.05,10,9.8,5,3.05,5,4.66,4,5.59,10
20260907B16,最低落札価格（電源属地別）[円/kW・30分],0.92,4.57,0.39,0.81,0.68,0.39,0.39,0.36,2.81,0.36
20260907B16,平均落札価格（電源属地別）[円/kW・30分],2.86,7.64,4.42,2.89,0.9,2.16,1.18,1.18,4.49,3.52
20260907B16,最高落札価格（TSO別）[円/kW・30分],9.05,10,9.8,4.31,5,5,4.66,1.7,5.59,10
20260907B16,最低落札価格（TSO別）[円/kW・30分],0.92,4.57,0.39,0.81,0.68,0.36,0.36,1.6,2.81,0.36
20260907B16,平均落札価格（TSO別）[円/kW・30分],2.86,7.64,4.42,2.5,3.27,1.55,1.33,1.6,4.49,3.52
20260907B16,落札量合計（TSO別）[MW],122.75,109.992,340.08,72,59,181.284,144,45,171,1245.106
20260907B16,（内訳）自エリアからの落札量[MW],122.75,109.992,340.08,72,20.93,111.751,124.801,45,171,1118.304
20260907B17,募集量（TSO別）[MW],66,198,577,72,60,156,144,45,171,1489
20260907B17,応札量合計（電源属地別）[MW],227.54,111.492,328.243,217.99,22.928,97.394,234.207,113.973,206.047,1559.814
20260907B17,落札量合計（電源属地別）[MW],166.8,111.492,328.243,102.916,20,63.733,191.805,111.043,158.503,1254.535
20260907B17,応札件数（電源属地別）[件],8,22,70,64,3,20,27,7,52,273
20260907B17,落札件数（電源属地別）[件],6,22,70,31,2,10,11,5,27,184
20260907B17,最高落札価格（電源属地別）[円/kW・30分],1.01,10,9.8,5,5.5,3,3.83,2.5,6.66,10
20260907B17,最低落札価格（電源属地別）[円/kW・30分],0.92,6.62,0.39,1.63,1.11,1.5,0.39,0.36,2.51,0.36
20260907B17,平均落札価格（電源属地別）[円/kW・30分],1,9.04,4.25,3.7,1.33,2.62,2.49,1.11,5.3,3.66
20260907B17,最高落札価格（TSO別）[円/kW・30分],1.01,10,9.8,5,5.5,3.83,3.83,1.7,6.66,10
20260907B17,最低落札価格（TSO別）[円/kW・30分],0.92,6.62,0.39,1.63,1.11,0.36,0.39,1.6,2.51,0.36
20260907B17,平均落札価格（TSO別）[円/kW・30分],1,9.04,4.25,3.27,3.32,2.09,2.05,1.6,5.2,3.66
20260907B17,落札量合計（TSO別）[MW],166.8,111.492,328.243,72,60,156,144,45,171,1254.535
20260907B17,（内訳）自エリアからの落札量[MW],166.8,111.492,328.243,72,20,57.209,144,45,158.503,1103.247
20260907B18,募集量（TSO別）[MW],66,198,577,72,60,156,144,45,171,1489
20260907B18,応札量合計（電源属地別）[MW],231.678,109.992,308.877,199.801,22.928,97.394,208.663,113.973,204.063,1497.369
20260907B18,落札量合計（電源属地別）[MW],158,109.992,308.877,109.741,22.259,65.029,177.011,113.973,172.99,1237.872
20260907B18,応札件数（電源属地別）[件],10,21,69,62,3,20,22,6,51,264
20260907B18,落札件数（電源属地別）[件],7,21,69,34,3,11,12,6,35,198
20260907B18,最高落札価格（電源属地別）[円/kW・30分],1.06,10,9.8,5.5,6.23,5,4.69,2.5,7.61,10
20260907B18,最低落札価格（電源属地別）[円/kW・30分],0.92,6.42,0.39,2.01,3.8,1.5,0.39,0.36,2.68,0.36
20260907B18,平均落札価格（電源属地別）[円/kW・30分],1.03,8.74,5.14,4.18,6.01,3,3.28,1.14,5.74,4.21
20260907B18,最高落札価格（TSO別）[円/kW・30分],1.06,10,9.8,5.5,6.23,5,4.69,2.3,7.61,10
20260907B18,最低落札価格（TSO別）[円/kW・30分],0.92,6.42,0.39,2.01,3.8,0.36,0.39,1.6,2.68,0.36
20260907B18,平均落札価格（TSO別）[円/kW・30分],1.03,8.74,5.14,3.79,5.33,2.17,3.19,1.61,5.74,4.21
20260907B18,落札量合計（TSO別）[MW],158,109.992,308.877,72,60,156,155.013,45,172.99,1237.872
20260907B18,（内訳）自エリアからの落札量[MW],158,109.992,308.877,72,22.259,65.029,155.013,45,172.99,1109.16
20260907B19,募集量（TSO別）[MW],67,129,568,76,61,155,148,47,175,1426
20260907B19,応札量合計（電源属地別）[MW],158.658,122.138,314.408,154.275,22.928,101.261,214.034,201.473,205.567,1494.742
20260907B19,落札量合計（電源属地別）[MW],121.95,122.138,305.923,154.275,22.928,54.901,204.135,201.473,176.99,1364.713
20260907B19,応札件数（電源属地別）[件],7,22,69,47,3,22,29,8,52,259
20260907B19,落札件数（電源属地別）[件],6,22,65,47,3,6,24,8,37,218
20260907B19,最高落札価格（電源属地別）[円/kW・30分],1.41,10,9.8,8.49,7.37,5,5,2.8,9.05,10
20260907B19,最低落札価格（電源属地別）[円/kW・30分],0.92,2.45,0.39,2.19,4.2,1.5,0.39,0.36,2.43,0.36
20260907B19,平均落札価格（電源属地別）[円/kW・30分],1.28,6.67,4.46,6.15,6.98,2.66,3.38,0.82,6.58,4.11
20260907B19,最高落札価格（TSO別）[円/kW・30分],1.41,10,9.8,8.49,8.49,5,5,2.5,9.05,10
20260907B19,最低落札価格（TSO別）[円/kW・30分],0.92,2.45,0.39,2.19,4.2,0.36,0.36,0.38,2.43,0.36
20260907B19,平均落札価格（TSO別）[円/kW・30分],1.28,6.67,4.46,6.05,6.67,1.28,3.21,1.19,6.58,4.11
20260907B19,落札量合計（TSO別）[MW],121.95,122.138,305.923,116.203,61,155,217.509,88,176.99,1364.713
20260907B19,（内訳）自エリアからの落札量[MW],121.95,122.138,305.923,116.203,22.928,54.901,202.135,88,176.99,1211.168
20260907B20,募集量（TSO別）[MW],68,131,568,76,61,155,149,47,175,1430
20260907B20,応札量合計（電源属地別）[MW],126.708,122.138,294.338,154.333,22.928,101.261,242.481,187.473,205.567,1457.227
20260907B20,落札量合計（電源属地別）[MW],122.958,122.138,285.853,154.333,22.928,101.261,199.956,187.473,113.46,1310.36
20260907B20,応札件数（電源属地別）[件],6,22,68,47,3,22,29,7,52,256
20260907B20,落札件数（電源属地別）[件],5,22,64,47,3,22,7,7,7,184
20260907B20,最高落札価格（電源属地別）[円/kW・30分],5.72,10,9.8,7.93,8.25,7.77,4.83,2.5,9.19,10
20260907B20,最低落札価格（電源属地別）[円/kW・30分],0.92,1.98,0.39,2.33,5.7,1.5,0.39,0.36,2.53,0.36
20260907B20,平均落札価格（電源属地別）[円/kW・30分],1.66,6.12,4.31,5.84,7.84,4.18,3.21,0.74,8.69,4.16
20260907B20,最高落札価格（TSO別）[円/kW・30分],5.72,10,9.8,7.93,8.25,7.77,4.83,2.5,9.19,10
20260907B20,最低落札価格（TSO別）[円/kW・30分],0.92,1.98,0.39,2.33,3.97,1.5,0.36,0.36,0.36,0.36
20260907B20,平均落札価格（TSO別）[円/kW・30分],1.66,6.12,4.31,5.5,6.59,4.83,2.66,1,5.83,4.16
20260907B20,落札量合計（TSO別）[MW],122.958,122.138,285.853,76,61,141.522,247.899,76,176.99,1310.36
20260907B20,（内訳）自エリアからの落札量[MW],122.958,122.138,285.853,76,22.928,101.261,199.956,76,113.46,1120.554
20260907B21,募集量（TSO別）[MW],68,134,568,77,62,155,150,48,176,1438
20260907B21,応札量合計（電源属地別）[MW],185.197,122.138,275.273,179.63,22.928,101.261,198.892,187.473,196.135,1468.927
20260907B21,落札量合計（電源属地別）[MW],149.489,122.138,275.273,179.63,22.928,101.261,156.367,187.473,127.218,1321.777
20260907B21,応札件数（電源属地別）[件],7,22,58,50,3,22,27,7,47,243
20260907B21,落札件数（電源属地別）[件],4,22,58,50,3,22,5,7,14,185
20260907B21,最高落札価格（電源属地別）[円/kW・30分],1.01,10,9.8,8.5,8.06,6.99,4.83,2.5,8.55,10
20260907B21,最低落札価格（電源属地別）[円/kW・30分],0.91,3.77,0.39,3.3,5.7,1.5,0.39,0.36,2.43,0.36
20260907B21,平均落札価格（電源属地別）[円/kW・30分],1,7.8,4.04,6.34,7.68,4.22,3.47,0.74,7.57,4.24
20260907B21,最高落札価格（TSO別）[円/kW・30分],1.01,10,9.8,8.5,8.06,7.2,4.83,2.5,8.55,10
20260907B21,最低落札価格（TSO別）[円/kW・30分],0.91,3.77,0.39,4.6,5.5,1.5,0.36,0.36,0.36,0.36
20260907B21,平均落札価格（TSO別）[円/kW・30分],1,7.8,4.04,6.91,6.97,4.58,2.64,1.04,5.56,4.24
20260907B21,落札量合計（TSO別）[MW],149.489,122.138,275.273,86.819,62,155,213.168,78,179.89,1321.777
20260907B21,（内訳）自エリアからの落札量[MW],149.489,122.138,275.273,86.819,22.928,101.261,156.367,78,127.218,1119.493
20260907B22,募集量（TSO別）[MW],68,135,567,76,62,155,151,48,176,1438
20260907B22,応札量合計（電源属地別）[MW],156.708,122.138,312.549,130.176,3.928,99.411,184.966,187.473,182.245,1379.594
20260907B22,落札量合計（電源属地別）[MW],121,122.138,312.549,130.176,3.928,99.411,156.367,187.473,129.238,1262.28
20260907B22,応札件数（電源属地別）[件],6,22,60,48,2,21,20,7,40,226
20260907B22,落札件数（電源属地別）[件],3,22,60,48,2,21,5,7,16,184
20260907B22,最高落札価格（電源属地別）[円/kW・30分],1.01,10,9.8,8.5,8,6.99,4.52,2.5,8.86,10
20260907B22,最低落札価格（電源属地別）[円/kW・30分],0.91,1.98,0.39,4.6,6,1.5,0.39,0.36,2.51,0.36
20260907B22,平均落札価格（電源属地別）[円/kW・30分],1,6.12,4.17,6.87,6.98,4.17,3.28,0.74,7.76,4.09
20260907B22,最高落札価格（TSO別）[円/kW・30分],1.01,10,9.8,8.5,8.5,8.5,4.52,2.5,8.86,10
20260907B22,最低落札価格（TSO別）[円/kW・30分],0.91,1.98,0.39,4.6,4.89,1.5,0.36,0.36,0.36,0.36
20260907B22,平均落札価格（TSO別）[円/kW・30分],1,6.12,4.17,6.4,7.54,4.39,2.51,1.19,5.69,4.09
20260907B22,落札量合計（TSO別）[MW],121,122.138,312.549,76,50.342,107.173,214.188,79,179.89,1262.28
20260907B22,（内訳）自エリアからの落札量[MW],121,122.138,312.549,76,3.928,99.411,156.367,79,129.238,1099.631
20260907B23,募集量（TSO別）[MW],68,135,564,75,62,155,151,48,177,1435
20260907B23,応札量合計（電源属地別）[MW],203.508,122.138,290.611,406.646,3.928,99.411,194.86,187.473,184.229,1692.804
20260907B23,落札量合計（電源属地別）[MW],160.8,122.138,281.853,241.192,0,50.808,166.261,127,179,1329.052
20260907B23,応札件数（電源属地別）[件],8,22,66,62,2,21,21,7,41,250
20260907B23,落札件数（電源属地別）[件],5,22,62,13,0,3,6,4,40,155
20260907B23,最高落札価格（電源属地別）[円/kW・30分],1.34,10,9.8,4.6,0,3,4.51,1.6,8.86,10
20260907B23,最低落札価格（電源属地別）[円/kW・30分],0.91,1.98,0.39,1.73,0,1.5,0.39,0.36,1.58,0.36
20260907B23,平均落札価格（電源属地別）[円/kW・30分],1.17,6.11,4.48,2,0,2.52,3.21,0.7,6.8,3.5
20260907B23,最高落札価格（TSO別）[円/kW・30分],1.34,10,9.8,2.08,2.33,4.6,4.51,1.6,8.86,10
20260907B23,最低落札価格（TSO別）[円/kW・30分],0.91,1.98,0.39,1.76,1.73,1.5,0.36,0.36,1.58,0.36
20260907B23,平均落札価格（TSO別）[円/kW・30分],1.17,6.11,4.48,1.97,2.01,2.18,2.57,0.9,6.8,3.5
20260907B23,落札量合計（TSO別）[MW],160.8,122.138,281.853,75,62,155,214.261,79,179,1329.052
20260907B23,（内訳）自エリアからの落札量[MW],160.8,122.138,281.853,75,0,50.808,166.261,79,179,1114.86
20260907B24,募集量（TSO別）[MW],68,135,564,74,62,155,151,48,177,1434
20260907B24,応札量合計（電源属地別）[MW],203.508,122.138,418.899,402.408,3.928,101.261,270.348,187.473,182.281,1892.244
20260907B24,落札量合計（電源属地別）[MW],160.8,122.138,410.141,254.388,0,10.922,98.212,157.478,179,1393.079
20260907B24,応札件数（電源属地別）[件],8,22,75,62,2,22,28,7,40,266
20260907B24,落札件数（電源属地別）[件],5,22,71,13,0,2,10,4,40,167
20260907B24,最高落札価格（電源属地別）[円/kW・30分],1.4,10,9.8,1.93,0,2.53,2.13,1.6,9.24,10
20260907B24,最低落札価格（電源属地別）[円/kW・30分],0.91,2.51,0.39,1.6,0,1.5,0.39,0.36,2.72,0.36
20260907B24,平均落札価格（電源属地別）[円/kW・30分],1.2,6.71,5.29,1.82,0,2.39,1.13,0.63,7.04,3.69
20260907B24,最高落札価格（TSO別）[円/kW・30分],1.4,10,9.8,1.93,1.91,2.53,2.13,1.6,9.24,10
20260907B24,最低落札価格（TSO別）[円/kW・30分],0.91,2.51,0.39,1.6,1.6,0.36,0.36,0.36,2.72,0.36
20260907B24,平均落札価格（TSO別）[円/kW・30分],1.2,6.71,5.29,1.81,1.77,1.64,0.86,0.9,7.04,3.69
20260907B24,落札量合計（TSO別）[MW],160.8,122.138,410.141,74,62,155,151,79,179,1393.079
20260907B24,（内訳）自エリアからの落札量[MW],160.8,122.138,410.141,74,0,10.922,98.212,79,179,1134.213
20260907B25,募集量（TSO別）[MW],67,136,563,71,62,155,149,48,176,1427
20260907B25,応札量合計（電源属地別）[MW],156.708,117.727,476.492,401.899,3.928,196.113,269.388,184.473,182.521,1989.249
20260907B25,落札量合計（電源属地別）[MW],96,117.727,476.492,162.772,0,143.72,87.358,97.15,176,1357.219
20260907B25,応札件数（電源属地別）[件],6,20,73,62,2,26,28,7,43,267
20260907B25,落札件数（電源属地別）[件],3,20,73,8,0,6,9,4,40,163
20260907B25,最高落札価格（電源属地別）[円/kW・30分],8,10,9.8,1.59,0,0.39,1.56,1.6,7.73,10
20260907B25,最低落札価格（電源属地別）[円/kW・30分],0.91,4.67,0.39,1.39,0,0.39,0.39,0.36,2.16,0.36
20260907B25,平均落札価格（電源属地別）[円/kW・30分],1.07,8.23,4.26,1.53,0,0.39,1.03,0.8,6.01,3.41
20260907B25,最高落札価格（TSO別）[円/kW・30分],8,10,9.8,1.59,1.59,1.57,1.6,1.6,7.73,10
20260907B25,最低落札価格（TSO別）[円/kW・30分],0.91,4.67,0.39,1.39,1.42,0.39,0.36,0.36,2.16,0.36
20260907B25,平均落札価格（TSO別）[円/kW・30分],1.07,8.23,4.26,1.51,1.53,0.61,0.91,0.72,6.01,3.41
20260907B25,落札量合計（TSO別）[MW],96,117.727,476.492,71,62,155,149,54,176,1357.219
20260907B25,（内訳）自エリアからの落札量[MW],96,117.727,476.492,71,0,125.228,87.358,54,176,1203.805
20260907B26,募集量（TSO別）[MW],67,136,563,71,62,155,149,48,176,1427
20260907B26,応札量合計（電源属地別）[MW],156.708,119.692,478.328,403.897,3.928,196.113,305.993,184.473,180.537,2029.669
20260907B26,落札量合計（電源属地別）[MW],95,119.692,478.328,162.772,0,143.72,123.963,61.895,176,1361.37
20260907B26,応札件数（電源属地別）[件],6,21,73,63,2,26,28,7,42,268
20260907B26,落札件数（電源属地別）[件],2,21,73,8,0,6,9,3,40,162
20260907B26,最高落札価格（電源属地別）[円/kW・30分],1.01,10,9.8,1.57,0,0.39,1.56,1.6,7.61,10
20260907B26,最低落札価格（電源属地別）[円/kW・30分],0.91,3.86,0.39,1.38,0,0.39,0.39,0.36,2.3,0.36
20260907B26,平均落札価格（電源属地別）[円/kW・30分],1,7.84,4.34,1.51,0,0.39,0.84,0.83,5.96,3.39
20260907B26,最高落札価格（TSO別）[円/kW・30分],1.01,10,9.8,1.57,1.57,1.57,1.6,1.6,7.61,10
20260907B26,最低落札価格（TSO別）[円/kW・30分],0.91,3.86,0.39,1.38,1.41,0.39,0.39,0.36,2.3,0.36
20260907B26,平均落札価格（TSO別）[円/kW・30分],1,7.84,4.34,1.5,1.5,0.61,0.83,0.72,5.96,3.39
20260907B26,落札量合計（TSO別）[MW],95,119.692,478.328,71,62,156.35,149,54,176,1361.37
20260907B26,（内訳）自エリアからの落札量[MW],95,119.692,478.328,71,0,126.578,123.963,54,176,1244.561
20260907B27,募集量（TSO別）[MW],67,136,563,71,62,155,149,48,176,1427
20260907B27,応札量合計（電源属地別）[MW],185.157,123.488,454.001,435.242,3.928,145.081,253.322,184.473,184.511,1969.203
20260907B27,落札量合計（電源属地別）[MW],125.439,123.488,454.001,230.907,0,96.478,85.095,123.905,177.99,1417.303
20260907B27,応札件数（電源属地別）[件],7,23,72,78,2,22,27,7,44,282
20260907B27,落札件数（電源属地別）[件],4,23,72,14,0,4,9,4,41,171
20260907B27,最高落札価格（電源属地別）[円/kW・30分],1.25,10,9.8,4.89,0,3,1.56,1.6,8.08,10
20260907B27,最低落札価格（電源属地別）[円/kW・30分],0.91,2.37,0.39,1.84,0,0.39,0.39,0.36,1.29,0.36
20260907B27,平均落札価格（電源属地別）[円/kW・30分],1.16,6.26,4.99,2.18,0,1.54,1.04,0.71,6.2,3.61
20260907B27,最高落札価格（TSO別）[円/kW・30分],1.25,10,9.8,2.25,4.89,4.6,1.6,1.6,8.08,10
20260907B27,最低落札価格（TSO別）[円/kW・30分],0.91,2.37,0.39,1.84,1.84,0.39,0.36,0.36,1.29,0.36
20260907B27,平均落札価格（TSO別）[円/kW・30分],1.16,6.26,4.99,2.1,2.32,1.84,0.91,0.68,6.2,3.61
20260907B27,落札量合計（TSO別）[MW],125.439,123.488,454.001,71,62,194.385,149,60,177.99,1417.303
20260907B27,（内訳）自エリアからの落札量[MW],125.439,123.488,454.001,71,0,96.478,85.095,60,177.99,1193.491
20260907B28,募集量（TSO別）[MW],67,133,562,71,62,154,148,48,176,1421
20260907B28,応札量合計（電源属地別）[MW],158.658,123.488,343.222,435.242,3.928,101.261,215.828,184.473,180.659,1746.759
20260907B28,落札量合計（電源属地別）[MW],104.7,123.488,340.537,244.571,0,49.826,187.229,102.99,153,1306.341
20260907B28,応札件数（電源属地別）[件],7,23,65,77,2,22,21,7,42,266
20260907B28,落札件数（電源属地別）[件],5,23,64,12,0,3,6,3,28,144
20260907B28,最高落札価格（電源属地別）[円/kW・30分],8.85,10,9.8,2.42,0,3,4.51,1.6,8.56,10
20260907B28,最低落札価格（電源属地別）[円/kW・30分],0.91,3.06,0.39,1.94,0,1.5,1.56,0.36,3,0.36
20260907B28,平均落札価格（電源属地別）[円/kW・30分],1.57,6.37,3.89,2.27,0,2.51,3.23,0.78,6.89,3.6
20260907B28,最高落札価格（TSO別）[円/kW・30分],8.85,10,9.8,2.39,2.36,3,4.51,1.6,8.56,10
20260907B28,最低落札価格（TSO別）[円/kW・30分],0.91,3.06,0.39,1.94,1.94,1.5,1.56,0.36,0.36,0.36
20260907B28,平均落札価格（TSO別）[円/kW・30分],1.57,6.37,3.89,2.22,2.27,2.38,3.23,0.91,5.98,3.6
20260907B28,落札量合計（TSO別）[MW],104.7,123.488,340.537,78.397,62,154,187.229,78,177.99,1306.341
20260907B28,（内訳）自エリアからの落札量[MW],104.7,123.488,340.537,78.397,0,49.826,187.229,78,153,1115.177
20260907B29,募集量（TSO別）[MW],66,131,561,70,62,155,148,48,175,1416
20260907B29,応札量合計（電源属地別）[MW],203.508,113.488,397.718,450.309,3.928,146.524,204.706,184.473,182.159,1886.813
20260907B29,落札量合計（電源属地別）[MW],135,113.488,394.033,227.464,0,98.921,176.107,171.448,128.552,1445.013
20260907B29,応札件数（電源属地別）[件],8,23,69,79,2,23,21,7,43,275
20260907B29,落札件数（電源属地別）[件],5,23,68,12,0,6,6,5,15,140
20260907B29,最高落札価格（電源属地別）[円/kW・30分],8,10,9.8,4.6,0,5,4.52,1.6,8.96,10
20260907B29,最低落札価格（電源属地別）[円/kW・30分],0.91,3.13,0.39,1.88,0,0.39,1.56,0.36,2.91,0.36
20260907B29,平均落札価格（電源属地別）[円/kW・30分],1.14,6.85,4.71,2.24,0,1.58,3.3,0.62,7.9,3.57
20260907B29,最高落札価格（TSO別）[円/kW・30分],8,10,9.8,2.26,2.31,5,4.52,1.6,8.96,10
20260907B29,最低落札価格（TSO別）[円/kW・30分],0.91,3.13,0.39,1.88,2.11,0.39,0.36,0.36,0.36,0.36
20260907B29,平均落札価格（TSO別）[円/kW・30分],1.14,6.85,4.71,2.14,2.22,1.95,2.68,0.93,5.9,3.57
20260907B29,落札量合計（TSO別）[MW],135,113.488,394.033,70,62,194.385,223.107,78,175,1445.013
20260907B29,（内訳）自エリアからの落札量[MW],135,113.488,394.033,70,0,98.921,176.107,78,128.552,1194.101
20260907B30,募集量（TSO別）[MW],66,126,561,70,62,155,148,47,174,1409
20260907B30,応札量合計（電源属地別）[MW],201.558,113.488,394.005,450.309,3.928,166.138,196.059,184.473,199.933,1909.891
20260907B30,落札量合計（電源属地別）[MW],140.6,113.488,390.32,209.598,1.93,121.287,153.534,141.79,162,1434.547
20260907B30,応札件数（電源属地別）[件],7,23,69,79,2,24,27,7,51,289
20260907B30,落札件数（電源属地別）[件],4,23,67,17,1,8,5,4,31,160
20260907B30,最高落札価格（電源属地別）[円/kW・30分],8,10,9.8,4.99,3.2,5,5.49,1.6,10.05,10.05
20260907B30,最低落札価格（電源属地別）[円/kW・30分],0.91,2.11,0.39,1.88,3.2,0.39,1.56,0.36,2.93,0.36
20260907B30,平均落札価格（電源属地別）[円/kW・30分],1.19,6.29,3.48,2.51,3.2,1.46,4.06,0.66,7.96,3.45
20260907B30,最高落札価格（TSO別）[円/kW・30分],8,10,9.8,2.32,4.97,5,5.49,1.6,10.05,10.05
20260907B30,最低落札価格（TSO別）[円/kW・30分],0.91,2.11,0.39,2.08,2.11,0.39,0.36,0.36,0.36,0.36
20260907B30,平均落札価格（TSO別）[円/kW・30分],1.19,6.29,3.48,2.2,2.73,1.92,3.07,0.95,7.36,3.45
20260907B30,落札量合計（TSO別）[MW],140.6,113.488,390.32,70,62,200.815,209.334,72,175.99,1434.547
20260907B30,（内訳）自エリアからの落札量[MW],140.6,113.488,390.32,70,1.93,121.287,153.534,72,162,1225.159
20260907B31,募集量（TSO別）[MW],64,194,560,69,63,154,147,45,170,1466
20260907B31,応札量合計（電源属地別）[MW],156.708,113.488,456.536,459.49,3.928,185.746,196.059,153.473,209.917,1935.345
20260907B31,落札量合計（電源属地別）[MW],106.75,113.488,447.855,174.516,0,137.143,153.534,120,119,1372.286
20260907B31,応札件数（電源属地別）[件],6,23,75,76,2,25,27,6,52,292
20260907B31,落札件数（電源属地別）[件],4,23,71,11,0,7,5,3,6,130
20260907B31,最高落札価格（電源属地別）[円/kW・30分],8.85,10,9.8,4.6,0,3,5.49,1.6,8.65,10
20260907B31,最低落札価格（電源属地別）[円/kW・30分],0.91,4.28,0.39,0.95,0,0.39,1.56,0.36,6.35,0.36
20260907B31,平均落札価格（電源属地別）[円/kW・30分],1.98,7.54,3.46,1.2,0,1.21,4.06,0.52,8.21,3.39
20260907B31,最高落札価格（TSO別）[円/kW・30分],8.85,10,9.8,1.26,4.6,3,5.49,1.6,8.65,10
20260907B31,最低落札価格（TSO別）[円/kW・30分],0.91,4.28,0.39,1.12,0.95,0.39,0.36,0.36,0.36,0.36
20260907B31,平均落札価格（TSO別）[円/kW・30分],1.98,7.54,3.46,1.24,1.22,1.19,3.69,0.72,5.85,3.39
20260907B31,落札量合計（TSO別）[MW],106.75,113.488,447.855,69.479,63,179.18,170.534,52,170,1372.286
20260907B31,（内訳）自エリアからの落札量[MW],106.75,113.488,447.855,69.479,0,137.143,153.534,52,119,1199.249
20260907B32,募集量（TSO別）[MW],64,194,560,69,63,154,147,45,170,1466
20260907B32,応札量合計（電源属地別）[MW],148.708,113.488,510.127,441.931,3.928,101.261,196.059,153.473,209.917,1878.892
20260907B32,落札量合計（電源属地別）[MW],98.75,113.488,501.446,227.802,0,11.028,153.534,141.93,122,1369.978
20260907B32,応札件数（電源属地別）[件],6,23,77,75,2,22,27,6,52,290
20260907B32,落札件数（電源属地別）[件],4,23,73,12,0,2,5,5,6,130
20260907B32,最高落札価格（電源属地別）[円/kW・30分],8.85,10,9.8,1.77,0,2.53,6.94,1.6,10.29,10.29
20260907B32,最低落札価格（電源属地別）[円/kW・30分],0.91,3.13,0.39,1.49,0,1.5,1.56,0.36,7.99,0.36
20260907B32,平均落札価格（電源属地別）[円/kW・30分],2.06,6.89,4.15,1.63,0,2.4,4.96,0.68,9.86,4.03
20260907B32,最高落札価格（TSO別）[円/kW・30分],8.85,10,9.8,1.68,1.74,2.53,6.94,1.6,10.29,10.29
20260907B32,最低落札価格（TSO別）[円/kW・30分],0.91,3.13,0.39,1.51,1.49,0.36,0.36,0.36,0.36,0.36
20260907B32,平均落札価格（TSO別）[円/kW・30分],2.06,6.89,4.15,1.59,1.57,1.34,4.94,1.28,7.2,4.03
20260907B32,落札量合計（TSO別）[MW],98.75,113.488,501.446,69,63,154,154.365,45.929,170,1369.978
20260907B32,（内訳）自エリアからの落札量[MW],98.75,113.488,501.446,69,0,11.028,153.534,45.929,122,1115.175
20260907B33,募集量（TSO別）[MW],64,194,560,69,63,154,147,45,170,1466
20260907B33,応札量合計（電源属地別）[MW],181.49,113.488,520.624,507.526,3.928,101.261,193.645,153.473,209.917,1985.352
20260907B33,落札量合計（電源属地別）[MW],117.8,113.488,511.943,260.464,0,7.881,121.13,141.93,122,1396.636
20260907B33,応札件数（電源属地別）[件],7,23,77,82,2,22,32,6,52,303
20260907B33,落札件数（電源属地別）[件],3,23,73,14,0,2,9,5,6,135
20260907B33,最高落札価格（電源属地別）[円/kW・30分],4.96,10,9.8,1.89,0,2.53,2.13,1.6,11.05,11.05
20260907B33,最低落札価格（電源属地別）[円/kW・30分],0.91,2.37,0.39,1.6,0,1.5,0.39,0.36,8.75,0.36
20260907B33,平均落札価格（電源属地別）[円/kW・30分],3.82,6.45,4.39,1.77,0,2.34,0.99,0.68,10.62,3.88
20260907B33,最高落札価格（TSO別）[円/kW・30分],4.96,10,9.8,1.78,1.89,2.53,2.13,1.6,11.05,11.05
20260907B33,最低落札価格（TSO別）[円/kW・30分],0.91,2.37,0.39,1.6,1.6,0.36,0.36,0.36,0.36,0.36
20260907B33,平均落札価格（TSO別）[円/kW・30分],3.82,6.45,4.39,1.7,1.76,1.67,0.87,1.3,7.74,3.88
20260907B33,落札量合計（TSO別）[MW],117.8,113.488,511.943,69,63,154,152.405,45,170,1396.636
20260907B33,（内訳）自エリアからの落札量[MW],117.8,113.488,511.943,69,0,7.881,121.13,45,122,1108.242
20260907B34,募集量（TSO別）[MW],64,193,560,69,63,154,147,45,169,1464
20260907B34,応札量合計（電源属地別）[MW],150.69,111.988,569.929,507.526,3.928,101.261,193.645,153.473,207.933,2000.373
20260907B34,落札量合計（電源属地別）[MW],102.99,111.988,561.248,271.637,0,31.577,111.236,141.93,122,1454.606
20260907B34,応札件数（電源属地別）[件],6,22,79,82,2,22,32,6,51,302
20260907B34,落札件数（電源属地別）[件],6,22,75,16,0,2,8,5,6,140
20260907B34,最高落札価格（電源属地別）[円/kW・30分],8.85,10,9.8,1.78,0,2.53,4.32,1.6,11.55,11.55
20260907B34,最低落札価格（電源属地別）[円/kW・30分],0.91,3.18,0.39,1.46,0,1.5,3.53,0.36,9.24,0.36
20260907B34,平均落札価格（電源属地別）[円/kW・30分],1.95,6.89,4.17,1.6,0,2.48,3.87,0.68,11.12,3.92
20260907B34,最高落札価格（TSO別）[円/kW・30分],8.85,10,9.8,1.71,1.76,2.53,4.32,1.6,11.55,11.55
20260907B34,最低落札価格（TSO別）[円/kW・30分],0.91,3.18,0.39,1.49,1.46,1.46,0.36,0.36,0.36,0.36
20260907B34,平均落札価格（TSO別）[円/kW・30分],1.95,6.92,4.16,1.58,1.58,1.81,2.81,1.21,8.16,3.92
20260907B34,落札量合計（TSO別）[MW],102.99,113.236,560,81.144,63,154,160.236,51,169,1454.606
20260907B34,（内訳）自エリアからの落札量[MW],102.99,111.988,560,81.144,0,31.577,111.236,51,122,1171.935
20260907B35,募集量（TSO別）[MW],63,191,560,69,63,154,147,44,169,1460
20260907B35,応札量合計（電源属地別）[MW],117.658,113.488,519.36,507.526,3.928,101.261,191.372,153.473,331.917,2039.983
20260907B35,落札量合計（電源属地別）[MW],117.658,113.488,512.479,204.525,0,52.658,110.09,141.93,156.717,1409.545
20260907B35,応札件数（電源属地別）[件],6,23,76,82,2,22,33,6,52,302
20260907B35,落札件数（電源属地別）[件],6,23,73,11,0,4,9,5,11,142
20260907B35,最高落札価格（電源属地別）[円/kW・30分],4,10,9.8,1.79,0,3,4.32,1.6,7.92,10
20260907B35,最低落札価格（電源属地別）[円/kW・30分],0.92,2.45,0.39,1.53,0,1.5,1.72,0.36,3,0.36
20260907B35,平均落札価格（電源属地別）[円/kW・30分],1.13,6.51,4.69,1.66,0,2.54,3.72,0.68,7.4,3.84
20260907B35,最高落札価格（TSO別）[円/kW・30分],4,10,9.8,1.78,1.79,3,4.32,1.6,7.92,10
20260907B35,最低落札価格（TSO別）[円/kW・30分],0.92,2.45,0.39,1.53,1.56,0.36,0.36,0.36,0.36,0.36
20260907B35,平均落札価格（TSO別）[円/kW・30分],1.13,6.51,4.69,1.67,1.68,1.73,2.72,1.32,6.52,3.84
20260907B35,落札量合計（TSO別）[MW],117.658,113.488,512.479,69,63,154,156.92,44,179,1409.545
20260907B35,（内訳）自エリアからの落札量[MW],117.658,113.488,512.479,69,0,52.658,110.09,44,156.717,1176.09
20260907B36,募集量（TSO別）[MW],64,189,560,69,63,153,147,43,168,1456
20260907B36,応札量合計（電源属地別）[MW],49.658,111.988,523.225,504.027,33.928,101.261,191.372,153.473,345.917,2014.849
20260907B36,落札量合計（電源属地別）[MW],49.658,111.988,516.394,112.199,31.93,57.119,129.972,141.93,189.918,1341.108
20260907B36,応札件数（電源属地別）[件],5,22,76,80,3,22,33,6,53,300
20260907B36,落札件数（電源属地別）[件],5,22,73,18,2,7,19,5,29,180
20260907B36,最高落札価格（電源属地別）[円/kW・30分],4,10,9.8,4.99,5.45,5,5.59,4.7,8.18,10
20260907B36,最低落札価格（電源属地別）[円/kW・30分],0.92,2.45,0.39,1.5,4.8,1.5,4.71,0.36,3,0.36
20260907B36,平均落札価格（電源属地別）[円/kW・30分],1.31,6.46,3.9,2.46,5.41,2.86,5.02,0.75,7.07,4.11
20260907B36,最高落札価格（TSO別）[円/kW・30分],4,10,9.8,1.74,5.45,5,5.59,1.6,8.18,10
20260907B36,最低落札価格（TSO別）[円/kW・30分],0.92,2.45,0.39,1.5,2.9,0.36,0.36,0.36,3,0.36
20260907B36,平均落札価格（TSO別）[円/kW・30分],1.31,6.46,3.9,1.61,4.83,1.59,4.51,1.25,7.26,4.11
20260907B36,落札量合計（TSO別）[MW],49.658,111.988,516.394,69,63,153,157.068,43,178,1341.108
20260907B36,（内訳）自エリアからの落札量[MW],49.658,111.988,516.394,69,31.93,57.119,129.972,43,178,1187.061
20260907B37,募集量（TSO別）[MW],63,188,562,67,63,149,147,42,167,1448
20260907B37,応札量合計（電源属地別）[MW],85.508,109.527,448.062,493.665,33.928,101.261,189.382,153.473,255.62,1870.426
20260907B37,落札量合計（電源属地別）[MW],85.508,109.527,437.327,156.372,31.879,48.868,110.09,139,157.859,1276.43
20260907B37,応札件数（電源属地別）[件],6,21,75,75,3,22,32,6,46,286
20260907B37,落札件数（電源属地別）[件],6,21,70,15,2,2,9,3,20,148
20260907B37,最高落札価格（電源属地別）[円/kW・30分],4.42,10,9.8,4.39,4.74,2.53,5.13,1.6,11.64,11.64
20260907B37,最低落札価格（電源属地別）[円/kW・30分],0.92,2.67,0.39,1.34,4.4,1.5,3.98,0.36,2.94,0.36
20260907B37,平均落札価格（電源属地別）[円/kW・30分],2.37,6.52,3.51,1.71,4.72,2.5,4.55,0.66,8.27,3.83
20260907B37,最高落札価格（TSO別）[円/kW・30分],4.42,10,9.8,1.51,4.74,4.39,5.13,1.6,11.64,11.64
20260907B37,最低落札価格（TSO別）[円/kW・30分],0.92,2.67,0.39,1.46,1.34,0.36,0.36,0.36,0.36,0.36
20260907B37,平均落札価格（TSO別）[円/kW・30分],2.37,6.52,3.51,1.47,3.61,1.52,3.24,1.25,7.95,3.83
20260907B37,落札量合計（TSO別）[MW],85.508,109.527,437.327,67,63,149,156.068,42,167,1276.43
20260907B37,（内訳）自エリアからの落札量[MW],85.508,109.527,437.327,67,31.879,48.868,107.062,42,157.859,1087.03
20260907B38,募集量（TSO別）[MW],63,188,562,67,63,149,147,42,167,1448
20260907B38,応札量合計（電源属地別）[MW],102.658,109.992,493.486,497.661,33.928,101.261,189.382,153.473,292.636,1974.477
20260907B38,落札量合計（電源属地別）[MW],86,109.992,482.751,102.56,31.93,48.868,131.913,153.473,172.515,1320.002
20260907B38,応札件数（電源属地別）[件],6,21,77,77,3,22,32,6,45,289
20260907B38,落札件数（電源属地別）[件],6,21,72,13,2,2,13,6,25,160
20260907B38,最高落札価格（電源属地別）[円/kW・30分],3.51,10,9.8,4.5,3.95,2.53,4.5,4.8,11.74,11.74
20260907B38,最低落札価格（電源属地別）[円/kW・30分],0.92,3.59,0.39,1.43,1.4,1.5,3.53,0.36,2.94,0.36
20260907B38,平均落札価格（電源属地別）[円/kW・30分],3.34,7.07,2.91,2.18,3.8,2.5,3.87,1.03,7.27,3.68
20260907B38,最高落札価格（TSO別）[円/kW・30分],3.51,10,9.8,4.5,3.95,4.32,4.8,4.8,11.74,11.74
20260907B38,最低落札価格（TSO別）[円/kW・30分],0.92,3.59,0.39,1.43,1.4,0.36,0.36,0.36,2.94,0.36
20260907B38,平均落札価格（TSO別）[円/kW・30分],3.34,7.07,2.91,2.52,3,1.43,3.34,1.62,7.35,3.68
20260907B38,落札量合計（TSO別）[MW],86,109.992,482.751,67,63,149,150.259,42,170,1320.002
20260907B38,（内訳）自エリアからの落札量[MW],86,109.992,482.751,67,31.93,27.798,109.463,42,162.99,1119.924
20260907B39,募集量（TSO別）[MW],63,188,563,67,63,149,147,42,167,1449
20260907B39,応札量合計（電源属地別）[MW],151.508,111.492,548.997,509.532,3.928,95.951,235.303,153.473,260.622,2070.806
20260907B39,落札量合計（電源属地別）[MW],135.85,111.492,544.963,143.536,0,47.425,187.229,153.473,113.502,1437.47
20260907B39,応札件数（電源属地別）[件],7,22,73,83,2,19,28,6,49,289
20260907B39,落札件数（電源属地別）[件],7,22,71,8,0,1,6,6,14,135
20260907B39,最高落札価格（電源属地別）[円/kW・30分],3.35,10,9.8,2.9,0,2.53,9.29,3.05,10.73,10.73
20260907B39,最低落札価格（電源属地別）[円/kW・30分],0.92,2.68,0.39,1.17,0,2.53,2.28,0.36,2.94,0.36
20260907B39,平均落札価格（電源属地別）[円/kW・30分],1.69,6.57,4.62,1.34,0,2.53,5.95,0.85,6.83,4.04
20260907B39,最高落札価格（TSO別）[円/kW・30分],3.35,10,9.8,1.4,2.9,9.29,9.29,3.05,10.73,10.73
20260907B39,最低落札価格（TSO別）[円/kW・30分],0.92,2.68,0.39,1.24,1.17,0.36,2.28,0.36,0.36,0.36
20260907B39,平均落札価格（TSO別）[円/kW・30分],1.69,6.57,4.62,1.33,1.47,1.93,6.14,1.43,5.01,4.04
20260907B39,落札量合計（TSO別）[MW],135.85,111.492,544.963,67,63,149,157.165,42,167,1437.47
20260907B39,（内訳）自エリアからの落札量[MW],135.85,111.492,544.963,67,0,41.025,157.165,42,113.502,1212.997
20260907B40,募集量（TSO別）[MW],63,187,563,67,63,149,147,42,167,1448
20260907B40,応札量合計（電源属地別）[MW],161.518,111.492,538.717,501.512,3.928,95.951,208.062,166.473,252.611,2040.264
20260907B40,落札量合計（電源属地別）[MW],150.85,111.492,534.683,129.032,1.93,49.421,169.331,163.543,131.898,1442.18
20260907B40,応札件数（電源属地別）[件],6,22,74,81,2,19,27,8,52,291
20260907B40,落札件数（電源属地別）[件],6,22,72,11,1,2,7,6,8,135
20260907B40,最高落札価格（電源属地別）[円/kW・30分],3.35,10,9.8,2.97,1.75,2.97,7.86,2.5,8.97,10
20260907B40,最低落札価格（電源属地別）[円/kW・30分],0.92,3.13,0.39,0.73,1.75,2.53,1.48,0.36,2.85,0.36
20260907B40,平均落札価格（電源属地別）[円/kW・30分],1.3,6.84,4.6,1.13,1.75,2.55,5.56,0.87,7.19,3.97
20260907B40,最高落札価格（TSO別）[円/kW・30分],3.35,10,9.8,1.14,2.97,7.86,7.86,2.5,8.97,10
20260907B40,最低落札価格（TSO別）[円/kW・30分],0.92,3.13,0.39,0.75,0.73,0.36,0.36,0.36,0.36,0.36
20260907B40,平均落札価格（TSO別）[円/kW・30分],1.3,6.84,4.6,1.01,1.53,1.68,5.44,1.77,5.77,3.97
20260907B40,落札量合計（TSO別）[MW],150.85,111.492,534.683,67,63,149,157.155,42,167,1442.18
20260907B40,（内訳）自エリアからの落札量[MW],150.85,111.492,534.683,67,1.93,39.08,156.64,42,131.898,1235.573
20260907B41,募集量（TSO別）[MW],63,187,561,67,61,148,147,42,167,1443
20260907B41,応札量合計（電源属地別）[MW],156.668,111.492,559.933,457.026,3.928,97.394,194.259,166.473,209.511,1956.684
20260907B41,落札量合計（電源属地別）[MW],106,111.492,550.058,146.442,0,50.864,153.534,163.543,125.982,1407.915
20260907B41,応札件数（電源属地別）[件],6,22,75,79,2,20,26,8,52,290
20260907B41,落札件数（電源属地別）[件],6,22,70,12,0,3,5,6,8,132
20260907B41,最高落札価格（電源属地別）[円/kW・30分],3.35,10,9.8,2.97,0,2.97,6.81,2.5,8.14,10
20260907B41,最低落札価格（電源属地別）[円/kW・30分],0.92,4.02,0.39,0.63,0,1.5,1.56,0.36,2.87,0.36
20260907B41,平均落札価格（電源属地別）[円/kW・30分],2.99,7.36,4.41,0.9,0,2.52,4.88,0.87,7.57,4.03
20260907B41,最高落札価格（TSO別）[円/kW・30分],3.35,10,9.8,0.93,2.97,2.97,6.81,1.6,8.14,10
20260907B41,最低落札価格（TSO別）[円/kW・30分],0.92,4.02,0.39,0.63,0.36,0.36,1.56,0.36,0.36,0.36
20260907B41,平均落札価格（TSO別）[円/kW・30分],2.99,7.36,4.41,0.72,1.25,1.37,4.85,1.19,5.83,4.03
20260907B41,落札量合計（TSO別）[MW],106,111.492,550.058,67,61,148,155.365,42,167,1407.915
20260907B41,（内訳）自エリアからの落札量[MW],106,111.492,550.058,67,0,46.806,153.534,42,125.982,1202.872
20260907B42,募集量（TSO別）[MW],63,187,561,67,59,147,146,42,167,1439
20260907B42,応札量合計（電源属地別）[MW],203.508,111.492,519.836,438.747,3.928,97.394,272.421,166.473,216.677,2030.476
20260907B42,落札量合計（電源属地別）[MW],137.85,111.492,508.061,164.808,1.998,39.8,135.851,163.543,122,1385.403
20260907B42,応札件数（電源属地別）[件],8,22,74,76,2,20,33,8,53,296
20260907B42,落札件数（電源属地別）[件],5,22,68,8,1,2,11,6,6,129
20260907B42,最高落札価格（電源属地別）[円/kW・30分],1.01,10,9.8,0.92,2.5,2.53,2.51,2.5,7.88,10
20260907B42,最低落札価格（電源属地別）[円/kW・30分],0.92,6.42,0.39,0.64,2.5,1.5,0.39,0.36,5.57,0.36
20260907B42,平均落札価格（電源属地別）[円/kW・30分],1,8.78,4.76,0.78,2.5,2.49,0.96,0.87,7.45,3.57
20260907B42,最高落札価格（TSO別）[円/kW・30分],1.01,10,9.8,0.89,2.5,2.53,2.51,1.7,7.88,10
20260907B42,最低落札価格（TSO別）[円/kW・30分],0.92,6.42,0.39,0.71,0.74,0.36,0.36,0.36,0.36,0.36
20260907B42,平均落札価格（TSO別）[円/kW・30分],1,8.78,4.76,0.79,0.88,1.09,0.92,1.58,5.69,3.57
20260907B42,落札量合計（TSO別）[MW],137.85,111.492,508.061,67,59,147,146,42,167,1385.403
20260907B42,（内訳）自エリアからの落札量[MW],137.85,111.492,508.061,67,1.998,39.8,135.851,42,122,1166.052
20260907B43,募集量（TSO別）[MW],63,97,560,67,59,147,144,42,167,1346
20260907B43,応札量合計（電源属地別）[MW],158.658,89.592,539.12,431.921,3.928,95.544,272.421,200.473,215.751,2007.408
20260907B43,落札量合計（電源属地別）[MW],93,89.592,530.089,95.805,2.998,63.868,135.851,200.473,127.005,1338.681
20260907B43,応札件数（電源属地別）[件],7,20,73,74,2,19,33,10,52,290
20260907B43,落札件数（電源属地別）[件],4,20,69,6,2,3,11,10,9,134
20260907B43,最高落札価格（電源属地別）[円/kW・30分],1.01,10,9.8,2.6,2.85,2.57,2.13,2.6,7.18,10
20260907B43,最低落札価格（電源属地別）[円/kW・30分],0.92,6.62,0.39,2.43,2.5,1.5,0.39,0.36,0.61,0.36
20260907B43,平均落札価格（電源属地別）[円/kW・30分],1,9.26,4.16,2.5,2.62,2.52,0.95,0.83,6.55,3.48
20260907B43,最高落札価格（TSO別）[円/kW・30分],1.01,10,9.8,2.6,2.85,2.53,2.13,2.6,7.18,10
20260907B43,最低落札価格（TSO別）[円/kW・30分],0.92,6.62,0.39,2.43,1.5,0.36,0.36,0.36,0.36,0.36
20260907B43,平均落札価格（TSO別）[円/kW・30分],1,9.26,4.16,2.48,2.44,1.28,0.85,1.07,5.21,3.48
20260907B43,落札量合計（TSO別）[MW],93,89.592,530.089,67,59,147,144,42,167,1338.681
20260907B43,（内訳）自エリアからの落札量[MW],93,89.592,530.089,67,2.998,45.868,117.662,42,127.005,1115.214
20260907B44,募集量（TSO別）[MW],64,97,560,68,59,147,144,42,168,1349
20260907B44,応札量合計（電源属地別）[MW],198.658,89.592,544.915,355.201,3.928,95.544,256.554,200.473,215.751,1960.616
20260907B44,落札量合計（電源属地別）[MW],134,89.592,536.184,68,3.928,65.864,130.899,200.473,158.836,1387.776
20260907B44,応札件数（電源属地別）[件],8,20,73,70,2,19,32,10,53,287
20260907B44,落札件数（電源属地別）[件],5,20,69,8,2,4,16,10,26,160
20260907B44,最高落札価格（電源属地別）[円/kW・30分],1.01,10,9.8,3.08,2.85,2.97,3,2.6,7.14,10
20260907B44,最低落札価格（電源属地別）[円/kW・30分],0.92,6.62,0.39,0.63,2.5,1.5,0.39,0.36,0.89,0.36
20260907B44,平均落札価格（電源属地別）[円/kW・30分],1,9.26,4.36,1.57,2.67,2.53,1.03,0.83,5.82,3.47
20260907B44,最高落札価格（TSO別）[円/kW・30分],1.01,10,9.8,3.08,2.97,2.57,3,1.7,7.14,10
20260907B44,最低落札価格（TSO別）[円/kW・30分],0.92,6.62,0.39,0.63,0.36,0.36,0.36,0.36,0.89,0.36
20260907B44,平均落札価格（TSO別）[円/kW・30分],1,9.26,4.36,1.57,0.83,1.61,0.89,0.99,5.64,3.47
20260907B44,落札量合計（TSO別）[MW],134,89.592,536.184,68,59,147,144,42,168,1387.776
20260907B44,（内訳）自エリアからの落札量[MW],134,89.592,536.184,68,3.928,62.425,120.899,42,158.836,1215.864
20260907B45,募集量（TSO別）[MW],65,97,560,68,59,147,144,42,168,1350
20260907B45,応札量合計（電源属地別）[MW],158.658,87.492,530.476,284.009,3.928,95.544,224.82,200.473,217.727,1803.127
20260907B45,落札量合計（電源属地別）[MW],94.95,87.492,521.745,103.366,3.928,65.864,88.25,200.473,166.119,1332.187
20260907B45,応札件数（電源属地別）[件],7,20,73,65,2,19,30,10,54,280
20260907B45,落札件数（電源属地別）[件],5,20,69,9,2,4,8,10,27,154
20260907B45,最高落札価格（電源属地別）[円/kW・30分],1.01,10,9.8,3,2.75,2.97,2.13,2.75,7.04,10
20260907B45,最低落札価格（電源属地別）[円/kW・30分],0.92,6.62,0.39,0.64,2.5,1.5,0.37,0.36,2.11,0.36
20260907B45,平均落札価格（電源属地別）[円/kW・30分],1,9.02,4.56,1.07,2.62,2.53,0.58,0.83,5.62,3.53
20260907B45,最高落札価格（TSO別）[円/kW・30分],1.01,10,9.8,3,2.75,2.97,2.75,1.7,7.04,10
20260907B45,最低落札価格（TSO別）[円/kW・30分],0.92,6.62,0.39,0.64,0.36,0.36,0.36,0.36,0.36,0.36
20260907B45,平均落札価格（TSO別）[円/kW・30分],1,9.02,4.56,1.26,1.31,1.52,0.56,0.85,5.58,3.53
20260907B45,落札量合計（TSO別）[MW],94.95,87.492,521.745,68,59,147,144,42,168,1332.187
20260907B45,（内訳）自エリアからの落札量[MW],94.95,87.492,521.745,68,3.928,61.864,88.25,42,166.119,1134.348
20260907B46,募集量（TSO別）[MW],65,96,558,67,59,145,144,42,167,1343
20260907B46,応札量合計（電源属地別）[MW],158.658,87.492,512.956,284.009,3.928,142.778,224.82,200.473,215.743,1830.857
20260907B46,落札量合計（電源属地別）[MW],95.95,87.492,503.881,94.387,3.928,113.098,88.25,198.543,157.668,1343.197
20260907B46,応札件数（電源属地別）[件],7,20,72,65,2,22,30,10,52,280
20260907B46,落札件数（電源属地別）[件],5,20,67,8,2,7,8,9,24,150
20260907B46,最高落札価格（電源属地別）[円/kW・30分],1.01,10,9.8,3,2.5,2.57,2.13,2.6,6.34,10
20260907B46,最低落札価格（電源属地別）[円/kW・30分],0.92,6.62,0.39,1.88,2.4,0.39,0.39,0.36,2.69,0.36
20260907B46,平均落札価格（電源属地別）[円/kW・30分],1,8.97,4.56,2.59,2.45,1.61,0.61,0.81,5.23,3.46
20260907B46,最高落札価格（TSO別）[円/kW・30分],1.01,10,9.8,3,2.67,2.57,2.5,2.6,6.34,10
20260907B46,最低落札価格（TSO別）[円/kW・30分],0.92,6.62,0.39,1.88,1.33,0.36,0.36,0.38,0.36,0.36
20260907B46,平均落札価格（TSO別）[円/kW・30分],1,8.97,4.56,2.7,2.21,1.12,0.61,1.2,4.96,3.46
20260907B46,落札量合計（TSO別）[MW],95.95,87.492,503.881,67,59,176.874,144,42,167,1343.197
20260907B46,（内訳）自エリアからの落札量[MW],95.95,87.492,503.881,67,3.928,97.026,88.25,42,157.668,1143.195
20260907B47,募集量（TSO別）[MW],65,95,556,66,58,144,143,42,167,1336
20260907B47,応札量合計（電源属地別）[MW],196.708,87.492,529.28,260.34,3.928,93.604,224.82,214.473,213.727,1824.372
20260907B47,落札量合計（電源属地別）[MW],134,87.492,516.249,85.414,3.928,54.678,184.289,211.543,123.951,1401.544
20260907B47,応札件数（電源属地別）[件],7,20,73,63,2,18,30,11,53,277
20260907B47,落札件数（電源属地別）[件],5,20,66,4,2,3,9,9,9,127
20260907B47,最高落札価格（電源属地別）[円/kW・30分],1.01,10,9.8,2.04,2.5,2.57,4.71,2.5,6.2,10
20260907B47,最低落札価格（電源属地別）[円/kW・30分],0.92,6.62,0.39,1.55,2.4,1.5,0.39,0.36,2.45,0.36
20260907B47,平均落札価格（電源属地別）[円/kW・30分],1,9.02,4.22,1.85,2.45,2.51,2.75,0.86,5.64,3.42
20260907B47,最高落札価格（TSO別）[円/kW・30分],1.01,10,9.8,2.04,4.71,2.57,4.71,1.7,6.2,10
20260907B47,最低落札価格（TSO別）[円/kW・30分],0.92,6.62,0.39,1.55,0.36,0.36,0.36,0.36,0.36,0.36
20260907B47,平均落札価格（TSO別）[円/kW・30分],1,9.02,4.22,1.84,2.34,1.4,2.53,1.07,4.3,3.42
20260907B47,落札量合計（TSO別）[MW],134,87.492,516.249,66,58,144,186.803,42,167,1401.544
20260907B47,（内訳）自エリアからの落札量[MW],134,87.492,516.249,66,3.928,42.606,174.709,42,123.951,1190.935
20260907B48,募集量（TSO別）[MW],65,94,555,63,57,142,143,42,167,1328
20260907B48,応札量合計（電源属地別）[MW],156.708,85.992,519.502,239.923,3.928,171.004,224.82,147.973,203.899,1753.749
20260907B48,落札量合計（電源属地別）[MW],94,85.992,505.471,69.44,1.998,143.264,98.251,147.973,160.591,1306.98
20260907B48,応札件数（電源属地別）[件],6,19,72,62,2,21,30,9,50,271
20260907B48,落札件数（電源属地別）[件],3,19,65,5,1,7,14,9,27,150
20260907B48,最高落札価格（電源属地別）[円/kW・30分],1.01,10,9.8,2.97,2.5,2.97,3,2.6,5.61,10
20260907B48,最低落札価格（電源属地別）[円/kW・30分],0.92,6.62,0.39,2.31,2.5,0.39,0.39,0.36,2.44,0.36
20260907B48,平均落札価格（電源属地別）[円/kW・30分],1.01,8.54,4.04,2.5,2.5,1.36,0.88,1,4.57,3.22
20260907B48,最高落札価格（TSO別）[円/kW・30分],1.01,10,9.8,2.97,2.97,2.57,3,1.7,5.61,10
20260907B48,最低落札価格（TSO別）[円/kW・30分],0.92,6.62,0.39,2.31,0.39,0.36,0.36,0.38,0.36,0.36
20260907B48,平均落札価格（TSO別）[円/kW・30分],1.01,8.54,4.04,2.5,1.2,1.3,0.97,1.07,4.42,3.22
20260907B48,落札量合計（TSO別）[MW],94,85.992,505.471,63,57,147.517,143,44,167,1306.98
20260907B48,（内訳）自エリアからの落札量[MW],94,85.992,505.471,63,1.998,94.702,98.251,44,160.591,1148.005
20260908B01,募集量（TSO別）[MW],64,175,539,238,53,132,140,41,163,1545
20260908B01,応札量合計（電源属地別）[MW],159.458,44.509,539.756,305.226,3.928,122.321,165.99,147.973,167.563,1656.724
20260908B01,落札量合計（電源属地別）[MW],104,44.509,526.71,238,1.998,106.708,146.108,147.973,153.089,1469.095
20260908B01,応札件数（電源属地別）[件],7,9,69,51,2,21,16,9,32,216
20260908B01,落札件数（電源属地別）[件],6,9,63,39,1,13,6,9,25,171
20260908B01,最高落札価格（電源属地別）[円/kW・30分],2.5,10,9.47,5,1.5,2.9,4.71,2.8,7.03,10
20260908B01,最低落札価格（電源属地別）[円/kW・30分],0.92,6.91,0.39,0.39,1.5,0.39,0.39,0.36,2.43,0.36
20260908B01,平均落札価格（電源属地別）[円/kW・30分],1.37,7.97,4.18,1.5,1.5,1.86,3.36,1,5.61,3.24
20260908B01,最高落札価格（TSO別）[円/kW・30分],2.5,10,9.47,5,2.8,2.9,4.71,1.7,7.03,10
20260908B01,最低落札価格（TSO別）[円/kW・30分],0.92,6.91,0.39,0.39,0.38,0.36,0.39,0.38,0.38,0.36
20260908B01,平均落札価格（TSO別）[円/kW・30分],1.37,7.97,4.18,1.5,1.78,1.35,3.35,0.98,5.41,3.24
20260908B01,落札量合計（TSO別）[MW],104,44.509,526.71,238,53,158.876,140,41,163,1469.095
20260908B01,（内訳）自エリアからの落札量[MW],104,44.509,526.71,238,1.998,97.903,140,41,153.089,1347.209
20260908B02,募集量（TSO別）[MW],64,175,539,238,53,132,140,41,163,1545
20260908B02,応札量合計（電源属地別）[MW],118.658,57.109,578.652,313.218,3.928,178.623,153.263,95.473,166.313,1665.237
20260908B02,落札量合計（電源属地別）[MW],89.908,57.109,565.65,238,3.272,163.01,133.381,95.473,136.009,1481.812
20260908B02,応札件数（電源属地別）[件],6,11,67,56,2,23,15,8,32,220
20260908B02,落札件数（電源属地別）[件],4,11,61,41,2,15,5,8,19,166
20260908B02,最高落札価格（電源属地別）[円/kW・30分],1.01,10,9.5,5,2.95,2.9,4.69,2.8,6.35,10
20260908B02,最低落札価格（電源属地別）[円/kW・30分],0.92,6.72,0.39,0.54,1.5,0.39,0.39,0.38,2.43,0.38
20260908B02,平均落札価格（電源属地別）[円/kW・30分],1.01,9.06,4.02,2.16,2.06,1.38,3.63,1.35,5.4,3.36
20260908B02,最高落札価格（TSO別）[円/kW・30分],1.01,10,9.5,5,2.95,2.9,4.69,1.7,6.35,10
20260908B02,最低落札価格（TSO別）[円/kW・30分],0.92,2.64,0.39,0.54,0.39,0.39,0.39,0.38,0.38,0.38
20260908B02,平均落札価格（TSO別）[円/kW・30分],1.01,7.1,4.07,2.16,1.1,1.59,3.59,0.72,4.75,3.36
20260908B02,落札量合計（TSO別）[MW],89.908,83.759,539,238,53,134.145,140,41,163,1481.812
20260908B02,（内訳）自エリアからの落札量[MW],89.908,57.109,539,238,3.272,113.282,131.387,41,136.009,1348.967
20260908B03,募集量（TSO別）[MW],64,175,539,238,53,132,140,41,163,1545
20260908B03,応札量合計（電源属地別）[MW],157.508,70.993,580.682,334.524,3.928,178.623,153.263,95.473,181.843,1756.837
20260908B03,落札量合計（電源属地別）[MW],99,70.993,566.12,238,1.998,161.014,131.387,92.543,144.203,1505.258
20260908B03,応札件数（電源属地別）[件],6,18,67,67,2,23,15,8,40,246
20260908B03,落札件数（電源属地別）[件],4,18,60,41,1,14,4,6,26,174
20260908B03,最高落札価格（電源属地別）[円/kW・30分],1.01,10,9.47,5,1.5,2.95,4.69,2.5,6.35,10
20260908B03,最低落札価格（電源属地別）[円/kW・30分],0.92,6.72,0.39,0.54,1.5,0.39,0.39,0.38,2.5,0.38
20260908B03,平均落札価格（電源属地別）[円/kW・30分],1.01,9.18,4.03,2.24,1.5,1.38,3.66,1.31,5.27,3.42
20260908B03,最高落札価格（TSO別）[円/kW・30分],1.01,10,9.47,5,2.9,2.95,4.69,1.7,6.35,10
20260908B03,最低落札価格（TSO別）[円/kW・30分],0.92,2.77,0.39,0.54,0.38,0.39,0.38,0.38,0.38,0.38
20260908B03,平均落札価格（TSO別）[円/kW・30分],1.01,8.3,3.93,2.24,0.84,1.7,3.5,1.04,4.81,3.42
20260908B03,落札量合計（TSO別）[MW],99,98.113,539,238,53,134.145,140,41,163,1505.258
20260908B03,（内訳）自エリアからの落札量[MW],99,70.993,539,238,1.998,122.602,131.387,41,144.203,1388.183
20260908B04,募集量（TSO別）[MW],64,175,539,238,53,132,140,41,163,1545
20260908B04,応札量合計（電源属地別）[MW],116.708,70.993,576.549,334.524,3.928,202.457,157.053,95.473,180.831,1738.516
20260908B04,落札量合計（電源属地別）[MW],106.058,70.993,548.433,238,1.998,170.991,131.387,92.543,132.081,1492.484
20260908B04,応札件数（電源属地別）[件],5,18,73,66,2,24,17,8,39,252
20260908B04,落札件数（電源属地別）[件],5,18,59,40,1,8,4,6,17,158
20260908B04,最高落札価格（電源属地別）[円/kW・30分],3.99,10,9.47,5,1.5,2.57,4.29,2.5,6.1,10
20260908B04,最低落札価格（電源属地別）[円/kW・30分],0.92,6.72,0.39,0.75,1.5,0.39,0.39,0.38,2.45,0.38
20260908B04,平均落札価格（電源属地別）[円/kW・30分],1.46,9.16,3.86,2.62,1.5,1.12,3.37,1.31,5.27,3.35
20260908B04,最高落札価格（TSO別）[円/kW・30分],3.99,10,9.47,5,2.5,2.57,4.29,1.7,6.1,10
20260908B04,最低落札価格（TSO別）[円/kW・30分],0.92,2.06,0.39,0.75,0.39,0.38,0.39,0.38,0.38,0.38
20260908B04,平均落札価格（TSO別）[円/kW・30分],1.46,8.33,3.9,2.62,0.97,1.27,3.3,0.86,4.53,3.35
20260908B04,落札量合計（TSO別）[MW],106.058,80.426,539,238,53,132,140,41,163,1492.484
20260908B04,（内訳）自エリアからの落札量[MW],106.058,70.993,539,238,1.998,131.989,131.387,41,132.081,1392.506
20260908B05,募集量（TSO別）[MW],64,175,537,237,53,131,140,40,163,1540
20260908B05,応札量合計（電源属地別）[MW],199.458,68.995,562.38,338.257,3.928,193.518,157.053,95.473,178.883,1797.945
20260908B05,落札量合計（電源属地別）[MW],94.95,68.995,544.236,237,3.928,164.05,133.381,95.473,131.168,1473.181
20260908B05,応札件数（電源属地別）[件],8,17,68,58,2,23,17,8,38,239
20260908B05,落札件数（電源属地別）[件],4,17,59,39,2,8,5,8,17,159
20260908B05,最高落札価格（電源属地別）[円/kW・30分],1.01,10,9.47,5,2.6,2.57,4.69,2.8,6.35,10
20260908B05,最低落札価格（電源属地別）[円/kW・30分],0.93,6.72,1.2,0.83,1.5,0.39,0.35,0.38,2.5,0.35
20260908B05,平均落札価格（電源属地別）[円/kW・30分],1.01,9.04,3.91,2.63,2.04,1.15,3.61,1.35,5.49,3.39
20260908B05,最高落札価格（TSO別）[円/kW・30分],1.01,10,9.47,5,2.8,2.8,4.69,1.7,6.35,10
20260908B05,最低落札価格（TSO別）[円/kW・30分],0.93,3.3,1.2,0.83,0.38,0.39,0.38,0.38,0.35,0.35
20260908B05,平均落札価格（TSO別）[円/kW・30分],1.01,8.84,3.87,2.63,0.76,1.39,3.53,1.27,4.66,3.39
20260908B05,落札量合計（TSO別）[MW],94.95,76.231,537,237,53,131,140,41,163,1473.181
20260908B05,（内訳）自エリアからの落札量[MW],94.95,68.995,537,237,3.928,128.05,131.387,41,131.168,1373.478
20260908B06,募集量（TSO別）[MW],64,175,537,237,53,130,140,40,163,1539
20260908B06,応札量合計（電源属地別）[MW],199.458,68.995,509.974,344.198,3.928,176.514,157.053,95.473,178.847,1734.44
20260908B06,落札量合計（電源属地別）[MW],144.5,68.995,491.83,237,1.998,162.04,135.371,92.543,135.048,1469.325
20260908B06,応札件数（電源属地別）[件],8,17,65,61,2,22,17,8,38,238
20260908B06,落札件数（電源属地別）[件],8,17,56,39,1,15,6,6,19,167
20260908B06,最高落札価格（電源属地別）[円/kW・30分],9.91,10,9.47,5,1.5,2.97,4.69,2.5,6.35,10
20260908B06,最低落札価格（電源属地別）[円/kW・30分],0.92,6.72,1.24,0.83,1.5,0.39,0.39,0.38,2.05,0.38
20260908B06,平均落札価格（電源属地別）[円/kW・30分],3.6,9.04,4.25,2.64,1.5,1.39,3.63,1.31,5.41,3.7
20260908B06,最高落札価格（TSO別）[円/kW・30分],9.91,10,9.47,5,2.95,2.97,4.69,1.7,6.35,10
20260908B06,最低落札価格（TSO別）[円/kW・30分],0.92,6.72,1.24,0.83,0.39,0.39,0.39,0.38,1.6,0.38
20260908B06,平均落札価格（TSO別）[円/kW・30分],3.6,9.04,4.25,2.64,1.08,1.64,3.44,0.6,4.88,3.7
20260908B06,落札量合計（TSO別）[MW],144.5,68.995,491.83,237,53,130,140,41,163,1469.325
20260908B06,（内訳）自エリアからの落札量[MW],144.5,68.995,491.83,237,1.998,111.038,126.377,41,135.048,1357.786
20260908B07,募集量（TSO別）[MW],63,174,536,237,53,131,140,41,164,1539
20260908B07,応札量合計（電源属地別）[MW],158.658,83.993,529.517,363.956,3.928,101.261,173.912,61.473,196.142,1672.84
20260908B07,落札量合計（電源属地別）[MW],107.69,83.993,498.401,267.375,3.928,101.261,167.963,61.473,164,1456.084
20260908B07,応札件数（電源属地別）[件],7,18,71,71,2,22,26,6,47,270
20260908B07,落札件数（電源属地別）[件],7,18,55,46,2,22,23,6,34,213
20260908B07,最高落札価格（電源属地別）[円/kW・30分],6.65,10,9.47,5.88,3.7,5,5.33,4.4,6.35,10
20260908B07,最低落札価格（電源属地別）[円/kW・30分],0.93,6.72,1.48,0.76,1.5,1.34,0.39,1.6,2.5,0.39
20260908B07,平均落札価格（電源属地別）[円/kW・30分],2.51,8.39,4.39,2.58,2.58,2.76,3.97,1.91,4.99,3.95
20260908B07,最高落札価格（TSO別）[円/kW・30分],6.65,10,9.47,5.88,5.33,5,5.33,1.6,6.35,10
20260908B07,最低落札価格（TSO別）[円/kW・30分],0.93,6.72,1.48,0.76,1.5,1.34,0.39,1.6,2.5,0.39
20260908B07,平均落札価格（TSO別）[円/kW・30分],2.51,8.39,4.39,2.6,2.68,2.86,4.05,1.6,4.99,3.95
20260908B07,落札量合計（TSO別）[MW],107.69,83.993,498.401,237,53,131,140,41,164,1456.084
20260908B07,（内訳）自エリアからの落札量[MW],107.69,83.993,498.401,237,3.928,101.261,140,41,164,1377.273
20260908B08,募集量（TSO別）[MW],63,174,537,237,53,131,140,41,164,1540
20260908B08,応札量合計（電源属地別）[MW],158.658,85.493,503.459,360.156,3.928,123.921,173.912,49.93,192.314,1651.771
20260908B08,落札量合計（電源属地別）[MW],103.7,85.493,474.859,275.918,3.928,123.921,167.963,49.93,164,1449.712
20260908B08,応札件数（電源属地別）[件],7,19,69,71,2,24,26,5,45,268
20260908B08,落札件数（電源属地別）[件],7,19,55,46,2,24,23,5,34,215
20260908B08,最高落札価格（電源属地別）[円/kW・30分],6,10,9.47,5.88,4.1,5,5.49,2.6,6.35,10
20260908B08,最低落札価格（電源属地別）[円/kW・30分],0.92,6.72,1.43,0.67,1.5,0.39,0.39,1.6,2.25,0.39
20260908B08,平均落札価格（電源属地別）[円/kW・30分],2.39,8.4,4.35,2.4,2.78,2.31,3.98,1.67,4.99,3.84
20260908B08,最高落札価格（TSO別）[円/kW・30分],6,10,9.47,5.88,5,5,5.49,1.6,6.35,10
20260908B08,最低落札価格（TSO別）[円/kW・30分],0.92,6.72,1.43,0.67,1.5,0.39,0.39,1.6,2.25,0.39
20260908B08,平均落札価格（TSO別）[円/kW・30分],2.39,8.4,4.35,2.06,3.87,2.43,4.17,1.6,4.99,3.84
20260908B08,落札量合計（TSO別）[MW],103.7,85.493,474.859,237,53,150.66,140,41,164,1449.712
20260908B08,（内訳）自エリアからの落札量[MW],103.7,85.493,474.859,237,3.928,123.921,140,41,164,1373.901
20260908B09,募集量（TSO別）[MW],63,174,538,237,53,132,140,41,165,1543
20260908B09,応札量合計（電源属地別）[MW],201.558,87.492,529.521,381.021,3.928,101.261,173.912,49.93,196.142,1724.765
20260908B09,落札量合計（電源属地別）[MW],149.59,87.492,500.401,273.969,3.928,101.261,173.912,49.93,165,1505.483
20260908B09,応札件数（電源属地別）[件],7,20,71,73,2,22,26,5,47,273
20260908B09,落札件数（電源属地別）[件],7,20,56,45,2,22,26,5,34,217
20260908B09,最高落札価格（電源属地別）[円/kW・30分],9.91,10,9.47,5.88,2.9,5,7,4.95,6.53,10
20260908B09,最低落札価格（電源属地別）[円/kW・30分],0.93,6.72,1.37,0.57,1.5,1.34,0.39,1.6,2.4,0.39
20260908B09,平均落札価格（電源属地別）[円/kW・30分],4.79,8.38,4.3,2.52,2.19,2.8,4.23,1.81,5.09,4.15
20260908B09,最高落札価格（TSO別）[円/kW・30分],9.91,10,9.47,5.88,5.64,7,5.64,1.7,6.53,10
20260908B09,最低落札価格（TSO別）[円/kW・30分],0.93,6.72,1.37,0.57,1.16,1.34,0.39,1.6,2.4,0.39
20260908B09,平均落札価格（TSO別）[円/kW・30分],4.79,8.38,4.3,2.32,3.66,3.14,4.18,1.61,5.09,4.15
20260908B09,落札量合計（TSO別）[MW],149.59,87.492,500.401,237,53,132,140,41,165,1505.483
20260908B09,（内訳）自エリアからの落札量[MW],149.59,87.492,500.401,237,3.928,101.261,140,41,165,1425.672
20260908B10,募集量（TSO別）[MW],63,174,538,237,53,132,140,41,165,1543
20260908B10,応札量合計（電源属地別）[MW],156.708,87.492,497.915,381.021,3.928,101.261,173.912,61.473,194.158,1657.868
20260908B10,落札量合計（電源属地別）[MW],104.75,87.492,465.025,268.375,3.928,101.261,167.963,61.473,165,1425.267
20260908B10,応札件数（電源属地別）[件],6,20,72,72,2,22,26,6,46,272
20260908B10,落札件数（電源属地別）[件],6,20,55,44,2,22,23,6,34,212
20260908B10,最高落札価格（電源属地別）[円/kW・30分],6,10,9.47,5.88,3.4,5,5.96,3.8,6.59,10
20260908B10,最低落札価格（電源属地別）[円/kW・30分],0.92,6.72,1.54,0.76,2,1.34,0.39,1.6,2.15,0.39
20260908B10,平均落札価格（電源属地別）[円/kW・30分],2.19,8.43,4.28,2.62,2.69,2.76,4.25,2.12,5.13,3.96
20260908B10,最高落札価格（TSO別）[円/kW・30分],6,10,9.47,5.88,5.96,5,5.96,3.8,6.59,10
20260908B10,最低落札価格（TSO別）[円/kW・30分],0.92,6.72,1.54,0.76,1.6,1.34,0.39,1.6,2.15,0.39
20260908B10,平均落札価格（TSO別）[円/kW・30分],2.19,8.43,4.28,2.45,3.54,2.88,4.37,1.92,5.13,3.96
20260908B10,落札量合計（TSO別）[MW],104.75,87.492,465.025,237,53,132,140,41,165,1425.267
20260908B10,（内訳）自エリアからの落札量[MW],104.75,87.492,465.025,237,3.928,101.261,140,41,165,1345.456
20260908B11,募集量（TSO別）[MW],63,174,538,237,53,132,140,41,165,1543
20260908B11,応札量合計（電源属地別）[MW],201.558,87.492,484.164,364.732,3.928,108.087,173.912,61.473,196.142,1681.488
20260908B11,落札量合計（電源属地別）[MW],150.59,87.492,451.274,286.072,3.928,103.39,167.963,61.473,165,1477.182
20260908B11,応札件数（電源属地別）[件],7,20,72,73,2,23,26,6,47,276
20260908B11,落札件数（電源属地別）[件],7,20,55,44,2,23,23,6,34,214
20260908B11,最高落札価格（電源属地別）[円/kW・30分],9.91,10,9.47,5,4.2,5,5.78,3.8,7.04,10
20260908B11,最低落札価格（電源属地別）[円/kW・30分],0.93,6.71,1.22,0.4,2,0.39,0.39,1.6,2.45,0.39
20260908B11,平均落札価格（電源属地別）[円/kW・30分],4.22,8.22,4.31,1.75,3.08,2.18,4.21,2.12,5.44,3.91
20260908B11,最高落札価格（TSO別）[円/kW・30分],9.91,10,9.47,5,5,5,5.78,1.6,7.04,10
20260908B11,最低落札価格（TSO別）[円/kW・30分],0.93,6.71,1.22,0.4,0.4,0.39,0.39,1.6,2.45,0.39
20260908B11,平均落札価格（TSO別）[円/kW・30分],4.22,8.22,4.31,1.4,3.43,2.52,4.39,1.6,5.44,3.91
20260908B11,落札量合計（TSO別）[MW],150.59,87.492,451.274,237,53,151.826,140,41,165,1477.182
20260908B11,（内訳）自エリアからの落札量[MW],150.59,87.492,451.274,237,3.928,103.39,140,41,165,1379.674
20260908B12,募集量（TSO別）[MW],63,174,538,237,53,132,140,41,165,1543
20260908B12,応札量合計（電源属地別）[MW],116.708,87.492,531.301,363.232,3.928,125.255,173.912,61.473,194.166,1657.467
20260908B12,落札量合計（電源属地別）[MW],105.74,87.492,500.401,266.632,3.928,124.998,167.963,61.473,165,1483.627
20260908B12,応札件数（電源属地別）[件],5,20,73,71,2,24,26,6,46,273
20260908B12,落札件数（電源属地別）[件],5,20,57,45,2,24,23,6,32,214
20260908B12,最高落札価格（電源属地別）[円/kW・30分],9.95,10,9.47,5.88,4.35,5,5.64,3.8,6.98,10
20260908B12,最低落札価格（電源属地別）[円/kW・30分],0.93,6.72,1.51,0.47,2,0.39,0.39,1.6,2.25,0.39
20260908B12,平均落札価格（電源属地別）[円/kW・30分],3.21,8.57,4.33,2.3,3.15,2.26,4.11,2.08,5.38,3.96
20260908B12,最高落札価格（TSO別）[円/kW・30分],9.95,10,9.47,5,5.88,5,5.64,3.8,6.98,10
20260908B12,最低落札価格（TSO別）[円/kW・30分],0.93,6.72,1.51,0.47,1.6,0.39,0.39,1.6,2.25,0.39
20260908B12,平均落札価格（TSO別）[円/kW・30分],3.21,8.57,4.33,2.05,4.08,2.49,4.08,1.68,5.38,3.96
20260908B12,落札量合計（TSO別）[MW],105.74,87.492,500.401,237,53,153.994,140,41,165,1483.627
20260908B12,（内訳）自エリアからの落札量[MW],105.74,87.492,500.401,237,3.928,124.998,140,41,165,1405.559
20260908B13,募集量（TSO別）[MW],65,183,559,247,57,145,141,44,168,1609
20260908B13,応札量合計（電源属地別）[MW],181.138,99.492,519.516,364.732,3.928,101.261,173.912,61.473,194.166,1699.618
20260908B13,落札量合計（電源属地別）[MW],102.068,99.492,503.712,299.375,3.928,101.261,167.963,61.473,168,1507.272
20260908B13,応札件数（電源属地別）[件],8,21,74,72,2,22,26,6,46,277
20260908B13,落札件数（電源属地別）[件],4,21,66,50,2,22,23,6,32,226
20260908B13,最高落札価格（電源属地別）[円/kW・30分],5.97,10,9.47,5.88,4.7,5,5.89,3.8,6.68,10
20260908B13,最低落札価格（電源属地別）[円/kW・30分],0.93,6.72,1.14,0.79,2,1.34,0.39,1.6,2.65,0.39
20260908B13,平均落札価格（電源属地別）[円/kW・30分],1.8,9.09,4.58,2.49,3.33,2.76,4.26,2.08,5.17,4.08
20260908B13,最高落札価格（TSO別）[円/kW・30分],5.97,10,9.47,5,5.89,5.89,5.89,3.8,6.68,10
20260908B13,最低落札価格（TSO別）[円/kW・30分],0.93,6.72,1.14,0.79,1.17,1.34,0.39,1.6,2.65,0.39
20260908B13,平均落札価格（TSO別）[円/kW・30分],1.8,9.09,4.58,2.25,2.92,3.45,3.98,2.26,5.17,4.08
20260908B13,落札量合計（TSO別）[MW],102.068,99.492,503.712,247,57,145,141,44,168,1507.272
20260908B13,（内訳）自エリアからの落札量[MW],102.068,99.492,503.712,247,3.928,101.261,141,44,168,1410.461
20260908B14,募集量（TSO別）[MW],65,188,567,250,57,148,142,44,169,1630
20260908B14,応札量合計（電源属地別）[MW],133.668,89.992,585.637,374.938,3.928,120.875,173.912,113.973,190.293,1787.216
20260908B14,落札量合計（電源属地別）[MW],107.968,89.992,576.843,263.7,3.928,111.05,167.963,113.973,169,1604.417
20260908B14,応札件数（電源属地別）[件],6,20,78,69,2,23,26,7,44,275
20260908B14,落札件数（電源属地別）[件],5,20,74,24,2,18,23,7,33,206
20260908B14,最高落札価格（電源属地別）[円/kW・30分],8,10,9.49,4.89,3.15,3,4.95,3.3,6.65,10
20260908B14,最低落札価格（電源属地別）[円/kW・30分],0.93,6.72,0.39,0.6,2,0.39,0.39,0.36,2.79,0.36
20260908B14,平均落札価格（電源属地別）[円/kW・30分],1.25,9.3,4.26,1.94,2.57,2.15,3.75,1.17,5.16,3.63
20260908B14,最高落札価格（TSO別）[円/kW・30分],8,10,9.49,4.89,4.95,4.95,4.95,2.5,6.65,10
20260908B14,最低落札価格（TSO別）[円/kW・30分],0.93,6.51,0.39,0.6,0.36,0.36,0.39,1.6,2.79,0.36
20260908B14,平均落札価格（TSO別）[円/kW・30分],1.25,9.18,4.19,2.01,1.54,1.92,3.73,1.83,5.16,3.63
20260908B14,落札量合計（TSO別）[MW],107.968,99.835,567,250,57,167.614,142,44,169,1604.417
20260908B14,（内訳）自エリアからの落札量[MW],107.968,89.992,567,250,3.928,109.052,142,44,169,1482.94
20260908B15,募集量（TSO別）[MW],66,194,572,253,58,152,143,45,170,1653
20260908B15,応札量合計（電源属地別）[MW],146.708,91.492,583.737,374.938,3.928,101.261,173.912,113.973,184.627,1774.576
20260908B15,落札量合計（電源属地別）[MW],116.958,91.492,581.843,290.694,3.928,76.436,165.969,113.973,170,1611.293
20260908B15,応札件数（電源属地別）[件],7,21,79,69,2,22,26,7,44,277
20260908B15,落札件数（電源属地別）[件],4,21,79,47,2,16,22,7,36,234
20260908B15,最高落札価格（電源属地別）[円/kW・30分],1.01,10,9.49,5,3.05,3,4.71,3.05,6.35,10
20260908B15,最低落札価格（電源属地別）[円/kW・30分],0.92,6.72,0.39,0.62,2,1.34,0.39,0.36,2.86,0.36
20260908B15,平均落札価格（電源属地別）[円/kW・30分],1,9.31,4.22,2.65,2.52,2.52,3.61,1.21,4.96,3.71
20260908B15,最高落札価格（TSO別）[円/kW・30分],1.01,10,9.49,5,5,4.71,4.71,2.99,6.35,10
20260908B15,最低落札価格（TSO別）[円/kW・30分],0.92,6.72,0.39,0.62,0.36,0.36,0.39,0.36,2.86,0.36
20260908B15,平均落札価格（TSO別）[円/kW・30分],1,9.1,4.17,2.6,2.78,2.38,3.27,1.36,4.96,3.71
20260908B15,落札量合計（TSO別）[MW],116.958,101.335,572,253,58,152,143,45,170,1611.293
20260908B15,（内訳）自エリアからの落札量[MW],116.958,91.492,572,253,3.928,76.436,129.59,45,170,1458.404
20260908B16,募集量（TSO別）[MW],66,198,577,255,59,156,144,45,171,1671
20260908B16,応札量合計（電源属地別）[MW],151.708,89.992,567.733,414.953,3.928,169.869,173.912,180.473,186.516,1939.084
20260908B16,落札量合計（電源属地別）[MW],130.708,89.992,567.733,255,1.93,122.366,154.069,166,171,1658.798
20260908B16,応札件数（電源属地別）[件],7,20,79,76,2,26,26,9,45,290
20260908B16,落札件数（電源属地別）[件],7,20,79,32,1,17,16,6,37,215
20260908B16,最高落札価格（電源属地別）[円/kW・30分],9.05,10,9.5,4.99,3.05,4.6,4.69,1.7,6.5,10
20260908B16,最低落札価格（電源属地別）[円/kW・30分],0.92,6.72,0.39,0.65,3.05,1.34,0.39,0.36,2.76,0.36
20260908B16,平均落札価格（電源属地別）[円/kW・30分],1.47,9.28,4.23,2,3.05,3.37,3.57,0.83,5.05,3.56
20260908B16,最高落札価格（TSO別）[円/kW・30分],9.05,10,9.5,4.99,4.69,4.6,4.69,1.6,6.5,10
20260908B16,最低落札価格（TSO別）[円/kW・30分],0.92,6.72,0.39,0.65,0.36,0.36,0.39,0.36,2.76,0.36
20260908B16,平均落札価格（TSO別）[円/kW・30分],1.47,9.28,4.23,2,1.97,2.08,3.58,1.43,5.05,3.56
20260908B16,落札量合計（TSO別）[MW],130.708,89.992,567.733,255,59,196.365,144,45,171,1658.798
20260908B16,（内訳）自エリアからの落札量[MW],130.708,89.992,567.733,255,1.93,105.37,144,45,171,1510.733
20260908B17,募集量（TSO別）[MW],66,198,577,255,60,156,144,45,171,1672
20260908B17,応札量合計（電源属地別）[MW],222.658,111.527,518.564,414.953,3.928,120.869,134.532,153.473,194.166,1874.67
20260908B17,落札量合計（電源属地別）[MW],154.421,111.527,518.564,350.594,3.928,120.086,105.933,139,115.067,1619.12
20260908B17,応札件数（電源属地別）[件],10,21,75,75,2,23,17,6,46,275
20260908B17,落札件数（電源属地別）[件],6,21,75,58,2,23,2,3,8,198
20260908B17,最高落札価格（電源属地別）[円/kW・30分],1.01,10,9.5,6.88,6,6.99,4.21,1.6,6.63,10
20260908B17,最低落札価格（電源属地別）[円/kW・30分],0.5,6.58,0.39,0.98,5.5,0.39,2.13,0.36,2.46,0.36
20260908B17,平均落札価格（電源属地別）[円/kW・30分],0.89,8.75,4.61,3.18,5.75,2.9,4.02,0.66,6.13,3.84
20260908B17,最高落札価格（TSO別）[円/kW・30分],1.01,10,9.5,6,6,6.99,4.21,1.6,6.63,10
20260908B17,最低落札価格（TSO別）[円/kW・30分],0.5,6.58,0.39,0.98,1.04,0.39,0.36,0.36,0.36,0.36
20260908B17,平均落札価格（TSO別）[円/kW・30分],0.89,8.75,4.61,2.85,3.27,3.54,3.05,1.3,4.24,3.84
20260908B17,落札量合計（TSO別）[MW],154.421,111.527,518.564,255,60,159.608,144,45,171,1619.12
20260908B17,（内訳）自エリアからの落札量[MW],154.421,111.527,518.564,255,3.928,120.086,105.933,45,115.067,1429.526
20260908B18,募集量（TSO別）[MW],66,198,577,255,60,156,144,45,171,1672
20260908B18,応札量合計（電源属地別）[MW],198.658,111.992,460.408,415.043,3.928,101.261,134.532,153.473,184.532,1763.827
20260908B18,落札量合計（電源属地別）[MW],151.95,111.992,460.408,367.637,3.928,99.435,106.933,141.93,111.137,1555.35
20260908B18,応札件数（電源属地別）[件],10,21,75,75,2,22,17,6,44,272
20260908B18,落札件数（電源属地別）[件],8,21,75,59,2,22,3,5,6,201
20260908B18,最高落札価格（電源属地別）[円/kW・30分],1.01,10,9.78,6.88,6,7.77,4.83,2.3,7.11,10
20260908B18,最低落札価格（電源属地別）[円/kW・30分],0.87,6.39,0.39,1.42,3.8,1.34,2.13,0.36,2.8,0.36
20260908B18,平均落札価格（電源属地別）[円/kW・30分],1,8.71,5.51,2.93,4.92,3.76,4.56,0.7,6.74,4.16
20260908B18,最高落札価格（TSO別）[円/kW・30分],1.01,10,9.78,6.1,6,7.77,4.83,2.3,7.11,10
20260908B18,最低落札価格（TSO別）[円/kW・30分],0.87,6.39,0.39,1.43,1.42,1.34,0.36,0.36,0.36,0.36
20260908B18,平均落札価格（TSO別）[円/kW・30分],1,8.71,5.51,2.54,3.46,3.95,3.48,1.38,4.52,4.16
20260908B18,落札量合計（TSO別）[MW],151.95,111.992,460.408,255,60,156,144,45,171,1555.35
20260908B18,（内訳）自エリアからの落札量[MW],151.95,111.992,460.408,255,3.928,99.435,106.933,45,111.137,1345.783
20260908B19,募集量（TSO別）[MW],67,129,568,259,61,155,148,47,175,1609
20260908B19,応札量合計（電源属地別）[MW],193.658,114.138,464.718,403.888,3.928,101.261,148.458,187.473,195.672,1813.194
20260908B19,落札量合計（電源属地別）[MW],155.95,114.138,457.224,369.758,3.928,101.261,105.933,187.473,151.517,1647.182
20260908B19,応札件数（電源属地別）[件],9,22,72,61,2,22,24,7,47,266
20260908B19,落札件数（電源属地別）[件],7,22,68,59,2,22,2,7,27,216
20260908B19,最高落札価格（電源属地別）[円/kW・30分],1.01,10,9.78,8.15,6,7.77,5.33,2.8,7.81,10
20260908B19,最低落札価格（電源属地別）[円/kW・30分],0.92,6.43,0.39,1.46,4.2,1.34,2.13,0.36,2.43,0.36
20260908B19,平均落札価格（電源属地別）[円/kW・30分],1,8.74,4.86,2.89,5.12,3.84,5.03,0.64,6.24,3.92
20260908B19,最高落札価格（TSO別）[円/kW・30分],1.01,10,9.78,6.23,6.88,8.15,5.33,1.6,7.81,10
20260908B19,最低落札価格（TSO別）[円/kW・30分],0.92,6.43,0.39,1.46,1.49,1.34,0.36,0.36,0.36,0.36
20260908B19,平均落札価格（TSO別）[円/kW・30分],1,8.74,4.86,2.2,2.97,4.69,2.97,0.93,5.4,3.92
20260908B19,落札量合計（TSO別）[MW],155.95,114.138,457.224,259,60.947,155,192.933,75,176.99,1647.182
20260908B19,（内訳）自エリアからの落札量[MW],155.95,114.138,457.224,259,3.928,101.261,105.933,75,151.517,1423.951
20260908B20,募集量（TSO別）[MW],68,131,568,259,61,155,149,47,175,1613
20260908B20,応札量合計（電源属地別）[MW],115.74,114.138,514.735,403.888,3.928,101.261,148.458,187.473,193.724,1783.345
20260908B20,落札量合計（電源属地別）[MW],110.99,114.138,507.241,380.849,3.928,90.223,105.933,187.473,141.517,1642.292
20260908B20,応札件数（電源属地別）[件],5,22,75,61,2,22,24,7,46,264
20260908B20,落札件数（電源属地別）[件],3,22,71,57,2,21,2,7,22,207
20260908B20,最高落札価格（電源属地別）[円/kW・30分],1.01,10,10,6.88,6,6.99,5.49,1.6,7.88,10
20260908B20,最低落札価格（電源属地別）[円/kW・30分],0.92,6.31,0.39,1.55,5.7,1.34,2.13,0.36,2.53,0.36
20260908B20,平均落札価格（電源属地別）[円/kW・30分],1.01,8.72,4.8,2.95,5.85,3.48,5.18,0.62,6.53,4.01
20260908B20,最高落札価格（TSO別）[円/kW・30分],1.01,10,10,6.8,6.8,6.99,5.49,1.6,7.88,10
20260908B20,最低落札価格（TSO別）[円/kW・30分],0.92,6.31,0.39,1.55,1.57,1.34,0.36,0.36,0.36,0.36
20260908B20,平均落札価格（TSO別）[円/kW・30分],1.01,8.72,4.8,2.33,3.9,3.99,3.19,0.93,5.3,4.01
20260908B20,落札量合計（TSO別）[MW],110.99,114.138,507.241,259,61,155,181.933,76,176.99,1642.292
20260908B20,（内訳）自エリアからの落札量[MW],110.99,114.138,507.241,259,3.928,90.223,105.933,76,141.517,1408.97
20260908B21,募集量（TSO別）[MW],68,134,568,260,62,155,150,48,176,1621
20260908B21,応札量合計（電源属地別）[MW],189.718,114.138,479.19,409.202,3.928,101.261,152.017,187.473,242.702,1879.629
20260908B21,落札量合計（電源属地別）[MW],156,114.138,479.19,386.904,3.928,86.168,106.416,187.473,146.329,1666.546
20260908B21,応札件数（電源属地別）[件],7,22,64,61,2,22,25,7,46,256
20260908B21,落札件数（電源属地別）[件],6,22,64,58,2,21,2,7,12,194
20260908B21,最高落札価格（電源属地別）[円/kW・30分],4.9,10,10,6.93,6,6.97,5.56,1.6,7.59,10
20260908B21,最低落札価格（電源属地別）[円/kW・30分],0.6,6.59,0.39,1.69,5.7,1.34,2.13,0.36,2.43,0.36
20260908B21,平均落札価格（電源属地別）[円/kW・30分],0.94,8.77,4.5,3.14,5.85,3.38,5.24,0.62,6.87,3.91
20260908B21,最高落札価格（TSO別）[円/kW・30分],4.9,10,10,6.49,6.93,6.97,5.56,1.6,7.59,10
20260908B21,最低落札価格（TSO別）[円/kW・30分],0.6,6.59,0.39,1.69,1.8,1.34,0.36,0.36,0.36,0.36
20260908B21,平均落札価格（TSO別）[円/kW・30分],0.94,8.77,4.5,2.63,3.4,4.1,3.21,0.96,5.67,3.91
20260908B21,落札量合計（TSO別）[MW],156,114.138,479.19,260,62,155,182.416,77.912,179.89,1666.546
20260908B21,（内訳）自エリアからの落札量[MW],156,114.138,479.19,260,3.928,86.168,106.416,77.912,146.329,1430.081
20260908B22,募集量（TSO別）[MW],68,135,567,259,62,155,151,48,176,1621
20260908B22,応札量合計（電源属地別）[MW],189.718,114.138,479.19,409.202,3.928,99.411,41.569,187.473,230.81,1755.439
20260908B22,落札量合計（電源属地別）[MW],156,114.138,479.19,403.674,3.928,99.411,9.894,187.473,162.51,1616.218
20260908B22,応札件数（電源属地別）[件],7,22,64,60,2,21,17,7,40,240
20260908B22,落札件数（電源属地別）[件],6,22,64,60,2,21,1,7,21,204
20260908B22,最高落札価格（電源属地別）[円/kW・30分],4.9,10,10,9.3,8,6.99,2.13,1.6,7.81,10
20260908B22,最低落札価格（電源属地別）[円/kW・30分],0.6,6.59,0.39,1.72,6,1.34,2.13,0.36,2.51,0.36
20260908B22,平均落札価格（電源属地別）[円/kW・30分],0.94,8.77,4.52,3.19,6.98,3.86,2.13,0.62,6.67,3.86
20260908B22,最高落札価格（TSO別）[円/kW・30分],4.9,10,10,7.2,8,9.3,3.19,1.6,7.81,10
20260908B22,最低落札価格（TSO別）[円/kW・30分],0.6,6.59,0.39,1.75,1.72,1.34,0.36,0.36,0.36,0.36
20260908B22,平均落札価格（TSO別）[円/kW・30分],0.94,8.77,4.52,3.22,3.45,3.67,1.13,0.68,6.06,3.86
20260908B22,落札量合計（TSO別）[MW],156,114.138,479.19,259,62,155,151,60,179.89,1616.218
20260908B22,（内訳）自エリアからの落札量[MW],156,114.138,479.19,259,3.928,99.411,9.894,60,162.51,1344.071
20260908B23,募集量（TSO別）[MW],68,135,564,258,62,155,151,48,177,1618
20260908B23,応札量合計（電源属地別）[MW],191.668,114.138,494.528,407.702,3.928,99.411,41.569,187.473,232.794,1773.211
20260908B23,落札量合計（電源属地別）[MW],157.95,114.138,485.761,407.702,3.928,99.411,12.694,187.473,155.682,1624.739
20260908B23,応札件数（電源属地別）[件],8,22,72,59,2,21,17,7,41,249
20260908B23,落札件数（電源属地別）[件],7,22,68,59,2,21,3,7,29,218
20260908B23,最高落札価格（電源属地別）[円/kW・30分],4.9,10,10,9.3,6,6.99,3.33,1.6,8.02,10
20260908B23,最低落札価格（電源属地別）[円/kW・30分],0.93,6.34,0.39,1.73,5.7,1.34,2.13,0.36,1.58,0.36
20260908B23,平均落札価格（電源属地別）[円/kW・30分],1.02,8.71,4.66,3.23,5.85,3.78,2.37,0.62,6.38,3.86
20260908B23,最高落札価格（TSO別）[円/kW・30分],4.9,10,10,9.3,7.2,9.3,2.13,1.6,8.02,10
20260908B23,最低落札価格（TSO別）[円/kW・30分],0.93,6.34,0.39,1.76,1.73,1.34,0.36,0.36,0.36,0.36
20260908B23,平均落札価格（TSO別）[円/kW・30分],1.02,8.71,4.66,3.06,3.29,4.23,1,0.72,5.59,3.86
20260908B23,落札量合計（TSO別）[MW],157.95,114.138,485.761,258,62,155,151,60,180.89,1624.739
20260908B23,（内訳）自エリアからの落札量[MW],157.95,114.138,485.761,258,3.928,99.411,9.894,60,155.682,1344.764
20260908B24,募集量（TSO別）[MW],68,135,564,257,62,155,151,48,177,1617
20260908B24,応札量合計（電源属地別）[MW],191.668,114.138,494.528,398.512,3.928,97.394,138.525,187.473,232.794,1858.96
20260908B24,落札量合計（電源属地別）[MW],158.95,114.138,485.761,396.514,1.998,78.604,106.85,187.473,141.36,1671.648
20260908B24,応札件数（電源属地別）[件],8,22,72,58,2,20,18,7,41,248
20260908B24,落札件数（電源属地別）[件],7,22,68,57,1,17,2,7,9,190
20260908B24,最高落札価格（電源属地別）[円/kW・30分],4.9,10,10,6.88,6,5.97,6.01,1.6,7.56,10
20260908B24,最低落札価格（電源属地別）[円/kW・30分],0.56,6.55,0.39,1.41,6,1.34,2.13,0.36,2.72,0.36
20260908B24,平均落札価格（電源属地別）[円/kW・30分],0.93,8.76,4.51,2.95,6,3.23,5.65,0.62,7.02,3.88
20260908B24,最高落札価格（TSO別）[円/kW・30分],4.9,10,10,6.83,6.83,6.88,6.01,1.6,7.56,10
20260908B24,最低落札価格（TSO別）[円/kW・30分],0.56,6.55,0.39,1.41,1.41,1.34,0.36,0.36,0.36,0.36
20260908B24,平均落札価格（TSO別）[円/kW・30分],0.93,8.76,4.51,2.6,3.09,3.65,3.51,0.95,5.58,3.88
20260908B24,落札量合計（TSO別）[MW],158.95,114.138,485.761,260.059,62,155,179.85,75,180.89,1671.648
20260908B24,（内訳）自エリアからの落札量[MW],158.95,114.138,485.761,260.059,1.998,78.604,106.85,75,141.36,1422.72
20260908B25,募集量（TSO別）[MW],67,136,563,254,62,155,149,48,176,1610
20260908B25,応札量合計（電源属地別）[MW],189.718,111.692,483.519,409.181,3.928,102.009,138.525,184.473,268.144,1891.189
20260908B25,落札量合計（電源属地別）[MW],129,111.692,481.915,408.313,3.928,102.009,106.85,90.15,223,1656.857
20260908B25,応札件数（電源属地別）[件],7,21,69,62,2,20,18,7,39,245
20260908B25,落札件数（電源属地別）[件],4,21,68,62,2,20,2,4,27,210
20260908B25,最高落札価格（電源属地別）[円/kW・30分],1.01,10,10,9.3,6,8.4,5.76,1.6,6.92,10
20260908B25,最低落札価格（電源属地別）[円/kW・30分],0.53,6.57,0.39,0.73,5.8,0.39,2.13,0.36,2.16,0.36
20260908B25,平均落札価格（電源属地別）[円/kW・30分],0.88,8.72,4.64,3.14,5.9,2.95,5.42,0.83,5.91,4.17
20260908B25,最高落札価格（TSO別）[円/kW・30分],1.01,10,10,9.3,6,8.4,5.76,1.6,6.92,10
20260908B25,最低落札価格（TSO別）[円/kW・30分],0.53,6.57,0.39,0.73,0.82,0.39,0.36,0.36,2.16,0.36
20260908B25,平均落札価格（TSO別）[円/kW・30分],0.88,8.72,4.64,2.49,3.19,3.92,4.2,0.61,5.91,4.17
20260908B25,落札量合計（TSO別）[MW],129,111.692,481.915,254,62,198.25,149,48,223,1656.857
20260908B25,（内訳）自エリアからの落札量[MW],129,111.692,481.915,254,3.928,102.009,106.85,48,223,1460.394
20260908B26,募集量（TSO別）[MW],67,136,563,254,62,155,149,48,176,1610
20260908B26,応札量合計（電源属地別）[MW],183.718,111.692,442.411,411.179,3.928,161.206,172.22,184.473,266.16,1936.987
20260908B26,落札量合計（電源属地別）[MW],124,111.692,442.411,372.677,3.928,144.21,140.545,113,141.99,1594.453
20260908B26,応札件数（電源属地別）[件],7,21,66,62,2,21,19,7,38,243
20260908B26,落札件数（電源属地別）[件],5,21,66,49,2,19,3,3,5,173
20260908B26,最高落札価格（電源属地別）[円/kW・30分],4.9,10,10,6.44,6,5.5,5.73,1.6,6.82,10
20260908B26,最低落札価格（電源属地別）[円/kW・30分],0.93,6.34,0.39,1.3,5.8,0.39,2.13,0.36,4.8,0.36
20260908B26,平均落札価格（電源属地別）[円/kW・30分],1.03,8.68,5.43,2.64,5.9,1.91,4.65,0.74,6.58,4.05
20260908B26,最高落札価格（TSO別）[円/kW・30分],4.9,10,10,6.2,6,6.44,5.73,1.6,6.82,10
20260908B26,最低落札価格（TSO別）[円/kW・30分],0.93,6.34,0.39,1.3,1.3,0.39,1.6,0.36,0.36,0.36
20260908B26,平均落札価格（TSO別）[円/kW・30分],1.03,8.68,5.43,2.57,2.1,2.44,4.48,0.86,5.21,4.05
20260908B26,落札量合計（TSO別）[MW],124,111.692,442.411,254,62,204.815,149,64.545,181.99,1594.453
20260908B26,（内訳）自エリアからの落札量[MW],124,111.692,442.411,254,3.928,144.21,140.545,64.545,141.99,1427.321
20260908B27,募集量（TSO別）[MW],67,136,563,254,62,155,149,48,176,1610
20260908B27,応札量合計（電源属地別）[MW],202.518,99.488,462.838,412.38,3.928,94.101,172.22,184.473,265.144,1897.09
20260908B27,落札量合計（電源属地別）[MW],148,99.488,461.144,372.971,3.928,94.101,140.545,119,201.99,1641.167
20260908B27,応札件数（電源属地別）[件],8,21,68,78,2,18,19,7,38,259
20260908B27,落札件数（電源属地別）[件],6,21,68,59,2,18,3,4,5,186
20260908B27,最高落札価格（電源属地別）[円/kW・30分],9.91,10,10,9.3,6,6.99,6.87,1.6,7.81,10
20260908B27,最低落札価格（電源属地別）[円/kW・30分],0.93,4.39,0.39,1.31,5.8,2.29,2.13,0.36,4.79,0.36
20260908B27,平均落札価格（電源属地別）[円/kW・30分],5.09,7.7,5.56,2.71,5.9,3.85,5.44,0.72,7.46,4.77
20260908B27,最高落札価格（TSO別）[円/kW・30分],9.91,10,10,6,6,9.3,6.87,1.6,7.81,10
20260908B27,最低落札価格（TSO別）[円/kW・30分],0.93,4.39,0.39,1.31,1.34,1.36,1.6,0.36,0.36,0.36
20260908B27,平均落札価格（TSO別）[円/kW・30分],5.09,7.7,5.56,2.5,1.83,4.18,5.22,0.82,6.28,4.77
20260908B27,落札量合計（TSO別）[MW],148,99.488,461.144,254,62,155,149,70.545,241.99,1641.167
20260908B27,（内訳）自エリアからの落札量[MW],148,99.488,461.144,254,3.928,94.101,140.545,70.545,201.99,1473.741
20260908B28,募集量（TSO別）[MW],67,133,562,254,62,154,148,48,176,1604
20260908B28,応札量合計（電源属地別）[MW],214.508,99.488,491.07,405.08,3.928,97.394,84.592,184.473,220.255,1800.788
20260908B28,落札量合計（電源属地別）[MW],148,99.488,488.376,367.882,3.928,97.394,52.917,184.237,168.836,1611.058
20260908B28,応札件数（電源属地別）[件],10,21,71,76,2,20,20,7,38,265
20260908B28,落札件数（電源属地別）[件],6,21,70,57,2,20,4,7,11,198
20260908B28,最高落札価格（電源属地別）[円/kW・30分],9.91,10,10,6.2,6,6.99,4.21,1.6,8.93,10
20260908B28,最低落札価格（電源属地別）[円/kW・30分],0.93,3.57,0.39,1.3,5.8,1.34,2.29,0.36,2.98,0.36
20260908B28,平均落札価格（電源属地別）[円/kW・30分],5.35,7.72,5.77,2.42,5.9,3.8,3.03,0.62,8.19,4.54
20260908B28,最高落札価格（TSO別）[円/kW・30分],9.91,10,10,6.2,6,6.99,4.21,1.6,8.93,10
20260908B28,最低落札価格（TSO別）[円/kW・30分],0.93,3.57,0.39,1.3,1.31,1.3,0.36,0.36,0.36,0.36
20260908B28,平均落札価格（TSO別）[円/kW・30分],5.35,7.72,5.77,2.22,3.11,3.43,1.49,0.74,7,4.54
20260908B28,落札量合計（TSO別）[MW],148,99.488,488.376,254,62,153.204,148,59,198.99,1611.058
20260908B28,（内訳）自エリアからの落札量[MW],148,99.488,488.376,254,3.928,97.394,52.917,59,168.836,1371.939
20260908B29,募集量（TSO別）[MW],66,131,561,253,62,155,148,48,175,1599
20260908B29,応札量合計（電源属地別）[MW],157.668,77.488,519.654,362.397,3.928,97.394,73.303,184.473,224.755,1701.06
20260908B29,落札量合計（電源属地別）[MW],109,77.488,516.96,324.199,3.928,97.394,42.628,184.473,192.417,1548.487
20260908B29,応札件数（電源属地別）[件],7,20,70,75,2,20,19,7,40,260
20260908B29,落札件数（電源属地別）[件],7,20,69,56,2,20,4,7,23,208
20260908B29,最高落札価格（電源属地別）[円/kW・30分],8.85,10,10,9.3,6,7.77,4.11,1.6,9.72,10
20260908B29,最低落札価格（電源属地別）[円/kW・30分],0.93,6.72,0.39,1.4,5.8,1.34,2.82,0.36,2.91,0.36
20260908B29,平均落札価格（電源属地別）[円/kW・30分],2.03,8.58,5.78,2.66,5.9,3.84,3.12,0.62,8.36,4.51
20260908B29,最高落札価格（TSO別）[円/kW・30分],8.85,10,10,6.2,9.3,7.77,4.11,1.6,9.72,10
20260908B29,最低落札価格（TSO別）[円/kW・30分],0.93,6.72,0.39,1.4,1.51,1.34,0.36,0.36,0.36,0.36
20260908B29,平均落札価格（TSO別）[円/kW・30分],2.03,8.58,5.78,2.18,4.54,3.87,1.26,0.86,7.91,4.51
20260908B29,落札量合計（TSO別）[MW],109,77.488,516.96,253,62,110.521,148,67.628,203.89,1548.487
20260908B29,（内訳）自エリアからの落札量[MW],109,77.488,516.96,253,3.928,97.394,42.628,67.628,192.417,1360.443
20260908B30,募集量（TSO別）[MW],66,126,561,253,62,155,148,47,174,1592
20260908B30,応札量合計（電源属地別）[MW],202.558,101.488,370.193,352.097,3.928,97.394,199.618,184.473,194.566,1706.315
20260908B30,落札量合計（電源属地別）[MW],103,101.488,367.499,313.899,3.928,97.394,154.017,183.8,121.89,1446.915
20260908B30,応札件数（電源属地別）[件],8,22,62,74,2,20,28,7,46,269
20260908B30,落札件数（電源属地別）[件],7,22,61,55,2,20,5,7,8,187
20260908B30,最高落札価格（電源属地別）[円/kW・30分],9.91,10,10,6.2,6,7.77,10,1.6,10.81,10.81
20260908B30,最低落札価格（電源属地別）[円/kW・30分],0.93,4.95,0.39,2.17,3.2,1.34,2.92,0.36,4.59,0.36
20260908B30,平均落札価格（電源属地別）[円/kW・30分],2.78,7.35,6.12,3.16,4.62,3.84,7.44,0.62,10.27,4.96
20260908B30,最高落札価格（TSO別）[円/kW・30分],9.91,10,10,6.2,6,7.77,10,1.6,10.81,10.81
20260908B30,最低落札価格（TSO別）[円/kW・30分],0.93,4.95,0.39,2.17,2.34,1.34,0.36,0.36,0.36,0.36
20260908B30,平均落札価格（TSO別）[円/kW・30分],2.78,7.35,6.12,2.9,4.23,3.88,5.56,0.95,7.18,4.96
20260908B30,落札量合計（TSO別）[MW],103,101.488,367.499,253,60.744,101.477,209.817,72,177.89,1446.915
20260908B30,（内訳）自エリアからの落札量[MW],103,101.488,367.499,253,3.928,97.394,154.017,72,121.89,1274.216
20260908B31,募集量（TSO別）[MW],64,194,560,252,63,154,147,45,170,1649
20260908B31,応札量合計（電源属地別）[MW],157.708,101.488,560.915,349.515,3.928,97.394,196.059,153.473,200.55,1821.03
20260908B31,落札量合計（電源属地別）[MW],93,101.488,553.962,320.199,3.928,97.394,153.534,153.473,139.317,1616.295
20260908B31,応札件数（電源属地別）[件],7,22,74,70,2,20,27,6,47,275
20260908B31,落札件数（電源属地別）[件],2,22,70,55,2,20,5,6,15,197
20260908B31,最高落札価格（電源属地別）[円/kW・30分],3.89,10,9.47,9.3,6,6.99,8.3,1.6,9.31,10
20260908B31,最低落札価格（電源属地別）[円/kW・30分],0.98,5.52,0.39,1.45,5.95,1.34,1.56,0.36,2.26,0.36
20260908B31,平均落札価格（電源属地別）[円/kW・30分],3.61,7.58,4.43,2.71,5.98,3.69,5.84,0.67,8.15,4.3
20260908B31,最高落札価格（TSO別）[円/kW・30分],3.89,10,9.47,9.3,6,6.99,8.3,1.6,9.31,10
20260908B31,最低落札価格（TSO別）[円/kW・30分],0.98,5.52,0.39,1.47,1.45,1.34,0.36,0.36,0.36,0.36
20260908B31,平均落札価格（TSO別）[円/kW・30分],3.61,7.58,4.43,2.44,3.36,3.85,4.45,1.03,6.67,4.3
20260908B31,落札量合計（TSO別）[MW],93,101.488,553.962,252,36.629,132.892,206.334,68,171.99,1616.295
20260908B31,（内訳）自エリアからの落札量[MW],93,101.488,553.962,252,3.928,97.394,153.534,68,139.317,1462.623
20260908B32,募集量（TSO別）[MW],64,194,560,252,63,154,147,45,170,1649
20260908B32,応札量合計（電源属地別）[MW],139.708,113.488,507.85,360.28,3.928,97.394,196.059,153.473,248.55,1820.73
20260908B32,落札量合計（電源属地別）[MW],91.74,113.488,500.897,330.964,3.928,97.394,153.534,153.473,138.317,1583.735
20260908B32,応札件数（電源属地別）[件],7,23,71,72,2,20,27,6,48,276
20260908B32,落札件数（電源属地別）[件],6,23,67,57,2,20,5,6,10,196
20260908B32,最高落札価格（電源属地別）[円/kW・30分],8.85,10,9.78,6.2,6,6.99,9.14,1.79,10.59,10.59
20260908B32,最低落札価格（電源属地別）[円/kW・30分],0.98,1.55,0.39,1.65,5.8,1.34,2.13,0.36,2.28,0.36
20260908B32,平均落札価格（電源属地別）[円/kW・30分],5.27,6.3,4.82,2.99,5.9,3.75,6.6,0.77,8.63,4.62
20260908B32,最高落札価格（TSO別）[円/kW・30分],8.85,10,9.78,5.88,6.2,6.99,9.14,1.6,10.59,10.59
20260908B32,最低落札価格（TSO別）[円/kW・30分],0.98,1.55,0.39,1.65,1.7,1.34,0.36,0.36,0.36,0.36
20260908B32,平均落札価格（TSO別）[円/kW・30分],5.27,6.3,4.82,2.93,3.31,3.63,5.09,1.01,7.01,4.62
20260908B32,落札量合計（TSO別）[MW],91.74,113.488,500.897,252,40.928,139.358,206.334,67,171.99,1583.735
20260908B32,（内訳）自エリアからの落札量[MW],91.74,113.488,500.897,252,3.928,97.394,153.534,67,138.317,1418.298
20260908B33,募集量（TSO別）[MW],64,194,560,252,63,154,147,45,170,1649
20260908B33,応札量合計（電源属地別）[MW],152.518,113.488,507.358,405.249,3.928,97.394,100.02,153.473,250.02,1783.448
20260908B33,落札量合計（電源属地別）[MW],104.55,113.488,500.405,357.05,0,65.303,71.389,153.473,194.95,1560.608
20260908B33,応札件数（電源属地別）[件],7,23,71,77,2,20,26,6,49,281
20260908B33,落札件数（電源属地別）[件],6,23,67,57,0,11,11,6,35,216
20260908B33,最高落札価格（電源属地別）[円/kW・30分],9.91,10,10,6.95,0,5,5.61,1.79,11.54,11.54
20260908B33,最低落札価格（電源属地別）[円/kW・30分],0.98,1.8,0.39,1.66,0,1.34,3.07,0.36,2.24,0.36
20260908B33,平均落札価格（電源属地別）[円/kW・30分],7.3,6.22,4.57,3.31,0,2.65,4.41,0.77,8.14,4.57
20260908B33,最高落札価格（TSO別）[円/kW・30分],9.91,10,10,6.95,5.25,11.54,5.61,1.6,11.33,11.54
20260908B33,最低落札価格（TSO別）[円/kW・30分],0.98,1.8,0.39,1.66,1.69,0.36,0.36,0.36,2.24,0.36
20260908B33,平均落札価格（TSO別）[円/kW・30分],7.3,6.22,4.57,3.63,3.08,2.69,2.6,0.8,8.26,4.57
20260908B33,落札量合計（TSO別）[MW],104.55,113.488,500.405,252,63,154,158.165,45,170,1560.608
20260908B33,（内訳）自エリアからの落札量[MW],104.55,113.488,500.405,252,0,65.303,71.389,45,170,1322.135
20260908B34,募集量（TSO別）[MW],64,193,560,252,63,154,147,45,169,1647
20260908B34,応札量合計（電源属地別）[MW],152.54,110.023,510.606,429.614,3.928,97.394,100.02,153.473,249.036,1806.634
20260908B34,落札量合計（電源属地別）[MW],106.54,110.023,503.653,314.168,0,80.398,77.866,153.473,204.095,1550.216
20260908B34,応札件数（電源属地別）[件],7,21,72,79,2,20,26,6,44,277
20260908B34,落札件数（電源属地別）[件],7,21,68,52,0,18,15,6,29,216
20260908B34,最高落札価格（電源属地別）[円/kW・30分],9.91,10,10,7.14,0,5,6.87,4.99,8.26,10
20260908B34,最低落札価格（電源属地別）[円/kW・30分],0.98,1.76,0.39,1.73,0,1.34,2.68,0.36,2.98,0.36
20260908B34,平均落札価格（電源属地別）[円/kW・30分],7.58,5.7,5.04,3.16,0,3.09,5.38,1.01,7.15,4.67
20260908B34,最高落札価格（TSO別）[円/kW・30分],9.91,10,10,7.14,5,8.26,6.87,4.99,8.26,10
20260908B34,最低落札価格（TSO別）[円/kW・30分],0.98,1.76,0.39,1.73,1.34,0.36,0.36,0.36,2.98,0.36
20260908B34,平均落札価格（TSO別）[円/kW・30分],7.58,5.7,5.04,3.21,2.92,3.23,3.21,1.99,7.24,4.67
20260908B34,落札量合計（TSO別）[MW],106.54,110.023,503.653,252,63,154,147,45,169,1550.216
20260908B34,（内訳）自エリアからの落札量[MW],106.54,110.023,503.653,252,0,79.566,77.866,45,169,1343.648
20260908B35,募集量（TSO別）[MW],63,191,560,252,63,154,147,44,169,1643
20260908B35,応札量合計（電源属地別）[MW],39.75,113.488,509.768,439.379,3.928,97.394,100.02,153.473,365.02,1822.22
20260908B35,落札量合計（電源属地別）[MW],39.75,113.488,503.878,316.165,0,80.398,91.271,153.473,201.693,1500.116
20260908B35,応札件数（電源属地別）[件],3,23,73,79,2,20,26,6,46,278
20260908B35,落札件数（電源属地別）[件],3,23,70,53,0,18,21,6,33,227
20260908B35,最高落札価格（電源属地別）[円/kW・30分],4.99,10,9.78,6.87,0,5,6.61,4.99,8,10
20260908B35,最低落札価格（電源属地別）[円/kW・30分],4,1.55,0.39,1.65,0,1.34,3,0.36,2.98,0.36
20260908B35,平均落札価格（電源属地別）[円/kW・30分],4.89,6.31,4.82,2.94,0,3.09,5.17,1.01,6.77,4.34
20260908B35,最高落札価格（TSO別）[円/kW・30分],4.99,10,9.78,6.87,5,8,6.61,1.6,8,10
20260908B35,最低落札価格（TSO別）[円/kW・30分],4,1.55,0.39,1.65,0.36,0.36,0.36,0.36,2.98,0.36
20260908B35,平均落札価格（TSO別）[円/kW・30分],4.89,6.31,4.82,2.96,2.86,2.44,3.67,0.78,7.07,4.34
20260908B35,落札量合計（TSO別）[MW],39.75,113.488,503.878,252,63,154,147,44,183,1500.116
20260908B35,（内訳）自エリアからの落札量[MW],39.75,113.488,503.878,252,0,80.398,91.271,44,183,1307.785
20260908B36,募集量（TSO別）[MW],64,189,560,252,63,153,147,43,168,1639
20260908B36,応札量合計（電源属地別）[MW],41.74,111.988,482.392,444.778,3.928,97.394,100.02,153.473,302.02,1737.733
20260908B36,落札量合計（電源属地別）[MW],41.74,111.988,476.552,311.722,1.93,78.604,91.271,153.473,202,1469.28
20260908B36,応札件数（電源属地別）[件],4,22,69,79,2,20,26,6,45,273
20260908B36,落札件数（電源属地別）[件],4,22,66,57,1,17,21,6,34,228
20260908B36,最高落札価格（電源属地別）[円/kW・30分],9.95,10,10,6.71,4.8,5,6.84,4.99,8.23,10
20260908B36,最低落札価格（電源属地別）[円/kW・30分],4,1.8,0.39,1.61,4.8,1.34,4,0.36,2.98,0.36
20260908B36,平均落札価格（電源属地別）[円/kW・30分],5.34,6.18,4.74,2.83,4.8,3.14,5.36,1.07,6.95,4.33
20260908B36,最高落札価格（TSO別）[円/kW・30分],9.95,10,10,6.71,5,5,6.84,1.6,8.23,10
20260908B36,最低落札価格（TSO別）[円/kW・30分],4,1.8,0.39,1.61,0.36,0.36,0.36,0.36,2.98,0.36
20260908B36,平均落札価格（TSO別）[円/kW・30分],5.34,6.18,4.74,2.76,3.11,1.83,4.59,0.88,7.24,4.33
20260908B36,落札量合計（TSO別）[MW],41.74,111.988,476.552,252,63,153,147,43,181,1469.28
20260908B36,（内訳）自エリアからの落札量[MW],41.74,111.988,476.552,252,1.93,78.604,91.271,43,181,1278.085
20260908B37,募集量（TSO別）[MW],63,188,562,250,63,149,147,42,167,1631
20260908B37,応札量合計（電源属地別）[MW],88.54,111.492,516.382,431.406,3.928,97.394,98.03,153.473,241.672,1742.317
20260908B37,落札量合計（電源属地別）[MW],88.54,111.492,506.638,306.714,1.93,78.604,89.281,153.473,198.998,1535.67
20260908B37,応札件数（電源属地別）[件],6,22,75,75,2,20,25,6,42,273
20260908B37,落札件数（電源属地別）[件],6,22,70,53,1,17,20,6,35,230
20260908B37,最高落札価格（電源属地別）[円/kW・30分],9.95,10,10,6.58,4.4,5.47,6.85,4.99,8.24,10
20260908B37,最低落札価格（電源属地別）[円/kW・30分],2.9,1.78,0.39,1.59,4.4,1.34,3.73,0.36,2.94,0.36
20260908B37,平均落札価格（電源属地別）[円/kW・30分],8.06,5.75,5.51,2.82,4.4,3.16,5.3,1.07,6.94,4.74
20260908B37,最高落札価格（TSO別）[円/kW・30分],9.95,10,10,6.58,5.88,5.47,6.85,4.99,8.24,10
20260908B37,最低落札価格（TSO別）[円/kW・30分],2.9,1.78,0.39,1.59,1.34,0.36,0.36,0.36,2.94,0.36
20260908B37,平均落札価格（TSO別）[円/kW・30分],8.06,5.75,5.51,2.84,2.72,1.79,4.03,2.39,7.29,4.74
20260908B37,落札量合計（TSO別）[MW],88.54,111.492,506.638,250,63,149,147,42,178,1535.67
20260908B37,（内訳）自エリアからの落札量[MW],88.54,111.492,506.638,250,1.93,74.248,89.281,42,178,1342.129
20260908B38,募集量（TSO別）[MW],63,188,562,250,63,149,147,42,167,1631
20260908B38,応札量合計（電源属地別）[MW],68.69,97.992,489.226,393.258,3.928,97.394,98.03,153.473,239.688,1641.679
20260908B38,落札量合計（電源属地別）[MW],68.69,97.992,479.482,302.5,3.928,78.604,89.281,153.473,201.214,1475.164
20260908B38,応札件数（電源属地別）[件],6,20,72,73,2,20,25,6,41,265
20260908B38,落札件数（電源属地別）[件],6,20,67,53,2,17,20,6,34,225
20260908B38,最高落札価格（電源属地別）[円/kW・30分],9.95,10,10,6.47,6,5.47,6.61,5.49,8,10
20260908B38,最低落札価格（電源属地別）[円/kW・30分],2.9,2.08,0.39,1.53,1.4,1.34,3.86,0.36,2.94,0.36
20260908B38,平均落札価格（電源属地別）[円/kW・30分],5.02,6.22,4.95,2.98,3.74,3.16,5.15,1.08,6.81,4.4
20260908B38,最高落札価格（TSO別）[円/kW・30分],9.95,10,10,6.47,6,5,6.61,3.7,8,10
20260908B38,最低落札価格（TSO別）[円/kW・30分],2.9,2.08,0.39,1.53,0.36,0.36,0.36,0.36,2.94,0.36
20260908B38,平均落札価格（TSO別）[円/kW・30分],5.02,6.22,4.95,3.12,2.5,1.7,4.36,1.02,7.22,4.4
20260908B38,落札量合計（TSO別）[MW],68.69,97.992,479.482,250,63,149,147,42,178,1475.164
20260908B38,（内訳）自エリアからの落札量[MW],68.69,97.992,479.482,250,3.928,74.61,89.281,42,178,1283.983
20260908B39,募集量（TSO別）[MW],63,188,563,250,63,149,147,42,167,1632
20260908B39,応札量合計（電源属地別）[MW],93.908,87.492,518.164,408.442,3.928,95.951,98.03,153.473,280.711,1740.099
20260908B39,落札量合計（電源属地別）[MW],81.94,87.492,515.121,293.038,1.93,75.165,89.281,153.473,216.113,1513.553
20260908B39,応札件数（電源属地別）[件],7,20,72,78,2,19,25,6,44,273
20260908B39,落札件数（電源属地別）[件],7,20,70,52,1,15,20,6,35,226
20260908B39,最高落札価格（電源属地別）[円/kW・30分],9.95,10,9.49,5.98,4.6,5,6.26,5.49,7,10
20260908B39,最低落札価格（電源属地別）[円/kW・30分],0.93,1.28,0.39,1.39,4.6,2.29,2.18,0.36,2.94,0.36
20260908B39,平均落札価格（電源属地別）[円/kW・30分],5.88,7.05,4.69,2.73,4.6,3.13,4.88,1.07,6.05,4.27
20260908B39,最高落札価格（TSO別）[円/kW・30分],9.95,10,9.49,5.98,4.99,5.49,7,1.6,7,10
20260908B39,最低落札価格（TSO別）[円/kW・30分],0.93,1.28,0.39,1.39,0.36,0.36,0.36,0.36,2.98,0.36
20260908B39,平均落札価格（TSO別）[円/kW・30分],5.88,7.05,4.69,2.78,1.9,2.19,4.28,0.93,6.42,4.27
20260908B39,落札量合計（TSO別）[MW],81.94,87.492,515.121,250,63,149,147,42,178,1513.553
20260908B39,（内訳）自エリアからの落札量[MW],81.94,87.492,515.121,250,1.93,75.165,89.281,42,178,1320.929
20260908B40,募集量（TSO別）[MW],63,187,563,250,63,149,147,42,167,1631
20260908B40,応札量合計（電源属地別）[MW],69.708,99.492,567.003,412.142,3.928,95.951,194.259,153.473,278.7,1874.656
20260908B40,落札量合計（電源属地別）[MW],69.708,99.492,562.01,264.027,1.93,71.126,157.496,153.473,190.313,1569.575
20260908B40,応札件数（電源属地別）[件],6,21,74,78,2,19,26,6,45,277
20260908B40,落札件数（電源属地別）[件],6,21,71,29,1,13,7,6,29,183
20260908B40,最高落札価格（電源属地別）[円/kW・30分],9.95,10,9.49,4.39,1.75,3,9.58,3.05,4.81,10
20260908B40,最低落札価格（電源属地別）[円/kW・30分],0.93,6.32,0.39,0.62,1.75,2.29,1.3,0.36,2.63,0.36
20260908B40,平均落札価格（電源属地別）[円/kW・30分],3.19,7.85,4.44,1.91,1.75,2.49,6.93,0.85,4.35,3.97
20260908B40,最高落札価格（TSO別）[円/kW・30分],9.95,10,9.49,4.39,9.58,9.58,9.58,2.5,4.81,10
20260908B40,最低落札価格（TSO別）[円/kW・30分],0.93,6.32,0.39,0.62,0.36,0.36,0.36,0.36,2.63,0.36
20260908B40,平均落札価格（TSO別）[円/kW・30分],3.19,7.85,4.44,1.98,2.01,3.75,4.43,1.65,4.44,3.97
20260908B40,落札量合計（TSO別）[MW],69.708,99.492,562.01,250,63,149,156.365,42,178,1569.575
20260908B40,（内訳）自エリアからの落札量[MW],69.708,99.492,562.01,250,1.93,71.126,111.327,42,178,1385.593
20260908B41,募集量（TSO別）[MW],63,187,561,250,61,148,147,42,167,1626
20260908B41,応札量合計（電源属地別）[MW],155.508,99.492,587.248,406.848,3.928,97.394,227.954,153.473,348.1,2079.945
20260908B41,落札量合計（電源属地別）[MW],106.54,99.492,579.955,250,0,66.781,189.223,150.543,177.618,1620.152
20260908B41,応札件数（電源属地別）[件],9,21,74,75,2,20,27,6,48,282
20260908B41,落札件数（電源属地別）[件],9,21,71,23,0,11,7,4,24,170
20260908B41,最高落札価格（電源属地別）[円/kW・30分],9.95,10,9.49,4.38,0,2.95,8.31,2.5,4.18,10
20260908B41,最低落札価格（電源属地別）[円/kW・30分],0.93,6.72,0.39,0.59,0,1.34,1.56,0.36,2.63,0.36
20260908B41,平均落札価格（電源属地別）[円/kW・30分],5.73,8.02,4.07,2.06,0,2.42,5.17,0.8,3.92,3.85
20260908B41,最高落札価格（TSO別）[円/kW・30分],9.95,10,9.49,4.38,8.31,8.31,8.31,1.6,4.18,10
20260908B41,最低落札価格（TSO別）[円/kW・30分],0.93,3.3,0.39,0.59,0.36,0.36,0.36,0.36,0.36,0.36
20260908B41,平均落札価格（TSO別）[円/kW・30分],5.73,8.1,3.93,2.06,3.86,2.42,4,1.3,3.87,3.85
20260908B41,落札量合計（TSO別）[MW],106.54,118.447,561,250,61,148,156.165,42,177,1620.152
20260908B41,（内訳）自エリアからの落札量[MW],106.54,99.492,561,250,0,42.781,115.164,42,173.239,1390.216
20260908B42,募集量（TSO別）[MW],63,187,561,250,59,147,146,42,167,1622
20260908B42,応札量合計（電源属地別）[MW],154.518,99.492,607.614,382.483,3.928,95.544,211.213,153.473,296.766,2005.031
20260908B42,落札量合計（電源属地別）[MW],105.55,99.492,594.67,250,3.928,67.923,162.835,153.473,193.996,1631.867
20260908B42,応札件数（電源属地別）[件],8,21,78,73,2,19,29,6,47,283
20260908B42,落札件数（電源属地別）[件],8,21,72,23,2,7,10,6,19,168
20260908B42,最高落札価格（電源属地別）[円/kW・30分],9.91,10,9.49,4.38,2.85,2.9,7.63,2.75,3.69,10
20260908B42,最低落札価格（電源属地別）[円/kW・30分],0.93,6.72,0.39,0.77,2.5,1.34,1.56,0.36,2.63,0.36
20260908B42,平均落札価格（電源属地別）[円/kW・30分],5.46,8.26,4.18,2.17,2.67,2.37,5.21,0.84,3.55,3.84
20260908B42,最高落札価格（TSO別）[円/kW・30分],9.91,10,9.49,4.38,3.69,7.63,7.63,3.69,3.69,10
20260908B42,最低落札価格（TSO別）[円/kW・30分],0.93,2.77,0.39,0.77,0.36,0.36,0.36,0.36,2,0.36
20260908B42,平均落札価格（TSO別）[円/kW・30分],5.46,8.34,3.91,2.17,2.13,3.41,3.4,1.44,3.47,3.84
20260908B42,落札量合計（TSO別）[MW],105.55,133.162,561,250,59,147,156.155,42,178,1631.867
20260908B42,（内訳）自エリアからの落札量[MW],105.55,99.492,561,250,3.928,52.115,107.736,41,170.462,1391.283
20260908B43,募集量（TSO別）[MW],63,97,560,250,59,147,144,42,167,1529
20260908B43,応札量合計（電源属地別）[MW],153.708,85.562,570.711,366.578,3.928,95.544,243.557,187.473,254.324,1961.385
20260908B43,落札量合計（電源属地別）[MW],101.75,85.562,564.584,250,1.998,69.795,175.287,187.473,136.602,1573.051
20260908B43,応札件数（電源属地別）[件],7,19,73,72,2,19,29,9,46,276
20260908B43,落札件数（電源属地別）[件],7,19,70,23,1,6,10,9,7,152
20260908B43,最高落札価格（電源属地別）[円/kW・30分],4.9,10,9.49,4.38,2.5,2.57,6.75,2.6,3.2,10
20260908B43,最低落札価格（電源属地別）[円/kW・30分],0.92,6.72,0.39,0.82,2.5,1.34,1.56,0.36,2.07,0.36
20260908B43,平均落札価格（電源属地別）[円/kW・30分],1.55,8.59,4,2.31,2.5,2.33,4.83,0.77,3.16,3.38
20260908B43,最高落札価格（TSO別）[円/kW・30分],4.9,10,9.49,4.38,3.2,6.75,6.75,2.6,3.2,10
20260908B43,最低落札価格（TSO別）[円/kW・30分],0.92,3.3,0.39,0.82,0.38,0.36,0.36,0.36,0.36,0.36
20260908B43,平均落札価格（TSO別）[円/kW・30分],1.55,8.46,3.98,2.31,1.85,3.12,3.36,0.86,2.79,3.38
20260908B43,落札量合計（TSO別）[MW],101.75,90.146,560,250,59,147,154.155,44,167,1573.051
20260908B43,（内訳）自エリアからの落札量[MW],101.75,85.562,560,250,1.998,44.145,120.105,44,134.432,1341.992
20260908B44,募集量（TSO別）[MW],64,97,560,251,59,147,144,42,168,1532
20260908B44,応札量合計（電源属地別）[MW],197.158,85.562,527.17,366.578,3.928,140.807,250.909,200.473,255.324,2027.909
20260908B44,落札量合計（電源属地別）[MW],125,85.562,521.343,251,1.998,110.677,166.842,197.543,147.47,1607.435
20260908B44,応札件数（電源属地別）[件],8,19,72,74,2,20,31,10,46,282
20260908B44,落札件数（電源属地別）[件],8,19,69,26,1,5,10,8,4,150
20260908B44,最高落札価格（電源属地別）[円/kW・30分],8,10,9.49,4.38,2.5,2.57,5.84,2.5,3.82,10
20260908B44,最低落札価格（電源属地別）[円/kW・30分],0.92,6.46,0.39,0.56,2.5,0.39,0.39,0.36,2.5,0.36
20260908B44,平均落札価格（電源属地別）[円/kW・30分],3.5,8.08,4.3,1.81,2.5,1.54,4.02,0.8,3.81,3.35
20260908B44,最高落札価格（TSO別）[円/kW・30分],8,10,9.49,4.38,5.84,5.84,5.84,1.7,3.82,10
20260908B44,最低落札価格（TSO別）[円/kW・30分],0.92,6.46,0.39,0.56,0.36,0.36,0.36,0.36,0.36,0.36
20260908B44,平均落札価格（TSO別）[円/kW・30分],3.5,8.08,4.3,1.81,2.46,1.87,2.95,0.74,3.21,3.35
20260908B44,落札量合計（TSO別）[MW],125,85.562,521.343,251,59,186.385,154.145,42,183,1607.435
20260908B44,（内訳）自エリアからの落札量[MW],125,85.562,521.343,251,1.998,104.799,126.722,42,147.47,1405.894
20260908B45,募集量（TSO別）[MW],65,97,560,251,59,147,144,42,168,1533
20260908B45,応札量合計（電源属地別）[MW],159.658,87.492,530.349,342.213,1.998,95.544,235.316,197.543,281.4,1931.513
20260908B45,落札量合計（電源属地別）[MW],107.7,87.492,522.609,251,1.998,85.719,106.625,197.543,182.115,1542.801
20260908B45,応札件数（電源属地別）[件],8,20,72,70,1,19,30,8,47,275
20260908B45,落札件数（電源属地別）[件],8,20,68,24,1,14,18,8,24,185
20260908B45,最高落札価格（電源属地別）[円/kW・30分],4.9,10,9.49,4.69,2.5,3,3,2.5,7.66,10
20260908B45,最低落札価格（電源属地別）[円/kW・30分],0.92,6.22,0.39,0.56,2.5,1.34,0.39,0.36,2.5,0.36
20260908B45,平均落札価格（電源属地別）[円/kW・30分],1.4,8.04,4.31,2.11,2.5,2.48,1.56,0.8,4.61,3.25
20260908B45,最高落札価格（TSO別）[円/kW・30分],4.9,10,9.49,4.69,3,3,3,1.7,7.66,10
20260908B45,最低落札価格（TSO別）[円/kW・30分],0.92,6.22,0.39,0.56,0.36,0.36,0.36,0.36,2.5,0.36
20260908B45,平均落札価格（TSO別）[円/kW・30分],1.4,8.04,4.31,2.11,0.52,2.04,1.33,0.63,4.64,3.25
20260908B45,落札量合計（TSO別）[MW],107.7,87.492,522.609,251,59,147,144,45,179,1542.801
20260908B45,（内訳）自エリアからの落札量[MW],107.7,87.492,522.609,251,1.998,83.717,106.625,45,179,1385.141
20260908B46,募集量（TSO別）[MW],65,96,558,250,59,145,144,42,167,1526
20260908B46,応札量合計（電源属地別）[MW],199.108,87.492,582.033,342.213,1.998,93.604,235.316,197.543,286.416,2025.723
20260908B46,落札量合計（電源属地別）[MW],149.15,82.646,571.354,250,1.998,83.779,110.604,197.543,166.076,1613.15
20260908B46,応札件数（電源属地別）[件],9,20,73,70,1,18,30,8,47,276
20260908B46,落札件数（電源属地別）[件],9,17,68,23,1,13,20,8,32,191
20260908B46,最高落札価格（電源属地別）[円/kW・30分],8,9.49,9.49,4.38,2.5,3,3.65,2.5,6.96,9.49
20260908B46,最低落札価格（電源属地別）[円/kW・30分],0.92,6.61,0.39,0.63,2.5,1.34,0.39,0.36,2.5,0.36
20260908B46,平均落札価格（電源属地別）[円/kW・30分],3.01,8.05,3.97,2.12,2.5,2.45,1.64,0.8,3.32,3.11
20260908B46,最高落札価格（TSO別）[円/kW・30分],8,9.49,9.49,4.38,3,2.97,3.65,2.5,6.96,9.49
20260908B46,最低落札価格（TSO別）[円/kW・30分],0.92,2.25,0.39,0.63,0.36,0.36,0.36,0.36,2.5,0.36
20260908B46,平均落札価格（TSO別）[円/kW・30分],3.01,8.03,3.87,2.12,1.27,1.56,1.28,1.32,3.33,3.11
20260908B46,落札量合計（TSO別）[MW],149.15,96,558,250,58.997,145.001,144,45.002,167,1613.15
20260908B46,（内訳）自エリアからの落札量[MW],149.15,82.646,558,250,1.998,68.325,107.69,45.002,164.086,1426.897
20260908B47,募集量（TSO別）[MW],65,95,556,249,58,144,143,42,167,1519
20260908B47,応札量合計（電源属地別）[MW],157.708,87.492,506.151,338.453,3.928,93.604,173.912,214.473,297.3,1873.021
20260908B47,落札量合計（電源属地別）[MW],106.75,87.492,496.361,249,3.928,76.079,139.337,214.473,120.183,1493.603
20260908B47,応札件数（電源属地別）[件],7,20,70,68,2,18,26,11,51,273
20260908B47,落札件数（電源属地別）[件],7,20,66,23,2,10,8,11,12,159
20260908B47,最高落札価格（電源属地別）[円/kW・30分],4.9,10,9.49,4.69,2.5,2.9,5.83,2.6,5.27,10
20260908B47,最低落札価格（電源属地別）[円/kW・30分],0.92,6.33,0.39,0.56,2.4,1.34,0.39,0.36,2.36,0.36
20260908B47,平均落札価格（電源属地別）[円/kW・30分],1.36,8.08,4.47,2.17,2.45,2.4,4.34,0.89,3.49,3.36
20260908B47,最高落札価格（TSO別）[円/kW・30分],4.9,10,9.49,4.69,5.83,2.57,5.83,2.6,5.27,10
20260908B47,最低落札価格（TSO別）[円/kW・30分],0.92,6.33,0.39,0.56,0.36,0.36,0.39,0.36,0.36,0.36
20260908B47,平均落札価格（TSO別）[円/kW・30分],1.36,8.08,4.47,2.17,1.99,1.21,4.28,1.59,2.63,3.36
20260908B47,落札量合計（TSO別）[MW],106.75,87.492,496.361,249,58,143.999,143,42.002,166.999,1493.603
20260908B47,（内訳）自エリアからの落札量[MW],106.75,87.492,496.361,249,3.928,37.574,138.77,42.002,120.183,1282.06
20260908B48,募集量（TSO別）[MW],65,94,555,246,57,142,143,42,167,1511
20260908B48,応札量合計（電源属地別）[MW],157.708,85.992,546.741,336.953,3.928,92.161,173.912,147.973,199.435,1744.803
20260908B48,落札量合計（電源属地別）[MW],106.75,85.992,535.651,246,1.998,82.336,151.693,147.973,167,1525.393
20260908B48,応札件数（電源属地別）[件],7,19,71,67,2,17,26,9,48,266
20260908B48,落札件数（電源属地別）[件],7,19,66,21,1,12,15,9,33,183
20260908B48,最高落札価格（電源属地別）[円/kW・30分],9.9,10,9.49,4.38,2.5,3,5.13,2.6,7.04,10
20260908B48,最低落札価格（電源属地別）[円/kW・30分],0.92,6.72,0.39,0.56,2.5,2.29,0.39,0.36,2.3,0.36
20260908B48,平均落札価格（電源属地別）[円/kW・30分],1.74,8.22,4.52,2.08,2.5,2.5,3.84,1,5.47,3.72
20260908B48,最高落札価格（TSO別）[円/kW・30分],9.9,10,9.49,4.38,2.5,5.13,5.13,2.6,7.04,10
20260908B48,最低落札価格（TSO別）[円/kW・30分],0.92,6.72,0.39,0.56,0.36,0.36,0.36,0.38,2.3,0.36
20260908B48,平均落札価格（TSO別）[円/kW・30分],1.74,8.22,4.52,2.08,1.33,2.1,3.56,1.36,5.47,3.72
20260908B48,落札量合計（TSO別）[MW],106.75,85.992,535.651,246,57,142,143,42,167,1525.393
20260908B48,（内訳）自エリアからの落札量[MW],106.75,85.992,535.651,246,1.998,69.334,132.693,42,167,1387.418
20260909B01,募集量（TSO別）[MW],64,89,539,117,53,132,140,41,163,1338
20260909B01,応札量合計（電源属地別）[MW],163.518,97.609,460.483,223.582,3.928,93.505,156.403,148.903,169.707,1517.638
20260909B01,落札量合計（電源属地別）[MW],104.968,89,447.747,125.534,3.928,84.667,136.521,145.043,150.307,1287.715
20260909B01,応札件数（電源属地別）[件],7,14,59,49,2,18,15,9,31,204
20260909B01,落札件数（電源属地別）[件],4,9,53,6,2,16,5,7,24,126
20260909B01,最高落札価格（電源属地別）[円/kW・30分],1.01,9.5,9.47,2.68,1.5,2.9,4.95,2.6,4.99,9.5
20260909B01,最低落札価格（電源属地別）[円/kW・30分],0.93,3.21,0.39,0.39,1.45,1.29,0.39,0.36,2.5,0.36
20260909B01,平均落札価格（電源属地別）[円/kW・30分],1.01,6.58,3.78,1.44,1.48,2.18,3.87,0.97,4.15,3.14
20260909B01,最高落札価格（TSO別）[円/kW・30分],1.01,9.5,9.47,2.68,1.92,2.9,4.95,1.7,4.99,9.5
20260909B01,最低落札価格（TSO別）[円/kW・30分],0.93,3.21,0.39,0.39,0.38,0.36,0.36,0.38,0.36,0.36
20260909B01,平均落札価格（TSO別）[円/kW・30分],1.01,6.58,3.78,1.52,1.22,1.61,3.81,1.17,3.86,3.14
20260909B01,落札量合計（TSO別）[MW],104.968,89,447.747,117,53,132,140,41,163,1287.715
20260909B01,（内訳）自エリアからの落札量[MW],104.968,89,447.747,117,3.928,72.667,136.521,41,150.307,1163.138
20260909B02,募集量（TSO別）[MW],64,89,539,117,53,132,140,41,163,1338
20260909B02,応札量合計（電源属地別）[MW],118.668,97.609,409.898,287.975,12.326,93.505,156.403,96.403,138.629,1411.416
20260909B02,落札量合計（電源属地別）[MW],112.918,89,393.844,152.363,12.326,93.505,156.403,96.403,135,1241.762
20260909B02,応札件数（電源属地別）[件],6,14,60,57,3,18,15,8,33,214
20260909B02,落札件数（電源属地別）[件],4,9,52,16,3,18,15,8,32,157
20260909B02,最高落札価格（電源属地別）[円/kW・30分],1.01,9.5,9.47,4.5,2.95,3,5.64,2.95,5.86,9.5
20260909B02,最低落札価格（電源属地別）[円/kW・30分],0.93,3.19,0.39,0.39,1.6,1.29,0.39,0.38,2.42,0.38
20260909B02,平均落札価格（電源属地別）[円/kW・30分],1.01,6.56,4.06,2.07,1.89,2.31,4.19,1.41,4.45,3.42
20260909B02,最高落札価格（TSO別）[円/kW・30分],1.01,9.5,9.47,4.5,4.5,3,5.64,1.7,5.86,9.5
20260909B02,最低落札価格（TSO別）[円/kW・30分],0.93,3.19,0.39,0.39,1.23,1.29,0.39,0.38,0.38,0.38
20260909B02,平均落札価格（TSO別）[円/kW・30分],1.01,6.56,4.06,2.09,1.94,2.26,4.35,0.78,4.04,3.42
20260909B02,落札量合計（TSO別）[MW],112.918,89,393.844,117,53,132,140,41,163,1241.762
20260909B02,（内訳）自エリアからの落札量[MW],112.918,89,393.844,117,12.326,93.505,140,41,135,1134.593
20260909B03,募集量（TSO別）[MW],64,89,539,117,53,132,140,41,163,1338
20260909B03,応札量合計（電源属地別）[MW],161.568,111.493,466.983,325.612,9.2,109.181,156.403,96.403,184.395,1621.238
20260909B03,落札量合計（電源属地別）[MW],143.85,89,446.999,131.483,7.202,107.185,156.403,96.403,163,1341.525
20260909B03,応札件数（電源属地別）[件],6,21,63,68,3,19,15,8,40,243
20260909B03,落札件数（電源属地別）[件],4,14,53,16,2,18,15,8,30,160
20260909B03,最高落札価格（電源属地別）[円/kW・30分],1.01,9.49,9.47,4.5,1.45,3,5.49,2.6,4.67,9.49
20260909B03,最低落札価格（電源属地別）[円/kW・30分],0.93,3.37,0.39,0.74,1.45,0.39,0.39,0.38,2.37,0.38
20260909B03,平均落札価格（電源属地別）[円/kW・30分],1,6.86,3.86,2.48,1.45,2.04,4.13,1.36,3.89,3.31
20260909B03,最高落札価格（TSO別）[円/kW・30分],1.01,9.49,9.47,4.5,3,3.75,5.49,1.7,4.67,9.49
20260909B03,最低落札価格（TSO別）[円/kW・30分],0.93,3.37,0.39,0.74,0.38,0.39,0.39,0.38,2.37,0.38
20260909B03,平均落札価格（TSO別）[円/kW・30分],1,6.86,3.86,2.69,1.34,2.09,4.25,1.02,3.89,3.31
20260909B03,落札量合計（TSO別）[MW],143.85,89,446.999,117,53,147.676,140,41,163,1341.525
20260909B03,（内訳）自エリアからの落札量[MW],143.85,89,446.999,117,7.202,106.566,140,41,163,1254.617
20260909B04,募集量（TSO別）[MW],64,89,539,117,53,132,140,41,163,1338
20260909B04,応札量合計（電源属地別）[MW],118.708,111.493,474.85,325.612,3.928,132.151,160.193,96.403,182.215,1605.553
20260909B04,落札量合計（電源属地別）[MW],110.968,89,446.999,124.251,3.928,132.151,160.193,96.403,163,1326.893
20260909B04,応札件数（電源属地別）[件],6,21,68,68,2,19,17,8,39,248
20260909B04,落札件数（電源属地別）[件],3,14,54,12,2,19,17,8,30,159
20260909B04,最高落札価格（電源属地別）[円/kW・30分],1.01,10,9.47,4.2,2.79,3,4.95,2.6,4.43,10
20260909B04,最低落札価格（電源属地別）[円/kW・30分],0.93,3.99,0.39,0.98,1.45,0.39,0.39,0.38,2.11,0.38
20260909B04,平均落札価格（電源属地別）[円/kW・30分],1.01,7.33,3.66,2.49,2.13,1.69,3.78,1.36,3.71,3.23
20260909B04,最高落札価格（TSO別）[円/kW・30分],1.01,10,9.47,4.2,3,3,4.95,1.7,4.43,10
20260909B04,最低落札価格（TSO別）[円/kW・30分],0.93,3.99,0.39,0.98,0.39,0.39,0.39,0.38,2.11,0.38
20260909B04,平均落札価格（TSO別）[円/kW・30分],1.01,7.33,3.66,2.46,2.1,1.86,3.9,0.61,3.71,3.23
20260909B04,落札量合計（TSO別）[MW],110.968,89,446.999,117,53,165.926,140,41,163,1326.893
20260909B04,（内訳）自エリアからの落札量[MW],110.968,89,446.999,117,3.928,128.787,140,41,163,1240.682
20260909B05,募集量（TSO別）[MW],64,89,537,116,53,131,140,40,163,1333
20260909B05,応札量合計（電源属地別）[MW],128.668,109.495,432.878,307.754,3.928,146.764,160.193,96.403,180.102,1566.185
20260909B05,落札量合計（電源属地別）[MW],101.668,89,414.999,116,3.928,144.914,136.521,96.403,155.386,1258.819
20260909B05,応札件数（電源属地別）[件],7,20,59,59,2,18,17,8,38,228
20260909B05,落札件数（電源属地別）[件],5,15,50,16,2,17,5,8,30,148
20260909B05,最高落札価格（電源属地別）[円/kW・30分],2.5,10,9.47,4.5,2.7,2.97,4.83,2.95,3.39,10
20260909B05,最低落札価格（電源属地別）[円/kW・30分],0.39,4.3,0.41,1.71,2.6,0.39,0.35,0.38,1.06,0.35
20260909B05,平均落札価格（電源属地別）[円/kW・30分],1,7.48,3.75,2.47,2.65,1.5,3.77,1.39,2.99,3.14
20260909B05,最高落札価格（TSO別）[円/kW・30分],2.5,10,9.47,4.5,2.95,2.97,4.83,1.7,3.39,10
20260909B05,最低落札価格（TSO別）[円/kW・30分],0.39,4.3,0.41,1.71,0.39,0.39,0.35,0.38,0.35,0.35
20260909B05,平均落札価格（TSO別）[円/kW・30分],1,7.48,3.75,2.47,1.07,1.86,3.74,0.73,2.89,3.14
20260909B05,落札量合計（TSO別）[MW],101.668,89,414.999,116,53,140.152,140,41,163,1258.819
20260909B05,（内訳）自エリアからの落札量[MW],101.668,89,414.999,116,3.928,114.831,134.533,41,155.386,1171.345
20260909B06,募集量（TSO別）[MW],64,89,537,116,53,130,140,40,163,1332
20260909B06,応札量合計（電源属地別）[MW],175.508,109.495,432.878,311.805,3.928,122.819,160.193,96.403,181.05,1594.079
20260909B06,落札量合計（電源属地別）[MW],102.968,89,414.999,120.583,3.928,122.819,160.193,96.403,163,1273.893
20260909B06,応札件数（電源属地別）[件],9,20,59,61,2,17,17,8,38,231
20260909B06,落札件数（電源属地別）[件],6,15,50,18,2,17,17,8,29,162
20260909B06,最高落札価格（電源属地別）[円/kW・30分],7.99,9.5,9.47,4.68,1.5,3,4.95,2.6,3.4,9.5
20260909B06,最低落札価格（電源属地別）[円/kW・30分],0.39,3.64,0.39,1.62,1.45,0.39,0.39,0.38,1.06,0.38
20260909B06,平均落札価格（電源属地別）[円/kW・30分],1.09,7.08,3.69,2.52,1.48,1.74,3.75,1.37,2.99,3.15
20260909B06,最高落札価格（TSO別）[円/kW・30分],7.99,9.5,9.47,4.68,3,3,4.95,1.7,3.4,9.5
20260909B06,最低落札価格（TSO別）[円/kW・30分],0.39,3.64,0.39,1.62,0.38,0.39,0.39,0.38,1.06,0.38
20260909B06,平均落札価格（TSO別）[円/kW・30分],1.09,7.08,3.69,2.55,1.77,1.88,3.88,0.82,2.99,3.15
20260909B06,落札量合計（TSO別）[MW],102.968,89,414.999,116,53,153.926,140,41,163,1273.893
20260909B06,（内訳）自エリアからの落札量[MW],102.968,89,414.999,116,3.928,121.455,140,41,163,1192.35
20260909B07,募集量（TSO別）[MW],63,174,536,116,53,131,140,41,164,1418
20260909B07,応札量合計（電源属地別）[MW],172.558,109.993,444.85,335.354,3.928,114.997,177.052,62.403,198.35,1619.485
20260909B07,落札量合計（電源属地別）[MW],101.95,109.993,413.999,139.245,3.928,114.997,171.103,62.403,164,1281.618
20260909B07,応札件数（電源属地別）[件],10,20,65,73,2,22,26,6,47,271
20260909B07,落札件数（電源属地別）[件],5,20,50,32,2,22,23,6,33,193
20260909B07,最高落札価格（電源属地別）[円/kW・30分],1.01,10,9.47,4.88,3.9,4,4.95,4.6,4.44,10
20260909B07,最低落札価格（電源属地別）[円/kW・30分],0.93,3.54,0.39,1.75,1.5,0.39,0.39,1.6,2.11,0.39
20260909B07,平均落札価格（電源属地別）[円/kW・30分],1.01,7.44,3.72,2.84,2.68,2.13,3.8,1.98,3.72,3.51
20260909B07,最高落札価格（TSO別）[円/kW・30分],1.01,10,9.47,4.88,4.95,4,4.95,4.6,4.44,10
20260909B07,最低落札価格（TSO別）[円/kW・30分],0.93,3.54,0.39,1.75,1.5,0.39,0.39,1.6,2.11,0.39
20260909B07,平均落札価格（TSO別）[円/kW・30分],1.01,7.44,3.72,3,2.47,2.35,3.82,1.9,3.72,3.51
20260909B07,落札量合計（TSO別）[MW],101.95,109.993,413.999,116,53,141.676,140,41,164,1281.618
20260909B07,（内訳）自エリアからの落札量[MW],101.95,109.993,413.999,116,3.928,112.249,140,41,164,1203.119
20260909B08,募集量（TSO別）[MW],63,174,537,116,53,131,140,41,164,1419
20260909B08,応札量合計（電源属地別）[MW],207.408,111.493,441.41,331.554,3.928,114.997,177.052,50.86,194.522,1633.224
20260909B08,落札量合計（電源属地別）[MW],100,111.493,414.999,152.788,3.928,114.997,171.103,50.86,164,1284.168
20260909B08,応札件数（電源属地別）[件],10,21,65,71,2,22,26,5,45,267
20260909B08,落札件数（電源属地別）[件],5,21,52,31,2,22,23,5,33,194
20260909B08,最高落札価格（電源属地別）[円/kW・30分],1.01,10,9.47,4.88,4.3,4,4.95,2.75,4.56,10
20260909B08,最低落札価格（電源属地別）[円/kW・30分],0.93,3.5,0.67,1.36,2.79,0.39,0.39,1.6,2.25,0.39
20260909B08,平均落札価格（電源属地別）[円/kW・30分],1.01,7.43,3.77,2.74,3.53,2.12,3.72,1.7,3.81,3.52
20260909B08,最高落札価格（TSO別）[円/kW・30分],1.01,10,9.47,4.88,4.3,4,4.95,1.7,4.56,10
20260909B08,最低落札価格（TSO別）[円/kW・30分],0.93,3.5,0.67,1.36,1.36,0.39,0.39,1.6,2.25,0.39
20260909B08,平均落札価格（TSO別）[円/kW・30分],1.01,7.43,3.77,3.05,2.13,2.25,3.88,1.61,3.81,3.52
20260909B08,落札量合計（TSO別）[MW],100,111.493,414.999,116,53,143.676,140,41,164,1284.168
20260909B08,（内訳）自エリアからの落札量[MW],100,111.493,414.999,116,3.928,113.147,140,41,164,1204.567
20260909B09,募集量（TSO別）[MW],63,174,538,116,53,132,140,41,165,1422
20260909B09,応札量合計（電源属地別）[MW],205.458,113.492,442.93,335.354,3.928,99.321,177.052,50.86,198.35,1626.745
20260909B09,落札量合計（電源属地別）[MW],94,113.492,415.999,162.644,3.928,97.325,171.103,47,165,1270.491
20260909B09,応札件数（電源属地別）[件],9,22,65,73,2,21,26,5,47,270
20260909B09,落札件数（電源属地別）[件],5,22,51,32,2,20,23,3,33,191
20260909B09,最高落札価格（電源属地別）[円/kW・30分],5.5,10,9.47,4.88,3.05,4,5.06,1.7,4.78,10
20260909B09,最低落札価格（電源属地別）[円/kW・30分],0.93,3.64,0.64,1.17,2.14,1.29,0.39,1.6,2.4,0.39
20260909B09,平均落札価格（電源属地別）[円/kW・30分],1.09,7.62,3.9,2.93,2.59,2.4,3.85,1.61,3.94,3.69
20260909B09,最高落札価格（TSO別）[円/kW・30分],5.5,10,9.47,4.88,4.88,4,5.06,1.6,4.78,10
20260909B09,最低落札価格（TSO別）[円/kW・30分],0.93,3.64,0.64,1.46,1.17,1.29,0.39,1.6,2.4,0.39
20260909B09,平均落札価格（TSO別）[円/kW・30分],1.09,7.62,3.9,3.08,2.52,2.6,3.97,1.6,3.94,3.69
20260909B09,落札量合計（TSO別）[MW],94,113.492,415.999,116,53,132,140,41,165,1270.491
20260909B09,（内訳）自エリアからの落札量[MW],94,113.492,415.999,116,3.928,97.325,140,41,165,1186.744
20260909B10,募集量（TSO別）[MW],63,174,538,116,53,132,140,41,165,1422
20260909B10,応札量合計（電源属地別）[MW],160.608,113.492,444.8,356.439,3.928,114.997,177.052,62.403,196.366,1630.085
20260909B10,落札量合計（電源属地別）[MW],101,113.492,415.999,142.245,3.928,114.997,171.103,62.403,165,1290.167
20260909B10,応札件数（電源属地別）[件],8,22,65,74,2,22,26,6,46,271
20260909B10,落札件数（電源属地別）[件],4,22,51,25,2,22,23,6,33,188
20260909B10,最高落札価格（電源属地別）[円/kW・30分],1.01,10,9.47,4.69,3.55,4,5.49,3.75,5.36,10
20260909B10,最低落札価格（電源属地別）[円/kW・30分],0.93,3.73,0.39,1.19,2.79,0.39,0.39,1.6,2.4,0.39
20260909B10,平均落札価格（電源属地別）[円/kW・30分],1.01,7.7,4.03,2.58,3.16,2.13,4.03,1.91,4.33,3.72
20260909B10,最高落札価格（TSO別）[円/kW・30分],1.01,10,9.47,4.69,5.49,4,5.49,1.7,5.36,10
20260909B10,最低落札価格（TSO別）[円/kW・30分],0.93,3.73,0.39,1.19,1.19,0.39,0.39,1.6,2.4,0.39
20260909B10,平均落札価格（TSO別）[円/kW・30分],1.01,7.7,4.03,2.76,2.55,2.31,4.12,1.61,4.33,3.72
20260909B10,落札量合計（TSO別）[MW],101,113.492,415.999,116,53,144.676,140,41,165,1290.167
20260909B10,（内訳）自エリアからの落札量[MW],101,113.492,415.999,116,3.928,106.925,140,41,165,1203.344
20260909B11,募集量（TSO別）[MW],63,174,538,116,53,132,140,41,165,1422
20260909B11,応札量合計（電源属地別）[MW],205.458,113.492,375.559,377.347,3.928,84.321,177.052,62.403,249.35,1648.91
20260909B11,落札量合計（電源属地別）[MW],95,113.492,344.858,160.412,3.928,84.321,171.103,62.403,164.833,1200.35
20260909B11,応札件数（電源属地別）[件],9,22,65,76,2,20,26,6,48,274
20260909B11,落札件数（電源属地別）[件],5,22,49,32,2,20,23,6,24,183
20260909B11,最高落札価格（電源属地別）[円/kW・30分],5.95,10,9.47,4.88,4.4,4,5.64,3.75,5.81,10
20260909B11,最低落札価格（電源属地別）[円/kW・30分],0.93,3.21,0.39,1.04,2,1.29,0.39,1.6,2.09,0.39
20260909B11,平均落札価格（電源属地別）[円/kW・30分],1.12,7.24,4.4,2.9,3.18,2.38,4.17,1.93,3.9,3.83
20260909B11,最高落札価格（TSO別）[円/kW・30分],5.95,10,9.47,4.88,4.88,4,5.64,1.7,5.81,10
20260909B11,最低落札価格（TSO別）[円/kW・30分],0.93,3.21,0.39,1.4,1.04,1.29,0.39,1.6,2.09,0.39
20260909B11,平均落札価格（TSO別）[円/kW・30分],1.12,7.24,4.4,3.23,2.24,2.6,4.35,1.61,3.9,3.83
20260909B11,落札量合計（TSO別）[MW],95,113.492,344.858,116,53,132,140,41,165,1200.35
20260909B11,（内訳）自エリアからの落札量[MW],95,113.492,344.858,116,3.928,84.321,140,41,164.833,1103.432
20260909B12,募集量（TSO別）[MW],63,174,538,116,53,132,140,41,165,1422
20260909B12,応札量合計（電源属地別）[MW],127.358,113.492,377.165,375.847,3.928,99.321,167.158,62.403,247.374,1574.046
20260909B12,落札量合計（電源属地別）[MW],87.068,113.492,346.464,155.139,3.928,99.321,161.209,62.403,165,1194.024
20260909B12,応札件数（電源属地別）[件],8,22,65,75,2,21,25,6,47,271
20260909B12,落札件数（電源属地別）[件],3,22,50,28,2,21,22,6,25,179
20260909B12,最高落札価格（電源属地別）[円/kW・30分],3.83,10,9.47,4.88,4.55,4,5.64,3.75,5.84,10
20260909B12,最低落札価格（電源属地別）[円/kW・30分],0.93,3.18,0.65,0.95,2,1.29,0.39,1.6,2.12,0.39
20260909B12,平均落札価格（電源属地別）[円/kW・30分],1.04,7.21,4.84,2.87,3.25,2.36,4.27,1.91,3.91,3.96
20260909B12,最高落札価格（TSO別）[円/kW・30分],3.83,10,9.47,4.88,4.55,4,5.64,1.7,5.84,10
20260909B12,最低落札価格（TSO別）[円/kW・30分],0.93,3.18,0.65,1.29,0.95,1.29,0.39,1.6,2.12,0.39
20260909B12,平均落札価格（TSO別）[円/kW・30分],1.04,7.21,4.84,3.22,2.18,2.45,4.44,1.61,3.91,3.96
20260909B12,落札量合計（TSO別）[MW],87.068,113.492,346.464,116,53,132,140,41,165,1194.024
20260909B12,（内訳）自エリアからの落札量[MW],87.068,113.492,346.464,116,3.928,99.321,140,41,165,1112.273
20260909B13,募集量（TSO別）[MW],65,183,559,126,57,145,141,44,168,1488
20260909B13,応札量合計（電源属地別）[MW],158.668,113.492,407.827,398.164,3.928,95.454,167.158,62.403,196.374,1603.468
20260909B13,落札量合計（電源属地別）[MW],109.1,113.492,392.222,184.006,3.928,95.454,161.209,62.403,174,1295.814
20260909B13,応札件数（電源属地別）[件],7,22,68,77,2,19,25,6,46,272
20260909B13,落札件数（電源属地別）[件],7,22,60,45,2,19,22,6,35,218
20260909B13,最高落札価格（電源属地別）[円/kW・30分],8.25,10,9.47,4.99,4.95,3,5.83,3.75,6.21,10
20260909B13,最低落札価格（電源属地別）[円/kW・30分],0.93,3.19,0.97,0.93,2,1.29,0.39,1.6,2.65,0.39
20260909B13,平均落札価格（電源属地別）[円/kW・30分],2.03,7.22,4.92,3.15,3.45,2.35,4.4,1.92,4.83,4.21
20260909B13,最高落札価格（TSO別）[円/kW・30分],8.25,10,9.47,4.99,4.99,5.83,5.83,1.6,6.21,10
20260909B13,最低落札価格（TSO別）[円/kW・30分],0.93,3.19,0.97,0.93,0.94,1.29,0.39,1.6,2.65,0.39
20260909B13,平均落札価格（TSO別）[円/kW・30分],2.03,7.22,4.92,3.17,3.07,3,4.14,1.6,4.9,4.21
20260909B13,落札量合計（TSO別）[MW],109.1,113.492,392.222,126,57,145,141,44,168,1295.814
20260909B13,（内訳）自エリアからの落札量[MW],109.1,113.492,392.222,126,3.928,95.454,135,44,168,1187.196
20260909B14,募集量（TSO別）[MW],65,188,567,129,57,148,142,44,169,1509
20260909B14,応札量合計（電源属地別）[MW],196.158,111.992,437.827,390.28,3.928,95.454,167.158,114.903,194.508,1712.208
20260909B14,落札量合計（電源属地別）[MW],129.5,111.992,429.232,158.4,3.928,95.454,147.315,114.903,169,1359.724
20260909B14,応札件数（電源属地別）[件],9,21,70,73,2,19,25,7,45,271
20260909B14,落札件数（電源属地別）[件],4,21,66,14,2,19,15,7,32,180
20260909B14,最高落札価格（電源属地別）[円/kW・30分],1.08,10,9.49,3.59,3.3,3,5.78,3.45,6.22,10
20260909B14,最低落札価格（電源属地別）[円/kW・30分],0.93,3.62,0.39,0.45,2.59,1.29,0.39,0.36,2.79,0.36
20260909B14,平均落札価格（電源属地別）[円/kW・30分],1.05,7.57,4.7,1.57,2.94,2.36,4.43,1.19,4.91,3.76
20260909B14,最高落札価格（TSO別）[円/kW・30分],1.08,10,9.49,3.49,3.59,3.45,5.78,2.5,6.22,10
20260909B14,最低落札価格（TSO別）[円/kW・30分],0.93,3.62,0.39,0.45,0.36,0.36,0.39,0.36,2.79,0.36
20260909B14,平均落札価格（TSO別）[円/kW・30分],1.05,7.57,4.7,1.13,3.1,1.65,4.49,1.61,4.91,3.76
20260909B14,落札量合計（TSO別）[MW],129.5,111.992,429.232,129,57,148,142,44,169,1359.724
20260909B14,（内訳）自エリアからの落札量[MW],129.5,111.992,429.232,129,3.928,83.782,142,44,169,1242.434
20260909B15,募集量（TSO別）[MW],66,194,572,132,58,152,143,45,170,1532
20260909B15,応札量合計（電源属地別）[MW],156.718,113.492,411.246,441.475,3.928,95.454,167.158,114.903,182.858,1687.232
20260909B15,落札量合計（電源属地別）[MW],106,113.492,407.651,192.251,3.194,80.454,147.315,112.043,164.743,1327.143
20260909B15,応札件数（電源属地別）[件],6,22,69,76,2,19,25,7,43,269
20260909B15,落札件数（電源属地別）[件],6,22,68,15,2,18,15,6,33,185
20260909B15,最高落札価格（電源属地別）[円/kW・30分],8.85,10,9.49,3,3.2,3,5.78,3.2,6.47,10
20260909B15,最低落札価格（電源属地別）[円/kW・30分],0.93,3.62,0.39,0.58,2.79,1.29,0.39,0.36,2.86,0.36
20260909B15,平均落札価格（電源属地別）[円/kW・30分],1.9,7.61,5.11,0.87,2.94,2.32,4.43,1.13,5.1,3.86
20260909B15,最高落札価格（TSO別）[円/kW・30分],8.85,10,9.49,0.94,3.2,3,5.78,3.2,6.47,10
20260909B15,最低落札価格（TSO別）[円/kW・30分],0.93,3.62,0.39,0.6,0.58,0.36,0.36,0.36,2.86,0.36
20260909B15,平均落札価格（TSO別）[円/kW・30分],1.9,7.61,5.11,0.74,1.55,1.5,4.46,1.62,5.04,3.86
20260909B15,落札量合計（TSO別）[MW],106,113.492,407.651,132,58,152,143,45,170,1327.143
20260909B15,（内訳）自エリアからの落札量[MW],106,113.492,407.651,132,3.194,72.899,142.058,45,164.743,1187.037
20260909B16,募集量（TSO別）[MW],66,198,577,134,59,156,144,45,171,1550
20260909B16,応札量合計（電源属地別）[MW],129.948,111.992,431.737,498.583,3.928,95.454,167.158,181.403,186.71,1806.913
20260909B16,落札量合計（電源属地別）[MW],97.068,111.992,431.737,172.463,1.998,64.62,129.822,181.403,158.694,1349.797
20260909B16,応札件数（電源属地別）[件],7,21,70,82,2,19,25,9,45,280
20260909B16,落札件数（電源属地別）[件],3,21,70,9,1,10,6,9,30,159
20260909B16,最高落札価格（電源属地別）[円/kW・30分],7.95,10,9.5,1.02,2.8,2.95,5.64,2.5,6.74,10
20260909B16,最低落札価格（電源属地別）[円/kW・30分],0.93,3.71,0.39,0.63,2.8,1.29,0.39,0.36,1.11,0.36
20260909B16,平均落札価格（電源属地別）[円/kW・30分],1.8,7.64,5.14,0.75,2.8,2.15,4.52,0.95,5.34,3.8
20260909B16,最高落札価格（TSO別）[円/kW・30分],7.95,10,9.5,1.02,2.8,2.95,5.64,1.6,6.74,10
20260909B16,最低落札価格（TSO別）[円/kW・30分],0.93,3.71,0.39,0.63,0.36,0.36,0.36,1.6,0.36,0.36
20260909B16,平均落札価格（TSO別）[円/kW・30分],1.8,7.64,5.14,0.76,0.82,1.38,4.11,1.6,4.98,3.8
20260909B16,落札量合計（TSO別）[MW],97.068,111.992,431.737,134,59,156,144,45,171,1349.797
20260909B16,（内訳）自エリアからの落札量[MW],97.068,111.992,431.737,134,1.998,59.081,129.822,45,158.694,1169.392
20260909B17,募集量（TSO別）[MW],66,198,577,134,60,156,144,45,171,1551
20260909B17,応札量合計（電源属地別）[MW],160.658,113.492,515.938,480.304,3.928,99.321,183.211,154.403,191.36,1902.615
20260909B17,落札量合計（電源属地別）[MW],112.95,113.492,515.938,222.92,0,81.454,81.223,154.403,170,1452.38
20260909B17,応札件数（電源属地別）[件],8,22,74,81,2,21,20,6,45,279
20260909B17,落札件数（電源属地別）[件],6,22,74,12,0,19,16,6,34,189
20260909B17,最高落札価格（電源属地別）[円/kW・30分],1.01,10,9.5,3.94,0,4,3,2.5,6.98,10
20260909B17,最低落札価格（電源属地別）[円/kW・30分],0.92,3.81,0.39,1.11,0,1.29,0.39,0.36,0.99,0.36
20260909B17,平均落札価格（電源属地別）[円/kW・30分],1,7.75,4.76,1.19,0,2.34,1.87,0.82,5.24,3.49
20260909B17,最高落札価格（TSO別）[円/kW・30分],1.01,10,9.5,1.23,3.94,4,3,2.5,6.98,10
20260909B17,最低落札価格（TSO別）[円/kW・30分],0.92,3.81,0.39,1.11,1.13,0.36,0.36,1.55,0.36,0.36
20260909B17,平均落札価格（TSO別）[円/kW・30分],1,7.75,4.76,1.17,1.23,1.54,1.27,1.78,5.21,3.49
20260909B17,落札量合計（TSO別）[MW],112.95,113.492,515.938,134,60,156,144,45,171,1452.38
20260909B17,（内訳）自エリアからの落札量[MW],112.95,113.492,515.938,134,0,81.454,81.223,45,170,1254.057
20260909B18,募集量（TSO別）[MW],66,198,577,134,60,156,144,45,171,1551
20260909B18,応札量合計（電源属地別）[MW],200.258,111.992,632.281,441.219,3.928,144.584,170.484,154.403,186.71,2045.859
20260909B18,落札量合計（電源属地別）[MW],152.55,111.992,632.281,210.711,0,105.775,141.885,154.403,145.607,1655.204
20260909B18,応札件数（電源属地別）[件],9,21,82,79,2,22,19,6,45,285
20260909B18,落札件数（電源属地別）[件],7,21,82,38,0,9,4,6,24,191
20260909B18,最高落札価格（電源属地別）[円/kW・30分],1.01,10,10,4.99,0,4,5.67,2.5,7.85,10
20260909B18,最低落札価格（電源属地別）[円/kW・30分],0.92,3.64,0.39,1.56,0,0.39,1.56,0.36,0.99,0.36
20260909B18,平均落札価格（電源属地別）[円/kW・30分],1,7.56,4.09,2.54,0,1.41,4.4,0.84,6.34,3.59
20260909B18,最高落札価格（TSO別）[円/kW・30分],1.01,10,10,4.99,4.99,4.99,5.67,1.6,7.85,10
20260909B18,最低落札価格（TSO別）[円/kW・30分],0.92,0.39,0.39,1.56,1.64,0.36,0.36,0.36,0.36,0.36
20260909B18,平均落札価格（TSO別）[円/kW・30分],1,7.61,3.74,1.93,3.26,1.55,4.08,1.1,5.42,3.59
20260909B18,落札量合計（TSO別）[MW],152.55,167.273,577,134,60,180.385,154.006,57,172.99,1655.204
20260909B18,（内訳）自エリアからの落札量[MW],152.55,111.992,577,134,0,105.775,141.885,57,145.607,1425.809
20260909B19,募集量（TSO別）[MW],67,215,568,138,61,155,148,47,175,1574
20260909B19,応札量合計（電源属地別）[MW],158.668,114.138,602.742,386.73,3.928,99.321,168.543,188.403,193.862,1916.335
20260909B19,落札量合計（電源属地別）[MW],107.95,114.138,597.364,200.647,0,48.868,126.018,174.201,176.99,1546.176
20260909B19,応札件数（電源属地別）[件],7,22,83,64,2,21,25,7,46,277
20260909B19,落札件数（電源属地別）[件],5,22,80,12,0,2,3,5,37,166
20260909B19,最高落札価格（電源属地別）[円/kW・30分],1.01,10,10,1.85,0,1.92,6.75,2.8,8.37,10
20260909B19,最低落札価格（電源属地別）[円/kW・30分],0.93,3.67,0.39,1,0,1.29,1.56,0.36,2.7,0.36
20260909B19,平均落札価格（電源属地別）[円/kW・30分],1.01,7.62,4.6,1.74,0,1.9,5.58,0.62,6.12,3.92
20260909B19,最高落札価格（TSO別）[円/kW・30分],1.01,10,10,1.85,1.81,1.92,6.75,1.6,8.37,10
20260909B19,最低落札価格（TSO別）[円/kW・30分],0.93,3.67,0.39,1.61,1,0.36,0.36,0.38,2.7,0.36
20260909B19,平均落札価格（TSO別）[円/kW・30分],1.01,7.93,4.36,1.76,1.71,1.02,4.82,0.73,6.12,3.92
20260909B19,落札量合計（TSO別）[MW],107.95,143.502,568,138,61,155,148,47.734,176.99,1546.176
20260909B19,（内訳）自エリアからの落札量[MW],107.95,114.138,568,138,0,48.868,126.018,47.734,176.99,1327.698
20260909B20,募集量（TSO別）[MW],68,217,568,138,61,155,149,47,175,1578
20260909B20,応札量合計（電源属地別）[MW],154.35,114.138,621.181,406.473,3.928,99.321,168.543,188.403,193.862,1950.199
20260909B20,落札量合計（電源属地別）[MW],146.6,114.138,615.803,238.287,0,8.835,126.018,176.86,176.99,1603.531
20260909B20,応札件数（電源属地別）[件],5,22,81,63,2,21,25,7,46,272
20260909B20,落札件数（電源属地別）[件],3,22,79,13,0,2,3,6,37,165
20260909B20,最高落札価格（電源属地別）[円/kW・30分],1.01,10,10,1.63,0,1.92,7.06,1.7,8.14,10
20260909B20,最低落札価格（電源属地別）[円/kW・30分],1,3.76,0.39,1.41,0,1.29,1.56,0.36,2.7,0.36
20260909B20,平均落札価格（電源属地別）[円/kW・30分],1.01,7.69,4.02,1.55,0,1.82,5.82,0.63,5.99,3.61
20260909B20,最高落札価格（TSO別）[円/kW・30分],1.01,10,10,1.63,1.63,1.92,7.06,1.6,8.14,10
20260909B20,最低落札価格（TSO別）[円/kW・30分],1,3.76,0.39,1.41,1.46,0.36,0.36,0.38,2.7,0.36
20260909B20,平均落札価格（TSO別）[円/kW・30分],1.01,8.36,3.52,1.54,1.56,0.77,5.15,0.77,5.99,3.61
20260909B20,落札量合計（TSO別）[MW],146.6,161.941,568,138,61,155,149,47,176.99,1603.531
20260909B20,（内訳）自エリアからの落札量[MW],146.6,114.138,568,138,0,8.835,126.018,47,176.99,1325.581
20260909B21,募集量（TSO別）[MW],68,220,568,139,62,155,150,48,176,1586
20260909B21,応札量合計（電源属地別）[MW],156.718,114.138,604.073,420.789,3.928,99.321,150.57,188.403,242.328,1980.268
20260909B21,落札量合計（電源属地別）[MW],112,114.138,604.073,248.357,0,23.814,104.969,176.86,178,1562.211
20260909B21,応札件数（電源属地別）[件],6,22,72,64,2,21,26,7,46,266
20260909B21,落札件数（電源属地別）[件],4,22,72,13,0,2,3,6,39,161
20260909B21,最高落札価格（電源属地別）[円/kW・30分],1.01,10,10,1.6,0,1.92,3.2,1.7,7.73,10
20260909B21,最低落札価格（電源属地別）[円/kW・30分],0.93,4.39,0.39,1.39,0,1.29,1.56,0.36,2.9,0.36
20260909B21,平均落札価格（電源属地別）[円/kW・30分],1.01,8.01,3.81,1.52,0,1.88,2.81,0.63,5.77,3.32
20260909B21,最高落札価格（TSO別）[円/kW・30分],1.01,10,10,1.58,1.58,1.92,3.2,1.6,7.73,10
20260909B21,最低落札価格（TSO別）[円/kW・30分],0.93,0.39,0.39,1.41,1.39,0.36,0.36,0.38,2.9,0.36
20260909B21,平均落札価格（TSO別）[円/kW・30分],1.01,7.53,3.67,1.5,1.5,1.16,2.07,0.74,5.77,3.32
20260909B21,落札量合計（TSO別）[MW],112,150.211,568,139,62,155,150,48,178,1562.211
20260909B21,（内訳）自エリアからの落札量[MW],112,114.138,568,139,0,23.814,104.969,48,178,1287.921
20260909B22,募集量（TSO別）[MW],68,221,567,138,62,155,151,48,176,1586
20260909B22,応札量合計（電源属地別）[MW],156.718,114.138,638.673,413.785,3.928,97.471,145.031,188.403,228.487,1986.634
20260909B22,落札量合計（電源属地別）[MW],114,114.138,638.673,230.267,0,47.443,99.43,176.86,178,1598.811
20260909B22,応札件数（電源属地別）[件],6,22,74,64,2,20,29,7,39,263
20260909B22,落札件数（電源属地別）[件],4,22,74,12,0,2,6,6,38,164
20260909B22,最高落札価格（電源属地別）[円/kW・30分],1.01,10,10,1.66,0,1.92,4.7,1.7,7.93,10
20260909B22,最低落札価格（電源属地別）[円/kW・30分],0.93,4.31,0.39,1.43,0,1.29,1.03,0.36,2.5,0.36
20260909B22,平均落札価格（電源属地別）[円/kW・30分],1.01,7.98,3.75,1.57,0,1.9,2.63,0.63,6.07,3.33
20260909B22,最高落札価格（TSO別）[円/kW・30分],1.01,10,10,1.65,1.66,1.92,4.7,1.6,7.93,10
20260909B22,最低落札価格（TSO別）[円/kW・30分],0.93,0.39,0.39,1.46,1.43,0.36,0.36,0.38,2.5,0.36
20260909B22,平均落札価格（TSO別）[円/kW・30分],1.01,6.97,3.55,1.58,1.54,1.22,1.89,0.76,6.07,3.33
20260909B22,落札量合計（TSO別）[MW],114,185.811,567,138,62,155,151,48,178,1598.811
20260909B22,（内訳）自エリアからの落札量[MW],114,114.138,567,138,0,47.443,99.43,48,178,1306.011
20260909B23,募集量（TSO別）[MW],68,221,564,137,62,155,151,48,177,1583
20260909B23,応札量合計（電源属地別）[MW],158.668,114.138,654.011,422.179,3.928,97.471,178.834,188.403,228.481,2046.113
20260909B23,落札量合計（電源属地別）[MW],115.95,114.138,647.36,267.601,3.928,82.471,119.121,96.429,178.481,1625.479
20260909B23,応札件数（電源属地別）[件],7,22,82,64,2,20,30,7,39,273
20260909B23,落札件数（電源属地別）[件],5,22,79,49,2,19,6,4,38,224
20260909B23,最高落札価格（電源属地別）[円/kW・30分],1.01,10,10,6,6,6,6.38,1.6,8.13,10
20260909B23,最低落札価格（電源属地別）[円/kW・30分],0.93,5.07,0.39,1.42,5.95,1.29,1.53,0.36,2.98,0.36
20260909B23,平均落札価格（電源属地別）[円/kW・30分],1.01,8.26,3.93,2.67,5.98,3.17,3.79,0.46,6.28,3.83
20260909B23,最高落札価格（TSO別）[円/kW・30分],1.01,10,10,6,6,6,6.38,1.6,8.13,10
20260909B23,最低落札価格（TSO別）[円/kW・30分],0.93,0.39,0.39,1.42,1.53,1.29,0.36,0.36,0.36,0.36
20260909B23,平均落札価格（TSO別）[円/kW・30分],1.01,8.85,3.08,2.09,2.96,3.42,2.81,0.56,6.27,3.83
20260909B23,落札量合計（TSO別）[MW],115.95,197.498,564,137,62,155,167.131,48,178.9,1625.479
20260909B23,（内訳）自エリアからの落札量[MW],115.95,114.138,564,137,3.928,82.471,119.121,48,178.481,1363.089
20260909B24,募集量（TSO別）[MW],68,221,564,136,62,155,151,48,177,1582
20260909B24,応札量合計（電源属地別）[MW],158.668,114.138,654.011,422.179,3.928,99.321,186.339,188.403,228.523,2055.51
20260909B24,落札量合計（電源属地別）[MW],98.95,114.138,647.36,266.601,3.928,82.471,140.738,123.367,178.523,1656.076
20260909B24,応札件数（電源属地別）[件],7,22,82,64,2,21,27,7,39,271
20260909B24,落札件数（電源属地別）[件],4,22,79,48,2,19,4,4,38,220
20260909B24,最高落札価格（電源属地別）[円/kW・30分],1.01,10,10,6,6,6,7.45,1.6,7.82,10
20260909B24,最低落札価格（電源属地別）[円/kW・30分],0.93,5.8,0.39,1.42,5.95,1.29,1.56,0.36,2.98,0.36
20260909B24,平均落札価格（電源属地別）[円/kW・30分],1,8.65,3.95,2.66,5.98,3.17,6.15,0.44,6.07,4.01
20260909B24,最高落札価格（TSO別）[円/kW・30分],1.01,10,10,6,6,6,7.45,1.6,7.82,10
20260909B24,最低落札価格（TSO別）[円/kW・30分],0.93,5.8,0.39,1.42,1.51,1.29,0.36,0.36,0.36,0.36
20260909B24,平均落札価格（TSO別）[円/kW・30分],1,9.15,3.09,2.14,2.85,3.39,4.17,0.56,6,4.01
20260909B24,落札量合計（TSO別）[MW],98.95,197.498,564,136,62,155,213.738,48,180.89,1656.076
20260909B24,（内訳）自エリアからの落札量[MW],98.95,114.138,564,136,3.928,82.471,140.738,48,178.523,1366.748
20260909B25,募集量（TSO別）[MW],67,222,563,133,62,155,149,48,176,1575
20260909B25,応札量合計（電源属地別）[MW],156.718,109.727,680.777,474.532,3.928,145.081,218.073,185.403,265.818,2240.057
20260909B25,落札量合計（電源属地別）[MW],96,109.727,675.273,274.915,0,114.47,144.557,54.529,177.99,1647.461
20260909B25,応札件数（電源属地別）[件],6,20,79,67,2,22,29,7,39,271
20260909B25,落札件数（電源属地別）[件],4,20,79,46,0,13,4,3,26,195
20260909B25,最高落札価格（電源属地別）[円/kW・30分],8,10,10,5.88,0,5.5,1.64,1.6,6.7,10
20260909B25,最低落札価格（電源属地別）[円/kW・30分],0.93,5.8,0.39,1.41,0,0.39,1.56,0.36,2.98,0.36
20260909B25,平均落札価格（電源属地別）[円/kW・30分],1.08,8.59,3.67,2.45,0,1.8,1.61,0.58,5.76,3.46
20260909B25,最高落札価格（TSO別）[円/kW・30分],8,10,10,5.88,4.99,5.55,1.64,1.6,6.7,10
20260909B25,最低落札価格（TSO別）[円/kW・30分],0.93,0.39,0.39,1.52,1.41,0.39,0.36,0.36,2.98,0.36
20260909B25,平均落札価格（TSO別）[円/kW・30分],1.08,7.68,3.05,2.1,1.88,2.49,1.56,0.61,5.76,3.46
20260909B25,落札量合計（TSO別）[MW],96,222,563,133,62,194.385,151.086,48,177.99,1647.461
20260909B25,（内訳）自エリアからの落札量[MW],96,109.727,563,133,0,114.47,144.557,48,177.99,1386.744
20260909B26,募集量（TSO別）[MW],67,222,563,133,62,155,149,48,176,1575
20260909B26,応札量合計（電源属地別）[MW],156.718,111.692,678.877,476.53,3.928,162.845,237.965,185.403,272.818,2286.776
20260909B26,落札量合計（電源属地別）[MW],96,111.692,673.308,258.312,1.93,141.522,144.557,60.529,177.99,1665.84
20260909B26,応札件数（電源属地別）[件],6,21,79,68,2,22,29,7,39,273
20260909B26,落札件数（電源属地別）[件],4,21,78,45,1,18,4,4,26,201
20260909B26,最高落札価格（電源属地別）[円/kW・30分],8,10,10,5.88,5.95,6,1.56,1.6,6.6,10
20260909B26,最低落札価格（電源属地別）[円/kW・30分],0.93,5.8,0.39,1.48,5.95,0.39,1.38,0.36,2.98,0.36
20260909B26,平均落札価格（電源属地別）[円/kW・30分],1.08,8.58,3.51,2.66,5.95,1.81,1.44,0.68,5.68,3.38
20260909B26,最高落札価格（TSO別）[円/kW・30分],8,10,10,5.85,5.95,6,1.56,1.6,6.6,10
20260909B26,最低落札価格（TSO別）[円/kW・30分],0.93,0.39,0.39,1.48,1.57,0.39,0.36,0.36,2.98,0.36
20260909B26,平均落札価格（TSO別）[円/kW・30分],1.08,8.33,2.61,2.59,1.97,2.36,1.39,0.72,5.68,3.38
20260909B26,落札量合計（TSO別）[MW],96,222,563,133,62,206.764,151.086,54,177.99,1665.84
20260909B26,（内訳）自エリアからの落札量[MW],96,111.692,563,133,1.93,141.522,144.557,54,177.99,1423.691
20260909B27,募集量（TSO別）[MW],67,222,563,133,62,155,149,48,176,1575
20260909B27,応札量合計（電源属地別）[MW],201.668,115.488,680.657,511.861,3.928,97.968,204.27,185.403,226.772,2228.015
20260909B27,落札量合計（電源属地別）[MW],97.95,115.488,669.512,290.841,0,59.159,144.557,58.766,174.763,1611.036
20260909B27,応札件数（電源属地別）[件],8,23,79,86,2,20,28,7,41,294
20260909B27,落札件数（電源属地別）[件],4,23,79,36,0,7,4,4,26,183
20260909B27,最高落札価格（電源属地別）[円/kW・30分],8,10,10,4.89,0,4,1.64,1.6,8.17,10
20260909B27,最低落札価格（電源属地別）[円/kW・30分],0.98,4.39,0.39,1.79,0,1.92,1.56,0.36,2.98,0.36
20260909B27,平均落札価格（電源属地別）[円/kW・30分],1.08,7.96,3.77,2.35,0,2.19,1.61,0.62,6.71,3.6
20260909B27,最高落札価格（TSO別）[円/kW・30分],8,10,10,2.09,4.89,4.88,1.64,1.6,8.17,10
20260909B27,最低落札価格（TSO別）[円/kW・30分],0.98,2.41,0.39,1.85,1.79,1.83,0.36,0.36,0.36,0.36
20260909B27,平均落札価格（TSO別）[円/kW・30分],1.08,8.75,2.67,1.98,2.22,2.66,1.56,0.66,6.66,3.6
20260909B27,落札量合計（TSO別）[MW],97.95,222,563,133,62,155,151.086,51,176,1611.036
20260909B27,（内訳）自エリアからの落札量[MW],97.95,115.488,563,133,0,59.159,144.557,51,174.763,1338.917
20260909B28,募集量（TSO別）[MW],67,219,562,133,62,154,148,48,176,1569
20260909B28,応札量合計（電源属地別）[MW],203.54,115.488,680.657,511.861,3.928,101.261,191.904,185.403,222.92,2216.962
20260909B28,落札量合計（電源属地別）[MW],96.95,115.488,665.512,286.548,0,62.452,146.303,80.642,172.92,1626.815
20260909B28,応札件数（電源属地別）[件],8,23,79,87,2,22,30,7,39,297
20260909B28,落札件数（電源属地別）[件],3,23,77,32,0,9,7,4,38,193
20260909B28,最高落札価格（電源属地別）[円/kW・30分],1.01,10,10,4.88,0,4,2.29,1.6,8.73,10
20260909B28,最低落札価格（電源属地別）[円/kW・30分],0.98,4.35,0.39,1.78,0,1.29,0.39,0.36,2.98,0.36
20260909B28,平均落札価格（電源属地別）[円/kW・30分],1.01,8,3.82,2.26,0,2.2,1.28,0.85,6.68,3.54
20260909B28,最高落札価格（TSO別）[円/kW・30分],1.01,10,10,2.07,4.88,4.88,2.29,1.6,8.73,10
20260909B28,最低落札価格（TSO別）[円/kW・30分],0.98,0.39,0.39,1.81,1.78,1.29,0.36,0.36,0.36,0.36
20260909B28,平均落札価格（TSO別）[円/kW・30分],1.01,7.96,3.06,1.92,1.96,2.64,1.3,0.7,6.5,3.54
20260909B28,落札量合計（TSO別）[MW],96.95,219,562,133,62,154,164.875,57,177.99,1626.815
20260909B28,（内訳）自エリアからの落札量[MW],96.95,115.488,562,133,0,62.452,146.303,57,172.92,1346.113
20260909B29,募集量（TSO別）[MW],66,217,561,132,62,155,148,48,175,1564
20260909B29,応札量合計（電源属地別）[MW],160.658,115.488,678.7,511.861,3.928,146.524,195.393,185.403,174.42,2172.375
20260909B29,落札量合計（電源属地別）[MW],87.918,115.488,662.512,242.227,3.928,142.23,141.391,106.059,162.752,1664.505
20260909B29,応札件数（電源属地別）[件],8,23,78,87,2,23,30,7,39,297
20260909B29,落札件数（電源属地別）[件],3,23,78,50,2,22,5,4,33,220
20260909B29,最高落札価格（電源属地別）[円/kW・30分],1.01,10,10,5.88,6,6.99,2.29,1.6,9.05,10
20260909B29,最低落札価格（電源属地別）[円/kW・30分],0.93,3.97,0.39,1.88,5.95,0.39,0.39,0.36,2.98,0.36
20260909B29,平均落札価格（電源属地別）[円/kW・30分],1.01,7.86,3.83,3.04,5.98,2.52,1.15,0.54,7.1,3.62
20260909B29,最高落札価格（TSO別）[円/kW・30分],1.01,10,10,5.88,2.09,6.99,2.29,1.6,9.05,10
20260909B29,最低落札価格（TSO別）[円/kW・30分],0.93,0.39,1.17,1.88,1.88,0.39,0.36,0.36,0.36,0.36
20260909B29,平均落札価格（TSO別）[円/kW・30分],1.01,7.47,3.25,3.84,1.92,2.52,0.99,0.69,6.62,3.62
20260909B29,落札量合計（TSO別）[MW],87.918,217,561,132,62,194.385,177.202,58,175,1664.505
20260909B29,（内訳）自エリアからの落札量[MW],87.918,115.488,561,132,0,142.23,141.391,58,162.752,1400.779
20260909B30,募集量（TSO別）[MW],66,212,561,132,62,155,148,47,174,1557
20260909B30,応札量合計（電源属地別）[MW],168.708,115.488,644.1,509.863,3.928,187.73,197.304,185.403,190.178,2202.702
20260909B30,落札量合計（電源属地別）[MW],102,115.488,643.522,232.227,0,162.588,121.724,101.179,175.811,1654.539
20260909B30,応札件数（電源属地別）[件],8,23,76,86,2,26,28,7,47,303
20260909B30,落札件数（電源属地別）[件],4,23,76,49,0,20,3,4,40,219
20260909B30,最高落札価格（電源属地別）[円/kW・30分],1.01,10,10,5,0,5.5,1.56,1.6,9.36,10
20260909B30,最低落札価格（電源属地別）[円/kW・30分],0.39,3.9,0.39,1.93,0,0.39,0.39,0.36,2.98,0.36
20260909B30,平均落札価格（電源属地別）[円/kW・30分],0.95,7.84,4.11,2.98,0,1.48,0.7,0.55,7.07,3.6
20260909B30,最高落札価格（TSO別）[円/kW・30分],1.01,10,10,4.99,4.99,5.5,1.56,1.6,9.36,10
20260909B30,最低落札価格（TSO別）[円/kW・30分],0.39,0.39,1.06,1.97,1.93,0.39,0.36,0.36,0.36,0.36
20260909B30,平均落札価格（TSO別）[円/kW・30分],0.95,6.9,3.89,2.9,2.59,1.94,0.6,0.72,7.06,3.6
20260909B30,落札量合計（TSO別）[MW],102,198.01,561,132,62,200.815,169.724,53,175.99,1654.539
20260909B30,（内訳）自エリアからの落札量[MW],102,115.488,561,132,0,162.588,121.724,53,175.811,1423.611
20260909B31,募集量（TSO別）[MW],64,194,560,131,63,154,147,45,170,1528
20260909B31,応札量合計（電源属地別）[MW],156.718,111.488,613.377,501.979,3.928,194.713,200.277,154.403,196.127,2133.01
20260909B31,落札量合計（電源属地別）[MW],93,111.488,608.381,215.28,0,157.9,157.752,120,100,1563.801
20260909B31,応札件数（電源属地別）[件],6,22,79,82,2,24,27,6,49,297
20260909B31,落札件数（電源属地別）[件],3,22,76,23,0,12,5,3,6,150
20260909B31,最高落札価格（電源属地別）[円/kW・30分],1.01,10,10,4.59,0,3,2.73,1.6,8.35,10
20260909B31,最低落札価格（電源属地別）[円/kW・30分],0.93,3.62,0.39,1.76,0,0.39,1.56,0.36,6.04,0.36
20260909B31,平均落札価格（電源属地別）[円/kW・30分],1.01,7.55,4.11,2.16,0,1.05,2.32,0.52,7.93,3.38
20260909B31,最高落札価格（TSO別）[円/kW・30分],1.01,10,10,2,4.58,4.59,2.73,1.6,8.35,10
20260909B31,最低落札価格（TSO別）[円/kW・30分],0.93,0.39,0.39,1.76,1.78,0.39,1.56,0.36,0.36,0.36
20260909B31,平均落札価格（TSO別）[円/kW・30分],1.01,7.09,3.95,1.88,2.1,1.41,2.32,0.72,4.84,3.38
20260909B31,落札量合計（TSO別）[MW],93,159.869,560,131,63,179.18,155.752,52,170,1563.801
20260909B31,（内訳）自エリアからの落札量[MW],93,111.488,560,131,0,157.9,155.752,52,100,1361.14
20260909B32,募集量（TSO別）[MW],64,194,560,131,63,154,147,45,170,1528
20260909B32,応札量合計（電源属地別）[MW],158.708,99.488,682.696,501.979,3.928,190.853,200.277,154.403,250.178,2242.51
20260909B32,落札量合計（電源属地別）[MW],93,99.488,654.512,197.418,1.905,173.857,167.48,52,172.891,1612.551
20260909B32,応札件数（電源属地別）[件],7,21,79,81,2,24,27,6,47,294
20260909B32,落札件数（電源属地別）[件],3,21,75,47,1,22,10,3,19,201
20260909B32,最高落札価格（電源属地別）[円/kW・30分],1.01,10,10,5,5.8,5,4,1.6,8.94,10
20260909B32,最低落札価格（電源属地別）[円/kW・30分],0.93,2.85,0.39,1.84,5.8,0.39,1.56,0.36,2.98,0.36
20260909B32,平均落札価格（電源属地別）[円/kW・30分],1.01,7.24,3.62,3.03,5.8,1.54,3.09,0.72,6.38,3.55
20260909B32,最高落札価格（TSO別）[円/kW・30分],1.01,10,10,5,5.8,5,3.9,1.6,8.94,10
20260909B32,最低落札価格（TSO別）[円/kW・30分],0.93,0.39,0.9,1.84,1.84,0.39,1.56,0.36,2.13,0.36
20260909B32,平均落札価格（TSO別）[円/kW・30分],1.01,6.78,3.17,3.09,3.11,1.55,3.06,0.72,6.18,3.55
20260909B32,落札量合計（TSO別）[MW],93,194,560,131,63,179.18,154.371,52,186,1612.551
20260909B32,（内訳）自エリアからの落札量[MW],93,99.488,560,131,1.905,173.857,154.371,52,172.891,1438.512
20260909B33,募集量（TSO別）[MW],64,194,560,131,63,154,147,45,170,1528
20260909B33,応札量合計（電源属地別）[MW],201.54,77.488,682.696,507.873,3.928,142.657,190.59,154.403,333.178,2294.353
20260909B33,落札量合計（電源属地別）[MW],93,77.488,676.512,253.783,1.93,103.848,161.959,52,203.114,1623.634
20260909B33,応札件数（電源属地別）[件],7,20,79,84,2,21,33,6,47,299
20260909B33,落札件数（電源属地別）[件],2,20,76,47,1,8,18,3,31,206
20260909B33,最高落札価格（電源属地別）[円/kW・30分],1.01,10,10,4.99,4.75,3,4,1.6,5.34,10
20260909B33,最低落札価格（電源属地別）[円/kW・30分],0.98,5.8,0.39,1.79,4.75,0.39,0.39,0.36,2.9,0.36
20260909B33,平均落札価格（電源属地別）[円/kW・30分],1.01,8.11,3.64,2.7,4.75,1.34,1.25,0.72,4.89,3.24
20260909B33,最高落札価格（TSO別）[円/kW・30分],1.01,10,10,4.99,4.99,4.98,4.5,1.6,5.34,10
20260909B33,最低落札価格（TSO別）[円/kW・30分],0.98,0.39,0.39,1.79,1.88,0.39,0.39,0.36,2.9,0.36
20260909B33,平均落札価格（TSO別）[円/kW・30分],1.01,7.89,2.79,2.48,3.06,1.81,1.55,0.72,4.99,3.24
20260909B33,落札量合計（TSO別）[MW],93,194,560,131,63,193.385,151.249,52,186,1623.634
20260909B33,（内訳）自エリアからの落札量[MW],93,77.488,560,131,1.93,103.848,134.135,52,186,1339.401
20260909B34,募集量（TSO別）[MW],64,193,560,131,63,154,147,45,169,1526
20260909B34,応札量合計（電源属地別）[MW],116.7,111.988,682.696,501.451,3.928,97.394,188.608,154.403,327.219,2184.387
20260909B34,落札量合計（電源属地別）[MW],84,111.988,641.012,271.496,1.93,58.585,159.977,55.616,192.261,1576.865
20260909B34,応札件数（電源属地別）[件],5,22,81,85,2,20,32,6,44,297
20260909B34,落札件数（電源属地別）[件],1,22,75,33,1,7,17,2,27,185
20260909B34,最高落札価格（電源属地別）[円/kW・30分],1.01,10,10,4.8,4.5,3,4,1.6,5.86,10
20260909B34,最低落札価格（電源属地別）[円/kW・30分],1.01,3.48,0.39,1.67,4.5,1.29,0.39,0.36,2.9,0.36
20260909B34,平均落札価格（電源属地別）[円/kW・30分],1.01,6.99,3.95,2.2,4.5,2.08,1.23,0.8,5.31,3.42
20260909B34,最高落札価格（TSO別）[円/kW・30分],1.01,10,10,1.96,4.8,4.68,3.34,1.6,5.86,10
20260909B34,最低落札価格（TSO別）[円/kW・30分],1.01,0.39,1.19,1.69,1.67,1.29,0.39,0.36,2.9,0.36
20260909B34,平均落札価格（TSO別）[円/kW・30分],1.01,6.38,3.72,1.86,2.55,2.48,1.07,0.8,5.4,3.42
20260909B34,落札量合計（TSO別）[MW],84,193,560,131,63,154,151.249,55.616,185,1576.865
20260909B34,（内訳）自エリアからの落札量[MW],84,111.988,560,131,1.93,58.585,148.065,55.616,185,1336.184
20260909B35,募集量（TSO別）[MW],63,191,560,131,63,154,147,44,169,1522
20260909B35,応札量合計（電源属地別）[MW],134.6,113.488,680.896,494.551,3.928,142.657,178.618,154.403,317.189,2220.33
20260909B35,落札量合計（電源属地別）[MW],84,113.488,637.512,265.579,1.93,103.848,149.987,50,193.097,1599.441
20260909B35,応札件数（電源属地別）[件],4,23,80,84,2,21,31,6,47,298
20260909B35,落札件数（電源属地別）[件],1,23,75,30,1,8,16,2,31,187
20260909B35,最高落札価格（電源属地別）[円/kW・30分],1.01,10,10,4.68,4.5,3,4,1.6,4.88,10
20260909B35,最低落札価格（電源属地別）[円/kW・30分],1.01,3.98,0.39,1.57,4.5,0.39,0.39,0.36,2.9,0.36
20260909B35,平均落札価格（電源属地別）[円/kW・30分],1.01,7.31,3.96,2.05,4.5,1.34,1.2,0.73,4.51,3.26
20260909B35,最高落札価格（TSO別）[円/kW・30分],1.01,10,10,1.78,4.68,4.68,4.2,1.6,4.88,10
20260909B35,最低落札価格（TSO別）[円/kW・30分],1.01,0.39,0.39,1.57,1.68,0.39,0.39,0.36,2.9,0.36
20260909B35,平均落札価格（TSO別）[円/kW・30分],1.01,7.55,3.41,1.71,2.75,1.83,1.15,0.73,4.59,3.26
20260909B35,落札量合計（TSO別）[MW],84,191,560,131,63,193.385,148.056,50,179,1599.441
20260909B35,（内訳）自エリアからの落札量[MW],84,113.488,560,131,1.93,103.848,138.075,50,179,1361.341
20260909B36,募集量（TSO別）[MW],64,189,560,131,63,153,147,43,168,1518
20260909B36,応札量合計（電源属地別）[MW],136.59,111.988,658.558,491.052,3.928,97.394,198.295,154.403,317.189,2169.397
20260909B36,落札量合計（電源属地別）[MW],84,110.798,638.202,258.83,1.998,54.795,167.67,43,191.707,1551
20260909B36,応札件数（電源属地別）[件],5,22,77,82,2,20,26,6,47,287
20260909B36,落札件数（電源属地別）[件],1,22,75,27,1,5,10,3,30,174
20260909B36,最高落札価格（電源属地別）[円/kW・30分],1.01,10,9.49,4.39,4,2.95,5.89,1.6,8.33,10
20260909B36,最低落札価格（電源属地別）[円/kW・30分],1.01,4.27,0.39,1.38,4,1.29,1.56,0.36,2.9,0.36
20260909B36,平均落札価格（電源属地別）[円/kW・30分],1.01,7.42,3.89,1.85,4,2.01,4.23,0.79,4.5,3.61
20260909B36,最高落札価格（TSO別）[円/kW・30分],1.01,10,9.49,1.67,4.39,5.89,5.89,1.6,8.33,10
20260909B36,最低落札価格（TSO別）[円/kW・30分],1.01,2.41,0.39,1.38,1.38,1.29,1.56,0.36,2.9,0.36
20260909B36,平均落札価格（TSO別）[円/kW・30分],1.01,7.43,3.4,1.53,2.61,2.36,4.23,0.79,4.52,3.61
20260909B36,落札量合計（TSO別）[MW],84,189,560,131,63,153,147,43,181,1551
20260909B36,（内訳）自エリアからの落札量[MW],84,110.798,560,131,1.998,54.795,147,43,181,1313.591
20260909B37,募集量（TSO別）[MW],63,188,562,129,63,149,147,42,167,1510
20260909B37,応札量合計（電源属地別）[MW],93.69,109.527,667.164,482.67,3.928,97.394,190.091,154.403,235.892,2034.759
20260909B37,落札量合計（電源属地別）[MW],84,108.9,641.1,254.83,3.928,54.795,167.416,42,188.188,1545.157
20260909B37,応札件数（電源属地別）[件],5,21,80,78,2,20,25,6,40,277
20260909B37,落札件数（電源属地別）[件],1,21,75,46,2,5,13,2,30,195
20260909B37,最高落札価格（電源属地別）[円/kW・30分],1.01,10,9.49,4.99,4.6,2.95,6.14,1.6,8.67,10
20260909B37,最低落札価格（電源属地別）[円/kW・30分],1.01,4,0.39,1.19,4,1.29,1.56,0.36,2.84,0.36
20260909B37,平均落札価格（電源属地別）[円/kW・30分],1.01,7.23,3.63,2.39,4.29,2.01,4.46,0.8,5.2,3.69
20260909B37,最高落札価格（TSO別）[円/kW・30分],1.01,10,9.49,4.99,4.99,6.14,6.14,1.6,8.67,10
20260909B37,最低落札価格（TSO別）[円/kW・30分],1.01,4,0.39,1.39,1.19,1.22,1.56,0.36,2.98,0.36
20260909B37,平均落札価格（TSO別）[円/kW・30分],1.01,7.49,3.03,1.73,2.55,3.5,3.93,0.8,5.44,3.69
20260909B37,落札量合計（TSO別）[MW],84,188,562,129,63,149,150.157,42,178,1545.157
20260909B37,（内訳）自エリアからの落札量[MW],84,108.9,562,129,3.928,54.795,132.959,42,170.99,1288.572
20260909B38,募集量（TSO別）[MW],63,188,562,129,63,149,147,42,167,1510
20260909B38,応札量合計（電源属地別）[MW],118.69,109.992,650.303,482.67,3.928,97.394,192.109,154.403,217.881,2027.37
20260909B38,落札量合計（電源属地別）[MW],98,107.625,642.375,238.969,0,54.795,169.434,57.818,190.177,1559.193
20260909B38,応札件数（電源属地別）[件],6,21,79,78,2,20,26,6,41,279
20260909B38,落札件数（電源属地別）[件],2,20,75,38,0,5,14,3,31,188
20260909B38,最高落札価格（電源属地別）[円/kW・30分],2.4,10,9.49,4.99,0,2.95,5.83,1.6,8.1,10
20260909B38,最低落札価格（電源属地別）[円/kW・30分],1.01,4.9,0.39,1.17,0,1.29,1.56,0.36,2.84,0.36
20260909B38,平均落札価格（電源属地別）[円/kW・30分],2.2,7.73,3.94,2.21,0,2.01,4.28,0.68,5.18,3.83
20260909B38,最高落札価格（TSO別）[円/kW・30分],2.4,10,9.4,4.99,4.88,5.83,5.83,1.6,8.1,10
20260909B38,最低落札価格（TSO別）[円/kW・30分],1.01,0.39,0.39,1.19,1.17,0.36,1.56,0.36,2.98,0.36
20260909B38,平均落札価格（TSO別）[円/kW・30分],2.2,7.35,3.52,1.61,2.4,3.15,3.78,0.8,5.39,3.83
20260909B38,落札量合計（TSO別）[MW],98,188,562,129,63,149,150.193,42,178,1559.193
20260909B38,（内訳）自エリアからの落札量[MW],98,107.625,562,129,0,54.795,131.006,42,170.99,1295.416
20260909B39,募集量（TSO別）[MW],63,188,563,129,63,149,147,42,167,1511
20260909B39,応札量合計（電源属地別）[MW],201.59,83.662,586.624,497.863,3.928,95.951,198.287,154.403,244.869,2067.177
20260909B39,落札量合計（電源属地別）[MW],99,83.662,583.336,314.026,3.928,56.556,93.499,42,197.991,1473.998
20260909B39,応札件数（電源属地別）[件],7,18,74,83,2,19,26,6,46,281
20260909B39,落札件数（電源属地別）[件],3,18,73,52,2,6,20,3,36,213
20260909B39,最高落札価格（電源属地別）[円/kW・30分],1.01,10,9.49,4.99,4.85,5,5,1.6,7.8,10
20260909B39,最低落札価格（電源属地別）[円/kW・30分],0.98,4.83,0.39,1.1,4.2,1.92,1.56,0.36,2.7,0.36
20260909B39,平均落札価格（電源属地別）[円/kW・30分],1.01,7.85,3.9,2.18,4.52,2.2,2.59,0.8,5.09,3.49
20260909B39,最高落札価格（TSO別）[円/kW・30分],1.01,10,9.49,1.45,4.99,5,5,1.6,7.8,10
20260909B39,最低落札価格（TSO別）[円/kW・30分],0.98,4.83,0.39,1.13,1.13,1.1,1.56,0.36,1.34,0.36
20260909B39,平均落札価格（TSO別）[円/kW・30分],1.01,8.12,3.71,1.34,2.56,2.37,3.17,0.8,5.18,3.49
20260909B39,落札量合計（TSO別）[MW],99,103.998,563,129,63,149,147,42,178,1473.998
20260909B39,（内訳）自エリアからの落札量[MW],99,83.662,563,129,3.928,54.607,89.287,42,170.99,1235.474
20260909B40,募集量（TSO別）[MW],63,187,563,129,63,149,147,42,167,1510
20260909B40,応札量合計（電源属地別）[MW],158.708,75.492,541.592,490.563,3.928,95.951,247.775,154.403,246.858,2015.27
20260909B40,落札量合計（電源属地別）[MW],102,75.492,536.524,266.48,3.928,80.951,117.058,42,197.583,1422.016
20260909B40,応札件数（電源属地別）[件],7,19,72,82,2,19,29,6,47,283
20260909B40,落札件数（電源属地別）[件],4,19,69,27,2,18,16,3,35,193
20260909B40,最高落札価格（電源属地別）[円/kW・30分],1.01,10,9.49,4.23,1.85,3,4,1.6,7.51,10
20260909B40,最低落札価格（電源属地別）[円/kW・30分],0.93,5.8,0.39,0.82,1.75,1.92,1.3,0.36,2.7,0.36
20260909B40,平均落札価格（電源属地別）[円/kW・30分],1.01,8.44,4.58,1.25,1.8,2.33,2.23,0.8,4.77,3.49
20260909B40,最高落札価格（TSO別）[円/kW・30分],1.01,10,9.49,1.02,3.94,4.23,4.23,1.6,7.51,10
20260909B40,最低落札価格（TSO別）[円/kW・30分],0.93,5.8,0.39,0.82,0.82,0.91,1.3,0.36,2.74,0.36
20260909B40,平均落札価格（TSO別）[円/kW・30分],1.01,8.44,4.58,0.91,1.68,1.82,2.41,0.8,4.96,3.49
20260909B40,落札量合計（TSO別）[MW],102,75.492,536.524,129,63,149,147,42,178,1422.016
20260909B40,（内訳）自エリアからの落札量[MW],102,75.492,536.524,129,3.928,74.957,117.058,42,178,1258.959
20260909B41,募集量（TSO別）[MW],63,187,561,129,61,148,147,42,167,1505
20260909B41,応札量合計（電源属地別）[MW],205.508,99.492,484.809,453.548,3.928,97.394,214.08,154.403,242.158,1955.32
20260909B41,落札量合計（電源属地別）[MW],102,99.492,475.824,293.815,3.928,82.394,83.363,42,198.5,1381.316
20260909B41,応札件数（電源属地別）[件],9,21,71,78,2,20,28,6,48,283
20260909B41,落札件数（電源属地別）[件],4,21,67,45,2,19,15,4,35,212
20260909B41,最高落札価格（電源属地別）[円/kW・30分],1.01,10,9.49,4.99,4,3,4,1.6,6.9,10
20260909B41,最低落札価格（電源属地別）[円/kW・30分],0.93,5.8,0.39,1.07,3.69,1.29,1.56,0.36,2.7,0.36
20260909B41,平均落札価格（電源属地別）[円/kW・30分],1.01,8.39,4.33,2.54,3.84,2.31,2.21,0.8,4.47,3.66
20260909B41,最高落札価格（TSO別）[円/kW・30分],1.01,10,9.49,2.86,4.99,4.68,4.39,1.6,6.9,10
20260909B41,最低落札価格（TSO別）[円/kW・30分],0.93,5.8,0.39,1.07,1.32,1.29,1.56,0.36,2.7,0.36
20260909B41,平均落札価格（TSO別）[円/kW・30分],1.01,8.39,4.33,2.05,2.34,2.86,2.51,0.8,4.65,3.66
20260909B41,落札量合計（TSO別）[MW],102,99.492,475.824,129,61,148,147,42,177,1381.316
20260909B41,（内訳）自エリアからの落札量[MW],102,99.492,475.824,129,3.928,51.226,83.363,42,177,1163.833
20260909B42,募集量（TSO別）[MW],63,187,561,129,59,147,146,42,167,1501
20260909B42,応札量合計（電源属地別）[MW],158.69,111.492,488.064,420.175,3.928,95.544,214.08,154.403,251.308,1897.684
20260909B42,落札量合計（電源属地別）[MW],102,111.492,476.309,168.2,3.928,95.544,193.328,42,198,1390.801
20260909B42,応札件数（電源属地別）[件],7,22,72,77,2,19,28,6,50,283
20260909B42,落札件数（電源属地別）[件],3,22,66,18,2,19,23,3,35,191
20260909B42,最高落札価格（電源属地別）[円/kW・30分],1.01,10,9.47,3.9,3,3,5.48,1.6,6.69,10
20260909B42,最低落札価格（電源属地別）[円/kW・30分],0.98,5.34,0.39,1.29,2.5,1.29,1.56,0.36,2.02,0.36
20260909B42,平均落札価格（電源属地別）[円/kW・30分],1.01,8.07,4.69,2.1,2.75,2.31,3.83,1.16,4.26,3.92
20260909B42,最高落札価格（TSO別）[円/kW・30分],1.01,10,9.47,3.9,3,5.48,5.48,1.6,6.69,10
20260909B42,最低落札価格（TSO別）[円/kW・30分],0.98,5.34,0.39,1.29,1.29,1.29,1.56,0.36,2.59,0.36
20260909B42,平均落札価格（TSO別）[円/kW・30分],1.01,8.07,4.69,2.24,1.9,3.34,3.34,1.16,4.43,3.92
20260909B42,落札量合計（TSO別）[MW],102,111.492,476.309,129,59,147,146,42,178,1390.801
20260909B42,（内訳）自エリアからの落札量[MW],102,111.492,476.309,129,3.928,95.544,131.934,42,178,1270.207
20260909B43,募集量（TSO別）[MW],63,183,560,129,59,147,144,42,167,1494
20260909B43,応札量合計（電源属地別）[MW],203.558,107.662,533.76,347.895,3.928,95.544,200.277,188.403,254.412,1935.439
20260909B43,落札量合計（電源属地別）[MW],101,107.662,525.919,165.2,3.928,95.544,193.328,44,188,1424.581
20260909B43,応札件数（電源属地別）[件],8,20,72,71,2,19,27,9,50,278
20260909B43,落札件数（電源属地別）[件],4,20,68,27,2,19,23,4,37,204
20260909B43,最高落札価格（電源属地別）[円/kW・30分],1.01,10,9.49,4.39,2.6,3,5.06,1.6,5.66,10
20260909B43,最低落札価格（電源属地別）[円/kW・30分],0.93,5.63,0.39,1.22,2.45,1.29,1.56,0.36,1.94,0.36
20260909B43,平均落札価格（電源属地別）[円/kW・30分],1.01,8.2,3.86,2.56,2.53,2.31,3.61,0.54,3.59,3.56
20260909B43,最高落札価格（TSO別）[円/kW・30分],1.01,10,9.49,4.39,4.39,5.06,5.06,1.6,5.66,10
20260909B43,最低落札価格（TSO別）[円/kW・30分],0.93,5.63,0.39,1.22,1.29,1.29,1.56,0.36,1.94,0.36
20260909B43,平均落札価格（TSO別）[円/kW・30分],1.01,8.2,3.86,2.67,2.25,3.2,3.22,0.54,3.69,3.56
20260909B43,落札量合計（TSO別）[MW],101,107.662,525.919,129,59,147,144,44,167,1424.581
20260909B43,（内訳）自エリアからの落札量[MW],101,107.662,525.919,129,3.928,80.945,133.247,44,167,1292.701
20260909B44,募集量（TSO別）[MW],64,183,560,130,59,147,144,42,168,1497
20260909B44,応札量合計（電源属地別）[MW],166.718,107.662,531.852,286.351,3.928,154.779,179.885,201.403,255.412,1887.99
20260909B44,落札量合計（電源属地別）[MW],101,107.662,524.011,141.509,3.928,154.779,172.936,46,191,1442.825
20260909B44,応札件数（電源属地別）[件],7,20,71,68,2,22,26,10,50,276
20260909B44,落札件数（電源属地別）[件],4,20,67,25,2,22,22,4,37,203
20260909B44,最高落札価格（電源属地別）[円/kW・30分],1.01,10,9.49,4.38,2.6,3,4.69,1.6,5.84,10
20260909B44,最低落札価格（電源属地別）[円/kW・30分],0.93,5.8,0.39,1.35,2.45,0.39,0.39,0.36,2.12,0.36
20260909B44,平均落札価格（電源属地別）[円/kW・30分],1.01,8.91,3.96,2.61,2.53,1.59,3.39,0.56,3.72,3.52
20260909B44,最高落札価格（TSO別）[円/kW・30分],1.01,10,9.49,4.38,4.69,4.69,4.69,1.6,5.84,10
20260909B44,最低落札価格（TSO別）[円/kW・30分],0.93,5.8,0.39,1.35,0.39,0.39,0.39,0.36,2.12,0.36
20260909B44,平均落札価格（TSO別）[円/kW・30分],1.01,8.91,3.96,2.65,3.17,1.87,3.07,0.56,3.84,3.52
20260909B44,落札量合計（TSO別）[MW],101,107.662,524.011,130,59,163.152,144,46,168,1442.825
20260909B44,（内訳）自エリアからの落札量[MW],101,107.662,524.011,130,3.928,148.744,139.528,46,168,1368.873
20260909B45,募集量（TSO別）[MW],65,183,560,130,59,147,144,42,168,1498
20260909B45,応札量合計（電源属地別）[MW],182.068,111.492,531.852,264.542,3.928,154.779,193.997,201.403,257.388,1901.449
20260909B45,落札量合計（電源属地別）[MW],102.95,111.492,524.011,130,3.928,154.779,187.048,46,190.397,1450.605
20260909B45,応札件数（電源属地別）[件],8,22,71,67,2,22,27,10,51,280
20260909B45,落札件数（電源属地別）[件],5,22,67,19,2,22,23,4,37,201
20260909B45,最高落札価格（電源属地別）[円/kW・30分],1.01,10,9.49,4.2,2.5,3,4.69,1.6,5.85,10
20260909B45,最低落札価格（電源属地別）[円/kW・30分],0.93,5.23,0.39,2.1,2.45,0.39,0.39,0.36,2.13,0.36
20260909B45,平均落札価格（電源属地別）[円/kW・30分],1.01,8.01,3.95,2.74,2.48,1.59,3.27,0.56,3.74,3.47
20260909B45,最高落札価格（TSO別）[円/kW・30分],1.01,10,9.49,4.2,4.69,4.69,4.69,1.6,5.85,10
20260909B45,最低落札価格（TSO別）[円/kW・30分],0.93,5.23,0.39,2.1,0.39,0.39,0.39,0.36,2.13,0.36
20260909B45,平均落札価格（TSO別）[円/kW・30分],1.01,8.01,3.95,2.74,2.77,2.22,2.79,0.56,3.86,3.47
20260909B45,落札量合計（TSO別）[MW],102.95,111.492,524.011,130,59,165.152,144,46,168,1450.605
20260909B45,（内訳）自エリアからの落札量[MW],102.95,111.492,524.011,130,3.928,137.235,137.576,46,168,1361.192
20260909B46,募集量（TSO別）[MW],65,182,558,129,59,145,144,42,167,1491
20260909B46,応札量合計（電源属地別）[MW],203.518,111.492,537.91,264.542,3.928,174.177,193.997,215.403,254.404,1959.371
20260909B46,落札量合計（電源属地別）[MW],104.95,111.492,530.025,129,3.928,174.177,175.148,46,180.899,1455.619
20260909B46,応札件数（電源属地別）[件],8,22,72,67,2,23,27,11,50,282
20260909B46,落札件数（電源属地別）[件],5,22,68,26,2,23,17,4,34,201
20260909B46,最高落札価格（電源属地別）[円/kW・30分],1.01,10,9.49,4.5,2.5,3,3.65,1.07,5.34,10
20260909B46,最低落札価格（電源属地別）[円/kW・30分],0.93,5.41,0.39,2,2.45,0.39,0.39,0.36,1.62,0.36
20260909B46,平均落札価格（電源属地別）[円/kW・30分],1.01,8.1,3.84,2.81,2.48,1.45,2.72,0.47,3.44,3.29
20260909B46,最高落札価格（TSO別）[円/kW・30分],1.01,10,9.49,4.5,3.65,3,3.65,1.07,5.34,10
20260909B46,最低落札価格（TSO別）[円/kW・30分],0.93,5.41,0.39,2,0.39,0.39,0.39,0.36,1.62,0.36
20260909B46,平均落札価格（TSO別）[円/kW・30分],1.01,8.1,3.84,2.81,2.22,1.62,2.66,0.47,3.49,3.29
20260909B46,落札量合計（TSO別）[MW],104.95,111.492,530.025,129,59,164.152,144,46,167,1455.619
20260909B46,（内訳）自エリアからの落札量[MW],104.95,111.492,530.025,129,3.928,157.696,144,46,167,1394.091
20260909B47,募集量（TSO別）[MW],65,181,556,128,58,144,143,42,167,1484
20260909B47,応札量合計（電源属地別）[MW],156.718,111.492,571.022,262.682,3.928,178.722,193.997,215.403,256.388,1950.352
20260909B47,落札量合計（電源属地別）[MW],102,111.492,562.996,187.406,3.928,178.722,91.009,45,191,1473.553
20260909B47,応札件数（電源属地別）[件],6,22,71,66,2,23,27,11,51,279
20260909B47,落札件数（電源属地別）[件],4,22,67,28,2,23,22,4,38,210
20260909B47,最高落札価格（電源属地別）[円/kW・30分],1.01,10,9.49,4.68,2.5,3,3.65,1.07,5.86,10
20260909B47,最低落札価格（電源属地別）[円/kW・30分],0.93,5.23,0.39,1.65,2.45,0.39,0.39,0.36,2.14,0.36
20260909B47,平均落札価格（電源属地別）[円/kW・30分],1.01,8.01,3.79,2.82,2.48,1.42,1.87,0.47,3.76,3.28
20260909B47,最高落札価格（TSO別）[円/kW・30分],1.01,10,9.49,4.38,4.68,3,3.65,1.07,5.86,10
20260909B47,最低落札価格（TSO別）[円/kW・30分],0.93,5.23,0.39,2.08,1.65,0.39,0.39,0.36,2.14,0.36
20260909B47,平均落札価格（TSO別）[円/kW・30分],1.01,8.08,3.72,2.91,2.57,1.36,2.06,0.47,3.9,3.28
20260909B47,落札量合計（TSO別）[MW],102,118.488,556,128,58,156.065,143,45,167,1473.553
20260909B47,（内訳）自エリアからの落札量[MW],102,111.492,556,128,3.928,156.065,91.009,45,167,1360.494
20260909B48,募集量（TSO別）[MW],65,180,555,125,57,142,143,42,167,1476
20260909B48,応札量合計（電源属地別）[MW],204.2,109.992,571.416,261.182,24.702,95.544,192.197,154.903,193.56,1807.696
20260909B48,落札量合計（電源属地別）[MW],104,109.992,564.34,125,24.702,88.799,153.466,154.903,131.13,1456.332
20260909B48,応札件数（電源属地別）[件],7,21,72,65,3,19,26,10,46,269
20260909B48,落札件数（電源属地別）[件],3,21,68,16,3,16,6,10,16,159
20260909B48,最高落札価格（電源属地別）[円/kW・30分],1.01,10,9.49,4.2,2.5,2.95,2.13,2.75,4.47,10
20260909B48,最低落札価格（電源属地別）[円/kW・30分],0.45,5.49,0.39,2.25,0.39,1.29,0.39,0.36,2.13,0.36
20260909B48,平均落札価格（電源属地別）[円/kW・30分],0.95,8.13,3.77,2.83,0.72,2.3,1.46,0.99,3.93,3.15
20260909B48,最高落札価格（TSO別）[円/kW・30分],1.01,10,9.49,4.2,2.5,2.95,2.13,1.7,4.47,10
20260909B48,最低落札価格（TSO別）[円/kW・30分],0.45,2.8,0.39,2.25,0.36,0.36,0.39,0.36,0.36,0.36
20260909B48,平均落札価格（TSO別）[円/kW・30分],0.95,7.93,3.74,2.83,0.87,1.88,1.45,0.75,3.34,3.15
20260909B48,落札量合計（TSO別）[MW],104,119.332,555,125,57,142,143,44,167,1456.332
20260909B48,（内訳）自エリアからの落札量[MW],104,109.992,555,125,24.702,88.799,143,44,131.13,1325.623
20260910B01,募集量（TSO別）[MW],64,175,539,55,53,132,140,41,163,1362
20260910B01,応札量合計（電源属地別）[MW],128.658,83.109,458.162,155.785,28.928,147.3,156.403,201.403,159.711,1519.459
20260910B01,落札量合計（電源属地別）[MW],112,83.109,448.435,76.712,28.928,147.3,156.403,42,151.809,1246.696
20260910B01,応札件数（電源属地別）[件],7,13,58,46,3,18,15,10,29,199
20260910B01,落札件数（電源属地別）[件],5,13,54,10,3,18,15,4,25,147
20260910B01,最高落札価格（電源属地別）[円/kW・30分],1.01,10,9.4,3.88,3.38,3,4.69,1.6,4.97,10
20260910B01,最低落札価格（電源属地別）[円/kW・30分],0.93,3.66,0.39,0.5,1.5,0.39,0.39,0.36,2.45,0.36
20260910B01,平均落札価格（電源属地別）[円/kW・30分],1.01,7.2,3.12,1.92,3.14,1.5,3.61,0.52,4.12,3.03
20260910B01,最高落札価格（TSO別）[円/kW・30分],1.01,10,9.4,2.3,3.88,3,4.69,1.6,4.97,10
20260910B01,最低落札価格（TSO別）[円/kW・30分],0.93,3.66,0.39,1.24,0.5,0.39,0.39,0.36,2.24,0.36
20260910B01,平均落札価格（TSO別）[円/kW・30分],1.01,7.2,3.12,1.85,2.71,1.53,3.7,0.52,4.03,3.03
20260910B01,落札量合計（TSO別）[MW],112,83.109,448.435,55,53,150.152,140,42,163,1246.696
20260910B01,（内訳）自エリアからの落札量[MW],112,83.109,448.435,55,28.928,147.3,140,42,151.809,1208.581
20260910B02,募集量（TSO別）[MW],64,175,539,55,53,132,140,41,163,1362
20260910B02,応札量合計（電源属地別）[MW],128.658,83.109,483.071,160.228,21.052,172.688,156.403,201.403,166.633,1573.245
20260910B02,落札量合計（電源属地別）[MW],113,83.109,466.081,64.167,19.122,166.9,151.921,42,151.079,1257.379
20260910B02,応札件数（電源属地別）[件],7,13,63,50,3,20,15,10,32,213
20260910B02,落札件数（電源属地別）[件],5,13,55,5,2,17,13,4,24,138
20260910B02,最高落札価格（電源属地別）[円/kW・30分],1.01,10,9.4,3,2.1,2.9,3,1.6,3,10
20260910B02,最低落札価格（電源属地別）[円/kW・30分],0.93,4.77,0.39,0.39,0.39,0.39,0.39,0.36,0.39,0.36
20260910B02,平均落札価格（電源属地別）[円/kW・30分],1.01,7.89,2.49,0.55,0.57,1.29,1.71,0.52,2.43,2.26
20260910B02,最高落札価格（TSO別）[円/kW・30分],1.01,10,9.4,0.39,3,2.9,3,1.6,3,10
20260910B02,最低落札価格（TSO別）[円/kW・30分],0.93,4.77,0.39,0.39,0.39,0.39,0.39,0.36,0.39,0.36
20260910B02,平均落札価格（TSO別）[円/kW・30分],1.01,7.89,2.49,0.39,1.14,1.26,1.6,0.52,2.47,2.26
20260910B02,落札量合計（TSO別）[MW],113,83.109,466.081,55,53,142.189,140,42,163,1257.379
20260910B02,（内訳）自エリアからの落札量[MW],113,83.109,466.081,55,19.122,142.189,140,42,151.079,1211.58
20260910B03,募集量（TSO別）[MW],64,175,539,55,53,132,140,41,163,1362
20260910B03,応札量合計（電源属地別）[MW],203.558,96.993,479.378,179.644,28.928,147.3,156.403,201.403,178.585,1672.192
20260910B03,落札量合計（電源属地別）[MW],143.85,96.993,466.081,67.515,26.93,145.304,156.403,42,165,1310.076
20260910B03,応札件数（電源属地別）[件],8,20,61,60,3,18,15,10,38,233
20260910B03,落札件数（電源属地別）[件],5,20,54,11,2,17,15,4,33,161
20260910B03,最高落札価格（電源属地別）[円/kW・30分],1.01,10,9.4,4,1.9,3,3.65,1.6,3,10
20260910B03,最低落札価格（電源属地別）[円/kW・30分],0.93,4.77,0.39,0.39,0.39,0.39,0.39,0.36,0.39,0.36
20260910B03,平均落札価格（電源属地別）[円/kW・30分],1,8.11,2.51,1.59,0.5,1.51,1.64,0.52,2.44,2.38
20260910B03,最高落札価格（TSO別）[円/kW・30分],1.01,10,9.4,4,3.88,3,3.65,1.6,3,10
20260910B03,最低落札価格（TSO別）[円/kW・30分],0.93,4.77,0.39,0.39,0.39,0.39,0.39,0.36,0.39,0.36
20260910B03,平均落札価格（TSO別）[円/kW・30分],1,8.11,2.51,1.1,1.7,1.63,1.47,0.52,2.44,2.38
20260910B03,落札量合計（TSO別）[MW],143.85,96.993,466.081,55,53,150.152,140,42,163,1310.076
20260910B03,（内訳）自エリアからの落札量[MW],143.85,96.993,466.081,55,26.93,135.334,140,42,163,1269.188
20260910B04,募集量（TSO別）[MW],64,175,539,55,53,132,140,41,163,1362
20260910B04,応札量合計（電源属地別）[MW],126.708,96.993,489.184,197.865,28.928,120.82,160.193,201.403,180.531,1602.625
20260910B04,落札量合計（電源属地別）[MW],107.958,96.993,466.081,97.872,28.928,120.82,160.193,46.113,165,1289.958
20260910B04,応札件数（電源属地別）[件],6,20,66,61,3,16,17,10,39,238
20260910B04,落札件数（電源属地別）[件],4,20,55,19,3,16,17,4,32,170
20260910B04,最高落札価格（電源属地別）[円/kW・30分],1.01,10,9.4,4.38,2.79,3,4,1.6,3,10
20260910B04,最低落札価格（電源属地別）[円/kW・30分],0.93,5.01,0.39,0.39,0.39,0.39,0.39,0.36,0.39,0.36
20260910B04,平均落札価格（電源属地別）[円/kW・30分],1.01,8.22,2.85,1.69,0.71,1.7,1.68,0.51,2.07,2.53
20260910B04,最高落札価格（TSO別）[円/kW・30分],1.01,10,9.4,0.39,4.2,4.38,3.67,1.6,3,10
20260910B04,最低落札価格（TSO別）[円/kW・30分],0.93,5.01,0.39,0.39,0.39,0.36,0.39,0.36,0.39,0.36
20260910B04,平均落札価格（TSO別）[円/kW・30分],1.01,8.22,2.85,0.39,1.76,2.09,1.48,0.52,2.06,2.53
20260910B04,落札量合計（TSO別）[MW],107.958,96.993,466.081,55,53,165.926,140,42,163,1289.958
20260910B04,（内訳）自エリアからの落札量[MW],107.958,96.993,466.081,55,28.928,120.82,140,42,163,1220.78
20260910B05,募集量（TSO別）[MW],64,175,537,54,53,131,140,40,163,1357
20260910B05,応札量合計（電源属地別）[MW],213.508,94.995,445.216,155.9,28.928,118.822,160.193,201.403,180.531,1599.496
20260910B05,落札量合計（電源属地別）[MW],139.8,94.995,434.081,76.77,28.928,118.822,160.193,58.213,165,1276.802
20260910B05,応札件数（電源属地別）[件],9,19,57,48,3,15,17,10,39,217
20260910B05,落札件数（電源属地別）[件],5,19,52,16,3,15,17,4,32,163
20260910B05,最高落札価格（電源属地別）[円/kW・30分],1.01,10,9.49,4.5,2.8,3,4,1.6,3,10
20260910B05,最低落札価格（電源属地別）[円/kW・30分],0.93,5.55,0.39,0.39,0.39,0.39,0.39,0.36,0.39,0.36
20260910B05,平均落札価格（電源属地別）[円/kW・30分],1,8.44,3.79,1.96,0.7,1.68,1.66,0.48,1.98,2.8
20260910B05,最高落札価格（TSO別）[円/kW・30分],1.01,10,9.49,4.5,4.5,3,4,1.6,3,10
20260910B05,最低落札価格（TSO別）[円/kW・30分],0.93,5.55,0.39,0.39,0.39,0.36,0.39,0.36,0.39,0.36
20260910B05,平均落札価格（TSO別）[円/kW・30分],1,8.44,3.79,1.26,1.98,1.62,1.58,0.52,1.97,2.8
20260910B05,落札量合計（TSO別）[MW],139.8,94.995,434.081,54,53,155.926,140,42,163,1276.802
20260910B05,（内訳）自エリアからの落札量[MW],139.8,94.995,434.081,54,28.928,118.822,140,42,163,1215.626
20260910B06,募集量（TSO別）[MW],64,175,537,54,53,130,140,40,163,1356
20260910B06,応札量合計（電源属地別）[MW],168.658,94.995,447.092,183.819,28.928,118.822,160.193,201.403,180.531,1584.441
20260910B06,落札量合計（電源属地別）[MW],110,94.995,434.081,74.37,28.928,118.822,160.193,58.613,165,1245.002
20260910B06,応札件数（電源属地別）[件],8,19,58,54,3,15,17,10,39,223
20260910B06,落札件数（電源属地別）[件],7,19,52,15,3,15,17,4,32,164
20260910B06,最高落札価格（電源属地別）[円/kW・30分],6.99,10,9.4,4.38,1.9,3,3,1.6,3,10
20260910B06,最低落札価格（電源属地別）[円/kW・30分],0.93,5,0.39,0.39,0.39,0.39,0.39,0.36,0.39,0.36
20260910B06,平均落札価格（電源属地別）[円/kW・30分],1.67,8.19,2.96,1.84,0.57,1.68,1.7,0.48,2.06,2.6
20260910B06,最高落札価格（TSO別）[円/kW・30分],6.99,10,9.4,4.38,4.2,3,3,1.6,3,10
20260910B06,最低落札価格（TSO別）[円/kW・30分],0.93,5,0.39,0.39,0.36,0.36,0.39,0.36,0.39,0.36
20260910B06,平均落札価格（TSO別）[円/kW・30分],1.67,8.19,2.96,1.14,1.76,1.76,1.57,0.52,2,2.6
20260910B06,落札量合計（TSO別）[MW],110,94.995,434.081,54,53,153.926,140,42,163,1245.002
20260910B06,（内訳）自エリアからの落札量[MW],110,94.995,434.081,54,28.928,118.822,140,42,157.99,1180.816
20260910B07,募集量（TSO別）[MW],63,174,536,54,53,131,140,41,164,1356
20260910B07,応札量合計（電源属地別）[MW],168.608,109.993,460.964,207.476,28.928,130.614,177.052,167.403,199.741,1650.779
20260910B07,落札量合計（電源属地別）[MW],100,109.993,433.081,54,26.998,126.747,140.102,101.443,164,1256.364
20260910B07,応札件数（電源属地別）[件],8,20,65,66,3,21,26,8,49,266
20260910B07,落札件数（電源属地別）[件],5,20,51,9,2,19,8,4,34,152
20260910B07,最高落札価格（電源属地別）[円/kW・30分],1.01,10,9.4,3.5,1.5,3,3,1.6,3,10
20260910B07,最低落札価格（電源属地別）[円/kW・30分],0.93,4.74,0.39,0.39,0.39,0.39,0.39,0.36,0.39,0.36
20260910B07,平均落札価格（電源属地別）[円/kW・30分],1.01,8.2,2.6,1.01,0.47,1.76,1.6,0.7,2.16,2.44
20260910B07,最高落札価格（TSO別）[円/kW・30分],1.01,10,9.4,3.5,1.5,3,3,1.6,3,10
20260910B07,最低落札価格（TSO別）[円/kW・30分],0.93,4.74,0.39,0.39,0.36,0.36,0.39,0.36,0.39,0.36
20260910B07,平均落札価格（TSO別）[円/kW・30分],1.01,8.2,2.6,1.01,0.42,1.46,1.6,1.21,2.16,2.44
20260910B07,落札量合計（TSO別）[MW],100,109.993,433.081,54,53,161.29,140,41,164,1256.364
20260910B07,（内訳）自エリアからの落札量[MW],100,109.993,433.081,54,26.998,126.747,140,41,164,1195.819
20260910B08,募集量（TSO別）[MW],63,174,537,54,53,131,140,41,164,1357
20260910B08,応札量合計（電源属地別）[MW],213.458,111.493,459.496,203.676,30.268,130.614,164.325,155.86,195.913,1665.103
20260910B08,落札量合計（電源属地別）[MW],136.85,111.493,434.081,83.579,29.772,130.614,164.325,41,166,1297.714
20260910B08,応札件数（電源属地別）[件],9,21,64,64,4,21,25,7,47,262
20260910B08,落札件数（電源属地別）[件],5,21,51,19,4,21,25,3,35,184
20260910B08,最高落札価格（電源属地別）[円/kW・30分],1.01,10,9.4,4.2,4.3,4,3.14,1.6,3,10
20260910B08,最低落札価格（電源属地別）[円/kW・30分],0.93,4.74,0.39,0.39,0.39,0.39,1.56,0.36,0.39,0.36
20260910B08,平均落札価格（電源属地別）[円/kW・30分],1,8.23,2.6,2.01,0.75,1.82,2.01,1.21,2.23,2.59
20260910B08,最高落札価格（TSO別）[円/kW・30分],1.01,10,9.4,4.14,4.3,4.2,3,1.6,3,10
20260910B08,最低落札価格（TSO別）[円/kW・30分],0.93,4.74,0.39,0.39,0.39,0.39,1.56,0.36,0.39,0.36
20260910B08,平均落札価格（TSO別）[円/kW・30分],1,8.23,2.6,1.11,2.04,2.08,1.84,1.21,2.22,2.59
20260910B08,落札量合計（TSO別）[MW],136.85,111.493,434.081,54,53,163.29,140,41,164,1297.714
20260910B08,（内訳）自エリアからの落札量[MW],136.85,111.493,434.081,54,29.772,130.614,138,41,164,1239.81
20260910B09,募集量（TSO別）[MW],63,174,538,54,53,132,140,41,165,1360
20260910B09,応札量合計（電源属地別）[MW],170.558,113.492,461.016,207.476,34.916,130.614,177.052,155.86,201.727,1652.711
20260910B09,落札量合計（電源属地別）[MW],94,113.492,435.081,71.675,34.916,126.751,171.105,45.843,167,1259.863
20260910B09,応札件数（電源属地別）[件],9,22,65,66,4,21,26,7,50,270
20260910B09,落札件数（電源属地別）[件],5,22,52,13,4,20,23,3,36,178
20260910B09,最高落札価格（電源属地別）[円/kW・30分],4.35,10,9.4,3.88,3.35,4,4,1.6,3,10
20260910B09,最低落札価格（電源属地別）[円/kW・30分],0.93,4.74,0.39,0.39,0.39,0.39,0.39,0.36,0.39,0.36
20260910B09,平均落札価格（電源属地別）[円/kW・30分],1.07,8.25,2.62,1.68,0.68,1.77,1.94,1.12,2.4,2.64
20260910B09,最高落札価格（TSO別）[円/kW・30分],4.35,10,9.4,3.56,3.88,4,3,1.6,3,10
20260910B09,最低落札価格（TSO別）[円/kW・30分],0.93,4.74,0.39,0.39,0.39,0.36,0.39,0.36,0.39,0.36
20260910B09,平均落札価格（TSO別）[円/kW・30分],1.07,8.25,2.62,1.02,1.7,2.06,1.6,1.21,2.4,2.64
20260910B09,落札量合計（TSO別）[MW],94,113.492,435.081,54,53,164.29,140,41,165,1259.863
20260910B09,（内訳）自エリアからの落札量[MW],94,113.492,435.081,54,34.916,126.751,140,41,165,1204.24
20260910B10,募集量（TSO別）[MW],63,174,538,54,53,132,140,41,165,1360
20260910B10,応札量合計（電源属地別）[MW],215.408,113.492,464.786,207.476,40.51,95.324,177.052,167.403,199.743,1681.194
20260910B10,落札量合計（電源属地別）[MW],136.85,113.492,435.081,54,38.58,74.414,134.527,151.943,131.536,1270.423
20260910B10,応札件数（電源属地別）[件],10,22,67,66,4,19,26,8,49,271
20260910B10,落札件数（電源属地別）[件],5,22,52,9,3,9,4,5,17,126
20260910B10,最高落札価格（電源属地別）[円/kW・30分],1.01,10,9.4,3.5,2.79,2.9,2.13,1.7,3.4,10
20260910B10,最低落札価格（電源属地別）[円/kW・30分],0.93,4.74,0.39,0.39,0.39,1.22,0.39,0.36,1.09,0.36
20260910B10,平均落札価格（電源属地別）[円/kW・30分],1,8.25,2.61,1.02,0.55,2.13,1.54,0.75,3.03,2.49
20260910B10,最高落札価格（TSO別）[円/kW・30分],1.01,10,9.4,3.5,2.79,2.9,2.13,1.6,3.4,10
20260910B10,最低落札価格（TSO別）[円/kW・30分],0.93,4.74,0.39,0.39,0.36,0.36,0.36,1.6,0.36,0.36
20260910B10,平均落札価格（TSO別）[円/kW・30分],1,8.25,2.61,1.02,0.65,1.36,1.5,1.6,2.49,2.49
20260910B10,落札量合計（TSO別）[MW],136.85,113.492,435.081,54,53,132,140,41,165,1270.423
20260910B10,（内訳）自エリアからの落札量[MW],136.85,113.492,435.081,54,38.58,74.414,134.527,41,131.536,1159.48
20260910B11,募集量（TSO別）[MW],63,174,538,54,53,132,140,41,165,1360
20260910B11,応札量合計（電源属地別）[MW],170.558,113.492,464.786,209.466,3.928,80.324,177.052,167.403,248.886,1635.895
20260910B11,落札量合計（電源属地別）[MW],95,113.492,435.081,60.691,1.998,76.457,155.409,126.343,181.102,1245.573
20260910B11,応札件数（電源属地別）[件],9,22,67,67,2,18,26,8,50,269
20260910B11,落札件数（電源属地別）[件],5,22,52,12,1,16,15,4,24,151
20260910B11,最高落札価格（電源属地別）[円/kW・30分],4.02,10,9.4,3.5,2,3,3.23,1.6,4.24,10
20260910B11,最低落札価格（電源属地別）[円/kW・30分],0.93,3.73,0.39,1.48,2,1.22,0.39,0.36,0.39,0.36
20260910B11,平均落札価格（電源属地別）[円/kW・30分],1.09,7.82,2.88,2.07,2,2.23,2.73,0.63,2.62,2.83
20260910B11,最高落札価格（TSO別）[円/kW・30分],4.02,10,9.4,3.5,3.23,3,3.23,1.6,4.24,10
20260910B11,最低落札価格（TSO別）[円/kW・30分],0.93,3.73,0.39,1.48,0.36,0.36,0.36,0.36,0.36,0.36
20260910B11,平均落札価格（TSO別）[円/kW・30分],1.09,7.82,2.88,2.14,2.28,1.36,2.41,1.21,2.6,2.83
20260910B11,落札量合計（TSO別）[MW],95,113.492,435.081,54,53,132,140,41,182,1245.573
20260910B11,（内訳）自エリアからの落札量[MW],95,113.492,435.081,54,1.998,72.258,127.409,41,181.102,1121.34
20260910B12,募集量（TSO別）[MW],63,174,538,54,53,132,140,41,165,1360
20260910B12,応札量合計（電源属地別）[MW],130.558,113.492,464.786,207.966,3.928,130.614,177.052,167.403,253.251,1649.05
20260910B12,落札量合計（電源属地別）[MW],87.958,113.492,435.081,54.691,1.998,126.747,141.511,128.343,165,1254.821
20260910B12,応札件数（電源属地別）[件],8,22,67,66,2,21,26,8,49,269
20260910B12,落札件数（電源属地別）[件],3,22,53,9,1,19,8,4,6,125
20260910B12,最高落札価格（電源属地別）[円/kW・30分],3.3,10,9.4,3.5,2,3,3.23,1.6,3.56,10
20260910B12,最低落札価格（電源属地別）[円/kW・30分],0.93,4.74,0.39,0.39,2,0.39,0.39,0.36,0.39,0.36
20260910B12,平均落札価格（電源属地別）[円/kW・30分],1.06,8.25,2.62,1.05,2,1.72,2.7,0.63,2.29,2.62
20260910B12,最高落札価格（TSO別）[円/kW・30分],3.3,10,9.4,3.5,3.23,3,3.23,1.6,3.56,10
20260910B12,最低落札価格（TSO別）[円/kW・30分],0.93,4.74,0.39,0.39,0.36,0.36,0.36,0.36,0.39,0.36
20260910B12,平均落札価格（TSO別）[円/kW・30分],1.06,8.25,2.62,1.06,1.94,1.4,2.15,1.21,2.29,2.62
20260910B12,落札量合計（TSO別）[MW],87.958,113.492,435.081,54,53,165.29,140,41,165,1254.821
20260910B12,（内訳）自エリアからの落札量[MW],87.958,113.492,435.081,54,1.998,126.747,113.511,41,165,1138.787
20260910B13,募集量（TSO別）[MW],65,183,559,64,57,145,141,44,168,1426
20260910B13,応札量合計（電源属地別）[MW],157.358,113.492,500.69,227.745,3.928,174.635,181.27,167.403,193.265,1719.786
20260910B13,落札量合計（電源属地別）[MW],114.668,113.492,486.081,64,1.998,147.046,138.745,163.543,110.813,1340.386
20260910B13,応札件数（電源属地別）[件],8,22,72,68,2,21,26,8,46,273
20260910B13,落札件数（電源属地別）[件],3,22,65,14,1,7,4,6,9,131
20260910B13,最高落札価格（電源属地別）[円/kW・30分],1.01,10,9.4,3.5,2,2.57,2.73,2.5,3.36,10
20260910B13,最低落札価格（電源属地別）[円/kW・30分],0.93,4.74,0.39,0.39,2,0.39,0.39,0.36,1.05,0.36
20260910B13,平均落札価格（電源属地別）[円/kW・30分],1.01,8.25,2.73,1.4,2,1.09,2.32,0.87,3,2.56
20260910B13,最高落札価格（TSO別）[円/kW・30分],1.01,10,9.4,3.5,2.5,2.57,2.73,1.7,3.36,10
20260910B13,最低落札価格（TSO別）[円/kW・30分],0.93,4.74,0.39,0.39,0.36,0.36,0.36,1.6,0.36,0.36
20260910B13,平均落札価格（TSO別）[円/kW・30分],1.01,8.25,2.73,1.4,0.51,1.06,2.29,1.61,2.24,2.56
20260910B13,落札量合計（TSO別）[MW],114.668,113.492,486.081,64,57,152.145,141,44,168,1340.386
20260910B13,（内訳）自エリアからの落札量[MW],114.668,113.492,486.081,64,1.998,110.046,138.745,44,110.813,1183.843
20260910B14,募集量（TSO別）[MW],65,188,567,67,57,148,142,44,169,1447
20260910B14,応札量合計（電源属地別）[MW],178.418,89.992,500.69,219.951,36.258,169.316,181.27,167.403,191.399,1734.697
20260910B14,落札量合計（電源属地別）[MW],114.668,89.992,494.081,67.078,34.328,157.534,138.745,84.062,167.405,1347.893
20260910B14,応札件数（電源属地別）[件],7,20,72,64,4,21,26,8,45,267
20260910B14,落札件数（電源属地別）[件],3,20,69,12,3,15,4,4,32,162
20260910B14,最高落札価格（電源属地別）[円/kW・30分],1.01,10,9.49,3.88,2.59,3,2.13,1.6,3,10
20260910B14,最低落札価格（電源属地別）[円/kW・30分],0.93,6.43,0.39,0.39,0.39,0.39,0.39,0.36,0.39,0.36
20260910B14,平均落札価格（電源属地別）[円/kW・30分],1.01,9.25,2.88,1.53,0.55,1.3,1.56,0.77,2.23,2.49
20260910B14,最高落札価格（TSO別）[円/kW・30分],1.01,10,9.49,3.88,2.8,3,2.13,1.6,3,10
20260910B14,最低落札価格（TSO別）[円/kW・30分],0.93,6.43,0.39,0.39,0.36,0.36,0.36,0.36,0.36,0.36
20260910B14,平均落札価格（TSO別）[円/kW・30分],1.01,9.25,2.88,1.53,0.48,1.23,1.53,1.15,2.22,2.49
20260910B14,落札量合計（TSO別）[MW],114.668,89.992,494.081,67,57,170.152,142,44,169,1347.893
20260910B14,（内訳）自エリアからの落札量[MW],114.668,89.992,494.081,67,34.328,157.534,138.745,44,167.405,1307.753
20260910B15,募集量（TSO別）[MW],66,194,572,70,58,152,143,45,170,1470
20260910B15,応札量合計（電源属地別）[MW],160.708,91.492,500.69,221.851,46.852,126.747,181.27,190.403,192.413,1712.426
20260910B15,落札量合計（電源属地別）[MW],119.968,91.492,499.081,115.507,46.852,111.747,181.27,50,172.914,1388.831
20260910B15,応札件数（電源属地別）[件],7,21,72,65,4,19,26,10,45,269
20260910B15,落札件数（電源属地別）[件],3,21,72,36,4,18,26,4,35,219
20260910B15,最高落札価格（電源属地別）[円/kW・30分],1.01,10,9.49,4.99,3.2,3,4,1.6,3.34,10
20260910B15,最低落札価格（電源属地別）[円/kW・30分],0.93,6.43,0.39,2.66,0.39,0.39,0.39,0.36,0.39,0.36
20260910B15,平均落札価格（電源属地別）[円/kW・30分],0.99,9.27,3.5,3.7,0.61,1.66,1.85,1.45,2.12,2.97
20260910B15,最高落札価格（TSO別）[円/kW・30分],1.01,10,9.49,4.99,4.99,4.99,4,1.6,3.34,10
20260910B15,最低落札価格（TSO別）[円/kW・30分],0.93,6.43,0.39,2.66,0.39,0.39,0.39,0.36,0.39,0.36
20260910B15,平均落札価格（TSO別）[円/kW・30分],0.99,9.27,3.5,3.34,1.31,2.15,1.9,1.45,2.11,2.97
20260910B15,落札量合計（TSO別）[MW],119.968,91.492,499.081,70,58,187.29,143,50,170,1388.831
20260910B15,（内訳）自エリアからの落札量[MW],119.968,91.492,499.081,70,46.852,111.747,143,50,170,1302.14
20260910B16,募集量（TSO別）[MW],66,198,577,72,59,156,144,45,171,1488
20260910B16,応札量合計（電源属地別）[MW],189.408,89.992,500.69,225.845,59.416,126.747,181.27,204.403,154.615,1732.386
20260910B16,落札量合計（電源属地別）[MW],148.668,89.992,500.69,133.943,59.416,112.747,181.27,48,139.914,1414.64
20260910B16,応札件数（電源属地別）[件],8,20,72,67,4,19,26,10,45,271
20260910B16,落札件数（電源属地別）[件],4,20,72,45,4,19,26,4,37,231
20260910B16,最高落札価格（電源属地別）[円/kW・30分],1.01,10,9.5,5,2.8,6.99,4,1.6,3.27,10
20260910B16,最低落札価格（電源属地別）[円/kW・30分],0.39,6.43,0.39,2.68,0.39,0.39,0.39,0.36,0.39,0.36
20260910B16,平均落札価格（電源属地別）[円/kW・30分],0.87,9.26,3.53,4.06,0.55,1.73,1.85,1.29,2.31,2.98
20260910B16,最高落札価格（TSO別）[円/kW・30分],1.01,10,9.5,5,2.8,6.99,4,1.6,4,10
20260910B16,最低落札価格（TSO別）[円/kW・30分],0.39,6.43,0.39,2.68,0.39,0.39,0.39,0.36,0.39,0.36
20260910B16,平均落札価格（TSO別）[円/kW・30分],0.87,9.26,3.53,3.54,0.53,2.72,1.53,1.29,2.51,2.98
20260910B16,落札量合計（TSO別）[MW],148.668,89.992,500.69,72,59,181.29,144,48,171,1414.64
20260910B16,（内訳）自エリアからの落札量[MW],148.668,89.992,500.69,72,59,112.747,144,48,139.914,1315.011
20260910B17,募集量（TSO別）[MW],66,198,577,72,60,156,144,45,171,1489
20260910B17,応札量合計（電源属地別）[MW],229.408,91.492,460.162,244.066,63.316,95.324,163.126,177.403,156.601,1680.898
20260910B17,落札量合計（電源属地別）[MW],66,91.492,460.162,161.162,59.388,80.324,163.126,45,139,1265.654
20260910B17,応札件数（電源属地別）[件],9,21,68,68,4,19,19,8,46,262
20260910B17,落札件数（電源属地別）[件],6,21,68,43,2,18,19,3,37,217
20260910B17,最高落札価格（電源属地別）[円/kW・30分],1,10,9.5,4.99,0.39,4,3,1.6,3,10
20260910B17,最低落札価格（電源属地別）[円/kW・30分],0.39,6.43,0.39,0.54,0.39,1.22,0.39,0.36,0.39,0.36
20260910B17,平均落札価格（電源属地別）[円/kW・30分],0.68,9.27,4.03,3.63,0.39,2.33,1.57,1.41,2.4,3.31
20260910B17,最高落札価格（TSO別）[円/kW・30分],1,10,9.5,4.98,4.99,4.99,2.97,1.6,4.99,10
20260910B17,最低落札価格（TSO別）[円/kW・30分],0.39,6.43,0.39,0.54,0.39,1.22,0.39,0.36,0.39,0.36
20260910B17,平均落札価格（TSO別）[円/kW・30分],0.68,9.27,4.03,2.66,0.44,3.3,1.39,1.41,2.64,3.31
20260910B17,落札量合計（TSO別）[MW],66,91.492,460.162,72,60,156,144,45,171,1265.654
20260910B17,（内訳）自エリアからの落札量[MW],66,91.492,460.162,72,59.388,80.324,144,45,139,1157.366
20260910B18,募集量（TSO別）[MW],66,198,577,72,60,156,144,45,171,1489
20260910B18,応札量合計（電源属地別）[MW],202.658,89.992,447.563,246.056,51.642,95.324,163.126,177.403,191.251,1665.015
20260910B18,落札量合計（電源属地別）[MW],146.95,89.992,447.563,162.794,47.714,62.452,163.126,64,166.914,1351.505
20260910B18,応札件数（電源属地別）[件],9,20,70,69,4,19,19,7,47,264
20260910B18,落札件数（電源属地別）[件],7,20,70,43,2,9,19,4,34,208
20260910B18,最高落札価格（電源属地別）[円/kW・30分],1.01,10,9.5,4.99,0.39,4,4,1.6,3.14,10
20260910B18,最低落札価格（電源属地別）[円/kW・30分],0.39,6.43,0.39,0.39,0.39,1.22,0.39,0.36,0.99,0.36
20260910B18,平均落札価格（電源属地別）[円/kW・30分],0.86,9.26,4.49,3.6,0.39,2.2,1.66,1.46,2.75,3.36
20260910B18,最高落札価格（TSO別）[円/kW・30分],1.01,10,9.5,3.12,4.99,4.99,4,1.6,4,10
20260910B18,最低落札価格（TSO別）[円/kW・30分],0.39,6.43,0.39,0.39,0.39,1.22,0.39,0.36,0.52,0.36
20260910B18,平均落札価格（TSO別）[円/kW・30分],0.86,9.26,4.49,2.39,1.29,3.38,1.55,1.46,2.76,3.36
20260910B18,落札量合計（TSO別）[MW],146.95,89.992,447.563,72,60,156,144,64,171,1351.505
20260910B18,（内訳）自エリアからの落札量[MW],146.95,89.992,447.563,72,47.714,62.452,144,64,166.914,1241.585
20260910B19,募集量（TSO別）[MW],67,215,568,76,61,155,148,47,175,1512
20260910B19,応札量合計（電源属地別）[MW],198.7,114.138,437.477,176.281,63.928,95.324,177.052,211.403,190.771,1665.074
20260910B19,落札量合計（電源属地別）[MW],130.95,114.138,435.777,144.582,60,62.452,177.052,97,170.914,1392.865
20260910B19,応札件数（電源属地別）[件],7,22,68,51,4,19,26,8,47,252
20260910B19,落札件数（電源属地別）[件],4,22,68,35,2,9,26,4,36,206
20260910B19,最高落札価格（電源属地別）[円/kW・30分],1.01,10,9.49,5,0.39,4,4,1.6,3.91,10
20260910B19,最低落札価格（電源属地別）[円/kW・30分],0.39,2.43,0.39,0.8,0.39,1.22,0.39,0.36,2.5,0.36
20260910B19,平均落札価格（電源属地別）[円/kW・30分],0.85,7.96,4.93,3.65,0.39,2.14,1.81,1.1,3.43,3.49
20260910B19,最高落札価格（TSO別）[円/kW・30分],1.01,10,9.49,3.67,5,5,4,1.6,4,10
20260910B19,最低落札価格（TSO別）[円/kW・30分],0.39,2.43,0.39,2.72,0.39,0.8,0.39,0.36,2.5,0.36
20260910B19,平均落札価格（TSO別）[円/kW・30分],0.85,7.96,4.93,3.01,0.47,3.31,1.49,1.1,3.44,3.49
20260910B19,落札量合計（TSO別）[MW],130.95,114.138,435.777,76,61,155,148,97,175,1392.865
20260910B19,（内訳）自エリアからの落札量[MW],130.95,114.138,435.777,76,60,62.452,148,97,170.914,1295.231
20260910B20,募集量（TSO別）[MW],68,217,568,76,61,155,149,47,175,1516
20260910B20,応札量合計（電源属地別）[MW],156.75,114.138,437.477,196.5,63.928,95.324,177.052,219.403,190.771,1651.343
20260910B20,落札量合計（電源属地別）[MW],141,114.138,435.777,165.464,60,62.452,157.17,105,170.914,1411.915
20260910B20,応札件数（電源属地別）[件],5,22,68,52,4,19,26,9,47,252
20260910B20,落札件数（電源属地別）[件],3,22,68,37,2,9,16,5,36,198
20260910B20,最高落札価格（電源属地別）[円/kW・30分],1.01,10,9.49,4.99,0.39,4,4,1.6,3.62,10
20260910B20,最低落札価格（電源属地別）[円/kW・30分],0.39,2.43,0.39,0.53,0.39,1.22,0.39,0.36,2.5,0.36
20260910B20,平均落札価格（電源属地別）[円/kW・30分],0.86,7.96,5.05,3.57,0.39,2.19,1.61,1.13,3.25,3.48
20260910B20,最高落札価格（TSO別）[円/kW・30分],1.01,10,9.49,3.58,4.73,4.99,4,1.6,4,10
20260910B20,最低落札価格（TSO別）[円/kW・30分],0.39,2.43,0.39,0.53,0.39,0.82,0.39,0.36,0.82,0.36
20260910B20,平均落札価格（TSO別）[円/kW・30分],0.86,7.96,5.05,2.61,0.46,3.45,1.51,1.13,3.27,3.48
20260910B20,落札量合計（TSO別）[MW],141,114.138,435.777,76,61,155,149,105,175,1411.915
20260910B20,（内訳）自エリアからの落札量[MW],141,114.138,435.777,76,60,62.452,149,105,170.914,1314.281
20260910B21,募集量（TSO別）[MW],68,220,568,77,62,155,150,48,176,1524
20260910B21,応札量合計（電源属地別）[MW],196.75,114.138,425.853,141.425,63.928,95.324,84.089,224.403,203.288,1549.198
20260910B21,落札量合計（電源属地別）[MW],146,114.138,425.853,140.669,63.928,95.324,84.089,111,187.914,1368.915
20260910B21,応札件数（電源属地別）[件],6,22,62,49,4,19,26,9,45,242
20260910B21,落札件数（電源属地別）[件],4,22,62,49,4,19,26,5,37,228
20260910B21,最高落札価格（電源属地別）[円/kW・30分],1.01,10,10,8.53,6,6.99,10,1.6,3.95,10
20260910B21,最低落札価格（電源属地別）[円/kW・30分],0.39,2.94,0.39,0.48,0.39,1.22,0.39,0.36,2.56,0.36
20260910B21,平均落札価格（電源属地別）[円/kW・30分],0.86,8.05,4.72,4.1,0.73,3.62,3.12,1.15,2.93,3.63
20260910B21,最高落札価格（TSO別）[円/kW・30分],1.01,10,10,8.53,6,6.99,10,1.6,3.66,10
20260910B21,最低落札価格（TSO別）[円/kW・30分],0.39,2.94,0.39,0.48,0.39,0.48,0.39,0.36,2.56,0.36
20260910B21,平均落札価格（TSO別）[円/kW・30分],0.86,8.05,4.72,4.81,0.56,3.51,3.16,1.15,2.9,3.63
20260910B21,落札量合計（TSO別）[MW],146,114.138,425.853,77,62,155,101.924,111,176,1368.915
20260910B21,（内訳）自エリアからの落札量[MW],146,114.138,425.853,77,62,91.331,84.089,111,176,1287.411
20260910B22,募集量（TSO別）[MW],68,221,567,76,62,155,151,48,176,1524
20260910B22,応札量合計（電源属地別）[MW],196.75,112.173,403.865,141.425,63.928,93.474,84.089,224.403,187.422,1507.529
20260910B22,落札量合計（電源属地別）[MW],148,112.173,403.865,139.669,63.928,93.474,84.089,111,187,1343.198
20260910B22,応札件数（電源属地別）[件],6,21,59,49,4,18,26,9,37,229
20260910B22,落札件数（電源属地別）[件],4,21,59,49,4,18,26,5,37,223
20260910B22,最高落札価格（電源属地別）[円/kW・30分],1.01,10,10,8.53,8,6.99,10,1.6,5.2,10
20260910B22,最低落札価格（電源属地別）[円/kW・30分],0.39,3.65,0.39,0.49,0.39,1.22,0.39,0.36,2.25,0.36
20260910B22,平均落札価格（電源属地別）[円/kW・30分],0.87,8.17,4.88,4.14,0.83,3.62,3.12,1.15,2.88,3.66
20260910B22,最高落札価格（TSO別）[円/kW・30分],1.01,10,10,8.53,8,8,10,1.6,5.2,10
20260910B22,最低落札価格（TSO別）[円/kW・30分],0.39,3.65,0.39,4,0.39,0.39,0.39,0.36,2.25,0.36
20260910B22,平均落札価格（TSO別）[円/kW・30分],0.87,8.17,4.88,5.52,0.8,3.07,3.36,1.15,2.8,3.66
20260910B22,落札量合計（TSO別）[MW],148,112.173,403.865,76,62,155,99.16,111,176,1343.198
20260910B22,（内訳）自エリアからの落札量[MW],148,112.173,403.865,76,62,89.403,84.089,111,176,1262.53
20260910B23,募集量（TSO別）[MW],68,221,564,75,62,155,151,48,177,1521
20260910B23,応札量合計（電源属地別）[MW],196.75,114.138,435.707,141.905,63.928,93.474,99.956,224.403,189.406,1559.667
20260910B23,落札量合計（電源属地別）[MW],125,114.138,432.734,138.669,63.928,93.474,99.956,111,188,1366.899
20260910B23,応札件数（電源属地別）[件],6,22,67,49,4,18,27,9,38,240
20260910B23,落札件数（電源属地別）[件],4,22,66,48,4,18,27,5,38,232
20260910B23,最高落札価格（電源属地別）[円/kW・30分],1.01,10,10,8.53,6,6.99,10,1.6,5.2,10
20260910B23,最低落札価格（電源属地別）[円/kW・30分],0.39,2.56,0.39,0.43,0.39,1.22,0.39,0.36,2.22,0.36
20260910B23,平均落札価格（電源属地別）[円/kW・30分],0.84,7.98,4.88,3.95,0.72,3.59,2.87,1.15,2.91,3.67
20260910B23,最高落札価格（TSO別）[円/kW・30分],1.01,10,10,8.53,6,6.99,10,1.6,5.2,10
20260910B23,最低落札価格（TSO別）[円/kW・30分],0.39,2.56,0.39,0.43,0.39,0.39,0.39,0.36,2.22,0.36
20260910B23,平均落札価格（TSO別）[円/kW・30分],0.84,7.98,4.88,4.77,0.73,3.23,3.04,1.15,2.88,3.67
20260910B23,落札量合計（TSO別）[MW],125,114.138,432.734,75,62,155,115.027,111,177,1366.899
20260910B23,（内訳）自エリアからの落札量[MW],125,114.138,432.734,75,62,93.474,99.956,111,177,1290.302
20260910B24,募集量（TSO別）[MW],68,221,564,74,62,155,151,48,177,1520
20260910B24,応札量合計（電源属地別）[MW],196.75,114.138,369.989,218.546,63.928,93.474,212.779,224.403,187.458,1681.465
20260910B24,落札量合計（電源属地別）[MW],124,114.138,367.016,128.887,60,60.602,189.821,111,179.69,1335.154
20260910B24,応札件数（電源属地別）[件],6,22,63,52,4,18,29,9,37,240
20260910B24,落札件数（電源属地別）[件],3,22,62,14,2,8,18,5,33,167
20260910B24,最高落札価格（電源属地別）[円/kW・30分],1.01,10,10,4.68,0.39,4,3.42,1.6,4.58,10
20260910B24,最低落札価格（電源属地別）[円/kW・30分],0.39,2.45,0.39,0.61,0.39,1.22,0.39,0.36,1.74,0.36
20260910B24,平均落札価格（電源属地別）[円/kW・30分],0.84,7.96,5.19,2.33,0.39,2.12,1.61,1.15,2.52,3.19
20260910B24,最高落札価格（TSO別）[円/kW・30分],1.01,10,10,2.91,4.68,4.68,2.13,1.6,4.58,10
20260910B24,最低落札価格（TSO別）[円/kW・30分],0.39,2.45,0.39,0.62,0.39,0.61,0.39,0.36,1.74,0.36
20260910B24,平均落札価格（TSO別）[円/kW・30分],0.84,7.96,5.19,2.63,0.48,2.14,1.4,1.15,2.51,3.19
20260910B24,落札量合計（TSO別）[MW],124,114.138,367.016,74,62,155,151,111,177,1335.154
20260910B24,（内訳）自エリアからの落札量[MW],124,114.138,367.016,74,60,60.602,151,111,177,1238.756
20260910B25,募集量（TSO別）[MW],67,222,563,71,62,155,149,48,176,1513
20260910B25,応札量合計（電源属地別）[MW],200.708,111.692,326.041,205.692,63.928,44.606,212.779,221.403,233.739,1620.588
20260910B25,落札量合計（電源属地別）[MW],129,111.692,326.041,122.556,60,9.794,189.821,109,230.829,1288.733
20260910B25,応札件数（電源属地別）[件],8,21,57,54,4,16,29,9,38,236
20260910B25,落札件数（電源属地別）[件],4,21,57,19,2,5,18,5,36,167
20260910B25,最高落札価格（電源属地別）[円/kW・30分],1.01,10,10,4.85,0.39,4,4,1.6,4.5,10
20260910B25,最低落札価格（電源属地別）[円/kW・30分],0.39,2.91,0.39,0.82,0.39,2.95,0.39,0.36,0.77,0.36
20260910B25,平均落札価格（電源属地別）[円/kW・30分],0.84,7.98,4.92,2.82,0.39,3.36,1.44,1.16,1.63,2.94
20260910B25,最高落札価格（TSO別）[円/kW・30分],1.01,10,10,3.4,4.85,4.85,2.13,1.6,4.39,10
20260910B25,最低落札価格（TSO別）[円/kW・30分],0.39,2.91,0.39,0.82,0.39,0.82,0.39,0.36,0.77,0.36
20260910B25,平均落札価格（TSO別）[円/kW・30分],0.84,7.98,4.92,2.29,0.53,3.19,1.18,1.16,1.06,2.94
20260910B25,落札量合計（TSO別）[MW],129,111.692,326.041,71,62,155,149,109,176,1288.733
20260910B25,（内訳）自エリアからの落札量[MW],129,111.692,326.041,71,60,9.794,149,109,176,1141.527
20260910B26,募集量（TSO別）[MW],67,222,563,71,62,155,149,48,176,1513
20260910B26,応札量合計（電源属地別）[MW],200.708,111.692,341.787,187.55,63.928,92.031,212.779,221.403,233.739,1665.617
20260910B26,落札量合計（電源属地別）[MW],126,111.692,341.787,89.191,60,58.66,189.821,115,215.328,1307.479
20260910B26,応札件数（電源属地別）[件],8,21,57,53,4,17,29,9,38,236
20260910B26,落札件数（電源属地別）[件],4,21,57,10,2,7,18,5,28,152
20260910B26,最高落札価格（電源属地別）[円/kW・30分],1.01,10,10,4.2,0.39,4,4,1.6,4,10
20260910B26,最低落札価格（電源属地別）[円/kW・30分],0.39,2.58,0.39,0.92,0.39,1.85,0.39,0.36,0.77,0.36
20260910B26,平均落札価格（電源属地別）[円/kW・30分],0.84,7.91,4.62,2.57,0.39,2.12,1.59,1.12,1.44,2.82
20260910B26,最高落札価格（TSO別）[円/kW・30分],1.01,10,10,4.2,4.2,4,2.13,1.6,3,10
20260910B26,最低落札価格（TSO別）[円/kW・30分],0.39,2.58,0.39,0.92,0.39,1.19,0.39,0.36,0.77,0.36
20260910B26,平均落札価格（TSO別）[円/kW・30分],0.84,7.91,4.62,2.3,0.51,2.57,1.33,1.12,1.12,2.82
20260910B26,落札量合計（TSO別）[MW],126,111.692,341.787,71,62,155,149,115,176,1307.479
20260910B26,（内訳）自エリアからの落札量[MW],126,111.692,341.787,71,60,58.66,140.369,115,176,1200.508
20260910B27,募集量（TSO別）[MW],67,222,563,71,62,155,149,48,176,1513
20260910B27,応札量合計（電源属地別）[MW],200.708,115.488,409.139,296.568,63.928,92.031,152.451,155.903,219.725,1705.941
20260910B27,落札量合計（電源属地別）[MW],129,115.488,409.139,162.286,60,66.951,117.583,132,206.18,1398.627
20260910B27,応札件数（電源属地別）[件],8,23,62,75,4,17,25,7,40,261
20260910B27,落札件数（電源属地別）[件],4,23,62,11,2,12,8,5,32,159
20260910B27,最高落札価格（電源属地別）[円/kW・30分],1.01,10,10,4,0.39,4,4,1.6,3.8,10
20260910B27,最低落札価格（電源属地別）[円/kW・30分],0.39,2.11,0.39,0.42,0.39,1.85,0.82,0.3,2.5,0.3
20260910B27,平均落札価格（電源属地別）[円/kW・30分],0.84,7.89,4.79,1.91,0.39,2.36,1.68,0.89,3.02,3.15
20260910B27,最高落札価格（TSO別）[円/kW・30分],1.01,10,10,3.23,3.26,4,3.39,1.6,3.8,10
20260910B27,最低落札価格（TSO別）[円/kW・30分],0.39,2.11,0.39,0.42,0.39,0.82,0.44,0.3,2.5,0.3
20260910B27,平均落札価格（TSO別）[円/kW・30分],0.84,7.89,4.79,1.39,0.47,2.68,1.61,0.89,3,3.15
20260910B27,落札量合計（TSO別）[MW],129,115.488,409.139,71,62,155,149,132,176,1398.627
20260910B27,（内訳）自エリアからの落札量[MW],129,115.488,409.139,71,60,66.951,106.85,132,176,1266.428
20260910B28,募集量（TSO別）[MW],67,219,562,71,62,154,148,48,176,1507
20260910B28,応札量合計（電源属地別）[MW],180.718,115.488,409.191,319.924,63.928,93.881,168.559,155.903,172.873,1680.465
20260910B28,落札量合計（電源属地別）[MW],111,115.488,409.191,204.35,60,70.999,145.601,111,166.163,1393.792
20260910B28,応札件数（電源属地別）[件],7,23,64,76,4,18,26,7,38,263
20260910B28,落札件数（電源属地別）[件],4,23,64,21,2,13,15,5,34,181
20260910B28,最高落札価格（電源属地別）[円/kW・30分],1.01,10,10,4.54,0.69,4,6.38,1.6,4.81,10
20260910B28,最低落札価格（電源属地別）[円/kW・30分],0.39,2.09,0.39,0.59,0.53,1.85,0.39,0.3,2.23,0.3
20260910B28,平均落札価格（電源属地別）[円/kW・30分],0.92,7.89,4.79,2.62,0.62,2.42,1.57,1,4.11,3.4
20260910B28,最高落札価格（TSO別）[円/kW・30分],1.01,10,10,3.67,3,4.54,6.38,1.6,4.81,10
20260910B28,最低落札価格（TSO別）[円/kW・30分],0.39,2.09,0.39,1.37,0.53,0.59,0.39,0.3,2.23,0.3
20260910B28,平均落札価格（TSO別）[円/kW・30分],0.92,7.89,4.79,3.02,0.67,2.45,1.49,1,4.1,3.4
20260910B28,落札量合計（TSO別）[MW],111,115.488,409.191,85.868,62,154,167.255,111,177.99,1393.792
20260910B28,（内訳）自エリアからの落札量[MW],111,115.488,409.191,85.868,60,70.999,122.958,111,166.163,1252.667
20260910B29,募集量（TSO別）[MW],66,217,561,70,62,155,148,48,175,1502
20260910B29,応札量合計（電源属地別）[MW],206.108,115.488,455.632,317.926,63.928,95.324,168.559,155.903,174.373,1753.241
20260910B29,落札量合計（電源属地別）[MW],125.4,115.488,455.632,270.882,63.928,78.328,165.483,117,174.373,1566.514
20260910B29,応札件数（電源属地別）[件],8,23,64,75,4,19,26,7,39,265
20260910B29,落札件数（電源属地別）[件],4,23,64,51,4,17,25,5,39,232
20260910B29,最高落札価格（電源属地別）[円/kW・30分],1.01,10,9.49,5,6,5.5,6.38,1.6,6.05,10
20260910B29,最低落札価格（電源属地別）[円/kW・30分],0.93,2.08,0.39,1.33,0.39,1.22,0.39,0.3,2.94,0.3
20260910B29,平均落札価格（電源属地別）[円/kW・30分],1.01,7.89,4.97,3.41,0.79,2.87,1.99,0.96,5.08,3.72
20260910B29,最高落札価格（TSO別）[円/kW・30分],1.01,10,9.49,5,2.13,6,6.38,1.6,6.05,10
20260910B29,最低落札価格（TSO別）[円/kW・30分],0.93,2.08,0.39,1.33,0.39,1.22,0.39,0.3,2.94,0.3
20260910B29,平均落札価格（TSO別）[円/kW・30分],1.01,7.89,4.97,3.09,0.5,3.59,2,0.96,5.07,3.72
20260910B29,落札量合計（TSO別）[MW],125.4,115.488,455.632,187.146,62,155,169.958,117,178.89,1566.514
20260910B29,（内訳）自エリアからの落札量[MW],125.4,115.488,455.632,187.146,60,71.266,162.896,117,174.373,1469.201
20260910B30,募集量（TSO別）[MW],66,212,561,70,62,155,148,47,174,1495
20260910B30,応札量合計（電源属地別）[MW],208.058,115.488,548.406,379.922,49.448,95.324,154.756,143.903,192.119,1887.424
20260910B30,落札量合計（電源属地別）[MW],133.35,115.488,548.406,214.71,45.52,62.452,131.798,123,163.675,1538.399
20260910B30,応札件数（電源属地別）[件],9,23,68,80,4,19,25,7,48,283
20260910B30,落札件数（電源属地別）[件],6,23,68,23,2,9,14,5,33,183
20260910B30,最高落札価格（電源属地別）[円/kW・30分],1.01,10,9.49,4.58,1.71,4.5,4,1.6,6.69,10
20260910B30,最低落札価格（電源属地別）[円/kW・30分],0.93,2.07,0.39,1.31,1.54,1.22,0.39,0.3,1.58,0.3
20260910B30,平均落札価格（電源属地別）[円/kW・30分],1,7.89,4.46,2.09,1.62,2.23,1.07,0.81,5.42,3.43
20260910B30,最高落札価格（TSO別）[円/kW・30分],1.01,10,9.49,3.04,4.58,4.54,4,1.6,6.69,10
20260910B30,最低落札価格（TSO別）[円/kW・30分],0.93,2.07,0.39,1.31,1.33,1.22,0.39,0.3,1.33,0.3
20260910B30,平均落札価格（TSO別）[円/kW・30分],1,7.89,4.46,1.87,2.15,2.02,1.18,0.81,5.32,3.43
20260910B30,落札量合計（TSO別）[MW],133.35,115.488,548.406,70,62,155,157.155,123,174,1538.399
20260910B30,（内訳）自エリアからの落札量[MW],133.35,115.488,548.406,70,45.52,33.131,127.834,123,163.675,1360.404
20260910B31,募集量（TSO別）[MW],64,194,560,69,63,154,147,45,170,1466
20260910B31,応札量合計（電源属地別）[MW],168.658,93.488,612.8,409.183,28.928,91.457,193.448,177.403,192.119,1967.484
20260910B31,落札量合計（電源属地別）[MW],94.95,93.488,607.706,223.298,25,70.571,154.717,96,139.126,1504.856
20260910B31,応札件数（電源属地別）[件],8,22,75,78,3,17,25,7,48,283
20260910B31,落札件数（電源属地別）[件],5,22,72,13,1,13,5,5,20,156
20260910B31,最高落札価格（電源属地別）[円/kW・30分],1.01,10,9.4,3,1.44,3,3,1.6,6.92,10
20260910B31,最低落札価格（電源属地別）[円/kW・30分],0.93,6.43,0.39,1.41,1.44,1.22,0.39,0.3,0.69,0.3
20260910B31,平均落札価格（電源属地別）[円/kW・30分],1,9.29,4.46,1.8,1.44,2.17,1.99,1.09,5.8,3.64
20260910B31,最高落札価格（TSO別）[円/kW・30分],1.01,10,9.4,2.68,1.71,3,3,1.6,6.92,10
20260910B31,最低落札価格（TSO別）[円/kW・30分],0.93,6.43,0.39,1.49,1.44,1.22,0.39,0.3,0.69,0.3
20260910B31,平均落札価格（TSO別）[円/kW・30分],1,9,4.12,1.95,1.57,1.96,2,1.09,5.04,3.64
20260910B31,落札量合計（TSO別）[MW],94.95,141.194,560,69,63,154,156.712,96,170,1504.856
20260910B31,（内訳）自エリアからの落札量[MW],94.95,93.488,560,69,25,70.571,152.723,96,139.126,1300.858
20260910B32,募集量（TSO別）[MW],64,194,560,69,63,154,147,45,170,1466
20260910B32,応札量合計（電源属地別）[MW],176.708,113.488,609.302,409.183,3.928,91.457,193.448,154.403,192.119,1944.036
20260910B32,落札量合計（電源属地別）[MW],103,113.488,607.706,250.202,0,54.795,154.717,73,148.04,1504.948
20260910B32,応札件数（電源属地別）[件],8,23,74,78,2,17,25,6,48,281
20260910B32,落札件数（電源属地別）[件],5,23,74,15,0,5,5,4,25,156
20260910B32,最高落札価格（電源属地別）[円/kW・30分],1.01,10,9.49,3.88,0,2.95,4.5,1.6,7.62,10
20260910B32,最低落札価格（電源属地別）[円/kW・30分],0.39,6.42,0.39,1.71,0,1.22,0.39,0.3,2.94,0.3
20260910B32,平均落札価格（電源属地別）[円/kW・30分],0.95,8.79,4.5,2.07,0,1.95,3.11,0.93,6.25,3.94
20260910B32,最高落札価格（TSO別）[円/kW・30分],1.01,10,9.49,2.68,3.88,3,4.5,1.6,7.62,10
20260910B32,最低落札価格（TSO別）[円/kW・30分],0.39,0.39,0.39,1.74,1.73,1.71,0.39,0.3,1.22,0.3
20260910B32,平均落札価格（TSO別）[円/kW・30分],0.95,8.43,4.23,2.04,2.19,1.96,3.12,0.93,5.75,3.94
20260910B32,落札量合計（TSO別）[MW],103,161.194,560,69,63,154,151.754,73,170,1504.948
20260910B32,（内訳）自エリアからの落札量[MW],103,113.488,560,69,0,51.629,150.923,73,148.04,1269.08
20260910B33,募集量（TSO別）[MW],64,194,560,69,63,154,147,45,170,1466
20260910B33,応札量合計（電源属地別）[MW],206.178,113.488,611.278,451.197,3.928,91.457,193.448,154.403,192.119,2017.496
20260910B33,落札量合計（電源属地別）[MW],123,113.488,607.706,250.363,0,68.575,173.019,74,148.465,1558.616
20260910B33,応札件数（電源属地別）[件],8,23,74,84,2,17,25,6,48,287
20260910B33,落札件数（電源属地別）[件],5,23,72,15,0,12,15,3,25,170
20260910B33,最高落札価格（電源属地別）[円/kW・30分],1.01,10,9.49,3.88,0,3.5,4.69,1.6,8.03,10
20260910B33,最低落札価格（電源属地別）[円/kW・30分],0.93,4.94,0.39,1.73,0,1.22,0.56,0.3,2.9,0.3
20260910B33,平均落札価格（電源属地別）[円/kW・30分],1,7.94,4.72,2.08,0,2.18,3.36,0.92,6.54,3.97
20260910B33,最高落札価格（TSO別）[円/kW・30分],1.01,10,9.4,2.73,3.88,3.5,4.69,1.6,8.03,10
20260910B33,最低落札価格（TSO別）[円/kW・30分],0.93,2.5,0.39,1.74,1.77,1.22,0.56,0.3,1.8,0.3
20260910B33,平均落札価格（TSO別）[円/kW・30分],1,8,4.43,2.14,2.24,2.05,3.25,0.92,6.13,3.97
20260910B33,落札量合計（TSO別）[MW],123,161.194,560,89.438,63,154,163.984,74,170,1558.616
20260910B33,（内訳）自エリアからの落札量[MW],123,113.488,560,89.438,0,68.575,158.019,74,148.465,1334.985
20260910B34,募集量（TSO別）[MW],64,193,560,69,63,154,147,45,169,1464
20260910B34,応札量合計（電源属地別）[MW],128.658,111.988,643.707,443.497,3.928,91.457,146.476,154.403,190.135,1914.249
20260910B34,落札量合計（電源属地別）[MW],89.908,111.988,640.135,249.423,0,68.575,131.55,71,154.307,1516.886
20260910B34,応札件数（電源属地別）[件],7,22,74,83,2,17,23,6,47,281
20260910B34,落札件数（電源属地別）[件],4,22,72,23,0,12,15,4,28,180
20260910B34,最高落札価格（電源属地別）[円/kW・30分],1.01,10,9.49,4.2,0,3.5,4.69,1.6,8.21,10
20260910B34,最低落札価格（電源属地別）[円/kW・30分],0.93,3.59,0.39,1.63,0,1.22,2.13,0.3,2.9,0.3
20260910B34,平均落札価格（電源属地別）[円/kW・30分],1.01,7.12,4.37,2.09,0,2.18,4.34,0.94,6.59,3.96
20260910B34,最高落札価格（TSO別）[円/kW・30分],1.01,10,9.49,2.59,4.2,3.88,4.69,1.6,8.21,10
20260910B34,最低落札価格（TSO別）[円/kW・30分],0.93,0.39,0.39,1.65,1.65,1.22,1.69,0.3,1.67,0.3
20260910B34,平均落札価格（TSO別）[円/kW・30分],1.01,6.5,4.19,1.96,2.09,2.04,4.07,0.94,6.35,3.96
20260910B34,落札量合計（TSO別）[MW],89.908,192.123,560,69,63,154,148.855,71,169,1516.886
20260910B34,（内訳）自エリアからの落札量[MW],89.908,111.988,560,69,0,68.575,131.55,71,154.307,1256.328
20260910B35,募集量（TSO別）[MW],63,191,560,69,63,154,147,44,169,1460
20260910B35,応札量合計（電源属地別）[MW],143.128,113.488,611.918,453.195,3.928,91.457,146.476,154.403,190.133,1908.126
20260910B35,落札量合計（電源属地別）[MW],123,113.488,610.146,239.917,0,68.575,131.55,44,161.958,1492.634
20260910B35,応札件数（電源属地別）[件],7,23,71,85,2,17,23,6,47,281
20260910B35,落札件数（電源属地別）[件],5,23,71,25,0,12,15,3,32,186
20260910B35,最高落札価格（電源属地別）[円/kW・30分],1.01,10,9.49,4.2,0,3.5,4.69,1.6,8.31,10
20260910B35,最低落札価格（電源属地別）[円/kW・30分],0.93,2.62,0.39,1.57,0,1.22,2.13,0.3,2.9,0.3
20260910B35,平均落札価格（電源属地別）[円/kW・30分],1,6.6,4.87,2.06,0,2.18,4.34,0.77,6.55,4.12
20260910B35,最高落札価格（TSO別）[円/kW・30分],1.01,10,9.49,2.46,4.2,4.2,4.69,1.6,8.31,10
20260910B35,最低落札価格（TSO別）[円/kW・30分],0.93,2.62,0.39,1.58,1.57,1.22,1.57,0.3,2.9,0.3
20260910B35,平均落札価格（TSO別）[円/kW・30分],1,7.41,4.48,1.7,2.45,2.03,4.1,0.77,6.45,4.12
20260910B35,落札量合計（TSO別）[MW],123,163.634,560,69,63,154,147,44,169,1492.634
20260910B35,（内訳）自エリアからの落札量[MW],123,113.488,560,69,0,68.575,125.24,44,161.958,1265.261
20260910B36,募集量（TSO別）[MW],64,189,560,69,63,153,147,43,168,1456
20260910B36,応札量合計（電源属地別）[MW],143.128,110.992,656.747,449.696,3.928,91.457,146.476,154.403,190.133,1946.96
20260910B36,落札量合計（電源属地別）[MW],123,110.685,638.315,239.488,3.928,68.575,127.756,43,160.253,1515
20260910B36,応札件数（電源属地別）[件],7,22,73,83,2,17,23,6,47,280
20260910B36,落札件数（電源属地別）[件],5,22,72,25,2,12,13,3,31,185
20260910B36,最高落札価格（電源属地別）[円/kW・30分],1.01,10,9.49,4.2,4,3.47,4.71,1.6,8.22,10
20260910B36,最低落札価格（電源属地別）[円/kW・30分],0.93,2.97,0.39,1.43,3.95,1.22,2.13,0.36,2.9,0.36
20260910B36,平均落札価格（電源属地別）[円/kW・30分],1,6.73,4.25,1.94,3.98,2.17,4.39,0.79,6.52,3.86
20260910B36,最高落札価格（TSO別）[円/kW・30分],1.01,10,9.49,2.33,4,4.2,4.71,1.6,8.22,10
20260910B36,最低落札価格（TSO別）[円/kW・30分],0.93,0.39,0.39,1.43,1.45,1.45,1.22,0.36,1.47,0.36
20260910B36,平均落札価格（TSO別）[円/kW・30分],1,6.87,3.85,1.73,1.84,2,4.24,0.79,6.38,3.86
20260910B36,落札量合計（TSO別）[MW],123,189,560,69,63,153,147,43,168,1515
20260910B36,（内訳）自エリアからの落札量[MW],123,110.685,560,69,3.928,61.196,123.778,43,160.253,1254.84
20260910B37,募集量（TSO別）[MW],63,188,562,67,63,149,147,42,167,1448
20260910B37,応札量合計（電源属地別）[MW],101.69,109.527,617.772,439.324,3.928,89.466,144.486,154.403,145.855,1806.451
20260910B37,落札量合計（電源属地別）[MW],87.94,109.527,612.146,256.933,3.928,66.584,129.56,42,135.995,1444.613
20260910B37,応札件数（電源属地別）[件],5,21,74,78,2,16,22,6,40,264
20260910B37,落札件数（電源属地別）[件],3,21,71,43,2,11,14,3,35,203
20260910B37,最高落札価格（電源属地別）[円/kW・30分],1.01,10,9.49,4.99,4.75,3,4.71,1.6,8.05,10
20260910B37,最低落札価格（電源属地別）[円/kW・30分],0.93,2.62,0.39,1.39,4,1.22,2.13,0.36,2.84,0.36
20260910B37,平均落札価格（電源属地別）[円/kW・30分],1.01,6.49,4.65,2.29,4.37,2.12,4.39,0.8,6.06,4.03
20260910B37,最高落札価格（TSO別）[円/kW・30分],1.01,10,9.49,2.09,4.99,4.99,4.71,1.6,8.05,10
20260910B37,最低落札価格（TSO別）[円/kW・30分],0.93,0.39,0.39,1.42,1.42,1.39,1.22,0.36,1.44,0.36
20260910B37,平均落札価格（TSO別）[円/kW・30分],1.01,6.4,4.52,1.65,1.88,2.61,4.08,0.8,5.51,4.03
20260910B37,落札量合計（TSO別）[MW],87.94,159.673,562,67,63,149,147,42,167,1444.613
20260910B37,（内訳）自エリアからの落札量[MW],87.94,109.527,562,67,3.928,46.034,124.45,42,135.995,1178.874
20260910B38,募集量（TSO別）[MW],63,188,562,67,63,149,147,42,167,1448
20260910B38,応札量合計（電源属地別）[MW],164.21,109.992,660.408,430.026,3.928,89.466,191.458,154.403,145.855,1949.746
20260910B38,落札量合計（電源属地別）[MW],137.47,100.991,649.009,230.499,0,66.584,176.532,42,126.139,1529.224
20260910B38,応札件数（電源属地別）[件],6,21,78,76,2,16,24,6,40,269
20260910B38,落札件数（電源属地別）[件],3,16,71,29,0,11,16,2,30,178
20260910B38,最高落札価格（電源属地別）[円/kW・30分],1.01,9.49,9.4,4.39,0,3,4.89,1.6,7.62,9.49
20260910B38,最低落札価格（電源属地別）[円/kW・30分],1,4.11,0.39,1.22,0,1.22,0.76,0.36,2.84,0.36
20260910B38,平均落札価格（電源属地別）[円/kW・30分],1.01,7.17,3.92,1.93,0,2.12,3.55,0.8,5.89,3.53
20260910B38,最高落札価格（TSO別）[円/kW・30分],1.01,9.49,9.4,2.09,4.39,4.05,4.89,1.6,7.62,9.49
20260910B38,最低落札価格（TSO別）[円/kW・30分],1,2.91,0.39,1.32,1.22,1.22,0.76,0.36,1.27,0.36
20260910B38,平均落札価格（TSO別）[円/kW・30分],1.01,7.47,3.31,1.59,2.33,2.01,3.44,0.8,5.23,3.53
20260910B38,落札量合計（TSO別）[MW],137.47,188,562,67,63,149,153.754,42,167,1529.224
20260910B38,（内訳）自エリアからの落札量[MW],137.47,100.991,562,67,0,66.584,153.754,42,126.139,1255.938
20260910B39,募集量（TSO別）[MW],63,188,563,67,63,149,147,42,167,1449
20260910B39,応札量合計（電源属地別）[MW],124.74,109.592,560.964,438.238,3.928,90.014,191.458,154.403,154.824,1828.161
20260910B39,落札量合計（電源属地別）[MW],99,109.592,560.964,230.216,1.667,67.132,172.738,44.374,128.001,1413.684
20260910B39,応札件数（電源属地別）[件],5,21,70,83,2,16,24,6,45,272
20260910B39,落札件数（電源属地別）[件],3,21,70,24,1,11,14,3,31,178
20260910B39,最高落札価格（電源属地別）[円/kW・30分],1.24,10,9.49,4.14,4.2,3,4.89,1.6,7.17,10
20260910B39,最低落札価格（電源属地別）[円/kW・30分],0.93,4.37,0.39,0.97,4.2,1.85,0.76,0.36,2.78,0.36
20260910B39,平均落札価格（電源属地別）[円/kW・30分],1.2,7.53,4.16,1.9,4.2,2.18,3.54,0.93,5.5,3.7
20260910B39,最高落札価格（TSO別）[円/kW・30分],1.24,10,9.49,3.3,4.2,4.14,4.89,1.6,7.17,10
20260910B39,最低落札価格（TSO別）[円/kW・30分],0.93,4.37,0.39,1.04,1.02,0.97,0.76,0.36,0.97,0.36
20260910B39,平均落札価格（TSO別）[円/kW・30分],1.2,7.53,4.16,2.08,1.74,2.12,3.36,0.93,4.94,3.7
20260910B39,落札量合計（TSO別）[MW],99,109.592,560.964,67,63,149,153.754,44.374,167,1413.684
20260910B39,（内訳）自エリアからの落札量[MW],99,109.592,560.964,67,1.667,64.308,147.868,44.374,128.001,1222.774
20260910B40,募集量（TSO別）[MW],63,187,563,67,63,149,147,42,167,1448
20260910B40,応札量合計（電源属地別）[MW],204.21,111.492,585.389,410.194,3.928,90.014,193.448,154.403,191.799,1944.877
20260910B40,落札量合計（電源属地別）[MW],141.47,111.492,585.389,204.041,3.928,75.014,153.723,42,163.048,1480.105
20260910B40,応札件数（電源属地別）[件],7,22,70,79,2,16,25,6,48,275
20260910B40,落札件数（電源属地別）[件],5,22,70,19,2,15,5,2,32,172
20260910B40,最高落札価格（電源属地別）[円/kW・30分],1.48,10,9.49,3.49,2.15,3,4.71,1.6,6.89,10
20260910B40,最低落札価格（電源属地別）[円/kW・30分],0.93,4.74,0.39,0.98,1.75,1.85,0.58,0.36,2.78,0.36
20260910B40,平均落札価格（電源属地別）[円/kW・30分],1.28,7.78,3.83,2.23,1.95,2.24,3.31,0.8,5.44,3.62
20260910B40,最高落札価格（TSO別）[円/kW・30分],1.48,10,9.49,3.49,3.19,3.49,4.71,1.6,6.89,10
20260910B40,最低落札価格（TSO別）[円/kW・30分],0.93,4.74,0.39,0.98,0.98,1.04,0.58,0.36,1.71,0.36
20260910B40,平均落札価格（TSO別）[円/kW・30分],1.28,8.03,3.62,2.25,2.03,2.31,3.3,0.8,5.36,3.62
20260910B40,落札量合計（TSO別）[MW],141.47,133.881,563,67,63,149,153.754,42,167,1480.105
20260910B40,（内訳）自エリアからの落札量[MW],141.47,111.492,563,67,3.928,75.014,152.723,42,163.048,1319.675
20260910B41,募集量（TSO別）[MW],63,187,561,67,61,148,147,42,167,1443
20260910B41,応札量合計（電源属地別）[MW],164.74,111.492,589.246,259.615,3.928,91.457,191.648,154.403,196.599,1763.128
20260910B41,落札量合計（電源属地別）[MW],102,111.492,584.038,169.663,2.998,76.457,176.722,46,169.914,1439.284
20260910B41,応札件数（電源属地別）[件],6,22,72,70,2,17,24,6,51,270
20260910B41,落札件数（電源属地別）[件],4,22,70,36,2,16,16,3,36,205
20260910B41,最高落札価格（電源属地別）[円/kW・30分],1.04,10,9.49,4.39,4.3,3,4.28,1.6,6.28,10
20260910B41,最低落札価格（電源属地別）[円/kW・30分],0.93,6.41,0.39,2.25,3.69,1.22,0.39,0.36,2.78,0.36
20260910B41,平均落札価格（電源属地別）[円/kW・30分],1.03,8.76,3.64,3.05,3.89,2.22,3.13,1.01,4.95,3.71
20260910B41,最高落札価格（TSO別）[円/kW・30分],1.04,10,9.49,4.38,4.39,4.39,4.28,1.6,6.28,10
20260910B41,最低落札価格（TSO別）[円/kW・30分],0.93,2.91,0.39,2.62,2.25,1.22,0.39,0.36,2.78,0.36
20260910B41,平均落札価格（TSO別）[円/kW・30分],1.03,8.74,3.43,2.94,3.11,2.88,2.92,1.01,4.98,3.71
20260910B41,落札量合計（TSO別）[MW],102,134.53,561,67,61,148,152.754,46,167,1439.284
20260910B41,（内訳）自エリアからの落札量[MW],102,111.492,561,67,2.998,76.457,149.84,46,167,1283.787
20260910B42,募集量（TSO別）[MW],63,187,561,67,59,147,146,42,167,1439
20260910B42,応札量合計（電源属地別）[MW],206.16,111.492,575.894,277.836,3.928,88.164,191.648,177.403,202.263,1834.788
20260910B42,落札量合計（電源属地別）[MW],143.42,111.492,565.135,141.014,3.928,88.164,190.648,42,169,1454.801
20260910B42,応札件数（電源属地別）[件],8,22,75,71,2,15,24,8,51,276
20260910B42,落札件数（電源属地別）[件],6,22,70,24,2,15,23,3,36,201
20260910B42,最高落札価格（電源属地別）[円/kW・30分],1.13,10,9.49,3.88,3,3,3.79,1.6,6.31,10
20260910B42,最低落札価格（電源属地別）[円/kW・30分],0.93,5.42,0.39,1.87,2.5,1.85,0.39,0.36,2.02,0.36
20260910B42,平均落札価格（電源属地別）[円/kW・30分],1.07,8.17,3.75,2.6,2.75,2.24,2.72,1.48,4.88,3.55
20260910B42,最高落札価格（TSO別）[円/kW・30分],1.13,10,9.49,3.47,3.88,3.65,3.79,1.6,6.31,10
20260910B42,最低落札価格（TSO別）[円/kW・30分],0.93,5.42,0.39,1.87,1.87,1.85,0.39,0.36,2.02,0.36
20260910B42,平均落札価格（TSO別）[円/kW・30分],1.07,8.22,3.71,2.74,2.43,2.68,2.47,1.48,4.91,3.55
20260910B42,落札量合計（TSO別）[MW],143.42,115.627,561,67,59,147,152.754,42,167,1454.801
20260910B42,（内訳）自エリアからの落札量[MW],143.42,111.492,561,67,3.928,88.164,150.754,42,167,1334.758
20260910B43,募集量（TSO別）[MW],63,183,560,67,59,147,144,42,167,1432
20260910B43,応札量合計（電源属地別）[MW],168.658,111.492,534.223,259.43,3.928,89.607,207.251,211.403,199.353,1785.345
20260910B43,落札量合計（電源属地別）[MW],102.95,111.492,528.368,130.274,3.928,89.607,206.251,44,169.914,1386.784
20260910B43,応札件数（電源属地別）[件],8,22,69,68,2,16,26,10,49,270
20260910B43,落札件数（電源属地別）[件],6,22,66,15,2,16,25,4,36,192
20260910B43,最高落札価格（電源属地別）[円/kW・30分],1.01,10,9.49,4.14,2.6,3,6.38,1.6,5.6,10
20260910B43,最低落札価格（電源属地別）[円/kW・30分],0.93,6.42,0.39,2.06,2.6,1.22,0.58,0.36,2.36,0.36
20260910B43,平均落札価格（電源属地別）[円/kW・30分],1.01,8.75,4.17,2.62,2.6,2.23,3.5,0.54,4.44,3.85
20260910B43,最高落札価格（TSO別）[円/kW・30分],1.01,10,9.49,4.14,3.9,4.71,6.38,1.6,5.6,10
20260910B43,最低落札価格（TSO別）[円/kW・30分],0.93,6.42,0.39,2.06,2.1,1.22,0.58,0.36,2.36,0.36
20260910B43,平均落札価格（TSO別）[円/kW・30分],1.01,8.75,4.17,2.33,2.94,3.06,3.14,0.54,4.47,3.85
20260910B43,落札量合計（TSO別）[MW],102.95,111.492,528.368,67,59,147,159.974,44,167,1386.784
20260910B43,（内訳）自エリアからの落札量[MW],102.95,111.492,528.368,67,3.928,89.607,159.009,44,167,1273.354
20260910B44,募集量（TSO別）[MW],64,183,560,68,59,147,144,42,168,1435
20260910B44,応札量合計（電源属地別）[MW],208.128,109.562,515.787,233.173,3.928,89.607,148.458,224.403,199.353,1732.399
20260910B44,落札量合計（電源属地別）[MW],135.42,109.562,509.932,174.093,3.928,89.607,147.458,46,170.914,1386.914
20260910B44,応札件数（電源属地別）[件],9,21,68,67,2,16,24,11,49,267
20260910B44,落札件数（電源属地別）[件],6,21,66,37,2,16,23,4,37,212
20260910B44,最高落札価格（電源属地別）[円/kW・30分],1.01,10,9.49,4.68,2.6,3,3.97,1.6,4.82,10
20260910B44,最低落札価格（電源属地別）[円/kW・30分],0.93,6.43,0.39,1.87,2.6,1.22,2,0.36,2.3,0.36
20260910B44,平均落札価格（電源属地別）[円/kW・30分],1,9.26,4.16,3.01,2.6,2.26,3.53,0.56,3.94,3.77
20260910B44,最高落札価格（TSO別）[円/kW・30分],1.01,10,9.49,4.68,4.68,3.97,3.97,1.6,4.82,10
20260910B44,最低落札価格（TSO別）[円/kW・30分],0.93,6.43,0.39,1.96,1.87,1.22,2,0.36,2.3,0.36
20260910B44,平均落札価格（TSO別）[円/kW・30分],1,9.26,4.16,3.33,2.63,2.58,3.51,0.56,3.96,3.77
20260910B44,落札量合計（TSO別）[MW],135.42,109.562,509.932,68,59,147,144,46,168,1386.914
20260910B44,（内訳）自エリアからの落札量[MW],135.42,109.562,509.932,68,3.928,89.607,142.011,46,168,1272.46
20260910B45,募集量（TSO別）[MW],65,183,560,68,59,147,144,42,168,1436
20260910B45,応札量合計（電源属地別）[MW],166.708,109.562,461.224,189.555,3.928,105.283,148.458,224.403,201.329,1610.45
20260910B45,落札量合計（電源属地別）[MW],101,109.562,455.369,148.889,3.928,105.283,148.458,46,170.5,1288.989
20260910B45,応札件数（電源属地別）[件],7,21,65,65,2,17,24,11,50,262
20260910B45,落札件数（電源属地別）[件],5,21,63,45,2,17,24,4,37,218
20260910B45,最高落札価格（電源属地別）[円/kW・30分],1.01,10,9.49,5.1,2.6,3,5.55,1.6,4.61,10
20260910B45,最低落札価格（電源属地別）[円/kW・30分],0.93,6.43,0.39,2.11,2.5,0.39,1.98,0.36,2.3,0.36
20260910B45,平均落札価格（電源属地別）[円/kW・30分],1.01,9.1,4.34,3.3,2.55,1.98,3.38,0.56,3.8,3.85
20260910B45,最高落札価格（TSO別）[円/kW・30分],1.01,10,9.49,5.1,4.99,4.99,5.55,1.6,4.61,10
20260910B45,最低落札価格（TSO別）[円/kW・30分],0.93,6.43,0.39,2.9,2.2,0.39,1.98,0.36,2.3,0.36
20260910B45,平均落札価格（TSO別）[円/kW・30分],1.01,9.1,4.34,4.05,2.74,2.19,3.36,0.56,3.82,3.85
20260910B45,落札量合計（TSO別）[MW],101,109.562,455.369,68,50.923,147,144,46,167.135,1288.989
20260910B45,（内訳）自エリアからの落札量[MW],101,109.562,455.369,68,3.928,105.283,142.01,46,166.61,1197.762
20260910B46,募集量（TSO別）[MW],65,182,558,67,59,145,144,42,167,1429
20260910B46,応札量合計（電源属地別）[MW],216.178,109.562,441.622,171.334,3.928,124.897,190.311,238.403,199.345,1695.58
20260910B46,落札量合計（電源属地別）[MW],133.47,109.562,435.723,128.876,3.928,124.897,189.311,46,169.914,1341.681
20260910B46,応札件数（電源属地別）[件],9,21,63,64,2,18,28,12,49,266
20260910B46,落札件数（電源属地別）[件],5,21,60,43,2,18,27,4,36,216
20260910B46,最高落札価格（電源属地別）[円/kW・30分],1.01,10,9.49,4.99,2.6,3,3.65,1.07,3.85,10
20260910B46,最低落札価格（電源属地別）[円/kW・30分],0.93,6.43,0.39,2.09,2.5,0.39,0.39,0.36,1.54,0.36
20260910B46,平均落札価格（電源属地別）[円/kW・30分],1,9.21,3.96,3.52,2.55,1.72,2.83,0.47,3.32,3.48
20260910B46,最高落札価格（TSO別）[円/kW・30分],1.01,10,9.49,4.99,4.68,3.88,3.65,1.07,3.85,10
20260910B46,最低落札価格（TSO別）[円/kW・30分],0.93,6.43,0.39,2.09,2.09,0.39,0.39,0.36,1.54,0.36
20260910B46,平均落札価格（TSO別）[円/kW・30分],1,9.21,3.96,4.28,2.55,2.31,2.57,0.47,3.33,3.48
20260910B46,落札量合計（TSO別）[MW],133.47,109.562,435.723,67,59,179.926,144,46,167,1341.681
20260910B46,（内訳）自エリアからの落札量[MW],133.47,109.562,435.723,67,3.928,124.897,141.086,46,167,1228.666
20260910B47,募集量（TSO別）[MW],65,181,556,66,58,144,143,42,167,1422
20260910B47,応札量合計（電源属地別）[MW],166.708,111.492,443.578,171.334,3.928,123.454,183.865,215.403,198.329,1618.091
20260910B47,落札量合計（電源属地別）[MW],102,111.492,433.723,128.668,3.928,123.454,183.865,45,166.5,1298.63
20260910B47,応札件数（電源属地別）[件],7,22,64,64,2,17,27,11,49,263
20260910B47,落札件数（電源属地別）[件],5,22,59,43,2,17,27,4,35,214
20260910B47,最高落札価格（電源属地別）[円/kW・30分],1.01,10,9.49,5.1,2.6,3,5.55,1.07,3.85,10
20260910B47,最低落札価格（電源属地別）[円/kW・30分],0.93,6.43,0.39,2.59,2.5,0.39,0.39,0.36,1.53,0.36
20260910B47,平均落札価格（電源属地別）[円/kW・30分],1.01,9.24,3.59,3.71,2.55,1.73,3.48,0.47,3.3,3.54
20260910B47,最高落札価格（TSO別）[円/kW・30分],1.01,10,9.49,5.1,4.99,4.99,5.55,1.07,3.85,10
20260910B47,最低落札価格（TSO別）[円/kW・30分],0.93,6.43,0.39,2.59,2.5,0.39,0.39,0.36,1.53,0.36
20260910B47,平均落札価格（TSO別）[円/kW・30分],1.01,9.24,3.59,4.17,2.99,2.52,3.19,0.47,3.3,3.54
20260910B47,落札量合計（TSO別）[MW],102,111.492,433.723,66,58,172.415,143,45,167,1298.63
20260910B47,（内訳）自エリアからの落札量[MW],102,111.492,433.723,66,3.928,123.454,143,45,166.5,1195.097
20260910B48,募集量（TSO別）[MW],65,180,555,63,57,142,143,42,167,1414
20260910B48,応札量合計（電源属地別）[MW],206.178,109.992,443.578,169.834,23.482,86.224,174.27,201.403,195.501,1610.462
20260910B48,落札量合計（電源属地別）[MW],133.47,109.992,432.723,125.168,23.482,86.224,174.27,45,169.5,1299.829
20260910B48,応札件数（電源属地別）[件],8,21,64,63,3,14,26,10,47,256
20260910B48,落札件数（電源属地別）[件],5,21,59,41,3,14,26,4,36,209
20260910B48,最高落札価格（電源属地別）[円/kW・30分],1.01,10,9.49,4.99,2.5,3,5.55,1.6,3.6,10
20260910B48,最低落札価格（電源属地別）[円/kW・30分],0.93,6.43,0.39,0.39,0.53,1.85,0.39,0.36,0.39,0.36
20260910B48,平均落札価格（電源属地別）[円/kW・30分],1,9.23,3.55,2.88,0.86,2.27,2.03,0.54,2.34,3.11
20260910B48,最高落札価格（TSO別）[円/kW・30分],1.01,10,9.49,4.99,4.99,4.99,5.55,1.6,3.6,10
20260910B48,最低落札価格（TSO別）[円/kW・30分],0.93,6.43,0.39,0.39,0.39,0.39,0.39,0.36,0.39,0.36
20260910B48,平均落札価格（TSO別）[円/kW・30分],1,9.23,3.55,3.22,1.38,2.42,2.08,0.54,2.34,3.11
20260910B48,落札量合計（TSO別）[MW],133.47,109.992,432.723,63,57,142,149.644,45,167,1299.829
20260910B48,（内訳）自エリアからの落札量[MW],133.47,109.992,432.723,63,23.482,86.224,147.144,45,167,1208.035
20260911B01,募集量（TSO別）[MW],64,175,539,55,53,132,140,41,163,1362
20260911B01,応札量合計（電源属地別）[MW],116.69,73.644,455.045,150.427,20.045,180.578,157.481,224.403,158.759,1537.072
20260911B01,落札量合計（電源属地別）[MW],102.95,73.644,455.016,66.364,20.045,174.401,137.599,42,147.261,1219.28
20260911B01,応札件数（電源属地別）[件],5,12,53,45,3,24,15,11,28,196
20260911B01,落札件数（電源属地別）[件],4,12,53,6,3,21,5,4,25,133
20260911B01,最高落札価格（電源属地別）[円/kW・30分],1.01,10,9.4,0.53,2.87,2.9,4.18,1.6,2.9,10
20260911B01,最低落札価格（電源属地別）[円/kW・30分],0.93,5.96,0.39,0.39,1.5,0.39,0.39,0.36,0.39,0.36
20260911B01,平均落札価格（電源属地別）[円/kW・30分],1.01,9.08,3.08,0.4,2.67,1.33,3.25,0.52,2.46,2.72
20260911B01,最高落札価格（TSO別）[円/kW・30分],1.01,10,9.4,0.39,2.9,2.9,4.18,1.6,2.9,10
20260911B01,最低落札価格（TSO別）[円/kW・30分],0.93,5.96,0.39,0.39,0.39,0.39,0.39,0.36,0.39,0.36
20260911B01,平均落札価格（TSO別）[円/kW・30分],1.01,9.08,3.08,0.39,1.64,1.15,3.24,0.52,2.49,2.72
20260911B01,落札量合計（TSO別）[MW],102.95,73.644,455.016,55,53,134.67,140,42,163,1219.28
20260911B01,（内訳）自エリアからの落札量[MW],102.95,73.644,455.016,55,20.045,134.67,135.605,42,147.261,1166.191
20260911B02,募集量（TSO別）[MW],64,175,539,55,53,132,140,41,163,1362
20260911B02,応札量合計（電源属地別）[MW],116.69,73.644,424.192,148.11,28.928,180.578,157.481,224.403,158.759,1512.785
20260911B02,落札量合計（電源属地別）[MW],95.99,73.644,420.416,55.192,28.928,174.79,137.599,42,149.161,1177.72
20260911B02,応札件数（電源属地別）[件],5,12,54,49,3,24,15,11,28,201
20260911B02,落札件数（電源属地別）[件],4,12,53,6,3,21,5,4,26,134
20260911B02,最高落札価格（電源属地別）[円/kW・30分],1.01,10,9.4,3,2.87,2.9,4.18,1.6,2.99,10
20260911B02,最低落札価格（電源属地別）[円/kW・30分],0.93,5.96,0.39,0.39,2.1,0.39,0.39,0.36,0.39,0.36
20260911B02,平均落札価格（電源属地別）[円/kW・30分],1.01,9.01,2.99,0.62,2.79,1.34,3.25,0.52,2.46,2.72
20260911B02,最高落札価格（TSO別）[円/kW・30分],1.01,10,9.4,3,2.9,2.9,4.18,1.6,2.99,10
20260911B02,最低落札価格（TSO別）[円/kW・30分],0.93,5.96,0.39,0.39,0.39,0.39,0.39,0.36,0.39,0.36
20260911B02,平均落札価格（TSO別）[円/kW・30分],1.01,9.01,2.99,0.61,2.4,1.06,3.23,0.52,2.5,2.72
20260911B02,落札量合計（TSO別）[MW],95.99,73.644,420.416,55,53,134.67,140,42,163,1177.72
20260911B02,（内訳）自エリアからの落札量[MW],95.99,73.644,420.416,55,28.928,134.67,137.599,42,149.161,1137.408
20260911B03,募集量（TSO別）[MW],64,175,539,55,53,132,140,41,163,1362
20260911B03,応札量合計（電源属地別）[MW],159.59,89.526,422.479,171.512,28.928,154.68,157.481,224.403,174.509,1583.108
20260911B03,落札量合計（電源属地別）[MW],143.85,89.526,420.416,61.057,26.93,152.684,157.481,42,163,1256.944
20260911B03,応札件数（電源属地別）[件],5,20,53,61,3,22,15,11,36,226
20260911B03,落札件数（電源属地別）[件],4,20,52,9,2,21,15,4,33,160
20260911B03,最高落札価格（電源属地別）[円/kW・30分],1.01,10,9.4,3.4,2.87,3,4.18,1.6,3,10
20260911B03,最低落札価格（電源属地別）[円/kW・30分],0.93,5.96,0.39,0.39,2.4,0.39,0.39,0.36,0.39,0.36
20260911B03,平均落札価格（電源属地別）[円/kW・30分],1,9.19,3.64,0.86,2.84,1.52,3.22,0.52,2.19,2.98
20260911B03,最高落札価格（TSO別）[円/kW・30分],1.01,10,9.4,3,3.4,3.19,4.18,1.6,3,10
20260911B03,最低落札価格（TSO別）[円/kW・30分],0.93,5.96,0.39,0.39,2.4,0.39,0.39,0.36,0.39,0.36
20260911B03,平均落札価格（TSO別）[円/kW・30分],1,9.19,3.64,0.62,2.92,1.5,3.25,0.52,2.19,2.98
20260911B03,落札量合計（TSO別）[MW],143.85,89.526,420.416,55,53,150.152,140,42,163,1256.944
20260911B03,（内訳）自エリアからの落札量[MW],143.85,89.526,420.416,55,26.93,143.841,140,42,163,1224.563
20260911B04,募集量（TSO別）[MW],64,175,539,55,53,132,140,41,163,1362
20260911B04,応札量合計（電源属地別）[MW],114.74,89.526,405.613,171.512,28.928,150.702,161.271,224.403,176.455,1523.15
20260911B04,落札量合計（電源属地別）[MW],95.99,89.526,390.416,59.894,28.928,150.702,158.628,42,163,1179.084
20260911B04,応札件数（電源属地別）[件],4,20,58,61,3,20,17,11,37,231
20260911B04,落札件数（電源属地別）[件],3,20,51,8,3,20,16,4,33,158
20260911B04,最高落札価格（電源属地別）[円/kW・30分],1.01,10,10,3,2.79,3,3.83,1.6,3,10
20260911B04,最低落札価格（電源属地別）[円/kW・30分],0.93,5.96,0.39,0.39,2.53,0.39,0.39,0.36,0.39,0.36
20260911B04,平均落札価格（電源属地別）[円/kW・30分],1.01,9.21,4.66,0.81,2.56,1.5,3.01,0.52,1.87,3.3
20260911B04,最高落札価格（TSO別）[円/kW・30分],1.01,10,10,3,3,3.26,3.83,1.6,3,10
20260911B04,最低落札価格（TSO別）[円/kW・30分],0.93,5.96,0.39,0.39,0.39,0.39,0.39,0.36,0.39,0.36
20260911B04,平均落札価格（TSO別）[円/kW・30分],1.01,9.21,4.66,0.62,2.61,1.55,3.01,0.52,1.87,3.3
20260911B04,落札量合計（TSO別）[MW],95.99,89.526,390.416,55,53,150.152,140,42,163,1179.084
20260911B04,（内訳）自エリアからの落札量[MW],95.99,89.526,390.416,55,28.928,142.218,140,42,163,1147.078
20260911B05,募集量（TSO別）[MW],64,175,537,54,53,131,140,40,163,1357
20260911B05,応札量合計（電源属地別）[MW],157.999,87.528,395.591,169.836,28.928,148.704,161.271,224.403,176.455,1550.715
20260911B05,落札量合計（電源属地別）[MW],127.299,87.528,388.416,59.894,28.928,148.704,149.626,42,163,1195.395
20260911B05,応札件数（電源属地別）[件],6,19,53,52,3,19,17,11,37,217
20260911B05,落札件数（電源属地別）[件],3,19,50,8,3,19,12,4,31,149
20260911B05,最高落札価格（電源属地別）[円/kW・30分],1.01,10,10,3,2.8,3,3.33,1.6,3,10
20260911B05,最低落札価格（電源属地別）[円/kW・30分],0.93,5.96,0.39,0.39,2.03,0.39,0.39,0.36,0.39,0.36
20260911B05,平均落札価格（電源属地別）[円/kW・30分],1.01,9.21,4.61,0.81,2.12,1.48,2.68,0.52,1.86,3.16
20260911B05,最高落札価格（TSO別）[円/kW・30分],1.01,10,10,3,3,3,3.33,1.6,3,10
20260911B05,最低落札価格（TSO別）[円/kW・30分],0.93,5.96,0.39,0.39,2.03,0.39,0.39,0.36,0.39,0.36
20260911B05,平均落札価格（TSO別）[円/kW・30分],1.01,9.21,4.61,0.57,2.51,1.39,2.66,0.52,1.86,3.16
20260911B05,落札量合計（TSO別）[MW],127.299,87.528,388.416,54,53,140.152,140,42,163,1195.395
20260911B05,（内訳）自エリアからの落札量[MW],127.299,87.528,388.416,54,28.928,140.152,140,42,163,1171.323
20260911B06,募集量（TSO別）[MW],64,175,537,54,53,130,140,40,163,1356
20260911B06,応札量合計（電源属地別）[MW],172.79,87.528,395.591,193.966,28.928,148.704,161.271,224.403,176.455,1589.636
20260911B06,落札量合計（電源属地別）[MW],100,87.528,388.416,59.894,28.928,148.704,150.736,42,159.89,1166.096
20260911B06,応札件数（電源属地別）[件],7,19,53,56,3,19,17,11,37,222
20260911B06,落札件数（電源属地別）[件],4,19,50,8,3,19,12,4,32,151
20260911B06,最高落札価格（電源属地別）[円/kW・30分],6.45,10,9.46,3,2.4,3,3.33,1.6,3,10
20260911B06,最低落札価格（電源属地別）[円/kW・30分],0.98,5.96,0.39,0.39,1.5,0.39,0.39,0.36,0.39,0.36
20260911B06,平均落札価格（電源属地別）[円/kW・30分],1.24,9.21,4.44,0.81,2.02,1.48,2.68,0.52,1.89,3.18
20260911B06,最高落札価格（TSO別）[円/kW・30分],6.45,10,9.46,3,3,3,3.33,1.6,3.33,10
20260911B06,最低落札価格（TSO別）[円/kW・30分],0.98,5.96,0.39,0.39,0.39,0.39,0.39,0.36,0.39,0.36
20260911B06,平均落札価格（TSO別）[円/kW・30分],1.24,9.21,4.44,0.86,1.9,1.46,2.66,0.52,1.92,3.18
20260911B06,落札量合計（TSO別）[MW],100,87.528,388.416,54,53,138.152,140,42,163,1166.096
20260911B06,（内訳）自エリアからの落札量[MW],100,87.528,388.416,54,28.928,137.623,140,42,159.89,1138.385
20260911B07,募集量（TSO別）[MW],63,174,536,54,53,131,140,41,164,1356
20260911B07,応札量合計（電源属地別）[MW],158.59,88.026,407.563,217.623,28.928,182.527,178.13,224.403,193.715,1679.505
20260911B07,落札量合計（電源属地別）[MW],92,88.026,387.416,54,26.998,174.845,141.561,45,147.266,1157.112
20260911B07,応札件数（電源属地別）[件],7,19,59,68,3,25,26,10,46,263
20260911B07,落札件数（電源属地別）[件],3,19,50,5,2,22,7,3,25,136
20260911B07,最高落札価格（電源属地別）[円/kW・30分],1.01,10,9.4,3,2.85,2.97,4.15,1.6,2.98,10
20260911B07,最低落札価格（電源属地別）[円/kW・30分],0.93,5.96,0.39,0.39,1.5,0.39,0.39,0.36,0.39,0.36
20260911B07,平均落札価格（電源属地別）[円/kW・30分],1.01,9.07,3.16,0.57,2.75,1.35,3.22,0.57,2.1,2.81
20260911B07,最高落札価格（TSO別）[円/kW・30分],1.01,10,9.4,3,2.95,2.97,4.15,1.6,2.98,10
20260911B07,最低落札価格（TSO別）[円/kW・30分],0.93,5.96,0.39,0.39,1.5,0.39,0.39,0.36,0.39,0.36
20260911B07,平均落札価格（TSO別）[円/kW・30分],1.01,9.07,3.16,0.57,2.29,1.08,3.22,0.57,2.18,2.81
20260911B07,落札量合計（TSO別）[MW],92,88.026,387.416,54,53,133.67,140,45,164,1157.112
20260911B07,（内訳）自エリアからの落札量[MW],92,88.026,387.416,54,26.998,133.67,135.605,45,147.266,1109.981
20260911B08,募集量（TSO別）[MW],63,174,537,54,53,131,140,41,164,1357
20260911B08,応札量合計（電源属地別）[MW],158.59,89.526,404.123,211.963,16.398,182.527,178.13,212.86,188.387,1642.504
20260911B08,落札量合計（電源属地別）[MW],98,89.526,388.416,54,14.468,176.739,144.555,45,156.908,1167.612
20260911B08,応札件数（電源属地別）[件],7,20,57,65,3,25,26,9,43,255
20260911B08,落札件数（電源属地別）[件],4,20,50,5,2,22,9,3,30,145
20260911B08,最高落札価格（電源属地別）[円/kW・30分],1.01,10,9.4,3.4,2.87,2.97,4.18,1.6,2.99,10
20260911B08,最低落札価格（電源属地別）[円/kW・30分],0.93,5.96,0.39,0.39,2.79,0.39,0.39,0.36,0.39,0.36
20260911B08,平均落札価格（電源属地別）[円/kW・30分],1.01,9.19,3.83,0.59,2.86,1.36,3.23,0.57,2.12,3.04
20260911B08,最高落札価格（TSO別）[円/kW・30分],1.01,10,9.4,3.4,2.95,2.97,4.18,1.6,2.99,10
20260911B08,最低落札価格（TSO別）[円/kW・30分],0.93,5.96,0.39,0.39,0.39,0.39,0.39,0.36,0.39,0.36
20260911B08,平均落札価格（TSO別）[円/kW・30分],1.01,9.19,3.83,0.59,1.5,1.45,3.24,0.57,2.15,3.04
20260911B08,落札量合計（TSO別）[MW],98,89.526,388.416,54,53,135.67,140,45,164,1167.612
20260911B08,（内訳）自エリアからの落札量[MW],98,89.526,388.416,54,14.468,135.67,138.603,45,156.908,1120.591
20260911B09,募集量（TSO別）[MW],63,174,538,54,53,132,140,41,165,1360
20260911B09,応札量合計（電源属地別）[MW],203.44,91.525,405.643,237.354,28.832,182.527,178.13,212.86,247.215,1787.526
20260911B09,落札量合計（電源属地別）[MW],136.85,91.525,389.416,54,26.902,163.47,141.561,46,162.737,1212.461
20260911B09,応札件数（電源属地別）[件],8,21,58,68,3,25,26,9,46,264
20260911B09,落札件数（電源属地別）[件],3,21,50,5,2,16,7,3,22,129
20260911B09,最高落札価格（電源属地別）[円/kW・30分],1.01,10,9.4,3.08,2.87,2.9,4.18,1.6,3.14,10
20260911B09,最低落札価格（電源属地別）[円/kW・30分],0.98,5.96,0.39,0.39,2.14,0.39,0.39,0.36,0.39,0.36
20260911B09,平均落札価格（電源属地別）[円/kW・30分],1,9.08,3.03,0.58,2.82,1.24,3.24,0.56,2.02,2.7
20260911B09,最高落札価格（TSO別）[円/kW・30分],1.01,10,9.4,3.08,2.9,2.9,4.18,1.6,3.14,10
20260911B09,最低落札価格（TSO別）[円/kW・30分],0.98,5.96,0.39,0.39,0.39,0.39,0.39,0.36,0.39,0.36
20260911B09,平均落札価格（TSO別）[円/kW・30分],1,9.08,3.03,0.58,2.08,1.21,3.24,0.56,2.03,2.7
20260911B09,落札量合計（TSO別）[MW],136.85,91.525,389.416,54,53,136.67,140,46,165,1212.461
20260911B09,（内訳）自エリアからの落札量[MW],136.85,91.525,389.416,54,26.902,136.67,139.298,46,162.737,1183.398
20260911B10,募集量（TSO別）[MW],63,174,538,54,53,132,140,41,165,1360
20260911B10,応札量合計（電源属地別）[MW],203.44,91.525,390.981,239.214,25.236,182.527,178.13,216.403,247.215,1774.671
20260911B10,落札量合計（電源属地別）[MW],145.85,91.525,370.984,54,23.306,162.558,137.599,46,183.491,1215.313
20260911B10,応札件数（電源属地別）[件],8,21,59,69,3,25,26,10,45,266
20260911B10,落札件数（電源属地別）[件],5,21,49,6,2,15,5,3,15,121
20260911B10,最高落札価格（電源属地別）[円/kW・30分],1.01,10,9.4,3.4,2.86,2.9,4.16,1.6,2.89,10
20260911B10,最低落札価格（電源属地別）[円/kW・30分],0.93,5.96,0.39,0.39,2.79,0.39,0.39,0.36,0.39,0.36
20260911B10,平均落札価格（電源属地別）[円/kW・30分],1,9.04,2.87,0.58,2.85,1.23,3.22,0.59,1.61,2.55
20260911B10,最高落札価格（TSO別）[円/kW・30分],1.01,10,9.4,3.4,2.89,2.9,4.16,1.6,2.87,10
20260911B10,最低落札価格（TSO別）[円/kW・30分],0.93,5.96,0.39,0.39,0.39,0.39,0.39,0.36,0.39,0.36
20260911B10,平均落札価格（TSO別）[円/kW・30分],1,9.04,2.87,0.58,1.98,1.34,3.21,0.59,1.5,2.55
20260911B10,落札量合計（TSO別）[MW],145.85,91.525,370.984,54,53,146.954,140,46,167,1215.313
20260911B10,（内訳）自エリアからの落札量[MW],145.85,91.525,370.984,54,23.306,144.866,137.599,46,167,1181.13
20260911B11,募集量（TSO別）[MW],63,174,538,54,53,132,140,41,165,1360
20260911B11,応札量合計（電源属地別）[MW],118.59,91.525,390.981,241.204,7.162,143.589,178.13,201.403,239.565,1612.149
20260911B11,落札量合計（電源属地別）[MW],87,91.525,370.984,54.286,5.232,143.589,144.561,46,216.484,1159.661
20260911B11,応札件数（電源属地別）[件],6,21,59,70,3,23,26,9,45,262
20260911B11,落札件数（電源属地別）[件],3,21,49,6,2,23,10,3,33,150
20260911B11,最高落札価格（電源属地別）[円/kW・30分],3.5,10,9.4,3.4,2.85,3,4.16,1.6,2.99,10
20260911B11,最低落札価格（電源属地別）[円/kW・30分],1.01,5.96,0.39,0.39,2,0.39,0.39,0.36,0.39,0.36
20260911B11,平均落札価格（電源属地別）[円/kW・30分],1.08,9.08,3.15,0.59,2.53,1.47,3.22,0.59,1.91,2.81
20260911B11,最高落札価格（TSO別）[円/kW・30分],3.5,10,9.4,3.4,2.89,3,4.16,1.6,2.55,10
20260911B11,最低落札価格（TSO別）[円/kW・30分],1.01,5.96,0.39,0.39,0.39,0.39,0.39,0.36,0.39,0.36
20260911B11,平均落札価格（TSO別）[円/kW・30分],1.08,9.08,3.15,0.6,1.12,2.14,3.23,0.59,1.62,2.81
20260911B11,落札量合計（TSO別）[MW],87,91.525,370.984,54,53,152.152,140,46,165,1159.661
20260911B11,（内訳）自エリアからの落札量[MW],87,91.525,370.984,54,5.232,108.109,136.605,46,165,1064.455
20260911B12,募集量（TSO別）[MW],63,174,538,54,53,132,140,41,165,1360
20260911B12,応札量合計（電源属地別）[MW],163.44,113.525,390.981,239.704,28.928,182.527,177.289,201.403,245.239,1743.036
20260911B12,落札量合計（電源属地別）[MW],128.85,113.525,370.984,54,26.998,157.7,136.758,46,183.498,1218.313
20260911B12,応札件数（電源属地別）[件],7,22,59,69,3,25,26,9,45,265
20260911B12,落札件数（電源属地別）[件],2,22,49,6,2,13,5,3,16,118
20260911B12,最高落札価格（電源属地別）[円/kW・30分],1.01,10,9.4,3.05,2.89,2.9,4.2,1.6,2.89,10
20260911B12,最低落札価格（電源属地別）[円/kW・30分],1,4.89,0.39,0.39,2,0.39,0.39,0.36,0.39,0.36
20260911B12,平均落札価格（電源属地別）[円/kW・30分],1.01,8.27,3.15,0.58,2.82,1.17,3.28,0.59,1.4,2.68
20260911B12,最高落札価格（TSO別）[円/kW・30分],1.01,10,9.4,3.05,2.89,2.9,4.2,1.6,1.99,10
20260911B12,最低落札価格（TSO別）[円/kW・30分],1,4.89,0.39,0.39,0.39,0.39,0.39,0.36,0.39,0.36
20260911B12,平均落札価格（TSO別）[円/kW・30分],1.01,8.27,3.15,0.58,2.16,1.27,3.26,0.59,1.27,2.68
20260911B12,落札量合計（TSO別）[MW],128.85,113.525,370.984,54,53,146.954,140,46,165,1218.313
20260911B12,（内訳）自エリアからの落札量[MW],128.85,113.525,370.984,54,26.998,143.7,135.973,46,165,1185.03
20260911B13,募集量（TSO別）[MW],65,183,559,64,57,145,141,44,168,1426
20260911B13,応札量合計（電源属地別）[MW],116.69,113.525,390.981,241.204,3.928,182.527,177.289,171.403,248.239,1645.786
20260911B13,落札量合計（電源属地別）[MW],100.174,113.525,390.981,64,1.998,166.856,142.714,44,207.102,1231.35
20260911B13,応札件数（電源属地別）[件],5,22,59,70,2,25,26,9,45,263
20260911B13,落札件数（電源属地別）[件],4,22,59,11,1,17,8,4,27,153
20260911B13,最高落札価格（電源属地別）[円/kW・30分],8.25,10,9.4,3.05,2,2.9,4.68,1.6,2.94,10
20260911B13,最低落札価格（電源属地別）[円/kW・30分],0.93,4.99,0.39,0.39,2,0.39,0.39,0.3,0.39,0.3
20260911B13,平均落札価格（電源属地別）[円/kW・30分],1.87,8.31,3.61,1.01,2,1.27,3.57,1.26,1.52,3.01
20260911B13,最高落札価格（TSO別）[円/kW・30分],8.25,10,9.4,3.05,2.94,2.94,4.68,1.6,1.95,10
20260911B13,最低落札価格（TSO別）[円/kW・30分],0.93,4.99,0.39,0.39,0.39,0.39,0.39,0.3,0.39,0.3
20260911B13,平均落札価格（TSO別）[円/kW・30分],1.87,8.31,3.61,1.01,1.18,1.72,3.58,1.26,1.23,3.01
20260911B13,落札量合計（TSO別）[MW],100.174,113.525,390.981,64,57,152.67,141,44,168,1231.35
20260911B13,（内訳）自エリアからの落札量[MW],100.174,113.525,390.981,64,1.998,127.858,141,44,168,1151.536
20260911B14,募集量（TSO別）[MW],65,188,567,67,57,148,142,44,169,1447
20260911B14,応札量合計（電源属地別）[MW],114.74,112.025,390.981,233.32,27.076,182.534,178.13,190.403,247.373,1676.582
20260911B14,落札量合計（電源属地別）[MW],107.99,112.025,390.981,67,27.076,182.09,144.555,48,169,1248.717
20260911B14,応札件数（電源属地別）[件],4,21,59,66,3,25,26,10,44,258
20260911B14,落札件数（電源属地別）[件],4,21,59,12,3,25,9,4,6,143
20260911B14,最高落札価格（電源属地別）[円/kW・30分],8,10,9.4,3.21,3.38,3,4.69,1.6,2.01,10
20260911B14,最低落札価格（電源属地別）[円/kW・30分],0.93,5.07,0.39,0.74,2.59,0.39,0.39,0.36,0.39,0.36
20260911B14,平均落札価格（電源属地別）[円/kW・30分],2.29,8.32,3.75,1.45,3.28,1.42,3.56,1.47,1.26,3.11
20260911B14,最高落札価格（TSO別）[円/kW・30分],8,10,9.4,3.21,3.38,3,4.69,1.6,2.01,10
20260911B14,最低落札価格（TSO別）[円/kW・30分],0.93,5.07,0.39,0.74,0.39,0.39,0.39,0.36,0.39,0.36
20260911B14,平均落札価格（TSO別）[円/kW・30分],2.29,8.32,3.75,1.45,2.77,1.27,3.57,1.47,1.26,3.11
20260911B14,落札量合計（TSO別）[MW],107.99,112.025,390.981,67,57,154.721,142,48,169,1248.717
20260911B14,（内訳）自エリアからの落札量[MW],107.99,112.025,390.981,67,27.076,154.721,142,48,169,1218.793
20260911B15,募集量（TSO別）[MW],66,194,572,70,58,152,143,45,170,1470
20260911B15,応札量合計（電源属地別）[MW],188.22,113.525,419.081,233.32,28.928,106.29,178.13,190.403,186.387,1644.284
20260911B15,落札量合計（電源属地別）[MW],159.47,113.525,419.081,132.035,28.928,91.29,177.683,50,170,1342.012
20260911B15,応札件数（電源属地別）[件],6,22,60,66,3,22,26,10,42,257
20260911B15,落札件数（電源属地別）[件],4,22,60,24,3,21,26,4,37,201
20260911B15,最高落札価格（電源属地別）[円/kW・30分],1.01,10,9.4,4,3.7,3,4.83,1.6,3,10
20260911B15,最低落札価格（電源属地別）[円/kW・30分],0.58,4.58,0.39,2.1,2.79,0.39,0.39,0.36,0.39,0.36
20260911B15,平均落札価格（電源属地別）[円/kW・30分],0.91,8.14,3.72,3.03,3.48,2.09,3.65,1.45,2.17,3.29
20260911B15,最高落札価格（TSO別）[円/kW・30分],1.01,10,9.4,3.11,4,4.83,4.83,1.6,3,10
20260911B15,最低落札価格（TSO別）[円/kW・30分],0.58,4.58,0.39,2.1,2.79,0.39,0.39,0.36,0.39,0.36
20260911B15,平均落札価格（TSO別）[円/kW・30分],0.91,8.14,3.72,2.62,3.47,2.78,3.6,1.45,2.17,3.29
20260911B15,落札量合計（TSO別）[MW],159.47,113.525,419.081,70,58,158.936,143,50,170,1342.012
20260911B15,（内訳）自エリアからの落札量[MW],159.47,113.525,419.081,70,28.928,91.29,143,50,170,1245.294
20260911B16,募集量（TSO別）[MW],66,198,577,72,59,156,144,45,171,1488
20260911B16,応札量合計（電源属地別）[MW],148.74,112.025,455.581,324.852,28.928,99.354,178.13,204.403,182.589,1734.602
20260911B16,落札量合計（電源属地別）[MW],119.99,112.025,455.581,175.714,28.928,82.358,144,45,171,1334.596
20260911B16,応札件数（電源属地別）[件],5,21,62,74,3,21,26,10,43,265
20260911B16,落札件数（電源属地別）[件],3,21,62,11,3,19,9,4,37,169
20260911B16,最高落札価格（電源属地別）[円/kW・30分],1.01,10,9.5,3.42,3.52,3,4.83,1.6,3.36,10
20260911B16,最低落札価格（電源属地別）[円/kW・30分],0.39,4.68,0.39,0.97,2.75,1.22,0.39,0.36,1.04,0.36
20260911B16,平均落札価格（電源属地別）[円/kW・30分],0.83,8.16,3.78,2.37,3.42,2.22,3.67,1.21,2.96,3.39
20260911B16,最高落札価格（TSO別）[円/kW・30分],1.01,10,9.5,2.22,3.52,3.42,4.83,1.6,3.36,10
20260911B16,最低落札価格（TSO別）[円/kW・30分],0.39,4.68,0.39,0.97,2.07,1.22,0.39,0.36,1.04,0.36
20260911B16,平均落札価格（TSO別）[円/kW・30分],0.83,8.16,3.78,1.72,2.84,2.6,3.67,1.21,2.96,3.39
20260911B16,落札量合計（TSO別）[MW],119.99,112.025,455.581,72,59,156,144,45,171,1334.596
20260911B16,（内訳）自エリアからの落札量[MW],119.99,112.025,455.581,72,28.928,82.358,144,45,171,1230.882
20260911B17,募集量（TSO別）[MW],66,198,577,72,60,156,144,45,171,1489
20260911B17,応札量合計（電源属地別）[MW],228.22,113.525,451.597,397.036,26.174,99.354,157.644,177.403,182.589,1833.542
20260911B17,落札量合計（電源属地別）[MW],100,113.525,451.597,178.294,25.352,84.354,154.844,45,160.156,1313.122
20260911B17,応札件数（電源属地別）[件],7,22,62,78,3,21,19,8,43,263
20260911B17,落札件数（電源属地別）[件],5,22,62,47,3,20,17,3,32,211
20260911B17,最高落札価格（電源属地別）[円/kW・30分],1,10,9.5,4.99,5.5,3,2.97,1.6,4.75,10
20260911B17,最低落札価格（電源属地別）[円/kW・30分],0.39,5.32,0.39,1.11,1.05,1.22,0.39,0.36,0.99,0.36
20260911B17,平均落札価格（電源属地別）[円/kW・30分],0.79,8.43,4.22,2.93,1.48,2.23,2.18,1.41,3.91,3.59
20260911B17,最高落札価格（TSO別）[円/kW・30分],1,10,9.5,3.48,5.5,4.88,2.97,1.6,4.75,10
20260911B17,最低落札価格（TSO別）[円/kW・30分],0.39,5.32,0.39,1.11,1.05,1.22,0.39,0.36,0.99,0.36
20260911B17,平均落札価格（TSO別）[円/kW・30分],0.79,8.43,4.22,1.57,3.01,2.92,2.12,1.41,3.85,3.59
20260911B17,落札量合計（TSO別）[MW],100,113.525,451.597,72,60,156,144,45,171,1313.122
20260911B17,（内訳）自エリアからの落札量[MW],100,113.525,451.597,72,25.352,84.354,144,45,160.156,1195.984
20260911B18,募集量（TSO別）[MW],66,198,577,72,60,156,144,45,171,1489
20260911B18,応札量合計（電源属地別）[MW],190.69,112.025,536.938,403.688,3.928,99.354,171.818,177.403,190.239,1886.083
20260911B18,落札量合計（電源属地別）[MW],87,112.025,536.938,215.535,1.93,70.535,144.219,45,170.781,1383.963
20260911B18,応札件数（電源属地別）[件],7,21,67,78,2,21,20,8,44,268
20260911B18,落札件数（電源属地別）[件],5,21,67,45,1,13,6,4,37,199
20260911B18,最高落札価格（電源属地別）[円/kW・30分],1.01,10,9.5,4.99,4,4,3,1.6,6.77,10
20260911B18,最低落札価格（電源属地別）[円/kW・30分],0.39,3.1,0.39,1.09,4,1.22,0.39,0.36,0.99,0.36
20260911B18,平均落札価格（電源属地別）[円/kW・30分],0.76,7.17,4.09,2.47,4,2.29,1.52,1.41,5.15,3.56
20260911B18,最高落札価格（TSO別）[円/kW・30分],1.01,10,9.5,1.43,4.99,4.88,3,1.6,6.77,10
20260911B18,最低落札価格（TSO別）[円/kW・30分],0.39,3.1,0.39,1.09,1.12,1.12,0.39,0.36,0.99,0.36
20260911B18,平均落札価格（TSO別）[円/kW・30分],0.76,7.17,4.09,1.31,2.92,2.76,1.52,1.41,5.15,3.56
20260911B18,落札量合計（TSO別）[MW],87,112.025,536.938,72,60,156,144,45,171,1383.963
20260911B18,（内訳）自エリアからの落札量[MW],87,112.025,536.938,72,1.93,70.535,144,45,170.781,1240.209
20260911B19,募集量（TSO別）[MW],67,215,568,76,61,155,148,47,175,1512
20260911B19,応札量合計（電源属地別）[MW],230.17,126.171,614.795,370.356,54.992,99.354,168.543,177.403,193.743,2035.527
20260911B19,落札量合計（電源属地別）[MW],67,126.171,614.795,168.471,52.994,70.535,148,49.543,176.99,1474.499
20260911B19,応札件数（電源属地別）[件],8,23,68,61,4,21,25,8,46,264
20260911B19,落札件数（電源属地別）[件],4,23,68,23,3,13,15,3,38,190
20260911B19,最高落札価格（電源属地別）[円/kW・30分],1,10,9.4,4.5,4.49,4,3,1.6,7.19,10
20260911B19,最低落札価格（電源属地別）[円/kW・30分],0.4,2.54,0.39,1.77,4,1.22,1.56,0.3,2.46,0.3
20260911B19,平均落札価格（電源属地別）[円/kW・30分],0.69,6.57,3.88,2.34,4.39,2.24,1.87,1.3,5.37,3.62
20260911B19,最高落札価格（TSO別）[円/kW・30分],1,10,9.4,2.28,4.49,4.5,3,1.6,7.19,10
20260911B19,最低落札価格（TSO別）[円/kW・30分],0.4,0.39,0.39,1.77,3.88,1.22,1.56,0.3,2.46,0.3
20260911B19,平均落札価格（TSO別）[円/kW・30分],0.69,6.33,3.73,1.94,4.36,2.39,1.87,1.3,5.37,3.62
20260911B19,落札量合計（TSO別）[MW],67,172.966,568,76,61,155,148,49.543,176.99,1474.499
20260911B19,（内訳）自エリアからの落札量[MW],67,126.171,568,76,52.994,70.535,148,49.543,176.99,1335.233
20260911B20,募集量（TSO別）[MW],68,217,568,76,61,155,149,47,175,1516
20260911B20,応札量合計（電源属地別）[MW],154.22,126.171,623.307,370.356,28.928,99.354,184.413,177.403,193.743,1957.895
20260911B20,落札量合計（電源属地別）[MW],68,126.171,623.307,194.535,26.93,70.535,147,49.302,177,1482.78
20260911B20,応札件数（電源属地別）[件],5,23,68,61,3,21,26,8,46,261
20260911B20,落札件数（電源属地別）[件],3,23,68,33,2,13,8,4,37,191
20260911B20,最高落札価格（電源属地別）[円/kW・30分],1.01,10,9.4,4.88,4.51,4,4,1.6,7.25,10
20260911B20,最低落札価格（電源属地別）[円/kW・30分],0.93,2.49,0.39,1.78,3.8,1.22,1.35,0.36,0.83,0.36
20260911B20,平均落札価格（電源属地別）[円/kW・30分],1,6.54,3.56,2.67,4.46,2.28,1.54,1.37,5.4,3.48
20260911B20,最高落札価格（TSO別）[円/kW・30分],1.01,10,9.4,2.26,4.88,4.88,4,1.6,7.25,10
20260911B20,最低落札価格（TSO別）[円/kW・30分],0.93,2.49,0.39,1.78,1.78,1.22,1.35,0.36,0.83,0.36
20260911B20,平均落札価格（TSO別）[円/kW・30分],1,6.97,3.14,1.95,3.59,2.79,1.56,1.37,5.43,3.48
20260911B20,落札量合計（TSO別）[MW],68,181.478,568,76.001,60.999,155,149,49.302,175,1482.78
20260911B20,（内訳）自エリアからの落札量[MW],68,126.171,568,76.001,26.93,70.535,147,49.302,175,1306.939
20260911B21,募集量（TSO別）[MW],68,220,568,77,62,155,150,48,176,1524
20260911B21,応札量合計（電源属地別）[MW],154.74,126.171,633.586,375.67,28.928,99.354,187.948,177.403,187.26,1971.06
20260911B21,落札量合計（電源属地別）[MW],68,126.171,633.586,209.408,25,60.545,149.133,48,175.914,1495.757
20260911B21,応札件数（電源属地別）[件],5,23,63,61,3,21,27,8,43,254
20260911B21,落札件数（電源属地別）[件],4,23,63,36,1,8,8,3,37,183
20260911B21,最高落札価格（電源属地別）[円/kW・30分],1.01,10,10,4.99,4.51,3.63,4,1.6,7.04,10
20260911B21,最低落札価格（電源属地別）[円/kW・30分],0.93,2.6,0.39,1.77,4.51,1.22,1.41,0.36,1.82,0.36
20260911B21,平均落札価格（電源属地別）[円/kW・30分],1,6.6,3.48,2.6,4.51,1.99,1.61,1.34,5.31,3.42
20260911B21,最高落札価格（TSO別）[円/kW・30分],1.01,10,9.4,2.25,4.99,4.99,4,1.6,7.04,10
20260911B21,最低落札価格（TSO別）[円/kW・30分],0.93,0.39,1.04,1.77,1.83,1.22,1.41,0.36,1.82,0.36
20260911B21,平均落札価格（TSO別）[円/kW・30分],1,5.88,3.36,1.95,3.2,2.76,1.61,1.34,5.31,3.42
20260911B21,落札量合計（TSO別）[MW],68,191.757,568,77,62,155,150,48,176,1495.757
20260911B21,（内訳）自エリアからの落札量[MW],68,126.171,568,77,25,60.545,149.133,48,175.914,1297.763
20260911B22,募集量（TSO別）[MW],68,221,567,76,62,155,151,48,176,1524
20260911B22,応札量合計（電源属地別）[MW],154.74,126.171,617.36,375.67,28.928,99.354,91.447,168.403,176.366,1838.439
20260911B22,落札量合計（電源属地別）[MW],68,126.171,617.36,256.185,25,76.438,86.377,51,176.366,1482.897
20260911B22,応札件数（電源属地別）[件],5,23,61,61,3,21,26,7,37,244
20260911B22,落札件数（電源属地別）[件],4,23,61,48,1,16,24,3,37,217
20260911B22,最高落札価格（電源属地別）[円/kW・30分],1.01,10,10,6,4.51,6,5,1.6,7.04,10
20260911B22,最低落札価格（電源属地別）[円/kW・30分],0.93,2.57,0.39,1.82,4.51,1.22,1.56,0.36,2.9,0.36
20260911B22,平均落札価格（電源属地別）[円/kW・30分],1,6.58,3.77,2.92,4.51,2.82,3,1.36,5.56,3.78
20260911B22,最高落札価格（TSO別）[円/kW・30分],1.01,10,10,2.29,5,6,5,1.6,7.04,10
20260911B22,最低落札価格（TSO別）[円/kW・30分],0.93,0.39,0.39,1.86,2.24,1.22,1.56,0.36,2.9,0.36
20260911B22,平均落札価格（TSO別）[円/kW・30分],1,6.8,3.45,2.19,4.42,3.32,2.52,1.36,5.56,3.78
20260911B22,落札量合計（TSO別）[MW],68,176.531,567,76,62,155,151,51,176.366,1482.897
20260911B22,（内訳）自エリアからの落札量[MW],68,126.171,567,76,25,45.386,86.377,51,176.366,1221.3
20260911B23,募集量（TSO別）[MW],68,221,564,75,62,155,151,48,177,1521
20260911B23,応札量合計（電源属地別）[MW],233.59,126.171,667.6,374.249,28.928,99.354,155.082,168.403,176.366,2029.743
20260911B23,落札量合計（電源属地別）[MW],68,119.357,665.643,218.875,25,60.545,139.214,48,176.366,1521
20260911B23,応札件数（電源属地別）[件],7,23,71,60,3,21,31,7,37,260
20260911B23,落札件数（電源属地別）[件],3,20,70,44,1,8,24,3,37,210
20260911B23,最高落札価格（電源属地別）[円/kW・30分],1.01,9.9,9.4,4.99,4.51,3.98,5,1.6,6.76,9.9
20260911B23,最低落札価格（電源属地別）[円/kW・30分],0.39,3.21,0.39,1.68,4.51,1.22,0.39,0.36,1.55,0.36
20260911B23,平均落札価格（電源属地別）[円/kW・30分],0.68,7.06,3.51,2.69,4.51,2.01,1.65,1.34,5.42,3.48
20260911B23,最高落札価格（TSO別）[円/kW・30分],1.01,9.9,9.4,2.08,4.99,4.99,5,1.6,6.76,9.9
20260911B23,最低落札価格（TSO別）[円/kW・30分],0.39,0.39,0.39,1.7,1.7,1.22,0.39,0.36,1.55,0.36
20260911B23,平均落札価格（TSO別）[円/kW・30分],0.68,6.17,3.22,1.89,3.74,2.55,1.86,1.34,5.42,3.48
20260911B23,落札量合計（TSO別）[MW],68,221,564,75,62,155,151,48,177,1521
20260911B23,（内訳）自エリアからの落札量[MW],68,119.357,564,75,25,59.887,138.58,48,176.366,1274.19
20260911B24,募集量（TSO別）[MW],68,221,564,74,62,155,151,48,177,1520
20260911B24,応札量合計（電源属地別）[MW],199.59,126.171,643.412,372.359,50.714,103.221,252.038,168.403,174.418,2090.326
20260911B24,落札量合計（電源属地別）[MW],68,126.171,643.412,172.731,43.867,74.402,192.325,48,174.418,1543.326
20260911B24,応札件数（電源属地別）[件],6,23,70,59,4,23,32,7,36,260
20260911B24,落札件数（電源属地別）[件],3,23,70,26,2,15,8,4,36,187
20260911B24,最高落札価格（電源属地別）[円/kW・30分],1.01,10,10,4.5,4.52,4,1.56,1.6,6.49,10
20260911B24,最低落札価格（電源属地別）[円/kW・30分],0.91,2.55,0.39,1.62,4.35,1.22,0.39,0.36,2.94,0.36
20260911B24,平均落札価格（電源属地別）[円/kW・30分],0.99,7.39,3.68,2.31,4.42,2.34,1.13,1.34,5.25,3.45
20260911B24,最高落札価格（TSO別）[円/kW・30分],1.01,10,10,1.97,4.52,4.5,1.56,1.6,6.49,10
20260911B24,最低落札価格（TSO別）[円/kW・30分],0.91,0.39,0.39,1.62,3,1.22,0.39,0.36,1.47,0.36
20260911B24,平均落札価格（TSO別）[円/kW・30分],0.99,7.08,3.27,1.74,4.24,2.42,1.12,1.34,5.19,3.45
20260911B24,落札量合計（TSO別）[MW],68,205.583,564,74,62,155,189.743,48,177,1543.326
20260911B24,（内訳）自エリアからの落札量[MW],68,126.171,564,74,43.867,74.402,189.743,48,174.418,1362.601
20260911B25,募集量（TSO別）[MW],67,222,563,71,62,155,149,48,176,1513
20260911B25,応札量合計（電源属地別）[MW],192.01,123.725,574.636,377.726,3.928,200.235,250.238,208.403,213.699,2144.6
20260911B25,落札量合計（電源属地別）[MW],67,123.725,574.636,144.686,0,149.86,160.591,63.543,164.018,1448.059
20260911B25,応札件数（電源属地別）[件],5,22,68,62,2,27,31,8,37,262
20260911B25,落札件数（電源属地別）[件],3,22,68,8,0,8,6,4,19,138
20260911B25,最高落札価格（電源属地別）[円/kW・30分],1.01,10,10,2.37,0,2.95,1.38,1.6,3.6,10
20260911B25,最低落札価格（電源属地別）[円/kW・30分],0.98,4.69,0.39,1.06,0,0.39,0.39,0.3,2.94,0.3
20260911B25,平均落札価格（電源属地別）[円/kW・30分],1,8.21,4.11,1.2,0,0.88,0.99,0.77,3.29,3.1
20260911B25,最高落札価格（TSO別）[円/kW・30分],1.01,10,10,1.26,2.37,2.95,1.38,1.6,3.6,10
20260911B25,最低落札価格（TSO別）[円/kW・30分],0.98,0.39,0.39,1.06,1.06,0.39,0.39,0.3,1.09,0.3
20260911B25,平均落札価格（TSO別）[円/kW・30分],1,7.54,4.18,1.17,1.23,0.9,0.96,0.77,3.16,3.1
20260911B25,落札量合計（TSO別）[MW],67,135.361,563,71,62,161.155,149,63.543,176,1448.059
20260911B25,（内訳）自エリアからの落札量[MW],67,123.725,563,71,0,149.86,149,63.543,164.018,1351.146
20260911B26,募集量（TSO別）[MW],67,222,563,71,62,155,149,48,176,1513
20260911B26,応札量合計（電源属地別）[MW],188.74,123.725,614.736,339.464,3.928,200.235,250.238,208.403,213.699,2143.168
20260911B26,落札量合計（電源属地別）[MW],67,123.725,614.736,133,0,155,192.325,57.543,143.965,1487.294
20260911B26,応札件数（電源属地別）[件],6,22,68,63,2,27,31,8,37,264
20260911B26,落札件数（電源属地別）[件],4,22,68,24,0,11,8,3,9,149
20260911B26,最高落札価格（電源属地別）[円/kW・30分],1.01,10,10,4.1,0,3,1.56,1.6,3.37,10
20260911B26,最低落札価格（電源属地別）[円/kW・30分],0.4,4.7,0.39,0.81,0,0.39,0.39,0.3,2.94,0.3
20260911B26,平均落札価格（電源属地別）[円/kW・30分],0.69,8.21,3.84,1.86,0,0.95,1.08,0.68,3.15,3.04
20260911B26,最高落札価格（TSO別）[円/kW・30分],1.01,10,9.4,4,4.1,3,1.56,1.6,3.37,10
20260911B26,最低落札価格（TSO別）[円/kW・30分],0.4,2.51,0.39,0.81,0.81,0.39,0.39,0.3,1.38,0.3
20260911B26,平均落札価格（TSO別）[円/kW・30分],0.69,8.25,3.43,2.4,1.23,0.95,1.02,0.68,2.83,3.04
20260911B26,落札量合計（TSO別）[MW],67,175.461,563,71,62,155,160.29,57.543,176,1487.294
20260911B26,（内訳）自エリアからの落札量[MW],67,123.725,563,71,0,155,160.29,57.543,143.965,1341.523
20260911B27,募集量（TSO別）[MW],67,222,563,71,62,155,149,48,176,1513
20260911B27,応札量合計（電源属地別）[MW],228,127.521,574.627,335.158,3.928,101.778,265.841,208.403,170.699,2015.955
20260911B27,落札量合計（電源属地別）[MW],67,127.521,574.627,216.343,1.93,69.727,160.591,60.074,170.699,1448.512
20260911B27,応札件数（電源属地別）[件],7,24,67,77,2,22,33,8,37,277
20260911B27,落札件数（電源属地別）[件],4,24,67,22,1,13,6,4,37,178
20260911B27,最高落札価格（電源属地別）[円/kW・30分],1,10,10,3.9,3.9,4,1.56,1.6,6.05,10
20260911B27,最低落札価格（電源属地別）[円/kW・30分],0.4,3.11,0.39,1.11,3.9,1.72,0.39,0.36,2.94,0.36
20260911B27,平均落札価格（電源属地別）[円/kW・30分],0.69,7.9,4.07,1.66,3.9,2.28,1.1,0.81,4.9,3.44
20260911B27,最高落札価格（TSO別）[円/kW・30分],1,10,10,1.68,3.9,4,1.56,1.6,6.05,10
20260911B27,最低落札価格（TSO別）[円/kW・30分],0.4,2.92,0.39,1.11,1.11,1.14,0.39,0.36,1.56,0.36
20260911B27,平均落札価格（TSO別）[円/kW・30分],0.69,7.93,3.98,1.27,1.6,2.17,1.07,0.81,4.76,3.44
20260911B27,落札量合計（TSO別）[MW],67,139.148,563,71,62,155,153.3,60.074,177.99,1448.512
20260911B27,（内訳）自エリアからの落札量[MW],67,127.521,563,71,1.93,69.727,153.3,60.074,170.699,1284.251
20260911B28,募集量（TSO別）[MW],67,219,562,71,62,154,148,48,176,1507
20260911B28,応札量合計（電源属地別）[MW],228,127.521,626.427,335.158,3.928,103.221,168.885,208.403,166.847,1968.39
20260911B28,落札量合計（電源属地別）[MW],152,127.521,626.427,249.187,1.93,74.402,118.634,76,166.847,1592.948
20260911B28,応札件数（電源属地別）[件],7,24,69,77,2,23,32,8,35,277
20260911B28,落札件数（電源属地別）[件],5,24,69,48,1,15,14,4,35,215
20260911B28,最高落札価格（電源属地別）[円/kW・30分],1.01,10,10,4.99,3.9,4,4,1.6,6.72,10
20260911B28,最低落札価格（電源属地別）[円/kW・30分],0.39,1.75,0.39,1.59,3.9,1.22,0.39,0.36,2.94,0.36
20260911B28,平均落札価格（電源属地別）[円/kW・30分],0.87,7.51,4.01,2.57,3.9,2.33,1.16,0.99,5.44,3.48
20260911B28,最高落札価格（TSO別）[円/kW・30分],1.01,10,10,4.99,3.9,4.99,2.13,1.6,6.72,10
20260911B28,最低落札価格（TSO別）[円/kW・30分],0.39,0.39,0.39,1.59,1.59,1.22,0.39,0.36,2.94,0.36
20260911B28,平均落札価格（TSO別）[円/kW・30分],0.87,6.81,3.84,3.79,1.7,2.46,1.16,0.99,5.34,3.48
20260911B28,落札量合計（TSO別）[MW],152,191.948,562,71,62,154,148,76,176,1592.948
20260911B28,（内訳）自エリアからの落札量[MW],152,127.521,562,71,1,74.402,109.481,76,166.847,1340.251
20260911B29,募集量（TSO別）[MW],66,217,561,70,62,155,148,48,175,1502
20260911B29,応札量合計（電源属地別）[MW],188.74,127.521,574.47,335.158,3.928,103.221,155.082,208.403,168.347,1864.87
20260911B29,落札量合計（電源属地別）[MW],119.99,127.521,574.47,236.415,0,64.412,140.826,77,168.347,1508.981
20260911B29,応札件数（電源属地別）[件],6,24,67,77,2,23,31,8,36,274
20260911B29,落札件数（電源属地別）[件],3,24,67,49,0,10,25,4,36,218
20260911B29,最高落札価格（電源属地別）[円/kW・30分],1.01,10,9.4,4.99,0,4.75,5,1.6,6.84,10
20260911B29,最低落札価格（電源属地別）[円/kW・30分],0.39,2.66,0.39,1.65,0,1.22,0.39,0.36,2.94,0.36
20260911B29,平均落札価格（電源属地別）[円/kW・30分],0.83,7.76,4.19,2.72,0,2.17,1.64,0.98,5.57,3.66
20260911B29,最高落札価格（TSO別）[円/kW・30分],1.01,10,9.4,4.89,2.05,4.99,5,1.6,6.84,10
20260911B29,最低落札価格（TSO別）[円/kW・30分],0.39,0.39,0.39,1.67,1.65,1.22,0.39,0.36,2.94,0.36
20260911B29,平均落札価格（TSO別）[円/kW・30分],0.83,7.06,4.28,2.9,1.83,2.61,1.78,0.98,5.53,3.66
20260911B29,落札量合計（TSO別）[MW],119.99,140.991,561,70,62,155,148,77,175,1508.981
20260911B29,（内訳）自エリアからの落札量[MW],119.99,127.521,561,70,0,60.602,137.983,77,168.347,1322.443
20260911B30,募集量（TSO別）[MW],66,212,561,70,62,155,148,47,174,1495
20260911B30,応札量合計（電源属地別）[MW],217.17,127.521,616.47,257.941,3.928,103.221,203.815,208.403,186.093,1924.562
20260911B30,落札量合計（電源属地別）[MW],154.43,127.521,616.47,211.387,3.928,103.221,199.274,95,176,1687.231
20260911B30,応札件数（電源属地別）[件],8,24,68,72,2,23,28,8,45,278
20260911B30,落札件数（電源属地別）[件],6,24,68,49,2,23,27,4,41,244
20260911B30,最高落札価格（電源属地別）[円/kW・30分],1.01,10,9.4,6.8,6,7.77,5,1.6,7.04,10
20260911B30,最低落札価格（電源属地別）[円/kW・30分],0.39,2.13,0.39,1.63,4,1.22,1.56,0.36,2.86,0.36
20260911B30,平均落札価格（電源属地別）[円/kW・30分],0.92,7.44,4.01,2.87,5.02,3.47,2.21,1.11,5.57,3.6
20260911B30,最高落札価格（TSO別）[円/kW・30分],1.01,10,9.4,6.8,6,7.77,5,1.6,7.04,10
20260911B30,最低落札価格（TSO別）[円/kW・30分],0.39,0.39,0.39,1.87,1.63,1.22,1.56,0.36,2.86,0.36
20260911B30,平均落札価格（TSO別）[円/kW・30分],0.92,6.99,3.82,3.52,2.72,2.96,2.21,1.11,5.57,3.6
20260911B30,落札量合計（TSO別）[MW],154.43,182.991,561,101.536,62,155,199.274,95,176,1687.231
20260911B30,（内訳）自エリアからの落札量[MW],154.43,127.521,561,101.536,3.928,103.221,199.274,95,176,1521.91
20260911B31,募集量（TSO別）[MW],64,194,560,69,63,154,147,45,170,1466
20260911B31,応札量合計（電源属地別）[MW],156.69,127.521,562.807,210.733,3.928,103.221,191.11,177.403,186.093,1719.506
20260911B31,落札量合計（電源属地別）[MW],94.95,127.521,562.807,171.081,3.928,103.221,158.335,45,161.078,1427.921
20260911B31,応札件数（電源属地別）[件],6,24,67,66,2,23,27,7,45,267
20260911B31,落札件数（電源属地別）[件],4,24,67,46,2,23,10,3,32,211
20260911B31,最高落札価格（電源属地別）[円/kW・30分],1.01,10,9.4,6.8,5.5,6.99,3,1.6,6.47,10
20260911B31,最低落札価格（電源属地別）[円/kW・30分],0.93,2.94,0.39,0.76,3.65,1.22,1.56,0.36,2.55,0.36
20260911B31,平均落札価格（電源属地別）[円/kW・30分],1.01,7.33,3.96,2.98,4.59,3.22,1.81,1.41,5.19,3.72
20260911B31,最高落札価格（TSO別）[円/kW・30分],1.01,10,9.4,4.99,6.8,6.99,3,1.6,6.47,10
20260911B31,最低落札価格（TSO別）[円/kW・30分],0.93,2.94,0.39,2.19,1,0.76,1.56,0.36,2.55,0.36
20260911B31,平均落札価格（TSO別）[円/kW・30分],1.01,7.37,3.93,4.15,2.07,2.98,1.75,1.41,5.07,3.72
20260911B31,落札量合計（TSO別）[MW],94.95,130.328,560,69,55.23,154,149.413,45,170,1427.921
20260911B31,（内訳）自エリアからの落札量[MW],94.95,127.521,560,69,3.928,103.221,149.413,45,161.078,1314.111
20260911B32,募集量（TSO別）[MW],64,194,560,69,63,154,147,45,170,1466
20260911B32,応札量合計（電源属地別）[MW],164.74,115.521,524.041,197.584,3.928,99.354,191.107,177.403,186.093,1659.771
20260911B32,落札量合計（電源属地別）[MW],93,115.521,524.041,157.932,3.928,99.354,158.332,45,161.081,1358.189
20260911B32,応札件数（電源属地別）[件],6,23,67,67,2,21,27,7,45,265
20260911B32,落札件数（電源属地別）[件],3,23,67,47,2,21,10,3,32,208
20260911B32,最高落札価格（電源属地別）[円/kW・30分],1.01,10,9.4,8.47,5.8,6.99,4.89,1.6,7.04,10
20260911B32,最低落札価格（電源属地別）[円/kW・30分],0.93,2.79,0.39,0.77,4.65,1.22,1.56,0.36,2.71,0.36
20260911B32,平均落札価格（電源属地別）[円/kW・30分],1.01,6.94,4.11,3.84,5.23,3.31,3.68,1.41,5.63,4.09
20260911B32,最高落札価格（TSO別）[円/kW・30分],1.01,10,9.4,8.47,5.8,6.99,4.89,1.6,7.04,10
20260911B32,最低落札価格（TSO別）[円/kW・30分],0.93,2.79,0.39,2.08,0.77,0.77,1.56,0.36,2.71,0.36
20260911B32,平均落札価格（TSO別）[円/kW・30分],1.01,6.94,4.11,4.74,2.8,3.4,3.73,1.41,5.49,4.09
20260911B32,落札量合計（TSO別）[MW],93,115.521,524.041,69,40.928,151.286,149.413,45,170,1358.189
20260911B32,（内訳）自エリアからの落札量[MW],93,115.521,524.041,69,3.928,99.354,149.413,45,161.081,1260.338
20260911B33,募集量（TSO別）[MW],64,194,560,69,63,154,147,45,170,1466
20260911B33,応札量合計（電源属地別）[MW],197.74,115.521,513.827,180.568,3.928,99.354,191.107,177.403,246.093,1725.541
20260911B33,落札量合計（電源属地別）[MW],117,115.521,513.827,125.232,1.93,84.354,190.107,45,212.538,1405.509
20260911B33,応札件数（電源属地別）[件],7,23,65,69,2,21,27,7,45,266
20260911B33,落札件数（電源属地別）[件],5,23,65,44,1,20,26,3,39,226
20260911B33,最高落札価格（電源属地別）[円/kW・30分],1.01,10,9.4,4.99,4,5.97,5.58,1.6,6.88,10
20260911B33,最低落札価格（電源属地別）[円/kW・30分],0.39,2.86,0.39,0.74,4,1.22,1.56,0.36,2.9,0.36
20260911B33,平均落札価格（電源属地別）[円/kW・30分],0.95,7,3.9,3.06,4,2.61,4.2,1.41,4.58,3.82
20260911B33,最高落札価格（TSO別）[円/kW・30分],1.01,10,9.4,4.99,5,5.97,5.58,1.6,6.88,10
20260911B33,最低落札価格（TSO別）[円/kW・30分],0.39,2.86,0.39,2.12,0.74,1.22,1.56,0.36,2.9,0.36
20260911B33,平均落札価格（TSO別）[円/kW・30分],0.95,7,3.9,3.98,2.14,3.61,3.68,1.41,4.92,3.82
20260911B33,落札量合計（TSO別）[MW],117,115.521,513.827,69,63,154,158.161,45,170,1405.509
20260911B33,（内訳）自エリアからの落札量[MW],117,115.521,513.827,69,1.93,84.354,141.938,45,170,1258.57
20260911B34,募集量（TSO別）[MW],64,193,560,69,63,154,147,45,169,1464
20260911B34,応札量合計（電源属地別）[MW],156.69,114.021,629.589,236.247,3.928,99.354,189.125,165.403,270.093,1864.45
20260911B34,落札量合計（電源属地別）[MW],94.95,114.021,629.589,173.989,1.93,70.535,174.199,45,186.868,1491.081
20260911B34,応札件数（電源属地別）[件],6,22,67,71,2,21,26,7,44,266
20260911B34,落札件数（電源属地別）[件],4,22,67,39,1,13,18,5,34,203
20260911B34,最高落札価格（電源属地別）[円/kW・30分],1.01,10,9.4,4.39,3.85,3.5,5.73,1.6,7.17,10
20260911B34,最低落札価格（電源属地別）[円/kW・30分],0.93,2.73,0.39,0.72,3.85,1.22,1.56,0.3,2.9,0.3
20260911B34,平均落札価格（電源属地別）[円/kW・30分],1.01,6.84,3.71,3.22,3.85,2.11,4.22,1.06,4.16,3.68
20260911B34,最高落札価格（TSO別）[円/kW・30分],1.01,10,9.4,4.39,4.2,5.73,5.73,1.6,7.17,10
20260911B34,最低落札価格（TSO別）[円/kW・30分],0.93,0.39,0.39,3.07,0.72,0.72,1.56,0.3,2.94,0.3
20260911B34,平均落札価格（TSO別）[円/kW・30分],1.01,6.06,3.57,3.48,3.3,3.25,3.65,1.06,4.28,3.68
20260911B34,落札量合計（TSO別）[MW],94.95,183.61,560,72.108,63,154,149.413,45,169,1491.081
20260911B34,（内訳）自エリアからの落札量[MW],94.95,114.021,560,72.108,1.93,70.535,131.545,45,169,1259.089
20260911B35,募集量（TSO別）[MW],63,191,560,69,63,154,147,44,169,1460
20260911B35,応札量合計（電源属地別）[MW],171.002,115.521,629.589,180.568,3.928,99.354,189.125,177.403,245.093,1811.583
20260911B35,落札量合計（電源属地別）[MW],123,115.521,629.589,125.232,3.928,97.128,189.125,44,204,1531.523
20260911B35,応札件数（電源属地別）[件],6,23,67,69,2,21,26,7,44,265
20260911B35,落札件数（電源属地別）[件],5,23,67,44,2,21,26,3,37,228
20260911B35,最高落札価格（電源属地別）[円/kW・30分],1.01,10,9.4,4.99,6,6.99,6.97,1.6,7.31,10
20260911B35,最低落札価格（電源属地別）[円/kW・30分],0.93,2.73,0.39,0.7,3.75,1.22,1.56,0.36,2.9,0.36
20260911B35,平均落札価格（電源属地別）[円/kW・30分],1,6.88,3.72,3.05,4.89,3.18,4.26,1.43,4.78,3.8
20260911B35,最高落札価格（TSO別）[円/kW・30分],1.01,10,9.4,4.99,6,6.99,6.97,1.6,7.31,10
20260911B35,最低落札価格（TSO別）[円/kW・30分],0.93,0.39,0.39,1.62,0.7,1.22,1.56,0.36,2.9,0.36
20260911B35,平均落札価格（TSO別）[円/kW・30分],1,6.54,3.44,3.96,2.26,3.74,3.97,1.43,4.92,3.8
20260911B35,落札量合計（TSO別）[MW],123,185.11,560,69,63,154,150.413,44,183,1531.523
20260911B35,（内訳）自エリアからの落札量[MW],123,115.521,560,69,3.928,97.128,150.413,44,183,1345.99
20260911B36,募集量（TSO別）[MW],64,189,560,69,63,153,147,43,168,1456
20260911B36,応札量合計（電源属地別）[MW],91.69,114.021,585.739,181.467,3.928,99.354,189.125,154.403,253.117,1672.844
20260911B36,落札量合計（電源属地別）[MW],87.94,114.021,585.739,136.232,3.928,84.354,189.125,43,202.774,1447.113
20260911B36,応札件数（電源属地別）[件],4,22,65,68,2,21,26,6,43,257
20260911B36,落札件数（電源属地別）[件],3,22,65,45,2,20,26,3,35,221
20260911B36,最高落札価格（電源属地別）[円/kW・30分],1.01,10,9.4,4.68,4,5,6.97,1.6,7.23,10
20260911B36,最低落札価格（電源属地別）[円/kW・30分],0.93,2.73,0.39,0.7,3.95,1.22,1.56,0.3,2.9,0.3
20260911B36,平均落札価格（電源属地別）[円/kW・30分],1.01,6.84,3.94,3.02,3.98,2.58,4.37,0.78,4.71,3.89
20260911B36,最高落札価格（TSO別）[円/kW・30分],1.01,10,9.4,4.68,4.68,6.97,5.83,1.6,7.23,10
20260911B36,最低落札価格（TSO別）[円/kW・30分],0.93,2.51,0.39,2.72,0.7,1.22,1.56,0.3,2.9,0.3
20260911B36,平均落札価格（TSO別）[円/kW・30分],1.01,7.15,3.73,3.85,2.02,3.45,4.14,0.78,4.87,3.89
20260911B36,落札量合計（TSO別）[MW],87.94,139.76,560,69,63,153,150.413,43,181,1447.113
20260911B36,（内訳）自エリアからの落札量[MW],87.94,114.021,560,69,3.928,84.354,137.582,43,181,1280.825
20260911B37,募集量（TSO別）[MW],63,188,562,67,63,149,147,42,167,1448
20260911B37,応札量合計（電源属地別）[MW],172.6,91.525,535.739,211.997,3.928,101.261,187.135,154.403,233.806,1692.394
20260911B37,落札量合計（電源属地別）[MW],137.85,91.525,535.739,164.536,3.928,75.828,172.209,42,180.912,1404.527
20260911B37,応札件数（電源属地別）[件],4,21,64,67,2,22,25,6,39,250
20260911B37,落札件数（電源属地別）[件],3,21,64,46,2,17,17,3,31,204
20260911B37,最高落札価格（電源属地別）[円/kW・30分],1.01,10,9.4,4.99,4.75,5,5.89,1.6,7.17,10
20260911B37,最低落札価格（電源属地別）[円/kW・30分],0.98,4.81,0.39,0.92,4,1.22,1.56,0.36,2.84,0.36
20260911B37,平均落札価格（電源属地別）[円/kW・30分],1,7.81,4.17,3.13,4.37,2.24,4.33,0.8,4.12,3.78
20260911B37,最高落札価格（TSO別）[円/kW・30分],1.01,10,9.4,4.99,4.75,5.89,5.89,1.6,7.17,10
20260911B37,最低落札価格（TSO別）[円/kW・30分],0.98,4.81,0.39,0.92,0.92,1.22,1.56,0.36,2.84,0.36
20260911B37,平均落札価格（TSO別）[円/kW・30分],1,7.81,4.17,3.26,2.74,3.45,3.78,0.8,4.29,3.78
20260911B37,落札量合計（TSO別）[MW],137.85,91.525,535.739,67,63,149,151.413,42,167,1404.527
20260911B37,（内訳）自エリアからの落札量[MW],137.85,91.525,535.739,67,3.928,75.828,132.391,42,161.89,1248.151
20260911B38,募集量（TSO別）[MW],63,188,562,67,63,149,147,42,167,1448
20260911B38,応札量合計（電源属地別）[MW],112.75,90.025,529.633,182.557,3.928,101.261,189.117,154.403,233.806,1597.48
20260911B38,落札量合計（電源属地別）[MW],84,90.025,529.633,144.394,1.93,84.265,185.912,42,180.912,1343.071
20260911B38,応札件数（電源属地別）[件],3,20,64,64,2,22,26,6,39,246
20260911B38,落札件数（電源属地別）[件],1,20,64,45,1,20,25,2,31,209
20260911B38,最高落札価格（電源属地別）[円/kW・30分],1.01,10,9.4,4.99,3.9,5,5.83,1.6,6.97,10
20260911B38,最低落札価格（電源属地別）[円/kW・30分],1.01,5.05,0.39,0.89,3.9,1.22,1.56,0.36,2.84,0.36
20260911B38,平均落札価格（電源属地別）[円/kW・30分],1.01,7.89,3.95,3,3.9,2.51,4.33,0.8,3.96,3.79
20260911B38,最高落札価格（TSO別）[円/kW・30分],1.01,10,9.4,4.99,3.99,5.83,5.83,1.6,6.97,10
20260911B38,最低落札価格（TSO別）[円/kW・30分],1.01,5.05,0.39,0.89,0.89,0.91,1.56,0.36,2.84,0.36
20260911B38,平均落札価格（TSO別）[円/kW・30分],1.01,7.89,3.95,3.79,1.99,3.67,3.78,0.8,4.04,3.79
20260911B38,落札量合計（TSO別）[MW],84,90.025,529.633,67,63,149,151.413,42,167,1343.071
20260911B38,（内訳）自エリアからの落札量[MW],84,90.025,529.633,67,1.93,84.265,132.391,42,161.89,1193.134
20260911B39,募集量（TSO別）[MW],63,188,563,67,63,149,147,42,167,1449
20260911B39,応札量合計（電源属地別）[MW],197.6,91.525,513.471,238.967,3.928,50.563,189.117,154.403,240.784,1680.358
20260911B39,落札量合計（電源属地別）[MW],137.85,91.525,513.471,184.121,3.928,33.567,188.797,42,198,1393.259
20260911B39,応札件数（電源属地別）[件],5,21,61,71,2,19,26,6,43,254
20260911B39,落札件数（電源属地別）[件],3,21,61,46,2,17,26,4,36,216
20260911B39,最高落札価格（電源属地別）[円/kW・30分],1.01,10,9.4,5.1,4.2,5,5.64,1.6,6.5,10
20260911B39,最低落札価格（電源属地別）[円/kW・30分],0.98,5.35,0.39,1.21,4,2.95,1.56,0.3,2.66,0.3
20260911B39,平均落札価格（電源属地別）[円/kW・30分],1,8.07,4.04,2.86,4.1,3.69,4.25,0.79,3.61,3.71
20260911B39,最高落札価格（TSO別）[円/kW・30分],1.01,10,9.4,4.5,4.5,5.64,5.64,1.6,6.5,10
20260911B39,最低落札価格（TSO別）[円/kW・30分],0.98,5.35,0.39,2.03,1.21,2.2,1.56,0.3,2.66,0.3
20260911B39,平均落札価格（TSO別）[円/kW・30分],1,8.07,4.04,2.35,2.5,4.44,3.61,0.79,3.71,3.71
20260911B39,落札量合計（TSO別）[MW],137.85,91.525,513.471,67,63,149,151.413,42,178,1393.259
20260911B39,（内訳）自エリアからの落札量[MW],137.85,91.525,513.471,67,3.928,33.567,126.303,42,172.89,1188.534
20260911B40,募集量（TSO別）[MW],63,187,563,67,63,149,147,42,167,1448
20260911B40,応札量合計（電源属地別）[MW],152.75,91.525,513.428,219.363,3.928,99.838,191.107,177.403,242.773,1692.115
20260911B40,落札量合計（電源属地別）[MW],93,91.525,513.428,145.537,3.928,84.838,176.181,42,190.929,1341.366
20260911B40,応札件数（電源属地別）[件],4,21,61,70,2,21,27,8,44,258
20260911B40,落札件数（電源属地別）[件],2,21,61,41,2,20,19,3,34,203
20260911B40,最高落札価格（電源属地別）[円/kW・30分],1.01,10,9.4,4.39,2.65,3,4.89,1.6,5.84,10
20260911B40,最低落札価格（電源属地別）[円/kW・30分],0.98,5.49,0.39,0.39,1.75,1.72,1.56,0.36,2.22,0.36
20260911B40,平均落札価格（電源属地別）[円/kW・30分],1.01,8.14,4.25,2.54,2.19,2.24,3.72,1.48,3.13,3.66
20260911B40,最高落札価格（TSO別）[円/kW・30分],1.01,10,9.4,4.39,4.29,4.89,4.89,1.6,5.84,10
20260911B40,最低落札価格（TSO別）[円/kW・30分],0.98,5.49,0.39,1.03,0.39,1.72,1.56,0.36,2.22,0.36
20260911B40,平均落札価格（TSO別）[円/kW・30分],1.01,8.14,4.25,3.2,1.62,3.12,3.35,1.48,3.13,3.66
20260911B40,落札量合計（TSO別）[MW],93,91.525,513.428,67,63,149,151.413,42,171,1341.366
20260911B40,（内訳）自エリアからの落札量[MW],93,91.525,513.428,67,3.928,84.838,134.25,42,171,1200.969
20260911B41,募集量（TSO別）[MW],63,187,561,67,61,148,147,42,167,1443
20260911B41,応札量合計（電源属地別）[MW],197.6,91.525,515.395,233.882,3.928,101.281,204.91,177.403,245.673,1771.597
20260911B41,落札量合計（電源属地別）[MW],137.85,91.525,515.395,132.944,1.998,86.281,189.984,43,187.944,1386.921
20260911B41,応札件数（電源属地別）[件],5,21,62,71,2,22,28,8,48,267
20260911B41,落札件数（電源属地別）[件],3,21,62,31,1,21,20,3,36,198
20260911B41,最高落札価格（電源属地別）[円/kW・30分],1.01,10,9.4,4,3.69,3,6.38,1.6,5.39,10
20260911B41,最低落札価格（電源属地別）[円/kW・30分],0.98,5.67,0.39,0.8,3.69,1.22,1.56,0.36,1.77,0.36
20260911B41,平均落札価格（電源属地別）[円/kW・30分],1,8.23,4.01,2.57,3.69,2.23,3.92,1.46,3.44,3.57
20260911B41,最高落札価格（TSO別）[円/kW・30分],1.01,10,9.4,4,4,4.83,6.38,1.6,5.39,10
20260911B41,最低落札価格（TSO別）[円/kW・30分],0.98,5.67,0.39,0.8,2.06,1.22,1.56,0.36,1.77,0.36
20260911B41,平均落札価格（TSO別）[円/kW・30分],1,8.23,4.01,2.3,2.77,3.1,3.61,1.46,3.52,3.57
20260911B41,落札量合計（TSO別）[MW],137.85,91.525,515.395,67,61,148,156.151,43,167,1386.921
20260911B41,（内訳）自エリアからの落札量[MW],137.85,91.525,515.395,67,1.998,86.281,145.995,43,167,1256.044
20260911B42,募集量（TSO別）[MW],63,187,561,67,59,147,146,42,167,1439
20260911B42,応札量合計（電源属地別）[MW],112.75,91.525,519.155,238.967,3.928,99.838,184.41,154.403,251.337,1656.313
20260911B42,落札量合計（電源属地別）[MW],84,91.525,519.155,115.747,3.928,99.838,179.425,42,198.062,1333.68
20260911B42,応札件数（電源属地別）[件],3,21,64,71,2,21,26,6,46,260
20260911B42,落札件数（電源属地別）[件],1,21,64,23,2,21,23,4,35,194
20260911B42,最高落札価格（電源属地別）[円/kW・30分],1.01,10,9.4,3.79,3,3,5.58,1.6,5.71,10
20260911B42,最低落札価格（電源属地別）[円/kW・30分],1.01,5.92,0.39,1.03,2.5,1.72,1.56,0.3,1.87,0.3
20260911B42,平均落札価格（電源属地別）[円/kW・30分],1.01,8.35,3.96,2.26,2.75,2.25,4.09,0.79,3.47,3.64
20260911B42,最高落札価格（TSO別）[円/kW・30分],1.01,10,9.4,3.7,3.79,5.58,5.58,1.6,5.71,10
20260911B42,最低落札価格（TSO別）[円/kW・30分],1.01,5.92,0.39,2.01,1.03,1.03,1.56,0.3,1.87,0.3
20260911B42,平均落札価格（TSO別）[円/kW・30分],1.01,8.35,3.96,2.49,2.17,3.08,3.71,0.79,3.53,3.64
20260911B42,落札量合計（TSO別）[MW],84,91.525,519.155,67,59,147,146,42,178,1333.68
20260911B42,（内訳）自エリアからの落札量[MW],84,91.525,519.155,67,3.928,98.111,135.58,42,178,1219.299
20260911B43,募集量（TSO別）[MW],63,97,560,67,59,147,144,42,167,1346
20260911B43,応札量合計（電源属地別）[MW],157.6,91.525,505.024,227.687,3.928,126.589,216.311,211.403,248.427,1788.494
20260911B43,落札量合計（電源属地別）[MW],145.85,91.525,505.024,164.813,3.928,126.589,119.272,44,206.706,1407.707
20260911B43,応札件数（電源属地別）[件],4,21,62,68,2,24,29,10,44,264
20260911B43,落札件数（電源属地別）[件],3,21,62,44,2,24,27,4,35,222
20260911B43,最高落札価格（電源属地別）[円/kW・30分],1.01,10,9.4,4.68,3.1,3,3.83,1.6,5.37,10
20260911B43,最低落札価格（電源属地別）[円/kW・30分],1,5.96,0.39,0.88,2.6,0.39,0.39,0.36,1.54,0.36
20260911B43,平均落札価格（電源属地別）[円/kW・30分],1.01,8.46,3.57,3.05,2.85,1.87,1.58,0.54,3.33,3.11
20260911B43,最高落札価格（TSO別）[円/kW・30分],1.01,10,9.4,4.68,4.2,5.37,5.16,1.6,5.37,10
20260911B43,最低落札価格（TSO別）[円/kW・30分],1,5.96,0.39,2.9,1.72,0.39,0.39,0.36,1.54,0.36
20260911B43,平均落札価格（TSO別）[円/kW・30分],1.01,8.46,3.57,4.06,2.83,1.9,1.85,0.54,3.32,3.11
20260911B43,落札量合計（TSO別）[MW],145.85,91.525,505.024,67,59,172.308,144,44,179,1407.707
20260911B43,（内訳）自エリアからの落札量[MW],145.85,91.525,505.024,67,3.928,121.369,115.06,44,179,1272.756
20260911B44,募集量（TSO別）[MW],64,97,560,68,59,147,144,42,168,1349
20260911B44,応札量合計（電源属地別）[MW],152.75,89.625,482.239,234.987,3.928,175.793,175.646,224.403,249.427,1788.798
20260911B44,落札量合計（電源属地別）[MW],94,89.625,482.239,92.622,1.998,175.793,141.071,46,194.622,1317.97
20260911B44,応札件数（電源属地別）[件],4,20,62,69,2,26,26,11,44,264
20260911B44,落札件数（電源属地別）[件],2,20,62,12,1,26,8,4,29,164
20260911B44,最高落札価格（電源属地別）[円/kW・30分],1.01,10,9.4,3,2.6,3,4.89,1.6,5.3,10
20260911B44,最低落札価格（電源属地別）[円/kW・30分],0.98,5.96,0.39,0.99,2.6,0.39,0.39,0.36,1.47,0.36
20260911B44,平均落札価格（電源属地別）[円/kW・30分],1.01,9.06,4.1,2.12,2.6,1.48,3.73,0.56,3.27,3.44
20260911B44,最高落札価格（TSO別）[円/kW・30分],1.01,10,9.4,3,3,3,4.89,1.6,5.3,10
20260911B44,最低落札価格（TSO別）[円/kW・30分],0.98,5.96,0.39,0.99,0.39,0.39,0.39,0.36,1.47,0.36
20260911B44,平均落札価格（TSO別）[円/kW・30分],1.01,9.06,4.1,2.03,2.04,1.47,3.75,0.56,3.3,3.44
20260911B44,落札量合計（TSO別）[MW],94,89.625,482.239,68,59,152.106,144,46,183,1317.97
20260911B44,（内訳）自エリアからの落札量[MW],94,89.625,482.239,68,1.998,144.156,133.121,46,183,1242.139
20260911B45,募集量（TSO別）[MW],65,97,560,68,59,147,144,42,168,1350
20260911B45,応札量合計（電源属地別）[MW],199.364,91.525,482.282,227.687,3.928,201.678,177.289,201.403,249.427,1834.583
20260911B45,落札量合計（電源属地別）[MW],139.614,91.525,482.282,85.925,1.998,192.023,140.72,46,169.334,1349.421
20260911B45,応札件数（電源属地別）[件],6,21,62,68,2,28,26,10,45,268
20260911B45,落札件数（電源属地別）[件],4,21,62,8,1,23,7,4,22,152
20260911B45,最高落札価格（電源属地別）[円/kW・30分],1.01,10,9.4,2.9,2.5,2.95,4.71,1.6,5.01,10
20260911B45,最低落札価格（電源属地別）[円/kW・30分],0.98,5.96,0.39,0.82,2.5,0.39,0.39,0.36,1.39,0.36
20260911B45,平均落札価格（電源属地別）[円/kW・30分],1,8.6,3.9,2.18,2.5,1.28,3.58,0.56,3.15,3.19
20260911B45,最高落札価格（TSO別）[円/kW・30分],1.01,10,9.4,2.9,2.95,2.95,4.71,1.6,5.01,10
20260911B45,最低落札価格（TSO別）[円/kW・30分],0.98,5.96,0.39,0.82,0.39,0.39,0.39,0.36,1.39,0.36
20260911B45,平均落札価格（TSO別）[円/kW・30分],1,8.6,3.9,2.07,1.82,1.23,3.53,0.56,3.13,3.19
20260911B45,落札量合計（TSO別）[MW],139.614,91.525,482.282,68,59,147,144,46,172,1349.421
20260911B45,（内訳）自エリアからの落札量[MW],139.614,91.525,482.282,68,1.998,147,138.054,46,169.334,1283.807
20260911B46,募集量（TSO別）[MW],65,96,558,67,59,145,144,42,167,1343
20260911B46,応札量合計（電源属地別）[MW],164.7,91.525,494.969,227.687,3.928,186.002,177.289,216.403,250.327,1812.83
20260911B46,落札量合計（電源属地別）[MW],105.95,91.525,494.969,72.085,3.928,186.002,143.278,46,179.622,1323.359
20260911B46,応札件数（電源属地別）[件],6,21,63,68,2,27,26,12,47,272
20260911B46,落札件数（電源属地別）[件],4,21,63,9,2,27,9,4,30,169
20260911B46,最高落札価格（電源属地別）[円/kW・30分],1.01,10,9.4,3,2.9,3,4.69,1.07,4.2,10
20260911B46,最低落札価格（電源属地別）[円/kW・30分],0.39,5.96,0.39,1.73,2.5,0.39,0.39,0.36,0.58,0.36
20260911B46,平均落札価格（電源属地別）[円/kW・30分],0.95,8.83,3.5,1.99,2.7,1.43,3.56,0.47,2.59,3.07
20260911B46,最高落札価格（TSO別）[円/kW・30分],1.01,10,9.4,3,3,3,4.69,1.07,4.2,10
20260911B46,最低落札価格（TSO別）[円/kW・30分],0.39,5.96,0.39,1.73,0.39,0.39,0.39,0.36,0.58,0.36
20260911B46,平均落札価格（TSO別）[円/kW・30分],0.95,8.83,3.5,1.98,1.24,1.64,3.59,0.47,2.57,3.07
20260911B46,落札量合計（TSO別）[MW],105.95,91.525,494.969,67,59,147.915,144,46,167,1323.359
20260911B46,（内訳）自エリアからの落札量[MW],105.95,91.525,494.969,67,3.928,145.917,137.322,46,167,1259.611
20260911B47,募集量（TSO別）[MW],65,95,556,66,58,144,143,42,167,1336
20260911B47,応札量合計（電源属地別）[MW],152.75,89.625,506.824,227.687,3.928,172.445,177.289,238.403,248.427,1817.378
20260911B47,落札量合計（電源属地別）[MW],102,89.625,506.677,88.237,1.998,172.445,153.309,45,180.7,1339.991
20260911B47,応札件数（電源属地別）[件],4,20,63,68,2,27,26,12,46,268
20260911B47,落札件数（電源属地別）[件],3,20,63,9,1,27,15,4,30,172
20260911B47,最高落札価格（電源属地別）[円/kW・30分],1.01,10,9.4,3,2.5,3,4.83,1.07,4.24,10
20260911B47,最低落札価格（電源属地別）[円/kW・30分],0.98,5.96,0.39,1.05,2.5,0.39,0.39,0.36,0.62,0.36
20260911B47,平均落札価格（電源属地別）[円/kW・30分],1.01,8.7,3.44,2.12,2.5,1.52,3.61,0.47,2.62,3.08
20260911B47,最高落札価格（TSO別）[円/kW・30分],1.01,10,9.4,3,4.83,3,4.83,1.07,4.24,10
20260911B47,最低落札価格（TSO別）[円/kW・30分],0.98,5.96,0.39,1.05,0.39,0.39,0.39,0.36,0.62,0.36
20260911B47,平均落札価格（TSO別）[円/kW・30分],1.01,8.7,3.44,2.06,2.73,1.55,3.49,0.47,2.6,3.08
20260911B47,落札量合計（TSO別）[MW],102,89.625,506.677,66,58,162.689,143,45,167,1339.991
20260911B47,（内訳）自エリアからの落札量[MW],102,89.625,506.677,66,1.998,162.689,141.081,45,167,1282.07
20260911B48,募集量（TSO別）[MW],65,94,555,63,57,142,143,42,167,1328
20260911B48,応札量合計（電源属地別）[MW],152.75,88.125,486.587,224.327,3.928,103.221,176.33,238.403,246.475,1720.146
20260911B48,落札量合計（電源属地別）[MW],102,88.125,486.587,100.302,3.928,103.221,173.336,45,199.213,1301.712
20260911B48,応札件数（電源属地別）[件],4,19,61,66,2,23,25,12,44,256
20260911B48,落札件数（電源属地別）[件],4,19,61,15,2,23,23,4,33,184
20260911B48,最高落札価格（電源属地別）[円/kW・30分],9.9,10,9.4,3.88,2.5,3,4.95,1.07,3.9,10
20260911B48,最低落札価格（電源属地別）[円/kW・30分],0.98,5.96,0.39,1.53,2.45,1.22,0.39,0.36,0.39,0.36
20260911B48,平均落札価格（電源属地別）[円/kW・30分],1.49,8.96,3.25,2.01,2.48,2.3,3.63,0.47,2.38,3.14
20260911B48,最高落札価格（TSO別）[円/kW・30分],9.9,10,9.4,3.88,4.95,4.95,4.95,1.07,3.9,10
20260911B48,最低落札価格（TSO別）[円/kW・30分],0.98,5.96,0.39,1.61,1.53,1.22,0.39,0.36,0.39,0.36
20260911B48,平均落札価格（TSO別）[円/kW・30分],1.49,8.96,3.25,2.25,2,2.92,3.36,0.47,2.29,3.14
20260911B48,落札量合計（TSO別）[MW],102,88.125,486.587,63,57,142,143,45,175,1301.712
20260911B48,（内訳）自エリアからの落札量[MW],102,88.125,486.587,63,3.928,103.221,129.859,45,175,1196.72
20260912B01,募集量（TSO別）[MW],64,175,539,55,53,132,140,41,163,1362
20260912B01,応札量合計（電源属地別）[MW],116.69,57.379,528.059,151.272,57.166,78.5,156.865,225.403,167.985,1539.319
20260912B01,落札量合計（電源属地別）[MW],104.99,57.379,526.718,110.753,57.166,72.712,144.186,42,158.183,1274.087
20260912B01,応札件数（電源属地別）[件],5,10,57,44,4,17,15,11,33,196
20260912B01,落札件数（電源属地別）[件],4,10,56,23,4,14,9,4,28,152
20260912B01,最高落札価格（電源属地別）[円/kW・30分],1.01,10,9.4,2.99,2.65,2.9,3,1.07,3,10
20260912B01,最低落札価格（電源属地別）[円/kW・30分],0.93,6.62,0.39,0.39,0.53,1.39,0.39,0.36,0.39,0.36
20260912B01,平均落札価格（電源属地別）[円/kW・30分],1.01,9.1,2.89,1.34,0.71,2.43,1.53,0.46,2.21,2.44
20260912B01,最高落札価格（TSO別）[円/kW・30分],1.01,10,9.4,0.39,0.69,2.99,2.99,1.07,3,10
20260912B01,最低落札価格（TSO別）[円/kW・30分],0.93,6.62,0.39,0.39,0.53,0.39,0.39,0.36,0.39,0.36
20260912B01,平均落札価格（TSO別）[円/kW・30分],1.01,9.1,2.89,0.39,0.62,2.35,1.49,0.46,2.23,2.44
20260912B01,落札量合計（TSO別）[MW],104.99,57.379,526.718,55,53,132,140,42,163,1274.087
20260912B01,（内訳）自エリアからの落札量[MW],104.99,57.379,526.718,55,53,72.712,139.369,42,158.183,1209.351
20260912B02,募集量（TSO別）[MW],64,175,539,55,53,132,140,41,163,1362
20260912B02,応札量合計（電源属地別）[MW],159.21,59.309,535.378,161.135,63.928,158.972,157.481,211.403,169.909,1676.725
20260912B02,落札量合計（電源属地別）[MW],137.46,59.309,526.718,76.973,63.928,137.346,140.561,42,137.496,1321.791
20260912B02,応札件数（電源属地別）[件],6,11,61,49,4,20,15,10,34,210
20260912B02,落札件数（電源属地別）[件],5,11,57,6,4,9,7,4,20,123
20260912B02,最高落札価格（電源属地別）[円/kW・30分],1.01,10,9.4,2.88,2.65,2.9,2.9,1.6,2.9,10
20260912B02,最低落札価格（電源属地別）[円/kW・30分],0.93,6.62,0.39,0.39,0.53,0.39,0.39,0.36,0.39,0.36
20260912B02,平均落札価格（電源属地別）[円/kW・30分],1.01,9.15,3.41,0.84,0.73,1.37,1.49,0.52,2.11,2.49
20260912B02,最高落札価格（TSO別）[円/kW・30分],1.01,10,9.4,0.39,0.69,2.9,1.7,1.6,2.9,10
20260912B02,最低落札価格（TSO別）[円/kW・30分],0.93,6.62,0.39,0.39,0.53,0.39,0.39,0.36,0.39,0.36
20260912B02,平均落札価格（TSO別）[円/kW・30分],1.01,9.15,3.41,0.39,0.64,1.33,1.41,0.52,2.17,2.49
20260912B02,落札量合計（TSO別）[MW],137.46,59.309,526.718,55,53,145.304,140,42,163,1321.791
20260912B02,（内訳）自エリアからの落札量[MW],137.46,59.309,526.718,55,53,134.376,135.605,42,137.496,1280.964
20260912B03,募集量（TSO別）[MW],64,175,539,55,53,132,140,41,163,1362
20260912B03,応札量合計（電源属地別）[MW],116.708,75.191,429.256,180.551,63.928,152.026,157.481,211.403,187.607,1574.151
20260912B03,落札量合計（電源属地別）[MW],112.958,75.191,420.618,80.929,61.93,145.96,143.555,42,139.361,1222.502
20260912B03,応札件数（電源属地別）[件],5,19,60,59,4,22,15,10,43,237
20260912B03,落札件数（電源属地別）[件],4,19,56,8,3,19,8,4,21,142
20260912B03,最高落札価格（電源属地別）[円/kW・30分],1.01,10,9.4,2.9,2.65,2.97,2.9,1.6,2.9,10
20260912B03,最低落札価格（電源属地別）[円/kW・30分],0.93,6.62,0.39,0.39,0.39,0.39,0.39,0.36,0.39,0.36
20260912B03,平均落札価格（電源属地別）[円/kW・30分],1,9.24,2.96,0.94,0.53,1.7,1.38,0.52,2.03,2.38
20260912B03,最高落札価格（TSO別）[円/kW・30分],1.01,10,9.4,0.39,0.52,2.97,2.9,1.6,2.9,10
20260912B03,最低落札価格（TSO別）[円/kW・30分],0.93,6.62,0.39,0.39,0.39,0.39,0.39,0.36,0.39,0.36
20260912B03,平均落札価格（TSO別）[円/kW・30分],1,9.24,2.96,0.39,0.47,1.81,1.32,0.52,1.94,2.38
20260912B03,落札量合計（TSO別）[MW],112.958,75.191,420.618,55,53,160.735,140,42,163,1222.502
20260912B03,（内訳）自エリアからの落札量[MW],112.958,75.191,420.618,55,53,142.859,137.565,42,139.361,1178.552
20260912B04,募集量（TSO別）[MW],64,175,539,55,53,132,140,41,163,1362
20260912B04,応札量合計（電源属地別）[MW],159.228,75.191,416.105,182.411,61.93,131.902,161.271,211.403,187.605,1587.046
20260912B04,落札量合計（電源属地別）[MW],140.52,75.191,390.618,94.37,61.93,126.114,143.555,42,159.445,1233.743
20260912B04,応札件数（電源属地別）[件],6,19,67,60,3,18,17,10,43,243
20260912B04,落札件数（電源属地別）[件],5,19,54,15,3,15,8,4,32,155
20260912B04,最高落札価格（電源属地別）[円/kW・30分],1.01,10,9.4,2.99,2.55,2.97,2.9,1.6,3,10
20260912B04,最低落札価格（電源属地別）[円/kW・30分],0.93,6.62,0.39,0.39,0.39,0.39,0.39,0.36,0.39,0.36
20260912B04,平均落札価格（電源属地別）[円/kW・30分],1,9.23,3.09,1.23,0.53,1.79,1.38,0.52,2.13,2.41
20260912B04,最高落札価格（TSO別）[円/kW・30分],1.01,10,9.4,0.39,0.52,2.99,2.9,1.6,3,10
20260912B04,最低落札価格（TSO別）[円/kW・30分],0.93,6.62,0.39,0.39,0.39,0.39,0.39,0.36,0.39,0.36
20260912B04,平均落札価格（TSO別）[円/kW・30分],1,9.23,3.09,0.39,0.48,1.88,1.34,0.52,2.14,2.41
20260912B04,落札量合計（TSO別）[MW],140.52,75.191,390.618,55,53,174.414,140,42,163,1233.743
20260912B04,（内訳）自エリアからの落札量[MW],140.52,75.191,390.618,55,53,126.114,140,42,159.445,1181.888
20260912B05,募集量（TSO別）[MW],64,175,537,54,53,131,140,40,163,1357
20260912B05,応札量合計（電源属地別）[MW],158.658,73.193,406.083,168.452,63.928,109.083,135.604,211.403,185.627,1512.031
20260912B05,落札量合計（電源属地別）[MW],108.1,73.193,388.618,100.775,63.928,105.293,117.888,42,163.73,1163.525
20260912B05,応札件数（電源属地別）[件],7,18,62,53,4,17,17,10,42,230
20260912B05,落札件数（電源属地別）[件],7,18,53,18,4,15,8,4,34,161
20260912B05,最高落札価格（電源属地別）[円/kW・30分],9.9,10,9.4,2.99,2.95,2.95,2.9,1.6,3,10
20260912B05,最低落札価格（電源属地別）[円/kW・30分],0.93,6.62,0.39,0.39,0.39,0.39,0.39,0.36,0.39,0.36
20260912B05,平均落札価格（電源属地別）[円/kW・30分],1.83,9.25,3.11,1.33,0.61,2.11,1.37,0.52,2.06,2.58
20260912B05,最高落札価格（TSO別）[円/kW・30分],9.9,10,9.4,0.39,0.52,2.99,2.99,1.6,3,10
20260912B05,最低落札価格（TSO別）[円/kW・30分],0.93,6.62,0.39,0.39,0.39,0.39,0.39,0.36,0.39,0.36
20260912B05,平均落札価格（TSO別）[円/kW・30分],1.83,9.25,3.11,0.39,0.47,2.03,1.61,0.52,2.06,2.58
20260912B05,落札量合計（TSO別）[MW],108.1,73.193,388.618,54,53,141.614,140,42,163,1163.525
20260912B05,（内訳）自エリアからの落札量[MW],108.1,73.193,388.618,54,53,105.293,117.888,42,163,1105.092
20260912B06,募集量（TSO別）[MW],64,175,537,54,53,130,140,40,163,1356
20260912B06,応札量合計（電源属地別）[MW],201.178,73.193,406.083,174.382,62.264,89.469,65.232,211.403,187.605,1470.809
20260912B06,落札量合計（電源属地別）[MW],110,73.193,388.618,137.984,62.264,89.469,65.232,42,165,1133.76
20260912B06,応札件数（電源属地別）[件],8,18,62,56,4,16,16,10,43,233
20260912B06,落札件数（電源属地別）[件],7,18,54,38,4,16,16,4,35,192
20260912B06,最高落札価格（電源属地別）[円/kW・30分],6.4,10,9.4,4.38,2.6,3,3,1.6,3,10
20260912B06,最低落札価格（電源属地別）[円/kW・30分],0.93,6.62,0.39,0.39,0.53,1.39,0.39,0.36,0.39,0.36
20260912B06,平均落札価格（電源属地別）[円/kW・30分],1.61,9.26,3.12,1.92,0.71,2.53,1.65,0.52,2.03,2.71
20260912B06,最高落札価格（TSO別）[円/kW・30分],6.4,10,9.4,3.88,0.69,3.88,4.38,1.6,3,10
20260912B06,最低落札価格（TSO別）[円/kW・30分],0.93,6.62,0.39,0.39,0.53,1.39,0.39,0.36,0.39,0.36
20260912B06,平均落札価格（TSO別）[円/kW・30分],1.61,9.26,3.12,0.85,0.61,2.75,1.89,0.52,1.94,2.71
20260912B06,落札量合計（TSO別）[MW],110,73.193,388.618,54,53,130,119.949,42,163,1133.76
20260912B06,（内訳）自エリアからの落札量[MW],110,73.193,388.618,54,53,87.727,65.232,42,157.99,1031.76
20260912B07,募集量（TSO別）[MW],63,174,536,54,53,131,140,41,164,1356
20260912B07,応札量合計（電源属地別）[MW],158.608,89.991,418.055,196.049,47.322,99.354,94.818,211.403,204.859,1520.459
20260912B07,落札量合計（電源属地別）[MW],98,89.991,387.618,136.502,47.322,99.354,92.822,45,166,1162.609
20260912B07,応札件数（電源属地別）[件],7,20,68,67,4,21,26,9,52,274
20260912B07,落札件数（電源属地別）[件],7,20,52,37,4,21,25,3,36,205
20260912B07,最高落札価格（電源属地別）[円/kW・30分],6.65,10,9.4,3.83,2.65,3,4,1.6,3,10
20260912B07,最低落札価格（電源属地別）[円/kW・30分],0.93,6.62,0.39,0.39,0.55,1.37,0.39,0.36,0.39,0.36
20260912B07,平均落札価格（電源属地別）[円/kW・30分],1.17,9.22,3.13,1.8,0.74,2.54,1.84,0.57,2.16,2.79
20260912B07,最高落札価格（TSO別）[円/kW・30分],6.65,10,9.4,0.39,2.99,3.83,4,1.6,3,10
20260912B07,最低落札価格（TSO別）[円/kW・30分],0.93,6.62,0.39,0.39,0.55,1.37,0.39,0.36,0.39,0.36
20260912B07,平均落札価格（TSO別）[円/kW・30分],1.17,9.22,3.13,0.39,0.98,2.66,2.06,0.57,2.15,2.79
20260912B07,落札量合計（TSO別）[MW],98,89.991,387.618,54,53,131,140,45,164,1162.609
20260912B07,（内訳）自エリアからの落札量[MW],98,89.991,387.618,54,47.322,84.354,92.822,45,164,1063.107
20260912B08,募集量（TSO別）[MW],63,174,537,54,53,131,140,41,164,1357
20260912B08,応札量合計（電源属地別）[MW],201.128,91.491,414.615,190.321,38.342,99.354,82.091,176.86,199.537,1493.739
20260912B08,落札量合計（電源属地別）[MW],140.52,91.491,388.618,137.984,38.342,99.354,82.091,45,166,1189.4
20260912B08,応札件数（電源属地別）[件],8,21,66,64,4,21,25,7,49,265
20260912B08,落札件数（電源属地別）[件],6,21,53,38,4,21,25,3,35,206
20260912B08,最高落札価格（電源属地別）[円/kW・30分],1.01,10,9.4,3.4,2.79,3,4,1.6,3,10
20260912B08,最低落札価格（電源属地別）[円/kW・30分],0.93,6.62,0.39,0.39,1.09,1.39,0.39,0.36,0.39,0.36
20260912B08,平均落札価格（電源属地別）[円/kW・30分],1,9.23,3.16,1.79,1.3,2.58,2.11,0.57,2.18,2.8
20260912B08,最高落札価格（TSO別）[円/kW・30分],1.01,10,9.4,2.99,2.99,3.4,4,1.6,3,10
20260912B08,最低落札価格（TSO別）[円/kW・30分],0.93,6.62,0.39,0.39,1.09,1.39,0.39,0.36,0.39,0.36
20260912B08,平均落札価格（TSO別）[円/kW・30分],1,9.23,3.16,1.4,1.75,2.68,1.74,0.57,2.18,2.8
20260912B08,落札量合計（TSO別）[MW],140.52,91.491,388.618,54,53,131,121.771,45,164,1189.4
20260912B08,（内訳）自エリアからの落札量[MW],140.52,91.491,388.618,54,38.342,94.106,82.091,45,164,1098.168
20260912B09,募集量（TSO別）[MW],63,174,538,54,53,132,140,41,165,1360
20260912B09,応札量合計（電源属地別）[MW],160.558,93.49,418.087,194.121,41.818,99.354,82.091,199.403,203.365,1492.287
20260912B09,落札量合計（電源属地別）[MW],102.1,93.49,389.618,137.984,41.818,99.354,82.091,46,167,1159.455
20260912B09,応札件数（電源属地別）[件],8,22,68,66,4,21,25,9,51,274
20260912B09,落札件数（電源属地別）[件],8,22,53,38,4,21,25,3,35,209
20260912B09,最高落札価格（電源属地別）[円/kW・30分],4.35,10,9.4,4.5,2.65,3,4,1.6,3,10
20260912B09,最低落札価格（電源属地別）[円/kW・30分],0.93,6.62,0.39,0.39,1.15,1.39,0.39,0.36,0.39,0.36
20260912B09,平均落札価格（電源属地別）[円/kW・30分],1.2,9.24,3.23,1.83,1.32,2.56,2.13,0.56,2.18,2.91
20260912B09,最高落札価格（TSO別）[円/kW・30分],4.35,10,9.4,3.53,2.99,4.5,4,1.6,3,10
20260912B09,最低落札価格（TSO別）[円/kW・30分],0.93,6.62,0.39,0.39,1.15,2.23,0.39,0.36,0.39,0.36
20260912B09,平均落札価格（TSO別）[円/kW・30分],1.2,9.24,3.23,1.64,1.66,2.73,1.66,0.56,2.18,2.91
20260912B09,落札量合計（TSO別）[MW],102.1,93.49,389.618,54,53,132,124.247,46,165,1159.455
20260912B09,（内訳）自エリアからの落札量[MW],102.1,93.49,389.618,54,41.818,94.642,82.091,46,165,1068.759
20260912B10,募集量（TSO別）[MW],63,174,538,54,53,132,140,41,165,1360
20260912B10,応札量合計（電源属地別）[MW],201.128,93.49,421.857,194.121,31.258,99.354,82.091,188.403,258.365,1570.067
20260912B10,落札量合計（電源属地別）[MW],134.52,93.49,389.618,128.946,31.258,99.354,62.442,46,222,1207.628
20260912B10,応札件数（電源属地別）[件],8,22,70,66,4,21,25,8,52,276
20260912B10,落札件数（電源属地別）[件],5,22,53,33,4,21,15,3,37,193
20260912B10,最高落札価格（電源属地別）[円/kW・30分],1.01,10,9.4,3,2.79,3,3,1.6,3,10
20260912B10,最低落札価格（電源属地別）[円/kW・30分],0.93,6.62,0.39,0.39,1.36,1.39,0.39,0.36,0.39,0.36
20260912B10,平均落札価格（電源属地別）[円/kW・30分],1,9.22,3.21,1.71,1.54,2.57,1.56,0.59,1.82,2.73
20260912B10,最高落札価格（TSO別）[円/kW・30分],1.01,10,9.4,0.39,3,3,3,1.6,3,10
20260912B10,最低落札価格（TSO別）[円/kW・30分],0.93,6.62,0.39,0.39,1.36,0.39,0.39,0.36,0.39,0.36
20260912B10,平均落札価格（TSO別）[円/kW・30分],1,9.22,3.21,0.39,2.13,2.55,2.03,0.59,1.65,2.73
20260912B10,落札量合計（TSO別）[MW],134.52,93.49,389.618,54,53,132,140,46,165,1207.628
20260912B10,（内訳）自エリアからの落札量[MW],134.52,93.49,389.618,54,31.258,84.522,62.442,46,165,1060.85
20260912B11,募集量（TSO別）[MW],63,174,538,54,53,132,140,41,165,1360
20260912B11,応札量合計（電源属地別）[MW],160.558,93.49,421.857,195.505,3.928,99.354,82.091,188.403,258.365,1503.551
20260912B11,落札量合計（電源属地別）[MW],105,93.49,389.618,135.388,3.928,99.354,82.091,46,222,1176.869
20260912B11,応札件数（電源属地別）[件],8,22,70,68,2,21,25,8,52,276
20260912B11,落札件数（電源属地別）[件],8,22,53,38,2,21,25,3,37,209
20260912B11,最高落札価格（電源属地別）[円/kW・30分],5.95,10,9.4,4.5,2.65,3,3.75,1.6,3,10
20260912B11,最低落札価格（電源属地別）[円/kW・30分],0.93,6.62,0.39,0.39,2,1.39,0.39,0.36,0.39,0.36
20260912B11,平均落札価格（電源属地別）[円/kW・30分],1.37,9.19,3.16,1.81,2.32,2.58,2.07,0.59,1.99,2.87
20260912B11,最高落札価格（TSO別）[円/kW・30分],5.95,10,9.4,2.99,2.99,4.5,3.75,1.6,2.99,10
20260912B11,最低落札価格（TSO別）[円/kW・30分],0.93,6.62,0.39,0.39,0.39,1.39,0.39,0.36,0.39,0.36
20260912B11,平均落札価格（TSO別）[円/kW・30分],1.37,9.19,3.16,2,0.98,2.69,1.97,0.59,2.02,2.87
20260912B11,落札量合計（TSO別）[MW],105,93.49,389.618,54,51.761,132,140,46,165,1176.869
20260912B11,（内訳）自エリアからの落札量[MW],105,93.49,389.618,54,3.928,99.354,82.091,46,165,1038.481
20260912B12,募集量（TSO別）[MW],63,174,538,54,53,132,140,41,165,1360
20260912B12,応札量合計（電源属地別）[MW],160.558,93.49,387.257,185.732,39.788,99.354,82.091,188.403,200.065,1436.738
20260912B12,落札量合計（電源属地別）[MW],101.184,93.49,355.018,125.187,39.788,99.354,82.091,46,167,1109.112
20260912B12,応札件数（電源属地別）[件],8,22,69,68,4,21,25,8,49,274
20260912B12,落札件数（電源属地別）[件],8,22,52,38,4,21,25,3,35,208
20260912B12,最高落札価格（電源属地別）[円/kW・30分],9.95,10,9.4,4.5,2.65,3,3,1.6,3,10
20260912B12,最低落札価格（電源属地別）[円/kW・30分],0.93,6.62,0.39,0.39,1.3,1.39,0.39,0.36,0.39,0.36
20260912B12,平均落札価格（電源属地別）[円/kW・30分],1.31,9.22,2.88,1.93,1.45,2.57,1.89,0.59,2.28,2.83
20260912B12,最高落札価格（TSO別）[円/kW・30分],9.95,10,9.4,2.99,2.99,4.5,3,1.6,3,10
20260912B12,最低落札価格（TSO別）[円/kW・30分],0.93,6.62,0.39,0.39,1.3,1.39,0.39,0.36,0.39,0.36
20260912B12,平均落札価格（TSO別）[円/kW・30分],1.31,9.22,2.88,2.26,1.52,2.69,1.45,0.59,2.28,2.83
20260912B12,落札量合計（TSO別）[MW],101.184,93.49,355.018,54,41.885,132,120.535,46,165,1109.112
20260912B12,（内訳）自エリアからの落札量[MW],101.184,93.49,355.018,54,39.788,99.354,82.091,46,165,1035.925
20260912B13,募集量（TSO別）[MW],65,183,559,64,57,145,141,44,168,1426
20260912B13,応札量合計（電源属地別）[MW],192.658,93.49,358.442,187.232,49,99.354,82.091,154.403,200.065,1416.735
20260912B13,落札量合計（電源属地別）[MW],128,93.49,341.299,135.178,49,99.354,82.091,69.662,170,1168.074
20260912B13,応札件数（電源属地別）[件],8,22,71,69,4,21,25,6,49,275
20260912B13,落札件数（電源属地別）[件],4,22,62,43,4,21,25,3,37,221
20260912B13,最高落札価格（電源属地別）[円/kW・30分],1.7,10,9.4,4.2,2,3,4,1.6,3,10
20260912B13,最低落札価格（電源属地別）[円/kW・30分],0.93,6.62,0.39,0.39,1.12,1.39,0.39,0.36,0.39,0.36
20260912B13,平均落札価格（電源属地別）[円/kW・30分],1.19,9.25,2.87,2.01,1.25,2.57,2.11,0.63,2.19,2.72
20260912B13,最高落札価格（TSO別）[円/kW・30分],1.7,10,9.4,3.5,2.99,4.2,4,1.6,3,10
20260912B13,最低落札価格（TSO別）[円/kW・30分],0.93,6.62,0.39,0.39,1.12,0.39,0.36,0.36,0.39,0.36
20260912B13,平均落札価格（TSO別）[円/kW・30分],1.19,9.25,2.87,2.31,1.5,2.28,1.67,0.78,2.19,2.72
20260912B13,落札量合計（TSO別）[MW],128,93.49,341.299,64,57,145,127.285,44,168,1168.074
20260912B13,（内訳）自エリアからの落札量[MW],128,93.49,341.299,64,49,99.354,82.091,44,168,1069.234
20260912B14,募集量（TSO別）[MW],65,188,567,67,57,148,142,44,169,1447
20260912B14,応札量合計（電源属地別）[MW],240.958,91.99,358.442,179.348,56.728,99.354,82.091,154.403,196.213,1459.527
20260912B14,落札量合計（電源属地別）[MW],125,91.99,349.299,138.088,56.728,99.354,82.091,44,171,1157.55
20260912B14,応札件数（電源属地別）[件],9,21,71,65,4,21,25,6,47,269
20260912B14,落札件数（電源属地別）[件],4,21,66,44,4,21,25,3,37,225
20260912B14,最高落札価格（電源属地別）[円/kW・30分],1.01,10,9.4,4.19,3.1,3,4.22,1.6,3,10
20260912B14,最低落札価格（電源属地別）[円/kW・30分],0.39,6.62,0.39,0.39,0.39,1.39,0.39,0.2,0.39,0.2
20260912B14,平均落札価格（電源属地別）[円/kW・30分],0.84,9.3,3.03,2.08,0.62,2.59,2.19,0.74,1.75,2.69
20260912B14,最高落札価格（TSO別）[円/kW・30分],1.01,10,9.4,3.88,3.88,4.19,4.22,1.6,3,10
20260912B14,最低落札価格（TSO別）[円/kW・30分],0.39,6.62,0.39,0.39,0.39,0.39,0.39,0.2,0.39,0.2
20260912B14,平均落札価格（TSO別）[円/kW・30分],0.84,9.3,3.03,1.62,0.64,2.6,2.21,0.74,1.74,2.69
20260912B14,落札量合計（TSO別）[MW],125,91.99,349.299,67,57,148,106.261,44,169,1157.55
20260912B14,（内訳）自エリアからの落札量[MW],125,91.99,349.299,67,56.728,83.628,82.091,44,169,1068.736
20260912B15,募集量（TSO別）[MW],66,194,572,70,58,152,143,45,170,1470
20260912B15,応札量合計（電源属地別）[MW],190.708,82.82,464.542,179.348,63.928,97.911,94.818,177.403,196.213,1547.691
20260912B15,落札量合計（電源属地別）[MW],94,82.82,460.399,141.187,63.928,97.911,94.818,45,172,1252.063
20260912B15,応札件数（電源属地別）[件],7,21,72,65,4,20,26,8,47,270
20260912B15,落札件数（電源属地別）[件],5,21,70,46,4,20,26,3,37,232
20260912B15,最高落札価格（電源属地別）[円/kW・30分],1.01,10,10,4.5,3.85,3,5.05,1.6,3,10
20260912B15,最低落札価格（電源属地別）[円/kW・30分],0.39,9,0.39,0.39,0.39,2.23,0.39,0.36,0.39,0.36
20260912B15,平均落札価格（電源属地別）[円/kW・30分],0.78,9.65,4.73,2.32,0.57,2.6,1.96,1.41,1.44,3.33
20260912B15,最高落札価格（TSO別）[円/kW・30分],1.01,10,10,4.5,0.39,3.99,5.05,1.6,3,10
20260912B15,最低落札価格（TSO別）[円/kW・30分],0.39,9,0.39,0.39,0.39,0.39,0.39,0.36,0.39,0.36
20260912B15,平均落札価格（TSO別）[円/kW・30分],0.78,9.65,4.73,2.54,0.39,2.29,2.19,1.41,1.42,3.33
20260912B15,落札量合計（TSO別）[MW],94,82.82,460.399,70,58,152,119.844,45,170,1252.063
20260912B15,（内訳）自エリアからの落札量[MW],94,82.82,460.399,70,58,78.813,94.818,45,170,1153.85
20260912B16,募集量（TSO別）[MW],66,198,577,72,59,156,144,45,171,1488
20260912B16,応札量合計（電源属地別）[MW],156.708,91.99,464.542,187.232,63.928,97.911,82.091,177.403,261.065,1582.87
20260912B16,落札量合計（電源属地別）[MW],66,91.99,464.542,72,61.998,80.1,45.522,174.662,212.718,1269.532
20260912B16,応札件数（電源属地別）[件],6,21,72,69,4,20,25,8,50,275
20260912B16,落札件数（電源属地別）[件],4,21,72,15,3,11,6,7,28,167
20260912B16,最高落札価格（電源属地別）[円/kW・30分],1.01,10,10,2.99,2.8,2.95,2.9,2.25,2.98,10
20260912B16,最低落札価格（電源属地別）[円/kW・30分],0.93,6.62,0.39,0.39,0.39,2.23,0.39,0.2,0.39,0.2
20260912B16,平均落札価格（電源属地別）[円/kW・30分],1,9.3,4.81,1.17,0.47,2.52,1.09,0.77,0.86,3.02
20260912B16,最高落札価格（TSO別）[円/kW・30分],1.01,10,10,2.99,0.39,2.95,2.98,1.7,0.39,10
20260912B16,最低落札価格（TSO別）[円/kW・30分],0.93,6.62,0.39,0.39,0.39,0.36,0.2,0.2,0.39,0.2
20260912B16,平均落札価格（TSO別）[円/kW・30分],1,9.3,4.81,1.17,0.39,1.62,1.32,1.44,0.39,3.02
20260912B16,落札量合計（TSO別）[MW],66,91.99,464.542,72,59,156,144,45,171,1269.532
20260912B16,（内訳）自エリアからの落札量[MW],66,91.99,464.542,72,59,80.1,45.522,45,171,1095.154
20260912B17,募集量（TSO別）[MW],66,198,577,72,60,156,144,45,171,1489
20260912B17,応札量合計（電源属地別）[MW],201.038,113.525,494.542,207.443,63.928,99.354,68.165,177.403,193.065,1618.463
20260912B17,落札量合計（電源属地別）[MW],66,113.525,494.542,161.408,63.928,99.354,68.165,45,166,1277.922
20260912B17,応札件数（電源属地別）[件],6,22,74,71,4,21,18,8,48,272
20260912B17,落札件数（電源属地別）[件],4,22,74,48,4,21,18,3,34,228
20260912B17,最高落札価格（電源属地別）[円/kW・30分],1,10,10,4.5,5.5,3,3.1,1.6,3,10
20260912B17,最低落札価格（電源属地別）[円/kW・30分],0.93,6.59,0.39,0.39,0.39,1.39,0.39,0.36,0.39,0.36
20260912B17,平均落札価格（電源属地別）[円/kW・30分],1,8.78,5.1,2.21,0.69,2.59,1.72,1.41,1.33,3.63
20260912B17,最高落札価格（TSO別）[円/kW・30分],1,10,10,4.5,0.39,5.5,4.49,1.6,3,10
20260912B17,最低落札価格（TSO別）[円/kW・30分],0.93,6.59,0.39,0.39,0.39,0.39,0.39,0.36,0.39,0.36
20260912B17,平均落札価格（TSO別）[円/kW・30分],1,8.78,5.1,1.33,0.39,2.73,2.19,1.41,1.33,3.63
20260912B17,落札量合計（TSO別）[MW],66,113.525,494.542,72,60,156,104.855,45,166,1277.922
20260912B17,（内訳）自エリアからの落札量[MW],66,113.525,494.542,72,60,95.418,68.165,45,166,1180.65
20260912B18,募集量（TSO別）[MW],66,198,577,72,60,156,144,45,171,1489
20260912B18,応札量合計（電源属地別）[MW],202.988,113.99,494.542,189.222,63.928,99.354,68.165,177.403,166.065,1575.657
20260912B18,落札量合計（電源属地別）[MW],66,113.99,494.542,143.187,63.928,99.354,68.165,45,139,1233.166
20260912B18,応札件数（電源属地別）[件],7,22,74,70,4,21,18,7,48,271
20260912B18,落札件数（電源属地別）[件],4,22,74,47,4,21,18,3,37,230
20260912B18,最高落札価格（電源属地別）[円/kW・30分],1.01,10,9.5,4.5,5.32,5,4,1.6,3,10
20260912B18,最低落札価格（電源属地別）[円/kW・30分],0.93,6.59,0.39,0.39,0.39,1.39,0.39,0.36,0.39,0.36
20260912B18,平均落札価格（電源属地別）[円/kW・30分],1,8.77,4.33,2.47,0.66,3.12,1.96,1.41,1.51,3.5
20260912B18,最高落札価格（TSO別）[円/kW・30分],1.01,10,9.5,4.5,5.32,5,4.29,1.6,3,10
20260912B18,最低落札価格（TSO別）[円/kW・30分],0.93,6.59,0.39,0.39,0.39,0.39,0.39,0.36,0.39,0.36
20260912B18,平均落札価格（TSO別）[円/kW・30分],1,8.77,4.33,1.94,0.68,3.06,2.12,1.41,1.51,3.5
20260912B18,落札量合計（TSO別）[MW],66,113.99,494.542,72,60,156,86.634,45,139,1233.166
20260912B18,（内訳）自エリアからの落札量[MW],66,113.99,494.542,72,60,98.626,68.165,45,139,1157.323
20260912B19,募集量（TSO別）[MW],67,129,658,76,61,155,148,47,175,1516
20260912B19,応札量合計（電源属地別）[MW],158.658,116.136,479.542,155.965,63.928,99.354,82.091,208.403,159.101,1523.178
20260912B19,落札量合計（電源属地別）[MW],79,116.136,471.399,146.688,63.928,99.354,82.091,56,136.986,1251.582
20260912B19,応札件数（電源属地別）[件],7,23,73,52,4,21,25,8,47,260
20260912B19,落札件数（電源属地別）[件],6,23,69,48,4,21,25,4,38,238
20260912B19,最高落札価格（電源属地別）[円/kW・30分],1.01,10,9.52,5.1,6,5,4.45,1.6,3.14,10
20260912B19,最低落札価格（電源属地別）[円/kW・30分],0.93,5.47,0.39,0.39,0.39,1.39,0.39,0.36,0.39,0.36
20260912B19,平均落札価格（電源属地別）[円/kW・30分],1,8.58,4.39,3.05,0.68,3.24,2.2,0.79,1.66,3.52
20260912B19,最高落札価格（TSO別）[円/kW・30分],1.01,10,9.52,5.1,6,5,4.99,1.6,3.14,10
20260912B19,最低落札価格（TSO別）[円/kW・30分],0.93,5.47,0.39,0.39,0.39,0.39,0.39,0.36,0.39,0.36
20260912B19,平均落札価格（TSO別）[円/kW・30分],1,8.58,4.39,2.46,0.69,3.6,2.05,0.79,1.66,3.52
20260912B19,落札量合計（TSO別）[MW],79,116.136,471.399,76,61,155,100.061,56,136.986,1251.582
20260912B19,（内訳）自エリアからの落札量[MW],79,116.136,471.399,76,61,99.354,82.091,56,136.986,1177.966
20260912B20,募集量（TSO別）[MW],68,131,658,76,61,155,149,47,175,1520
20260912B20,応札量合計（電源属地別）[MW],156.708,116.136,479.308,153.99,63.928,97.356,82.091,208.403,157.111,1515.031
20260912B20,落札量合計（電源属地別）[MW],83,116.136,471.165,146.188,63.928,97.356,82.091,57,136.986,1253.85
20260912B20,応札件数（電源属地別）[件],6,23,73,52,4,20,25,8,46,257
20260912B20,落札件数（電源属地別）[件],5,23,68,49,4,20,25,4,35,233
20260912B20,最高落札価格（電源属地別）[円/kW・30分],1.01,10,10,5.97,6,6.95,5.19,1.6,3.13,10
20260912B20,最低落札価格（電源属地別）[円/kW・30分],0.93,4.72,0.39,0.39,0.39,1.39,0.39,0.36,0.39,0.36
20260912B20,平均落札価格（電源属地別）[円/kW・30分],1,8.44,4.5,3.08,0.68,3.69,2.63,0.81,1.67,3.61
20260912B20,最高落札価格（TSO別）[円/kW・30分],1.01,10,10,5.97,4.15,6.95,5.19,1.6,3.13,10
20260912B20,最低落札価格（TSO別）[円/kW・30分],0.93,4.72,0.39,0.39,0.39,0.39,0.39,0.36,0.39,0.36
20260912B20,平均落札価格（TSO別）[円/kW・30分],1,8.44,4.5,4.02,0.51,3.51,2.09,0.81,1.67,3.61
20260912B20,落札量合計（TSO別）[MW],83,116.136,471.165,76,61,144.375,108.188,57,136.986,1253.85
20260912B20,（内訳）自エリアからの落札量[MW],83,116.136,471.165,76,61,97.356,82.091,57,136.986,1180.734
20260912B21,募集量（TSO別）[MW],68,134,658,77,62,155,150,48,176,1528
20260912B21,応札量合計（電源属地別）[MW],161.06,116.136,463.677,157.314,63.928,109.06,82.091,208.403,153.628,1515.297
20260912B21,落札量合計（電源属地別）[MW],82,116.136,463.677,154.488,63.928,109.06,82.091,63.543,137,1271.923
20260912B21,応札件数（電源属地別）[件],5,23,65,51,4,21,25,8,44,246
20260912B21,落札件数（電源属地別）[件],4,23,65,50,4,21,25,3,39,234
20260912B21,最高落札価格（電源属地別）[円/kW・30分],1.01,10,10,7.59,6,6.97,5,1.6,3.66,10
20260912B21,最低落札価格（電源属地別）[円/kW・30分],0.93,3.75,0.39,0.39,0.39,0.39,0.39,0.2,0.39,0.2
20260912B21,平均落札価格（電源属地別）[円/kW・30分],1,8.26,4.45,3.39,0.68,3.47,2.69,0.75,1.71,3.58
20260912B21,最高落札価格（TSO別）[円/kW・30分],1.01,10,10,7.59,6,6.97,7.59,1.6,3.66,10
20260912B21,最低落札価格（TSO別）[円/kW・30分],0.93,3.75,0.39,0.39,0.39,0.39,0.39,0.2,0.39,0.2
20260912B21,平均落札価格（TSO別）[円/kW・30分],1,8.26,4.45,4.47,0.57,3.45,2.19,0.75,1.71,3.58
20260912B21,落札量合計（TSO別）[MW],82,116.136,463.677,77,62,155,115.567,63.543,137,1271.923
20260912B21,（内訳）自エリアからの落札量[MW],82,116.136,463.677,77,62,109.06,82.091,63.543,137,1192.507
20260912B22,募集量（TSO別）[MW],68,135,657,76,62,155,151,48,176,1528
20260912B22,応札量合計（電源属地別）[MW],163.01,116.136,463.317,157.314,63.928,116.97,82.091,208.403,191.684,1562.853
20260912B22,落札量合計（電源属地別）[MW],83,116.136,463.317,153.488,63.928,116.97,82.091,60,187,1325.93
20260912B22,応札件数（電源属地別）[件],6,23,65,51,4,21,25,8,39,242
20260912B22,落札件数（電源属地別）[件],5,23,65,50,4,21,25,4,37,234
20260912B22,最高落札価格（電源属地別）[円/kW・30分],1.01,10,10,7.59,6.96,6.95,5.15,1.6,4.5,10
20260912B22,最低落札価格（電源属地別）[円/kW・30分],0.93,4.66,0.39,0.39,0.39,0.39,0.39,0.36,0.39,0.36
20260912B22,平均落札価格（電源属地別）[円/kW・30分],1,8.43,4.48,3.43,0.71,3.28,2.7,0.83,1.49,3.5
20260912B22,最高落札価格（TSO別）[円/kW・30分],1.01,10,10,7.59,6.96,6.95,6.77,1.6,4.5,10
20260912B22,最低落札価格（TSO別）[円/kW・30分],0.93,4.66,0.39,0.39,0.39,0.39,0.39,0.36,0.39,0.36
20260912B22,平均落札価格（TSO別）[円/kW・30分],1,8.43,4.48,4.85,0.72,3.11,2.41,0.83,1.35,3.5
20260912B22,落札量合計（TSO別）[MW],83,116.136,463.317,76,62,155,134.477,60,176,1325.93
20260912B22,（内訳）自エリアからの落札量[MW],83,116.136,463.317,76,62,116.65,82.091,60,176,1235.194
20260912B23,募集量（TSO別）[MW],68,135,654,75,62,155,151,48,177,1525
20260912B23,応札量合計（電源属地別）[MW],118.658,116.136,474.145,153.924,63.928,116.97,82.091,208.403,241.726,1575.981
20260912B23,落札量合計（電源属地別）[MW],83,116.136,465.729,140.667,61.93,116.926,82.091,48,238,1352.479
20260912B23,応札件数（電源属地別）[件],6,23,71,49,4,21,25,8,39,246
20260912B23,落札件数（電源属地別）[件],5,23,66,45,3,21,25,3,38,229
20260912B23,最高落札価格（電源属地別）[円/kW・30分],1.01,10,9.4,5.66,4.15,6,5.44,1.6,4.9,10
20260912B23,最低落札価格（電源属地別）[円/kW・30分],0.93,5.13,0.39,0.39,0.39,0.39,0.39,0.36,0.39,0.36
20260912B23,平均落札価格（電源属地別）[円/kW・30分],1.01,8.52,4.15,3.07,0.51,3.15,2.71,0.63,1.3,3.25
20260912B23,最高落札価格（TSO別）[円/kW・30分],1.01,10,9.4,5.66,4.15,6,5.44,1.6,4,10
20260912B23,最低落札価格（TSO別）[円/kW・30分],0.93,5.13,0.39,0.39,0.39,0.39,0.39,0.36,0.39,0.36
20260912B23,平均落札価格（TSO別）[円/kW・30分],1.01,8.52,4.15,4.29,0.51,2.82,2.25,0.63,1.01,3.25
20260912B23,落札量合計（TSO別）[MW],83,116.136,465.729,75,62,174.614,151,48,177,1352.479
20260912B23,（内訳）自エリアからの落札量[MW],83,116.136,465.729,75,61.93,116.926,81.598,48,177,1225.319
20260912B24,募集量（TSO別）[MW],68,135,654,74,62,155,151,48,177,1524
20260912B24,応札量合計（電源属地別）[MW],163.028,116.136,474.145,146.624,63.928,141.483,82.091,208.403,241.726,1637.564
20260912B24,落札量合計（電源属地別）[MW],83,116.136,465.729,140.667,61.93,136.572,82.091,60,238,1384.125
20260912B24,応札件数（電源属地別）[件],6,23,71,48,4,24,25,8,39,248
20260912B24,落札件数（電源属地別）[件],4,23,67,45,3,22,25,4,38,231
20260912B24,最高落札価格（電源属地別）[円/kW・30分],1.01,10,9.4,5.52,4.2,6,5,1.6,4.52,10
20260912B24,最低落札価格（電源属地別）[円/kW・30分],0.93,5.95,0.39,0.39,0.39,0.39,0.39,0.36,0.39,0.36
20260912B24,平均落札価格（電源属地別）[円/kW・30分],1,8.68,3.94,2.92,0.51,2.53,2.4,0.83,1.3,3.08
20260912B24,最高落札価格（TSO別）[円/kW・30分],1.01,10,9.4,4.99,4.2,6,5.95,1.6,4.52,10
20260912B24,最低落札価格（TSO別）[円/kW・30分],0.93,5.95,0.39,0.39,0.39,0.39,0.39,0.36,0.39,0.36
20260912B24,平均落札価格（TSO別）[円/kW・30分],1,8.68,3.94,3.13,0.51,2.5,2.42,0.83,0.99,3.08
20260912B24,落札量合計（TSO別）[MW],83,116.136,465.729,74,62,195.26,151,60,177,1384.125
20260912B24,（内訳）自エリアからの落札量[MW],83,116.136,465.729,74,61.93,135.902,82.091,60,177,1255.788
20260912B25,募集量（TSO別）[MW],67,136,653,71,62,155,149,48,176,1517
20260912B25,応札量合計（電源属地別）[MW],154.718,111.76,468.94,157.293,63.928,120.837,82.091,177.403,245.657,1582.627
20260912B25,落札量合計（電源属地別）[MW],71,111.76,464.729,141.688,61.93,108.942,82.091,48,237.963,1328.103
20260912B25,応札件数（電源属地別）[件],5,21,68,51,4,23,25,7,41,245
20260912B25,落札件数（電源属地別）[件],3,21,66,46,3,17,25,4,37,222
20260912B25,最高落札価格（電源属地別）[円/kW・30分],1.01,10,10,5.1,2.05,5.45,5.24,1.6,4.4,10
20260912B25,最低落札価格（電源属地別）[円/kW・30分],0.93,5.95,0.39,0.39,0.39,0.39,0.39,0.36,0.39,0.36
20260912B25,平均落札価格（電源属地別）[円/kW・30分],1,8.61,4.51,2.83,0.44,2.71,2.63,1.32,1.21,3.33
20260912B25,最高落札価格（TSO別）[円/kW・30分],1.01,10,10,5.1,3.88,5.45,5.24,1.6,4.4,10
20260912B25,最低落札価格（TSO別）[円/kW・30分],0.93,5.95,0.39,1.98,0.39,0.39,0.39,0.36,0.39,0.36
20260912B25,平均落札価格（TSO別）[円/kW・30分],1,8.61,4.51,4.08,0.73,2.44,1.93,1.32,1.02,3.33
20260912B25,落札量合計（TSO別）[MW],71,111.76,464.729,71,62,174.614,149,48,176,1328.103
20260912B25,（内訳）自エリアからの落札量[MW],71,111.76,464.729,71,56.93,108.942,82.091,48,176,1190.452
20260912B26,募集量（TSO別）[MW],67,136,653,71,62,155,149,48,176,1517
20260912B26,応札量合計（電源属地別）[MW],158.658,111.76,468.76,151.991,63.928,120.837,82.091,177.403,195.657,1531.085
20260912B26,落札量合計（電源属地別）[MW],71,111.76,464.549,141.688,63.928,120.837,82.091,48,187.963,1291.816
20260912B26,応札件数（電源属地別）[件],7,21,68,51,4,23,25,7,41,247
20260912B26,落札件数（電源属地別）[件],5,21,66,46,4,23,25,4,37,231
20260912B26,最高落札価格（電源属地別）[円/kW・30分],1.01,10,10,5.1,6,6,5,1.6,4.4,10
20260912B26,最低落札価格（電源属地別）[円/kW・30分],0.93,6.36,0.39,0.39,0.39,0.39,0.39,0.36,0.39,0.36
20260912B26,平均落札価格（電源属地別）[円/kW・30分],1,8.69,4.53,2.86,0.66,2.96,2.62,1.32,1.46,3.49
20260912B26,最高落札価格（TSO別）[円/kW・30分],1.01,10,10,5.1,6,6,5,1.6,4.38,10
20260912B26,最低落札価格（TSO別）[円/kW・30分],0.93,6.36,0.39,3.47,0.39,0.39,0.39,0.36,0.39,0.36
20260912B26,平均落札価格（TSO別）[円/kW・30分],1,8.69,4.53,4.13,0.83,2.65,2.29,1.32,1.33,3.49
20260912B26,落札量合計（TSO別）[MW],71,111.76,464.549,71,60.926,155,133.581,48,176,1291.816
20260912B26,（内訳）自エリアからの落札量[MW],71,111.76,464.549,71,58.928,120.837,82.091,48,176,1204.165
20260912B27,募集量（TSO別）[MW],67,136,563,71,62,155,149,48,176,1427
20260912B27,応札量合計（電源属地別）[MW],204.978,117.486,468.58,196.62,63.928,101.223,82.091,177.403,154.655,1566.964
20260912B27,落札量合計（電源属地別）[MW],67,117.486,464.369,149.478,63.928,101.223,82.091,48,144.963,1238.538
20260912B27,応札件数（電源属地別）[件],8,24,68,71,4,22,25,7,42,271
20260912B27,落札件数（電源属地別）[件],5,24,66,47,4,22,25,4,37,234
20260912B27,最高落札価格（電源属地別）[円/kW・30分],1.01,10,10,7.59,6,6.95,5.43,1.6,4.4,10
20260912B27,最低落札価格（電源属地別）[円/kW・30分],0.93,6.62,0.39,0.39,0.39,1.39,0.39,0.36,0.39,0.36
20260912B27,平均落札価格（電源属地別）[円/kW・30分],1,8.8,4.6,2.65,0.68,3.63,2.63,1.32,1.75,3.69
20260912B27,最高落札価格（TSO別）[円/kW・30分],1.01,10,10,7.59,6,7.59,5.43,1.6,4.4,10
20260912B27,最低落札価格（TSO別）[円/kW・30分],0.93,6.62,0.39,2.99,0.39,0.39,0.39,0.36,0.39,0.36
20260912B27,平均落札価格（TSO別）[円/kW・30分],1,8.8,4.6,3.6,0.78,3.28,2,1.32,1.72,3.69
20260912B27,落札量合計（TSO別）[MW],67,117.486,464.369,71,60.301,149.223,118.186,48,142.973,1238.538
20260912B27,（内訳）自エリアからの落札量[MW],67,117.486,464.369,71,58.928,101.223,82.091,48,142.973,1153.07
20260912B28,募集量（TSO別）[MW],67,133,562,71,62,154,148,48,176,1421
20260912B28,応札量合計（電源属地別）[MW],203.028,117.486,483.58,189.32,63.928,103.221,82.091,177.403,150.803,1570.86
20260912B28,落札量合計（電源属地別）[MW],71,117.486,478.369,142.187,63.928,103.221,82.091,48,144.986,1251.268
20260912B28,応札件数（電源属地別）[件],7,24,69,70,4,23,25,7,40,269
20260912B28,落札件数（電源属地別）[件],5,24,67,46,4,23,25,4,37,235
20260912B28,最高落札価格（電源属地別）[円/kW・30分],1.01,10,9.4,4.5,6,6,5.33,1.6,4.94,10
20260912B28,最低落札価格（電源属地別）[円/kW・30分],0.93,6.38,0.39,0.39,0.39,1.39,0.39,0.36,0.39,0.36
20260912B28,平均落札価格（電源属地別）[円/kW・30分],1,8.75,4.2,2.48,0.68,3.56,2.63,1.32,1.95,3.54
20260912B28,最高落札価格（TSO別）[円/kW・30分],1.01,10,9.4,4.5,6,6,5.33,1.6,4.94,10
20260912B28,最低落札価格（TSO別）[円/kW・30分],0.93,6.38,0.39,2.99,0.39,0.39,0.39,0.36,0.39,0.36
20260912B28,平均落札価格（TSO別）[円/kW・30分],1,8.75,4.2,3.45,0.51,3.1,2.19,1.32,1.92,3.54
20260912B28,落札量合計（TSO別）[MW],71,117.486,478.369,71,62,154,106.417,48,142.996,1251.268
20260912B28,（内訳）自エリアからの落札量[MW],71,117.486,478.369,71,62,103.221,82.091,48,142.996,1176.163
20260912B29,募集量（TSO別）[MW],66,131,561,70,62,155,148,48,175,1416
20260912B29,応札量合計（電源属地別）[MW],190.708,117.486,483.4,198.52,63.928,122.835,82.091,177.403,152.303,1588.674
20260912B29,落札量合計（電源属地別）[MW],76,117.486,477.189,148.487,63.928,122.835,82.091,48.543,143,1279.559
20260912B29,応札件数（電源属地別）[件],7,24,69,72,4,24,25,7,41,273
20260912B29,落札件数（電源属地別）[件],4,24,66,47,4,24,25,3,37,234
20260912B29,最高落札価格（電源属地別）[円/kW・30分],1.01,10,9.4,7.59,6,5.97,5.14,1.6,4.99,10
20260912B29,最低落札価格（電源属地別）[円/kW・30分],0.39,5.01,0.39,0.39,0.8,0.39,0.39,0.2,0.39,0.2
20260912B29,平均落札価格（電源属地別）[円/kW・30分],0.73,8.49,4.08,2.71,1.15,2.91,2.63,1.27,2.09,3.45
20260912B29,最高落札価格（TSO別）[円/kW・30分],1.01,10,9.4,7.59,0.97,5,7.59,1.6,4.99,10
20260912B29,最低落札価格（TSO別）[円/kW・30分],0.39,5.01,0.39,0.39,0.39,0.39,0.39,0.2,0.39,0.2
20260912B29,平均落札価格（TSO別）[円/kW・30分],0.73,8.49,4.08,3.32,0.88,2.34,3.06,1.27,2.09,3.45
20260912B29,落札量合計（TSO別）[MW],76,117.486,477.189,70,62,155,130.341,48.543,143,1279.559
20260912B29,（内訳）自エリアからの落札量[MW],76,117.486,477.189,70,60,107.586,82.091,48.543,143,1181.895
20260912B30,募集量（TSO別）[MW],66,126,561,70,62,155,148,47,174,1409
20260912B30,応札量合計（電源属地別）[MW],238.978,117.486,483.4,177.437,57.936,101.778,82.091,191.403,170.049,1620.558
20260912B30,落札量合計（電源属地別）[MW],75,117.486,477.189,127.404,57.936,101.778,82.091,47,142.963,1228.847
20260912B30,応札件数（電源属地別）[件],9,24,69,71,4,22,25,8,50,282
20260912B30,落札件数（電源属地別）[件],6,24,66,46,4,22,25,4,37,234
20260912B30,最高落札価格（電源属地別）[円/kW・30分],1,10,9.4,7.59,6,5,5,1.6,4.4,10
20260912B30,最低落札価格（電源属地別）[円/kW・30分],0.39,3.13,0.39,0.39,0.79,2.23,0.39,0.2,0.39,0.2
20260912B30,平均落札価格（電源属地別）[円/kW・30分],0.72,8.14,4.12,3.08,1.21,3.39,2.62,0.77,2.04,3.52
20260912B30,最高落札価格（TSO別）[円/kW・30分],1,10,9.4,7.59,6,5,5,1.6,4.4,10
20260912B30,最低落札価格（TSO別）[円/kW・30分],0.39,3.13,0.39,2.99,0.79,0.39,0.39,0.2,0.39,0.2
20260912B30,平均落札価格（TSO別）[円/kW・30分],0.72,8.14,4.12,3.83,1.63,2.82,2.62,0.77,2.04,3.52
20260912B30,落札量合計（TSO別）[MW],75,117.486,477.189,70,62,155,82.209,47,142.963,1228.847
20260912B30,（内訳）自エリアからの落札量[MW],75,117.486,477.189,70,52.928,101.66,82.091,47,142.963,1166.317
20260912B31,募集量（TSO別）[MW],64,194,560,69,63,154,147,45,170,1466
20260912B31,応札量合計（電源属地別）[MW],192.658,95.486,487.396,169.553,63.928,101.778,82.091,177.403,202.073,1572.366
20260912B31,落札量合計（電源属地別）[MW],64,95.486,476.189,126.404,63.928,101.778,82.091,45,172.963,1227.839
20260912B31,応札件数（電源属地別）[件],8,23,71,67,4,22,25,7,50,277
20260912B31,落札件数（電源属地別）[件],5,23,65,45,4,22,25,3,36,228
20260912B31,最高落札価格（電源属地別）[円/kW・30分],1.01,10,9.4,7.59,5.5,5,6.97,1.6,4.4,10
20260912B31,最低落札価格（電源属地別）[円/kW・30分],0.39,6.62,0.39,0.39,0.39,2.23,0.39,0.36,0.39,0.36
20260912B31,平均落札価格（電源属地別）[円/kW・30分],0.67,9.32,4.09,2.96,0.69,3.22,2.6,1.41,1.73,3.43
20260912B31,最高落札価格（TSO別）[円/kW・30分],1.01,10,9.4,7.59,5.5,5,6.97,1.6,4.4,10
20260912B31,最低落札価格（TSO別）[円/kW・30分],0.39,6.62,0.39,2.8,0.39,0.39,0.39,0.36,0.39,0.36
20260912B31,平均落札価格（TSO別）[円/kW・30分],0.67,9.32,4.09,3.82,1.32,2.59,2.4,1.41,1.71,3.43
20260912B31,落札量合計（TSO別）[MW],64,95.486,476.189,69,60.454,154,93.71,45,170,1227.839
20260912B31,（内訳）自エリアからの落札量[MW],64,95.486,476.189,69,46.928,101.778,82.091,45,170,1150.472
20260912B32,募集量（TSO別）[MW],64,194,560,69,63,154,147,45,170,1466
20260912B32,応札量合計（電源属地別）[MW],156.708,95.486,487.936,187.774,28.928,99.354,82.091,177.403,202.073,1517.753
20260912B32,落札量合計（電源属地別）[MW],93,95.486,476.729,144.625,28.928,99.354,82.091,45,172.963,1238.176
20260912B32,応札件数（電源属地別）[件],6,23,71,68,3,21,25,7,50,274
20260912B32,落札件数（電源属地別）[件],4,23,66,46,3,21,25,3,36,227
20260912B32,最高落札価格（電源属地別）[円/kW・30分],1.01,10,9.4,7.59,5.8,5,6.97,1.6,4.4,10
20260912B32,最低落札価格（電源属地別）[円/kW・30分],0.93,6.62,0.39,0.39,0.39,1.39,0.39,0.36,0.39,0.36
20260912B32,平均落札価格（電源属地別）[円/kW・30分],1,9.32,3.57,2.63,1.09,3.22,2.59,1.41,2.24,3.3
20260912B32,最高落札価格（TSO別）[円/kW・30分],1.01,10,9.4,7.59,7.59,5,6.97,1.6,4.4,10
20260912B32,最低落札価格（TSO別）[円/kW・30分],0.93,6.62,0.39,2.8,0.39,0.39,0.39,0.36,0.39,0.36
20260912B32,平均落札価格（TSO別）[円/kW・30分],1,9.32,3.57,3.59,2.32,2.46,2.52,1.41,2.21,3.3
20260912B32,落札量合計（TSO別）[MW],93,95.486,476.729,69,47.463,154,87.498,45,170,1238.176
20260912B32,（内訳）自エリアからの落札量[MW],93,95.486,476.729,69,28.928,99.354,77.879,45,170,1155.376
20260912B33,募集量（TSO別）[MW],64,194,560,69,63,154,147,45,170,1466
20260912B33,応札量合計（電源属地別）[MW],227.408,95.486,488.294,189.573,45.468,137.538,82.091,177.403,202.073,1645.334
20260912B33,落札量合計（電源属地別）[MW],163.7,95.486,477.087,138.54,45.468,137.538,82.091,64,172,1375.91
20260912B33,応札件数（電源属地別）[件],8,23,71,72,4,23,25,7,50,283
20260912B33,落札件数（電源属地別）[件],6,23,65,46,4,23,25,3,35,230
20260912B33,最高落札価格（電源属地別）[円/kW・30分],1.01,10,9.4,7.59,6,5,6.97,1.6,4.2,10
20260912B33,最低落札価格（電源属地別）[円/kW・30分],0.91,6.62,0.39,0.39,1.08,0.39,0.39,0.36,0.39,0.36
20260912B33,平均落札価格（電源属地別）[円/kW・30分],0.98,9.32,2.82,2.73,1.5,2.41,2.67,1.46,2.38,2.83
20260912B33,最高落札価格（TSO別）[円/kW・30分],1.01,10,9.4,7.59,7.59,5,6.97,1.6,4.2,10
20260912B33,最低落札価格（TSO別）[円/kW・30分],0.91,6.62,0.39,2.8,1.08,0.39,0.39,0.36,0.39,0.36
20260912B33,平均落札価格（TSO別）[円/kW・30分],0.98,9.32,2.82,3.52,2.37,1.97,2.58,1.46,2.36,2.83
20260912B33,落札量合計（TSO別）[MW],163.7,95.486,477.087,69,63,154,119.637,64,170,1375.91
20260912B33,（内訳）自エリアからの落札量[MW],163.7,95.486,477.087,69,45.468,118.184,80.86,64,170,1283.785
20260912B34,募集量（TSO別）[MW],64,193,560,69,63,154,147,45,169,1464
20260912B34,応札量合計（電源属地別）[MW],201.868,93.986,488.116,146.334,3.928,99.354,82.091,154.403,199.073,1469.153
20260912B34,落札量合計（電源属地別）[MW],138.16,93.986,476.909,97.299,3.928,99.354,82.091,64,168,1223.727
20260912B34,応札件数（電源属地別）[件],8,22,71,68,2,21,25,6,49,272
20260912B34,落札件数（電源属地別）[件],6,22,66,43,2,21,25,4,37,226
20260912B34,最高落札価格（電源属地別）[円/kW・30分],1.01,10,9.4,7.59,6,5,6.97,1.6,4.86,10
20260912B34,最低落札価格（電源属地別）[円/kW・30分],0.93,5.86,0.39,2.82,4,1.39,0.39,0.2,2.54,0.2
20260912B34,平均落札価格（電源属地別）[円/kW・30分],1,8.37,3.32,3.81,5.02,3.19,2.67,0.99,4.13,3.42
20260912B34,最高落札価格（TSO別）[円/kW・30分],1.01,10,9.4,7.59,6,5,6.97,1.6,4.86,10
20260912B34,最低落札価格（TSO別）[円/kW・30分],0.93,5.86,0.39,2.82,4,1.39,0.39,0.2,2.54,0.2
20260912B34,平均落札価格（TSO別）[円/kW・30分],1,8.37,3.32,3.77,5.02,3.29,2.76,0.99,4.13,3.42
20260912B34,落札量合計（TSO別）[MW],138.16,93.986,476.909,69,3.928,131.865,79.869,64,166.01,1223.727
20260912B34,（内訳）自エリアからの落札量[MW],138.16,93.986,476.909,69,3.928,99.354,77.879,64,166.01,1189.226
20260912B35,募集量（TSO別）[MW],63,191,560,69,63,154,147,44,169,1460
20260912B35,応札量合計（電源属地別）[MW],131.69,95.486,487.936,207.098,3.928,99.354,82.091,154.403,254.123,1516.109
20260912B35,落札量合計（電源属地別）[MW],95.95,95.486,476.729,158.063,3.928,99.354,82.091,63,225,1299.601
20260912B35,応札件数（電源属地別）[件],5,23,71,71,2,21,25,6,46,270
20260912B35,落札件数（電源属地別）[件],4,23,66,46,2,21,25,3,32,222
20260912B35,最高落札価格（電源属地別）[円/kW・30分],1.01,10,9.4,6.04,6,5.97,6.97,1.6,4.2,10
20260912B35,最低落札価格（電源属地別）[円/kW・30分],0.93,5.65,0.39,2.36,5.55,1.39,0.39,0.2,1.7,0.2
20260912B35,平均落札価格（電源属地別）[円/kW・30分],1.01,8.3,3.42,4.24,5.78,3.36,2.66,1,2.18,3.32
20260912B35,最高落札価格（TSO別）[円/kW・30分],1.01,10,9.4,4.96,6.04,5.97,6.97,1.6,3.86,10
20260912B35,最低落札価格（TSO別）[円/kW・30分],0.93,5.65,0.39,2.36,2.99,1.39,0.39,0.2,1.7,0.2
20260912B35,平均落札価格（TSO別）[円/kW・30分],1.01,8.3,3.42,3.52,5.38,3.67,2.93,1,1.8,3.32
20260912B35,落札量合計（TSO別）[MW],95.95,95.486,476.729,69,45.928,146.417,138.091,63,169,1299.601
20260912B35,（内訳）自エリアからの落札量[MW],95.95,95.486,476.729,69,3.928,99.354,82.091,63,169,1154.538
20260912B36,募集量（TSO別）[MW],64,189,560,69,63,153,147,43,168,1456
20260912B36,応札量合計（電源属地別）[MW],132.91,93.986,486.086,242.903,3.928,99.354,82.091,154.403,354.123,1649.784
20260912B36,落札量合計（電源属地別）[MW],129.16,93.986,476.729,124.22,3.928,82.681,65.171,43,324,1342.875
20260912B36,応札件数（電源属地別）[件],4,22,70,72,2,21,25,6,48,270
20260912B36,落札件数（電源属地別）[件],3,22,66,44,2,14,16,3,36,206
20260912B36,最高落札価格（電源属地別）[円/kW・30分],1.01,10,9.4,4.2,4,4.95,4.5,1.6,4.35,10
20260912B36,最低落札価格（電源属地別）[円/kW・30分],0.99,5.86,0.39,0.39,3.7,1.39,0.39,0.36,2.26,0.36
20260912B36,平均落札価格（電源属地別）[円/kW・30分],1.01,8.37,3.29,2.63,3.85,2.82,2.08,0.79,2.5,3.01
20260912B36,最高落札価格（TSO別）[円/kW・30分],1.01,10,9.4,4.19,4.2,4.95,4.5,1.6,2.26,10
20260912B36,最低落札価格（TSO別）[円/kW・30分],0.99,5.86,0.39,2.99,0.39,1.39,0.39,0.36,2.26,0.36
20260912B36,平均落札価格（TSO別）[円/kW・30分],1.01,8.37,3.29,3.54,1.7,2.91,2.33,0.79,2.26,3.01
20260912B36,落札量合計（TSO別）[MW],129.16,93.986,476.729,69,63,153,147,43,168,1342.875
20260912B36,（内訳）自エリアからの落札量[MW],129.16,93.986,476.729,69,3.928,82.608,44.28,43,168,1110.691
20260912B37,募集量（TSO別）[MW],63,188,562,67,63,149,147,42,167,1448
20260912B37,応札量合計（電源属地別）[MW],91.708,91.525,532.842,252.611,3.928,101.261,150.473,154.403,379.282,1758.033
20260912B37,落札量合計（電源属地別）[MW],87.958,91.525,520.549,102.382,0,67.907,109.938,46,312.773,1339.032
20260912B37,応札件数（電源属地別）[件],4,21,74,69,2,22,25,6,46,269
20260912B37,落札件数（電源属地別）[件],3,21,68,25,0,12,4,3,14,150
20260912B37,最高落札価格（電源属地別）[円/kW・30分],1.01,10,9.4,3,0,3,6.26,1.6,2.98,10
20260912B37,最低落札価格（電源属地別）[円/kW・30分],0.93,5.65,0.39,0.4,0,1.39,0.39,0.36,2.71,0.36
20260912B37,平均落札価格（電源属地別）[円/kW・30分],1.01,8.24,3.17,1.51,0,2.41,4.3,0.95,2.72,3.12
20260912B37,最高落札価格（TSO別）[円/kW・30分],1.01,10,9.4,3,2.71,6.26,6.26,1.6,2.71,10
20260912B37,最低落札価格（TSO別）[円/kW・30分],0.93,5.65,0.39,0.4,0.4,1.39,0.39,0.36,2.71,0.36
20260912B37,平均落札価格（TSO別）[円/kW・30分],1.01,8.24,3.17,2.06,1.46,3.1,3.39,0.95,2.71,3.12
20260912B37,落札量合計（TSO別）[MW],87.958,91.525,520.549,67,63,149,147,46,167,1339.032
20260912B37,（内訳）自エリアからの落札量[MW],87.958,91.525,520.549,67,0,67.907,83.224,46,167,1131.163
20260912B38,募集量（TSO別）[MW],63,188,562,67,63,149,147,42,167,1448
20260912B38,応札量合計（電源属地別）[MW],116.708,91.99,582.842,272.888,3.928,101.261,176.14,154.403,348.282,1848.442
20260912B38,落札量合計（電源属地別）[MW],87.958,91.99,570.549,103.467,0,72.155,135.605,46,281.773,1389.497
20260912B38,応札件数（電源属地別）[件],5,21,75,70,2,22,25,6,45,271
20260912B38,落札件数（電源属地別）[件],3,21,68,25,0,14,4,3,13,151
20260912B38,最高落札価格（電源属地別）[円/kW・30分],1.01,10,9.4,3,0,3,6.02,1.6,2.98,10
20260912B38,最低落札価格（電源属地別）[円/kW・30分],0.93,5.65,0.39,0.39,0,1.39,0.39,0.36,2.71,0.36
20260912B38,平均落札価格（電源属地別）[円/kW・30分],1.01,8.24,2.97,1.46,0,2.44,4.5,0.95,2.73,3.09
20260912B38,最高落札価格（TSO別）[円/kW・30分],1.01,10,9.4,3,6.02,6.02,6.02,1.6,2.71,10
20260912B38,最低落札価格（TSO別）[円/kW・30分],0.93,5.65,0.39,0.39,0.39,1.39,0.39,0.36,2.71,0.36
20260912B38,平均落札価格（TSO別）[円/kW・30分],1.01,8.02,2.93,2.04,1.56,3.47,3.41,0.95,2.71,3.09
20260912B38,落札量合計（TSO別）[MW],87.958,100.539,562,67,63,149,147,46,167,1389.497
20260912B38,（内訳）自エリアからの落札量[MW],87.958,91.99,562,67,0,72.155,87.072,46,167,1181.175
20260912B39,募集量（TSO別）[MW],63,188,563,67,63,149,147,42,167,1449
20260912B39,応札量合計（電源属地別）[MW],159.918,93.49,583.022,288.081,3.928,103.221,176.14,154.403,416.284,1978.487
20260912B39,落札量合計（電源属地別）[MW],131.168,93.49,571.729,74.303,0,50.817,135.605,42,332.275,1431.387
20260912B39,応札件数（電源属地別）[件],6,22,75,75,2,23,25,6,49,283
20260912B39,落札件数（電源属地別）[件],4,22,70,10,0,3,4,3,8,124
20260912B39,最高落札価格（電源属地別）[円/kW・30分],1.01,10,9.4,2.9,0,2.95,6.69,1.6,2.9,10
20260912B39,最低落札価格（電源属地別）[円/kW・30分],0.93,5.65,0.39,0.6,0,1.39,0.39,0.36,2.71,0.36
20260912B39,平均落札価格（電源属地別）[円/kW・30分],1,8.26,3.03,1.01,0,2.23,4.98,1.01,2.71,3.1
20260912B39,最高落札価格（TSO別）[円/kW・30分],1.01,10,9.4,2.9,2.71,6.69,6.69,1.6,2.71,10
20260912B39,最低落札価格（TSO別）[円/kW・30分],0.93,5.65,0.39,0.6,0.73,1.58,0.39,0.36,2.71,0.36
20260912B39,平均落札価格（TSO別）[円/kW・30分],1,8.05,2.99,1.04,2.29,3.6,3.82,1.01,2.71,3.1
20260912B39,落札量合計（TSO別）[MW],131.168,102.219,563,67,63,149,147,42,167,1431.387
20260912B39,（内訳）自エリアからの落札量[MW],131.168,93.49,563,67,0,27.817,94,42,167,1185.475
20260912B40,募集量（TSO別）[MW],63,187,563,67,63,149,147,42,167,1448
20260912B40,応札量合計（電源属地別）[MW],156.708,93.49,491.202,280.781,3.928,103.221,178.13,154.403,355.273,1817.136
20260912B40,落札量合計（電源属地別）[MW],93,93.49,479.909,82.161,1.998,93.481,135.605,42,279.755,1301.399
20260912B40,応札件数（電源属地別）[件],6,22,73,74,2,23,26,6,49,281
20260912B40,落札件数（電源属地別）[件],4,22,68,14,1,18,4,3,12,146
20260912B40,最高落札価格（電源属地別）[円/kW・30分],1.01,10,9.4,2.97,1.75,2.95,6.69,1.6,2.94,10
20260912B40,最低落札価格（電源属地別）[円/kW・30分],0.93,5.65,0.39,1.34,1.75,1.39,0.39,0.2,2.71,0.2
20260912B40,平均落札価格（電源属地別）[円/kW・30分],1,8.26,3.27,1.78,1.75,2.54,4.98,0.97,2.72,3.3
20260912B40,最高落札価格（TSO別）[円/kW・30分],1.01,10,9.4,2.97,6.69,6.69,6.69,1.6,2.71,10
20260912B40,最低落札価格（TSO別）[円/kW・30分],0.93,5.65,0.39,1.34,1.34,1.39,0.39,0.2,2.71,0.2
20260912B40,平均落札価格（TSO別）[円/kW・30分],1,8.26,3.27,1.88,3.47,3.19,3.74,0.97,2.71,3.3
20260912B40,落札量合計（TSO別）[MW],93,93.49,479.909,67,63,149,147,42,167,1301.399
20260912B40,（内訳）自エリアからの落札量[MW],93,93.49,479.909,67,1.998,73.479,96,42,167,1113.876
20260912B41,募集量（TSO別）[MW],63,187,561,67,61,148,147,42,167,1443
20260912B41,応札量合計（電源属地別）[MW],199.918,93.49,489.342,241.743,3.928,103.221,178.13,154.403,321.049,1785.224
20260912B41,落札量合計（電源属地別）[MW],136.21,93.49,477.909,99.465,0,93.566,135.605,42,261.364,1339.609
20260912B41,応札件数（電源属地別）[件],7,22,72,72,2,23,26,6,52,282
20260912B41,落札件数（電源属地別）[件],5,22,66,29,0,18,4,4,23,171
20260912B41,最高落札価格（電源属地別）[円/kW・30分],1.01,10,9.4,3,0,2.95,5.91,1.6,2.98,10
20260912B41,最低落札価格（電源属地別）[円/kW・30分],0.93,6.02,0.39,1.23,0,1.39,0.39,0.2,2.15,0.2
20260912B41,平均落札価格（電源属地別）[円/kW・30分],1,8.44,3.22,2.12,0,2.54,4.42,0.76,2.27,3.09
20260912B41,最高落札価格（TSO別）[円/kW・30分],1.01,10,9.4,3,5.91,5.91,5.91,1.6,2.15,10
20260912B41,最低落札価格（TSO別）[円/kW・30分],0.93,6.02,0.39,1.23,1.23,1.39,0.39,0.2,2.15,0.2
20260912B41,平均落札価格（TSO別）[円/kW・30分],1,8.44,3.22,2.44,2.24,3.28,3.37,0.76,2.15,3.09
20260912B41,落札量合計（TSO別）[MW],136.21,93.49,477.909,67,61,148,147,42,167,1339.609
20260912B41,（内訳）自エリアからの落札量[MW],136.21,93.49,477.909,67,0,89.739,94,42,167,1167.348
20260912B42,募集量（TSO別）[MW],63,187,561,67,59,147,146,42,167,1439
20260912B42,応札量合計（電源属地別）[MW],156.708,93.49,483.879,249.043,3.928,103.221,178.13,154.403,265.049,1687.851
20260912B42,落札量合計（電源属地別）[MW],95,93.49,478.087,114.802,1.998,103.221,152.745,42,213.234,1294.577
20260912B42,応札件数（電源属地別）[件],6,22,69,73,2,23,26,6,52,279
20260912B42,落札件数（電源属地別）[件],5,22,67,36,1,23,13,4,27,198
20260912B42,最高落札価格（電源属地別）[円/kW・30分],4,10,9.4,3,2.5,3,5.69,1.6,2.98,10
20260912B42,最低落札価格（電源属地別）[円/kW・30分],0.93,6.16,0.39,1.12,2.5,1.39,0.39,0.2,1.7,0.2
20260912B42,平均落札価格（電源属地別）[円/kW・30分],1.07,8.5,3.21,2.23,2.5,2.52,4.09,0.76,1.95,3.11
20260912B42,最高落札価格（TSO別）[円/kW・30分],4,10,9.4,3,3,5.69,5.69,1.6,2.98,10
20260912B42,最低落札価格（TSO別）[円/kW・30分],0.93,6.16,0.39,1.12,1.12,1.39,0.39,0.2,1.7,0.2
20260912B42,平均落札価格（TSO別）[円/kW・30分],1.07,8.5,3.21,2.53,2.01,3.45,3.23,0.76,1.76,3.11
20260912B42,落札量合計（TSO別）[MW],95,93.49,478.087,67,59,147,146,42,167,1294.577
20260912B42,（内訳）自エリアからの落札量[MW],95,93.49,478.087,67,1.998,94.021,102.597,42,167,1141.193
20260912B43,募集量（TSO別）[MW],63,97,560,67,59,147,144,42,167,1346
20260912B43,応札量合計（電源属地別）[MW],199.918,91.56,474.262,245.193,3.928,103.221,82.091,188.403,260.153,1648.729
20260912B43,落札量合計（電源属地別）[MW],144.21,91.56,474.262,180.76,3.928,103.221,82.091,44,226,1350.032
20260912B43,応札件数（電源属地別）[件],7,21,64,71,2,23,25,9,49,271
20260912B43,落札件数（電源属地別）[件],6,21,64,47,2,23,25,4,34,226
20260912B43,最高落札価格（電源属地別）[円/kW・30分],1.01,10,9.4,7.59,3.65,3,5.55,1.6,3.05,10
20260912B43,最低落札価格（電源属地別）[円/kW・30分],0.93,6.62,0.39,0.39,2.6,1.39,0.39,0.36,0.96,0.36
20260912B43,平均落札価格（電源属地別）[円/kW・30分],1,8.92,3,3.13,3.12,2.49,2.07,0.54,1.48,2.78
20260912B43,最高落札価格（TSO別）[円/kW・30分],1.01,10,9.4,4.13,7.59,4.65,6.88,1.6,2.98,10
20260912B43,最低落札価格（TSO別）[円/kW・30分],0.93,6.62,0.39,2.1,0.69,0.39,0.39,0.36,0.96,0.36
20260912B43,平均落札価格（TSO別）[円/kW・30分],1,8.92,3,3.19,4.58,1.97,2.22,0.54,1.37,2.78
20260912B43,落札量合計（TSO別）[MW],144.21,91.56,474.262,67,59,147,144,44,179,1350.032
20260912B43,（内訳）自エリアからの落札量[MW],144.21,91.56,474.262,67,3.928,93,82.091,44,179,1179.051
20260912B44,募集量（TSO別）[MW],64,97,560,68,59,147,144,42,168,1349
20260912B44,応札量合計（電源属地別）[MW],156.708,91.56,485.476,237.893,3.928,125.183,82.091,202.403,261.153,1646.395
20260912B44,落札量合計（電源属地別）[MW],101,91.56,477.087,175.556,3.928,125.183,81.091,46,227.204,1328.609
20260912B44,応札件数（電源属地別）[件],6,21,70,70,2,25,25,10,51,280
20260912B44,落札件数（電源属地別）[件],6,21,66,47,2,25,24,4,35,230
20260912B44,最高落札価格（電源属地別）[円/kW・30分],8,10,9.4,7.08,2.6,3,3,1.07,4.55,10
20260912B44,最低落札価格（電源属地別）[円/kW・30分],0.93,6.62,0.39,0.39,2.4,0.39,0.39,0.36,0.74,0.36
20260912B44,平均落札価格（電源属地別）[円/kW・30分],1.34,8.95,3.06,2.91,2.5,2.21,1.85,0.48,2.95,3.05
20260912B44,最高落札価格（TSO別）[円/kW・30分],8,10,9.4,4,7.08,7.08,3,1.07,4.55,10
20260912B44,最低落札価格（TSO別）[円/kW・30分],0.93,6.62,0.39,2.09,0.39,0.39,0.39,0.36,0.74,0.36
20260912B44,平均落札価格（TSO別）[円/kW・30分],1.34,8.95,3.06,3.03,3.02,2.42,1.7,0.48,3.35,3.05
20260912B44,落札量合計（TSO別）[MW],101,91.56,477.087,68,59,168.962,144,46,173,1328.609
20260912B44,（内訳）自エリアからの落札量[MW],101,91.56,477.087,68,3.928,125.11,81.091,46,173,1166.776
20260912B45,募集量（TSO別）[MW],65,97,560,68,59,147,144,42,168,1350
20260912B45,応札量合計（電源属地別）[MW],199.918,91.56,485.476,237.893,3.928,122.829,82.091,188.403,261.153,1673.251
20260912B45,落札量合計（電源属地別）[MW],136.21,91.56,477.087,174.557,3.928,122.829,81.091,46,223.203,1356.465
20260912B45,応札件数（電源属地別）[件],7,21,70,70,2,24,25,9,52,280
20260912B45,落札件数（電源属地別）[件],5,21,66,47,2,24,24,4,37,230
20260912B45,最高落札価格（電源属地別）[円/kW・30分],1.01,10,9.4,6.85,2.5,3,3,1.6,4.67,10
20260912B45,最低落札価格（電源属地別）[円/kW・30分],0.93,6.62,0.39,0.46,2.3,0.39,0.39,0.36,0.85,0.36
20260912B45,平均落札価格（電源属地別）[円/kW・30分],1,8.94,3.03,3.08,2.4,2.24,1.83,0.56,3.04,3
20260912B45,最高落札価格（TSO別）[円/kW・30分],1.01,10,9.4,3.88,6.72,6.85,4.67,1.6,4.67,10
20260912B45,最低落札価格（TSO別）[円/kW・30分],0.93,6.62,0.39,2.25,0.55,0.39,0.39,0.36,0.85,0.36
20260912B45,平均落札価格（TSO別）[円/kW・30分],1,8.94,3.03,3,2.26,2.87,2.49,0.56,2.84,3
20260912B45,落札量合計（TSO別）[MW],136.21,91.56,477.087,68,59,166.608,144,46,168,1356.465
20260912B45,（内訳）自エリアからの落札量[MW],136.21,91.56,477.087,68,3.928,122.829,81.091,46,168,1194.705
20260912B46,募集量（TSO別）[MW],65,96,558,67,59,145,144,42,167,1343
20260912B46,応札量合計（電源属地別）[MW],156.708,91.59,481.57,237.893,3.928,166.388,164.018,188.403,203.153,1693.651
20260912B46,落札量合計（電源属地別）[MW],102,91.59,475.087,114.193,3.35,166.388,145.169,46,169,1312.777
20260912B46,応札件数（電源属地別）[件],6,21,68,70,2,26,25,9,51,278
20260912B46,落札件数（電源属地別）[件],6,21,65,32,2,26,15,4,36,207
20260912B46,最高落札価格（電源属地別）[円/kW・30分],8,10,9.4,3.13,3.05,3,3.52,1.6,3.26,10
20260912B46,最低落札価格（電源属地別）[円/kW・30分],0.93,6.62,0.39,0.39,2.5,0.39,0.39,0.36,0.95,0.36
20260912B46,平均落札価格（電源属地別）[円/kW・30分],1.41,9.09,3.02,1.83,2.72,1.69,2.84,0.54,2.93,2.93
20260912B46,最高落札価格（TSO別）[円/kW・30分],8,10,9.4,3,3.13,3,3.52,1.6,3.26,10
20260912B46,最低落札価格（TSO別）[円/kW・30分],0.93,6.62,0.39,0.39,0.39,0.39,0.39,0.36,0.95,0.36
20260912B46,平均落札価格（TSO別）[円/kW・30分],1.41,9.09,3.02,2.53,1.14,1.69,2.84,0.54,2.93,2.93
20260912B46,落札量合計（TSO別）[MW],102,91.59,475.087,67,59,161.1,144,46,167,1312.777
20260912B46,（内訳）自エリアからの落札量[MW],102,91.59,475.087,67,3.35,157.982,144,46,167,1254.009
20260912B47,募集量（TSO別）[MW],65,95,556,66,58,144,143,42,167,1336
20260912B47,応札量合計（電源属地別）[MW],201.868,91.59,485.656,237.893,3.928,164.945,164.018,188.403,203.153,1741.454
20260912B47,落札量合計（電源属地別）[MW],147.16,91.59,473.267,111.393,3.928,155.29,129.443,72.679,166.367,1351.117
20260912B47,応札件数（電源属地別）[件],8,21,70,70,2,25,25,9,51,281
20260912B47,落札件数（電源属地別）[件],7,21,64,30,2,20,7,5,35,191
20260912B47,最高落札価格（電源属地別）[円/kW・30分],1.01,10,9.4,2.99,2.5,2.97,3.36,1.6,3.09,10
20260912B47,最低落札価格（電源属地別）[円/kW・30分],0.93,6.62,0.39,0.39,2.3,0.39,0.39,0.36,0.77,0.36
20260912B47,平均落札価格（電源属地別）[円/kW・30分],1,9.12,3.06,1.79,2.4,1.62,2.69,0.47,2.79,2.77
20260912B47,最高落札価格（TSO別）[円/kW・30分],1.01,10,9.4,2.99,2.99,2.97,3.36,1.6,3.09,10
20260912B47,最低落札価格（TSO別）[円/kW・30分],0.93,6.62,0.39,0.39,0.39,0.36,0.36,0.36,0.36,0.36
20260912B47,平均落札価格（TSO別）[円/kW・30分],1,9.12,3.06,2.46,1.06,1.5,2.47,0.54,2.79,2.77
20260912B47,落札量合計（TSO別）[MW],147.16,91.59,473.267,66,58,160.1,143,45,167,1351.117
20260912B47,（内訳）自エリアからの落札量[MW],147.16,91.59,473.267,66,3.928,146.611,129.443,45,166.367,1269.366
20260912B48,募集量（TSO別）[MW],65,94,555,63,57,142,143,42,167,1328
20260912B48,応札量合計（電源属地別）[MW],199.918,91.99,485.656,218.211,62.792,50.563,176.33,188.403,199.301,1673.164
20260912B48,落札量合計（電源属地別）[MW],137.21,91.99,472.267,71.789,62.792,24.762,135.605,188.403,130.649,1315.467
20260912B48,応札件数（電源属地別）[件],7,21,70,68,4,19,25,9,49,272
20260912B48,落札件数（電源属地別）[件],4,21,63,10,4,13,4,9,16,144
20260912B48,最高落札価格（電源属地別）[円/kW・30分],1.01,10,9.4,2.9,2.5,2.95,1.72,2.5,2.9,10
20260912B48,最低落札価格（電源属地別）[円/kW・30分],0.93,6.62,0.39,0.39,0.55,2.9,0.39,0.3,0.39,0.3
20260912B48,平均落札価格（電源属地別）[円/kW・30分],1,9.21,3.71,1.12,0.76,2.91,1.46,0.64,1.98,2.67
20260912B48,最高落札価格（TSO別）[円/kW・30分],1.01,10,9.4,2.9,0.72,2.95,2.5,1.7,2.9,10
20260912B48,最低落札価格（TSO別）[円/kW・30分],0.93,6.62,0.39,0.39,0.55,0.3,0.36,0.38,0.36,0.3
20260912B48,平均落札価格（TSO別）[円/kW・30分],1,9.21,3.71,1,0.65,1.23,1.43,0.63,1.63,2.67
20260912B48,落札量合計（TSO別）[MW],137.21,91.99,472.267,63,57,142,143,42,167,1315.467
20260912B48,（内訳）自エリアからの落札量[MW],137.21,91.99,472.267,63,57,24.762,135.605,42,130.649,1154.483
20260913B01,募集量（TSO別）[MW],64,175,539,55,53,132,140,41,163,1362
20260913B01,応札量合計（電源属地別）[MW],152.658,36.539,343.526,138.435,63.928,31.075,155.483,188.403,167.84,1277.887
20260913B01,落札量合計（電源属地別）[MW],122,36.539,337.316,125.688,63.928,31.075,155.483,42,165,1079.029
20260913B01,応札件数（電源属地別）[件],7,9,58,44,4,16,14,9,33,194
20260913B01,落札件数（電源属地別）[件],6,9,55,38,4,16,14,4,32,178
20260913B01,最高落札価格（電源属地別）[円/kW・30分],2.09,10,9.47,5.1,2.85,3,3,1.6,4,10
20260913B01,最低落札価格（電源属地別）[円/kW・30分],0.93,9.4,0.39,0.39,0.39,1.32,0.39,0.36,0.39,0.36
20260913B01,平均落札価格（電源属地別）[円/kW・30分],1.1,9.91,2.3,1.9,0.5,2.85,1.34,0.52,2.13,2.05
20260913B01,最高落札価格（TSO別）[円/kW・30分],2.09,10,9.47,2.99,0.39,5.1,3,1.6,4,10
20260913B01,最低落札価格（TSO別）[円/kW・30分],0.93,9.4,0.39,0.39,0.39,0.39,0.39,0.36,0.39,0.36
20260913B01,平均落札価格（TSO別）[円/kW・30分],1.1,9.91,2.3,0.59,0.39,2.75,1.16,0.52,2.12,2.05
20260913B01,落札量合計（TSO別）[MW],122,36.539,337.316,55,53,130.174,140,42,163,1079.029
20260913B01,（内訳）自エリアからの落札量[MW],122,36.539,337.316,55,53,31.075,139.601,42,163,979.531
20260913B02,募集量（TSO別）[MW],64,175,539,55,53,132,140,41,163,1362
20260913B02,応札量合計（電源属地別）[MW],118.658,36.539,364.176,150.198,63.928,157.679,155.483,211.403,171.457,1429.521
20260913B02,落札量合計（電源属地別）[MW],117.958,36.539,350.713,69.778,63.928,144.387,141.561,42,152.081,1118.945
20260913B02,応札件数（電源属地別）[件],6,9,61,50,4,20,14,10,35,209
20260913B02,落札件数（電源属地別）[件],6,9,54,9,4,14,7,4,28,135
20260913B02,最高落札価格（電源属地別）[円/kW・30分],4,10,9.47,2.88,2.85,2.9,2.9,1.6,2.9,10
20260913B02,最低落札価格（電源属地別）[円/kW・30分],0.93,9.4,0.39,0.39,0.39,0.39,0.39,0.36,0.39,0.36
20260913B02,平均落札価格（電源属地別）[円/kW・30分],1.08,9.91,2.38,1.08,0.59,1.43,1.38,0.52,1.86,1.92
20260913B02,最高落札価格（TSO別）[円/kW・30分],4,10,9.47,2.8,0.52,2.9,2.9,1.6,2.9,10
20260913B02,最低落札価格（TSO別）[円/kW・30分],0.93,9.4,0.39,0.39,0.39,0.39,0.39,0.36,0.39,0.36
20260913B02,平均落札価格（TSO別）[円/kW・30分],1.08,9.91,2.38,0.6,0.46,1.46,1.36,0.52,1.92,1.92
20260913B02,落札量合計（TSO別）[MW],117.958,36.539,350.713,55,53,160.735,140,42,163,1118.945
20260913B02,（内訳）自エリアからの落札量[MW],117.958,36.539,350.713,55,53,144.387,140,42,152.081,1091.678
20260913B03,募集量（TSO別）[MW],64,175,539,55,53,132,140,41,163,1362
20260913B03,応札量合計（電源属地別）[MW],194.268,64.991,364.593,169.614,63.928,138.951,155.483,211.403,184.157,1547.388
20260913B03,落札量合計（電源属地別）[MW],176.56,64.991,351.157,88.413,61.93,133.163,141.561,42,161.439,1221.214
20260913B03,応札件数（電源属地別）[件],7,19,61,60,4,21,14,10,42,238
20260913B03,落札件数（電源属地別）[件],6,19,54,19,3,18,7,4,34,164
20260913B03,最高落札価格（電源属地別）[円/kW・30分],1.01,10,9.47,2.99,2.85,2.97,2.9,1.6,3,10
20260913B03,最低落札価格（電源属地別）[円/kW・30分],0.61,5.94,0.39,0.39,0.39,0.39,0.39,0.36,0.39,0.36
20260913B03,平均落札価格（電源属地別）[円/kW・30分],0.93,9.12,2.42,1.48,0.47,1.8,1.03,0.52,1.32,1.95
20260913B03,最高落札価格（TSO別）[円/kW・30分],1.01,10,9.47,2.99,0.39,2.99,2.9,1.6,3,10
20260913B03,最低落札価格（TSO別）[円/kW・30分],0.61,5.94,0.39,0.39,0.39,0.39,0.39,0.36,0.39,0.36
20260913B03,平均落札価格（TSO別）[円/kW・30分],0.93,9.12,2.42,0.61,0.39,1.96,1.01,0.52,1.34,1.95
20260913B03,落札量合計（TSO別）[MW],176.56,64.991,351.157,55,53,175.506,140,42,163,1221.214
20260913B03,（内訳）自エリアからの落札量[MW],176.56,64.991,351.157,55,53,133.163,140,42,161.439,1177.31
20260913B04,募集量（TSO別）[MW],64,175,539,55,53,132,140,41,163,1362
20260913B04,応札量合計（電源属地別）[MW],143.708,64.991,346.127,189.833,61.93,109.102,159.273,211.403,184.155,1470.522
20260913B04,落札量合計（電源属地別）[MW],125,64.991,321.346,99.894,61.93,103.314,143.555,42,153.921,1115.951
20260913B04,応札件数（電源属地別）[件],6,19,65,62,3,17,16,10,42,240
20260913B04,落札件数（電源属地別）[件],5,19,52,16,3,14,8,4,29,150
20260913B04,最高落札価格（電源属地別）[円/kW・30分],1.01,10,9.39,2.98,2.75,2.97,2.91,1.6,3,10
20260913B04,最低落札価格（電源属地別）[円/kW・30分],0.61,5.94,0.39,0.39,0.39,0.39,0.39,0.36,0.39,0.36
20260913B04,平均落札価格（電源属地別）[円/kW・30分],0.92,9.12,2.85,1.17,0.46,2.06,0.91,0.52,2.55,2.26
20260913B04,最高落札価格（TSO別）[円/kW・30分],1.01,10,9.39,0.39,0.39,2.98,2.9,1.6,3,10
20260913B04,最低落札価格（TSO別）[円/kW・30分],0.61,5.94,0.39,0.39,0.39,0.39,0.39,0.36,0.39,0.36
20260913B04,平均落札価格（TSO別）[円/kW・30分],0.92,9.12,2.85,0.39,0.39,2.03,0.82,0.52,2.55,2.26
20260913B04,落札量合計（TSO別）[MW],125,64.991,321.346,55,53,151.614,140,42,163,1115.951
20260913B04,（内訳）自エリアからの落札量[MW],125,64.991,321.346,55,53,99.873,135.605,42,153.921,1050.736
20260913B05,募集量（TSO別）[MW],64,175,537,54,53,131,140,40,163,1357
20260913B05,応札量合計（電源属地別）[MW],168.058,62.993,334.155,173.974,63.928,89.469,159.512,211.403,181.177,1444.669
20260913B05,落札量合計（電源属地別）[MW],108.1,62.993,319.337,95.943,61.998,85.679,143.794,42,153.586,1073.43
20260913B05,応札件数（電源属地別）[件],8,18,59,54,4,16,16,10,40,225
20260913B05,落札件数（電源属地別）[件],7,18,51,14,3,14,8,4,29,148
20260913B05,最高落札価格（電源属地別）[円/kW・30分],9.8,10,9.47,2.9,2.6,2.95,2.9,1.6,3,10
20260913B05,最低落札価格（電源属地別）[円/kW・30分],0.93,5.94,0.39,0.39,0.39,1.32,0.39,0.36,0.39,0.36
20260913B05,平均落札価格（電源属地別）[円/kW・30分],1.9,9.11,2.66,1.1,0.46,2.45,0.92,0.52,2.53,2.34
20260913B05,最高落札価格（TSO別）[円/kW・30分],9.8,10,9.47,0.39,0.39,2.95,2.9,1.6,3,10
20260913B05,最低落札価格（TSO別）[円/kW・30分],0.93,5.94,0.39,0.39,0.39,0.39,0.39,0.36,0.39,0.36
20260913B05,平均落札価格（TSO別）[円/kW・30分],1.9,9.11,2.66,0.39,0.39,2.18,0.87,0.52,2.54,2.34
20260913B05,落札量合計（TSO別）[MW],108.1,62.993,319.337,54,53,131,140,42,163,1073.43
20260913B05,（内訳）自エリアからの落札量[MW],108.1,62.993,319.337,54,53,83.947,135.844,42,153.586,1012.807
20260913B06,募集量（TSO別）[MW],64,175,537,54,53,130,140,40,163,1356
20260913B06,応札量合計（電源属地別）[MW],170.008,62.993,334.515,161.683,63.928,89.469,63.234,211.403,186.155,1343.388
20260913B06,落札量合計（電源属地別）[MW],110,62.993,319.706,125.187,63.928,89.469,63.234,42,165,1041.517
20260913B06,応札件数（電源属地別）[件],8,18,59,56,4,16,15,10,42,228
20260913B06,落札件数（電源属地別）[件],6,18,51,38,4,16,15,4,33,185
20260913B06,最高落札価格（電源属地別）[円/kW・30分],6,10,9.39,4.38,2.8,3,4,1.6,3.09,10
20260913B06,最低落札価格（電源属地別）[円/kW・30分],0.93,5.94,0.39,0.39,0.39,1.32,0.39,0.36,0.79,0.36
20260913B06,平均落札価格（電源属地別）[円/kW・30分],1.66,9.11,2.65,2.01,0.5,2.48,1.65,0.52,2.82,2.59
20260913B06,最高落札価格（TSO別）[円/kW・30分],6,10,9.39,4.38,1.5,3.88,4,1.6,3.09,10
20260913B06,最低落札価格（TSO別）[円/kW・30分],0.93,5.94,0.39,0.39,0.39,1.32,0.39,0.36,0.39,0.36
20260913B06,平均落札価格（TSO別）[円/kW・30分],1.66,9.11,2.65,1.61,0.42,2.68,1.53,0.52,2.78,2.59
20260913B06,落札量合計（TSO別）[MW],110,62.993,319.706,54,53,130,106.818,42,163,1041.517
20260913B06,（内訳）自エリアからの落札量[MW],110,62.993,319.706,54,53,81.107,59.022,42,157.99,939.818
20260913B07,募集量（TSO別）[MW],63,174,536,54,53,131,140,41,164,1356
20260913B07,応札量合計（電源属地別）[MW],158.608,77.991,348.589,183.35,63.928,99.354,80.093,211.403,203.415,1426.731
20260913B07,落札量合計（電源属地別）[MW],108,77.991,318.884,125.187,63.928,99.354,80.093,45,166,1084.437
20260913B07,応札件数（電源属地別）[件],7,19,66,67,4,21,24,9,51,268
20260913B07,落札件数（電源属地別）[件],7,19,50,38,4,21,24,3,35,201
20260913B07,最高落札価格（電源属地別）[円/kW・30分],6.65,10,9.39,3.5,2.85,3,4,1.6,3.1,10
20260913B07,最低落札価格（電源属地別）[円/kW・30分],0.93,5.94,0.39,0.39,0.39,1.32,0.39,0.36,0.79,0.36
20260913B07,平均落札価格（電源属地別）[円/kW・30分],1.65,9.03,2.55,1.93,0.52,2.5,2.14,0.57,2.81,2.66
20260913B07,最高落札価格（TSO別）[円/kW・30分],6.65,10,9.39,3.5,0.43,3.5,4,1.6,3.1,10
20260913B07,最低落札価格（TSO別）[円/kW・30分],0.93,5.94,0.39,0.39,0.39,1.32,0.39,0.36,0.79,0.36
20260913B07,平均落札価格（TSO別）[円/kW・30分],1.65,9.03,2.55,1.69,0.41,2.64,1.82,0.57,2.81,2.66
20260913B07,落札量合計（TSO別）[MW],108,77.991,318.884,54,53,131,132.562,45,164,1084.437
20260913B07,（内訳）自エリアからの落札量[MW],108,77.991,318.884,54,53,81.259,80.093,45,164,982.227
20260913B08,募集量（TSO別）[MW],63,174,537,54,53,131,140,41,164,1357
20260913B08,応札量合計（電源属地別）[MW],202.168,79.491,347.04,179.55,63.928,99.354,80.093,199.86,199.587,1451.071
20260913B08,落札量合計（電源属地別）[MW],136.56,79.491,319.884,125.187,63.928,99.354,80.093,45,166,1115.497
20260913B08,応札件数（電源属地別）[件],8,20,65,65,4,21,24,8,49,264
20260913B08,落札件数（電源属地別）[件],6,20,51,38,4,21,24,3,36,203
20260913B08,最高落札価格（電源属地別）[円/kW・30分],1.01,10,9.39,3.4,2.79,3,4,1.6,3.7,10
20260913B08,最低落札価格（電源属地別）[円/kW・30分],0.93,5.94,0.39,0.51,0.55,1.32,0.39,0.36,1.4,0.36
20260913B08,平均落札価格（電源属地別）[円/kW・30分],1,8.64,2.51,2.06,0.77,2.53,2.14,0.57,3.22,2.61
20260913B08,最高落札価格（TSO別）[円/kW・30分],1.01,10,9.39,3.4,0.72,3,4,1.6,3.7,10
20260913B08,最低落札価格（TSO別）[円/kW・30分],0.93,5.94,0.39,0.51,0.55,1.32,0.39,0.36,1.4,0.36
20260913B08,平均落札価格（TSO別）[円/kW・30分],1,8.64,2.51,1.85,0.64,2.62,1.94,0.57,3.22,2.61
20260913B08,落札量合計（TSO別）[MW],136.56,79.491,319.884,54,53,131,132.562,45,164,1115.497
20260913B08,（内訳）自エリアからの落札量[MW],136.56,79.491,319.884,54,53,83.257,80.093,45,164,1015.285
20260913B09,募集量（TSO別）[MW],63,174,538,54,53,132,140,41,165,1360
20260913B09,応札量合計（電源属地別）[MW],160.558,81.49,348.74,183.35,63.928,99.354,80.093,211.403,203.415,1432.331
20260913B09,落札量合計（電源属地別）[MW],102.1,81.49,321.064,125.187,63.928,99.354,80.093,46,167,1086.216
20260913B09,応札件数（電源属地別）[件],8,21,66,67,4,21,24,9,51,271
20260913B09,落札件数（電源属地別）[件],8,21,51,38,4,21,24,3,36,206
20260913B09,最高落札価格（電源属地別）[円/kW・30分],4.35,10,9.39,4.5,2.85,3,4,1.6,3.7,10
20260913B09,最低落札価格（電源属地別）[円/kW・30分],0.93,5.94,0.39,0.55,0.39,1.32,0.39,0.36,1.4,0.36
20260913B09,平均落札価格（電源属地別）[円/kW・30分],1.2,8.56,2.37,2.06,0.54,2.51,2.16,0.56,3.21,2.63
20260913B09,最高落札価格（TSO別）[円/kW・30分],4.35,10,9.39,4.5,2.14,3,4,1.6,3.7,10
20260913B09,最低落札価格（TSO別）[円/kW・30分],0.93,5.94,0.39,0.55,0.39,2.13,0.39,0.36,1.4,0.36
20260913B09,平均落札価格（TSO別）[円/kW・30分],1.2,8.56,2.37,2.03,0.48,2.64,1.8,0.56,3.21,2.63
20260913B09,落札量合計（TSO別）[MW],102.1,81.49,321.064,54,53,132,131.562,46,165,1086.216
20260913B09,（内訳）自エリアからの落札量[MW],102.1,81.49,321.064,54,53,85.329,80.093,46,165,988.076
20260913B10,募集量（TSO別）[MW],63,174,538,54,53,132,140,41,165,1360
20260913B10,応札量合計（電源属地別）[MW],202.168,81.49,350.748,183.35,63.928,99.354,80.093,188.403,203.415,1452.949
20260913B10,落札量合計（電源属地別）[MW],136.56,81.49,321.298,125.187,63.928,99.354,80.093,46,167,1120.91
20260913B10,応札件数（電源属地別）[件],8,21,67,67,4,21,24,8,51,271
20260913B10,落札件数（電源属地別）[件],6,21,52,38,4,21,24,3,36,205
20260913B10,最高落札価格（電源属地別）[円/kW・30分],1.01,10,9.39,4.5,2.79,3,4,1.6,4.54,10
20260913B10,最低落札価格（電源属地別）[円/kW・30分],0.93,5.94,0.39,0.8,1.54,1.32,0.39,0.36,2.24,0.36
20260913B10,平均落札価格（電源属地別）[円/kW・30分],1,8.6,2.33,2.14,1.7,2.52,2.14,0.59,3.74,2.71
20260913B10,最高落札価格（TSO別）[円/kW・30分],1.01,10,9.39,4.5,2.79,3,4,1.6,4.54,10
20260913B10,最低落札価格（TSO別）[円/kW・30分],0.93,5.94,0.39,0.8,1.54,1.32,0.39,0.36,2.24,0.36
20260913B10,平均落札価格（TSO別）[円/kW・30分],1,8.6,2.33,2.04,1.74,2.63,1.94,0.59,3.76,2.71
20260913B10,落札量合計（TSO別）[MW],136.56,81.49,321.298,54,53,132,131.562,46,165,1120.91
20260913B10,（内訳）自エリアからの落札量[MW],136.56,81.49,321.298,54,53,86.329,80.093,46,165,1023.77
20260913B11,募集量（TSO別）[MW],63,174,538,54,53,132,140,41,165,1360
20260913B11,応札量合計（電源属地別）[MW],173.968,81.49,350.748,185.34,63.84,99.354,80.093,188.403,200.115,1423.351
20260913B11,落札量合計（電源属地別）[MW],115,81.49,321.298,125.187,63.84,99.354,80.093,46,167,1099.262
20260913B11,応札件数（電源属地別）[件],9,21,67,68,4,21,24,8,49,271
20260913B11,落札件数（電源属地別）[件],8,21,52,38,4,21,24,3,35,206
20260913B11,最高落札価格（電源属地別）[円/kW・30分],5.85,10,9.39,4.5,2.85,3,3.75,1.6,4.89,10
20260913B11,最低落札価格（電源属地別）[円/kW・30分],0.93,5.94,0.39,1.3,1.64,1.32,0.39,0.36,2.5,0.36
20260913B11,平均落札価格（電源属地別）[円/kW・30分],1.79,8.57,2.3,2.42,1.78,2.53,2.1,0.59,3.99,2.89
20260913B11,最高落札価格（TSO別）[円/kW・30分],5.85,10,9.39,4.5,2,3.88,3.75,1.6,4.89,10
20260913B11,最低落札価格（TSO別）[円/kW・30分],0.93,5.94,0.39,1.3,1.64,1.32,0.39,0.36,2.5,0.36
20260913B11,平均落札価格（TSO別）[円/kW・30分],1.79,8.57,2.3,2.34,1.77,2.7,2.01,0.59,4,2.89
20260913B11,落札量合計（TSO別）[MW],115,81.49,321.298,54,53,132,131.474,46,165,1099.262
20260913B11,（内訳）自エリアからの落札量[MW],115,81.49,321.298,54,53,86.417,80.093,46,165,1002.298
20260913B12,募集量（TSO別）[MW],63,174,538,54,53,132,140,41,165,1360
20260913B12,応札量合計（電源属地別）[MW],175.958,81.49,350.748,183.84,63.928,99.354,80.093,188.403,200.115,1423.929
20260913B12,落札量合計（電源属地別）[MW],113.1,81.49,321.298,125.187,63.928,99.354,80.093,46,167,1097.45
20260913B12,応札件数（電源属地別）[件],9,21,67,67,4,21,24,8,49,270
20260913B12,落札件数（電源属地別）[件],8,21,52,38,4,21,24,3,35,206
20260913B12,最高落札価格（電源属地別）[円/kW・30分],9.85,10,9.39,4.5,2.85,3,4,1.6,4.53,10
20260913B12,最低落札価格（電源属地別）[円/kW・30分],0.93,5.94,0.39,1.22,1.01,1.32,0.39,0.36,2.22,0.36
20260913B12,平均落札価格（電源属地別）[円/kW・30分],2.2,8.72,2.3,2.39,1.18,2.52,2.12,0.59,3.73,2.86
20260913B12,最高落札価格（TSO別）[円/kW・30分],9.85,10,9.39,4.5,2.85,3.88,4,1.6,4.53,10
20260913B12,最低落札価格（TSO別）[円/kW・30分],0.93,5.94,0.39,1.22,1.01,1.32,0.39,0.36,2.22,0.36
20260913B12,平均落札価格（TSO別）[円/kW・30分],2.2,8.72,2.3,2.34,1.11,2.71,1.96,0.59,3.74,2.86
20260913B12,落札量合計（TSO別）[MW],113.1,81.49,321.298,54,53,132,131.562,46,165,1097.45
20260913B12,（内訳）自エリアからの落札量[MW],113.1,81.49,321.298,54,53,88.327,80.093,46,165,1002.308
20260913B13,募集量（TSO別）[MW],65,183,559,64,57,145,141,44,168,1426
20260913B13,応札量合計（電源属地別）[MW],158.658,93.49,356.652,185.34,63.928,99.354,80.093,177.403,200.115,1415.033
20260913B13,落札量合計（電源属地別）[MW],126.69,93.49,342.298,135.178,63.928,99.354,80.093,44,170,1155.031
20260913B13,応札件数（電源属地別）[件],7,22,70,68,4,21,24,8,49,273
20260913B13,落札件数（電源属地別）[件],7,22,62,43,4,21,24,3,37,223
20260913B13,最高落札価格（電源属地別）[円/kW・30分],8.25,10,9.39,4.2,2,3,4,1.6,3.55,10
20260913B13,最低落札価格（電源属地別）[円/kW・30分],0.93,5.94,0.39,0.67,1.64,1.32,0.39,0.36,1.24,0.36
20260913B13,平均落札価格（電源属地別）[円/kW・30分],2.66,8.89,2.78,2.24,1.75,2.52,2.14,1.43,3.09,3.07
20260913B13,最高落札価格（TSO別）[円/kW・30分],8.25,10,9.39,4.2,2,3,4,1.6,3.55,10
20260913B13,最低落札価格（TSO別）[円/kW・30分],0.93,5.94,0.39,0.67,1.64,0.79,0.39,0.36,1.24,0.36
20260913B13,平均落札価格（TSO別）[円/kW・30分],2.66,8.89,2.78,2.48,1.74,2.36,2.12,1.43,3.1,3.07
20260913B13,落札量合計（TSO別）[MW],126.69,93.49,342.298,64,57,145,114.553,44,168,1155.031
20260913B13,（内訳）自エリアからの落札量[MW],126.69,93.49,342.298,64,57,87.859,80.093,44,168,1063.43
20260913B14,募集量（TSO別）[MW],65,188,567,67,57,148,142,44,169,1447
20260913B14,応札量合計（電源属地別）[MW],202.218,91.99,356.652,177.456,63.928,99.354,80.093,177.403,196.263,1445.357
20260913B14,落札量合計（電源属地別）[MW],146,91.99,350.289,137.688,63.928,99.354,80.093,44,171,1184.342
20260913B14,応札件数（電源属地別）[件],8,21,70,64,4,21,24,8,47,267
20260913B14,落札件数（電源属地別）[件],8,21,67,44,4,21,24,3,38,230
20260913B14,最高落札価格（電源属地別）[円/kW・30分],8,10,9.47,5.1,3.3,3,4.03,1.6,3,10
20260913B14,最低落札価格（電源属地別）[円/kW・30分],0.93,5.94,0.39,0.39,1.09,1.32,0.39,0.36,0.39,0.36
20260913B14,平均落札価格（電源属地別）[円/kW・30分],1.23,9.16,2.92,2.19,1.3,2.54,2.16,1.43,2.42,2.81
20260913B14,最高落札価格（TSO別）[円/kW・30分],8,10,9.47,3.88,3.3,5.1,4.03,1.6,3,10
20260913B14,最低落札価格（TSO別）[円/kW・30分],0.93,5.94,0.39,0.39,1.09,0.39,0.39,0.36,0.39,0.36
20260913B14,平均落札価格（TSO別）[円/kW・30分],1.23,9.16,2.92,1.52,1.28,2.58,2.32,1.43,2.42,2.81
20260913B14,落札量合計（TSO別）[MW],146,91.99,350.289,67,57,148,111.063,44,169,1184.342
20260913B14,（内訳）自エリアからの落札量[MW],146,91.99,350.289,67,57,99.354,80.093,44,169,1104.726
20260913B15,募集量（TSO別）[MW],66,194,572,70,58,152,143,45,170,1470
20260913B15,応札量合計（電源属地別）[MW],190.708,115.49,356.652,177.456,3.928,104.624,80.093,177.403,246.263,1452.617
20260913B15,落札量合計（電源属地別）[MW],128,115.49,355.289,141.187,3.928,104.624,80.093,45,222,1195.611
20260913B15,応札件数（電源属地別）[件],7,23,70,64,2,22,24,8,48,268
20260913B15,落札件数（電源属地別）[件],5,23,69,46,2,22,24,3,36,230
20260913B15,最高落札価格（電源属地別）[円/kW・30分],1.01,10,9.47,4.5,4.05,3,4.84,1.6,3,10
20260913B15,最低落札価格（電源属地別）[円/kW・30分],0.46,5.94,0.39,0.39,2.79,0.39,0.39,0.36,0.39,0.36
20260913B15,平均落札価格（電源属地別）[円/kW・30分],0.86,8.7,3,2.35,3.41,2.43,2.18,1.41,2.1,2.91
20260913B15,最高落札価格（TSO別）[円/kW・30分],1.01,10,9.47,4.5,4.29,3.88,4.84,1.6,3,10
20260913B15,最低落札価格（TSO別）[円/kW・30分],0.46,5.94,0.39,2.98,0.39,0.39,0.39,0.36,0.39,0.36
20260913B15,平均落札価格（TSO別）[円/kW・30分],0.86,8.7,3,3.37,1.16,2.24,2.42,1.41,1.96,2.91
20260913B15,落札量合計（TSO別）[MW],128,115.49,355.289,70,42.884,150.667,118.281,45,170,1195.611
20260913B15,（内訳）自エリアからの落札量[MW],128,115.49,355.289,70,3.928,104.624,75.881,45,170,1068.212
20260913B16,募集量（TSO別）[MW],66,198,577,72,59,156,144,45,171,1488
20260913B16,応札量合計（電源属地別）[MW],190.708,113.99,356.598,185.34,3.928,99.354,80.093,177.403,300.115,1507.529
20260913B16,落札量合計（電源属地別）[MW],128,113.99,356.598,132.62,3.928,99.354,80.093,45,273,1232.583
20260913B16,応札件数（電源属地別）[件],7,22,70,68,2,21,24,8,50,272
20260913B16,落札件数（電源属地別）[件],5,22,70,41,2,21,24,3,37,225
20260913B16,最高落札価格（電源属地別）[円/kW・30分],1.01,10,9.5,4.2,2.8,3.64,3.49,1.6,3,10
20260913B16,最低落札価格（電源属地別）[円/kW・30分],0.43,5.94,0.39,0.39,2.6,1.32,0.39,0.36,0.39,0.36
20260913B16,平均落札価格（電源属地別）[円/kW・30分],0.85,8.69,3.06,2.18,2.7,2.54,1.9,1.41,1.64,2.76
20260913B16,最高落札価格（TSO別）[円/kW・30分],1.01,10,9.5,4.2,3.88,4.2,3,1.6,1.55,10
20260913B16,最低落札価格（TSO別）[円/kW・30分],0.43,5.94,0.39,0.39,0.39,0.39,0.39,0.36,0.39,0.36
20260913B16,平均落札価格（TSO別）[円/kW・30分],0.85,8.69,3.06,3,1.47,2.45,1.8,1.41,1.33,2.76
20260913B16,落札量合計（TSO別）[MW],128,113.99,356.598,72,45.995,156,144,45,171,1232.583
20260913B16,（内訳）自エリアからの落札量[MW],128,113.99,356.598,72,3.928,99.354,42,45,171,1031.87
20260913B17,募集量（TSO別）[MW],66,198,577,72,60,156,144,45,171,1489
20260913B17,応札量合計（電源属地別）[MW],233.848,115.49,355.7,185.34,3.928,99.354,68.165,177.403,300.115,1539.343
20260913B17,落札量合計（電源属地別）[MW],81,115.49,355.7,131.481,3.928,99.354,68.165,45,273,1173.118
20260913B17,応札件数（電源属地別）[件],8,23,70,68,2,21,18,8,50,268
20260913B17,落札件数（電源属地別）[件],6,23,70,41,2,21,18,3,39,223
20260913B17,最高落札価格（電源属地別）[円/kW・30分],1,10,9.5,4.44,5.5,3,3,1.6,3,10
20260913B17,最低落札価格（電源属地別）[円/kW・30分],0.39,5.94,0.39,0.39,5.1,1.32,0.39,0.36,0.39,0.36
20260913B17,平均落札価格（電源属地別）[円/kW・30分],0.74,8.71,3.11,2.3,5.3,2.54,1.71,1.41,1.63,2.88
20260913B17,最高落札価格（TSO別）[円/kW・30分],1,10,9.5,4.44,5.5,3.99,3,1.6,1.55,10
20260913B17,最低落札価格（TSO別）[円/kW・30分],0.39,5.94,0.39,0.39,0.39,0.39,0.39,0.36,0.65,0.36
20260913B17,平均落札価格（TSO別）[円/kW・30分],0.74,8.71,3.11,3.17,0.98,2.51,1.78,1.41,1.34,2.88
20260913B17,落札量合計（TSO別）[MW],81,115.49,355.7,72,32.928,156,144,45,171,1173.118
20260913B17,（内訳）自エリアからの落札量[MW],81,115.49,355.7,72,3.928,99.354,42,45,171,985.472
20260913B18,募集量（TSO別）[MW],66,198,577,72,60,156,144,45,171,1489
20260913B18,応札量合計（電源属地別）[MW],201.798,113.99,385.16,185.34,3.928,103.221,68.165,177.403,266.115,1505.12
20260913B18,落札量合計（電源属地別）[MW],66,113.99,385.16,143.187,3.928,103.221,68.165,45,239,1167.651
20260913B18,応札件数（電源属地別）[件],8,22,72,68,2,23,18,7,49,269
20260913B18,落札件数（電源属地別）[件],5,22,72,47,2,23,18,3,39,231
20260913B18,最高落札価格（電源属地別）[円/kW・30分],1.01,10,9.5,4.5,5.32,5,4,1.6,3,10
20260913B18,最低落札価格（電源属地別）[円/kW・30分],0.93,5.94,0.39,0.39,4.95,1.32,0.39,0.36,0.39,0.36
20260913B18,平均落札価格（電源属地別）[円/kW・30分],1,8.7,2.89,2.47,5.14,3.11,2,1.41,1.63,2.96
20260913B18,最高落札価格（TSO別）[円/kW・30分],1.01,10,9.5,4.5,5.32,5,4,1.6,1.4,10
20260913B18,最低落札価格（TSO別）[円/kW・30分],0.93,5.94,0.39,0.39,0.39,0.39,0.39,0.36,0.39,0.36
20260913B18,平均落札価格（TSO別）[円/kW・30分],1,8.7,2.89,2.94,1.13,2.97,2.36,1.41,1.2,2.96
20260913B18,落札量合計（TSO別）[MW],66,113.99,385.16,72,25.095,153.241,136.165,45,171,1167.651
20260913B18,（内訳）自エリアからの落札量[MW],66,113.99,385.16,72,3.928,103.221,68.165,45,171,1028.464
20260913B19,募集量（TSO別）[MW],67,129,568,76,61,155,148,47,175,1426
20260913B19,応札量合計（電源属地別）[MW],118.658,116.136,369.802,152.008,3.928,103.221,80.093,208.403,266.151,1418.4
20260913B19,落札量合計（電源属地別）[MW],104.95,116.136,364.439,146.688,3.928,103.221,80.093,75,243,1237.455
20260913B19,応札件数（電源属地別）[件],6,23,71,51,2,23,24,8,49,257
20260913B19,落札件数（電源属地別）[件],5,23,69,49,2,23,24,4,38,237
20260913B19,最高落札価格（電源属地別）[円/kW・30分],1.01,10,9.47,5.1,6,5,4.17,1.6,3,10
20260913B19,最低落札価格（電源属地別）[円/kW・30分],0.93,5.94,0.39,0.39,5.6,1.32,0.39,0.36,0.39,0.36
20260913B19,平均落札価格（電源属地別）[円/kW・30分],1,8.73,2.92,3.02,5.8,3.22,2.17,1,1.47,2.9
20260913B19,最高落札価格（TSO別）[円/kW・30分],1.01,10,9.47,5.1,6,5,4.17,1.6,2.98,10
20260913B19,最低落札価格（TSO別）[円/kW・30分],0.93,5.94,0.39,0.39,0.39,0.39,0.39,0.36,0.39,0.36
20260913B19,平均落札価格（TSO別）[円/kW・30分],1,8.73,2.92,4.17,1.55,3.32,2.37,1,1.03,2.9
20260913B19,落札量合計（TSO別）[MW],104.95,116.136,364.439,76,61,116.93,148,75,175,1237.455
20260913B19,（内訳）自エリアからの落札量[MW],104.95,116.136,364.439,76,3.928,103.221,80.093,75,175,1098.767
20260913B20,募集量（TSO別）[MW],68,131,568,76,61,155,149,47,175,1430
20260913B20,応札量合計（電源属地別）[MW],116.708,116.136,368.902,142.008,3.928,101.223,80.093,208.403,266.151,1403.552
20260913B20,落札量合計（電源属地別）[MW],83,116.136,363.539,136.188,3.928,101.223,80.093,88.903,243,1216.01
20260913B20,応札件数（電源属地別）[件],5,23,71,50,2,22,24,8,49,254
20260913B20,落札件数（電源属地別）[件],4,23,68,48,2,22,24,4,40,235
20260913B20,最高落札価格（電源属地別）[円/kW・30分],1.01,10,9.47,6.49,6,6.95,5.1,1.6,3,10
20260913B20,最低落札価格（電源属地別）[円/kW・30分],0.93,5.94,0.39,0.39,5.6,1.32,0.39,0.36,0.39,0.36
20260913B20,平均落札価格（電源属地別）[円/kW・30分],1.01,8.75,2.92,3.01,5.8,3.66,2.57,1.09,1.3,2.94
20260913B20,最高落札価格（TSO別）[円/kW・30分],1.01,10,9.47,6.49,6,6.95,5.1,1.6,3,10
20260913B20,最低落札価格（TSO別）[円/kW・30分],0.93,5.94,0.39,3.24,0.39,0.39,0.39,0.36,0.39,0.36
20260913B20,平均落札価格（TSO別）[円/kW・30分],1.01,8.75,2.92,4.52,1.14,3.35,2.35,1.09,1,2.94
20260913B20,落札量合計（TSO別）[MW],83,116.136,363.539,76,45.928,123.223,144.281,88.903,175,1216.01
20260913B20,（内訳）自エリアからの落札量[MW],83,116.136,363.539,76,3.928,101.223,76.281,88.903,175,1084.01
20260913B21,募集量（TSO別）[MW],68,134,568,77,62,155,150,48,176,1438
20260913B21,応札量合計（電源属地別）[MW],159.848,116.136,336.141,145.332,3.928,101.223,80.093,208.403,262.668,1413.772
20260913B21,落札量合計（電源属地別）[MW],155.14,116.136,336.141,144.488,3.928,101.223,80.093,97.543,244,1278.692
20260913B21,応札件数（電源属地別）[件],6,23,61,49,2,22,24,8,47,242
20260913B21,落札件数（電源属地別）[件],5,23,61,49,2,22,24,4,41,231
20260913B21,最高落札価格（電源属地別）[円/kW・30分],1.01,10,9.47,7.59,6,6.97,5,1.6,3.5,10
20260913B21,最低落札価格（電源属地別）[円/kW・30分],0.93,5.94,0.39,0.39,5.6,1.32,0.39,0.2,0.39,0.2
20260913B21,平均落札価格（電源属地別）[円/kW・30分],1.01,8.73,3.19,3.34,5.8,3.8,2.64,1.05,1.27,2.94
20260913B21,最高落札価格（TSO別）[円/kW・30分],1.01,10,9.47,6.8,7.59,7.59,5,1.6,3.5,10
20260913B21,最低落札価格（TSO別）[円/kW・30分],0.93,5.94,0.39,3.48,0.39,0.39,0.39,0.2,0.39,0.2
20260913B21,平均落札価格（TSO別）[円/kW・30分],1.01,8.73,3.19,4.6,1.62,3.41,2.2,1.05,1.2,2.94
20260913B21,落札量合計（TSO別）[MW],155.14,116.136,336.141,77,46.928,138.523,135.281,97.543,176,1278.692
20260913B21,（内訳）自エリアからの落札量[MW],155.14,116.136,336.141,77,3.928,101.223,75.881,97.543,176,1138.992
20260913B22,募集量（TSO別）[MW],68,135,567,76,62,155,151,48,176,1438
20260913B22,応札量合計（電源属地別）[MW],116.69,116.136,338.137,145.332,3.928,101.223,80.093,208.403,250.724,1360.666
20260913B22,落札量合計（電源属地別）[MW],112.94,116.136,338.137,143.488,3.928,101.223,80.093,99.543,244,1239.488
20260913B22,応札件数（電源属地別）[件],5,23,62,49,2,22,24,8,41,236
20260913B22,落札件数（電源属地別）[件],4,23,62,49,2,22,24,4,39,229
20260913B22,最高落札価格（電源属地別）[円/kW・30分],1.01,10,9.47,7.59,6.96,6.95,5.46,1.6,4.5,10
20260913B22,最低落札価格（電源属地別）[円/kW・30分],0.93,5.94,0.39,0.39,6.45,1.32,0.39,0.2,0.39,0.2
20260913B22,平均落札価格（電源属地別）[円/kW・30分],1.01,8.71,2.85,3.31,6.71,3.82,2.65,1.06,1.88,3.03
20260913B22,最高落札価格（TSO別）[円/kW・30分],1.01,10,9.47,6.99,7.59,6.99,5.46,1.6,4.5,10
20260913B22,最低落札価格（TSO別）[円/kW・30分],0.93,5.94,0.39,3.48,0.39,0.39,0.39,0.2,0.39,0.2
20260913B22,平均落札価格（TSO別）[円/kW・30分],1.01,8.71,2.85,4.62,2.6,3.08,2.56,1.06,1.78,3.03
20260913B22,落札量合計（TSO別）[MW],112.94,116.136,338.137,76,46.309,139.223,135.2,99.543,176,1239.488
20260913B22,（内訳）自エリアからの落札量[MW],112.94,116.136,338.137,76,3.928,101.223,75.881,99.543,176,1099.788
20260913B23,募集量（TSO別）[MW],68,135,564,75,62,155,151,48,177,1435
20260913B23,応札量合計（電源属地別）[MW],159.83,116.136,351.489,136.532,3.928,101.223,80.093,208.403,250.724,1408.358
20260913B23,落札量合計（電源属地別）[MW],149.08,116.136,343.857,135.188,3.928,101.223,80.093,89.543,245,1264.048
20260913B23,応札件数（電源属地別）[件],6,23,69,47,2,22,24,8,41,242
20260913B23,落札件数（電源属地別）[件],5,23,65,47,2,22,24,4,39,231
20260913B23,最高落札価格（電源属地別）[円/kW・30分],1.01,10,9.47,6.76,6,6,5.34,1.6,4.7,10
20260913B23,最低落札価格（電源属地別）[円/kW・30分],0.93,5.94,0.39,0.39,4.35,1.32,0.39,0.2,0.39,0.2
20260913B23,平均落札価格（電源属地別）[円/kW・30分],1.01,8.75,3.4,3.02,5.19,3.67,2.65,1,1.28,2.97
20260913B23,最高落札価格（TSO別）[円/kW・30分],1.01,10,9.47,5.61,6.76,6.76,5.34,1.6,4.6,10
20260913B23,最低落札価格（TSO別）[円/kW・30分],0.93,5.94,0.39,3.48,0.39,0.39,0.39,0.2,0.39,0.2
20260913B23,平均落札価格（TSO別）[円/kW・30分],1.01,8.75,3.4,4.53,1.59,3.2,2.25,1,1.09,2.97
20260913B23,落札量合計（TSO別）[MW],149.08,116.136,343.857,75,41.928,123.411,148.093,89.543,177,1264.048
20260913B23,（内訳）自エリアからの落札量[MW],149.08,116.136,343.857,75,3.928,101.223,80.093,89.543,177,1135.86
20260913B24,募集量（TSO別）[MW],68,135,564,74,62,155,151,48,177,1434
20260913B24,応札量合計（電源属地別）[MW],197.88,114.14,351.489,136.532,3.928,101.223,80.093,208.403,248.726,1442.414
20260913B24,落札量合計（電源属地別）[MW],157.14,114.14,343.857,134.188,3.928,101.223,80.093,85,245,1264.569
20260913B24,応札件数（電源属地別）[件],6,22,69,47,2,22,24,8,40,240
20260913B24,落札件数（電源属地別）[件],5,22,65,46,2,22,24,4,39,229
20260913B24,最高落札価格（電源属地別）[円/kW・30分],1.01,10,9.47,6.59,6,6,5,1.6,4.52,10
20260913B24,最低落札価格（電源属地別）[円/kW・30分],0.93,5.94,0.39,0.39,4.4,1.32,0.39,0.36,0.39,0.36
20260913B24,平均落札価格（電源属地別）[円/kW・30分],1,8.73,3.39,2.91,5.21,3.5,2.34,1.05,1.28,2.91
20260913B24,最高落札価格（TSO別）[円/kW・30分],1.01,10,9.47,6.59,6.59,6,5,1.6,4.4,10
20260913B24,最低落札価格（TSO別）[円/kW・30分],0.93,5.94,0.39,3,0.39,0.39,0.39,0.36,0.39,0.36
20260913B24,平均落札価格（TSO別）[円/kW・30分],1,8.73,3.39,4.42,0.99,3.08,2.16,1.05,1.09,2.91
20260913B24,落札量合計（TSO別）[MW],157.14,114.14,343.857,74,43.009,131.223,139.2,85,177,1264.569
20260913B24,（内訳）自エリアからの落札量[MW],157.14,114.14,343.857,74,3.928,101.223,75.881,85,177,1132.169
20260913B25,募集量（TSO別）[MW],67,136,563,71,62,155,149,48,176,1427
20260913B25,応札量合計（電源属地別）[MW],152.75,111.725,346.284,140.001,63.928,101.223,80.093,124.903,250.709,1371.616
20260913B25,落札量合計（電源属地別）[MW],95,111.725,342.857,131.188,61.93,94.826,80.093,68,244.963,1230.582
20260913B25,応札件数（電源属地別）[件],4,21,66,49,4,22,24,6,41,237
20260913B25,落札件数（電源属地別）[件],2,21,64,45,3,19,24,3,38,219
20260913B25,最高落札価格（電源属地別）[円/kW・30分],1.01,10,9.47,5.73,2.25,6,5,1.6,4.4,10
20260913B25,最低落札価格（電源属地別）[円/kW・30分],0.98,5.94,0.39,0.39,0.39,1.32,0.39,0.36,0.39,0.36
20260913B25,平均落札価格（電源属地別）[円/kW・30分],1.01,8.67,3.42,2.73,0.45,3.33,2.55,1.4,1.24,2.88
20260913B25,最高落札価格（TSO別）[円/kW・30分],1.01,10,9.47,5.73,4.5,6,5,1.6,4.38,10
20260913B25,最低落札価格（TSO別）[円/kW・30分],0.98,5.94,0.39,1.98,0.39,0.39,0.39,0.36,0.39,0.36
20260913B25,平均落札価格（TSO別）[円/kW・30分],1.01,8.67,3.42,4.13,0.78,2.71,1.75,1.4,1.06,2.88
20260913B25,落札量合計（TSO別）[MW],95,111.725,342.857,71,62,155,149,68,176,1230.582
20260913B25,（内訳）自エリアからの落札量[MW],95,111.725,342.857,71,56.93,94.826,62.849,68,176,1079.187
20260913B26,募集量（TSO別）[MW],67,136,563,71,62,155,149,48,176,1427
20260913B26,応札量合計（電源属地別）[MW],199.848,113.69,346.284,141.999,63.928,99.78,80.093,124.903,250.709,1421.234
20260913B26,落札量合計（電源属地別）[MW],123.402,113.69,342.857,131.688,61.93,94.326,80.093,53,244.963,1245.949
20260913B26,応札件数（電源属地別）[件],7,22,66,50,4,21,24,6,41,241
20260913B26,落札件数（電源属地別）[件],5,22,64,45,3,19,24,3,38,223
20260913B26,最高落札価格（電源属地別）[円/kW・30分],1.01,10,9.47,5.1,5.6,6,5,1.6,4.4,10
20260913B26,最低落札価格（電源属地別）[円/kW・30分],0.93,5.94,0.39,0.39,0.39,2.13,0.39,0.36,0.39,0.36
20260913B26,平均落札価格（電源属地別）[円/kW・30分],1,8.66,3.32,2.76,0.55,3.3,2.55,1.23,1.36,2.86
20260913B26,最高落札価格（TSO別）[円/kW・30分],1.01,10,9.47,5.1,5.6,6,5,1.6,4.4,10
20260913B26,最低落札価格（TSO別）[円/kW・30分],0.93,5.94,0.39,3.47,0.39,0.39,0.39,0.36,0.39,0.36
20260913B26,平均落札価格（TSO別）[円/kW・30分],1,8.66,3.32,4.1,0.93,2.63,1.91,1.23,1.17,2.86
20260913B26,落札量合計（TSO別）[MW],123.402,113.69,342.857,71,62,155,149,53,176,1245.949
20260913B26,（内訳）自エリアからの落札量[MW],123.402,113.69,342.857,71,56.93,94.326,77.45,53,176,1108.655
20260913B27,募集量（TSO別）[MW],67,136,563,71,62,155,149,48,176,1427
20260913B27,応札量合計（電源属地別）[MW],156.708,117.486,346.284,186.628,63.928,101.223,80.093,177.403,252.707,1482.46
20260913B27,落札量合計（電源属地別）[MW],67,117.486,342.857,132.178,63.928,91.838,80.093,48,244.963,1188.343
20260913B27,応札件数（電源属地別）[件],6,24,66,70,4,22,24,7,42,265
20260913B27,落札件数（電源属地別）[件],4,24,64,45,4,21,24,4,38,228
20260913B27,最高落札価格（電源属地別）[円/kW・30分],1.01,10,9.47,4.2,6,6.45,5,1.6,4.4,10
20260913B27,最低落札価格（電源属地別）[円/kW・30分],0.93,5.94,0.39,0.39,0.39,1.32,0.39,0.36,0.39,0.36
20260913B27,平均落札価格（電源属地別）[円/kW・30分],1,8.7,3.24,2.28,0.72,3.28,2.56,1.32,1.42,2.92
20260913B27,最高落札価格（TSO別）[円/kW・30分],1.01,10,9.47,4.2,6,6.45,5,1.6,4.4,10
20260913B27,最低落札価格（TSO別）[円/kW・30分],0.93,5.94,0.39,2.99,0.39,0.39,0.39,0.36,0.39,0.36
20260913B27,平均落札価格（TSO別）[円/kW・30分],1,8.7,3.24,3.44,0.88,2.39,2,1.32,1.33,2.92
20260913B27,落札量合計（TSO別）[MW],67,117.486,342.857,71,62,155,149,48,176,1188.343
20260913B27,（内訳）自エリアからの落札量[MW],67,117.486,342.857,71,58.928,91.838,78.293,48,176,1051.402
20260913B28,募集量（TSO別）[MW],67,133,562,71,62,154,148,48,176,1421
20260913B28,応札量合計（電源属地別）[MW],190.708,117.486,361.284,186.628,63.928,101.778,80.093,177.403,248.855,1528.163
20260913B28,落札量合計（電源属地別）[MW],129,117.486,356.857,132.187,61.93,92.843,80.093,68,243.947,1282.343
20260913B28,応札件数（電源属地別）[件],7,24,67,70,4,22,24,7,40,265
20260913B28,落札件数（電源属地別）[件],5,24,65,45,3,18,24,4,37,225
20260913B28,最高落札価格（電源属地別）[円/kW・30分],1.01,10,9.47,4.5,5.6,6,5.05,1.6,4.74,10
20260913B28,最低落札価格（電源属地別）[円/kW・30分],0.78,5.94,0.39,0.39,0.39,2.13,0.39,0.36,0.39,0.36
20260913B28,平均落札価格（電源属地別）[円/kW・30分],0.95,8.67,2.93,2.34,0.55,3.31,2.57,1.4,1.8,2.79
20260913B28,最高落札価格（TSO別）[円/kW・30分],1.01,10,9.47,4.5,5.6,6,5.05,1.6,4.4,10
20260913B28,最低落札価格（TSO別）[円/kW・30分],0.78,5.94,0.39,2.99,0.39,0.39,0.39,0.36,0.39,0.36
20260913B28,平均落札価格（TSO別）[円/kW・30分],0.95,8.67,2.93,3.51,0.47,2.42,2.33,1.4,1.7,2.79
20260913B28,落札量合計（TSO別）[MW],129,117.486,356.857,71,62,154,148,68,176,1282.343
20260913B28,（内訳）自エリアからの落札量[MW],129,117.486,356.857,71,61,92.843,80.093,68,176,1152.279
20260913B29,募集量（TSO別）[MW],66,131,561,70,62,155,148,48,175,1416
20260913B29,応札量合計（電源属地別）[MW],233.848,117.486,361.284,190.508,63.928,119.918,80.093,177.403,286.303,1630.771
20260913B29,落札量合計（電源属地別）[MW],140,117.486,355.857,131.187,60,113.953,66.171,48.543,256.829,1290.026
20260913B29,応札件数（電源属地別）[件],8,24,67,72,4,23,24,7,43,272
20260913B29,落札件数（電源属地別）[件],5,24,64,45,2,20,17,3,31,211
20260913B29,最高落札価格（電源属地別）[円/kW・30分],1.01,10,9.47,4.5,0.39,5,4,1.6,4.2,10
20260913B29,最低落札価格（電源属地別）[円/kW・30分],0.44,5.94,0.39,0.39,0.39,0.39,0.39,0.2,0.39,0.2
20260913B29,平均落札価格（電源属地別）[円/kW・30分],0.87,8.7,2.88,2.33,0.39,2.79,2.05,1.27,1.31,2.6
20260913B29,最高落札価格（TSO別）[円/kW・30分],1.01,10,9.47,4.49,4.44,5,4.2,1.6,1.11,10
20260913B29,最低落札価格（TSO別）[円/kW・30分],0.44,5.94,0.39,2.99,0.39,0.39,0.39,0.2,0.5,0.2
20260913B29,平均落札価格（TSO別）[円/kW・30分],0.87,8.7,2.88,3.53,0.5,2.14,2.16,1.27,0.87,2.6
20260913B29,落札量合計（TSO別）[MW],140,117.486,355.857,70,62,173.14,148,48.543,175,1290.026
20260913B29,（内訳）自エリアからの落札量[MW],140,117.486,355.857,70,60,113.953,66.171,48.543,175,1147.01
20260913B30,募集量（TSO別）[MW],66,126,561,70,62,155,148,47,174,1409
20260913B30,応札量合計（電源属地別）[MW],221.798,117.486,361.284,190.508,63.928,103.221,80.093,177.403,304.049,1619.77
20260913B30,落札量合計（電源属地別）[MW],145,117.486,355.857,131.187,60,95.813,66.171,48.543,255.829,1275.886
20260913B30,応札件数（電源属地別）[件],9,24,67,72,4,23,24,7,52,282
20260913B30,落札件数（電源属地別）[件],6,24,64,45,2,20,17,3,30,211
20260913B30,最高落札価格（電源属地別）[円/kW・30分],1.01,10,9.47,4.5,0.39,5,4,1.6,4.19,10
20260913B30,最低落札価格（電源属地別）[円/kW・30分],0.66,5.94,0.39,0.39,0.39,1.32,0.39,0.2,0.39,0.2
20260913B30,平均落札価格（電源属地別）[円/kW・30分],0.98,8.68,2.87,2.33,0.39,3.18,2.05,1.27,1.47,2.66
20260913B30,最高落札価格（TSO別）[円/kW・30分],1.01,10,9.47,4.49,2.99,5,4.19,1.6,1.35,10
20260913B30,最低落札価格（TSO別）[円/kW・30分],0.66,5.94,0.39,0.39,0.39,0.39,0.39,0.2,0.39,0.2
20260913B30,平均落札価格（TSO別）[円/kW・30分],0.98,8.68,2.87,3.54,0.47,2.31,2.13,1.27,1.13,2.66
20260913B30,落札量合計（TSO別）[MW],145,117.486,355.857,70,62,155,148,48.543,174,1275.886
20260913B30,（内訳）自エリアからの落札量[MW],145,117.486,355.857,70,60,95.813,66.171,48.543,174,1132.87
20260913B31,募集量（TSO別）[MW],64,194,560,69,63,154,147,45,170,1466
20260913B31,応札量合計（電源属地別）[MW],158.658,117.486,365.28,194.43,63.928,103.221,80.093,177.403,299.073,1559.572
20260913B31,落札量合計（電源属地別）[MW],109.1,117.486,354.866,141.993,60,84.007,61.221,48.543,255.779,1232.995
20260913B31,応札件数（電源属地別）[件],7,24,69,68,4,23,24,7,50,276
20260913B31,落札件数（電源属地別）[件],7,24,64,44,2,16,14,3,28,202
20260913B31,最高落札価格（電源属地別）[円/kW・30分],8.85,10,9.39,4.5,0.39,4.95,4,1.6,3.9,10
20260913B31,最低落札価格（電源属地別）[円/kW・30分],0.93,5.94,0.39,0.39,0.39,1.32,0.39,0.2,0.39,0.2
20260913B31,平均落札価格（電源属地別）[円/kW・30分],1.86,8.7,2.83,2.09,0.39,2.86,1.81,1.27,1.53,2.72
20260913B31,最高落札価格（TSO別）[円/kW・30分],8.85,10,9.39,4.5,4.5,4.95,4,1.6,1.41,10
20260913B31,最低落札価格（TSO別）[円/kW・30分],0.93,5.94,0.39,2.99,0.39,0.39,0.39,0.2,0.39,0.2
20260913B31,平均落札価格（TSO別）[円/kW・30分],1.86,8.7,2.83,3.41,1.04,1.69,2.01,1.27,1.21,2.72
20260913B31,落札量合計（TSO別）[MW],109.1,117.486,354.866,69,63,154,147,48.543,170,1232.995
20260913B31,（内訳）自エリアからの落札量[MW],109.1,117.486,354.866,69,47.994,80,61.221,48.543,170,1058.21
20260913B32,募集量（TSO別）[MW],64,194,560,69,63,154,147,45,170,1466
20260913B32,応札量合計（電源属地別）[MW],156.708,117.486,365.28,212.651,63.928,99.354,80.093,177.403,199.073,1471.976
20260913B32,落札量合計（電源属地別）[MW],109.1,117.486,354.857,167.514,63.928,99.354,80.093,45,169.963,1207.295
20260913B32,応札件数（電源属地別）[件],6,24,69,69,4,21,24,7,49,273
20260913B32,落札件数（電源属地別）[件],6,24,64,46,4,21,24,3,35,227
20260913B32,最高落札価格（電源属地別）[円/kW・30分],8.85,10,9.47,7.59,5.8,5,6.97,1.6,4.4,10
20260913B32,最低落札価格（電源属地別）[円/kW・30分],0.93,5.94,0.39,0.39,1.06,1.32,0.39,0.36,0.39,0.36
20260913B32,平均落札価格（電源属地別）[円/kW・30分],2,8.67,2.74,2.13,1.43,3.29,2.55,1.38,2.5,3.04
20260913B32,最高落札価格（TSO別）[円/kW・30分],8.85,10,9.47,4.5,5.8,5,7.59,1.6,4.4,10
20260913B32,最低落札価格（TSO別）[円/kW・30分],0.93,5.94,0.39,2.8,1.06,0.39,0.39,0.36,0.39,0.36
20260913B32,平均落札価格（TSO別）[円/kW・30分],2,8.67,2.74,3.36,1.44,1.7,3.17,1.38,2.48,3.04
20260913B32,落札量合計（TSO別）[MW],109.1,117.486,354.857,69,63,154,126.392,45,168.46,1207.295
20260913B32,（内訳）自エリアからの落札量[MW],109.1,117.486,354.857,69,63,80,80.093,45,168.46,1086.996
20260913B33,募集量（TSO別）[MW],64,194,560,69,63,154,147,45,170,1466
20260913B33,応札量合計（電源属地別）[MW],199.848,117.486,407.28,188.32,63.928,99.354,80.093,168.403,202.073,1526.785
20260913B33,落札量合計（電源属地別）[MW],137.14,117.486,396.866,135.299,63.928,99.354,80.093,64,172,1266.166
20260913B33,応札件数（電源属地別）[件],7,24,70,72,4,21,24,7,50,279
20260913B33,落札件数（電源属地別）[件],6,24,65,45,4,21,24,4,35,228
20260913B33,最高落札価格（電源属地別）[円/kW・30分],4,10,9.39,7.59,6,5,6.97,1.6,4.19,10
20260913B33,最低落札価格（電源属地別）[円/kW・30分],0.93,5.94,0.39,0.39,1.24,1.32,0.39,0.2,0.4,0.2
20260913B33,平均落札価格（電源属地別）[円/kW・30分],1.03,8.67,2.99,2.47,1.61,3.25,2.63,1.15,2.75,3.05
20260913B33,最高落札価格（TSO別）[円/kW・30分],4,10,9.39,7.59,6,5,6.97,1.6,4.19,10
20260913B33,最低落札価格（TSO別）[円/kW・30分],0.93,5.94,0.39,2.8,1.24,0.39,0.39,0.2,0.4,0.2
20260913B33,平均落札価格（TSO別）[円/kW・30分],1.03,8.67,2.99,3.68,2.08,2.25,2.61,1.15,2.73,3.05
20260913B33,落札量合計（TSO別）[MW],137.14,117.486,396.866,69,63,154,94.674,64,170,1266.166
20260913B33,（内訳）自エリアからの落札量[MW],137.14,117.486,396.866,69,46.928,91.444,75.881,64,170,1168.745
20260913B34,募集量（TSO別）[MW],64,193,560,69,63,154,147,45,169,1464
20260913B34,応札量合計（電源属地別）[MW],158.658,115.986,457.28,140.32,3.928,99.354,203.264,154.403,345.073,1678.266
20260913B34,落札量合計（電源属地別）[MW],106,115.986,446.857,79.999,1.114,99.354,200.27,64,314,1427.58
20260913B34,応札件数（電源属地別）[件],7,23,71,69,2,21,28,6,50,277
20260913B34,落札件数（電源属地別）[件],7,23,66,41,1,21,26,3,38,226
20260913B34,最高落札価格（電源属地別）[円/kW・30分],8.85,10,9.47,4.2,5.6,5,5,1.6,6.04,10
20260913B34,最低落札価格（電源属地別）[円/kW・30分],0.93,3.59,0.39,2.8,5.6,1.32,0.39,0.2,2.9,0.2
20260913B34,平均落札価格（電源属地別）[円/kW・30分],1.65,7.42,2.95,3.31,5.6,3.25,2.06,0.99,4.05,3.29
20260913B34,最高落札価格（TSO別）[円/kW・30分],8.85,10,9.47,4.2,5.6,5,5,1.6,6.04,10
20260913B34,最低落札価格（TSO別）[円/kW・30分],0.93,3.59,0.39,2.8,2.41,0.39,0.39,0.2,2.94,0.2
20260913B34,平均落札価格（TSO別）[円/kW・30分],1.65,7.42,2.95,3.37,3.02,2.5,2.49,0.99,4.26,3.29
20260913B34,落札量合計（TSO別）[MW],106,115.986,446.857,69,63,154,153.344,64,255.393,1427.58
20260913B34,（内訳）自エリアからの落札量[MW],106,115.986,446.857,69,1.114,89.539,132.344,64,255.393,1280.233
20260913B35,募集量（TSO別）[MW],63,191,560,69,63,154,147,44,169,1460
20260913B35,応札量合計（電源属地別）[MW],176.798,95.486,488.005,207.452,3.928,99.354,193.264,177.403,280.123,1721.813
20260913B35,落札量合計（電源属地別）[MW],139.09,95.486,477.582,149.03,3.928,99.354,192.264,63,204,1423.734
20260913B35,応札件数（電源属地別）[件],7,23,73,72,2,21,28,7,49,282
20260913B35,落札件数（電源属地別）[件],6,23,68,45,2,21,27,3,34,229
20260913B35,最高落札価格（電源属地別）[円/kW・30分],1.16,10,9.47,4.06,6,5.97,5.96,1.6,6.92,10
20260913B35,最低落札価格（電源属地別）[円/kW・30分],0.93,5.35,0.39,0.55,5.6,1.32,0.39,0.36,2.9,0.36
20260913B35,平均落札価格（電源属地別）[円/kW・30分],1.09,8.09,3.42,2.18,5.8,3.42,2.1,1.48,4.67,3.3
20260913B35,最高落札価格（TSO別）[円/kW・30分],1.16,10,9.47,3.99,6,5.97,5,1.6,6.92,10
20260913B35,最低落札価格（TSO別）[円/kW・30分],0.93,5.35,0.39,0.55,0.55,0.89,0.39,0.36,2.9,0.36
20260913B35,平均落札価格（TSO別）[円/kW・30分],1.09,8.09,3.42,2.93,2,3.12,1.93,1.48,4.85,3.3
20260913B35,落札量合計（TSO別）[MW],139.09,95.486,477.582,69,63,154,179.576,63,183,1423.734
20260913B35,（内訳）自エリアからの落札量[MW],139.09,95.486,477.582,69,3.928,99.354,160.598,63,183,1291.038
20260913B36,募集量（TSO別）[MW],64,189,560,69,63,153,147,43,168,1456
20260913B36,応札量合計（電源属地別）[MW],134.83,93.986,443.213,207.738,3.928,99.354,188.264,154.403,280.123,1605.839
20260913B36,落札量合計（電源属地別）[MW],131.08,93.986,434.64,160.115,3.928,99.354,187.264,43,189,1342.367
20260913B36,応札件数（電源属地別）[件],5,22,71,69,2,21,28,6,49,273
20260913B36,落札件数（電源属地別）[件],4,22,67,45,2,21,27,3,36,227
20260913B36,最高落札価格（電源属地別）[円/kW・30分],1.56,10,9.47,4.06,4,5,5,1.6,7.03,10
20260913B36,最低落札価格（電源属地別）[円/kW・30分],0.93,5.01,0.39,0.39,3.7,1.32,0.39,0.36,2.9,0.36
20260913B36,平均落札価格（電源属地別）[円/kW・30分],1.36,7.9,3.97,1.96,3.85,3.14,2.45,0.79,4.6,3.46
20260913B36,最高落札価格（TSO別）[円/kW・30分],1.56,10,9.47,4.06,4,5,5,1.6,7.03,10
20260913B36,最低落札価格（TSO別）[円/kW・30分],0.93,5.01,0.39,0.39,0.39,0.6,0.39,0.36,2.9,0.36
20260913B36,平均落札価格（TSO別）[円/kW・30分],1.36,7.9,3.97,1.75,1.64,3.22,2.45,0.79,4.74,3.46
20260913B36,落札量合計（TSO別）[MW],131.08,93.986,434.64,69,63,153,186.661,43,168,1342.367
20260913B36,（内訳）自エリアからの落札量[MW],131.08,93.986,434.64,69,3.928,99.354,165.661,43,168,1208.649
20260913B37,募集量（TSO別）[MW],63,188,562,67,63,149,147,42,167,1448
20260913B37,応札量合計（電源属地別）[MW],89.74,91.525,404.007,221.165,3.928,101.261,212.562,154.403,317.282,1595.873
20260913B37,落札量合計（電源属地別）[MW],89.74,91.525,392.498,158.115,3.928,72.442,199.634,42,192,1241.882
20260913B37,応札件数（電源属地別）[件],3,21,70,66,2,22,27,6,47,264
20260913B37,落札件数（電源属地別）[件],3,21,64,44,2,14,20,3,33,204
20260913B37,最高落札価格（電源属地別）[円/kW・30分],4,10,9.47,4.06,4,3,7.03,1.6,4.88,10
20260913B37,最低落札価格（電源属地別）[円/kW・30分],0.93,5.18,0.39,0.75,2.4,1.32,0.39,0.36,2.6,0.36
20260913B37,平均落札価格（電源属地別）[円/kW・30分],1.46,7.93,4.36,2.1,3.21,2.37,4.12,1.01,4.44,3.87
20260913B37,最高落札価格（TSO別）[円/kW・30分],4,10,9.47,4.06,4,7.03,7.03,1.6,7.03,10
20260913B37,最低落札価格（TSO別）[円/kW・30分],0.93,5.18,0.39,0.98,0.75,1.06,0.39,0.36,2.6,0.36
20260913B37,平均落札価格（TSO別）[円/kW・30分],1.46,7.93,4.36,2.15,1.73,3.74,3.22,1.01,4.75,3.87
20260913B37,落札量合計（TSO別）[MW],89.74,91.525,392.498,67,63,149,175.119,42,172,1241.882
20260913B37,（内訳）自エリアからの落札量[MW],89.74,91.525,392.498,67,3.928,72.442,149.573,42,163,1071.706
20260913B38,募集量（TSO別）[MW],63,188,562,67,63,149,147,42,167,1448
20260913B38,応札量合計（電源属地別）[MW],116.708,91.99,428.592,211.354,3.928,101.261,212.323,154.403,319.282,1639.841
20260913B38,落札量合計（電源属地別）[MW],91.708,91.99,417.083,168.115,1.93,72.442,199.395,42,194,1278.663
20260913B38,応札件数（電源属地別）[件],5,21,71,67,2,22,27,6,47,268
20260913B38,落札件数（電源属地別）[件],4,21,65,45,1,14,20,3,34,207
20260913B38,最高落札価格（電源属地別）[円/kW・30分],4,10,9.47,4.06,3.75,3,6.78,1.6,4.74,10
20260913B38,最低落札価格（電源属地別）[円/kW・30分],0.93,5.91,0.39,0.39,3.75,1.32,0.39,0.36,2.6,0.36
20260913B38,平均落札価格（電源属地別）[円/kW・30分],1.13,8.28,4.33,1.9,3.75,2.37,3.99,1.01,4.34,3.79
20260913B38,最高落札価格（TSO別）[円/kW・30分],4,10,9.47,3.99,3.75,6.78,6.78,1.6,6.78,10
20260913B38,最低落札価格（TSO別）[円/kW・30分],0.93,5.91,0.39,0.39,0.39,0.39,0.39,0.36,2.6,0.36
20260913B38,平均落札価格（TSO別）[円/kW・30分],1.13,8.28,4.33,2.11,1.41,3.35,3.32,1.01,4.59,3.79
20260913B38,落札量合計（TSO別）[MW],91.708,91.99,417.083,67,63,149,182.882,42,174,1278.663
20260913B38,（内訳）自エリアからの落札量[MW],91.708,91.99,417.083,67,1.93,72.442,155.497,42,165,1104.65
20260913B39,募集量（TSO別）[MW],63,188,563,67,63,149,147,42,167,1449
20260913B39,応札量合計（電源属地別）[MW],159.848,93.49,554.249,228.537,3.928,103.221,212.323,154.403,291.284,1801.283
20260913B39,落札量合計（電源属地別）[MW],131.098,93.49,543.74,167.215,1.93,74.402,193.649,46,181.483,1433.007
20260913B39,応札件数（電源属地別）[件],6,22,75,73,2,23,27,6,50,284
20260913B39,落札件数（電源属地別）[件],4,22,69,45,1,15,17,3,32,208
20260913B39,最高落札価格（電源属地別）[円/kW・30分],1.01,10,9.47,3.88,2.4,3,6.78,1.6,7.18,10
20260913B39,最低落札価格（電源属地別）[円/kW・30分],0.93,5.44,0.39,0.58,2.4,1.32,0.39,0.36,2.55,0.36
20260913B39,平均落札価格（電源属地別）[円/kW・30分],1,8.09,4.45,2,2.4,2.39,4,0.95,4.54,3.82
20260913B39,最高落札価格（TSO別）[円/kW・30分],1.01,10,9.47,3.88,3.88,6.78,6.78,1.6,7.18,10
20260913B39,最低落札価格（TSO別）[円/kW・30分],0.93,5.44,0.39,0.58,0.58,0.95,0.39,0.36,2.55,0.36
20260913B39,平均落札価格（TSO別）[円/kW・30分],1,8.09,4.45,2,1.68,3.32,3.31,0.95,4.82,3.82
20260913B39,落札量合計（TSO別）[MW],131.098,93.49,543.74,67,63,149,170.689,46,168.99,1433.007
20260913B39,（内訳）自エリアからの落札量[MW],131.098,93.49,543.74,67,1.93,74.402,149.196,46,159.99,1266.846
20260913B40,募集量（TSO別）[MW],63,187,563,67,63,149,147,42,167,1448
20260913B40,応札量合計（電源属地別）[MW],116.708,93.49,517.171,232.125,3.928,103.221,214.313,154.403,352.773,1788.132
20260913B40,落札量合計（電源属地別）[MW],91.708,93.49,506.662,148.994,3.928,103.221,201.385,46,198.5,1393.888
20260913B40,応札件数（電源属地別）[件],5,22,72,73,2,23,28,6,52,283
20260913B40,落札件数（電源属地別）[件],4,22,66,44,2,23,21,3,31,216
20260913B40,最高落札価格（電源属地別）[円/kW・30分],4,10,9.47,2.99,1.75,3,6.78,1.6,4.26,10
20260913B40,最低落札価格（電源属地別）[円/kW・30分],0.93,5.91,0.39,1.36,1.65,1.32,0.39,0.36,2.6,0.36
20260913B40,平均落札価格（電源属地別）[円/kW・30分],1.13,8.31,4.53,2.4,1.7,2.53,3.96,0.95,3.88,3.88
20260913B40,最高落札価格（TSO別）[円/kW・30分],4,10,9.47,2.99,2.99,6.78,6.78,1.6,4.26,10
20260913B40,最低落札価格（TSO別）[円/kW・30分],0.93,5.91,0.39,1.91,1.36,1.32,0.39,0.36,2.84,0.36
20260913B40,平均落札価格（TSO別）[円/kW・30分],1.13,8.31,4.53,2.8,2.05,3.03,3.58,0.95,4,3.88
20260913B40,落札量合計（TSO別）[MW],91.708,93.49,506.662,67,63,149,199.028,46,178,1393.888
20260913B40,（内訳）自エリアからの落札量[MW],91.708,93.49,506.662,67,3.928,103.221,178.528,46,178,1268.537
20260913B41,募集量（TSO別）[MW],63,187,561,67,61,148,147,42,167,1443
20260913B41,応札量合計（電源属地別）[MW],159.848,93.49,472.065,232.125,3.928,103.221,214.313,154.403,285.049,1718.442
20260913B41,落札量合計（電源属地別）[MW],131.098,93.49,459.556,149.993,3.928,103.221,201.385,42,188,1372.671
20260913B41,応札件数（電源属地別）[件],6,22,72,73,2,23,28,6,54,286
20260913B41,落札件数（電源属地別）[件],4,22,65,44,2,23,21,3,32,216
20260913B41,最高落札価格（電源属地別）[円/kW・30分],1.01,10,9.47,4,3.69,3,6.52,1.6,6.92,10
20260913B41,最低落札価格（電源属地別）[円/kW・30分],0.93,5.92,0.39,1.09,3.15,1.32,0.39,0.36,2.6,0.36
20260913B41,平均落札価格（電源属地別）[円/kW・30分],1,8.31,4.7,2.39,3.42,2.53,3.86,1.07,4.4,3.9
20260913B41,最高落札価格（TSO別）[円/kW・30分],1.01,10,9.47,4,3.88,6.52,6.52,1.6,6.92,10
20260913B41,最低落札価格（TSO別）[円/kW・30分],0.93,5.92,0.39,1.09,1.09,1.32,0.39,0.36,2.84,0.36
20260913B41,平均落札価格（TSO別）[円/kW・30分],1,8.31,4.7,2.92,2.05,2.85,3.58,1.07,4.6,3.9
20260913B41,落札量合計（TSO別）[MW],131.098,93.49,459.556,67,61,148,203.527,42,167,1372.671
20260913B41,（内訳）自エリアからの落札量[MW],131.098,93.49,459.556,67,3.928,103.221,182.527,42,167,1249.82
20260913B42,募集量（TSO別）[MW],63,187,561,67,59,147,146,42,167,1439
20260913B42,応札量合計（電源属地別）[MW],156.708,93.49,437.425,230.265,3.928,103.221,214.313,154.403,265.049,1658.802
20260913B42,落札量合計（電源属地別）[MW],98.74,93.49,424.916,149.993,3.928,103.221,195.464,42,187,1298.752
20260913B42,応札件数（電源属地別）[件],6,22,70,72,2,23,28,6,54,283
20260913B42,落札件数（電源属地別）[件],5,22,63,44,2,23,18,3,34,214
20260913B42,最高落札価格（電源属地別）[円/kW・30分],4,10,9.47,3,2.5,3,6.62,1.6,6.52,10
20260913B42,最低落札価格（電源属地別）[円/kW・30分],0.93,5.94,0.39,1.24,2.3,1.32,0.39,0.2,2.02,0.2
20260913B42,平均落札価格（電源属地別）[円/kW・30分],1.17,8.38,4.24,2.43,2.4,2.46,3.8,1.11,4.38,3.8
20260913B42,最高落札価格（TSO別）[円/kW・30分],4,10,9.47,3,3,6.62,6.62,1.6,6.52,10
20260913B42,最低落札価格（TSO別）[円/kW・30分],0.93,5.94,0.39,2.8,1.24,1.24,0.39,0.2,2.02,0.2
20260913B42,平均落札価格（TSO別）[円/kW・30分],1.17,8.38,4.24,2.93,2.18,2.85,3.43,1.11,4.56,3.8
20260913B42,落札量合計（TSO別）[MW],98.74,93.49,424.916,67,59,147,199.606,42,167,1298.752
20260913B42,（内訳）自エリアからの落札量[MW],98.74,93.49,424.916,67,3.928,100,176.458,42,167,1173.532
20260913B43,募集量（TSO別）[MW],63,97,560,67,59,147,144,42,167,1346
20260913B43,応札量合計（電源属地別）[MW],205.008,79.56,413.084,218.985,3.928,99.354,214.313,188.403,260.153,1682.788
20260913B43,落札量合計（電源属地別）[MW],141.3,79.56,405.479,128.768,1.998,93.566,188.773,44,187.185,1270.629
20260913B43,応札件数（電源属地別）[件],7,20,66,69,2,21,28,9,51,273
20260913B43,落札件数（電源属地別）[件],5,20,62,37,1,18,17,4,29,193
20260913B43,最高落札価格（電源属地別）[円/kW・30分],1.01,10,9.47,2.99,2.6,2.97,5.98,1.6,6.22,10
20260913B43,最低落札価格（電源属地別）[円/kW・30分],0.93,5.94,0.39,0.73,2.6,1.32,0.39,0.36,2.4,0.36
20260913B43,平均落札価格（電源属地別）[円/kW・30分],1,9.1,4.48,2.07,2.6,2.39,3.5,0.54,4.24,3.66
20260913B43,最高落札価格（TSO別）[円/kW・30分],1.01,10,9.47,2.99,2.99,5.98,5.98,1.6,6.22,10
20260913B43,最低落札価格（TSO別）[円/kW・30分],0.93,5.94,0.39,0.73,1.32,1.32,0.39,0.36,2.4,0.36
20260913B43,平均落札価格（TSO別）[円/kW・30分],1,9.1,4.48,2.24,1.95,3.42,2.78,0.54,4.3,3.66
20260913B43,落札量合計（TSO別）[MW],141.3,79.56,405.479,67,59,147,148.29,44,179,1270.629
20260913B43,（内訳）自エリアからの落札量[MW],141.3,79.56,405.479,67,1.998,93,140.105,44,179,1151.442
20260913B44,募集量（TSO別）[MW],64,97,560,68,59,147,144,42,168,1349
20260913B44,応札量合計（電源属地別）[MW],205.008,79.56,413.084,226.285,3.928,99.354,214.313,188.403,261.153,1691.088
20260913B44,落札量合計（電源属地別）[MW],142.3,79.56,405.479,130.081,3.928,99.354,213.313,46,196.094,1316.109
20260913B44,応札件数（電源属地別）[件],7,20,66,70,2,21,28,9,52,275
20260913B44,落札件数（電源属地別）[件],4,20,62,38,2,21,27,4,35,213
20260913B44,最高落札価格（電源属地別）[円/kW・30分],1.01,10,9.47,3.01,2.6,3,5.86,1.6,6.25,10
20260913B44,最低落札価格（電源属地別）[円/kW・30分],0.93,5.94,0.39,0.79,2.4,1.32,0.39,0.36,2.4,0.36
20260913B44,平均落札価格（電源属地別）[円/kW・30分],1,9.1,4.86,2.15,2.5,2.53,3.39,0.56,4.25,3.77
20260913B44,最高落札価格（TSO別）[円/kW・30分],1.01,10,9.47,3.01,3,5.86,5.86,1.6,6.25,10
20260913B44,最低落札価格（TSO別）[円/kW・30分],0.93,5.94,0.39,2.8,0.79,1.32,0.39,0.36,2.4,0.36
20260913B44,平均落札価格（TSO別）[円/kW・30分],1,9.1,4.86,2.95,1.78,2.93,3.04,0.56,4.37,3.77
20260913B44,落札量合計（TSO別）[MW],142.3,79.56,405.479,68,59,147,189.78,46,178.99,1316.109
20260913B44,（内訳）自エリアからの落札量[MW],142.3,79.56,405.479,68,3.928,87.092,187.307,46,178.99,1198.656
20260913B45,募集量（TSO別）[MW],65,97,560,68,59,147,144,42,168,1350
20260913B45,応札量合計（電源属地別）[MW],156.708,81.49,413.084,197.176,3.928,99.354,188.859,188.403,261.153,1590.155
20260913B45,落札量合計（電源属地別）[MW],118,81.49,405.479,139.132,3.928,93.566,167.202,46,197.172,1251.969
20260913B45,応札件数（電源属地別）[件],6,21,66,68,2,21,26,9,51,270
20260913B45,落札件数（電源属地別）[件],5,21,63,43,2,18,15,4,32,203
20260913B45,最高落札価格（電源属地別）[円/kW・30分],1.01,10,9.47,2.99,2.5,2.97,5.5,1.6,5.74,10
20260913B45,最低落札価格（電源属地別）[円/kW・30分],0.93,5.94,0.39,0.86,2.3,1.32,0.39,0.36,2.5,0.36
20260913B45,平均落札価格（電源属地別）[円/kW・30分],1.01,8.66,4.72,2.28,2.4,2.5,3.68,0.56,3.9,3.76
20260913B45,最高落札価格（TSO別）[円/kW・30分],1.01,10,9.47,2.99,2.99,5.5,5.5,1.6,5.74,10
20260913B45,最低落札価格（TSO別）[円/kW・30分],0.93,5.94,0.39,1.83,0.86,1.32,0.39,0.36,2.5,0.36
20260913B45,平均落札価格（TSO別）[円/kW・30分],1.01,8.66,4.72,2.72,1.89,3.2,3.12,0.56,3.98,3.76
20260913B45,落札量合計（TSO別）[MW],118,81.49,405.479,68,59,147,144,46,183,1251.969
20260913B45,（内訳）自エリアからの落札量[MW],118,81.49,405.479,68,3.928,93,129.828,46,183,1128.725
20260913B46,募集量（TSO別）[MW],65,96,558,67,59,145,144,42,167,1343
20260913B46,応札量合計（電源属地別）[MW],156.708,81.49,411.128,197.176,3.928,142.907,176.132,221.403,260.153,1651.025
20260913B46,落札量合計（電源属地別）[MW],102,81.49,403.479,142.435,1.998,142.509,143.555,46,192.094,1255.56
20260913B46,応札件数（電源属地別）[件],6,21,65,68,2,23,25,11,52,273
20260913B46,落札件数（電源属地別）[件],6,21,61,40,1,23,8,4,32,196
20260913B46,最高落札価格（電源属地別）[円/kW・30分],8,10,9.47,2.99,2.5,3,3.62,1.07,3.6,10
20260913B46,最低落札価格（電源属地別）[円/kW・30分],0.93,5.94,0.39,0.39,2.5,0.39,0.39,0.36,0.68,0.36
20260913B46,平均落札価格（電源属地別）[円/kW・30分],1.66,8.37,4.69,1.83,2.5,1.8,2.77,0.47,2.36,3.3
20260913B46,最高落札価格（TSO別）[円/kW・30分],8,10,9.47,2.99,2.99,3.62,3.62,1.07,3.6,10
20260913B46,最低落札価格（TSO別）[円/kW・30分],0.93,5.94,0.39,0.39,0.39,0.39,0.39,0.36,0.68,0.36
20260913B46,平均落札価格（TSO別）[円/kW・30分],1.66,8.37,4.69,2.64,1.24,1.84,2.69,0.47,2.32,3.3
20260913B46,落札量合計（TSO別）[MW],102,81.49,403.479,67,59,174.591,144,46,178,1255.56
20260913B46,（内訳）自エリアからの落札量[MW],102,81.49,403.479,67,1.998,142.509,129.906,46,178,1152.382
20260913B47,募集量（TSO別）[MW],65,95,556,66,58,144,143,42,167,1336
20260913B47,応札量合計（電源属地別）[MW],206.958,81.49,413.084,199.036,3.928,124.077,176.132,202.403,203.153,1610.261
20260913B47,落札量合計（電源属地別）[MW],144.25,81.49,401.479,143.939,3.928,124.077,163.222,45,169,1276.385
20260913B47,応札件数（電源属地別）[件],8,21,66,69,2,22,25,10,51,274
20260913B47,落札件数（電源属地別）[件],6,21,60,41,2,22,18,4,36,210
20260913B47,最高落札価格（電源属地別）[円/kW・30分],1.01,10,9.47,3.13,2.5,3,3.36,1.07,3.19,10
20260913B47,最低落札価格（電源属地別）[円/kW・30分],0.93,5.94,0.39,0.39,2.3,0.39,0.39,0.36,0.89,0.36
20260913B47,平均落札価格（電源属地別）[円/kW・30分],1,8.38,4.78,1.85,2.4,2.01,2.39,0.47,2.86,3.26
20260913B47,最高落札価格（TSO別）[円/kW・30分],1.01,10,9.47,3.13,2.99,3,3.36,1.07,3.19,10
20260913B47,最低落札価格（TSO別）[円/kW・30分],0.93,5.94,0.39,2.8,0.39,0.39,0.39,0.36,0.89,0.36
20260913B47,平均落札価格（TSO別）[円/kW・30分],1,8.38,4.78,2.96,1.09,1.94,2.31,0.47,2.86,3.26
20260913B47,落札量合計（TSO別）[MW],144.25,81.49,401.479,66,58,170.166,143,45,167,1276.385
20260913B47,（内訳）自エリアからの落札量[MW],144.25,81.49,401.479,66,3.928,123.293,140.216,45,167,1172.656
20260913B48,募集量（TSO別）[MW],65,94,555,63,57,142,143,42,167,1328
20260913B48,応札量合計（電源属地別）[MW],205.008,78.09,409.424,193.776,63.928,94.121,174.332,225.403,191.651,1635.733
20260913B48,落札量合計（電源属地別）[MW],142.3,78.09,400.479,111.35,63.928,92.123,137.599,45,167,1237.869
20260913B48,応札件数（電源属地別）[件],7,19,64,66,4,18,24,11,48,261
20260913B48,落札件数（電源属地別）[件],4,19,60,25,4,17,5,4,35,173
20260913B48,最高落札価格（電源属地別）[円/kW・30分],1.01,10,9.47,2.99,2.5,2.97,1.82,1.07,3,10
20260913B48,最低落札価格（電源属地別）[円/kW・30分],0.93,5.94,0.39,0.39,0.39,2.13,0.39,0.36,0.39,0.36
20260913B48,平均落札価格（電源属地別）[円/kW・30分],1,9.09,3.58,1.5,0.56,2.52,1.29,0.47,2.2,2.66
20260913B48,最高落札価格（TSO別）[円/kW・30分],1.01,10,9.47,2.99,0.47,2.99,2.99,1.07,3,10
20260913B48,最低落札価格（TSO別）[円/kW・30分],0.93,5.94,0.39,0.39,0.39,0.39,0.39,0.36,0.39,0.36
20260913B48,平均落札価格（TSO別）[円/kW・30分],1,9.09,3.58,1.52,0.43,2.09,1.35,0.47,2.2,2.66
20260913B48,落札量合計（TSO別）[MW],142.3,78.09,400.479,63,57,142,143,45,167,1237.869
20260913B48,（内訳）自エリアからの落札量[MW],142.3,78.09,400.479,63,57,91.472,137.599,45,167,1181.94
E
