H,電力需給調整力取引所取引結果,対象年月,商品区分,ブロック数
P,速報値,202605,三次調整力1,48
TT,取引情報,北海道,東北,東京,中部,北陸,関西,中国,四国,九州,合計
20260501B01,募集量（TSO別）[MW],226,108,1029,0,77,291,191,85,253,2260
20260501B01,応札量合計（電源属地別）[MW],221.59,510,1842.034,816.2,45.946,0,253.623,136,300,4125.393
20260501B01,落札量合計（電源属地別）[MW],216.276,210,1421.246,175.094,45.946,0,232.965,136,277,2714.527
20260501B01,応札件数（電源属地別）[件],5,3,30,3,1,0,5,5,3,55
20260501B01,落札件数（電源属地別）[件],5,3,22,3,1,0,5,5,3,47
20260501B01,最高落札価格（電源属地別）[円/kW・30分],14.87,3.77,2.38,3.29,0.39,0,1.12,4.1,3.57,14.87
20260501B01,最低落札価格（電源属地別）[円/kW・30分],4.57,3.72,0.39,2.72,0.39,0,0.39,1.07,2.45,0.39
20260501B01,平均落札価格（電源属地別）[円/kW・30分],5.83,3.75,0.73,2.78,0.39,0,0.76,1.84,3.31,1.82
20260501B01,最高落札価格（TSO別）[円/kW・30分],14.87,3.77,2.38,3.29,3.29,4.1,2.72,2.72,3.57,14.87
20260501B01,最低落札価格（TSO別）[円/kW・30分],3.77,3.72,0.39,2.72,0.39,0.69,0.39,1.07,2.45,0.39
20260501B01,平均落札価格（TSO別）[円/kW・30分],5.74,3.75,0.74,2.87,0.97,1.72,0.76,1.48,3.31,1.82
20260501B01,落札量合計（TSO別）[MW],226,200.276,1262.96,54.291,77,291,240,86,277,2714.527
20260501B01,（内訳）自エリアからの落札量[MW],216.276,200.276,1262.96,54.291,45.946,0,198.965,78,277,2333.714
20260501B02,募集量（TSO別）[MW],232,108,1029,0,77,303,191,84,253,2277
20260501B02,応札量合計（電源属地別）[MW],47.89,510,2013.066,1039.6,0,105.998,253.653,136,367,4473.207
20260501B02,落札量合計（電源属地別）[MW],47.89,210,1364.516,304.651,0,86.574,219.047,100,136,2468.678
20260501B02,応札件数（電源属地別）[件],4,3,29,5,0,1,5,5,4,56
20260501B02,落札件数（電源属地別）[件],4,3,20,4,0,1,5,5,4,46
20260501B02,最高落札価格（電源属地別）[円/kW・30分],14.5,3.98,1.75,3.23,0,0.39,1.22,4.2,3.56,14.5
20260501B02,最低落札価格（電源属地別）[円/kW・30分],4.33,3.95,0.67,0.45,0,0.39,0.39,1.07,2.23,0.39
20260501B02,平均落札価格（電源属地別）[円/kW・30分],5.37,3.97,1.03,0.74,0,0.39,0.81,2.16,3.24,1.45
20260501B02,最高落札価格（TSO別）[円/kW・30分],14.5,3.98,1.75,2.66,3.23,4.2,1.22,2.15,3.56,14.5
20260501B02,最低落札価格（TSO別）[円/kW・30分],0.81,3.95,0.67,0.45,0.45,0.39,0.39,0.39,0.39,0.39
20260501B02,平均落札価格（TSO別）[円/kW・30分],4.33,3.97,1.01,1.17,1.44,1.07,0.72,1.04,2.02,1.45
20260501B02,落札量合計（TSO別）[MW],87.814,181.558,1207.064,17.242,77,303,240,84,271,2468.678
20260501B02,（内訳）自エリアからの落札量[MW],47.89,181.558,1207.064,17.242,0,67.333,191.759,40,136,1888.846
20260501B03,募集量（TSO別）[MW],237,108,1028,0,77,307,191,84,253,2285
20260501B03,応札量合計（電源属地別）[MW],168.99,510,2017.438,1157.2,0,61.482,296.219,136,350,4697.329
20260501B03,落札量合計（電源属地別）[MW],168.99,210,1397.101,306.651,0,61.482,231.923,114.216,137,2627.363
20260501B03,応札件数（電源属地別）[件],4,3,34,5,0,1,6,5,3,61
20260501B03,落札件数（電源属地別）[件],4,3,23,4,0,1,6,5,2,48
20260501B03,最高落札価格（電源属地別）[円/kW・30分],14.5,4.06,2.09,3.23,0,0.39,2.13,4.18,3.3,14.5
20260501B03,最低落札価格（電源属地別）[円/kW・30分],1.01,4.03,0.84,0.43,0,0.39,0.39,1.07,2.76,0.39
20260501B03,平均落札価格（電源属地別）[円/kW・30分],1.77,4.05,1.25,0.72,0,0.39,0.84,2.02,3.02,1.52
20260501B03,最高落札価格（TSO別）[円/kW・30分],14.5,4.06,2.09,0.43,3.23,2.15,2.13,4.18,3.3,14.5
20260501B03,最低落札価格（TSO別）[円/kW・30分],1.01,4.03,0.84,0.43,0.43,0.39,0.39,0.43,0.39,0.39
20260501B03,平均落札価格（TSO別）[円/kW・30分],1.77,4.05,1.26,0.43,1.76,0.98,0.76,1.73,1.74,1.52
20260501B03,落札量合計（TSO別）[MW],168.99,210,1260.509,7.864,77,307,240,84,272,2627.363
20260501B03,（内訳）自エリアからの落札量[MW],168.99,210,1260.509,7.864,0,61.482,205.177,54.216,137,2105.238
20260501B04,募集量（TSO別）[MW],239,106,1028,0,75,307,191,84,253,2283
20260501B04,応札量合計（電源属地別）[MW],170.99,510,2019.878,1227.5,0,22.428,246.657,136,350,4683.453
20260501B04,落札量合計（電源属地別）[MW],170.99,210,1267.303,306.651,0,22.428,246.657,136,103.622,2463.651
20260501B04,応札件数（電源属地別）[件],4,3,30,5,0,1,5,5,3,56
20260501B04,落札件数（電源属地別）[件],4,3,20,4,0,1,5,5,2,44
20260501B04,最高落札価格（電源属地別）[円/kW・30分],14.5,4.36,2.58,3.43,0,0.39,1.17,4.15,2.73,14.5
20260501B04,最低落札価格（電源属地別）[円/kW・30分],1.01,4.35,0.82,0.52,0,0.39,0.39,1.07,2.15,0.39
20260501B04,平均落札価格（電源属地別）[円/kW・30分],1.92,4.35,1.32,0.82,0,0.39,0.83,1.85,2.54,1.58
20260501B04,最高落札価格（TSO別）[円/kW・30分],14.5,4.36,2.58,2.86,3.43,2.15,1.17,4.15,2.73,14.5
20260501B04,最低落札価格（TSO別）[円/kW・30分],1.01,4.35,0.82,0.52,0.52,0.39,0.39,1.07,0.52,0.39
20260501B04,平均落札価格（TSO別）[円/kW・30分],1.92,4.35,1.37,1.46,1.56,0.87,0.67,1.87,1.59,1.58
20260501B04,落札量合計（TSO別）[MW],170.99,210,1116.088,24.487,75,307,223.086,84,253,2463.651
20260501B04,（内訳）自エリアからの落札量[MW],170.99,210,1116.088,24.487,0,22.428,175.085,76,103.622,1898.7
20260501B05,募集量（TSO別）[MW],239,103,1023,0,77,307,191,85,253,2278
20260501B05,応札量合計（電源属地別）[MW],160.99,510,2006.724,1788,2.05,118.924,153.497,135,367,5242.185
20260501B05,落札量合計（電源属地別）[MW],160.99,210,1622.248,486.651,2.05,111.976,153.497,135,136,3018.412
20260501B05,応札件数（電源属地別）[件],2,3,28,10,1,1,2,7,4,58
20260501B05,落札件数（電源属地別）[件],2,3,19,7,1,1,2,7,4,46
20260501B05,最高落札価格（電源属地別）[円/kW・30分],14.5,4.5,3.42,3.14,0.39,0.39,1.23,4.21,3.69,14.5
20260501B05,最低落札価格（電源属地別）[円/kW・30分],1.01,4.48,0.39,0.4,0.39,0.39,1.09,0.38,2.36,0.38
20260501B05,平均落札価格（電源属地別）[円/kW・30分],1.18,4.49,1.47,0.58,0.39,0.39,1.16,1.47,3.43,1.55
20260501B05,最高落札価格（TSO別）[円/kW・30分],14.5,4.5,3.42,3.14,0.41,4.21,1.23,2.15,3.69,14.5
20260501B05,最低落札価格（TSO別）[円/kW・30分],1.01,4.48,0.39,0.4,0.39,0.39,0.39,0.38,0.4,0.38
20260501B05,平均落札価格（TSO別）[円/kW・30分],1.18,4.49,1.47,1.06,0.4,0.92,0.81,1.03,1.93,1.55
20260501B05,落札量合計（TSO別）[MW],160.99,210,1622.248,66.66,77,307,219.514,85,270,3018.412
20260501B05,（内訳）自エリアからの落札量[MW],160.99,210,1622.248,66.66,2.05,90.819,116.534,85,136,2490.301
20260501B06,募集量（TSO別）[MW],239,96,1022,0,77,305,191,79,253,2262
20260501B06,応札量合計（電源属地別）[MW],205.3,510,1848.308,1643.7,37.688,0,153.497,134,497,5029.493
20260501B06,落札量合計（電源属地別）[MW],205.3,210,1007.259,567.651,37.688,0,153.497,127.578,142,2450.973
20260501B06,応札件数（電源属地別）[件],2,3,33,13,1,0,2,7,4,65
20260501B06,落札件数（電源属地別）[件],2,3,20,8,1,0,2,7,3,46
20260501B06,最高落札価格（電源属地別）[円/kW・30分],4.85,4.19,2.86,3.17,0.39,0,1.23,4.21,3.96,4.85
20260501B06,最低落札価格（電源属地別）[円/kW・30分],1.01,4.18,0.95,0.41,0.39,0,1.09,0.38,3.23,0.38
20260501B06,平均落札価格（電源属地別）[円/kW・30分],1.91,4.19,1.68,0.64,0.39,0,1.16,1.53,3.57,1.72
20260501B06,最高落札価格（TSO別）[円/kW・30分],4.85,4.19,4.18,0.83,0.83,4.21,1.23,2.15,3.96,4.85
20260501B06,最低落札価格（TSO別）[円/kW・30分],1.01,4.18,0.95,0.41,0.39,0.41,0.41,0.38,0.43,0.38
20260501B06,平均落札価格（TSO別）[円/kW・30分],1.91,4.19,1.71,0.55,0.49,1.14,0.84,1.02,2.15,1.72
20260501B06,落札量合計（TSO別）[MW],205.3,189,1022,67.348,77,305,234.325,80,271,2450.973
20260501B06,（内訳）自エリアからの落札量[MW],205.3,189,1007.259,67.348,37.688,0,131.345,73.578,142,1853.518
20260501B07,募集量（TSO別）[MW],236,72,975,0,77,298,209,73,271,2211
20260501B07,応札量合計（電源属地別）[MW],196.94,510,1711.08,1490.8,7.526,0,153.497,128,418,4615.843
20260501B07,落札量合計（電源属地別）[MW],196.94,210,1079.32,682.756,7.526,0,139.08,100,144,2559.622
20260501B07,応札件数（電源属地別）[件],5,3,29,11,1,0,2,5,4,60
20260501B07,落札件数（電源属地別）[件],5,3,18,7,1,0,2,4,3,43
20260501B07,最高落札価格（電源属地別）[円/kW・30分],4.85,4.05,3.13,2.58,0.5,0,1.55,4.53,3.72,4.85
20260501B07,最低落札価格（電源属地別）[円/kW・30分],1.01,4.03,0.85,0.41,0.5,0,1.41,2.02,2.73,0.41
20260501B07,平均落札価格（電源属地別）[円/kW・30分],2.09,4.04,1.62,0.54,0.5,0,1.49,2.1,3.31,1.67
20260501B07,最高落札価格（TSO別）[円/kW・30分],4.85,4.05,3.13,2.58,0.81,4.53,1.55,2.15,3.72,4.85
20260501B07,最低落札価格（TSO別）[円/kW・30分],1.01,4.03,0.85,0.41,0.41,0.41,0.41,0.47,0.41,0.41
20260501B07,平均落札価格（TSO別）[円/kW・30分],2.09,4.04,1.62,0.93,0.54,0.8,1.02,1.35,1.95,1.67
20260501B07,落札量合計（TSO別）[MW],196.94,210,1079.32,93.362,77,298,253,79,273,2559.622
20260501B07,（内訳）自エリアからの落札量[MW],196.94,210,1079.32,93.362,7.526,0,139.08,39,144,1909.228
20260501B08,募集量（TSO別）[MW],246,72,975,0,77,298,215,73,275,2231
20260501B08,応札量合計（電源属地別）[MW],7.64,510,1718.94,1413.2,0,0,153.497,128,194,4125.277
20260501B08,落札量合計（電源属地別）[MW],7.64,210,1008.882,733.356,0,0,146.562,101,147,2354.44
20260501B08,応札件数（電源属地別）[件],3,3,29,10,0,0,2,5,3,55
20260501B08,落札件数（電源属地別）[件],3,3,18,7,0,0,2,4,3,40
20260501B08,最高落札価格（電源属地別）[円/kW・30分],4.54,4.02,3.28,2.81,0,0,2.55,5.53,4.2,5.53
20260501B08,最低落札価格（電源属地別）[円/kW・30分],4.4,4,0.74,0.57,0,0,2.41,2.05,2.92,0.57
20260501B08,平均落札価格（電源属地別）[円/kW・30分],4.48,4.01,1.68,0.72,0,0,2.48,2.15,3.61,1.79
20260501B08,最高落札価格（TSO別）[円/kW・30分],4.54,4.02,3.28,2.81,0.82,2.41,2.55,5.53,4.2,5.53
20260501B08,最低落札価格（TSO別）[円/kW・30分],4.4,4,0.74,0.58,0.57,0.62,0.62,0.6,0.57,0.57
20260501B08,平均落札価格（TSO別）[円/kW・30分],4.48,4.01,1.68,0.93,0.65,1.1,1.61,1.45,2.15,1.79
20260501B08,落札量合計（TSO別）[MW],7.64,210,1008.882,129.918,77,298,261,78,284,2354.44
20260501B08,（内訳）自エリアからの落札量[MW],7.64,210,1008.882,129.918,0,0,137.02,36,147,1676.46
20260501B09,募集量（TSO別）[MW],260,71,975,0,77,294,223,73,279,2252
20260501B09,応札量合計（電源属地別）[MW],54.04,510,1715.248,1394.6,0,0,153.497,133,166,4126.385
20260501B09,落札量合計（電源属地別）[MW],54.04,210,1013.454,715.756,0,0,153.497,99,102,2347.747
20260501B09,応札件数（電源属地別）[件],3,3,29,10,0,0,2,4,4,55
20260501B09,落札件数（電源属地別）[件],3,3,18,7,0,0,2,3,4,40
20260501B09,最高落札価格（電源属地別）[円/kW・30分],4.85,4.01,3.84,2.83,0,0,2.55,2.15,4.23,4.85
20260501B09,最低落札価格（電源属地別）[円/kW・30分],4.4,3.98,0.43,0.61,0,0,2.41,2.05,2.97,0.43
20260501B09,平均落札価格（電源属地別）[円/kW・30分],4.81,4,1.95,0.76,0,0,2.48,2.08,3.95,1.96
20260501B09,最高落札価格（TSO別）[円/kW・30分],4.85,4.01,3.84,2.83,0.81,3.84,2.55,2.05,4.23,4.85
20260501B09,最低落札価格（TSO別）[円/kW・30分],4.4,3.98,0.43,0.65,0.61,0.63,0.61,0.65,0.61,0.43
20260501B09,平均落札価格（TSO別）[円/kW・30分],4.81,4,1.95,0.95,0.67,1.18,1.53,1.35,2.01,1.96
20260501B09,落札量合計（TSO別）[MW],54.04,210,1000.722,86.234,77,294,261.751,85,279,2347.747
20260501B09,（内訳）自エリアからの落札量[MW],54.04,210,1000.722,86.234,0,0,119.771,37,102,1609.767
20260501B10,募集量（TSO別）[MW],260,72,975,0,77,298,230,73,290,2275
20260501B10,応札量合計（電源属地別）[MW],7.64,510,1852.79,1485.4,0,0,153.497,134,256,4399.327
20260501B10,落札量合計（電源属地別）[MW],7.64,210,1553.088,949.556,0,0,153.497,99,148,3120.781
20260501B10,応札件数（電源属地別）[件],3,3,27,11,0,0,2,4,4,54
20260501B10,落札件数（電源属地別）[件],3,3,21,7,0,0,2,3,4,43
20260501B10,最高落札価格（電源属地別）[円/kW・30分],4.54,3.95,3.84,2.45,0,0,2.55,2.15,4.24,4.54
20260501B10,最低落札価格（電源属地別）[円/kW・30分],4.4,3.92,0.39,0.4,0,0,2.41,2.05,2.98,0.39
20260501B10,平均落札価格（電源属地別）[円/kW・30分],4.48,3.94,1.76,0.58,0,0,2.48,2.08,3.75,1.69
20260501B10,最高落札価格（TSO別）[円/kW・30分],4.54,3.95,3.84,2.45,0.69,2.55,2.55,2.05,4.24,4.54
20260501B10,最低落札価格（TSO別）[円/kW・30分],4.4,3.92,0.39,0.4,0.4,0.4,0.4,0.4,0.4,0.39
20260501B10,平均落札価格（TSO別）[円/kW・30分],4.48,3.94,1.76,0.68,0.57,1.06,1.48,1.19,2.02,1.69
20260501B10,落札量合計（TSO別）[MW],7.64,210,1553.088,316.734,77,298,265.319,86,307,3120.781
20260501B10,（内訳）自エリアからの落札量[MW],7.64,210,1553.088,316.734,0,0,123.399,41,148,2399.861
20260501B11,募集量（TSO別）[MW],260,72,975,0,77,298,230,73,290,2275
20260501B11,応札量合計（電源属地別）[MW],71.04,510,1716.846,1470.7,0,0,153.497,134,280,4336.083
20260501B11,落札量合計（電源属地別）[MW],71.04,210,1197.836,692.156,0,0,153.497,99,148,2571.529
20260501B11,応札件数（電源属地別）[件],4,3,28,11,0,0,2,4,4,56
20260501B11,落札件数（電源属地別）[件],4,3,18,6,0,0,2,3,4,40
20260501B11,最高落札価格（電源属地別）[円/kW・30分],4.85,3.94,11.35,2.9,0,0,2.56,2.15,4.11,11.35
20260501B11,最低落札価格（電源属地別）[円/kW・30分],1.01,3.9,0.39,0.59,0,0,2.42,2.05,2.83,0.39
20260501B11,平均落札価格（電源属地別）[円/kW・30分],3.9,3.93,2.02,0.71,0,0,2.49,2.08,3.61,2
20260501B11,最高落札価格（TSO別）[円/kW・30分],4.85,3.94,11.35,2.9,2.9,2.56,2.56,2.15,4.11,11.35
20260501B11,最低落札価格（TSO別）[円/kW・30分],1.01,3.9,0.39,0.59,0.63,0.59,0.59,0.63,0.59,0.39
20260501B11,平均落札価格（TSO別）[円/kW・30分],3.9,3.93,2.03,0.87,0.97,1.29,1.45,1.32,2.07,2
20260501B11,落札量合計（TSO別）[MW],93.722,187.318,1161.565,104.68,77,298,256.244,86,307,2571.529
20260501B11,（内訳）自エリアからの落札量[MW],71.04,187.318,1161.565,104.68,0,0,114.324,41,148,1827.927
20260501B12,募集量（TSO別）[MW],260,72,975,0,77,298,230,73,290,2275
20260501B12,応札量合計（電源属地別）[MW],34.75,510,1750.446,1536.3,3.63,0,153.497,135,280,4403.623
20260501B12,落札量合計（電源属地別）[MW],34.75,210,1042.363,626.897,3.63,0,153.497,125,148,2344.137
20260501B12,応札件数（電源属地別）[件],2,3,30,13,1,0,2,5,4,60
20260501B12,落札件数（電源属地別）[件],2,3,20,8,1,0,2,5,4,45
20260501B12,最高落札価格（電源属地別）[円/kW・30分],4.5,4.04,11.88,3.66,1.49,0,2.55,5.53,4.11,11.88
20260501B12,最低落札価格（電源属地別）[円/kW・30分],1.01,4.01,0.39,0.63,1.49,0,2.41,0.38,2.81,0.38
20260501B12,平均落札価格（電源属地別）[円/kW・30分],1.39,4.03,2.14,0.84,1.49,0,2.48,1.77,3.6,2.04
20260501B12,最高落札価格（TSO別）[円/kW・30分],4.5,4.04,11.88,3.66,3.1,3.1,2.55,5.53,4.11,11.88
20260501B12,最低落札価格（TSO別）[円/kW・30分],1.01,4.01,0.39,0.63,0.63,0.65,0.65,0.38,0.63,0.38
20260501B12,平均落札価格（TSO別）[円/kW・30分],3.19,4.03,2.2,1.18,0.95,1.49,1.47,1.27,2.07,2.04
20260501B12,落札量合計（TSO別）[MW],109.75,135,975,103.586,77,298,252.801,86,307,2344.137
20260501B12,（内訳）自エリアからの落札量[MW],34.75,135,975,103.586,3.63,0,110.871,66,148,1576.837
20260501B13,募集量（TSO別）[MW],308,181,1057,0,106,361,332,110,397,2852
20260501B13,応札量合計（電源属地別）[MW],206.958,510,1816.534,1517.6,0,0,153.497,172,316,4692.589
20260501B13,落札量合計（電源属地別）[MW],206.958,210,1178.15,838.157,0,0,153.497,172,316,3074.762
20260501B13,応札件数（電源属地別）[件],5,3,35,12,0,0,2,6,4,67
20260501B13,落札件数（電源属地別）[件],5,3,24,8,0,0,2,6,4,52
20260501B13,最高落札価格（電源属地別）[円/kW・30分],14.87,4.08,5.96,3.6,0,0,1.55,4.53,4.15,14.87
20260501B13,最低落札価格（電源属地別）[円/kW・30分],1.01,4.06,0.7,0.62,0,0,1.41,0.38,2.81,0.38
20260501B13,平均落札価格（電源属地別）[円/kW・30分],4.17,4.07,1.64,0.77,0,0,1.48,1.02,3.78,1.92
20260501B13,最高落札価格（TSO別）[円/kW・30分],14.87,4.08,5.96,0.79,3.6,3.04,1.55,4.53,4.15,14.87
20260501B13,最低落札価格（TSO別）[円/kW・30分],0.88,1.22,0.7,0.62,0.62,0.62,0.65,0.38,0.38,0.38
20260501B13,平均落札価格（TSO別）[円/kW・30分],3.51,3.8,1.69,0.65,0.94,0.79,1.13,1.19,2.91,1.92
20260501B13,落札量合計（TSO別）[MW],271.403,232,1057,152.526,106,361,324.833,136,434,3074.762
20260501B13,（内訳）自エリアからの落札量[MW],206.958,210,1057,152.526,0,0,153.497,136,316,2231.981
20260501B14,募集量（TSO別）[MW],318,210,1139,0,112,411,341,112,464,3107
20260501B14,応札量合計（電源属地別）[MW],163.65,510,1841.624,1400,0,0,153.497,159,350,4577.771
20260501B14,落札量合計（電源属地別）[MW],163.65,210,1262.373,987.156,0,0,143.08,159,347,3272.259
20260501B14,応札件数（電源属地別）[件],3,3,32,9,0,0,2,3,3,55
20260501B14,落札件数（電源属地別）[件],3,3,27,7,0,0,2,3,3,48
20260501B14,最高落札価格（電源属地別）[円/kW・30分],9.4,4.06,2.57,2.8,0,0,1.32,2.15,3.96,9.4
20260501B14,最低落札価格（電源属地別）[円/kW・30分],1.01,4.03,0.39,0.63,0,0,1.18,0.38,2.96,0.38
20260501B14,平均落札価格（電源属地別）[円/kW・30分],1.21,4.05,1.41,0.75,0,0,1.24,0.85,3.64,1.57
20260501B14,最高落札価格（TSO別）[円/kW・30分],9.4,4.06,2.57,2.8,0.99,0.82,1.32,2.15,3.96,9.4
20260501B14,最低落札価格（TSO別）[円/kW・30分],0.92,1.02,0.39,0.63,0.63,0.65,0.38,0.38,0.38,0.38
20260501B14,平均落札価格（TSO別）[円/kW・30分],1.29,3.54,1.42,0.84,0.79,0.67,0.96,1.07,2.65,1.57
20260501B14,落札量合計（TSO別）[MW],238.65,253,1144.373,397.62,112,206.596,298.02,108,514,3272.259
20260501B14,（内訳）自エリアからの落札量[MW],163.65,210,1144.373,397.62,0,0,143.08,108,347,2513.723
20260501B15,募集量（TSO別）[MW],322,220,1206,0,125,427,366,116,500,3282
20260501B15,応札量合計（電源属地別）[MW],203.64,580,1751.316,1390.3,0,179.058,153.497,169,650,5076.811
20260501B15,落札量合計（電源属地別）[MW],203.64,307,1320,987.156,0,179.058,144.08,148,575,3863.934
20260501B15,応札件数（電源属地別）[件],5,3,32,9,0,1,2,3,4,59
20260501B15,落札件数（電源属地別）[件],5,3,26,7,0,1,2,2,4,50
20260501B15,最高落札価格（電源属地別）[円/kW・30分],10,3.89,2.83,3.1,0,0.39,3.56,2.05,5.81,10
20260501B15,最低落札価格（電源属地別）[円/kW・30分],4.75,2.09,0.5,0.77,0,0.39,3.42,0.38,2.98,0.38
20260501B15,平均落札価格（電源属地別）[円/kW・30分],5.13,2.91,1.32,0.86,0,0.39,3.49,0.76,4.77,2.06
20260501B15,最高落札価格（TSO別）[円/kW・30分],10,3.89,2.83,3.1,0.86,3.1,3.56,2.05,5.81,10
20260501B15,最低落札価格（TSO別）[円/kW・30分],2.09,0.64,0.5,0.77,0.77,0.39,0.79,0.38,2.98,0.38
20260501B15,平均落札価格（TSO別）[円/kW・30分],4.31,2.35,1.38,0.87,0.8,0.64,2.03,0.76,4.77,2.06
20260501B15,落札量合計（TSO別）[MW],278.64,346,1206,506.82,125,357.454,321.02,148,575,3863.934
20260501B15,（内訳）自エリアからの落札量[MW],203.64,232,1206,506.82,0,179.058,144.08,148,575,3194.598
20260501B16,募集量（TSO別）[MW],322,240,1260,0,137,449,369,121,513,3411
20260501B16,応札量合計（電源属地別）[MW],117.04,580,1586.228,1393,3.826,179.058,153.497,174,650,4836.649
20260501B16,落札量合計（電源属地別）[MW],117.04,289.032,1402.968,984.156,3.826,179.058,145.08,154,599,3874.16
20260501B16,応札件数（電源属地別）[件],4,3,28,9,1,1,2,4,4,56
20260501B16,落札件数（電源属地別）[件],4,3,24,7,1,1,2,3,4,49
20260501B16,最高落札価格（電源属地別）[円/kW・30分],14.87,3.42,3.14,2.65,2.69,0.39,3.76,2.05,5.88,14.87
20260501B16,最低落札価格（電源属地別）[円/kW・30分],1.01,1.57,0.51,0.58,2.69,0.39,3.62,0.38,3.05,0.38
20260501B16,平均落札価格（電源属地別）[円/kW・30分],7.15,2.52,1.12,0.74,2.69,0.39,3.69,0.76,4.81,1.93
20260501B16,最高落札価格（TSO別）[円/kW・30分],14.87,3.42,3.14,2.65,2.69,0.88,3.76,2.05,5.88,14.87
20260501B16,最低落札価格（TSO別）[円/kW・30分],1.01,0.58,0.51,0.58,0.58,0.39,0.58,0.38,3.05,0.38
20260501B16,平均落札価格（TSO別）[円/kW・30分],5.39,1.79,1.16,0.79,0.69,0.55,2,0.76,4.81,1.93
20260501B16,落札量合計（TSO別）[MW],192.04,357,1260,516.146,137,324.954,334.02,154,599,3874.16
20260501B16,（内訳）自エリアからの落札量[MW],117.04,214.032,1260,516.146,3.826,179.058,145.08,154,599,3188.182
20260501B17,募集量（TSO別）[MW],322,240,1260,0,137,449,369,124,513,3414
20260501B17,応札量合計（電源属地別）[MW],108.74,510,1728.652,1273,2.634,138.86,153.497,175,650,4740.383
20260501B17,落札量合計（電源属地別）[MW],108.74,297.022,1319.978,912,2.634,138.86,153.497,154,624,3710.731
20260501B17,応札件数（電源属地別）[件],3,3,26,9,1,1,2,3,4,52
20260501B17,落札件数（電源属地別）[件],3,3,20,6,1,1,2,2,4,42
20260501B17,最高落札価格（電源属地別）[円/kW・30分],9.4,2.01,2.99,1.06,1.76,0.39,2.82,2.05,5.95,9.4
20260501B17,最低落札価格（電源属地別）[円/kW・30分],1.01,1.17,0.54,0.58,1.76,0.39,2.68,0.38,3.12,0.38
20260501B17,平均落札価格（電源属地別）[円/kW・30分],1.45,1.67,0.85,0.7,1.76,0.39,2.75,0.75,4.88,1.63
20260501B17,最高落札価格（TSO別）[円/kW・30分],9.4,2.01,2.99,1.06,1.76,0.39,2.82,2.05,5.95,9.4
20260501B17,最低落札価格（TSO別）[円/kW・30分],0.58,0.69,0.54,0.58,0.58,0.39,2.68,0.38,3.12,0.38
20260501B17,平均落札価格（TSO別）[円/kW・30分],1.2,1.67,0.86,0.7,0.71,0.39,2.75,0.75,4.88,1.63
20260501B17,落札量合計（TSO別）[MW],183.74,282,1260,777.634,137,138.86,153.497,154,624,3710.731
20260501B17,（内訳）自エリアからの落札量[MW],108.74,267,1259.718,777.634,2.634,138.86,153.497,154,624,3486.083
20260501B18,募集量（TSO別）[MW],322,240,1260,0,137,449,369,124,513,3414
20260501B18,応札量合計（電源属地別）[MW],135.74,510,1640.146,1268,0,117.788,153.497,165,650,4640.171
20260501B18,落札量合計（電源属地別）[MW],135.74,290.536,1326.464,919.8,0,117.788,153.497,154,643,3740.825
20260501B18,応札件数（電源属地別）[件],3,3,27,9,0,1,2,2,4,51
20260501B18,落札件数（電源属地別）[件],3,3,21,6,0,1,2,2,4,42
20260501B18,最高落札価格（電源属地別）[円/kW・30分],9.5,4.03,6.9,1.15,0,0.39,3.56,2.05,6.32,9.5
20260501B18,最低落札価格（電源属地別）[円/kW・30分],1.01,2.68,0.96,0.59,0,0.39,3.42,0.38,3.49,0.38
20260501B18,平均落札価格（電源属地別）[円/kW・30分],1.37,3.01,2.26,0.72,0,0.39,3.49,0.75,5.24,2.35
20260501B18,最高落札価格（TSO別）[円/kW・30分],9.5,4.03,6.9,1.15,1.15,0.39,3.56,2.05,6.32,9.5
20260501B18,最低落札価格（TSO別）[円/kW・30分],1.01,2.68,0.96,0.59,0.59,0.39,3.42,0.38,3.49,0.38
20260501B18,平均落札価格（TSO別）[円/kW・30分],1.75,3.04,2.24,0.73,0.67,0.39,3.49,0.75,5.24,2.35
20260501B18,落札量合計（TSO別）[MW],210.74,282,1260,782.8,137,117.788,153.497,154,643,3740.825
20260501B18,（内訳）自エリアからの落札量[MW],135.74,225.74,1260,782.8,0,117.788,153.497,154,643,3472.565
20260501B19,募集量（TSO別）[MW],333,326,1579,49,189,636,426,128,591,4257
20260501B19,応札量合計（電源属地別）[MW],193.556,580,1483.968,1263,2.998,0,153.497,237,650,4564.019
20260501B19,落札量合計（電源属地別）[MW],193.556,345,1463.968,934,1.004,0,153.497,237,650,3978.025
20260501B19,応札件数（電源属地別）[件],5,3,23,10,2,0,2,5,4,54
20260501B19,落札件数（電源属地別）[件],5,3,23,7,1,0,2,5,4,50
20260501B19,最高落札価格（電源属地別）[円/kW・30分],14,8.03,9.43,1.15,3.73,0,1.16,4.15,6.33,14
20260501B19,最低落札価格（電源属地別）[円/kW・30分],1.05,5.07,1.3,0.61,3.73,0,1.02,0.38,3.5,0.38
20260501B19,平均落札価格（電源属地別）[円/kW・30分],1.43,6.27,3.73,0.76,3.73,0,1.09,1.28,5.24,3.14
20260501B19,最高落札価格（TSO別）[円/kW・30分],14,8.03,9.43,1.15,3.73,1.15,1.16,4.15,6.33,14
20260501B19,最低落札価格（TSO別）[円/kW・30分],1.05,1.49,1.3,0.61,0.61,0.61,0.38,0.38,3.5,0.38
20260501B19,平均落札価格（TSO別）[円/kW・30分],2.97,4.75,3.87,0.77,0.72,0.85,0.86,1.68,5.24,3.14
20260501B19,落札量合計（TSO別）[MW],268.556,452,1281.968,723.8,189,22.204,225.882,164.615,650,3978.025
20260501B19,（内訳）自エリアからの落札量[MW],193.556,270,1281.968,723.8,1.004,0,153.497,164.615,650,3438.44
20260501B20,募集量（TSO別）[MW],345,322,1645,65,198,698,499,163,593,4528
20260501B20,応札量合計（電源属地別）[MW],199.566,750,1545.502,1089.6,1.994,0,253.265,245,650,4734.927
20260501B20,落札量合計（電源属地別）[MW],199.566,432.666,1445.685,871.456,0,0,253.265,245,650,4097.638
20260501B20,応札件数（電源属地別）[件],4,4,24,7,1,0,5,4,4,53
20260501B20,落札件数（電源属地別）[件],4,4,24,6,0,0,5,4,4,51
20260501B20,最高落札価格（電源属地別）[円/kW・30分],10,6.07,7.74,1.47,0,0,2.13,4.05,5.89,10
20260501B20,最低落札価格（電源属地別）[円/kW・30分],1.01,3.11,1.07,1.09,0,0,0.39,0.38,3.06,0.38
20260501B20,平均落札価格（電源属地別）[円/kW・30分],1.25,4.35,3.3,1.21,0,0,0.6,1.21,4.8,2.81
20260501B20,最高落札価格（TSO別）[円/kW・30分],10,7.54,7.74,1.47,1.47,0,2.13,4.05,5.89,10
20260501B20,最低落札価格（TSO別）[円/kW・30分],1.01,3.11,1.07,1.09,1.09,0,0.38,0.38,3.06,0.38
20260501B20,平均落札価格（TSO別）[円/kW・30分],2.27,4.23,3.23,1.23,1.16,0,0.61,1.54,4.8,2.81
20260501B20,落札量合計（TSO別）[MW],274.566,456,1347.351,673.456,198,0,342.738,155.527,650,4097.638
20260501B20,（内訳）自エリアからの落札量[MW],199.566,359,1347.351,673.456,0,0,253.265,155.527,650,3638.165
20260501B21,募集量（TSO別）[MW],347,322,1681,67,205,709,499,187,593,4610
20260501B21,応札量合計（電源属地別）[MW],223.64,750,1385.19,1539,10.66,6.4,181.73,270,581,4947.62
20260501B21,落札量合計（電源属地別）[MW],223.64,453.102,1385.19,649.356,8.666,6.4,181.73,270,581,3759.084
20260501B21,応札件数（電源属地別）[件],4,4,23,12,2,1,4,4,4,58
20260501B21,落札件数（電源属地別）[件],4,4,23,7,1,1,4,4,4,52
20260501B21,最高落札価格（電源属地別）[円/kW・30分],14,5.39,7.21,2.07,3.12,10.48,2.13,4.05,5.47,14
20260501B21,最低落札価格（電源属地別）[円/kW・30分],1.01,2.43,0.94,1.2,3.12,10.48,0.39,0.38,2.64,0.38
20260501B21,平均落札価格（電源属地別）[円/kW・30分],1.26,3.61,2.78,1.47,3.12,10.48,0.67,1.13,4.52,2.62
20260501B21,最高落札価格（TSO別）[円/kW・30分],14,5.39,7.21,1.96,3.12,10.48,2.13,4.05,5.47,14
20260501B21,最低落札価格（TSO別）[円/kW・30分],1.01,0.94,0.94,1.2,1.2,10.48,0.38,0.38,2.64,0.38
20260501B21,平均落札価格（TSO別）[円/kW・30分],1.84,3.33,2.83,1.47,1.55,10.48,0.7,1.22,4.52,2.62
20260501B21,落札量合計（TSO別）[MW],298.64,461,1302.292,453.022,205,6.4,235.088,216.642,581,3759.084
20260501B21,（内訳）自エリアからの落札量[MW],223.64,378.102,1302.292,453.022,8.666,6.4,181.73,216.642,581,3351.494
20260501B22,募集量（TSO別）[MW],347,321,1699,91,199,709,499,201,593,4659
20260501B22,応札量合計（電源属地別）[MW],200.64,750,1302.268,667,10.838,6.4,253.265,265,651,4106.411
20260501B22,落札量合計（電源属地別）[MW],200.64,455.428,1302.268,543.472,8.844,6.4,253.265,219.457,651,3640.774
20260501B22,応札件数（電源属地別）[件],4,4,22,4,2,1,5,4,5,51
20260501B22,落札件数（電源属地別）[件],4,4,22,4,1,1,5,3,5,49
20260501B22,最高落札価格（電源属地別）[円/kW・30分],7.1,6.07,7.21,2.5,3.01,10.48,2.13,2.05,5.33,10.48
20260501B22,最低落札価格（電源属地別）[円/kW・30分],1.01,3.11,0.95,1.25,3.01,10.48,0.39,0.38,2.5,0.38
20260501B22,平均落札価格（電源属地別）[円/kW・30分],1.22,4.28,2.81,1.77,3.01,10.48,0.59,0.65,4.24,2.74
20260501B22,最高落札価格（TSO別）[円/kW・30分],7.1,6.07,7.21,2.5,3.01,10.48,2.13,2.05,5.33,10.48
20260501B22,最低落札価格（TSO別）[円/kW・30分],1.01,1.03,0.95,1.25,1.25,2.5,0.39,0.38,2.5,0.38
20260501B22,平均落札価格（TSO別）[円/kW・30分],2.25,3.65,2.91,1.84,1.69,7.02,0.59,0.65,4.24,2.74
20260501B22,落札量合計（TSO別）[MW],275.64,460,1222.696,348.412,199,11.304,253.265,219.457,651,3640.774
20260501B22,（内訳）自エリアからの落札量[MW],200.64,380.428,1222.696,348.412,8.844,6.4,253.265,219.457,651,3291.142
20260501B23,募集量（TSO別）[MW],333,322,1702,91,214,657,499,185,593,4596
20260501B23,応札量合計（電源属地別）[MW],198.74,750,1476.186,721,1.994,6.4,152.737,272,651,4230.057
20260501B23,落札量合計（電源属地別）[MW],198.74,424.74,1436.738,634.091,1.994,6.4,152.737,220.457,651,3726.897
20260501B23,応札件数（電源属地別）[件],3,4,27,4,1,1,4,4,5,53
20260501B23,落札件数（電源属地別）[件],3,4,27,4,1,1,4,3,5,52
20260501B23,最高落札価格（電源属地別）[円/kW・30分],14,4.14,15,2.29,15,10.48,2.13,2.05,5.3,15
20260501B23,最低落札価格（電源属地別）[円/kW・30分],1.01,1.18,1,1.44,15,10.48,0.39,0.38,2.47,0.38
20260501B23,平均落札価格（電源属地別）[円/kW・30分],1.25,2.44,2.48,1.88,15,10.48,0.73,0.65,4.21,2.45
20260501B23,最高落札価格（TSO別）[円/kW・30分],14,4.14,15,2.29,15,2.29,10.48,2.05,5.3,15
20260501B23,最低落札価格（TSO別）[円/kW・30分],1.01,1.09,1,1.44,1.44,1.44,0.39,0.38,2.47,0.38
20260501B23,平均落札価格（TSO別）[円/kW・30分],1.75,2.24,2.52,1.89,1.67,2.23,1.4,0.65,4.21,2.45
20260501B23,落札量合計（TSO別）[MW],273.74,460,1326.478,238.681,214,134.439,208.102,220.457,651,3726.897
20260501B23,（内訳）自エリアからの落札量[MW],198.74,359,1326.478,238.681,1.994,0,152.737,220.457,651,3149.087
20260501B24,募集量（TSO別）[MW],325,295,1679,91,198,637,499,184,593,4501
20260501B24,応札量合計（電源属地別）[MW],186.656,750,1601.396,701,13.778,6.4,307.826,272,652.93,4491.986
20260501B24,落札量合計（電源属地別）[MW],186.656,434,1359.038,614.091,13.778,6.4,307.826,219.457,652.93,3794.176
20260501B24,応札件数（電源属地別）[件],4,4,24,4,2,1,5,4,6,54
20260501B24,落札件数（電源属地別）[件],4,4,24,4,2,1,5,3,6,53
20260501B24,最高落札価格（電源属地別）[円/kW・30分],11.3,3.89,15,2.38,15,10.48,2.13,2.05,4.87,15
20260501B24,最低落札価格（電源属地別）[円/kW・30分],1.03,0.93,0.36,1.32,2.48,10.48,0.39,0.38,2.04,0.36
20260501B24,平均落札価格（電源属地別）[円/kW・30分],1.35,2.16,1.75,1.85,4.29,10.48,0.56,0.66,3.78,2.01
20260501B24,最高落札価格（TSO別）[円/kW・30分],11.3,15,7.76,2.38,15,10.48,2.13,2.05,4.87,15
20260501B24,最低落札価格（TSO別）[円/kW・30分],0.93,0.84,0.36,1.32,1.32,2.38,0.39,0.38,2.04,0.36
20260501B24,平均落札価格（TSO別）[円/kW・30分],1.78,2.12,1.71,1.83,1.83,2.99,0.56,0.66,3.78,2.01
20260501B24,落札量合計（TSO別）[MW],261.656,434,1284.038,351.865,198,84.404,307.826,219.457,652.93,3794.176
20260501B24,（内訳）自エリアからの落札量[MW],186.656,359,1284.038,351.865,13.778,6.4,307.826,219.457,652.93,3381.95
20260501B25,募集量（TSO別）[MW],278,294,1612,165,182,575,472,203,661,4442
20260501B25,応札量合計（電源属地別）[MW],226.74,750,1650.2,791,55.346,73.738,296.346,262,352.93,4458.3
20260501B25,落札量合計（電源属地別）[MW],226.74,415,1412.2,527.799,55.346,73.738,296.346,233,352.93,3593.099
20260501B25,応札件数（電源属地別）[件],3,4,24,2,1,2,5,4,5,50
20260501B25,落札件数（電源属地別）[件],3,4,21,2,1,2,5,3,5,46
20260501B25,最高落札価格（電源属地別）[円/kW・30分],11.3,3.4,7.21,0.92,0.39,10.48,2.13,2.05,3.8,11.3
20260501B25,最低落札価格（電源属地別）[円/kW・30分],1.01,1.56,0.36,0.39,0.39,0.39,0.39,0.38,0.39,0.36
20260501B25,平均落札価格（電源属地別）[円/kW・30分],1.25,2.43,1.63,0.69,0.39,1.27,0.56,0.72,0.86,1.31
20260501B25,最高落札価格（TSO別）[円/kW・30分],11.3,3.4,7.21,0.92,0.92,10.48,2.13,2.05,3.8,11.3
20260501B25,最低落札価格（TSO別）[円/kW・30分],1.01,1.04,0.36,0.39,0.39,0.39,0.39,0.38,0.39,0.36
20260501B25,平均落札価格（TSO別）[円/kW・30分],1.31,2.3,1.66,0.78,0.39,1.27,0.57,0.72,0.85,1.31
20260501B25,落札量合計（TSO別）[MW],282.74,437,1334.2,401.145,182,73.738,286.41,233,362.866,3593.099
20260501B25,（内訳）自エリアからの落札量[MW],226.74,359,1334.2,401.145,55.346,73.738,286.41,233,352.93,3322.509
20260501B26,募集量（TSO別）[MW],278,337,1612,166,182,575,472,203,661,4486
20260501B26,応札量合計（電源属地別）[MW],210.74,750,1764.79,795,98.248,73.37,152.739,258,352.93,4455.817
20260501B26,落札量合計（電源属地別）[MW],210.74,431,1569.79,498.551,98.248,73.37,152.739,233,352.93,3620.368
20260501B26,応札件数（電源属地別）[件],3,4,31,2,1,2,4,4,5,56
20260501B26,落札件数（電源属地別）[件],3,4,31,2,1,2,4,3,5,55
20260501B26,最高落札価格（電源属地別）[円/kW・30分],11.3,3.81,15,0.59,0.39,10.48,2.13,2.05,3.8,15
20260501B26,最低落札価格（電源属地別）[円/kW・30分],1.01,1.76,0.36,0.39,0.39,0.39,0.39,0.38,0.39,0.36
20260501B26,平均落札価格（電源属地別）[円/kW・30分],1.27,2.73,1.82,0.51,0.39,1.27,0.73,0.72,0.43,1.41
20260501B26,最高落札価格（TSO別）[円/kW・30分],11.3,3.81,15,0.59,0.39,10.48,2.13,2.05,3.8,15
20260501B26,最低落札価格（TSO別）[円/kW・30分],1.01,0.79,0.36,0.39,0.39,0.39,0.39,0.38,0.39,0.36
20260501B26,平均落札価格（TSO別）[円/kW・30分],1.39,2.49,1.87,0.53,0.39,1.27,0.73,0.72,0.43,1.41
20260501B26,落札量合計（TSO別）[MW],282.74,480,1448.79,414.799,182,73.37,152.739,233,352.93,3620.368
20260501B26,（内訳）自エリアからの落札量[MW],210.74,359,1448.79,414.799,98.248,73.37,152.739,233,352.93,3343.616
20260501B27,募集量（TSO別）[MW],278,376,1612,168,182,575,472,203,661,4527
20260501B27,応札量合計（電源属地別）[MW],133.656,750,1735.724,795,52.986,71.472,410.23,259,351.93,4559.998
20260501B27,落札量合計（電源属地別）[MW],133.656,694.324,1511.676,527.799,52.986,71.472,410.23,233,351.93,3987.073
20260501B27,応札件数（電源属地別）[件],4,4,23,2,1,2,6,4,4,50
20260501B27,落札件数（電源属地別）[件],4,4,21,2,1,2,6,3,4,47
20260501B27,最高落札価格（電源属地別）[円/kW・30分],11.3,3.73,7.21,0.39,0.39,10.48,2.13,2.05,3.8,11.3
20260501B27,最低落札価格（電源属地別）[円/kW・30分],1.01,1.72,0.36,0.39,0.39,0.39,0.39,0.38,0.39,0.36
20260501B27,平均落札価格（電源属地別）[円/kW・30分],1.55,2.68,1.26,0.39,0.39,0.98,0.52,0.73,0.76,1.23
20260501B27,最高落札価格（TSO別）[円/kW・30分],11.3,3.73,7.21,0.39,0.39,10.48,2.13,2.05,3.8,11.3
20260501B27,最低落札価格（TSO別）[円/kW・30分],1.01,0.44,0.36,0.39,0.39,0.39,0.39,0.38,0.39,0.36
20260501B27,平均落札価格（TSO別）[円/kW・30分],1.61,2.41,1.48,0.39,0.39,0.98,0.54,0.73,0.71,1.23
20260501B27,落札量合計（TSO別）[MW],208.656,519,1612,398.785,182,71.472,349.23,233,412.93,3987.073
20260501B27,（内訳）自エリアからの落札量[MW],133.656,359,1351.676,398.785,52.986,71.472,349.23,233,351.93,3301.735
20260501B28,募集量（TSO別）[MW],274,361,1612,170,176,569,472,203,635,4472
20260501B28,応札量合計（電源属地別）[MW],69.656,750,1770.112,799,50.364,69.482,105.048,231,351.93,4196.592
20260501B28,落札量合計（電源属地別）[MW],69.656,686.366,1501.634,527.799,50.364,69.482,105.048,203,351.93,3565.279
20260501B28,応札件数（電源属地別）[件],4,4,26,2,1,1,3,2,4,47
20260501B28,落札件数（電源属地別）[件],4,4,23,2,1,1,3,2,4,44
20260501B28,最高落札価格（電源属地別）[円/kW・30分],14.5,3.75,7.19,0.48,0.39,0.39,2.13,2.05,3.8,14.5
20260501B28,最低落札価格（電源属地別）[円/kW・30分],1.2,2.19,0.36,0.39,0.39,0.39,0.39,0.38,0.39,0.36
20260501B28,平均落札価格（電源属地別）[円/kW・30分],2.3,2.84,1.2,0.44,0.39,0.39,0.88,0.52,0.76,1.31
20260501B28,最高落札価格（TSO別）[円/kW・30分],14.5,3.75,7.19,0.48,0.48,0.39,2.13,2.05,3.8,14.5
20260501B28,最低落札価格（TSO別）[円/kW・30分],0.36,0.36,0.36,0.39,0.39,0.39,0.39,0.38,0.39,0.36
20260501B28,平均落札価格（TSO別）[円/kW・30分],1.71,2.24,1.58,0.45,0.41,0.39,0.88,0.52,0.76,1.31
20260501B28,落札量合計（TSO別）[MW],144.656,501,1612,401.163,177,69.482,105.048,203,351.93,3565.279
20260501B28,（内訳）自エリアからの落札量[MW],69.656,359,1317.29,401.163,50.364,69.482,105.048,203,351.93,2926.933
20260501B29,募集量（TSO別）[MW],264,353,1566,170,170,568,452,203,627,4373
20260501B29,応札量合計（電源属地別）[MW],7.656,240,2021.772,806,59.012,19.85,248.658,233,351.93,3987.878
20260501B29,落札量合計（電源属地別）[MW],7.656,237.98,1848.02,522.799,59.012,19.85,248.658,203,351.93,3498.905
20260501B29,応札件数（電源属地別）[件],3,1,35,2,1,1,4,2,4,53
20260501B29,落札件数（電源属地別）[件],3,1,32,2,1,1,4,2,4,50
20260501B29,最高落札価格（電源属地別）[円/kW・30分],14.5,2.36,7.19,0.55,0.39,0.39,2.13,2.05,3.8,14.5
20260501B29,最低落札価格（電源属地別）[円/kW・30分],10,2.36,0.36,0.39,0.39,0.39,0.39,0.38,0.39,0.36
20260501B29,平均落札価格（電源属地別）[円/kW・30分],11.22,2.36,1.59,0.48,0.39,0.39,1.05,0.52,0.74,1.28
20260501B29,最高落札価格（TSO別）[円/kW・30分],14.5,3.14,7.19,0.55,0.39,0.39,2.13,2.05,3.8,14.5
20260501B29,最低落札価格（TSO別）[円/kW・30分],0.43,0.46,0.36,0.39,0.39,0.39,0.39,0.38,0.39,0.36
20260501B29,平均落札価格（TSO別）[円/kW・30分],1.8,2.02,1.62,0.51,0.39,0.39,1.03,0.52,0.76,1.28
20260501B29,落札量合計（TSO別）[MW],82.656,445,1566,409.811,172,19.85,238.722,203,361.866,3498.905
20260501B29,（内訳）自エリアからの落札量[MW],7.656,92,1435.676,409.811,59.012,19.85,238.722,203,351.93,2817.657
20260501B30,募集量（TSO別）[MW],255,330,1511,147,169,575,472,203,616,4278
20260501B30,応札量合計（電源属地別）[MW],205.14,240,1928.498,577.1,108.62,0,131.604,229,350,3769.962
20260501B30,落札量合計（電源属地別）[MW],184,240,1762,472.03,108.62,0,131.604,203,350,3451.254
20260501B30,応札件数（電源属地別）[件],6,1,33,2,1,0,4,2,3,52
20260501B30,落札件数（電源属地別）[件],3,1,29,2,1,0,4,2,3,45
20260501B30,最高落札価格（電源属地別）[円/kW・30分],5.01,2.3,3.14,0.73,0.39,0,2.13,2.05,1.01,5.01
20260501B30,最低落札価格（電源属地別）[円/kW・30分],4.87,2.3,0.36,0.39,0.39,0,0.39,0.38,0.39,0.36
20260501B30,平均落札価格（電源属地別）[円/kW・30分],5,2.3,1.11,0.6,0.39,0,0.78,0.52,0.74,1.22
20260501B30,最高落札価格（TSO別）[円/kW・30分],5.01,2.3,3.14,0.73,0.39,0,2.13,2.05,1.01,5.01
20260501B30,最低落札価格（TSO別）[円/kW・30分],2.3,0.36,0.36,0.39,0.39,0,0.39,0.38,0.39,0.36
20260501B30,平均落札価格（TSO別）[円/kW・30分],4.23,0.86,1.31,0.63,0.39,0,0.78,0.52,0.74,1.22
20260501B30,落札量合計（TSO別）[MW],258,417,1511,409.65,171,0,131.604,203,350,3451.254
20260501B30,（内訳）自エリアからの落札量[MW],184,92,1437,409.65,108.62,0,131.604,203,350,2915.874
20260501B31,募集量（TSO別）[MW],224,490,1266,53,148,480,375,174,581,3791
20260501B31,応札量合計（電源属地別）[MW],203.64,0,1756.496,479,49.942,0,208.286,241,350,3288.364
20260501B31,落札量合計（電源属地別）[MW],203.64,0,1700.992,431.055,49.942,0,208.286,241,350,3184.915
20260501B31,応札件数（電源属地別）[件],5,0,23,3,1,0,5,4,3,44
20260501B31,落札件数（電源属地別）[件],5,0,23,3,1,0,5,4,3,44
20260501B31,最高落札価格（電源属地別）[円/kW・30分],6,0,7.21,2.69,0.39,0,2.13,4.05,1.32,7.21
20260501B31,最低落札価格（電源属地別）[円/kW・30分],3.78,0,0.36,2.28,0.39,0,0.39,0.38,0.39,0.36
20260501B31,平均落札価格（電源属地別）[円/kW・30分],5,0,1.66,2.48,0.39,0,0.64,1.2,0.98,1.79
20260501B31,最高落札価格（TSO別）[円/kW・30分],6,1.09,7.21,2.69,2.69,2.69,2.13,4.05,2.69,7.21
20260501B31,最低落札価格（TSO別）[円/kW・30分],3.78,0.36,0.36,2.69,0.39,0.54,0.38,0.38,0.39,0.36
20260501B31,平均落札価格（TSO別）[円/kW・30分],5,0.61,2,2.69,1.37,1.82,0.63,1.43,1.41,1.79
20260501B31,落札量合計（TSO別）[MW],203.64,244,1249.143,53,148,290.173,324.928,188.031,484,3184.915
20260501B31,（内訳）自エリアからの落札量[MW],203.64,0,1249.143,53,49.942,0,208.286,188.031,350,2302.042
20260501B32,募集量（TSO別）[MW],224,490,1266,53,148,480,375,174,581,3791
20260501B32,応札量合計（電源属地別）[MW],204.64,0,1726.584,614.6,0,0,210.772,243,650,3649.596
20260501B32,落札量合計（電源属地別）[MW],204.64,0,1593.802,614.6,0,0,210.772,243,650,3516.814
20260501B32,応札件数（電源属地別）[件],5,0,24,5,0,0,5,5,4,48
20260501B32,落札件数（電源属地別）[件],5,0,23,5,0,0,5,5,4,47
20260501B32,最高落札価格（電源属地別）[円/kW・30分],6,0,7.21,2.87,0,0,2.13,4.05,5.06,7.21
20260501B32,最低落札価格（電源属地別）[円/kW・30分],4.02,0,0.36,2.27,0,0,0.39,0.38,2.23,0.36
20260501B32,平均落札価格（電源属地別）[円/kW・30分],5,0,1.4,2.49,0,0,0.76,1.21,3.97,2.22
20260501B32,最高落札価格（TSO別）[円/kW・30分],6,3.14,7.21,2.87,2.87,2.87,2.87,4.05,5.06,7.21
20260501B32,最低落札価格（TSO別）[円/kW・30分],4.02,0.36,0.36,2.27,2.27,2.27,0.38,0.38,2.23,0.36
20260501B32,平均落札価格（TSO別）[円/kW・30分],5,0.71,1.58,2.34,2.58,2.49,1.09,1.45,3.97,2.22
20260501B32,落札量合計（TSO別）[MW],204.64,327.802,1266,188.218,93.585,272.335,326.586,187.648,650,3516.814
20260501B32,（内訳）自エリアからの落札量[MW],204.64,0,1266,188.218,0,0,210.772,187.648,650,2707.278
20260501B33,募集量（TSO別）[MW],224,490,1266,53,148,480,375,174,581,3791
20260501B33,応札量合計（電源属地別）[MW],202.65,0,1860.64,396.2,1.034,0,219.548,256,650,3586.072
20260501B33,落札量合計（電源属地別）[MW],202.65,0,1600.64,396.2,1.034,0,219.548,251,645,3316.072
20260501B33,応札件数（電源属地別）[件],4,0,26,4,1,0,4,5,4,48
20260501B33,落札件数（電源属地別）[件],4,0,25,4,1,0,4,5,4,47
20260501B33,最高落札価格（電源属地別）[円/kW・30分],5.01,0,7.21,2.43,0.39,0,0.72,4.05,5.06,7.21
20260501B33,最低落札価格（電源属地別）[円/kW・30分],3.3,0,0.36,2.17,0.39,0,0.39,0.38,2.23,0.36
20260501B33,平均落札価格（電源属地別）[円/kW・30分],4.98,0,1.55,2.32,0.39,0,0.52,1.24,3.98,2.23
20260501B33,最高落札価格（TSO別）[円/kW・30分],5.01,2.84,7.21,2.4,2.43,2.43,2.17,4.05,5.06,7.21
20260501B33,最低落札価格（TSO別）[円/kW・30分],3.3,0.36,0.36,2.17,0.39,0.66,0.38,0.38,2.23,0.36
20260501B33,平均落札価格（TSO別）[円/kW・30分],4.98,0.88,1.73,2.38,1.36,2.12,0.85,1.46,3.98,2.23
20260501B33,落札量合計（TSO別）[MW],202.65,253.408,1266,53,54,297.46,344.554,200,645,3316.072
20260501B33,（内訳）自エリアからの落札量[MW],202.65,0,1266,53,1.034,0,219.548,200,645,2587.232
20260501B34,募集量（TSO別）[MW],222,490,1256,29,146,480,312,169,553,3657
20260501B34,応札量合計（電源属地別）[MW],200.75,0,2059.782,714,9.242,0,153.497,251,650,4038.271
20260501B34,落札量合計（電源属地別）[MW],200.75,0,1751.273,714,9.242,0,153.497,251,636,3715.762
20260501B34,応札件数（電源属地別）[件],3,0,29,6,1,0,2,5,4,50
20260501B34,落札件数（電源属地別）[件],3,0,26,6,1,0,2,5,4,47
20260501B34,最高落札価格（電源属地別）[円/kW・30分],5.01,0,2.71,2.47,0.39,0,1.16,4.15,5.74,5.74
20260501B34,最低落札価格（電源属地別）[円/kW・30分],4.8,0,0.36,1.2,0.39,0,1.02,0.38,2.91,0.36
20260501B34,平均落札価格（電源属地別）[円/kW・30分],5,0,0.83,1.97,0.39,0,1.09,1.27,4.67,1.97
20260501B34,最高落札価格（TSO別）[円/kW・30分],5.01,1.54,2.71,2.44,2.47,2.47,1.22,4.15,5.74,5.74
20260501B34,最低落札価格（TSO別）[円/kW・30分],0.57,0.36,0.36,1.2,0.39,1.2,0.38,0.38,2.91,0.36
20260501B34,平均落札価格（TSO別）[円/kW・30分],4.88,0.74,0.87,1.87,1.78,2.38,0.93,1.53,4.67,1.97
20260501B34,落札量合計（TSO別）[MW],206.023,490,1256,374.096,146,177.596,236.047,194,636,3715.762
20260501B34,（内訳）自エリアからの落札量[MW],200.75,0,1256,374.096,9.242,0,153.497,194,636,2823.585
20260501B35,募集量（TSO別）[MW],212,488,1255,0,142,475,307,159,570,3608
20260501B35,応札量合計（電源属地別）[MW],248.54,0,1978.742,800,4.406,0,232.493,202,350,3816.181
20260501B35,落札量合計（電源属地別）[MW],212,0,1743,584.661,4.406,0,232.493,202,350,3328.56
20260501B35,応札件数（電源属地別）[件],5,0,24,8,1,0,4,4,3,49
20260501B35,落札件数（電源属地別）[件],5,0,22,7,1,0,4,4,3,46
20260501B35,最高落札価格（電源属地別）[円/kW・30分],14.87,0,2.95,2.58,0.61,0,1.66,2.15,4.35,14.87
20260501B35,最低落札価格（電源属地別）[円/kW・30分],4.8,0,0.36,1.16,0.61,0,0.39,0.38,3.23,0.36
20260501B35,平均落札価格（電源属地別）[円/kW・30分],5.55,0,0.81,1.86,0.61,0,1.41,0.76,3.99,1.67
20260501B35,最高落札価格（TSO別）[円/kW・30分],14.87,2.75,2.95,2.58,2.58,2.58,1.66,2.15,4.35,14.87
20260501B35,最低落札価格（TSO別）[円/kW・30分],4.8,0.36,0.36,1.16,0.61,1.18,0.38,0.38,1.52,0.36
20260501B35,平均落札価格（TSO別）[円/kW・30分],5.55,0.96,0.75,1.72,1.79,2.29,1.25,0.8,3.7,1.67
20260501B35,落札量合計（TSO別）[MW],212,488,1255,256.521,142,151.762,243.146,182.131,398,3328.56
20260501B35,（内訳）自エリアからの落札量[MW],212,0,1255,256.521,4.406,0,184.493,182.131,350,2444.551
20260501B36,募集量（TSO別）[MW],210,467,1193,0,137,441,292,147,520,3407
20260501B36,応札量合計（電源属地別）[MW],201.74,0,1768.758,831.8,2.548,0,153.497,200,300,3458.343
20260501B36,落札量合計（電源属地別）[MW],201.74,0,1660,600.103,2.548,0,153.497,200,300,3117.888
20260501B36,応札件数（電源属地別）[件],4,0,25,9,1,0,2,4,3,48
20260501B36,落札件数（電源属地別）[件],4,0,24,7,1,0,2,4,3,45
20260501B36,最高落札価格（電源属地別）[円/kW・30分],5.26,0,7.19,2.57,0.5,0,1.55,2.15,4.92,7.19
20260501B36,最低落札価格（電源属地別）[円/kW・30分],4.4,0,0.84,1.45,0.5,0,1.41,0.38,3.8,0.38
20260501B36,平均落札価格（電源属地別）[円/kW・30分],5.01,0,1.95,1.99,0.5,0,1.48,0.91,4.68,2.33
20260501B36,最高落札価格（TSO別）[円/kW・30分],5.26,7.19,5.74,2.57,2.54,2.54,2.4,2.15,4.92,7.19
20260501B36,最低落札価格（TSO別）[円/kW・30分],4.4,0.92,0.84,1.45,0.5,1.48,0.38,0.38,1.76,0.38
20260501B36,平均落札価格（TSO別）[円/kW・30分],5.01,2.22,1.85,2.18,1.95,1.85,1.29,1.11,4.23,2.33
20260501B36,落札量合計（TSO別）[MW],201.74,467,1193,232.505,137,136.904,250.497,144,355.242,3117.888
20260501B36,（内訳）自エリアからの落札量[MW],201.74,0,1193,232.505,2.548,0,153.497,144,300,2227.29
20260501B37,募集量（TSO別）[MW],223,412,1147,0,88,355,284,115,410,3034
20260501B37,応札量合計（電源属地別）[MW],199.99,0,1941.342,937,5.97,0,346.647,169,345,3944.949
20260501B37,落札量合計（電源属地別）[MW],159.75,0,1636,920.156,5.97,0,169.437,112.437,144,3147.75
20260501B37,応札件数（電源属地別）[件],4,0,25,10,1,0,7,6,4,57
20260501B37,落札件数（電源属地別）[件],3,0,22,10,1,0,3,3,4,46
20260501B37,最高落札価格（電源属地別）[円/kW・30分],5,0,5.57,2.15,2.69,0,11.58,2.05,5.26,11.58
20260501B37,最低落札価格（電源属地別）[円/kW・30分],4.1,0,0.36,1.18,2.69,0,3.62,0.38,4.14,0.36
20260501B37,平均落札価格（電源属地別）[円/kW・30分],4.98,0,1.47,1.74,2.69,0,4.43,1.04,4.64,2.02
20260501B37,最高落札価格（TSO別）[円/kW・30分],5,4.14,5.57,1.98,2.69,2.15,11.58,2.05,5.26,11.58
20260501B37,最低落札価格（TSO別）[円/kW・30分],0.92,0.84,0.36,1.18,1.21,1.18,1.58,0.38,1.21,0.36
20260501B37,平均落札価格（TSO別）[円/kW・30分],4.06,1.25,1.51,1.21,2.05,1.52,3.18,1.06,2.92,2.02
20260501B37,落札量合計（TSO別）[MW],234.75,412,1149,41,88,355,332,126,410,3147.75
20260501B37,（内訳）自エリアからの落札量[MW],159.75,0,1149,41,5.97,0,161,112.437,144,1773.157
20260501B38,募集量（TSO別）[MW],229,412,1153,0,88,355,282,115,410,3044
20260501B38,応札量合計（電源属地別）[MW],201.99,0,1682.568,937,0,0,346.647,143,345,3656.205
20260501B38,落札量合計（電源属地別）[MW],201.99,0,1603.76,937,0,0,169.437,94.563,144,3150.75
20260501B38,応札件数（電源属地別）[件],4,0,23,9,0,0,7,4,4,51
20260501B38,落札件数（電源属地別）[件],4,0,22,9,0,0,3,3,4,45
20260501B38,最高落札価格（電源属地別）[円/kW・30分],6.13,0,7.21,2.4,0,0,10.84,2.05,6.13,10.84
20260501B38,最低落札価格（電源属地別）[円/kW・30分],4,0,0.95,1.35,0,0,4.12,0.38,5.14,0.38
20260501B38,平均落札価格（電源属地別）[円/kW・30分],5.09,0,2.18,1.99,0,0,4.82,1.1,5.62,2.58
20260501B38,最高落札価格（TSO別）[円/kW・30分],6.13,7.21,7.21,2.27,2.4,2.4,10.84,2.4,6.13,10.84
20260501B38,最低落札価格（TSO別）[円/kW・30分],1.1,0.95,0.95,2.27,1.46,1.35,1.84,0.38,1.43,0.38
20260501B38,平均落札価格（TSO別）[円/kW・30分],4.45,2.48,2.12,2.27,2.07,2.03,3.54,1.37,3.06,2.58
20260501B38,落札量合計（TSO別）[MW],240.75,412,1153,41,88,355,332,119,410,3150.75
20260501B38,（内訳）自エリアからの落札量[MW],201.99,0,1153,41,0,0,161,94.563,144,1795.553
20260501B39,募集量（TSO別）[MW],233,412,1156,0,88,355,284,115,410,3053
20260501B39,応札量合計（電源属地別）[MW],201.99,0,1929.87,958,3.018,0,346.647,139,347.5,3926.025
20260501B39,落札量合計（電源属地別）[MW],173.782,0,1643,941,3.018,0,169.437,81.962,144,3156.199
20260501B39,応札件数（電源属地別）[件],4,0,26,9,1,0,7,4,5,56
20260501B39,落札件数（電源属地別）[件],3,0,23,8,1,0,3,3,4,45
20260501B39,最高落札価格（電源属地別）[円/kW・30分],5,0,5.7,2.03,3.56,0,10.26,2.05,7.13,10.26
20260501B39,最低落札価格（電源属地別）[円/kW・30分],4.1,0,0.36,1.02,3.56,0,4.5,0.38,6.14,0.36
20260501B39,平均落札価格（電源属地別）[円/kW・30分],4.98,0,1.71,1.57,3.56,0,5.11,1.22,6.67,2.24
20260501B39,最高落札価格（TSO別）[円/kW・30分],5,4.27,5.7,1.86,3.56,2.03,10.26,2.05,7.13,10.26
20260501B39,最低落札価格（TSO別）[円/kW・30分],0.93,0.86,0.36,1.83,1.05,1.02,1.02,0.38,1.05,0.36
20260501B39,平均落札価格（TSO別）[円/kW・30分],3.82,1.5,1.82,1.84,1.73,1.61,3.19,1.46,3.42,2.24
20260501B39,落札量合計（TSO別）[MW],248.782,412,1156,41,88,355,326.417,119,410,3156.199
20260501B39,（内訳）自エリアからの落札量[MW],173.782,0,1156,41,3.018,0,155.427,81.962,144,1755.189
20260501B40,募集量（TSO別）[MW],236,408,1162,0,87,355,286,113,409,3056
20260501B40,応札量合計（電源属地別）[MW],198,0,2048.088,1128,4.182,0,346.647,135,326.5,4186.417
20260501B40,落札量合計（電源属地別）[MW],198,0,1580.426,956,4.182,0,169.437,54.955,144,3107
20260501B40,応札件数（電源属地別）[件],3,0,28,11,1,0,7,4,4,58
20260501B40,落札件数（電源属地別）[件],3,0,22,9,1,0,3,3,3,44
20260501B40,最高落札価格（電源属地別）[円/kW・30分],5.26,0,4.89,3.74,3.19,0,10.84,2.05,6.43,10.84
20260501B40,最低落札価格（電源属地別）[円/kW・30分],4.1,0,0.36,1.02,3.19,0,4.12,0.38,5.44,0.36
20260501B40,平均落札価格（電源属地別）[円/kW・30分],5.01,0,1.34,1.97,3.19,0,4.82,1.63,6.02,2.18
20260501B40,最高落札価格（TSO別）[円/kW・30分],5.26,3.46,4.89,3.48,3.74,3.74,10.84,2.05,6.43,10.84
20260501B40,最低落札価格（TSO別）[円/kW・30分],4.1,0.82,0.36,1.02,0.82,1.02,1.05,0.38,1.05,0.36
20260501B40,平均落札価格（TSO別）[円/kW・30分],5.01,1.54,1.27,3.46,1.91,2.03,3.38,1.67,3.27,2.18
20260501B40,落札量合計（TSO別）[MW],198,408,1162,41,87,355,330,117,409,3107
20260501B40,（内訳）自エリアからの落札量[MW],198,0,1162,41,4.182,0,161.01,54.955,144,1765.147
20260501B41,募集量（TSO別）[MW],236,383,1159,0,87,348,286,100,403,3002
20260501B41,応札量合計（電源属地別）[MW],200.9,0,2050.514,1148,12.138,0,346.647,117,300,4175.199
20260501B41,落札量合計（電源属地別）[MW],200.9,0,1617.644,828.356,12.138,0,169.437,70.425,143,3041.9
20260501B41,応札件数（電源属地別）[件],4,0,29,11,1,0,7,4,3,59
20260501B41,落札件数（電源属地別）[件],4,0,21,9,1,0,3,3,3,44
20260501B41,最高落札価格（電源属地別）[円/kW・30分],5.01,0,4.27,3.71,3.19,0,10.84,2.05,5.33,10.84
20260501B41,最低落札価格（電源属地別）[円/kW・30分],4.1,0,0.36,1.01,3.19,0,4.12,0.38,4.21,0.36
20260501B41,平均落札価格（電源属地別）[円/kW・30分],4.98,0,1.09,1.96,3.19,0,4.82,1.23,4.83,1.98
20260501B41,最高落札価格（TSO別）[円/kW・30分],5.01,1.29,4.27,3.71,3.45,3.71,10.84,2.05,5.33,10.84
20260501B41,最低落札価格（TSO別）[円/kW・30分],4.1,0.36,0.36,1.31,0.71,1.01,1.01,0.38,1.04,0.36
20260501B41,平均落札価格（TSO別）[円/kW・30分],4.98,0.82,1.19,3.33,1.7,1.96,3.44,1.07,2.87,1.98
20260501B41,落札量合計（TSO別）[MW],200.9,383,1159,34,87,348,325,102,403,3041.9
20260501B41,（内訳）自エリアからの落札量[MW],200.9,0,1159,34,12.138,0,160.01,70.425,143,1779.473
20260501B42,募集量（TSO別）[MW],236,373,1147,0,87,337,282,96,390,2948
20260501B42,応札量合計（電源属地別）[MW],252.19,170,2022.386,1234,42.478,0,346.647,114,100,4281.701
20260501B42,落札量合計（電源属地別）[MW],236,73.417,1691.476,629.156,42.478,0,169.437,104,100,3045.964
20260501B42,応札件数（電源属地別）[件],6,1,29,13,1,0,7,4,2,63
20260501B42,落札件数（電源属地別）[件],6,1,22,9,1,0,3,3,2,47
20260501B42,最高落札価格（電源属地別）[円/kW・30分],14.87,2.87,2.6,3.69,3.19,0,10.84,2.05,4.64,14.87
20260501B42,最低落札価格（電源属地別）[円/kW・30分],4.1,2.87,0.36,1.01,3.19,0,4.12,0.38,4.06,0.36
20260501B42,平均落札価格（電源属地別）[円/kW・30分],6.43,2.87,0.89,2.17,3.19,0,4.82,0.97,4.47,2
20260501B42,最高落札価格（TSO別）[円/kW・30分],14.87,2.87,2.6,3.43,3.19,3.69,10.84,2.05,4.64,14.87
20260501B42,最低落札価格（TSO別）[円/kW・30分],4.1,0.36,0.36,1.97,0.73,1.01,1.01,0.38,0.38,0.36
20260501B42,平均落札価格（TSO別）[円/kW・30分],6.43,1.36,0.85,3.02,2.17,2.11,3.54,1,2.05,2
20260501B42,落札量合計（TSO別）[MW],236,373,1147,56.964,87,337,319,100,390,3045.964
20260501B42,（内訳）自エリアからの落札量[MW],236,73.417,1147,56.964,42.478,0,160.02,100,100,1915.879
20260501B43,募集量（TSO別）[MW],231,128,1110,0,93,311,244,89,369,2575
20260501B43,応札量合計（電源属地別）[MW],203.89,170,1873.218,1518,0,0,346.647,138,100,4349.755
20260501B43,落札量合計（電源属地別）[MW],203.89,70,1429.437,619.728,0,0,227.489,45.209,100,2695.753
20260501B43,応札件数（電源属地別）[件],5,1,24,15,0,0,7,6,2,60
20260501B43,落札件数（電源属地別）[件],5,1,18,9,0,0,7,4,2,46
20260501B43,最高落札価格（電源属地別）[円/kW・30分],5.01,3.38,2.25,3.46,0,0,13.15,2.15,4.27,13.15
20260501B43,最低落札価格（電源属地別）[円/kW・30分],2.75,3.38,0.36,0.98,0,0,4,2.05,3.69,0.36
20260501B43,平均落札価格（電源属地別）[円/kW・30分],4.96,3.38,0.75,1.95,0,0,6.42,2.07,4.1,2.04
20260501B43,最高落札価格（TSO別）[円/kW・30分],5.01,3.38,2.25,3.46,3.46,4.14,13.15,3.46,4.27,13.15
20260501B43,最低落札価格（TSO別）[円/kW・30分],2.75,0.52,0.36,1.01,0.98,0.52,0.6,0.98,0.52,0.36
20260501B43,平均落札価格（TSO別）[円/kW・30分],4.96,1.91,0.77,2.33,2.14,2.26,4.88,1.87,2.05,2.04
20260501B43,落札量合計（TSO別）[MW],203.89,145,1110,113,93,311,256.863,94,369,2695.753
20260501B43,（内訳）自エリアからの落札量[MW],203.89,70,1110,113,0,0,122.883,39,100,1758.773
20260501B44,募集量（TSO別）[MW],231,128,1110,0,94,311,244,89,369,2576
20260501B44,応札量合計（電源属地別）[MW],251.19,340,1649.188,1512,0,0,346.647,148,100,4347.025
20260501B44,落札量合計（電源属地別）[MW],231,140,1132,924.156,0,0,169.437,40,100,2736.593
20260501B44,応札件数（電源属地別）[件],6,2,26,14,0,0,7,7,2,64
20260501B44,落札件数（電源属地別）[件],6,2,19,10,0,0,3,4,2,46
20260501B44,最高落札価格（電源属地別）[円/kW・30分],14.87,3.75,2.87,3.69,0,0,11.02,2.05,3.88,14.87
20260501B44,最低落札価格（電源属地別）[円/kW・30分],4.1,3.75,0.36,0.97,0,0,4,1.92,3.3,0.36
20260501B44,平均落札価格（電源属地別）[円/kW・30分],6.29,3.75,0.77,2.4,0,0,4.72,1.99,3.71,2.31
20260501B44,最高落札価格（TSO別）[円/kW・30分],14.87,3.75,2.87,3.46,3.69,4,11.02,3.69,4.14,14.87
20260501B44,最低落札価格（TSO別）[円/kW・30分],4.1,0.36,0.36,1.25,0.99,0.97,0.97,0.99,0.99,0.36
20260501B44,平均落札価格（TSO別）[円/kW・30分],6.29,3.29,0.78,2.52,2.25,2.39,3.27,2.67,3.04,2.31
20260501B44,落札量合計（TSO別）[MW],231,162,1110,74.593,94,311,292,93,369,2736.593
20260501B44,（内訳）自エリアからの落札量[MW],231,140,1110,74.593,0,0,158,40,100,1853.593
20260501B45,募集量（TSO別）[MW],231,128,1110,0,92,311,244,89,369,2574
20260501B45,応札量合計（電源属地別）[MW],200.99,340,1730.69,1521,0,0,439.669,148,100,4480.349
20260501B45,落札量合計（電源属地別）[MW],200.99,140,1362.414,560.956,0,0,276.436,88.443,100,2729.239
20260501B45,応札件数（電源属地別）[件],4,2,22,14,0,0,12,6,2,62
20260501B45,落札件数（電源属地別）[件],4,2,17,8,0,0,7,5,2,45
20260501B45,最高落札価格（電源属地別）[円/kW・30分],14.5,2.68,3.31,3.48,0,0,13.15,2.05,4.22,14.5
20260501B45,最低落札価格（電源属地別）[円/kW・30分],4.1,2.68,0.36,0.97,0,0,0.39,0.38,3.64,0.36
20260501B45,平均落札価格（電源属地別）[円/kW・30分],5.08,2.68,0.65,2.04,0,0,3.7,1.11,4.05,1.82
20260501B45,最高落札価格（TSO別）[円/kW・30分],14.5,2.68,3.31,3.48,3.48,13.15,13.15,2.05,4.22,14.5
20260501B45,最低落札価格（TSO別）[円/kW・30分],4.1,0.82,0.36,0.97,0.97,0.6,0.39,0.38,0.6,0.36
20260501B45,平均落札価格（TSO別）[円/kW・30分],5.08,2.43,0.64,2.34,2.07,2.66,2.59,1.09,1.97,1.82
20260501B45,落札量合計（TSO別）[MW],200.99,162,1110,110.931,92,311,280.318,93,369,2729.239
20260501B45,（内訳）自エリアからの落札量[MW],200.99,140,1110,110.931,0,0,184.107,88.443,100,1934.471
20260501B46,募集量（TSO別）[MW],229,122,1096,0,92,303,241,89,365,2537
20260501B46,応札量合計（電源属地別）[MW],249.29,340,1540.61,1521,0,0,446.759,147,100,4344.659
20260501B46,落札量合計（電源属地別）[MW],229,140,1248.524,700.156,0,0,276.436,47.134,100,2741.25
20260501B46,応札件数（電源属地別）[件],5,2,22,15,0,0,12,6,2,64
20260501B46,落札件数（電源属地別）[件],5,2,19,10,0,0,7,4,2,49
20260501B46,最高落札価格（電源属地別）[円/kW・30分],14.87,3.39,3.2,3.46,0,0,13.72,2.05,3.77,14.87
20260501B46,最低落札価格（電源属地別）[円/kW・30分],4.1,3.39,0.36,0.96,0,0,0.39,0.38,3.19,0.36
20260501B46,平均落札価格（電源属地別）[円/kW・30分],6.28,3.39,0.71,1.84,0,0,3.55,1.6,3.6,2.01
20260501B46,最高落札価格（TSO別）[円/kW・30分],14.87,3.39,3.2,3.21,3.46,13.72,13.72,2.05,3.77,14.87
20260501B46,最低落札価格（TSO別）[円/kW・30分],4.1,0.58,0.36,0.96,0.63,0.63,0.39,0.38,0.58,0.36
20260501B46,平均落札価格（TSO別）[円/kW・30分],6.28,3.1,0.73,1.98,1.94,2.51,3.05,1.38,1.68,2.01
20260501B46,落札量合計（TSO別）[MW],229,156,1096,126.784,92,303,281.466,92,365,2741.25
20260501B46,（内訳）自エリアからの落札量[MW],229,140,1096,126.784,0,0,191.265,47.134,100,1930.183
20260501B47,募集量（TSO別）[MW],228,119,1069,0,90,295,224,89,354,2468
20260501B47,応札量合計（電源属地別）[MW],200.99,340,1514.25,1729.9,0,0,489.37,144,100,4518.51
20260501B47,落札量合計（電源属地別）[MW],200.99,140,1082,872.224,0,0,239.667,40,100,2674.881
20260501B47,応札件数（電源属地別）[件],4,2,21,15,0,0,10,5,2,59
20260501B47,落札件数（電源属地別）[件],4,2,18,9,0,0,7,3,2,45
20260501B47,最高落札価格（電源属地別）[円/kW・30分],14.5,3.53,3.33,3.4,0,0,12.34,2.05,3.7,14.5
20260501B47,最低落札価格（電源属地別）[円/kW・30分],4.1,3.53,0.36,0.57,0,0,0.39,1.07,3.12,0.36
20260501B47,平均落札価格（電源属地別）[円/kW・30分],5.08,3.53,0.77,1.47,0,0,3.09,1.61,3.53,1.79
20260501B47,最高落札価格（TSO別）[円/kW・30分],14.5,3.53,3.33,3.4,1.83,3.4,12.34,3.4,3.7,14.5
20260501B47,最低落札価格（TSO別）[円/kW・30分],4.1,0.36,0.36,0.57,0.57,0.39,0.39,1.07,0.57,0.36
20260501B47,平均落札価格（TSO別）[円/kW・30分],5.08,3.26,0.78,2.17,1.02,1.62,2.23,1.46,2.27,1.79
20260501B47,落札量合計（TSO別）[MW],200.99,153,1069,152.891,90,295,271,89,354,2674.881
20260501B47,（内訳）自エリアからの落札量[MW],200.99,140,1069,152.891,0,0,157.02,40,100,1859.901
20260501B48,募集量（TSO別）[MW],226,120,1060,0,89,291,212,89,324,2411
20260501B48,応札量合計（電源属地別）[MW],249.29,340,1047.918,1150.9,0,0,298.086,143,100,3329.194
20260501B48,落札量合計（電源属地別）[MW],226,285.182,952.818,767.056,0,0,222.8,102,100,2655.856
20260501B48,応札件数（電源属地別）[件],5,2,13,9,0,0,7,5,2,43
20260501B48,落札件数（電源属地別）[件],5,2,12,7,0,0,6,5,2,39
20260501B48,最高落札価格（電源属地別）[円/kW・30分],14.87,4.01,7.77,2.66,0,0,2.13,4.09,3.32,14.87
20260501B48,最低落札価格（電源属地別）[円/kW・30分],4.1,4.01,0.36,0.52,0,0,0.39,1.07,2.74,0.36
20260501B48,平均落札価格（電源属地別）[円/kW・30分],6.16,4.01,1.68,0.97,0,0,0.95,2.09,3.15,2.12
20260501B48,最高落札価格（TSO別）[円/kW・30分],14.87,4.01,7.77,1.83,2.66,2.15,2.13,4.09,3.32,14.87
20260501B48,最低落札価格（TSO別）[円/kW・30分],4.1,4.01,0.36,0.52,0.52,0.52,0.39,0.52,1.11,0.36
20260501B48,平均落札価格（TSO別）[円/kW・30分],6.16,4.01,1.92,1.13,1.26,0.98,0.77,1.78,2.69,2.12
20260501B48,落札量合計（TSO別）[MW],226,178,1060,332.588,89,291,257,93,129.268,2655.856
20260501B48,（内訳）自エリアからの落札量[MW],226,178,952.818,332.588,0,0,156.03,45,100,1990.436
20260502B01,募集量（TSO別）[MW],226,108,968,0,77,291,191,85,253,2199
20260502B01,応札量合計（電源属地別）[MW],7.64,510,1525.552,345.8,152.632,0,343.245,136,90,3110.869
20260502B01,落札量合計（電源属地別）[MW],7.64,210,1230.748,26.157,152.632,0,302.265,111.511,90,2130.953
20260502B01,応札件数（電源属地別）[件],3,3,22,2,2,0,7,5,3,47
20260502B01,落札件数（電源属地別）[件],3,3,16,2,2,0,7,5,3,41
20260502B01,最高落札価格（電源属地別）[円/kW・30分],14.5,1.9,4.06,3.34,0.39,0,2.13,4.05,4.4,14.5
20260502B01,最低落札価格（電源属地別）[円/kW・30分],6.47,1.62,0.61,2.74,0.39,0,0.39,0.38,3.03,0.38
20260502B01,平均落札価格（電源属地別）[円/kW・30分],10.54,1.81,1.38,2.92,0.39,0,0.48,1.62,3.86,1.39
20260502B01,最高落札価格（TSO別）[円/kW・30分],14.5,1.9,4.06,3.34,0.39,2.15,2.13,4.05,4.4,14.5
20260502B01,最低落札価格（TSO別）[円/kW・30分],6.47,1.62,0.61,2.74,0.39,0.38,0.39,0.38,3.03,0.38
20260502B01,平均落札価格（TSO別）[円/kW・30分],10.54,1.81,1.4,2.92,0.39,1.01,0.47,1.37,3.86,1.39
20260502B01,落札量合計（TSO別）[MW],7.64,210,1094.156,26.157,86,291,240,86,90,2130.953
20260502B01,（内訳）自エリアからの落札量[MW],7.64,210,1094.156,26.157,86,0,240,64.511,90,1818.464
20260502B02,募集量（TSO別）[MW],232,108,968,0,77,303,191,84,253,2216
20260502B02,応札量合計（電源属地別）[MW],53.096,510,1793.578,385,77.726,0,265.148,136,90,3310.548
20260502B02,落札量合計（電源属地別）[MW],53.096,210,1211.2,385,46,0,262.58,100,40,2307.876
20260502B02,応札件数（電源属地別）[件],4,3,22,2,1,0,6,5,3,46
20260502B02,落札件数（電源属地別）[件],4,3,15,2,1,0,6,5,2,38
20260502B02,最高落札価格（電源属地別）[円/kW・30分],14.87,1.9,1.54,0.41,0.39,0,0.97,4.14,3.75,14.87
20260502B02,最低落札価格（電源属地別）[円/kW・30分],5.77,1.62,0.53,0.4,0.39,0,0.39,0.7,3.17,0.39
20260502B02,平均落札価格（電源属地別）[円/kW・30分],14.22,1.81,1.24,0.4,0.39,0,0.76,1.8,3.32,1.44
20260502B02,最高落札価格（TSO別）[円/kW・30分],14.87,1.9,1.54,0.41,1.52,2.15,0.97,4.14,3.75,14.87
20260502B02,最低落札価格（TSO別）[円/kW・30分],5.77,1.62,0.53,0.41,0.39,0.4,0.39,0.41,0.39,0.39
20260502B02,平均落札価格（TSO別）[円/kW・30分],14.22,1.81,1.24,0.41,0.49,0.62,0.69,1.76,1.24,1.44
20260502B02,落札量合計（TSO別）[MW],53.096,210,1084.78,46,77,303,197,84,253,2307.876
20260502B02,（内訳）自エリアからの落札量[MW],53.096,210,1084.78,46,46,0,148.949,40,40,1668.825
20260502B03,募集量（TSO別）[MW],237,108,967,0,77,307,191,84,253,2224
20260502B03,応札量合計（電源属地別）[MW],7.64,510,1791.99,546,71.816,119.918,273.723,136,297,3754.087
20260502B03,落札量合計（電源属地別）[MW],7.64,210,1183.908,269.001,46,82.561,235.685,98.238,142,2275.033
20260502B03,応札件数（電源属地別）[件],3,3,22,3,1,1,6,5,4,48
20260502B03,落札件数（電源属地別）[件],3,3,15,2,1,1,6,5,3,39
20260502B03,最高落札価格（電源属地別）[円/kW・30分],14.5,3.29,0.75,3.27,0.39,0.39,2.13,4.13,4.39,14.5
20260502B03,最低落札価格（電源属地別）[円/kW・30分],4.49,3.17,0.39,0.43,0.39,0.39,0.39,0.7,3.03,0.39
20260502B03,平均落札価格（電源属地別）[円/kW・30分],10.05,3.25,0.57,0.51,0.39,0.39,0.66,1.76,3.75,1.09
20260502B03,最高落札価格（TSO別）[円/kW・30分],14.5,3.29,0.75,3.27,3.27,4.13,2.13,4.13,4.39,14.5
20260502B03,最低落札価格（TSO別）[円/kW・30分],4.49,3.17,0.39,0.43,0.39,0.39,0.39,0.43,0.39,0.39
20260502B03,平均落札価格（TSO別）[円/kW・30分],10.05,3.25,0.58,0.96,0.52,0.73,0.62,1.05,2.14,1.09
20260502B03,落札量合計（TSO別）[MW],7.64,210,1043.79,26.603,77,307,240,86,277,2275.033
20260502B03,（内訳）自エリアからの落札量[MW],7.64,210,1043.79,26.603,46,40.819,198.483,42,142,1757.335
20260502B04,募集量（TSO別）[MW],239,106,967,0,75,307,191,84,253,2222
20260502B04,応札量合計（電源属地別）[MW],53.096,340,1910.742,679,72.694,150.896,257.342,136,297,3896.77
20260502B04,落札量合計（電源属地別）[MW],53.096,140,1283.129,584,46,40.819,207.678,42,142,2538.722
20260502B04,応札件数（電源属地別）[件],4,2,26,5,1,1,5,5,4,53
20260502B04,落札件数（電源属地別）[件],4,2,17,4,1,1,5,3,3,40
20260502B04,最高落札価格（電源属地別）[円/kW・30分],14.87,3.8,2.17,4.61,0.39,0.39,0.97,1.07,4.35,14.87
20260502B04,最低落札価格（電源属地別）[円/kW・30分],4.56,3.8,0.48,0.52,0.39,0.39,0.39,0.7,3.03,0.39
20260502B04,平均落札価格（電源属地別）[円/kW・30分],14.18,3.8,0.65,1.13,0.39,0.39,0.76,0.77,3.74,1.39
20260502B04,最高落札価格（TSO別）[円/kW・30分],14.87,3.8,2.17,4.61,4.61,4.61,0.97,4.61,4.35,14.87
20260502B04,最低落札価格（TSO別）[円/kW・30分],4.56,3.8,0.48,0.52,0.39,0.39,0.39,0.52,0.53,0.39
20260502B04,平均落札価格（TSO別）[円/kW・30分],14.18,3.8,0.65,2.37,1.03,0.79,0.64,1.55,2.18,1.39
20260502B04,落札量合計（TSO別）[MW],53.096,140,1276.3,90.074,75,307,234.252,86,277,2538.722
20260502B04,（内訳）自エリアからの落札量[MW],53.096,140,1276.3,90.074,46,40.819,147.272,42,142,1977.561
20260502B05,募集量（TSO別）[MW],239,103,962,0,77,307,191,85,253,2217
20260502B05,応札量合計（電源属地別）[MW],5.74,340,2226.216,679,73.296,179.058,153.497,135,237,4028.807
20260502B05,落札量合計（電源属地別）[MW],5.74,140,1407.004,584,46,40.819,153.497,42,89,2508.06
20260502B05,応札件数（電源属地別）[件],2,2,26,5,1,1,2,5,4,48
20260502B05,落札件数（電源属地別）[件],2,2,16,4,1,1,2,3,3,34
20260502B05,最高落札価格（電源属地別）[円/kW・30分],14.5,3.29,0.63,4.49,0.39,0.39,1.05,1.07,4.39,14.5
20260502B05,最低落札価格（電源属地別）[円/kW・30分],10.5,3.29,0.4,0.4,0.39,0.39,0.9,0.78,3.08,0.39
20260502B05,平均落札価格（電源属地別）[円/kW・30分],11.89,3.29,0.51,1.06,0.39,0.39,0.97,0.88,3.87,0.97
20260502B05,最高落札価格（TSO別）[円/kW・30分],14.5,3.29,0.63,4.49,4.49,4.49,4.49,1.07,4.39,14.5
20260502B05,最低落札価格（TSO別）[円/kW・30分],0.4,0.63,0.4,0.4,0.39,0.39,0.4,0.4,0.4,0.39
20260502B05,平均落札価格（TSO別）[円/kW・30分],3.91,3.2,0.51,3.33,1.3,0.9,0.99,0.67,1.72,0.97
20260502B05,落札量合計（TSO別）[MW],25.464,137,1390.28,36.316,77,307,197,85,253,2508.06
20260502B05,（内訳）自エリアからの落札量[MW],5.74,132.536,1390.28,36.316,46,40.819,94.02,42,89,1876.711
20260502B06,募集量（TSO別）[MW],239,96,961,0,77,305,191,79,253,2201
20260502B06,応札量合計（電源属地別）[MW],49.206,340,2364.786,679,68.242,12.386,153.497,134,258,4059.117
20260502B06,落札量合計（電源属地別）[MW],49.206,140,1351.03,439.001,46,12.386,153.497,42,110,2343.12
20260502B06,応札件数（電源属地別）[件],2,2,27,6,1,1,2,5,4,50
20260502B06,落札件数（電源属地別）[件],2,2,16,4,1,1,2,3,3,34
20260502B06,最高落札価格（電源属地別）[円/kW・30分],14.87,3.29,0.62,4.39,0.39,0.39,1.02,1.07,4.36,14.87
20260502B06,最低落札価格（電源属地別）[円/kW・30分],10.5,3.29,0.39,0.39,0.39,0.39,0.87,0.75,3.06,0.39
20260502B06,平均落札価格（電源属地別）[円/kW・30分],14.54,3.29,0.51,1.34,0.39,0.39,0.94,0.81,3.8,1.31
20260502B06,最高落札価格（TSO別）[円/kW・30分],14.87,3.29,0.62,0.6,0.6,4.39,1.02,4.39,4.39,14.87
20260502B06,最低落札価格（TSO別）[円/kW・30分],3.29,0.48,0.39,0.6,0.39,0.39,0.6,0.39,0.6,0.39
20260502B06,平均落札価格（TSO別）[円/kW・30分],10.98,3.01,0.5,0.6,0.45,1.21,0.77,0.78,2.58,1.31
20260502B06,落札量合計（TSO別）[MW],71.93,130,1199.19,26,77,305,197,84,253,2343.12
20260502B06,（内訳）自エリアからの落札量[MW],49.206,117.276,1199.19,26,46,12.386,94.02,42,110,1696.078
20260502B07,募集量（TSO別）[MW],236,72,914,0,77,298,209,73,271,2150
20260502B07,応札量合計（電源属地別）[MW],3.89,340,2356.454,679,0,104.968,227.57,133,237,4081.882
20260502B07,落札量合計（電源属地別）[MW],3.89,140,1362.928,584,0,40.819,213.257,41.07,89,2474.964
20260502B07,応札件数（電源属地別）[件],2,2,26,5,0,1,6,5,4,51
20260502B07,落札件数（電源属地別）[件],2,2,16,4,0,1,6,2,3,36
20260502B07,最高落札価格（電源属地別）[円/kW・30分],4.4,3.29,0.76,4.33,0,0.39,3.52,2.05,4.68,4.68
20260502B07,最低落札価格（電源属地別）[円/kW・30分],3.47,3.29,0.48,0.39,0,0.39,0.39,1.49,3.39,0.39
20260502B07,平均落札価格（電源属地別）[円/kW・30分],3.95,3.29,0.55,1.04,0,0.39,2.76,1.82,4.17,1.17
20260502B07,最高落札価格（TSO別）[円/kW・30分],4.4,3.29,0.76,4.33,4.33,4.33,3.52,2.05,4.68,4.68
20260502B07,最低落札価格（TSO別）[円/kW・30分],3.47,3.29,0.48,0.39,0.39,0.39,0.39,0.39,0.39,0.39
20260502B07,平均落札価格（TSO別）[円/kW・30分],3.95,3.29,0.55,3.81,0.85,1.49,1.93,1.11,1.98,1.17
20260502B07,落札量合計（TSO別）[MW],3.89,140,1362.928,31.076,77,298,210,81.07,271,2474.964
20260502B07,（内訳）自エリアからの落札量[MW],3.89,140,1362.928,31.076,0,40.819,110,41.07,89,1818.783
20260502B08,募集量（TSO別）[MW],246,72,914,0,77,298,215,73,275,2170
20260502B08,応札量合計（電源属地別）[MW],51.262,340,1743.218,681,0,0,153.497,132,187,3287.977
20260502B08,落札量合計（電源属地別）[MW],51.262,140,929.503,681,0,0,153.497,42.07,89,2086.332
20260502B08,応札件数（電源属地別）[件],4,2,23,5,0,0,2,5,3,44
20260502B08,落札件数（電源属地別）[件],4,2,15,5,0,0,2,3,3,34
20260502B08,最高落札価格（電源属地別）[円/kW・30分],14.87,3.74,1.46,4.39,0,0,3.56,2.05,4.69,14.87
20260502B08,最低落札価格（電源属地別）[円/kW・30分],4.4,3.74,0.73,0.49,0,0,3.42,1.53,3.41,0.49
20260502B08,平均落札価格（電源属地別）[円/kW・30分],14.05,3.74,0.89,0.99,0,0,3.49,1.84,4.18,1.79
20260502B08,最高落札価格（TSO別）[円/kW・30分],14.87,3.74,1.46,4.39,4.39,4.39,3.56,2.05,4.69,14.87
20260502B08,最低落札価格（TSO別）[円/kW・30分],3.74,3.74,0.73,0.5,0.49,0.49,0.49,0.5,0.49,0.49
20260502B08,平均落札価格（TSO別）[円/kW・30分],12.47,3.74,0.89,2.19,1.97,1.65,1.79,1.21,1.69,1.79
20260502B08,落札量合計（TSO別）[MW],60.544,130.718,914,33,77,298,218,80.07,275,2086.332
20260502B08,（内訳）自エリアからの落札量[MW],51.262,130.718,914,33,0,0,94.01,42.07,89,1354.06
20260502B09,募集量（TSO別）[MW],260,71,914,0,77,294,223,73,279,2191
20260502B09,応札量合計（電源属地別）[MW],3.906,510,1444.086,681,100,0,283.497,139,266,3427.489
20260502B09,落札量合計（電源属地別）[MW],3.906,210,957.874,596,33,0,270.758,43.07,148,2262.608
20260502B09,応札件数（電源属地別）[件],2,3,23,5,1,0,3,5,4,46
20260502B09,落札件数（電源属地別）[件],2,3,15,4,1,0,3,3,4,35
20260502B09,最高落札価格（電源属地別）[円/kW・30分],14.06,3.91,1.67,0.5,3.09,0,3.72,2.05,4.74,14.06
20260502B09,最低落札価格（電源属地別）[円/kW・30分],4.4,3.85,0.82,0.42,3.09,0,1.86,1.69,3.37,0.42
20260502B09,平均落札価格（電源属地別）[円/kW・30分],9.14,3.89,1.26,0.45,3.09,0,2.87,1.9,4.45,1.75
20260502B09,最高落札価格（TSO別）[円/kW・30分],14.06,3.91,1.67,0.5,3.09,3.72,3.72,2.05,4.74,14.06
20260502B09,最低落札価格（TSO別）[円/kW・30分],3.85,3.85,0.82,0.42,0.5,0.43,0.42,0.47,0.42,0.42
20260502B09,平均落札価格（TSO別）[円/kW・30分],4.63,3.89,1.26,0.44,1.82,1.7,1.54,1.34,2.39,1.75
20260502B09,落札量合計（TSO別）[MW],26.488,187.418,914,100.894,77,294,271.738,87.07,304,2262.608
20260502B09,（内訳）自エリアからの落札量[MW],3.906,187.418,914,100.894,33,0,147.758,43.07,148,1578.046
20260502B10,募集量（TSO別）[MW],260,72,914,0,77,298,230,73,290,2214
20260502B10,応札量合計（電源属地別）[MW],51.262,340,1370.662,593,100,0,283.497,140,266,3144.421
20260502B10,落札量合計（電源属地別）[MW],51.262,140,1015.756,593,33,0,270.758,43.07,148,2294.846
20260502B10,応札件数（電源属地別）[件],4,2,19,4,1,0,3,5,4,42
20260502B10,落札件数（電源属地別）[件],4,2,13,4,1,0,3,2,4,33
20260502B10,最高落札価格（電源属地別）[円/kW・30分],14.87,3.56,1.49,0.6,2.94,0,3.57,2.05,4.76,14.87
20260502B10,最低落札価格（電源属地別）[円/kW・30分],4.4,3.56,0.82,0.39,2.94,0,1.71,1.54,3.39,0.39
20260502B10,平均落札価格（電源属地別）[円/kW・30分],14.05,3.56,1.18,0.51,2.94,0,2.72,1.84,4.48,1.87
20260502B10,最高落札価格（TSO別）[円/kW・30分],14.87,3.56,1.49,0.6,2.94,3.57,3.57,2.05,4.76,14.87
20260502B10,最低落札価格（TSO別）[円/kW・30分],0.82,3.56,0.82,0.39,0.39,0.39,0.58,0.6,0.39,0.39
20260502B10,平均落札価格（TSO別）[円/kW・30分],7.06,3.56,1.18,0.5,1.5,1.86,1.38,1.2,2.44,1.87
20260502B10,落札量合計（TSO別）[MW],126.144,106,914,104.894,77,298,273.738,88.07,307,2294.846
20260502B10,（内訳）自エリアからの落札量[MW],51.262,106,914,104.894,33,0,147.748,43.07,148,1547.974
20260502B11,募集量（TSO別）[MW],260,72,914,0,77,298,230,73,290,2214
20260502B11,応札量合計（電源属地別）[MW],3.906,340,1072.03,509,100,0,283.497,140,266,2714.433
20260502B11,落札量合計（電源属地別）[MW],3.906,177.17,980.318,509,33,0,283.497,88.07,148,2222.961
20260502B11,応札件数（電源属地別）[件],2,2,17,2,1,0,3,5,4,36
20260502B11,落札件数（電源属地別）[件],2,2,14,2,1,0,3,3,4,31
20260502B11,最高落札価格（電源属地別）[円/kW・30分],14.06,3.74,4.01,1.01,3.83,0,4.47,2.05,5.3,14.06
20260502B11,最低落札価格（電源属地別）[円/kW・30分],4.4,3.74,0.82,0.99,3.83,0,2.61,2.05,3.93,0.82
20260502B11,平均落札価格（電源属地別）[円/kW・30分],9.14,3.74,1.24,1,3.83,0,3.58,2.05,5.03,2.02
20260502B11,最高落札価格（TSO別）[円/kW・30分],14.06,3.74,4.01,1.01,3.83,4.47,4.47,2.05,5.3,14.06
20260502B11,最低落札価格（TSO別）[円/kW・30分],3.74,3.74,0.82,0.99,1.01,1.01,0.99,2.05,0.99,0.82
20260502B11,平均落札価格（TSO別）[円/kW・30分],7.32,3.74,1.25,0.99,2.23,2.1,2.48,2.05,2.94,2.02
20260502B11,落札量合計（TSO別）[MW],5.888,175.188,914,84.077,77,298,273.738,88.07,307,2222.961
20260502B11,（内訳）自エリアからの落札量[MW],3.906,175.188,914,84.077,33,0,160.497,88.07,148,1606.738
20260502B12,募集量（TSO別）[MW],260,72,914,0,77,298,230,73,290,2214
20260502B12,応札量合計（電源属地別）[MW],47.372,510,719.898,365,100,0,153.497,140,119,2154.767
20260502B12,落札量合計（電源属地別）[MW],47.372,210,681.912,365,100,0,153.497,88.07,119,1764.851
20260502B12,応札件数（電源属地別）[件],2,3,9,2,1,0,2,5,3,27
20260502B12,落札件数（電源属地別）[件],2,3,9,2,1,0,2,3,3,25
20260502B12,最高落札価格（電源属地別）[円/kW・30分],14.87,5.34,7.21,0.99,3.59,0,4.22,2.05,4.76,14.87
20260502B12,最低落札価格（電源属地別）[円/kW・30分],14.06,5.25,0.82,0.98,3.59,0,4.08,2.05,3.39,0.82
20260502B12,平均落札価格（電源属地別）[円/kW・30分],14.84,5.28,2.16,0.98,3.59,0,4.15,2.05,4.35,3.02
20260502B12,最高落札価格（TSO別）[円/kW・30分],14.87,5.34,7.21,0.98,3.59,4.22,4.22,2.05,4.76,14.87
20260502B12,最低落札価格（TSO別）[円/kW・30分],14.06,5.25,0.82,0.98,0.98,0.98,0.98,2.05,0.99,0.82
20260502B12,平均落札価格（TSO別）[円/kW・30分],14.84,5.28,2.16,0.98,2.78,2.03,2.79,2.05,3.21,3.02
20260502B12,落札量合計（TSO別）[MW],47.372,210,681.912,20.014,77,295.463,165.02,88.07,180,1764.851
20260502B12,（内訳）自エリアからの落札量[MW],47.372,210,681.912,20.014,53,0,94.02,88.07,119,1313.388
20260502B13,募集量（TSO別）[MW],308,181,996,0,106,361,332,110,397,2791
20260502B13,応札量合計（電源属地別）[MW],140.64,510,812.82,766.8,0,179.058,331.497,120,140,3000.815
20260502B13,落札量合計（電源属地別）[MW],140.64,246,812.82,486.152,0,179.058,326.236,108,140,2438.906
20260502B13,応札件数（電源属地別）[件],4,3,9,2,0,1,3,2,3,27
20260502B13,落札件数（電源属地別）[件],4,3,9,2,0,1,3,2,3,27
20260502B13,最高落札価格（電源属地別）[円/kW・30分],14.5,5.37,7.19,2.85,0,0.39,3.56,2.05,3.6,14.5
20260502B13,最低落札価格（電源属地別）[円/kW・30分],1.01,5.28,0.52,1.12,0,0.39,1.7,2.05,2.23,0.39
20260502B13,平均落札価格（電源属地別）[円/kW・30分],1.48,5.31,1.64,1.91,0,0.39,2.51,2.05,3.25,2.19
20260502B13,最高落札価格（TSO別）[円/kW・30分],14.5,5.37,7.19,2.85,1.12,2.85,3.56,2.05,3.6,14.5
20260502B13,最低落札価格（TSO別）[円/kW・30分],1.01,5.28,0.52,1.12,1.12,0.39,1.7,1.12,0.39,0.39
20260502B13,平均落札価格（TSO別）[円/kW・30分],1.48,5.31,1.64,1.93,1.12,1.65,2.47,1.83,2.39,2.19
20260502B13,落札量合計（TSO別）[MW],140.64,246,812.82,228.516,106,228.754,288.176,141,247,2438.906
20260502B13,（内訳）自エリアからの落札量[MW],140.64,246,812.82,228.516,0,110.118,288.176,108,140,2074.27
20260502B14,募集量（TSO別）[MW],318,210,1078,0,112,411,341,112,464,3046
20260502B14,応札量合計（電源属地別）[MW],353.096,510,1085.042,554,0,179.058,153.497,94,411,3339.693
20260502B14,落札量合計（電源属地別）[MW],321,210,879,549,0,179.058,153.497,94,411,2796.555
20260502B14,応札件数（電源属地別）[件],5,3,9,1,0,1,2,2,3,26
20260502B14,落札件数（電源属地別）[件],4,3,7,1,0,1,2,2,3,23
20260502B14,最高落札価格（電源属地別）[円/kW・30分],14.87,8.46,0.82,0.39,0,0.39,0.9,2.05,3.07,14.87
20260502B14,最低落札価格（電源属地別）[円/kW・30分],1.01,8.07,0.39,0.39,0,0.39,0.75,2.05,0.39,0.39
20260502B14,平均落札価格（電源属地別）[円/kW・30分],2.43,8.2,0.51,0.39,0,0.39,0.82,2.05,2.09,1.58
20260502B14,最高落札価格（TSO別）[円/kW・30分],14.87,8.46,0.82,0.39,0.39,0.39,0.9,2.05,3.07,14.87
20260502B14,最低落札価格（TSO別）[円/kW・30分],1.01,0.82,0.39,0.39,0.39,0.39,0.75,2.05,0.39,0.39
20260502B14,平均落札価格（TSO別）[円/kW・30分],2.43,6.95,0.47,0.39,0.39,0.39,0.82,2.05,2.04,1.58
20260502B14,落札量合計（TSO別）[MW],321,253,1078,195,112,179.058,136.497,94,428,2796.555
20260502B14,（内訳）自エリアからの落札量[MW],321,210,836,195,0,179.058,136.497,94,411,2382.555
20260502B15,募集量（TSO別）[MW],322,220,1145,0,125,427,366,116,500,3221
20260502B15,応札量合計（電源属地別）[MW],306.64,510,950.64,554,0,179.058,258.545,44,411,3213.883
20260502B15,落札量合計（電源属地別）[MW],306.64,318.1,950.64,369.261,0,179.058,253.916,44,411,2832.615
20260502B15,応札件数（電源属地別）[件],4,3,8,1,0,1,5,1,3,26
20260502B15,落札件数（電源属地別）[件],4,3,8,1,0,1,5,1,3,26
20260502B15,最高落札価格（電源属地別）[円/kW・30分],11.3,12.76,7.19,0.39,0,0.39,2.13,2.05,0.39,12.76
20260502B15,最低落札価格（電源属地別）[円/kW・30分],1.01,11.94,0.39,0.39,0,0.39,0.39,2.05,0.39,0.39
20260502B15,平均落札価格（電源属地別）[円/kW・30分],1.21,12.12,1.25,0.39,0,0.39,0.59,2.05,0.39,2.13
20260502B15,最高落札価格（TSO別）[円/kW・30分],11.3,12.76,11.94,0.39,0,0.39,2.13,2.05,0.39,12.76
20260502B15,最低落札価格（TSO別）[円/kW・30分],1.01,0.39,0.39,0.39,0,0.39,0.39,2.05,0.39,0.39
20260502B15,平均落札価格（TSO別）[円/kW・30分],1.21,11.17,1.81,0.39,0,0.39,0.6,2.05,0.39,2.13
20260502B15,落札量合計（TSO別）[MW],306.64,271,1145,222.001,0,179.058,244.916,44,420,2832.615
20260502B15,（内訳）自エリアからの落札量[MW],306.64,248,927.64,222.001,0,179.058,244.916,44,411,2583.255
20260502B16,募集量（TSO別）[MW],322,240,1199,0,137,449,369,121,513,3350
20260502B16,応札量合計（電源属地別）[MW],362.196,510,450,554,0,179.058,258.545,44,639,2996.799
20260502B16,落札量合計（電源属地別）[MW],362.196,267.486,450,231.001,0,179.058,245.916,44,516,2295.657
20260502B16,応札件数（電源属地別）[件],4,3,3,1,0,1,5,1,4,22
20260502B16,落札件数（電源属地別）[件],4,3,3,1,0,1,5,1,4,22
20260502B16,最高落札価格（電源属地別）[円/kW・30分],14.87,12.22,7.19,0.39,0,0.39,2.13,2.05,0.39,14.87
20260502B16,最低落札価格（電源属地別）[円/kW・30分],1.01,11.46,0.82,0.39,0,0.39,0.39,2.05,0.39,0.39
20260502B16,平均落札価格（電源属地別）[円/kW・30分],2.91,11.71,2.08,0.39,0,0.39,0.57,2.05,0.39,2.49
20260502B16,最高落札価格（TSO別）[円/kW・30分],14.87,12.22,7.19,0.39,0,0.39,2.13,2.05,0.39,14.87
20260502B16,最低落札価格（TSO別）[円/kW・30分],1.01,1.01,0.82,0.39,0,0.39,0.39,2.05,0.39,0.39
20260502B16,平均落札価格（TSO別）[円/kW・30分],2.99,11.16,2.08,0.39,0,0.39,0.57,2.05,0.39,2.49
20260502B16,落札量合計（TSO別）[MW],347.682,282,450,231.001,0,179.058,245.916,44,516,2295.657
20260502B16,（内訳）自エリアからの落札量[MW],347.682,267.486,450,231.001,0,179.058,245.916,44,516,2281.143
20260502B17,募集量（TSO別）[MW],322,240,1199,0,137,449,369,124,513,3353
20260502B17,応札量合計（電源属地別）[MW],325.74,510,573.644,555,0,179.058,393.228,44,693,3273.67
20260502B17,落札量合計（電源属地別）[MW],325.74,267,561.644,231.001,0,179.058,393.228,44,624,2625.671
20260502B17,応札件数（電源属地別）[件],3,3,5,1,0,1,5,1,3,22
20260502B17,落札件数（電源属地別）[件],3,3,5,1,0,1,5,1,3,22
20260502B17,最高落札価格（電源属地別）[円/kW・30分],9.4,13.32,7.19,0.39,0,0.39,2.13,2.05,0.39,13.32
20260502B17,最低落札価格（電源属地別）[円/kW・30分],1.01,12.44,0.39,0.39,0,0.39,0.39,2.05,0.39,0.39
20260502B17,平均落札価格（電源属地別）[円/kW・30分],1.15,12.73,1.84,0.39,0,0.39,0.52,2.05,0.39,2.1
20260502B17,最高落札価格（TSO別）[円/kW・30分],9.4,13.32,7.19,0.39,0,0.39,2.13,2.05,0.39,13.32
20260502B17,最低落札価格（TSO別）[円/kW・30分],1.01,0.39,0.39,0.39,0,0.39,0.39,2.05,0.39,0.39
20260502B17,平均落札価格（TSO別）[円/kW・30分],1.15,12.08,1.88,0.39,0,0.39,0.52,2.05,0.39,2.1
20260502B17,落札量合計（TSO別）[MW],325.74,282,546.644,231.001,0,179.058,393.228,44,624,2625.671
20260502B17,（内訳）自エリアからの落札量[MW],325.74,267,546.644,231.001,0,179.058,393.228,44,624,2610.671
20260502B18,募集量（TSO別）[MW],322,240,1199,0,137,449,369,124,513,3353
20260502B18,応札量合計（電源属地別）[MW],325.74,510,637.834,555,0,179.058,233.376,44,693,3178.008
20260502B18,落札量合計（電源属地別）[MW],325.74,267,625.834,231.001,0,179.058,233.376,44,643,2549.009
20260502B18,応札件数（電源属地別）[件],3,3,5,1,0,1,5,1,3,22
20260502B18,落札件数（電源属地別）[件],3,3,5,1,0,1,5,1,3,22
20260502B18,最高落札価格（電源属地別）[円/kW・30分],9.5,13.32,7.19,0.39,0,0.39,2.13,2.05,0.39,13.32
20260502B18,最低落札価格（電源属地別）[円/kW・30分],1.01,12.44,0.39,0.39,0,0.39,0.39,2.05,0.39,0.39
20260502B18,平均落札価格（電源属地別）[円/kW・30分],1.16,12.73,1.6,0.39,0,0.39,0.61,2.05,0.39,2.13
20260502B18,最高落札価格（TSO別）[円/kW・30分],9.5,13.32,7.19,0.39,0,0.39,2.13,2.05,0.39,13.32
20260502B18,最低落札価格（TSO別）[円/kW・30分],1.01,0.82,0.39,0.39,0,0.39,0.39,2.05,0.39,0.39
20260502B18,平均落札価格（TSO別）[円/kW・30分],1.16,12.1,1.62,0.39,0,0.39,0.61,2.05,0.39,2.13
20260502B18,落札量合計（TSO別）[MW],325.74,282,610.834,231.001,0,179.058,233.376,44,643,2549.009
20260502B18,（内訳）自エリアからの落札量[MW],325.74,267,610.834,231.001,0,179.058,233.376,44,643,2534.009
20260502B19,募集量（TSO別）[MW],333,326,1518,49,189,636,426,128,591,4196
20260502B19,応札量合計（電源属地別）[MW],292.64,510,1053.596,555,0,179.058,185.838,44,735,3555.132
20260502B19,落札量合計（電源属地別）[MW],292.64,267,1013.303,296.708,0,179.058,185.838,44,685,2963.547
20260502B19,応札件数（電源属地別）[件],4,3,7,1,0,1,5,1,3,25
20260502B19,落札件数（電源属地別）[件],4,3,7,1,0,1,5,1,3,25
20260502B19,最高落札価格（電源属地別）[円/kW・30分],14,13.32,7.19,0.39,0,0.39,2.13,2.05,0.39,14
20260502B19,最低落札価格（電源属地別）[円/kW・30分],1.01,12.44,0.39,0.39,0,0.39,0.39,2.05,0.39,0.39
20260502B19,平均落札価格（電源属地別）[円/kW・30分],1.2,12.73,1.2,0.39,0,0.39,0.67,2.05,0.39,1.9
20260502B19,最高落札価格（TSO別）[円/kW・30分],14,13.32,7.19,0.39,0,0.39,2.13,2.05,0.39,14
20260502B19,最低落札価格（TSO別）[円/kW・30分],1.01,0.39,0.39,0.39,0,0.39,0.39,2.05,0.39,0.39
20260502B19,平均落札価格（TSO別）[円/kW・30分],1.2,9.2,1.27,0.39,0,0.39,0.67,2.05,0.39,1.9
20260502B19,落札量合計（TSO別）[MW],292.64,377,903.303,296.708,0,179.058,185.838,44,685,2963.547
20260502B19,（内訳）自エリアからの落札量[MW],292.64,267,903.303,296.708,0,179.058,185.838,44,685,2853.547
20260502B20,募集量（TSO別）[MW],345,322,1584,65,198,698,499,163,593,4467
20260502B20,応札量合計（電源属地別）[MW],318.64,510,1022.9,556,0,179.058,255.063,44,734,3619.661
20260502B20,落札量合計（電源属地別）[MW],318.64,267,973.325,511.889,0,179.058,255.063,44,684,3232.975
20260502B20,応札件数（電源属地別）[件],4,3,7,1,0,1,5,1,3,25
20260502B20,落札件数（電源属地別）[件],4,3,7,1,0,1,5,1,3,25
20260502B20,最高落札価格（電源属地別）[円/kW・30分],9.5,13.32,7.19,0.39,0,0.39,2.13,2.05,0.39,13.32
20260502B20,最低落札価格（電源属地別）[円/kW・30分],1.01,12.44,0.39,0.39,0,0.39,0.39,2.05,0.39,0.39
20260502B20,平均落札価格（電源属地別）[円/kW・30分],1.15,12.73,1.23,0.39,0,0.39,0.59,2.05,0.39,1.78
20260502B20,最高落札価格（TSO別）[円/kW・30分],9.5,13.32,7.19,0.39,0,0.39,2.13,2.05,0.39,13.32
20260502B20,最低落札価格（TSO別）[円/kW・30分],1.01,0.39,0.39,0.39,0,0.39,0.39,2.05,0.39,0.39
20260502B20,平均落札価格（TSO別）[円/kW・30分],1.15,9.26,1.13,0.39,0,0.39,0.59,2.05,0.39,1.78
20260502B20,落札量合計（TSO別）[MW],318.64,373,1082.506,296.708,0,179.058,255.063,44,684,3232.975
20260502B20,（内訳）自エリアからの落札量[MW],318.64,267,867.325,296.708,0,179.058,255.063,44,684,2911.794
20260502B21,募集量（TSO別）[MW],347,322,1620,67,205,709,499,187,593,4549
20260502B21,応札量合計（電源属地別）[MW],319.64,510,1015.594,556,0,185.458,255.063,44,743,3628.755
20260502B21,落札量合計（電源属地別）[MW],319.64,267,978.165,296.708,0,185.458,255.063,44,693,3039.034
20260502B21,応札件数（電源属地別）[件],4,3,7,1,0,2,5,1,3,26
20260502B21,落札件数（電源属地別）[件],4,3,7,1,0,2,5,1,3,26
20260502B21,最高落札価格（電源属地別）[円/kW・30分],14,13.32,7.19,0.39,0,15,2.13,2.05,0.39,15
20260502B21,最低落札価格（電源属地別）[円/kW・30分],1.01,12.44,0.36,0.39,0,0.39,0.39,2.05,0.39,0.36
20260502B21,平均落札価格（電源属地別）[円/kW・30分],1.18,12.73,1.22,0.39,0,0.89,0.59,2.05,0.39,1.9
20260502B21,最高落札価格（TSO別）[円/kW・30分],14,13.32,7.19,0.39,0,15,2.13,2.05,0.39,15
20260502B21,最低落札価格（TSO別）[円/kW・30分],1.01,0.82,0.36,0.39,0,0.39,0.39,2.05,0.39,0.36
20260502B21,平均落札価格（TSO別）[円/kW・30分],1.18,9.35,1.27,0.39,0,0.89,0.59,2.05,0.39,1.9
20260502B21,落札量合計（TSO別）[MW],319.64,373,872.165,296.708,0,185.458,255.063,44,693,3039.034
20260502B21,（内訳）自エリアからの落札量[MW],319.64,267,872.165,296.708,0,185.458,255.063,44,693,2933.034
20260502B22,募集量（TSO別）[MW],347,321,1638,91,199,709,499,201,593,4598
20260502B22,応札量合計（電源属地別）[MW],317.65,510,1030.31,556,0,185.458,255.063,44,745,3643.481
20260502B22,落札量合計（電源属地別）[MW],317.65,267,998.877,417.189,0,185.458,255.063,44,695,3180.237
20260502B22,応札件数（電源属地別）[件],3,3,7,1,0,2,5,1,3,25
20260502B22,落札件数（電源属地別）[件],3,3,7,1,0,2,5,1,3,25
20260502B22,最高落札価格（電源属地別）[円/kW・30分],6.5,13.32,7.19,0.39,0,15,2.13,2.05,0.39,15
20260502B22,最低落札価格（電源属地別）[円/kW・30分],1.01,12.44,0.36,0.39,0,0.39,0.39,2.05,0.39,0.36
20260502B22,平均落札価格（電源属地別）[円/kW・30分],1.1,12.73,1.2,0.39,0,0.89,0.59,2.05,0.39,1.82
20260502B22,最高落札価格（TSO別）[円/kW・30分],6.5,13.32,7.19,0.39,0,15,2.13,2.05,0.39,15
20260502B22,最低落札価格（TSO別）[円/kW・30分],1.01,0.36,0.39,0.39,0,0.39,0.39,2.05,0.39,0.36
20260502B22,平均落札価格（TSO別）[円/kW・30分],1.1,9.25,1.19,0.39,0,0.89,0.59,2.05,0.39,1.82
20260502B22,落札量合計（TSO別）[MW],317.65,372,1014.358,296.708,0,185.458,255.063,44,695,3180.237
20260502B22,（内訳）自エリアからの落札量[MW],317.65,267,893.877,296.708,0,185.458,255.063,44,695,2954.756
20260502B23,募集量（TSO別）[MW],333,322,1641,91,214,657,499,185,593,4535
20260502B23,応札量合計（電源属地別）[MW],317.74,510,1025.35,557,0,185.458,255.063,44,745,3639.611
20260502B23,落札量合計（電源属地別）[MW],317.74,267,1007.591,296.708,0,185.458,255.063,44,695,3068.56
20260502B23,応札件数（電源属地別）[件],3,3,7,1,0,2,5,1,3,25
20260502B23,落札件数（電源属地別）[件],3,3,7,1,0,2,5,1,3,25
20260502B23,最高落札価格（電源属地別）[円/kW・30分],14,13.32,7.19,0.39,0,15,2.13,2.05,0.39,15
20260502B23,最低落札価格（電源属地別）[円/kW・30分],1.01,12.44,0.36,0.39,0,0.39,0.39,2.05,0.39,0.36
20260502B23,平均落札価格（電源属地別）[円/kW・30分],1.16,12.73,1.2,0.39,0,0.89,0.59,2.05,0.39,1.88
20260502B23,最高落札価格（TSO別）[円/kW・30分],14,13.32,7.19,0.39,0,15,2.13,2.05,0.39,15
20260502B23,最低落札価格（TSO別）[円/kW・30分],1.01,0.39,0.36,0.39,0,0.39,0.39,2.05,0.39,0.36
20260502B23,平均落札価格（TSO別）[円/kW・30分],1.16,9.32,1.25,0.39,0,0.89,0.59,2.05,0.39,1.88
20260502B23,落札量合計（TSO別）[MW],317.74,373,901.591,296.708,0,185.458,255.063,44,695,3068.56
20260502B23,（内訳）自エリアからの落札量[MW],317.74,267,901.591,296.708,0,185.458,255.063,44,695,2962.56
20260502B24,募集量（TSO別）[MW],325,295,1618,91,198,637,499,184,593,4440
20260502B24,応札量合計（電源属地別）[MW],317.74,510,1048.352,557,0,185.458,255.063,249,745,3867.613
20260502B24,落札量合計（電源属地別）[MW],317.74,267,980.521,296.708,0,185.458,255.063,249,695,3246.49
20260502B24,応札件数（電源属地別）[件],3,3,7,1,0,2,5,3,3,27
20260502B24,落札件数（電源属地別）[件],3,3,7,1,0,2,5,3,3,27
20260502B24,最高落札価格（電源属地別）[円/kW・30分],11.3,13.32,7.19,0.39,0,15,2.13,2.15,0.39,15
20260502B24,最低落札価格（電源属地別）[円/kW・30分],1.01,12.44,0.36,0.39,0,0.39,0.39,0.38,0.39,0.36
20260502B24,平均落札価格（電源属地別）[円/kW・30分],1.14,12.73,1.22,0.39,0,0.89,0.59,0.68,0.39,1.8
20260502B24,最高落札価格（TSO別）[円/kW・30分],11.3,13.32,7.19,0.39,0,15,2.13,2.15,0.39,15
20260502B24,最低落札価格（TSO別）[円/kW・30分],1.01,0.39,0.36,0.39,0,0.39,0.38,0.38,0.39,0.36
20260502B24,平均落札価格（TSO別）[円/kW・30分],1.14,9.92,1.29,0.39,0,0.89,0.55,0.77,0.39,1.8
20260502B24,落札量合計（TSO別）[MW],317.74,346,901.521,296.708,0,185.458,314.421,189.642,695,3246.49
20260502B24,（内訳）自エリアからの落札量[MW],317.74,267,901.521,296.708,0,185.458,255.063,189.642,695,3108.132
20260502B25,募集量（TSO別）[MW],278,294,1551,165,182,575,472,203,661,4381
20260502B25,応札量合計（電源属地別）[MW],299.74,510,1056.052,557,0,185.458,255.063,243,790,3896.313
20260502B25,落札量合計（電源属地別）[MW],286.05,267,1039.397,334.775,0,185.458,255.063,243,740,3350.743
20260502B25,応札件数（電源属地別）[件],3,3,7,1,0,2,5,3,3,27
20260502B25,落札件数（電源属地別）[件],3,3,7,1,0,2,5,3,3,27
20260502B25,最高落札価格（電源属地別）[円/kW・30分],11.3,13.32,7.19,0.39,0,15,2.13,2.15,0.39,15
20260502B25,最低落札価格（電源属地別）[円/kW・30分],1.01,12.44,0.36,0.39,0,0.39,0.39,0.38,0.39,0.36
20260502B25,平均落札価格（電源属地別）[円/kW・30分],1.2,12.73,1.17,0.39,0,0.89,0.59,0.69,0.39,1.75
20260502B25,最高落札価格（TSO別）[円/kW・30分],11.3,13.32,7.19,0.39,0,15,2.13,2.15,0.39,15
20260502B25,最低落札価格（TSO別）[円/kW・30分],1.01,0.82,0.36,0.39,0,0.39,0.38,0.38,0.39,0.36
20260502B25,平均落札価格（TSO別）[円/kW・30分],1.2,10.04,1.17,0.39,0,0.89,0.53,0.92,0.39,1.75
20260502B25,落札量合計（TSO別）[MW],286.05,345,999.464,296.708,0,185.458,359.415,138.648,740,3350.743
20260502B25,（内訳）自エリアからの落札量[MW],286.05,267,961.397,296.708,0,185.458,255.063,138.648,740,3130.324
20260502B26,募集量（TSO別）[MW],278,337,1551,166,182,575,472,203,661,4425
20260502B26,応札量合計（電源属地別）[MW],299.74,510,1042.548,526,0,185.458,255.063,243,790,3851.809
20260502B26,落札量合計（電源属地別）[MW],284.082,267,1040.047,334.775,0,185.458,255.063,243,740,3349.425
20260502B26,応札件数（電源属地別）[件],3,3,7,1,0,2,5,3,3,27
20260502B26,落札件数（電源属地別）[件],3,3,7,1,0,2,5,3,3,27
20260502B26,最高落札価格（電源属地別）[円/kW・30分],11.3,13.32,7.19,0.39,0,15,2.13,2.15,0.39,15
20260502B26,最低落札価格（電源属地別）[円/kW・30分],1.01,12.44,0.36,0.39,0,0.39,0.39,0.38,0.39,0.36
20260502B26,平均落札価格（電源属地別）[円/kW・30分],1.2,12.73,1.17,0.39,0,0.89,0.59,0.69,0.39,1.75
20260502B26,最高落札価格（TSO別）[円/kW・30分],11.3,13.32,7.19,0.39,0,15,2.13,2.15,0.39,15
20260502B26,最低落札価格（TSO別）[円/kW・30分],1.01,0.39,0.36,0.39,0,0.39,0.38,0.38,0.39,0.36
20260502B26,平均落札価格（TSO別）[円/kW・30分],1.2,8.98,1.2,0.39,0,0.89,0.53,0.91,0.39,1.75
20260502B26,落札量合計（TSO別）[MW],284.082,388,957.114,296.708,0,185.458,358.815,139.248,740,3349.425
20260502B26,（内訳）自エリアからの落札量[MW],284.082,267,919.047,296.708,0,185.458,255.063,139.248,740,3086.606
20260502B27,募集量（TSO別）[MW],278,376,1551,168,182,575,472,203,661,4466
20260502B27,応札量合計（電源属地別）[MW],299.74,510,1070.03,558,0,183.258,255.063,77,790,3743.091
20260502B27,落札量合計（電源属地別）[MW],293.219,267,1070.03,296.708,0,183.258,255.063,77,740,3182.278
20260502B27,応札件数（電源属地別）[件],3,3,7,1,0,2,5,2,3,26
20260502B27,落札件数（電源属地別）[件],3,3,7,1,0,2,5,2,3,26
20260502B27,最高落札価格（電源属地別）[円/kW・30分],11.3,13.32,7.19,0.39,0,15,2.13,2.05,0.39,15
20260502B27,最低落札価格（電源属地別）[円/kW・30分],1.01,12.44,0.36,0.39,0,0.39,0.39,0.38,0.39,0.36
20260502B27,平均落札価格（電源属地別）[円/kW・30分],1.2,12.73,1.15,0.39,0,0.72,0.59,1.33,0.39,1.81
20260502B27,最高落札価格（TSO別）[円/kW・30分],11.3,13.32,7.19,0.39,0,15,2.13,2.05,0.39,15
20260502B27,最低落札価格（TSO別）[円/kW・30分],1.01,0.36,0.39,0.39,0,0.39,0.39,0.38,0.39,0.36
20260502B27,平均落札価格（TSO別）[円/kW・30分],1.2,8.11,1.28,0.39,0,0.72,0.59,1.33,0.39,1.81
20260502B27,落札量合計（TSO別）[MW],284.082,427,919.167,296.708,0,183.258,255.063,77,740,3182.278
20260502B27,（内訳）自エリアからの落札量[MW],284.082,267,919.167,296.708,0,183.258,255.063,77,740,3022.278
20260502B28,募集量（TSO別）[MW],274,361,1551,170,176,569,472,203,635,4411
20260502B28,応札量合計（電源属地別）[MW],295.74,510,934.268,558,0,179.058,255.063,44,781,3557.129
20260502B28,落札量合計（電源属地別）[MW],295.74,351.69,934.268,296.708,0,179.058,255.063,44,731,3087.527
20260502B28,応札件数（電源属地別）[件],3,3,6,1,0,1,5,1,3,23
20260502B28,落札件数（電源属地別）[件],3,3,6,1,0,1,5,1,3,23
20260502B28,最高落札価格（電源属地別）[円/kW・30分],14.5,13.32,7.19,0.39,0,0.39,2.13,2.05,0.39,14.5
20260502B28,最低落札価格（電源属地別）[円/kW・30分],1.01,12.44,0.36,0.39,0,0.39,0.39,2.05,0.39,0.36
20260502B28,平均落札価格（電源属地別）[円/kW・30分],1.22,12.66,1.26,0.39,0,0.39,0.59,2.05,0.39,2.17
20260502B28,最高落札価格（TSO別）[円/kW・30分],14.5,13.32,7.19,0.39,0,0.39,2.13,2.05,0.39,14.5
20260502B28,最低落札価格（TSO別）[円/kW・30分],1.01,0.39,0.36,0.39,0,0.39,0.39,2.05,0.39,0.36
20260502B28,平均落札価格（TSO別）[円/kW・30分],1.23,10.89,1.3,0.39,0,0.39,0.59,2.05,0.39,2.17
20260502B28,落札量合計（TSO別）[MW],278.75,412,890.948,296.708,0,179.058,255.063,44,731,3087.527
20260502B28,（内訳）自エリアからの落札量[MW],278.75,351.69,890.948,296.708,0,179.058,255.063,44,731,3027.217
20260502B29,募集量（TSO別）[MW],264,353,1505,170,170,568,452,203,627,4312
20260502B29,応札量合計（電源属地別）[MW],286.74,510,1194.814,558,0,101.766,255.063,44,765,3715.383
20260502B29,落札量合計（電源属地別）[MW],269.75,267,1169.164,296.708,0,101.766,255.063,44,715,3118.451
20260502B29,応札件数（電源属地別）[件],3,3,9,1,0,1,5,1,3,26
20260502B29,落札件数（電源属地別）[件],3,3,9,1,0,1,5,1,3,26
20260502B29,最高落札価格（電源属地別）[円/kW・30分],14.5,13.32,7.19,0.39,0,0.39,2.13,2.05,0.39,14.5
20260502B29,最低落札価格（電源属地別）[円/kW・30分],1.01,12.44,0.36,0.39,0,0.39,0.39,2.05,0.39,0.36
20260502B29,平均落札価格（電源属地別）[円/kW・30分],1.24,12.73,1.94,0.39,0,0.39,0.59,2.05,0.39,2.14
20260502B29,最高落札価格（TSO別）[円/kW・30分],14.5,13.32,7.19,0.39,0,0.39,2.13,2.05,0.39,14.5
20260502B29,最低落札価格（TSO別）[円/kW・30分],1.01,0.39,0.36,0.39,0,0.39,0.39,2.05,0.39,0.36
20260502B29,平均落札価格（TSO別）[円/kW・30分],1.24,8.55,2.14,0.39,0,0.39,0.59,2.05,0.39,2.14
20260502B29,落札量合計（TSO別）[MW],269.75,404,1032.164,296.708,0,101.766,255.063,44,715,3118.451
20260502B29,（内訳）自エリアからの落札量[MW],269.75,267,1032.164,296.708,0,101.766,255.063,44,715,2981.451
20260502B30,募集量（TSO別）[MW],255,330,1450,147,169,575,472,203,616,4217
20260502B30,応札量合計（電源属地別）[MW],272.65,510,1292.156,558,0,26.792,254.075,44,752,3709.673
20260502B30,落札量合計（電源属地別）[MW],263.082,267,1274.156,296.708,0,26.792,254.075,44,702,3127.813
20260502B30,応札件数（電源属地別）[件],3,3,9,1,0,1,5,1,3,26
20260502B30,落札件数（電源属地別）[件],2,3,9,1,0,1,5,1,3,25
20260502B30,最高落札価格（電源属地別）[円/kW・30分],10.1,13.32,7.19,0.39,0,0.39,2.13,2.05,0.39,13.32
20260502B30,最低落札価格（電源属地別）[円/kW・30分],1.01,12.44,0.36,0.39,0,0.39,0.39,2.05,0.39,0.36
20260502B30,平均落札価格（電源属地別）[円/kW・30分],1.14,12.73,1.03,0.39,0,0.39,0.59,2.05,0.39,1.81
20260502B30,最高落札価格（TSO別）[円/kW・30分],10.1,13.32,7.19,0.39,0,0.39,2.13,2.05,0.39,13.32
20260502B30,最低落札価格（TSO別）[円/kW・30分],1.01,0.36,0.36,0.39,0,0.39,0.39,2.05,0.39,0.36
20260502B30,平均落札価格（TSO別）[円/kW・30分],1.14,9.15,1.09,0.39,0,0.39,0.59,2.05,0.39,1.81
20260502B30,落札量合計（TSO別）[MW],263.082,376,1165.156,296.708,0,26.792,254.075,44,702,3127.813
20260502B30,（内訳）自エリアからの落札量[MW],263.082,267,1165.156,296.708,0,26.792,254.075,44,702,3018.813
20260502B31,募集量（TSO別）[MW],224,490,1205,53,148,480,375,174,581,3730
20260502B31,応札量合計（電源属地別）[MW],271.64,510,1122.738,257,0,0,346.983,44,750,3302.361
20260502B31,落札量合計（電源属地別）[MW],271.64,442.36,1053.737,257,0,0,346.983,44,697,3112.72
20260502B31,応札件数（電源属地別）[件],4,3,8,1,0,0,5,1,3,25
20260502B31,落札件数（電源属地別）[件],4,3,8,1,0,0,5,1,3,25
20260502B31,最高落札価格（電源属地別）[円/kW・30分],6,13.32,7.19,0.39,0,0,2.13,2.05,0.39,13.32
20260502B31,最低落札価格（電源属地別）[円/kW・30分],1.01,12.44,0.36,0.39,0,0,0.39,2.05,0.39,0.36
20260502B31,平均落札価格（電源属地別）[円/kW・30分],1.13,12.64,2.11,0.39,0,0,0.54,2.05,0.39,2.82
20260502B31,最高落札価格（TSO別）[円/kW・30分],6,13.32,7.19,0.39,0,0,2.13,2.05,0.39,13.32
20260502B31,最低落札価格（TSO別）[円/kW・30分],1.01,1.01,0.36,0.39,0,0,0.39,2.05,0.39,0.36
20260502B31,平均落札価格（TSO別）[円/kW・30分],1.11,11.53,2.11,0.39,0,0,0.54,2.05,0.39,2.82
20260502B31,落札量合計（TSO別）[MW],224,490,1053.737,257,0,0,346.983,44,697,3112.72
20260502B31,（内訳）自エリアからの落札量[MW],224,442.36,1053.737,257,0,0,346.983,44,697,3065.08
20260502B32,募集量（TSO別）[MW],224,490,1205,53,148,480,375,174,581,3730
20260502B32,応札量合計（電源属地別）[MW],327.64,510,1184.06,136,0,13.766,281.019,44,744,3240.485
20260502B32,落札量合計（電源属地別）[MW],299,415,983.904,136,0,13.766,281.019,44,674,2846.689
20260502B32,応札件数（電源属地別）[件],4,3,8,1,0,1,5,1,3,26
20260502B32,落札件数（電源属地別）[件],3,3,8,1,0,1,5,1,3,25
20260502B32,最高落札価格（電源属地別）[円/kW・30分],6,13.32,7.19,0.39,0,0.39,2.13,2.05,0.39,13.32
20260502B32,最低落札価格（電源属地別）[円/kW・30分],1.01,12.44,0.36,0.39,0,0.39,0.39,2.05,0.39,0.36
20260502B32,平均落札価格（電源属地別）[円/kW・30分],1.09,12.6,1.13,0.39,0,0.39,0.57,2.05,0.39,2.54
20260502B32,最高落札価格（TSO別）[円/kW・30分],6,13.32,7.19,0.39,0,0.39,2.13,2.05,0.39,13.32
20260502B32,最低落札価格（TSO別）[円/kW・30分],1.01,1.01,0.36,0.39,0,0.39,0.39,2.05,0.39,0.36
20260502B32,平均落札価格（TSO別）[円/kW・30分],1.11,10.83,1.13,0.39,0,0.39,0.57,2.05,0.39,2.54
20260502B32,落札量合計（TSO別）[MW],224,490,983.904,136,0,13.766,281.019,44,674,2846.689
20260502B32,（内訳）自エリアからの落札量[MW],224,415,983.904,136,0,13.766,281.019,44,674,2771.689
20260502B33,募集量（TSO別）[MW],224,490,1205,53,148,480,375,174,581,3730
20260502B33,応札量合計（電源属地別）[MW],325.65,510,1231.806,232,0,0,393.408,44,731,3467.864
20260502B33,落札量合計（電源属地別）[MW],299,415,1105.468,232,0,0,381.147,44,645,3121.615
20260502B33,応札件数（電源属地別）[件],3,3,9,2,0,0,5,1,3,26
20260502B33,落札件数（電源属地別）[件],2,3,9,2,0,0,5,1,3,25
20260502B33,最高落札価格（電源属地別）[円/kW・30分],4.5,12.45,7.19,8.02,0,0,2.13,2.05,0.39,12.45
20260502B33,最低落札価格（電源属地別）[円/kW・30分],1.01,11.67,0.36,7.99,0,0,0.39,2.05,0.39,0.36
20260502B33,平均落札価格（電源属地別）[円/kW・30分],1.05,11.81,1.06,8.01,0,0,0.53,2.05,0.39,2.82
20260502B33,最高落札価格（TSO別）[円/kW・30分],4.5,12.45,7.99,8.02,0,0,2.13,2.05,0.39,12.45
20260502B33,最低落札価格（TSO別）[円/kW・30分],1.01,1.01,0.36,7.99,0,0,0.39,2.05,0.39,0.36
20260502B33,平均落札価格（TSO別）[円/kW・30分],1.07,10.16,1.21,8.01,0,0,0.53,2.05,0.39,2.82
20260502B33,落札量合計（TSO別）[MW],224,490,1129.998,207.47,0,0,381.147,44,645,3121.615
20260502B33,（内訳）自エリアからの落札量[MW],224,415,1105.468,207.47,0,0,381.147,44,645,3022.085
20260502B34,募集量（TSO別）[MW],222,490,1195,29,146,480,312,169,553,3596
20260502B34,応札量合計（電源属地別）[MW],307.75,510,1163.6,232,0,0,211.668,44,731,3200.018
20260502B34,落札量合計（電源属地別）[MW],297,472,1093.262,232,0,0,211.668,44,636,2985.93
20260502B34,応札件数（電源属地別）[件],2,3,12,2,0,0,5,1,3,28
20260502B34,落札件数（電源属地別）[件],2,3,12,2,0,0,5,1,3,28
20260502B34,最高落札価格（電源属地別）[円/kW・30分],4.5,11.67,7.19,7.62,0,0,2.13,2.05,0.39,11.67
20260502B34,最低落札価格（電源属地別）[円/kW・30分],1.01,10.96,0.36,7.6,0,0,0.39,2.05,0.39,0.36
20260502B34,平均落札価格（電源属地別）[円/kW・30分],1.05,11.22,1.3,7.61,0,0,0.48,2.05,0.39,3.09
20260502B34,最高落札価格（TSO別）[円/kW・30分],4.5,11.67,10.96,7.62,0,0,2.13,2.05,0.39,11.67
20260502B34,最低落札価格（TSO別）[円/kW・30分],1.01,1.01,0.36,7.6,0,0,0.39,2.05,0.39,0.36
20260502B34,平均落札価格（TSO別）[円/kW・30分],1.07,9.68,1.9,7.61,0,0,0.48,2.05,0.39,3.09
20260502B34,落札量合計（TSO別）[MW],222,490,1174.792,207.47,0,0,211.668,44,636,2985.93
20260502B34,（内訳）自エリアからの落札量[MW],222,415,1093.262,207.47,0,0,211.668,44,636,2829.4
20260502B35,募集量（TSO別）[MW],212,488,1194,0,142,475,307,159,570,3547
20260502B35,応札量合計（電源属地別）[MW],313.74,510,965.554,540,0,0,326.433,44,557,3256.727
20260502B35,落札量合計（電源属地別）[MW],287,510,965.554,522.424,0,0,325.152,44,536,3190.13
20260502B35,応札件数（電源属地別）[件],3,3,9,5,0,0,5,1,5,31
20260502B35,落札件数（電源属地別）[件],3,3,9,5,0,0,5,1,5,31
20260502B35,最高落札価格（電源属地別）[円/kW・30分],14,8.64,7.19,7.58,0,0,2.13,2.05,7.21,14
20260502B35,最低落札価格（電源属地別）[円/kW・30分],1.01,8.23,0.36,0.39,0,0,0.39,2.05,0.39,0.36
20260502B35,平均落札価格（電源属地別）[円/kW・30分],1.15,8.37,1.19,5.86,0,0,0.55,2.05,1.66,3.12
20260502B35,最高落札価格（TSO別）[円/kW・30分],14,8.64,8.23,7.58,7.58,0,2.13,2.05,7.21,14
20260502B35,最低落札価格（TSO別）[円/kW・30分],1.01,8.23,0.36,0.39,0.39,0,0.39,2.05,0.39,0.36
20260502B35,平均落札価格（TSO別）[円/kW・30分],1.19,8.37,1.8,6.71,4.21,0,0.54,2.05,1.59,3.12
20260502B35,落札量合計（TSO別）[MW],212,488,1183.195,259.783,142,0,291.152,44,570,3190.13
20260502B35,（内訳）自エリアからの落札量[MW],212,488,965.554,259.783,0,0,291.152,44,536,2796.489
20260502B36,募集量（TSO別）[MW],210,467,1132,0,137,441,292,147,520,3346
20260502B36,応札量合計（電源属地別）[MW],28.74,510,960.872,513,0,0,303.04,145,649,3109.652
20260502B36,落札量合計（電源属地別）[MW],28.74,467,960.872,461.424,0,0,270.452,145,583,2916.488
20260502B36,応札件数（電源属地別）[件],3,3,9,6,0,0,3,2,6,32
20260502B36,落札件数（電源属地別）[件],3,3,9,5,0,0,3,2,5,30
20260502B36,最高落札価格（電源属地別）[円/kW・30分],11.3,4.99,7.19,6.62,0,0,0.96,2.05,1.89,11.3
20260502B36,最低落札価格（電源属地別）[円/kW・30分],1.01,4.94,0.36,0.39,0,0,0.39,2.05,0.52,0.36
20260502B36,平均落札価格（電源属地別）[円/kW・30分],2.18,4.95,2.01,5.02,0,0,0.57,2.05,1.61,2.74
20260502B36,最高落札価格（TSO別）[円/kW・30分],11.3,4.99,7.19,6.62,6.62,0,0.96,2.05,1.89,11.3
20260502B36,最低落札価格（TSO別）[円/kW・30分],1.01,4.94,0.36,4.59,0.39,0,0.39,2.05,0.52,0.36
20260502B36,平均落札価格（TSO別）[円/kW・30分],2.18,4.95,2.41,5.52,3.72,0,0.57,2.05,1.61,2.74
20260502B36,落札量合計（TSO別）[MW],28.74,467,1081.513,203.783,137,0,270.452,145,583,2916.488
20260502B36,（内訳）自エリアからの落札量[MW],28.74,467,960.872,203.783,0,0,270.452,145,583,2658.847
20260502B37,募集量（TSO別）[MW],223,412,1086,0,88,355,284,115,410,2973
20260502B37,応札量合計（電源属地別）[MW],4.99,340,714.356,1418,70.262,0,336.982,169,419,3472.59
20260502B37,落札量合計（電源属地別）[MW],4.99,340,714.356,834,33,0,214.815,138,155.185,2434.346
20260502B37,応札件数（電源属地別）[件],2,2,9,14,1,0,6,5,6,45
20260502B37,落札件数（電源属地別）[件],2,2,9,9,1,0,2,4,5,34
20260502B37,最高落札価格（電源属地別）[円/kW・30分],4.5,4.7,7.19,5.58,2.74,0,3.24,2.15,3.99,7.19
20260502B37,最低落札価格（電源属地別）[円/kW・30分],4.1,4.7,0.36,3.23,2.74,0,1.51,1.36,2.62,0.36
20260502B37,平均落札価格（電源属地別）[円/kW・30分],4.26,4.7,1.97,4.56,2.74,0,2.11,1.53,3.8,3.36
20260502B37,最高落札価格（TSO別）[円/kW・30分],4.7,4.7,7.19,5.58,5.55,5.58,5.55,3.89,5.58,7.19
20260502B37,最低落札価格（TSO別）[円/kW・30分],4.1,0.82,0.36,5.08,2.74,3.23,1.37,1.36,2.62,0.36
20260502B37,平均落札価格（TSO別）[円/kW・30分],4.66,3.99,2.04,5.41,3.19,4.61,2.76,1.65,4.3,3.36
20260502B37,落札量合計（TSO別）[MW],56,370,633.346,64,88,355,332,126,410,2434.346
20260502B37,（内訳）自エリアからの落札量[MW],4.99,288.99,633.346,64,33,0,186.815,119,155.185,1485.326
20260502B38,募集量（TSO別）[MW],229,412,1092,0,88,355,282,115,410,2983
20260502B38,応札量合計（電源属地別）[MW],48.833,510,862.954,1461,100,0,336.982,169,419,3907.769
20260502B38,落札量合計（電源属地別）[MW],48.833,487,862.954,580.277,33,0,216.815,160.559,381.349,2770.787
20260502B38,応札件数（電源属地別）[件],3,3,10,16,1,0,6,4,5,48
20260502B38,落札件数（電源属地別）[件],3,3,10,7,1,0,2,4,5,35
20260502B38,最高落札価格（電源属地別）[円/kW・30分],14.87,4.4,7.19,3.77,3.32,0,3.82,7.13,4.33,14.87
20260502B38,最低落札価格（電源属地別）[円/kW・30分],4.1,4.39,0.36,0.46,3.32,0,2.09,1.92,2.96,0.36
20260502B38,平均落札価格（電源属地別）[円/kW・30分],13.84,4.4,1.99,3.17,3.32,0,2.7,3.34,3.9,3.28
20260502B38,最高落札価格（TSO別）[円/kW・30分],14.87,4.4,7.19,3.77,3.77,4.33,3.82,7.13,7.13,14.87
20260502B38,最低落札価格（TSO別）[円/kW・30分],4.1,4.39,0.36,0.46,0.46,2.05,2.05,1.92,2.96,0.36
20260502B38,平均落札価格（TSO別）[円/kW・30分],8.12,4.4,1.99,3.19,2.78,3.2,2.9,3.51,3.82,3.28
20260502B38,落札量合計（TSO別）[MW],123.833,412,862.954,112,88,355,283,115,419,2770.787
20260502B38,（内訳）自エリアからの落札量[MW],48.833,412,862.954,112,33,0,134.739,115,350,2068.526
20260502B39,募集量（TSO別）[MW],233,412,1095,0,88,355,284,115,410,2992
20260502B39,応札量合計（電源属地別）[MW],4.99,510,964.556,1447,100,0,336.982,169,447,3979.528
20260502B39,落札量合計（電源属地別）[MW],4.99,428.323,964.556,863,33,0,140,88,266.058,2787.927
20260502B39,応札件数（電源属地別）[件],2,3,13,16,1,0,6,4,6,51
20260502B39,落札件数（電源属地別）[件],2,3,13,11,1,0,1,3,5,39
20260502B39,最高落札価格（電源属地別）[円/kW・30分],4.5,4.65,7.21,5.19,3.32,0,2.09,2.05,4.13,7.21
20260502B39,最低落札価格（電源属地別）[円/kW・30分],4.1,4.64,0.36,0.86,3.32,0,2.09,1.92,2.76,0.36
20260502B39,平均落札価格（電源属地別）[円/kW・30分],4.26,4.64,1.97,4.11,3.32,0,2.09,2.02,3.64,3.23
20260502B39,最高落札価格（TSO別）[円/kW・30分],4.64,4.65,7.21,5.19,4.68,5.19,5.19,4.68,4.77,7.21
20260502B39,最低落札価格（TSO別）[円/kW・30分],4.1,4.64,0.36,2.86,3.32,0.86,2.09,1.92,2.76,0.36
20260502B39,平均落札価格（TSO別）[円/kW・30分],4.55,4.64,1.97,3.75,3.54,4.29,3.03,2.71,3.84,3.23
20260502B39,落札量合計（TSO別）[MW],21.313,412,964.556,126.623,88,355,288.261,119,413.174,2787.927
20260502B39,（内訳）自エリアからの落札量[MW],4.99,412,964.556,126.623,33,0,140,88,266.058,2035.227
20260502B40,募集量（TSO別）[MW],236,408,1101,0,87,355,286,113,409,2995
20260502B40,応札量合計（電源属地別）[MW],48.833,340,957.518,1596,100,0,336.982,167,446.5,3992.833
20260502B40,落札量合計（電源属地別）[MW],48.833,340,957.518,984.534,33,0,216.815,117,159.642,2857.342
20260502B40,応札件数（電源属地別）[件],3,2,13,16,1,0,6,4,7,52
20260502B40,落札件数（電源属地別）[件],3,2,13,10,1,0,2,3,5,39
20260502B40,最高落札価格（電源属地別）[円/kW・30分],14.87,4.64,7.21,4.49,3.32,0,3.82,2.05,4.38,14.87
20260502B40,最低落札価格（電源属地別）[円/kW・30分],4.1,4.64,0.36,2.24,3.32,0,2.09,1.93,3.01,0.36
20260502B40,平均落札価格（電源属地別）[円/kW・30分],14,4.64,1.53,2.86,3.32,0,2.7,1.98,4.16,2.85
20260502B40,最高落札価格（TSO別）[円/kW・30分],14.87,4.64,7.21,3.11,4.38,4.49,3.82,2.05,4.49,14.87
20260502B40,最低落札価格（TSO別）[円/kW・30分],0.36,0.82,0.36,2.32,2.32,2.24,2.09,1.93,2.26,0.36
20260502B40,平均落札価格（TSO別）[円/kW・30分],11.31,4.31,1.86,2.8,3.62,2.72,2.42,1.98,3.38,2.85
20260502B40,落札量合計（TSO別）[MW],60.856,372,1076.087,51.942,87,355,328.457,117,409,2857.342
20260502B40,（内訳）自エリアからの落札量[MW],48.833,340,913.495,51.942,33,0,189.815,117,159.642,1853.727
20260502B41,募集量（TSO別）[MW],236,383,1098,0,87,348,286,100,403,2941
20260502B41,応札量合計（電源属地別）[MW],4.9,510,1111.232,1596,100,0,196.982,157,414,4090.114
20260502B41,落札量合計（電源属地別）[MW],4.9,383,1089.308,823.634,33,0,143.367,111,186.854,2775.063
20260502B41,応札件数（電源属地別）[件],2,3,15,15,1,0,5,4,6,51
20260502B41,落札件数（電源属地別）[件],2,3,13,9,1,0,4,4,5,41
20260502B41,最高落札価格（電源属地別）[円/kW・30分],4.99,4.65,7.19,4.73,3.32,0,15.59,7.13,4.21,15.59
20260502B41,最低落札価格（電源属地別）[円/kW・30分],4.1,4.64,0.36,2.14,3.32,0,3.82,1.93,2.84,0.36
20260502B41,平均落札価格（電源属地別）[円/kW・30分],4.45,4.64,1.52,3.08,3.32,0,8.35,2.86,4.05,3.02
20260502B41,最高落札価格（TSO別）[円/kW・30分],4.99,4.65,7.19,4.67,4.14,4.73,15.59,7.13,4.73,15.59
20260502B41,最低落札価格（TSO別）[円/kW・30分],4.1,4.64,0.36,2.14,2.36,2.14,2.14,1.93,2.17,0.36
20260502B41,平均落札価格（TSO別）[円/kW・30分],4.45,4.64,1.54,2.81,3.03,3.1,5.55,2.88,3.6,3.02
20260502B41,落札量合計（TSO別）[MW],4.9,383,1098,44.942,87,348,294.047,107,408.174,2775.063
20260502B41,（内訳）自エリアからの落札量[MW],4.9,383,1089.308,44.942,33,0,143.367,107,186.854,1992.371
20260502B42,募集量（TSO別）[MW],236,373,1086,0,87,337,282,96,390,2887
20260502B42,応札量合計（電源属地別）[MW],50.733,510,1268.668,1594,100,0,302.03,154,403,4382.431
20260502B42,落札量合計（電源属地別）[MW],50.733,210,1114.868,887.72,33,0,194.6,154,181,2825.921
20260502B42,応札件数（電源属地別）[件],4,3,15,13,1,0,7,5,6,54
20260502B42,落札件数（電源属地別）[件],4,3,11,9,1,0,5,5,4,42
20260502B42,最高落札価格（電源属地別）[円/kW・30分],14.87,4.86,1.41,4.78,3.32,0,11.95,7.13,4.08,14.87
20260502B42,最低落札価格（電源属地別）[円/kW・30分],4.1,4.82,0.36,2.34,3.32,0,0.39,1.94,3.29,0.36
20260502B42,平均落札価格（電源属地別）[円/kW・30分],13.92,4.83,0.96,3.07,3.32,0,2.77,2.78,4.01,2.59
20260502B42,最高落札価格（TSO別）[円/kW・30分],14.87,4.86,1.41,4.58,4.58,7.13,11.95,7.13,4.08,14.87
20260502B42,最低落札価格（TSO別）[円/kW・30分],4.1,0.66,0.36,2.34,2.39,1.94,0.39,1.94,0.39,0.36
20260502B42,平均落札価格（TSO別）[円/kW・30分],13.92,4.09,0.97,2.86,3.5,3.25,2.65,2.99,3.19,2.59
20260502B42,落札量合計（TSO別）[MW],50.733,373,1086,97.749,87,337,291.439,100,403,2825.921
20260502B42,（内訳）自エリアからの落札量[MW],50.733,210,1086,97.749,33,0,174.247,100,181,1932.729
20260502B43,募集量（TSO別）[MW],231,128,1049,0,93,311,244,89,369,2514
20260502B43,応札量合計（電源属地別）[MW],6.89,340,1472.276,1581.8,43.174,0,238.646,148,393,4223.786
20260502B43,落札量合計（電源属地別）[MW],6.89,140,1094.967,698.621,33,0,182.856,94,179.56,2429.894
20260502B43,応札件数（電源属地別）[件],3,2,15,11,1,0,7,5,5,49
20260502B43,落札件数（電源属地別）[件],3,2,11,9,1,0,5,3,4,38
20260502B43,最高落札価格（電源属地別）[円/kW・30分],4.98,4.93,2.33,4.94,2.93,0,16.36,2.05,3.99,16.36
20260502B43,最低落札価格（電源属地別）[円/kW・30分],4.1,4.93,0.36,2.13,2.93,0,0.39,1.54,3.2,0.36
20260502B43,平均落札価格（電源属地別）[円/kW・30分],4.46,4.93,1.2,3.33,2.93,0,7.22,1.7,3.92,2.73
20260502B43,最高落札価格（TSO別）[円/kW・30分],4.98,4.93,2.33,2.92,3.98,16.36,16.36,2.05,4.94,16.36
20260502B43,最低落札価格（TSO別）[円/kW・30分],4.1,1.5,0.36,2.13,1.97,1,0.39,1.54,0.39,0.36
20260502B43,平均落札価格（TSO別）[円/kW・30分],4.46,4.46,1.18,2.17,2.7,3.46,5.94,1.7,3.81,2.73
20260502B43,落札量合計（TSO別）[MW],6.89,162,1049,63.796,93,311,258.648,94,391.56,2429.894
20260502B43,（内訳）自エリアからの落札量[MW],6.89,140,1049,63.796,33,0,144.174,94,179.56,1710.42
20260502B44,募集量（TSO別）[MW],231,128,1049,0,94,311,244,89,369,2515
20260502B44,応札量合計（電源属地別）[MW],50.733,340,1493.042,1587.8,45.326,0,238.254,148,391,4294.155
20260502B44,落札量合計（電源属地別）[MW],50.733,140,1023.145,764.443,33,0,182.738,93,182.172,2469.231
20260502B44,応札件数（電源属地別）[件],4,2,15,11,1,0,7,5,5,50
20260502B44,落札件数（電源属地別）[件],4,2,11,9,1,0,5,3,4,39
20260502B44,最高落札価格（電源属地別）[円/kW・30分],14.87,4.95,2.9,4.83,3.32,0,15.9,2.05,3.99,15.9
20260502B44,最低落札価格（電源属地別）[円/kW・30分],6.75,4.95,0.36,2.16,3.32,0,0.39,1.93,3.2,0.36
20260502B44,平均落札価格（電源属地別）[円/kW・30分],14.23,4.95,1.24,3.11,3.32,0,6.99,1.97,3.9,2.97
20260502B44,最高落札価格（TSO別）[円/kW・30分],14.87,4.95,2.9,4.83,4.64,15.9,15.9,2.05,15.9,15.9
20260502B44,最低落札価格（TSO別）[円/kW・30分],6.75,1.98,0.36,2.16,2.16,2.13,0.39,1.93,0.39,0.36
20260502B44,平均落札価格（TSO別）[円/kW・30分],14.23,4.56,1.28,3.89,2.82,3.34,5.44,1.97,3.64,2.97
20260502B44,落札量合計（TSO別）[MW],50.733,162,1049,69.753,94,311,252.573,93,387.172,2469.231
20260502B44,（内訳）自エリアからの落札量[MW],50.733,140,1001.145,69.753,33,0,138.089,93,182.172,1707.892
20260502B45,募集量（TSO別）[MW],231,128,1049,0,92,311,244,89,369,2513
20260502B45,応札量合計（電源属地別）[MW],4.99,340,1454.71,1428,57.726,0,238.158,148,391,4062.584
20260502B45,落札量合計（電源属地別）[MW],4.99,140,987.163,805.088,33,0,182.71,93,183.172,2429.123
20260502B45,応札件数（電源属地別）[件],2,2,15,8,1,0,7,5,5,45
20260502B45,落札件数（電源属地別）[件],2,2,11,7,1,0,5,3,4,35
20260502B45,最高落札価格（電源属地別）[円/kW・30分],14.5,4.93,2.9,4.33,3.32,0,15.9,2.05,4.05,15.9
20260502B45,最低落札価格（電源属地別）[円/kW・30分],9.5,4.93,0.36,2.26,3.32,0,0.39,1.93,3.26,0.36
20260502B45,平均落札価格（電源属地別）[円/kW・30分],11.49,4.93,1.22,2.72,3.32,0,6.99,1.97,3.96,2.65
20260502B45,最高落札価格（TSO別）[円/kW・30分],14.5,4.93,2.9,3.42,3.42,15.9,15.9,2.05,4.33,15.9
20260502B45,最低落札価格（TSO別）[円/kW・30分],4.93,0.36,0.36,2.26,2.26,2.13,0.39,1.93,0.39,0.36
20260502B45,平均落札価格（TSO別）[円/kW・30分],6.02,3.61,1.39,2.36,2.81,3.49,4.89,1.97,3.48,2.65
20260502B45,落札量合計（TSO別）[MW],29.951,162,1049,59,92,311,246,93,387.172,2429.123
20260502B45,（内訳）自エリアからの落札量[MW],4.99,115.039,940.202,59,33,0,131.526,93,183.172,1559.929
20260502B46,募集量（TSO別）[MW],229,122,1035,0,92,303,241,89,365,2476
20260502B46,応札量合計（電源属地別）[MW],48.833,340,644.686,1312.8,54.084,0,302.031,147,384,3233.434
20260502B46,落札量合計（電源属地別）[MW],48.833,209.394,641.247,686.37,33,0,214.795,92,183.172,2108.811
20260502B46,応札件数（電源属地別）[件],3,2,10,13,1,0,7,5,5,46
20260502B46,落札件数（電源属地別）[件],3,2,10,9,1,0,6,3,4,38
20260502B46,最高落札価格（電源属地別）[円/kW・30分],14.87,2.84,7.21,4.3,2.74,0,16.48,2.05,4.65,16.48
20260502B46,最低落札価格（電源属地別）[円/kW・30分],9.5,2.84,0.36,1.92,2.74,0,0.39,1.34,3.86,0.36
20260502B46,平均落札価格（電源属地別）[円/kW・30分],14.53,2.84,2.76,2.36,2.74,0,3.98,1.56,4.56,3.14
20260502B46,最高落札価格（TSO別）[円/kW・30分],14.87,2.84,7.21,3.51,3.51,16.48,16.48,2.05,4.65,16.48
20260502B46,最低落札価格（TSO別）[円/kW・30分],2.02,2.84,0.36,2.07,1.95,1.92,0.39,1.34,0.39,0.36
20260502B46,平均落札価格（TSO別）[円/kW・30分],8.17,2.84,2.76,2.33,2.39,3.46,2.74,1.56,3.23,3.14
20260502B46,落札量合計（TSO別）[MW],106.394,156,637.08,85.759,92,303,256.406,92,380.172,2108.811
20260502B46,（内訳）自エリアからの落札量[MW],48.833,156,637.08,85.759,33,0,147.942,92,183.172,1383.786
20260502B47,募集量（TSO別）[MW],228,119,1008,0,90,295,224,89,354,2407
20260502B47,応札量合計（電源属地別）[MW],4.99,340,715.334,1298.8,62.256,43.01,302.031,144,370,3280.421
20260502B47,落札量合計（電源属地別）[MW],4.99,209.99,662.334,663.169,33,43.01,199.946,81.198,182.172,2079.809
20260502B47,応札件数（電源属地別）[件],2,2,13,12,1,1,7,5,6,49
20260502B47,落札件数（電源属地別）[件],2,2,13,8,1,1,6,3,5,41
20260502B47,最高落札価格（電源属地別）[円/kW・30分],14.5,2.71,8.02,3.9,2.74,0.39,16.48,2.05,4.81,16.48
20260502B47,最低落札価格（電源属地別）[円/kW・30分],9.5,2.71,0.36,1.89,2.74,0.39,0.39,1.34,4.02,0.36
20260502B47,平均落札価格（電源属地別）[円/kW・30分],11.49,2.71,5.79,2.42,2.74,0.39,4.11,1.53,4.72,3.84
20260502B47,最高落札価格（TSO別）[円/kW・30分],14.5,2.71,8.02,3.84,2.74,3.9,16.48,2.05,16.48,16.48
20260502B47,最低落札価格（TSO別）[円/kW・30分],2.71,2.71,0.36,1.92,1.92,0.39,0.39,1.34,0.39,0.36
20260502B47,平均落札価格（TSO別）[円/kW・30分],4.2,2.71,5.76,2.74,2.36,2.26,3.53,1.57,3.58,3.84
20260502B47,落札量合計（TSO別）[MW],79.99,153,644.324,108.964,90,295,253.359,89,366.172,2079.809
20260502B47,（内訳）自エリアからの落札量[MW],4.99,153,644.324,108.964,33,40.819,171.283,81.198,182.172,1419.75
20260502B48,募集量（TSO別）[MW],226,120,999,0,89,291,212,89,324,2350
20260502B48,応札量合計（電源属地別）[MW],48.833,340,796.998,1427,48.728,0,181.863,143,361,3347.422
20260502B48,落札量合計（電源属地別）[MW],48.833,226.833,752.998,643.919,48.728,0,181.863,143,174,2220.174
20260502B48,応札件数（電源属地別）[件],3,2,14,13,1,0,4,5,4,46
20260502B48,落札件数（電源属地別）[件],3,2,14,9,1,0,4,5,3,41
20260502B48,最高落札価格（電源属地別）[円/kW・30分],14.87,2.55,7.21,4.02,0.39,0,2.13,4.14,4.4,14.87
20260502B48,最低落札価格（電源属地別）[円/kW・30分],9.5,2.55,0.36,1.87,0.39,0,0.39,0.7,3.61,0.36
20260502B48,平均落札価格（電源属地別）[円/kW・30分],14.53,2.55,3.01,2.42,0.39,0,0.86,1.58,4.3,2.82
20260502B48,最高落札価格（TSO別）[円/kW・30分],14.87,2.55,7.21,4.02,3.36,4.14,2.46,2.46,4.4,14.87
20260502B48,最低落札価格（TSO別）[円/kW・30分],2.55,1.3,0.36,1.87,0.39,0.7,0.39,0.7,0.39,0.36
20260502B48,平均落札価格（TSO別）[円/kW・30分],7.27,2.53,3.02,2.17,1.43,2.58,1.16,1.25,3.33,2.82
20260502B48,落札量合計（TSO別）[MW],123.833,154,750.831,122.363,89,291,246.147,93,350,2220.174
20260502B48,（内訳）自エリアからの落札量[MW],48.833,151.833,750.831,122.363,48.728,0,159.581,86,174,1542.169
20260503B01,募集量（TSO別）[MW],226,108,968,0,77,291,191,85,253,2199
20260503B01,応札量合計（電源属地別）[MW],200.65,340,958.21,1077,0,0,218.104,136,311,3240.964
20260503B01,落札量合計（電源属地別）[MW],200.65,194.62,949.68,528.827,0,0,210.173,136,176,2395.95
20260503B01,応札件数（電源属地別）[件],4,2,12,3,0,0,4,5,4,34
20260503B01,落札件数（電源属地別）[件],4,2,10,3,0,0,4,5,4,32
20260503B01,最高落札価格（電源属地別）[円/kW・30分],11.9,4.25,7.19,2.94,0,0,1.02,4.19,4.11,11.9
20260503B01,最低落札価格（電源属地別）[円/kW・30分],5.07,4.25,0.52,2.23,0,0,0.39,0.75,2.49,0.39
20260503B01,平均落札価格（電源属地別）[円/kW・30分],5.22,4.25,2.35,2.25,0,0,0.77,1.63,3.92,2.66
20260503B01,最高落札価格（TSO別）[円/kW・30分],11.9,4.25,7.19,2.23,2.94,4.19,2.26,4.19,4.11,11.9
20260503B01,最低落札価格（TSO別）[円/kW・30分],5.07,4.25,0.52,2.23,2.23,0.75,0.39,1.07,2.23,0.39
20260503B01,平均落札価格（TSO別）[円/kW・30分],5.22,4.25,2.39,2.23,2.32,1.94,1.15,1.77,3.19,2.66
20260503B01,落札量合計（TSO別）[MW],200.65,176.3,968,46,77,291,240,86,311,2395.95
20260503B01,（内訳）自エリアからの落札量[MW],200.65,176.3,949.68,46,0,0,176.173,78,176,1802.803
20260503B02,募集量（TSO別）[MW],232,108,968,0,77,303,191,84,253,2216
20260503B02,応札量合計（電源属地別）[MW],203.64,340,965.206,1077,0,179.058,210.954,136,311,3422.858
20260503B02,落札量合計（電源属地別）[MW],203.64,257.994,886.306,432.092,0,163.833,210.954,80.121,176,2410.94
20260503B02,応札件数（電源属地別）[件],5,2,13,3,0,1,4,5,4,37
20260503B02,落札件数（電源属地別）[件],5,2,10,3,0,1,4,4,4,33
20260503B02,最高落札価格（電源属地別）[円/kW・30分],14.5,4.64,2.16,1.18,0,0.39,1.97,2.15,3.85,14.5
20260503B02,最低落札価格（電源属地別）[円/kW・30分],5.07,4.64,1.18,0.5,0,0.39,0.39,1.07,2.23,0.39
20260503B02,平均落札価格（電源属地別）[円/kW・30分],5.31,4.64,1.7,0.56,0,0.39,1.49,1.8,3.66,2.15
20260503B02,最高落札価格（TSO別）[円/kW・30分],14.5,4.64,4.64,0.58,1.18,2.15,1.97,1.71,3.85,14.5
20260503B02,最低落札価格（TSO別）[円/kW・30分],5.07,4.64,1.18,0.5,0.5,0.39,0.39,0.39,0.58,0.39
20260503B02,平均落札価格（TSO別）[円/kW・30分],5.31,4.64,1.95,0.52,0.62,0.88,1.09,1,2.33,2.15
20260503B02,落札量合計（TSO別）[MW],203.64,176.3,968,46,77,303,240,86,311,2410.94
20260503B02,（内訳）自エリアからの落札量[MW],203.64,176.3,886.306,46,0,78.596,169.023,42,176,1777.865
20260503B03,募集量（TSO別）[MW],237,108,967,0,77,307,191,84,253,2224
20260503B03,応札量合計（電源属地別）[MW],7.64,340,965.862,773.8,0,644.058,213.109,136,311,3391.469
20260503B03,落札量合計（電源属地別）[MW],7.64,256.338,886.962,287.205,0,284.565,209.23,110,176,2217.94
20260503B03,応札件数（電源属地別）[件],3,2,12,2,0,3,4,5,4,35
20260503B03,落札件数（電源属地別）[件],3,2,9,2,0,3,4,4,4,31
20260503B03,最高落札価格（電源属地別）[円/kW・30分],14.5,4.91,1.8,1.85,0,0.39,1.05,2.15,3.52,14.5
20260503B03,最低落札価格（電源属地別）[円/kW・30分],7.21,4.91,1.18,1.12,0,0.39,0.39,0.78,1.9,0.39
20260503B03,平均落札価格（電源属地別）[円/kW・30分],11.41,4.91,1.52,1.82,0,0.39,0.81,1.31,3.35,1.91
20260503B03,最高落札価格（TSO別）[円/kW・30分],14.5,4.91,4.91,1.85,1.85,2.15,1.85,1.85,3.52,14.5
20260503B03,最低落札価格（TSO別）[円/kW・30分],7.21,4.91,1.18,1.12,1.12,0.39,0.39,0.78,0.39,0.39
20260503B03,平均落札価格（TSO別）[円/kW・30分],11.41,4.91,1.8,1.82,1.77,0.72,0.82,1.21,2.56,1.91
20260503B03,落札量合計（TSO別）[MW],7.64,176.3,967,46,77,307,240,86,311,2217.94
20260503B03,（内訳）自エリアからの落札量[MW],7.64,176.3,886.962,46,0,215.722,171.178,61,176,1740.802
20260503B04,募集量（TSO別）[MW],239,106,967,0,75,307,191,84,253,2222
20260503B04,応札量合計（電源属地別）[MW],53.83,340,969.118,680,0,644.058,213.045,136,311,3347.051
20260503B04,落札量合計（電源属地別）[MW],53.83,253.082,890.218,285.001,0,286.565,211.166,106.268,176,2262.13
20260503B04,応札件数（電源属地別）[件],4,2,12,3,0,3,4,5,4,37
20260503B04,落札件数（電源属地別）[件],4,2,9,2,0,3,4,4,4,32
20260503B04,最高落札価格（電源属地別）[円/kW・30分],14.87,4.94,1.79,2.26,0,0.39,1.05,2.15,3,14.87
20260503B04,最低落札価格（電源属地別）[円/kW・30分],7.21,4.94,1.17,1.13,0,0.39,0.39,0.78,1.38,0.39
20260503B04,平均落札価格（電源属地別）[円/kW・30分],14.38,4.94,1.52,2.23,0,0.39,0.81,1.32,2.81,2.18
20260503B04,最高落札価格（TSO別）[円/kW・30分],14.87,4.94,4.94,2.26,2.26,2.26,2.26,2.26,3,14.87
20260503B04,最低落札価格（TSO別）[円/kW・30分],7.21,4.94,1.17,2.26,1.13,0.39,0.39,0.78,0.39,0.39
20260503B04,平均落札価格（TSO別）[円/kW・30分],14.38,4.94,1.79,2.26,2.14,1.08,1.2,1.38,1.77,2.18
20260503B04,落札量合計（TSO別）[MW],53.83,176.3,967,46,75,307,240,86,311,2262.13
20260503B04,（内訳）自エリアからの落札量[MW],53.83,176.3,890.218,46,0,154.833,171.114,61,176,1729.295
20260503B05,募集量（TSO別）[MW],239,103,962,0,77,307,191,85,253,2217
20260503B05,応札量合計（電源属地別）[MW],5.74,340,1043.766,680,0,644.058,216.02,135,310,3374.584
20260503B05,落札量合計（電源属地別）[MW],5.74,167.434,962,285.001,0,273.858,216.02,84,176,2170.053
20260503B05,応札件数（電源属地別）[件],2,2,13,3,0,3,4,5,4,36
20260503B05,落札件数（電源属地別）[件],2,2,10,2,0,2,4,4,4,30
20260503B05,最高落札価格（電源属地別）[円/kW・30分],14.5,4.91,1.9,2.3,0,0.39,1.05,2.15,3.8,14.5
20260503B05,最低落札価格（電源属地別）[円/kW・30分],11.9,4.91,0.94,1.12,0,0.39,0.39,0.78,2.18,0.39
20260503B05,平均落札価格（電源属地別）[円/kW・30分],12.8,4.91,1.35,1.15,0,0.39,0.81,1.39,3.6,1.64
20260503B05,最高落札価格（TSO別）[円/kW・30分],14.5,4.91,1.9,1.12,2.3,2.15,1.12,1.12,3.8,14.5
20260503B05,最低落札価格（TSO別）[円/kW・30分],11.9,4.91,0.94,1.12,1.12,0.39,0.39,0.39,0.39,0.39
20260503B05,平均落札価格（TSO別）[円/kW・30分],12.8,4.91,1.35,1.12,1.24,0.8,0.78,0.77,2.4,1.64
20260503B05,落札量合計（TSO別）[MW],5.74,167.434,962,35,77,307,220.879,85,310,2170.053
20260503B05,（内訳）自エリアからの落札量[MW],5.74,167.434,962,35,0,171.228,154.677,42,176,1714.079
20260503B06,募集量（TSO別）[MW],239,96,961,0,77,305,191,79,253,2201
20260503B06,応札量合計（電源属地別）[MW],49.94,340,1052.358,680,0,517.154,215.283,134,400,3388.735
20260503B06,落札量合計（電源属地別）[MW],49.94,153.842,961,285.001,0,238.126,215.283,109.469,176,2188.661
20260503B06,応札件数（電源属地別）[件],2,2,14,3,0,3,4,5,5,38
20260503B06,落札件数（電源属地別）[件],2,2,11,2,0,3,4,5,4,33
20260503B06,最高落札価格（電源属地別）[円/kW・30分],14.87,4.64,2.03,3.18,0,0.39,1.04,4.21,4.05,14.87
20260503B06,最低落札価格（電源属地別）[円/kW・30分],11.9,4.64,1.19,0.47,0,0.39,0.39,0.77,2.43,0.39
20260503B06,平均落札価格（電源属地別）[円/kW・30分],14.65,4.64,1.52,0.55,0,0.39,0.8,1.77,3.85,1.92
20260503B06,最高落札価格（TSO別）[円/kW・30分],14.87,4.64,2.03,0.47,3.18,2.15,1.04,4.21,4.05,14.87
20260503B06,最低落札価格（TSO別）[円/kW・30分],11.9,4.64,1.19,0.47,0.47,0.39,0.39,0.39,0.47,0.39
20260503B06,平均落札価格（TSO別）[円/kW・30分],14.65,4.64,1.52,0.47,0.75,0.73,0.65,1.37,2.42,1.92
20260503B06,落札量合計（TSO別）[MW],49.94,153.842,961,26,77,305,226.879,84,305,2188.661
20260503B06,（内訳）自エリアからの落札量[MW],49.94,153.842,961,26,0,161.948,160.231,51.469,176,1740.43
20260503B07,募集量（TSO別）[MW],236,72,914,0,77,298,209,73,271,2150
20260503B07,応札量合計（電源属地別）[MW],201.65,340,1054.138,680,0,514.074,153.497,109,401,3453.359
20260503B07,落札量合計（電源属地別）[MW],201.65,140,914,413.201,0,137.754,153.497,92.732,179,2231.834
20260503B07,応札件数（電源属地別）[件],4,2,14,3,0,3,2,4,5,37
20260503B07,落札件数（電源属地別）[件],4,2,11,3,0,2,2,4,4,32
20260503B07,最高落札価格（電源属地別）[円/kW・30分],11.9,4.64,2.75,3.19,0,0.39,2.72,2.15,4.32,11.9
20260503B07,最低落札価格（電源属地別）[円/kW・30分],4.17,4.64,1.04,0.47,0,0.39,2.58,2.05,2.7,0.39
20260503B07,平均落札価格（電源属地別）[円/kW・30分],5.19,4.64,1.47,0.53,0,0.39,2.65,2.06,4.11,2.08
20260503B07,最高落札価格（TSO別）[円/kW・30分],11.9,4.64,2.75,0.47,3.19,4.32,2.72,2.05,4.32,11.9
20260503B07,最低落札価格（TSO別）[円/kW・30分],4.17,4.64,1.04,0.47,0.47,0.39,0.39,0.39,0.47,0.39
20260503B07,平均落札価格（TSO別）[円/kW・30分],5.19,4.64,1.47,0.47,0.76,1.3,1.45,1.63,2.48,2.08
20260503B07,落札量合計（TSO別）[MW],201.65,140,914,21.162,77,298,210,83,287.022,2231.834
20260503B07,（内訳）自エリアからの落札量[MW],201.65,140,914,21.162,0,61.829,96.06,62.075,158.022,1654.798
20260503B08,募集量（TSO別）[MW],246,72,914,0,77,298,215,73,275,2170
20260503B08,応札量合計（電源属地別）[MW],264.756,340,1056.458,679,0,461,153.497,109,401,3464.711
20260503B08,落札量合計（電源属地別）[MW],246,140,914,409.201,0,115.117,153.497,88.957,193.97,2260.742
20260503B08,応札件数（電源属地別）[件],7,2,14,3,0,2,2,4,5,39
20260503B08,落札件数（電源属地別）[件],7,2,11,3,0,1,2,4,4,34
20260503B08,最高落札価格（電源属地別）[円/kW・30分],14.87,4.6,1.71,3.5,0,0.39,3.52,2.15,4.45,14.87
20260503B08,最低落札価格（電源属地別）[円/kW・30分],1.42,4.6,0.99,0.52,0,0.39,3.37,2.05,2.83,0.39
20260503B08,平均落札価格（電源属地別）[円/kW・30分],6.13,4.6,1.33,0.58,0,0.39,3.44,2.06,4.15,2.29
20260503B08,最高落札価格（TSO別）[円/kW・30分],14.87,4.6,1.71,0.53,3.5,4.45,3.52,2.05,4.45,14.87
20260503B08,最低落札価格（TSO別）[円/kW・30分],1.42,4.6,0.99,0.53,0.52,0.39,0.52,0.52,0.52,0.39
20260503B08,平均落札価格（TSO別）[円/kW・30分],6.13,4.6,1.33,0.53,0.59,1.69,1.78,1.73,2.53,2.29
20260503B08,落札量合計（TSO別）[MW],246,140,914,1.742,77,298,218,82,284,2260.742
20260503B08,（内訳）自エリアからの落札量[MW],246,140,914,1.742,0,115.117,94.02,65,159.97,1735.849
20260503B09,募集量（TSO別）[MW],260,71,914,0,77,294,223,73,279,2191
20260503B09,応札量合計（電源属地別）[MW],265.666,340,1058.232,678,0,459,153.497,109,401,3464.395
20260503B09,落札量合計（電源属地別）[MW],260,140,914,340.045,0,204.843,153.497,99,254,2365.385
20260503B09,応札件数（電源属地別）[件],5,2,14,3,0,2,2,4,5,37
20260503B09,落札件数（電源属地別）[件],3,2,11,2,0,2,2,4,4,30
20260503B09,最高落札価格（電源属地別）[円/kW・30分],5.08,4.25,2.03,3.75,0,0.39,3.56,2.15,4.58,5.08
20260503B09,最低落札価格（電源属地別）[円/kW・30分],1.85,4.25,1.01,0.7,0,0.39,3.42,2.05,2.96,0.39
20260503B09,平均落札価格（電源属地別）[円/kW・30分],4.28,4.25,1.43,1.27,0,0.39,3.49,2.06,4.1,2.24
20260503B09,最高落札価格（TSO別）[円/kW・30分],5.08,4.25,2.03,3.75,3.75,4.58,3.56,3.75,4.58,5.08
20260503B09,最低落札価格（TSO別）[円/kW・30分],1.85,4.25,1.01,3.75,0.7,0.39,0.39,0.7,0.39,0.39
20260503B09,平均落札価格（TSO別）[円/kW・30分],4.28,4.25,1.43,3.75,1.21,1.48,1.86,2.11,3.13,2.24
20260503B09,落札量合計（TSO別）[MW],260,140,914,28.968,77,294,236,85,330.417,2365.385
20260503B09,（内訳）自エリアからの落札量[MW],260,140,914,28.968,0,124,96.08,41,234.417,1838.465
20260503B10,募集量（TSO別）[MW],260,72,914,0,77,298,230,73,290,2214
20260503B10,応札量合計（電源属地別）[MW],313.756,340,1062.026,831,0,461,153.497,109,401,3671.279
20260503B10,落札量合計（電源属地別）[MW],265.182,140,914,345.251,0,212.843,153.497,99,254,2383.773
20260503B10,応札件数（電源属地別）[件],7,2,15,3,0,2,2,4,5,40
20260503B10,落札件数（電源属地別）[件],5,2,12,2,0,2,2,4,4,33
20260503B10,最高落札価格（電源属地別）[円/kW・30分],11.9,4.09,2.75,3.59,0,0.39,3.57,2.15,4.63,11.9
20260503B10,最低落札価格（電源属地別）[円/kW・30分],2.01,4.09,1.02,0.52,0,0.39,3.42,2.05,3.01,0.39
20260503B10,平均落札価格（電源属地別）[円/kW・30分],4.43,4.09,1.34,1.13,0,0.39,3.49,2.06,4.15,2.2
20260503B10,最高落札価格（TSO別）[円/kW・30分],11.9,4.09,2.75,3.59,3.59,4.63,3.59,2.05,4.63,11.9
20260503B10,最低落札価格（TSO別）[円/kW・30分],2.01,4.09,1.02,0.52,0.52,0.39,0.39,0.39,0.52,0.39
20260503B10,平均落札価格（TSO別）[円/kW・30分],4.43,4.09,1.34,2.22,0.84,1.42,2.34,1.23,3.13,2.2
20260503B10,落札量合計（TSO別）[MW],265.182,140,914,31.174,77,298,238,86,334.417,2383.773
20260503B10,（内訳）自エリアからの落札量[MW],265.182,140,914,31.174,0,128,96.06,41,236.417,1851.833
20260503B11,募集量（TSO別）[MW],260,72,914,0,77,298,230,73,290,2214
20260503B11,応札量合計（電源属地別）[MW],217.666,340,936.174,831,0,461,153.497,110,401,3450.337
20260503B11,落札量合計（電源属地別）[MW],217.666,239.026,852.974,372.077,0,212.843,153.497,100,254,2402.083
20260503B11,応札件数（電源属地別）[件],5,2,15,3,0,2,2,5,5,39
20260503B11,落札件数（電源属地別）[件],5,2,12,2,0,2,2,5,4,34
20260503B11,最高落札価格（電源属地別）[円/kW・30分],14.06,4.53,1.49,3.63,0,0.39,3.52,6.69,4.36,14.06
20260503B11,最低落札価格（電源属地別）[円/kW・30分],1.49,4.53,0.39,0.54,0,0.39,3.37,2.05,2.74,0.39
20260503B11,平均落札価格（電源属地別）[円/kW・30分],5,4.53,0.94,1.33,0,0.39,3.44,2.11,3.88,2.2
20260503B11,最高落札価格（TSO別）[円/kW・30分],14.06,4.53,4.53,3.63,3.63,3.52,3.63,6.69,4.36,14.06
20260503B11,最低落札価格（TSO別）[円/kW・30分],1.49,4.53,0.39,0.54,0.54,0.39,0.39,0.39,0.54,0.39
20260503B11,平均落札価格（TSO別）[円/kW・30分],5,4.53,1.18,0.6,1.06,1.39,2.46,2.29,2.95,2.2
20260503B11,落札量合計（TSO別）[MW],217.666,178,914,58,77,298,238,86,335.417,2402.083
20260503B11,（内訳）自エリアからの落札量[MW],217.666,178,852.974,58,0,128,96.08,41,237.417,1809.137
20260503B12,募集量（TSO別）[MW],260,72,914,0,77,298,230,73,290,2214
20260503B12,応札量合計（電源属地別）[MW],51.856,340,801.364,831,0,461,235.649,109,401,3230.869
20260503B12,落札量合計（電源属地別）[MW],51.856,178,797.064,587.458,0,0,235.649,99,254,2203.027
20260503B12,応札件数（電源属地別）[件],3,2,10,3,0,2,5,4,5,34
20260503B12,落札件数（電源属地別）[件],3,2,10,3,0,0,5,4,4,31
20260503B12,最高落札価格（電源属地別）[円/kW・30分],14.87,5.03,7.21,3.26,0,0,1.49,2.15,3.65,14.87
20260503B12,最低落札価格（電源属地別）[円/kW・30分],11.9,5.03,0.39,0.41,0,0,0.39,1.14,2.03,0.39
20260503B12,平均落札価格（電源属地別）[円/kW・30分],14.63,5.03,1.52,0.62,0,0,1.06,1.56,3.17,2.02
20260503B12,最高落札価格（TSO別）[円/kW・30分],14.87,5.03,7.21,3.26,3.26,2.15,2.03,1.44,3.65,14.87
20260503B12,最低落札価格（TSO別）[円/kW・30分],11.9,5.03,0.39,0.41,0.41,0.39,0.39,0.41,0.41,0.39
20260503B12,平均落札価格（TSO別）[円/kW・30分],14.63,5.03,1.52,1.06,1.12,0.91,0.79,0.81,2.42,2.02
20260503B12,落札量合計（TSO別）[MW],51.856,178,797.064,102.449,77,298,267.815,88.843,342,2203.027
20260503B12,（内訳）自エリアからの落札量[MW],51.856,178,797.064,102.449,0,0,167.796,43.843,244,1585.008
20260503B13,募集量（TSO別）[MW],308,181,996,0,106,361,332,110,397,2791
20260503B13,応札量合計（電源属地別）[MW],321.89,340,726.68,831,0,489,218.87,108,273,3308.44
20260503B13,落札量合計（電源属地別）[MW],321.89,340,726.68,465.096,0,489,218.87,108,273,2942.536
20260503B13,応札件数（電源属地別）[件],3,2,9,3,0,2,4,2,4,29
20260503B13,落札件数（電源属地別）[件],3,2,9,2,0,2,4,2,4,28
20260503B13,最高落札価格（電源属地別）[円/kW・30分],14.5,7.1,7.21,1.59,0,0.39,1.35,2.05,1.91,14.5
20260503B13,最低落札価格（電源属地別）[円/kW・30分],1.01,7.1,0.36,1.11,0,0.39,0.39,1.07,0.39,0.36
20260503B13,平均落札価格（電源属地別）[円/kW・30分],1.11,7.1,1.36,1.38,0,0.39,1.01,1.47,1.48,1.83
20260503B13,最高落札価格（TSO別）[円/kW・30分],14.5,7.1,7.21,1.59,1.59,1.11,1.35,2.05,1.91,14.5
20260503B13,最低落札価格（TSO別）[円/kW・30分],1.01,0.36,0.36,1.11,1.11,0.39,0.39,0.39,0.39,0.36
20260503B13,平均落札価格（TSO別）[円/kW・30分],1.12,5.94,2.38,1.45,1.35,0.59,0.76,1.3,1.28,1.83
20260503B13,落札量合計（TSO別）[MW],308,215,967.33,157,106,361,367.251,127.527,333.428,2942.536
20260503B13,（内訳）自エリアからの落札量[MW],308,178,689.68,157,0,260.664,218.85,108,273,2193.194
20260503B14,募集量（TSO別）[MW],318,210,1078,0,112,411,341,112,464,3046
20260503B14,応札量合計（電源属地別）[MW],374.08,510,724.912,832,0,511,205.165,199,224,3580.157
20260503B14,落札量合計（電源属地別）[MW],333.9,305.882,724.912,798.773,0,511,194.748,149,224,3242.215
20260503B14,応札件数（電源属地別）[件],5,3,9,3,0,2,4,5,3,34
20260503B14,落札件数（電源属地別）[件],5,3,9,3,0,2,4,5,3,34
20260503B14,最高落札価格（電源属地別）[円/kW・30分],14.87,7.96,7.21,2.19,0,0.39,1.02,4.19,1.64,14.87
20260503B14,最低落札価格（電源属地別）[円/kW・30分],0.56,7.62,0.36,0.46,0,0.39,0.39,1.07,0.39,0.36
20260503B14,平均落札価格（電源属地別）[円/kW・30分],1.28,7.7,1.29,1.61,0,0.39,0.79,1.77,1.15,1.81
20260503B14,最高落札価格（TSO別）[円/kW・30分],14.87,7.96,7.62,2.19,2.19,2.17,1.02,4.19,1.64,14.87
20260503B14,最低落札価格（TSO別）[円/kW・30分],0.56,7.62,0.36,0.46,2.17,0.39,0.39,1.07,0.39,0.36
20260503B14,平均落札価格（TSO別）[円/kW・30分],1.27,7.72,1.81,1.13,2.18,0.77,0.58,1.77,1.07,1.81
20260503B14,落札量合計（TSO別）[MW],321,253,998.454,331.877,112,411,418,149,247.884,3242.215
20260503B14,（内訳）自エリアからの落札量[MW],321,253,724.912,331.877,0,263.864,194.728,149,224,2462.381
20260503B15,募集量（TSO別）[MW],322,220,1145,0,125,427,366,116,500,3221
20260503B15,応札量合計（電源属地別）[MW],323.89,510,653.898,832,0,549.856,0,145,574,3588.644
20260503B15,落札量合計（電源属地別）[MW],322,241.178,653.898,825.7,0,549.856,0,145,574,3311.632
20260503B15,応札件数（電源属地別）[件],3,3,7,3,0,3,0,2,4,25
20260503B15,落札件数（電源属地別）[件],3,3,7,3,0,3,0,2,4,25
20260503B15,最高落札価格（電源属地別）[円/kW・30分],11.3,8.45,7.21,2.39,0,0.39,0,2.05,3.09,11.3
20260503B15,最低落札価格（電源属地別）[円/kW・30分],1.01,8.06,0.36,0.39,0,0.39,0,2.05,0.39,0.36
20260503B15,平均落札価格（電源属地別）[円/kW・30分],1.08,8.17,1.69,1.67,0,0.39,0,2.05,1.94,1.94
20260503B15,最高落札価格（TSO別）[円/kW・30分],11.3,8.45,7.21,2.37,2.37,0.39,3.09,2.05,3.09,11.3
20260503B15,最低落札価格（TSO別）[円/kW・30分],1.01,0.36,0.36,0.39,0.39,0.39,0.39,0.39,0.39,0.36
20260503B15,平均落札価格（TSO別）[円/kW・30分],1.08,7.37,1.77,1.06,2.31,0.39,1.85,1.74,1.62,1.94
20260503B15,落札量合計（TSO別）[MW],322,271,1145,219.214,85.562,427,331.856,145.527,364.473,3311.632
20260503B15,（内訳）自エリアからの落札量[MW],322,241.178,624.076,219.214,0,427,0,118.527,364.473,2316.468
20260503B16,募集量（TSO別）[MW],322,240,1199,0,137,449,369,121,513,3350
20260503B16,応札量合計（電源属地別）[MW],334.18,510,642.604,826,0,698.058,105.048,145,520,3780.89
20260503B16,落札量合計（電源属地別）[MW],306.432,306,558.439,826,0,698.058,89.47,61.108,520,3365.507
20260503B16,応札件数（電源属地別）[件],4,3,6,3,0,3,3,2,3,27
20260503B16,落札件数（電源属地別）[件],4,3,6,3,0,3,3,2,3,27
20260503B16,最高落札価格（電源属地別）[円/kW・30分],14.87,7.67,7.19,2.41,0,0.39,2.13,2.05,3.7,14.87
20260503B16,最低落札価格（電源属地別）[円/kW・30分],0.83,7.35,0.36,0.39,0,0.39,0.39,2.05,0.39,0.36
20260503B16,平均落札価格（電源属地別）[円/kW・30分],1.92,7.44,1.57,1.69,0,0.39,0.66,2.05,2.77,2.09
20260503B16,最高落札価格（TSO別）[円/kW・30分],14.87,7.67,7.19,2.41,2.41,2.39,3.7,2.05,3.7,14.87
20260503B16,最低落札価格（TSO別）[円/kW・30分],0.83,0.39,0.36,0.39,0.39,0.39,0.39,0.39,0.39,0.36
20260503B16,平均落札価格（TSO別）[円/kW・30分],2.53,7.1,1.6,1.77,1.63,0.85,1.43,1.01,1.93,2.09
20260503B16,落札量合計（TSO別）[MW],345.432,282,543.439,467.564,137,449,378.072,164,599,3365.507
20260503B16,（内訳）自エリアからの落札量[MW],306.432,267,543.439,467.564,0,346.774,76.082,61.108,425,2493.399
20260503B17,募集量（TSO別）[MW],322,240,1199,0,137,449,369,124,513,3353
20260503B17,応札量合計（電源属地別）[MW],330.99,510,826.622,820,0,698.058,255.393,94,551.99,4087.053
20260503B17,落札量合計（電源属地別）[MW],304.99,267,818.322,366.137,0,698.058,255.393,94,551.99,3355.89
20260503B17,応札件数（電源属地別）[件],3,3,6,3,0,3,5,2,4,29
20260503B17,落札件数（電源属地別）[件],3,3,6,2,0,3,5,2,4,28
20260503B17,最高落札価格（電源属地別）[円/kW・30分],14.5,7.66,7.19,2.54,0,0.39,2.13,2.05,14,14.5
20260503B17,最低落札価格（電源属地別）[円/kW・30分],0.83,7.34,0.36,0.39,0,0.39,0.39,2.05,0.39,0.36
20260503B17,平均落札価格（電源属地別）[円/kW・30分],1.08,7.45,1.38,1.94,0,0.39,0.76,2.05,2.59,1.86
20260503B17,最高落札価格（TSO別）[円/kW・30分],14.5,7.66,7.19,2.54,0,0.39,3.36,2.05,14,14.5
20260503B17,最低落札価格（TSO別）[円/kW・30分],0.36,0.36,0.36,0.39,0,0.39,0.39,0.39,0.39,0.36
20260503B17,平均落札価格（TSO別）[円/kW・30分],1,7.07,1.45,1.94,0,0.39,1.45,1.36,1.93,1.86
20260503B17,落札量合計（TSO別）[MW],344,282,764.312,366.137,0,449,442.706,160.412,547.323,3355.89
20260503B17,（内訳）自エリアからの落札量[MW],304.99,267,764.312,366.137,0,449,255.393,94,426,2926.832
20260503B18,募集量（TSO別）[MW],322,240,1199,0,137,449,369,124,513,3353
20260503B18,応札量合計（電源属地別）[MW],327,510,646.566,818,0,179.058,231.547,99,644.99,3456.161
20260503B18,落札量合計（電源属地別）[MW],299,267,638.266,364.137,0,179.058,231.547,99,644.99,2722.998
20260503B18,応札件数（電源属地別）[件],2,3,5,3,0,1,5,3,4,26
20260503B18,落札件数（電源属地別）[件],2,3,5,2,0,1,5,3,4,25
20260503B18,最高落札価格（電源属地別）[円/kW・30分],1.01,7.67,7.19,3.88,0,0.39,2.13,2.05,14,14
20260503B18,最低落札価格（電源属地別）[円/kW・30分],0.82,7.35,0.36,0.39,0,0.39,0.39,0.38,0.39,0.36
20260503B18,平均落札価格（電源属地別）[円/kW・30分],0.99,7.46,1.6,2.9,0,0.39,0.61,1.97,2.52,2.35
20260503B18,最高落札価格（TSO別）[円/kW・30分],1.01,7.67,7.19,3.88,0,0.39,3.12,2.05,14,14
20260503B18,最低落札価格（TSO別）[円/kW・30分],0.39,0.36,0.36,0.39,0,0.39,0.39,0.38,0.39,0.36
20260503B18,平均落札価格（TSO別）[円/kW・30分],0.91,7.08,1.72,2.9,0,0.39,1.53,1.97,2.36,2.35
20260503B18,落札量合計（TSO別）[MW],344,282,578.266,364.137,0,179.058,363.973,99,512.564,2722.998
20260503B18,（内訳）自エリアからの落札量[MW],299,267,578.266,364.137,0,179.058,231.547,99,512.564,2530.572
20260503B19,募集量（TSO別）[MW],333,326,1518,49,189,636,426,128,591,4196
20260503B19,応札量合計（電源属地別）[MW],341.64,580,903.274,815,0,179.058,255.393,234,686.99,3995.355
20260503B19,落札量合計（電源属地別）[MW],284.471,318,903.274,430.137,0,179.058,255.393,234,686.99,3291.323
20260503B19,応札件数（電源属地別）[件],5,3,7,3,0,1,5,5,4,33
20260503B19,落札件数（電源属地別）[件],4,3,7,2,0,1,5,5,4,31
20260503B19,最高落札価格（電源属地別）[円/kW・30分],14,8.21,7.19,3.2,0,0.39,2.13,4.05,14,14
20260503B19,最低落札価格（電源属地別）[円/kW・30分],0.39,3.9,0.36,0.39,0,0.39,0.39,0.38,0.39,0.36
20260503B19,平均落札価格（電源属地別）[円/kW・30分],1.15,6.31,1.54,2.08,0,0.39,0.59,1.35,2.7,2.13
20260503B19,最高落札価格（TSO別）[円/kW・30分],14,8.21,7.19,3.2,3.31,14,3.31,4.05,3.31,14
20260503B19,最低落札価格（TSO別）[円/kW・30分],0.39,0.36,0.36,0.39,0.38,0.38,0.39,0.38,0.39,0.36
20260503B19,平均落札価格（TSO別）[円/kW・30分],1.62,4.53,1.58,2.08,0.85,0.76,1.38,1.56,2.69,2.13
20260503B19,落札量合計（TSO別）[MW],357,452,696.745,430.137,50.106,295.416,309.677,161,539.242,3291.323
20260503B19,（内訳）自エリアからの落札量[MW],284.471,270,696.745,430.137,0,179.058,220.251,161,539.242,2780.904
20260503B20,募集量（TSO別）[MW],345,322,1584,65,198,698,499,163,593,4467
20260503B20,応札量合計（電源属地別）[MW],357.64,750,844.246,810,0,179.058,231.546,258,652.99,4083.48
20260503B20,落札量合計（電源属地別）[MW],281,407,749.157,438.137,0,179.058,231.546,258,652.99,3196.888
20260503B20,応札件数（電源属地別）[件],5,4,6,3,0,1,5,5,4,33
20260503B20,落札件数（電源属地別）[件],4,4,6,2,0,1,5,5,4,31
20260503B20,最高落札価格（電源属地別）[円/kW・30分],14,8.61,7.19,3.64,0,0.39,2.13,4.05,14,14
20260503B20,最低落札価格（電源属地別）[円/kW・30分],0.39,3.9,0.36,0.39,0,0.39,0.39,0.38,0.39,0.36
20260503B20,平均落札価格（電源属地別）[円/kW・30分],1.11,6.81,1.79,2.27,0,0.39,0.64,1.26,2.77,2.43
20260503B20,最高落札価格（TSO別）[円/kW・30分],14,8.61,7.19,3.64,14,2.15,3.25,4.05,3.25,14
20260503B20,最低落札価格（TSO別）[円/kW・30分],0.36,2.53,0.36,0.39,0.38,0.38,0.39,0.38,0.39,0.36
20260503B20,平均落札価格（TSO別）[円/kW・30分],1.43,6.21,1.74,2.27,1.45,0.52,1.45,1.57,2.67,2.43
20260503B20,落札量合計（TSO別）[MW],356,456,625.157,438.137,55,243.416,335.83,163,524.348,3196.888
20260503B20,（内訳）自エリアからの落札量[MW],281,359,625.157,438.137,0,179.058,231.414,163,524.348,2801.114
20260503B21,募集量（TSO別）[MW],347,322,1620,67,205,709,499,187,593,4549
20260503B21,応札量合計（電源属地別）[MW],358.64,750,928.816,811,0,185.458,231.549,276,652,4193.463
20260503B21,落札量合計（電源属地別）[MW],282,407,785.862,456.137,0,185.458,231.549,276,652,3276.006
20260503B21,応札件数（電源属地別）[件],5,4,7,3,0,2,5,5,3,34
20260503B21,落札件数（電源属地別）[件],4,4,7,2,0,2,5,5,3,32
20260503B21,最高落札価格（電源属地別）[円/kW・30分],14,9.31,7.19,3.5,0,10.1,2.13,4.05,3.15,14
20260503B21,最低落札価格（電源属地別）[円/kW・30分],0.39,4.21,0.36,0.39,0,0.39,0.39,0.38,0.39,0.36
20260503B21,平均落札価格（電源属地別）[円/kW・30分],1.1,7.35,1.59,2.12,0,0.73,0.65,1.15,2.69,2.41
20260503B21,最高落札価格（TSO別）[円/kW・30分],14,9.31,7.19,3.5,10.1,2.15,3.15,4.05,3.15,14
20260503B21,最低落札価格（TSO別）[円/kW・30分],0.39,0.39,0.36,0.39,0.38,0.38,0.39,0.38,0.39,0.36
20260503B21,平均落札価格（TSO別）[円/kW・30分],1.63,6.45,1.52,2.12,1.52,0.52,1.12,1.49,2.78,2.41
20260503B21,落札量合計（TSO別）[MW],357,461,656.862,456.137,55,243.284,332.975,163.174,550.574,3276.006
20260503B21,（内訳）自エリアからの落札量[MW],282,359,656.862,456.137,0,139.058,231.549,163.174,550.574,2838.354
20260503B22,募集量（TSO別）[MW],347,321,1638,91,199,709,499,201,593,4598
20260503B22,応札量合計（電源属地別）[MW],360.64,750,1011.724,809,0,185.458,231.549,265,633.99,4247.361
20260503B22,落札量合計（電源属地別）[MW],272,407,864.417,466.137,0,185.458,231.549,265,633.99,3325.551
20260503B22,応札件数（電源属地別）[件],5,4,7,3,0,2,5,4,4,34
20260503B22,落札件数（電源属地別）[件],4,4,7,2,0,2,5,4,4,32
20260503B22,最高落札価格（電源属地別）[円/kW・30分],14,9.82,7.19,3.68,0,10.1,2.13,4.05,14,14
20260503B22,最低落札価格（電源属地別）[円/kW・30分],0.39,4.44,0.36,0.39,0,0.39,0.39,0.38,0.39,0.36
20260503B22,平均落札価格（電源属地別）[円/kW・30分],1.1,7.74,1.87,2.17,0,0.73,0.61,1.15,2.28,2.44
20260503B22,最高落札価格（TSO別）[円/kW・30分],14,9.82,7.19,3.68,14,2.54,2.54,4.05,2.54,14
20260503B22,最低落札価格（TSO別）[円/kW・30分],0.39,0.59,0.36,0.39,0.38,0.38,0.39,0.38,0.39,0.36
20260503B22,平均落札価格（TSO別）[円/kW・30分],1.67,6.79,1.85,2.17,2.24,0.54,1.31,1.46,2.23,2.44
20260503B22,落札量合計（TSO別）[MW],347,460,736.417,466.137,55,279.416,335.833,163.174,482.574,3325.551
20260503B22,（内訳）自エリアからの落札量[MW],272,359,736.417,466.137,0,179.058,196.407,163.174,482.574,2854.767
20260503B23,募集量（TSO別）[MW],333,322,1641,91,214,657,499,185,593,4535
20260503B23,応札量合計（電源属地別）[MW],341.74,750,1010.336,809,0,185.458,231.549,272,616.99,4217.073
20260503B23,落札量合計（電源属地別）[MW],273,407,873.279,474.137,0,185.458,231.549,272,616.99,3333.413
20260503B23,応札件数（電源属地別）[件],4,4,7,3,0,2,5,4,3,32
20260503B23,落札件数（電源属地別）[件],4,4,7,2,0,2,5,4,3,31
20260503B23,最高落札価格（電源属地別）[円/kW・30分],14,9.06,7.19,3.26,0,10.1,2.13,4.05,14,14
20260503B23,最低落札価格（電源属地別）[円/kW・30分],0.39,4.1,0.36,0.39,0,0.39,0.39,0.38,0.39,0.36
20260503B23,平均落札価格（電源属地別）[円/kW・30分],1.12,7.16,1.76,1.92,0,0.73,0.68,1.13,2.81,2.4
20260503B23,最高落札価格（TSO別）[円/kW・30分],14,9.06,7.19,3.26,10.1,14,3.08,4.05,3.08,14
20260503B23,最低落札価格（TSO別）[円/kW・30分],0.39,0.36,0.36,0.39,0.38,0.38,0.39,0.38,0.39,0.36
20260503B23,平均落札価格（TSO別）[円/kW・30分],1.59,6.22,1.8,1.92,1.9,0.74,1.66,1.42,2.67,2.4
20260503B23,落札量合計（TSO別）[MW],348,460,745.279,474.137,55,288.416,335.833,170.174,456.574,3333.413
20260503B23,（内訳）自エリアからの落札量[MW],273,359,745.279,474.137,0,179.058,200.619,170.174,456.574,2857.841
20260503B24,募集量（TSO別）[MW],325,295,1618,91,198,637,499,184,593,4440
20260503B24,応札量合計（電源属地別）[MW],333.75,750,1011.016,809,0,185.458,273.244,273,616.99,4252.458
20260503B24,落札量合計（電源属地別）[MW],258.782,407,839.923,475.137,0,185.458,273.244,273,616.99,3329.534
20260503B24,応札件数（電源属地別）[件],3,4,7,3,0,2,5,4,3,31
20260503B24,落札件数（電源属地別）[件],3,4,7,2,0,2,5,4,3,30
20260503B24,最高落札価格（電源属地別）[円/kW・30分],7.4,9.12,7.19,3.05,0,10.1,2.13,4.05,14,14
20260503B24,最低落札価格（電源属地別）[円/kW・30分],0.39,4.13,0.36,0.39,0,0.39,0.39,0.38,0.39,0.36
20260503B24,平均落札価格（電源属地別）[円/kW・30分],1.04,7.2,1.45,1.8,0,0.73,0.65,1.12,2.73,2.27
20260503B24,最高落札価格（TSO別）[円/kW・30分],7.4,9.12,7.19,3.05,10.1,14,2.99,4.05,2.99,14
20260503B24,最低落札価格（TSO別）[円/kW・30分],0.39,1.85,0.36,0.39,0.39,0.38,0.38,0.38,0.39,0.36
20260503B24,平均落札価格（TSO別）[円/kW・30分],1.6,6.62,1.37,1.8,1.9,0.83,1.09,1.54,2.63,2.27
20260503B24,落札量合計（TSO別）[MW],333.032,434,738.673,475.137,55,272.345,358.599,152,510.748,3329.534
20260503B24,（内訳）自エリアからの落札量[MW],258.782,359,738.673,475.137,0,138.458,269.173,152,510.748,2901.971
20260503B25,募集量（TSO別）[MW],278,294,1551,165,182,575,472,203,661,4381
20260503B25,応札量合計（電源属地別）[MW],314.74,750,868.796,809,0,185.458,231.549,279,660,4098.543
20260503B25,落札量合計（電源属地別）[MW],222.772,407,847.605,525.137,0,185.458,231.549,279,660,3358.521
20260503B25,応札件数（電源属地別）[件],4,4,7,3,0,2,5,5,2,32
20260503B25,落札件数（電源属地別）[件],4,4,7,2,0,2,5,5,2,31
20260503B25,最高落札価格（電源属地別）[円/kW・30分],14,9.29,7.19,3.08,0,10.1,2.13,4.05,3.25,14
20260503B25,最低落札価格（電源属地別）[円/kW・30分],0.39,4.2,0.36,0.39,0,0.39,0.39,0.38,0.39,0.36
20260503B25,平均落札価格（電源属地別）[円/kW・30分],1.23,7.33,1.62,1.68,0,0.73,0.61,1.19,2.95,2.4
20260503B25,最高落札価格（TSO別）[円/kW・30分],14,9.29,7.19,3.08,3.25,10.1,3.25,4.05,3.25,14
20260503B25,最低落札価格（TSO別）[円/kW・30分],0.36,1.85,0.36,0.39,0.38,0.38,0.39,0.38,0.39,0.36
20260503B25,平均落札価格（TSO別）[円/kW・30分],1.68,6.69,1.62,1.68,1.7,0.97,1.6,1.61,2.84,2.4
20260503B25,落札量合計（TSO別）[MW],286.032,437,754.345,525.137,89.09,330.336,313.833,157,465.748,3358.521
20260503B25,（内訳）自エリアからの落札量[MW],222.772,359,754.345,525.137,0,185.458,196.407,157,465.748,2865.867
20260503B26,募集量（TSO別）[MW],278,337,1551,166,182,575,472,203,661,4425
20260503B26,応札量合計（電源属地別）[MW],315.74,750,798.146,806,0,185.458,128.894,279,740,4003.238
20260503B26,落札量合計（電源属地別）[MW],286.032,427.549,798.146,522.137,0,185.458,128.894,279,740,3367.216
20260503B26,応札件数（電源属地別）[件],4,4,6,3,0,2,4,5,3,31
20260503B26,落札件数（電源属地別）[件],4,4,6,2,0,2,4,5,3,30
20260503B26,最高落札価格（電源属地別）[円/kW・30分],14,9.28,7.19,3.05,0,10.1,2.13,4.05,3.24,14
20260503B26,最低落札価格（電源属地別）[円/kW・30分],0.39,4.2,0.36,0.39,0,0.39,0.39,0.38,0.39,0.36
20260503B26,平均落札価格（電源属地別）[円/kW・30分],1.18,7.17,1.42,1.66,0,0.73,0.79,1.19,2.66,2.36
20260503B26,最高落札価格（TSO別）[円/kW・30分],14,9.28,7.19,3.05,10.1,3.24,3.24,4.05,3.24,14
20260503B26,最低落札価格（TSO別）[円/kW・30分],0.39,0.36,0.36,0.39,0.38,0.38,0.39,0.38,0.39,0.36
20260503B26,平均落札価格（TSO別）[円/kW・30分],1.18,6.43,1.5,1.66,2.31,0.96,2.08,1.62,2.44,2.36
20260503B26,落札量合計（TSO別）[MW],286.032,480,745.695,522.137,60,328.496,267.682,155,522.174,3367.216
20260503B26,（内訳）自エリアからの落札量[MW],286.032,427.549,745.695,522.137,0,179.058,124.682,155,522.174,2962.327
20260503B27,募集量（TSO別）[MW],278,376,1551,168,182,575,472,203,661,4466
20260503B27,応札量合計（電源属地別）[MW],321.74,750,638.892,806,0,183.258,225.032,283,733,3940.922
20260503B27,落札量合計（電源属地別）[MW],278,516.265,638.892,522.137,0,183.258,215.555,283,733,3370.107
20260503B27,応札件数（電源属地別）[件],4,4,5,3,0,2,3,5,3,29
20260503B27,落札件数（電源属地別）[件],4,4,5,2,0,2,3,5,3,28
20260503B27,最高落札価格（電源属地別）[円/kW・30分],14,8.44,7.19,2.9,0,10.1,1.02,4.19,3.7,14
20260503B27,最低落札価格（電源属地別）[円/kW・30分],0.39,3.82,0.36,0.39,0,0.39,0.71,0.38,0.39,0.36
20260503B27,平均落札価格（電源属地別）[円/kW・30分],1.18,6.15,1.68,1.59,0,0.61,0.87,1.18,3.04,2.45
20260503B27,最高落札価格（TSO別）[円/kW・30分],14,8.44,7.19,2.9,0,10.1,3.7,4.19,3.7,14
20260503B27,最低落札価格（TSO別）[円/kW・30分],0.39,0.39,0.36,0.39,0,0.39,0.38,0.38,0.39,0.36
20260503B27,平均落札価格（TSO別）[円/kW・30分],1.18,6.12,1.69,1.59,0,0.61,1.62,1.37,2.93,2.45
20260503B27,落札量合計（TSO別）[MW],278,519,636.157,522.137,0,183.258,378.555,229.809,623.191,3370.107
20260503B27,（内訳）自エリアからの落札量[MW],278,516.265,636.157,522.137,0,183.258,215.555,229.809,623.191,3204.372
20260503B28,募集量（TSO別）[MW],274,361,1551,170,176,569,472,203,635,4411
20260503B28,応札量合計（電源属地別）[MW],282.74,750,787.89,806,0,179.058,177.344,241,695,3919.032
20260503B28,落札量合計（電源属地別）[MW],281,490.369,787.89,522.137,0,179.058,168.056,240.138,695,3363.648
20260503B28,応札件数（電源属地別）[件],4,4,6,3,0,1,3,4,3,28
20260503B28,落札件数（電源属地別）[件],4,4,6,2,0,1,3,4,3,27
20260503B28,最高落札価格（電源属地別）[円/kW・30分],14.5,8.1,7.19,3.12,0,0.39,1.05,2.15,3.87,14.5
20260503B28,最低落札価格（電源属地別）[円/kW・30分],0.43,3.67,0.36,0.39,0,0.39,0.74,0.38,0.39,0.36
20260503B28,平均落札価格（電源属地別）[円/kW・30分],1.15,5.95,1.76,1.69,0,0.39,0.94,0.75,3.34,2.45
20260503B28,最高落札価格（TSO別）[円/kW・30分],14.5,8.1,7.19,3.12,0,0.39,3.87,2.15,3.87,14.5
20260503B28,最低落札価格（TSO別）[円/kW・30分],0.43,1.85,0.36,0.39,0,0.39,0.38,0.38,0.39,0.36
20260503B28,平均落札価格（TSO別）[円/kW・30分],1.15,5.86,1.76,1.69,0,0.39,1.91,0.78,3.39,2.45
20260503B28,落札量合計（TSO別）[MW],281,501,777.259,522.137,0,179.058,331.056,226,546.138,3363.648
20260503B28,（内訳）自エリアからの落札量[MW],281,490.369,777.259,522.137,0,179.058,168.056,226,546.138,3190.017
20260503B29,募集量（TSO別）[MW],264,353,1505,170,170,568,452,203,627,4312
20260503B29,応札量合計（電源属地別）[MW],269.74,750,652.932,806,0,179.058,201.19,243,614,3715.92
20260503B29,落札量合計（電源属地別）[MW],269.74,492.01,652.932,518.137,0,179.058,191.713,232,614,3149.59
20260503B29,応札件数（電源属地別）[件],3,4,6,3,0,1,3,4,4,28
20260503B29,落札件数（電源属地別）[件],3,4,6,2,0,1,3,3,4,26
20260503B29,最高落札価格（電源属地別）[円/kW・30分],14.5,6.39,7.19,2.43,0,0.39,1.14,2.05,3.97,14.5
20260503B29,最低落札価格（電源属地別）[円/kW・30分],1.01,2.92,0.36,0.39,0,0.39,0.83,0.38,0.39,0.36
20260503B29,平均落札価格（電源属地別）[円/kW・30分],1.24,4.73,1.87,1.37,0,0.39,1,0.71,2.73,2.13
20260503B29,最高落札価格（TSO別）[円/kW・30分],14.5,6.39,7.19,2.43,0,0.39,3.97,2.05,3.97,14.5
20260503B29,最低落札価格（TSO別）[円/kW・30分],1.01,2.92,0.36,0.39,0,0.39,0.39,0.38,0.39,0.36
20260503B29,平均落札価格（TSO別）[円/kW・30分],1.24,4.73,1.87,1.37,0,0.39,2.34,0.71,2.31,2.13
20260503B29,落札量合計（TSO別）[MW],269.75,492,652.932,518.137,0,179.058,355.713,232,450,3149.59
20260503B29,（内訳）自エリアからの落札量[MW],269.74,492,652.932,518.137,0,179.058,191.713,232,450,2985.58
20260503B30,募集量（TSO別）[MW],255,330,1450,147,169,575,472,203,616,4217
20260503B30,応札量合計（電源属地別）[MW],213.65,750,655.356,806,0,647.842,153.497,279,614,4119.345
20260503B30,落札量合計（電源属地別）[MW],213.65,507.35,655.356,510.137,0,647.842,144.02,260,614,3552.355
20260503B30,応札件数（電源属地別）[件],3,4,6,3,0,3,2,5,4,30
20260503B30,落札件数（電源属地別）[件],3,4,6,2,0,3,2,5,4,29
20260503B30,最高落札価格（電源属地別）[円/kW・30分],10.1,4.98,7.19,2.11,0,0.39,1.02,4.19,4.36,10.1
20260503B30,最低落札価格（電源属地別）[円/kW・30分],1.04,2.3,0.36,0.57,0,0.39,0.87,0.38,0.68,0.36
20260503B30,平均落札価格（電源属地別）[円/kW・30分],1.23,3.69,1.85,1.32,0,0.39,0.95,1.1,3.11,1.86
20260503B30,最高落札価格（TSO別）[円/kW・30分],10.1,4.98,7.19,2.11,0,0.39,2.3,4.19,4.36,10.1
20260503B30,最低落札価格（TSO別）[円/kW・30分],1.04,2.3,0.36,0.57,0,0.39,0.38,0.38,0.68,0.36
20260503B30,平均落札価格（TSO別）[円/kW・30分],1.41,3.83,1.85,1.32,0,0.39,1.16,1.19,3.46,1.86
20260503B30,落札量合計（TSO別）[MW],258,463,655.356,510.137,0,575,388.883,229,472.979,3552.355
20260503B30,（内訳）自エリアからの落札量[MW],213.65,463,655.356,510.137,0,575,144.02,228.021,472.979,3262.163
20260503B31,募集量（TSO別）[MW],224,490,1205,53,148,480,375,174,581,3730
20260503B31,応札量合計（電源属地別）[MW],117.64,510,472.87,806,0,519,153.497,257,614,3450.007
20260503B31,落札量合計（電源属地別）[MW],117.64,510,472.87,485.137,0,519,153.497,257,614,3129.144
20260503B31,応札件数（電源属地別）[件],4,3,5,3,0,2,2,5,4,28
20260503B31,落札件数（電源属地別）[件],4,3,5,2,0,2,2,5,4,27
20260503B31,最高落札価格（電源属地別）[円/kW・30分],14,4.18,7.19,1.84,0,0.39,0.72,4.05,4.36,14
20260503B31,最低落札価格（電源属地別）[円/kW・30分],1.01,4.14,0.36,1.15,0,0.39,0.57,0.38,0.68,0.36
20260503B31,平均落札価格（電源属地別）[円/kW・30分],1.37,4.17,2.23,1.5,0,0.39,0.64,1.26,3.11,2.11
20260503B31,最高落札価格（TSO別）[円/kW・30分],14,4.18,7.19,1.84,1.84,0.39,2.3,4.05,4.36,14
20260503B31,最低落札価格（TSO別）[円/kW・30分],1.01,4.14,0.36,1.15,1.15,0.39,0.38,0.38,0.68,0.36
20260503B31,平均落札価格（TSO別）[円/kW・30分],1.83,4.17,2.23,1.43,1.67,0.39,1,1.52,3.24,2.11
20260503B31,落札量合計（TSO別）[MW],140.64,487,472.87,337.137,148,480,337.497,199,527,3129.144
20260503B31,（内訳）自エリアからの落札量[MW],117.64,487,472.87,337.137,0,480,153.497,199,527,2774.144
20260503B32,募集量（TSO別）[MW],224,490,1205,53,148,480,375,174,581,3730
20260503B32,応札量合計（電源属地別）[MW],92.64,510,781.138,759.8,0,519,153.497,257,590,3663.075
20260503B32,落札量合計（電源属地別）[MW],92.64,510,781.138,693.529,0,519,153.497,257,590,3596.804
20260503B32,応札件数（電源属地別）[件],4,3,8,3,0,2,2,5,4,31
20260503B32,落札件数（電源属地別）[件],4,3,8,3,0,2,2,5,4,31
20260503B32,最高落札価格（電源属地別）[円/kW・30分],14,5.32,7.19,2.29,0,0.39,0.73,4.05,3.7,14
20260503B32,最低落札価格（電源属地別）[円/kW・30分],1.01,5.23,0.36,0.92,0,0.39,0.59,0.38,0.39,0.36
20260503B32,平均落札価格（電源属地別）[円/kW・30分],1.46,5.26,2.16,1.22,0,0.39,0.66,1.26,2.45,2.06
20260503B32,最高落札価格（TSO別）[円/kW・30分],14,5.32,7.19,2.29,2.29,0.39,3.7,4.05,3.7,14
20260503B32,最低落札価格（TSO別）[円/kW・30分],1.01,1.52,0.36,0.92,0.92,0.39,0.38,0.38,0.39,0.36
20260503B32,平均落札価格（TSO別）[円/kW・30分],2.89,5.01,2.11,1.32,0.98,0.39,1.37,1.5,2.23,2.06
20260503B32,落札量合計（TSO別）[MW],146.9,487,798.019,497.388,148,480,341.97,194.527,503,3596.804
20260503B32,（内訳）自エリアからの落札量[MW],92.64,455.74,749.878,497.388,0,480,153.497,194.527,503,3126.67
20260503B33,募集量（TSO別）[MW],224,490,1205,53,148,480,375,174,581,3730
20260503B33,応札量合計（電源属地別）[MW],231.64,510,786.296,549,0,519,153.497,94,614,3457.433
20260503B33,落札量合計（電源属地別）[MW],231.64,510,786.296,549,0,519,153.497,94,614,3457.433
20260503B33,応札件数（電源属地別）[件],4,3,9,2,0,2,2,2,4,28
20260503B33,落札件数（電源属地別）[件],4,3,9,2,0,2,2,2,4,28
20260503B33,最高落札価格（電源属地別）[円/kW・30分],14,7.36,7.19,1.87,0,0.39,0.73,2.05,3.5,14
20260503B33,最低落札価格（電源属地別）[円/kW・30分],1.01,7.07,0.36,1.85,0,0.39,0.59,2.05,0.39,0.36
20260503B33,平均落札価格（電源属地別）[円/kW・30分],1.18,7.17,1.44,1.86,0,0.39,0.66,2.05,2.33,2.32
20260503B33,最高落札価格（TSO別）[円/kW・30分],14,7.36,7.36,1.87,1.87,0.39,1.44,2.05,3.5,14
20260503B33,最低落札価格（TSO別）[円/kW・30分],1.01,1.01,0.36,1.85,1.85,0.39,0.39,0.39,0.39,0.36
20260503B33,平均落札価格（TSO別）[円/kW・30分],1.19,7.06,1.67,1.86,1.87,0.39,0.93,1.56,2.67,2.32
20260503B33,落札量合計（TSO別）[MW],224,490,937,313,112.936,480,298.497,133,469,3457.433
20260503B33,（内訳）自エリアからの落札量[MW],224,482.36,786.296,313,0,480,153.497,94,469,3002.153
20260503B34,募集量（TSO別）[MW],222,490,1195,29,146,480,312,169,553,3596
20260503B34,応札量合計（電源属地別）[MW],170.74,510,852.238,541,0,519,153.497,251,704.5,3701.975
20260503B34,落札量合計（電源属地別）[MW],170.74,510,820.736,541,0,519,144.709,239,704.5,3649.685
20260503B34,応札件数（電源属地別）[件],3,3,9,3,0,2,2,5,7,34
20260503B34,落札件数（電源属地別）[件],3,3,9,3,0,2,2,5,7,34
20260503B34,最高落札価格（電源属地別）[円/kW・30分],14,5.36,7.19,0.61,0,0.39,0.96,4.14,4,14
20260503B34,最低落札価格（電源属地別）[円/kW・30分],1.01,5.27,0.36,0.59,0,0.39,0.82,1.07,0.61,0.36
20260503B34,平均落札価格（電源属地別）[円/kW・30分],1.23,5.3,1.9,0.6,0,0.39,0.89,1.93,2.13,1.94
20260503B34,最高落札価格（TSO別）[円/kW・30分],14,5.36,7.19,0.61,0.61,0.39,4.14,4.14,4,14
20260503B34,最低落札価格（TSO別）[円/kW・30分],1.01,5.27,0.36,0.59,0.59,0.39,0.39,1.07,0.61,0.36
20260503B34,平均落札価格（TSO別）[円/kW・30分],1.23,5.3,1.79,0.6,0.6,0.39,1.71,1.52,2.1,1.94
20260503B34,落札量合計（TSO別）[MW],170.74,490,976.938,258.798,146,480,375.02,201,551.189,3649.685
20260503B34,（内訳）自エリアからの落札量[MW],170.74,490,820.736,258.798,0,480,144.709,201,551.189,3117.172
20260503B35,募集量（TSO別）[MW],212,488,1194,0,142,475,307,159,570,3547
20260503B35,応札量合計（電源属地別）[MW],19.74,340,1039.288,467,0,519,153.497,172,657,3367.525
20260503B35,落札量合計（電源属地別）[MW],19.74,340,1039.288,467,0,519,153.497,172,657,3367.525
20260503B35,応札件数（電源属地別）[件],3,2,15,2,0,2,2,3,6,35
20260503B35,落札件数（電源属地別）[件],3,2,15,2,0,2,2,3,6,35
20260503B35,最高落札価格（電源属地別）[円/kW・30分],14,4.66,10.31,0.41,0,0.39,1.14,2.05,3.85,14
20260503B35,最低落札価格（電源属地別）[円/kW・30分],1.34,4.66,0.36,0.39,0,0.39,0.99,1.07,2.23,0.36
20260503B35,平均落札価格（電源属地別）[円/kW・30分],3.12,4.66,3.94,0.4,0,0.39,1.06,1.33,3.67,2.65
20260503B35,最高落札価格（TSO別）[円/kW・30分],14,10.31,10.31,0.41,0.41,0.39,3.85,2.05,3.85,14
20260503B35,最低落札価格（TSO別）[円/kW・30分],1.34,0.97,0.36,0.39,0.39,0.39,0.39,0.39,2.23,0.36
20260503B35,平均落札価格（TSO別）[円/kW・30分],3.12,5.05,3.48,0.4,0.41,0.39,2.05,1.29,3.62,2.65
20260503B35,落札量合計（TSO別）[MW],19.74,376,1096.489,231.799,142,475,308.97,178.527,539,3367.525
20260503B35,（内訳）自エリアからの落札量[MW],19.74,340,1003.288,231.799,0,475,153.497,172,539,2934.324
20260503B36,募集量（TSO別）[MW],210,467,1132,0,137,441,292,147,520,3346
20260503B36,応札量合計（電源属地別）[MW],263.74,340,1186.336,213,0,519,269.833,109,649,3549.909
20260503B36,落札量合計（電源属地別）[MW],263.74,340,1105.9,213,0,519,269.833,109,649,3469.473
20260503B36,応札件数（電源属地別）[件],5,2,16,1,0,2,4,3,7,40
20260503B36,落札件数（電源属地別）[件],5,2,16,1,0,2,4,3,7,40
20260503B36,最高落札価格（電源属地別）[円/kW・30分],11.3,4.19,9.63,0.39,0,0.39,15.01,2.05,4.5,15.01
20260503B36,最低落札価格（電源属地別）[円/kW・30分],1.93,4.19,0.36,0.39,0,0.39,3.37,1.34,2.71,0.36
20260503B36,平均落札価格（電源属地別）[円/kW・30分],4.36,4.19,3.21,0.39,0,0.39,10.39,1.63,4.15,3.48
20260503B36,最高落札価格（TSO別）[円/kW・30分],11.3,5.07,9.63,0.39,0.39,0.39,15.01,2.05,4.5,15.01
20260503B36,最低落札価格（TSO別）[円/kW・30分],1.93,1.93,0.36,0.39,0.39,0.39,0.39,0.39,2.71,0.36
20260503B36,平均落札価格（TSO別）[円/kW・30分],4.42,4.18,3.15,0.39,0.39,0.39,9.48,1.16,4.14,3.48
20260503B36,落札量合計（TSO別）[MW],210,393.74,1132,105.864,81.036,441,308.833,176,621,3469.473
20260503B36,（内訳）自エリアからの落札量[MW],210,340,1105.9,105.864,0,441,269.833,109,621,3202.597
20260503B37,募集量（TSO別）[MW],223,412,1086,0,88,355,284,115,410,2973
20260503B37,応札量合計（電源属地別）[MW],273.99,340,1028.672,1428,0,486,269.833,44,446,4316.495
20260503B37,落札量合計（電源属地別）[MW],273.99,340,1028.672,832,0,162.98,165.753,34,167.267,3004.662
20260503B37,応札件数（電源属地別）[件],5,2,15,13,0,2,4,1,6,48
20260503B37,落札件数（電源属地別）[件],5,2,15,8,0,2,3,1,4,40
20260503B37,最高落札価格（電源属地別）[円/kW・30分],10,3.54,8.25,3.4,0,0.39,15.07,2.05,4.46,15.07
20260503B37,最低落札価格（電源属地別）[円/kW・30分],2.58,3.54,0.36,1.56,0,0.39,3.23,2.05,2.84,0.36
20260503B37,平均落札価格（電源属地別）[円/kW・30分],4.46,3.54,3.36,2.06,0,0.39,9.3,2.05,4.24,3.32
20260503B37,最高落札価格（TSO別）[円/kW・30分],10,5.07,8.25,3.4,1.9,3.4,15.07,2.05,4.46,15.07
20260503B37,最低落札価格（TSO別）[円/kW・30分],2.58,2.58,0.36,1.59,1.56,0.39,1.56,0.39,1.56,0.36
20260503B37,平均落札価格（TSO別）[円/kW・30分],4.47,3.63,3.36,2.8,1.64,1.39,5.7,1.33,3.03,3.32
20260503B37,落札量合計（TSO別）[MW],232.332,381.658,1028.672,62,88,355,332,115,410,3004.662
20260503B37,（内訳）自エリアからの落札量[MW],232.332,340,1028.672,62,0,124.8,161.02,34,167.267,2150.091
20260503B38,募集量（TSO別）[MW],229,412,1092,0,88,355,282,115,410,2983
20260503B38,応札量合計（電源属地別）[MW],316.833,340,951.124,1586,0,486,269.833,45,419,4413.79
20260503B38,落札量合計（電源属地別）[MW],315.3,340,951.124,870.756,0,155,165.753,41.98,167.267,3007.18
20260503B38,応札件数（電源属地別）[件],6,2,14,16,0,2,4,2,5,51
20260503B38,落札件数（電源属地別）[件],6,2,14,10,0,1,3,2,4,42
20260503B38,最高落札価格（電源属地別）[円/kW・30分],14.87,3.2,8.26,3.17,0,0.39,15,2.05,4.63,15
20260503B38,最低落札価格（電源属地別）[円/kW・30分],2.92,3.2,0.36,1.47,0,0.39,3.37,2.05,3.01,0.36
20260503B38,平均落札価格（電源属地別）[円/kW・30分],5.94,3.2,3,2.03,0,0.39,9.67,2.05,4.41,3.35
20260503B38,最高落札価格（TSO別）[円/kW・30分],14.87,5.07,8.26,3.17,3.17,3.17,15,2.05,4.63,15
20260503B38,最低落札価格（TSO別）[円/kW・30分],2.92,2.92,0.36,1.56,1.47,0.39,1.47,1.54,1.54,0.36
20260503B38,平均落札価格（TSO別）[円/kW・30分],6.48,3.39,3.01,1.95,1.97,1.21,5.63,1.85,3.35,3.35
20260503B38,落札量合計（TSO別）[MW],240.3,412,954.124,100.756,88,355,332,115,410,3007.18
20260503B38,（内訳）自エリアからの落札量[MW],240.3,337,951.124,100.756,0,155,161.02,41.98,167.267,2154.447
20260503B39,募集量（TSO別）[MW],233,412,1095,0,88,355,284,115,410,2992
20260503B39,応札量合計（電源属地別）[MW],272,340,959.122,2215.2,0,486,269.833,44,448.99,5035.145
20260503B39,落札量合計（電源属地別）[MW],272,340,959.122,802.252,0,206.544,170.296,34,162.724,2946.938
20260503B39,応札件数（電源属地別）[件],4,2,14,23,0,2,4,1,7,57
20260503B39,落札件数（電源属地別）[件],4,2,14,11,0,2,3,1,4,41
20260503B39,最高落札価格（電源属地別）[円/kW・30分],10,3.28,8.3,3.13,0,0.39,15,2.05,4.55,15
20260503B39,最低落札価格（電源属地別）[円/kW・30分],2.84,3.28,0.36,1.48,0,0.39,3.37,2.05,2.93,0.36
20260503B39,平均落札価格（電源属地別）[円/kW・30分],4.53,3.28,3.08,1.89,0,0.39,9.46,2.05,4.33,3.15
20260503B39,最高落札価格（TSO別）[円/kW・30分],10,5.07,8.3,2.45,3.13,3.13,15,3.13,4.55,15
20260503B39,最低落札価格（TSO別）[円/kW・30分],2.84,0.36,0.36,1.54,1.48,0.39,0.39,1.54,0.39,0.36
20260503B39,平均落札価格（TSO別）[円/kW・30分],4.48,3.31,3.11,1.96,1.88,1.75,5.58,2.1,2.33,3.15
20260503B39,落札量合計（TSO別）[MW],250.3,372,948.822,75.816,88,355,332,115,410,2946.938
20260503B39,（内訳）自エリアからの落札量[MW],250.3,340,948.822,75.816,0,11.485,161.02,34,162.724,1984.167
20260503B40,募集量（TSO別）[MW],236,408,1101,0,87,355,286,113,409,2995
20260503B40,応札量合計（電源属地別）[MW],318.833,340,1080.802,2094,0,486,269.833,46,448.49,5083.958
20260503B40,落札量合計（電源属地別）[MW],250.3,340,962.908,885,0,319.227,166.553,36,165.467,3125.455
20260503B40,応札件数（電源属地別）[件],6,2,17,20,0,2,4,2,7,60
20260503B40,落札件数（電源属地別）[件],2,2,15,11,0,2,3,2,4,41
20260503B40,最高落札価格（電源属地別）[円/kW・30分],5.07,3.91,8.67,3.84,0,0.39,15.07,2.05,4.38,15.07
20260503B40,最低落札価格（電源属地別）[円/kW・30分],2.21,3.91,0.36,1.48,0,0.39,3.23,2.05,2.76,0.36
20260503B40,平均落札価格（電源属地別）[円/kW・30分],4.22,3.91,3.1,1.98,0,0.39,9.32,2.05,4.16,3.06
20260503B40,最高落札価格（TSO別）[円/kW・30分],5.07,3.91,8.67,3.84,3.84,3.84,15.07,3.84,15.07,15.07
20260503B40,最低落札価格（TSO別）[円/kW・30分],2.21,0.36,0.36,1.49,1.49,0.39,1.48,0.39,0.39,0.36
20260503B40,平均落札価格（TSO別）[円/kW・30分],4.27,3.43,2.99,2.42,1.89,1.33,5.51,1.66,2.43,3.06
20260503B40,落札量合計（TSO別）[MW],245,408,1101,77.455,87,355,330,113,409,3125.455
20260503B40,（内訳）自エリアからの落札量[MW],245,340,930.908,77.455,0,128,161.02,36,165.467,2083.85
20260503B41,募集量（TSO別）[MW],236,383,1098,0,87,348,286,100,403,2941
20260503B41,応札量合計（電源属地別）[MW],273.9,340,1066.508,2094,0,483,412.554,45,415.99,5130.952
20260503B41,落札量合計（電源属地別）[MW],236,140,898.144,885,0,460.535,203.826,35,173.188,3031.693
20260503B41,応札件数（電源属地別）[件],5,2,12,20,0,2,7,2,6,56
20260503B41,落札件数（電源属地別）[件],3,2,10,11,0,2,5,2,4,39
20260503B41,最高落札価格（電源属地別）[円/kW・30分],5.07,4.49,2.29,3.88,0,0.39,3.23,2.05,4.27,5.07
20260503B41,最低落札価格（電源属地別）[円/kW・30分],1.61,4.49,0.36,1.6,0,0.39,0.39,2.05,2.65,0.36
20260503B41,平均落札価格（電源属地別）[円/kW・30分],4,4.49,1.32,2.05,0,0.39,1.58,2.05,4.06,1.93
20260503B41,最高落札価格（TSO別）[円/kW・30分],5.07,4.49,3.88,3.88,3.1,3.88,3.23,3.88,4.27,5.07
20260503B41,最低落札価格（TSO別）[円/kW・30分],1.61,0.36,0.36,1.63,1.63,0.39,0.39,0.39,0.39,0.36
20260503B41,平均落札価格（TSO別）[円/kW・30分],4,2.87,1.41,2.57,2.29,1.29,1.21,1.85,2.18,1.93
20260503B41,落札量合計（TSO別）[MW],236,383,1098,62.54,87,348,310.965,100,406.188,3031.693
20260503B41,（内訳）自エリアからの落札量[MW],236,140,795.848,62.54,0,146.637,203.826,35,173.188,1793.039
20260503B42,募集量（TSO別）[MW],236,373,1086,0,87,337,282,96,390,2887
20260503B42,応札量合計（電源属地別）[MW],103.733,340,1062.822,2094,0,478,412.554,44,405.99,4941.099
20260503B42,落札量合計（電源属地別）[MW],103.733,140,974.508,870,0,358.4,203.826,33,173.188,2856.655
20260503B42,応札件数（電源属地別）[件],5,2,12,20,0,2,7,1,6,55
20260503B42,落札件数（電源属地別）[件],5,2,11,11,0,2,5,1,5,42
20260503B42,最高落札価格（電源属地別）[円/kW・30分],14.87,4.66,2.75,3.87,0,0.39,2.13,2.05,4.24,14.87
20260503B42,最低落札価格（電源属地別）[円/kW・30分],1.39,4.66,0.36,1.6,0,0.39,0.39,2.05,2.62,0.36
20260503B42,平均落札価格（電源属地別）[円/kW・30分],7.69,4.66,1.02,2.06,0,0.39,1.06,2.05,4.03,1.88
20260503B42,最高落札価格（TSO別）[円/kW・30分],14.87,4.66,3.87,3.87,3.87,3.1,2.13,2.05,4.24,14.87
20260503B42,最低落札価格（TSO別）[円/kW・30分],1.39,0.77,0.36,1.6,1.6,0.39,0.39,0.39,0.39,0.36
20260503B42,平均落札価格（TSO別）[円/kW・30分],7.69,2.66,1.26,2.21,2.36,1.42,0.84,1.46,2.43,1.88
20260503B42,落札量合計（TSO別）[MW],103.733,373,1086,73.769,87,337,304.965,96,395.188,2856.655
20260503B42,（内訳）自エリアからの落札量[MW],103.733,140,856.808,73.769,0,94.166,183.734,33,173.188,1658.398
20260503B43,募集量（TSO別）[MW],231,128,1049,0,93,311,244,89,369,2514
20260503B43,応札量合計（電源属地別）[MW],199.9,340,1059.114,1955,0,467,315.78,78,404,4818.794
20260503B43,落札量合計（電源属地別）[MW],199.9,272.286,954.714,700.925,0,136.651,216.248,39,177.172,2696.896
20260503B43,応札件数（電源属地別）[件],4,2,12,19,0,2,7,3,5,54
20260503B43,落札件数（電源属地別）[件],4,2,11,9,0,2,5,3,4,40
20260503B43,最高落札価格（電源属地別）[円/kW・30分],11.5,4.64,2.75,2.97,0,0.39,16.08,2.05,4.17,16.08
20260503B43,最低落札価格（電源属地別）[円/kW・30分],4.72,4.64,0.36,1.59,0,0.39,0.39,0.96,2.55,0.36
20260503B43,平均落札価格（電源属地別）[円/kW・30分],5.16,4.64,1.67,1.87,0,0.39,7.48,1.1,3.97,2.82
20260503B43,最高落札価格（TSO別）[円/kW・30分],11.5,4.64,4.64,2.97,1.9,16.08,16.08,2.97,4.17,16.08
20260503B43,最低落札価格（TSO別）[円/kW・30分],4.72,4.64,0.36,1.59,1.61,0.39,0.39,0.96,0.39,0.36
20260503B43,平均落札価格（TSO別）[円/kW・30分],5.16,4.64,1.93,1.88,1.65,3.45,4.02,1.9,2.64,2.82
20260503B43,落札量合計（TSO別）[MW],199.9,178,1049,113,93,311,269.824,94,389.172,2696.896
20260503B43,（内訳）自エリアからの落札量[MW],199.9,178,954.714,113,0,82,135.844,39,177.172,1879.63
20260503B44,募集量（TSO別）[MW],231,128,1049,0,94,311,244,89,369,2515
20260503B44,応札量合計（電源属地別）[MW],50.733,340,1045.278,1586,0,639.636,317.959,79,405,4463.606
20260503B44,落札量合計（電源属地別）[MW],50.733,140,862.585,768.7,0,318.445,147.73,40,186,2514.193
20260503B44,応札件数（電源属地別）[件],4,2,11,17,0,3,7,4,5,53
20260503B44,落札件数（電源属地別）[件],4,2,10,10,0,3,5,4,4,42
20260503B44,最高落札価格（電源属地別）[円/kW・30分],14.87,4.82,2.84,3.78,0,0.39,11.98,2.05,3.85,14.87
20260503B44,最低落札価格（電源属地別）[円/kW・30分],7.21,4.82,0.36,1.67,0,0.39,0.39,2.05,2.23,0.36
20260503B44,平均落札価格（電源属地別）[円/kW・30分],14.37,4.82,1.55,2.19,0,0.39,3.66,2.05,3.62,2.33
20260503B44,最高落札価格（TSO別）[円/kW・30分],14.87,4.82,3.78,3.78,2.26,3.78,11.98,2.05,3.85,14.87
20260503B44,最低落札価格（TSO別）[円/kW・30分],7.21,2.68,0.36,1.67,1.67,0.39,0.39,1.67,0.39,0.36
20260503B44,平均落札価格（TSO別）[円/kW・30分],14.37,4.53,1.62,2.96,1.81,1.19,2.96,1.86,2.29,2.33
20260503B44,落札量合計（TSO別）[MW],50.733,162,1049,81.74,94,311,281.72,93,391,2514.193
20260503B44,（内訳）自エリアからの落札量[MW],50.733,140,840.585,81.74,0,171.546,147.72,40,186,1658.324
20260503B45,募集量（TSO別）[MW],231,128,1049,0,92,311,244,89,369,2513
20260503B45,応札量合計（電源属地別）[MW],4.99,340,753.058,1056.8,0,641.52,374.88,82,407.99,3661.238
20260503B45,落札量合計（電源属地別）[MW],4.99,178,753.058,579.458,0,459.133,182.029,53,194,2403.668
20260503B45,応札件数（電源属地別）[件],2,2,8,7,0,3,6,4,6,38
20260503B45,落札件数（電源属地別）[件],2,2,8,7,0,3,5,4,4,35
20260503B45,最高落札価格（電源属地別）[円/kW・30分],14.5,5.08,7.19,4.65,0,0.39,12.36,2.05,3.26,14.5
20260503B45,最低落札価格（電源属地別）[円/kW・30分],11.5,5.08,0.36,2.04,0,0.39,0.39,2.05,1.64,0.36
20260503B45,平均落札価格（電源属地別）[円/kW・30分],12.7,5.08,2.22,2.62,0,0.39,2.66,2.05,2.98,2.29
20260503B45,最高落札価格（TSO別）[円/kW・30分],14.5,5.08,7.19,2.04,4.65,4.65,12.36,2.05,3.26,14.5
20260503B45,最低落札価格（TSO別）[円/kW・30分],11.5,5.08,0.36,2.04,2.04,0.39,0.39,0.39,0.39,0.36
20260503B45,平均落札価格（TSO別）[円/kW・30分],12.7,5.08,2.3,2.04,2.67,1.83,1.85,1.51,1.7,2.29
20260503B45,落札量合計（TSO別）[MW],4.99,178,991.573,59,92,311,283.105,93,391,2403.668
20260503B45,（内訳）自エリアからの落札量[MW],4.99,178,753.058,59,0,134.767,182.029,53,194,1558.844
20260503B46,募集量（TSO別）[MW],229,122,1035,0,92,303,241,89,365,2476
20260503B46,応札量合計（電源属地別）[MW],243.833,340,387.208,1071.8,0,637.608,374.88,82,385.99,3523.319
20260503B46,落札量合計（電源属地別）[MW],209.833,178,387.208,446.173,0,344.903,182.029,53,186.955,1988.101
20260503B46,応札件数（電源属地別）[件],5,2,4,7,0,3,6,4,6,37
20260503B46,落札件数（電源属地別）[件],5,2,4,7,0,3,5,4,5,35
20260503B46,最高落札価格（電源属地別）[円/kW・30分],14.87,3.2,7.19,3.57,0,0.39,13.13,2.05,4.39,14.87
20260503B46,最低落札価格（電源属地別）[円/kW・30分],5.07,3.2,0.36,1.46,0,0.39,0.39,1.83,2.77,0.36
20260503B46,平均落札価格（電源属地別）[円/kW・30分],7.3,3.2,2.45,2.15,0,0.39,2.51,1.91,4.14,2.75
20260503B46,最高落札価格（TSO別）[円/kW・30分],14.87,3.2,7.19,3.57,3.57,3.34,13.13,2.05,4.39,14.87
20260503B46,最低落札価格（TSO別）[円/kW・30分],5.07,3.2,0.36,1.56,1.46,0.39,0.39,0.39,0.39,0.36
20260503B46,平均落札価格（TSO別）[円/kW・30分],7.3,3.2,2.45,3.03,2.09,1.42,2.15,1.41,2.29,2.75
20260503B46,落札量合計（TSO別）[MW],209.833,178,387.208,65,92,303,277.105,92,383.955,1988.101
20260503B46,（内訳）自エリアからの落札量[MW],209.833,178,387.208,65,0,101.062,182.029,53,186.955,1363.087
20260503B47,募集量（TSO別）[MW],228,119,1008,0,90,295,224,89,354,2407
20260503B47,応札量合計（電源属地別）[MW],200.99,340,387.19,1071.8,0,174.568,269.833,78,370,2892.381
20260503B47,落札量合計（電源属地別）[MW],172.99,178,387.19,580.412,0,174.568,157.02,76,178.448,1904.628
20260503B47,応札件数（電源属地別）[件],4,2,4,7,0,1,4,3,4,29
20260503B47,落札件数（電源属地別）[件],4,2,4,7,0,1,3,3,4,28
20260503B47,最高落札価格（電源属地別）[円/kW・30分],14.5,3.2,7.19,3.51,0,0.39,15.45,2.05,4.34,15.45
20260503B47,最低落札価格（電源属地別）[円/kW・30分],5.07,3.2,0.36,1.43,0,0.39,2.47,2.05,2.72,0.36
20260503B47,平均落札価格（電源属地別）[円/kW・30分],5.29,3.2,2.47,2.24,0,0.39,10.08,2.05,4.04,3.29
20260503B47,最高落札価格（TSO別）[円/kW・30分],14.5,3.2,7.19,2.58,3.41,3.51,15.45,3.51,4.34,15.45
20260503B47,最低落札価格（TSO別）[円/kW・30分],5.07,3.2,0.36,1.43,1.43,0.39,0.39,2.05,1.44,0.36
20260503B47,平均落札価格（TSO別）[円/kW・30分],5.29,3.2,2.47,1.91,1.91,1.28,6.49,2.26,3.35,3.29
20260503B47,落札量合計（TSO別）[MW],172.99,178,387.19,66,90,295,271,89,355.448,1904.628
20260503B47,（内訳）自エリアからの落札量[MW],172.99,178,387.19,66,0,141.467,157.02,76,178.448,1357.115
20260503B48,募集量（TSO別）[MW],226,120,999,0,89,291,212,89,324,2350
20260503B48,応札量合計（電源属地別）[MW],243.833,340,469.876,1059.8,0,0,208.406,143,362.99,2827.905
20260503B48,落札量合計（電源属地別）[MW],226,178,469.876,618.092,0,0,208.406,143,140.656,1984.03
20260503B48,応札件数（電源属地別）[件],5,2,7,7,0,0,4,5,5,35
20260503B48,落札件数（電源属地別）[件],5,2,7,7,0,0,4,5,3,33
20260503B48,最高落札価格（電源属地別）[円/kW・30分],14.87,3.8,7.19,3.52,0,0,0.71,4.05,14,14.87
20260503B48,最低落札価格（電源属地別）[円/kW・30分],5.07,3.8,0.36,1.48,0,0,0.39,0.44,2.62,0.36
20260503B48,平均落札価格（電源属地別）[円/kW・30分],7.07,3.8,2.21,2.29,0,0,0.57,1.51,3.07,2.77
20260503B48,最高落札価格（TSO別）[円/kW・30分],14.87,3.8,7.19,3.52,3.52,4.05,3.52,3.52,14,14.87
20260503B48,最低落札価格（TSO別）[円/kW・30分],5.07,3.8,0.36,1.64,1.6,0.44,0.39,0.44,0.39,0.36
20260503B48,平均落札価格（TSO別）[円/kW・30分],7.07,3.8,2.21,2.71,2.59,1.88,1.5,1.39,2.12,2.77
20260503B48,落札量合計（TSO別）[MW],226,178,469.876,96.233,89,291,220.921,89,324,1984.03
20260503B48,（内訳）自エリアからの落札量[MW],226,178,469.876,96.233,0,0,132.396,82,140.656,1325.161
E
