H,連系線確保量,対象年月,ブロック数,取引期間
P,速報値,202601,48,日取引
T,順方向元エリア,逆方向元エリア,日取引：連系線確保量上限値（順方向）[MW],日取引：連系線確保量上限値（逆方向）[MW],三次調整力2：連系線確保量（順方向）[MW],三次調整力2：連系線確保量（逆方向）[MW]
20260101B01,北海道,東北,150,89.382,0,89.382
20260101B01,東北,東京,0,2360,0,106.382
20260101B01,東京,中部,257.703,0,0,0
20260101B01,中部,関西,1056.081,0,0,0
20260101B01,中部,北陸,0,0,0,0
20260101B01,北陸,関西,1900,0,0,0
20260101B01,関西,中国,3228.07,427.948,0,0
20260101B01,関西_関西-中国間(東),中国_関西-中国間(東),3228.07,427.948,0,0
20260101B01,関西_関西-中国間(西),中国_関西-中国間(西),3228.07,427.948,0,0
20260101B01,関西,四国,0,0,0,0
20260101B01,中国,四国,1174,0,0,0
20260101B01,中国,九州,320,424.581,0,0
20260101B02,北海道,東北,150,90,0,83.17
20260101B02,東北,東京,0,2360,0,89.17
20260101B02,東京,中部,189.603,0,0,0
20260101B02,中部,関西,1046.081,0,0,0
20260101B02,中部,北陸,0,0,0,0
20260101B02,北陸,関西,1900,0,0,0
20260101B02,関西,中国,3228.07,0,0,0
20260101B02,関西_関西-中国間(東),中国_関西-中国間(東),3228.07,0,0,0
20260101B02,関西_関西-中国間(西),中国_関西-中国間(西),3228.07,0,0,0
20260101B02,関西,四国,0,0,0,0
20260101B02,中国,四国,1174,0,0,0
20260101B02,中国,九州,320,0,0,0
20260101B03,北海道,東北,150,90,0,90
20260101B03,東北,東京,0,2360,0,96
20260101B03,東京,中部,0,0,0,0
20260101B03,中部,関西,1046.081,0,0,0
20260101B03,中部,北陸,0,0,0,0
20260101B03,北陸,関西,1900,0,0,0
20260101B03,関西,中国,3228.07,0,0,0
20260101B03,関西_関西-中国間(東),中国_関西-中国間(東),3228.07,0,0,0
20260101B03,関西_関西-中国間(西),中国_関西-中国間(西),3228.07,0,0,0
20260101B03,関西,四国,0,0,0,0
20260101B03,中国,四国,1174,0,0,0
20260101B03,中国,九州,320,0,0,0
20260101B04,北海道,東北,150,90,0,90
20260101B04,東北,東京,0,2360,0,96
20260101B04,東京,中部,65.803,0,0,0
20260101B04,中部,関西,1046.081,0,0,0
20260101B04,中部,北陸,0,0,0,0
20260101B04,北陸,関西,1900,0,0,0
20260101B04,関西,中国,3228.07,0,0,0
20260101B04,関西_関西-中国間(東),中国_関西-中国間(東),3228.07,0,0,0
20260101B04,関西_関西-中国間(西),中国_関西-中国間(西),3228.07,0,0,0
20260101B04,関西,四国,0,0,0,0
20260101B04,中国,四国,1174,0,0,0
20260101B04,中国,九州,320,0,0,0
20260101B05,北海道,東北,150,93.282,0,93.282
20260101B05,東北,東京,0,2360,0,108.29
20260101B05,東京,中部,141.803,0,0,0
20260101B05,中部,関西,1066.081,0,0,0
20260101B05,中部,北陸,0,0,0,0
20260101B05,北陸,関西,1900,0,0,0
20260101B05,関西,中国,3228.07,0,0,0
20260101B05,関西_関西-中国間(東),中国_関西-中国間(東),3228.07,0,0,0
20260101B05,関西_関西-中国間(西),中国_関西-中国間(西),3228.07,0,0,0
20260101B05,関西,四国,0,0,0,0
20260101B05,中国,四国,1174,0,0,0
20260101B05,中国,九州,330,0,0,0
20260101B06,北海道,東北,150,46.082,0,46.082
20260101B06,東北,東京,0,2360,0,52.082
20260101B06,東京,中部,73.803,0,0,0
20260101B06,中部,関西,1096.081,0,0,0
20260101B06,中部,北陸,0,0,0,0
20260101B06,北陸,関西,1900,0,0,0
20260101B06,関西,中国,3228.07,0,0,0
20260101B06,関西_関西-中国間(東),中国_関西-中国間(東),3228.07,0,0,0
20260101B06,関西_関西-中国間(西),中国_関西-中国間(西),3228.07,0,0,0
20260101B06,関西,四国,0,0,0,0
20260101B06,中国,四国,1174,0,0,0
20260101B06,中国,九州,340,0,0,0
20260101B07,北海道,東北,150,49.258,0,49.258
20260101B07,東北,東京,0,2360,0,37.258
20260101B07,東京,中部,283.411,0,0,0
20260101B07,中部,関西,1108.293,0,0,0
20260101B07,中部,北陸,0,0,0,0
20260101B07,北陸,関西,1900,0,0,0
20260101B07,関西,中国,3226.866,288.129,0,0
20260101B07,関西_関西-中国間(東),中国_関西-中国間(東),3226.866,288.129,0,0
20260101B07,関西_関西-中国間(西),中国_関西-中国間(西),3226.866,288.129,0,0
20260101B07,関西,四国,0,0,0,0
20260101B07,中国,四国,1153.858,0,0,0
20260101B07,中国,九州,432,3.606,0,0
20260101B08,北海道,東北,150,61.258,0,61.258
20260101B08,東北,東京,0,2360,0,61.258
20260101B08,東京,中部,319.811,0,0,0
20260101B08,中部,関西,1118.293,0,0,0
20260101B08,中部,北陸,0,0,0,0
20260101B08,北陸,関西,1900,0,0,0
20260101B08,関西,中国,3226.866,473.261,0,0
20260101B08,関西_関西-中国間(東),中国_関西-中国間(東),3226.866,473.261,0,0
20260101B08,関西_関西-中国間(西),中国_関西-中国間(西),3226.866,473.261,0,0
20260101B08,関西,四国,0,0,0,0
20260101B08,中国,四国,1044.758,0,0,0
20260101B08,中国,九州,442,28.006,0,0
20260101B09,北海道,東北,150,55.958,0,55.958
20260101B09,東北,東京,0,2360,0,43.958
20260101B09,東京,中部,328.711,0,0,0
20260101B09,中部,関西,1118.293,0,0,0
20260101B09,中部,北陸,0,0,0,0
20260101B09,北陸,関西,1900,0,0,0
20260101B09,関西,中国,3226.866,543.177,0,0
20260101B09,関西_関西-中国間(東),中国_関西-中国間(東),3226.866,543.177,0,0
20260101B09,関西_関西-中国間(西),中国_関西-中国間(西),3226.866,543.177,0,0
20260101B09,関西,四国,0,0,0,0
20260101B09,中国,四国,1054.258,0,0,0
20260101B09,中国,九州,442,44.506,0,0
20260101B10,北海道,東北,150,44.258,0,44.258
20260101B10,東北,東京,0,2360,0,32.258
20260101B10,東京,中部,362.911,0,0,0
20260101B10,中部,関西,1098.293,0,0,0
20260101B10,中部,北陸,0,0,0,0
20260101B10,北陸,関西,1900,0,0,0
20260101B10,関西,中国,3226.866,546.635,0,0
20260101B10,関西_関西-中国間(東),中国_関西-中国間(東),3226.866,546.635,0,0
20260101B10,関西_関西-中国間(西),中国_関西-中国間(西),3226.866,546.635,0,0
20260101B10,関西,四国,0,0,0,0
20260101B10,中国,四国,1060.158,0,0,0
20260101B10,中国,九州,432,40.806,0,0
20260101B11,北海道,東北,150,13.158,0,13.158
20260101B11,東北,東京,0,2360,0,13.158
20260101B11,東京,中部,315.911,0,0,0
20260101B11,中部,関西,1078.293,0,0,0
20260101B11,中部,北陸,0,0,0,0
20260101B11,北陸,関西,1900,0,0,0
20260101B11,関西,中国,3226.866,706.135,0,0
20260101B11,関西_関西-中国間(東),中国_関西-中国間(東),3226.866,706.135,0,0
20260101B11,関西_関西-中国間(西),中国_関西-中国間(西),3226.866,706.135,0,0
20260101B11,関西,四国,0,0,0,0
20260101B11,中国,四国,1115.358,0,0,0
20260101B11,中国,九州,432,57.806,0,0
20260101B12,北海道,東北,150,53.458,0,53.458
20260101B12,東北,東京,0,2360,0,41.458
20260101B12,東京,中部,305.911,0,0,0
20260101B12,中部,関西,1058.293,0,0,0
20260101B12,中部,北陸,0,0,0,0
20260101B12,北陸,関西,1900,0,0,0
20260101B12,関西,中国,3226.866,593.125,0,0
20260101B12,関西_関西-中国間(東),中国_関西-中国間(東),3226.866,593.125,0,0
20260101B12,関西_関西-中国間(西),中国_関西-中国間(西),3226.866,593.125,0,0
20260101B12,関西,四国,0,0,0,0
20260101B12,中国,四国,1177,0,0,0
20260101B12,中国,九州,422,27.006,0,0
20260101B13,北海道,東北,40.898,90,0,0
20260101B13,東北,東京,0,2208,0,0
20260101B13,東京,中部,29.063,0,0,0
20260101B13,中部,関西,60.447,0,0,0
20260101B13,中部,北陸,0,0,0,0
20260101B13,北陸,関西,1876,0,0,0
20260101B13,関西,中国,3216.574,854.944,0,0
20260101B13,関西_関西-中国間(東),中国_関西-中国間(東),3216.574,854.944,0,0
20260101B13,関西_関西-中国間(西),中国_関西-中国間(西),3216.574,854.944,0,0
20260101B13,関西,四国,0,0,0,0
20260101B13,中国,四国,992.768,0,0,0
20260101B13,中国,九州,264.715,0,0,0
20260101B14,北海道,東北,0,90,0,0
20260101B14,東北,東京,0,2208,0,0
20260101B14,東京,中部,0,0,0,0
20260101B14,中部,関西,60.447,0,0,0
20260101B14,中部,北陸,0,0,0,0
20260101B14,北陸,関西,1876,0,0,0
20260101B14,関西,中国,3216.574,885.94,0,0
20260101B14,関西_関西-中国間(東),中国_関西-中国間(東),3216.574,885.94,0,0
20260101B14,関西_関西-中国間(西),中国_関西-中国間(西),3216.574,885.94,0,0
20260101B14,関西,四国,0,0,0,0
20260101B14,中国,四国,1057.168,0,0,0
20260101B14,中国,九州,446.015,0,0,0
20260101B15,北海道,東北,10.298,80,0,3
20260101B15,東北,東京,0,2208,0,14
20260101B15,東京,中部,0,0,0,0
20260101B15,中部,関西,70.447,0,0,0
20260101B15,中部,北陸,0,0,0,0
20260101B15,北陸,関西,1876,0,0,0
20260101B15,関西,中国,3216.574,878.966,0,0
20260101B15,関西_関西-中国間(東),中国_関西-中国間(東),3216.574,878.966,0,0
20260101B15,関西_関西-中国間(西),中国_関西-中国間(西),3216.574,878.966,0,0
20260101B15,関西,四国,0,0,0,0
20260101B15,中国,四国,1148.168,0,0,0
20260101B15,中国,九州,441.415,0,0,0
20260101B16,北海道,東北,79.698,43.826,0,9
20260101B16,東北,東京,0,2208,0,55
20260101B16,東京,中部,110.763,0,4,0
20260101B16,中部,関西,90.447,0,0,0
20260101B16,中部,北陸,0,0,0,0
20260101B16,北陸,関西,1876,0,0,0
20260101B16,関西,中国,3216.574,894.88,0,7
20260101B16,関西_関西-中国間(東),中国_関西-中国間(東),3216.574,894.88,0,7
20260101B16,関西_関西-中国間(西),中国_関西-中国間(西),3216.574,894.88,0,7
20260101B16,関西,四国,0,0,0,0
20260101B16,中国,四国,1138.768,0,0,0
20260101B16,中国,九州,427.715,0,0,0
20260101B17,北海道,東北,0,80,0,0
20260101B17,東北,東京,0,2208,0,76
20260101B17,東京,中部,219.463,0,2,0
20260101B17,中部,関西,10.447,0,0,0
20260101B17,中部,北陸,0,0,0,0
20260101B17,北陸,関西,1476,0,0,0
20260101B17,関西,中国,3216.574,775.91,0,19
20260101B17,関西_関西-中国間(東),中国_関西-中国間(東),3216.574,775.91,0,19
20260101B17,関西_関西-中国間(西),中国_関西-中国間(西),3216.574,775.91,0,19
20260101B17,関西,四国,0,0,0,0
20260101B17,中国,四国,1142.968,0,0,0
20260101B17,中国,九州,330.015,0,0,0
20260101B18,北海道,東北,0,80,0,0
20260101B18,東北,東京,0,2208,0,76
20260101B18,東京,中部,219.463,0,11,0
20260101B18,中部,関西,0,0,0,0
20260101B18,中部,北陸,0,0,0,0
20260101B18,北陸,関西,1476,72.072,0,3
20260101B18,関西,中国,3216.574,712.968,0,37
20260101B18,関西_関西-中国間(東),中国_関西-中国間(東),3216.574,712.968,0,37
20260101B18,関西_関西-中国間(西),中国_関西-中国間(西),3216.574,712.968,0,37
20260101B18,関西,四国,0,0,0,0
20260101B18,中国,四国,1163.168,0,0,0
20260101B18,中国,九州,303.515,0,0,0
20260101B19,北海道,東北,0,70,0,0
20260101B19,東北,東京,0,2360,0,278
20260101B19,東京,中部,31.862,0,0,0
20260101B19,中部,関西,210.025,0,62,0
20260101B19,中部,北陸,0,0,0,0
20260101B19,北陸,関西,1500,0,0,0
20260101B19,関西,中国,3113.514,0,0,0
20260101B19,関西_関西-中国間(東),中国_関西-中国間(東),3113.514,0,0,0
20260101B19,関西_関西-中国間(西),中国_関西-中国間(西),3113.514,0,0,0
20260101B19,関西,四国,0,0,0,0
20260101B19,中国,四国,1086.959,0,0,0
20260101B19,中国,九州,270,0,0,0
20260101B20,北海道,東北,0,70,0,0
20260101B20,東北,東京,0,2360,0,69
20260101B20,東京,中部,0,0,0,0
20260101B20,中部,関西,100.025,0,60,0
20260101B20,中部,北陸,0,0,0,0
20260101B20,北陸,関西,1500,0,0,0
20260101B20,関西,中国,3113.514,0,0,0
20260101B20,関西_関西-中国間(東),中国_関西-中国間(東),3113.514,0,0,0
20260101B20,関西_関西-中国間(西),中国_関西-中国間(西),3113.514,0,0,0
20260101B20,関西,四国,0,0,0,0
20260101B20,中国,四国,1149.159,0,0,0
20260101B20,中国,九州,210,0,0,0
20260101B21,北海道,東北,66.2,0,66.2,0
20260101B21,東北,東京,0,2360,0,322.8
20260101B21,東京,中部,118.162,0,0,0
20260101B21,中部,関西,0.025,0,0,0
20260101B21,中部,北陸,0,0,0,0
20260101B21,北陸,関西,1500,0,0,0
20260101B21,関西,中国,3113.514,0,0,0
20260101B21,関西_関西-中国間(東),中国_関西-中国間(東),3113.514,0,0,0
20260101B21,関西_関西-中国間(西),中国_関西-中国間(西),3113.514,0,0,0
20260101B21,関西,四国,0,0,0,0
20260101B21,中国,四国,888.659,0,0,0
20260101B21,中国,九州,150,0,0,0
20260101B22,北海道,東北,150,0,150,0
20260101B22,東北,東京,0,2360,0,150.87
20260101B22,東京,中部,231.662,0,0,0
20260101B22,中部,関西,0,0,0,0
20260101B22,中部,北陸,0,0,0,0
20260101B22,北陸,関西,1500,0,0,0
20260101B22,関西,中国,3113.514,0,0,0
20260101B22,関西_関西-中国間(東),中国_関西-中国間(東),3113.514,0,0,0
20260101B22,関西_関西-中国間(西),中国_関西-中国間(西),3113.514,0,0,0
20260101B22,関西,四国,0,0,0,0
20260101B22,中国,四国,683.759,0,0,0
20260101B22,中国,九州,120,0,0,0
20260101B23,北海道,東北,150,0,150,0
20260101B23,東北,東京,0,2360,0,108.67
20260101B23,東京,中部,271.362,0,0,0
20260101B23,中部,関西,0,0,0,0
20260101B23,中部,北陸,0,0,0,0
20260101B23,北陸,関西,1500,0,0,0
20260101B23,関西,中国,3113.514,0,0,0
20260101B23,関西_関西-中国間(東),中国_関西-中国間(東),3113.514,0,0,0
20260101B23,関西_関西-中国間(西),中国_関西-中国間(西),3113.514,0,0,0
20260101B23,関西,四国,0,0,0,0
20260101B23,中国,四国,765.059,0,0,0
20260101B23,中国,九州,90,0,0,0
20260101B24,北海道,東北,150,0,150,0
20260101B24,東北,東京,0,2360,0,77.67
20260101B24,東京,中部,271.362,0,0,0
20260101B24,中部,関西,0,0,0,0
20260101B24,中部,北陸,0,0,0,0
20260101B24,北陸,関西,1500,0,0,0
20260101B24,関西,中国,3113.514,0,0,0
20260101B24,関西_関西-中国間(東),中国_関西-中国間(東),3113.514,0,0,0
20260101B24,関西_関西-中国間(西),中国_関西-中国間(西),3113.514,0,0,0
20260101B24,関西,四国,0,0,0,0
20260101B24,中国,四国,812.059,0,0,0
20260101B24,中国,九州,80,0,0,0
20260101B25,北海道,東北,150,0,0,0
20260101B25,東北,東京,0,2360,0,0
20260101B25,東京,中部,341.418,0,0,0
20260101B25,中部,関西,0,0,0,0
20260101B25,中部,北陸,0,0,0,0
20260101B25,北陸,関西,1491,0,0,0
20260101B25,関西,中国,3168.287,0,0,0
20260101B25,関西_関西-中国間(東),中国_関西-中国間(東),3168.287,0,0,0
20260101B25,関西_関西-中国間(西),中国_関西-中国間(西),3168.287,0,0,0
20260101B25,関西,四国,0,0,0,0
20260101B25,中国,四国,947.615,0,0,0
20260101B25,中国,九州,35,0,35,0
20260101B26,北海道,東北,150,0,0,0
20260101B26,東北,東京,0,2360,0,0
20260101B26,東京,中部,156.518,0,0,0
20260101B26,中部,関西,0,0,0,0
20260101B26,中部,北陸,0,0,0,0
20260101B26,北陸,関西,1485.517,0,0,0
20260101B26,関西,中国,3168.246,0,0,0
20260101B26,関西_関西-中国間(東),中国_関西-中国間(東),3168.246,0,0,0
20260101B26,関西_関西-中国間(西),中国_関西-中国間(西),3168.246,0,0,0
20260101B26,関西,四国,0,0,0,0
20260101B26,中国,四国,936.115,0,0,0
20260101B26,中国,九州,25,3.271,25,0
20260101B27,北海道,東北,150,0,0,0
20260101B27,東北,東京,0,2360,0,0
20260101B27,東京,中部,152.118,0,0,0
20260101B27,中部,関西,0,0,0,0
20260101B27,中部,北陸,0,0,0,0
20260101B27,北陸,関西,1446.717,0,0,0
20260101B27,関西,中国,2985.916,247.648,0,247.648
20260101B27,関西_関西-中国間(東),中国_関西-中国間(東),2985.916,247.648,0,247.648
20260101B27,関西_関西-中国間(西),中国_関西-中国間(西),2985.916,247.648,0,247.648
20260101B27,関西,四国,0,0,0,0
20260101B27,中国,四国,836.615,0,0,0
20260101B27,中国,九州,0,295.271,0,0
20260101B28,北海道,東北,150,0,0,0
20260101B28,東北,東京,0,2360,0,0
20260101B28,東京,中部,319.618,0,0,0
20260101B28,中部,関西,0,0,0,0
20260101B28,中部,北陸,0,0,0,0
20260101B28,北陸,関西,1491,0,0,0
20260101B28,関西,中国,3168.287,0,0,0
20260101B28,関西_関西-中国間(東),中国_関西-中国間(東),3168.287,0,0,0
20260101B28,関西_関西-中国間(西),中国_関西-中国間(西),3168.287,0,0,0
20260101B28,関西,四国,0,0,0,0
20260101B28,中国,四国,747.515,0,0,0
20260101B28,中国,九州,0,27.871,0,0
20260101B29,北海道,東北,150,0,150,0
20260101B29,東北,東京,0,2360,0,104
20260101B29,東京,中部,0,66.292,0,66.292
20260101B29,中部,関西,0,0,0,0
20260101B29,中部,北陸,0,0,0,0
20260101B29,北陸,関西,1407.517,14.254,0,0
20260101B29,関西,中国,3168.287,102.69,0,102.69
20260101B29,関西_関西-中国間(東),中国_関西-中国間(東),3168.287,102.69,0,102.69
20260101B29,関西_関西-中国間(西),中国_関西-中国間(西),3168.287,102.69,0,102.69
20260101B29,関西,四国,0,0,0,0
20260101B29,中国,四国,638.215,0,0,0
20260101B29,中国,九州,0,198.371,0,0
20260101B30,北海道,東北,150,0,31.93,0
20260101B30,東北,東京,0,2360,0,157.07
20260101B30,東京,中部,99.118,0,0,0
20260101B30,中部,関西,0,0,0,0
20260101B30,中部,北陸,0,0,0,0
20260101B30,北陸,関西,1450.717,0,0,0
20260101B30,関西,中国,3168.287,0,0,0
20260101B30,関西_関西-中国間(東),中国_関西-中国間(東),3168.287,0,0,0
20260101B30,関西_関西-中国間(西),中国_関西-中国間(西),3168.287,0,0,0
20260101B30,関西,四国,0,0,0,0
20260101B30,中国,四国,515.015,56.235,0,0
20260101B30,中国,九州,55,0,0,0
20260101B31,北海道,東北,0,0,0,0
20260101B31,東北,東京,0,2360,0,110
20260101B31,東京,中部,350.218,0,83,0
20260101B31,中部,関西,0,0,0,0
20260101B31,中部,北陸,0,0,0,0
20260101B31,北陸,関西,1089.523,8.145,0,0
20260101B31,関西,中国,3154.574,0,0,0
20260101B31,関西_関西-中国間(東),中国_関西-中国間(東),3154.574,0,0,0
20260101B31,関西_関西-中国間(西),中国_関西-中国間(西),3154.574,0,0,0
20260101B31,関西,四国,0,0,0,0
20260101B31,中国,四国,152.018,72.757,0,0
20260101B31,中国,九州,0,0,0,0
20260101B32,北海道,東北,0,0,0,0
20260101B32,東北,東京,0,2360,0,58
20260101B32,東京,中部,350.218,0,50,0
20260101B32,中部,関西,0,0,0,0
20260101B32,中部,北陸,0,0,0,0
20260101B32,北陸,関西,1386.323,0,0,0
20260101B32,関西,中国,3154.574,0,0,0
20260101B32,関西_関西-中国間(東),中国_関西-中国間(東),3154.574,0,0,0
20260101B32,関西_関西-中国間(西),中国_関西-中国間(西),3154.574,0,0,0
20260101B32,関西,四国,0,0,0,0
20260101B32,中国,四国,404.018,0,0,0
20260101B32,中国,九州,162,0,0,0
20260101B33,北海道,東北,0,17.01,0,0
20260101B33,東北,東京,0,2360,0,0
20260101B33,東京,中部,107.118,0,0,0
20260101B33,中部,関西,0,0,0,0
20260101B33,中部,北陸,0,0,0,0
20260101B33,北陸,関西,1382.323,0,0,0
20260101B33,関西,中国,2689.486,0,0,0
20260101B33,関西_関西-中国間(東),中国_関西-中国間(東),2689.486,0,0,0
20260101B33,関西_関西-中国間(西),中国_関西-中国間(西),2689.486,0,0,0
20260101B33,関西,四国,0,0,0,0
20260101B33,中国,四国,741.118,0,0,0
20260101B33,中国,九州,0,0,0,0
20260101B34,北海道,東北,0,0,0,0
20260101B34,東北,東京,0,2360,0,0
20260101B34,東京,中部,0,0,0,0
20260101B34,中部,関西,0,0,0,0
20260101B34,中部,北陸,0,0,0,0
20260101B34,北陸,関西,1385.823,0,2,0
20260101B34,関西,中国,2918.664,0,0,0
20260101B34,関西_関西-中国間(東),中国_関西-中国間(東),2918.664,0,0,0
20260101B34,関西_関西-中国間(西),中国_関西-中国間(西),2918.664,0,0,0
20260101B34,関西,四国,0,0,0,0
20260101B34,中国,四国,777.918,0,0,0
20260101B34,中国,九州,250.78,0,0,0
20260101B35,北海道,東北,0,16.91,0,0
20260101B35,東北,東京,0,2360,0,0
20260101B35,東京,中部,0,0,0,0
20260101B35,中部,関西,0,0,0,0
20260101B35,中部,北陸,0,0,0,0
20260101B35,北陸,関西,1497,0,0,0
20260101B35,関西,中国,2412.024,373.519,0,0
20260101B35,関西_関西-中国間(東),中国_関西-中国間(東),2412.024,373.519,0,0
20260101B35,関西_関西-中国間(西),中国_関西-中国間(西),2412.024,373.519,0,0
20260101B35,関西,四国,0,0,0,0
20260101B35,中国,四国,682.318,0,0,0
20260101B35,中国,九州,0,0,0,0
20260101B36,北海道,東北,0,52.21,0,0
20260101B36,東北,東京,0,2360,0,0
20260101B36,東京,中部,0,41.193,0,0
20260101B36,中部,関西,0,0,0,0
20260101B36,中部,北陸,0,0,0,0
20260101B36,北陸,関西,1286.223,0,0,0
20260101B36,関西,中国,2138.886,741.519,0,0
20260101B36,関西_関西-中国間(東),中国_関西-中国間(東),2138.886,741.519,0,0
20260101B36,関西_関西-中国間(西),中国_関西-中国間(西),2138.886,741.519,0,0
20260101B36,関西,四国,0,0,0,0
20260101B36,中国,四国,626.818,0,0,0
20260101B36,中国,九州,0,180.725,0,0
20260101B37,北海道,東北,0,0,0,0
20260101B37,東北,東京,0,2338,0,0
20260101B37,東京,中部,0,0,0,0
20260101B37,中部,関西,0,0,0,0
20260101B37,中部,北陸,0,0,0,0
20260101B37,北陸,関西,1488,0,0,0
20260101B37,関西,中国,2763.572,409.514,0,0
20260101B37,関西_関西-中国間(東),中国_関西-中国間(東),2763.572,409.514,0,0
20260101B37,関西_関西-中国間(西),中国_関西-中国間(西),2763.572,409.514,0,0
20260101B37,関西,四国,0,0,0,0
20260101B37,中国,四国,538.365,0,0,0
20260101B37,中国,九州,389.612,0,0,0
20260101B38,北海道,東北,0,41.812,0,34.37
20260101B38,東北,東京,0,2338,0,22.37
20260101B38,東京,中部,0,0,0,0
20260101B38,中部,関西,0,0,0,0
20260101B38,中部,北陸,0,0,0,0
20260101B38,北陸,関西,1488,0,0,0
20260101B38,関西,中国,2723.906,424.534,0,0
20260101B38,関西_関西-中国間(東),中国_関西-中国間(東),2723.906,424.534,0,0
20260101B38,関西_関西-中国間(西),中国_関西-中国間(西),2723.906,424.534,0,0
20260101B38,関西,四国,0,0,0,0
20260101B38,中国,四国,572.965,0,0,0
20260101B38,中国,九州,375.012,51.818,0,0
20260101B39,北海道,東北,0,61.112,0,61.112
20260101B39,東北,東京,0,2338,0,61.112
20260101B39,東京,中部,0,0,0,0
20260101B39,中部,関西,0,0,0,0
20260101B39,中部,北陸,0,0,0,0
20260101B39,北陸,関西,1463.377,0,0,0
20260101B39,関西,中国,2595.04,516.534,0,0
20260101B39,関西_関西-中国間(東),中国_関西-中国間(東),2595.04,516.534,0,0
20260101B39,関西_関西-中国間(西),中国_関西-中国間(西),2595.04,516.534,0,0
20260101B39,関西,四国,0,0,0,0
20260101B39,中国,四国,605.365,0,0,0
20260101B39,中国,九州,239.712,187.118,0,0
20260101B40,北海道,東北,0,80,0,22.37
20260101B40,東北,東京,0,2338,0,22.37
20260101B40,東京,中部,0,0,0,0
20260101B40,中部,関西,0,0,0,0
20260101B40,中部,北陸,0,0,0,0
20260101B40,北陸,関西,1468.377,0,0,0
20260101B40,関西,中国,2615.606,486.524,0,0
20260101B40,関西_関西-中国間(東),中国_関西-中国間(東),2615.606,486.524,0,0
20260101B40,関西_関西-中国間(西),中国_関西-中国間(西),2615.606,486.524,0,0
20260101B40,関西,四国,0,0,0,0
20260101B40,中国,四国,602.565,0,0,0
20260101B40,中国,九州,204.512,222.318,0,0
20260101B41,北海道,東北,0,17.812,0,17.812
20260101B41,東北,東京,29.412,2338,0,17.812
20260101B41,東京,中部,0,0,0,0
20260101B41,中部,関西,0,0,0,0
20260101B41,中部,北陸,0,0,0,0
20260101B41,北陸,関西,1441.477,0,0,0
20260101B41,関西,中国,2686.772,496.536,0,0
20260101B41,関西_関西-中国間(東),中国_関西-中国間(東),2686.772,496.536,0,0
20260101B41,関西_関西-中国間(西),中国_関西-中国間(西),2686.772,496.536,0,0
20260101B41,関西,四国,0,0,0,0
20260101B41,中国,四国,531.065,0,0,0
20260101B41,中国,九州,222.512,204.318,0,0
20260101B42,北海道,東北,0,38.512,0,0
20260101B42,東北,東京,0,2338,0,0
20260101B42,東京,中部,0,0,0,0
20260101B42,中部,関西,0,0,0,0
20260101B42,中部,北陸,0,0,0,0
20260101B42,北陸,関西,1423.377,0,0,0
20260101B42,関西,中国,2703.522,512.57,0,0
20260101B42,関西_関西-中国間(東),中国_関西-中国間(東),2703.522,512.57,0,0
20260101B42,関西_関西-中国間(西),中国_関西-中国間(西),2703.522,512.57,0,0
20260101B42,関西,四国,0,0,0,0
20260101B42,中国,四国,495.665,0,0,0
20260101B42,中国,九州,219.512,177.318,0,0
20260101B43,北海道,東北,0,0,0,0
20260101B43,東北,東京,37.06,2360,0,22.37
20260101B43,東京,中部,0,0,0,0
20260101B43,中部,関西,574.318,0,0,0
20260101B43,中部,北陸,0,0,0,0
20260101B43,北陸,関西,1483,0,0,0
20260101B43,関西,中国,2843.768,671.837,0,4
20260101B43,関西_関西-中国間(東),中国_関西-中国間(東),2843.768,671.837,0,4
20260101B43,関西_関西-中国間(西),中国_関西-中国間(西),2843.768,671.837,0,4
20260101B43,関西,四国,0,0,0,0
20260101B43,中国,四国,432.637,0,0,0
20260101B43,中国,九州,271.279,0,0,0
20260101B44,北海道,東北,0,52.645,0,22
20260101B44,東北,東京,0,2360,0,22.37
20260101B44,東京,中部,0,0,0,0
20260101B44,中部,関西,574.318,0,0,0
20260101B44,中部,北陸,0,0,0,0
20260101B44,北陸,関西,1483,0,0,0
20260101B44,関西,中国,2850.116,671.777,0,1
20260101B44,関西_関西-中国間(東),中国_関西-中国間(東),2850.116,671.777,0,1
20260101B44,関西_関西-中国間(西),中国_関西-中国間(西),2850.116,671.777,0,1
20260101B44,関西,四国,0,0,0,0
20260101B44,中国,四国,417.237,0,0,0
20260101B44,中国,九州,211.879,24.089,0,0
20260101B45,北海道,東北,0,46.845,0,23
20260101B45,東北,東京,0,2360,0,22.37
20260101B45,東京,中部,0,91.541,0,0
20260101B45,中部,関西,514.318,0,0,0
20260101B45,中部,北陸,0,0,0,0
20260101B45,北陸,関西,1883,0,10,0
20260101B45,関西,中国,2912.314,548.813,1,0
20260101B45,関西_関西-中国間(東),中国_関西-中国間(東),2912.314,548.813,1,0
20260101B45,関西_関西-中国間(西),中国_関西-中国間(西),2912.314,548.813,1,0
20260101B45,関西,四国,0,0,0,0
20260101B45,中国,四国,445.537,0,0,0
20260101B45,中国,九州,140.579,0,0,0
20260101B46,北海道,東北,0,80,0,22
20260101B46,東北,東京,0,2360,0,22.37
20260101B46,東京,中部,0,45.341,0,0
20260101B46,中部,関西,484.318,0,0,0
20260101B46,中部,北陸,0,0,0,0
20260101B46,北陸,関西,1883,0,0,0
20260101B46,関西,中国,2912.612,450.821,0,11
20260101B46,関西_関西-中国間(東),中国_関西-中国間(東),2912.612,450.821,0,11
20260101B46,関西_関西-中国間(西),中国_関西-中国間(西),2912.612,450.821,0,11
20260101B46,関西,四国,0,0,0,0
20260101B46,中国,四国,534.837,0,0,0
20260101B46,中国,九州,143.579,0,0,0
20260101B47,北海道,東北,0,0,0,0
20260101B47,東北,東京,0,2360,0,85
20260101B47,東京,中部,0,0,0,0
20260101B47,中部,関西,464.318,0,0,0
20260101B47,中部,北陸,0,0,0,0
20260101B47,北陸,関西,1883,0,0,0
20260101B47,関西,中国,2922.476,701.759,0,10
20260101B47,関西_関西-中国間(東),中国_関西-中国間(東),2922.476,701.759,0,10
20260101B47,関西_関西-中国間(西),中国_関西-中国間(西),2922.476,701.759,0,10
20260101B47,関西,四国,0,0,0,0
20260101B47,中国,四国,165.437,0,0,0
20260101B47,中国,九州,171.179,0,0,0
20260101B48,北海道,東北,0,0,0,0
20260101B48,東北,東京,0,2360,0,84
20260101B48,東京,中部,0,0,0,0
20260101B48,中部,関西,424.318,0,0,0
20260101B48,中部,北陸,0,0,0,0
20260101B48,北陸,関西,1883,0,0,0
20260101B48,関西,中国,2608.448,556.205,0,10
20260101B48,関西_関西-中国間(東),中国_関西-中国間(東),2608.448,556.205,0,10
20260101B48,関西_関西-中国間(西),中国_関西-中国間(西),2608.448,556.205,0,10
20260101B48,関西,四国,0,0,0,0
20260101B48,中国,四国,0,295.215,0,0
20260101B48,中国,九州,210.579,0,0,0
20260102B01,北海道,東北,150,0,0,0
20260102B01,東北,東京,0,2360,0,0
20260102B01,東京,中部,0,0,0,0
20260102B01,中部,関西,1056.081,0,0,0
20260102B01,中部,北陸,0,0,0,0
20260102B01,北陸,関西,1900,0,0,0
20260102B01,関西,中国,3228.04,447.014,0,0
20260102B01,関西_関西-中国間(東),中国_関西-中国間(東),3228.04,447.014,0,0
20260102B01,関西_関西-中国間(西),中国_関西-中国間(西),3228.04,447.014,0,0
20260102B01,関西,四国,0,0,0,0
20260102B01,中国,四国,1174,0,0,0
20260102B01,中国,九州,320,0,0,0
20260102B02,北海道,東北,150,0,0,0
20260102B02,東北,東京,0,2360,0,0
20260102B02,東京,中部,0,125.228,0,0
20260102B02,中部,関西,1046.081,0,0,0
20260102B02,中部,北陸,0,0,0,0
20260102B02,北陸,関西,1900,0,0,0
20260102B02,関西,中国,3228.04,0,0,0
20260102B02,関西_関西-中国間(東),中国_関西-中国間(東),3228.04,0,0,0
20260102B02,関西_関西-中国間(西),中国_関西-中国間(西),3228.04,0,0,0
20260102B02,関西,四国,0,0,0,0
20260102B02,中国,四国,1174,0,0,0
20260102B02,中国,九州,320,0,0,0
20260102B03,北海道,東北,150,0,0,0
20260102B03,東北,東京,0,2360,0,0
20260102B03,東京,中部,0,87.128,0,0
20260102B03,中部,関西,1046.081,0,0,0
20260102B03,中部,北陸,0,0,0,0
20260102B03,北陸,関西,1900,0,0,0
20260102B03,関西,中国,3228.04,0,0,0
20260102B03,関西_関西-中国間(東),中国_関西-中国間(東),3228.04,0,0,0
20260102B03,関西_関西-中国間(西),中国_関西-中国間(西),3228.04,0,0,0
20260102B03,関西,四国,0,0,0,0
20260102B03,中国,四国,1174,0,0,0
20260102B03,中国,九州,320,0,0,0
20260102B04,北海道,東北,150,0,0,0
20260102B04,東北,東京,0,2360,0,0
20260102B04,東京,中部,0,21.328,0,0
20260102B04,中部,関西,1046.081,0,0,0
20260102B04,中部,北陸,0,0,0,0
20260102B04,北陸,関西,1900,0,0,0
20260102B04,関西,中国,3228.04,0,0,0
20260102B04,関西_関西-中国間(東),中国_関西-中国間(東),3228.04,0,0,0
20260102B04,関西_関西-中国間(西),中国_関西-中国間(西),3228.04,0,0,0
20260102B04,関西,四国,0,0,0,0
20260102B04,中国,四国,1174,0,0,0
20260102B04,中国,九州,320,0,0,0
20260102B05,北海道,東北,150,0,0,0
20260102B05,東北,東京,0,2360,0,0
20260102B05,東京,中部,0,0,0,0
20260102B05,中部,関西,1066.081,0,0,0
20260102B05,中部,北陸,0,0,0,0
20260102B05,北陸,関西,1900,0,0,0
20260102B05,関西,中国,3228.04,202.934,0,0
20260102B05,関西_関西-中国間(東),中国_関西-中国間(東),3228.04,202.934,0,0
20260102B05,関西_関西-中国間(西),中国_関西-中国間(西),3228.04,202.934,0,0
20260102B05,関西,四国,0,0,0,0
20260102B05,中国,四国,1174,0,0,0
20260102B05,中国,九州,330,0,0,0
20260102B06,北海道,東北,150,0,0,0
20260102B06,東北,東京,0,2360,0,0
20260102B06,東京,中部,0,73.328,0,0
20260102B06,中部,関西,1096.081,0,0,0
20260102B06,中部,北陸,0,0,0,0
20260102B06,北陸,関西,1900,0,0,0
20260102B06,関西,中国,3228.04,425.972,0,0
20260102B06,関西_関西-中国間(東),中国_関西-中国間(東),3228.04,425.972,0,0
20260102B06,関西_関西-中国間(西),中国_関西-中国間(西),3228.04,425.972,0,0
20260102B06,関西,四国,0,0,0,0
20260102B06,中国,四国,1174,0,0,0
20260102B06,中国,九州,340,0,0,0
20260102B07,北海道,東北,150,0,0,0
20260102B07,東北,東京,0,2360,0,0
20260102B07,東京,中部,0,83.19,0,0
20260102B07,中部,関西,1108.293,0,0,0
20260102B07,中部,北陸,0,0,0,0
20260102B07,北陸,関西,1900,86.737,0,0
20260102B07,関西,中国,3226.866,934.153,0,0
20260102B07,関西_関西-中国間(東),中国_関西-中国間(東),3226.866,934.153,0,0
20260102B07,関西_関西-中国間(西),中国_関西-中国間(西),3226.866,934.153,0,0
20260102B07,関西,四国,0,0,0,0
20260102B07,中国,四国,1173.158,0,0,0
20260102B07,中国,九州,432,69.306,0,0
20260102B08,北海道,東北,150,0,0,0
20260102B08,東北,東京,0,2360,0,0
20260102B08,東京,中部,0,0,0,0
20260102B08,中部,関西,1118.293,0,0,0
20260102B08,中部,北陸,0,0,0,0
20260102B08,北陸,関西,1900,0,0,0
20260102B08,関西,中国,3226.866,1039.087,0,0
20260102B08,関西_関西-中国間(東),中国_関西-中国間(東),3226.866,1039.087,0,0
20260102B08,関西_関西-中国間(西),中国_関西-中国間(西),3226.866,1039.087,0,0
20260102B08,関西,四国,0,0,0,0
20260102B08,中国,四国,1148.558,0,0,0
20260102B08,中国,九州,442,95.906,0,0
20260102B09,北海道,東北,150,0,0,0
20260102B09,東北,東京,0,2360,0,0
20260102B09,東京,中部,0,0,0,0
20260102B09,中部,関西,1118.293,0,0,0
20260102B09,中部,北陸,0,0,0,0
20260102B09,北陸,関西,1900,0,0,0
20260102B09,関西,中国,3226.866,1080.155,0,0
20260102B09,関西_関西-中国間(東),中国_関西-中国間(東),3226.866,1080.155,0,0
20260102B09,関西_関西-中国間(西),中国_関西-中国間(西),3226.866,1080.155,0,0
20260102B09,関西,四国,0,0,0,0
20260102B09,中国,四国,1140.158,0,0,0
20260102B09,中国,九州,442,120.306,0,0
20260102B10,北海道,東北,150,0,0,0
20260102B10,東北,東京,16.262,2360,0,0
20260102B10,東京,中部,0,0,0,0
20260102B10,中部,関西,1098.293,0,0,0
20260102B10,中部,北陸,0,0,0,0
20260102B10,北陸,関西,1900,0,0,0
20260102B10,関西,中国,3226.866,1105.129,0,0
20260102B10,関西_関西-中国間(東),中国_関西-中国間(東),3226.866,1105.129,0,0
20260102B10,関西_関西-中国間(西),中国_関西-中国間(西),3226.866,1105.129,0,0
20260102B10,関西,四国,0,0,0,0
20260102B10,中国,四国,1163.658,0,0,0
20260102B10,中国,九州,422.834,135.406,0,0
20260102B11,北海道,東北,150,0,0,0
20260102B11,東北,東京,14.962,2360,0,0
20260102B11,東京,中部,0,0,0,0
20260102B11,中部,関西,1078.293,0,0,0
20260102B11,中部,北陸,0,0,0,0
20260102B11,北陸,関西,1900,0,0,0
20260102B11,関西,中国,3226.866,1047.133,0,0
20260102B11,関西_関西-中国間(東),中国_関西-中国間(東),3226.866,1047.133,0,0
20260102B11,関西_関西-中国間(西),中国_関西-中国間(西),3226.866,1047.133,0,0
20260102B11,関西,四国,0,0,0,0
20260102B11,中国,四国,1177,0,0,0
20260102B11,中国,九州,372.134,166.106,0,0
20260102B12,北海道,東北,150,0,0,0
20260102B12,東北,東京,5.162,2360,0,0
20260102B12,東京,中部,0,0,0,0
20260102B12,中部,関西,1058.293,0,0,0
20260102B12,中部,北陸,0,0,0,0
20260102B12,北陸,関西,1900,0,0,0
20260102B12,関西,中国,3226.866,1022.159,0,0
20260102B12,関西_関西-中国間(東),中国_関西-中国間(東),3226.866,1022.159,0,0
20260102B12,関西_関西-中国間(西),中国_関西-中国間(西),3226.866,1022.159,0,0
20260102B12,関西,四国,0,0,0,0
20260102B12,中国,四国,1177,0,0,0
20260102B12,中国,九州,326.134,192.106,0,0
20260102B13,北海道,東北,150,0,0,0
20260102B13,東北,東京,569.231,2208,0,0
20260102B13,東京,中部,0,0,0,0
20260102B13,中部,関西,60.447,0,0,0
20260102B13,中部,北陸,0,0,0,0
20260102B13,北陸,関西,1876,0,0,0
20260102B13,関西,中国,3053.459,1470.928,0,0
20260102B13,関西_関西-中国間(東),中国_関西-中国間(東),3053.459,1470.928,0,0
20260102B13,関西_関西-中国間(西),中国_関西-中国間(西),3053.459,1470.928,0,0
20260102B13,関西,四国,0,0,0,0
20260102B13,中国,四国,1030.668,0,0,0
20260102B13,中国,九州,1.415,69.258,0,0
20260102B14,北海道,東北,150,0,0,0
20260102B14,東北,東京,87.931,2208,0,0
20260102B14,東京,中部,219.463,0,0,0
20260102B14,中部,関西,60.447,0,0,0
20260102B14,中部,北陸,0,0,0,0
20260102B14,北陸,関西,1876,0,0,0
20260102B14,関西,中国,3069.791,1430.934,0,0
20260102B14,関西_関西-中国間(東),中国_関西-中国間(東),3069.791,1430.934,0,0
20260102B14,関西_関西-中国間(西),中国_関西-中国間(西),3069.791,1430.934,0,0
20260102B14,関西,四国,0,0,0,0
20260102B14,中国,四国,1067.568,0,0,0
20260102B14,中国,九州,11.615,59.058,0,0
20260102B15,北海道,東北,150,0,0,0
20260102B15,東北,東京,0,2208,0,0
20260102B15,東京,中部,219.463,0,0,0
20260102B15,中部,関西,70.447,0,0,0
20260102B15,中部,北陸,0,0,0,0
20260102B15,北陸,関西,1876,0,0,0
20260102B15,関西,中国,3026.219,1480.942,0,0
20260102B15,関西_関西-中国間(東),中国_関西-中国間(東),3026.219,1480.942,0,0
20260102B15,関西_関西-中国間(西),中国_関西-中国間(西),3026.219,1480.942,0,0
20260102B15,関西,四国,0,0,0,0
20260102B15,中国,四国,1050.868,0,0,0
20260102B15,中国,九州,0,210.658,0,0
20260102B16,北海道,東北,150,0,0,0
20260102B16,東北,東京,0,2208,0,0
20260102B16,東京,中部,219.463,0,11,0
20260102B16,中部,関西,90.447,0,0,0
20260102B16,中部,北陸,0,0,0,0
20260102B16,北陸,関西,1876,0,0,0
20260102B16,関西,中国,3048.451,1479.93,0,7
20260102B16,関西_関西-中国間(東),中国_関西-中国間(東),3048.451,1479.93,0,7
20260102B16,関西_関西-中国間(西),中国_関西-中国間(西),3048.451,1479.93,0,7
20260102B16,関西,四国,0,0,0,0
20260102B16,中国,四国,1002.968,0,0,0
20260102B16,中国,九州,0,271.558,0,11
20260102B17,北海道,東北,150,0,0,0
20260102B17,東北,東京,0,2208,0,0
20260102B17,東京,中部,219.463,0,6,0
20260102B17,中部,関西,10.447,0,0,0
20260102B17,中部,北陸,0,0,0,0
20260102B17,北陸,関西,1476,0,0,0
20260102B17,関西,中国,3216.574,1063.92,0,17
20260102B17,関西_関西-中国間(東),中国_関西-中国間(東),3216.574,1063.92,0,17
20260102B17,関西_関西-中国間(西),中国_関西-中国間(西),3216.574,1063.92,0,17
20260102B17,関西,四国,0,0,0,0
20260102B17,中国,四国,1057.868,0,0,0
20260102B17,中国,九州,0,390.158,0,35
20260102B18,北海道,東北,150,0,0,0
20260102B18,東北,東京,0,2208,0,0
20260102B18,東京,中部,219.463,0,29,0
20260102B18,中部,関西,0,0,0,0
20260102B18,中部,北陸,0,0,0,0
20260102B18,北陸,関西,1476,0,0,0
20260102B18,関西,中国,3216.574,290.966,0,32
20260102B18,関西_関西-中国間(東),中国_関西-中国間(東),3216.574,290.966,0,32
20260102B18,関西_関西-中国間(西),中国_関西-中国間(西),3216.574,290.966,0,32
20260102B18,関西,四国,0,0,0,0
20260102B18,中国,四国,1163.168,0,0,0
20260102B18,中国,九州,340,0,0,0
20260102B19,北海道,東北,54.8,0,54.8,0
20260102B19,東北,東京,0,2360,0,0
20260102B19,東京,中部,271.362,0,105,0
20260102B19,中部,関西,210.025,0,0,0
20260102B19,中部,北陸,0,0,0,0
20260102B19,北陸,関西,1500,0,0,0
20260102B19,関西,中国,3113.514,0,5.791,0
20260102B19,関西_関西-中国間(東),中国_関西-中国間(東),3113.514,0,5.791,0
20260102B19,関西_関西-中国間(西),中国_関西-中国間(西),3113.514,0,5.791,0
20260102B19,関西,四国,0,0,0,0
20260102B19,中国,四国,916.759,0,0,0
20260102B19,中国,九州,270,0,0,0
20260102B20,北海道,東北,150,0,150,0
20260102B20,東北,東京,0,2360,0,166.07
20260102B20,東京,中部,271.362,0,108,0
20260102B20,中部,関西,28.225,0,0,0
20260102B20,中部,北陸,0,0,0,0
20260102B20,北陸,関西,1500,0,0,0
20260102B20,関西,中国,3113.514,0,0,0
20260102B20,関西_関西-中国間(東),中国_関西-中国間(東),3113.514,0,0,0
20260102B20,関西_関西-中国間(西),中国_関西-中国間(西),3113.514,0,0,0
20260102B20,関西,四国,0,0,0,0
20260102B20,中国,四国,405.459,0,0,0
20260102B20,中国,九州,210,0,20,0
20260102B21,北海道,東北,150,0,150,0
20260102B21,東北,東京,0,2360,0,269.07
20260102B21,東京,中部,271.362,0,191,0
20260102B21,中部,関西,0.025,0,0,0
20260102B21,中部,北陸,0,0,0,0
20260102B21,北陸,関西,1500,0,0,0
20260102B21,関西,中国,3113.514,0,130.018,0
20260102B21,関西_関西-中国間(東),中国_関西-中国間(東),3113.514,0,130.018,0
20260102B21,関西_関西-中国間(西),中国_関西-中国間(西),3113.514,0,130.018,0
20260102B21,関西,四国,0,0,0,0
20260102B21,中国,四国,312.259,0,0,0
20260102B21,中国,九州,150,0,150,0
20260102B22,北海道,東北,150,0,150,0
20260102B22,東北,東京,0,2360,0,125.07
20260102B22,東京,中部,271.362,0,226,0
20260102B22,中部,関西,0,0,0,0
20260102B22,中部,北陸,0,0,0,0
20260102B22,北陸,関西,1500,0,0,0
20260102B22,関西,中国,3113.514,0,0,0
20260102B22,関西_関西-中国間(東),中国_関西-中国間(東),3113.514,0,0,0
20260102B22,関西_関西-中国間(西),中国_関西-中国間(西),3113.514,0,0,0
20260102B22,関西,四国,0,0,0,0
20260102B22,中国,四国,403.259,0,0,0
20260102B22,中国,九州,120,0,0,0
20260102B23,北海道,東北,150,0,150,0
20260102B23,東北,東京,0,2360,0,140.17
20260102B23,東京,中部,271.362,0,209,0
20260102B23,中部,関西,0,0,0,0
20260102B23,中部,北陸,0,0,0,0
20260102B23,北陸,関西,1500,0,0,0
20260102B23,関西,中国,3113.514,0,0,0
20260102B23,関西_関西-中国間(東),中国_関西-中国間(東),3113.514,0,0,0
20260102B23,関西_関西-中国間(西),中国_関西-中国間(西),3113.514,0,0,0
20260102B23,関西,四国,0,0,0,0
20260102B23,中国,四国,483.759,0,0,0
20260102B23,中国,九州,90,0,0,0
20260102B24,北海道,東北,150,0,150,0
20260102B24,東北,東京,0,2360,0,103.17
20260102B24,東京,中部,271.362,0,249,0
20260102B24,中部,関西,0,0,0,0
20260102B24,中部,北陸,0,0,0,0
20260102B24,北陸,関西,1500,0,0,0
20260102B24,関西,中国,3113.514,0,0,0
20260102B24,関西_関西-中国間(東),中国_関西-中国間(東),3113.514,0,0,0
20260102B24,関西_関西-中国間(西),中国_関西-中国間(西),3113.514,0,0,0
20260102B24,関西,四国,0,0,0,0
20260102B24,中国,四国,535.959,0,0,0
20260102B24,中国,九州,80,0,0,0
20260102B25,北海道,東北,150,0,0,0
20260102B25,東北,東京,0,2360,0,69.87
20260102B25,東京,中部,367.618,0,282,0
20260102B25,中部,関西,0,0,0,0
20260102B25,中部,北陸,0,0,0,0
20260102B25,北陸,関西,1491,0,0,0
20260102B25,関西,中国,3168.287,0,0,0
20260102B25,関西_関西-中国間(東),中国_関西-中国間(東),3168.287,0,0,0
20260102B25,関西_関西-中国間(西),中国_関西-中国間(西),3168.287,0,0,0
20260102B25,関西,四国,0,0,0,0
20260102B25,中国,四国,707.515,0,0,0
20260102B25,中国,九州,14.864,69.671,14.864,0
20260102B26,北海道,東北,150,0,0,0
20260102B26,東北,東京,0,2360,0,219.87
20260102B26,東京,中部,367.618,0,250,0
20260102B26,中部,関西,0,0,0,0
20260102B26,中部,北陸,0,0,0,0
20260102B26,北陸,関西,1491,0,0,0
20260102B26,関西,中国,3168.287,0,0,0
20260102B26,関西_関西-中国間(東),中国_関西-中国間(東),3168.287,0,0,0
20260102B26,関西_関西-中国間(西),中国_関西-中国間(西),3168.287,0,0,0
20260102B26,関西,四国,0,0,0,0
20260102B26,中国,四国,767.315,0,0,0
20260102B26,中国,九州,25,0,25,0
20260102B27,北海道,東北,150,0,0,0
20260102B27,東北,東京,0,2360,0,216
20260102B27,東京,中部,367.618,0,229,0
20260102B27,中部,関西,0,0,0,0
20260102B27,中部,北陸,0,0,0,0
20260102B27,北陸,関西,1491,0,0,0
20260102B27,関西,中国,3168.287,0,0,0
20260102B27,関西_関西-中国間(東),中国_関西-中国間(東),3168.287,0,0,0
20260102B27,関西_関西-中国間(西),中国_関西-中国間(西),3168.287,0,0,0
20260102B27,関西,四国,0,0,0,0
20260102B27,中国,四国,824.515,0,0,0
20260102B27,中国,九州,25,0,25,0
20260102B28,北海道,東北,150,0,0,0
20260102B28,東北,東京,0,2360,0,169
20260102B28,東京,中部,367.618,0,178,0
20260102B28,中部,関西,0,0,0,0
20260102B28,中部,北陸,0,0,0,0
20260102B28,北陸,関西,1491,0,0,0
20260102B28,関西,中国,3168.287,0,72.024,0
20260102B28,関西_関西-中国間(東),中国_関西-中国間(東),3168.287,0,72.024,0
20260102B28,関西_関西-中国間(西),中国_関西-中国間(西),3168.287,0,72.024,0
20260102B28,関西,四国,0,0,0,0
20260102B28,中国,四国,796.915,0,0,0
20260102B28,中国,九州,25,0,25,0
20260102B29,北海道,東北,92.827,0,0,0
20260102B29,東北,東京,0,2360,0,107
20260102B29,東京,中部,367.618,0,141,0
20260102B29,中部,関西,0,0,0,0
20260102B29,中部,北陸,0,0,0,0
20260102B29,北陸,関西,1491,0,0,0
20260102B29,関西,中国,3168.287,0,117.31,0
20260102B29,関西_関西-中国間(東),中国_関西-中国間(東),3168.287,0,117.31,0
20260102B29,関西_関西-中国間(西),中国_関西-中国間(西),3168.287,0,117.31,0
20260102B29,関西,四国,0,0,0,0
20260102B29,中国,四国,764.615,0,0,0
20260102B29,中国,九州,35,0,35,0
20260102B30,北海道,東北,150,0,0,0
20260102B30,東北,東京,0,2360,0,61
20260102B30,東京,中部,367.618,0,123,0
20260102B30,中部,関西,0,0,0,0
20260102B30,中部,北陸,0,0,0,0
20260102B30,北陸,関西,1491,0,0,0
20260102B30,関西,中国,3168.287,0,115,0
20260102B30,関西_関西-中国間(東),中国_関西-中国間(東),3168.287,0,115,0
20260102B30,関西_関西-中国間(西),中国_関西-中国間(西),3168.287,0,115,0
20260102B30,関西,四国,0,0,0,0
20260102B30,中国,四国,748.815,0,0,0
20260102B30,中国,九州,55,0,0,0
20260102B31,北海道,東北,0,0,0,0
20260102B31,東北,東京,7.31,2360,0,27
20260102B31,東京,中部,198.818,0,150,0
20260102B31,中部,関西,0,0,0,0
20260102B31,中部,北陸,0,0,0,0
20260102B31,北陸,関西,1472.423,0,0,0
20260102B31,関西,中国,3134.594,0,104.442,0
20260102B31,関西_関西-中国間(東),中国_関西-中国間(東),3134.594,0,104.442,0
20260102B31,関西_関西-中国間(西),中国_関西-中国間(西),3134.594,0,104.442,0
20260102B31,関西,四国,0,0,0,0
20260102B31,中国,四国,300.518,0,0,0
20260102B31,中国,九州,112,0,112,0
20260102B32,北海道,東北,0,0,0,0
20260102B32,東北,東京,419.51,2360,28.51,0
20260102B32,東京,中部,306.718,0,83,0
20260102B32,中部,関西,0,0,0,0
20260102B32,中部,北陸,0,0,0,0
20260102B32,北陸,関西,1497,0,0,0
20260102B32,関西,中国,3134.594,0,54,0
20260102B32,関西_関西-中国間(東),中国_関西-中国間(東),3134.594,0,54,0
20260102B32,関西_関西-中国間(西),中国_関西-中国間(西),3134.594,0,54,0
20260102B32,関西,四国,0,0,0,0
20260102B32,中国,四国,373.018,0,0,0
20260102B32,中国,九州,162,0,0,0
20260102B33,北海道,東北,0,0,0,0
20260102B33,東北,東京,381.51,2360,1,0
20260102B33,東京,中部,350.218,0,0,0
20260102B33,中部,関西,0,0,0,0
20260102B33,中部,北陸,0,0,0,0
20260102B33,北陸,関西,1497,0,0,0
20260102B33,関西,中国,3134.594,0,3,0
20260102B33,関西_関西-中国間(東),中国_関西-中国間(東),3134.594,0,3,0
20260102B33,関西_関西-中国間(西),中国_関西-中国間(西),3134.594,0,0,0
20260102B33,関西,四国,0,0,0,0
20260102B33,中国,四国,522.218,0,3,0
20260102B33,中国,九州,232,0,0,0
20260102B34,北海道,東北,7.861,0,0,0
20260102B34,東北,東京,463.71,2360,1,0
20260102B34,東京,中部,350.218,0,1,0
20260102B34,中部,関西,0,0,0,0
20260102B34,中部,北陸,0,0,0,0
20260102B34,北陸,関西,1497,0,0,0
20260102B34,関西,中国,2714.148,201.15,0,2
20260102B34,関西_関西-中国間(東),中国_関西-中国間(東),2714.148,201.15,0,2
20260102B34,関西_関西-中国間(西),中国_関西-中国間(西),2714.148,201.15,0,2
20260102B34,関西,四国,0,0,0,0
20260102B34,中国,四国,595.618,0,0,0
20260102B34,中国,九州,0,0,0,0
20260102B35,北海道,東北,0,0,0,0
20260102B35,東北,東京,434.31,2360,0,0
20260102B35,東京,中部,350.218,0,0,0
20260102B35,中部,関西,0,0,0,0
20260102B35,中部,北陸,0,0,0,0
20260102B35,北陸,関西,1497,0,0,0
20260102B35,関西,中国,2405.992,707.194,0,0
20260102B35,関西_関西-中国間(東),中国_関西-中国間(東),2405.992,707.194,0,0
20260102B35,関西_関西-中国間(西),中国_関西-中国間(西),2405.992,707.194,0,0
20260102B35,関西,四国,0,0,0,0
20260102B35,中国,四国,455.618,0,0,0
20260102B35,中国,九州,0,295.325,0,0
20260102B36,北海道,東北,0,0,0,0
20260102B36,東北,東京,290.61,2360,0,0
20260102B36,東京,中部,0,0,0,0
20260102B36,中部,関西,0,204.565,0,0
20260102B36,中部,北陸,0,0,0,0
20260102B36,北陸,関西,1431.023,0,0,0
20260102B36,関西,中国,2275.31,634.834,0,0
20260102B36,関西_関西-中国間(東),中国_関西-中国間(東),2275.31,634.834,0,0
20260102B36,関西_関西-中国間(西),中国_関西-中国間(西),2275.31,634.834,0,0
20260102B36,関西,四国,0,0,0,0
20260102B36,中国,四国,290.818,0,0,0
20260102B36,中国,九州,0,453.625,0,0
20260102B37,北海道,東北,0,0,0,0
20260102B37,東北,東京,381.112,2338,0,0
20260102B37,東京,中部,0,0,0,0
20260102B37,中部,関西,0,0,0,0
20260102B37,中部,北陸,0,0,0,0
20260102B37,北陸,関西,1356.877,0,0,0
20260102B37,関西,中国,3135.495,15.969,0,0
20260102B37,関西_関西-中国間(東),中国_関西-中国間(東),3135.495,15.969,0,0
20260102B37,関西_関西-中国間(西),中国_関西-中国間(西),3135.495,15.969,0,0
20260102B37,関西,四国,0,0,0,0
20260102B37,中国,四国,165.165,0,0,0
20260102B37,中国,九州,0,490.718,0,0
20260102B38,北海道,東北,22.901,0,0,0
20260102B38,東北,東京,226.812,2338,0,0
20260102B38,東京,中部,0,0,0,0
20260102B38,中部,関西,0,0,0,0
20260102B38,中部,北陸,0,0,0,0
20260102B38,北陸,関西,1314.477,0,0,0
20260102B38,関西,中国,2965.443,168.795,0,0
20260102B38,関西_関西-中国間(東),中国_関西-中国間(東),2965.443,168.795,0,0
20260102B38,関西_関西-中国間(西),中国_関西-中国間(西),2965.443,168.795,0,0
20260102B38,関西,四国,0,0,0,0
20260102B38,中国,四国,161.765,0,0,0
20260102B38,中国,九州,0,554.818,0,0
20260102B39,北海道,東北,25.501,0,0,0
20260102B39,東北,東京,53.712,2338,0,0
20260102B39,東京,中部,0,0,0,0
20260102B39,中部,関西,0,0,0,0
20260102B39,中部,北陸,0,0,0,0
20260102B39,北陸,関西,1300.277,0,0,0
20260102B39,関西,中国,3010.445,145.671,0,0
20260102B39,関西_関西-中国間(東),中国_関西-中国間(東),3010.445,145.671,0,0
20260102B39,関西_関西-中国間(西),中国_関西-中国間(西),3010.445,145.671,0,0
20260102B39,関西,四国,0,0,0,0
20260102B39,中国,四国,198.265,0,0,0
20260102B39,中国,九州,0,514.218,0,0
20260102B40,北海道,東北,0,0,0,0
20260102B40,東北,東京,0,2338,0,0
20260102B40,東京,中部,0,0,0,0
20260102B40,中部,関西,0,0,0,0
20260102B40,中部,北陸,0,0,0,0
20260102B40,北陸,関西,1270.377,0,0,0
20260102B40,関西,中国,2716.473,433.559,0,0
20260102B40,関西_関西-中国間(東),中国_関西-中国間(東),2716.473,433.559,0,0
20260102B40,関西_関西-中国間(西),中国_関西-中国間(西),2716.473,433.559,0,0
20260102B40,関西,四国,0,0,0,0
20260102B40,中国,四国,194.865,0,0,0
20260102B40,中国,九州,0,535.518,0,0
20260102B41,北海道,東北,0,0,0,0
20260102B41,東北,東京,216.612,2338,0,0
20260102B41,東京,中部,0,267.876,0,0
20260102B41,中部,関西,0,63.239,0,0
20260102B41,中部,北陸,0,0,0,0
20260102B41,北陸,関西,1279.977,0,0,0
20260102B41,関西,中国,2562.395,566.717,0,0
20260102B41,関西_関西-中国間(東),中国_関西-中国間(東),2562.395,566.717,0,0
20260102B41,関西_関西-中国間(西),中国_関西-中国間(西),2562.395,566.717,0,0
20260102B41,関西,四国,0,0,0,0
20260102B41,中国,四国,170.565,0,0,0
20260102B41,中国,九州,0,498.518,0,0
20260102B42,北海道,東北,0,0,0,0
20260102B42,東北,東京,207.812,2338,0,0
20260102B42,東京,中部,0,0,0,0
20260102B42,中部,関西,0,0,0,0
20260102B42,中部,北陸,0,0,0,0
20260102B42,北陸,関西,1250.677,0,0,0
20260102B42,関西,中国,2706.461,548.835,0,0
20260102B42,関西_関西-中国間(東),中国_関西-中国間(東),2706.461,548.835,0,0
20260102B42,関西_関西-中国間(西),中国_関西-中国間(西),2706.461,548.835,0,0
20260102B42,関西,四国,0,0,0,0
20260102B42,中国,四国,270.765,0,0,0
20260102B42,中国,九州,0,471.918,0,0
20260102B43,北海道,東北,79.505,0,0,0
20260102B43,東北,東京,360.06,2360,0,44
20260102B43,東京,中部,0,186.241,0,44
20260102B43,中部,関西,125.518,199.569,0,44
20260102B43,中部,北陸,0,0,0,0
20260102B43,北陸,関西,1437.875,0,0,0
20260102B43,関西,中国,2753.496,744.495,0,49
20260102B43,関西_関西-中国間(東),中国_関西-中国間(東),2753.496,744.495,0,49
20260102B43,関西_関西-中国間(西),中国_関西-中国間(西),2753.496,744.495,0,49
20260102B43,関西,四国,0,0,0,0
20260102B43,中国,四国,193.437,0,0,0
20260102B43,中国,九州,0,257.989,0,53
20260102B44,北海道,東北,83.305,0,41,0
20260102B44,東北,東京,367.86,2360,0,0
20260102B44,東京,中部,0,0,0,0
20260102B44,中部,関西,253.618,71.469,0,0
20260102B44,中部,北陸,0,0,0,0
20260102B44,北陸,関西,1363.375,28.438,0,0
20260102B44,関西,中国,2804.518,739.429,0,1
20260102B44,関西_関西-中国間(東),中国_関西-中国間(東),2804.518,739.429,0,1
20260102B44,関西_関西-中国間(西),中国_関西-中国間(西),2804.518,739.429,0,1
20260102B44,関西,四国,0,0,0,0
20260102B44,中国,四国,204.637,0,0,0
20260102B44,中国,九州,0,286.289,0,6
20260102B45,北海道,東北,73.605,0,50,0
20260102B45,東北,東京,440.86,2360,0,0
20260102B45,東京,中部,0,0,0,0
20260102B45,中部,関西,360.018,0,0,0
20260102B45,中部,北陸,0,0,0,0
20260102B45,北陸,関西,1750.475,41.338,0,0
20260102B45,関西,中国,2818.466,838.879,0,11
20260102B45,関西_関西-中国間(東),中国_関西-中国間(東),2818.466,838.879,0,11
20260102B45,関西_関西-中国間(西),中国_関西-中国間(西),2818.466,838.879,0,11
20260102B45,関西,四国,0,0,0,0
20260102B45,中国,四国,297.837,0,0,0
20260102B45,中国,九州,0,210.089,0,15
20260102B46,北海道,東北,54.005,0,51,0
20260102B46,東北,東京,382.66,2360,0,0
20260102B46,東京,中部,0,0,0,0
20260102B46,中部,関西,484.318,0,0,0
20260102B46,中部,北陸,0,0,0,0
20260102B46,北陸,関西,1817.975,0,0,0
20260102B46,関西,中国,2795.19,727.865,0,14
20260102B46,関西_関西-中国間(東),中国_関西-中国間(東),2795.19,727.865,0,14
20260102B46,関西_関西-中国間(西),中国_関西-中国間(西),2795.19,727.865,0,14
20260102B46,関西,四国,0,0,0,0
20260102B46,中国,四国,446.537,0,0,0
20260102B46,中国,九州,0,148.589,0,19
20260102B47,北海道,東北,0,0,0,0
20260102B47,東北,東京,142.36,2360,0,47
20260102B47,東京,中部,0,0,0,0
20260102B47,中部,関西,464.318,0,0,0
20260102B47,中部,北陸,0,0,0,0
20260102B47,北陸,関西,1883,0,0,0
20260102B47,関西,中国,2806.636,721.845,0,13
20260102B47,関西_関西-中国間(東),中国_関西-中国間(東),2806.636,721.845,0,13
20260102B47,関西_関西-中国間(西),中国_関西-中国間(西),2806.636,721.845,0,13
20260102B47,関西,四国,0,0,0,0
20260102B47,中国,四国,425.737,0,0,0
20260102B47,中国,九州,0,98.189,0,17
20260102B48,北海道,東北,60.705,0,20.63,0
20260102B48,東北,東京,481.76,2360,0,22.37
20260102B48,東京,中部,0,0,0,0
20260102B48,中部,関西,424.318,0,0,0
20260102B48,中部,北陸,0,0,0,0
20260102B48,北陸,関西,1883,0,0,0
20260102B48,関西,中国,2638.968,905.843,0,12
20260102B48,関西_関西-中国間(東),中国_関西-中国間(東),2638.968,905.843,0,12
20260102B48,関西_関西-中国間(西),中国_関西-中国間(西),2638.968,905.843,0,12
20260102B48,関西,四国,0,0,0,0
20260102B48,中国,四国,410.137,0,0,0
20260102B48,中国,九州,0,45.189,0,0
20260103B01,北海道,東北,150,0,0,0
20260103B01,東北,東京,775.061,2360,0,13
20260103B01,東京,中部,0,0,0,0
20260103B01,中部,関西,952.863,0,0,0
20260103B01,中部,北陸,0,0,0,0
20260103B01,北陸,関西,1900,0,0,0
20260103B01,関西,中国,3144.242,869.962,0,0
20260103B01,関西_関西-中国間(東),中国_関西-中国間(東),3144.242,869.962,0,0
20260103B01,関西_関西-中国間(西),中国_関西-中国間(西),3144.242,869.962,0,0
20260103B01,関西,四国,0,0,0,0
20260103B01,中国,四国,1174,0,0,0
20260103B01,中国,九州,325,207.581,0,0
20260103B02,北海道,東北,150,0,0,0
20260103B02,東北,東京,764.961,2360,0,14
20260103B02,東京,中部,0,0,0,0
20260103B02,中部,関西,942.863,0,0,0
20260103B02,中部,北陸,0,0,0,0
20260103B02,北陸,関西,1900,0,0,0
20260103B02,関西,中国,3144.242,786.964,0,0
20260103B02,関西_関西-中国間(東),中国_関西-中国間(東),3144.242,786.964,0,0
20260103B02,関西_関西-中国間(西),中国_関西-中国間(西),3144.242,786.964,0,0
20260103B02,関西,四国,0,0,0,0
20260103B02,中国,四国,1174,0,0,0
20260103B02,中国,九州,325,177.681,0,0
20260103B03,北海道,東北,150,0,0,0
20260103B03,東北,東京,797.561,2360,0,14
20260103B03,東京,中部,0,43.928,0,0
20260103B03,中部,関西,942.863,0,0,0
20260103B03,中部,北陸,0,0,0,0
20260103B03,北陸,関西,1900,0,0,0
20260103B03,関西,中国,3144.242,821.98,0,0
20260103B03,関西_関西-中国間(東),中国_関西-中国間(東),3144.242,821.98,0,0
20260103B03,関西_関西-中国間(西),中国_関西-中国間(西),3144.242,821.98,0,0
20260103B03,関西,四国,0,0,0,0
20260103B03,中国,四国,1174,0,0,0
20260103B03,中国,九州,325,124.081,0,0
20260103B04,北海道,東北,150,0,0,0
20260103B04,東北,東京,817.361,2360,0,14
20260103B04,東京,中部,0,282.728,0,0
20260103B04,中部,関西,942.863,0,0,0
20260103B04,中部,北陸,0,0,0,0
20260103B04,北陸,関西,1900,0,0,0
20260103B04,関西,中国,3144.242,895.95,0,0
20260103B04,関西_関西-中国間(東),中国_関西-中国間(東),3144.242,895.95,0,0
20260103B04,関西_関西-中国間(西),中国_関西-中国間(西),3144.242,895.95,0,0
20260103B04,関西,四国,0,0,0,0
20260103B04,中国,四国,1174,0,0,0
20260103B04,中国,九州,325,66.781,0,0
20260103B05,北海道,東北,150,0,0,0
20260103B05,東北,東京,951.861,2360,0,15
20260103B05,東京,中部,0,242.928,0,0
20260103B05,中部,関西,962.863,0,0,0
20260103B05,中部,北陸,0,0,0,0
20260103B05,北陸,関西,1900,0,0,0
20260103B05,関西,中国,3144.242,1015.814,0,0
20260103B05,関西_関西-中国間(東),中国_関西-中国間(東),3144.242,1015.814,0,0
20260103B05,関西_関西-中国間(西),中国_関西-中国間(西),3144.242,1015.814,0,0
20260103B05,関西,四国,0,0,0,0
20260103B05,中国,四国,1174,0,0,0
20260103B05,中国,九州,335,28.881,0,0
20260103B06,北海道,東北,150,0,0,0
20260103B06,東北,東京,943.361,2360,0,16
20260103B06,東京,中部,0,354.528,0,0
20260103B06,中部,関西,992.863,0,0,0
20260103B06,中部,北陸,0,0,0,0
20260103B06,北陸,関西,1900,0,0,0
20260103B06,関西,中国,3144.242,991.764,0,0
20260103B06,関西_関西-中国間(東),中国_関西-中国間(東),3144.242,991.764,0,0
20260103B06,関西_関西-中国間(西),中国_関西-中国間(西),3144.242,991.764,0,0
20260103B06,関西,四国,0,0,0,0
20260103B06,中国,四国,1174,0,0,0
20260103B06,中国,九州,345,15.281,4,0
20260103B07,北海道,東北,150,0,0,0
20260103B07,東北,東京,770.962,2360,0,0
20260103B07,東京,中部,0,71.59,0,0
20260103B07,中部,関西,1009.699,0,0,0
20260103B07,中部,北陸,0,0,0,0
20260103B07,北陸,関西,1900,0,0,0
20260103B07,関西,中国,3124.272,1202.971,0,0
20260103B07,関西_関西-中国間(東),中国_関西-中国間(東),3124.272,1202.971,0,0
20260103B07,関西_関西-中国間(西),中国_関西-中国間(西),3124.272,1202.971,0,0
20260103B07,関西,四国,0,0,0,0
20260103B07,中国,四国,991.858,0,0,0
20260103B07,中国,九州,387.117,178.006,0,0
20260103B08,北海道,東北,150,0,0,0
20260103B08,東北,東京,697.062,2360,0,0
20260103B08,東京,中部,0,42.89,0,0
20260103B08,中部,関西,1019.699,0,0,0
20260103B08,中部,北陸,0,0,0,0
20260103B08,北陸,関西,1900,0,0,0
20260103B08,関西,中国,3124.272,1168.817,0,0
20260103B08,関西_関西-中国間(東),中国_関西-中国間(東),3124.272,1168.817,0,0
20260103B08,関西_関西-中国間(西),中国_関西-中国間(西),3124.272,1168.817,0,0
20260103B08,関西,四国,0,0,0,0
20260103B08,中国,四国,967.058,0,0,0
20260103B08,中国,九州,386.317,198.806,0,0
20260103B09,北海道,東北,150,0,0,0
20260103B09,東北,東京,691.562,2360,0,0
20260103B09,東京,中部,0,49.89,0,0
20260103B09,中部,関西,1019.699,0,0,0
20260103B09,中部,北陸,0,0,0,0
20260103B09,北陸,関西,1900,0,0,0
20260103B09,関西,中国,3124.272,1282.929,0,0
20260103B09,関西_関西-中国間(東),中国_関西-中国間(東),3124.272,1282.929,0,0
20260103B09,関西_関西-中国間(西),中国_関西-中国間(西),3124.272,1282.929,0,0
20260103B09,関西,四国,0,0,0,0
20260103B09,中国,四国,953.358,0,0,0
20260103B09,中国,九州,343.917,241.206,0,0
20260103B10,北海道,東北,150,0,0,0
20260103B10,東北,東京,692.062,2360,0,0
20260103B10,東京,中部,0,48.09,0,0
20260103B10,中部,関西,999.699,0,0,0
20260103B10,中部,北陸,0,0,0,0
20260103B10,北陸,関西,1900,0,0,0
20260103B10,関西,中国,3124.272,1260.369,0,0
20260103B10,関西_関西-中国間(東),中国_関西-中国間(東),3124.272,1260.369,0,0
20260103B10,関西_関西-中国間(西),中国_関西-中国間(西),3124.272,1260.369,0,0
20260103B10,関西,四国,0,0,0,0
20260103B10,中国,四国,983.258,0,0,0
20260103B10,中国,九州,300.417,254.706,0,0
20260103B11,北海道,東北,150,0,0,0
20260103B11,東北,東京,636.062,2360,0,0
20260103B11,東京,中部,0,85.59,0,0
20260103B11,中部,関西,979.699,0,0,0
20260103B11,中部,北陸,0,0,0,0
20260103B11,北陸,関西,1900,0,0,0
20260103B11,関西,中国,3124.272,1289.159,0,0
20260103B11,関西_関西-中国間(東),中国_関西-中国間(東),3124.272,1289.159,0,0
20260103B11,関西_関西-中国間(西),中国_関西-中国間(西),3124.272,1289.159,0,0
20260103B11,関西,四国,0,0,0,0
20260103B11,中国,四国,1007.358,0,0,0
20260103B11,中国,九州,247.917,287.206,0,0
20260103B12,北海道,東北,150,0,0,0
20260103B12,東北,東京,534.662,2360,0,0
20260103B12,東京,中部,0,158.39,0,0
20260103B12,中部,関西,959.699,0,0,0
20260103B12,中部,北陸,0,0,0,0
20260103B12,北陸,関西,1900,0,0,0
20260103B12,関西,中国,3124.272,1288.711,0,0
20260103B12,関西_関西-中国間(東),中国_関西-中国間(東),3124.272,1288.711,0,0
20260103B12,関西_関西-中国間(西),中国_関西-中国間(西),3124.272,1288.711,0,0
20260103B12,関西,四国,0,0,0,0
20260103B12,中国,四国,1065.158,0,0,0
20260103B12,中国,九州,199.117,316.006,0,0
20260103B13,北海道,東北,150,0,0,0
20260103B13,東北,東京,981.731,2208,0,0
20260103B13,東京,中部,0,503.93,0,0
20260103B13,中部,関西,60.447,0,0,0
20260103B13,中部,北陸,0,0,0,0
20260103B13,北陸,関西,1893,0,0,0
20260103B13,関西,中国,3055.539,1602.511,0,0
20260103B13,関西_関西-中国間(東),中国_関西-中国間(東),3055.539,1602.511,0,0
20260103B13,関西_関西-中国間(西),中国_関西-中国間(西),3055.539,1602.511,0,0
20260103B13,関西,四国,0,0,0,0
20260103B13,中国,四国,866.568,0,0,0
20260103B13,中国,九州,0,173.258,0,0
20260103B14,北海道,東北,150,0,0,0
20260103B14,東北,東京,857.231,2208,0,0
20260103B14,東京,中部,0,200.53,0,0
20260103B14,中部,関西,60.447,0,0,0
20260103B14,中部,北陸,0,0,0,0
20260103B14,北陸,関西,1893,0,0,0
20260103B14,関西,中国,2987.381,1582.453,0,0
20260103B14,関西_関西-中国間(東),中国_関西-中国間(東),2987.381,1582.453,0,0
20260103B14,関西_関西-中国間(西),中国_関西-中国間(西),2987.381,1582.453,0,0
20260103B14,関西,四国,0,0,0,0
20260103B14,中国,四国,964.068,0,0,0
20260103B14,中国,九州,0,209.058,0,0
20260103B15,北海道,東北,150,0,7,0
20260103B15,東北,東京,715.631,2208,0,19
20260103B15,東京,中部,0,38.83,0,0
20260103B15,中部,関西,70.447,0,0,0
20260103B15,中部,北陸,0,0,0,0
20260103B15,北陸,関西,1893,0,0,0
20260103B15,関西,中国,3003.503,1561.503,0,0
20260103B15,関西_関西-中国間(東),中国_関西-中国間(東),3003.503,1561.503,0,0
20260103B15,関西_関西-中国間(西),中国_関西-中国間(西),3003.503,1561.503,0,0
20260103B15,関西,四国,0,0,0,0
20260103B15,中国,四国,996.168,0,0,0
20260103B15,中国,九州,0,275.758,0,0
20260103B16,北海道,東北,150,0,1,0
20260103B16,東北,東京,351.431,2208,0,134
20260103B16,東京,中部,0,0,0,0
20260103B16,中部,関西,90.447,0,0,0
20260103B16,中部,北陸,0,0,0,0
20260103B16,北陸,関西,1893,0,0,0
20260103B16,関西,中国,3111.306,1475.495,0,7
20260103B16,関西_関西-中国間(東),中国_関西-中国間(東),3111.306,1475.495,0,7
20260103B16,関西_関西-中国間(西),中国_関西-中国間(西),3111.306,1475.495,0,7
20260103B16,関西,四国,0,0,0,0
20260103B16,中国,四国,971.768,0,0,0
20260103B16,中国,九州,0,322.258,0,8
20260103B17,北海道,東北,150,0,2,0
20260103B17,東北,東京,854.231,2208,0,152
20260103B17,東京,中部,0,0,0,0
20260103B17,中部,関西,10.447,0,10.447,0
20260103B17,中部,北陸,0,0,0,0
20260103B17,北陸,関西,1493,0,0,0
20260103B17,関西,中国,3111.306,1417.499,0,7.553
20260103B17,関西_関西-中国間(東),中国_関西-中国間(東),3111.306,1417.499,0,7.553
20260103B17,関西_関西-中国間(西),中国_関西-中国間(西),3111.306,1417.499,0,7.553
20260103B17,関西,四国,0,0,0,0
20260103B17,中国,四国,965.868,0,0,0
20260103B17,中国,九州,0,368.058,0,12.553
20260103B18,北海道,東北,150,0,0,0
20260103B18,東北,東京,539.531,2208,0,210
20260103B18,東京,中部,0,0,0,0
20260103B18,中部,関西,0,0,0,0
20260103B18,中部,北陸,0,0,0,0
20260103B18,北陸,関西,1493,0,0,0
20260103B18,関西,中国,3111.306,367.563,0,32
20260103B18,関西_関西-中国間(東),中国_関西-中国間(東),3111.306,367.563,0,32
20260103B18,関西_関西-中国間(西),中国_関西-中国間(西),3111.306,367.563,0,32
20260103B18,関西,四国,0,0,0,0
20260103B18,中国,四国,1085.968,0,0,0
20260103B18,中国,九州,340,0,0,0
20260103B19,北海道,東北,129.6,0,0,0
20260103B19,東北,東京,0,2360,0,333
20260103B19,東京,中部,271.362,0,113,0
20260103B19,中部,関西,210.025,0,0,0
20260103B19,中部,北陸,0,0,0,0
20260103B19,北陸,関西,1500,0,0,0
20260103B19,関西,中国,3154.931,0,0,0
20260103B19,関西_関西-中国間(東),中国_関西-中国間(東),3154.931,0,0,0
20260103B19,関西_関西-中国間(西),中国_関西-中国間(西),3154.931,0,0,0
20260103B19,関西,四国,0,0,0,0
20260103B19,中国,四国,803.459,0,0,0
20260103B19,中国,九州,270,0,0,0
20260103B20,北海道,東北,150,0,0,0
20260103B20,東北,東京,0,2360,0,352
20260103B20,東京,中部,271.362,0,118,0
20260103B20,中部,関西,100.025,0,0,0
20260103B20,中部,北陸,0,0,0,0
20260103B20,北陸,関西,1500,0,0,0
20260103B20,関西,中国,3154.931,0,18.758,0
20260103B20,関西_関西-中国間(東),中国_関西-中国間(東),3154.931,0,18.758,0
20260103B20,関西_関西-中国間(西),中国_関西-中国間(西),3154.931,0,18.758,0
20260103B20,関西,四国,0,0,0,0
20260103B20,中国,四国,451.859,0,0,0
20260103B20,中国,九州,210,0,15,0
20260103B21,北海道,東北,150,0,0,0
20260103B21,東北,東京,216.292,2360,0,477
20260103B21,東京,中部,271.362,0,9.07,0
20260103B21,中部,関西,0,0,0,0
20260103B21,中部,北陸,0,0,0,0
20260103B21,北陸,関西,1500,0,0,0
20260103B21,関西,中国,3154.931,0,19.012,0
20260103B21,関西_関西-中国間(東),中国_関西-中国間(東),3154.931,0,19.012,0
20260103B21,関西_関西-中国間(西),中国_関西-中国間(西),3154.931,0,19.012,0
20260103B21,関西,四国,0,0,0,0
20260103B21,中国,四国,397.259,0,0,0
20260103B21,中国,九州,150,0,0,0
20260103B22,北海道,東北,150,0,0,0
20260103B22,東北,東京,424.992,2360,0,478.07
20260103B22,東京,中部,271.362,0,0,0
20260103B22,中部,関西,0,0,0,0
20260103B22,中部,北陸,0,0,0,0
20260103B22,北陸,関西,1500,0,0,0
20260103B22,関西,中国,3154.931,0,40.752,0
20260103B22,関西_関西-中国間(東),中国_関西-中国間(東),3154.931,0,40.752,0
20260103B22,関西_関西-中国間(西),中国_関西-中国間(西),3154.931,0,40.752,0
20260103B22,関西,四国,0,0,0,0
20260103B22,中国,四国,520.559,0,0,0
20260103B22,中国,九州,120,0,106,0
20260103B23,北海道,東北,150,0,0,0
20260103B23,東北,東京,406.392,2360,0,474.07
20260103B23,東京,中部,271.362,0,0,0
20260103B23,中部,関西,0,0,0,0
20260103B23,中部,北陸,0,0,0,0
20260103B23,北陸,関西,1500,0,0,0
20260103B23,関西,中国,3154.931,0,0,0
20260103B23,関西_関西-中国間(東),中国_関西-中国間(東),3154.931,0,0,0
20260103B23,関西_関西-中国間(西),中国_関西-中国間(西),3154.931,0,0,0
20260103B23,関西,四国,0,0,0,0
20260103B23,中国,四国,619.859,0,0,0
20260103B23,中国,九州,90,0,0,0
20260103B24,北海道,東北,150,0,0,0
20260103B24,東北,東京,200.692,2360,0,473.07
20260103B24,東京,中部,271.362,0,0,0
20260103B24,中部,関西,0,0,0,0
20260103B24,中部,北陸,0,0,0,0
20260103B24,北陸,関西,1500,0,0,0
20260103B24,関西,中国,3154.931,0,90.018,0
20260103B24,関西_関西-中国間(東),中国_関西-中国間(東),3154.931,0,90.018,0
20260103B24,関西_関西-中国間(西),中国_関西-中国間(西),3154.931,0,90.018,0
20260103B24,関西,四国,0,0,0,0
20260103B24,中国,四国,726.259,0,0,0
20260103B24,中国,九州,80,0,52,0
20260103B25,北海道,東北,150,0,0,0
20260103B25,東北,東京,310.66,2360,0,277
20260103B25,東京,中部,272.018,0,132,0
20260103B25,中部,関西,0,0,0,0
20260103B25,中部,北陸,0,0,0,0
20260103B25,北陸,関西,1491,0,0,0
20260103B25,関西,中国,3171.287,0,0,0
20260103B25,関西_関西-中国間(東),中国_関西-中国間(東),3171.287,0,0,0
20260103B25,関西_関西-中国間(西),中国_関西-中国間(西),3171.287,0,0,0
20260103B25,関西,四国,0,0,0,0
20260103B25,中国,四国,843.915,0,0,0
20260103B25,中国,九州,43,0,13,0
20260103B26,北海道,東北,150,0,0,0
20260103B26,東北,東京,330.86,2360,0,223.97
20260103B26,東京,中部,367.618,0,243,0
20260103B26,中部,関西,0,0,0,0
20260103B26,中部,北陸,0,0,0,0
20260103B26,北陸,関西,1491,0,0,0
20260103B26,関西,中国,3171.287,0,0,0
20260103B26,関西_関西-中国間(東),中国_関西-中国間(東),3171.287,0,0,0
20260103B26,関西_関西-中国間(西),中国_関西-中国間(西),3171.287,0,0,0
20260103B26,関西,四国,0,0,0,0
20260103B26,中国,四国,869.115,0,0,0
20260103B26,中国,九州,33,0,33,0
20260103B27,北海道,東北,150,0,0,0
20260103B27,東北,東京,48.46,2360,0,225
20260103B27,東京,中部,367.618,0,219,0
20260103B27,中部,関西,0,0,0,0
20260103B27,中部,北陸,0,0,0,0
20260103B27,北陸,関西,1491,0,0,0
20260103B27,関西,中国,3171.287,0,22.455,0
20260103B27,関西_関西-中国間(東),中国_関西-中国間(東),3171.287,0,22.455,0
20260103B27,関西_関西-中国間(西),中国_関西-中国間(西),3171.287,0,22.455,0
20260103B27,関西,四国,0,0,0,0
20260103B27,中国,四国,905.515,0,0,0
20260103B27,中国,九州,33,0,33,0
20260103B28,北海道,東北,150,0,0,0
20260103B28,東北,東京,90.56,2360,0,204
20260103B28,東京,中部,367.618,0,171,0
20260103B28,中部,関西,0,0,0,0
20260103B28,中部,北陸,0,0,0,0
20260103B28,北陸,関西,1491,0,0,0
20260103B28,関西,中国,3171.287,0,0,0
20260103B28,関西_関西-中国間(東),中国_関西-中国間(東),3171.287,0,0,0
20260103B28,関西_関西-中国間(西),中国_関西-中国間(西),3171.287,0,0,0
20260103B28,関西,四国,0,0,0,0
20260103B28,中国,四国,840.015,0,0,0
20260103B28,中国,九州,33,0,33,0
20260103B29,北海道,東北,150,0,0,0
20260103B29,東北,東京,363.26,2360,0,150
20260103B29,東京,中部,228.018,0,140,0
20260103B29,中部,関西,0,0,0,0
20260103B29,中部,北陸,0,0,0,0
20260103B29,北陸,関西,1491,0,0,0
20260103B29,関西,中国,3171.287,0,0,0
20260103B29,関西_関西-中国間(東),中国_関西-中国間(東),3171.287,0,0,0
20260103B29,関西_関西-中国間(西),中国_関西-中国間(西),3171.287,0,0,0
20260103B29,関西,四国,0,0,0,0
20260103B29,中国,四国,812.415,0,0,0
20260103B29,中国,九州,43,0,33,0
20260103B30,北海道,東北,150,0,0,0
20260103B30,東北,東京,853.86,2360,0,98
20260103B30,東京,中部,356.018,0,131,0
20260103B30,中部,関西,0,0,0,0
20260103B30,中部,北陸,0,0,0,0
20260103B30,北陸,関西,1491,0,0,0
20260103B30,関西,中国,3171.287,0,2.886,0
20260103B30,関西_関西-中国間(東),中国_関西-中国間(東),3171.287,0,2.886,0
20260103B30,関西_関西-中国間(西),中国_関西-中国間(西),3171.287,0,2.886,0
20260103B30,関西,四国,0,0,0,0
20260103B30,中国,四国,635.915,0,0,0
20260103B30,中国,九州,63,0,63,0
20260103B31,北海道,東北,0,0,0,0
20260103B31,東北,東京,373.21,2292,0,16
20260103B31,東京,中部,0,0,0,0
20260103B31,中部,関西,0,0,0,0
20260103B31,中部,北陸,0,0,0,0
20260103B31,北陸,関西,1435.023,0,0,0
20260103B31,関西,中国,3030.307,0,0,0
20260103B31,関西_関西-中国間(東),中国_関西-中国間(東),3030.307,0,0,0
20260103B31,関西_関西-中国間(西),中国_関西-中国間(西),3030.307,0,0,0
20260103B31,関西,四国,0,0,0,0
20260103B31,中国,四国,308.818,0,0,0
20260103B31,中国,九州,0,0,0,0
20260103B32,北海道,東北,0,0,0,0
20260103B32,東北,東京,446.31,2292,46.63,0
20260103B32,東京,中部,54.418,0,0,0
20260103B32,中部,関西,0,0,0,0
20260103B32,中部,北陸,0,0,0,0
20260103B32,北陸,関西,1430.223,0,0,0
20260103B32,関西,中国,2998.841,0,0,0
20260103B32,関西_関西-中国間(東),中国_関西-中国間(東),2998.841,0,0,0
20260103B32,関西_関西-中国間(西),中国_関西-中国間(西),2998.841,0,0,0
20260103B32,関西,四国,0,0,0,0
20260103B32,中国,四国,631.218,0,0,0
20260103B32,中国,九州,0,0,0,0
20260103B33,北海道,東北,0,0,0,0
20260103B33,東北,東京,584.81,2292,0,0
20260103B33,東京,中部,71.618,0,0,0
20260103B33,中部,関西,0,0,0,0
20260103B33,中部,北陸,0,0,0,0
20260103B33,北陸,関西,1461.023,0,0,0
20260103B33,関西,中国,2901.567,0,14,0
20260103B33,関西_関西-中国間(東),中国_関西-中国間(東),2901.567,0,14,0
20260103B33,関西_関西-中国間(西),中国_関西-中国間(西),2901.567,0,14,0
20260103B33,関西,四国,0,0,0,0
20260103B33,中国,四国,808.918,0,0,0
20260103B33,中国,九州,0,0,0,0
20260103B34,北海道,東北,0,0,0,0
20260103B34,東北,東京,0,2292,0,0
20260103B34,東京,中部,0,0,0,0
20260103B34,中部,関西,0,0,0,0
20260103B34,中部,北陸,0,0,0,0
20260103B34,北陸,関西,1497,0,0,0
20260103B34,関西,中国,2730.977,44.062,0,2
20260103B34,関西_関西-中国間(東),中国_関西-中国間(東),2730.977,44.062,0,2
20260103B34,関西_関西-中国間(西),中国_関西-中国間(西),2730.977,44.062,0,2
20260103B34,関西,四国,0,0,0,0
20260103B34,中国,四国,640.218,0,0,0
20260103B34,中国,九州,26.481,0,0,0
20260103B35,北海道,東北,0,0,0,0
20260103B35,東北,東京,192.61,2292,0,0
20260103B35,東京,中部,0,0,0,0
20260103B35,中部,関西,0,0,0,0
20260103B35,中部,北陸,0,0,0,0
20260103B35,北陸,関西,1497,0,0,0
20260103B35,関西,中国,2196.891,610.068,0,0
20260103B35,関西_関西-中国間(東),中国_関西-中国間(東),2196.891,610.068,0,0
20260103B35,関西_関西-中国間(西),中国_関西-中国間(西),2196.891,610.068,0,0
20260103B35,関西,四国,0,0,0,0
20260103B35,中国,四国,654.118,0,0,0
20260103B35,中国,九州,0,380.525,0,0
20260103B36,北海道,東北,0,0,0,0
20260103B36,東北,東京,0,2292,0,0
20260103B36,東京,中部,98.718,0,0,0
20260103B36,中部,関西,0,0,0,0
20260103B36,中部,北陸,0,0,0,0
20260103B36,北陸,関西,1295.223,0,0,0
20260103B36,関西,中国,2296.431,663.056,0,0
20260103B36,関西_関西-中国間(東),中国_関西-中国間(東),2296.431,663.056,0,0
20260103B36,関西_関西-中国間(西),中国_関西-中国間(西),2296.431,663.056,0,0
20260103B36,関西,四国,0,0,0,0
20260103B36,中国,四国,545.918,0,0,0
20260103B36,中国,九州,0,441.225,0,0
20260103B37,北海道,東北,27.801,0,0,0
20260103B37,東北,東京,183.512,2338,0,0
20260103B37,東京,中部,0,0,0,0
20260103B37,中部,関西,0,0,0,0
20260103B37,中部,北陸,0,0,0,0
20260103B37,北陸,関西,1436.177,0,0,0
20260103B37,関西,中国,3033.959,288.016,0,0
20260103B37,関西_関西-中国間(東),中国_関西-中国間(東),3033.959,288.016,0,0
20260103B37,関西_関西-中国間(西),中国_関西-中国間(西),3033.959,288.016,0,0
20260103B37,関西,四国,0,0,0,0
20260103B37,中国,四国,381.465,0,0,0
20260103B37,中国,九州,0,540.818,0,0
20260103B38,北海道,東北,15.801,0,0,0
20260103B38,東北,東京,140.012,2338,0,0
20260103B38,東京,中部,0,0,0,0
20260103B38,中部,関西,0,0,0,0
20260103B38,中部,北陸,0,0,0,0
20260103B38,北陸,関西,1434.977,0,0,0
20260103B38,関西,中国,3063.941,255.472,0,0
20260103B38,関西_関西-中国間(東),中国_関西-中国間(東),3063.941,255.472,0,0
20260103B38,関西_関西-中国間(西),中国_関西-中国間(西),3063.941,255.472,0,0
20260103B38,関西,四国,0,0,0,0
20260103B38,中国,四国,376.665,0,0,0
20260103B38,中国,九州,0,579.118,0,0
20260103B39,北海道,東北,2.201,0,0,0
20260103B39,東北,東京,267.112,2338,0,0
20260103B39,東京,中部,0,0,0,0
20260103B39,中部,関西,0,0,0,0
20260103B39,中部,北陸,0,0,0,0
20260103B39,北陸,関西,1420.577,0,0,0
20260103B39,関西,中国,3066.921,246.054,0,0
20260103B39,関西_関西-中国間(東),中国_関西-中国間(東),3066.921,246.054,0,0
20260103B39,関西_関西-中国間(西),中国_関西-中国間(西),3066.921,246.054,0,0
20260103B39,関西,四国,0,0,0,0
20260103B39,中国,四国,391.965,0,0,0
20260103B39,中国,九州,0,559.518,0,0
20260103B40,北海道,東北,4.401,0,0,0
20260103B40,東北,東京,117.812,2338,0,0
20260103B40,東京,中部,0,0,0,0
20260103B40,中部,関西,0,0,0,0
20260103B40,中部,北陸,0,0,0,0
20260103B40,北陸,関西,1395.377,0,0,0
20260103B40,関西,中国,3142.917,198.312,0,0
20260103B40,関西_関西-中国間(東),中国_関西-中国間(東),3142.917,198.312,0,0
20260103B40,関西_関西-中国間(西),中国_関西-中国間(西),3142.917,198.312,0,0
20260103B40,関西,四国,0,0,0,0
20260103B40,中国,四国,411.165,0,0,0
20260103B40,中国,九州,0,532.918,0,0
20260103B41,北海道,東北,0,0,0,0
20260103B41,東北,東京,354.912,2338,0,0
20260103B41,東京,中部,70.944,0,0,0
20260103B41,中部,関西,0,0,0,0
20260103B41,中部,北陸,0,0,0,0
20260103B41,北陸,関西,1379.277,0,0,0
20260103B41,関西,中国,3060.901,257.798,0,0
20260103B41,関西_関西-中国間(東),中国_関西-中国間(東),3060.901,257.798,0,0
20260103B41,関西_関西-中国間(西),中国_関西-中国間(西),3060.901,257.798,0,0
20260103B41,関西,四国,0,0,0,0
20260103B41,中国,四国,394.765,0,0,0
20260103B41,中国,九州,0,506.518,0,0
20260103B42,北海道,東北,0,0,0,0
20260103B42,東北,東京,46.212,2338,0,0
20260103B42,東京,中部,70.944,0,0,0
20260103B42,中部,関西,0,0,0,0
20260103B42,中部,北陸,0,0,0,0
20260103B42,北陸,関西,1359.477,0,0,0
20260103B42,関西,中国,2947.353,357.636,0,0
20260103B42,関西_関西-中国間(東),中国_関西-中国間(東),2947.353,357.636,0,0
20260103B42,関西_関西-中国間(西),中国_関西-中国間(西),2947.353,357.636,0,0
20260103B42,関西,四国,0,0,0,0
20260103B42,中国,四国,477.365,0,0,0
20260103B42,中国,九州,0,475.118,0,0
20260103B43,北海道,東北,0,0,0,0
20260103B43,東北,東京,96.56,2360,0,22.37
20260103B43,東京,中部,0,0,0,0
20260103B43,中部,関西,548.468,0,0,0
20260103B43,中部,北陸,0,0,0,0
20260103B43,北陸,関西,1500,0,0,0
20260103B43,関西,中国,2945.482,626.001,0,5
20260103B43,関西_関西-中国間(東),中国_関西-中国間(東),2945.482,626.001,0,5
20260103B43,関西_関西-中国間(西),中国_関西-中国間(西),2945.482,626.001,0,5
20260103B43,関西,四国,0,0,0,0
20260103B43,中国,四国,377.737,0,0,0
20260103B43,中国,九州,0,344.989,0,5
20260103B44,北海道,東北,3.305,0,0,0
20260103B44,東北,東京,0,2360,0,22.37
20260103B44,東京,中部,0,0,0,0
20260103B44,中部,関西,548.468,0,0,0
20260103B44,中部,北陸,0,0,0,0
20260103B44,北陸,関西,1465.475,0,0,0
20260103B44,関西,中国,2853.214,720.861,0,1
20260103B44,関西_関西-中国間(東),中国_関西-中国間(東),2853.214,720.861,0,1
20260103B44,関西_関西-中国間(西),中国_関西-中国間(西),2853.214,720.861,0,1
20260103B44,関西,四国,0,0,0,0
20260103B44,中国,四国,379.237,0,0,0
20260103B44,中国,九州,0,383.189,0,5
20260103B45,北海道,東北,0,0,0,0
20260103B45,東北,東京,0,2360,0,22.37
20260103B45,東京,中部,0,0,0,0
20260103B45,中部,関西,488.468,0,0,0
20260103B45,中部,北陸,0,0,0,0
20260103B45,北陸,関西,1867.975,0,0,0
20260103B45,関西,中国,2691.24,731.859,0,11
20260103B45,関西_関西-中国間(東),中国_関西-中国間(東),2691.24,731.859,0,10
20260103B45,関西_関西-中国間(西),中国_関西-中国間(西),2691.24,731.859,0,11
20260103B45,関西,四国,0,0,0,0
20260103B45,中国,四国,491.537,0,1,0
20260103B45,中国,九州,0,322.189,0,15
20260103B46,北海道,東北,0,0,0,0
20260103B46,東北,東京,0,2360,0,22.37
20260103B46,東京,中部,0,320.341,0,0
20260103B46,中部,関西,458.468,0,0,0
20260103B46,中部,北陸,0,0,0,0
20260103B46,北陸,関西,1900,0,0,0
20260103B46,関西,中国,2655.208,667.843,0,13
20260103B46,関西_関西-中国間(東),中国_関西-中国間(東),2655.208,667.843,0,13
20260103B46,関西_関西-中国間(西),中国_関西-中国間(西),2655.208,667.843,0,13
20260103B46,関西,四国,0,0,0,0
20260103B46,中国,四国,565.137,0,0,0
20260103B46,中国,九州,0,278.089,0,5
20260103B47,北海道,東北,22.705,0,0,0
20260103B47,東北,東京,0,2360,0,22.37
20260103B47,東京,中部,0,0,0,0
20260103B47,中部,関西,438.468,0,0,0
20260103B47,中部,北陸,0,0,0,0
20260103B47,北陸,関西,1900,0,0,0
20260103B47,関西,中国,2675.71,716.839,0,12
20260103B47,関西_関西-中国間(東),中国_関西-中国間(東),2675.71,716.839,0,12
20260103B47,関西_関西-中国間(西),中国_関西-中国間(西),2675.71,716.839,0,12
20260103B47,関西,四国,0,0,0,0
20260103B47,中国,四国,477.537,0,0,0
20260103B47,中国,九州,0,219.689,0,5
20260103B48,北海道,東北,73.305,0,0,0
20260103B48,東北,東京,0,2360,0,22.37
20260103B48,東京,中部,0,0,0,0
20260103B48,中部,関西,398.468,0,0,0
20260103B48,中部,北陸,0,0,0,0
20260103B48,北陸,関西,1900,0,0,0
20260103B48,関西,中国,2614.528,745.837,0,12
20260103B48,関西_関西-中国間(東),中国_関西-中国間(東),2614.528,745.837,0,12
20260103B48,関西_関西-中国間(西),中国_関西-中国間(西),2614.528,745.837,0,12
20260103B48,関西,四国,0,0,0,0
20260103B48,中国,四国,474.137,0,0,0
20260103B48,中国,九州,0,108.989,0,5
20260104B01,北海道,東北,150,0,0,0
20260104B01,東北,東京,0,2360,0,17
20260104B01,東京,中部,0,0,0,0
20260104B01,中部,関西,951.994,0,0,0
20260104B01,中部,北陸,0,0,0,0
20260104B01,北陸,関西,1900,0,0,0
20260104B01,関西,中国,3138.373,1106.98,0,0
20260104B01,関西_関西-中国間(東),中国_関西-中国間(東),3138.373,1106.98,0,0
20260104B01,関西_関西-中国間(西),中国_関西-中国間(西),3138.373,1106.98,0,0
20260104B01,関西,四国,0,0,0,0
20260104B01,中国,四国,1174,0,0,0
20260104B01,中国,九州,320,366.981,0,0
20260104B02,北海道,東北,150,0,0,0
20260104B02,東北,東京,0,2360,0,18
20260104B02,東京,中部,0,199.428,0,0
20260104B02,中部,関西,941.994,0,0,0
20260104B02,中部,北陸,0,0,0,0
20260104B02,北陸,関西,1900,0,0,0
20260104B02,関西,中国,3138.373,1052.978,0,0
20260104B02,関西_関西-中国間(東),中国_関西-中国間(東),3138.373,1052.978,0,0
20260104B02,関西_関西-中国間(西),中国_関西-中国間(西),3138.373,1052.978,0,0
20260104B02,関西,四国,0,0,0,0
20260104B02,中国,四国,1174,0,0,0
20260104B02,中国,九州,320,297.381,0,0
20260104B03,北海道,東北,150,0,0,0
20260104B03,東北,東京,0,2360,0,18
20260104B03,東京,中部,0,569.228,0,0
20260104B03,中部,関西,941.994,0,0,0
20260104B03,中部,北陸,0,0,0,0
20260104B03,北陸,関西,1900,0,0,0
20260104B03,関西,中国,3138.373,1064.988,0,0
20260104B03,関西_関西-中国間(東),中国_関西-中国間(東),3138.373,1064.988,0,0
20260104B03,関西_関西-中国間(西),中国_関西-中国間(西),3138.373,1064.988,0,0
20260104B03,関西,四国,0,0,0,0
20260104B03,中国,四国,1174,0,0,0
20260104B03,中国,九州,320,254.181,0,0
20260104B04,北海道,東北,150,0,0,0
20260104B04,東北,東京,0,2360,0,18
20260104B04,東京,中部,0,501.228,0,0
20260104B04,中部,関西,941.994,0,0,0
20260104B04,中部,北陸,0,0,0,0
20260104B04,北陸,関西,1900,0,0,0
20260104B04,関西,中国,3138.373,1126.084,0,0
20260104B04,関西_関西-中国間(東),中国_関西-中国間(東),3138.373,1126.084,0,0
20260104B04,関西_関西-中国間(西),中国_関西-中国間(西),3138.373,1126.084,0,0
20260104B04,関西,四国,0,0,0,0
20260104B04,中国,四国,1174,0,0,0
20260104B04,中国,九州,320,207.181,0,0
20260104B05,北海道,東北,150,0,0,0
20260104B05,東北,東京,0,2360,0,18
20260104B05,東京,中部,0,441.728,0,0
20260104B05,中部,関西,961.994,0,0,0
20260104B05,中部,北陸,0,0,0,0
20260104B05,北陸,関西,1900,0,0,0
20260104B05,関西,中国,3138.373,1282.576,0,0
20260104B05,関西_関西-中国間(東),中国_関西-中国間(東),3138.373,1282.576,0,0
20260104B05,関西_関西-中国間(西),中国_関西-中国間(西),3138.373,1282.576,0,0
20260104B05,関西,四国,0,0,0,0
20260104B05,中国,四国,1174,0,0,0
20260104B05,中国,九州,330,298.881,0,0
20260104B06,北海道,東北,150,0,0,0
20260104B06,東北,東京,0,2360,0,18
20260104B06,東京,中部,0,431.028,0,0
20260104B06,中部,関西,991.994,0,0,0
20260104B06,中部,北陸,0,0,0,0
20260104B06,北陸,関西,1900,0,0,0
20260104B06,関西,中国,3138.373,1209.618,0,0
20260104B06,関西_関西-中国間(東),中国_関西-中国間(東),3138.373,1209.618,0,0
20260104B06,関西_関西-中国間(西),中国_関西-中国間(西),3138.373,1209.618,0,0
20260104B06,関西,四国,0,0,0,0
20260104B06,中国,四国,1174,18.009,0,0
20260104B06,中国,九州,340,204.181,0,0
20260104B07,北海道,東北,150,0,0,0
20260104B07,東北,東京,0,2360,0,0
20260104B07,東京,中部,0,178.39,0,0
20260104B07,中部,関西,1005.938,0,0,0
20260104B07,中部,北陸,0,0,0,0
20260104B07,北陸,関西,1900,0,0,0
20260104B07,関西,中国,3062.156,1461.387,0,0
20260104B07,関西_関西-中国間(東),中国_関西-中国間(東),3062.156,1461.387,0,0
20260104B07,関西_関西-中国間(西),中国_関西-中国間(西),3062.156,1461.387,0,0
20260104B07,関西,四国,0,0,0,0
20260104B07,中国,四国,942.558,0,0,0
20260104B07,中国,九州,258.556,302.806,0,0
20260104B08,北海道,東北,150,0,0,0
20260104B08,東北,東京,0,2360,0,0
20260104B08,東京,中部,0,179.09,0,0
20260104B08,中部,関西,1015.938,0,0,0
20260104B08,中部,北陸,0,0,0,0
20260104B08,北陸,関西,1900,0,0,0
20260104B08,関西,中国,3055.184,1425.355,0,0
20260104B08,関西_関西-中国間(東),中国_関西-中国間(東),3055.184,1425.355,0,0
20260104B08,関西_関西-中国間(西),中国_関西-中国間(西),3055.184,1425.355,0,0
20260104B08,関西,四国,0,0,0,0
20260104B08,中国,四国,910.158,12.231,0,0
20260104B08,中国,九州,264.056,317.306,0,0
20260104B09,北海道,東北,150,0,0,0
20260104B09,東北,東京,0,2360,0,0
20260104B09,東京,中部,0,142.49,0,0
20260104B09,中部,関西,1015.938,0,0,0
20260104B09,中部,北陸,0,0,0,0
20260104B09,北陸,関西,1900,0,0,0
20260104B09,関西,中国,3105.162,1351.265,0,0
20260104B09,関西_関西-中国間(東),中国_関西-中国間(東),3105.162,1351.265,0,0
20260104B09,関西_関西-中国間(西),中国_関西-中国間(西),3105.162,1351.265,0,0
20260104B09,関西,四国,0,0,0,0
20260104B09,中国,四国,892.258,30.131,0,0
20260104B09,中国,九州,242.756,338.606,0,0
20260104B10,北海道,東北,150,0,0,0
20260104B10,東北,東京,0,2360,0,0
20260104B10,東京,中部,0,142.99,0,0
20260104B10,中部,関西,995.938,0,0,0
20260104B10,中部,北陸,0,0,0,0
20260104B10,北陸,関西,1900,0,0,0
20260104B10,関西,中国,3120.511,1330.823,0,0
20260104B10,関西_関西-中国間(東),中国_関西-中国間(東),3120.511,1330.823,0,0
20260104B10,関西_関西-中国間(西),中国_関西-中国間(西),3120.511,1330.823,0,0
20260104B10,関西,四国,0,0,0,0
20260104B10,中国,四国,906.458,15.931,0,0
20260104B10,中国,九州,201.756,349.606,0,0
20260104B11,北海道,東北,150,0,0,0
20260104B11,東北,東京,0,2360,0,0
20260104B11,東京,中部,0,189.69,0,0
20260104B11,中部,関西,975.938,0,0,0
20260104B11,中部,北陸,0,0,0,0
20260104B11,北陸,関西,1900,0,0,0
20260104B11,関西,中国,3120.511,1411.647,0,0
20260104B11,関西_関西-中国間(東),中国_関西-中国間(東),3120.511,1411.647,0,0
20260104B11,関西_関西-中国間(西),中国_関西-中国間(西),3120.511,1411.647,0,0
20260104B11,関西,四国,0,0,0,0
20260104B11,中国,四国,988.858,0,0,0
20260104B11,中国,九州,158.156,373.206,0,0
20260104B12,北海道,東北,150,0,0,0
20260104B12,東北,東京,0,2360,0,0
20260104B12,東京,中部,0,265.19,0,0
20260104B12,中部,関西,955.938,0,0,0
20260104B12,中部,北陸,0,0,0,0
20260104B12,北陸,関西,1900,0,0,0
20260104B12,関西,中国,3120.511,1468.033,0,0
20260104B12,関西_関西-中国間(東),中国_関西-中国間(東),3120.511,1468.033,0,0
20260104B12,関西_関西-中国間(西),中国_関西-中国間(西),3120.511,1468.033,0,0
20260104B12,関西,四国,0,0,0,0
20260104B12,中国,四国,1053.158,0,0,0
20260104B12,中国,九州,102.456,408.906,0,0
20260104B13,北海道,東北,150,0,0,0
20260104B13,東北,東京,0,2208,0,0
20260104B13,東京,中部,0,267.53,0,0
20260104B13,中部,関西,60.447,0,0,0
20260104B13,中部,北陸,0,0,0,0
20260104B13,北陸,関西,1893,0,0,0
20260104B13,関西,中国,2682.735,1871.629,0,0
20260104B13,関西_関西-中国間(東),中国_関西-中国間(東),2682.735,1871.629,0,0
20260104B13,関西_関西-中国間(西),中国_関西-中国間(西),2682.735,1871.629,0,0
20260104B13,関西,四国,0,0,0,0
20260104B13,中国,四国,794.368,0,0,0
20260104B13,中国,九州,0,194.258,0,0
20260104B14,北海道,東北,150,0,0,0
20260104B14,東北,東京,0,2208,0,0
20260104B14,東京,中部,0,0,0,0
20260104B14,中部,関西,60.447,0,0,0
20260104B14,中部,北陸,0,0,0,0
20260104B14,北陸,関西,1893,0,0,0
20260104B14,関西,中国,2735.515,1858.517,0,0
20260104B14,関西_関西-中国間(東),中国_関西-中国間(東),2735.515,1858.517,0,0
20260104B14,関西_関西-中国間(西),中国_関西-中国間(西),2735.515,1858.517,0,0
20260104B14,関西,四国,0,0,0,0
20260104B14,中国,四国,894.068,0,0,0
20260104B14,中国,九州,0,218.858,0,0
20260104B15,北海道,東北,150,0,6,0
20260104B15,東北,東京,0,2208,0,5
20260104B15,東京,中部,219.463,0,0,0
20260104B15,中部,関西,70.447,0,0,0
20260104B15,中部,北陸,0,0,0,0
20260104B15,北陸,関西,1893,0,0,0
20260104B15,関西,中国,2578.337,1978.501,0,0
20260104B15,関西_関西-中国間(東),中国_関西-中国間(東),2578.337,1978.501,0,0
20260104B15,関西_関西-中国間(西),中国_関西-中国間(西),2578.337,1978.501,0,0
20260104B15,関西,四国,0,0,0,0
20260104B15,中国,四国,948.568,0,0,0
20260104B15,中国,九州,0,329.258,0,0
20260104B16,北海道,東北,81.698,51.826,0,9
20260104B16,東北,東京,0,2208,0,50
20260104B16,東京,中部,127.963,0,4,0
20260104B16,中部,関西,90.447,0,0,0
20260104B16,中部,北陸,0,0,0,0
20260104B16,北陸,関西,1893,0,0,0
20260104B16,関西,中国,2635.887,1898.511,0,7
20260104B16,関西_関西-中国間(東),中国_関西-中国間(東),2635.887,1898.511,0,7
20260104B16,関西_関西-中国間(西),中国_関西-中国間(西),2635.887,1898.511,0,7
20260104B16,関西,四国,0,0,0,0
20260104B16,中国,四国,953.668,0,0,0
20260104B16,中国,九州,0,316.258,0,8
20260104B17,北海道,東北,8.898,90,0,19
20260104B17,東北,東京,0,2208,0,100.29
20260104B17,東京,中部,0,0,0,0
20260104B17,中部,関西,10.447,0,3,0
20260104B17,中部,北陸,0,0,0,0
20260104B17,北陸,関西,1493,0,0,0
20260104B17,関西,中国,2700.349,1734.509,0,14
20260104B17,関西_関西-中国間(東),中国_関西-中国間(東),2700.349,1734.509,0,14
20260104B17,関西_関西-中国間(西),中国_関西-中国間(西),2700.349,1734.509,0,14
20260104B17,関西,四国,0,0,0,0
20260104B17,中国,四国,1002.568,0,0,0
20260104B17,中国,九州,0,748.158,0,20
20260104B18,北海道,東北,0,90,0,26
20260104B18,東北,東京,0,2208,0,100
20260104B18,東京,中部,0,0,0,0
20260104B18,中部,関西,0,0,0,0
20260104B18,中部,北陸,0,0,0,0
20260104B18,北陸,関西,1493,0,0,0
20260104B18,関西,中国,3020.642,1367.523,0,32
20260104B18,関西_関西-中国間(東),中国_関西-中国間(東),3020.642,1367.523,0,32
20260104B18,関西_関西-中国間(西),中国_関西-中国間(西),3020.642,1367.523,0,32
20260104B18,関西,四国,0,0,0,0
20260104B18,中国,四国,1006.368,0,0,0
20260104B18,中国,九州,0,552.058,0,0
20260104B19,北海道,東北,16.4,17.164,0,17.164
20260104B19,東北,東京,0,2360,0,56.77
20260104B19,東京,中部,11.162,0,0,0
20260104B19,中部,関西,210.025,0,95,0
20260104B19,中部,北陸,0,0,0,0
20260104B19,北陸,関西,1500,0,0,0
20260104B19,関西,中国,3087.514,514.248,57,0
20260104B19,関西_関西-中国間(東),中国_関西-中国間(東),3087.514,514.248,57,0
20260104B19,関西_関西-中国間(西),中国_関西-中国間(西),3087.514,514.248,26,0
20260104B19,関西,四国,0,0,0,0
20260104B19,中国,四国,408.359,0,31,0
20260104B19,中国,九州,300,345.961,0,0
20260104B20,北海道,東北,46.5,0,0,0
20260104B20,東北,東京,52.292,2360,0,297
20260104B20,東京,中部,104.462,0,59,0
20260104B20,中部,関西,100.025,0,0,0
20260104B20,中部,北陸,0,0,0,0
20260104B20,北陸,関西,1500,0,0,0
20260104B20,関西,中国,3087.514,102.082,0,48
20260104B20,関西_関西-中国間(東),中国_関西-中国間(東),3087.514,102.082,0,48
20260104B20,関西_関西-中国間(西),中国_関西-中国間(西),3087.514,102.082,0,22.982
20260104B20,関西,四国,0,0,0,0
20260104B20,中国,四国,121.959,219.332,0,25.018
20260104B20,中国,九州,250,36.061,0,0
20260104B21,北海道,東北,97,0,0,0
20260104B21,東北,東京,130.492,2360,0,41
20260104B21,東京,中部,271.362,0,110,0
20260104B21,中部,関西,0.025,0,0,0
20260104B21,中部,北陸,0,0,0,0
20260104B21,北陸,関西,1500,0,0,0
20260104B21,関西,中国,3087.514,4.152,0,4.152
20260104B21,関西_関西-中国間(東),中国_関西-中国間(東),3087.514,4.152,0,4.152
20260104B21,関西_関西-中国間(西),中国_関西-中国間(西),3087.514,4.152,0,2.982
20260104B21,関西,四国,0,0,0,0
20260104B21,中国,四国,302.259,39.032,0,1.17
20260104B21,中国,九州,200,0,0,0
20260104B22,北海道,東北,150,0,37.23,0
20260104B22,東北,東京,190.492,2360,0,23.77
20260104B22,東京,中部,87.962,0,0,0
20260104B22,中部,関西,0,0,0,0
20260104B22,中部,北陸,0,0,0,0
20260104B22,北陸,関西,1500,0,0,0
20260104B22,関西,中国,3087.514,114.122,19.018,0
20260104B22,関西_関西-中国間(東),中国_関西-中国間(東),3087.514,114.122,19.018,0
20260104B22,関西_関西-中国間(西),中国_関西-中国間(西),3087.514,114.122,19.018,0
20260104B22,関西,四国,0,0,0,0
20260104B22,中国,四国,469.159,0,0,0
20260104B22,中国,九州,170,0,0,0
20260104B23,北海道,東北,150,0,0,0
20260104B23,東北,東京,25.792,2360,0,84
20260104B23,東京,中部,271.362,0,128,0
20260104B23,中部,関西,0,0,0,0
20260104B23,中部,北陸,0,0,0,0
20260104B23,北陸,関西,1500,0,0,0
20260104B23,関西,中国,3087.514,346.194,0,0
20260104B23,関西_関西-中国間(東),中国_関西-中国間(東),3087.514,346.194,0,0
20260104B23,関西_関西-中国間(西),中国_関西-中国間(西),3087.514,346.194,0,0
20260104B23,関西,四国,0,0,0,0
20260104B23,中国,四国,570.659,0,0,0
20260104B23,中国,九州,140,0,0,0
20260104B24,北海道,東北,150,0,22,0
20260104B24,東北,東京,75.592,2360,0,73
20260104B24,東京,中部,271.362,0,0,0
20260104B24,中部,関西,0,0,0,0
20260104B24,中部,北陸,0,0,0,0
20260104B24,北陸,関西,1500,0,0,0
20260104B24,関西,中国,3087.514,502.15,0,0
20260104B24,関西_関西-中国間(東),中国_関西-中国間(東),3087.514,502.15,0,0
20260104B24,関西_関西-中国間(西),中国_関西-中国間(西),3087.514,502.15,0,0
20260104B24,関西,四国,0,0,0,0
20260104B24,中国,四国,677.659,0,0,0
20260104B24,中国,九州,130,0,0,0
20260104B25,北海道,東北,150,0,0,0
20260104B25,東北,東京,0,2360,0,0
20260104B25,東京,中部,367.618,0,0,0
20260104B25,中部,関西,0,261.371,0,185
20260104B25,中部,北陸,0,0,0,0
20260104B25,北陸,関西,1491,0,0,0
20260104B25,関西,中国,2644.46,750.652,0,396.218
20260104B25,関西_関西-中国間(東),中国_関西-中国間(東),2644.46,750.652,0,396.218
20260104B25,関西_関西-中国間(西),中国_関西-中国間(西),2644.46,750.652,0,396.218
20260104B25,関西,四国,0,0,0,0
20260104B25,中国,四国,854.115,0,0,0
20260104B25,中国,九州,103,0,0,0
20260104B26,北海道,東北,150,0,4,0
20260104B26,東北,東京,0,2360,0,156
20260104B26,東京,中部,257.618,0,27.229,0
20260104B26,中部,関西,0,134.771,0,134.771
20260104B26,中部,北陸,0,0,0,0
20260104B26,北陸,関西,1491,0,0,0
20260104B26,関西,中国,2527.246,832.64,0,24.734
20260104B26,関西_関西-中国間(東),中国_関西-中国間(東),2527.246,832.64,0,24.734
20260104B26,関西_関西-中国間(西),中国_関西-中国間(西),2527.246,832.64,0,24.734
20260104B26,関西,四国,0,0,0,0
20260104B26,中国,四国,916.915,0,0,0
20260104B26,中国,九州,103,0,0,0
20260104B27,北海道,東北,150,0,0,0
20260104B27,東北,東京,75.46,2360,0,0
20260104B27,東京,中部,279.518,0,147,0
20260104B27,中部,関西,0,0,0,0
20260104B27,中部,北陸,0,0,0,0
20260104B27,北陸,関西,1491,0,0,0
20260104B27,関西,中国,2699.296,693.642,0,35.734
20260104B27,関西_関西-中国間(東),中国_関西-中国間(東),2699.296,693.642,0,35.734
20260104B27,関西_関西-中国間(西),中国_関西-中国間(西),2699.296,693.642,0,35.734
20260104B27,関西,四国,0,0,0,0
20260104B27,中国,四国,891.915,0,0,0
20260104B27,中国,九州,103,23.171,0,0
20260104B28,北海道,東北,150,0,0,0
20260104B28,東北,東京,29.06,2360,0,20
20260104B28,東京,中部,367.618,0,113,0
20260104B28,中部,関西,0,0,0,0
20260104B28,中部,北陸,0,0,0,0
20260104B28,北陸,関西,1491,0,0,0
20260104B28,関西,中国,3171.287,255.694,0,170.995
20260104B28,関西_関西-中国間(東),中国_関西-中国間(東),3171.287,255.694,0,170.995
20260104B28,関西_関西-中国間(西),中国_関西-中国間(西),3171.287,255.694,0,170.995
20260104B28,関西,四国,0,0,0,0
20260104B28,中国,四国,814.715,0,0,0
20260104B28,中国,九州,103,116.671,0,0
20260104B29,北海道,東北,150,0,97,0
20260104B29,東北,東京,389.56,2360,0,119
20260104B29,東京,中部,367.618,0,91,0
20260104B29,中部,関西,0,0,0,0
20260104B29,中部,北陸,0,0,0,0
20260104B29,北陸,関西,1491,0,9.318,0
20260104B29,関西,中国,3171.287,200.682,0,200.682
20260104B29,関西_関西-中国間(東),中国_関西-中国間(東),3171.287,200.682,0,200.682
20260104B29,関西_関西-中国間(西),中国_関西-中国間(西),3171.287,200.682,0,200.682
20260104B29,関西,四国,0,0,0,0
20260104B29,中国,四国,710.915,0,0,0
20260104B29,中国,九州,0,404.771,0,0
20260104B30,北海道,東北,150,0,0,0
20260104B30,東北,東京,212.56,2360,0,167
20260104B30,東京,中部,367.618,0,84,0
20260104B30,中部,関西,0,0,0,0
20260104B30,中部,北陸,0,0,0,0
20260104B30,北陸,関西,1491,0,0,0
20260104B30,関西,中国,3171.287,502.578,0,161
20260104B30,関西_関西-中国間(東),中国_関西-中国間(東),3171.287,502.578,0,161
20260104B30,関西_関西-中国間(西),中国_関西-中国間(西),3171.287,502.578,0,161
20260104B30,関西,四国,0,0,0,0
20260104B30,中国,四国,539.215,32.035,0,0
20260104B30,中国,九州,0,561.971,0,2
20260104B31,北海道,東北,0,0,0,0
20260104B31,東北,東京,0,2292,0,39
20260104B31,東京,中部,350.218,0,158,0
20260104B31,中部,関西,0,0,0,0
20260104B31,中部,北陸,0,0,0,0
20260104B31,北陸,関西,1426.923,0,0,0
20260104B31,関西,中国,2713.591,291.064,0,19.244
20260104B31,関西_関西-中国間(東),中国_関西-中国間(東),2713.591,291.064,0,19.244
20260104B31,関西_関西-中国間(西),中国_関西-中国間(西),2713.591,291.064,0,14.387
20260104B31,関西,四国,0,0,0,0
20260104B31,中国,四国,295.918,4.857,0,4.857
20260104B31,中国,九州,0,245.425,0,0
20260104B32,北海道,東北,0,0,0,0
20260104B32,東北,東京,12.81,2292,0,0
20260104B32,東京,中部,350.218,0,97,0
20260104B32,中部,関西,0,0,0,0
20260104B32,中部,北陸,0,0,0,0
20260104B32,北陸,関西,1426.623,0,0,0
20260104B32,関西,中国,2653.569,179.006,0,43
20260104B32,関西_関西-中国間(東),中国_関西-中国間(東),2653.569,179.006,0,43
20260104B32,関西_関西-中国間(西),中国_関西-中国間(西),2653.569,179.006,0,43
20260104B32,関西,四国,0,0,0,0
20260104B32,中国,四国,553.118,0,0,0
20260104B32,中国,九州,0,50.625,0,0
20260104B33,北海道,東北,0,0,0,0
20260104B33,東北,東京,0,2292,0,0
20260104B33,東京,中部,350.218,0,0,0
20260104B33,中部,関西,0,0,0,0
20260104B33,中部,北陸,0,0,0,0
20260104B33,北陸,関西,1412.823,0,0,0
20260104B33,関西,中国,3087.307,0,16,0
20260104B33,関西_関西-中国間(東),中国_関西-中国間(東),3087.307,0,16,0
20260104B33,関西_関西-中国間(西),中国_関西-中国間(西),3087.307,0,16,0
20260104B33,関西,四国,0,0,0,0
20260104B33,中国,四国,818.618,0,0,0
20260104B33,中国,九州,0,85.825,0,2
20260104B34,北海道,東北,0,0,0,0
20260104B34,東北,東京,0,2292,0,0
20260104B34,東京,中部,350.218,0,1,0
20260104B34,中部,関西,0,0,0,0
20260104B34,中部,北陸,0,0,0,0
20260104B34,北陸,関西,1486.223,0,0,0
20260104B34,関西,中国,2634.497,294.102,0,2
20260104B34,関西_関西-中国間(東),中国_関西-中国間(東),2634.497,294.102,0,2
20260104B34,関西_関西-中国間(西),中国_関西-中国間(西),2634.497,294.102,0,2
20260104B34,関西,四国,0,0,0,0
20260104B34,中国,四国,603.218,0,0,0
20260104B34,中国,九州,0,588.325,0,5
20260104B35,北海道,東北,0,0,0,0
20260104B35,東北,東京,0,2292,0,0
20260104B35,東京,中部,350.218,0,0,0
20260104B35,中部,関西,0,0,0,0
20260104B35,中部,北陸,0,0,0,0
20260104B35,北陸,関西,1487.323,0,0,0
20260104B35,関西,中国,2455.563,498.012,0,0
20260104B35,関西_関西-中国間(東),中国_関西-中国間(東),2455.563,498.012,0,0
20260104B35,関西_関西-中国間(西),中国_関西-中国間(西),2455.563,498.012,0,0
20260104B35,関西,四国,0,0,0,0
20260104B35,中国,四国,630.718,0,0,0
20260104B35,中国,九州,0,889.625,0,0
20260104B36,北海道,東北,0,0,0,0
20260104B36,東北,東京,0,2292,0,0
20260104B36,東京,中部,350.218,0,0,0
20260104B36,中部,関西,0,0,0,0
20260104B36,中部,北陸,0,0,0,0
20260104B36,北陸,関西,1409.423,0,0,0
20260104B36,関西,中国,2559.275,421.062,0,0
20260104B36,関西_関西-中国間(東),中国_関西-中国間(東),2559.275,421.062,0,0
20260104B36,関西_関西-中国間(西),中国_関西-中国間(西),2559.275,421.062,0,0
20260104B36,関西,四国,0,0,0,0
20260104B36,中国,四国,639.018,0,0,0
20260104B36,中国,九州,0,824.225,0,0
20260104B37,北海道,東北,0,0,0,0
20260104B37,東北,東京,0,2338,0,0
20260104B37,東京,中部,70.944,0,0,0
20260104B37,中部,関西,0,0,0,0
20260104B37,中部,北陸,0,0,0,0
20260104B37,北陸,関西,1307.077,0,0,0
20260104B37,関西,中国,2875.476,490.417,0,0
20260104B37,関西_関西-中国間(東),中国_関西-中国間(東),2875.476,490.417,0,0
20260104B37,関西_関西-中国間(西),中国_関西-中国間(西),2875.476,490.417,0,0
20260104B37,関西,四国,0,0,0,0
20260104B37,中国,四国,402.565,0,0,0
20260104B37,中国,九州,0,808.618,0,0
20260104B38,北海道,東北,0,0,0,0
20260104B38,東北,東京,0,2338,0,0
20260104B38,東京,中部,70.944,0,0,0
20260104B38,中部,関西,0,0,0,0
20260104B38,中部,北陸,0,0,0,0
20260104B38,北陸,関西,1237.877,0,0,0
20260104B38,関西,中国,2759.486,571.777,0,0
20260104B38,関西_関西-中国間(東),中国_関西-中国間(東),2759.486,571.777,0,0
20260104B38,関西_関西-中国間(西),中国_関西-中国間(西),2759.486,571.777,0,0
20260104B38,関西,四国,0,0,0,0
20260104B38,中国,四国,381.665,0,0,0
20260104B38,中国,九州,0,865.318,0,0
20260104B39,北海道,東北,0,0,0,0
20260104B39,東北,東京,0,2338,0,0
20260104B39,東京,中部,70.944,0,0,0
20260104B39,中部,関西,0,0,0,0
20260104B39,中部,北陸,0,0,0,0
20260104B39,北陸,関西,1204.077,0,0,0
20260104B39,関西,中国,2785.474,570.287,0,0
20260104B39,関西_関西-中国間(東),中国_関西-中国間(東),2785.474,570.287,0,0
20260104B39,関西_関西-中国間(西),中国_関西-中国間(西),2785.474,570.287,0,0
20260104B39,関西,四国,0,0,0,0
20260104B39,中国,四国,412.865,0,0,0
20260104B39,中国,九州,0,843.618,0,0
20260104B40,北海道,東北,0,0,0,0
20260104B40,東北,東京,0,2338,0,0
20260104B40,東京,中部,70.944,0,0,0
20260104B40,中部,関西,0,0,0,0
20260104B40,中部,北陸,0,0,0,0
20260104B40,北陸,関西,1354.177,0,0,0
20260104B40,関西,中国,2976.446,405.957,0,0
20260104B40,関西_関西-中国間(東),中国_関西-中国間(東),2976.446,405.957,0,0
20260104B40,関西_関西-中国間(西),中国_関西-中国間(西),2976.446,405.957,0,0
20260104B40,関西,四国,0,0,0,0
20260104B40,中国,四国,420.965,0,0,0
20260104B40,中国,九州,0,815.618,0,0
20260104B41,北海道,東北,0,0,0,0
20260104B41,東北,東京,0,2338,0,0
20260104B41,東京,中部,70.944,0,0,0
20260104B41,中部,関西,0,0,0,0
20260104B41,中部,北陸,0,0,0,0
20260104B41,北陸,関西,1404.277,0,0,0
20260104B41,関西,中国,3043.322,329.009,0,0
20260104B41,関西_関西-中国間(東),中国_関西-中国間(東),3043.322,329.009,0,0
20260104B41,関西_関西-中国間(西),中国_関西-中国間(西),3043.322,329.009,0,0
20260104B41,関西,四国,0,0,0,0
20260104B41,中国,四国,431.165,0,0,0
20260104B41,中国,九州,0,721.418,0,0
20260104B42,北海道,東北,0,0,0,0
20260104B42,東北,東京,0,2338,0,0
20260104B42,東京,中部,70.944,0,0,0
20260104B42,中部,関西,0,0,0,0
20260104B42,中部,北陸,0,0,0,0
20260104B42,北陸,関西,1444.277,0,0,0
20260104B42,関西,中国,3008.454,266.005,0,0
20260104B42,関西_関西-中国間(東),中国_関西-中国間(東),3008.454,266.005,0,0
20260104B42,関西_関西-中国間(西),中国_関西-中国間(西),3008.454,266.005,0,0
20260104B42,関西,四国,0,0,0,0
20260104B42,中国,四国,510.665,0,0,0
20260104B42,中国,九州,0,738.718,0,0
20260104B43,北海道,東北,0,0,0,0
20260104B43,東北,東京,0,2360,0,90
20260104B43,東京,中部,0,0,0,0
20260104B43,中部,関西,562.718,0,0,0
20260104B43,中部,北陸,0,0,0,0
20260104B43,北陸,関西,1500,0,0,0
20260104B43,関西,中国,3190.722,471.338,0,0
20260104B43,関西_関西-中国間(東),中国_関西-中国間(東),3190.722,471.338,0,0
20260104B43,関西_関西-中国間(西),中国_関西-中国間(西),3190.722,471.338,0,0
20260104B43,関西,四国,0,0,0,0
20260104B43,中国,四国,357.537,0,0,0
20260104B43,中国,九州,0,608.889,0,0
20260104B44,北海道,東北,0,0,0,0
20260104B44,東北,東京,0,2360,0,85
20260104B44,東京,中部,0,0,0,0
20260104B44,中部,関西,562.718,0,0,0
20260104B44,中部,北陸,0,0,0,0
20260104B44,北陸,関西,1500,0,0,0
20260104B44,関西,中国,3121.702,466.33,0,0
20260104B44,関西_関西-中国間(東),中国_関西-中国間(東),3121.702,466.33,0,0
20260104B44,関西_関西-中国間(西),中国_関西-中国間(西),3121.702,466.33,0,0
20260104B44,関西,四国,0,0,0,0
20260104B44,中国,四国,407.637,0,0,0
20260104B44,中国,九州,0,657.089,0,0
20260104B45,北海道,東北,0,0,0,0
20260104B45,東北,東京,0,2360,0,90
20260104B45,東京,中部,0,0,0,0
20260104B45,中部,関西,502.718,0,0,0
20260104B45,中部,北陸,0,0,0,0
20260104B45,北陸,関西,1900,0,0,0
20260104B45,関西,中国,3004.34,450.358,0,1
20260104B45,関西_関西-中国間(東),中国_関西-中国間(東),3004.34,450.358,0,1
20260104B45,関西_関西-中国間(西),中国_関西-中国間(西),3004.34,450.358,0,1
20260104B45,関西,四国,0,0,0,0
20260104B45,中国,四国,529.737,0,0,0
20260104B45,中国,九州,0,559.189,0,0
20260104B46,北海道,東北,0,0,0,0
20260104B46,東北,東京,0,2360,0,90
20260104B46,東京,中部,0,0,0,0
20260104B46,中部,関西,472.718,0,0,0
20260104B46,中部,北陸,0,0,0,0
20260104B46,北陸,関西,1900,0,0,0
20260104B46,関西,中国,3062.512,368.282,0,1
20260104B46,関西_関西-中国間(東),中国_関西-中国間(東),3062.512,368.282,0,1
20260104B46,関西_関西-中国間(西),中国_関西-中国間(西),3062.512,368.282,0,1
20260104B46,関西,四国,0,0,0,0
20260104B46,中国,四国,520.837,0,0,0
20260104B46,中国,九州,0,523.689,0,0
20260104B47,北海道,東北,39.705,0,0,0
20260104B47,東北,東京,0,2360,0,90
20260104B47,東京,中部,0,0,0,0
20260104B47,中部,関西,452.718,0,0,0
20260104B47,中部,北陸,0,0,0,0
20260104B47,北陸,関西,1900,0,0,0
20260104B47,関西,中国,3185.954,290.378,0,1
20260104B47,関西_関西-中国間(東),中国_関西-中国間(東),3185.954,290.378,0,1
20260104B47,関西_関西-中国間(西),中国_関西-中国間(西),3185.954,290.378,0,1
20260104B47,関西,四国,0,0,0,0
20260104B47,中国,四国,444.237,0,0,0
20260104B47,中国,九州,0,381.189,0,0
20260104B48,北海道,東北,10.605,0,0,0
20260104B48,東北,東京,0,2360,0,90
20260104B48,東京,中部,0,0,0,0
20260104B48,中部,関西,412.718,0,0,0
20260104B48,中部,北陸,0,0,0,0
20260104B48,北陸,関西,1900,0,0,0
20260104B48,関西,中国,3208.02,135.346,0,1
20260104B48,関西_関西-中国間(東),中国_関西-中国間(東),3208.02,135.346,0,1
20260104B48,関西_関西-中国間(西),中国_関西-中国間(西),3208.02,135.346,0,1
20260104B48,関西,四国,0,0,0,0
20260104B48,中国,四国,489.837,0,0,0
20260104B48,中国,九州,0,218.389,0,0
20260105B01,北海道,東北,150,0,0,0
20260105B01,東北,東京,0,2360,0,0
20260105B01,東京,中部,131.003,0,0,0
20260105B01,中部,関西,875.827,0,0,0
20260105B01,中部,北陸,0,0,0,0
20260105B01,北陸,関西,1900,86.508,0,0
20260105B01,関西,中国,3062.206,261.994,0,0
20260105B01,関西_関西-中国間(東),中国_関西-中国間(東),3062.206,261.994,0,0
20260105B01,関西_関西-中国間(西),中国_関西-中国間(西),3062.206,261.994,0,0
20260105B01,関西,四国,0,0,0,0
20260105B01,中国,四国,1174,0,0,0
20260105B01,中国,九州,310,332.981,0,6
20260105B02,北海道,東北,150,0,0,0
20260105B02,東北,東京,0,2360,0,0
20260105B02,東京,中部,0,0,0,0
20260105B02,中部,関西,865.827,0,0,0
20260105B02,中部,北陸,0,0,0,0
20260105B02,北陸,関西,1900,144.008,0,0
20260105B02,関西,中国,3062.206,446.89,0,0
20260105B02,関西_関西-中国間(東),中国_関西-中国間(東),3062.206,446.89,0,0
20260105B02,関西_関西-中国間(西),中国_関西-中国間(西),3062.206,446.89,0,0
20260105B02,関西,四国,0,0,0,0
20260105B02,中国,四国,1174,0,0,0
20260105B02,中国,九州,310,428.881,0,6
20260105B03,北海道,東北,150,0,0,0
20260105B03,東北,東京,0,2360,0,0
20260105B03,東京,中部,0,84.228,0,0
20260105B03,中部,関西,865.827,0,0,0
20260105B03,中部,北陸,0,0,0,0
20260105B03,北陸,関西,1900,47.508,0,0
20260105B03,関西,中国,3062.206,502.976,0,0
20260105B03,関西_関西-中国間(東),中国_関西-中国間(東),3062.206,502.976,0,0
20260105B03,関西_関西-中国間(西),中国_関西-中国間(西),3062.206,502.976,0,0
20260105B03,関西,四国,0,0,0,0
20260105B03,中国,四国,1174,0,0,0
20260105B03,中国,九州,310,378.081,0,6
20260105B04,北海道,東北,150,0,0,0
20260105B04,東北,東京,0,2360,0,0
20260105B04,東京,中部,0,225.328,0,0
20260105B04,中部,関西,865.827,0,0,0
20260105B04,中部,北陸,0,0,0,0
20260105B04,北陸,関西,1900,116.908,0,0
20260105B04,関西,中国,3062.206,609.012,0,0
20260105B04,関西_関西-中国間(東),中国_関西-中国間(東),3062.206,609.012,0,0
20260105B04,関西_関西-中国間(西),中国_関西-中国間(西),3062.206,609.012,0,0
20260105B04,関西,四国,0,0,0,0
20260105B04,中国,四国,1174,0,0,0
20260105B04,中国,九州,310,436.981,0,6
20260105B05,北海道,東北,150,0,0,0
20260105B05,東北,東京,0,2360,0,0
20260105B05,東京,中部,0,101.128,0,0
20260105B05,中部,関西,885.827,0,0,0
20260105B05,中部,北陸,0,0,0,0
20260105B05,北陸,関西,1900,0,0,0
20260105B05,関西,中国,3062.206,628.92,0,0
20260105B05,関西_関西-中国間(東),中国_関西-中国間(東),3062.206,628.92,0,0
20260105B05,関西_関西-中国間(西),中国_関西-中国間(西),3062.206,628.92,0,0
20260105B05,関西,四国,0,0,0,0
20260105B05,中国,四国,1174,0,0,0
20260105B05,中国,九州,320,426.181,0,6
20260105B06,北海道,東北,150,0,0,0
20260105B06,東北,東京,0,2360,0,0
20260105B06,東京,中部,0,353.928,0,0
20260105B06,中部,関西,915.827,0,0,0
20260105B06,中部,北陸,0,0,0,0
20260105B06,北陸,関西,1900,0,0,0
20260105B06,関西,中国,3062.206,805.946,0,0
20260105B06,関西_関西-中国間(東),中国_関西-中国間(東),3062.206,805.946,0,0
20260105B06,関西_関西-中国間(西),中国_関西-中国間(西),3062.206,805.946,0,0
20260105B06,関西,四国,0,0,0,0
20260105B06,中国,四国,1174,0,0,0
20260105B06,中国,九州,330,465.781,0,6
20260105B07,北海道,東北,150,0,0,0
20260105B07,東北,東京,0,2360,0,0
20260105B07,東京,中部,0,35.69,0,0
20260105B07,中部,関西,968.122,0,0,0
20260105B07,中部,北陸,0,0,0,0
20260105B07,北陸,関西,1900,0,0,0
20260105B07,関西,中国,3082.695,1233.697,0,0
20260105B07,関西_関西-中国間(東),中国_関西-中国間(東),3082.695,1233.697,0,0
20260105B07,関西_関西-中国間(西),中国_関西-中国間(西),3082.695,1233.697,0,0
20260105B07,関西,四国,0,0,0,0
20260105B07,中国,四国,1053.058,0,0,0
20260105B07,中国,九州,112.941,563.306,0,0
20260105B08,北海道,東北,150,0,0,0
20260105B08,東北,東京,0,2360,0,0
20260105B08,東京,中部,0,0,0,0
20260105B08,中部,関西,978.122,0,0,0
20260105B08,中部,北陸,0,0,0,0
20260105B08,北陸,関西,1900,0,0,0
20260105B08,関西,中国,3082.695,1253.307,0,0
20260105B08,関西_関西-中国間(東),中国_関西-中国間(東),3082.695,1253.307,0,0
20260105B08,関西_関西-中国間(西),中国_関西-中国間(西),3082.695,1253.307,0,0
20260105B08,関西,四国,0,0,0,0
20260105B08,中国,四国,1102.658,0,0,0
20260105B08,中国,九州,197.241,519.006,0,0
20260105B09,北海道,東北,150,0,0,0
20260105B09,東北,東京,0,2360,0,0
20260105B09,東京,中部,0,0,0,0
20260105B09,中部,関西,978.122,0,0,0
20260105B09,中部,北陸,0,0,0,0
20260105B09,北陸,関西,1900,0,0,0
20260105B09,関西,中国,3082.695,1351.117,0,0
20260105B09,関西_関西-中国間(東),中国_関西-中国間(東),3082.695,1351.117,0,0
20260105B09,関西_関西-中国間(西),中国_関西-中国間(西),3082.695,1351.117,0,0
20260105B09,関西,四国,0,0,0,0
20260105B09,中国,四国,1173,0,0,0
20260105B09,中国,九州,123.641,592.606,0,0
20260105B10,北海道,東北,150,0,0,0
20260105B10,東北,東京,0,2360,0,0
20260105B10,東京,中部,165.611,0,0,0
20260105B10,中部,関西,958.122,0,0,0
20260105B10,中部,北陸,0,0,0,0
20260105B10,北陸,関西,1900,0,0,0
20260105B10,関西,中国,3082.695,1330.137,0,0
20260105B10,関西_関西-中国間(東),中国_関西-中国間(東),3082.695,1330.137,0,0
20260105B10,関西_関西-中国間(西),中国_関西-中国間(西),3082.695,1330.137,0,0
20260105B10,関西,四国,0,0,0,0
20260105B10,中国,四国,1173,0,0,0
20260105B10,中国,九州,136.341,559.906,0,0
20260105B11,北海道,東北,150,0,0,0
20260105B11,東北,東京,0,2360,0,0
20260105B11,東京,中部,363.711,0,0,0
20260105B11,中部,関西,938.122,0,0,0
20260105B11,中部,北陸,0,0,0,0
20260105B11,北陸,関西,1900,0,0,0
20260105B11,関西,中国,3082.695,1417.159,0,0
20260105B11,関西_関西-中国間(東),中国_関西-中国間(東),3082.695,1417.159,0,0
20260105B11,関西_関西-中国間(西),中国_関西-中国間(西),3082.695,1417.159,0,0
20260105B11,関西,四国,0,0,0,0
20260105B11,中国,四国,1173,0,0,0
20260105B11,中国,九州,11.241,675.006,0,0
20260105B12,北海道,東北,150,0,0,0
20260105B12,東北,東京,0,2360,0,0
20260105B12,東京,中部,306.811,0,0,0
20260105B12,中部,関西,918.122,0,0,0
20260105B12,中部,北陸,0,0,0,0
20260105B12,北陸,関西,1900,0,0,0
20260105B12,関西,中国,3082.695,1347.123,0,0
20260105B12,関西_関西-中国間(東),中国_関西-中国間(東),3082.695,1347.123,0,0
20260105B12,関西_関西-中国間(西),中国_関西-中国間(西),3082.695,1347.123,0,0
20260105B12,関西,四国,0,0,0,0
20260105B12,中国,四国,1173,0,0,0
20260105B12,中国,九州,0,754.106,0,0
20260105B13,北海道,東北,150,0,0,0
20260105B13,東北,東京,0,2208,0,0
20260105B13,東京,中部,219.463,0,0,0
20260105B13,中部,関西,60.447,0,0,0
20260105B13,中部,北陸,0,0,0,0
20260105B13,北陸,関西,1893,0,0,0
20260105B13,関西,中国,2743.099,1949.469,0,0
20260105B13,関西_関西-中国間(東),中国_関西-中国間(東),2743.099,1949.469,0,0
20260105B13,関西_関西-中国間(西),中国_関西-中国間(西),2743.099,1949.469,0,0
20260105B13,関西,四国,0,0,0,0
20260105B13,中国,四国,1037.368,0,0,0
20260105B13,中国,九州,0,508.258,0,0
20260105B14,北海道,東北,150,0,0,0
20260105B14,東北,東京,0,2208,0,0
20260105B14,東京,中部,219.463,0,0,0
20260105B14,中部,関西,60.447,0,0,0
20260105B14,中部,北陸,0,0,0,0
20260105B14,北陸,関西,1893,37.872,0,0
20260105B14,関西,中国,2755.377,1979.451,0,0
20260105B14,関西_関西-中国間(東),中国_関西-中国間(東),2755.377,1979.451,0,0
20260105B14,関西_関西-中国間(西),中国_関西-中国間(西),2755.377,1979.451,0,0
20260105B14,関西,四国,0,0,0,0
20260105B14,中国,四国,1026.868,0,0,0
20260105B14,中国,九州,0,455.058,0,0
20260105B15,北海道,東北,150,0,5,0
20260105B15,東北,東京,0,2208,0,0
20260105B15,東京,中部,219.463,0,0,0
20260105B15,中部,関西,70.447,0,0,0
20260105B15,中部,北陸,0,0,0,0
20260105B15,北陸,関西,1893,113.672,0,0
20260105B15,関西,中国,2707.097,1955.281,0,0
20260105B15,関西_関西-中国間(東),中国_関西-中国間(東),2707.097,1955.281,0,0
20260105B15,関西_関西-中国間(西),中国_関西-中国間(西),2707.097,1955.281,0,0
20260105B15,関西,四国,0,0,0,0
20260105B15,中国,四国,976.468,0,0,0
20260105B15,中国,九州,0,552.958,0,0
20260105B16,北海道,東北,150,0,3,0
20260105B16,東北,東京,0,2208,0,21
20260105B16,東京,中部,139.163,0,5.12,0
20260105B16,中部,関西,90.447,0,4.12,0
20260105B16,中部,北陸,0,0,0,0
20260105B16,北陸,関西,1893,1.872,0,0
20260105B16,関西,中国,3145.02,1464.883,4.12,0
20260105B16,関西_関西-中国間(東),中国_関西-中国間(東),3145.02,1464.883,4.12,0
20260105B16,関西_関西-中国間(西),中国_関西-中国間(西),3145.02,1464.883,1,0
20260105B16,関西,四国,0,0,0,0
20260105B16,中国,四国,995.268,0,3.12,0
20260105B16,中国,九州,0,707.858,0,0
20260105B17,北海道,東北,150,0,0,0
20260105B17,東北,東京,0,2208,0,43
20260105B17,東京,中部,0,0,0,0
20260105B17,中部,関西,0,399.873,0,0
20260105B17,中部,北陸,0,0,0,0
20260105B17,北陸,関西,1813,651.872,0,0
20260105B17,関西,中国,3145.02,667.553,0,0
20260105B17,関西_関西-中国間(東),中国_関西-中国間(東),3145.02,667.553,0,0
20260105B17,関西_関西-中国間(西),中国_関西-中国間(西),3145.02,667.553,0,0
20260105B17,関西,四国,0,0,0,0
20260105B17,中国,四国,938.868,0,0,0
20260105B17,中国,九州,51.615,1069.058,0,0
20260105B18,北海道,東北,150,0,0,0
20260105B18,東北,東京,0,2208,0,21
20260105B18,東京,中部,0,664.43,0,0
20260105B18,中部,関西,0,900.773,0,2
20260105B18,中部,北陸,0,0,0,0
20260105B18,北陸,関西,1813,545.172,2,0
20260105B18,関西,中国,3145.02,868.481,0,0
20260105B18,関西_関西-中国間(東),中国_関西-中国間(東),3145.02,868.481,0,0
20260105B18,関西_関西-中国間(西),中国_関西-中国間(西),3145.02,868.481,0,0
20260105B18,関西,四国,0,0,0,0
20260105B18,中国,四国,1047.168,0,0,0
20260105B18,中国,九州,0,1079.258,0,0
20260105B19,北海道,東北,150,0,0,0
20260105B19,東北,東京,0,2360,0,32
20260105B19,東京,中部,0,1195.806,0,64.63
20260105B19,中部,関西,0,642.257,0,77.63
20260105B19,中部,北陸,0,0,0,0
20260105B19,北陸,関西,1820,75.02,0,1
20260105B19,関西,中国,3039.01,0,87,0
20260105B19,関西_関西-中国間(東),中国_関西-中国間(東),3039.01,0,87,0
20260105B19,関西_関西-中国間(西),中国_関西-中国間(西),3039.01,0,87,0
20260105B19,関西,四国,0,0,0,0
20260105B19,中国,四国,888.159,0,0,0
20260105B19,中国,九州,394.17,1132.761,0,0
20260105B20,北海道,東北,150,0,0,0
20260105B20,東北,東京,0,2360,0,158
20260105B20,東京,中部,0,1200,0,203.63
20260105B20,中部,関西,0,947.857,0,216.63
20260105B20,中部,北陸,0,0,0,0
20260105B20,北陸,関西,1820,130.02,0,1
20260105B20,関西,中国,3039.01,275.538,105,0
20260105B20,関西_関西-中国間(東),中国_関西-中国間(東),3039.01,275.538,105,0
20260105B20,関西_関西-中国間(西),中国_関西-中国間(西),3039.01,275.538,105,0
20260105B20,関西,四国,0,0,0,0
20260105B20,中国,四国,888.159,0,0,0
20260105B20,中国,九州,0,1469.461,0,0
20260105B21,北海道,東北,150,0,0,0
20260105B21,東北,東京,0,2360,0,0
20260105B21,東京,中部,0,852.906,0,0
20260105B21,中部,関西,135.025,0,0,0
20260105B21,中部,北陸,0,0,0,0
20260105B21,北陸,関西,1820,120.12,0,2
20260105B21,関西,中国,3039.01,0,303,0
20260105B21,関西_関西-中国間(東),中国_関西-中国間(東),3039.01,0,303,0
20260105B21,関西_関西-中国間(西),中国_関西-中国間(西),3039.01,0,303,0
20260105B21,関西,四国,0,0,0,0
20260105B21,中国,四国,888.159,0,0,0
20260105B21,中国,九州,310,997.861,297,0
20260105B22,北海道,東北,148.7,0,0,0
20260105B22,東北,東京,0,2360,0,0
20260105B22,東京,中部,0,846.706,0,0
20260105B22,中部,関西,550.925,0,0,0
20260105B22,中部,北陸,0,0,0,0
20260105B22,北陸,関西,1820,0,0,0
20260105B22,関西,中国,3039.01,0,0,0
20260105B22,関西_関西-中国間(東),中国_関西-中国間(東),3039.01,0,0,0
20260105B22,関西_関西-中国間(西),中国_関西-中国間(西),3039.01,0,0,0
20260105B22,関西,四国,0,0,0,0
20260105B22,中国,四国,888.159,0,0,0
20260105B22,中国,九州,247.37,1029.561,0,0
20260105B23,北海道,東北,150,0,0,0
20260105B23,東北,東京,0,2360,0,0
20260105B23,東京,中部,0,940.006,0,0
20260105B23,中部,関西,510.925,0,0,0
20260105B23,中部,北陸,0,0,0,0
20260105B23,北陸,関西,1820,0,0,0
20260105B23,関西,中国,3039.01,0,0,0
20260105B23,関西_関西-中国間(東),中国_関西-中国間(東),3039.01,0,0,0
20260105B23,関西_関西-中国間(西),中国_関西-中国間(西),3039.01,0,0,0
20260105B23,関西,四国,0,0,0,0
20260105B23,中国,四国,888.159,0,0,0
20260105B23,中国,九州,250,792.461,0,0
20260105B24,北海道,東北,150,0,0,0
20260105B24,東北,東京,0,2360,0,161
20260105B24,東京,中部,0,567.006,0,0
20260105B24,中部,関西,500.925,0,0,0
20260105B24,中部,北陸,0,0,0,0
20260105B24,北陸,関西,1820,0,0,0
20260105B24,関西,中国,3039.01,0,0,0
20260105B24,関西_関西-中国間(東),中国_関西-中国間(東),3039.01,0,0,0
20260105B24,関西_関西-中国間(西),中国_関西-中国間(西),3039.01,0,0,0
20260105B24,関西,四国,0,0,0,0
20260105B24,中国,四国,888.159,0,0,0
20260105B24,中国,九州,230,447.461,0,0
20260105B25,北海道,東北,150,0,0,0
20260105B25,東北,東京,0,2360,0,0
20260105B25,東京,中部,0,257.992,0,0
20260105B25,中部,関西,464.651,0,0,0
20260105B25,中部,北陸,0,0,0,0
20260105B25,北陸,関西,1811,0,0,0
20260105B25,関西,中国,3157.552,0,0,0
20260105B25,関西_関西-中国間(東),中国_関西-中国間(東),3157.552,0,0,0
20260105B25,関西_関西-中国間(西),中国_関西-中国間(西),3157.552,0,0,0
20260105B25,関西,四国,0,0,0,0
20260105B25,中国,四国,1080.415,0,0,0
20260105B25,中国,九州,127.064,827.471,0,0
20260105B26,北海道,東北,150,0,0,0
20260105B26,東北,東京,0,2360,0,0
20260105B26,東京,中部,0,0,0,0
20260105B26,中部,関西,464.651,0,0,0
20260105B26,中部,北陸,0,0,0,0
20260105B26,北陸,関西,1811,0,0,0
20260105B26,関西,中国,3157.552,0,0,0
20260105B26,関西_関西-中国間(東),中国_関西-中国間(東),3157.552,0,0,0
20260105B26,関西_関西-中国間(西),中国_関西-中国間(西),3157.552,0,0,0
20260105B26,関西,四国,0,0,0,0
20260105B26,中国,四国,1080.415,0,0,0
20260105B26,中国,九州,0,936.671,0,6
20260105B27,北海道,東北,150,0,0,0
20260105B27,東北,東京,18.66,2360,0,0
20260105B27,東京,中部,0,0,0,0
20260105B27,中部,関西,474.651,0,0,0
20260105B27,中部,北陸,0,0,0,0
20260105B27,北陸,関西,1811,0,0,0
20260105B27,関西,中国,3157.552,0,0,0
20260105B27,関西_関西-中国間(東),中国_関西-中国間(東),3157.552,0,0,0
20260105B27,関西_関西-中国間(西),中国_関西-中国間(西),3157.552,0,0,0
20260105B27,関西,四国,0,0,0,0
20260105B27,中国,四国,1080.415,0,0,0
20260105B27,中国,九州,24.564,838.971,0,0
20260105B28,北海道,東北,150,0,0,0
20260105B28,東北,東京,367.06,2360,0,0
20260105B28,東京,中部,0,0,0,0
20260105B28,中部,関西,484.651,0,0,0
20260105B28,中部,北陸,0,0,0,0
20260105B28,北陸,関西,1811,0,0,0
20260105B28,関西,中国,3157.552,0,0,0
20260105B28,関西_関西-中国間(東),中国_関西-中国間(東),3157.552,0,0,0
20260105B28,関西_関西-中国間(西),中国_関西-中国間(西),3157.552,0,0,0
20260105B28,関西,四国,0,0,0,0
20260105B28,中国,四国,1080.415,0,0,0
20260105B28,中国,九州,0,1090.771,0,3
20260105B29,北海道,東北,150,0,0,0
20260105B29,東北,東京,568.26,2360,0,0
20260105B29,東京,中部,0,0,0,0
20260105B29,中部,関西,514.651,0,0,0
20260105B29,中部,北陸,0,0,0,0
20260105B29,北陸,関西,1811,0,0,0
20260105B29,関西,中国,3157.552,0,0,0
20260105B29,関西_関西-中国間(東),中国_関西-中国間(東),3157.552,0,0,0
20260105B29,関西_関西-中国間(西),中国_関西-中国間(西),3157.552,0,0,0
20260105B29,関西,四国,0,0,0,0
20260105B29,中国,四国,1080.415,0,0,0
20260105B29,中国,九州,175,310.671,0,0
20260105B30,北海道,東北,150,0,0,0
20260105B30,東北,東京,795.46,2360,0,22
20260105B30,東京,中部,290.618,0,47,0
20260105B30,中部,関西,554.651,0,0,0
20260105B30,中部,北陸,0,0,0,0
20260105B30,北陸,関西,1811,0,0,0
20260105B30,関西,中国,3157.552,0,0,0
20260105B30,関西_関西-中国間(東),中国_関西-中国間(東),3157.552,0,0,0
20260105B30,関西_関西-中国間(西),中国_関西-中国間(西),3157.552,0,0,0
20260105B30,関西,四国,0,0,0,0
20260105B30,中国,四国,1080.415,0,0,0
20260105B30,中国,九州,195,92.271,0,0
20260105B31,北海道,東北,67.861,0,0,0
20260105B31,東北,東京,965.51,2236,0,114
20260105B31,東京,中部,164.118,0,6,0
20260105B31,中部,関西,3.249,0,0,0
20260105B31,中部,北陸,0,0,0,0
20260105B31,北陸,関西,1775,0,0,0
20260105B31,関西,中国,3132.299,0,0,0
20260105B31,関西_関西-中国間(東),中国_関西-中国間(東),3132.299,0,0,0
20260105B31,関西_関西-中国間(西),中国_関西-中国間(西),3132.299,0,0,0
20260105B31,関西,四国,0,0,0,0
20260105B31,中国,四国,770.418,0,0,0
20260105B31,中国,九州,272,0,0,0
20260105B32,北海道,東北,67.861,0,0,0
20260105B32,東北,東京,795.31,2236,0,61
20260105B32,東京,中部,350.218,0,4,0
20260105B32,中部,関西,93.249,0,0,0
20260105B32,中部,北陸,0,0,0,0
20260105B32,北陸,関西,1775,0,0,0
20260105B32,関西,中国,3132.299,0,0,0
20260105B32,関西_関西-中国間(東),中国_関西-中国間(東),3132.299,0,0,0
20260105B32,関西_関西-中国間(西),中国_関西-中国間(西),3132.299,0,0,0
20260105B32,関西,四国,0,0,0,0
20260105B32,中国,四国,770.418,0,0,0
20260105B32,中国,九州,0,399.925,0,70
20260105B33,北海道,東北,67.861,0,0,0
20260105B33,東北,東京,790.01,2236,0,1
20260105B33,東京,中部,350.218,0,0,0
20260105B33,中部,関西,213.249,0,0,0
20260105B33,中部,北陸,0,0,0,0
20260105B33,北陸,関西,1775,0,0,0
20260105B33,関西,中国,3069.241,0,15,0
20260105B33,関西_関西-中国間(東),中国_関西-中国間(東),3069.241,0,15,0
20260105B33,関西_関西-中国間(西),中国_関西-中国間(西),3069.241,0,15,0
20260105B33,関西,四国,0,0,0,0
20260105B33,中国,四国,770.418,0,0,0
20260105B33,中国,九州,0,966.425,0,7
20260105B34,北海道,東北,67.861,0,0,0
20260105B34,東北,東京,780.91,2236,0,0
20260105B34,東京,中部,350.218,0,5.592,0
20260105B34,中部,関西,177.349,0,4.592,0
20260105B34,中部,北陸,0,0,0,0
20260105B34,北陸,関西,1775,45.545,0,1
20260105B34,関西,中国,2889.533,130.018,1.592,0
20260105B34,関西_関西-中国間(東),中国_関西-中国間(東),2889.533,130.018,1.592,0
20260105B34,関西_関西-中国間(西),中国_関西-中国間(西),2889.533,130.018,1.592,0
20260105B34,関西,四国,0,0,0,0
20260105B34,中国,四国,770.418,0,0,0
20260105B34,中国,九州,0,962.825,0,2.408
20260105B35,北海道,東北,67.861,0,0,0
20260105B35,東北,東京,676.81,2236,0,0
20260105B35,東京,中部,350.218,0,0,0
20260105B35,中部,関西,92.749,0,0,0
20260105B35,中部,北陸,0,0,0,0
20260105B35,北陸,関西,1576.223,457.445,0,0
20260105B35,関西,中国,2132.913,961.024,0,0
20260105B35,関西_関西-中国間(東),中国_関西-中国間(東),2132.913,961.024,0,0
20260105B35,関西_関西-中国間(西),中国_関西-中国間(西),2132.913,961.024,0,0
20260105B35,関西,四国,0,0,0,0
20260105B35,中国,四国,770.418,0,0,0
20260105B35,中国,九州,0,1329.425,0,0
20260105B36,北海道,東北,67.861,0,0,0
20260105B36,東北,東京,566.41,2236,0,0
20260105B36,東京,中部,350.218,0,0,0
20260105B36,中部,関西,117.649,24.133,0,0
20260105B36,中部,北陸,0,0,0,0
20260105B36,北陸,関西,1572.023,461.645,0,0
20260105B36,関西,中国,2100.131,1014.014,0,0
20260105B36,関西_関西-中国間(東),中国_関西-中国間(東),2100.131,1014.014,0,0
20260105B36,関西_関西-中国間(西),中国_関西-中国間(西),2100.131,1014.014,0,0
20260105B36,関西,四国,0,0,0,0
20260105B36,中国,四国,770.418,0,0,0
20260105B36,中国,九州,0,1558.125,0,0
20260105B37,北海道,東北,106.301,0,0,0
20260105B37,東北,東京,687.312,2299,0,0
20260105B37,東京,中部,70.944,0,0,0
20260105B37,中部,関西,388.476,0,0,0
20260105B37,中部,北陸,0,0,0,0
20260105B37,北陸,関西,1552.377,306.139,0,0
20260105B37,関西,中国,2515.808,834.118,0,0
20260105B37,関西_関西-中国間(東),中国_関西-中国間(東),2515.808,834.118,0,0
20260105B37,関西_関西-中国間(西),中国_関西-中国間(西),2515.808,834.118,0,0
20260105B37,関西,四国,0,0,0,0
20260105B37,中国,四国,669.265,0,0,0
20260105B37,中国,九州,0,1348.822,0,0
20260105B38,北海道,東北,106.301,0,0,0
20260105B38,東北,東京,702.612,2299,0,0
20260105B38,東京,中部,44.544,0,0,0
20260105B38,中部,関西,470.076,0,0,0
20260105B38,中部,北陸,0,0,0,0
20260105B38,北陸,関西,1499.877,358.639,0,0
20260105B38,関西,中国,2627.15,716.042,0,0
20260105B38,関西_関西-中国間(東),中国_関西-中国間(東),2627.15,716.042,0,0
20260105B38,関西_関西-中国間(西),中国_関西-中国間(西),2627.15,716.042,0,0
20260105B38,関西,四国,0,0,0,0
20260105B38,中国,四国,669.265,0,0,0
20260105B38,中国,九州,0,1391.322,0,0
20260105B39,北海道,東北,96.301,0,0,0
20260105B39,東北,東京,573.712,2299,0,0
20260105B39,東京,中部,70.944,0,0,0
20260105B39,中部,関西,575.276,0,0,0
20260105B39,中部,北陸,0,0,0,0
20260105B39,北陸,関西,1511.177,347.339,0,0
20260105B39,関西,中国,2749.578,579.07,0,0
20260105B39,関西_関西-中国間(東),中国_関西-中国間(東),2749.578,579.07,0,0
20260105B39,関西_関西-中国間(西),中国_関西-中国間(西),2749.578,579.07,0,0
20260105B39,関西,四国,0,0,0,0
20260105B39,中国,四国,669.265,0,0,0
20260105B39,中国,九州,0,1319.422,0,0
20260105B40,北海道,東北,96.301,0,0,0
20260105B40,東北,東京,504.012,2299,0,0
20260105B40,東京,中部,27.444,0,0,0
20260105B40,中部,関西,635.476,0,0,0
20260105B40,中部,北陸,0,0,0,0
20260105B40,北陸,関西,1524.977,333.539,0,0
20260105B40,関西,中国,2796.666,503.132,0,0
20260105B40,関西_関西-中国間(東),中国_関西-中国間(東),2796.666,503.132,0,0
20260105B40,関西_関西-中国間(西),中国_関西-中国間(西),2796.666,503.132,0,0
20260105B40,関西,四国,0,0,0,0
20260105B40,中国,四国,669.265,0,0,0
20260105B40,中国,九州,0,1217.922,0,0
20260105B41,北海道,東北,86.301,0,0,0
20260105B41,東北,東京,284.212,2299,0,0
20260105B41,東京,中部,0,0,0,0
20260105B41,中部,関西,615.476,0,0,0
20260105B41,中部,北陸,0,0,0,0
20260105B41,北陸,関西,1648.877,209.639,0,0
20260105B41,関西,中国,2874.688,407.05,0,0
20260105B41,関西_関西-中国間(東),中国_関西-中国間(東),2874.688,407.05,0,0
20260105B41,関西_関西-中国間(西),中国_関西-中国間(西),2874.688,407.05,0,0
20260105B41,関西,四国,0,0,0,0
20260105B41,中国,四国,669.265,0,0,0
20260105B41,中国,九州,0,1155.322,0,0
20260105B42,北海道,東北,86.301,0,0,0
20260105B42,東北,東京,646.912,2299,0,0
20260105B42,東京,中部,70.944,0,0,0
20260105B42,中部,関西,575.476,0,0,0
20260105B42,中部,北陸,0,0,0,0
20260105B42,北陸,関西,1712.177,146.339,0,0
20260105B42,関西,中国,3052.31,203.024,0,0
20260105B42,関西_関西-中国間(東),中国_関西-中国間(東),3052.31,203.024,0,0
20260105B42,関西_関西-中国間(西),中国_関西-中国間(西),3052.31,203.024,0,0
20260105B42,関西,四国,0,0,0,0
20260105B42,中国,四国,669.265,0,0,0
20260105B42,中国,九州,0,1005.022,0,0
20260105B43,北海道,東北,150,0,0,0
20260105B43,東北,東京,633.66,2360,0,22.37
20260105B43,東京,中部,0,0,0,0
20260105B43,中部,関西,1190.098,0,0,0
20260105B43,中部,北陸,0,0,0,0
20260105B43,北陸,関西,1804.67,413.438,0,0
20260105B43,関西,中国,3094.484,380.562,0,8
20260105B43,関西_関西-中国間(東),中国_関西-中国間(東),3094.484,380.562,0,8
20260105B43,関西_関西-中国間(西),中国_関西-中国間(西),3094.484,380.562,0,8
20260105B43,関西,四国,0,0,0,0
20260105B43,中国,四国,694.837,0,0,0
20260105B43,中国,九州,0,990.289,0,12
20260105B44,北海道,東北,150,0,0,0
20260105B44,東北,東京,394.66,2360,0,22.37
20260105B44,東京,中部,0,0,0,0
20260105B44,中部,関西,1190.098,0,0,0
20260105B44,中部,北陸,0,0,0,0
20260105B44,北陸,関西,1804.67,442.638,0,1
20260105B44,関西,中国,3006.508,446.542,0,4
20260105B44,関西_関西-中国間(東),中国_関西-中国間(東),3006.508,446.542,0,4
20260105B44,関西_関西-中国間(西),中国_関西-中国間(西),3006.508,446.542,0,4
20260105B44,関西,四国,0,0,0,0
20260105B44,中国,四国,694.837,0,0,0
20260105B44,中国,九州,0,923.189,0,10
20260105B45,北海道,東北,150,0,0,0
20260105B45,東北,東京,0,2360,0,61.49
20260105B45,東京,中部,0,0,0,0
20260105B45,中部,関西,600.098,0,0,0
20260105B45,中部,北陸,0,0,0,0
20260105B45,北陸,関西,1884.67,0,0,0
20260105B45,関西,中国,2660.92,793.562,0,18
20260105B45,関西_関西-中国間(東),中国_関西-中国間(東),2660.92,793.562,0,18
20260105B45,関西_関西-中国間(西),中国_関西-中国間(西),2660.92,793.562,0,18
20260105B45,関西,四国,0,0,0,0
20260105B45,中国,四国,694.837,0,0,0
20260105B45,中国,九州,0,772.589,0,22
20260105B46,北海道,東北,146.105,0,0,0
20260105B46,東北,東京,0,2360,0,61.49
20260105B46,東京,中部,0,0,0,0
20260105B46,中部,関西,570.098,0,0,0
20260105B46,中部,北陸,0,0,0,0
20260105B46,北陸,関西,1884.67,0,0,0
20260105B46,関西,中国,2782.276,625.536,0,23
20260105B46,関西_関西-中国間(東),中国_関西-中国間(東),2782.276,625.536,0,23
20260105B46,関西_関西-中国間(西),中国_関西-中国間(西),2782.276,625.536,0,23
20260105B46,関西,四国,0,0,0,0
20260105B46,中国,四国,694.837,0,0,0
20260105B46,中国,九州,0,580.989,0,29
20260105B47,北海道,東北,150,0,0,0
20260105B47,東北,東京,51.96,2360,0,22.37
20260105B47,東京,中部,0,0,0,0
20260105B47,中部,関西,540.098,0,0,0
20260105B47,中部,北陸,0,0,0,0
20260105B47,北陸,関西,1884.67,0,0,0
20260105B47,関西,中国,2649.656,738.546,0,21
20260105B47,関西_関西-中国間(東),中国_関西-中国間(東),2649.656,738.546,0,21
20260105B47,関西_関西-中国間(西),中国_関西-中国間(西),2649.656,738.546,0,21
20260105B47,関西,四国,0,0,0,0
20260105B47,中国,四国,694.837,0,0,0
20260105B47,中国,九州,0,519.389,0,28
20260105B48,北海道,東北,133.005,0,0,0
20260105B48,東北,東京,390.06,2360,0,61.49
20260105B48,東京,中部,0,0,0,0
20260105B48,中部,関西,500.098,0,0,0
20260105B48,中部,北陸,0,0,0,0
20260105B48,北陸,関西,1884.67,0,0,0
20260105B48,関西,中国,3115.526,232.562,0,21
20260105B48,関西_関西-中国間(東),中国_関西-中国間(東),3115.526,232.562,0,21
20260105B48,関西_関西-中国間(西),中国_関西-中国間(西),3115.526,232.562,0,21
20260105B48,関西,四国,0,0,0,0
20260105B48,中国,四国,694.837,0,0,0
20260105B48,中国,九州,276.479,119.489,0,27
20260106B01,北海道,東北,150,0,0,0
20260106B01,東北,東京,0,2360,0,17
20260106B01,東京,中部,54.003,0,0,0
20260106B01,中部,関西,1021.831,0,0,0
20260106B01,中部,北陸,0,0,0,0
20260106B01,北陸,関西,1900,0,0,0
20260106B01,関西,中国,3132.757,719.936,0,0
20260106B01,関西_関西-中国間(東),中国_関西-中国間(東),3132.757,719.936,0,0
20260106B01,関西_関西-中国間(西),中国_関西-中国間(西),3132.757,719.936,0,0
20260106B01,関西,四国,0,0,0,0
20260106B01,中国,四国,1174,0,0,0
20260106B01,中国,九州,359.851,774.981,0,6
20260106B02,北海道,東北,150,0,0,0
20260106B02,東北,東京,84.761,2360,0,17
20260106B02,東京,中部,0,0,0,0
20260106B02,中部,関西,1011.831,0,0,0
20260106B02,中部,北陸,0,0,0,0
20260106B02,北陸,関西,1900,0,0,0
20260106B02,関西,中国,3132.757,947.986,0,0
20260106B02,関西_関西-中国間(東),中国_関西-中国間(東),3132.757,947.986,0,0
20260106B02,関西_関西-中国間(西),中国_関西-中国間(西),3132.757,947.986,0,0
20260106B02,関西,四国,0,0,0,0
20260106B02,中国,四国,1174,0,0,0
20260106B02,中国,九州,284.165,1054.681,0,6
20260106B03,北海道,東北,150,0,0,0
20260106B03,東北,東京,157.661,2360,0,17
20260106B03,東京,中部,0,142.928,0,0
20260106B03,中部,関西,1011.831,0,0,0
20260106B03,中部,北陸,0,0,0,0
20260106B03,北陸,関西,1900,0,0,0
20260106B03,関西,中国,3132.757,968.906,0,0
20260106B03,関西_関西-中国間(東),中国_関西-中国間(東),3132.757,968.906,0,0
20260106B03,関西_関西-中国間(西),中国_関西-中国間(西),3132.757,968.906,0,0
20260106B03,関西,四国,0,0,0,0
20260106B03,中国,四国,1174,0,0,0
20260106B03,中国,九州,275.865,1042.981,0,6
20260106B04,北海道,東北,150,0,0,0
20260106B04,東北,東京,208.661,2360,0,17
20260106B04,東京,中部,0,193.828,0,0
20260106B04,中部,関西,1011.831,0,0,0
20260106B04,中部,北陸,0,0,0,0
20260106B04,北陸,関西,1900,0,0,0
20260106B04,関西,中国,3132.757,1019.988,0,0
20260106B04,関西_関西-中国間(東),中国_関西-中国間(東),3132.757,1019.988,0,0
20260106B04,関西_関西-中国間(西),中国_関西-中国間(西),3132.757,1019.988,0,0
20260106B04,関西,四国,0,0,0,0
20260106B04,中国,四国,1174,0,0,0
20260106B04,中国,九州,305.265,1013.581,0,6
20260106B05,北海道,東北,150,0,0,0
20260106B05,東北,東京,304.361,2360,0,17
20260106B05,東京,中部,0,170.228,0,0
20260106B05,中部,関西,1041.831,0,0,0
20260106B05,中部,北陸,0,0,0,0
20260106B05,北陸,関西,1900,0,0,0
20260106B05,関西,中国,3132.757,1096.938,0,0
20260106B05,関西_関西-中国間(東),中国_関西-中国間(東),3132.757,1096.938,0,0
20260106B05,関西_関西-中国間(西),中国_関西-中国間(西),3132.757,1096.938,0,0
20260106B05,関西,四国,0,0,0,0
20260106B05,中国,四国,1174,0,0,0
20260106B05,中国,九州,369.851,948.181,0,6
20260106B06,北海道,東北,150,0,0,0
20260106B06,東北,東京,252.561,2360,0,17
20260106B06,東京,中部,0,132.628,0,0
20260106B06,中部,関西,1081.831,0,0,0
20260106B06,中部,北陸,0,0,0,0
20260106B06,北陸,関西,1900,0,0,0
20260106B06,関西,中国,3132.757,1035.96,0,0
20260106B06,関西_関西-中国間(東),中国_関西-中国間(東),3132.757,1035.96,0,0
20260106B06,関西_関西-中国間(西),中国_関西-中国間(西),3132.757,1035.96,0,0
20260106B06,関西,四国,0,0,0,0
20260106B06,中国,四国,1174,0,0,0
20260106B06,中国,九州,379.851,959.081,0,5
20260106B07,北海道,東北,150,0,0,0
20260106B07,東北,東京,146.262,2337,0,0
20260106B07,東京,中部,168.611,0,0,0
20260106B07,中部,関西,1095.775,0,0,0
20260106B07,中部,北陸,0,0,0,0
20260106B07,北陸,関西,1900,0,0,0
20260106B07,関西,中国,3158.29,1063.167,0,0
20260106B07,関西_関西-中国間(東),中国_関西-中国間(東),3158.29,1063.167,0,0
20260106B07,関西_関西-中国間(西),中国_関西-中国間(西),3158.29,1063.167,0,0
20260106B07,関西,四国,0,0,0,0
20260106B07,中国,四国,1175,0,0,0
20260106B07,中国,九州,0,1096.306,0,0
20260106B08,北海道,東北,150,0,0,0
20260106B08,東北,東京,141.762,2337,0,0
20260106B08,東京,中部,178.511,0,0,0
20260106B08,中部,関西,1125.775,0,0,0
20260106B08,中部,北陸,0,0,0,0
20260106B08,北陸,関西,1900,0,0,0
20260106B08,関西,中国,3158.29,969.051,0,0
20260106B08,関西_関西-中国間(東),中国_関西-中国間(東),3158.29,969.051,0,0
20260106B08,関西_関西-中国間(西),中国_関西-中国間(西),3158.29,969.051,0,0
20260106B08,関西,四国,0,0,0,0
20260106B08,中国,四国,1175,0,0,0
20260106B08,中国,九州,0,1167.106,0,0
20260106B09,北海道,東北,150,0,0,0
20260106B09,東北,東京,160.462,2337,0,0
20260106B09,東京,中部,157.811,0,0,0
20260106B09,中部,関西,1125.775,0,0,0
20260106B09,中部,北陸,0,0,0,0
20260106B09,北陸,関西,1900,0,0,0
20260106B09,関西,中国,3158.29,841.141,0,0
20260106B09,関西_関西-中国間(東),中国_関西-中国間(東),3158.29,841.141,0,0
20260106B09,関西_関西-中国間(西),中国_関西-中国間(西),3158.29,841.141,0,0
20260106B09,関西,四国,0,0,0,0
20260106B09,中国,四国,1175,0,0,0
20260106B09,中国,九州,0,1008.006,0,0
20260106B10,北海道,東北,150,0,0,0
20260106B10,東北,東京,208.162,2337,0,0
20260106B10,東京,中部,108.611,0,0,0
20260106B10,中部,関西,1105.775,0,0,0
20260106B10,中部,北陸,0,0,0,0
20260106B10,北陸,関西,1900,0,0,0
20260106B10,関西,中国,3158.29,881.135,0,0
20260106B10,関西_関西-中国間(東),中国_関西-中国間(東),3158.29,881.135,0,0
20260106B10,関西_関西-中国間(西),中国_関西-中国間(西),3158.29,881.135,0,0
20260106B10,関西,四国,0,0,0,0
20260106B10,中国,四国,1175,0,0,0
20260106B10,中国,九州,0,1043.606,0,0
20260106B11,北海道,東北,150,0,0,0
20260106B11,東北,東京,473.762,2337,0,0
20260106B11,東京,中部,0,0,0,0
20260106B11,中部,関西,1085.775,0,0,0
20260106B11,中部,北陸,0,0,0,0
20260106B11,北陸,関西,1900,0,0,0
20260106B11,関西,中国,3158.29,1093.089,0,0
20260106B11,関西_関西-中国間(東),中国_関西-中国間(東),3158.29,1093.089,0,0
20260106B11,関西_関西-中国間(西),中国_関西-中国間(西),3158.29,1093.089,0,0
20260106B11,関西,四国,0,0,0,0
20260106B11,中国,四国,1175,0,0,0
20260106B11,中国,九州,0,1127.606,0,0
20260106B12,北海道,東北,150,0,0,0
20260106B12,東北,東京,576.262,2337,0,0
20260106B12,東京,中部,96.711,0,0,0
20260106B12,中部,関西,1065.775,0,0,0
20260106B12,中部,北陸,0,0,0,0
20260106B12,北陸,関西,1900,0,0,0
20260106B12,関西,中国,3158.29,1257.181,0,0
20260106B12,関西_関西-中国間(東),中国_関西-中国間(東),3158.29,1257.181,0,0
20260106B12,関西_関西-中国間(西),中国_関西-中国間(西),3158.29,1257.181,0,0
20260106B12,関西,四国,0,0,0,0
20260106B12,中国,四国,1175,0,0,0
20260106B12,中国,九州,0,1199.206,0,0
20260106B13,北海道,東北,150,0,0,0
20260106B13,東北,東京,400.231,2152,0,0
20260106B13,東京,中部,0,0,0,0
20260106B13,中部,関西,419.747,0,0,0
20260106B13,中部,北陸,0,0,0,0
20260106B13,北陸,関西,1876,0,0,0
20260106B13,関西,中国,2833.757,1845.69,0,0
20260106B13,関西_関西-中国間(東),中国_関西-中国間(東),2833.757,1845.69,0,0
20260106B13,関西_関西-中国間(西),中国_関西-中国間(西),2833.757,1845.69,0,0
20260106B13,関西,四国,0,0,0,0
20260106B13,中国,四国,1097.768,0,0,0
20260106B13,中国,九州,0,1184.858,0,0
20260106B14,北海道,東北,150,0,0,0
20260106B14,東北,東京,0,2152,0,0
20260106B14,東京,中部,170.263,0,0,0
20260106B14,中部,関西,419.747,0,0,0
20260106B14,中部,北陸,0,0,0,0
20260106B14,北陸,関西,1876,0,0,0
20260106B14,関西,中国,2927.455,1752.588,0,0
20260106B14,関西_関西-中国間(東),中国_関西-中国間(東),2927.455,1752.588,0,0
20260106B14,関西_関西-中国間(西),中国_関西-中国間(西),2927.455,1752.588,0,0
20260106B14,関西,四国,0,0,0,0
20260106B14,中国,四国,1132.168,0,0,0
20260106B14,中国,九州,0,1246.158,0,0
20260106B15,北海道,東北,150,0,8,0
20260106B15,東北,東京,0,2152,0,12
20260106B15,東京,中部,8.263,0,0,0
20260106B15,中部,関西,429.747,0,0,0
20260106B15,中部,北陸,0,0,0,0
20260106B15,北陸,関西,1876,0,0,0
20260106B15,関西,中国,3063.147,1634.036,0,0
20260106B15,関西_関西-中国間(東),中国_関西-中国間(東),3063.147,1634.036,0,0
20260106B15,関西_関西-中国間(西),中国_関西-中国間(西),3063.147,1634.036,0,0
20260106B15,関西,四国,0,0,0,0
20260106B15,中国,四国,1132.168,0,0,0
20260106B15,中国,九州,0,1422.558,0,0
20260106B16,北海道,東北,150,0,2,0
20260106B16,東北,東京,0,2152,0,95
20260106B16,東京,中部,95.963,0,41,0
20260106B16,中部,関西,439.747,0,31,0
20260106B16,中部,北陸,0,0,0,0
20260106B16,北陸,関西,1876,0,0,0
20260106B16,関西,中国,3145.02,932.726,21,0
20260106B16,関西_関西-中国間(東),中国_関西-中国間(東),3145.02,932.726,21,0
20260106B16,関西_関西-中国間(西),中国_関西-中国間(西),3145.02,932.726,21,0
20260106B16,関西,四国,0,0,0,0
20260106B16,中国,四国,1132.168,0,0,0
20260106B16,中国,九州,142.615,948.058,19,0
20260106B17,北海道,東北,150,0,0,0
20260106B17,東北,東京,0,2152,0,195
20260106B17,東京,中部,0,0,0,0
20260106B17,中部,関西,30.847,301.165,0,5
20260106B17,中部,北陸,0,0,0,0
20260106B17,北陸,関西,1876,337.072,0,0
20260106B17,関西,中国,3145.02,522.586,44,0
20260106B17,関西_関西-中国間(東),中国_関西-中国間(東),3145.02,522.586,44,0
20260106B17,関西_関西-中国間(西),中国_関西-中国間(西),3145.02,522.586,44,0
20260106B17,関西,四国,0,0,0,0
20260106B17,中国,四国,1132.168,0,0,0
20260106B17,中国,九州,334.615,786.058,37,0
20260106B18,北海道,東北,150,0,0,0
20260106B18,東北,東京,0,2152,0,202
20260106B18,東京,中部,0,0,0,0
20260106B18,中部,関西,0,272.065,0,29
20260106B18,中部,北陸,0,0,0,0
20260106B18,北陸,関西,1876,327.372,0,0
20260106B18,関西,中国,3145.02,179.622,0,79
20260106B18,関西_関西-中国間(東),中国_関西-中国間(東),3145.02,179.622,0,79
20260106B18,関西_関西-中国間(西),中国_関西-中国間(西),3145.02,179.622,0,79
20260106B18,関西,四国,0,0,0,0
20260106B18,中国,四国,1132.168,0,0,0
20260106B18,中国,九州,470,561.758,0,93
20260106B19,北海道,東北,150,0,0,0
20260106B19,東北,東京,0,2360,0,62
20260106B19,東京,中部,0,161.306,0,0
20260106B19,中部,関西,845.825,0,0,0
20260106B19,中部,北陸,0,0,0,0
20260106B19,北陸,関西,1888.172,0,0,0
20260106B19,関西,中国,3045.06,0,77,0
20260106B19,関西_関西-中国間(東),中国_関西-中国間(東),3045.06,0,77,0
20260106B19,関西_関西-中国間(西),中国_関西-中国間(西),3045.06,0,77,0
20260106B19,関西,四国,0,0,0,0
20260106B19,中国,四国,868.159,0,0,0
20260106B19,中国,九州,420,0,0,0
20260106B20,北海道,東北,150,0,0,0
20260106B20,東北,東京,0,2360,0,96
20260106B20,東京,中部,271.362,0,68,0
20260106B20,中部,関西,1110.925,0,0,0
20260106B20,中部,北陸,0,0,0,0
20260106B20,北陸,関西,1888.172,0,0,0
20260106B20,関西,中国,3045.06,0,332.255,0
20260106B20,関西_関西-中国間(東),中国_関西-中国間(東),3045.06,0,332.255,0
20260106B20,関西_関西-中国間(西),中国_関西-中国間(西),3045.06,0,332.255,0
20260106B20,関西,四国,0,0,0,0
20260106B20,中国,四国,868.159,0,0,0
20260106B20,中国,九州,360,0,360,0
20260106B21,北海道,東北,150,0,0,0
20260106B21,東北,東京,0,2360,0,117
20260106B21,東京,中部,271.362,0,121,0
20260106B21,中部,関西,887.925,0,0,0
20260106B21,中部,北陸,0,0,0,0
20260106B21,北陸,関西,1888.172,0,0,0
20260106B21,関西,中国,3045.06,0,304.155,0
20260106B21,関西_関西-中国間(東),中国_関西-中国間(東),3045.06,0,304.155,0
20260106B21,関西_関西-中国間(西),中国_関西-中国間(西),3045.06,0,304.155,0
20260106B21,関西,四国,0,0,0,0
20260106B21,中国,四国,868.159,0,0,0
20260106B21,中国,九州,310,0,310,0
20260106B22,北海道,東北,150,0,0,0
20260106B22,東北,東京,0,2360,0,168
20260106B22,東京,中部,271.362,0,145,0
20260106B22,中部,関西,771.825,0,0,0
20260106B22,中部,北陸,0,0,0,0
20260106B22,北陸,関西,1888.172,0,0,0
20260106B22,関西,中国,3045.06,0,232.133,0
20260106B22,関西_関西-中国間(東),中国_関西-中国間(東),3045.06,0,232.133,0
20260106B22,関西_関西-中国間(西),中国_関西-中国間(西),3045.06,0,232.133,0
20260106B22,関西,四国,0,0,0,0
20260106B22,中国,四国,868.159,0,0,0
20260106B22,中国,九州,280,0,264,0
20260106B23,北海道,東北,150,0,0,0
20260106B23,東北,東京,0,2360,0,170
20260106B23,東京,中部,271.362,0,131,0
20260106B23,中部,関西,890.925,0,0,0
20260106B23,中部,北陸,0,0,0,0
20260106B23,北陸,関西,1888.172,0,0,0
20260106B23,関西,中国,3045.06,0,161.133,0
20260106B23,関西_関西-中国間(東),中国_関西-中国間(東),3045.06,0,161.133,0
20260106B23,関西_関西-中国間(西),中国_関西-中国間(西),3045.06,0,161.133,0
20260106B23,関西,四国,0,0,0,0
20260106B23,中国,四国,868.159,0,0,0
20260106B23,中国,九州,250,0,184,0
20260106B24,北海道,東北,150,0,0,0
20260106B24,東北,東京,0,2360,0,163
20260106B24,東京,中部,271.362,0,152,0
20260106B24,中部,関西,818.525,0,0,0
20260106B24,中部,北陸,0,0,0,0
20260106B24,北陸,関西,1888.172,0,0,0
20260106B24,関西,中国,3045.06,0,217.133,0
20260106B24,関西_関西-中国間(東),中国_関西-中国間(東),3045.06,0,217.133,0
20260106B24,関西_関西-中国間(西),中国_関西-中国間(西),3045.06,0,217.133,0
20260106B24,関西,四国,0,0,0,0
20260106B24,中国,四国,868.159,0,0,0
20260106B24,中国,九州,230,0,230,0
20260106B25,北海道,東北,150,0,0,0
20260106B25,東北,東京,0,2360,0,0
20260106B25,東京,中部,367.618,0,185,0
20260106B25,中部,関西,516.151,0,0,0
20260106B25,中部,北陸,0,0,0,0
20260106B25,北陸,関西,1883.039,17.093,0,0
20260106B25,関西,中国,3015.771,0,62.133,0
20260106B25,関西_関西-中国間(東),中国_関西-中国間(東),3015.771,0,62.133,0
20260106B25,関西_関西-中国間(西),中国_関西-中国間(西),3015.771,0,62.133,0
20260106B25,関西,四国,0,0,0,0
20260106B25,中国,四国,1067.888,0,0,0
20260106B25,中国,九州,69,0,69,0
20260106B26,北海道,東北,150,0,0,0
20260106B26,東北,東京,0,2360,0,0
20260106B26,東京,中部,367.618,0,163,0
20260106B26,中部,関西,553.351,0,0,0
20260106B26,中部,北陸,0,0,0,0
20260106B26,北陸,関西,1883.039,23.393,0,0
20260106B26,関西,中国,3015.771,0,52.133,0
20260106B26,関西_関西-中国間(東),中国_関西-中国間(東),3015.771,0,52.133,0
20260106B26,関西_関西-中国間(西),中国_関西-中国間(西),3015.771,0,52.133,0
20260106B26,関西,四国,0,0,0,0
20260106B26,中国,四国,1067.888,0,0,0
20260106B26,中国,九州,69,0,69,0
20260106B27,北海道,東北,150,0,0,0
20260106B27,東北,東京,0,2360,0,0
20260106B27,東京,中部,367.618,0,151,0
20260106B27,中部,関西,784.651,0,0,0
20260106B27,中部,北陸,0,0,0,0
20260106B27,北陸,関西,1883.039,0,0,0
20260106B27,関西,中国,3015.771,0,44.133,0
20260106B27,関西_関西-中国間(東),中国_関西-中国間(東),3015.771,0,44.133,0
20260106B27,関西_関西-中国間(西),中国_関西-中国間(西),3015.771,0,44.133,0
20260106B27,関西,四国,0,0,0,0
20260106B27,中国,四国,1067.888,0,0,0
20260106B27,中国,九州,69,0,69,0
20260106B28,北海道,東北,150,0,0,0
20260106B28,東北,東京,0,2360,0,0
20260106B28,東京,中部,367.618,0,120,0
20260106B28,中部,関西,814.651,0,0,0
20260106B28,中部,北陸,0,0,0,0
20260106B28,北陸,関西,1883.039,0,0,0
20260106B28,関西,中国,3015.771,0,45.133,0
20260106B28,関西_関西-中国間(東),中国_関西-中国間(東),3015.771,0,45.133,0
20260106B28,関西_関西-中国間(西),中国_関西-中国間(西),3015.771,0,45.133,0
20260106B28,関西,四国,0,0,0,0
20260106B28,中国,四国,1067.888,0,0,0
20260106B28,中国,九州,79,0,79,0
20260106B29,北海道,東北,150,0,0,0
20260106B29,東北,東京,0,2360,0,0
20260106B29,東京,中部,367.618,0,102,0
20260106B29,中部,関西,854.651,0,0,0
20260106B29,中部,北陸,0,0,0,0
20260106B29,北陸,関西,1883.039,0,0,0
20260106B29,関西,中国,3015.771,0,41.133,0
20260106B29,関西_関西-中国間(東),中国_関西-中国間(東),3015.771,0,41.133,0
20260106B29,関西_関西-中国間(西),中国_関西-中国間(西),3015.771,0,41.133,0
20260106B29,関西,四国,0,0,0,0
20260106B29,中国,四国,1067.888,0,0,0
20260106B29,中国,九州,89,0,89,0
20260106B30,北海道,東北,150,0,0,0
20260106B30,東北,東京,0,2360,0,0
20260106B30,東京,中部,343.418,0,98,0
20260106B30,中部,関西,894.651,0,0,0
20260106B30,中部,北陸,0,0,0,0
20260106B30,北陸,関西,1883.039,0,0,0
20260106B30,関西,中国,3015.771,0,42.133,0
20260106B30,関西_関西-中国間(東),中国_関西-中国間(東),3015.771,0,42.133,0
20260106B30,関西_関西-中国間(西),中国_関西-中国間(西),3015.771,0,42.133,0
20260106B30,関西,四国,0,0,0,0
20260106B30,中国,四国,1067.888,0,0,0
20260106B30,中国,九州,109,0,109,0
20260106B31,北海道,東北,67.861,0,0,0
20260106B31,東北,東京,0,2236,0,29
20260106B31,東京,中部,0,0,0,0
20260106B31,中部,関西,163.194,0,163.194,0
20260106B31,中部,北陸,0,0,0,0
20260106B31,北陸,関西,1855,0,0,0
20260106B31,関西,中国,3083.935,0,10.194,0
20260106B31,関西_関西-中国間(東),中国_関西-中国間(東),3083.935,0,10.194,0
20260106B31,関西_関西-中国間(西),中国_関西-中国間(西),3083.935,0,10.194,0
20260106B31,関西,四国,0,0,0,0
20260106B31,中国,四国,762.018,0,0,0
20260106B31,中国,九州,216,0,0,0
20260106B32,北海道,東北,67.861,0,0,0
20260106B32,東北,東京,0,2236,0,40
20260106B32,東京,中部,0,281.593,0,109
20260106B32,中部,関西,263.194,0,225,0
20260106B32,中部,北陸,0,0,0,0
20260106B32,北陸,関西,1855,0,0,0
20260106B32,関西,中国,3083.935,0,138,0
20260106B32,関西_関西-中国間(東),中国_関西-中国間(東),3083.935,0,138,0
20260106B32,関西_関西-中国間(西),中国_関西-中国間(西),3083.935,0,74,0
20260106B32,関西,四国,0,0,0,0
20260106B32,中国,四国,762.018,0,64,0
20260106B32,中国,九州,256,0,11,0
20260106B33,北海道,東北,67.861,0,0,0
20260106B33,東北,東京,320.41,2236,0,0
20260106B33,東京,中部,0,560.193,0,0
20260106B33,中部,関西,373.194,0,0,0
20260106B33,中部,北陸,0,0,0,0
20260106B33,北陸,関西,1855,0,0,0
20260106B33,関西,中国,3083.935,0,22,0
20260106B33,関西_関西-中国間(東),中国_関西-中国間(東),3083.935,0,22,0
20260106B33,関西_関西-中国間(西),中国_関西-中国間(西),3083.935,0,22,0
20260106B33,関西,四国,0,0,0,0
20260106B33,中国,四国,762.018,0,0,0
20260106B33,中国,九州,326,0,0,0
20260106B34,北海道,東北,67.861,0,0,0
20260106B34,東北,東京,635.61,2236,0,0
20260106B34,東京,中部,0,694.993,0,0
20260106B34,中部,関西,346.994,0,13.8,0
20260106B34,中部,北陸,0,0,0,0
20260106B34,北陸,関西,1855,87.445,0,0
20260106B34,関西,中国,3083.935,0,9.8,0
20260106B34,関西_関西-中国間(東),中国_関西-中国間(東),3083.935,0,9.8,0
20260106B34,関西_関西-中国間(西),中国_関西-中国間(西),3083.935,0,9.8,0
20260106B34,関西,四国,0,0,0,0
20260106B34,中国,四国,762.018,0,0,0
20260106B34,中国,九州,396,0,4.8,0
20260106B35,北海道,東北,67.861,0,0,0
20260106B35,東北,東京,705.01,2236,0,0
20260106B35,東京,中部,0,975.293,0,0
20260106B35,中部,関西,30.394,111.333,0,0
20260106B35,中部,北陸,0,0,0,0
20260106B35,北陸,関西,1855,191.845,0,0
20260106B35,関西,中国,3083.935,0,0,0
20260106B35,関西_関西-中国間(東),中国_関西-中国間(東),3083.935,0,0,0
20260106B35,関西_関西-中国間(西),中国_関西-中国間(西),3083.935,0,0,0
20260106B35,関西,四国,0,0,0,0
20260106B35,中国,四国,762.018,0,0,0
20260106B35,中国,九州,40.28,480.625,0,0
20260106B36,北海道,東北,67.861,0,0,0
20260106B36,東北,東京,601.41,2236,0,0
20260106B36,東京,中部,0,979.893,0,0
20260106B36,中部,関西,31.494,180.233,0,0
20260106B36,中部,北陸,0,0,0,0
20260106B36,北陸,関西,1743.723,369.945,0,0
20260106B36,関西,中国,3083.935,0,0,0
20260106B36,関西_関西-中国間(東),中国_関西-中国間(東),3083.935,0,0,0
20260106B36,関西_関西-中国間(西),中国_関西-中国間(西),3083.935,0,0,0
20260106B36,関西,四国,0,0,0,0
20260106B36,中国,四国,762.018,0,0,0
20260106B36,中国,九州,81.48,539.425,0,0
20260106B37,北海道,東北,106.301,0,0,0
20260106B37,東北,東京,695.412,2299,0,0
20260106B37,東京,中部,0,357.776,0,0
20260106B37,中部,関西,487.514,0,0,0
20260106B37,中部,北陸,0,0,0,0
20260106B37,北陸,関西,1853,55.239,0,0
20260106B37,関西,中国,3159.308,0,0,0
20260106B37,関西_関西-中国間(東),中国_関西-中国間(東),3159.308,0,0,0
20260106B37,関西_関西-中国間(西),中国_関西-中国間(西),3159.308,0,0,0
20260106B37,関西,四国,0,0,0,0
20260106B37,中国,四国,667.563,0,0,0
20260106B37,中国,九州,564.98,591.689,0,0
20260106B38,北海道,東北,106.301,0,0,0
20260106B38,東北,東京,667.412,2299,0,0
20260106B38,東京,中部,0,0,0,0
20260106B38,中部,関西,700.514,0,0,0
20260106B38,中部,北陸,0,0,0,0
20260106B38,北陸,関西,1853,65.739,0,0
20260106B38,関西,中国,3159.308,0,0,0
20260106B38,関西_関西-中国間(東),中国_関西-中国間(東),3159.308,0,0,0
20260106B38,関西_関西-中国間(西),中国_関西-中国間(西),3159.308,0,0,0
20260106B38,関西,四国,0,0,0,0
20260106B38,中国,四国,667.563,0,0,0
20260106B38,中国,九州,451.88,674.789,0,0
20260106B39,北海道,東北,96.301,0,0,0
20260106B39,東北,東京,451.512,2299,0,0
20260106B39,東京,中部,0,517.876,0,0
20260106B39,中部,関西,686.914,0,0,0
20260106B39,中部,北陸,0,0,0,0
20260106B39,北陸,関西,1853,0,0,0
20260106B39,関西,中国,3159.308,0,0,0
20260106B39,関西_関西-中国間(東),中国_関西-中国間(東),3159.308,0,0,0
20260106B39,関西_関西-中国間(西),中国_関西-中国間(西),3159.308,0,0,0
20260106B39,関西,四国,0,0,0,0
20260106B39,中国,四国,667.563,0,0,0
20260106B39,中国,九州,361.88,734.789,0,0
20260106B40,北海道,東北,96.301,0,0,0
20260106B40,東北,東京,322.312,2299,0,0
20260106B40,東京,中部,0,527.876,0,0
20260106B40,中部,関西,646.914,0,0,0
20260106B40,中部,北陸,0,0,0,0
20260106B40,北陸,関西,1853,8.239,0,0
20260106B40,関西,中国,3159.308,0,0,0
20260106B40,関西_関西-中国間(東),中国_関西-中国間(東),3159.308,0,0,0
20260106B40,関西_関西-中国間(西),中国_関西-中国間(西),3159.308,0,0,0
20260106B40,関西,四国,0,0,0,0
20260106B40,中国,四国,667.563,0,0,0
20260106B40,中国,九州,274.58,762.089,0,0
20260106B41,北海道,東北,86.301,0,0,0
20260106B41,東北,東京,160.112,2299,0,0
20260106B41,東京,中部,0,1075.676,0,0
20260106B41,中部,関西,176.614,0,0,0
20260106B41,中部,北陸,0,0,0,0
20260106B41,北陸,関西,1822.577,115.939,0,0
20260106B41,関西,中国,3159.308,35.953,0,0
20260106B41,関西_関西-中国間(東),中国_関西-中国間(東),3159.308,35.953,0,0
20260106B41,関西_関西-中国間(西),中国_関西-中国間(西),3159.308,35.953,0,0
20260106B41,関西,四国,0,0,0,0
20260106B41,中国,四国,667.563,0,0,0
20260106B41,中国,九州,4.98,981.689,0,0
20260106B42,北海道,東北,86.301,0,0,0
20260106B42,東北,東京,71.012,2299,0,0
20260106B42,東京,中部,0,628.176,0,0
20260106B42,中部,関西,539.614,0,0,0
20260106B42,中部,北陸,0,0,0,0
20260106B42,北陸,関西,1831.077,107.439,0,0
20260106B42,関西,中国,3159.308,0,0,0
20260106B42,関西_関西-中国間(東),中国_関西-中国間(東),3159.308,0,0,0
20260106B42,関西_関西-中国間(西),中国_関西-中国間(西),3159.308,0,0,0
20260106B42,関西,四国,0,0,0,0
20260106B42,中国,四国,667.563,0,0,0
20260106B42,中国,九州,0,924.589,0,0
20260106B43,北海道,東北,150,0,0,0
20260106B43,東北,東京,184.36,2360,0,85
20260106B43,東京,中部,0,1200,0,85
20260106B43,中部,関西,610.048,480.869,0,85
20260106B43,中部,北陸,0,0,0,0
20260106B43,北陸,関西,1884.62,424.938,0,0
20260106B43,関西,中国,2687.504,847.871,0,85
20260106B43,関西_関西-中国間(東),中国_関西-中国間(東),2687.504,847.871,0,85
20260106B43,関西_関西-中国間(西),中国_関西-中国間(西),2687.504,847.871,0,85
20260106B43,関西,四国,0,0,0,0
20260106B43,中国,四国,694.837,0,0,0
20260106B43,中国,九州,0,1298.389,0,85
20260106B44,北海道,東北,150,0,0,0
20260106B44,東北,東京,212.26,2360,0,82
20260106B44,東京,中部,0,1200,0,82
20260106B44,中部,関西,595.748,495.169,0,82
20260106B44,中部,北陸,0,0,0,0
20260106B44,北陸,関西,1884.62,409.338,0,0
20260106B44,関西,中国,2603.372,906.819,0,82
20260106B44,関西_関西-中国間(東),中国_関西-中国間(東),2603.372,906.819,0,82
20260106B44,関西_関西-中国間(西),中国_関西-中国間(西),2603.372,906.819,0,82
20260106B44,関西,四国,0,0,0,0
20260106B44,中国,四国,694.837,0,0,0
20260106B44,中国,九州,0,1256.389,0,82
20260106B45,北海道,東北,150,0,0,0
20260106B45,東北,東京,578.46,2360,0,39
20260106B45,東京,中部,0,587.941,0,0
20260106B45,中部,関西,718.048,0,0,0
20260106B45,中部,北陸,0,0,0,0
20260106B45,北陸,関西,1884.62,0,0,0
20260106B45,関西,中国,2627.572,860.803,0,1
20260106B45,関西_関西-中国間(東),中国_関西-中国間(東),2627.572,860.803,0,1
20260106B45,関西_関西-中国間(西),中国_関西-中国間(西),2627.572,860.803,0,1
20260106B45,関西,四国,0,0,0,0
20260106B45,中国,四国,694.837,0,0,0
20260106B45,中国,九州,0,1167.689,0,0
20260106B46,北海道,東北,150,0,0,0
20260106B46,東北,東京,622.36,2360,0,37
20260106B46,東京,中部,0,17.341,0,0
20260106B46,中部,関西,700.148,0,0,0
20260106B46,中部,北陸,0,0,0,0
20260106B46,北陸,関西,1884.62,0,0,0
20260106B46,関西,中国,2577.148,889.773,0,1
20260106B46,関西_関西-中国間(東),中国_関西-中国間(東),2577.148,889.773,0,1
20260106B46,関西_関西-中国間(西),中国_関西-中国間(西),2577.148,889.773,0,1
20260106B46,関西,四国,0,0,0,0
20260106B46,中国,四国,694.837,0,0,0
20260106B46,中国,九州,0,997.289,0,1
20260106B47,北海道,東北,150,0,0,0
20260106B47,東北,東京,1006.56,2360,0,34
20260106B47,東京,中部,0,1170.041,0,0
20260106B47,中部,関西,660.148,0,0,0
20260106B47,中部,北陸,0,0,0,0
20260106B47,北陸,関西,1884.62,0,0,0
20260106B47,関西,中国,2465.09,997.835,0,1
20260106B47,関西_関西-中国間(東),中国_関西-中国間(東),2465.09,997.835,0,1
20260106B47,関西_関西-中国間(西),中国_関西-中国間(西),2465.09,997.835,0,1
20260106B47,関西,四国,0,0,0,0
20260106B47,中国,四国,694.837,0,0,0
20260106B47,中国,九州,0,950.889,0,1
20260106B48,北海道,東北,150,0,0,0
20260106B48,東北,東京,1072.46,2360,0,32
20260106B48,東京,中部,0,933.041,0,0
20260106B48,中部,関西,650.148,0,0,0
20260106B48,中部,北陸,0,0,0,0
20260106B48,北陸,関西,1884.62,0,0,0
20260106B48,関西,中国,2778.282,656.837,0,1
20260106B48,関西_関西-中国間(東),中国_関西-中国間(東),2778.282,656.837,0,1
20260106B48,関西_関西-中国間(西),中国_関西-中国間(西),2778.282,656.837,0,1
20260106B48,関西,四国,0,0,0,0
20260106B48,中国,四国,694.837,0,0,0
20260106B48,中国,九州,0,684.389,0,1
20260107B01,北海道,東北,150,0,0,0
20260107B01,東北,東京,269.561,2360,0,16
20260107B01,東京,中部,0,568.328,0,0
20260107B01,中部,関西,1225.961,0,0,0
20260107B01,中部,北陸,0,0,0,0
20260107B01,北陸,関西,1900,0,0,0
20260107B01,関西,中国,3163.61,1179.964,0,0
20260107B01,関西_関西-中国間(東),中国_関西-中国間(東),3163.61,1179.964,0,0
20260107B01,関西_関西-中国間(西),中国_関西-中国間(西),3163.61,1179.964,0,0
20260107B01,関西,四国,0,0,0,0
20260107B01,中国,四国,1174,0,0,0
20260107B01,中国,九州,340,934.181,0,3
20260107B02,北海道,東北,150,0,0,0
20260107B02,東北,東京,118.161,2360,0,15
20260107B02,東京,中部,0,501.328,0,0
20260107B02,中部,関西,1215.961,0,0,0
20260107B02,中部,北陸,0,0,0,0
20260107B02,北陸,関西,1900,0,0,0
20260107B02,関西,中国,3163.61,790.986,0,0
20260107B02,関西_関西-中国間(東),中国_関西-中国間(東),3163.61,790.986,0,0
20260107B02,関西_関西-中国間(西),中国_関西-中国間(西),3163.61,790.986,0,0
20260107B02,関西,四国,0,0,0,0
20260107B02,中国,四国,1174,0,0,0
20260107B02,中国,九州,340,701.281,0,2
20260107B03,北海道,東北,150,0,0,0
20260107B03,東北,東京,589.761,2360,0,14
20260107B03,東京,中部,0,365.528,0,0
20260107B03,中部,関西,1205.961,0,0,0
20260107B03,中部,北陸,0,0,0,0
20260107B03,北陸,関西,1900,0,0,0
20260107B03,関西,中国,3163.61,820.908,0,0
20260107B03,関西_関西-中国間(東),中国_関西-中国間(東),3163.61,820.908,0,0
20260107B03,関西_関西-中国間(西),中国_関西-中国間(西),3163.61,820.908,0,0
20260107B03,関西,四国,0,0,0,0
20260107B03,中国,四国,1174,0,0,0
20260107B03,中国,九州,340,718.781,0,2
20260107B04,北海道,東北,150,0,0,0
20260107B04,東北,東京,597.861,2360,0,13
20260107B04,東京,中部,0,283.128,0,0
20260107B04,中部,関西,1205.961,0,0,0
20260107B04,中部,北陸,0,0,0,0
20260107B04,北陸,関西,1900,0,0,0
20260107B04,関西,中国,3163.61,858.936,0,0
20260107B04,関西_関西-中国間(東),中国_関西-中国間(東),3163.61,858.936,0,0
20260107B04,関西_関西-中国間(西),中国_関西-中国間(西),3163.61,858.936,0,0
20260107B04,関西,四国,0,0,0,0
20260107B04,中国,四国,1174,0,0,0
20260107B04,中国,九州,340,670.181,0,2
20260107B05,北海道,東北,150,0,0,0
20260107B05,東北,東京,662.261,2360,0,12
20260107B05,東京,中部,0,340.128,0,0
20260107B05,中部,関西,1235.961,0,0,0
20260107B05,中部,北陸,0,0,0,0
20260107B05,北陸,関西,1900,0,0,0
20260107B05,関西,中国,3163.61,1064.034,0,0
20260107B05,関西_関西-中国間(東),中国_関西-中国間(東),3163.61,1064.034,0,0
20260107B05,関西_関西-中国間(西),中国_関西-中国間(西),3163.61,1064.034,0,0
20260107B05,関西,四国,0,0,0,0
20260107B05,中国,四国,1174,0,0,0
20260107B05,中国,九州,350,826.681,0,3
20260107B06,北海道,東北,150,0,0,0
20260107B06,東北,東京,769.161,2360,0,11
20260107B06,東京,中部,0,367.128,0,0
20260107B06,中部,関西,1265.961,0,0,0
20260107B06,中部,北陸,0,0,0,0
20260107B06,北陸,関西,1900,0,0,0
20260107B06,関西,中国,3163.61,1043.948,0,0
20260107B06,関西_関西-中国間(東),中国_関西-中国間(東),3163.61,1043.948,0,0
20260107B06,関西_関西-中国間(西),中国_関西-中国間(西),3163.61,1043.948,0,0
20260107B06,関西,四国,0,0,0,0
20260107B06,中国,四国,1174,0,0,0
20260107B06,中国,九州,360,925.981,0,3
20260107B07,北海道,東北,150,0,0,0
20260107B07,東北,東京,905.262,2337,0,0
20260107B07,東京,中部,0,0,0,0
20260107B07,中部,関西,1282.455,0,0,0
20260107B07,中部,北陸,0,0,0,0
20260107B07,北陸,関西,1900,0,0,0
20260107B07,関西,中国,3146.318,867.129,0,0
20260107B07,関西_関西-中国間(東),中国_関西-中国間(東),3146.318,867.129,0,0
20260107B07,関西_関西-中国間(西),中国_関西-中国間(西),3146.318,867.129,0,0
20260107B07,関西,四国,0,0,0,0
20260107B07,中国,四国,1177,0,0,0
20260107B07,中国,九州,0,1098.606,0,0
20260107B08,北海道,東北,150,0,0,0
20260107B08,東北,東京,931.862,2337,0,0
20260107B08,東京,中部,0,0,0,0
20260107B08,中部,関西,1312.455,0,0,0
20260107B08,中部,北陸,0,0,0,0
20260107B08,北陸,関西,1900,0,0,0
20260107B08,関西,中国,3146.318,1050.173,0,0
20260107B08,関西_関西-中国間(東),中国_関西-中国間(東),3146.318,1050.173,0,0
20260107B08,関西_関西-中国間(西),中国_関西-中国間(西),3146.318,1050.173,0,0
20260107B08,関西,四国,0,0,0,0
20260107B08,中国,四国,1177,0,0,0
20260107B08,中国,九州,0,1173.406,0,0
20260107B09,北海道,東北,150,0,0,0
20260107B09,東北,東京,934.262,2337,0,0
20260107B09,東京,中部,0,0,0,0
20260107B09,中部,関西,1312.455,0,0,0
20260107B09,中部,北陸,0,0,0,0
20260107B09,北陸,関西,1900,0,0,0
20260107B09,関西,中国,3146.318,1018.167,0,0
20260107B09,関西_関西-中国間(東),中国_関西-中国間(東),3146.318,1018.167,0,0
20260107B09,関西_関西-中国間(西),中国_関西-中国間(西),3146.318,1018.167,0,0
20260107B09,関西,四国,0,0,0,0
20260107B09,中国,四国,1177,0,0,0
20260107B09,中国,九州,0,1196.006,0,0
20260107B10,北海道,東北,150,0,0,0
20260107B10,東北,東京,966.662,2337,0,0
20260107B10,東京,中部,9.211,0,0,0
20260107B10,中部,関西,1322.455,0,0,0
20260107B10,中部,北陸,0,0,0,0
20260107B10,北陸,関西,1900,0,0,0
20260107B10,関西,中国,3146.318,1237.093,0,0
20260107B10,関西_関西-中国間(東),中国_関西-中国間(東),3146.318,1237.093,0,0
20260107B10,関西_関西-中国間(西),中国_関西-中国間(西),3146.318,1237.093,0,0
20260107B10,関西,四国,0,0,0,0
20260107B10,中国,四国,1177,0,0,0
20260107B10,中国,九州,0,1323.906,0,0
20260107B11,北海道,東北,150,0,0,0
20260107B11,東北,東京,1041.962,2337,0,0
20260107B11,東京,中部,0,0,0,0
20260107B11,中部,関西,1322.455,0,0,0
20260107B11,中部,北陸,0,0,0,0
20260107B11,北陸,関西,1900,0,0,0
20260107B11,関西,中国,3146.318,1332.103,0,0
20260107B11,関西_関西-中国間(東),中国_関西-中国間(東),3146.318,1332.103,0,0
20260107B11,関西_関西-中国間(西),中国_関西-中国間(西),3146.318,1332.103,0,0
20260107B11,関西,四国,0,0,0,0
20260107B11,中国,四国,1177,0,0,0
20260107B11,中国,九州,0,1379.806,0,0
20260107B12,北海道,東北,150,0,0,0
20260107B12,東北,東京,1053.762,2337,0,0
20260107B12,東京,中部,0,0,0,0
20260107B12,中部,関西,1332.455,0,0,0
20260107B12,中部,北陸,0,0,0,0
20260107B12,北陸,関西,1900,0,0,0
20260107B12,関西,中国,3146.318,1224.099,0,0
20260107B12,関西_関西-中国間(東),中国_関西-中国間(東),3146.318,1224.099,0,0
20260107B12,関西_関西-中国間(西),中国_関西-中国間(西),3146.318,1224.099,0,0
20260107B12,関西,四国,0,0,0,0
20260107B12,中国,四国,1177,0,0,0
20260107B12,中国,九州,0,1384.106,0,0
20260107B13,北海道,東北,150,0,0,0
20260107B13,東北,東京,571.931,2152,0,0
20260107B13,東京,中部,0,1155.83,0,0
20260107B13,中部,関西,653.939,0,0,0
20260107B13,中部,北陸,0,0,0,0
20260107B13,北陸,関西,1883,0,0,0
20260107B13,関西,中国,2652.201,2015.152,0,0
20260107B13,関西_関西-中国間(東),中国_関西-中国間(東),2652.201,2015.152,0,0
20260107B13,関西_関西-中国間(西),中国_関西-中国間(西),2652.201,2015.152,0,0
20260107B13,関西,四国,0,0,0,0
20260107B13,中国,四国,1140.168,0,0,0
20260107B13,中国,九州,0,1363.158,0,0
20260107B14,北海道,東北,150,0,0,0
20260107B14,東北,東京,25.031,2152,0,0
20260107B14,東京,中部,0,1200,0,0
20260107B14,中部,関西,707.939,0,0,0
20260107B14,中部,北陸,0,0,0,0
20260107B14,北陸,関西,1883,0,0,0
20260107B14,関西,中国,2928.111,1739.152,0,0
20260107B14,関西_関西-中国間(東),中国_関西-中国間(東),2928.111,1739.152,0,0
20260107B14,関西_関西-中国間(西),中国_関西-中国間(西),2928.111,1739.152,0,0
20260107B14,関西,四国,0,0,0,0
20260107B14,中国,四国,1140.168,0,0,0
20260107B14,中国,九州,0,1320.158,0,0
20260107B15,北海道,東北,150,0,19,0
20260107B15,東北,東京,0,2152,0,0
20260107B15,東京,中部,0,1200,0,0
20260107B15,中部,関西,757.939,0,0,0
20260107B15,中部,北陸,0,0,0,0
20260107B15,北陸,関西,1883,0,0,0
20260107B15,関西,中国,3145.02,1397.262,0,0
20260107B15,関西_関西-中国間(東),中国_関西-中国間(東),3145.02,1397.262,0,0
20260107B15,関西_関西-中国間(西),中国_関西-中国間(西),3145.02,1397.262,0,0
20260107B15,関西,四国,0,0,0,0
20260107B15,中国,四国,1140.168,0,0,0
20260107B15,中国,九州,0,1382.858,0,0
20260107B16,北海道,東北,150,0,0,0
20260107B16,東北,東京,0,2152,0,22.37
20260107B16,東京,中部,0,1200,0,0
20260107B16,中部,関西,807.939,0,0,0
20260107B16,中部,北陸,0,0,0,0
20260107B16,北陸,関西,1883,0,2,0
20260107B16,関西,中国,3145.02,525.126,0,4
20260107B16,関西_関西-中国間(東),中国_関西-中国間(東),3145.02,525.126,0,4
20260107B16,関西_関西-中国間(西),中国_関西-中国間(西),3145.02,525.126,0,4
20260107B16,関西,四国,0,0,0,0
20260107B16,中国,四国,1140.168,0,0,0
20260107B16,中国,九州,464.215,626.458,0,0
20260107B17,北海道,東北,150,0,0,0
20260107B17,東北,東京,0,2152,0,206
20260107B17,東京,中部,0,734.03,0,0
20260107B17,中部,関西,757.939,0,0,0
20260107B17,中部,北陸,0,0,0,0
20260107B17,北陸,関西,1883,293.872,0,2
20260107B17,関西,中国,3145.02,0,116,0
20260107B17,関西_関西-中国間(東),中国_関西-中国間(東),3145.02,0,116,0
20260107B17,関西_関西-中国間(西),中国_関西-中国間(西),3145.02,0,116,0
20260107B17,関西,四国,0,0,0,0
20260107B17,中国,四国,1140.168,0,0,0
20260107B17,中国,九州,520,270.358,113,0
20260107B18,北海道,東北,150,0,0,0
20260107B18,東北,東京,0,2152,0,202
20260107B18,東京,中部,0,724.13,0,0
20260107B18,中部,関西,677.939,0,8,0
20260107B18,中部,北陸,0,0,0,0
20260107B18,北陸,関西,1883,42.072,0,3
20260107B18,関西,中国,3145.02,0,228,0
20260107B18,関西_関西-中国間(東),中国_関西-中国間(東),3145.02,0,228,0
20260107B18,関西_関西-中国間(西),中国_関西-中国間(西),3145.02,0,228,0
20260107B18,関西,四国,0,0,0,0
20260107B18,中国,四国,1140.168,0,0,0
20260107B18,中国,九州,470,0,220,0
20260107B19,北海道,東北,150,0,0,0
20260107B19,東北,東京,0,2360,0,388
20260107B19,東京,中部,0,432.806,0,0
20260107B19,中部,関西,1200.925,0,0,0
20260107B19,中部,北陸,0,0,0,0
20260107B19,北陸,関西,1900,0,0,0
20260107B19,関西,中国,3131.732,0,0,0
20260107B19,関西_関西-中国間(東),中国_関西-中国間(東),3131.732,0,0,0
20260107B19,関西_関西-中国間(西),中国_関西-中国間(西),3131.732,0,0,0
20260107B19,関西,四国,0,0,0,0
20260107B19,中国,四国,979.959,0,0,0
20260107B19,中国,九州,420,128.961,0,12
20260107B20,北海道,東北,150,0,0,0
20260107B20,東北,東京,0,2360,0,98
20260107B20,東京,中部,0,260.706,0,9
20260107B20,中部,関西,1110.925,0,0,0
20260107B20,中部,北陸,0,0,0,0
20260107B20,北陸,関西,1900,0,0,0
20260107B20,関西,中国,3131.732,0,0,0
20260107B20,関西_関西-中国間(東),中国_関西-中国間(東),3131.732,0,0,0
20260107B20,関西_関西-中国間(西),中国_関西-中国間(西),3131.732,0,0,0
20260107B20,関西,四国,0,0,0,0
20260107B20,中国,四国,1062.959,0,0,0
20260107B20,中国,九州,360,0,25.765,0
20260107B21,北海道,東北,150,0,0,0
20260107B21,東北,東京,0,2360,0,235
20260107B21,東京,中部,260.962,0,220,0
20260107B21,中部,関西,1020.925,0,0,0
20260107B21,中部,北陸,0,0,0,0
20260107B21,北陸,関西,1900,0,0,0
20260107B21,関西,中国,3131.732,0,0,0
20260107B21,関西_関西-中国間(東),中国_関西-中国間(東),3131.732,0,0,0
20260107B21,関西_関西-中国間(西),中国_関西-中国間(西),3131.732,0,0,0
20260107B21,関西,四国,0,0,0,0
20260107B21,中国,四国,0,0,0,0
20260107B21,中国,九州,310,0,23.765,0
20260107B22,北海道,東北,150,0,0,0
20260107B22,東北,東京,0,2360,0,0
20260107B22,東京,中部,271.362,0,271.362,0
20260107B22,中部,関西,950.925,0,0,0
20260107B22,中部,北陸,0,0,0,0
20260107B22,北陸,関西,1900,0,0,0
20260107B22,関西,中国,3131.732,0,0,0
20260107B22,関西_関西-中国間(東),中国_関西-中国間(東),3131.732,0,0,0
20260107B22,関西_関西-中国間(西),中国_関西-中国間(西),3131.732,0,0,0
20260107B22,関西,四国,0,0,0,0
20260107B22,中国,四国,0,0,0,0
20260107B22,中国,九州,280,0,101,0
20260107B23,北海道,東北,150,0,0,0
20260107B23,東北,東京,0,2360,0,0
20260107B23,東京,中部,251.262,0,251.262,0
20260107B23,中部,関西,890.925,0,0,0
20260107B23,中部,北陸,0,0,0,0
20260107B23,北陸,関西,1900,0,0,0
20260107B23,関西,中国,3131.732,0,0,0
20260107B23,関西_関西-中国間(東),中国_関西-中国間(東),3131.732,0,0,0
20260107B23,関西_関西-中国間(西),中国_関西-中国間(西),3131.732,0,0,0
20260107B23,関西,四国,0,0,0,0
20260107B23,中国,四国,0,0,0,0
20260107B23,中国,九州,250,186.761,99,0
20260107B24,北海道,東北,150,0,0,0
20260107B24,東北,東京,0,2360,0,0
20260107B24,東京,中部,271.362,0,271.362,0
20260107B24,中部,関西,840.925,0,0,0
20260107B24,中部,北陸,0,0,0,0
20260107B24,北陸,関西,1900,0,0,0
20260107B24,関西,中国,3131.732,0,0,0
20260107B24,関西_関西-中国間(東),中国_関西-中国間(東),3131.732,0,0,0
20260107B24,関西_関西-中国間(西),中国_関西-中国間(西),3131.732,0,0,0
20260107B24,関西,四国,0,0,0,0
20260107B24,中国,四国,0,0,0,0
20260107B24,中国,九州,230,0,97,0
20260107B25,北海道,東北,150,0,0,0
20260107B25,東北,東京,0,2360,0,67
20260107B25,東京,中部,367.618,0,367.618,0
20260107B25,中部,関西,408.651,0,0,0
20260107B25,中部,北陸,0,0,0,0
20260107B25,北陸,関西,1891,234.554,0,0
20260107B25,関西,中国,3085.823,0,0,0
20260107B25,関西_関西-中国間(東),中国_関西-中国間(東),3085.823,0,0,0
20260107B25,関西_関西-中国間(西),中国_関西-中国間(西),3085.823,0,0,0
20260107B25,関西,四国,0,0,0,0
20260107B25,中国,四国,0,0,0,0
20260107B25,中国,九州,69,296.371,14,0
20260107B26,北海道,東北,150,0,0,0
20260107B26,東北,東京,0,2360,0,0
20260107B26,東京,中部,367.618,0,367.618,0
20260107B26,中部,関西,426.151,0,0,0
20260107B26,中部,北陸,0,0,0,0
20260107B26,北陸,関西,1891,283.154,0,0
20260107B26,関西,中国,3085.823,0,0,0
20260107B26,関西_関西-中国間(東),中国_関西-中国間(東),3085.823,0,0,0
20260107B26,関西_関西-中国間(西),中国_関西-中国間(西),3085.823,0,0,0
20260107B26,関西,四国,0,0,0,0
20260107B26,中国,四国,0,0,0,0
20260107B26,中国,九州,69,373.471,37,0
20260107B27,北海道,東北,150,0,0,0
20260107B27,東北,東京,0,2360,0,12
20260107B27,東京,中部,367.618,0,367.618,0
20260107B27,中部,関西,527.351,0,0,0
20260107B27,中部,北陸,0,0,0,0
20260107B27,北陸,関西,1891,160.954,0,0
20260107B27,関西,中国,3085.823,0,0,0
20260107B27,関西_関西-中国間(東),中国_関西-中国間(東),3085.823,0,0,0
20260107B27,関西_関西-中国間(西),中国_関西-中国間(西),3085.823,0,0,0
20260107B27,関西,四国,0,0,0,0
20260107B27,中国,四国,0,0,0,0
20260107B27,中国,九州,69,311.471,64,0
20260107B28,北海道,東北,150,0,0,0
20260107B28,東北,東京,0,2360,0,0
20260107B28,東京,中部,367.618,0,340,0
20260107B28,中部,関西,546.651,0,0,0
20260107B28,中部,北陸,0,0,0,0
20260107B28,北陸,関西,1891,158.154,0,0
20260107B28,関西,中国,3085.823,0,0,0
20260107B28,関西_関西-中国間(東),中国_関西-中国間(東),3085.823,0,0,0
20260107B28,関西_関西-中国間(西),中国_関西-中国間(西),3085.823,0,0,0
20260107B28,関西,四国,0,0,0,0
20260107B28,中国,四国,0,0,0,0
20260107B28,中国,九州,79,570.771,34,0
20260107B29,北海道,東北,150,0,0,0
20260107B29,東北,東京,17.66,2360,17.66,0
20260107B29,東京,中部,367.618,0,294,0
20260107B29,中部,関西,854.651,0,0,0
20260107B29,中部,北陸,0,0,0,0
20260107B29,北陸,関西,1891,78.554,0,0
20260107B29,関西,中国,3085.823,0,0,0
20260107B29,関西_関西-中国間(東),中国_関西-中国間(東),3085.823,0,0,0
20260107B29,関西_関西-中国間(西),中国_関西-中国間(西),3085.823,0,0,0
20260107B29,関西,四国,0,0,0,0
20260107B29,中国,四国,0,0,0,0
20260107B29,中国,九州,89,690.171,88,0
20260107B30,北海道,東北,150,0,0,0
20260107B30,東北,東京,256.36,2360,114.231,0
20260107B30,東京,中部,367.618,0,289,0
20260107B30,中部,関西,894.651,0,0,0
20260107B30,中部,北陸,0,0,0,0
20260107B30,北陸,関西,1891,0,0,0
20260107B30,関西,中国,3085.823,0,0,0
20260107B30,関西_関西-中国間(東),中国_関西-中国間(東),3085.823,0,0,0
20260107B30,関西_関西-中国間(西),中国_関西-中国間(西),3085.823,0,0,0
20260107B30,関西,四国,0,0,0,0
20260107B30,中国,四国,0,0,0,0
20260107B30,中国,九州,109,321.471,30,0
20260107B31,北海道,東北,67.861,0,0,0
20260107B31,東北,東京,0,2236,0,0
20260107B31,東京,中部,101.618,0,101.618,0
20260107B31,中部,関西,163.194,0,0,0
20260107B31,中部,北陸,0,0,0,0
20260107B31,北陸,関西,1853,0,0,0
20260107B31,関西,中国,3133.537,0,0,0
20260107B31,関西_関西-中国間(東),中国_関西-中国間(東),3133.537,0,0,0
20260107B31,関西_関西-中国間(西),中国_関西-中国間(西),3133.537,0,0,0
20260107B31,関西,四国,0,0,0,0
20260107B31,中国,四国,0,0,0,0
20260107B31,中国,九州,271.08,0,72,0
20260107B32,北海道,東北,67.861,0,0,0
20260107B32,東北,東京,170.31,2236,0,30
20260107B32,東京,中部,0,368.393,0,70
20260107B32,中部,関西,263.194,0,170,0
20260107B32,中部,北陸,0,0,0,0
20260107B32,北陸,関西,1853,0,0,0
20260107B32,関西,中国,3133.537,0,170,0
20260107B32,関西_関西-中国間(東),中国_関西-中国間(東),3133.537,0,170,0
20260107B32,関西_関西-中国間(西),中国_関西-中国間(西),3133.537,0,170,0
20260107B32,関西,四国,0,0,0,0
20260107B32,中国,四国,0,0,0,0
20260107B32,中国,九州,330,0,136,0
20260107B33,北海道,東北,0.861,0,0,0
20260107B33,東北,東京,770.51,2236,0,2
20260107B33,東京,中部,0,493.993,0,0
20260107B33,中部,関西,373.194,0,0,0
20260107B33,中部,北陸,0,0,0,0
20260107B33,北陸,関西,1853,0,0,0
20260107B33,関西,中国,3133.537,0,0,0
20260107B33,関西_関西-中国間(東),中国_関西-中国間(東),3133.537,0,0,0
20260107B33,関西_関西-中国間(西),中国_関西-中国間(西),3133.537,0,0,0
20260107B33,関西,四国,0,0,0,0
20260107B33,中国,四国,0,0,0,0
20260107B33,中国,九州,310.48,94.425,80,0
20260107B34,北海道,東北,0,0,0,0
20260107B34,東北,東京,340.21,2236,0,0
20260107B34,東京,中部,0,826.593,0,0
20260107B34,中部,関西,493.194,0,0.5,0
20260107B34,中部,北陸,0,0,0,0
20260107B34,北陸,関西,1853,0,0,0
20260107B34,関西,中国,3133.537,0,0.5,0
20260107B34,関西_関西-中国間(東),中国_関西-中国間(東),3133.537,0,0.5,0
20260107B34,関西_関西-中国間(西),中国_関西-中国間(西),3133.537,0,0.5,0
20260107B34,関西,四国,0,0,0,0
20260107B34,中国,四国,0,0,0,0
20260107B34,中国,九州,0,759.425,0,0
20260107B35,北海道,東北,0,0,0,0
20260107B35,東北,東京,0,2236,0,0
20260107B35,東京,中部,0,1200,0,0
20260107B35,中部,関西,563.194,0,0,0
20260107B35,中部,北陸,0,0,0,0
20260107B35,北陸,関西,1853,0,0,0
20260107B35,関西,中国,3133.537,0,0,0
20260107B35,関西_関西-中国間(東),中国_関西-中国間(東),3133.537,0,0,0
20260107B35,関西_関西-中国間(西),中国_関西-中国間(西),3133.537,0,0,0
20260107B35,関西,四国,0,0,0,0
20260107B35,中国,四国,874.418,0,0,0
20260107B35,中国,九州,0,1236.225,0,0
20260107B36,北海道,東北,0,0,0,0
20260107B36,東北,東京,0,2236,0,0
20260107B36,東京,中部,0,1200,0,0
20260107B36,中部,関西,633.194,0,0,0
20260107B36,中部,北陸,0,0,0,0
20260107B36,北陸,関西,1853,8.145,0,0
20260107B36,関西,中国,3133.537,0,0,0
20260107B36,関西_関西-中国間(東),中国_関西-中国間(東),3133.537,0,0,0
20260107B36,関西_関西-中国間(西),中国_関西-中国間(西),3133.537,0,0,0
20260107B36,関西,四国,0,0,0,0
20260107B36,中国,四国,874.418,0,0,0
20260107B36,中国,九州,0,1472.325,0,0
20260107B37,北海道,東北,0,0,0,0
20260107B37,東北,東京,0,2299,0,0
20260107B37,東京,中部,0,383.376,0,0
20260107B37,中部,関西,730.714,0,0,0
20260107B37,中部,北陸,0,0,0,0
20260107B37,北陸,関西,1870,0,0,0
20260107B37,関西,中国,3139.467,0,0,0
20260107B37,関西_関西-中国間(東),中国_関西-中国間(東),3139.467,0,0,0
20260107B37,関西_関西-中国間(西),中国_関西-中国間(西),3139.467,0,0,0
20260107B37,関西,四国,0,0,0,0
20260107B37,中国,四国,680.738,0,0,0
20260107B37,中国,九州,0,1246.902,0,0
20260107B38,北海道,東北,0,0,0,0
20260107B38,東北,東京,0,2299,0,0
20260107B38,東京,中部,0,199.476,0,0
20260107B38,中部,関西,710.714,0,0,0
20260107B38,中部,北陸,0,0,0,0
20260107B38,北陸,関西,1870,20.739,0,0
20260107B38,関西,中国,3139.467,0,0,0
20260107B38,関西_関西-中国間(東),中国_関西-中国間(東),3139.467,0,0,0
20260107B38,関西_関西-中国間(西),中国_関西-中国間(西),3139.467,0,0,0
20260107B38,関西,四国,0,0,0,0
20260107B38,中国,四国,680.738,0,0,0
20260107B38,中国,九州,0,1322.502,0,0
20260107B39,北海道,東北,0,0,0,0
20260107B39,東北,東京,0,2299,0,0
20260107B39,東京,中部,0,1098.276,0,0
20260107B39,中部,関西,690.714,0,0,0
20260107B39,中部,北陸,0,0,0,0
20260107B39,北陸,関西,1870,28.739,0,0
20260107B39,関西,中国,3139.467,4.502,0,0
20260107B39,関西_関西-中国間(東),中国_関西-中国間(東),3139.467,4.502,0,0
20260107B39,関西_関西-中国間(西),中国_関西-中国間(西),3139.467,4.502,0,0
20260107B39,関西,四国,0,0,0,0
20260107B39,中国,四国,680.738,0,0,0
20260107B39,中国,九州,0,1186.502,0,0
20260107B40,北海道,東北,0,0,0,0
20260107B40,東北,東京,0,2299,0,0
20260107B40,東京,中部,0,1072.476,0,0
20260107B40,中部,関西,650.714,0,0,0
20260107B40,中部,北陸,0,0,0,0
20260107B40,北陸,関西,1870,90.439,0,0
20260107B40,関西,中国,3091.637,156.492,0,0
20260107B40,関西_関西-中国間(東),中国_関西-中国間(東),3091.637,156.492,0,0
20260107B40,関西_関西-中国間(西),中国_関西-中国間(西),3091.637,156.492,0,0
20260107B40,関西,四国,0,0,0,0
20260107B40,中国,四国,680.738,0,0,0
20260107B40,中国,九州,0,1091.602,0,0
20260107B41,北海道,東北,40.001,0,0,0
20260107B41,東北,東京,0,2299,0,0
20260107B41,東京,中部,0,1039.776,0,0
20260107B41,中部,関西,620.714,0,0,0
20260107B41,中部,北陸,0,0,0,0
20260107B41,北陸,関西,1870,65.739,0,0
20260107B41,関西,中国,3080.311,172.586,0,0
20260107B41,関西_関西-中国間(東),中国_関西-中国間(東),3080.311,172.586,0,0
20260107B41,関西_関西-中国間(西),中国_関西-中国間(西),3080.311,172.586,0,0
20260107B41,関西,四国,0,0,0,0
20260107B41,中国,四国,680.738,0,0,0
20260107B41,中国,九州,0,1097.902,0,0
20260107B42,北海道,東北,0,0,0,0
20260107B42,東北,東京,0,2299,0,0
20260107B42,東京,中部,0,835.476,0,0
20260107B42,中部,関西,570.714,0,0,0
20260107B42,中部,北陸,0,0,0,0
20260107B42,北陸,関西,1870,84.139,0,0
20260107B42,関西,中国,3008.309,236.54,0,0
20260107B42,関西_関西-中国間(東),中国_関西-中国間(東),3008.309,236.54,0,0
20260107B42,関西_関西-中国間(西),中国_関西-中国間(西),3008.309,236.54,0,0
20260107B42,関西,四国,0,0,0,0
20260107B42,中国,四国,680.738,0,0,0
20260107B42,中国,九州,0,1214.502,0,0
20260107B43,北海道,東北,72.305,0,0,0
20260107B43,東北,東京,0,2360,0,22.37
20260107B43,東京,中部,0,1038.141,0,0
20260107B43,中部,関西,1330.768,0,0,0
20260107B43,中部,北陸,0,0,0,0
20260107B43,北陸,関西,1894,469.238,0,1
20260107B43,関西,中国,3095.38,409.679,0,3
20260107B43,関西_関西-中国間(東),中国_関西-中国間(東),3095.38,409.679,0,3
20260107B43,関西_関西-中国間(西),中国_関西-中国間(西),3095.38,409.679,0,3
20260107B43,関西,四国,0,0,0,0
20260107B43,中国,四国,694.837,0,0,0
20260107B43,中国,九州,0,1058.989,0,9
20260107B44,北海道,東北,8.505,0,0,0
20260107B44,東北,東京,0,2360,0,22.37
20260107B44,東京,中部,0,1114.641,0,0
20260107B44,中部,関西,1330.768,0,0,0
20260107B44,中部,北陸,0,0,0,0
20260107B44,北陸,関西,1894,430.238,0,1
20260107B44,関西,中国,3011.932,480.729,0,1
20260107B44,関西_関西-中国間(東),中国_関西-中国間(東),3011.932,480.729,0,1
20260107B44,関西_関西-中国間(西),中国_関西-中国間(西),3011.932,480.729,0,1
20260107B44,関西,四国,0,0,0,0
20260107B44,中国,四国,694.837,0,0,0
20260107B44,中国,九州,0,975.489,0,8
20260107B45,北海道,東北,0,0,0,0
20260107B45,東北,東京,0,2360,0,22.37
20260107B45,東京,中部,0,1200,0,0
20260107B45,中部,関西,740.768,0,0,0
20260107B45,中部,北陸,0,0,0,0
20260107B45,北陸,関西,1894,0,0,0
20260107B45,関西,中国,2837.35,640.767,0,5
20260107B45,関西_関西-中国間(東),中国_関西-中国間(東),2837.35,640.767,0,5
20260107B45,関西_関西-中国間(西),中国_関西-中国間(西),2837.35,640.767,0,5
20260107B45,関西,四国,0,0,0,0
20260107B45,中国,四国,694.837,0,0,0
20260107B45,中国,九州,0,871.689,0,11
20260107B46,北海道,東北,0,0,0,0
20260107B46,東北,東京,0,2360,0,22.37
20260107B46,東京,中部,0,693.141,0,0
20260107B46,中部,関西,690.768,0,0,0
20260107B46,中部,北陸,0,0,0,0
20260107B46,北陸,関西,1894,0,0,0
20260107B46,関西,中国,2984.216,457.779,0,8
20260107B46,関西_関西-中国間(東),中国_関西-中国間(東),2984.216,457.779,0,8
20260107B46,関西_関西-中国間(西),中国_関西-中国間(西),2984.216,457.779,0,8
20260107B46,関西,四国,0,0,0,0
20260107B46,中国,四国,694.837,0,0,0
20260107B46,中国,九州,0,657.589,0,15
20260107B47,北海道,東北,55.505,0,0,0
20260107B47,東北,東京,0,2360,0,22.37
20260107B47,東京,中部,0,879.241,0,0
20260107B47,中部,関西,650.768,0,0,0
20260107B47,中部,北陸,0,0,0,0
20260107B47,北陸,関西,1894,0,0,0
20260107B47,関西,中国,2967.708,444.785,0,8
20260107B47,関西_関西-中国間(東),中国_関西-中国間(東),2967.708,444.785,0,8
20260107B47,関西_関西-中国間(西),中国_関西-中国間(西),2967.708,444.785,0,8
20260107B47,関西,四国,0,0,0,0
20260107B47,中国,四国,694.837,0,0,0
20260107B47,中国,九州,0,694.889,0,15
20260107B48,北海道,東北,32.305,0,0,0
20260107B48,東北,東京,0,2360,0,22.37
20260107B48,東京,中部,0,688.341,0,0
20260107B48,中部,関西,640.768,0,0,0
20260107B48,中部,北陸,0,0,0,0
20260107B48,北陸,関西,1894,0,8,0
20260107B48,関西,中国,3210.07,0,0,0
20260107B48,関西_関西-中国間(東),中国_関西-中国間(東),3210.07,0,0,0
20260107B48,関西_関西-中国間(西),中国_関西-中国間(西),3210.07,0,0,0
20260107B48,関西,四国,0,0,0,0
20260107B48,中国,四国,694.837,0,0,0
20260107B48,中国,九州,277.779,118.189,0,7
20260108B01,北海道,東北,150,0,0,0
20260108B01,東北,東京,0,2360,0,22.37
20260108B01,東京,中部,0,695.428,0,0
20260108B01,中部,関西,1208.896,0,0,0
20260108B01,中部,北陸,0,0,0,0
20260108B01,北陸,関西,1900,0,0,0
20260108B01,関西,中国,3151.762,541.958,0,0
20260108B01,関西_関西-中国間(東),中国_関西-中国間(東),3151.762,541.958,0,0
20260108B01,関西_関西-中国間(西),中国_関西-中国間(西),3151.762,541.958,0,0
20260108B01,関西,四国,0,0,0,0
20260108B01,中国,四国,1174,0,0,0
20260108B01,中国,九州,378.856,691.681,0,2
20260108B02,北海道,東北,150,0,0,0
20260108B02,東北,東京,0,2360,0,22.37
20260108B02,東京,中部,0,590.528,0,0
20260108B02,中部,関西,1198.896,0,0,0
20260108B02,中部,北陸,0,0,0,0
20260108B02,北陸,関西,1900,0,0,0
20260108B02,関西,中国,3151.762,1021.894,0,0
20260108B02,関西_関西-中国間(東),中国_関西-中国間(東),3151.762,1021.894,0,0
20260108B02,関西_関西-中国間(西),中国_関西-中国間(西),3151.762,1021.894,0,0
20260108B02,関西,四国,0,0,0,0
20260108B02,中国,四国,1174,0,0,0
20260108B02,中国,九州,378.856,583.681,0,2
20260108B03,北海道,東北,150,0,0,0
20260108B03,東北,東京,0,2360,0,22.37
20260108B03,東京,中部,0,453.128,0,0
20260108B03,中部,関西,1188.896,0,0,0
20260108B03,中部,北陸,0,0,0,0
20260108B03,北陸,関西,1900,0,0,0
20260108B03,関西,中国,3151.762,972.898,0,0
20260108B03,関西_関西-中国間(東),中国_関西-中国間(東),3151.762,972.898,0,0
20260108B03,関西_関西-中国間(西),中国_関西-中国間(西),3151.762,972.898,0,0
20260108B03,関西,四国,0,0,0,0
20260108B03,中国,四国,1174,0,0,0
20260108B03,中国,九州,378.856,492.981,0,2
20260108B04,北海道,東北,150,0,0,0
20260108B04,東北,東京,0,2360,0,22.37
20260108B04,東京,中部,0,371.328,0,0
20260108B04,中部,関西,1188.896,0,0,0
20260108B04,中部,北陸,0,0,0,0
20260108B04,北陸,関西,1900,0,0,0
20260108B04,関西,中国,3151.762,1234.92,0,0
20260108B04,関西_関西-中国間(東),中国_関西-中国間(東),3151.762,1234.92,0,0
20260108B04,関西_関西-中国間(西),中国_関西-中国間(西),3151.762,1234.92,0,0
20260108B04,関西,四国,0,0,0,0
20260108B04,中国,四国,1174,0,0,0
20260108B04,中国,九州,378.856,639.981,0,2
20260108B05,北海道,東北,150,0,0,0
20260108B05,東北,東京,0,2360,0,22.37
20260108B05,東京,中部,0,385.828,0,0
20260108B05,中部,関西,1218.896,0,0,0
20260108B05,中部,北陸,0,0,0,0
20260108B05,北陸,関西,1900,0,0,0
20260108B05,関西,中国,3151.762,1202.972,0,0
20260108B05,関西_関西-中国間(東),中国_関西-中国間(東),3151.762,1202.972,0,0
20260108B05,関西_関西-中国間(西),中国_関西-中国間(西),3151.762,1202.972,0,0
20260108B05,関西,四国,0,0,0,0
20260108B05,中国,四国,1174,0,0,0
20260108B05,中国,九州,388.856,543.081,0,2
20260108B06,北海道,東北,150,0,0,0
20260108B06,東北,東京,0,2360,0,23.37
20260108B06,東京,中部,0,374.528,0,0
20260108B06,中部,関西,1248.896,0,0,0
20260108B06,中部,北陸,0,0,0,0
20260108B06,北陸,関西,1900,0,0,0
20260108B06,関西,中国,3151.762,1250.896,0,0
20260108B06,関西_関西-中国間(東),中国_関西-中国間(東),3151.762,1250.896,0,0
20260108B06,関西_関西-中国間(西),中国_関西-中国間(西),3151.762,1250.896,0,0
20260108B06,関西,四国,0,0,0,0
20260108B06,中国,四国,1174,0,0,0
20260108B06,中国,九州,398.856,645.781,0,2
20260108B07,北海道,東北,150,0,0,0
20260108B07,東北,東京,0,2337,0,0
20260108B07,東京,中部,0,0,0,0
20260108B07,中部,関西,1282.97,0,0,0
20260108B07,中部,北陸,0,0,0,0
20260108B07,北陸,関西,1900,0,0,0
20260108B07,関西,中国,3146.12,1291.037,0,0
20260108B07,関西_関西-中国間(東),中国_関西-中国間(東),3146.12,1291.037,0,0
20260108B07,関西_関西-中国間(西),中国_関西-中国間(西),3146.12,1291.037,0,0
20260108B07,関西,四国,0,0,0,0
20260108B07,中国,四国,1177,0,0,0
20260108B07,中国,九州,144.467,765.906,0,0
20260108B08,北海道,東北,150,0,0,0
20260108B08,東北,東京,0,2337,0,0
20260108B08,東京,中部,0,0,0,0
20260108B08,中部,関西,1312.97,0,0,0
20260108B08,中部,北陸,0,0,0,0
20260108B08,北陸,関西,1900,0,0,0
20260108B08,関西,中国,3146.12,1139.045,0,0
20260108B08,関西_関西-中国間(東),中国_関西-中国間(東),3146.12,1139.045,0,0
20260108B08,関西_関西-中国間(西),中国_関西-中国間(西),3146.12,1139.045,0,0
20260108B08,関西,四国,0,0,0,0
20260108B08,中国,四国,1177,0,0,0
20260108B08,中国,九州,121.367,829.006,0,0
20260108B09,北海道,東北,150,0,0,0
20260108B09,東北,東京,0,2337,0,0
20260108B09,東京,中部,135.711,0,0,0
20260108B09,中部,関西,1312.97,0,0,0
20260108B09,中部,北陸,0,0,0,0
20260108B09,北陸,関西,1900,0,0,0
20260108B09,関西,中国,3146.12,911.175,0,0
20260108B09,関西_関西-中国間(東),中国_関西-中国間(東),3146.12,911.175,0,0
20260108B09,関西_関西-中国間(西),中国_関西-中国間(西),3146.12,911.175,0,0
20260108B09,関西,四国,0,0,0,0
20260108B09,中国,四国,1177,0,0,0
20260108B09,中国,九州,103.567,846.806,0,0
20260108B10,北海道,東北,150,0,0,0
20260108B10,東北,東京,10.662,2337,0,0
20260108B10,東京,中部,36.311,0,0,0
20260108B10,中部,関西,1322.97,0,0,0
20260108B10,中部,北陸,0,0,0,0
20260108B10,北陸,関西,1900,0,0,0
20260108B10,関西,中国,3146.12,1019.121,0,0
20260108B10,関西_関西-中国間(東),中国_関西-中国間(東),3146.12,1019.121,0,0
20260108B10,関西_関西-中国間(西),中国_関西-中国間(西),3146.12,1019.121,0,0
20260108B10,関西,四国,0,0,0,0
20260108B10,中国,四国,1177,0,0,0
20260108B10,中国,九州,53.367,907.006,0,0
20260108B11,北海道,東北,150,0,0,0
20260108B11,東北,東京,0,2337,0,0
20260108B11,東京,中部,79.111,0,0,0
20260108B11,中部,関西,1322.97,0,0,0
20260108B11,中部,北陸,0,0,0,0
20260108B11,北陸,関西,1900,0,0,0
20260108B11,関西,中国,3146.12,876.129,0,0
20260108B11,関西_関西-中国間(東),中国_関西-中国間(東),3146.12,876.129,0,0
20260108B11,関西_関西-中国間(西),中国_関西-中国間(西),3146.12,876.129,0,0
20260108B11,関西,四国,0,0,0,0
20260108B11,中国,四国,1177,0,0,0
20260108B11,中国,九州,0,983.906,0,0
20260108B12,北海道,東北,150,0,0,0
20260108B12,東北,東京,0,2337,0,0
20260108B12,東京,中部,0,0,0,0
20260108B12,中部,関西,1332.97,0,0,0
20260108B12,中部,北陸,0,0,0,0
20260108B12,北陸,関西,1900,0,0,0
20260108B12,関西,中国,3146.12,1017.153,0,0
20260108B12,関西_関西-中国間(東),中国_関西-中国間(東),3146.12,1017.153,0,0
20260108B12,関西_関西-中国間(西),中国_関西-中国間(西),3146.12,1017.153,0,0
20260108B12,関西,四国,0,0,0,0
20260108B12,中国,四国,1177,0,0,0
20260108B12,中国,九州,0,1224.306,0,0
20260108B13,北海道,東北,150,0,0,0
20260108B13,東北,東京,0,2152,0,0
20260108B13,東京,中部,0,794.63,0,0
20260108B13,中部,関西,656.239,0,0,0
20260108B13,中部,北陸,0,0,0,0
20260108B13,北陸,関西,1876,0,0,0
20260108B13,関西,中国,2790.155,1871.779,0,0
20260108B13,関西_関西-中国間(東),中国_関西-中国間(東),2790.155,1871.779,0,0
20260108B13,関西_関西-中国間(西),中国_関西-中国間(西),2790.155,1871.779,0,0
20260108B13,関西,四国,0,0,0,0
20260108B13,中国,四国,1140.168,0,0,0
20260108B13,中国,九州,0,1313.658,0,0
20260108B14,北海道,東北,150,0,0,0
20260108B14,東北,東京,0,2152,0,0
20260108B14,東京,中部,0,1200,0,0
20260108B14,中部,関西,706.239,0,0,0
20260108B14,中部,北陸,0,0,0,0
20260108B14,北陸,関西,1876,0,0,0
20260108B14,関西,中国,2808.157,1894.757,0,0
20260108B14,関西_関西-中国間(東),中国_関西-中国間(東),2808.157,1894.757,0,0
20260108B14,関西_関西-中国間(西),中国_関西-中国間(西),2808.157,1894.757,0,0
20260108B14,関西,四国,0,0,0,0
20260108B14,中国,四国,1140.168,0,0,0
20260108B14,中国,九州,0,1462.958,0,0
20260108B15,北海道,東北,150,0,1.408,0
20260108B15,東北,東京,0,2152,0,4.592
20260108B15,東京,中部,0,1022.23,0,0
20260108B15,中部,関西,756.239,0,0,0
20260108B15,中部,北陸,0,0,0,0
20260108B15,北陸,関西,1876,0,0,0
20260108B15,関西,中国,2926.115,1771.821,0,0
20260108B15,関西_関西-中国間(東),中国_関西-中国間(東),2926.115,1771.821,0,0
20260108B15,関西_関西-中国間(西),中国_関西-中国間(西),2926.115,1771.821,0,0
20260108B15,関西,四国,0,0,0,0
20260108B15,中国,四国,1140.168,0,0,0
20260108B15,中国,九州,0,1650.058,0,0
20260108B16,北海道,東北,150,0,0,0
20260108B16,東北,東京,0,2152,0,18.37
20260108B16,東京,中部,0,690.63,0,1
20260108B16,中部,関西,806.239,0,0,0
20260108B16,中部,北陸,0,0,0,0
20260108B16,北陸,関西,1876,0,3,0
20260108B16,関西,中国,3145.02,1146.779,2,0
20260108B16,関西_関西-中国間(東),中国_関西-中国間(東),3145.02,1146.779,2,0
20260108B16,関西_関西-中国間(西),中国_関西-中国間(西),3145.02,1146.779,2,0
20260108B16,関西,四国,0,0,0,0
20260108B16,中国,四国,1140.168,0,0,0
20260108B16,中国,九州,0,1564.058,0,0
20260108B17,北海道,東北,150,0,0,0
20260108B17,東北,東京,0,2152,0,45
20260108B17,東京,中部,0,272.93,0,0
20260108B17,中部,関西,756.239,0,3,0
20260108B17,中部,北陸,0,0,0,0
20260108B17,北陸,関西,1876,350.372,6,0
20260108B17,関西,中国,3145.02,290.737,7,0
20260108B17,関西_関西-中国間(東),中国_関西-中国間(東),3145.02,290.737,7,0
20260108B17,関西_関西-中国間(西),中国_関西-中国間(西),3145.02,290.737,7,0
20260108B17,関西,四国,0,0,0,0
20260108B17,中国,四国,1140.168,0,0,0
20260108B17,中国,九州,9.715,1110.958,0,0
20260108B18,北海道,東北,150,0,0,0
20260108B18,東北,東京,0,2152,0,61
20260108B18,東京,中部,0,927.53,0,0
20260108B18,中部,関西,159.039,29.43,0,11
20260108B18,中部,北陸,0,0,0,0
20260108B18,北陸,関西,1876,315.272,29,0
20260108B18,関西,中国,3145.02,343.725,14,0
20260108B18,関西_関西-中国間(東),中国_関西-中国間(東),3145.02,343.725,14,0
20260108B18,関西_関西-中国間(西),中国_関西-中国間(西),3145.02,343.725,14,0
20260108B18,関西,四国,0,0,0,0
20260108B18,中国,四国,1140.168,0,0,0
20260108B18,中国,九州,107.815,962.858,0,0
20260108B19,北海道,東北,150,0,0,0
20260108B19,東北,東京,0,2360,0,306
20260108B19,東京,中部,0,1200,0,0
20260108B19,中部,関西,76.125,308.257,0,93
20260108B19,中部,北陸,0,0,0,0
20260108B19,北陸,関西,1887.587,0,24.235,0
20260108B19,関西,中国,3045.06,0,46.235,0
20260108B19,関西_関西-中国間(東),中国_関西-中国間(東),3045.06,0,46.235,0
20260108B19,関西_関西-中国間(西),中国_関西-中国間(西),3045.06,0,46.235,0
20260108B19,関西,四国,0,0,0,0
20260108B19,中国,四国,982.159,0,0,0
20260108B19,中国,九州,420,604.661,0,0
20260108B20,北海道,東北,150,0,0,0
20260108B20,東北,東京,0,2360,0,27
20260108B20,東京,中部,0,889.706,0,0
20260108B20,中部,関西,1110.925,0,56.914,0
20260108B20,中部,北陸,0,0,0,0
20260108B20,北陸,関西,1887.587,0,0,0
20260108B20,関西,中国,3045.06,0,58.235,0
20260108B20,関西_関西-中国間(東),中国_関西-中国間(東),3045.06,0,58.235,0
20260108B20,関西_関西-中国間(西),中国_関西-中国間(西),3045.06,0,58.235,0
20260108B20,関西,四国,0,0,0,0
20260108B20,中国,四国,982.159,0,0,0
20260108B20,中国,九州,360,0,0,0
20260108B21,北海道,東北,150,0,0,0
20260108B21,東北,東京,0,2360,0,50
20260108B21,東京,中部,0,217.506,0,0
20260108B21,中部,関西,1020.925,0,0,0
20260108B21,中部,北陸,0,0,0,0
20260108B21,北陸,関西,1887.587,0,0,0
20260108B21,関西,中国,3045.06,0,0,0
20260108B21,関西_関西-中国間(東),中国_関西-中国間(東),3045.06,0,0,0
20260108B21,関西_関西-中国間(西),中国_関西-中国間(西),3045.06,0,0,0
20260108B21,関西,四国,0,0,0,0
20260108B21,中国,四国,0,0,0,0
20260108B21,中国,九州,310,0,0,0
20260108B22,北海道,東北,150,0,0,0
20260108B22,東北,東京,0,2360,0,65
20260108B22,東京,中部,0,0,0,0
20260108B22,中部,関西,950.925,0,0,0
20260108B22,中部,北陸,0,0,0,0
20260108B22,北陸,関西,1887.587,0,0,0
20260108B22,関西,中国,3045.06,0,0,0
20260108B22,関西_関西-中国間(東),中国_関西-中国間(東),3045.06,0,0,0
20260108B22,関西_関西-中国間(西),中国_関西-中国間(西),3045.06,0,0,0
20260108B22,関西,四国,0,0,0,0
20260108B22,中国,四国,0,0,0,0
20260108B22,中国,九州,280,0,0,0
20260108B23,北海道,東北,150,0,0,0
20260108B23,東北,東京,0,2360,0,92
20260108B23,東京,中部,0,0,0,0
20260108B23,中部,関西,890.925,0,0,0
20260108B23,中部,北陸,0,0,0,0
20260108B23,北陸,関西,1887.587,0,0,0
20260108B23,関西,中国,3045.06,0,0,0
20260108B23,関西_関西-中国間(東),中国_関西-中国間(東),3045.06,0,0,0
20260108B23,関西_関西-中国間(西),中国_関西-中国間(西),3045.06,0,0,0
20260108B23,関西,四国,0,0,0,0
20260108B23,中国,四国,0,0,0,0
20260108B23,中国,九州,250,0,0,0
20260108B24,北海道,東北,150,0,0,0
20260108B24,東北,東京,0,2360,0,84
20260108B24,東京,中部,0,38.406,0,0
20260108B24,中部,関西,840.925,0,0,0
20260108B24,中部,北陸,0,0,0,0
20260108B24,北陸,関西,1887.587,0,0,0
20260108B24,関西,中国,3045.06,0,0,0
20260108B24,関西_関西-中国間(東),中国_関西-中国間(東),3045.06,0,0,0
20260108B24,関西_関西-中国間(西),中国_関西-中国間(西),3045.06,0,0,0
20260108B24,関西,四国,0,0,0,0
20260108B24,中国,四国,0,0,0,0
20260108B24,中国,九州,230,0,0,0
20260108B25,北海道,東北,150,0,0,0
20260108B25,東北,東京,0,2360,0,0
20260108B25,東京,中部,367.618,0,282,0
20260108B25,中部,関西,764.651,0,0,0
20260108B25,中部,北陸,0,0,0,0
20260108B25,北陸,関西,1875,0,0,0
20260108B25,関西,中国,3067.76,0,0,0
20260108B25,関西_関西-中国間(東),中国_関西-中国間(東),3067.76,0,0,0
20260108B25,関西_関西-中国間(西),中国_関西-中国間(西),3067.76,0,0,0
20260108B25,関西,四国,0,0,0,0
20260108B25,中国,四国,0,0,0,0
20260108B25,中国,九州,69,0,0,0
20260108B26,北海道,東北,150,0,0,0
20260108B26,東北,東京,0,2360,0,0
20260108B26,東京,中部,367.618,0,246,0
20260108B26,中部,関西,764.651,0,0,0
20260108B26,中部,北陸,0,0,0,0
20260108B26,北陸,関西,1875,0,0,0
20260108B26,関西,中国,3067.76,0,0,0
20260108B26,関西_関西-中国間(東),中国_関西-中国間(東),3067.76,0,0,0
20260108B26,関西_関西-中国間(西),中国_関西-中国間(西),3067.76,0,0,0
20260108B26,関西,四国,0,0,0,0
20260108B26,中国,四国,0,0,0,0
20260108B26,中国,九州,69,0,0,0
20260108B27,北海道,東北,150,0,0,0
20260108B27,東北,東京,0,2360,0,0
20260108B27,東京,中部,0,0,0,0
20260108B27,中部,関西,784.651,0,0,0
20260108B27,中部,北陸,0,0,0,0
20260108B27,北陸,関西,1875,0,0,0
20260108B27,関西,中国,3067.76,0,0,0
20260108B27,関西_関西-中国間(東),中国_関西-中国間(東),3067.76,0,0,0
20260108B27,関西_関西-中国間(西),中国_関西-中国間(西),3067.76,0,0,0
20260108B27,関西,四国,0,0,0,0
20260108B27,中国,四国,0,0,0,0
20260108B27,中国,九州,69,0,0,0
20260108B28,北海道,東北,150,0,0,0
20260108B28,東北,東京,0,2360,0,0
20260108B28,東京,中部,0,162.092,0,0
20260108B28,中部,関西,814.651,0,0,0
20260108B28,中部,北陸,0,0,0,0
20260108B28,北陸,関西,1875,0,0,0
20260108B28,関西,中国,3067.76,0,0,0
20260108B28,関西_関西-中国間(東),中国_関西-中国間(東),3067.76,0,0,0
20260108B28,関西_関西-中国間(西),中国_関西-中国間(西),3067.76,0,0,0
20260108B28,関西,四国,0,0,0,0
20260108B28,中国,四国,0,0,0,0
20260108B28,中国,九州,79,0,0,0
20260108B29,北海道,東北,150,0,0,0
20260108B29,東北,東京,0,2360,0,0
20260108B29,東京,中部,0,390.492,0,0
20260108B29,中部,関西,854.651,0,0,0
20260108B29,中部,北陸,0,0,0,0
20260108B29,北陸,関西,1875,0,0,0
20260108B29,関西,中国,3067.76,0,0,0
20260108B29,関西_関西-中国間(東),中国_関西-中国間(東),3067.76,0,0,0
20260108B29,関西_関西-中国間(西),中国_関西-中国間(西),3067.76,0,0,0
20260108B29,関西,四国,0,0,0,0
20260108B29,中国,四国,0,0,0,0
20260108B29,中国,九州,89,0,0,0
20260108B30,北海道,東北,150,0,0,0
20260108B30,東北,東京,0,2360,0,9.794
20260108B30,東京,中部,0,550.492,0,0
20260108B30,中部,関西,894.651,0,0,0
20260108B30,中部,北陸,0,0,0,0
20260108B30,北陸,関西,1875,0,0,0
20260108B30,関西,中国,3067.76,0,0,0
20260108B30,関西_関西-中国間(東),中国_関西-中国間(東),3067.76,0,0,0
20260108B30,関西_関西-中国間(西),中国_関西-中国間(西),3067.76,0,0,0
20260108B30,関西,四国,0,0,0,0
20260108B30,中国,四国,0,0,0,0
20260108B30,中国,九州,109,0,0,0
20260108B31,北海道,東北,68.361,0,0,0
20260108B31,東北,東京,0,2236,0,0
20260108B31,東京,中部,0,654.893,0,0
20260108B31,中部,関西,163.194,0,0,0
20260108B31,中部,北陸,0,0,0,0
20260108B31,北陸,関西,1855,0,0,0
20260108B31,関西,中国,3136.155,0,0,0
20260108B31,関西_関西-中国間(東),中国_関西-中国間(東),3136.155,0,0,0
20260108B31,関西_関西-中国間(西),中国_関西-中国間(西),3136.155,0,0,0
20260108B31,関西,四国,0,0,0,0
20260108B31,中国,四国,0,0,0,0
20260108B31,中国,九州,289.075,0,0,0
20260108B32,北海道,東北,77.861,0,0,0
20260108B32,東北,東京,0,2236,0,68
20260108B32,東京,中部,0,574.893,0,0
20260108B32,中部,関西,263.194,0,0,0
20260108B32,中部,北陸,0,0,0,0
20260108B32,北陸,関西,1855,0,0,0
20260108B32,関西,中国,3136.155,0,19.235,0
20260108B32,関西_関西-中国間(東),中国_関西-中国間(東),3136.155,0,19.235,0
20260108B32,関西_関西-中国間(西),中国_関西-中国間(西),3136.155,0,19.235,0
20260108B32,関西,四国,0,0,0,0
20260108B32,中国,四国,0,0,0,0
20260108B32,中国,九州,329.075,0,0,0
20260108B33,北海道,東北,0,0,0,0
20260108B33,東北,東京,0,2236,0,7
20260108B33,東京,中部,0,811.893,0,0
20260108B33,中部,関西,373.194,0,0,0
20260108B33,中部,北陸,0,0,0,0
20260108B33,北陸,関西,1855,0,19,0
20260108B33,関西,中国,3136.155,0,0,0
20260108B33,関西_関西-中国間(東),中国_関西-中国間(東),3136.155,0,0,0
20260108B33,関西_関西-中国間(西),中国_関西-中国間(西),3136.155,0,0,0
20260108B33,関西,四国,0,0,0,0
20260108B33,中国,四国,0,0,0,0
20260108B33,中国,九州,399.075,0,0,0
20260108B34,北海道,東北,0,0,0,0
20260108B34,東北,東京,0,2236,0,0
20260108B34,東京,中部,0,1102.593,0,0
20260108B34,中部,関西,493.194,0,4,0
20260108B34,中部,北陸,0,0,0,0
20260108B34,北陸,関西,1855,0,34,0
20260108B34,関西,中国,3136.155,0,35,0
20260108B34,関西_関西-中国間(東),中国_関西-中国間(東),3136.155,0,35,0
20260108B34,関西_関西-中国間(西),中国_関西-中国間(西),3136.155,0,35,0
20260108B34,関西,四国,0,0,0,0
20260108B34,中国,四国,0,0,0,0
20260108B34,中国,九州,256.355,257.625,29,0
20260108B35,北海道,東北,0,0,0,0
20260108B35,東北,東京,0,2236,0,0
20260108B35,東京,中部,0,1003.993,0,0
20260108B35,中部,関西,563.194,0,0,0
20260108B35,中部,北陸,0,0,0,0
20260108B35,北陸,関西,1855,0,0,0
20260108B35,関西,中国,3136.155,0,0,0
20260108B35,関西_関西-中国間(東),中国_関西-中国間(東),3136.155,0,0,0
20260108B35,関西_関西-中国間(西),中国_関西-中国間(西),3136.155,0,0,0
20260108B35,関西,四国,0,0,0,0
20260108B35,中国,四国,859.418,0,0,0
20260108B35,中国,九州,0,732.025,0,0
20260108B36,北海道,東北,0,0,0,0
20260108B36,東北,東京,0,2236,0,0
20260108B36,東京,中部,0,1084.893,0,0
20260108B36,中部,関西,633.194,0,0,0
20260108B36,中部,北陸,0,0,0,0
20260108B36,北陸,関西,1855,0,0,0
20260108B36,関西,中国,3136.155,0,0,0
20260108B36,関西_関西-中国間(東),中国_関西-中国間(東),3136.155,0,0,0
20260108B36,関西_関西-中国間(西),中国_関西-中国間(西),3136.155,0,0,0
20260108B36,関西,四国,0,0,0,0
20260108B36,中国,四国,859.418,0,0,0
20260108B36,中国,九州,174.255,519.725,0,0
20260108B37,北海道,東北,0,0,0,0
20260108B37,東北,東京,0,2299,0,0
20260108B37,東京,中部,0,915.876,0,0
20260108B37,中部,関西,730.714,0,0,0
20260108B37,中部,北陸,0,0,0,0
20260108B37,北陸,関西,1853,0,0,0
20260108B37,関西,中国,3154.754,0,0,0
20260108B37,関西_関西-中国間(東),中国_関西-中国間(東),3154.754,0,0,0
20260108B37,関西_関西-中国間(西),中国_関西-中国間(西),3154.754,0,0,0
20260108B37,関西,四国,0,0,0,0
20260108B37,中国,四国,663.738,0,0,0
20260108B37,中国,九州,580.78,605.343,0,0
20260108B38,北海道,東北,0,0,0,0
20260108B38,東北,東京,0,2299,0,0
20260108B38,東京,中部,0,938.976,0,0
20260108B38,中部,関西,710.714,0,0,0
20260108B38,中部,北陸,0,0,0,0
20260108B38,北陸,関西,1853,0,0,0
20260108B38,関西,中国,3154.754,0,0,0
20260108B38,関西_関西-中国間(東),中国_関西-中国間(東),3154.754,0,0,0
20260108B38,関西_関西-中国間(西),中国_関西-中国間(西),3154.754,0,0,0
20260108B38,関西,四国,0,0,0,0
20260108B38,中国,四国,663.738,0,0,0
20260108B38,中国,九州,590,501.743,0,0
20260108B39,北海道,東北,66.301,0,0,0
20260108B39,東北,東京,0,2299,0,0
20260108B39,東京,中部,0,875.576,0,0
20260108B39,中部,関西,690.714,0,0,0
20260108B39,中部,北陸,0,0,0,0
20260108B39,北陸,関西,1853,0,0,0
20260108B39,関西,中国,3154.754,0,0,0
20260108B39,関西_関西-中国間(東),中国_関西-中国間(東),3154.754,0,0,0
20260108B39,関西_関西-中国間(西),中国_関西-中国間(西),3154.754,0,0,0
20260108B39,関西,四国,0,0,0,0
20260108B39,中国,四国,663.738,0,0,0
20260108B39,中国,九州,261.88,864.243,0,0
20260108B40,北海道,東北,56.901,0,0,0
20260108B40,東北,東京,0,2299,0,0
20260108B40,東京,中部,0,1015.576,0,0
20260108B40,中部,関西,650.714,0,0,0
20260108B40,中部,北陸,0,0,0,0
20260108B40,北陸,関西,1853,0,0,0
20260108B40,関西,中国,3154.754,0,0,0
20260108B40,関西_関西-中国間(東),中国_関西-中国間(東),3154.754,0,0,0
20260108B40,関西_関西-中国間(西),中国_関西-中国間(西),3154.754,0,0,0
20260108B40,関西,四国,0,0,0,0
20260108B40,中国,四国,663.738,0,0,0
20260108B40,中国,九州,255.98,810.143,0,0
20260108B41,北海道,東北,76.701,0,0,0
20260108B41,東北,東京,0,2299,0,0
20260108B41,東京,中部,0,1200,0,0
20260108B41,中部,関西,540.114,0,0,0
20260108B41,中部,北陸,0,0,0,0
20260108B41,北陸,関西,1772.077,166.439,0,0
20260108B41,関西,中国,3154.754,0,0,0
20260108B41,関西_関西-中国間(東),中国_関西-中国間(東),3154.754,0,0,0
20260108B41,関西_関西-中国間(西),中国_関西-中国間(西),3154.754,0,0,0
20260108B41,関西,四国,0,0,0,0
20260108B41,中国,四国,663.738,0,0,0
20260108B41,中国,九州,151.78,864.343,0,0
20260108B42,北海道,東北,62.601,0,0,0
20260108B42,東北,東京,0,2299,0,0
20260108B42,東京,中部,0,1200,0,0
20260108B42,中部,関西,563.814,0,0,0
20260108B42,中部,北陸,0,0,0,0
20260108B42,北陸,関西,1853,42.639,0,0
20260108B42,関西,中国,3154.754,0,0,0
20260108B42,関西_関西-中国間(東),中国_関西-中国間(東),3154.754,0,0,0
20260108B42,関西_関西-中国間(西),中国_関西-中国間(西),3154.754,0,0,0
20260108B42,関西,四国,0,0,0,0
20260108B42,中国,四国,663.738,0,0,0
20260108B42,中国,九州,57.28,888.843,0,0
20260108B43,北海道,東北,150,0,0,0
20260108B43,東北,東京,0,2360,0,154
20260108B43,東京,中部,0,1200,0,0
20260108B43,中部,関西,957.568,117.969,0,0
20260108B43,中部,北陸,0,0,0,0
20260108B43,北陸,関西,1900,387.838,8,0
20260108B43,関西,中国,3172.268,419.843,0,0
20260108B43,関西_関西-中国間(東),中国_関西-中国間(東),3172.268,419.843,0,0
20260108B43,関西_関西-中国間(西),中国_関西-中国間(西),3172.268,419.843,0,0
20260108B43,関西,四国,0,0,0,0
20260108B43,中国,四国,694.837,0,0,0
20260108B43,中国,九州,0,1036.789,0,0
20260108B44,北海道,東北,101.205,0,0,0
20260108B44,東北,東京,0,2360,0,99
20260108B44,東京,中部,0,1031.541,0,0
20260108B44,中部,関西,1127.268,0,0,0
20260108B44,中部,北陸,0,0,0,0
20260108B44,北陸,関西,1900,408.438,3,0
20260108B44,関西,中国,2987.614,575.887,0,0
20260108B44,関西_関西-中国間(東),中国_関西-中国間(東),2987.614,575.887,0,0
20260108B44,関西_関西-中国間(西),中国_関西-中国間(西),2987.614,575.887,0,0
20260108B44,関西,四国,0,0,0,0
20260108B44,中国,四国,694.837,0,0,0
20260108B44,中国,九州,0,1210.589,0,0
20260108B45,北海道,東北,97.005,0,0,0
20260108B45,東北,東京,0,2360,0,115
20260108B45,東京,中部,0,911.941,0,0
20260108B45,中部,関西,474.768,10.769,0,0
20260108B45,中部,北陸,0,0,0,0
20260108B45,北陸,関西,1900,0,18,0
20260108B45,関西,中国,2587.428,954.853,0,0
20260108B45,関西_関西-中国間(東),中国_関西-中国間(東),2587.428,954.853,0,0
20260108B45,関西_関西-中国間(西),中国_関西-中国間(西),2587.428,954.853,0,0
20260108B45,関西,四国,0,0,0,0
20260108B45,中国,四国,694.837,0,0,0
20260108B45,中国,九州,0,1143.789,0,0
20260108B46,北海道,東北,28.205,0,0,0
20260108B46,東北,東京,0,2360,0,115
20260108B46,東京,中部,0,1091.141,0,0
20260108B46,中部,関西,684.768,0,0,0
20260108B46,中部,北陸,0,0,0,0
20260108B46,北陸,関西,1900,0,20,0
20260108B46,関西,中国,2445.54,1053.827,0,0
20260108B46,関西_関西-中国間(東),中国_関西-中国間(東),2445.54,1053.827,0,0
20260108B46,関西_関西-中国間(西),中国_関西-中国間(西),2445.54,1053.827,0,0
20260108B46,関西,四国,0,0,0,0
20260108B46,中国,四国,694.837,0,0,0
20260108B46,中国,九州,0,1099.989,0,0
20260108B47,北海道,東北,57.805,0,0,0
20260108B47,東北,東京,0,2360,0,155
20260108B47,東京,中部,0,1200,0,0
20260108B47,中部,関西,644.768,0,0,0
20260108B47,中部,北陸,0,0,0,0
20260108B47,北陸,関西,1900,0,15,0
20260108B47,関西,中国,2389.57,1077.849,0,0
20260108B47,関西_関西-中国間(東),中国_関西-中国間(東),2389.57,1077.849,0,0
20260108B47,関西_関西-中国間(西),中国_関西-中国間(西),2389.57,1077.849,0,0
20260108B47,関西,四国,0,0,0,0
20260108B47,中国,四国,694.837,0,0,0
20260108B47,中国,九州,0,1111.389,0,0
20260108B48,北海道,東北,17.305,0,0,0
20260108B48,東北,東京,0,2360,0,114
20260108B48,東京,中部,0,1093.841,0,0
20260108B48,中部,関西,634.768,0,0,0
20260108B48,中部,北陸,0,0,0,0
20260108B48,北陸,関西,1900,0,13,0
20260108B48,関西,中国,2365.878,1104.817,0,0
20260108B48,関西_関西-中国間(東),中国_関西-中国間(東),2365.878,1104.817,0,0
20260108B48,関西_関西-中国間(西),中国_関西-中国間(西),2365.878,1104.817,0,0
20260108B48,関西,四国,0,0,0,0
20260108B48,中国,四国,694.837,0,0,0
20260108B48,中国,九州,0,970.789,0,0
20260109B01,北海道,東北,150,0,0,0
20260109B01,東北,東京,42.361,2360,0,18
20260109B01,東京,中部,0,823.728,0,0
20260109B01,中部,関西,1176.581,0,0,0
20260109B01,中部,北陸,0,0,0,0
20260109B01,北陸,関西,1900,0,0,0
20260109B01,関西,中国,3119.447,1127.93,0,0
20260109B01,関西_関西-中国間(東),中国_関西-中国間(東),3119.447,1127.93,0,0
20260109B01,関西_関西-中国間(西),中国_関西-中国間(西),3119.447,1127.93,0,0
20260109B01,関西,四国,0,0,0,0
20260109B01,中国,四国,1174,0,0,0
20260109B01,中国,九州,200.155,1145.381,0,0
20260109B02,北海道,東北,150,0,0,0
20260109B02,東北,東京,59.961,2360,0,18
20260109B02,東京,中部,0,688.328,0,0
20260109B02,中部,関西,1166.581,0,0,0
20260109B02,中部,北陸,0,0,0,0
20260109B02,北陸,関西,1900,0,0,0
20260109B02,関西,中国,3119.447,1136.992,0,0
20260109B02,関西_関西-中国間(東),中国_関西-中国間(東),3119.447,1136.992,0,0
20260109B02,関西_関西-中国間(西),中国_関西-中国間(西),3119.447,1136.992,0,0
20260109B02,関西,四国,0,0,0,0
20260109B02,中国,四国,1174,0,0,0
20260109B02,中国,九州,260.355,1065.181,0,0
20260109B03,北海道,東北,150,0,0,0
20260109B03,東北,東京,63.461,2360,0,18
20260109B03,東京,中部,0,510.128,0,0
20260109B03,中部,関西,1156.581,0,0,0
20260109B03,中部,北陸,0,0,0,0
20260109B03,北陸,関西,1900,0,0,0
20260109B03,関西,中国,3119.447,1053.008,0,0
20260109B03,関西_関西-中国間(東),中国_関西-中国間(東),3119.447,1053.008,0,0
20260109B03,関西_関西-中国間(西),中国_関西-中国間(西),3119.447,1053.008,0,0
20260109B03,関西,四国,0,0,0,0
20260109B03,中国,四国,1174,0,0,0
20260109B03,中国,九州,316.055,989.481,0,0
20260109B04,北海道,東北,150,0,0,0
20260109B04,東北,東京,0,2360,0,18
20260109B04,東京,中部,0,499.628,0,0
20260109B04,中部,関西,1156.581,0,0,0
20260109B04,中部,北陸,0,0,0,0
20260109B04,北陸,関西,1900,0,0,0
20260109B04,関西,中国,3119.447,1063.916,0,0
20260109B04,関西_関西-中国間(東),中国_関西-中国間(東),3119.447,1063.916,0,0
20260109B04,関西_関西-中国間(西),中国_関西-中国間(西),3119.447,1063.916,0,0
20260109B04,関西,四国,0,0,0,0
20260109B04,中国,四国,1174,0,0,0
20260109B04,中国,九州,301.755,1003.781,0,0
20260109B05,北海道,東北,150,0,0,0
20260109B05,東北,東京,34.861,2360,0,18
20260109B05,東京,中部,0,546.028,0,0
20260109B05,中部,関西,1186.581,0,0,0
20260109B05,中部,北陸,0,0,0,0
20260109B05,北陸,関西,1900,0,0,0
20260109B05,関西,中国,3119.447,1044.008,0,0
20260109B05,関西_関西-中国間(東),中国_関西-中国間(東),3119.447,1044.008,0,0
20260109B05,関西_関西-中国間(西),中国_関西-中国間(西),3119.447,1044.008,0,0
20260109B05,関西,四国,0,0,0,0
20260109B05,中国,四国,1174,0,0,0
20260109B05,中国,九州,268.055,1067.481,0,0
20260109B06,北海道,東北,150,0,0,0
20260109B06,東北,東京,0,2360,0,18
20260109B06,東京,中部,0,560.128,0,0
20260109B06,中部,関西,1216.581,0,0,0
20260109B06,中部,北陸,0,0,0,0
20260109B06,北陸,関西,1900,0,0,0
20260109B06,関西,中国,3119.447,1136.036,0,0
20260109B06,関西_関西-中国間(東),中国_関西-中国間(東),3119.447,1136.036,0,0
20260109B06,関西_関西-中国間(西),中国_関西-中国間(西),3119.447,1136.036,0,0
20260109B06,関西,四国,0,0,0,0
20260109B06,中国,四国,1174,0,0,0
20260109B06,中国,九州,239.955,1125.581,0,0
20260109B07,北海道,東北,150,0,0,0
20260109B07,東北,東京,11.062,2337,0,0
20260109B07,東京,中部,0,0,0,0
20260109B07,中部,関西,1260.63,0,0,0
20260109B07,中部,北陸,0,0,0,0
20260109B07,北陸,関西,1900,0,0,0
20260109B07,関西,中国,3086.994,1518.131,0,0
20260109B07,関西_関西-中国間(東),中国_関西-中国間(東),3086.994,1518.131,0,0
20260109B07,関西_関西-中国間(西),中国_関西-中国間(西),3086.994,1518.131,0,0
20260109B07,関西,四国,0,0,0,0
20260109B07,中国,四国,1177,0,0,0
20260109B07,中国,九州,0,1305.106,0,0
20260109B08,北海道,東北,150,0,0,0
20260109B08,東北,東京,17.962,2337,0,0
20260109B08,東京,中部,0,0,0,0
20260109B08,中部,関西,1290.63,0,0,0
20260109B08,中部,北陸,0,0,0,0
20260109B08,北陸,関西,1900,0,0,0
20260109B08,関西,中国,3082.584,1528.083,0,0
20260109B08,関西_関西-中国間(東),中国_関西-中国間(東),3082.584,1528.083,0,0
20260109B08,関西_関西-中国間(西),中国_関西-中国間(西),3082.584,1528.083,0,0
20260109B08,関西,四国,0,0,0,0
20260109B08,中国,四国,1177,0,0,0
20260109B08,中国,九州,0,1306.206,0,0
20260109B09,北海道,東北,150,0,0,0
20260109B09,東北,東京,49.062,2337,0,0
20260109B09,東京,中部,0,0,0,0
20260109B09,中部,関西,1290.63,0,0,0
20260109B09,中部,北陸,0,0,0,0
20260109B09,北陸,関西,1900,0,0,0
20260109B09,関西,中国,2949.904,1689.135,0,0
20260109B09,関西_関西-中国間(東),中国_関西-中国間(東),2949.904,1689.135,0,0
20260109B09,関西_関西-中国間(西),中国_関西-中国間(西),2949.904,1689.135,0,0
20260109B09,関西,四国,0,0,0,0
20260109B09,中国,四国,1177,0,0,0
20260109B09,中国,九州,0,1398.006,0,0
20260109B10,北海道,東北,150,0,0,0
20260109B10,東北,東京,105.862,2337,0,0
20260109B10,東京,中部,0,0,0,0
20260109B10,中部,関西,1300.63,0,0,0
20260109B10,中部,北陸,0,0,0,0
20260109B10,北陸,関西,1900,0,0,0
20260109B10,関西,中国,3019.284,1613.139,0,0
20260109B10,関西_関西-中国間(東),中国_関西-中国間(東),3019.284,1613.139,0,0
20260109B10,関西_関西-中国間(西),中国_関西-中国間(西),3019.284,1613.139,0,0
20260109B10,関西,四国,0,0,0,0
20260109B10,中国,四国,1177,0,0,0
20260109B10,中国,九州,0,1362.006,0,0
20260109B11,北海道,東北,150,0,0,0
20260109B11,東北,東京,219.962,2337,0,0
20260109B11,東京,中部,0,0,0,0
20260109B11,中部,関西,1300.63,0,0,0
20260109B11,中部,北陸,0,0,0,0
20260109B11,北陸,関西,1900,0,0,0
20260109B11,関西,中国,3060.53,1568.139,0,0
20260109B11,関西_関西-中国間(東),中国_関西-中国間(東),3060.53,1568.139,0,0
20260109B11,関西_関西-中国間(西),中国_関西-中国間(西),3060.53,1568.139,0,0
20260109B11,関西,四国,0,0,0,0
20260109B11,中国,四国,1177,0,0,0
20260109B11,中国,九州,0,1417.206,0,0
20260109B12,北海道,東北,150,0,0,0
20260109B12,東北,東京,0,2337,0,0
20260109B12,東京,中部,0,108.79,0,0
20260109B12,中部,関西,1310.63,0,0,0
20260109B12,中部,北陸,0,0,0,0
20260109B12,北陸,関西,1900,0,0,0
20260109B12,関西,中国,2971.898,1669.109,0,0
20260109B12,関西_関西-中国間(東),中国_関西-中国間(東),2971.898,1669.109,0,0
20260109B12,関西_関西-中国間(西),中国_関西-中国間(西),2971.898,1669.109,0,0
20260109B12,関西,四国,0,0,0,0
20260109B12,中国,四国,1177,0,0,0
20260109B12,中国,九州,0,1580.506,0,0
20260109B13,北海道,東北,150,0,0,0
20260109B13,東北,東京,0,2152,0,0
20260109B13,東京,中部,0,1013.33,0,0
20260109B13,中部,関西,726.477,0,0,0
20260109B13,中部,北陸,0,0,0,0
20260109B13,北陸,関西,1876,0,0,0
20260109B13,関西,中国,2843.115,1898.989,0,0
20260109B13,関西_関西-中国間(東),中国_関西-中国間(東),2843.115,1898.989,0,0
20260109B13,関西_関西-中国間(西),中国_関西-中国間(西),2843.115,1898.989,0,0
20260109B13,関西,四国,0,0,0,0
20260109B13,中国,四国,1140.168,0,0,0
20260109B13,中国,九州,0,1275.858,0,0
20260109B14,北海道,東北,150,0,0,0
20260109B14,東北,東京,0,2152,0,0
20260109B14,東京,中部,0,824.93,0,0
20260109B14,中部,関西,776.477,0,0,0
20260109B14,中部,北陸,0,0,0,0
20260109B14,北陸,関西,1876,0,0,0
20260109B14,関西,中国,3145.02,1333.251,0,0
20260109B14,関西_関西-中国間(東),中国_関西-中国間(東),3145.02,1333.251,0,0
20260109B14,関西_関西-中国間(西),中国_関西-中国間(西),3145.02,1333.251,0,0
20260109B14,関西,四国,0,0,0,0
20260109B14,中国,四国,1140.168,0,0,0
20260109B14,中国,九州,69.215,761.458,0,0
20260109B15,北海道,東北,150,0,3,0
20260109B15,東北,東京,0,2152,0,21.37
20260109B15,東京,中部,0,1104.73,0,0
20260109B15,中部,関西,826.477,0,0,0
20260109B15,中部,北陸,0,0,0,0
20260109B15,北陸,関西,1876,0,0,0
20260109B15,関西,中国,3145.02,1123.801,0,0
20260109B15,関西_関西-中国間(東),中国_関西-中国間(東),3145.02,1123.801,0,0
20260109B15,関西_関西-中国間(西),中国_関西-中国間(西),3145.02,1123.801,0,0
20260109B15,関西,四国,0,0,0,0
20260109B15,中国,四国,1140.168,0,0,0
20260109B15,中国,九州,219.815,730.858,0,0
20260109B16,北海道,東北,150,0,0,0
20260109B16,東北,東京,0,2152,0,56.49
20260109B16,東京,中部,0,1200,0,0
20260109B16,中部,関西,426.877,0,0,0
20260109B16,中部,北陸,0,0,0,0
20260109B16,北陸,関西,1876,0,0,0
20260109B16,関西,中国,3145.02,1166.477,0,10
20260109B16,関西_関西-中国間(東),中国_関西-中国間(東),3145.02,1166.477,0,10
20260109B16,関西_関西-中国間(西),中国_関西-中国間(西),3145.02,1166.477,0,10
20260109B16,関西,四国,0,0,0,0
20260109B16,中国,四国,1140.168,0,0,0
20260109B16,中国,九州,183.615,907.058,0,6
20260109B17,北海道,東北,150,0,0,0
20260109B17,東北,東京,0,2152,0,81.17
20260109B17,東京,中部,0,1200,0,0
20260109B17,中部,関西,0,651.487,0,5
20260109B17,中部,北陸,0,0,0,0
20260109B17,北陸,関西,1876,323.872,0,1
20260109B17,関西,中国,3145.02,827.445,18,0
20260109B17,関西_関西-中国間(東),中国_関西-中国間(東),3145.02,827.445,18,0
20260109B17,関西_関西-中国間(西),中国_関西-中国間(西),3145.02,827.445,18,0
20260109B17,関西,四国,0,0,0,0
20260109B17,中国,四国,1140.168,0,0,0
20260109B17,中国,九州,318.715,801.958,14,0
20260109B18,北海道,東北,150,0,0,0
20260109B18,東北,東京,0,2152,0,256
20260109B18,東京,中部,0,1200,0,0
20260109B18,中部,関西,0,673.987,0,29
20260109B18,中部,北陸,0,0,0,0
20260109B18,北陸,関西,1876,294.972,0,2
20260109B18,関西,中国,3145.02,213.519,47,0
20260109B18,関西_関西-中国間(東),中国_関西-中国間(東),3145.02,213.519,47,0
20260109B18,関西_関西-中国間(西),中国_関西-中国間(西),3145.02,213.519,47,0
20260109B18,関西,四国,0,0,0,0
20260109B18,中国,四国,1140.168,0,0,0
20260109B18,中国,九州,470,427.958,39,0
20260109B19,北海道,東北,150,0,0,0
20260109B19,東北,東京,0,2360,0,95
20260109B19,東京,中部,0,1200,0,0
20260109B19,中部,関西,0,572.657,0,44
20260109B19,中部,北陸,0,0,0,0
20260109B19,北陸,関西,1865,0,0,0
20260109B19,関西,中国,2965.432,0,10,0
20260109B19,関西_関西-中国間(東),中国_関西-中国間(東),2965.432,0,10,0
20260109B19,関西_関西-中国間(西),中国_関西-中国間(西),2965.432,0,10,0
20260109B19,関西,四国,0,0,0,0
20260109B19,中国,四国,1084.659,0,0,0
20260109B19,中国,九州,340.362,295.461,0,0
20260109B20,北海道,東北,150,0,0,0
20260109B20,東北,東京,0,2360,0,114
20260109B20,東京,中部,0,1103.606,0,0
20260109B20,中部,関西,507.725,0,0,0
20260109B20,中部,北陸,0,0,0,0
20260109B20,北陸,関西,1865,0,0,0
20260109B20,関西,中国,2965.432,0,0,0
20260109B20,関西_関西-中国間(東),中国_関西-中国間(東),2965.432,0,0,0
20260109B20,関西_関西-中国間(西),中国_関西-中国間(西),2965.432,0,0,0
20260109B20,関西,四国,0,0,0,0
20260109B20,中国,四国,911.659,0,0,0
20260109B20,中国,九州,280.362,469.961,0,0
20260109B21,北海道,東北,150,0,0,0
20260109B21,東北,東京,0,2360,0,388.727
20260109B21,東京,中部,0,449.306,0,93.757
20260109B21,中部,関西,29.625,174.757,0,174.757
20260109B21,中部,北陸,0,0,0,0
20260109B21,北陸,関西,1865,0,0,0
20260109B21,関西,中国,2965.432,0,0,0
20260109B21,関西_関西-中国間(東),中国_関西-中国間(東),2965.432,0,0,0
20260109B21,関西_関西-中国間(西),中国_関西-中国間(西),2965.432,0,0,0
20260109B21,関西,四国,0,0,0,0
20260109B21,中国,四国,906.959,0,0,0
20260109B21,中国,九州,230.362,189.061,0,0
20260109B22,北海道,東北,150,0,0,0
20260109B22,東北,東京,0,2360,0,194
20260109B22,東京,中部,2.762,0,0,0
20260109B22,中部,関西,950.925,0,72,0
20260109B22,中部,北陸,0,0,0,0
20260109B22,北陸,関西,1865,0,0,0
20260109B22,関西,中国,2965.432,0,0,0
20260109B22,関西_関西-中国間(東),中国_関西-中国間(東),2965.432,0,0,0
20260109B22,関西_関西-中国間(西),中国_関西-中国間(西),2965.432,0,0,0
20260109B22,関西,四国,0,0,0,0
20260109B22,中国,四国,1084.659,0,0,0
20260109B22,中国,九州,200.362,0,107,0
20260109B23,北海道,東北,150,0,0,0
20260109B23,東北,東京,0,2360,0,207
20260109B23,東京,中部,181.962,0,88,0
20260109B23,中部,関西,890.925,0,0,0
20260109B23,中部,北陸,0,0,0,0
20260109B23,北陸,関西,1865,0,0,0
20260109B23,関西,中国,2965.432,0,0,0
20260109B23,関西_関西-中国間(東),中国_関西-中国間(東),2965.432,0,0,0
20260109B23,関西_関西-中国間(西),中国_関西-中国間(西),2965.432,0,0,0
20260109B23,関西,四国,0,0,0,0
20260109B23,中国,四国,1084.659,0,0,0
20260109B23,中国,九州,170.362,0,80,0
20260109B24,北海道,東北,150,0,0,0
20260109B24,東北,東京,0,2360,0,196
20260109B24,東京,中部,110.062,0,104,0
20260109B24,中部,関西,840.925,0,0,0
20260109B24,中部,北陸,0,0,0,0
20260109B24,北陸,関西,1865,0,0,0
20260109B24,関西,中国,2965.432,0,0,0
20260109B24,関西_関西-中国間(東),中国_関西-中国間(東),2965.432,0,0,0
20260109B24,関西_関西-中国間(西),中国_関西-中国間(西),2965.432,0,0,0
20260109B24,関西,四国,0,0,0,0
20260109B24,中国,四国,1084.659,0,0,0
20260109B24,中国,九州,150.362,0,60,0
20260109B25,北海道,東北,150,0,0,0
20260109B25,東北,東京,0,2360,0,0
20260109B25,東京,中部,367.618,0,160,0
20260109B25,中部,関西,764.651,0,0,0
20260109B25,中部,北陸,0,0,0,0
20260109B25,北陸,関西,1875,0,0,0
20260109B25,関西,中国,3084.543,0,0,0
20260109B25,関西_関西-中国間(東),中国_関西-中国間(東),3084.543,0,0,0
20260109B25,関西_関西-中国間(西),中国_関西-中国間(西),3084.543,0,0,0
20260109B25,関西,四国,0,0,0,0
20260109B25,中国,四国,1164.473,0,0,0
20260109B25,中国,九州,69,0,69,0
20260109B26,北海道,東北,150,0,0,0
20260109B26,東北,東京,0,2360,0,0
20260109B26,東京,中部,367.618,0,142,0
20260109B26,中部,関西,764.651,0,0,0
20260109B26,中部,北陸,0,0,0,0
20260109B26,北陸,関西,1875,0,0,0
20260109B26,関西,中国,3084.543,0,0,0
20260109B26,関西_関西-中国間(東),中国_関西-中国間(東),3084.543,0,0,0
20260109B26,関西_関西-中国間(西),中国_関西-中国間(西),3084.543,0,0,0
20260109B26,関西,四国,0,0,0,0
20260109B26,中国,四国,1164.473,0,0,0
20260109B26,中国,九州,69,0,69,0
20260109B27,北海道,東北,150,0,0,0
20260109B27,東北,東京,0,2360,0,0
20260109B27,東京,中部,367.618,0,132,0
20260109B27,中部,関西,784.651,0,0,0
20260109B27,中部,北陸,0,0,0,0
20260109B27,北陸,関西,1875,0,0,0
20260109B27,関西,中国,3084.543,0,0,0
20260109B27,関西_関西-中国間(東),中国_関西-中国間(東),3084.543,0,0,0
20260109B27,関西_関西-中国間(西),中国_関西-中国間(西),3084.543,0,0,0
20260109B27,関西,四国,0,0,0,0
20260109B27,中国,四国,1164.473,0,0,0
20260109B27,中国,九州,69,0,0,0
20260109B28,北海道,東北,150,0,0,0
20260109B28,東北,東京,0,2360,0,0
20260109B28,東京,中部,363.118,0,106,0
20260109B28,中部,関西,814.651,0,0,0
20260109B28,中部,北陸,0,0,0,0
20260109B28,北陸,関西,1875,0,0,0
20260109B28,関西,中国,3084.543,0,0,0
20260109B28,関西_関西-中国間(東),中国_関西-中国間(東),3084.543,0,0,0
20260109B28,関西_関西-中国間(西),中国_関西-中国間(西),3084.543,0,0,0
20260109B28,関西,四国,0,0,0,0
20260109B28,中国,四国,1164.473,0,0,0
20260109B28,中国,九州,79,0,0,0
20260109B29,北海道,東北,150,0,0,0
20260109B29,東北,東京,0,2360,0,0
20260109B29,東京,中部,120.518,0,90,0
20260109B29,中部,関西,854.651,0,0,0
20260109B29,中部,北陸,0,0,0,0
20260109B29,北陸,関西,1875,0,0,0
20260109B29,関西,中国,3084.543,0,0,0
20260109B29,関西_関西-中国間(東),中国_関西-中国間(東),3084.543,0,0,0
20260109B29,関西_関西-中国間(西),中国_関西-中国間(西),3084.543,0,0,0
20260109B29,関西,四国,0,0,0,0
20260109B29,中国,四国,1164.473,0,0,0
20260109B29,中国,九州,89,25.871,0,0
20260109B30,北海道,東北,150,0,0,0
20260109B30,東北,東京,0,2360,0,0
20260109B30,東京,中部,285.118,0,89,0
20260109B30,中部,関西,894.651,0,0,0
20260109B30,中部,北陸,0,0,0,0
20260109B30,北陸,関西,1875,0,0,0
20260109B30,関西,中国,3084.543,0,0,0
20260109B30,関西_関西-中国間(東),中国_関西-中国間(東),3084.543,0,0,0
20260109B30,関西_関西-中国間(西),中国_関西-中国間(西),3084.543,0,0,0
20260109B30,関西,四国,0,0,0,0
20260109B30,中国,四国,1164.473,0,0,0
20260109B30,中国,九州,109,398.671,109,0
20260109B31,北海道,東北,26.921,0,0,0
20260109B31,東北,東京,81.41,2236.24,0,40
20260109B31,東京,中部,116.218,0,7,0
20260109B31,中部,関西,353.249,0,0,0
20260109B31,中部,北陸,0,0,0,0
20260109B31,北陸,関西,1855,0,0,0
20260109B31,関西,中国,3139.935,0,80.563,0
20260109B31,関西_関西-中国間(東),中国_関西-中国間(東),3139.935,0,80.563,0
20260109B31,関西_関西-中国間(西),中国_関西-中国間(西),3139.935,0,80.563,0
20260109B31,関西,四国,0,0,0,0
20260109B31,中国,四国,748.418,0,0,0
20260109B31,中国,九州,130.98,85.925,130.98,0
20260109B32,北海道,東北,63.321,0,0,0
20260109B32,東北,東京,0,2236.24,0,42
20260109B32,東京,中部,0,254.593,0,0
20260109B32,中部,関西,453.249,0,13,0
20260109B32,中部,北陸,0,0,0,0
20260109B32,北陸,関西,1855,0,0,0
20260109B32,関西,中国,3139.935,0,57,0
20260109B32,関西_関西-中国間(東),中国_関西-中国間(東),3139.935,0,57,0
20260109B32,関西_関西-中国間(西),中国_関西-中国間(西),3139.935,0,57,0
20260109B32,関西,四国,0,0,0,0
20260109B32,中国,四国,748.418,0,0,0
20260109B32,中国,九州,40.58,236.325,20.033,0
20260109B33,北海道,東北,0,0,0,0
20260109B33,東北,東京,0,2236.24,0,4
20260109B33,東京,中部,0,995.493,0,0
20260109B33,中部,関西,563.249,0,0,0
20260109B33,中部,北陸,0,0,0,0
20260109B33,北陸,関西,1855,0,0,0
20260109B33,関西,中国,3095.237,0,12,0
20260109B33,関西_関西-中国間(東),中国_関西-中国間(東),3095.237,0,12,0
20260109B33,関西_関西-中国間(西),中国_関西-中国間(西),3095.237,0,12,0
20260109B33,関西,四国,0,0,0,0
20260109B33,中国,四国,748.418,0,0,0
20260109B33,中国,九州,0,847.625,0,17
20260109B34,北海道,東北,0,0,0,0
20260109B34,東北,東京,0,2236.24,0,0
20260109B34,東京,中部,0,919.993,0,0
20260109B34,中部,関西,683.249,0,13.8,0
20260109B34,中部,北陸,0,0,0,0
20260109B34,北陸,関西,1855,0,0,0
20260109B34,関西,中国,3139.935,0,10.8,0
20260109B34,関西_関西-中国間(東),中国_関西-中国間(東),3139.935,0,10.8,0
20260109B34,関西_関西-中国間(西),中国_関西-中国間(西),3139.935,0,10.8,0
20260109B34,関西,四国,0,0,0,0
20260109B34,中国,四国,748.418,0,0,0
20260109B34,中国,九州,123.48,373.425,12.8,0
20260109B35,北海道,東北,0,0,0,0
20260109B35,東北,東京,0,2236.24,0,0
20260109B35,東京,中部,0,1046.393,0,0
20260109B35,中部,関西,753.249,0,0,0
20260109B35,中部,北陸,0,0,0,0
20260109B35,北陸,関西,1855,187.845,0,0
20260109B35,関西,中国,3139.935,0,0,0
20260109B35,関西_関西-中国間(東),中国_関西-中国間(東),3139.935,0,0,0
20260109B35,関西_関西-中国間(西),中国_関西-中国間(西),3139.935,0,0,0
20260109B35,関西,四国,0,0,0,0
20260109B35,中国,四国,748.418,0,0,0
20260109B35,中国,九州,57.18,519.725,1,0
20260109B36,北海道,東北,0,0,0,0
20260109B36,東北,東京,0,2236.24,0,0
20260109B36,東京,中部,0,1147.193,0,0
20260109B36,中部,関西,797.349,0,0,0
20260109B36,中部,北陸,0,0,0,0
20260109B36,北陸,関西,1804.723,308.945,0,0
20260109B36,関西,中国,3139.935,0,0,0
20260109B36,関西_関西-中国間(東),中国_関西-中国間(東),3139.935,0,0,0
20260109B36,関西_関西-中国間(西),中国_関西-中国間(西),3139.935,0,0,0
20260109B36,関西,四国,0,0,0,0
20260109B36,中国,四国,748.418,0,0,0
20260109B36,中国,九州,123.08,553.825,0,0
20260109B37,北海道,東北,22.401,0,0,0
20260109B37,東北,東京,0,2299,0,0
20260109B37,東京,中部,0,507.076,0,0
20260109B37,中部,関西,814.476,0,0,0
20260109B37,中部,北陸,0,0,0,0
20260109B37,北陸,関西,1853,0,0,0
20260109B37,関西,中国,3260,0,0,0
20260109B37,関西_関西-中国間(東),中国_関西-中国間(東),3260,0,0,0
20260109B37,関西_関西-中国間(西),中国_関西-中国間(西),3260,0,0,0
20260109B37,関西,四国,0,0,0,0
20260109B37,中国,四国,690.265,0,0,0
20260109B37,中国,九州,531.18,466.622,0,0
20260109B38,北海道,東北,33.401,0,0,0
20260109B38,東北,東京,0,2299,0,0
20260109B38,東京,中部,0,537.776,0,0
20260109B38,中部,関西,794.476,0,0,0
20260109B38,中部,北陸,0,0,0,0
20260109B38,北陸,関西,1853,0,0,0
20260109B38,関西,中国,3260,0,0,0
20260109B38,関西_関西-中国間(東),中国_関西-中国間(東),3260,0,0,0
20260109B38,関西_関西-中国間(西),中国_関西-中国間(西),3260,0,0,0
20260109B38,関西,四国,0,0,0,0
20260109B38,中国,四国,690.265,0,0,0
20260109B38,中国,九州,497.48,470.322,0,0
20260109B39,北海道,東北,44.801,0,0,0
20260109B39,東北,東京,0,2299,0,0
20260109B39,東京,中部,0,334.676,0,0
20260109B39,中部,関西,774.476,0,0,0
20260109B39,中部,北陸,0,0,0,0
20260109B39,北陸,関西,1853,6.439,0,0
20260109B39,関西,中国,3260,0,0,0
20260109B39,関西_関西-中国間(東),中国_関西-中国間(東),3260,0,0,0
20260109B39,関西_関西-中国間(西),中国_関西-中国間(西),3260,0,0,0
20260109B39,関西,四国,0,0,0,0
20260109B39,中国,四国,690.265,0,0,0
20260109B39,中国,九州,306.18,631.622,0,0
20260109B40,北海道,東北,13.501,0,0,0
20260109B40,東北,東京,0,2299,0,0
20260109B40,東京,中部,0,765.076,0,0
20260109B40,中部,関西,734.476,0,0,0
20260109B40,中部,北陸,0,0,0,0
20260109B40,北陸,関西,1778.277,160.239,0,0
20260109B40,関西,中国,3078.654,175.889,0,0
20260109B40,関西_関西-中国間(東),中国_関西-中国間(東),3078.654,175.889,0,0
20260109B40,関西_関西-中国間(西),中国_関西-中国間(西),3078.654,175.889,0,0
20260109B40,関西,四国,0,0,0,0
20260109B40,中国,四国,690.265,0,0,0
20260109B40,中国,九州,186.18,691.622,0,0
20260109B41,北海道,東北,0,0,0,0
20260109B41,東北,東京,0,2299,0,0
20260109B41,東京,中部,0,1040.576,0,0
20260109B41,中部,関西,704.476,0,0,0
20260109B41,中部,北陸,0,0,0,0
20260109B41,北陸,関西,1631.377,307.139,0,0
20260109B41,関西,中国,2753.632,521.833,0,0
20260109B41,関西_関西-中国間(東),中国_関西-中国間(東),2753.632,521.833,0,0
20260109B41,関西_関西-中国間(西),中国_関西-中国間(西),2753.632,521.833,0,0
20260109B41,関西,四国,0,0,0,0
20260109B41,中国,四国,690.265,0,0,0
20260109B41,中国,九州,0,985.422,0,0
20260109B42,北海道,東北,0,0,0,0
20260109B42,東北,東京,0,2299,0,0
20260109B42,東京,中部,0,1060.476,0,0
20260109B42,中部,関西,654.476,0,0,0
20260109B42,中部,北陸,0,0,0,0
20260109B42,北陸,関西,1619.577,318.939,0,0
20260109B42,関西,中国,2491.162,776.823,0,0
20260109B42,関西_関西-中国間(東),中国_関西-中国間(東),2491.162,776.823,0,0
20260109B42,関西_関西-中国間(西),中国_関西-中国間(西),2491.162,776.823,0,0
20260109B42,関西,四国,0,0,0,0
20260109B42,中国,四国,690.265,0,0,0
20260109B42,中国,九州,0,1210.822,0,0
20260109B43,北海道,東北,0,0,0,0
20260109B43,東北,東京,0,2360,0,18
20260109B43,東京,中部,0,1172.641,0,0
20260109B43,中部,関西,1229.348,0,0,0
20260109B43,中部,北陸,0,0,0,0
20260109B43,北陸,関西,1829.295,664.138,0,0
20260109B43,関西,中国,2560.04,998.847,0,0
20260109B43,関西_関西-中国間(東),中国_関西-中国間(東),2560.04,998.847,0,0
20260109B43,関西_関西-中国間(西),中国_関西-中国間(西),2560.04,998.847,0,0
20260109B43,関西,四国,0,0,0,0
20260109B43,中国,四国,694.837,0,0,0
20260109B43,中国,九州,0,1218.889,0,0
20260109B44,北海道,東北,0,0,0,0
20260109B44,東北,東京,0,2360,0,18
20260109B44,東京,中部,0,1200,0,0
20260109B44,中部,関西,1340.148,0,0,0
20260109B44,中部,北陸,0,0,0,0
20260109B44,北陸,関西,1884.62,346.038,0,1
20260109B44,関西,中国,2887.658,634.843,0,1
20260109B44,関西_関西-中国間(東),中国_関西-中国間(東),2887.658,634.843,0,1
20260109B44,関西_関西-中国間(西),中国_関西-中国間(西),2887.658,634.843,0,1
20260109B44,関西,四国,0,0,0,0
20260109B44,中国,四国,694.837,0,0,0
20260109B44,中国,九州,0,995.589,0,0
20260109B45,北海道,東北,0,0,0,0
20260109B45,東北,東京,0,2360,0,18
20260109B45,東京,中部,0,766.241,0,0
20260109B45,中部,関西,750.148,0,0,0
20260109B45,中部,北陸,0,0,0,0
20260109B45,北陸,関西,1884.62,0,0,0
20260109B45,関西,中国,2754.738,748.807,0,0
20260109B45,関西_関西-中国間(東),中国_関西-中国間(東),2754.738,748.807,0,0
20260109B45,関西_関西-中国間(西),中国_関西-中国間(西),2754.738,748.807,0,0
20260109B45,関西,四国,0,0,0,0
20260109B45,中国,四国,694.837,0,0,0
20260109B45,中国,九州,0,959.489,0,5
20260109B46,北海道,東北,0,0,0,0
20260109B46,東北,東京,0,2360,0,19
20260109B46,東京,中部,0,1200,0,0
20260109B46,中部,関西,700.148,0,0,0
20260109B46,中部,北陸,0,0,0,0
20260109B46,北陸,関西,1884.62,0,0,0
20260109B46,関西,中国,2616.932,839.823,0,0
20260109B46,関西_関西-中国間(東),中国_関西-中国間(東),2616.932,839.823,0,0
20260109B46,関西_関西-中国間(西),中国_関西-中国間(西),2616.932,839.823,0,0
20260109B46,関西,四国,0,0,0,0
20260109B46,中国,四国,694.837,0,0,0
20260109B46,中国,九州,0,1080.989,0,0
20260109B47,北海道,東北,6.105,0,0,0
20260109B47,東北,東京,0,2360,0,19
20260109B47,東京,中部,0,1200,0,0
20260109B47,中部,関西,660.148,0,0,0
20260109B47,中部,北陸,0,0,0,0
20260109B47,北陸,関西,1884.62,0,0,0
20260109B47,関西,中国,2466.104,937.843,0,0
20260109B47,関西_関西-中国間(東),中国_関西-中国間(東),2466.104,937.843,0,0
20260109B47,関西_関西-中国間(西),中国_関西-中国間(西),2466.104,937.843,0,0
20260109B47,関西,四国,0,0,0,0
20260109B47,中国,四国,694.837,0,0,0
20260109B47,中国,九州,0,1085.889,0,0
20260109B48,北海道,東北,0,0,0,0
20260109B48,東北,東京,149.66,2360,0,19
20260109B48,東京,中部,0,1200,0,0
20260109B48,中部,関西,650.148,0,0,0
20260109B48,中部,北陸,0,0,0,0
20260109B48,北陸,関西,1884.62,0,0,0
20260109B48,関西,中国,2696.116,675.851,0,0
20260109B48,関西_関西-中国間(東),中国_関西-中国間(東),2696.116,675.851,0,0
20260109B48,関西_関西-中国間(西),中国_関西-中国間(西),2696.116,675.851,0,0
20260109B48,関西,四国,0,0,0,0
20260109B48,中国,四国,694.837,0,0,0
20260109B48,中国,九州,0,924.889,0,0
E
